<?xml version="1.0" encoding="UTF-8"?>
<gpx version="1.1" creator="Kurviger" xmlns="http://www.topografix.com/GPX/1/1" xmlns:xsi="http://www.w3.org/2001/XMLSchema-instance" xsi:schemaLocation="http://www.topografix.com/GPX/1/1 http://www.topografix.com/GPX/1/1/gpx.xsd http://www.garmin.com/xmlschemas/GpxExtensions/v3 http://www.garmin.com/xmlschemas/GpxExtensionsv3.xsd http://www.garmin.com/xmlschemas/TripExtensions/v1 http://www.garmin.com/xmlschemas/TripExtensionsv1.xsd" xmlns:gpxx="http://www.garmin.com/xmlschemas/GpxExtensions/v3" xmlns:trp="http://www.garmin.com/xmlschemas/TripExtensions/v1">
	<metadata>
		<name>DAY 7 - Konitsa to Kastoria</name>
		<copyright author="OpenStreetMap contributors"/>
		<link href="https://kurviger.com">
			<text>Kurviger.com GPX</text>
		</link>
		<time>2026-08-06T16:27:43.379Z</time>
	</metadata>
	<wpt lat="40.04838" lon="20.76004">
		<name>Start</name>
		<sym>Flag, Green</sym>
		<type>start</type>
	</wpt>
	<wpt lat="40.417058" lon="21.079888">
		<name>Shaping Point 1</name>
		<sym>Waypoint</sym>
		<type>shaping</type>
	</wpt>
	<wpt lat="40.517421" lon="21.266248">
		<name>Destination</name>
		<sym>Flag, Red</sym>
		<type>destination</type>
	</wpt>
	<trk>
		<name>DAY 7 - Konitsa to Kastoria</name>
		<trkseg>
			<trkpt lat="40.04831" lon="20.76015">
				<ele>763.76</ele>
				<time>2026-08-06T16:27:43.378Z</time>
			</trkpt>
			<trkpt lat="40.04824" lon="20.76008">
				<ele>764.2</ele>
				<time>2026-08-06T16:27:44.279Z</time>
			</trkpt>
			<trkpt lat="40.04802" lon="20.75974">
				<ele>758.78</ele>
				<time>2026-08-06T16:27:47.765Z</time>
			</trkpt>
			<trkpt lat="40.04748" lon="20.75907">
				<ele>745.31</ele>
				<time>2026-08-06T16:27:55.383Z</time>
			</trkpt>
			<trkpt lat="40.04739" lon="20.75899">
				<ele>744.64</ele>
				<time>2026-08-06T16:27:56.496Z</time>
			</trkpt>
			<trkpt lat="40.04719" lon="20.75886">
				<ele>744.22</ele>
				<time>2026-08-06T16:27:58.782Z</time>
			</trkpt>
			<trkpt lat="40.04708" lon="20.75876">
				<ele>744.37</ele>
				<time>2026-08-06T16:28:00.152Z</time>
			</trkpt>
			<trkpt lat="40.04676" lon="20.75785">
				<ele>734.91</ele>
				<time>2026-08-06T16:28:07.994Z</time>
			</trkpt>
			<trkpt lat="40.04665" lon="20.7577">
				<ele>734.19</ele>
				<time>2026-08-06T16:28:09.620Z</time>
			</trkpt>
			<trkpt lat="40.04651" lon="20.75759">
				<ele>732.41</ele>
				<time>2026-08-06T16:28:11.291Z</time>
			</trkpt>
			<trkpt lat="40.04649" lon="20.75753">
				<ele>731.02</ele>
				<time>2026-08-06T16:28:11.804Z</time>
			</trkpt>
			<trkpt lat="40.04649" lon="20.75747">
				<ele>728.99</ele>
				<time>2026-08-06T16:28:12.274Z</time>
			</trkpt>
			<trkpt lat="40.04655" lon="20.75742">
				<ele>726.99</ele>
				<time>2026-08-06T16:28:13.002Z</time>
			</trkpt>
			<trkpt lat="40.04664" lon="20.75744">
				<ele>726.68</ele>
				<time>2026-08-06T16:28:13.935Z</time>
			</trkpt>
			<trkpt lat="40.04707" lon="20.75766">
				<ele>726.18</ele>
				<time>2026-08-06T16:28:18.659Z</time>
			</trkpt>
			<trkpt lat="40.04713" lon="20.75764">
				<ele>725.25</ele>
				<time>2026-08-06T16:28:19.293Z</time>
			</trkpt>
			<trkpt lat="40.04716" lon="20.75757">
				<ele>723.88</ele>
				<time>2026-08-06T16:28:19.921Z</time>
			</trkpt>
			<trkpt lat="40.04715" lon="20.75752">
				<ele>723.21</ele>
				<time>2026-08-06T16:28:20.326Z</time>
			</trkpt>
			<trkpt lat="40.04712" lon="20.75744">
				<ele>722.62</ele>
				<time>2026-08-06T16:28:21.026Z</time>
			</trkpt>
			<trkpt lat="40.04707" lon="20.75738">
				<ele>722.52</ele>
				<time>2026-08-06T16:28:21.724Z</time>
			</trkpt>
			<trkpt lat="40.04667" lon="20.75705">
				<ele>717.92</ele>
				<time>2026-08-06T16:28:26.616Z</time>
			</trkpt>
			<trkpt lat="40.04654" lon="20.75699">
				<ele>716.09</ele>
				<time>2026-08-06T16:28:28.052Z</time>
			</trkpt>
			<trkpt lat="40.04638" lon="20.75697">
				<ele>714.76</ele>
				<time>2026-08-06T16:28:29.730Z</time>
			</trkpt>
			<trkpt lat="40.04632" lon="20.75694">
				<ele>714.93</ele>
				<time>2026-08-06T16:28:30.402Z</time>
			</trkpt>
			<trkpt lat="40.04627" lon="20.75685">
				<ele>714.13</ele>
				<time>2026-08-06T16:28:31.294Z</time>
			</trkpt>
			<trkpt lat="40.04617" lon="20.75649">
				<ele>708.42</ele>
				<time>2026-08-06T16:28:34.376Z</time>
			</trkpt>
			<trkpt lat="40.04606" lon="20.75634">
				<ele>706.24</ele>
				<time>2026-08-06T16:28:36.054Z</time>
			</trkpt>
			<trkpt lat="40.04595" lon="20.75626">
				<ele>705.21</ele>
				<time>2026-08-06T16:28:37.385Z</time>
			</trkpt>
			<trkpt lat="40.04576" lon="20.75617">
				<ele>704.88</ele>
				<time>2026-08-06T16:28:39.527Z</time>
			</trkpt>
			<trkpt lat="40.04533" lon="20.75593">
				<ele>703.69</ele>
				<time>2026-08-06T16:28:44.503Z</time>
			</trkpt>
			<trkpt lat="40.04529" lon="20.75586">
				<ele>703.21</ele>
				<time>2026-08-06T16:28:45.217Z</time>
			</trkpt>
			<trkpt lat="40.04531" lon="20.75579">
				<ele>701.12</ele>
				<time>2026-08-06T16:28:45.828Z</time>
			</trkpt>
			<trkpt lat="40.04537" lon="20.75575">
				<ele>699.39</ele>
				<time>2026-08-06T16:28:46.548Z</time>
			</trkpt>
			<trkpt lat="40.04557" lon="20.75582">
				<ele>697.72</ele>
				<time>2026-08-06T16:28:48.763Z</time>
			</trkpt>
			<trkpt lat="40.04569" lon="20.75583">
				<ele>696.68</ele>
				<time>2026-08-06T16:28:50.051Z</time>
			</trkpt>
			<trkpt lat="40.04607" lon="20.75576">
				<ele>690.59</ele>
				<time>2026-08-06T16:28:54.168Z</time>
			</trkpt>
			<trkpt lat="40.04644" lon="20.75575">
				<ele>689.29</ele>
				<time>2026-08-06T16:28:58.144Z</time>
			</trkpt>
			<trkpt lat="40.04681" lon="20.75561">
				<ele>687.49</ele>
				<time>2026-08-06T16:29:02.287Z</time>
			</trkpt>
			<trkpt lat="40.04698" lon="20.75563">
				<ele>688.09</ele>
				<time>2026-08-06T16:29:04.123Z</time>
			</trkpt>
			<trkpt lat="40.04717" lon="20.75574">
				<ele>687.63</ele>
				<time>2026-08-06T16:29:06.358Z</time>
			</trkpt>
			<trkpt lat="40.04726" lon="20.75575">
				<ele>685.86</ele>
				<time>2026-08-06T16:29:07.328Z</time>
			</trkpt>
			<trkpt lat="40.04732" lon="20.7557">
				<ele>683.5</ele>
				<time>2026-08-06T16:29:08.093Z</time>
			</trkpt>
			<trkpt lat="40.04734" lon="20.75566">
				<ele>681.96</ele>
				<time>2026-08-06T16:29:08.486Z</time>
			</trkpt>
			<trkpt lat="40.04735" lon="20.75556">
				<ele>679.32</ele>
				<time>2026-08-06T16:29:09.316Z</time>
			</trkpt>
			<trkpt lat="40.04731" lon="20.75545">
				<ele>677.6</ele>
				<time>2026-08-06T16:29:10.317Z</time>
			</trkpt>
			<trkpt lat="40.04725" lon="20.75536">
				<ele>676.59</ele>
				<time>2026-08-06T16:29:11.297Z</time>
			</trkpt>
			<trkpt lat="40.04703" lon="20.75519">
				<ele>676.51</ele>
				<time>2026-08-06T16:29:14.038Z</time>
			</trkpt>
			<trkpt lat="40.04689" lon="20.75513">
				<ele>676.7</ele>
				<time>2026-08-06T16:29:15.616Z</time>
			</trkpt>
			<trkpt lat="40.04654" lon="20.75507">
				<ele>675.6</ele>
				<time>2026-08-06T16:29:19.388Z</time>
			</trkpt>
			<trkpt lat="40.04573" lon="20.75472">
				<ele>670.11</ele>
				<time>2026-08-06T16:29:28.445Z</time>
			</trkpt>
			<trkpt lat="40.04493" lon="20.75415">
				<ele>658.55</ele>
				<time>2026-08-06T16:29:37.988Z</time>
			</trkpt>
			<trkpt lat="40.04476" lon="20.75406">
				<ele>657.75</ele>
				<time>2026-08-06T16:29:39.888Z</time>
			</trkpt>
			<trkpt lat="40.04466" lon="20.75404">
				<ele>656.71</ele>
				<time>2026-08-06T16:29:40.933Z</time>
			</trkpt>
			<trkpt lat="40.04441" lon="20.75404">
				<ele>656.44</ele>
				<time>2026-08-06T16:29:43.503Z</time>
			</trkpt>
			<trkpt lat="40.04439" lon="20.75402">
				<ele>655.69</ele>
				<time>2026-08-06T16:29:43.761Z</time>
			</trkpt>
			<trkpt lat="40.04438" lon="20.75392">
				<ele>652.14</ele>
				<time>2026-08-06T16:29:44.552Z</time>
			</trkpt>
			<trkpt lat="40.04442" lon="20.75387">
				<ele>649.35</ele>
				<time>2026-08-06T16:29:45.117Z</time>
			</trkpt>
			<trkpt lat="40.04465" lon="20.75385">
				<ele>649.63</ele>
				<time>2026-08-06T16:29:47.464Z</time>
			</trkpt>
			<trkpt lat="40.04482" lon="20.75381">
				<ele>649.2</ele>
				<time>2026-08-06T16:29:49.212Z</time>
			</trkpt>
			<trkpt lat="40.04497" lon="20.75374">
				<ele>647.88</ele>
				<time>2026-08-06T16:29:50.817Z</time>
			</trkpt>
			<trkpt lat="40.04514" lon="20.7536">
				<ele>644.4</ele>
				<time>2026-08-06T16:29:52.830Z</time>
			</trkpt>
			<trkpt lat="40.04533" lon="20.7534">
				<ele>639.18</ele>
				<time>2026-08-06T16:29:55.258Z</time>
			</trkpt>
			<trkpt lat="40.04554" lon="20.7532">
				<ele>633.35</ele>
				<time>2026-08-06T16:29:57.822Z</time>
			</trkpt>
			<trkpt lat="40.04602" lon="20.75285">
				<ele>622.88</ele>
				<time>2026-08-06T16:30:03.165Z</time>
			</trkpt>
			<trkpt lat="40.04616" lon="20.75268">
				<ele>620.83</ele>
				<time>2026-08-06T16:30:04.996Z</time>
			</trkpt>
			<trkpt lat="40.0462" lon="20.75261">
				<ele>620.42</ele>
				<time>2026-08-06T16:30:05.634Z</time>
			</trkpt>
			<trkpt lat="40.04642" lon="20.75232">
				<ele>618.69</ele>
				<time>2026-08-06T16:30:08.588Z</time>
			</trkpt>
			<trkpt lat="40.0468" lon="20.75192">
				<ele>612.53</ele>
				<time>2026-08-06T16:30:13.117Z</time>
			</trkpt>
			<trkpt lat="40.04703" lon="20.75183">
				<ele>610.11</ele>
				<time>2026-08-06T16:30:15.306Z</time>
			</trkpt>
			<trkpt lat="40.04761" lon="20.75188">
				<ele>612.45</ele>
				<time>2026-08-06T16:30:20.492Z</time>
			</trkpt>
			<trkpt lat="40.04775" lon="20.75184">
				<ele>611.31</ele>
				<time>2026-08-06T16:30:21.744Z</time>
			</trkpt>
			<trkpt lat="40.04792" lon="20.7519">
				<ele>611.79</ele>
				<time>2026-08-06T16:30:23.270Z</time>
			</trkpt>
			<trkpt lat="40.04809" lon="20.7519">
				<ele>611.76</ele>
				<time>2026-08-06T16:30:24.735Z</time>
			</trkpt>
			<trkpt lat="40.04815" lon="20.75188">
				<ele>612</ele>
				<time>2026-08-06T16:30:25.268Z</time>
			</trkpt>
			<trkpt lat="40.04834" lon="20.75169">
				<ele>612.18</ele>
				<time>2026-08-06T16:30:27.319Z</time>
			</trkpt>
			<trkpt lat="40.0489" lon="20.75074">
				<ele>596.08</ele>
				<time>2026-08-06T16:30:35.092Z</time>
			</trkpt>
			<trkpt lat="40.04902" lon="20.75055">
				<ele>594.45</ele>
				<time>2026-08-06T16:30:36.671Z</time>
			</trkpt>
			<trkpt lat="40.04939" lon="20.75012">
				<ele>592.44</ele>
				<time>2026-08-06T16:30:40.789Z</time>
			</trkpt>
			<trkpt lat="40.0497" lon="20.74979">
				<ele>588.17</ele>
				<time>2026-08-06T16:30:44.085Z</time>
			</trkpt>
			<trkpt lat="40.05006" lon="20.74961">
				<ele>584.36</ele>
				<time>2026-08-06T16:30:47.237Z</time>
			</trkpt>
			<trkpt lat="40.05043" lon="20.74936">
				<ele>584.76</ele>
				<time>2026-08-06T16:30:50.617Z</time>
			</trkpt>
			<trkpt lat="40.05064" lon="20.74894">
				<ele>585.48</ele>
				<time>2026-08-06T16:30:53.710Z</time>
			</trkpt>
			<trkpt lat="40.05075" lon="20.74878">
				<ele>586.69</ele>
				<time>2026-08-06T16:30:55.028Z</time>
			</trkpt>
			<trkpt lat="40.05095" lon="20.74855">
				<ele>588.31</ele>
				<time>2026-08-06T16:30:57.154Z</time>
			</trkpt>
			<trkpt lat="40.05129" lon="20.7483">
				<ele>592.28</ele>
				<time>2026-08-06T16:31:00.248Z</time>
			</trkpt>
			<trkpt lat="40.05161" lon="20.74812">
				<ele>592.3</ele>
				<time>2026-08-06T16:31:02.992Z</time>
			</trkpt>
			<trkpt lat="40.05192" lon="20.748">
				<ele>592.37</ele>
				<time>2026-08-06T16:31:05.523Z</time>
			</trkpt>
			<trkpt lat="40.05256" lon="20.74801">
				<ele>588.34</ele>
				<time>2026-08-06T16:31:10.491Z</time>
			</trkpt>
			<trkpt lat="40.05301" lon="20.7481">
				<ele>585.56</ele>
				<time>2026-08-06T16:31:13.991Z</time>
			</trkpt>
			<trkpt lat="40.05318" lon="20.74809">
				<ele>583.75</ele>
				<time>2026-08-06T16:31:15.292Z</time>
			</trkpt>
			<trkpt lat="40.05346" lon="20.74806">
				<ele>582.08</ele>
				<time>2026-08-06T16:31:17.433Z</time>
			</trkpt>
			<trkpt lat="40.05365" lon="20.74799">
				<ele>582.11</ele>
				<time>2026-08-06T16:31:18.931Z</time>
			</trkpt>
			<trkpt lat="40.05382" lon="20.74784">
				<ele>583.31</ele>
				<time>2026-08-06T16:31:20.483Z</time>
			</trkpt>
			<trkpt lat="40.05406" lon="20.74757">
				<ele>584.14</ele>
				<time>2026-08-06T16:31:22.868Z</time>
			</trkpt>
			<trkpt lat="40.05417" lon="20.74739">
				<ele>583.66</ele>
				<time>2026-08-06T16:31:24.191Z</time>
			</trkpt>
			<trkpt lat="40.0543" lon="20.74714">
				<ele>583.88</ele>
				<time>2026-08-06T16:31:25.921Z</time>
			</trkpt>
			<trkpt lat="40.05455" lon="20.74646">
				<ele>587.29</ele>
				<time>2026-08-06T16:31:30.212Z</time>
			</trkpt>
			<trkpt lat="40.05482" lon="20.74592">
				<ele>588.83</ele>
				<time>2026-08-06T16:31:33.852Z</time>
			</trkpt>
			<trkpt lat="40.05495" lon="20.74574">
				<ele>589.37</ele>
				<time>2026-08-06T16:31:35.241Z</time>
			</trkpt>
			<trkpt lat="40.05538" lon="20.74527">
				<ele>593.27</ele>
				<time>2026-08-06T16:31:39.332Z</time>
			</trkpt>
			<trkpt lat="40.05633" lon="20.7444">
				<ele>590.4</ele>
				<time>2026-08-06T16:31:47.698Z</time>
			</trkpt>
			<trkpt lat="40.05676" lon="20.74404">
				<ele>588.98</ele>
				<time>2026-08-06T16:31:51.342Z</time>
			</trkpt>
			<trkpt lat="40.05691" lon="20.74383">
				<ele>587.74</ele>
				<time>2026-08-06T16:31:52.903Z</time>
			</trkpt>
			<trkpt lat="40.05702" lon="20.74362">
				<ele>587.96</ele>
				<time>2026-08-06T16:31:54.283Z</time>
			</trkpt>
			<trkpt lat="40.05731" lon="20.74292">
				<ele>581.87</ele>
				<time>2026-08-06T16:31:58.580Z</time>
			</trkpt>
			<trkpt lat="40.05735" lon="20.74268">
				<ele>581.28</ele>
				<time>2026-08-06T16:31:59.900Z</time>
			</trkpt>
			<trkpt lat="40.05735" lon="20.7424">
				<ele>581.44</ele>
				<time>2026-08-06T16:32:01.401Z</time>
			</trkpt>
			<trkpt lat="40.05734" lon="20.74224">
				<ele>581.32</ele>
				<time>2026-08-06T16:32:02.260Z</time>
			</trkpt>
			<trkpt lat="40.05724" lon="20.74184">
				<ele>579.11</ele>
				<time>2026-08-06T16:32:04.508Z</time>
			</trkpt>
			<trkpt lat="40.05721" lon="20.74166">
				<ele>578.69</ele>
				<time>2026-08-06T16:32:05.489Z</time>
			</trkpt>
			<trkpt lat="40.05723" lon="20.74139">
				<ele>578.26</ele>
				<time>2026-08-06T16:32:06.932Z</time>
			</trkpt>
			<trkpt lat="40.05732" lon="20.74122">
				<ele>577.37</ele>
				<time>2026-08-06T16:32:08.029Z</time>
			</trkpt>
			<trkpt lat="40.05738" lon="20.74114">
				<ele>576.83</ele>
				<time>2026-08-06T16:32:08.623Z</time>
			</trkpt>
			<trkpt lat="40.0575" lon="20.74107">
				<ele>576.03</ele>
				<time>2026-08-06T16:32:09.533Z</time>
			</trkpt>
			<trkpt lat="40.05804" lon="20.74083">
				<ele>573.99</ele>
				<time>2026-08-06T16:32:13.468Z</time>
			</trkpt>
			<trkpt lat="40.05825" lon="20.74076">
				<ele>571</ele>
				<time>2026-08-06T16:32:14.959Z</time>
			</trkpt>
			<trkpt lat="40.05833" lon="20.74075">
				<ele>570.25</ele>
				<time>2026-08-06T16:32:15.510Z</time>
			</trkpt>
			<trkpt lat="40.05847" lon="20.74077">
				<ele>569.02</ele>
				<time>2026-08-06T16:32:16.477Z</time>
			</trkpt>
			<trkpt lat="40.05861" lon="20.74084">
				<ele>570.4</ele>
				<time>2026-08-06T16:32:17.504Z</time>
			</trkpt>
			<trkpt lat="40.05868" lon="20.74092">
				<ele>570.7</ele>
				<time>2026-08-06T16:32:18.141Z</time>
			</trkpt>
			<trkpt lat="40.05891" lon="20.74137">
				<ele>583</ele>
				<time>2026-08-06T16:32:20.971Z</time>
			</trkpt>
			<trkpt lat="40.05908" lon="20.74183">
				<ele>575.47</ele>
				<time>2026-08-06T16:32:23.635Z</time>
			</trkpt>
			<trkpt lat="40.05922" lon="20.74211">
				<ele>568.62</ele>
				<time>2026-08-06T16:32:25.375Z</time>
			</trkpt>
			<trkpt lat="40.0594" lon="20.74235">
				<ele>562.44</ele>
				<time>2026-08-06T16:32:27.121Z</time>
			</trkpt>
			<trkpt lat="40.0596" lon="20.74247">
				<ele>565.12</ele>
				<time>2026-08-06T16:32:28.612Z</time>
			</trkpt>
			<trkpt lat="40.05978" lon="20.74254">
				<ele>568.86</ele>
				<time>2026-08-06T16:32:29.883Z</time>
			</trkpt>
			<trkpt lat="40.0601" lon="20.74256">
				<ele>564.91</ele>
				<time>2026-08-06T16:32:32.049Z</time>
			</trkpt>
			<trkpt lat="40.06128" lon="20.74249">
				<ele>555.31</ele>
				<time>2026-08-06T16:32:40.004Z</time>
			</trkpt>
			<trkpt lat="40.06152" lon="20.74253">
				<ele>552.47</ele>
				<time>2026-08-06T16:32:41.628Z</time>
			</trkpt>
			<trkpt lat="40.06172" lon="20.7426">
				<ele>551.98</ele>
				<time>2026-08-06T16:32:43.017Z</time>
			</trkpt>
			<trkpt lat="40.06199" lon="20.74275">
				<ele>552.92</ele>
				<time>2026-08-06T16:32:44.984Z</time>
			</trkpt>
			<trkpt lat="40.06221" lon="20.7429">
				<ele>552.17</ele>
				<time>2026-08-06T16:32:46.647Z</time>
			</trkpt>
			<trkpt lat="40.06235" lon="20.74303">
				<ele>551.51</ele>
				<time>2026-08-06T16:32:47.797Z</time>
			</trkpt>
			<trkpt lat="40.06268" lon="20.74351">
				<ele>548.83</ele>
				<time>2026-08-06T16:32:51.100Z</time>
			</trkpt>
			<trkpt lat="40.06287" lon="20.7437">
				<ele>547.45</ele>
				<time>2026-08-06T16:32:52.700Z</time>
			</trkpt>
			<trkpt lat="40.06308" lon="20.74383">
				<ele>545.9</ele>
				<time>2026-08-06T16:32:54.253Z</time>
			</trkpt>
			<trkpt lat="40.06351" lon="20.74397">
				<ele>544.83</ele>
				<time>2026-08-06T16:32:57.214Z</time>
			</trkpt>
			<trkpt lat="40.06379" lon="20.74411">
				<ele>542.18</ele>
				<time>2026-08-06T16:32:59.217Z</time>
			</trkpt>
			<trkpt lat="40.064" lon="20.74424">
				<ele>540.5</ele>
				<time>2026-08-06T16:33:00.769Z</time>
			</trkpt>
			<trkpt lat="40.06451" lon="20.74462">
				<ele>540.51</ele>
				<time>2026-08-06T16:33:04.691Z</time>
			</trkpt>
			<trkpt lat="40.06474" lon="20.74473">
				<ele>540.97</ele>
				<time>2026-08-06T16:33:06.328Z</time>
			</trkpt>
			<trkpt lat="40.06512" lon="20.74485">
				<ele>538.71</ele>
				<time>2026-08-06T16:33:08.942Z</time>
			</trkpt>
			<trkpt lat="40.06525" lon="20.74492">
				<ele>539.04</ele>
				<time>2026-08-06T16:33:09.882Z</time>
			</trkpt>
			<trkpt lat="40.06534" lon="20.74499">
				<ele>539.5</ele>
				<time>2026-08-06T16:33:10.583Z</time>
			</trkpt>
			<trkpt lat="40.06557" lon="20.74532">
				<ele>543.6</ele>
				<time>2026-08-06T16:33:12.870Z</time>
			</trkpt>
			<trkpt lat="40.06562" lon="20.74536">
				<ele>542.7</ele>
				<time>2026-08-06T16:33:13.262Z</time>
			</trkpt>
			<trkpt lat="40.06576" lon="20.74536">
				<ele>537.81</ele>
				<time>2026-08-06T16:33:14.200Z</time>
			</trkpt>
			<trkpt lat="40.06605" lon="20.74523">
				<ele>535.15</ele>
				<time>2026-08-06T16:33:16.255Z</time>
			</trkpt>
			<trkpt lat="40.06615" lon="20.74515">
				<ele>536.28</ele>
				<time>2026-08-06T16:33:17.041Z</time>
			</trkpt>
			<trkpt lat="40.06617" lon="20.7451">
				<ele>536.99</ele>
				<time>2026-08-06T16:33:17.331Z</time>
			</trkpt>
			<trkpt lat="40.06617" lon="20.74503">
				<ele>537.35</ele>
				<time>2026-08-06T16:33:17.691Z</time>
			</trkpt>
			<trkpt lat="40.06599" lon="20.7446">
				<ele>537.48</ele>
				<time>2026-08-06T16:33:20.209Z</time>
			</trkpt>
			<trkpt lat="40.06589" lon="20.74421">
				<ele>537.55</ele>
				<time>2026-08-06T16:33:22.326Z</time>
			</trkpt>
			<trkpt lat="40.06576" lon="20.74394">
				<ele>540.03</ele>
				<time>2026-08-06T16:33:23.969Z</time>
			</trkpt>
			<trkpt lat="40.0656" lon="20.74363">
				<ele>544.82</ele>
				<time>2026-08-06T16:33:25.898Z</time>
			</trkpt>
			<trkpt lat="40.06545" lon="20.74345">
				<ele>546.86</ele>
				<time>2026-08-06T16:33:27.273Z</time>
			</trkpt>
			<trkpt lat="40.06526" lon="20.74328">
				<ele>546.61</ele>
				<time>2026-08-06T16:33:28.828Z</time>
			</trkpt>
			<trkpt lat="40.06504" lon="20.7431">
				<ele>546.24</ele>
				<time>2026-08-06T16:33:30.584Z</time>
			</trkpt>
			<trkpt lat="40.06484" lon="20.7429">
				<ele>545.54</ele>
				<time>2026-08-06T16:33:32.291Z</time>
			</trkpt>
			<trkpt lat="40.06459" lon="20.74258">
				<ele>543.71</ele>
				<time>2026-08-06T16:33:34.666Z</time>
			</trkpt>
			<trkpt lat="40.06446" lon="20.74233">
				<ele>541.48</ele>
				<time>2026-08-06T16:33:36.239Z</time>
			</trkpt>
			<trkpt lat="40.06438" lon="20.74216">
				<ele>541.39</ele>
				<time>2026-08-06T16:33:37.279Z</time>
			</trkpt>
			<trkpt lat="40.06423" lon="20.74138">
				<ele>547.65</ele>
				<time>2026-08-06T16:33:41.482Z</time>
			</trkpt>
			<trkpt lat="40.06419" lon="20.74132">
				<ele>547.15</ele>
				<time>2026-08-06T16:33:41.899Z</time>
			</trkpt>
			<trkpt lat="40.06415" lon="20.74128">
				<ele>546.31</ele>
				<time>2026-08-06T16:33:42.244Z</time>
			</trkpt>
			<trkpt lat="40.06406" lon="20.74125">
				<ele>543.29</ele>
				<time>2026-08-06T16:33:42.881Z</time>
			</trkpt>
			<trkpt lat="40.06387" lon="20.74088">
				<ele>540.95</ele>
				<time>2026-08-06T16:33:45.221Z</time>
			</trkpt>
			<trkpt lat="40.06346" lon="20.74026">
				<ele>547.6</ele>
				<time>2026-08-06T16:33:49.526Z</time>
			</trkpt>
			<trkpt lat="40.06324" lon="20.73981">
				<ele>551.08</ele>
				<time>2026-08-06T16:33:52.330Z</time>
			</trkpt>
			<trkpt lat="40.06318" lon="20.73964">
				<ele>552.45</ele>
				<time>2026-08-06T16:33:53.314Z</time>
			</trkpt>
			<trkpt lat="40.06315" lon="20.73919">
				<ele>553.43</ele>
				<time>2026-08-06T16:33:55.686Z</time>
			</trkpt>
			<trkpt lat="40.06316" lon="20.73905">
				<ele>553.16</ele>
				<time>2026-08-06T16:33:56.424Z</time>
			</trkpt>
			<trkpt lat="40.06326" lon="20.73873">
				<ele>552.8</ele>
				<time>2026-08-06T16:33:58.239Z</time>
			</trkpt>
			<trkpt lat="40.06346" lon="20.73842">
				<ele>554.46</ele>
				<time>2026-08-06T16:34:00.367Z</time>
			</trkpt>
			<trkpt lat="40.06358" lon="20.7383">
				<ele>555.46</ele>
				<time>2026-08-06T16:34:01.403Z</time>
			</trkpt>
			<trkpt lat="40.06378" lon="20.73815">
				<ele>559.58</ele>
				<time>2026-08-06T16:34:02.985Z</time>
			</trkpt>
			<trkpt lat="40.06438" lon="20.73776">
				<ele>563.48</ele>
				<time>2026-08-06T16:34:07.579Z</time>
			</trkpt>
			<trkpt lat="40.06445" lon="20.73767">
				<ele>564.09</ele>
				<time>2026-08-06T16:34:08.252Z</time>
			</trkpt>
			<trkpt lat="40.0645" lon="20.73758">
				<ele>563.84</ele>
				<time>2026-08-06T16:34:08.836Z</time>
			</trkpt>
			<trkpt lat="40.06453" lon="20.7374">
				<ele>563.36</ele>
				<time>2026-08-06T16:34:09.802Z</time>
			</trkpt>
			<trkpt lat="40.06452" lon="20.73728">
				<ele>563.72</ele>
				<time>2026-08-06T16:34:10.435Z</time>
			</trkpt>
			<trkpt lat="40.06447" lon="20.73718">
				<ele>564.66</ele>
				<time>2026-08-06T16:34:11.061Z</time>
			</trkpt>
			<trkpt lat="40.0644" lon="20.7371">
				<ele>565.84</ele>
				<time>2026-08-06T16:34:11.699Z</time>
			</trkpt>
			<trkpt lat="40.06431" lon="20.73704">
				<ele>566.46</ele>
				<time>2026-08-06T16:34:12.391Z</time>
			</trkpt>
			<trkpt lat="40.06419" lon="20.73701">
				<ele>566.48</ele>
				<time>2026-08-06T16:34:13.228Z</time>
			</trkpt>
			<trkpt lat="40.06282" lon="20.73694">
				<ele>557.82</ele>
				<time>2026-08-06T16:34:22.619Z</time>
			</trkpt>
			<trkpt lat="40.06257" lon="20.7369">
				<ele>556.69</ele>
				<time>2026-08-06T16:34:24.344Z</time>
			</trkpt>
			<trkpt lat="40.06245" lon="20.73686">
				<ele>556.54</ele>
				<time>2026-08-06T16:34:25.192Z</time>
			</trkpt>
			<trkpt lat="40.06237" lon="20.73679">
				<ele>556.8</ele>
				<time>2026-08-06T16:34:25.851Z</time>
			</trkpt>
			<trkpt lat="40.06231" lon="20.73665">
				<ele>557.39</ele>
				<time>2026-08-06T16:34:26.691Z</time>
			</trkpt>
			<trkpt lat="40.0623" lon="20.73649">
				<ele>557.9</ele>
				<time>2026-08-06T16:34:27.532Z</time>
			</trkpt>
			<trkpt lat="40.06235" lon="20.73635">
				<ele>559.07</ele>
				<time>2026-08-06T16:34:28.342Z</time>
			</trkpt>
			<trkpt lat="40.06242" lon="20.73624">
				<ele>560.96</ele>
				<time>2026-08-06T16:34:29.091Z</time>
			</trkpt>
			<trkpt lat="40.06248" lon="20.73618">
				<ele>562.92</ele>
				<time>2026-08-06T16:34:29.608Z</time>
			</trkpt>
			<trkpt lat="40.06259" lon="20.73615">
				<ele>565.91</ele>
				<time>2026-08-06T16:34:30.377Z</time>
			</trkpt>
			<trkpt lat="40.06268" lon="20.73616">
				<ele>568.02</ele>
				<time>2026-08-06T16:34:30.995Z</time>
			</trkpt>
			<trkpt lat="40.06276" lon="20.73619">
				<ele>569.49</ele>
				<time>2026-08-06T16:34:31.565Z</time>
			</trkpt>
			<trkpt lat="40.06315" lon="20.73648">
				<ele>572.23</ele>
				<time>2026-08-06T16:34:34.635Z</time>
			</trkpt>
			<trkpt lat="40.06328" lon="20.73655">
				<ele>572.01</ele>
				<time>2026-08-06T16:34:35.597Z</time>
			</trkpt>
			<trkpt lat="40.06339" lon="20.73657">
				<ele>572.68</ele>
				<time>2026-08-06T16:34:36.357Z</time>
			</trkpt>
			<trkpt lat="40.06359" lon="20.73658">
				<ele>574.59</ele>
				<time>2026-08-06T16:34:37.726Z</time>
			</trkpt>
			<trkpt lat="40.06512" lon="20.73641">
				<ele>587.3</ele>
				<time>2026-08-06T16:34:48.224Z</time>
			</trkpt>
			<trkpt lat="40.06563" lon="20.73641">
				<ele>591.13</ele>
				<time>2026-08-06T16:34:51.709Z</time>
			</trkpt>
			<trkpt lat="40.0663" lon="20.73647">
				<ele>601.78</ele>
				<time>2026-08-06T16:34:56.297Z</time>
			</trkpt>
			<trkpt lat="40.06641" lon="20.73651">
				<ele>602.39</ele>
				<time>2026-08-06T16:34:57.077Z</time>
			</trkpt>
			<trkpt lat="40.06649" lon="20.73657">
				<ele>602.18</ele>
				<time>2026-08-06T16:34:57.707Z</time>
			</trkpt>
			<trkpt lat="40.06656" lon="20.73669">
				<ele>601.91</ele>
				<time>2026-08-06T16:34:58.496Z</time>
			</trkpt>
			<trkpt lat="40.0666" lon="20.73681">
				<ele>602.78</ele>
				<time>2026-08-06T16:34:59.180Z</time>
			</trkpt>
			<trkpt lat="40.0666" lon="20.73695">
				<ele>603.4</ele>
				<time>2026-08-06T16:34:59.911Z</time>
			</trkpt>
			<trkpt lat="40.06657" lon="20.7371">
				<ele>603.72</ele>
				<time>2026-08-06T16:35:00.722Z</time>
			</trkpt>
			<trkpt lat="40.06624" lon="20.73765">
				<ele>604.29</ele>
				<time>2026-08-06T16:35:04.373Z</time>
			</trkpt>
			<trkpt lat="40.06616" lon="20.73787">
				<ele>605.95</ele>
				<time>2026-08-06T16:35:05.646Z</time>
			</trkpt>
			<trkpt lat="40.06613" lon="20.73808">
				<ele>608.87</ele>
				<time>2026-08-06T16:35:06.762Z</time>
			</trkpt>
			<trkpt lat="40.06615" lon="20.73829">
				<ele>610.74</ele>
				<time>2026-08-06T16:35:07.867Z</time>
			</trkpt>
			<trkpt lat="40.06623" lon="20.73856">
				<ele>613.09</ele>
				<time>2026-08-06T16:35:09.379Z</time>
			</trkpt>
			<trkpt lat="40.0665" lon="20.73928">
				<ele>617.73</ele>
				<time>2026-08-06T16:35:13.566Z</time>
			</trkpt>
			<trkpt lat="40.06659" lon="20.73942">
				<ele>618.09</ele>
				<time>2026-08-06T16:35:14.520Z</time>
			</trkpt>
			<trkpt lat="40.06668" lon="20.73951">
				<ele>618.09</ele>
				<time>2026-08-06T16:35:15.293Z</time>
			</trkpt>
			<trkpt lat="40.06679" lon="20.73955">
				<ele>617.34</ele>
				<time>2026-08-06T16:35:16.072Z</time>
			</trkpt>
			<trkpt lat="40.06689" lon="20.73954">
				<ele>617.37</ele>
				<time>2026-08-06T16:35:16.756Z</time>
			</trkpt>
			<trkpt lat="40.06711" lon="20.73943">
				<ele>619.37</ele>
				<time>2026-08-06T16:35:18.363Z</time>
			</trkpt>
			<trkpt lat="40.06772" lon="20.73894">
				<ele>631.45</ele>
				<time>2026-08-06T16:35:23.245Z</time>
			</trkpt>
			<trkpt lat="40.06807" lon="20.73873">
				<ele>635.4</ele>
				<time>2026-08-06T16:35:25.870Z</time>
			</trkpt>
			<trkpt lat="40.06826" lon="20.73865">
				<ele>636.4</ele>
				<time>2026-08-06T16:35:27.231Z</time>
			</trkpt>
			<trkpt lat="40.0688" lon="20.73848">
				<ele>642.24</ele>
				<time>2026-08-06T16:35:31.016Z</time>
			</trkpt>
			<trkpt lat="40.06893" lon="20.73846">
				<ele>645.25</ele>
				<time>2026-08-06T16:35:31.907Z</time>
			</trkpt>
			<trkpt lat="40.06905" lon="20.73847">
				<ele>646.86</ele>
				<time>2026-08-06T16:35:32.727Z</time>
			</trkpt>
			<trkpt lat="40.06915" lon="20.73852">
				<ele>647.59</ele>
				<time>2026-08-06T16:35:33.456Z</time>
			</trkpt>
			<trkpt lat="40.06924" lon="20.73864">
				<ele>646.48</ele>
				<time>2026-08-06T16:35:34.332Z</time>
			</trkpt>
			<trkpt lat="40.06929" lon="20.73876">
				<ele>646.78</ele>
				<time>2026-08-06T16:35:35.044Z</time>
			</trkpt>
			<trkpt lat="40.06931" lon="20.73888">
				<ele>647.15</ele>
				<time>2026-08-06T16:35:35.684Z</time>
			</trkpt>
			<trkpt lat="40.0693" lon="20.73901">
				<ele>648.88</ele>
				<time>2026-08-06T16:35:36.365Z</time>
			</trkpt>
			<trkpt lat="40.06922" lon="20.73928">
				<ele>649.12</ele>
				<time>2026-08-06T16:35:37.874Z</time>
			</trkpt>
			<trkpt lat="40.06898" lon="20.73975">
				<ele>644.92</ele>
				<time>2026-08-06T16:35:40.819Z</time>
			</trkpt>
			<trkpt lat="40.06894" lon="20.73991">
				<ele>645.39</ele>
				<time>2026-08-06T16:35:41.696Z</time>
			</trkpt>
			<trkpt lat="40.06893" lon="20.74002">
				<ele>646.29</ele>
				<time>2026-08-06T16:35:42.273Z</time>
			</trkpt>
			<trkpt lat="40.06893" lon="20.74012">
				<ele>647.07</ele>
				<time>2026-08-06T16:35:42.794Z</time>
			</trkpt>
			<trkpt lat="40.06895" lon="20.74021">
				<ele>647.98</ele>
				<time>2026-08-06T16:35:43.282Z</time>
			</trkpt>
			<trkpt lat="40.06899" lon="20.74032">
				<ele>647.97</ele>
				<time>2026-08-06T16:35:43.916Z</time>
			</trkpt>
			<trkpt lat="40.06908" lon="20.74044">
				<ele>646.58</ele>
				<time>2026-08-06T16:35:44.791Z</time>
			</trkpt>
			<trkpt lat="40.06916" lon="20.7405">
				<ele>645.84</ele>
				<time>2026-08-06T16:35:45.419Z</time>
			</trkpt>
			<trkpt lat="40.06938" lon="20.74053">
				<ele>643.3</ele>
				<time>2026-08-06T16:35:46.925Z</time>
			</trkpt>
			<trkpt lat="40.06949" lon="20.74049">
				<ele>643.56</ele>
				<time>2026-08-06T16:35:47.702Z</time>
			</trkpt>
			<trkpt lat="40.07084" lon="20.73975">
				<ele>668.92</ele>
				<time>2026-08-06T16:35:57.661Z</time>
			</trkpt>
			<trkpt lat="40.07139" lon="20.73964">
				<ele>670.65</ele>
				<time>2026-08-06T16:36:01.444Z</time>
			</trkpt>
			<trkpt lat="40.07186" lon="20.7396">
				<ele>673.6</ele>
				<time>2026-08-06T16:36:04.645Z</time>
			</trkpt>
			<trkpt lat="40.07197" lon="20.73962">
				<ele>673.61</ele>
				<time>2026-08-06T16:36:05.400Z</time>
			</trkpt>
			<trkpt lat="40.07203" lon="20.73966">
				<ele>673.76</ele>
				<time>2026-08-06T16:36:05.858Z</time>
			</trkpt>
			<trkpt lat="40.0721" lon="20.73974">
				<ele>674.41</ele>
				<time>2026-08-06T16:36:06.490Z</time>
			</trkpt>
			<trkpt lat="40.07213" lon="20.73982">
				<ele>675.77</ele>
				<time>2026-08-06T16:36:06.953Z</time>
			</trkpt>
			<trkpt lat="40.07214" lon="20.73992">
				<ele>677.07</ele>
				<time>2026-08-06T16:36:07.478Z</time>
			</trkpt>
			<trkpt lat="40.07209" lon="20.74009">
				<ele>678.27</ele>
				<time>2026-08-06T16:36:08.425Z</time>
			</trkpt>
			<trkpt lat="40.07204" lon="20.74018">
				<ele>678.46</ele>
				<time>2026-08-06T16:36:09.003Z</time>
			</trkpt>
			<trkpt lat="40.07194" lon="20.74028">
				<ele>677.31</ele>
				<time>2026-08-06T16:36:09.859Z</time>
			</trkpt>
			<trkpt lat="40.07157" lon="20.74053">
				<ele>674.72</ele>
				<time>2026-08-06T16:36:12.688Z</time>
			</trkpt>
			<trkpt lat="40.07136" lon="20.74069">
				<ele>674.15</ele>
				<time>2026-08-06T16:36:14.340Z</time>
			</trkpt>
			<trkpt lat="40.07121" lon="20.74085">
				<ele>673.68</ele>
				<time>2026-08-06T16:36:15.655Z</time>
			</trkpt>
			<trkpt lat="40.07109" lon="20.74104">
				<ele>674.65</ele>
				<time>2026-08-06T16:36:16.935Z</time>
			</trkpt>
			<trkpt lat="40.07101" lon="20.74123">
				<ele>675.63</ele>
				<time>2026-08-06T16:36:18.062Z</time>
			</trkpt>
			<trkpt lat="40.07093" lon="20.7415">
				<ele>677.73</ele>
				<time>2026-08-06T16:36:19.566Z</time>
			</trkpt>
			<trkpt lat="40.07068" lon="20.7428">
				<ele>682.92</ele>
				<time>2026-08-06T16:36:26.529Z</time>
			</trkpt>
			<trkpt lat="40.07066" lon="20.74312">
				<ele>684.87</ele>
				<time>2026-08-06T16:36:28.196Z</time>
			</trkpt>
			<trkpt lat="40.07069" lon="20.74335">
				<ele>685.21</ele>
				<time>2026-08-06T16:36:29.407Z</time>
			</trkpt>
			<trkpt lat="40.07078" lon="20.74352">
				<ele>687.64</ele>
				<time>2026-08-06T16:36:30.481Z</time>
			</trkpt>
			<trkpt lat="40.07105" lon="20.7438">
				<ele>695.4</ele>
				<time>2026-08-06T16:36:32.819Z</time>
			</trkpt>
			<trkpt lat="40.07112" lon="20.74393">
				<ele>697.38</ele>
				<time>2026-08-06T16:36:33.644Z</time>
			</trkpt>
			<trkpt lat="40.07115" lon="20.74412">
				<ele>698.01</ele>
				<time>2026-08-06T16:36:34.651Z</time>
			</trkpt>
			<trkpt lat="40.07114" lon="20.74432">
				<ele>698.77</ele>
				<time>2026-08-06T16:36:35.691Z</time>
			</trkpt>
			<trkpt lat="40.07109" lon="20.74448">
				<ele>699.17</ele>
				<time>2026-08-06T16:36:36.588Z</time>
			</trkpt>
			<trkpt lat="40.07086" lon="20.74495">
				<ele>701.43</ele>
				<time>2026-08-06T16:36:39.483Z</time>
			</trkpt>
			<trkpt lat="40.07081" lon="20.74513">
				<ele>702.06</ele>
				<time>2026-08-06T16:36:40.476Z</time>
			</trkpt>
			<trkpt lat="40.0708" lon="20.74533">
				<ele>702.95</ele>
				<time>2026-08-06T16:36:41.516Z</time>
			</trkpt>
			<trkpt lat="40.0708" lon="20.74555">
				<ele>703.65</ele>
				<time>2026-08-06T16:36:42.657Z</time>
			</trkpt>
			<trkpt lat="40.07083" lon="20.74577">
				<ele>704.34</ele>
				<time>2026-08-06T16:36:43.816Z</time>
			</trkpt>
			<trkpt lat="40.07093" lon="20.74598">
				<ele>704.34</ele>
				<time>2026-08-06T16:36:45.099Z</time>
			</trkpt>
			<trkpt lat="40.07106" lon="20.74619">
				<ele>705.21</ele>
				<time>2026-08-06T16:36:46.500Z</time>
			</trkpt>
			<trkpt lat="40.07115" lon="20.74629">
				<ele>705.4</ele>
				<time>2026-08-06T16:36:47.300Z</time>
			</trkpt>
			<trkpt lat="40.0713" lon="20.74639">
				<ele>705.69</ele>
				<time>2026-08-06T16:36:48.441Z</time>
			</trkpt>
			<trkpt lat="40.07175" lon="20.74662">
				<ele>715.33</ele>
				<time>2026-08-06T16:36:51.715Z</time>
			</trkpt>
			<trkpt lat="40.07182" lon="20.7467">
				<ele>716.69</ele>
				<time>2026-08-06T16:36:52.345Z</time>
			</trkpt>
			<trkpt lat="40.07188" lon="20.7468">
				<ele>717.22</ele>
				<time>2026-08-06T16:36:53.003Z</time>
			</trkpt>
			<trkpt lat="40.07193" lon="20.74692">
				<ele>716.9</ele>
				<time>2026-08-06T16:36:53.712Z</time>
			</trkpt>
			<trkpt lat="40.07195" lon="20.74705">
				<ele>717.69</ele>
				<time>2026-08-06T16:36:54.399Z</time>
			</trkpt>
			<trkpt lat="40.07196" lon="20.74717">
				<ele>717.99</ele>
				<time>2026-08-06T16:36:55.024Z</time>
			</trkpt>
			<trkpt lat="40.07195" lon="20.74731">
				<ele>719.34</ele>
				<time>2026-08-06T16:36:55.753Z</time>
			</trkpt>
			<trkpt lat="40.07188" lon="20.74752">
				<ele>720.88</ele>
				<time>2026-08-06T16:36:56.940Z</time>
			</trkpt>
			<trkpt lat="40.07164" lon="20.74802">
				<ele>722.67</ele>
				<time>2026-08-06T16:36:59.998Z</time>
			</trkpt>
			<trkpt lat="40.07137" lon="20.74846">
				<ele>728.64</ele>
				<time>2026-08-06T16:37:02.919Z</time>
			</trkpt>
			<trkpt lat="40.07073" lon="20.74939">
				<ele>729.72</ele>
				<time>2026-08-06T16:37:09.396Z</time>
			</trkpt>
			<trkpt lat="40.07064" lon="20.74957">
				<ele>731.06</ele>
				<time>2026-08-06T16:37:10.509Z</time>
			</trkpt>
			<trkpt lat="40.0706" lon="20.74974">
				<ele>733.48</ele>
				<time>2026-08-06T16:37:11.430Z</time>
			</trkpt>
			<trkpt lat="40.0706" lon="20.74995">
				<ele>734.34</ele>
				<time>2026-08-06T16:37:12.517Z</time>
			</trkpt>
			<trkpt lat="40.07064" lon="20.75012">
				<ele>733.53</ele>
				<time>2026-08-06T16:37:13.438Z</time>
			</trkpt>
			<trkpt lat="40.07093" lon="20.75076">
				<ele>738.24</ele>
				<time>2026-08-06T16:37:17.287Z</time>
			</trkpt>
			<trkpt lat="40.07099" lon="20.75097">
				<ele>738.89</ele>
				<time>2026-08-06T16:37:18.446Z</time>
			</trkpt>
			<trkpt lat="40.07103" lon="20.75126">
				<ele>740.21</ele>
				<time>2026-08-06T16:37:19.971Z</time>
			</trkpt>
			<trkpt lat="40.07107" lon="20.75146">
				<ele>743.04</ele>
				<time>2026-08-06T16:37:21.040Z</time>
			</trkpt>
			<trkpt lat="40.07115" lon="20.75164">
				<ele>745.02</ele>
				<time>2026-08-06T16:37:22.117Z</time>
			</trkpt>
			<trkpt lat="40.07123" lon="20.75173">
				<ele>745.36</ele>
				<time>2026-08-06T16:37:22.830Z</time>
			</trkpt>
			<trkpt lat="40.07134" lon="20.75178">
				<ele>746.5</ele>
				<time>2026-08-06T16:37:23.618Z</time>
			</trkpt>
			<trkpt lat="40.07146" lon="20.75177">
				<ele>747.38</ele>
				<time>2026-08-06T16:37:24.430Z</time>
			</trkpt>
			<trkpt lat="40.07157" lon="20.7517">
				<ele>748.45</ele>
				<time>2026-08-06T16:37:25.257Z</time>
			</trkpt>
			<trkpt lat="40.07184" lon="20.75144">
				<ele>753.8</ele>
				<time>2026-08-06T16:37:27.523Z</time>
			</trkpt>
			<trkpt lat="40.07197" lon="20.75137">
				<ele>756.02</ele>
				<time>2026-08-06T16:37:28.473Z</time>
			</trkpt>
			<trkpt lat="40.07211" lon="20.75134">
				<ele>755.64</ele>
				<time>2026-08-06T16:37:29.432Z</time>
			</trkpt>
			<trkpt lat="40.07257" lon="20.75141">
				<ele>750.39</ele>
				<time>2026-08-06T16:37:32.560Z</time>
			</trkpt>
			<trkpt lat="40.07277" lon="20.75143">
				<ele>750.87</ele>
				<time>2026-08-06T16:37:33.915Z</time>
			</trkpt>
			<trkpt lat="40.07328" lon="20.75139">
				<ele>746.75</ele>
				<time>2026-08-06T16:37:37.365Z</time>
			</trkpt>
			<trkpt lat="40.07353" lon="20.75133">
				<ele>746.2</ele>
				<time>2026-08-06T16:37:39.081Z</time>
			</trkpt>
			<trkpt lat="40.07374" lon="20.75124">
				<ele>748.66</ele>
				<time>2026-08-06T16:37:40.573Z</time>
			</trkpt>
			<trkpt lat="40.07459" lon="20.75075">
				<ele>752.04</ele>
				<time>2026-08-06T16:37:46.842Z</time>
			</trkpt>
			<trkpt lat="40.07577" lon="20.74996">
				<ele>759.74</ele>
				<time>2026-08-06T16:37:55.785Z</time>
			</trkpt>
			<trkpt lat="40.07723" lon="20.7492">
				<ele>762.15</ele>
				<time>2026-08-06T16:38:06.378Z</time>
			</trkpt>
			<trkpt lat="40.07828" lon="20.74885">
				<ele>756.24</ele>
				<time>2026-08-06T16:38:13.677Z</time>
			</trkpt>
			<trkpt lat="40.0788" lon="20.74865">
				<ele>752.81</ele>
				<time>2026-08-06T16:38:17.327Z</time>
			</trkpt>
			<trkpt lat="40.08033" lon="20.74776">
				<ele>753.77</ele>
				<time>2026-08-06T16:38:28.598Z</time>
			</trkpt>
			<trkpt lat="40.08039" lon="20.74774">
				<ele>752.5</ele>
				<time>2026-08-06T16:38:29.014Z</time>
			</trkpt>
			<trkpt lat="40.08053" lon="20.74774">
				<ele>749.07</ele>
				<time>2026-08-06T16:38:29.956Z</time>
			</trkpt>
			<trkpt lat="40.08065" lon="20.74779">
				<ele>747</ele>
				<time>2026-08-06T16:38:30.803Z</time>
			</trkpt>
			<trkpt lat="40.08071" lon="20.74784">
				<ele>745.96</ele>
				<time>2026-08-06T16:38:31.282Z</time>
			</trkpt>
			<trkpt lat="40.08081" lon="20.74802">
				<ele>743.41</ele>
				<time>2026-08-06T16:38:32.427Z</time>
			</trkpt>
			<trkpt lat="40.08089" lon="20.74823">
				<ele>742.51</ele>
				<time>2026-08-06T16:38:33.634Z</time>
			</trkpt>
			<trkpt lat="40.08098" lon="20.74861">
				<ele>744.58</ele>
				<time>2026-08-06T16:38:35.680Z</time>
			</trkpt>
			<trkpt lat="40.08105" lon="20.74903">
				<ele>747.08</ele>
				<time>2026-08-06T16:38:37.892Z</time>
			</trkpt>
			<trkpt lat="40.08113" lon="20.7496">
				<ele>744.28</ele>
				<time>2026-08-06T16:38:40.872Z</time>
			</trkpt>
			<trkpt lat="40.08118" lon="20.7501">
				<ele>739.35</ele>
				<time>2026-08-06T16:38:43.465Z</time>
			</trkpt>
			<trkpt lat="40.08129" lon="20.75054">
				<ele>736.35</ele>
				<time>2026-08-06T16:38:45.845Z</time>
			</trkpt>
			<trkpt lat="40.08136" lon="20.75072">
				<ele>737.92</ele>
				<time>2026-08-06T16:38:46.883Z</time>
			</trkpt>
			<trkpt lat="40.08146" lon="20.75091">
				<ele>739.26</ele>
				<time>2026-08-06T16:38:48.069Z</time>
			</trkpt>
			<trkpt lat="40.08172" lon="20.75129">
				<ele>739.48</ele>
				<time>2026-08-06T16:38:50.689Z</time>
			</trkpt>
			<trkpt lat="40.08232" lon="20.75207">
				<ele>737.82</ele>
				<time>2026-08-06T16:38:56.372Z</time>
			</trkpt>
			<trkpt lat="40.08284" lon="20.75273">
				<ele>736.66</ele>
				<time>2026-08-06T16:39:01.237Z</time>
			</trkpt>
			<trkpt lat="40.08331" lon="20.7533">
				<ele>737.09</ele>
				<time>2026-08-06T16:39:05.540Z</time>
			</trkpt>
			<trkpt lat="40.08345" lon="20.75343">
				<ele>737.7</ele>
				<time>2026-08-06T16:39:06.692Z</time>
			</trkpt>
			<trkpt lat="40.08359" lon="20.75352">
				<ele>737.49</ele>
				<time>2026-08-06T16:39:07.739Z</time>
			</trkpt>
			<trkpt lat="40.08373" lon="20.75358">
				<ele>736.97</ele>
				<time>2026-08-06T16:39:08.727Z</time>
			</trkpt>
			<trkpt lat="40.08394" lon="20.75362">
				<ele>736.06</ele>
				<time>2026-08-06T16:39:10.151Z</time>
			</trkpt>
			<trkpt lat="40.08435" lon="20.75358">
				<ele>738.01</ele>
				<time>2026-08-06T16:39:12.908Z</time>
			</trkpt>
			<trkpt lat="40.08491" lon="20.75332">
				<ele>743.35</ele>
				<time>2026-08-06T16:39:16.893Z</time>
			</trkpt>
			<trkpt lat="40.0851" lon="20.75325">
				<ele>745.55</ele>
				<time>2026-08-06T16:39:18.217Z</time>
			</trkpt>
			<trkpt lat="40.08533" lon="20.75322">
				<ele>748.43</ele>
				<time>2026-08-06T16:39:19.766Z</time>
			</trkpt>
			<trkpt lat="40.08559" lon="20.75327">
				<ele>749.96</ele>
				<time>2026-08-06T16:39:21.527Z</time>
			</trkpt>
			<trkpt lat="40.0858" lon="20.75335">
				<ele>750.23</ele>
				<time>2026-08-06T16:39:22.993Z</time>
			</trkpt>
			<trkpt lat="40.08605" lon="20.75351">
				<ele>752.52</ele>
				<time>2026-08-06T16:39:24.859Z</time>
			</trkpt>
			<trkpt lat="40.08683" lon="20.75412">
				<ele>755.85</ele>
				<time>2026-08-06T16:39:30.948Z</time>
			</trkpt>
			<trkpt lat="40.08793" lon="20.7549">
				<ele>765.96</ele>
				<time>2026-08-06T16:39:39.327Z</time>
			</trkpt>
			<trkpt lat="40.08893" lon="20.75569">
				<ele>767.82</ele>
				<time>2026-08-06T16:39:47.146Z</time>
			</trkpt>
			<trkpt lat="40.08935" lon="20.75597">
				<ele>766.82</ele>
				<time>2026-08-06T16:39:50.300Z</time>
			</trkpt>
			<trkpt lat="40.08968" lon="20.75615">
				<ele>768.54</ele>
				<time>2026-08-06T16:39:52.691Z</time>
			</trkpt>
			<trkpt lat="40.09019" lon="20.7564">
				<ele>767.15</ele>
				<time>2026-08-06T16:39:56.334Z</time>
			</trkpt>
			<trkpt lat="40.09062" lon="20.75655">
				<ele>761.13</ele>
				<time>2026-08-06T16:39:59.309Z</time>
			</trkpt>
			<trkpt lat="40.09163" lon="20.75685">
				<ele>760</ele>
				<time>2026-08-06T16:40:06.230Z</time>
			</trkpt>
			<trkpt lat="40.09179" lon="20.75692">
				<ele>760</ele>
				<time>2026-08-06T16:40:07.357Z</time>
			</trkpt>
			<trkpt lat="40.09202" lon="20.75706">
				<ele>759.69</ele>
				<time>2026-08-06T16:40:09.052Z</time>
			</trkpt>
			<trkpt lat="40.09226" lon="20.75723">
				<ele>758.82</ele>
				<time>2026-08-06T16:40:10.876Z</time>
			</trkpt>
			<trkpt lat="40.09252" lon="20.75743">
				<ele>756.91</ele>
				<time>2026-08-06T16:40:12.890Z</time>
			</trkpt>
			<trkpt lat="40.0931" lon="20.75792">
				<ele>752</ele>
				<time>2026-08-06T16:40:17.501Z</time>
			</trkpt>
			<trkpt lat="40.09395" lon="20.75879">
				<ele>747.53</ele>
				<time>2026-08-06T16:40:24.706Z</time>
			</trkpt>
			<trkpt lat="40.09453" lon="20.75945">
				<ele>742.9</ele>
				<time>2026-08-06T16:40:29.836Z</time>
			</trkpt>
			<trkpt lat="40.09475" lon="20.75965">
				<ele>740.28</ele>
				<time>2026-08-06T16:40:31.624Z</time>
			</trkpt>
			<trkpt lat="40.09495" lon="20.7599">
				<ele>734.76</ele>
				<time>2026-08-06T16:40:33.469Z</time>
			</trkpt>
			<trkpt lat="40.09557" lon="20.76058">
				<ele>729.89</ele>
				<time>2026-08-06T16:40:38.865Z</time>
			</trkpt>
			<trkpt lat="40.09576" lon="20.76076">
				<ele>728.64</ele>
				<time>2026-08-06T16:40:40.429Z</time>
			</trkpt>
			<trkpt lat="40.09608" lon="20.76118">
				<ele>726.72</ele>
				<time>2026-08-06T16:40:43.451Z</time>
			</trkpt>
			<trkpt lat="40.09628" lon="20.76152">
				<ele>725.69</ele>
				<time>2026-08-06T16:40:45.637Z</time>
			</trkpt>
			<trkpt lat="40.09645" lon="20.76195">
				<ele>724.29</ele>
				<time>2026-08-06T16:40:48.104Z</time>
			</trkpt>
			<trkpt lat="40.09653" lon="20.76224">
				<ele>722.86</ele>
				<time>2026-08-06T16:40:49.675Z</time>
			</trkpt>
			<trkpt lat="40.09675" lon="20.76313">
				<ele>714.35</ele>
				<time>2026-08-06T16:40:54.440Z</time>
			</trkpt>
			<trkpt lat="40.09697" lon="20.76415">
				<ele>707.94</ele>
				<time>2026-08-06T16:40:59.837Z</time>
			</trkpt>
			<trkpt lat="40.09704" lon="20.76474">
				<ele>706.37</ele>
				<time>2026-08-06T16:41:02.876Z</time>
			</trkpt>
			<trkpt lat="40.09703" lon="20.76538">
				<ele>706.87</ele>
				<time>2026-08-06T16:41:06.134Z</time>
			</trkpt>
			<trkpt lat="40.09684" lon="20.76655">
				<ele>703.25</ele>
				<time>2026-08-06T16:41:12.220Z</time>
			</trkpt>
			<trkpt lat="40.09683" lon="20.76685">
				<ele>704.09</ele>
				<time>2026-08-06T16:41:13.748Z</time>
			</trkpt>
			<trkpt lat="40.09686" lon="20.76703">
				<ele>705.16</ele>
				<time>2026-08-06T16:41:14.685Z</time>
			</trkpt>
			<trkpt lat="40.09694" lon="20.76723">
				<ele>706.97</ele>
				<time>2026-08-06T16:41:15.833Z</time>
			</trkpt>
			<trkpt lat="40.09706" lon="20.7674">
				<ele>707.23</ele>
				<time>2026-08-06T16:41:17.009Z</time>
			</trkpt>
			<trkpt lat="40.09721" lon="20.76753">
				<ele>707.31</ele>
				<time>2026-08-06T16:41:18.206Z</time>
			</trkpt>
			<trkpt lat="40.09755" lon="20.76769">
				<ele>701.9</ele>
				<time>2026-08-06T16:41:20.608Z</time>
			</trkpt>
			<trkpt lat="40.09777" lon="20.76773">
				<ele>701.14</ele>
				<time>2026-08-06T16:41:22.084Z</time>
			</trkpt>
			<trkpt lat="40.09807" lon="20.76774">
				<ele>700.73</ele>
				<time>2026-08-06T16:41:24.078Z</time>
			</trkpt>
			<trkpt lat="40.09827" lon="20.76767">
				<ele>699.78</ele>
				<time>2026-08-06T16:41:25.454Z</time>
			</trkpt>
			<trkpt lat="40.09845" lon="20.76752">
				<ele>697.24</ele>
				<time>2026-08-06T16:41:26.872Z</time>
			</trkpt>
			<trkpt lat="40.09877" lon="20.76705">
				<ele>699.63</ele>
				<time>2026-08-06T16:41:30.069Z</time>
			</trkpt>
			<trkpt lat="40.0989" lon="20.76691">
				<ele>699.89</ele>
				<time>2026-08-06T16:41:31.188Z</time>
			</trkpt>
			<trkpt lat="40.09899" lon="20.76683">
				<ele>700.47</ele>
				<time>2026-08-06T16:41:31.911Z</time>
			</trkpt>
			<trkpt lat="40.09958" lon="20.76645">
				<ele>693.82</ele>
				<time>2026-08-06T16:41:36.278Z</time>
			</trkpt>
			<trkpt lat="40.09967" lon="20.76637">
				<ele>692.59</ele>
				<time>2026-08-06T16:41:37.001Z</time>
			</trkpt>
			<trkpt lat="40.09973" lon="20.76626">
				<ele>691.87</ele>
				<time>2026-08-06T16:41:37.687Z</time>
			</trkpt>
			<trkpt lat="40.09979" lon="20.76608">
				<ele>691.66</ele>
				<time>2026-08-06T16:41:38.684Z</time>
			</trkpt>
			<trkpt lat="40.0998" lon="20.76595">
				<ele>691.01</ele>
				<time>2026-08-06T16:41:39.347Z</time>
			</trkpt>
			<trkpt lat="40.09975" lon="20.76561">
				<ele>690.47</ele>
				<time>2026-08-06T16:41:41.105Z</time>
			</trkpt>
			<trkpt lat="40.09957" lon="20.76526">
				<ele>690.2</ele>
				<time>2026-08-06T16:41:43.246Z</time>
			</trkpt>
			<trkpt lat="40.099" lon="20.7646">
				<ele>689.03</ele>
				<time>2026-08-06T16:41:48.298Z</time>
			</trkpt>
			<trkpt lat="40.09893" lon="20.76445">
				<ele>686.61</ele>
				<time>2026-08-06T16:41:49.190Z</time>
			</trkpt>
			<trkpt lat="40.0989" lon="20.7643">
				<ele>684.85</ele>
				<time>2026-08-06T16:41:49.977Z</time>
			</trkpt>
			<trkpt lat="40.09889" lon="20.76412">
				<ele>682.8</ele>
				<time>2026-08-06T16:41:50.892Z</time>
			</trkpt>
			<trkpt lat="40.0989" lon="20.76399">
				<ele>682.23</ele>
				<time>2026-08-06T16:41:51.555Z</time>
			</trkpt>
			<trkpt lat="40.09896" lon="20.76383">
				<ele>681.66</ele>
				<time>2026-08-06T16:41:52.459Z</time>
			</trkpt>
			<trkpt lat="40.09913" lon="20.7637">
				<ele>681.49</ele>
				<time>2026-08-06T16:41:53.765Z</time>
			</trkpt>
			<trkpt lat="40.0993" lon="20.76364">
				<ele>681.61</ele>
				<time>2026-08-06T16:41:54.933Z</time>
			</trkpt>
			<trkpt lat="40.09961" lon="20.76364">
				<ele>681.2</ele>
				<time>2026-08-06T16:41:56.988Z</time>
			</trkpt>
			<trkpt lat="40.10078" lon="20.76372">
				<ele>671.64</ele>
				<time>2026-08-06T16:42:04.754Z</time>
			</trkpt>
			<trkpt lat="40.10178" lon="20.76376">
				<ele>669.59</ele>
				<time>2026-08-06T16:42:11.381Z</time>
			</trkpt>
			<trkpt lat="40.1022" lon="20.76381">
				<ele>663.67</ele>
				<time>2026-08-06T16:42:14.174Z</time>
			</trkpt>
			<trkpt lat="40.1035" lon="20.76409">
				<ele>647.36</ele>
				<time>2026-08-06T16:42:22.896Z</time>
			</trkpt>
			<trkpt lat="40.10375" lon="20.76418">
				<ele>649.14</ele>
				<time>2026-08-06T16:42:24.612Z</time>
			</trkpt>
			<trkpt lat="40.10418" lon="20.76446">
				<ele>645.51</ele>
				<time>2026-08-06T16:42:27.791Z</time>
			</trkpt>
			<trkpt lat="40.10498" lon="20.76507">
				<ele>635.63</ele>
				<time>2026-08-06T16:42:33.916Z</time>
			</trkpt>
			<trkpt lat="40.10547" lon="20.76532">
				<ele>635.18</ele>
				<time>2026-08-06T16:42:37.394Z</time>
			</trkpt>
			<trkpt lat="40.10594" lon="20.76546">
				<ele>634.8</ele>
				<time>2026-08-06T16:42:40.581Z</time>
			</trkpt>
			<trkpt lat="40.10623" lon="20.76559">
				<ele>630.66</ele>
				<time>2026-08-06T16:42:42.607Z</time>
			</trkpt>
			<trkpt lat="40.10637" lon="20.76568">
				<ele>626.05</ele>
				<time>2026-08-06T16:42:43.638Z</time>
			</trkpt>
			<trkpt lat="40.107" lon="20.76617">
				<ele>618.91</ele>
				<time>2026-08-06T16:42:48.482Z</time>
			</trkpt>
			<trkpt lat="40.10733" lon="20.76655">
				<ele>616.5</ele>
				<time>2026-08-06T16:42:51.386Z</time>
			</trkpt>
			<trkpt lat="40.10904" lon="20.76899">
				<ele>605.52</ele>
				<time>2026-08-06T16:43:08.095Z</time>
			</trkpt>
			<trkpt lat="40.10936" lon="20.76949">
				<ele>602.31</ele>
				<time>2026-08-06T16:43:11.384Z</time>
			</trkpt>
			<trkpt lat="40.10966" lon="20.77002">
				<ele>597.18</ele>
				<time>2026-08-06T16:43:14.710Z</time>
			</trkpt>
			<trkpt lat="40.10988" lon="20.7705">
				<ele>594.78</ele>
				<time>2026-08-06T16:43:17.532Z</time>
			</trkpt>
			<trkpt lat="40.11006" lon="20.77094">
				<ele>593.52</ele>
				<time>2026-08-06T16:43:20.048Z</time>
			</trkpt>
			<trkpt lat="40.11038" lon="20.77188">
				<ele>592.67</ele>
				<time>2026-08-06T16:43:25.235Z</time>
			</trkpt>
			<trkpt lat="40.11079" lon="20.77324">
				<ele>586.94</ele>
				<time>2026-08-06T16:43:32.600Z</time>
			</trkpt>
			<trkpt lat="40.11092" lon="20.77356">
				<ele>584.98</ele>
				<time>2026-08-06T16:43:34.426Z</time>
			</trkpt>
			<trkpt lat="40.11107" lon="20.77383">
				<ele>585.81</ele>
				<time>2026-08-06T16:43:36.106Z</time>
			</trkpt>
			<trkpt lat="40.11125" lon="20.77401">
				<ele>589.61</ele>
				<time>2026-08-06T16:43:37.598Z</time>
			</trkpt>
			<trkpt lat="40.11188" lon="20.77446">
				<ele>590.46</ele>
				<time>2026-08-06T16:43:42.324Z</time>
			</trkpt>
			<trkpt lat="40.11213" lon="20.77466">
				<ele>590.05</ele>
				<time>2026-08-06T16:43:44.253Z</time>
			</trkpt>
			<trkpt lat="40.1122" lon="20.77473">
				<ele>590.13</ele>
				<time>2026-08-06T16:43:44.833Z</time>
			</trkpt>
			<trkpt lat="40.11231" lon="20.77495">
				<ele>589.43</ele>
				<time>2026-08-06T16:43:46.156Z</time>
			</trkpt>
			<trkpt lat="40.11253" lon="20.77551">
				<ele>589.06</ele>
				<time>2026-08-06T16:43:49.324Z</time>
			</trkpt>
			<trkpt lat="40.11266" lon="20.77577">
				<ele>585.67</ele>
				<time>2026-08-06T16:43:50.887Z</time>
			</trkpt>
			<trkpt lat="40.11275" lon="20.77592">
				<ele>584.01</ele>
				<time>2026-08-06T16:43:51.846Z</time>
			</trkpt>
			<trkpt lat="40.1129" lon="20.77608">
				<ele>580.5</ele>
				<time>2026-08-06T16:43:53.119Z</time>
			</trkpt>
			<trkpt lat="40.11321" lon="20.7763">
				<ele>578.24</ele>
				<time>2026-08-06T16:43:55.439Z</time>
			</trkpt>
			<trkpt lat="40.11349" lon="20.77646">
				<ele>577.4</ele>
				<time>2026-08-06T16:43:57.448Z</time>
			</trkpt>
			<trkpt lat="40.11367" lon="20.77656">
				<ele>577.34</ele>
				<time>2026-08-06T16:43:58.734Z</time>
			</trkpt>
			<trkpt lat="40.11394" lon="20.77668">
				<ele>580.02</ele>
				<time>2026-08-06T16:44:00.609Z</time>
			</trkpt>
			<trkpt lat="40.11466" lon="20.77679">
				<ele>582.5</ele>
				<time>2026-08-06T16:44:05.374Z</time>
			</trkpt>
			<trkpt lat="40.11488" lon="20.77686">
				<ele>581.09</ele>
				<time>2026-08-06T16:44:06.862Z</time>
			</trkpt>
			<trkpt lat="40.11502" lon="20.77697">
				<ele>579.35</ele>
				<time>2026-08-06T16:44:07.935Z</time>
			</trkpt>
			<trkpt lat="40.11559" lon="20.77771">
				<ele>576.07</ele>
				<time>2026-08-06T16:44:13.211Z</time>
			</trkpt>
			<trkpt lat="40.11575" lon="20.77795">
				<ele>577.35</ele>
				<time>2026-08-06T16:44:14.811Z</time>
			</trkpt>
			<trkpt lat="40.11582" lon="20.77812">
				<ele>577.35</ele>
				<time>2026-08-06T16:44:15.780Z</time>
			</trkpt>
			<trkpt lat="40.11598" lon="20.77879">
				<ele>569.37</ele>
				<time>2026-08-06T16:44:19.305Z</time>
			</trkpt>
			<trkpt lat="40.11605" lon="20.77903">
				<ele>564.9</ele>
				<time>2026-08-06T16:44:20.595Z</time>
			</trkpt>
			<trkpt lat="40.11613" lon="20.77917">
				<ele>563.02</ele>
				<time>2026-08-06T16:44:21.472Z</time>
			</trkpt>
			<trkpt lat="40.1162" lon="20.77928">
				<ele>562.38</ele>
				<time>2026-08-06T16:44:22.190Z</time>
			</trkpt>
			<trkpt lat="40.11628" lon="20.77936">
				<ele>562.17</ele>
				<time>2026-08-06T16:44:22.852Z</time>
			</trkpt>
			<trkpt lat="40.11636" lon="20.7794">
				<ele>562.29</ele>
				<time>2026-08-06T16:44:23.414Z</time>
			</trkpt>
			<trkpt lat="40.11656" lon="20.77946">
				<ele>562.42</ele>
				<time>2026-08-06T16:44:24.761Z</time>
			</trkpt>
			<trkpt lat="40.11775" lon="20.77957">
				<ele>573.5</ele>
				<time>2026-08-06T16:44:32.588Z</time>
			</trkpt>
			<trkpt lat="40.11801" lon="20.77962">
				<ele>574.88</ele>
				<time>2026-08-06T16:44:34.312Z</time>
			</trkpt>
			<trkpt lat="40.11822" lon="20.77969">
				<ele>574.39</ele>
				<time>2026-08-06T16:44:35.733Z</time>
			</trkpt>
			<trkpt lat="40.11848" lon="20.77983">
				<ele>569.91</ele>
				<time>2026-08-06T16:44:37.577Z</time>
			</trkpt>
			<trkpt lat="40.11938" lon="20.78064">
				<ele>549.08</ele>
				<time>2026-08-06T16:44:44.740Z</time>
			</trkpt>
			<trkpt lat="40.11968" lon="20.78087">
				<ele>546.83</ele>
				<time>2026-08-06T16:44:47.019Z</time>
			</trkpt>
			<trkpt lat="40.12048" lon="20.78146">
				<ele>548.78</ele>
				<time>2026-08-06T16:44:53.037Z</time>
			</trkpt>
			<trkpt lat="40.12067" lon="20.78155">
				<ele>549.45</ele>
				<time>2026-08-06T16:44:54.360Z</time>
			</trkpt>
			<trkpt lat="40.12083" lon="20.78154">
				<ele>548.58</ele>
				<time>2026-08-06T16:44:55.410Z</time>
			</trkpt>
			<trkpt lat="40.12097" lon="20.78146">
				<ele>550.65</ele>
				<time>2026-08-06T16:44:56.410Z</time>
			</trkpt>
			<trkpt lat="40.12107" lon="20.78135">
				<ele>551.11</ele>
				<time>2026-08-06T16:44:57.266Z</time>
			</trkpt>
			<trkpt lat="40.12135" lon="20.78086">
				<ele>544.31</ele>
				<time>2026-08-06T16:45:00.329Z</time>
			</trkpt>
			<trkpt lat="40.12146" lon="20.78078">
				<ele>543.29</ele>
				<time>2026-08-06T16:45:01.153Z</time>
			</trkpt>
			<trkpt lat="40.12152" lon="20.78077">
				<ele>542.98</ele>
				<time>2026-08-06T16:45:01.549Z</time>
			</trkpt>
			<trkpt lat="40.12169" lon="20.7808">
				<ele>542.25</ele>
				<time>2026-08-06T16:45:02.672Z</time>
			</trkpt>
			<trkpt lat="40.12177" lon="20.78084">
				<ele>541.39</ele>
				<time>2026-08-06T16:45:03.233Z</time>
			</trkpt>
			<trkpt lat="40.12238" lon="20.78147">
				<ele>543.86</ele>
				<time>2026-08-06T16:45:08.320Z</time>
			</trkpt>
			<trkpt lat="40.12257" lon="20.78158">
				<ele>547.83</ele>
				<time>2026-08-06T16:45:09.680Z</time>
			</trkpt>
			<trkpt lat="40.12266" lon="20.78161">
				<ele>548.58</ele>
				<time>2026-08-06T16:45:10.287Z</time>
			</trkpt>
			<trkpt lat="40.1229" lon="20.78161">
				<ele>548.11</ele>
				<time>2026-08-06T16:45:11.858Z</time>
			</trkpt>
			<trkpt lat="40.12315" lon="20.78153">
				<ele>543.63</ele>
				<time>2026-08-06T16:45:13.541Z</time>
			</trkpt>
			<trkpt lat="40.12393" lon="20.78112">
				<ele>536.75</ele>
				<time>2026-08-06T16:45:19.040Z</time>
			</trkpt>
			<trkpt lat="40.12403" lon="20.78109">
				<ele>536.02</ele>
				<time>2026-08-06T16:45:19.710Z</time>
			</trkpt>
			<trkpt lat="40.12419" lon="20.78107">
				<ele>535.01</ele>
				<time>2026-08-06T16:45:20.761Z</time>
			</trkpt>
			<trkpt lat="40.12437" lon="20.78108">
				<ele>530.34</ele>
				<time>2026-08-06T16:45:21.939Z</time>
			</trkpt>
			<trkpt lat="40.12457" lon="20.78114">
				<ele>530.26</ele>
				<time>2026-08-06T16:45:23.281Z</time>
			</trkpt>
			<trkpt lat="40.12476" lon="20.78123">
				<ele>531.37</ele>
				<time>2026-08-06T16:45:24.602Z</time>
			</trkpt>
			<trkpt lat="40.12488" lon="20.78133">
				<ele>531.83</ele>
				<time>2026-08-06T16:45:25.532Z</time>
			</trkpt>
			<trkpt lat="40.12498" lon="20.78145">
				<ele>533.1</ele>
				<time>2026-08-06T16:45:26.419Z</time>
			</trkpt>
			<trkpt lat="40.12536" lon="20.78201">
				<ele>532.09</ele>
				<time>2026-08-06T16:45:30.160Z</time>
			</trkpt>
			<trkpt lat="40.12549" lon="20.78215">
				<ele>529.62</ele>
				<time>2026-08-06T16:45:31.261Z</time>
			</trkpt>
			<trkpt lat="40.12568" lon="20.78228">
				<ele>531.24</ele>
				<time>2026-08-06T16:45:32.662Z</time>
			</trkpt>
			<trkpt lat="40.12579" lon="20.78233">
				<ele>532.58</ele>
				<time>2026-08-06T16:45:33.423Z</time>
			</trkpt>
			<trkpt lat="40.12604" lon="20.78237">
				<ele>532.51</ele>
				<time>2026-08-06T16:45:35.068Z</time>
			</trkpt>
			<trkpt lat="40.12627" lon="20.78236">
				<ele>530.62</ele>
				<time>2026-08-06T16:45:36.571Z</time>
			</trkpt>
			<trkpt lat="40.1265" lon="20.78229">
				<ele>528.58</ele>
				<time>2026-08-06T16:45:38.113Z</time>
			</trkpt>
			<trkpt lat="40.1269" lon="20.78215">
				<ele>526.93</ele>
				<time>2026-08-06T16:45:40.817Z</time>
			</trkpt>
			<trkpt lat="40.12715" lon="20.78209">
				<ele>524.36</ele>
				<time>2026-08-06T16:45:42.477Z</time>
			</trkpt>
			<trkpt lat="40.12737" lon="20.7821">
				<ele>521.97</ele>
				<time>2026-08-06T16:45:43.914Z</time>
			</trkpt>
			<trkpt lat="40.12766" lon="20.78219">
				<ele>518.69</ele>
				<time>2026-08-06T16:45:45.860Z</time>
			</trkpt>
			<trkpt lat="40.1281" lon="20.78242">
				<ele>517.37</ele>
				<time>2026-08-06T16:45:48.953Z</time>
			</trkpt>
			<trkpt lat="40.12826" lon="20.78247">
				<ele>517.77</ele>
				<time>2026-08-06T16:45:50.026Z</time>
			</trkpt>
			<trkpt lat="40.12862" lon="20.78256">
				<ele>518.39</ele>
				<time>2026-08-06T16:45:52.418Z</time>
			</trkpt>
			<trkpt lat="40.12894" lon="20.78252">
				<ele>516.68</ele>
				<time>2026-08-06T16:45:54.515Z</time>
			</trkpt>
			<trkpt lat="40.12926" lon="20.78242">
				<ele>519.75</ele>
				<time>2026-08-06T16:45:56.661Z</time>
			</trkpt>
			<trkpt lat="40.12996" lon="20.78205">
				<ele>516.36</ele>
				<time>2026-08-06T16:46:01.585Z</time>
			</trkpt>
			<trkpt lat="40.13011" lon="20.782">
				<ele>517.1</ele>
				<time>2026-08-06T16:46:02.594Z</time>
			</trkpt>
			<trkpt lat="40.13089" lon="20.78188">
				<ele>515.27</ele>
				<time>2026-08-06T16:46:07.714Z</time>
			</trkpt>
			<trkpt lat="40.13118" lon="20.78188">
				<ele>515.74</ele>
				<time>2026-08-06T16:46:09.605Z</time>
			</trkpt>
			<trkpt lat="40.13135" lon="20.7819">
				<ele>515.38</ele>
				<time>2026-08-06T16:46:10.717Z</time>
			</trkpt>
			<trkpt lat="40.13154" lon="20.78195">
				<ele>513.37</ele>
				<time>2026-08-06T16:46:11.980Z</time>
			</trkpt>
			<trkpt lat="40.13168" lon="20.78205">
				<ele>511.63</ele>
				<time>2026-08-06T16:46:13.019Z</time>
			</trkpt>
			<trkpt lat="40.13184" lon="20.7822">
				<ele>512.15</ele>
				<time>2026-08-06T16:46:14.302Z</time>
			</trkpt>
			<trkpt lat="40.13199" lon="20.78239">
				<ele>513.65</ele>
				<time>2026-08-06T16:46:15.662Z</time>
			</trkpt>
			<trkpt lat="40.13209" lon="20.78254">
				<ele>513.77</ele>
				<time>2026-08-06T16:46:16.653Z</time>
			</trkpt>
			<trkpt lat="40.13221" lon="20.78285">
				<ele>513.35</ele>
				<time>2026-08-06T16:46:18.384Z</time>
			</trkpt>
			<trkpt lat="40.1332" lon="20.78575">
				<ele>515.61</ele>
				<time>2026-08-06T16:46:34.191Z</time>
			</trkpt>
			<trkpt lat="40.13331" lon="20.78602">
				<ele>515.15</ele>
				<time>2026-08-06T16:46:35.713Z</time>
			</trkpt>
			<trkpt lat="40.13347" lon="20.78632">
				<ele>515.78</ele>
				<time>2026-08-06T16:46:37.533Z</time>
			</trkpt>
			<trkpt lat="40.13367" lon="20.78663">
				<ele>515.08</ele>
				<time>2026-08-06T16:46:39.550Z</time>
			</trkpt>
			<trkpt lat="40.13542" lon="20.78881">
				<ele>515.47</ele>
				<time>2026-08-06T16:46:55.260Z</time>
			</trkpt>
			<trkpt lat="40.13564" lon="20.78901">
				<ele>516.28</ele>
				<time>2026-08-06T16:46:57.001Z</time>
			</trkpt>
			<trkpt lat="40.13573" lon="20.78907">
				<ele>517.54</ele>
				<time>2026-08-06T16:46:57.657Z</time>
			</trkpt>
			<trkpt lat="40.13611" lon="20.7892">
				<ele>523.77</ele>
				<time>2026-08-06T16:47:00.209Z</time>
			</trkpt>
			<trkpt lat="40.13638" lon="20.78935">
				<ele>522.95</ele>
				<time>2026-08-06T16:47:02.114Z</time>
			</trkpt>
			<trkpt lat="40.13664" lon="20.78966">
				<ele>522.15</ele>
				<time>2026-08-06T16:47:04.399Z</time>
			</trkpt>
			<trkpt lat="40.13685" lon="20.78996">
				<ele>519.39</ele>
				<time>2026-08-06T16:47:06.418Z</time>
			</trkpt>
			<trkpt lat="40.13714" lon="20.79031">
				<ele>515.01</ele>
				<time>2026-08-06T16:47:08.980Z</time>
			</trkpt>
			<trkpt lat="40.13732" lon="20.79049">
				<ele>514.3</ele>
				<time>2026-08-06T16:47:10.451Z</time>
			</trkpt>
			<trkpt lat="40.13752" lon="20.79066">
				<ele>515.91</ele>
				<time>2026-08-06T16:47:11.999Z</time>
			</trkpt>
			<trkpt lat="40.13797" lon="20.79091">
				<ele>517.29</ele>
				<time>2026-08-06T16:47:15.172Z</time>
			</trkpt>
			<trkpt lat="40.13815" lon="20.79104">
				<ele>518.48</ele>
				<time>2026-08-06T16:47:16.506Z</time>
			</trkpt>
			<trkpt lat="40.13831" lon="20.79123">
				<ele>519.11</ele>
				<time>2026-08-06T16:47:17.908Z</time>
			</trkpt>
			<trkpt lat="40.13865" lon="20.79172">
				<ele>518.68</ele>
				<time>2026-08-06T16:47:21.190Z</time>
			</trkpt>
			<trkpt lat="40.13963" lon="20.79339">
				<ele>521.05</ele>
				<time>2026-08-06T16:47:31.626Z</time>
			</trkpt>
			<trkpt lat="40.13969" lon="20.79357">
				<ele>520.3</ele>
				<time>2026-08-06T16:47:32.599Z</time>
			</trkpt>
			<trkpt lat="40.13974" lon="20.79411">
				<ele>518.49</ele>
				<time>2026-08-06T16:47:35.294Z</time>
			</trkpt>
			<trkpt lat="40.13978" lon="20.79433">
				<ele>519.35</ele>
				<time>2026-08-06T16:47:36.414Z</time>
			</trkpt>
			<trkpt lat="40.13986" lon="20.79457">
				<ele>521.29</ele>
				<time>2026-08-06T16:47:37.711Z</time>
			</trkpt>
			<trkpt lat="40.13996" lon="20.79478">
				<ele>522.98</ele>
				<time>2026-08-06T16:47:38.936Z</time>
			</trkpt>
			<trkpt lat="40.1401" lon="20.79505">
				<ele>525.05</ele>
				<time>2026-08-06T16:47:40.552Z</time>
			</trkpt>
			<trkpt lat="40.14032" lon="20.79539">
				<ele>526.4</ele>
				<time>2026-08-06T16:47:42.758Z</time>
			</trkpt>
			<trkpt lat="40.14065" lon="20.79584">
				<ele>529.32</ele>
				<time>2026-08-06T16:47:45.845Z</time>
			</trkpt>
			<trkpt lat="40.1411" lon="20.79654">
				<ele>524.84</ele>
				<time>2026-08-06T16:47:50.373Z</time>
			</trkpt>
			<trkpt lat="40.14124" lon="20.7968">
				<ele>526.51</ele>
				<time>2026-08-06T16:47:51.947Z</time>
			</trkpt>
			<trkpt lat="40.14136" lon="20.7971">
				<ele>531.12</ele>
				<time>2026-08-06T16:47:53.622Z</time>
			</trkpt>
			<trkpt lat="40.14143" lon="20.79736">
				<ele>533.32</ele>
				<time>2026-08-06T16:47:54.986Z</time>
			</trkpt>
			<trkpt lat="40.14148" lon="20.79765">
				<ele>533.94</ele>
				<time>2026-08-06T16:47:56.457Z</time>
			</trkpt>
			<trkpt lat="40.1415" lon="20.79789">
				<ele>533.93</ele>
				<time>2026-08-06T16:47:57.651Z</time>
			</trkpt>
			<trkpt lat="40.14148" lon="20.79844">
				<ele>535.48</ele>
				<time>2026-08-06T16:48:00.375Z</time>
			</trkpt>
			<trkpt lat="40.1415" lon="20.79867">
				<ele>534.68</ele>
				<time>2026-08-06T16:48:01.519Z</time>
			</trkpt>
			<trkpt lat="40.14158" lon="20.79897">
				<ele>531.7</ele>
				<time>2026-08-06T16:48:03.091Z</time>
			</trkpt>
			<trkpt lat="40.14164" lon="20.7991">
				<ele>530.22</ele>
				<time>2026-08-06T16:48:03.842Z</time>
			</trkpt>
			<trkpt lat="40.14179" lon="20.7993">
				<ele>531.02</ele>
				<time>2026-08-06T16:48:05.227Z</time>
			</trkpt>
			<trkpt lat="40.14226" lon="20.79983">
				<ele>532.53</ele>
				<time>2026-08-06T16:48:09.240Z</time>
			</trkpt>
			<trkpt lat="40.14299" lon="20.80072">
				<ele>528.78</ele>
				<time>2026-08-06T16:48:15.691Z</time>
			</trkpt>
			<trkpt lat="40.14499" lon="20.80343">
				<ele>535.46</ele>
				<time>2026-08-06T16:48:34.291Z</time>
			</trkpt>
			<trkpt lat="40.14513" lon="20.80367">
				<ele>535.03</ele>
				<time>2026-08-06T16:48:35.781Z</time>
			</trkpt>
			<trkpt lat="40.14533" lon="20.80413">
				<ele>535.43</ele>
				<time>2026-08-06T16:48:38.392Z</time>
			</trkpt>
			<trkpt lat="40.14538" lon="20.80446">
				<ele>535.45</ele>
				<time>2026-08-06T16:48:40.052Z</time>
			</trkpt>
			<trkpt lat="40.14538" lon="20.80477">
				<ele>536.75</ele>
				<time>2026-08-06T16:48:41.581Z</time>
			</trkpt>
			<trkpt lat="40.14535" lon="20.80501">
				<ele>537.61</ele>
				<time>2026-08-06T16:48:42.780Z</time>
			</trkpt>
			<trkpt lat="40.14528" lon="20.80539">
				<ele>538.78</ele>
				<time>2026-08-06T16:48:44.708Z</time>
			</trkpt>
			<trkpt lat="40.14499" lon="20.80659">
				<ele>539.67</ele>
				<time>2026-08-06T16:48:50.913Z</time>
			</trkpt>
			<trkpt lat="40.14489" lon="20.80704">
				<ele>540.49</ele>
				<time>2026-08-06T16:48:53.223Z</time>
			</trkpt>
			<trkpt lat="40.14483" lon="20.80758">
				<ele>541.78</ele>
				<time>2026-08-06T16:48:55.912Z</time>
			</trkpt>
			<trkpt lat="40.14482" lon="20.80779">
				<ele>542.29</ele>
				<time>2026-08-06T16:48:56.949Z</time>
			</trkpt>
			<trkpt lat="40.14486" lon="20.80816">
				<ele>543.55</ele>
				<time>2026-08-06T16:48:58.790Z</time>
			</trkpt>
			<trkpt lat="40.14493" lon="20.80835">
				<ele>544.24</ele>
				<time>2026-08-06T16:48:59.830Z</time>
			</trkpt>
			<trkpt lat="40.145" lon="20.80852">
				<ele>543.85</ele>
				<time>2026-08-06T16:49:00.781Z</time>
			</trkpt>
			<trkpt lat="40.14511" lon="20.80867">
				<ele>542.18</ele>
				<time>2026-08-06T16:49:01.805Z</time>
			</trkpt>
			<trkpt lat="40.14525" lon="20.80883">
				<ele>540.21</ele>
				<time>2026-08-06T16:49:03.003Z</time>
			</trkpt>
			<trkpt lat="40.14543" lon="20.80895">
				<ele>539.43</ele>
				<time>2026-08-06T16:49:04.304Z</time>
			</trkpt>
			<trkpt lat="40.14705" lon="20.80957">
				<ele>537.81</ele>
				<time>2026-08-06T16:49:15.176Z</time>
			</trkpt>
			<trkpt lat="40.14741" lon="20.80967">
				<ele>539.65</ele>
				<time>2026-08-06T16:49:17.545Z</time>
			</trkpt>
			<trkpt lat="40.14756" lon="20.80969">
				<ele>541.81</ele>
				<time>2026-08-06T16:49:18.516Z</time>
			</trkpt>
			<trkpt lat="40.14779" lon="20.80967">
				<ele>546.53</ele>
				<time>2026-08-06T16:49:20.000Z</time>
			</trkpt>
			<trkpt lat="40.14792" lon="20.80962">
				<ele>549.39</ele>
				<time>2026-08-06T16:49:20.872Z</time>
			</trkpt>
			<trkpt lat="40.14825" lon="20.80941">
				<ele>548.96</ele>
				<time>2026-08-06T16:49:23.234Z</time>
			</trkpt>
			<trkpt lat="40.14865" lon="20.80906">
				<ele>545.03</ele>
				<time>2026-08-06T16:49:26.330Z</time>
			</trkpt>
			<trkpt lat="40.14881" lon="20.80894">
				<ele>542.61</ele>
				<time>2026-08-06T16:49:27.517Z</time>
			</trkpt>
			<trkpt lat="40.14905" lon="20.80885">
				<ele>541.11</ele>
				<time>2026-08-06T16:49:29.123Z</time>
			</trkpt>
			<trkpt lat="40.14947" lon="20.80885">
				<ele>545.34</ele>
				<time>2026-08-06T16:49:31.824Z</time>
			</trkpt>
			<trkpt lat="40.15083" lon="20.80913">
				<ele>529.81</ele>
				<time>2026-08-06T16:49:40.677Z</time>
			</trkpt>
			<trkpt lat="40.15144" lon="20.80925">
				<ele>525.58</ele>
				<time>2026-08-06T16:49:44.642Z</time>
			</trkpt>
			<trkpt lat="40.15207" lon="20.80933">
				<ele>529.93</ele>
				<time>2026-08-06T16:49:48.709Z</time>
			</trkpt>
			<trkpt lat="40.15254" lon="20.8093">
				<ele>533.94</ele>
				<time>2026-08-06T16:49:51.732Z</time>
			</trkpt>
			<trkpt lat="40.15352" lon="20.80915">
				<ele>535.15</ele>
				<time>2026-08-06T16:49:58.068Z</time>
			</trkpt>
			<trkpt lat="40.15372" lon="20.80915">
				<ele>532.28</ele>
				<time>2026-08-06T16:49:59.353Z</time>
			</trkpt>
			<trkpt lat="40.15452" lon="20.80935">
				<ele>529.45</ele>
				<time>2026-08-06T16:50:04.581Z</time>
			</trkpt>
			<trkpt lat="40.15505" lon="20.80945">
				<ele>531.95</ele>
				<time>2026-08-06T16:50:08.018Z</time>
			</trkpt>
			<trkpt lat="40.1568" lon="20.8096">
				<ele>540.35</ele>
				<time>2026-08-06T16:50:19.267Z</time>
			</trkpt>
			<trkpt lat="40.15791" lon="20.80974">
				<ele>542.2</ele>
				<time>2026-08-06T16:50:26.416Z</time>
			</trkpt>
			<trkpt lat="40.15926" lon="20.80987">
				<ele>549.51</ele>
				<time>2026-08-06T16:50:35.090Z</time>
			</trkpt>
			<trkpt lat="40.15954" lon="20.80995">
				<ele>548.18</ele>
				<time>2026-08-06T16:50:36.926Z</time>
			</trkpt>
			<trkpt lat="40.15965" lon="20.81">
				<ele>547.04</ele>
				<time>2026-08-06T16:50:37.672Z</time>
			</trkpt>
			<trkpt lat="40.1598" lon="20.81008">
				<ele>547.31</ele>
				<time>2026-08-06T16:50:38.709Z</time>
			</trkpt>
			<trkpt lat="40.16012" lon="20.8103">
				<ele>548.01</ele>
				<time>2026-08-06T16:50:41.024Z</time>
			</trkpt>
			<trkpt lat="40.16043" lon="20.81048">
				<ele>549.88</ele>
				<time>2026-08-06T16:50:43.196Z</time>
			</trkpt>
			<trkpt lat="40.16082" lon="20.81068">
				<ele>556.37</ele>
				<time>2026-08-06T16:50:45.877Z</time>
			</trkpt>
			<trkpt lat="40.16114" lon="20.81081">
				<ele>560.26</ele>
				<time>2026-08-06T16:50:48.022Z</time>
			</trkpt>
			<trkpt lat="40.16153" lon="20.81083">
				<ele>556.09</ele>
				<time>2026-08-06T16:50:50.520Z</time>
			</trkpt>
			<trkpt lat="40.16171" lon="20.8108">
				<ele>552.35</ele>
				<time>2026-08-06T16:50:51.682Z</time>
			</trkpt>
			<trkpt lat="40.16237" lon="20.81063">
				<ele>552.29</ele>
				<time>2026-08-06T16:50:55.985Z</time>
			</trkpt>
			<trkpt lat="40.16286" lon="20.81054">
				<ele>552.26</ele>
				<time>2026-08-06T16:50:59.151Z</time>
			</trkpt>
			<trkpt lat="40.16347" lon="20.81038">
				<ele>545.53</ele>
				<time>2026-08-06T16:51:03.129Z</time>
			</trkpt>
			<trkpt lat="40.16378" lon="20.81032">
				<ele>546.99</ele>
				<time>2026-08-06T16:51:05.133Z</time>
			</trkpt>
			<trkpt lat="40.16426" lon="20.81015">
				<ele>553.64</ele>
				<time>2026-08-06T16:51:08.312Z</time>
			</trkpt>
			<trkpt lat="40.16465" lon="20.80993">
				<ele>549.9</ele>
				<time>2026-08-06T16:51:11.027Z</time>
			</trkpt>
			<trkpt lat="40.1649" lon="20.80971">
				<ele>549.23</ele>
				<time>2026-08-06T16:51:12.952Z</time>
			</trkpt>
			<trkpt lat="40.16507" lon="20.80952">
				<ele>547.65</ele>
				<time>2026-08-06T16:51:14.381Z</time>
			</trkpt>
			<trkpt lat="40.16522" lon="20.80931">
				<ele>544.79</ele>
				<time>2026-08-06T16:51:15.785Z</time>
			</trkpt>
			<trkpt lat="40.16549" lon="20.80869">
				<ele>540.42</ele>
				<time>2026-08-06T16:51:19.269Z</time>
			</trkpt>
			<trkpt lat="40.16648" lon="20.80619">
				<ele>547.82</ele>
				<time>2026-08-06T16:51:33.008Z</time>
			</trkpt>
			<trkpt lat="40.16668" lon="20.80578">
				<ele>550.12</ele>
				<time>2026-08-06T16:51:35.381Z</time>
			</trkpt>
			<trkpt lat="40.16684" lon="20.80555">
				<ele>552.74</ele>
				<time>2026-08-06T16:51:36.897Z</time>
			</trkpt>
			<trkpt lat="40.16728" lon="20.80509">
				<ele>542.02</ele>
				<time>2026-08-06T16:51:40.491Z</time>
			</trkpt>
			<trkpt lat="40.16742" lon="20.80499">
				<ele>541.56</ele>
				<time>2026-08-06T16:51:41.508Z</time>
			</trkpt>
			<trkpt lat="40.16757" lon="20.8049">
				<ele>544.02</ele>
				<time>2026-08-06T16:51:42.561Z</time>
			</trkpt>
			<trkpt lat="40.16778" lon="20.80483">
				<ele>547.98</ele>
				<time>2026-08-06T16:51:43.943Z</time>
			</trkpt>
			<trkpt lat="40.16823" lon="20.8047">
				<ele>544.95</ele>
				<time>2026-08-06T16:51:46.882Z</time>
			</trkpt>
			<trkpt lat="40.16859" lon="20.80453">
				<ele>551.17</ele>
				<time>2026-08-06T16:51:49.323Z</time>
			</trkpt>
			<trkpt lat="40.16878" lon="20.8044">
				<ele>550.72</ele>
				<time>2026-08-06T16:51:50.690Z</time>
			</trkpt>
			<trkpt lat="40.16904" lon="20.80416">
				<ele>552.65</ele>
				<time>2026-08-06T16:51:52.718Z</time>
			</trkpt>
			<trkpt lat="40.16928" lon="20.8039">
				<ele>555.79</ele>
				<time>2026-08-06T16:51:54.704Z</time>
			</trkpt>
			<trkpt lat="40.16963" lon="20.80345">
				<ele>558.59</ele>
				<time>2026-08-06T16:51:57.831Z</time>
			</trkpt>
			<trkpt lat="40.16988" lon="20.80316">
				<ele>559.28</ele>
				<time>2026-08-06T16:51:59.960Z</time>
			</trkpt>
			<trkpt lat="40.17039" lon="20.80269">
				<ele>564.32</ele>
				<time>2026-08-06T16:52:03.934Z</time>
			</trkpt>
			<trkpt lat="40.17056" lon="20.80259">
				<ele>563.72</ele>
				<time>2026-08-06T16:52:05.122Z</time>
			</trkpt>
			<trkpt lat="40.1707" lon="20.80255">
				<ele>562.48</ele>
				<time>2026-08-06T16:52:06.034Z</time>
			</trkpt>
			<trkpt lat="40.17111" lon="20.80256">
				<ele>560.6</ele>
				<time>2026-08-06T16:52:08.646Z</time>
			</trkpt>
			<trkpt lat="40.17142" lon="20.80261">
				<ele>560.44</ele>
				<time>2026-08-06T16:52:10.635Z</time>
			</trkpt>
			<trkpt lat="40.17167" lon="20.8027">
				<ele>561.46</ele>
				<time>2026-08-06T16:52:12.286Z</time>
			</trkpt>
			<trkpt lat="40.17177" lon="20.80276">
				<ele>562.46</ele>
				<time>2026-08-06T16:52:12.987Z</time>
			</trkpt>
			<trkpt lat="40.17186" lon="20.80285">
				<ele>563.13</ele>
				<time>2026-08-06T16:52:13.708Z</time>
			</trkpt>
			<trkpt lat="40.17221" lon="20.80327">
				<ele>566.28</ele>
				<time>2026-08-06T16:52:16.731Z</time>
			</trkpt>
			<trkpt lat="40.17231" lon="20.80336">
				<ele>567.26</ele>
				<time>2026-08-06T16:52:17.503Z</time>
			</trkpt>
			<trkpt lat="40.17246" lon="20.80343">
				<ele>567.89</ele>
				<time>2026-08-06T16:52:18.517Z</time>
			</trkpt>
			<trkpt lat="40.17271" lon="20.80341">
				<ele>567.34</ele>
				<time>2026-08-06T16:52:20.111Z</time>
			</trkpt>
			<trkpt lat="40.17296" lon="20.80333">
				<ele>569.52</ele>
				<time>2026-08-06T16:52:21.749Z</time>
			</trkpt>
			<trkpt lat="40.17316" lon="20.80326">
				<ele>574.05</ele>
				<time>2026-08-06T16:52:23.066Z</time>
			</trkpt>
			<trkpt lat="40.17357" lon="20.80308">
				<ele>571.98</ele>
				<time>2026-08-06T16:52:25.817Z</time>
			</trkpt>
			<trkpt lat="40.1738" lon="20.80302">
				<ele>571.89</ele>
				<time>2026-08-06T16:52:27.309Z</time>
			</trkpt>
			<trkpt lat="40.17397" lon="20.80302">
				<ele>572.51</ele>
				<time>2026-08-06T16:52:28.391Z</time>
			</trkpt>
			<trkpt lat="40.17462" lon="20.80317">
				<ele>581.03</ele>
				<time>2026-08-06T16:52:32.588Z</time>
			</trkpt>
			<trkpt lat="40.17485" lon="20.8032">
				<ele>581.41</ele>
				<time>2026-08-06T16:52:34.058Z</time>
			</trkpt>
			<trkpt lat="40.17512" lon="20.80318">
				<ele>581.13</ele>
				<time>2026-08-06T16:52:35.778Z</time>
			</trkpt>
			<trkpt lat="40.17569" lon="20.8032">
				<ele>584.37</ele>
				<time>2026-08-06T16:52:39.403Z</time>
			</trkpt>
			<trkpt lat="40.17581" lon="20.80324">
				<ele>586.36</ele>
				<time>2026-08-06T16:52:40.190Z</time>
			</trkpt>
			<trkpt lat="40.17618" lon="20.80343">
				<ele>594.32</ele>
				<time>2026-08-06T16:52:42.716Z</time>
			</trkpt>
			<trkpt lat="40.17639" lon="20.80351">
				<ele>592.26</ele>
				<time>2026-08-06T16:52:44.106Z</time>
			</trkpt>
			<trkpt lat="40.17662" lon="20.80349">
				<ele>594.02</ele>
				<time>2026-08-06T16:52:45.570Z</time>
			</trkpt>
			<trkpt lat="40.17679" lon="20.80342">
				<ele>594.81</ele>
				<time>2026-08-06T16:52:46.703Z</time>
			</trkpt>
			<trkpt lat="40.17765" lon="20.80289">
				<ele>598.22</ele>
				<time>2026-08-06T16:52:52.741Z</time>
			</trkpt>
			<trkpt lat="40.17795" lon="20.80273">
				<ele>596.78</ele>
				<time>2026-08-06T16:52:54.799Z</time>
			</trkpt>
			<trkpt lat="40.17823" lon="20.80262">
				<ele>595.82</ele>
				<time>2026-08-06T16:52:56.655Z</time>
			</trkpt>
			<trkpt lat="40.1785" lon="20.80264">
				<ele>598.53</ele>
				<time>2026-08-06T16:52:58.372Z</time>
			</trkpt>
			<trkpt lat="40.17895" lon="20.80274">
				<ele>618.43</ele>
				<time>2026-08-06T16:53:01.270Z</time>
			</trkpt>
			<trkpt lat="40.17937" lon="20.80294">
				<ele>610.41</ele>
				<time>2026-08-06T16:53:04.107Z</time>
			</trkpt>
			<trkpt lat="40.17964" lon="20.80311">
				<ele>603.39</ele>
				<time>2026-08-06T16:53:06.008Z</time>
			</trkpt>
			<trkpt lat="40.18001" lon="20.8033">
				<ele>598.65</ele>
				<time>2026-08-06T16:53:08.530Z</time>
			</trkpt>
			<trkpt lat="40.18021" lon="20.80334">
				<ele>597.83</ele>
				<time>2026-08-06T16:53:09.814Z</time>
			</trkpt>
			<trkpt lat="40.18031" lon="20.80336">
				<ele>597.53</ele>
				<time>2026-08-06T16:53:10.456Z</time>
			</trkpt>
			<trkpt lat="40.18045" lon="20.80335">
				<ele>595.16</ele>
				<time>2026-08-06T16:53:11.345Z</time>
			</trkpt>
			<trkpt lat="40.18104" lon="20.80321">
				<ele>585.99</ele>
				<time>2026-08-06T16:53:15.149Z</time>
			</trkpt>
			<trkpt lat="40.18119" lon="20.80323">
				<ele>584.82</ele>
				<time>2026-08-06T16:53:16.105Z</time>
			</trkpt>
			<trkpt lat="40.18167" lon="20.80335">
				<ele>579.94</ele>
				<time>2026-08-06T16:53:19.204Z</time>
			</trkpt>
			<trkpt lat="40.18215" lon="20.80339">
				<ele>595.83</ele>
				<time>2026-08-06T16:53:22.254Z</time>
			</trkpt>
			<trkpt lat="40.1824" lon="20.80336">
				<ele>591.52</ele>
				<time>2026-08-06T16:53:23.845Z</time>
			</trkpt>
			<trkpt lat="40.18283" lon="20.80326">
				<ele>584.35</ele>
				<time>2026-08-06T16:53:26.613Z</time>
			</trkpt>
			<trkpt lat="40.18318" lon="20.8031">
				<ele>583</ele>
				<time>2026-08-06T16:53:28.963Z</time>
			</trkpt>
			<trkpt lat="40.18392" lon="20.80285">
				<ele>578.66</ele>
				<time>2026-08-06T16:53:33.806Z</time>
			</trkpt>
			<trkpt lat="40.18412" lon="20.80283">
				<ele>579.78</ele>
				<time>2026-08-06T16:53:35.076Z</time>
			</trkpt>
			<trkpt lat="40.1851" lon="20.8028">
				<ele>579.56</ele>
				<time>2026-08-06T16:53:41.285Z</time>
			</trkpt>
			<trkpt lat="40.18544" lon="20.80276">
				<ele>577.61</ele>
				<time>2026-08-06T16:53:43.447Z</time>
			</trkpt>
			<trkpt lat="40.1859" lon="20.80259">
				<ele>574.17</ele>
				<time>2026-08-06T16:53:46.473Z</time>
			</trkpt>
			<trkpt lat="40.18621" lon="20.80242">
				<ele>567.02</ele>
				<time>2026-08-06T16:53:48.600Z</time>
			</trkpt>
			<trkpt lat="40.18646" lon="20.80224">
				<ele>564.15</ele>
				<time>2026-08-06T16:53:50.406Z</time>
			</trkpt>
			<trkpt lat="40.18665" lon="20.80205">
				<ele>564.89</ele>
				<time>2026-08-06T16:53:51.919Z</time>
			</trkpt>
			<trkpt lat="40.18673" lon="20.80194">
				<ele>565</ele>
				<time>2026-08-06T16:53:52.654Z</time>
			</trkpt>
			<trkpt lat="40.18692" lon="20.80153">
				<ele>567.09</ele>
				<time>2026-08-06T16:53:54.972Z</time>
			</trkpt>
			<trkpt lat="40.1871" lon="20.80095">
				<ele>569.92</ele>
				<time>2026-08-06T16:53:57.997Z</time>
			</trkpt>
			<trkpt lat="40.18725" lon="20.80054">
				<ele>571.95</ele>
				<time>2026-08-06T16:54:00.194Z</time>
			</trkpt>
			<trkpt lat="40.18744" lon="20.80019">
				<ele>573.78</ele>
				<time>2026-08-06T16:54:02.269Z</time>
			</trkpt>
			<trkpt lat="40.18775" lon="20.7998">
				<ele>577.5</ele>
				<time>2026-08-06T16:54:04.988Z</time>
			</trkpt>
			<trkpt lat="40.18792" lon="20.79967">
				<ele>579.96</ele>
				<time>2026-08-06T16:54:06.233Z</time>
			</trkpt>
			<trkpt lat="40.1881" lon="20.7996">
				<ele>581.21</ele>
				<time>2026-08-06T16:54:07.420Z</time>
			</trkpt>
			<trkpt lat="40.18824" lon="20.79958">
				<ele>581.64</ele>
				<time>2026-08-06T16:54:08.310Z</time>
			</trkpt>
			<trkpt lat="40.18846" lon="20.7996">
				<ele>582.91</ele>
				<time>2026-08-06T16:54:09.705Z</time>
			</trkpt>
			<trkpt lat="40.18868" lon="20.79967">
				<ele>584.49</ele>
				<time>2026-08-06T16:54:11.136Z</time>
			</trkpt>
			<trkpt lat="40.189" lon="20.79986">
				<ele>584</ele>
				<time>2026-08-06T16:54:13.357Z</time>
			</trkpt>
			<trkpt lat="40.18952" lon="20.80038">
				<ele>588.16</ele>
				<time>2026-08-06T16:54:17.492Z</time>
			</trkpt>
			<trkpt lat="40.19024" lon="20.80116">
				<ele>592.76</ele>
				<time>2026-08-06T16:54:23.396Z</time>
			</trkpt>
			<trkpt lat="40.19039" lon="20.80125">
				<ele>588.93</ele>
				<time>2026-08-06T16:54:24.438Z</time>
			</trkpt>
			<trkpt lat="40.19061" lon="20.80131">
				<ele>585.73</ele>
				<time>2026-08-06T16:54:25.858Z</time>
			</trkpt>
			<trkpt lat="40.19086" lon="20.80131">
				<ele>583.89</ele>
				<time>2026-08-06T16:54:27.437Z</time>
			</trkpt>
			<trkpt lat="40.19132" lon="20.80125">
				<ele>586.34</ele>
				<time>2026-08-06T16:54:30.356Z</time>
			</trkpt>
			<trkpt lat="40.19175" lon="20.80123">
				<ele>582.43</ele>
				<time>2026-08-06T16:54:33.072Z</time>
			</trkpt>
			<trkpt lat="40.19193" lon="20.80129">
				<ele>582.66</ele>
				<time>2026-08-06T16:54:34.244Z</time>
			</trkpt>
			<trkpt lat="40.19215" lon="20.80145">
				<ele>585.64</ele>
				<time>2026-08-06T16:54:35.833Z</time>
			</trkpt>
			<trkpt lat="40.19227" lon="20.80161">
				<ele>586.84</ele>
				<time>2026-08-06T16:54:36.914Z</time>
			</trkpt>
			<trkpt lat="40.19241" lon="20.80196">
				<ele>587.69</ele>
				<time>2026-08-06T16:54:38.819Z</time>
			</trkpt>
			<trkpt lat="40.19249" lon="20.80244">
				<ele>589.66</ele>
				<time>2026-08-06T16:54:41.187Z</time>
			</trkpt>
			<trkpt lat="40.19256" lon="20.8027">
				<ele>591.27</ele>
				<time>2026-08-06T16:54:42.515Z</time>
			</trkpt>
			<trkpt lat="40.19268" lon="20.80291">
				<ele>592.11</ele>
				<time>2026-08-06T16:54:43.779Z</time>
			</trkpt>
			<trkpt lat="40.19284" lon="20.80309">
				<ele>591.82</ele>
				<time>2026-08-06T16:54:45.110Z</time>
			</trkpt>
			<trkpt lat="40.19295" lon="20.80318">
				<ele>590.93</ele>
				<time>2026-08-06T16:54:45.928Z</time>
			</trkpt>
			<trkpt lat="40.19575" lon="20.80543">
				<ele>615.63</ele>
				<time>2026-08-06T16:55:06.640Z</time>
			</trkpt>
			<trkpt lat="40.19597" lon="20.80566">
				<ele>617.67</ele>
				<time>2026-08-06T16:55:08.413Z</time>
			</trkpt>
			<trkpt lat="40.19604" lon="20.80579">
				<ele>618.39</ele>
				<time>2026-08-06T16:55:09.179Z</time>
			</trkpt>
			<trkpt lat="40.19617" lon="20.8061">
				<ele>618.64</ele>
				<time>2026-08-06T16:55:10.880Z</time>
			</trkpt>
			<trkpt lat="40.19633" lon="20.80656">
				<ele>621.22</ele>
				<time>2026-08-06T16:55:13.312Z</time>
			</trkpt>
			<trkpt lat="40.19642" lon="20.80673">
				<ele>622.04</ele>
				<time>2026-08-06T16:55:14.307Z</time>
			</trkpt>
			<trkpt lat="40.19651" lon="20.80687">
				<ele>622.43</ele>
				<time>2026-08-06T16:55:15.187Z</time>
			</trkpt>
			<trkpt lat="40.19662" lon="20.80697">
				<ele>623.22</ele>
				<time>2026-08-06T16:55:16.030Z</time>
			</trkpt>
			<trkpt lat="40.19758" lon="20.8076">
				<ele>639.98</ele>
				<time>2026-08-06T16:55:22.790Z</time>
			</trkpt>
			<trkpt lat="40.19774" lon="20.80773">
				<ele>641.91</ele>
				<time>2026-08-06T16:55:23.976Z</time>
			</trkpt>
			<trkpt lat="40.19778" lon="20.8078">
				<ele>641.97</ele>
				<time>2026-08-06T16:55:24.396Z</time>
			</trkpt>
			<trkpt lat="40.19782" lon="20.80792">
				<ele>641.36</ele>
				<time>2026-08-06T16:55:25.025Z</time>
			</trkpt>
			<trkpt lat="40.19788" lon="20.80833">
				<ele>637.15</ele>
				<time>2026-08-06T16:55:27.032Z</time>
			</trkpt>
			<trkpt lat="40.19799" lon="20.8086">
				<ele>641.3</ele>
				<time>2026-08-06T16:55:28.503Z</time>
			</trkpt>
			<trkpt lat="40.19818" lon="20.80882">
				<ele>646.27</ele>
				<time>2026-08-06T16:55:30.098Z</time>
			</trkpt>
			<trkpt lat="40.19878" lon="20.8093">
				<ele>651.61</ele>
				<time>2026-08-06T16:55:34.522Z</time>
			</trkpt>
			<trkpt lat="40.19906" lon="20.80948">
				<ele>652.81</ele>
				<time>2026-08-06T16:55:36.484Z</time>
			</trkpt>
			<trkpt lat="40.19926" lon="20.80953">
				<ele>653.21</ele>
				<time>2026-08-06T16:55:37.764Z</time>
			</trkpt>
			<trkpt lat="40.19947" lon="20.80951">
				<ele>654.01</ele>
				<time>2026-08-06T16:55:39.088Z</time>
			</trkpt>
			<trkpt lat="40.19965" lon="20.80941">
				<ele>654.11</ele>
				<time>2026-08-06T16:55:40.318Z</time>
			</trkpt>
			<trkpt lat="40.19996" lon="20.80914">
				<ele>655.14</ele>
				<time>2026-08-06T16:55:42.658Z</time>
			</trkpt>
			<trkpt lat="40.20014" lon="20.80896">
				<ele>653.5</ele>
				<time>2026-08-06T16:55:44.082Z</time>
			</trkpt>
			<trkpt lat="40.20032" lon="20.80883">
				<ele>651.19</ele>
				<time>2026-08-06T16:55:45.375Z</time>
			</trkpt>
			<trkpt lat="40.20048" lon="20.80879">
				<ele>648.92</ele>
				<time>2026-08-06T16:55:46.398Z</time>
			</trkpt>
			<trkpt lat="40.20058" lon="20.8088">
				<ele>647.75</ele>
				<time>2026-08-06T16:55:47.029Z</time>
			</trkpt>
			<trkpt lat="40.20072" lon="20.80885">
				<ele>648.25</ele>
				<time>2026-08-06T16:55:47.941Z</time>
			</trkpt>
			<trkpt lat="40.20274" lon="20.81005">
				<ele>651.9</ele>
				<time>2026-08-06T16:56:01.876Z</time>
			</trkpt>
			<trkpt lat="40.20307" lon="20.81033">
				<ele>651.94</ele>
				<time>2026-08-06T16:56:04.345Z</time>
			</trkpt>
			<trkpt lat="40.20338" lon="20.81068">
				<ele>648.93</ele>
				<time>2026-08-06T16:56:06.915Z</time>
			</trkpt>
			<trkpt lat="40.20438" lon="20.81203">
				<ele>641.02</ele>
				<time>2026-08-06T16:56:15.930Z</time>
			</trkpt>
			<trkpt lat="40.2045" lon="20.81217">
				<ele>641.82</ele>
				<time>2026-08-06T16:56:16.938Z</time>
			</trkpt>
			<trkpt lat="40.20476" lon="20.81239">
				<ele>646.4</ele>
				<time>2026-08-06T16:56:18.881Z</time>
			</trkpt>
			<trkpt lat="40.20507" lon="20.81257">
				<ele>644.73</ele>
				<time>2026-08-06T16:56:21.008Z</time>
			</trkpt>
			<trkpt lat="40.20539" lon="20.81267">
				<ele>643.92</ele>
				<time>2026-08-06T16:56:23.071Z</time>
			</trkpt>
			<trkpt lat="40.20639" lon="20.81277">
				<ele>636.02</ele>
				<time>2026-08-06T16:56:29.360Z</time>
			</trkpt>
			<trkpt lat="40.20717" lon="20.81279">
				<ele>632.94</ele>
				<time>2026-08-06T16:56:34.251Z</time>
			</trkpt>
			<trkpt lat="40.20749" lon="20.81282">
				<ele>632.84</ele>
				<time>2026-08-06T16:56:36.262Z</time>
			</trkpt>
			<trkpt lat="40.20767" lon="20.81286">
				<ele>634.59</ele>
				<time>2026-08-06T16:56:37.406Z</time>
			</trkpt>
			<trkpt lat="40.20783" lon="20.81296">
				<ele>636.6</ele>
				<time>2026-08-06T16:56:38.517Z</time>
			</trkpt>
			<trkpt lat="40.20799" lon="20.81313">
				<ele>639.52</ele>
				<time>2026-08-06T16:56:39.808Z</time>
			</trkpt>
			<trkpt lat="40.20812" lon="20.8133">
				<ele>641.38</ele>
				<time>2026-08-06T16:56:40.959Z</time>
			</trkpt>
			<trkpt lat="40.20826" lon="20.81366">
				<ele>641.85</ele>
				<time>2026-08-06T16:56:42.892Z</time>
			</trkpt>
			<trkpt lat="40.20848" lon="20.81437">
				<ele>642.05</ele>
				<time>2026-08-06T16:56:46.558Z</time>
			</trkpt>
			<trkpt lat="40.20895" lon="20.81577">
				<ele>635.9</ele>
				<time>2026-08-06T16:56:53.871Z</time>
			</trkpt>
			<trkpt lat="40.20916" lon="20.8163">
				<ele>634.85</ele>
				<time>2026-08-06T16:56:56.726Z</time>
			</trkpt>
			<trkpt lat="40.20927" lon="20.81652">
				<ele>637.17</ele>
				<time>2026-08-06T16:56:57.983Z</time>
			</trkpt>
			<trkpt lat="40.20944" lon="20.81674">
				<ele>638.78</ele>
				<time>2026-08-06T16:56:59.479Z</time>
			</trkpt>
			<trkpt lat="40.20964" lon="20.81693">
				<ele>640.96</ele>
				<time>2026-08-06T16:57:01.025Z</time>
			</trkpt>
			<trkpt lat="40.20977" lon="20.81703">
				<ele>641.36</ele>
				<time>2026-08-06T16:57:01.969Z</time>
			</trkpt>
			<trkpt lat="40.20988" lon="20.81708">
				<ele>642.32</ele>
				<time>2026-08-06T16:57:02.697Z</time>
			</trkpt>
			<trkpt lat="40.21019" lon="20.81717">
				<ele>645.07</ele>
				<time>2026-08-06T16:57:04.684Z</time>
			</trkpt>
			<trkpt lat="40.21048" lon="20.81717">
				<ele>646.98</ele>
				<time>2026-08-06T16:57:06.499Z</time>
			</trkpt>
			<trkpt lat="40.21091" lon="20.81714">
				<ele>646.15</ele>
				<time>2026-08-06T16:57:09.192Z</time>
			</trkpt>
			<trkpt lat="40.21223" lon="20.81701">
				<ele>659.01</ele>
				<time>2026-08-06T16:57:17.471Z</time>
			</trkpt>
			<trkpt lat="40.21246" lon="20.81703">
				<ele>657.29</ele>
				<time>2026-08-06T16:57:18.912Z</time>
			</trkpt>
			<trkpt lat="40.21266" lon="20.81712">
				<ele>655.18</ele>
				<time>2026-08-06T16:57:20.234Z</time>
			</trkpt>
			<trkpt lat="40.21283" lon="20.81724">
				<ele>653.45</ele>
				<time>2026-08-06T16:57:21.441Z</time>
			</trkpt>
			<trkpt lat="40.21299" lon="20.81743">
				<ele>651.97</ele>
				<time>2026-08-06T16:57:22.791Z</time>
			</trkpt>
			<trkpt lat="40.21318" lon="20.81779">
				<ele>655.8</ele>
				<time>2026-08-06T16:57:24.880Z</time>
			</trkpt>
			<trkpt lat="40.21342" lon="20.81833">
				<ele>653.54</ele>
				<time>2026-08-06T16:57:27.861Z</time>
			</trkpt>
			<trkpt lat="40.21372" lon="20.81911">
				<ele>639.09</ele>
				<time>2026-08-06T16:57:32.028Z</time>
			</trkpt>
			<trkpt lat="40.21379" lon="20.81926">
				<ele>640.27</ele>
				<time>2026-08-06T16:57:32.867Z</time>
			</trkpt>
			<trkpt lat="40.21389" lon="20.81939">
				<ele>643.51</ele>
				<time>2026-08-06T16:57:33.747Z</time>
			</trkpt>
			<trkpt lat="40.21403" lon="20.81951">
				<ele>644.45</ele>
				<time>2026-08-06T16:57:34.792Z</time>
			</trkpt>
			<trkpt lat="40.2142" lon="20.8196">
				<ele>644.32</ele>
				<time>2026-08-06T16:57:35.937Z</time>
			</trkpt>
			<trkpt lat="40.21442" lon="20.81964">
				<ele>636.15</ele>
				<time>2026-08-06T16:57:37.324Z</time>
			</trkpt>
			<trkpt lat="40.21555" lon="20.81955">
				<ele>638.42</ele>
				<time>2026-08-06T16:57:44.393Z</time>
			</trkpt>
			<trkpt lat="40.21579" lon="20.81959">
				<ele>646.09</ele>
				<time>2026-08-06T16:57:45.903Z</time>
			</trkpt>
			<trkpt lat="40.21637" lon="20.81982">
				<ele>639.96</ele>
				<time>2026-08-06T16:57:49.686Z</time>
			</trkpt>
			<trkpt lat="40.21666" lon="20.81984">
				<ele>636.11</ele>
				<time>2026-08-06T16:57:51.498Z</time>
			</trkpt>
			<trkpt lat="40.21692" lon="20.81978">
				<ele>636.05</ele>
				<time>2026-08-06T16:57:53.145Z</time>
			</trkpt>
			<trkpt lat="40.21757" lon="20.81955">
				<ele>645.46</ele>
				<time>2026-08-06T16:57:57.346Z</time>
			</trkpt>
			<trkpt lat="40.21777" lon="20.81952">
				<ele>646.36</ele>
				<time>2026-08-06T16:57:58.602Z</time>
			</trkpt>
			<trkpt lat="40.21789" lon="20.81953">
				<ele>643.85</ele>
				<time>2026-08-06T16:57:59.352Z</time>
			</trkpt>
			<trkpt lat="40.21813" lon="20.81963">
				<ele>638.96</ele>
				<time>2026-08-06T16:58:00.923Z</time>
			</trkpt>
			<trkpt lat="40.21829" lon="20.81976">
				<ele>637.34</ele>
				<time>2026-08-06T16:58:02.097Z</time>
			</trkpt>
			<trkpt lat="40.2184" lon="20.81989">
				<ele>637.63</ele>
				<time>2026-08-06T16:58:03.021Z</time>
			</trkpt>
			<trkpt lat="40.21915" lon="20.82123">
				<ele>638.69</ele>
				<time>2026-08-06T16:58:10.930Z</time>
			</trkpt>
			<trkpt lat="40.21933" lon="20.82166">
				<ele>640.03</ele>
				<time>2026-08-06T16:58:13.264Z</time>
			</trkpt>
			<trkpt lat="40.21937" lon="20.8218">
				<ele>640.39</ele>
				<time>2026-08-06T16:58:13.976Z</time>
			</trkpt>
			<trkpt lat="40.2194" lon="20.82203">
				<ele>637.13</ele>
				<time>2026-08-06T16:58:15.086Z</time>
			</trkpt>
			<trkpt lat="40.21948" lon="20.82294">
				<ele>622.86</ele>
				<time>2026-08-06T16:58:19.444Z</time>
			</trkpt>
			<trkpt lat="40.21951" lon="20.8231">
				<ele>622.34</ele>
				<time>2026-08-06T16:58:20.228Z</time>
			</trkpt>
			<trkpt lat="40.21964" lon="20.82336">
				<ele>622.4</ele>
				<time>2026-08-06T16:58:21.706Z</time>
			</trkpt>
			<trkpt lat="40.21973" lon="20.82347">
				<ele>622.97</ele>
				<time>2026-08-06T16:58:22.473Z</time>
			</trkpt>
			<trkpt lat="40.21982" lon="20.82356">
				<ele>622.5</ele>
				<time>2026-08-06T16:58:23.179Z</time>
			</trkpt>
			<trkpt lat="40.21998" lon="20.82363">
				<ele>622.37</ele>
				<time>2026-08-06T16:58:24.229Z</time>
			</trkpt>
			<trkpt lat="40.22015" lon="20.82363">
				<ele>620.8</ele>
				<time>2026-08-06T16:58:25.288Z</time>
			</trkpt>
			<trkpt lat="40.22044" lon="20.8235">
				<ele>619.49</ele>
				<time>2026-08-06T16:58:27.197Z</time>
			</trkpt>
			<trkpt lat="40.22103" lon="20.82311">
				<ele>620.34</ele>
				<time>2026-08-06T16:58:31.312Z</time>
			</trkpt>
			<trkpt lat="40.22144" lon="20.82284">
				<ele>622.96</ele>
				<time>2026-08-06T16:58:34.169Z</time>
			</trkpt>
			<trkpt lat="40.22159" lon="20.82279">
				<ele>621.8</ele>
				<time>2026-08-06T16:58:35.133Z</time>
			</trkpt>
			<trkpt lat="40.2217" lon="20.82279">
				<ele>620.65</ele>
				<time>2026-08-06T16:58:35.818Z</time>
			</trkpt>
			<trkpt lat="40.2218" lon="20.82282">
				<ele>619.89</ele>
				<time>2026-08-06T16:58:36.456Z</time>
			</trkpt>
			<trkpt lat="40.22189" lon="20.82288">
				<ele>618.74</ele>
				<time>2026-08-06T16:58:37.085Z</time>
			</trkpt>
			<trkpt lat="40.22198" lon="20.82297">
				<ele>617.21</ele>
				<time>2026-08-06T16:58:37.790Z</time>
			</trkpt>
			<trkpt lat="40.22248" lon="20.82361">
				<ele>612.86</ele>
				<time>2026-08-06T16:58:42.140Z</time>
			</trkpt>
			<trkpt lat="40.22301" lon="20.82428">
				<ele>622.85</ele>
				<time>2026-08-06T16:58:46.723Z</time>
			</trkpt>
			<trkpt lat="40.22328" lon="20.82455">
				<ele>632.57</ele>
				<time>2026-08-06T16:58:48.836Z</time>
			</trkpt>
			<trkpt lat="40.22384" lon="20.82497">
				<ele>629.51</ele>
				<time>2026-08-06T16:58:52.850Z</time>
			</trkpt>
			<trkpt lat="40.22421" lon="20.82528">
				<ele>626.39</ele>
				<time>2026-08-06T16:58:55.581Z</time>
			</trkpt>
			<trkpt lat="40.22438" lon="20.82548">
				<ele>625.51</ele>
				<time>2026-08-06T16:58:57.002Z</time>
			</trkpt>
			<trkpt lat="40.22485" lon="20.82613">
				<ele>623.04</ele>
				<time>2026-08-06T16:59:01.251Z</time>
			</trkpt>
			<trkpt lat="40.22511" lon="20.82661">
				<ele>623.81</ele>
				<time>2026-08-06T16:59:04.044Z</time>
			</trkpt>
			<trkpt lat="40.22523" lon="20.8269">
				<ele>624.83</ele>
				<time>2026-08-06T16:59:05.609Z</time>
			</trkpt>
			<trkpt lat="40.22527" lon="20.82709">
				<ele>624.25</ele>
				<time>2026-08-06T16:59:06.544Z</time>
			</trkpt>
			<trkpt lat="40.22536" lon="20.8277">
				<ele>619.59</ele>
				<time>2026-08-06T16:59:09.491Z</time>
			</trkpt>
			<trkpt lat="40.22551" lon="20.82814">
				<ele>622.85</ele>
				<time>2026-08-06T16:59:11.777Z</time>
			</trkpt>
			<trkpt lat="40.2256" lon="20.82835">
				<ele>624.98</ele>
				<time>2026-08-06T16:59:12.919Z</time>
			</trkpt>
			<trkpt lat="40.22578" lon="20.82858">
				<ele>627.04</ele>
				<time>2026-08-06T16:59:14.481Z</time>
			</trkpt>
			<trkpt lat="40.22624" lon="20.82908">
				<ele>630.23</ele>
				<time>2026-08-06T16:59:18.194Z</time>
			</trkpt>
			<trkpt lat="40.22655" lon="20.82946">
				<ele>634.58</ele>
				<time>2026-08-06T16:59:20.830Z</time>
			</trkpt>
			<trkpt lat="40.22689" lon="20.82976">
				<ele>638.25</ele>
				<time>2026-08-06T16:59:23.375Z</time>
			</trkpt>
			<trkpt lat="40.22778" lon="20.8304">
				<ele>630.76</ele>
				<time>2026-08-06T16:59:29.677Z</time>
			</trkpt>
			<trkpt lat="40.22823" lon="20.83077">
				<ele>632.65</ele>
				<time>2026-08-06T16:59:32.974Z</time>
			</trkpt>
			<trkpt lat="40.22838" lon="20.83086">
				<ele>633.98</ele>
				<time>2026-08-06T16:59:33.998Z</time>
			</trkpt>
			<trkpt lat="40.22851" lon="20.83092">
				<ele>636.49</ele>
				<time>2026-08-06T16:59:34.853Z</time>
			</trkpt>
			<trkpt lat="40.22895" lon="20.83102">
				<ele>637.16</ele>
				<time>2026-08-06T16:59:37.624Z</time>
			</trkpt>
			<trkpt lat="40.22905" lon="20.83108">
				<ele>635.87</ele>
				<time>2026-08-06T16:59:38.306Z</time>
			</trkpt>
			<trkpt lat="40.22917" lon="20.83119">
				<ele>635.36</ele>
				<time>2026-08-06T16:59:39.215Z</time>
			</trkpt>
			<trkpt lat="40.22926" lon="20.83135">
				<ele>637.19</ele>
				<time>2026-08-06T16:59:40.156Z</time>
			</trkpt>
			<trkpt lat="40.22931" lon="20.83147">
				<ele>638.75</ele>
				<time>2026-08-06T16:59:40.803Z</time>
			</trkpt>
			<trkpt lat="40.22933" lon="20.83159">
				<ele>640.12</ele>
				<time>2026-08-06T16:59:41.385Z</time>
			</trkpt>
			<trkpt lat="40.22935" lon="20.8318">
				<ele>641.65</ele>
				<time>2026-08-06T16:59:42.387Z</time>
			</trkpt>
			<trkpt lat="40.2293" lon="20.83205">
				<ele>641.85</ele>
				<time>2026-08-06T16:59:43.610Z</time>
			</trkpt>
			<trkpt lat="40.22919" lon="20.83231">
				<ele>641.69</ele>
				<time>2026-08-06T16:59:45.017Z</time>
			</trkpt>
			<trkpt lat="40.22902" lon="20.83259">
				<ele>638</ele>
				<time>2026-08-06T16:59:46.711Z</time>
			</trkpt>
			<trkpt lat="40.22892" lon="20.83284">
				<ele>635.38</ele>
				<time>2026-08-06T16:59:48.047Z</time>
			</trkpt>
			<trkpt lat="40.2289" lon="20.83297">
				<ele>635.91</ele>
				<time>2026-08-06T16:59:48.675Z</time>
			</trkpt>
			<trkpt lat="40.22891" lon="20.83311">
				<ele>637.24</ele>
				<time>2026-08-06T16:59:49.340Z</time>
			</trkpt>
			<trkpt lat="40.22895" lon="20.83325">
				<ele>638.19</ele>
				<time>2026-08-06T16:59:50.048Z</time>
			</trkpt>
			<trkpt lat="40.22907" lon="20.83349">
				<ele>637.66</ele>
				<time>2026-08-06T16:59:51.405Z</time>
			</trkpt>
			<trkpt lat="40.22925" lon="20.83367">
				<ele>636.75</ele>
				<time>2026-08-06T16:59:52.809Z</time>
			</trkpt>
			<trkpt lat="40.23006" lon="20.83424">
				<ele>639.97</ele>
				<time>2026-08-06T16:59:58.507Z</time>
			</trkpt>
			<trkpt lat="40.23032" lon="20.83445">
				<ele>634.8</ele>
				<time>2026-08-06T17:00:00.400Z</time>
			</trkpt>
			<trkpt lat="40.23045" lon="20.83461">
				<ele>634.25</ele>
				<time>2026-08-06T17:00:01.505Z</time>
			</trkpt>
			<trkpt lat="40.23053" lon="20.83479">
				<ele>633.89</ele>
				<time>2026-08-06T17:00:02.490Z</time>
			</trkpt>
			<trkpt lat="40.23058" lon="20.83511">
				<ele>634.71</ele>
				<time>2026-08-06T17:00:04.035Z</time>
			</trkpt>
			<trkpt lat="40.23058" lon="20.83525">
				<ele>634.9</ele>
				<time>2026-08-06T17:00:04.697Z</time>
			</trkpt>
			<trkpt lat="40.23054" lon="20.83542">
				<ele>633.94</ele>
				<time>2026-08-06T17:00:05.538Z</time>
			</trkpt>
			<trkpt lat="40.2304" lon="20.83578">
				<ele>630.43</ele>
				<time>2026-08-06T17:00:07.448Z</time>
			</trkpt>
			<trkpt lat="40.23013" lon="20.8364">
				<ele>629.06</ele>
				<time>2026-08-06T17:00:10.823Z</time>
			</trkpt>
			<trkpt lat="40.22941" lon="20.83797">
				<ele>632.35</ele>
				<time>2026-08-06T17:00:19.479Z</time>
			</trkpt>
			<trkpt lat="40.22921" lon="20.83836">
				<ele>632.05</ele>
				<time>2026-08-06T17:00:21.699Z</time>
			</trkpt>
			<trkpt lat="40.22898" lon="20.83889">
				<ele>631.59</ele>
				<time>2026-08-06T17:00:24.579Z</time>
			</trkpt>
			<trkpt lat="40.22888" lon="20.8392">
				<ele>635.77</ele>
				<time>2026-08-06T17:00:26.168Z</time>
			</trkpt>
			<trkpt lat="40.22879" lon="20.83946">
				<ele>638.23</ele>
				<time>2026-08-06T17:00:27.517Z</time>
			</trkpt>
			<trkpt lat="40.22874" lon="20.83978">
				<ele>637.28</ele>
				<time>2026-08-06T17:00:29.059Z</time>
			</trkpt>
			<trkpt lat="40.22872" lon="20.84058">
				<ele>634.33</ele>
				<time>2026-08-06T17:00:32.839Z</time>
			</trkpt>
			<trkpt lat="40.22875" lon="20.84098">
				<ele>635.34</ele>
				<time>2026-08-06T17:00:34.737Z</time>
			</trkpt>
			<trkpt lat="40.2288" lon="20.84131">
				<ele>641.11</ele>
				<time>2026-08-06T17:00:36.325Z</time>
			</trkpt>
			<trkpt lat="40.22903" lon="20.84203">
				<ele>653.43</ele>
				<time>2026-08-06T17:00:40.010Z</time>
			</trkpt>
			<trkpt lat="40.22907" lon="20.84244">
				<ele>654.19</ele>
				<time>2026-08-06T17:00:41.960Z</time>
			</trkpt>
			<trkpt lat="40.22905" lon="20.84273">
				<ele>650.98</ele>
				<time>2026-08-06T17:00:43.335Z</time>
			</trkpt>
			<trkpt lat="40.22901" lon="20.84291">
				<ele>648.97</ele>
				<time>2026-08-06T17:00:44.219Z</time>
			</trkpt>
			<trkpt lat="40.22895" lon="20.8431">
				<ele>648.27</ele>
				<time>2026-08-06T17:00:45.189Z</time>
			</trkpt>
			<trkpt lat="40.22881" lon="20.84343">
				<ele>650.15</ele>
				<time>2026-08-06T17:00:46.971Z</time>
			</trkpt>
			<trkpt lat="40.22852" lon="20.84403">
				<ele>644.89</ele>
				<time>2026-08-06T17:00:50.321Z</time>
			</trkpt>
			<trkpt lat="40.22836" lon="20.84431">
				<ele>642.04</ele>
				<time>2026-08-06T17:00:51.971Z</time>
			</trkpt>
			<trkpt lat="40.22818" lon="20.84454">
				<ele>640.57</ele>
				<time>2026-08-06T17:00:53.524Z</time>
			</trkpt>
			<trkpt lat="40.22804" lon="20.84468">
				<ele>640.78</ele>
				<time>2026-08-06T17:00:54.612Z</time>
			</trkpt>
			<trkpt lat="40.22736" lon="20.84527">
				<ele>642</ele>
				<time>2026-08-06T17:00:59.650Z</time>
			</trkpt>
			<trkpt lat="40.22718" lon="20.84546">
				<ele>640.65</ele>
				<time>2026-08-06T17:01:01.078Z</time>
			</trkpt>
			<trkpt lat="40.22698" lon="20.8458">
				<ele>641.39</ele>
				<time>2026-08-06T17:01:03.102Z</time>
			</trkpt>
			<trkpt lat="40.22693" lon="20.84597">
				<ele>642.4</ele>
				<time>2026-08-06T17:01:03.960Z</time>
			</trkpt>
			<trkpt lat="40.22692" lon="20.84641">
				<ele>646.01</ele>
				<time>2026-08-06T17:01:06.035Z</time>
			</trkpt>
			<trkpt lat="40.22695" lon="20.84662">
				<ele>647.84</ele>
				<time>2026-08-06T17:01:07.042Z</time>
			</trkpt>
			<trkpt lat="40.2271" lon="20.84783">
				<ele>649.47</ele>
				<time>2026-08-06T17:01:12.819Z</time>
			</trkpt>
			<trkpt lat="40.22734" lon="20.85026">
				<ele>655.44</ele>
				<time>2026-08-06T17:01:24.361Z</time>
			</trkpt>
			<trkpt lat="40.22738" lon="20.8505">
				<ele>657.32</ele>
				<time>2026-08-06T17:01:25.517Z</time>
			</trkpt>
			<trkpt lat="40.22757" lon="20.85121">
				<ele>660.25</ele>
				<time>2026-08-06T17:01:29.060Z</time>
			</trkpt>
			<trkpt lat="40.2277" lon="20.85158">
				<ele>661.54</ele>
				<time>2026-08-06T17:01:30.977Z</time>
			</trkpt>
			<trkpt lat="40.22787" lon="20.85193">
				<ele>660.64</ele>
				<time>2026-08-06T17:01:32.929Z</time>
			</trkpt>
			<trkpt lat="40.228" lon="20.85213">
				<ele>660.67</ele>
				<time>2026-08-06T17:01:34.166Z</time>
			</trkpt>
			<trkpt lat="40.22811" lon="20.85227">
				<ele>662.86</ele>
				<time>2026-08-06T17:01:35.111Z</time>
			</trkpt>
			<trkpt lat="40.22864" lon="20.85275">
				<ele>671.77</ele>
				<time>2026-08-06T17:01:39.083Z</time>
			</trkpt>
			<trkpt lat="40.22888" lon="20.85302">
				<ele>665.56</ele>
				<time>2026-08-06T17:01:41.032Z</time>
			</trkpt>
			<trkpt lat="40.22908" lon="20.85329">
				<ele>664.09</ele>
				<time>2026-08-06T17:01:42.802Z</time>
			</trkpt>
			<trkpt lat="40.22927" lon="20.85363">
				<ele>665.41</ele>
				<time>2026-08-06T17:01:44.784Z</time>
			</trkpt>
			<trkpt lat="40.22954" lon="20.85434">
				<ele>667.02</ele>
				<time>2026-08-06T17:01:48.515Z</time>
			</trkpt>
			<trkpt lat="40.22978" lon="20.85488">
				<ele>656.03</ele>
				<time>2026-08-06T17:01:51.453Z</time>
			</trkpt>
			<trkpt lat="40.2299" lon="20.85509">
				<ele>656.59</ele>
				<time>2026-08-06T17:01:52.686Z</time>
			</trkpt>
			<trkpt lat="40.23003" lon="20.85529">
				<ele>660.61</ele>
				<time>2026-08-06T17:01:53.921Z</time>
			</trkpt>
			<trkpt lat="40.23025" lon="20.85559">
				<ele>666.82</ele>
				<time>2026-08-06T17:01:55.877Z</time>
			</trkpt>
			<trkpt lat="40.23073" lon="20.8561">
				<ele>661.59</ele>
				<time>2026-08-06T17:01:59.682Z</time>
			</trkpt>
			<trkpt lat="40.23111" lon="20.85643">
				<ele>661.26</ele>
				<time>2026-08-06T17:02:02.488Z</time>
			</trkpt>
			<trkpt lat="40.23142" lon="20.85661">
				<ele>660.13</ele>
				<time>2026-08-06T17:02:04.575Z</time>
			</trkpt>
			<trkpt lat="40.2321" lon="20.85679">
				<ele>669.44</ele>
				<time>2026-08-06T17:02:08.845Z</time>
			</trkpt>
			<trkpt lat="40.23223" lon="20.85686">
				<ele>670.75</ele>
				<time>2026-08-06T17:02:09.710Z</time>
			</trkpt>
			<trkpt lat="40.23247" lon="20.85711">
				<ele>670.95</ele>
				<time>2026-08-06T17:02:11.596Z</time>
			</trkpt>
			<trkpt lat="40.23296" lon="20.85784">
				<ele>667.54</ele>
				<time>2026-08-06T17:02:16.161Z</time>
			</trkpt>
			<trkpt lat="40.23347" lon="20.85865">
				<ele>667.11</ele>
				<time>2026-08-06T17:02:21.091Z</time>
			</trkpt>
			<trkpt lat="40.23401" lon="20.8596">
				<ele>673.88</ele>
				<time>2026-08-06T17:02:26.650Z</time>
			</trkpt>
			<trkpt lat="40.23414" lon="20.85986">
				<ele>677.28</ele>
				<time>2026-08-06T17:02:28.109Z</time>
			</trkpt>
			<trkpt lat="40.23429" lon="20.86037">
				<ele>673.01</ele>
				<time>2026-08-06T17:02:30.673Z</time>
			</trkpt>
			<trkpt lat="40.23441" lon="20.86106">
				<ele>670.27</ele>
				<time>2026-08-06T17:02:33.993Z</time>
			</trkpt>
			<trkpt lat="40.23445" lon="20.86179">
				<ele>666.96</ele>
				<time>2026-08-06T17:02:37.426Z</time>
			</trkpt>
			<trkpt lat="40.23454" lon="20.86223">
				<ele>665.31</ele>
				<time>2026-08-06T17:02:39.563Z</time>
			</trkpt>
			<trkpt lat="40.23467" lon="20.86263">
				<ele>663.78</ele>
				<time>2026-08-06T17:02:41.602Z</time>
			</trkpt>
			<trkpt lat="40.23493" lon="20.86317">
				<ele>666.7</ele>
				<time>2026-08-06T17:02:44.595Z</time>
			</trkpt>
			<trkpt lat="40.23534" lon="20.86367">
				<ele>667.36</ele>
				<time>2026-08-06T17:02:48.035Z</time>
			</trkpt>
			<trkpt lat="40.23552" lon="20.86383">
				<ele>667.28</ele>
				<time>2026-08-06T17:02:49.371Z</time>
			</trkpt>
			<trkpt lat="40.23574" lon="20.86397">
				<ele>667.38</ele>
				<time>2026-08-06T17:02:50.873Z</time>
			</trkpt>
			<trkpt lat="40.23607" lon="20.86415">
				<ele>665.84</ele>
				<time>2026-08-06T17:02:53.067Z</time>
			</trkpt>
			<trkpt lat="40.23652" lon="20.86435">
				<ele>665.63</ele>
				<time>2026-08-06T17:02:55.985Z</time>
			</trkpt>
			<trkpt lat="40.23664" lon="20.86443">
				<ele>665.94</ele>
				<time>2026-08-06T17:02:56.811Z</time>
			</trkpt>
			<trkpt lat="40.2369" lon="20.86464">
				<ele>667.21</ele>
				<time>2026-08-06T17:02:58.686Z</time>
			</trkpt>
			<trkpt lat="40.23713" lon="20.86492">
				<ele>668.56</ele>
				<time>2026-08-06T17:03:00.613Z</time>
			</trkpt>
			<trkpt lat="40.23726" lon="20.86523">
				<ele>667.96</ele>
				<time>2026-08-06T17:03:02.269Z</time>
			</trkpt>
			<trkpt lat="40.23732" lon="20.86554">
				<ele>667.04</ele>
				<time>2026-08-06T17:03:03.767Z</time>
			</trkpt>
			<trkpt lat="40.23733" lon="20.86574">
				<ele>667.27</ele>
				<time>2026-08-06T17:03:04.706Z</time>
			</trkpt>
			<trkpt lat="40.23734" lon="20.86614">
				<ele>668.53</ele>
				<time>2026-08-06T17:03:06.581Z</time>
			</trkpt>
			<trkpt lat="40.23728" lon="20.8666">
				<ele>668.27</ele>
				<time>2026-08-06T17:03:08.766Z</time>
			</trkpt>
			<trkpt lat="40.2366" lon="20.86953">
				<ele>671.72</ele>
				<time>2026-08-06T17:03:23.101Z</time>
			</trkpt>
			<trkpt lat="40.23646" lon="20.87003">
				<ele>671.34</ele>
				<time>2026-08-06T17:03:25.593Z</time>
			</trkpt>
			<trkpt lat="40.23629" lon="20.8705">
				<ele>672.18</ele>
				<time>2026-08-06T17:03:28.026Z</time>
			</trkpt>
			<trkpt lat="40.2362" lon="20.87071">
				<ele>672.89</ele>
				<time>2026-08-06T17:03:29.153Z</time>
			</trkpt>
			<trkpt lat="40.23607" lon="20.87118">
				<ele>674.2</ele>
				<time>2026-08-06T17:03:31.491Z</time>
			</trkpt>
			<trkpt lat="40.23601" lon="20.87147">
				<ele>671.63</ele>
				<time>2026-08-06T17:03:32.896Z</time>
			</trkpt>
			<trkpt lat="40.23597" lon="20.87191">
				<ele>662.57</ele>
				<time>2026-08-06T17:03:34.969Z</time>
			</trkpt>
			<trkpt lat="40.23596" lon="20.87207">
				<ele>661.97</ele>
				<time>2026-08-06T17:03:35.719Z</time>
			</trkpt>
			<trkpt lat="40.23603" lon="20.87335">
				<ele>662.61</ele>
				<time>2026-08-06T17:03:41.719Z</time>
			</trkpt>
			<trkpt lat="40.23613" lon="20.87435">
				<ele>665.62</ele>
				<time>2026-08-06T17:03:46.434Z</time>
			</trkpt>
			<trkpt lat="40.23612" lon="20.87497">
				<ele>673.42</ele>
				<time>2026-08-06T17:03:49.332Z</time>
			</trkpt>
			<trkpt lat="40.2361" lon="20.8753">
				<ele>683.33</ele>
				<time>2026-08-06T17:03:50.879Z</time>
			</trkpt>
			<trkpt lat="40.23589" lon="20.87612">
				<ele>686.41</ele>
				<time>2026-08-06T17:03:54.920Z</time>
			</trkpt>
			<trkpt lat="40.23579" lon="20.87645">
				<ele>686.19</ele>
				<time>2026-08-06T17:03:56.579Z</time>
			</trkpt>
			<trkpt lat="40.23565" lon="20.87682">
				<ele>687.83</ele>
				<time>2026-08-06T17:03:58.508Z</time>
			</trkpt>
			<trkpt lat="40.23544" lon="20.87719">
				<ele>699.46</ele>
				<time>2026-08-06T17:04:00.661Z</time>
			</trkpt>
			<trkpt lat="40.23499" lon="20.87777">
				<ele>692.71</ele>
				<time>2026-08-06T17:04:04.523Z</time>
			</trkpt>
			<trkpt lat="40.23485" lon="20.87806">
				<ele>688.74</ele>
				<time>2026-08-06T17:04:06.125Z</time>
			</trkpt>
			<trkpt lat="40.23481" lon="20.8782">
				<ele>687.41</ele>
				<time>2026-08-06T17:04:06.823Z</time>
			</trkpt>
			<trkpt lat="40.23479" lon="20.87836">
				<ele>687.21</ele>
				<time>2026-08-06T17:04:07.580Z</time>
			</trkpt>
			<trkpt lat="40.23481" lon="20.87869">
				<ele>685.41</ele>
				<time>2026-08-06T17:04:09.126Z</time>
			</trkpt>
			<trkpt lat="40.23487" lon="20.87898">
				<ele>682.27</ele>
				<time>2026-08-06T17:04:10.528Z</time>
			</trkpt>
			<trkpt lat="40.2355" lon="20.88146">
				<ele>686.45</ele>
				<time>2026-08-06T17:04:22.726Z</time>
			</trkpt>
			<trkpt lat="40.2358" lon="20.8833">
				<ele>675.9</ele>
				<time>2026-08-06T17:04:31.502Z</time>
			</trkpt>
			<trkpt lat="40.23615" lon="20.88521">
				<ele>679.58</ele>
				<time>2026-08-06T17:04:40.660Z</time>
			</trkpt>
			<trkpt lat="40.23622" lon="20.88574">
				<ele>682.25</ele>
				<time>2026-08-06T17:04:43.167Z</time>
			</trkpt>
			<trkpt lat="40.23621" lon="20.88603">
				<ele>685.03</ele>
				<time>2026-08-06T17:04:44.519Z</time>
			</trkpt>
			<trkpt lat="40.23611" lon="20.88648">
				<ele>690.52</ele>
				<time>2026-08-06T17:04:46.703Z</time>
			</trkpt>
			<trkpt lat="40.23592" lon="20.88703">
				<ele>695.47</ele>
				<time>2026-08-06T17:04:49.516Z</time>
			</trkpt>
			<trkpt lat="40.23589" lon="20.88723">
				<ele>697.2</ele>
				<time>2026-08-06T17:04:50.466Z</time>
			</trkpt>
			<trkpt lat="40.23586" lon="20.88754">
				<ele>697.75</ele>
				<time>2026-08-06T17:04:51.922Z</time>
			</trkpt>
			<trkpt lat="40.23587" lon="20.88779">
				<ele>696.35</ele>
				<time>2026-08-06T17:04:53.088Z</time>
			</trkpt>
			<trkpt lat="40.23591" lon="20.88803">
				<ele>694.01</ele>
				<time>2026-08-06T17:04:54.232Z</time>
			</trkpt>
			<trkpt lat="40.23597" lon="20.88828">
				<ele>693.71</ele>
				<time>2026-08-06T17:04:55.453Z</time>
			</trkpt>
			<trkpt lat="40.23609" lon="20.88865">
				<ele>694</ele>
				<time>2026-08-06T17:04:57.325Z</time>
			</trkpt>
			<trkpt lat="40.2362" lon="20.88893">
				<ele>694.9</ele>
				<time>2026-08-06T17:04:58.792Z</time>
			</trkpt>
			<trkpt lat="40.23631" lon="20.88913">
				<ele>697.43</ele>
				<time>2026-08-06T17:04:59.940Z</time>
			</trkpt>
			<trkpt lat="40.23644" lon="20.88929">
				<ele>698.79</ele>
				<time>2026-08-06T17:05:01.028Z</time>
			</trkpt>
			<trkpt lat="40.237" lon="20.88968">
				<ele>701.19</ele>
				<time>2026-08-06T17:05:04.896Z</time>
			</trkpt>
			<trkpt lat="40.23715" lon="20.88983">
				<ele>700.14</ele>
				<time>2026-08-06T17:05:06.047Z</time>
			</trkpt>
			<trkpt lat="40.23723" lon="20.88996">
				<ele>699.53</ele>
				<time>2026-08-06T17:05:06.824Z</time>
			</trkpt>
			<trkpt lat="40.23734" lon="20.89024">
				<ele>698.91</ele>
				<time>2026-08-06T17:05:08.290Z</time>
			</trkpt>
			<trkpt lat="40.23736" lon="20.89042">
				<ele>699.09</ele>
				<time>2026-08-06T17:05:09.137Z</time>
			</trkpt>
			<trkpt lat="40.23734" lon="20.89075">
				<ele>700.91</ele>
				<time>2026-08-06T17:05:10.678Z</time>
			</trkpt>
			<trkpt lat="40.2373" lon="20.89091">
				<ele>701.73</ele>
				<time>2026-08-06T17:05:11.461Z</time>
			</trkpt>
			<trkpt lat="40.23699" lon="20.89151">
				<ele>702.65</ele>
				<time>2026-08-06T17:05:14.833Z</time>
			</trkpt>
			<trkpt lat="40.23691" lon="20.89177">
				<ele>704.52</ele>
				<time>2026-08-06T17:05:16.137Z</time>
			</trkpt>
			<trkpt lat="40.23688" lon="20.89204">
				<ele>705.25</ele>
				<time>2026-08-06T17:05:17.407Z</time>
			</trkpt>
			<trkpt lat="40.23689" lon="20.89219">
				<ele>706.67</ele>
				<time>2026-08-06T17:05:18.107Z</time>
			</trkpt>
			<trkpt lat="40.23693" lon="20.89235">
				<ele>708.67</ele>
				<time>2026-08-06T17:05:18.890Z</time>
			</trkpt>
			<trkpt lat="40.2371" lon="20.89286">
				<ele>713.97</ele>
				<time>2026-08-06T17:05:21.479Z</time>
			</trkpt>
			<trkpt lat="40.23713" lon="20.893">
				<ele>714.34</ele>
				<time>2026-08-06T17:05:22.156Z</time>
			</trkpt>
			<trkpt lat="40.23714" lon="20.89313">
				<ele>713.76</ele>
				<time>2026-08-06T17:05:22.764Z</time>
			</trkpt>
			<trkpt lat="40.23711" lon="20.89328">
				<ele>712.09</ele>
				<time>2026-08-06T17:05:23.485Z</time>
			</trkpt>
			<trkpt lat="40.23707" lon="20.8934">
				<ele>711.29</ele>
				<time>2026-08-06T17:05:24.094Z</time>
			</trkpt>
			<trkpt lat="40.23699" lon="20.89355">
				<ele>709.43</ele>
				<time>2026-08-06T17:05:24.945Z</time>
			</trkpt>
			<trkpt lat="40.2368" lon="20.89379">
				<ele>709.28</ele>
				<time>2026-08-06T17:05:26.553Z</time>
			</trkpt>
			<trkpt lat="40.2365" lon="20.89411">
				<ele>712.89</ele>
				<time>2026-08-06T17:05:28.910Z</time>
			</trkpt>
			<trkpt lat="40.23627" lon="20.89444">
				<ele>714.65</ele>
				<time>2026-08-06T17:05:30.988Z</time>
			</trkpt>
			<trkpt lat="40.23624" lon="20.89455">
				<ele>715.22</ele>
				<time>2026-08-06T17:05:31.531Z</time>
			</trkpt>
			<trkpt lat="40.23621" lon="20.8948">
				<ele>718.19</ele>
				<time>2026-08-06T17:05:32.707Z</time>
			</trkpt>
			<trkpt lat="40.23626" lon="20.89547">
				<ele>723.68</ele>
				<time>2026-08-06T17:05:35.837Z</time>
			</trkpt>
			<trkpt lat="40.23626" lon="20.89575">
				<ele>721.83</ele>
				<time>2026-08-06T17:05:37.138Z</time>
			</trkpt>
			<trkpt lat="40.23623" lon="20.89595">
				<ele>720.12</ele>
				<time>2026-08-06T17:05:38.086Z</time>
			</trkpt>
			<trkpt lat="40.23611" lon="20.89638">
				<ele>717.02</ele>
				<time>2026-08-06T17:05:40.214Z</time>
			</trkpt>
			<trkpt lat="40.23603" lon="20.89655">
				<ele>715.49</ele>
				<time>2026-08-06T17:05:41.142Z</time>
			</trkpt>
			<trkpt lat="40.2358" lon="20.89692">
				<ele>708.66</ele>
				<time>2026-08-06T17:05:43.359Z</time>
			</trkpt>
			<trkpt lat="40.23556" lon="20.89722">
				<ele>705.32</ele>
				<time>2026-08-06T17:05:45.379Z</time>
			</trkpt>
			<trkpt lat="40.23487" lon="20.89792">
				<ele>704.53</ele>
				<time>2026-08-06T17:05:50.690Z</time>
			</trkpt>
			<trkpt lat="40.23428" lon="20.89857">
				<ele>700.95</ele>
				<time>2026-08-06T17:05:55.381Z</time>
			</trkpt>
			<trkpt lat="40.23355" lon="20.89954">
				<ele>700.32</ele>
				<time>2026-08-06T17:06:01.706Z</time>
			</trkpt>
			<trkpt lat="40.23172" lon="20.90177">
				<ele>700.57</ele>
				<time>2026-08-06T17:06:16.902Z</time>
			</trkpt>
			<trkpt lat="40.2315" lon="20.90209">
				<ele>697.82</ele>
				<time>2026-08-06T17:06:18.899Z</time>
			</trkpt>
			<trkpt lat="40.23143" lon="20.90223">
				<ele>697.68</ele>
				<time>2026-08-06T17:06:19.676Z</time>
			</trkpt>
			<trkpt lat="40.23136" lon="20.90243">
				<ele>697.73</ele>
				<time>2026-08-06T17:06:20.697Z</time>
			</trkpt>
			<trkpt lat="40.23131" lon="20.90268">
				<ele>702.23</ele>
				<time>2026-08-06T17:06:21.895Z</time>
			</trkpt>
			<trkpt lat="40.23123" lon="20.9033">
				<ele>717.81</ele>
				<time>2026-08-06T17:06:24.812Z</time>
			</trkpt>
			<trkpt lat="40.23118" lon="20.90352">
				<ele>720.4</ele>
				<time>2026-08-06T17:06:25.877Z</time>
			</trkpt>
			<trkpt lat="40.23109" lon="20.90376">
				<ele>718.71</ele>
				<time>2026-08-06T17:06:27.117Z</time>
			</trkpt>
			<trkpt lat="40.23076" lon="20.90431">
				<ele>707.16</ele>
				<time>2026-08-06T17:06:30.361Z</time>
			</trkpt>
			<trkpt lat="40.23054" lon="20.90471">
				<ele>706.19</ele>
				<time>2026-08-06T17:06:32.646Z</time>
			</trkpt>
			<trkpt lat="40.23045" lon="20.90491">
				<ele>706.99</ele>
				<time>2026-08-06T17:06:33.723Z</time>
			</trkpt>
			<trkpt lat="40.23041" lon="20.90507">
				<ele>707.65</ele>
				<time>2026-08-06T17:06:34.503Z</time>
			</trkpt>
			<trkpt lat="40.22977" lon="20.9095">
				<ele>709.24</ele>
				<time>2026-08-06T17:06:55.395Z</time>
			</trkpt>
			<trkpt lat="40.22979" lon="20.9099">
				<ele>709.88</ele>
				<time>2026-08-06T17:06:57.252Z</time>
			</trkpt>
			<trkpt lat="40.22983" lon="20.91009">
				<ele>709.8</ele>
				<time>2026-08-06T17:06:58.164Z</time>
			</trkpt>
			<trkpt lat="40.22992" lon="20.91036">
				<ele>708.79</ele>
				<time>2026-08-06T17:06:59.529Z</time>
			</trkpt>
			<trkpt lat="40.23021" lon="20.91096">
				<ele>708.09</ele>
				<time>2026-08-06T17:07:02.817Z</time>
			</trkpt>
			<trkpt lat="40.23028" lon="20.9111">
				<ele>709.14</ele>
				<time>2026-08-06T17:07:03.592Z</time>
			</trkpt>
			<trkpt lat="40.23033" lon="20.91122">
				<ele>710.6</ele>
				<time>2026-08-06T17:07:04.224Z</time>
			</trkpt>
			<trkpt lat="40.23038" lon="20.91155">
				<ele>714.68</ele>
				<time>2026-08-06T17:07:05.782Z</time>
			</trkpt>
			<trkpt lat="40.23036" lon="20.91171">
				<ele>716.42</ele>
				<time>2026-08-06T17:07:06.532Z</time>
			</trkpt>
			<trkpt lat="40.23032" lon="20.9119">
				<ele>717.59</ele>
				<time>2026-08-06T17:07:07.445Z</time>
			</trkpt>
			<trkpt lat="40.23025" lon="20.91207">
				<ele>717.01</ele>
				<time>2026-08-06T17:07:08.339Z</time>
			</trkpt>
			<trkpt lat="40.23016" lon="20.91224">
				<ele>716.24</ele>
				<time>2026-08-06T17:07:09.296Z</time>
			</trkpt>
			<trkpt lat="40.23" lon="20.91249">
				<ele>716.96</ele>
				<time>2026-08-06T17:07:10.806Z</time>
			</trkpt>
			<trkpt lat="40.22941" lon="20.91334">
				<ele>711.21</ele>
				<time>2026-08-06T17:07:16.122Z</time>
			</trkpt>
			<trkpt lat="40.22923" lon="20.91365">
				<ele>707.86</ele>
				<time>2026-08-06T17:07:17.924Z</time>
			</trkpt>
			<trkpt lat="40.22916" lon="20.91387">
				<ele>708.47</ele>
				<time>2026-08-06T17:07:19.027Z</time>
			</trkpt>
			<trkpt lat="40.22913" lon="20.91404">
				<ele>708.96</ele>
				<time>2026-08-06T17:07:19.834Z</time>
			</trkpt>
			<trkpt lat="40.22911" lon="20.91426">
				<ele>711.25</ele>
				<time>2026-08-06T17:07:20.859Z</time>
			</trkpt>
			<trkpt lat="40.22912" lon="20.91542">
				<ele>718.84</ele>
				<time>2026-08-06T17:07:26.225Z</time>
			</trkpt>
			<trkpt lat="40.22909" lon="20.91562">
				<ele>719.06</ele>
				<time>2026-08-06T17:07:27.168Z</time>
			</trkpt>
			<trkpt lat="40.22894" lon="20.91624">
				<ele>717.09</ele>
				<time>2026-08-06T17:07:30.176Z</time>
			</trkpt>
			<trkpt lat="40.22845" lon="20.91791">
				<ele>717.93</ele>
				<time>2026-08-06T17:07:38.447Z</time>
			</trkpt>
			<trkpt lat="40.22827" lon="20.91846">
				<ele>718.01</ele>
				<time>2026-08-06T17:07:41.213Z</time>
			</trkpt>
			<trkpt lat="40.22815" lon="20.91873">
				<ele>718.52</ele>
				<time>2026-08-06T17:07:42.657Z</time>
			</trkpt>
			<trkpt lat="40.22792" lon="20.91914">
				<ele>720.8</ele>
				<time>2026-08-06T17:07:45.008Z</time>
			</trkpt>
			<trkpt lat="40.22734" lon="20.92008">
				<ele>719.48</ele>
				<time>2026-08-06T17:07:50.592Z</time>
			</trkpt>
			<trkpt lat="40.2265" lon="20.9215">
				<ele>722.2</ele>
				<time>2026-08-06T17:07:58.890Z</time>
			</trkpt>
			<trkpt lat="40.22635" lon="20.92184">
				<ele>723.16</ele>
				<time>2026-08-06T17:08:00.703Z</time>
			</trkpt>
			<trkpt lat="40.2263" lon="20.92197">
				<ele>723.18</ele>
				<time>2026-08-06T17:08:01.375Z</time>
			</trkpt>
			<trkpt lat="40.22628" lon="20.9221">
				<ele>723.26</ele>
				<time>2026-08-06T17:08:01.988Z</time>
			</trkpt>
			<trkpt lat="40.22625" lon="20.92238">
				<ele>723.03</ele>
				<time>2026-08-06T17:08:03.293Z</time>
			</trkpt>
			<trkpt lat="40.22625" lon="20.92259">
				<ele>722.27</ele>
				<time>2026-08-06T17:08:04.263Z</time>
			</trkpt>
			<trkpt lat="40.22627" lon="20.92279">
				<ele>721.18</ele>
				<time>2026-08-06T17:08:05.194Z</time>
			</trkpt>
			<trkpt lat="40.2265" lon="20.92367">
				<ele>720.71</ele>
				<time>2026-08-06T17:08:09.488Z</time>
			</trkpt>
			<trkpt lat="40.22664" lon="20.9244">
				<ele>727.74</ele>
				<time>2026-08-06T17:08:12.962Z</time>
			</trkpt>
			<trkpt lat="40.22672" lon="20.92475">
				<ele>729.13</ele>
				<time>2026-08-06T17:08:14.648Z</time>
			</trkpt>
			<trkpt lat="40.22707" lon="20.92562">
				<ele>722.44</ele>
				<time>2026-08-06T17:08:19.186Z</time>
			</trkpt>
			<trkpt lat="40.22729" lon="20.92622">
				<ele>729.86</ele>
				<time>2026-08-06T17:08:22.257Z</time>
			</trkpt>
			<trkpt lat="40.22769" lon="20.92712">
				<ele>728.29</ele>
				<time>2026-08-06T17:08:27.061Z</time>
			</trkpt>
			<trkpt lat="40.22774" lon="20.92731">
				<ele>726.98</ele>
				<time>2026-08-06T17:08:27.988Z</time>
			</trkpt>
			<trkpt lat="40.22774" lon="20.92746">
				<ele>725.99</ele>
				<time>2026-08-06T17:08:28.679Z</time>
			</trkpt>
			<trkpt lat="40.22768" lon="20.92767">
				<ele>726.92</ele>
				<time>2026-08-06T17:08:29.714Z</time>
			</trkpt>
			<trkpt lat="40.22763" lon="20.92776">
				<ele>727.89</ele>
				<time>2026-08-06T17:08:30.227Z</time>
			</trkpt>
			<trkpt lat="40.22748" lon="20.92791">
				<ele>733.13</ele>
				<time>2026-08-06T17:08:31.367Z</time>
			</trkpt>
			<trkpt lat="40.2274" lon="20.92793">
				<ele>732.76</ele>
				<time>2026-08-06T17:08:31.859Z</time>
			</trkpt>
			<trkpt lat="40.22723" lon="20.92795">
				<ele>730.4</ele>
				<time>2026-08-06T17:08:32.890Z</time>
			</trkpt>
			<trkpt lat="40.22712" lon="20.92793">
				<ele>733.4</ele>
				<time>2026-08-06T17:08:33.560Z</time>
			</trkpt>
			<trkpt lat="40.22675" lon="20.92777">
				<ele>734.19</ele>
				<time>2026-08-06T17:08:35.913Z</time>
			</trkpt>
			<trkpt lat="40.22662" lon="20.92773">
				<ele>734.25</ele>
				<time>2026-08-06T17:08:36.720Z</time>
			</trkpt>
			<trkpt lat="40.22651" lon="20.92772">
				<ele>734.72</ele>
				<time>2026-08-06T17:08:37.386Z</time>
			</trkpt>
			<trkpt lat="40.22641" lon="20.92775">
				<ele>735.95</ele>
				<time>2026-08-06T17:08:38.005Z</time>
			</trkpt>
			<trkpt lat="40.22631" lon="20.92781">
				<ele>736.35</ele>
				<time>2026-08-06T17:08:38.669Z</time>
			</trkpt>
			<trkpt lat="40.2262" lon="20.92791">
				<ele>736.45</ele>
				<time>2026-08-06T17:08:39.478Z</time>
			</trkpt>
			<trkpt lat="40.22614" lon="20.92802">
				<ele>737.2</ele>
				<time>2026-08-06T17:08:40.101Z</time>
			</trkpt>
			<trkpt lat="40.22606" lon="20.92823">
				<ele>737.32</ele>
				<time>2026-08-06T17:08:41.183Z</time>
			</trkpt>
			<trkpt lat="40.2257" lon="20.92936">
				<ele>742.69</ele>
				<time>2026-08-06T17:08:46.826Z</time>
			</trkpt>
			<trkpt lat="40.22555" lon="20.92964">
				<ele>744.32</ele>
				<time>2026-08-06T17:08:48.402Z</time>
			</trkpt>
			<trkpt lat="40.22543" lon="20.9298">
				<ele>748.39</ele>
				<time>2026-08-06T17:08:49.436Z</time>
			</trkpt>
			<trkpt lat="40.22461" lon="20.9306">
				<ele>752.14</ele>
				<time>2026-08-06T17:08:55.606Z</time>
			</trkpt>
			<trkpt lat="40.22431" lon="20.93091">
				<ele>753.5</ele>
				<time>2026-08-06T17:08:57.911Z</time>
			</trkpt>
			<trkpt lat="40.22413" lon="20.93112">
				<ele>754.7</ele>
				<time>2026-08-06T17:08:59.365Z</time>
			</trkpt>
			<trkpt lat="40.22371" lon="20.93172">
				<ele>750.29</ele>
				<time>2026-08-06T17:09:03.114Z</time>
			</trkpt>
			<trkpt lat="40.2235" lon="20.93208">
				<ele>751.72</ele>
				<time>2026-08-06T17:09:05.200Z</time>
			</trkpt>
			<trkpt lat="40.22337" lon="20.93234">
				<ele>752.43</ele>
				<time>2026-08-06T17:09:06.632Z</time>
			</trkpt>
			<trkpt lat="40.22327" lon="20.93259">
				<ele>755.14</ele>
				<time>2026-08-06T17:09:07.931Z</time>
			</trkpt>
			<trkpt lat="40.22321" lon="20.93284">
				<ele>757.74</ele>
				<time>2026-08-06T17:09:09.138Z</time>
			</trkpt>
			<trkpt lat="40.22321" lon="20.93317">
				<ele>761.21</ele>
				<time>2026-08-06T17:09:10.657Z</time>
			</trkpt>
			<trkpt lat="40.22325" lon="20.9335">
				<ele>764.07</ele>
				<time>2026-08-06T17:09:12.195Z</time>
			</trkpt>
			<trkpt lat="40.22326" lon="20.93396">
				<ele>767.56</ele>
				<time>2026-08-06T17:09:14.313Z</time>
			</trkpt>
			<trkpt lat="40.22323" lon="20.93417">
				<ele>766.99</ele>
				<time>2026-08-06T17:09:15.297Z</time>
			</trkpt>
			<trkpt lat="40.2232" lon="20.93428">
				<ele>766.76</ele>
				<time>2026-08-06T17:09:15.834Z</time>
			</trkpt>
			<trkpt lat="40.2231" lon="20.93452">
				<ele>765.97</ele>
				<time>2026-08-06T17:09:17.093Z</time>
			</trkpt>
			<trkpt lat="40.22287" lon="20.93483">
				<ele>764.11</ele>
				<time>2026-08-06T17:09:19.082Z</time>
			</trkpt>
			<trkpt lat="40.22233" lon="20.93548">
				<ele>768.03</ele>
				<time>2026-08-06T17:09:23.502Z</time>
			</trkpt>
			<trkpt lat="40.22213" lon="20.93567">
				<ele>772.84</ele>
				<time>2026-08-06T17:09:24.991Z</time>
			</trkpt>
			<trkpt lat="40.22199" lon="20.93578">
				<ele>774.3</ele>
				<time>2026-08-06T17:09:25.975Z</time>
			</trkpt>
			<trkpt lat="40.22178" lon="20.93584">
				<ele>772.59</ele>
				<time>2026-08-06T17:09:27.270Z</time>
			</trkpt>
			<trkpt lat="40.22168" lon="20.93585">
				<ele>770.95</ele>
				<time>2026-08-06T17:09:27.874Z</time>
			</trkpt>
			<trkpt lat="40.22142" lon="20.9358">
				<ele>771.02</ele>
				<time>2026-08-06T17:09:29.457Z</time>
			</trkpt>
			<trkpt lat="40.22099" lon="20.93563">
				<ele>766.08</ele>
				<time>2026-08-06T17:09:32.163Z</time>
			</trkpt>
			<trkpt lat="40.22081" lon="20.93562">
				<ele>766.66</ele>
				<time>2026-08-06T17:09:33.248Z</time>
			</trkpt>
			<trkpt lat="40.22066" lon="20.93565">
				<ele>766.48</ele>
				<time>2026-08-06T17:09:34.162Z</time>
			</trkpt>
			<trkpt lat="40.22057" lon="20.93573">
				<ele>766.98</ele>
				<time>2026-08-06T17:09:34.818Z</time>
			</trkpt>
			<trkpt lat="40.22049" lon="20.93584">
				<ele>765.22</ele>
				<time>2026-08-06T17:09:35.516Z</time>
			</trkpt>
			<trkpt lat="40.22043" lon="20.93601">
				<ele>762.99</ele>
				<time>2026-08-06T17:09:36.378Z</time>
			</trkpt>
			<trkpt lat="40.2204" lon="20.93633">
				<ele>761.44</ele>
				<time>2026-08-06T17:09:37.860Z</time>
			</trkpt>
			<trkpt lat="40.22041" lon="20.93652">
				<ele>762.05</ele>
				<time>2026-08-06T17:09:38.736Z</time>
			</trkpt>
			<trkpt lat="40.2205" lon="20.9368">
				<ele>766.34</ele>
				<time>2026-08-06T17:09:40.133Z</time>
			</trkpt>
			<trkpt lat="40.22077" lon="20.93749">
				<ele>767.05</ele>
				<time>2026-08-06T17:09:43.697Z</time>
			</trkpt>
			<trkpt lat="40.22081" lon="20.93766">
				<ele>767.67</ele>
				<time>2026-08-06T17:09:44.515Z</time>
			</trkpt>
			<trkpt lat="40.22086" lon="20.93812">
				<ele>770.6</ele>
				<time>2026-08-06T17:09:46.651Z</time>
			</trkpt>
			<trkpt lat="40.22086" lon="20.93839">
				<ele>771.72</ele>
				<time>2026-08-06T17:09:47.892Z</time>
			</trkpt>
			<trkpt lat="40.22084" lon="20.93856">
				<ele>770.73</ele>
				<time>2026-08-06T17:09:48.683Z</time>
			</trkpt>
			<trkpt lat="40.22076" lon="20.93894">
				<ele>764.29</ele>
				<time>2026-08-06T17:09:50.494Z</time>
			</trkpt>
			<trkpt lat="40.22067" lon="20.93923">
				<ele>762.82</ele>
				<time>2026-08-06T17:09:51.933Z</time>
			</trkpt>
			<trkpt lat="40.2204" lon="20.93996">
				<ele>758.57</ele>
				<time>2026-08-06T17:09:55.661Z</time>
			</trkpt>
			<trkpt lat="40.22035" lon="20.94017">
				<ele>757.42</ele>
				<time>2026-08-06T17:09:56.671Z</time>
			</trkpt>
			<trkpt lat="40.22036" lon="20.94042">
				<ele>760.66</ele>
				<time>2026-08-06T17:09:57.821Z</time>
			</trkpt>
			<trkpt lat="40.22043" lon="20.9407">
				<ele>764.26</ele>
				<time>2026-08-06T17:09:59.175Z</time>
			</trkpt>
			<trkpt lat="40.22059" lon="20.94111">
				<ele>765.64</ele>
				<time>2026-08-06T17:10:01.290Z</time>
			</trkpt>
			<trkpt lat="40.22065" lon="20.94134">
				<ele>765.92</ele>
				<time>2026-08-06T17:10:02.407Z</time>
			</trkpt>
			<trkpt lat="40.22066" lon="20.94158">
				<ele>763.42</ele>
				<time>2026-08-06T17:10:03.511Z</time>
			</trkpt>
			<trkpt lat="40.22064" lon="20.94182">
				<ele>762.4</ele>
				<time>2026-08-06T17:10:04.620Z</time>
			</trkpt>
			<trkpt lat="40.22052" lon="20.94263">
				<ele>769.18</ele>
				<time>2026-08-06T17:10:08.409Z</time>
			</trkpt>
			<trkpt lat="40.2205" lon="20.94309">
				<ele>768.54</ele>
				<time>2026-08-06T17:10:10.525Z</time>
			</trkpt>
			<trkpt lat="40.22051" lon="20.94331">
				<ele>765.04</ele>
				<time>2026-08-06T17:10:11.537Z</time>
			</trkpt>
			<trkpt lat="40.22054" lon="20.94357">
				<ele>759.75</ele>
				<time>2026-08-06T17:10:12.745Z</time>
			</trkpt>
			<trkpt lat="40.22066" lon="20.94412">
				<ele>761.94</ele>
				<time>2026-08-06T17:10:15.371Z</time>
			</trkpt>
			<trkpt lat="40.22071" lon="20.94443">
				<ele>767.05</ele>
				<time>2026-08-06T17:10:16.826Z</time>
			</trkpt>
			<trkpt lat="40.22073" lon="20.94469">
				<ele>768.2</ele>
				<time>2026-08-06T17:10:18.025Z</time>
			</trkpt>
			<trkpt lat="40.2207" lon="20.94496">
				<ele>766.54</ele>
				<time>2026-08-06T17:10:19.278Z</time>
			</trkpt>
			<trkpt lat="40.22052" lon="20.94547">
				<ele>762.23</ele>
				<time>2026-08-06T17:10:21.857Z</time>
			</trkpt>
			<trkpt lat="40.22048" lon="20.94565">
				<ele>760.02</ele>
				<time>2026-08-06T17:10:22.717Z</time>
			</trkpt>
			<trkpt lat="40.22048" lon="20.94583">
				<ele>758.53</ele>
				<time>2026-08-06T17:10:23.543Z</time>
			</trkpt>
			<trkpt lat="40.2205" lon="20.94613">
				<ele>758.06</ele>
				<time>2026-08-06T17:10:24.925Z</time>
			</trkpt>
			<trkpt lat="40.22055" lon="20.94635">
				<ele>758.95</ele>
				<time>2026-08-06T17:10:25.979Z</time>
			</trkpt>
			<trkpt lat="40.22059" lon="20.94676">
				<ele>759.13</ele>
				<time>2026-08-06T17:10:27.875Z</time>
			</trkpt>
			<trkpt lat="40.22059" lon="20.94707">
				<ele>757.89</ele>
				<time>2026-08-06T17:10:29.298Z</time>
			</trkpt>
			<trkpt lat="40.22055" lon="20.94751">
				<ele>756.11</ele>
				<time>2026-08-06T17:10:31.331Z</time>
			</trkpt>
			<trkpt lat="40.22032" lon="20.94925">
				<ele>761.04</ele>
				<time>2026-08-06T17:10:39.431Z</time>
			</trkpt>
			<trkpt lat="40.22031" lon="20.94971">
				<ele>761.47</ele>
				<time>2026-08-06T17:10:41.542Z</time>
			</trkpt>
			<trkpt lat="40.22032" lon="20.94994">
				<ele>759.38</ele>
				<time>2026-08-06T17:10:42.598Z</time>
			</trkpt>
			<trkpt lat="40.22035" lon="20.95016">
				<ele>757.44</ele>
				<time>2026-08-06T17:10:43.623Z</time>
			</trkpt>
			<trkpt lat="40.2205" lon="20.95094">
				<ele>749.34</ele>
				<time>2026-08-06T17:10:47.311Z</time>
			</trkpt>
			<trkpt lat="40.22076" lon="20.95254">
				<ele>745.78</ele>
				<time>2026-08-06T17:10:54.810Z</time>
			</trkpt>
			<trkpt lat="40.22084" lon="20.95289">
				<ele>750.72</ele>
				<time>2026-08-06T17:10:56.485Z</time>
			</trkpt>
			<trkpt lat="40.22095" lon="20.95319">
				<ele>754.46</ele>
				<time>2026-08-06T17:10:58.010Z</time>
			</trkpt>
			<trkpt lat="40.2214" lon="20.95408">
				<ele>755.78</ele>
				<time>2026-08-06T17:11:02.901Z</time>
			</trkpt>
			<trkpt lat="40.22152" lon="20.95437">
				<ele>755.42</ele>
				<time>2026-08-06T17:11:04.412Z</time>
			</trkpt>
			<trkpt lat="40.22156" lon="20.95454">
				<ele>755.26</ele>
				<time>2026-08-06T17:11:05.227Z</time>
			</trkpt>
			<trkpt lat="40.22167" lon="20.9555">
				<ele>752.71</ele>
				<time>2026-08-06T17:11:09.674Z</time>
			</trkpt>
			<trkpt lat="40.22172" lon="20.9558">
				<ele>751.59</ele>
				<time>2026-08-06T17:11:11.081Z</time>
			</trkpt>
			<trkpt lat="40.22185" lon="20.95623">
				<ele>749.02</ele>
				<time>2026-08-06T17:11:13.199Z</time>
			</trkpt>
			<trkpt lat="40.22224" lon="20.95733">
				<ele>750.19</ele>
				<time>2026-08-06T17:11:18.753Z</time>
			</trkpt>
			<trkpt lat="40.22283" lon="20.95889">
				<ele>748.55</ele>
				<time>2026-08-06T17:11:26.723Z</time>
			</trkpt>
			<trkpt lat="40.22297" lon="20.9593">
				<ele>747.95</ele>
				<time>2026-08-06T17:11:28.779Z</time>
			</trkpt>
			<trkpt lat="40.2231" lon="20.95996">
				<ele>751.87</ele>
				<time>2026-08-06T17:11:31.898Z</time>
			</trkpt>
			<trkpt lat="40.22314" lon="20.96071">
				<ele>763.13</ele>
				<time>2026-08-06T17:11:35.338Z</time>
			</trkpt>
			<trkpt lat="40.22317" lon="20.96085">
				<ele>763.36</ele>
				<time>2026-08-06T17:11:36.004Z</time>
			</trkpt>
			<trkpt lat="40.2233" lon="20.96112">
				<ele>759.19</ele>
				<time>2026-08-06T17:11:37.464Z</time>
			</trkpt>
			<trkpt lat="40.22338" lon="20.96123">
				<ele>758.97</ele>
				<time>2026-08-06T17:11:38.159Z</time>
			</trkpt>
			<trkpt lat="40.22369" lon="20.96146">
				<ele>767.13</ele>
				<time>2026-08-06T17:11:40.294Z</time>
			</trkpt>
			<trkpt lat="40.22387" lon="20.96154">
				<ele>770.03</ele>
				<time>2026-08-06T17:11:41.433Z</time>
			</trkpt>
			<trkpt lat="40.22403" lon="20.96157">
				<ele>769.7</ele>
				<time>2026-08-06T17:11:42.401Z</time>
			</trkpt>
			<trkpt lat="40.22429" lon="20.96152">
				<ele>769.45</ele>
				<time>2026-08-06T17:11:43.976Z</time>
			</trkpt>
			<trkpt lat="40.22503" lon="20.96122">
				<ele>772.55</ele>
				<time>2026-08-06T17:11:48.616Z</time>
			</trkpt>
			<trkpt lat="40.22519" lon="20.96118">
				<ele>771.51</ele>
				<time>2026-08-06T17:11:49.591Z</time>
			</trkpt>
			<trkpt lat="40.22557" lon="20.96115">
				<ele>768.45</ele>
				<time>2026-08-06T17:11:51.871Z</time>
			</trkpt>
			<trkpt lat="40.22577" lon="20.96115">
				<ele>772.35</ele>
				<time>2026-08-06T17:11:53.069Z</time>
			</trkpt>
			<trkpt lat="40.2262" lon="20.96121">
				<ele>772.85</ele>
				<time>2026-08-06T17:11:55.658Z</time>
			</trkpt>
			<trkpt lat="40.2265" lon="20.9613">
				<ele>769.17</ele>
				<time>2026-08-06T17:11:57.501Z</time>
			</trkpt>
			<trkpt lat="40.22668" lon="20.96142">
				<ele>765.7</ele>
				<time>2026-08-06T17:11:58.711Z</time>
			</trkpt>
			<trkpt lat="40.22687" lon="20.96157">
				<ele>766.67</ele>
				<time>2026-08-06T17:12:00.039Z</time>
			</trkpt>
			<trkpt lat="40.22728" lon="20.96213">
				<ele>772.12</ele>
				<time>2026-08-06T17:12:03.585Z</time>
			</trkpt>
			<trkpt lat="40.22737" lon="20.96238">
				<ele>773.64</ele>
				<time>2026-08-06T17:12:04.848Z</time>
			</trkpt>
			<trkpt lat="40.22739" lon="20.96259">
				<ele>773.23</ele>
				<time>2026-08-06T17:12:05.815Z</time>
			</trkpt>
			<trkpt lat="40.22735" lon="20.96288">
				<ele>771.31</ele>
				<time>2026-08-06T17:12:07.162Z</time>
			</trkpt>
			<trkpt lat="40.22725" lon="20.96317">
				<ele>769.53</ele>
				<time>2026-08-06T17:12:08.616Z</time>
			</trkpt>
			<trkpt lat="40.22716" lon="20.96357">
				<ele>771.4</ele>
				<time>2026-08-06T17:12:10.521Z</time>
			</trkpt>
			<trkpt lat="40.22716" lon="20.96377">
				<ele>772.17</ele>
				<time>2026-08-06T17:12:11.435Z</time>
			</trkpt>
			<trkpt lat="40.22719" lon="20.96393">
				<ele>773.09</ele>
				<time>2026-08-06T17:12:12.188Z</time>
			</trkpt>
			<trkpt lat="40.22726" lon="20.96406">
				<ele>774.32</ele>
				<time>2026-08-06T17:12:12.914Z</time>
			</trkpt>
			<trkpt lat="40.22738" lon="20.96421">
				<ele>778.47</ele>
				<time>2026-08-06T17:12:13.907Z</time>
			</trkpt>
			<trkpt lat="40.22813" lon="20.96495">
				<ele>777.04</ele>
				<time>2026-08-06T17:12:19.525Z</time>
			</trkpt>
			<trkpt lat="40.2284" lon="20.96527">
				<ele>781.67</ele>
				<time>2026-08-06T17:12:21.703Z</time>
			</trkpt>
			<trkpt lat="40.22847" lon="20.96538">
				<ele>782.27</ele>
				<time>2026-08-06T17:12:22.357Z</time>
			</trkpt>
			<trkpt lat="40.22853" lon="20.96553">
				<ele>782.35</ele>
				<time>2026-08-06T17:12:23.130Z</time>
			</trkpt>
			<trkpt lat="40.22855" lon="20.96574">
				<ele>779.87</ele>
				<time>2026-08-06T17:12:24.096Z</time>
			</trkpt>
			<trkpt lat="40.22855" lon="20.96604">
				<ele>778.81</ele>
				<time>2026-08-06T17:12:25.466Z</time>
			</trkpt>
			<trkpt lat="40.22849" lon="20.96672">
				<ele>785.8</ele>
				<time>2026-08-06T17:12:28.592Z</time>
			</trkpt>
			<trkpt lat="40.22839" lon="20.96752">
				<ele>797.03</ele>
				<time>2026-08-06T17:12:32.293Z</time>
			</trkpt>
			<trkpt lat="40.22835" lon="20.96776">
				<ele>795.38</ele>
				<time>2026-08-06T17:12:33.414Z</time>
			</trkpt>
			<trkpt lat="40.22829" lon="20.96792">
				<ele>793.63</ele>
				<time>2026-08-06T17:12:34.228Z</time>
			</trkpt>
			<trkpt lat="40.22794" lon="20.96853">
				<ele>789.28</ele>
				<time>2026-08-06T17:12:37.710Z</time>
			</trkpt>
			<trkpt lat="40.22788" lon="20.96869">
				<ele>789.12</ele>
				<time>2026-08-06T17:12:38.524Z</time>
			</trkpt>
			<trkpt lat="40.22785" lon="20.96882">
				<ele>790.65</ele>
				<time>2026-08-06T17:12:39.144Z</time>
			</trkpt>
			<trkpt lat="40.22784" lon="20.96895">
				<ele>791.49</ele>
				<time>2026-08-06T17:12:39.740Z</time>
			</trkpt>
			<trkpt lat="40.22784" lon="20.96909">
				<ele>791.49</ele>
				<time>2026-08-06T17:12:40.379Z</time>
			</trkpt>
			<trkpt lat="40.22787" lon="20.96922">
				<ele>791.78</ele>
				<time>2026-08-06T17:12:40.999Z</time>
			</trkpt>
			<trkpt lat="40.22798" lon="20.96949">
				<ele>794.5</ele>
				<time>2026-08-06T17:12:42.395Z</time>
			</trkpt>
			<trkpt lat="40.22826" lon="20.97011">
				<ele>796.49</ele>
				<time>2026-08-06T17:12:45.682Z</time>
			</trkpt>
			<trkpt lat="40.22836" lon="20.97044">
				<ele>795.21</ele>
				<time>2026-08-06T17:12:47.302Z</time>
			</trkpt>
			<trkpt lat="40.22843" lon="20.97073">
				<ele>794.17</ele>
				<time>2026-08-06T17:12:48.689Z</time>
			</trkpt>
			<trkpt lat="40.22851" lon="20.97129">
				<ele>793.74</ele>
				<time>2026-08-06T17:12:51.288Z</time>
			</trkpt>
			<trkpt lat="40.22851" lon="20.97158">
				<ele>794.64</ele>
				<time>2026-08-06T17:12:52.611Z</time>
			</trkpt>
			<trkpt lat="40.22847" lon="20.97186">
				<ele>795.53</ele>
				<time>2026-08-06T17:12:53.910Z</time>
			</trkpt>
			<trkpt lat="40.22839" lon="20.97221">
				<ele>797.53</ele>
				<time>2026-08-06T17:12:55.577Z</time>
			</trkpt>
			<trkpt lat="40.2281" lon="20.97318">
				<ele>793.27</ele>
				<time>2026-08-06T17:13:00.327Z</time>
			</trkpt>
			<trkpt lat="40.22808" lon="20.97336">
				<ele>791.56</ele>
				<time>2026-08-06T17:13:01.157Z</time>
			</trkpt>
			<trkpt lat="40.22807" lon="20.97351">
				<ele>791.38</ele>
				<time>2026-08-06T17:13:01.843Z</time>
			</trkpt>
			<trkpt lat="40.22809" lon="20.97366">
				<ele>791.98</ele>
				<time>2026-08-06T17:13:02.538Z</time>
			</trkpt>
			<trkpt lat="40.22815" lon="20.97378">
				<ele>793.41</ele>
				<time>2026-08-06T17:13:03.192Z</time>
			</trkpt>
			<trkpt lat="40.22827" lon="20.97392">
				<ele>795.78</ele>
				<time>2026-08-06T17:13:04.151Z</time>
			</trkpt>
			<trkpt lat="40.22879" lon="20.9744">
				<ele>794.73</ele>
				<time>2026-08-06T17:13:07.950Z</time>
			</trkpt>
			<trkpt lat="40.22907" lon="20.97467">
				<ele>793.4</ele>
				<time>2026-08-06T17:13:10.026Z</time>
			</trkpt>
			<trkpt lat="40.22914" lon="20.97476">
				<ele>791.99</ele>
				<time>2026-08-06T17:13:10.612Z</time>
			</trkpt>
			<trkpt lat="40.22917" lon="20.97486">
				<ele>789.77</ele>
				<time>2026-08-06T17:13:11.101Z</time>
			</trkpt>
			<trkpt lat="40.22919" lon="20.97496">
				<ele>787.04</ele>
				<time>2026-08-06T17:13:11.572Z</time>
			</trkpt>
			<trkpt lat="40.22919" lon="20.9751">
				<ele>784.71</ele>
				<time>2026-08-06T17:13:12.211Z</time>
			</trkpt>
			<trkpt lat="40.22916" lon="20.97526">
				<ele>781.24</ele>
				<time>2026-08-06T17:13:12.961Z</time>
			</trkpt>
			<trkpt lat="40.22902" lon="20.97577">
				<ele>794.47</ele>
				<time>2026-08-06T17:13:15.431Z</time>
			</trkpt>
			<trkpt lat="40.22886" lon="20.97624">
				<ele>795.62</ele>
				<time>2026-08-06T17:13:17.777Z</time>
			</trkpt>
			<trkpt lat="40.2287" lon="20.97663">
				<ele>790.53</ele>
				<time>2026-08-06T17:13:19.794Z</time>
			</trkpt>
			<trkpt lat="40.22845" lon="20.97708">
				<ele>789.83</ele>
				<time>2026-08-06T17:13:22.330Z</time>
			</trkpt>
			<trkpt lat="40.22788" lon="20.97796">
				<ele>786.85</ele>
				<time>2026-08-06T17:13:27.587Z</time>
			</trkpt>
			<trkpt lat="40.22776" lon="20.97819">
				<ele>787.52</ele>
				<time>2026-08-06T17:13:28.856Z</time>
			</trkpt>
			<trkpt lat="40.22768" lon="20.97844">
				<ele>787.6</ele>
				<time>2026-08-06T17:13:30.091Z</time>
			</trkpt>
			<trkpt lat="40.22765" lon="20.97861">
				<ele>787.7</ele>
				<time>2026-08-06T17:13:30.885Z</time>
			</trkpt>
			<trkpt lat="40.22764" lon="20.9788">
				<ele>787.74</ele>
				<time>2026-08-06T17:13:31.753Z</time>
			</trkpt>
			<trkpt lat="40.22767" lon="20.97929">
				<ele>788.51</ele>
				<time>2026-08-06T17:13:33.991Z</time>
			</trkpt>
			<trkpt lat="40.22766" lon="20.97969">
				<ele>789.86</ele>
				<time>2026-08-06T17:13:35.814Z</time>
			</trkpt>
			<trkpt lat="40.22763" lon="20.98002">
				<ele>793.1</ele>
				<time>2026-08-06T17:13:37.327Z</time>
			</trkpt>
			<trkpt lat="40.22758" lon="20.98032">
				<ele>792.24</ele>
				<time>2026-08-06T17:13:38.726Z</time>
			</trkpt>
			<trkpt lat="40.22721" lon="20.98145">
				<ele>785.79</ele>
				<time>2026-08-06T17:13:44.323Z</time>
			</trkpt>
			<trkpt lat="40.22717" lon="20.98171">
				<ele>785.38</ele>
				<time>2026-08-06T17:13:45.531Z</time>
			</trkpt>
			<trkpt lat="40.22716" lon="20.98196">
				<ele>785.56</ele>
				<time>2026-08-06T17:13:46.670Z</time>
			</trkpt>
			<trkpt lat="40.22718" lon="20.9822">
				<ele>785.66</ele>
				<time>2026-08-06T17:13:47.769Z</time>
			</trkpt>
			<trkpt lat="40.22727" lon="20.98253">
				<ele>784.77</ele>
				<time>2026-08-06T17:13:49.364Z</time>
			</trkpt>
			<trkpt lat="40.22773" lon="20.98353">
				<ele>781.12</ele>
				<time>2026-08-06T17:13:54.677Z</time>
			</trkpt>
			<trkpt lat="40.2281" lon="20.98462">
				<ele>786.67</ele>
				<time>2026-08-06T17:14:00.105Z</time>
			</trkpt>
			<trkpt lat="40.22821" lon="20.98485">
				<ele>787.79</ele>
				<time>2026-08-06T17:14:01.340Z</time>
			</trkpt>
			<trkpt lat="40.22842" lon="20.98512">
				<ele>788.49</ele>
				<time>2026-08-06T17:14:03.093Z</time>
			</trkpt>
			<trkpt lat="40.22853" lon="20.98522">
				<ele>788.85</ele>
				<time>2026-08-06T17:14:03.891Z</time>
			</trkpt>
			<trkpt lat="40.22897" lon="20.98545">
				<ele>787.7</ele>
				<time>2026-08-06T17:14:06.714Z</time>
			</trkpt>
			<trkpt lat="40.22911" lon="20.98556">
				<ele>786.75</ele>
				<time>2026-08-06T17:14:07.686Z</time>
			</trkpt>
			<trkpt lat="40.22931" lon="20.98577">
				<ele>785.73</ele>
				<time>2026-08-06T17:14:09.213Z</time>
			</trkpt>
			<trkpt lat="40.23007" lon="20.98686">
				<ele>785.13</ele>
				<time>2026-08-06T17:14:15.926Z</time>
			</trkpt>
			<trkpt lat="40.23023" lon="20.98712">
				<ele>784.23</ele>
				<time>2026-08-06T17:14:17.444Z</time>
			</trkpt>
			<trkpt lat="40.23045" lon="20.98752">
				<ele>781.22</ele>
				<time>2026-08-06T17:14:19.686Z</time>
			</trkpt>
			<trkpt lat="40.23061" lon="20.98783">
				<ele>778.79</ele>
				<time>2026-08-06T17:14:21.387Z</time>
			</trkpt>
			<trkpt lat="40.23074" lon="20.9882">
				<ele>777.01</ele>
				<time>2026-08-06T17:14:23.238Z</time>
			</trkpt>
			<trkpt lat="40.23136" lon="20.98804">
				<ele>786.07</ele>
				<time>2026-08-06T17:14:27.000Z</time>
			</trkpt>
			<trkpt lat="40.23181" lon="20.98784">
				<ele>786.59</ele>
				<time>2026-08-06T17:14:29.829Z</time>
			</trkpt>
			<trkpt lat="40.23219" lon="20.98769">
				<ele>787.92</ele>
				<time>2026-08-06T17:14:32.191Z</time>
			</trkpt>
			<trkpt lat="40.23248" lon="20.9876">
				<ele>789.5</ele>
				<time>2026-08-06T17:14:33.963Z</time>
			</trkpt>
			<trkpt lat="40.23263" lon="20.98758">
				<ele>790.02</ele>
				<time>2026-08-06T17:14:34.858Z</time>
			</trkpt>
			<trkpt lat="40.23269" lon="20.98761">
				<ele>789.45</ele>
				<time>2026-08-06T17:14:35.239Z</time>
			</trkpt>
			<trkpt lat="40.23325" lon="20.98805">
				<ele>784.45</ele>
				<time>2026-08-06T17:14:39.107Z</time>
			</trkpt>
			<trkpt lat="40.23334" lon="20.98813">
				<ele>783.72</ele>
				<time>2026-08-06T17:14:39.751Z</time>
			</trkpt>
			<trkpt lat="40.23362" lon="20.98846">
				<ele>783.23</ele>
				<time>2026-08-06T17:14:41.975Z</time>
			</trkpt>
			<trkpt lat="40.23418" lon="20.989">
				<ele>780.9</ele>
				<time>2026-08-06T17:14:46.070Z</time>
			</trkpt>
			<trkpt lat="40.23442" lon="20.98919">
				<ele>780.75</ele>
				<time>2026-08-06T17:14:47.718Z</time>
			</trkpt>
			<trkpt lat="40.235" lon="20.98948">
				<ele>782.63</ele>
				<time>2026-08-06T17:14:51.359Z</time>
			</trkpt>
			<trkpt lat="40.23538" lon="20.98972">
				<ele>782.8</ele>
				<time>2026-08-06T17:14:53.827Z</time>
			</trkpt>
			<trkpt lat="40.23574" lon="20.98997">
				<ele>782.17</ele>
				<time>2026-08-06T17:14:56.207Z</time>
			</trkpt>
			<trkpt lat="40.23591" lon="20.99002">
				<ele>782.13</ele>
				<time>2026-08-06T17:14:57.224Z</time>
			</trkpt>
			<trkpt lat="40.23607" lon="20.99002">
				<ele>782.59</ele>
				<time>2026-08-06T17:14:58.156Z</time>
			</trkpt>
			<trkpt lat="40.23638" lon="20.98996">
				<ele>783.71</ele>
				<time>2026-08-06T17:14:59.981Z</time>
			</trkpt>
			<trkpt lat="40.23683" lon="20.98998">
				<ele>785.16</ele>
				<time>2026-08-06T17:15:02.599Z</time>
			</trkpt>
			<trkpt lat="40.237" lon="20.98992">
				<ele>787.54</ele>
				<time>2026-08-06T17:15:03.622Z</time>
			</trkpt>
			<trkpt lat="40.23707" lon="20.98988">
				<ele>788.58</ele>
				<time>2026-08-06T17:15:04.065Z</time>
			</trkpt>
			<trkpt lat="40.2373" lon="20.98967">
				<ele>792.31</ele>
				<time>2026-08-06T17:15:05.692Z</time>
			</trkpt>
			<trkpt lat="40.23736" lon="20.98961">
				<ele>792.91</ele>
				<time>2026-08-06T17:15:06.129Z</time>
			</trkpt>
			<trkpt lat="40.23745" lon="20.98958">
				<ele>793</ele>
				<time>2026-08-06T17:15:06.668Z</time>
			</trkpt>
			<trkpt lat="40.23764" lon="20.98958">
				<ele>792.67</ele>
				<time>2026-08-06T17:15:07.768Z</time>
			</trkpt>
			<trkpt lat="40.23807" lon="20.98961">
				<ele>795.27</ele>
				<time>2026-08-06T17:15:10.260Z</time>
			</trkpt>
			<trkpt lat="40.23839" lon="20.9897">
				<ele>797.46</ele>
				<time>2026-08-06T17:15:12.151Z</time>
			</trkpt>
			<trkpt lat="40.23852" lon="20.9897">
				<ele>798.11</ele>
				<time>2026-08-06T17:15:12.902Z</time>
			</trkpt>
			<trkpt lat="40.23867" lon="20.98964">
				<ele>799.45</ele>
				<time>2026-08-06T17:15:13.807Z</time>
			</trkpt>
			<trkpt lat="40.23899" lon="20.9894">
				<ele>804.58</ele>
				<time>2026-08-06T17:15:15.933Z</time>
			</trkpt>
			<trkpt lat="40.23922" lon="20.98937">
				<ele>806.05</ele>
				<time>2026-08-06T17:15:17.265Z</time>
			</trkpt>
			<trkpt lat="40.23943" lon="20.98941">
				<ele>805.45</ele>
				<time>2026-08-06T17:15:18.486Z</time>
			</trkpt>
			<trkpt lat="40.23979" lon="20.98955">
				<ele>803.65</ele>
				<time>2026-08-06T17:15:20.646Z</time>
			</trkpt>
			<trkpt lat="40.23998" lon="20.98956">
				<ele>803.85</ele>
				<time>2026-08-06T17:15:21.739Z</time>
			</trkpt>
			<trkpt lat="40.24019" lon="20.98951">
				<ele>804.49</ele>
				<time>2026-08-06T17:15:22.965Z</time>
			</trkpt>
			<trkpt lat="40.2406" lon="20.98936">
				<ele>807.72</ele>
				<time>2026-08-06T17:15:25.408Z</time>
			</trkpt>
			<trkpt lat="40.24099" lon="20.98916">
				<ele>809.64</ele>
				<time>2026-08-06T17:15:27.808Z</time>
			</trkpt>
			<trkpt lat="40.24147" lon="20.98883">
				<ele>815.08</ele>
				<time>2026-08-06T17:15:30.912Z</time>
			</trkpt>
			<trkpt lat="40.24209" lon="20.98835">
				<ele>827.73</ele>
				<time>2026-08-06T17:15:35.028Z</time>
			</trkpt>
			<trkpt lat="40.24221" lon="20.9883">
				<ele>827.67</ele>
				<time>2026-08-06T17:15:35.747Z</time>
			</trkpt>
			<trkpt lat="40.24237" lon="20.98829">
				<ele>828.44</ele>
				<time>2026-08-06T17:15:36.662Z</time>
			</trkpt>
			<trkpt lat="40.24256" lon="20.9883">
				<ele>828.89</ele>
				<time>2026-08-06T17:15:37.747Z</time>
			</trkpt>
			<trkpt lat="40.24332" lon="20.98843">
				<ele>825.9</ele>
				<time>2026-08-06T17:15:42.117Z</time>
			</trkpt>
			<trkpt lat="40.24357" lon="20.98852">
				<ele>826.98</ele>
				<time>2026-08-06T17:15:43.594Z</time>
			</trkpt>
			<trkpt lat="40.24371" lon="20.98865">
				<ele>828.69</ele>
				<time>2026-08-06T17:15:44.571Z</time>
			</trkpt>
			<trkpt lat="40.24388" lon="20.98887">
				<ele>831.96</ele>
				<time>2026-08-06T17:15:45.931Z</time>
			</trkpt>
			<trkpt lat="40.24403" lon="20.989">
				<ele>832.7</ele>
				<time>2026-08-06T17:15:46.954Z</time>
			</trkpt>
			<trkpt lat="40.24412" lon="20.98905">
				<ele>833.33</ele>
				<time>2026-08-06T17:15:47.510Z</time>
			</trkpt>
			<trkpt lat="40.24441" lon="20.98914">
				<ele>835.83</ele>
				<time>2026-08-06T17:15:49.205Z</time>
			</trkpt>
			<trkpt lat="40.24456" lon="20.98916">
				<ele>836.01</ele>
				<time>2026-08-06T17:15:50.062Z</time>
			</trkpt>
			<trkpt lat="40.24476" lon="20.98915">
				<ele>836.02</ele>
				<time>2026-08-06T17:15:51.200Z</time>
			</trkpt>
			<trkpt lat="40.24491" lon="20.98907">
				<ele>836.86</ele>
				<time>2026-08-06T17:15:52.120Z</time>
			</trkpt>
			<trkpt lat="40.24503" lon="20.98893">
				<ele>839.03</ele>
				<time>2026-08-06T17:15:53.033Z</time>
			</trkpt>
			<trkpt lat="40.24516" lon="20.98869">
				<ele>842.63</ele>
				<time>2026-08-06T17:15:54.309Z</time>
			</trkpt>
			<trkpt lat="40.24538" lon="20.98822">
				<ele>849.81</ele>
				<time>2026-08-06T17:15:56.699Z</time>
			</trkpt>
			<trkpt lat="40.24545" lon="20.98811">
				<ele>849.57</ele>
				<time>2026-08-06T17:15:57.319Z</time>
			</trkpt>
			<trkpt lat="40.24555" lon="20.98803">
				<ele>848.17</ele>
				<time>2026-08-06T17:15:57.984Z</time>
			</trkpt>
			<trkpt lat="40.24639" lon="20.9878">
				<ele>843.73</ele>
				<time>2026-08-06T17:16:02.853Z</time>
			</trkpt>
			<trkpt lat="40.24663" lon="20.98777">
				<ele>842.22</ele>
				<time>2026-08-06T17:16:04.220Z</time>
			</trkpt>
			<trkpt lat="40.2467" lon="20.98778">
				<ele>841.88</ele>
				<time>2026-08-06T17:16:04.619Z</time>
			</trkpt>
			<trkpt lat="40.24687" lon="20.98785">
				<ele>841.07</ele>
				<time>2026-08-06T17:16:05.629Z</time>
			</trkpt>
			<trkpt lat="40.24785" lon="20.98843">
				<ele>838.79</ele>
				<time>2026-08-06T17:16:11.725Z</time>
			</trkpt>
			<trkpt lat="40.24799" lon="20.98853">
				<ele>837.38</ele>
				<time>2026-08-06T17:16:12.629Z</time>
			</trkpt>
			<trkpt lat="40.24812" lon="20.98865">
				<ele>836.21</ele>
				<time>2026-08-06T17:16:13.530Z</time>
			</trkpt>
			<trkpt lat="40.24819" lon="20.98876">
				<ele>836.19</ele>
				<time>2026-08-06T17:16:14.149Z</time>
			</trkpt>
			<trkpt lat="40.24831" lon="20.989">
				<ele>836.32</ele>
				<time>2026-08-06T17:16:15.390Z</time>
			</trkpt>
			<trkpt lat="40.24852" lon="20.9896">
				<ele>833.89</ele>
				<time>2026-08-06T17:16:18.245Z</time>
			</trkpt>
			<trkpt lat="40.2486" lon="20.98977">
				<ele>833.13</ele>
				<time>2026-08-06T17:16:19.109Z</time>
			</trkpt>
			<trkpt lat="40.24877" lon="20.99001">
				<ele>831.53</ele>
				<time>2026-08-06T17:16:20.526Z</time>
			</trkpt>
			<trkpt lat="40.24895" lon="20.99019">
				<ele>830.7</ele>
				<time>2026-08-06T17:16:21.809Z</time>
			</trkpt>
			<trkpt lat="40.2494" lon="20.99049">
				<ele>830.48</ele>
				<time>2026-08-06T17:16:24.671Z</time>
			</trkpt>
			<trkpt lat="40.24954" lon="20.99056">
				<ele>829.91</ele>
				<time>2026-08-06T17:16:25.521Z</time>
			</trkpt>
			<trkpt lat="40.24975" lon="20.99061">
				<ele>829.02</ele>
				<time>2026-08-06T17:16:26.731Z</time>
			</trkpt>
			<trkpt lat="40.25192" lon="20.99053">
				<ele>814.36</ele>
				<time>2026-08-06T17:16:39.052Z</time>
			</trkpt>
			<trkpt lat="40.25209" lon="20.99048">
				<ele>814.25</ele>
				<time>2026-08-06T17:16:40.042Z</time>
			</trkpt>
			<trkpt lat="40.25226" lon="20.99036">
				<ele>814.75</ele>
				<time>2026-08-06T17:16:41.140Z</time>
			</trkpt>
			<trkpt lat="40.25238" lon="20.99022">
				<ele>815.85</ele>
				<time>2026-08-06T17:16:42.054Z</time>
			</trkpt>
			<trkpt lat="40.25252" lon="20.98994">
				<ele>816.8</ele>
				<time>2026-08-06T17:16:43.507Z</time>
			</trkpt>
			<trkpt lat="40.25266" lon="20.9893">
				<ele>816.4</ele>
				<time>2026-08-06T17:16:46.398Z</time>
			</trkpt>
			<trkpt lat="40.25275" lon="20.98909">
				<ele>815.44</ele>
				<time>2026-08-06T17:16:47.445Z</time>
			</trkpt>
			<trkpt lat="40.25284" lon="20.98894">
				<ele>816.01</ele>
				<time>2026-08-06T17:16:48.274Z</time>
			</trkpt>
			<trkpt lat="40.25316" lon="20.98851">
				<ele>816.08</ele>
				<time>2026-08-06T17:16:50.886Z</time>
			</trkpt>
			<trkpt lat="40.25325" lon="20.98831">
				<ele>815.77</ele>
				<time>2026-08-06T17:16:51.897Z</time>
			</trkpt>
			<trkpt lat="40.25337" lon="20.98789">
				<ele>818.62</ele>
				<time>2026-08-06T17:16:53.849Z</time>
			</trkpt>
			<trkpt lat="40.25345" lon="20.98769">
				<ele>818.24</ele>
				<time>2026-08-06T17:16:54.833Z</time>
			</trkpt>
			<trkpt lat="40.2536" lon="20.98743">
				<ele>815.27</ele>
				<time>2026-08-06T17:16:56.254Z</time>
			</trkpt>
			<trkpt lat="40.25377" lon="20.98718">
				<ele>814.68</ele>
				<time>2026-08-06T17:16:57.714Z</time>
			</trkpt>
			<trkpt lat="40.25466" lon="20.98608">
				<ele>818.86</ele>
				<time>2026-08-06T17:17:04.717Z</time>
			</trkpt>
			<trkpt lat="40.25523" lon="20.98526">
				<ele>821.47</ele>
				<time>2026-08-06T17:17:09.575Z</time>
			</trkpt>
			<trkpt lat="40.25588" lon="20.98444">
				<ele>822.56</ele>
				<time>2026-08-06T17:17:14.767Z</time>
			</trkpt>
			<trkpt lat="40.25611" lon="20.9842">
				<ele>822.14</ele>
				<time>2026-08-06T17:17:16.462Z</time>
			</trkpt>
			<trkpt lat="40.25629" lon="20.98411">
				<ele>822.33</ele>
				<time>2026-08-06T17:17:17.574Z</time>
			</trkpt>
			<trkpt lat="40.25656" lon="20.98402">
				<ele>823.23</ele>
				<time>2026-08-06T17:17:19.183Z</time>
			</trkpt>
			<trkpt lat="40.25687" lon="20.98396">
				<ele>824.6</ele>
				<time>2026-08-06T17:17:20.994Z</time>
			</trkpt>
			<trkpt lat="40.25707" lon="20.98398">
				<ele>826.7</ele>
				<time>2026-08-06T17:17:22.154Z</time>
			</trkpt>
			<trkpt lat="40.25722" lon="20.98405">
				<ele>827.94</ele>
				<time>2026-08-06T17:17:23.076Z</time>
			</trkpt>
			<trkpt lat="40.25746" lon="20.98427">
				<ele>829.18</ele>
				<time>2026-08-06T17:17:24.773Z</time>
			</trkpt>
			<trkpt lat="40.2579" lon="20.98473">
				<ele>828.05</ele>
				<time>2026-08-06T17:17:28.039Z</time>
			</trkpt>
			<trkpt lat="40.25823" lon="20.98502">
				<ele>828.33</ele>
				<time>2026-08-06T17:17:30.349Z</time>
			</trkpt>
			<trkpt lat="40.2584" lon="20.98511">
				<ele>828.79</ele>
				<time>2026-08-06T17:17:31.416Z</time>
			</trkpt>
			<trkpt lat="40.25854" lon="20.98515">
				<ele>829.37</ele>
				<time>2026-08-06T17:17:32.250Z</time>
			</trkpt>
			<trkpt lat="40.25868" lon="20.98516">
				<ele>829.55</ele>
				<time>2026-08-06T17:17:33.067Z</time>
			</trkpt>
			<trkpt lat="40.25876" lon="20.98513">
				<ele>829.46</ele>
				<time>2026-08-06T17:17:33.552Z</time>
			</trkpt>
			<trkpt lat="40.25897" lon="20.985">
				<ele>829.95</ele>
				<time>2026-08-06T17:17:34.907Z</time>
			</trkpt>
			<trkpt lat="40.25906" lon="20.98491">
				<ele>830.89</ele>
				<time>2026-08-06T17:17:35.568Z</time>
			</trkpt>
			<trkpt lat="40.25915" lon="20.98479">
				<ele>832.55</ele>
				<time>2026-08-06T17:17:36.318Z</time>
			</trkpt>
			<trkpt lat="40.25954" lon="20.98416">
				<ele>840.29</ele>
				<time>2026-08-06T17:17:39.940Z</time>
			</trkpt>
			<trkpt lat="40.25969" lon="20.98443">
				<ele>831.64</ele>
				<time>2026-08-06T17:17:41.433Z</time>
			</trkpt>
			<trkpt lat="40.25977" lon="20.98465">
				<ele>828.42</ele>
				<time>2026-08-06T17:17:42.525Z</time>
			</trkpt>
			<trkpt lat="40.26022" lon="20.98656">
				<ele>818.19</ele>
				<time>2026-08-06T17:17:51.504Z</time>
			</trkpt>
			<trkpt lat="40.26027" lon="20.98681">
				<ele>818</ele>
				<time>2026-08-06T17:17:52.665Z</time>
			</trkpt>
			<trkpt lat="40.26041" lon="20.98761">
				<ele>820.72</ele>
				<time>2026-08-06T17:17:56.345Z</time>
			</trkpt>
			<trkpt lat="40.26031" lon="20.98951">
				<ele>824.59</ele>
				<time>2026-08-06T17:18:04.851Z</time>
			</trkpt>
			<trkpt lat="40.26032" lon="20.99029">
				<ele>831.95</ele>
				<time>2026-08-06T17:18:08.322Z</time>
			</trkpt>
			<trkpt lat="40.26031" lon="20.99058">
				<ele>834.8</ele>
				<time>2026-08-06T17:18:09.612Z</time>
			</trkpt>
			<trkpt lat="40.26026" lon="20.99092">
				<ele>834.41</ele>
				<time>2026-08-06T17:18:11.148Z</time>
			</trkpt>
			<trkpt lat="40.26027" lon="20.99104">
				<ele>834.08</ele>
				<time>2026-08-06T17:18:11.684Z</time>
			</trkpt>
			<trkpt lat="40.2603" lon="20.99121">
				<ele>834.25</ele>
				<time>2026-08-06T17:18:12.457Z</time>
			</trkpt>
			<trkpt lat="40.26041" lon="20.9914">
				<ele>835.36</ele>
				<time>2026-08-06T17:18:13.514Z</time>
			</trkpt>
			<trkpt lat="40.26065" lon="20.99167">
				<ele>838.49</ele>
				<time>2026-08-06T17:18:15.349Z</time>
			</trkpt>
			<trkpt lat="40.26076" lon="20.99183">
				<ele>839.89</ele>
				<time>2026-08-06T17:18:16.301Z</time>
			</trkpt>
			<trkpt lat="40.26091" lon="20.99211">
				<ele>842.77</ele>
				<time>2026-08-06T17:18:17.813Z</time>
			</trkpt>
			<trkpt lat="40.26098" lon="20.9924">
				<ele>842.37</ele>
				<time>2026-08-06T17:18:19.156Z</time>
			</trkpt>
			<trkpt lat="40.26101" lon="20.99296">
				<ele>840.32</ele>
				<time>2026-08-06T17:18:21.631Z</time>
			</trkpt>
			<trkpt lat="40.26104" lon="20.99319">
				<ele>840.03</ele>
				<time>2026-08-06T17:18:22.659Z</time>
			</trkpt>
			<trkpt lat="40.26111" lon="20.99335">
				<ele>840</ele>
				<time>2026-08-06T17:18:23.471Z</time>
			</trkpt>
			<trkpt lat="40.26121" lon="20.99347">
				<ele>840.43</ele>
				<time>2026-08-06T17:18:24.253Z</time>
			</trkpt>
			<trkpt lat="40.2613" lon="20.99355">
				<ele>840.76</ele>
				<time>2026-08-06T17:18:24.879Z</time>
			</trkpt>
			<trkpt lat="40.26188" lon="20.99391">
				<ele>841.29</ele>
				<time>2026-08-06T17:18:28.573Z</time>
			</trkpt>
			<trkpt lat="40.26222" lon="20.99419">
				<ele>842.65</ele>
				<time>2026-08-06T17:18:30.880Z</time>
			</trkpt>
			<trkpt lat="40.26245" lon="20.99429">
				<ele>844.51</ele>
				<time>2026-08-06T17:18:32.270Z</time>
			</trkpt>
			<trkpt lat="40.26271" lon="20.99434">
				<ele>845.26</ele>
				<time>2026-08-06T17:18:33.777Z</time>
			</trkpt>
			<trkpt lat="40.2629" lon="20.99434">
				<ele>845.35</ele>
				<time>2026-08-06T17:18:34.865Z</time>
			</trkpt>
			<trkpt lat="40.26302" lon="20.9943">
				<ele>846.07</ele>
				<time>2026-08-06T17:18:35.574Z</time>
			</trkpt>
			<trkpt lat="40.26317" lon="20.99418">
				<ele>847.68</ele>
				<time>2026-08-06T17:18:36.580Z</time>
			</trkpt>
			<trkpt lat="40.26362" lon="20.99376">
				<ele>850.52</ele>
				<time>2026-08-06T17:18:39.736Z</time>
			</trkpt>
			<trkpt lat="40.26379" lon="20.99365">
				<ele>850.51</ele>
				<time>2026-08-06T17:18:40.818Z</time>
			</trkpt>
			<trkpt lat="40.26404" lon="20.99355">
				<ele>852.98</ele>
				<time>2026-08-06T17:18:42.309Z</time>
			</trkpt>
			<trkpt lat="40.2642" lon="20.99353">
				<ele>855.04</ele>
				<time>2026-08-06T17:18:43.225Z</time>
			</trkpt>
			<trkpt lat="40.26438" lon="20.99357">
				<ele>856.31</ele>
				<time>2026-08-06T17:18:44.264Z</time>
			</trkpt>
			<trkpt lat="40.26477" lon="20.99376">
				<ele>860.1</ele>
				<time>2026-08-06T17:18:46.631Z</time>
			</trkpt>
			<trkpt lat="40.26483" lon="20.99382">
				<ele>859.76</ele>
				<time>2026-08-06T17:18:47.060Z</time>
			</trkpt>
			<trkpt lat="40.26493" lon="20.99396">
				<ele>858.34</ele>
				<time>2026-08-06T17:18:47.892Z</time>
			</trkpt>
			<trkpt lat="40.26517" lon="20.99449">
				<ele>854.01</ele>
				<time>2026-08-06T17:18:50.561Z</time>
			</trkpt>
			<trkpt lat="40.26526" lon="20.99461">
				<ele>854.1</ele>
				<time>2026-08-06T17:18:51.289Z</time>
			</trkpt>
			<trkpt lat="40.26554" lon="20.99482">
				<ele>854.52</ele>
				<time>2026-08-06T17:18:53.116Z</time>
			</trkpt>
			<trkpt lat="40.26563" lon="20.99493">
				<ele>854.58</ele>
				<time>2026-08-06T17:18:53.813Z</time>
			</trkpt>
			<trkpt lat="40.26586" lon="20.9953">
				<ele>855.4</ele>
				<time>2026-08-06T17:18:55.873Z</time>
			</trkpt>
			<trkpt lat="40.26603" lon="20.99564">
				<ele>857.12</ele>
				<time>2026-08-06T17:18:57.625Z</time>
			</trkpt>
			<trkpt lat="40.26616" lon="20.99584">
				<ele>857.53</ele>
				<time>2026-08-06T17:18:58.756Z</time>
			</trkpt>
			<trkpt lat="40.26628" lon="20.99597">
				<ele>857.88</ele>
				<time>2026-08-06T17:18:59.635Z</time>
			</trkpt>
			<trkpt lat="40.26643" lon="20.99608">
				<ele>858.9</ele>
				<time>2026-08-06T17:19:00.604Z</time>
			</trkpt>
			<trkpt lat="40.26669" lon="20.99622">
				<ele>861.4</ele>
				<time>2026-08-06T17:19:02.187Z</time>
			</trkpt>
			<trkpt lat="40.26677" lon="20.99629">
				<ele>862.42</ele>
				<time>2026-08-06T17:19:02.729Z</time>
			</trkpt>
			<trkpt lat="40.26689" lon="20.99643">
				<ele>863.49</ele>
				<time>2026-08-06T17:19:03.633Z</time>
			</trkpt>
			<trkpt lat="40.26713" lon="20.9968">
				<ele>865.43</ele>
				<time>2026-08-06T17:19:05.717Z</time>
			</trkpt>
			<trkpt lat="40.26728" lon="20.99696">
				<ele>865.55</ele>
				<time>2026-08-06T17:19:06.803Z</time>
			</trkpt>
			<trkpt lat="40.26749" lon="20.99709">
				<ele>865.71</ele>
				<time>2026-08-06T17:19:08.107Z</time>
			</trkpt>
			<trkpt lat="40.26781" lon="20.99718">
				<ele>864.01</ele>
				<time>2026-08-06T17:19:09.942Z</time>
			</trkpt>
			<trkpt lat="40.26806" lon="20.99734">
				<ele>862.77</ele>
				<time>2026-08-06T17:19:11.501Z</time>
			</trkpt>
			<trkpt lat="40.26862" lon="20.99781">
				<ele>864.85</ele>
				<time>2026-08-06T17:19:15.220Z</time>
			</trkpt>
			<trkpt lat="40.26889" lon="20.99815">
				<ele>863.67</ele>
				<time>2026-08-06T17:19:17.311Z</time>
			</trkpt>
			<trkpt lat="40.26904" lon="20.9983">
				<ele>864.75</ele>
				<time>2026-08-06T17:19:18.364Z</time>
			</trkpt>
			<trkpt lat="40.26963" lon="20.99869">
				<ele>872.52</ele>
				<time>2026-08-06T17:19:22.045Z</time>
			</trkpt>
			<trkpt lat="40.26984" lon="20.99889">
				<ele>872.02</ele>
				<time>2026-08-06T17:19:23.489Z</time>
			</trkpt>
			<trkpt lat="40.27002" lon="20.99914">
				<ele>872.01</ele>
				<time>2026-08-06T17:19:24.947Z</time>
			</trkpt>
			<trkpt lat="40.27018" lon="20.99939">
				<ele>874.55</ele>
				<time>2026-08-06T17:19:26.330Z</time>
			</trkpt>
			<trkpt lat="40.2705" lon="20.99997">
				<ele>879.19</ele>
				<time>2026-08-06T17:19:29.359Z</time>
			</trkpt>
			<trkpt lat="40.27057" lon="21.00013">
				<ele>880.79</ele>
				<time>2026-08-06T17:19:30.139Z</time>
			</trkpt>
			<trkpt lat="40.2706" lon="21.0003">
				<ele>882.21</ele>
				<time>2026-08-06T17:19:30.876Z</time>
			</trkpt>
			<trkpt lat="40.27062" lon="21.00075">
				<ele>884.07</ele>
				<time>2026-08-06T17:19:32.779Z</time>
			</trkpt>
			<trkpt lat="40.27065" lon="21.00091">
				<ele>885.66</ele>
				<time>2026-08-06T17:19:33.475Z</time>
			</trkpt>
			<trkpt lat="40.27071" lon="21.00103">
				<ele>888.35</ele>
				<time>2026-08-06T17:19:34.080Z</time>
			</trkpt>
			<trkpt lat="40.2709" lon="21.00128">
				<ele>894.51</ele>
				<time>2026-08-06T17:19:35.567Z</time>
			</trkpt>
			<trkpt lat="40.27117" lon="21.00181">
				<ele>897.78</ele>
				<time>2026-08-06T17:19:38.250Z</time>
			</trkpt>
			<trkpt lat="40.27127" lon="21.00194">
				<ele>897.46</ele>
				<time>2026-08-06T17:19:39.027Z</time>
			</trkpt>
			<trkpt lat="40.27135" lon="21.002">
				<ele>897.32</ele>
				<time>2026-08-06T17:19:39.535Z</time>
			</trkpt>
			<trkpt lat="40.27151" lon="21.0021">
				<ele>898.16</ele>
				<time>2026-08-06T17:19:40.511Z</time>
			</trkpt>
			<trkpt lat="40.27169" lon="21.00215">
				<ele>899.22</ele>
				<time>2026-08-06T17:19:41.524Z</time>
			</trkpt>
			<trkpt lat="40.27183" lon="21.00215">
				<ele>899.53</ele>
				<time>2026-08-06T17:19:42.295Z</time>
			</trkpt>
			<trkpt lat="40.27198" lon="21.00211">
				<ele>901.6</ele>
				<time>2026-08-06T17:19:43.137Z</time>
			</trkpt>
			<trkpt lat="40.2724" lon="21.00189">
				<ele>911.67</ele>
				<time>2026-08-06T17:19:45.622Z</time>
			</trkpt>
			<trkpt lat="40.27261" lon="21.00184">
				<ele>915.82</ele>
				<time>2026-08-06T17:19:46.794Z</time>
			</trkpt>
			<trkpt lat="40.27272" lon="21.00186">
				<ele>917.08</ele>
				<time>2026-08-06T17:19:47.403Z</time>
			</trkpt>
			<trkpt lat="40.27289" lon="21.00194">
				<ele>918.55</ele>
				<time>2026-08-06T17:19:48.394Z</time>
			</trkpt>
			<trkpt lat="40.27329" lon="21.00226">
				<ele>923.24</ele>
				<time>2026-08-06T17:19:50.961Z</time>
			</trkpt>
			<trkpt lat="40.2735" lon="21.00248">
				<ele>927.34</ele>
				<time>2026-08-06T17:19:52.433Z</time>
			</trkpt>
			<trkpt lat="40.27378" lon="21.00291">
				<ele>924.16</ele>
				<time>2026-08-06T17:19:54.791Z</time>
			</trkpt>
			<trkpt lat="40.27387" lon="21.00297">
				<ele>923.73</ele>
				<time>2026-08-06T17:19:55.342Z</time>
			</trkpt>
			<trkpt lat="40.27402" lon="21.00297">
				<ele>925.55</ele>
				<time>2026-08-06T17:19:56.162Z</time>
			</trkpt>
			<trkpt lat="40.27416" lon="21.0029">
				<ele>929.83</ele>
				<time>2026-08-06T17:19:56.979Z</time>
			</trkpt>
			<trkpt lat="40.27468" lon="21.00245">
				<ele>938.65</ele>
				<time>2026-08-06T17:20:00.377Z</time>
			</trkpt>
			<trkpt lat="40.27503" lon="21.00216">
				<ele>936.75</ele>
				<time>2026-08-06T17:20:02.631Z</time>
			</trkpt>
			<trkpt lat="40.2752" lon="21.00203">
				<ele>939.09</ele>
				<time>2026-08-06T17:20:03.702Z</time>
			</trkpt>
			<trkpt lat="40.27535" lon="21.00196">
				<ele>940.96</ele>
				<time>2026-08-06T17:20:04.567Z</time>
			</trkpt>
			<trkpt lat="40.27564" lon="21.00187">
				<ele>943.26</ele>
				<time>2026-08-06T17:20:06.186Z</time>
			</trkpt>
			<trkpt lat="40.27618" lon="21.00181">
				<ele>943.01</ele>
				<time>2026-08-06T17:20:09.127Z</time>
			</trkpt>
			<trkpt lat="40.277" lon="21.00158">
				<ele>951.02</ele>
				<time>2026-08-06T17:20:13.669Z</time>
			</trkpt>
			<trkpt lat="40.27781" lon="21.00148">
				<ele>950.56</ele>
				<time>2026-08-06T17:20:18.065Z</time>
			</trkpt>
			<trkpt lat="40.27801" lon="21.00143">
				<ele>952.26</ele>
				<time>2026-08-06T17:20:19.163Z</time>
			</trkpt>
			<trkpt lat="40.27873" lon="21.00116">
				<ele>957.88</ele>
				<time>2026-08-06T17:20:23.199Z</time>
			</trkpt>
			<trkpt lat="40.27933" lon="21.00107">
				<ele>962.05</ele>
				<time>2026-08-06T17:20:26.447Z</time>
			</trkpt>
			<trkpt lat="40.27952" lon="21.00103">
				<ele>964.75</ele>
				<time>2026-08-06T17:20:27.481Z</time>
			</trkpt>
			<trkpt lat="40.27987" lon="21.00087">
				<ele>968.27</ele>
				<time>2026-08-06T17:20:29.471Z</time>
			</trkpt>
			<trkpt lat="40.28062" lon="21.00038">
				<ele>969.71</ele>
				<time>2026-08-06T17:20:33.963Z</time>
			</trkpt>
			<trkpt lat="40.28089" lon="21.0003">
				<ele>967.65</ele>
				<time>2026-08-06T17:20:35.445Z</time>
			</trkpt>
			<trkpt lat="40.28194" lon="21.00017">
				<ele>968.27</ele>
				<time>2026-08-06T17:20:41.080Z</time>
			</trkpt>
			<trkpt lat="40.28203" lon="21.00014">
				<ele>968.92</ele>
				<time>2026-08-06T17:20:41.575Z</time>
			</trkpt>
			<trkpt lat="40.28243" lon="20.99985">
				<ele>974.3</ele>
				<time>2026-08-06T17:20:44.013Z</time>
			</trkpt>
			<trkpt lat="40.28272" lon="20.99973">
				<ele>970.42</ele>
				<time>2026-08-06T17:20:45.632Z</time>
			</trkpt>
			<trkpt lat="40.28339" lon="20.99953">
				<ele>975.3</ele>
				<time>2026-08-06T17:20:49.288Z</time>
			</trkpt>
			<trkpt lat="40.28435" lon="20.99911">
				<ele>984.58</ele>
				<time>2026-08-06T17:20:54.661Z</time>
			</trkpt>
			<trkpt lat="40.28478" lon="20.99867">
				<ele>986.14</ele>
				<time>2026-08-06T17:20:57.551Z</time>
			</trkpt>
			<trkpt lat="40.28709" lon="20.99589">
				<ele>1003.57</ele>
				<time>2026-08-06T17:21:14.095Z</time>
			</trkpt>
			<trkpt lat="40.28735" lon="20.9957">
				<ele>1005.04</ele>
				<time>2026-08-06T17:21:15.659Z</time>
			</trkpt>
			<trkpt lat="40.28757" lon="20.99562">
				<ele>1003.72</ele>
				<time>2026-08-06T17:21:16.858Z</time>
			</trkpt>
			<trkpt lat="40.28835" lon="20.9956">
				<ele>998.73</ele>
				<time>2026-08-06T17:21:20.951Z</time>
			</trkpt>
			<trkpt lat="40.28885" lon="20.99534">
				<ele>1006.22</ele>
				<time>2026-08-06T17:21:23.769Z</time>
			</trkpt>
			<trkpt lat="40.28915" lon="20.99482">
				<ele>1016.6</ele>
				<time>2026-08-06T17:21:26.371Z</time>
			</trkpt>
			<trkpt lat="40.28994" lon="20.99431">
				<ele>1014.38</ele>
				<time>2026-08-06T17:21:30.973Z</time>
			</trkpt>
			<trkpt lat="40.29082" lon="20.99397">
				<ele>1002.04</ele>
				<time>2026-08-06T17:21:35.758Z</time>
			</trkpt>
			<trkpt lat="40.29128" lon="20.99398">
				<ele>990.53</ele>
				<time>2026-08-06T17:21:38.154Z</time>
			</trkpt>
			<trkpt lat="40.2917" lon="20.99375">
				<ele>985.11</ele>
				<time>2026-08-06T17:21:40.523Z</time>
			</trkpt>
			<trkpt lat="40.29202" lon="20.99283">
				<ele>994.7</ele>
				<time>2026-08-06T17:21:44.531Z</time>
			</trkpt>
			<trkpt lat="40.29208" lon="20.99273">
				<ele>994.99</ele>
				<time>2026-08-06T17:21:45.035Z</time>
			</trkpt>
			<trkpt lat="40.29216" lon="20.99264">
				<ele>994.03</ele>
				<time>2026-08-06T17:21:45.582Z</time>
			</trkpt>
			<trkpt lat="40.29228" lon="20.99257">
				<ele>991.35</ele>
				<time>2026-08-06T17:21:46.264Z</time>
			</trkpt>
			<trkpt lat="40.29252" lon="20.99254">
				<ele>983.72</ele>
				<time>2026-08-06T17:21:47.515Z</time>
			</trkpt>
			<trkpt lat="40.29305" lon="20.99254">
				<ele>981.14</ele>
				<time>2026-08-06T17:21:50.263Z</time>
			</trkpt>
			<trkpt lat="40.29315" lon="20.99256">
				<ele>981.07</ele>
				<time>2026-08-06T17:21:50.788Z</time>
			</trkpt>
			<trkpt lat="40.29322" lon="20.99263">
				<ele>979.87</ele>
				<time>2026-08-06T17:21:51.244Z</time>
			</trkpt>
			<trkpt lat="40.29326" lon="20.99272">
				<ele>978.11</ele>
				<time>2026-08-06T17:21:51.655Z</time>
			</trkpt>
			<trkpt lat="40.29336" lon="20.99305">
				<ele>977.32</ele>
				<time>2026-08-06T17:21:53.058Z</time>
			</trkpt>
			<trkpt lat="40.29341" lon="20.99331">
				<ele>980.9</ele>
				<time>2026-08-06T17:21:54.117Z</time>
			</trkpt>
			<trkpt lat="40.29342" lon="20.99341">
				<ele>982.61</ele>
				<time>2026-08-06T17:21:54.515Z</time>
			</trkpt>
			<trkpt lat="40.29339" lon="20.99357">
				<ele>984.77</ele>
				<time>2026-08-06T17:21:55.165Z</time>
			</trkpt>
			<trkpt lat="40.29334" lon="20.99371">
				<ele>986.56</ele>
				<time>2026-08-06T17:21:55.775Z</time>
			</trkpt>
			<trkpt lat="40.2932" lon="20.99398">
				<ele>984.95</ele>
				<time>2026-08-06T17:21:57.063Z</time>
			</trkpt>
			<trkpt lat="40.29317" lon="20.99414">
				<ele>985.12</ele>
				<time>2026-08-06T17:21:57.712Z</time>
			</trkpt>
			<trkpt lat="40.29318" lon="20.99429">
				<ele>986.67</ele>
				<time>2026-08-06T17:21:58.306Z</time>
			</trkpt>
			<trkpt lat="40.29335" lon="20.99596">
				<ele>1002.07</ele>
				<time>2026-08-06T17:22:04.940Z</time>
			</trkpt>
			<trkpt lat="40.29342" lon="20.99626">
				<ele>999.56</ele>
				<time>2026-08-06T17:22:06.173Z</time>
			</trkpt>
			<trkpt lat="40.29349" lon="20.99643">
				<ele>997.44</ele>
				<time>2026-08-06T17:22:06.933Z</time>
			</trkpt>
			<trkpt lat="40.29353" lon="20.9965">
				<ele>996.64</ele>
				<time>2026-08-06T17:22:07.276Z</time>
			</trkpt>
			<trkpt lat="40.29362" lon="20.99656">
				<ele>996.11</ele>
				<time>2026-08-06T17:22:07.797Z</time>
			</trkpt>
			<trkpt lat="40.29375" lon="20.99659">
				<ele>997.86</ele>
				<time>2026-08-06T17:22:08.477Z</time>
			</trkpt>
			<trkpt lat="40.29434" lon="20.99655">
				<ele>1017.02</ele>
				<time>2026-08-06T17:22:11.518Z</time>
			</trkpt>
			<trkpt lat="40.29446" lon="20.99658">
				<ele>1019.51</ele>
				<time>2026-08-06T17:22:12.146Z</time>
			</trkpt>
			<trkpt lat="40.29452" lon="20.99662">
				<ele>1020.6</ele>
				<time>2026-08-06T17:22:12.493Z</time>
			</trkpt>
			<trkpt lat="40.29521" lon="20.99731">
				<ele>1029.4</ele>
				<time>2026-08-06T17:22:16.953Z</time>
			</trkpt>
			<trkpt lat="40.29569" lon="20.998">
				<ele>1032.82</ele>
				<time>2026-08-06T17:22:20.610Z</time>
			</trkpt>
			<trkpt lat="40.29581" lon="20.99808">
				<ele>1031.9</ele>
				<time>2026-08-06T17:22:21.301Z</time>
			</trkpt>
			<trkpt lat="40.29593" lon="20.99813">
				<ele>1031.28</ele>
				<time>2026-08-06T17:22:21.947Z</time>
			</trkpt>
			<trkpt lat="40.29634" lon="20.9981">
				<ele>1040.38</ele>
				<time>2026-08-06T17:22:24.052Z</time>
			</trkpt>
			<trkpt lat="40.29645" lon="20.99814">
				<ele>1043.22</ele>
				<time>2026-08-06T17:22:24.637Z</time>
			</trkpt>
			<trkpt lat="40.29656" lon="20.99825">
				<ele>1043.85</ele>
				<time>2026-08-06T17:22:25.346Z</time>
			</trkpt>
			<trkpt lat="40.29683" lon="20.99867">
				<ele>1045.06</ele>
				<time>2026-08-06T17:22:27.492Z</time>
			</trkpt>
			<trkpt lat="40.29698" lon="20.99883">
				<ele>1047.58</ele>
				<time>2026-08-06T17:22:28.482Z</time>
			</trkpt>
			<trkpt lat="40.29714" lon="20.99892">
				<ele>1047.94</ele>
				<time>2026-08-06T17:22:29.373Z</time>
			</trkpt>
			<trkpt lat="40.29729" lon="20.99896">
				<ele>1049.53</ele>
				<time>2026-08-06T17:22:30.156Z</time>
			</trkpt>
			<trkpt lat="40.29748" lon="20.99892">
				<ele>1054.4</ele>
				<time>2026-08-06T17:22:31.141Z</time>
			</trkpt>
			<trkpt lat="40.2976" lon="20.99884">
				<ele>1058.36</ele>
				<time>2026-08-06T17:22:31.829Z</time>
			</trkpt>
			<trkpt lat="40.29788" lon="20.99857">
				<ele>1066.83</ele>
				<time>2026-08-06T17:22:33.607Z</time>
			</trkpt>
			<trkpt lat="40.29797" lon="20.99856">
				<ele>1066.37</ele>
				<time>2026-08-06T17:22:34.068Z</time>
			</trkpt>
			<trkpt lat="40.29804" lon="20.99861">
				<ele>1065.12</ele>
				<time>2026-08-06T17:22:34.476Z</time>
			</trkpt>
			<trkpt lat="40.29808" lon="20.9987">
				<ele>1063.16</ele>
				<time>2026-08-06T17:22:34.882Z</time>
			</trkpt>
			<trkpt lat="40.29814" lon="20.99895">
				<ele>1057.68</ele>
				<time>2026-08-06T17:22:35.903Z</time>
			</trkpt>
			<trkpt lat="40.29819" lon="20.99907">
				<ele>1054.9</ele>
				<time>2026-08-06T17:22:36.436Z</time>
			</trkpt>
			<trkpt lat="40.2983" lon="20.99917">
				<ele>1053.47</ele>
				<time>2026-08-06T17:22:37.119Z</time>
			</trkpt>
			<trkpt lat="40.29861" lon="20.99938">
				<ele>1050.69</ele>
				<time>2026-08-06T17:22:38.901Z</time>
			</trkpt>
			<trkpt lat="40.29877" lon="20.99942">
				<ele>1052.36</ele>
				<time>2026-08-06T17:22:39.732Z</time>
			</trkpt>
			<trkpt lat="40.2989" lon="20.99941">
				<ele>1054.64</ele>
				<time>2026-08-06T17:22:40.397Z</time>
			</trkpt>
			<trkpt lat="40.29919" lon="20.99926">
				<ele>1056.9</ele>
				<time>2026-08-06T17:22:41.987Z</time>
			</trkpt>
			<trkpt lat="40.29926" lon="20.99925">
				<ele>1057.43</ele>
				<time>2026-08-06T17:22:42.346Z</time>
			</trkpt>
			<trkpt lat="40.29941" lon="20.99927">
				<ele>1057.31</ele>
				<time>2026-08-06T17:22:43.115Z</time>
			</trkpt>
			<trkpt lat="40.29962" lon="20.9994">
				<ele>1056.99</ele>
				<time>2026-08-06T17:22:44.299Z</time>
			</trkpt>
			<trkpt lat="40.30015" lon="20.99988">
				<ele>1059.57</ele>
				<time>2026-08-06T17:22:47.581Z</time>
			</trkpt>
			<trkpt lat="40.30028" lon="21.00002">
				<ele>1059.84</ele>
				<time>2026-08-06T17:22:48.438Z</time>
			</trkpt>
			<trkpt lat="40.30049" lon="21.00031">
				<ele>1059.53</ele>
				<time>2026-08-06T17:22:49.991Z</time>
			</trkpt>
			<trkpt lat="40.30062" lon="21.00042">
				<ele>1060.33</ele>
				<time>2026-08-06T17:22:50.778Z</time>
			</trkpt>
			<trkpt lat="40.30079" lon="21.00049">
				<ele>1061.54</ele>
				<time>2026-08-06T17:22:51.685Z</time>
			</trkpt>
			<trkpt lat="40.3012" lon="21.00058">
				<ele>1061.48</ele>
				<time>2026-08-06T17:22:53.800Z</time>
			</trkpt>
			<trkpt lat="40.30197" lon="21.00053">
				<ele>1063.89</ele>
				<time>2026-08-06T17:22:57.719Z</time>
			</trkpt>
			<trkpt lat="40.30225" lon="21.00058">
				<ele>1065.46</ele>
				<time>2026-08-06T17:22:59.155Z</time>
			</trkpt>
			<trkpt lat="40.30238" lon="21.00067">
				<ele>1063.92</ele>
				<time>2026-08-06T17:22:59.901Z</time>
			</trkpt>
			<trkpt lat="40.30271" lon="21.00097">
				<ele>1062.11</ele>
				<time>2026-08-06T17:23:01.940Z</time>
			</trkpt>
			<trkpt lat="40.30298" lon="21.00126">
				<ele>1062.65</ele>
				<time>2026-08-06T17:23:03.712Z</time>
			</trkpt>
			<trkpt lat="40.30309" lon="21.00134">
				<ele>1063.08</ele>
				<time>2026-08-06T17:23:04.350Z</time>
			</trkpt>
			<trkpt lat="40.30321" lon="21.00135">
				<ele>1064.61</ele>
				<time>2026-08-06T17:23:04.960Z</time>
			</trkpt>
			<trkpt lat="40.30367" lon="21.00121">
				<ele>1079.14</ele>
				<time>2026-08-06T17:23:07.356Z</time>
			</trkpt>
			<trkpt lat="40.30377" lon="21.0012">
				<ele>1079.6</ele>
				<time>2026-08-06T17:23:07.864Z</time>
			</trkpt>
			<trkpt lat="40.30386" lon="21.0012">
				<ele>1079.68</ele>
				<time>2026-08-06T17:23:08.320Z</time>
			</trkpt>
			<trkpt lat="40.30401" lon="21.00123">
				<ele>1077.13</ele>
				<time>2026-08-06T17:23:09.090Z</time>
			</trkpt>
			<trkpt lat="40.30414" lon="21.00131">
				<ele>1072.4</ele>
				<time>2026-08-06T17:23:09.818Z</time>
			</trkpt>
			<trkpt lat="40.30425" lon="21.00141">
				<ele>1070.21</ele>
				<time>2026-08-06T17:23:10.496Z</time>
			</trkpt>
			<trkpt lat="40.3047" lon="21.00199">
				<ele>1064.83</ele>
				<time>2026-08-06T17:23:13.693Z</time>
			</trkpt>
			<trkpt lat="40.30481" lon="21.00206">
				<ele>1064.73</ele>
				<time>2026-08-06T17:23:14.312Z</time>
			</trkpt>
			<trkpt lat="40.30493" lon="21.00206">
				<ele>1064.94</ele>
				<time>2026-08-06T17:23:14.920Z</time>
			</trkpt>
			<trkpt lat="40.30531" lon="21.00188">
				<ele>1077.3</ele>
				<time>2026-08-06T17:23:16.965Z</time>
			</trkpt>
			<trkpt lat="40.30553" lon="21.00184">
				<ele>1078.57</ele>
				<time>2026-08-06T17:23:18.089Z</time>
			</trkpt>
			<trkpt lat="40.30563" lon="21.00184">
				<ele>1077.5</ele>
				<time>2026-08-06T17:23:18.595Z</time>
			</trkpt>
			<trkpt lat="40.30581" lon="21.0019">
				<ele>1074</ele>
				<time>2026-08-06T17:23:19.535Z</time>
			</trkpt>
			<trkpt lat="40.30632" lon="21.00226">
				<ele>1067.33</ele>
				<time>2026-08-06T17:23:22.465Z</time>
			</trkpt>
			<trkpt lat="40.30638" lon="21.00229">
				<ele>1066.65</ele>
				<time>2026-08-06T17:23:22.790Z</time>
			</trkpt>
			<trkpt lat="40.30656" lon="21.0023">
				<ele>1068.74</ele>
				<time>2026-08-06T17:23:23.701Z</time>
			</trkpt>
			<trkpt lat="40.3067" lon="21.00226">
				<ele>1071.32</ele>
				<time>2026-08-06T17:23:24.425Z</time>
			</trkpt>
			<trkpt lat="40.30684" lon="21.00215">
				<ele>1074.18</ele>
				<time>2026-08-06T17:23:25.250Z</time>
			</trkpt>
			<trkpt lat="40.30699" lon="21.00199">
				<ele>1076.93</ele>
				<time>2026-08-06T17:23:26.227Z</time>
			</trkpt>
			<trkpt lat="40.30719" lon="21.00173">
				<ele>1078.32</ele>
				<time>2026-08-06T17:23:27.650Z</time>
			</trkpt>
			<trkpt lat="40.30734" lon="21.0016">
				<ele>1080.32</ele>
				<time>2026-08-06T17:23:28.559Z</time>
			</trkpt>
			<trkpt lat="40.30773" lon="21.00179">
				<ele>1075.06</ele>
				<time>2026-08-06T17:23:30.660Z</time>
			</trkpt>
			<trkpt lat="40.30813" lon="21.00182">
				<ele>1076.02</ele>
				<time>2026-08-06T17:23:32.684Z</time>
			</trkpt>
			<trkpt lat="40.3085" lon="21.00169">
				<ele>1077.64</ele>
				<time>2026-08-06T17:23:34.617Z</time>
			</trkpt>
			<trkpt lat="40.30876" lon="21.00122">
				<ele>1086.93</ele>
				<time>2026-08-06T17:23:36.852Z</time>
			</trkpt>
			<trkpt lat="40.30898" lon="21.00096">
				<ele>1094.01</ele>
				<time>2026-08-06T17:23:38.346Z</time>
			</trkpt>
			<trkpt lat="40.30932" lon="21.00088">
				<ele>1089.42</ele>
				<time>2026-08-06T17:23:40.089Z</time>
			</trkpt>
			<trkpt lat="40.30968" lon="21.00132">
				<ele>1085.41</ele>
				<time>2026-08-06T17:23:42.571Z</time>
			</trkpt>
			<trkpt lat="40.30989" lon="21.00146">
				<ele>1084.38</ele>
				<time>2026-08-06T17:23:43.758Z</time>
			</trkpt>
			<trkpt lat="40.31008" lon="21.00129">
				<ele>1089.75</ele>
				<time>2026-08-06T17:23:44.918Z</time>
			</trkpt>
			<trkpt lat="40.31031" lon="21.00104">
				<ele>1103.13</ele>
				<time>2026-08-06T17:23:46.424Z</time>
			</trkpt>
			<trkpt lat="40.31052" lon="21.00108">
				<ele>1099.62</ele>
				<time>2026-08-06T17:23:47.493Z</time>
			</trkpt>
			<trkpt lat="40.31091" lon="21.00142">
				<ele>1091.3</ele>
				<time>2026-08-06T17:23:49.853Z</time>
			</trkpt>
			<trkpt lat="40.31133" lon="21.00171">
				<ele>1094.48</ele>
				<time>2026-08-06T17:23:52.244Z</time>
			</trkpt>
			<trkpt lat="40.31159" lon="21.00179">
				<ele>1093.67</ele>
				<time>2026-08-06T17:23:53.589Z</time>
			</trkpt>
			<trkpt lat="40.31176" lon="21.00169">
				<ele>1091.46</ele>
				<time>2026-08-06T17:23:54.528Z</time>
			</trkpt>
			<trkpt lat="40.31195" lon="21.00155">
				<ele>1091.21</ele>
				<time>2026-08-06T17:23:55.625Z</time>
			</trkpt>
			<trkpt lat="40.31213" lon="21.00147">
				<ele>1093.1</ele>
				<time>2026-08-06T17:23:56.582Z</time>
			</trkpt>
			<trkpt lat="40.31275" lon="21.00137">
				<ele>1100.29</ele>
				<time>2026-08-06T17:23:59.727Z</time>
			</trkpt>
			<trkpt lat="40.31323" lon="21.00118">
				<ele>1102.63</ele>
				<time>2026-08-06T17:24:02.251Z</time>
			</trkpt>
			<trkpt lat="40.31349" lon="21.00117">
				<ele>1105.11</ele>
				<time>2026-08-06T17:24:03.560Z</time>
			</trkpt>
			<trkpt lat="40.31367" lon="21.00124">
				<ele>1106.39</ele>
				<time>2026-08-06T17:24:04.504Z</time>
			</trkpt>
			<trkpt lat="40.31376" lon="21.00132">
				<ele>1105.85</ele>
				<time>2026-08-06T17:24:05.051Z</time>
			</trkpt>
			<trkpt lat="40.31389" lon="21.00149">
				<ele>1103.22</ele>
				<time>2026-08-06T17:24:05.975Z</time>
			</trkpt>
			<trkpt lat="40.31406" lon="21.00182">
				<ele>1101.08</ele>
				<time>2026-08-06T17:24:07.503Z</time>
			</trkpt>
			<trkpt lat="40.31419" lon="21.00218">
				<ele>1100.71</ele>
				<time>2026-08-06T17:24:09.031Z</time>
			</trkpt>
			<trkpt lat="40.31434" lon="21.00241">
				<ele>1098.98</ele>
				<time>2026-08-06T17:24:10.192Z</time>
			</trkpt>
			<trkpt lat="40.31446" lon="21.00247">
				<ele>1098.29</ele>
				<time>2026-08-06T17:24:10.838Z</time>
			</trkpt>
			<trkpt lat="40.31487" lon="21.00252">
				<ele>1109.15</ele>
				<time>2026-08-06T17:24:12.909Z</time>
			</trkpt>
			<trkpt lat="40.31506" lon="21.00263">
				<ele>1113.22</ele>
				<time>2026-08-06T17:24:13.953Z</time>
			</trkpt>
			<trkpt lat="40.31522" lon="21.0028">
				<ele>1115.69</ele>
				<time>2026-08-06T17:24:14.989Z</time>
			</trkpt>
			<trkpt lat="40.31546" lon="21.00331">
				<ele>1116.14</ele>
				<time>2026-08-06T17:24:17.287Z</time>
			</trkpt>
			<trkpt lat="40.31565" lon="21.00356">
				<ele>1116.68</ele>
				<time>2026-08-06T17:24:18.640Z</time>
			</trkpt>
			<trkpt lat="40.31591" lon="21.00379">
				<ele>1113.84</ele>
				<time>2026-08-06T17:24:20.217Z</time>
			</trkpt>
			<trkpt lat="40.31613" lon="21.00403">
				<ele>1107.43</ele>
				<time>2026-08-06T17:24:21.656Z</time>
			</trkpt>
			<trkpt lat="40.31669" lon="21.0048">
				<ele>1104.85</ele>
				<time>2026-08-06T17:24:25.735Z</time>
			</trkpt>
			<trkpt lat="40.31711" lon="21.00526">
				<ele>1107.08</ele>
				<time>2026-08-06T17:24:28.486Z</time>
			</trkpt>
			<trkpt lat="40.31748" lon="21.00576">
				<ele>1110.06</ele>
				<time>2026-08-06T17:24:31.156Z</time>
			</trkpt>
			<trkpt lat="40.31782" lon="21.00603">
				<ele>1116.08</ele>
				<time>2026-08-06T17:24:33.154Z</time>
			</trkpt>
			<trkpt lat="40.31808" lon="21.00628">
				<ele>1117.72</ele>
				<time>2026-08-06T17:24:34.775Z</time>
			</trkpt>
			<trkpt lat="40.31831" lon="21.00656">
				<ele>1122.53</ele>
				<time>2026-08-06T17:24:36.352Z</time>
			</trkpt>
			<trkpt lat="40.31849" lon="21.00683">
				<ele>1124.53</ele>
				<time>2026-08-06T17:24:37.727Z</time>
			</trkpt>
			<trkpt lat="40.31852" lon="21.00691">
				<ele>1124.84</ele>
				<time>2026-08-06T17:24:38.068Z</time>
			</trkpt>
			<trkpt lat="40.31854" lon="21.007">
				<ele>1125.11</ele>
				<time>2026-08-06T17:24:38.428Z</time>
			</trkpt>
			<trkpt lat="40.31854" lon="21.00734">
				<ele>1125.94</ele>
				<time>2026-08-06T17:24:39.731Z</time>
			</trkpt>
			<trkpt lat="40.31851" lon="21.00764">
				<ele>1127.75</ele>
				<time>2026-08-06T17:24:40.891Z</time>
			</trkpt>
			<trkpt lat="40.31841" lon="21.00808">
				<ele>1127.09</ele>
				<time>2026-08-06T17:24:42.650Z</time>
			</trkpt>
			<trkpt lat="40.31841" lon="21.00818">
				<ele>1127.48</ele>
				<time>2026-08-06T17:24:43.034Z</time>
			</trkpt>
			<trkpt lat="40.31848" lon="21.00827">
				<ele>1129.82</ele>
				<time>2026-08-06T17:24:43.527Z</time>
			</trkpt>
			<trkpt lat="40.3187" lon="21.00841">
				<ele>1135.37</ele>
				<time>2026-08-06T17:24:44.756Z</time>
			</trkpt>
			<trkpt lat="40.31886" lon="21.00858">
				<ele>1136.08</ele>
				<time>2026-08-06T17:24:45.791Z</time>
			</trkpt>
			<trkpt lat="40.31896" lon="21.00863">
				<ele>1136.17</ele>
				<time>2026-08-06T17:24:46.329Z</time>
			</trkpt>
			<trkpt lat="40.31906" lon="21.00863">
				<ele>1136.82</ele>
				<time>2026-08-06T17:24:46.832Z</time>
			</trkpt>
			<trkpt lat="40.31926" lon="21.00859">
				<ele>1139.8</ele>
				<time>2026-08-06T17:24:47.849Z</time>
			</trkpt>
			<trkpt lat="40.31941" lon="21.00858">
				<ele>1141.72</ele>
				<time>2026-08-06T17:24:48.604Z</time>
			</trkpt>
			<trkpt lat="40.31959" lon="21.00864">
				<ele>1142.43</ele>
				<time>2026-08-06T17:24:49.538Z</time>
			</trkpt>
			<trkpt lat="40.31996" lon="21.00887">
				<ele>1144.73</ele>
				<time>2026-08-06T17:24:51.597Z</time>
			</trkpt>
			<trkpt lat="40.32009" lon="21.00889">
				<ele>1147.92</ele>
				<time>2026-08-06T17:24:52.255Z</time>
			</trkpt>
			<trkpt lat="40.32022" lon="21.00885">
				<ele>1153.95</ele>
				<time>2026-08-06T17:24:52.927Z</time>
			</trkpt>
			<trkpt lat="40.32051" lon="21.00855">
				<ele>1170.94</ele>
				<time>2026-08-06T17:24:54.784Z</time>
			</trkpt>
			<trkpt lat="40.32072" lon="21.00843">
				<ele>1167.28</ele>
				<time>2026-08-06T17:24:55.936Z</time>
			</trkpt>
			<trkpt lat="40.32084" lon="21.00842">
				<ele>1161.25</ele>
				<time>2026-08-06T17:24:56.541Z</time>
			</trkpt>
			<trkpt lat="40.32089" lon="21.00843">
				<ele>1159.82</ele>
				<time>2026-08-06T17:24:56.795Z</time>
			</trkpt>
			<trkpt lat="40.32131" lon="21.00859">
				<ele>1152.58</ele>
				<time>2026-08-06T17:24:58.995Z</time>
			</trkpt>
			<trkpt lat="40.32142" lon="21.00858">
				<ele>1153.93</ele>
				<time>2026-08-06T17:24:59.550Z</time>
			</trkpt>
			<trkpt lat="40.32147" lon="21.00855">
				<ele>1154.87</ele>
				<time>2026-08-06T17:24:59.827Z</time>
			</trkpt>
			<trkpt lat="40.32155" lon="21.00847">
				<ele>1157.67</ele>
				<time>2026-08-06T17:25:00.333Z</time>
			</trkpt>
			<trkpt lat="40.32176" lon="21.00816">
				<ele>1168.57</ele>
				<time>2026-08-06T17:25:01.923Z</time>
			</trkpt>
			<trkpt lat="40.32191" lon="21.00801">
				<ele>1172.09</ele>
				<time>2026-08-06T17:25:02.873Z</time>
			</trkpt>
			<trkpt lat="40.3222" lon="21.00779">
				<ele>1172.14</ele>
				<time>2026-08-06T17:25:04.558Z</time>
			</trkpt>
			<trkpt lat="40.32227" lon="21.00773">
				<ele>1173.15</ele>
				<time>2026-08-06T17:25:04.979Z</time>
			</trkpt>
			<trkpt lat="40.3226" lon="21.00758">
				<ele>1174.01</ele>
				<time>2026-08-06T17:25:06.737Z</time>
			</trkpt>
			<trkpt lat="40.32267" lon="21.00754">
				<ele>1174.36</ele>
				<time>2026-08-06T17:25:07.121Z</time>
			</trkpt>
			<trkpt lat="40.32287" lon="21.00733">
				<ele>1177.46</ele>
				<time>2026-08-06T17:25:08.411Z</time>
			</trkpt>
			<trkpt lat="40.32294" lon="21.00731">
				<ele>1177.79</ele>
				<time>2026-08-06T17:25:08.771Z</time>
			</trkpt>
			<trkpt lat="40.32323" lon="21.00727">
				<ele>1179.46</ele>
				<time>2026-08-06T17:25:10.239Z</time>
			</trkpt>
			<trkpt lat="40.32338" lon="21.00734">
				<ele>1179.94</ele>
				<time>2026-08-06T17:25:11.041Z</time>
			</trkpt>
			<trkpt lat="40.32345" lon="21.00741">
				<ele>1179.93</ele>
				<time>2026-08-06T17:25:11.484Z</time>
			</trkpt>
			<trkpt lat="40.3235" lon="21.00751">
				<ele>1179.34</ele>
				<time>2026-08-06T17:25:11.943Z</time>
			</trkpt>
			<trkpt lat="40.32355" lon="21.00767">
				<ele>1178.5</ele>
				<time>2026-08-06T17:25:12.607Z</time>
			</trkpt>
			<trkpt lat="40.32369" lon="21.00854">
				<ele>1187.57</ele>
				<time>2026-08-06T17:25:16.021Z</time>
			</trkpt>
			<trkpt lat="40.32372" lon="21.00901">
				<ele>1192.26</ele>
				<time>2026-08-06T17:25:17.833Z</time>
			</trkpt>
			<trkpt lat="40.32374" lon="21.00922">
				<ele>1191.97</ele>
				<time>2026-08-06T17:25:18.646Z</time>
			</trkpt>
			<trkpt lat="40.32381" lon="21.0094">
				<ele>1191.9</ele>
				<time>2026-08-06T17:25:19.422Z</time>
			</trkpt>
			<trkpt lat="40.32395" lon="21.00964">
				<ele>1191.36</ele>
				<time>2026-08-06T17:25:20.583Z</time>
			</trkpt>
			<trkpt lat="40.32413" lon="21.00986">
				<ele>1189.9</ele>
				<time>2026-08-06T17:25:21.823Z</time>
			</trkpt>
			<trkpt lat="40.32433" lon="21.01003">
				<ele>1190.11</ele>
				<time>2026-08-06T17:25:23.024Z</time>
			</trkpt>
			<trkpt lat="40.3244" lon="21.01008">
				<ele>1190.77</ele>
				<time>2026-08-06T17:25:23.426Z</time>
			</trkpt>
			<trkpt lat="40.32459" lon="21.01014">
				<ele>1191.78</ele>
				<time>2026-08-06T17:25:24.411Z</time>
			</trkpt>
			<trkpt lat="40.3247" lon="21.01013">
				<ele>1192.93</ele>
				<time>2026-08-06T17:25:24.967Z</time>
			</trkpt>
			<trkpt lat="40.32473" lon="21.01011">
				<ele>1193.37</ele>
				<time>2026-08-06T17:25:25.137Z</time>
			</trkpt>
			<trkpt lat="40.32481" lon="21.01">
				<ele>1194.46</ele>
				<time>2026-08-06T17:25:25.721Z</time>
			</trkpt>
			<trkpt lat="40.32501" lon="21.00961">
				<ele>1209.33</ele>
				<time>2026-08-06T17:25:27.528Z</time>
			</trkpt>
			<trkpt lat="40.3251" lon="21.00952">
				<ele>1211.97</ele>
				<time>2026-08-06T17:25:28.099Z</time>
			</trkpt>
			<trkpt lat="40.32522" lon="21.00948">
				<ele>1211.86</ele>
				<time>2026-08-06T17:25:28.724Z</time>
			</trkpt>
			<trkpt lat="40.32534" lon="21.00947">
				<ele>1210.88</ele>
				<time>2026-08-06T17:25:29.330Z</time>
			</trkpt>
			<trkpt lat="40.32544" lon="21.00954">
				<ele>1209.15</ele>
				<time>2026-08-06T17:25:29.902Z</time>
			</trkpt>
			<trkpt lat="40.3255" lon="21.00974">
				<ele>1206.1</ele>
				<time>2026-08-06T17:25:30.729Z</time>
			</trkpt>
			<trkpt lat="40.32561" lon="21.01075">
				<ele>1217.83</ele>
				<time>2026-08-06T17:25:34.655Z</time>
			</trkpt>
			<trkpt lat="40.32572" lon="21.01117">
				<ele>1221.9</ele>
				<time>2026-08-06T17:25:36.364Z</time>
			</trkpt>
			<trkpt lat="40.32573" lon="21.01203">
				<ele>1218.59</ele>
				<time>2026-08-06T17:25:39.676Z</time>
			</trkpt>
			<trkpt lat="40.32575" lon="21.01216">
				<ele>1218.41</ele>
				<time>2026-08-06T17:25:40.187Z</time>
			</trkpt>
			<trkpt lat="40.32579" lon="21.01231">
				<ele>1217.26</ele>
				<time>2026-08-06T17:25:40.799Z</time>
			</trkpt>
			<trkpt lat="40.32581" lon="21.01236">
				<ele>1217.23</ele>
				<time>2026-08-06T17:25:41.017Z</time>
			</trkpt>
			<trkpt lat="40.3259" lon="21.01242">
				<ele>1217.44</ele>
				<time>2026-08-06T17:25:41.527Z</time>
			</trkpt>
			<trkpt lat="40.32632" lon="21.01231">
				<ele>1226.34</ele>
				<time>2026-08-06T17:25:43.692Z</time>
			</trkpt>
			<trkpt lat="40.32646" lon="21.01235">
				<ele>1224.85</ele>
				<time>2026-08-06T17:25:44.416Z</time>
			</trkpt>
			<trkpt lat="40.32666" lon="21.01246">
				<ele>1220.6</ele>
				<time>2026-08-06T17:25:45.513Z</time>
			</trkpt>
			<trkpt lat="40.32678" lon="21.01247">
				<ele>1221.91</ele>
				<time>2026-08-06T17:25:46.121Z</time>
			</trkpt>
			<trkpt lat="40.32685" lon="21.01245">
				<ele>1223.82</ele>
				<time>2026-08-06T17:25:46.483Z</time>
			</trkpt>
			<trkpt lat="40.32696" lon="21.01238">
				<ele>1228.3</ele>
				<time>2026-08-06T17:25:47.102Z</time>
			</trkpt>
			<trkpt lat="40.32702" lon="21.0123">
				<ele>1232.6</ele>
				<time>2026-08-06T17:25:47.535Z</time>
			</trkpt>
			<trkpt lat="40.32721" lon="21.01198">
				<ele>1249.23</ele>
				<time>2026-08-06T17:25:49.099Z</time>
			</trkpt>
			<trkpt lat="40.32724" lon="21.01194">
				<ele>1251.16</ele>
				<time>2026-08-06T17:25:49.316Z</time>
			</trkpt>
			<trkpt lat="40.32731" lon="21.01193">
				<ele>1252.44</ele>
				<time>2026-08-06T17:25:49.672Z</time>
			</trkpt>
			<trkpt lat="40.32738" lon="21.01198">
				<ele>1251.41</ele>
				<time>2026-08-06T17:25:50.075Z</time>
			</trkpt>
			<trkpt lat="40.32743" lon="21.01206">
				<ele>1249.16</ele>
				<time>2026-08-06T17:25:50.474Z</time>
			</trkpt>
			<trkpt lat="40.32754" lon="21.0124">
				<ele>1242.97</ele>
				<time>2026-08-06T17:25:51.900Z</time>
			</trkpt>
			<trkpt lat="40.3276" lon="21.01251">
				<ele>1241.96</ele>
				<time>2026-08-06T17:25:52.422Z</time>
			</trkpt>
			<trkpt lat="40.32767" lon="21.0126">
				<ele>1241.74</ele>
				<time>2026-08-06T17:25:52.918Z</time>
			</trkpt>
			<trkpt lat="40.32772" lon="21.01263">
				<ele>1242.24</ele>
				<time>2026-08-06T17:25:53.197Z</time>
			</trkpt>
			<trkpt lat="40.32788" lon="21.01266">
				<ele>1244.3</ele>
				<time>2026-08-06T17:25:54.015Z</time>
			</trkpt>
			<trkpt lat="40.32812" lon="21.01267">
				<ele>1248.41</ele>
				<time>2026-08-06T17:25:55.231Z</time>
			</trkpt>
			<trkpt lat="40.32843" lon="21.01278">
				<ele>1250.3</ele>
				<time>2026-08-06T17:25:56.858Z</time>
			</trkpt>
			<trkpt lat="40.32863" lon="21.01279">
				<ele>1252.56</ele>
				<time>2026-08-06T17:25:57.873Z</time>
			</trkpt>
			<trkpt lat="40.32875" lon="21.01278">
				<ele>1253.92</ele>
				<time>2026-08-06T17:25:58.482Z</time>
			</trkpt>
			<trkpt lat="40.32893" lon="21.01272">
				<ele>1257.9</ele>
				<time>2026-08-06T17:25:59.424Z</time>
			</trkpt>
			<trkpt lat="40.32911" lon="21.01264">
				<ele>1264.09</ele>
				<time>2026-08-06T17:26:00.387Z</time>
			</trkpt>
			<trkpt lat="40.32924" lon="21.01254">
				<ele>1269.63</ele>
				<time>2026-08-06T17:26:01.151Z</time>
			</trkpt>
			<trkpt lat="40.32948" lon="21.01232">
				<ele>1279.36</ele>
				<time>2026-08-06T17:26:02.637Z</time>
			</trkpt>
			<trkpt lat="40.32952" lon="21.01232">
				<ele>1279.92</ele>
				<time>2026-08-06T17:26:02.840Z</time>
			</trkpt>
			<trkpt lat="40.32959" lon="21.01235">
				<ele>1279.9</ele>
				<time>2026-08-06T17:26:03.213Z</time>
			</trkpt>
			<trkpt lat="40.32961" lon="21.0124">
				<ele>1279.22</ele>
				<time>2026-08-06T17:26:03.432Z</time>
			</trkpt>
			<trkpt lat="40.32964" lon="21.01254">
				<ele>1276.95</ele>
				<time>2026-08-06T17:26:03.994Z</time>
			</trkpt>
			<trkpt lat="40.32962" lon="21.01292">
				<ele>1270.01</ele>
				<time>2026-08-06T17:26:05.468Z</time>
			</trkpt>
			<trkpt lat="40.32966" lon="21.013">
				<ele>1269.34</ele>
				<time>2026-08-06T17:26:05.838Z</time>
			</trkpt>
			<trkpt lat="40.32969" lon="21.01302">
				<ele>1269.73</ele>
				<time>2026-08-06T17:26:06.009Z</time>
			</trkpt>
			<trkpt lat="40.32977" lon="21.01302">
				<ele>1272.33</ele>
				<time>2026-08-06T17:26:06.415Z</time>
			</trkpt>
			<trkpt lat="40.33006" lon="21.0129">
				<ele>1284.21</ele>
				<time>2026-08-06T17:26:07.959Z</time>
			</trkpt>
			<trkpt lat="40.33044" lon="21.01279">
				<ele>1289.05</ele>
				<time>2026-08-06T17:26:09.936Z</time>
			</trkpt>
			<trkpt lat="40.33058" lon="21.01271">
				<ele>1291.06</ele>
				<time>2026-08-06T17:26:10.712Z</time>
			</trkpt>
			<trkpt lat="40.33069" lon="21.01263">
				<ele>1293.02</ele>
				<time>2026-08-06T17:26:11.351Z</time>
			</trkpt>
			<trkpt lat="40.33077" lon="21.01264">
				<ele>1292.44</ele>
				<time>2026-08-06T17:26:11.760Z</time>
			</trkpt>
			<trkpt lat="40.33088" lon="21.01274">
				<ele>1290.93</ele>
				<time>2026-08-06T17:26:12.440Z</time>
			</trkpt>
			<trkpt lat="40.33106" lon="21.01301">
				<ele>1292.32</ele>
				<time>2026-08-06T17:26:13.830Z</time>
			</trkpt>
			<trkpt lat="40.33109" lon="21.01313">
				<ele>1293.81</ele>
				<time>2026-08-06T17:26:14.320Z</time>
			</trkpt>
			<trkpt lat="40.33108" lon="21.01323">
				<ele>1294.91</ele>
				<time>2026-08-06T17:26:14.711Z</time>
			</trkpt>
			<trkpt lat="40.33093" lon="21.01367">
				<ele>1292.74</ele>
				<time>2026-08-06T17:26:16.580Z</time>
			</trkpt>
			<trkpt lat="40.33092" lon="21.01376">
				<ele>1292.56</ele>
				<time>2026-08-06T17:26:16.933Z</time>
			</trkpt>
			<trkpt lat="40.33096" lon="21.01394">
				<ele>1294.33</ele>
				<time>2026-08-06T17:26:17.661Z</time>
			</trkpt>
			<trkpt lat="40.33112" lon="21.01428">
				<ele>1298.98</ele>
				<time>2026-08-06T17:26:19.211Z</time>
			</trkpt>
			<trkpt lat="40.33119" lon="21.01437">
				<ele>1300.07</ele>
				<time>2026-08-06T17:26:19.711Z</time>
			</trkpt>
			<trkpt lat="40.33129" lon="21.01444">
				<ele>1301.23</ele>
				<time>2026-08-06T17:26:20.288Z</time>
			</trkpt>
			<trkpt lat="40.33143" lon="21.01446">
				<ele>1303.62</ele>
				<time>2026-08-06T17:26:21.005Z</time>
			</trkpt>
			<trkpt lat="40.33156" lon="21.01442">
				<ele>1307.77</ele>
				<time>2026-08-06T17:26:21.685Z</time>
			</trkpt>
			<trkpt lat="40.33274" lon="21.01466">
				<ele>1325.53</ele>
				<time>2026-08-06T17:26:27.774Z</time>
			</trkpt>
			<trkpt lat="40.3334" lon="21.01457">
				<ele>1337.06</ele>
				<time>2026-08-06T17:26:31.162Z</time>
			</trkpt>
			<trkpt lat="40.33385" lon="21.01441">
				<ele>1339.45</ele>
				<time>2026-08-06T17:26:33.544Z</time>
			</trkpt>
			<trkpt lat="40.33398" lon="21.01443">
				<ele>1340.15</ele>
				<time>2026-08-06T17:26:34.213Z</time>
			</trkpt>
			<trkpt lat="40.3342" lon="21.01485">
				<ele>1329.93</ele>
				<time>2026-08-06T17:26:36.199Z</time>
			</trkpt>
			<trkpt lat="40.33436" lon="21.01489">
				<ele>1334.3</ele>
				<time>2026-08-06T17:26:37.032Z</time>
			</trkpt>
			<trkpt lat="40.3347" lon="21.01486">
				<ele>1343.87</ele>
				<time>2026-08-06T17:26:38.776Z</time>
			</trkpt>
			<trkpt lat="40.33482" lon="21.015">
				<ele>1338.33</ele>
				<time>2026-08-06T17:26:39.598Z</time>
			</trkpt>
			<trkpt lat="40.33509" lon="21.01521">
				<ele>1337.01</ele>
				<time>2026-08-06T17:26:41.205Z</time>
			</trkpt>
			<trkpt lat="40.33552" lon="21.01508">
				<ele>1356.53</ele>
				<time>2026-08-06T17:26:43.466Z</time>
			</trkpt>
			<trkpt lat="40.33607" lon="21.01573">
				<ele>1357.58</ele>
				<time>2026-08-06T17:26:47.262Z</time>
			</trkpt>
			<trkpt lat="40.3362" lon="21.01642">
				<ele>1357.8</ele>
				<time>2026-08-06T17:26:50.043Z</time>
			</trkpt>
			<trkpt lat="40.33624" lon="21.0165">
				<ele>1358.28</ele>
				<time>2026-08-06T17:26:50.417Z</time>
			</trkpt>
			<trkpt lat="40.33629" lon="21.01655">
				<ele>1359.33</ele>
				<time>2026-08-06T17:26:50.740Z</time>
			</trkpt>
			<trkpt lat="40.33637" lon="21.01658">
				<ele>1361.42</ele>
				<time>2026-08-06T17:26:51.167Z</time>
			</trkpt>
			<trkpt lat="40.33661" lon="21.01654">
				<ele>1364.79</ele>
				<time>2026-08-06T17:26:52.410Z</time>
			</trkpt>
			<trkpt lat="40.33671" lon="21.01658">
				<ele>1365.16</ele>
				<time>2026-08-06T17:26:52.948Z</time>
			</trkpt>
			<trkpt lat="40.33674" lon="21.01663">
				<ele>1364.65</ele>
				<time>2026-08-06T17:26:53.197Z</time>
			</trkpt>
			<trkpt lat="40.33676" lon="21.01684">
				<ele>1363.21</ele>
				<time>2026-08-06T17:26:54.026Z</time>
			</trkpt>
			<trkpt lat="40.3366" lon="21.01723">
				<ele>1363.07</ele>
				<time>2026-08-06T17:26:55.763Z</time>
			</trkpt>
			<trkpt lat="40.33646" lon="21.0175">
				<ele>1368.65</ele>
				<time>2026-08-06T17:26:57.043Z</time>
			</trkpt>
			<trkpt lat="40.33636" lon="21.01762">
				<ele>1370.75</ele>
				<time>2026-08-06T17:26:57.741Z</time>
			</trkpt>
			<trkpt lat="40.33625" lon="21.01769">
				<ele>1371.51</ele>
				<time>2026-08-06T17:26:58.370Z</time>
			</trkpt>
			<trkpt lat="40.33591" lon="21.01781">
				<ele>1372.96</ele>
				<time>2026-08-06T17:27:00.184Z</time>
			</trkpt>
			<trkpt lat="40.33498" lon="21.01794">
				<ele>1383.57</ele>
				<time>2026-08-06T17:27:05.006Z</time>
			</trkpt>
			<trkpt lat="40.33411" lon="21.01829">
				<ele>1391.01</ele>
				<time>2026-08-06T17:27:09.705Z</time>
			</trkpt>
			<trkpt lat="40.33303" lon="21.01821">
				<ele>1391.28</ele>
				<time>2026-08-06T17:27:15.301Z</time>
			</trkpt>
			<trkpt lat="40.33289" lon="21.01822">
				<ele>1391.75</ele>
				<time>2026-08-06T17:27:16.027Z</time>
			</trkpt>
			<trkpt lat="40.33275" lon="21.01826">
				<ele>1393.11</ele>
				<time>2026-08-06T17:27:16.769Z</time>
			</trkpt>
			<trkpt lat="40.3326" lon="21.01839">
				<ele>1396.65</ele>
				<time>2026-08-06T17:27:17.700Z</time>
			</trkpt>
			<trkpt lat="40.33243" lon="21.0186">
				<ele>1401.45</ele>
				<time>2026-08-06T17:27:18.911Z</time>
			</trkpt>
			<trkpt lat="40.33234" lon="21.01867">
				<ele>1402.33</ele>
				<time>2026-08-06T17:27:19.453Z</time>
			</trkpt>
			<trkpt lat="40.33225" lon="21.01869">
				<ele>1402.11</ele>
				<time>2026-08-06T17:27:19.927Z</time>
			</trkpt>
			<trkpt lat="40.33191" lon="21.01869">
				<ele>1394.37</ele>
				<time>2026-08-06T17:27:21.691Z</time>
			</trkpt>
			<trkpt lat="40.33183" lon="21.01873">
				<ele>1394.01</ele>
				<time>2026-08-06T17:27:22.135Z</time>
			</trkpt>
			<trkpt lat="40.33177" lon="21.0188">
				<ele>1394.43</ele>
				<time>2026-08-06T17:27:22.552Z</time>
			</trkpt>
			<trkpt lat="40.33155" lon="21.01941">
				<ele>1398.14</ele>
				<time>2026-08-06T17:27:25.224Z</time>
			</trkpt>
			<trkpt lat="40.33153" lon="21.01954">
				<ele>1397.44</ele>
				<time>2026-08-06T17:27:25.750Z</time>
			</trkpt>
			<trkpt lat="40.33156" lon="21.01963">
				<ele>1397.83</ele>
				<time>2026-08-06T17:27:26.139Z</time>
			</trkpt>
			<trkpt lat="40.33163" lon="21.0197">
				<ele>1399.23</ele>
				<time>2026-08-06T17:27:26.597Z</time>
			</trkpt>
			<trkpt lat="40.33171" lon="21.01973">
				<ele>1400.27</ele>
				<time>2026-08-06T17:27:27.029Z</time>
			</trkpt>
			<trkpt lat="40.33311" lon="21.01995">
				<ele>1408.82</ele>
				<time>2026-08-06T17:27:34.373Z</time>
			</trkpt>
			<trkpt lat="40.33328" lon="21.02001">
				<ele>1410.87</ele>
				<time>2026-08-06T17:27:35.291Z</time>
			</trkpt>
			<trkpt lat="40.33365" lon="21.02026">
				<ele>1413.88</ele>
				<time>2026-08-06T17:27:37.463Z</time>
			</trkpt>
			<trkpt lat="40.33412" lon="21.02053">
				<ele>1417.27</ele>
				<time>2026-08-06T17:27:40.144Z</time>
			</trkpt>
			<trkpt lat="40.33452" lon="21.02125">
				<ele>1419.19</ele>
				<time>2026-08-06T17:27:43.696Z</time>
			</trkpt>
			<trkpt lat="40.33526" lon="21.0213">
				<ele>1434.09</ele>
				<time>2026-08-06T17:27:47.578Z</time>
			</trkpt>
			<trkpt lat="40.33579" lon="21.02191">
				<ele>1429.67</ele>
				<time>2026-08-06T17:27:51.278Z</time>
			</trkpt>
			<trkpt lat="40.3365" lon="21.02207">
				<ele>1437.9</ele>
				<time>2026-08-06T17:27:55.064Z</time>
			</trkpt>
			<trkpt lat="40.33673" lon="21.02235">
				<ele>1439.31</ele>
				<time>2026-08-06T17:27:56.714Z</time>
			</trkpt>
			<trkpt lat="40.3374" lon="21.02263">
				<ele>1446.55</ele>
				<time>2026-08-06T17:28:00.418Z</time>
			</trkpt>
			<trkpt lat="40.33831" lon="21.02341">
				<ele>1453.17</ele>
				<time>2026-08-06T17:28:06.156Z</time>
			</trkpt>
			<trkpt lat="40.33836" lon="21.0236">
				<ele>1454.71</ele>
				<time>2026-08-06T17:28:06.966Z</time>
			</trkpt>
			<trkpt lat="40.3383" lon="21.02377">
				<ele>1459.39</ele>
				<time>2026-08-06T17:28:07.721Z</time>
			</trkpt>
			<trkpt lat="40.3373" lon="21.02399">
				<ele>1465.6</ele>
				<time>2026-08-06T17:28:13.090Z</time>
			</trkpt>
			<trkpt lat="40.33699" lon="21.02407">
				<ele>1472.04</ele>
				<time>2026-08-06T17:28:14.766Z</time>
			</trkpt>
			<trkpt lat="40.33598" lon="21.02401">
				<ele>1469.08</ele>
				<time>2026-08-06T17:28:20.137Z</time>
			</trkpt>
			<trkpt lat="40.33578" lon="21.02409">
				<ele>1467.5</ele>
				<time>2026-08-06T17:28:21.249Z</time>
			</trkpt>
			<trkpt lat="40.33571" lon="21.0243">
				<ele>1469.85</ele>
				<time>2026-08-06T17:28:22.179Z</time>
			</trkpt>
			<trkpt lat="40.33583" lon="21.02525">
				<ele>1487.5</ele>
				<time>2026-08-06T17:28:26.091Z</time>
			</trkpt>
			<trkpt lat="40.33581" lon="21.02534">
				<ele>1489.5</ele>
				<time>2026-08-06T17:28:26.472Z</time>
			</trkpt>
			<trkpt lat="40.33578" lon="21.02542">
				<ele>1491.39</ele>
				<time>2026-08-06T17:28:26.835Z</time>
			</trkpt>
			<trkpt lat="40.33567" lon="21.02555">
				<ele>1494.91</ele>
				<time>2026-08-06T17:28:27.625Z</time>
			</trkpt>
			<trkpt lat="40.33553" lon="21.02561">
				<ele>1496.2</ele>
				<time>2026-08-06T17:28:28.411Z</time>
			</trkpt>
			<trkpt lat="40.33529" lon="21.02562">
				<ele>1493.88</ele>
				<time>2026-08-06T17:28:29.694Z</time>
			</trkpt>
			<trkpt lat="40.33521" lon="21.0256">
				<ele>1494</ele>
				<time>2026-08-06T17:28:30.129Z</time>
			</trkpt>
			<trkpt lat="40.33465" lon="21.02534">
				<ele>1491.29</ele>
				<time>2026-08-06T17:28:33.306Z</time>
			</trkpt>
			<trkpt lat="40.33459" lon="21.02532">
				<ele>1490.86</ele>
				<time>2026-08-06T17:28:33.638Z</time>
			</trkpt>
			<trkpt lat="40.33454" lon="21.02532">
				<ele>1490.97</ele>
				<time>2026-08-06T17:28:33.905Z</time>
			</trkpt>
			<trkpt lat="40.33451" lon="21.02536">
				<ele>1491.56</ele>
				<time>2026-08-06T17:28:34.135Z</time>
			</trkpt>
			<trkpt lat="40.3345" lon="21.02541">
				<ele>1492.58</ele>
				<time>2026-08-06T17:28:34.346Z</time>
			</trkpt>
			<trkpt lat="40.33452" lon="21.02548">
				<ele>1493.89</ele>
				<time>2026-08-06T17:28:34.651Z</time>
			</trkpt>
			<trkpt lat="40.33456" lon="21.02552">
				<ele>1494.89</ele>
				<time>2026-08-06T17:28:34.920Z</time>
			</trkpt>
			<trkpt lat="40.33481" lon="21.02571">
				<ele>1500.45</ele>
				<time>2026-08-06T17:28:36.468Z</time>
			</trkpt>
			<trkpt lat="40.33504" lon="21.02593">
				<ele>1505.92</ele>
				<time>2026-08-06T17:28:37.995Z</time>
			</trkpt>
			<trkpt lat="40.33524" lon="21.02609">
				<ele>1510.85</ele>
				<time>2026-08-06T17:28:39.252Z</time>
			</trkpt>
			<trkpt lat="40.33533" lon="21.02616">
				<ele>1513.8</ele>
				<time>2026-08-06T17:28:39.814Z</time>
			</trkpt>
			<trkpt lat="40.33586" lon="21.02642">
				<ele>1517.34</ele>
				<time>2026-08-06T17:28:42.855Z</time>
			</trkpt>
			<trkpt lat="40.33598" lon="21.02651">
				<ele>1517.76</ele>
				<time>2026-08-06T17:28:43.598Z</time>
			</trkpt>
			<trkpt lat="40.33607" lon="21.02663">
				<ele>1518.13</ele>
				<time>2026-08-06T17:28:44.289Z</time>
			</trkpt>
			<trkpt lat="40.33613" lon="21.0268">
				<ele>1518.27</ele>
				<time>2026-08-06T17:28:45.057Z</time>
			</trkpt>
			<trkpt lat="40.33614" lon="21.02829">
				<ele>1516.78</ele>
				<time>2026-08-06T17:28:51.182Z</time>
			</trkpt>
			<trkpt lat="40.3362" lon="21.03069">
				<ele>1499.54</ele>
				<time>2026-08-06T17:29:01.093Z</time>
			</trkpt>
			<trkpt lat="40.33618" lon="21.0313">
				<ele>1494.37</ele>
				<time>2026-08-06T17:29:03.621Z</time>
			</trkpt>
			<trkpt lat="40.33612" lon="21.03179">
				<ele>1490.81</ele>
				<time>2026-08-06T17:29:05.679Z</time>
			</trkpt>
			<trkpt lat="40.33607" lon="21.03207">
				<ele>1489.87</ele>
				<time>2026-08-06T17:29:06.872Z</time>
			</trkpt>
			<trkpt lat="40.33606" lon="21.03228">
				<ele>1489.38</ele>
				<time>2026-08-06T17:29:07.746Z</time>
			</trkpt>
			<trkpt lat="40.33611" lon="21.03362">
				<ele>1475.65</ele>
				<time>2026-08-06T17:29:13.325Z</time>
			</trkpt>
			<trkpt lat="40.33618" lon="21.03373">
				<ele>1472.63</ele>
				<time>2026-08-06T17:29:13.922Z</time>
			</trkpt>
			<trkpt lat="40.33625" lon="21.03375">
				<ele>1471.67</ele>
				<time>2026-08-06T17:29:14.314Z</time>
			</trkpt>
			<trkpt lat="40.33632" lon="21.03371">
				<ele>1471.75</ele>
				<time>2026-08-06T17:29:14.732Z</time>
			</trkpt>
			<trkpt lat="40.33659" lon="21.03302">
				<ele>1472.56</ele>
				<time>2026-08-06T17:29:17.967Z</time>
			</trkpt>
			<trkpt lat="40.33668" lon="21.03285">
				<ele>1470.66</ele>
				<time>2026-08-06T17:29:18.832Z</time>
			</trkpt>
			<trkpt lat="40.33702" lon="21.03241">
				<ele>1466.67</ele>
				<time>2026-08-06T17:29:21.451Z</time>
			</trkpt>
			<trkpt lat="40.33729" lon="21.03213">
				<ele>1464.9</ele>
				<time>2026-08-06T17:29:23.341Z</time>
			</trkpt>
			<trkpt lat="40.33758" lon="21.03189">
				<ele>1462.07</ele>
				<time>2026-08-06T17:29:25.226Z</time>
			</trkpt>
			<trkpt lat="40.33964" lon="21.03053">
				<ele>1457.83</ele>
				<time>2026-08-06T17:29:37.956Z</time>
			</trkpt>
			<trkpt lat="40.34032" lon="21.03001">
				<ele>1450.73</ele>
				<time>2026-08-06T17:29:42.322Z</time>
			</trkpt>
			<trkpt lat="40.34049" lon="21.02991">
				<ele>1451.67</ele>
				<time>2026-08-06T17:29:43.357Z</time>
			</trkpt>
			<trkpt lat="40.34078" lon="21.02983">
				<ele>1453.72</ele>
				<time>2026-08-06T17:29:45.004Z</time>
			</trkpt>
			<trkpt lat="40.34124" lon="21.02981">
				<ele>1443.59</ele>
				<time>2026-08-06T17:29:47.566Z</time>
			</trkpt>
			<trkpt lat="40.34145" lon="21.02976">
				<ele>1440.22</ele>
				<time>2026-08-06T17:29:48.756Z</time>
			</trkpt>
			<trkpt lat="40.34219" lon="21.02955">
				<ele>1436.31</ele>
				<time>2026-08-06T17:29:52.982Z</time>
			</trkpt>
			<trkpt lat="40.34241" lon="21.02953">
				<ele>1429.83</ele>
				<time>2026-08-06T17:29:54.214Z</time>
			</trkpt>
			<trkpt lat="40.34372" lon="21.02948">
				<ele>1421.69</ele>
				<time>2026-08-06T17:30:01.560Z</time>
			</trkpt>
			<trkpt lat="40.34419" lon="21.02951">
				<ele>1418.72</ele>
				<time>2026-08-06T17:30:04.205Z</time>
			</trkpt>
			<trkpt lat="40.34447" lon="21.02958">
				<ele>1415.35</ele>
				<time>2026-08-06T17:30:05.809Z</time>
			</trkpt>
			<trkpt lat="40.34474" lon="21.02967">
				<ele>1411.97</ele>
				<time>2026-08-06T17:30:07.378Z</time>
			</trkpt>
			<trkpt lat="40.34495" lon="21.02977">
				<ele>1409.44</ele>
				<time>2026-08-06T17:30:08.638Z</time>
			</trkpt>
			<trkpt lat="40.34547" lon="21.0299">
				<ele>1402.5</ele>
				<time>2026-08-06T17:30:11.627Z</time>
			</trkpt>
			<trkpt lat="40.34604" lon="21.02999">
				<ele>1403.01</ele>
				<time>2026-08-06T17:30:14.874Z</time>
			</trkpt>
			<trkpt lat="40.34616" lon="21.02997">
				<ele>1403.08</ele>
				<time>2026-08-06T17:30:15.559Z</time>
			</trkpt>
			<trkpt lat="40.34642" lon="21.02978">
				<ele>1405.78</ele>
				<time>2026-08-06T17:30:17.246Z</time>
			</trkpt>
			<trkpt lat="40.34663" lon="21.02967">
				<ele>1407.9</ele>
				<time>2026-08-06T17:30:18.529Z</time>
			</trkpt>
			<trkpt lat="40.34695" lon="21.02957">
				<ele>1406.28</ele>
				<time>2026-08-06T17:30:20.396Z</time>
			</trkpt>
			<trkpt lat="40.34717" lon="21.02953">
				<ele>1401.38</ele>
				<time>2026-08-06T17:30:21.659Z</time>
			</trkpt>
			<trkpt lat="40.34742" lon="21.02953">
				<ele>1397.43</ele>
				<time>2026-08-06T17:30:23.081Z</time>
			</trkpt>
			<trkpt lat="40.34779" lon="21.02963">
				<ele>1390.69</ele>
				<time>2026-08-06T17:30:25.232Z</time>
			</trkpt>
			<trkpt lat="40.34789" lon="21.02968">
				<ele>1388.26</ele>
				<time>2026-08-06T17:30:25.842Z</time>
			</trkpt>
			<trkpt lat="40.34836" lon="21.03005">
				<ele>1378.56</ele>
				<time>2026-08-06T17:30:28.969Z</time>
			</trkpt>
			<trkpt lat="40.34889" lon="21.0303">
				<ele>1375.04</ele>
				<time>2026-08-06T17:30:32.189Z</time>
			</trkpt>
			<trkpt lat="40.34897" lon="21.03036">
				<ele>1372.77</ele>
				<time>2026-08-06T17:30:32.717Z</time>
			</trkpt>
			<trkpt lat="40.34911" lon="21.0305">
				<ele>1368.89</ele>
				<time>2026-08-06T17:30:33.725Z</time>
			</trkpt>
			<trkpt lat="40.34944" lon="21.03095">
				<ele>1365.73</ele>
				<time>2026-08-06T17:30:36.453Z</time>
			</trkpt>
			<trkpt lat="40.34985" lon="21.03146">
				<ele>1355.88</ele>
				<time>2026-08-06T17:30:39.698Z</time>
			</trkpt>
			<trkpt lat="40.35003" lon="21.03176">
				<ele>1355.67</ele>
				<time>2026-08-06T17:30:41.372Z</time>
			</trkpt>
			<trkpt lat="40.35029" lon="21.03235">
				<ele>1348.63</ele>
				<time>2026-08-06T17:30:44.365Z</time>
			</trkpt>
			<trkpt lat="40.35035" lon="21.03249">
				<ele>1345.14</ele>
				<time>2026-08-06T17:30:45.071Z</time>
			</trkpt>
			<trkpt lat="40.3505" lon="21.03262">
				<ele>1341.54</ele>
				<time>2026-08-06T17:30:46.108Z</time>
			</trkpt>
			<trkpt lat="40.35085" lon="21.03281">
				<ele>1333.61</ele>
				<time>2026-08-06T17:30:48.297Z</time>
			</trkpt>
			<trkpt lat="40.3511" lon="21.033">
				<ele>1330.23</ele>
				<time>2026-08-06T17:30:49.968Z</time>
			</trkpt>
			<trkpt lat="40.35135" lon="21.03323">
				<ele>1327.86</ele>
				<time>2026-08-06T17:30:51.736Z</time>
			</trkpt>
			<trkpt lat="40.35168" lon="21.03348">
				<ele>1325.22</ele>
				<time>2026-08-06T17:30:53.945Z</time>
			</trkpt>
			<trkpt lat="40.35196" lon="21.03374">
				<ele>1324.95</ele>
				<time>2026-08-06T17:30:55.937Z</time>
			</trkpt>
			<trkpt lat="40.35242" lon="21.03404">
				<ele>1330.95</ele>
				<time>2026-08-06T17:30:58.924Z</time>
			</trkpt>
			<trkpt lat="40.35255" lon="21.03407">
				<ele>1331.17</ele>
				<time>2026-08-06T17:30:59.692Z</time>
			</trkpt>
			<trkpt lat="40.35275" lon="21.03404">
				<ele>1328.96</ele>
				<time>2026-08-06T17:31:00.865Z</time>
			</trkpt>
			<trkpt lat="40.35379" lon="21.03373">
				<ele>1332.23</ele>
				<time>2026-08-06T17:31:07.093Z</time>
			</trkpt>
			<trkpt lat="40.35392" lon="21.03373">
				<ele>1331.17</ele>
				<time>2026-08-06T17:31:07.854Z</time>
			</trkpt>
			<trkpt lat="40.35403" lon="21.03377">
				<ele>1331.11</ele>
				<time>2026-08-06T17:31:08.523Z</time>
			</trkpt>
			<trkpt lat="40.3541" lon="21.03386">
				<ele>1333.11</ele>
				<time>2026-08-06T17:31:09.097Z</time>
			</trkpt>
			<trkpt lat="40.35427" lon="21.0347">
				<ele>1346.2</ele>
				<time>2026-08-06T17:31:12.982Z</time>
			</trkpt>
			<trkpt lat="40.35434" lon="21.03493">
				<ele>1349.79</ele>
				<time>2026-08-06T17:31:14.091Z</time>
			</trkpt>
			<trkpt lat="40.35443" lon="21.03507">
				<ele>1354.31</ele>
				<time>2026-08-06T17:31:14.912Z</time>
			</trkpt>
			<trkpt lat="40.35456" lon="21.03515">
				<ele>1358.88</ele>
				<time>2026-08-06T17:31:15.757Z</time>
			</trkpt>
			<trkpt lat="40.35489" lon="21.03512">
				<ele>1355.84</ele>
				<time>2026-08-06T17:31:17.705Z</time>
			</trkpt>
			<trkpt lat="40.35544" lon="21.03513">
				<ele>1345.95</ele>
				<time>2026-08-06T17:31:20.949Z</time>
			</trkpt>
			<trkpt lat="40.3559" lon="21.03508">
				<ele>1344.6</ele>
				<time>2026-08-06T17:31:23.677Z</time>
			</trkpt>
			<trkpt lat="40.35622" lon="21.03509">
				<ele>1350.01</ele>
				<time>2026-08-06T17:31:25.572Z</time>
			</trkpt>
			<trkpt lat="40.35636" lon="21.03507">
				<ele>1349.96</ele>
				<time>2026-08-06T17:31:26.406Z</time>
			</trkpt>
			<trkpt lat="40.35649" lon="21.03499">
				<ele>1351.84</ele>
				<time>2026-08-06T17:31:27.258Z</time>
			</trkpt>
			<trkpt lat="40.35687" lon="21.0346">
				<ele>1352.31</ele>
				<time>2026-08-06T17:31:30.121Z</time>
			</trkpt>
			<trkpt lat="40.35711" lon="21.03447">
				<ele>1350.77</ele>
				<time>2026-08-06T17:31:31.664Z</time>
			</trkpt>
			<trkpt lat="40.35724" lon="21.03438">
				<ele>1349.72</ele>
				<time>2026-08-06T17:31:32.538Z</time>
			</trkpt>
			<trkpt lat="40.35766" lon="21.03384">
				<ele>1343.36</ele>
				<time>2026-08-06T17:31:36.041Z</time>
			</trkpt>
			<trkpt lat="40.35776" lon="21.03375">
				<ele>1342.32</ele>
				<time>2026-08-06T17:31:36.765Z</time>
			</trkpt>
			<trkpt lat="40.35788" lon="21.03373">
				<ele>1343.02</ele>
				<time>2026-08-06T17:31:37.487Z</time>
			</trkpt>
			<trkpt lat="40.35801" lon="21.03377">
				<ele>1346.54</ele>
				<time>2026-08-06T17:31:38.284Z</time>
			</trkpt>
			<trkpt lat="40.35871" lon="21.03407">
				<ele>1348.29</ele>
				<time>2026-08-06T17:31:42.689Z</time>
			</trkpt>
			<trkpt lat="40.35891" lon="21.03422">
				<ele>1335.41</ele>
				<time>2026-08-06T17:31:44.070Z</time>
			</trkpt>
			<trkpt lat="40.35907" lon="21.03452">
				<ele>1335.22</ele>
				<time>2026-08-06T17:31:45.744Z</time>
			</trkpt>
			<trkpt lat="40.35924" lon="21.03506">
				<ele>1345.34</ele>
				<time>2026-08-06T17:31:48.419Z</time>
			</trkpt>
			<trkpt lat="40.3594" lon="21.03525">
				<ele>1339.67</ele>
				<time>2026-08-06T17:31:49.717Z</time>
			</trkpt>
			<trkpt lat="40.3598" lon="21.03553">
				<ele>1334.8</ele>
				<time>2026-08-06T17:31:52.448Z</time>
			</trkpt>
			<trkpt lat="40.36035" lon="21.03574">
				<ele>1334.59</ele>
				<time>2026-08-06T17:31:55.907Z</time>
			</trkpt>
			<trkpt lat="40.3611" lon="21.03581">
				<ele>1318.35</ele>
				<time>2026-08-06T17:32:00.458Z</time>
			</trkpt>
			<trkpt lat="40.36117" lon="21.03587">
				<ele>1318.52</ele>
				<time>2026-08-06T17:32:00.965Z</time>
			</trkpt>
			<trkpt lat="40.36119" lon="21.03596">
				<ele>1318.58</ele>
				<time>2026-08-06T17:32:01.399Z</time>
			</trkpt>
			<trkpt lat="40.36116" lon="21.03613">
				<ele>1320.38</ele>
				<time>2026-08-06T17:32:02.206Z</time>
			</trkpt>
			<trkpt lat="40.36091" lon="21.03654">
				<ele>1332.99</ele>
				<time>2026-08-06T17:32:04.636Z</time>
			</trkpt>
			<trkpt lat="40.36088" lon="21.03669">
				<ele>1334.05</ele>
				<time>2026-08-06T17:32:05.355Z</time>
			</trkpt>
			<trkpt lat="40.36089" lon="21.03693">
				<ele>1333.14</ele>
				<time>2026-08-06T17:32:06.470Z</time>
			</trkpt>
			<trkpt lat="40.36097" lon="21.03717">
				<ele>1329.76</ele>
				<time>2026-08-06T17:32:07.685Z</time>
			</trkpt>
			<trkpt lat="40.36128" lon="21.03769">
				<ele>1329.69</ele>
				<time>2026-08-06T17:32:10.754Z</time>
			</trkpt>
			<trkpt lat="40.36159" lon="21.038">
				<ele>1322.31</ele>
				<time>2026-08-06T17:32:13.135Z</time>
			</trkpt>
			<trkpt lat="40.36192" lon="21.03824">
				<ele>1321.08</ele>
				<time>2026-08-06T17:32:15.445Z</time>
			</trkpt>
			<trkpt lat="40.36243" lon="21.03845">
				<ele>1302.08</ele>
				<time>2026-08-06T17:32:18.722Z</time>
			</trkpt>
			<trkpt lat="40.36316" lon="21.03858">
				<ele>1299.17</ele>
				<time>2026-08-06T17:32:23.252Z</time>
			</trkpt>
			<trkpt lat="40.36349" lon="21.03858">
				<ele>1288.23</ele>
				<time>2026-08-06T17:32:25.286Z</time>
			</trkpt>
			<trkpt lat="40.36395" lon="21.03853">
				<ele>1287.48</ele>
				<time>2026-08-06T17:32:28.135Z</time>
			</trkpt>
			<trkpt lat="40.36442" lon="21.03836">
				<ele>1287.99</ele>
				<time>2026-08-06T17:32:31.150Z</time>
			</trkpt>
			<trkpt lat="40.36458" lon="21.03832">
				<ele>1287.36</ele>
				<time>2026-08-06T17:32:32.159Z</time>
			</trkpt>
			<trkpt lat="40.36473" lon="21.03834">
				<ele>1288.19</ele>
				<time>2026-08-06T17:32:33.094Z</time>
			</trkpt>
			<trkpt lat="40.36488" lon="21.03841">
				<ele>1289.5</ele>
				<time>2026-08-06T17:32:34.081Z</time>
			</trkpt>
			<trkpt lat="40.36499" lon="21.03854">
				<ele>1292.8</ele>
				<time>2026-08-06T17:32:35.000Z</time>
			</trkpt>
			<trkpt lat="40.36531" lon="21.03901">
				<ele>1286.59</ele>
				<time>2026-08-06T17:32:37.984Z</time>
			</trkpt>
			<trkpt lat="40.36553" lon="21.03922">
				<ele>1279.06</ele>
				<time>2026-08-06T17:32:39.678Z</time>
			</trkpt>
			<trkpt lat="40.36592" lon="21.03946">
				<ele>1273.29</ele>
				<time>2026-08-06T17:32:42.363Z</time>
			</trkpt>
			<trkpt lat="40.36627" lon="21.0396">
				<ele>1268.69</ele>
				<time>2026-08-06T17:32:44.648Z</time>
			</trkpt>
			<trkpt lat="40.36659" lon="21.03963">
				<ele>1266.25</ele>
				<time>2026-08-06T17:32:46.654Z</time>
			</trkpt>
			<trkpt lat="40.36701" lon="21.03962">
				<ele>1263.59</ele>
				<time>2026-08-06T17:32:49.286Z</time>
			</trkpt>
			<trkpt lat="40.36771" lon="21.03967">
				<ele>1258.02</ele>
				<time>2026-08-06T17:32:53.688Z</time>
			</trkpt>
			<trkpt lat="40.36805" lon="21.03973">
				<ele>1258.82</ele>
				<time>2026-08-06T17:32:55.847Z</time>
			</trkpt>
			<trkpt lat="40.36933" lon="21.04004">
				<ele>1268.03</ele>
				<time>2026-08-06T17:33:04.069Z</time>
			</trkpt>
			<trkpt lat="40.36952" lon="21.04019">
				<ele>1271.09</ele>
				<time>2026-08-06T17:33:05.474Z</time>
			</trkpt>
			<trkpt lat="40.36966" lon="21.04039">
				<ele>1273.86</ele>
				<time>2026-08-06T17:33:06.787Z</time>
			</trkpt>
			<trkpt lat="40.36974" lon="21.04064">
				<ele>1275.2</ele>
				<time>2026-08-06T17:33:08.099Z</time>
			</trkpt>
			<trkpt lat="40.36988" lon="21.04166">
				<ele>1276.4</ele>
				<time>2026-08-06T17:33:13.124Z</time>
			</trkpt>
			<trkpt lat="40.36993" lon="21.04175">
				<ele>1275.96</ele>
				<time>2026-08-06T17:33:13.665Z</time>
			</trkpt>
			<trkpt lat="40.37003" lon="21.04184">
				<ele>1276.51</ele>
				<time>2026-08-06T17:33:14.439Z</time>
			</trkpt>
			<trkpt lat="40.37037" lon="21.04193">
				<ele>1282.45</ele>
				<time>2026-08-06T17:33:16.654Z</time>
			</trkpt>
			<trkpt lat="40.37063" lon="21.04203">
				<ele>1280.66</ele>
				<time>2026-08-06T17:33:18.386Z</time>
			</trkpt>
			<trkpt lat="40.37088" lon="21.04218">
				<ele>1278.32</ele>
				<time>2026-08-06T17:33:20.146Z</time>
			</trkpt>
			<trkpt lat="40.37107" lon="21.0424">
				<ele>1279.66</ele>
				<time>2026-08-06T17:33:21.770Z</time>
			</trkpt>
			<trkpt lat="40.37122" lon="21.04272">
				<ele>1279.24</ele>
				<time>2026-08-06T17:33:23.607Z</time>
			</trkpt>
			<trkpt lat="40.37134" lon="21.04323">
				<ele>1276.87</ele>
				<time>2026-08-06T17:33:26.221Z</time>
			</trkpt>
			<trkpt lat="40.3714" lon="21.04367">
				<ele>1275.13</ele>
				<time>2026-08-06T17:33:28.414Z</time>
			</trkpt>
			<trkpt lat="40.37139" lon="21.04398">
				<ele>1276.52</ele>
				<time>2026-08-06T17:33:29.938Z</time>
			</trkpt>
			<trkpt lat="40.37131" lon="21.0444">
				<ele>1272.87</ele>
				<time>2026-08-06T17:33:32.067Z</time>
			</trkpt>
			<trkpt lat="40.37129" lon="21.04468">
				<ele>1270.4</ele>
				<time>2026-08-06T17:33:33.452Z</time>
			</trkpt>
			<trkpt lat="40.37131" lon="21.04479">
				<ele>1269.72</ele>
				<time>2026-08-06T17:33:34.009Z</time>
			</trkpt>
			<trkpt lat="40.37137" lon="21.04489">
				<ele>1270.02</ele>
				<time>2026-08-06T17:33:34.637Z</time>
			</trkpt>
			<trkpt lat="40.37171" lon="21.04524">
				<ele>1268.68</ele>
				<time>2026-08-06T17:33:37.436Z</time>
			</trkpt>
			<trkpt lat="40.37181" lon="21.04545">
				<ele>1267.52</ele>
				<time>2026-08-06T17:33:38.660Z</time>
			</trkpt>
			<trkpt lat="40.3719" lon="21.04577">
				<ele>1265.59</ele>
				<time>2026-08-06T17:33:40.348Z</time>
			</trkpt>
			<trkpt lat="40.37192" lon="21.04645">
				<ele>1263.3</ele>
				<time>2026-08-06T17:33:43.721Z</time>
			</trkpt>
			<trkpt lat="40.37197" lon="21.04659">
				<ele>1262.03</ele>
				<time>2026-08-06T17:33:44.488Z</time>
			</trkpt>
			<trkpt lat="40.3724" lon="21.04698">
				<ele>1266.4</ele>
				<time>2026-08-06T17:33:47.899Z</time>
			</trkpt>
			<trkpt lat="40.37251" lon="21.04714">
				<ele>1267.25</ele>
				<time>2026-08-06T17:33:48.972Z</time>
			</trkpt>
			<trkpt lat="40.37285" lon="21.048">
				<ele>1258.11</ele>
				<time>2026-08-06T17:33:53.806Z</time>
			</trkpt>
			<trkpt lat="40.37294" lon="21.0481">
				<ele>1257.56</ele>
				<time>2026-08-06T17:33:54.580Z</time>
			</trkpt>
			<trkpt lat="40.37305" lon="21.04813">
				<ele>1258.72</ele>
				<time>2026-08-06T17:33:55.317Z</time>
			</trkpt>
			<trkpt lat="40.3735" lon="21.04789">
				<ele>1259.79</ele>
				<time>2026-08-06T17:33:58.511Z</time>
			</trkpt>
			<trkpt lat="40.37371" lon="21.04785">
				<ele>1256.01</ele>
				<time>2026-08-06T17:33:59.908Z</time>
			</trkpt>
			<trkpt lat="40.37396" lon="21.04782">
				<ele>1252.69</ele>
				<time>2026-08-06T17:34:01.563Z</time>
			</trkpt>
			<trkpt lat="40.37432" lon="21.04794">
				<ele>1249.97</ele>
				<time>2026-08-06T17:34:04.015Z</time>
			</trkpt>
			<trkpt lat="40.37465" lon="21.04814">
				<ele>1249.78</ele>
				<time>2026-08-06T17:34:06.419Z</time>
			</trkpt>
			<trkpt lat="40.37549" lon="21.04884">
				<ele>1251.95</ele>
				<time>2026-08-06T17:34:13.019Z</time>
			</trkpt>
			<trkpt lat="40.37562" lon="21.049">
				<ele>1251.35</ele>
				<time>2026-08-06T17:34:14.205Z</time>
			</trkpt>
			<trkpt lat="40.37568" lon="21.04919">
				<ele>1248.76</ele>
				<time>2026-08-06T17:34:15.248Z</time>
			</trkpt>
			<trkpt lat="40.37574" lon="21.04972">
				<ele>1244.46</ele>
				<time>2026-08-06T17:34:17.969Z</time>
			</trkpt>
			<trkpt lat="40.37579" lon="21.04983">
				<ele>1244.01</ele>
				<time>2026-08-06T17:34:18.620Z</time>
			</trkpt>
			<trkpt lat="40.37588" lon="21.04993">
				<ele>1243.61</ele>
				<time>2026-08-06T17:34:19.408Z</time>
			</trkpt>
			<trkpt lat="40.37708" lon="21.05">
				<ele>1236.86</ele>
				<time>2026-08-06T17:34:27.454Z</time>
			</trkpt>
			<trkpt lat="40.37717" lon="21.05005">
				<ele>1236.42</ele>
				<time>2026-08-06T17:34:28.111Z</time>
			</trkpt>
			<trkpt lat="40.37725" lon="21.05016">
				<ele>1235.98</ele>
				<time>2026-08-06T17:34:28.889Z</time>
			</trkpt>
			<trkpt lat="40.37733" lon="21.05046">
				<ele>1231.85</ele>
				<time>2026-08-06T17:34:30.519Z</time>
			</trkpt>
			<trkpt lat="40.37737" lon="21.05073">
				<ele>1227.44</ele>
				<time>2026-08-06T17:34:31.930Z</time>
			</trkpt>
			<trkpt lat="40.37742" lon="21.05166">
				<ele>1219.82</ele>
				<time>2026-08-06T17:34:36.724Z</time>
			</trkpt>
			<trkpt lat="40.37746" lon="21.05177">
				<ele>1218.14</ele>
				<time>2026-08-06T17:34:37.352Z</time>
			</trkpt>
			<trkpt lat="40.37754" lon="21.0519">
				<ele>1217.12</ele>
				<time>2026-08-06T17:34:38.214Z</time>
			</trkpt>
			<trkpt lat="40.37788" lon="21.05211">
				<ele>1219.82</ele>
				<time>2026-08-06T17:34:40.759Z</time>
			</trkpt>
			<trkpt lat="40.378" lon="21.05222">
				<ele>1220.57</ele>
				<time>2026-08-06T17:34:41.752Z</time>
			</trkpt>
			<trkpt lat="40.3781" lon="21.0524">
				<ele>1218.97</ele>
				<time>2026-08-06T17:34:42.904Z</time>
			</trkpt>
			<trkpt lat="40.37826" lon="21.05291">
				<ele>1210.9</ele>
				<time>2026-08-06T17:34:45.761Z</time>
			</trkpt>
			<trkpt lat="40.37832" lon="21.05299">
				<ele>1209.39</ele>
				<time>2026-08-06T17:34:46.343Z</time>
			</trkpt>
			<trkpt lat="40.37845" lon="21.05307">
				<ele>1208.48</ele>
				<time>2026-08-06T17:34:47.321Z</time>
			</trkpt>
			<trkpt lat="40.37905" lon="21.05329">
				<ele>1206.76</ele>
				<time>2026-08-06T17:34:51.571Z</time>
			</trkpt>
			<trkpt lat="40.37913" lon="21.05335">
				<ele>1206.21</ele>
				<time>2026-08-06T17:34:52.201Z</time>
			</trkpt>
			<trkpt lat="40.3792" lon="21.05345">
				<ele>1204.96</ele>
				<time>2026-08-06T17:34:52.908Z</time>
			</trkpt>
			<trkpt lat="40.37965" lon="21.05431">
				<ele>1195.01</ele>
				<time>2026-08-06T17:34:58.354Z</time>
			</trkpt>
			<trkpt lat="40.37975" lon="21.05444">
				<ele>1193.39</ele>
				<time>2026-08-06T17:34:59.321Z</time>
			</trkpt>
			<trkpt lat="40.3799" lon="21.05455">
				<ele>1194.79</ele>
				<time>2026-08-06T17:35:00.502Z</time>
			</trkpt>
			<trkpt lat="40.38026" lon="21.05476">
				<ele>1195.98</ele>
				<time>2026-08-06T17:35:03.213Z</time>
			</trkpt>
			<trkpt lat="40.38052" lon="21.05501">
				<ele>1192.8</ele>
				<time>2026-08-06T17:35:05.435Z</time>
			</trkpt>
			<trkpt lat="40.38089" lon="21.05544">
				<ele>1190.11</ele>
				<time>2026-08-06T17:35:08.849Z</time>
			</trkpt>
			<trkpt lat="40.38102" lon="21.05574">
				<ele>1186.61</ele>
				<time>2026-08-06T17:35:10.669Z</time>
			</trkpt>
			<trkpt lat="40.38108" lon="21.05592">
				<ele>1185.11</ele>
				<time>2026-08-06T17:35:11.705Z</time>
			</trkpt>
			<trkpt lat="40.38112" lon="21.05611">
				<ele>1183.03</ele>
				<time>2026-08-06T17:35:12.747Z</time>
			</trkpt>
			<trkpt lat="40.38113" lon="21.0563">
				<ele>1182.86</ele>
				<time>2026-08-06T17:35:13.753Z</time>
			</trkpt>
			<trkpt lat="40.38122" lon="21.05656">
				<ele>1183.21</ele>
				<time>2026-08-06T17:35:15.264Z</time>
			</trkpt>
			<trkpt lat="40.38141" lon="21.05687">
				<ele>1185.09</ele>
				<time>2026-08-06T17:35:17.371Z</time>
			</trkpt>
			<trkpt lat="40.38206" lon="21.05768">
				<ele>1188.12</ele>
				<time>2026-08-06T17:35:23.621Z</time>
			</trkpt>
			<trkpt lat="40.38218" lon="21.05789">
				<ele>1186.04</ele>
				<time>2026-08-06T17:35:25.019Z</time>
			</trkpt>
			<trkpt lat="40.38223" lon="21.05811">
				<ele>1186.75</ele>
				<time>2026-08-06T17:35:26.243Z</time>
			</trkpt>
			<trkpt lat="40.38224" lon="21.05823">
				<ele>1187.4</ele>
				<time>2026-08-06T17:35:26.887Z</time>
			</trkpt>
			<trkpt lat="40.38211" lon="21.05875">
				<ele>1194.91</ele>
				<time>2026-08-06T17:35:29.810Z</time>
			</trkpt>
			<trkpt lat="40.38212" lon="21.05889">
				<ele>1195.75</ele>
				<time>2026-08-06T17:35:30.562Z</time>
			</trkpt>
			<trkpt lat="40.38226" lon="21.05915">
				<ele>1192.24</ele>
				<time>2026-08-06T17:35:32.267Z</time>
			</trkpt>
			<trkpt lat="40.38244" lon="21.0593">
				<ele>1188.26</ele>
				<time>2026-08-06T17:35:33.767Z</time>
			</trkpt>
			<trkpt lat="40.3829" lon="21.05957">
				<ele>1187.69</ele>
				<time>2026-08-06T17:35:37.318Z</time>
			</trkpt>
			<trkpt lat="40.38324" lon="21.05986">
				<ele>1188.92</ele>
				<time>2026-08-06T17:35:40.182Z</time>
			</trkpt>
			<trkpt lat="40.38373" lon="21.0604">
				<ele>1190.88</ele>
				<time>2026-08-06T17:35:44.712Z</time>
			</trkpt>
			<trkpt lat="40.38448" lon="21.06105">
				<ele>1181.14</ele>
				<time>2026-08-06T17:35:51.101Z</time>
			</trkpt>
			<trkpt lat="40.38554" lon="21.06191">
				<ele>1177.97</ele>
				<time>2026-08-06T17:36:00.007Z</time>
			</trkpt>
			<trkpt lat="40.38578" lon="21.0622">
				<ele>1178.82</ele>
				<time>2026-08-06T17:36:02.347Z</time>
			</trkpt>
			<trkpt lat="40.38596" lon="21.06254">
				<ele>1175.18</ele>
				<time>2026-08-06T17:36:04.614Z</time>
			</trkpt>
			<trkpt lat="40.38613" lon="21.06295">
				<ele>1168.43</ele>
				<time>2026-08-06T17:36:07.173Z</time>
			</trkpt>
			<trkpt lat="40.38626" lon="21.06355">
				<ele>1164.75</ele>
				<time>2026-08-06T17:36:10.601Z</time>
			</trkpt>
			<trkpt lat="40.38642" lon="21.06419">
				<ele>1165.62</ele>
				<time>2026-08-06T17:36:14.311Z</time>
			</trkpt>
			<trkpt lat="40.3867" lon="21.06496">
				<ele>1163.85</ele>
				<time>2026-08-06T17:36:19.025Z</time>
			</trkpt>
			<trkpt lat="40.38688" lon="21.06536">
				<ele>1161.49</ele>
				<time>2026-08-06T17:36:21.598Z</time>
			</trkpt>
			<trkpt lat="40.38699" lon="21.06554">
				<ele>1159.57</ele>
				<time>2026-08-06T17:36:22.878Z</time>
			</trkpt>
			<trkpt lat="40.38765" lon="21.06624">
				<ele>1157.97</ele>
				<time>2026-08-06T17:36:29.071Z</time>
			</trkpt>
			<trkpt lat="40.38771" lon="21.06647">
				<ele>1158.61</ele>
				<time>2026-08-06T17:36:30.427Z</time>
			</trkpt>
			<trkpt lat="40.38768" lon="21.06689">
				<ele>1159.9</ele>
				<time>2026-08-06T17:36:32.781Z</time>
			</trkpt>
			<trkpt lat="40.38766" lon="21.06755">
				<ele>1160.96</ele>
				<time>2026-08-06T17:36:36.476Z</time>
			</trkpt>
			<trkpt lat="40.38754" lon="21.06882">
				<ele>1159.91</ele>
				<time>2026-08-06T17:36:43.661Z</time>
			</trkpt>
			<trkpt lat="40.38741" lon="21.06942">
				<ele>1160.98</ele>
				<time>2026-08-06T17:36:47.177Z</time>
			</trkpt>
			<trkpt lat="40.38738" lon="21.06966">
				<ele>1160.06</ele>
				<time>2026-08-06T17:36:48.549Z</time>
			</trkpt>
			<trkpt lat="40.38737" lon="21.06986">
				<ele>1158.77</ele>
				<time>2026-08-06T17:36:49.682Z</time>
			</trkpt>
			<trkpt lat="40.38749" lon="21.0706">
				<ele>1156.06</ele>
				<time>2026-08-06T17:36:53.964Z</time>
			</trkpt>
			<trkpt lat="40.38745" lon="21.07101">
				<ele>1159.02</ele>
				<time>2026-08-06T17:36:56.309Z</time>
			</trkpt>
			<trkpt lat="40.38746" lon="21.07111">
				<ele>1159.27</ele>
				<time>2026-08-06T17:36:56.882Z</time>
			</trkpt>
			<trkpt lat="40.38753" lon="21.07124">
				<ele>1158.98</ele>
				<time>2026-08-06T17:36:57.787Z</time>
			</trkpt>
			<trkpt lat="40.38789" lon="21.07185">
				<ele>1149.32</ele>
				<time>2026-08-06T17:37:02.179Z</time>
			</trkpt>
			<trkpt lat="40.38799" lon="21.07207">
				<ele>1147.04</ele>
				<time>2026-08-06T17:37:03.640Z</time>
			</trkpt>
			<trkpt lat="40.38819" lon="21.07259">
				<ele>1141.17</ele>
				<time>2026-08-06T17:37:06.968Z</time>
			</trkpt>
			<trkpt lat="40.38837" lon="21.07327">
				<ele>1138.5</ele>
				<time>2026-08-06T17:37:11.091Z</time>
			</trkpt>
			<trkpt lat="40.38859" lon="21.0739">
				<ele>1135.6</ele>
				<time>2026-08-06T17:37:15.072Z</time>
			</trkpt>
			<trkpt lat="40.38866" lon="21.07404">
				<ele>1134.87</ele>
				<time>2026-08-06T17:37:16.035Z</time>
			</trkpt>
			<trkpt lat="40.38899" lon="21.0745">
				<ele>1127.85</ele>
				<time>2026-08-06T17:37:19.676Z</time>
			</trkpt>
			<trkpt lat="40.38966" lon="21.07532">
				<ele>1121.26</ele>
				<time>2026-08-06T17:37:26.631Z</time>
			</trkpt>
			<trkpt lat="40.3898" lon="21.07545">
				<ele>1120.44</ele>
				<time>2026-08-06T17:37:27.936Z</time>
			</trkpt>
			<trkpt lat="40.38993" lon="21.07553">
				<ele>1120.71</ele>
				<time>2026-08-06T17:37:29.030Z</time>
			</trkpt>
			<trkpt lat="40.39017" lon="21.07564">
				<ele>1115.19</ele>
				<time>2026-08-06T17:37:30.969Z</time>
			</trkpt>
			<trkpt lat="40.39039" lon="21.07571">
				<ele>1109.75</ele>
				<time>2026-08-06T17:37:32.698Z</time>
			</trkpt>
			<trkpt lat="40.39055" lon="21.07572">
				<ele>1107.04</ele>
				<time>2026-08-06T17:37:33.923Z</time>
			</trkpt>
			<trkpt lat="40.39142" lon="21.07541">
				<ele>1099.8</ele>
				<time>2026-08-06T17:37:40.833Z</time>
			</trkpt>
			<trkpt lat="40.39188" lon="21.0753">
				<ele>1095.62</ele>
				<time>2026-08-06T17:37:44.430Z</time>
			</trkpt>
			<trkpt lat="40.39196" lon="21.07525">
				<ele>1094.44</ele>
				<time>2026-08-06T17:37:45.113Z</time>
			</trkpt>
			<trkpt lat="40.39256" lon="21.07454">
				<ele>1087.91</ele>
				<time>2026-08-06T17:37:51.351Z</time>
			</trkpt>
			<trkpt lat="40.39299" lon="21.07407">
				<ele>1086.63</ele>
				<time>2026-08-06T17:37:55.687Z</time>
			</trkpt>
			<trkpt lat="40.39366" lon="21.0728">
				<ele>1069.34</ele>
				<time>2026-08-06T17:38:04.847Z</time>
			</trkpt>
			<trkpt lat="40.394" lon="21.07203">
				<ele>1060.71</ele>
				<time>2026-08-06T17:38:10.150Z</time>
			</trkpt>
			<trkpt lat="40.39415" lon="21.07177">
				<ele>1056.82</ele>
				<time>2026-08-06T17:38:12.098Z</time>
			</trkpt>
			<trkpt lat="40.39425" lon="21.07165">
				<ele>1054.32</ele>
				<time>2026-08-06T17:38:13.162Z</time>
			</trkpt>
			<trkpt lat="40.39436" lon="21.07157">
				<ele>1052.99</ele>
				<time>2026-08-06T17:38:14.150Z</time>
			</trkpt>
			<trkpt lat="40.39446" lon="21.07154">
				<ele>1052.46</ele>
				<time>2026-08-06T17:38:14.956Z</time>
			</trkpt>
			<trkpt lat="40.39512" lon="21.07145">
				<ele>1048.43</ele>
				<time>2026-08-06T17:38:20.182Z</time>
			</trkpt>
			<trkpt lat="40.3953" lon="21.0715">
				<ele>1047.35</ele>
				<time>2026-08-06T17:38:21.634Z</time>
			</trkpt>
			<trkpt lat="40.39615" lon="21.07238">
				<ele>1044.3</ele>
				<time>2026-08-06T17:38:30.207Z</time>
			</trkpt>
			<trkpt lat="40.39628" lon="21.07247">
				<ele>1042.07</ele>
				<time>2026-08-06T17:38:31.375Z</time>
			</trkpt>
			<trkpt lat="40.39669" lon="21.07261">
				<ele>1030.02</ele>
				<time>2026-08-06T17:38:34.746Z</time>
			</trkpt>
			<trkpt lat="40.39681" lon="21.07268">
				<ele>1028.67</ele>
				<time>2026-08-06T17:38:35.792Z</time>
			</trkpt>
			<trkpt lat="40.39693" lon="21.07278">
				<ele>1028.11</ele>
				<time>2026-08-06T17:38:36.925Z</time>
			</trkpt>
			<trkpt lat="40.39717" lon="21.07316">
				<ele>1027.35</ele>
				<time>2026-08-06T17:38:39.928Z</time>
			</trkpt>
			<trkpt lat="40.39735" lon="21.07349">
				<ele>1029.61</ele>
				<time>2026-08-06T17:38:42.401Z</time>
			</trkpt>
			<trkpt lat="40.39757" lon="21.07374">
				<ele>1027.54</ele>
				<time>2026-08-06T17:38:44.732Z</time>
			</trkpt>
			<trkpt lat="40.39775" lon="21.07387">
				<ele>1022.63</ele>
				<time>2026-08-06T17:38:46.380Z</time>
			</trkpt>
			<trkpt lat="40.39795" lon="21.07392">
				<ele>1017.61</ele>
				<time>2026-08-06T17:38:48.016Z</time>
			</trkpt>
			<trkpt lat="40.39815" lon="21.07392">
				<ele>1014.14</ele>
				<time>2026-08-06T17:38:49.624Z</time>
			</trkpt>
			<trkpt lat="40.39831" lon="21.07389">
				<ele>1012.24</ele>
				<time>2026-08-06T17:38:50.925Z</time>
			</trkpt>
			<trkpt lat="40.39848" lon="21.0738">
				<ele>1010.04</ele>
				<time>2026-08-06T17:38:52.401Z</time>
			</trkpt>
			<trkpt lat="40.39867" lon="21.07366">
				<ele>1008.05</ele>
				<time>2026-08-06T17:38:54.158Z</time>
			</trkpt>
			<trkpt lat="40.39882" lon="21.07353">
				<ele>1006.59</ele>
				<time>2026-08-06T17:38:55.609Z</time>
			</trkpt>
			<trkpt lat="40.39891" lon="21.07341">
				<ele>1005.68</ele>
				<time>2026-08-06T17:38:56.645Z</time>
			</trkpt>
			<trkpt lat="40.39902" lon="21.07324">
				<ele>1005.79</ele>
				<time>2026-08-06T17:38:58.019Z</time>
			</trkpt>
			<trkpt lat="40.39922" lon="21.07283">
				<ele>1006.69</ele>
				<time>2026-08-06T17:39:01.021Z</time>
			</trkpt>
			<trkpt lat="40.39959" lon="21.07203">
				<ele>1001.31</ele>
				<time>2026-08-06T17:39:06.810Z</time>
			</trkpt>
			<trkpt lat="40.39963" lon="21.07186">
				<ele>1000.28</ele>
				<time>2026-08-06T17:39:07.912Z</time>
			</trkpt>
			<trkpt lat="40.39965" lon="21.07167">
				<ele>999.55</ele>
				<time>2026-08-06T17:39:09.102Z</time>
			</trkpt>
			<trkpt lat="40.39965" lon="21.07139">
				<ele>1000.05</ele>
				<time>2026-08-06T17:39:10.841Z</time>
			</trkpt>
			<trkpt lat="40.39959" lon="21.07035">
				<ele>995.98</ele>
				<time>2026-08-06T17:39:17.333Z</time>
			</trkpt>
			<trkpt lat="40.3996" lon="21.07014">
				<ele>994.51</ele>
				<time>2026-08-06T17:39:18.647Z</time>
			</trkpt>
			<trkpt lat="40.39963" lon="21.06992">
				<ele>993.18</ele>
				<time>2026-08-06T17:39:20.043Z</time>
			</trkpt>
			<trkpt lat="40.39995" lon="21.06867">
				<ele>988.92</ele>
				<time>2026-08-06T17:39:28.306Z</time>
			</trkpt>
			<trkpt lat="40.40003" lon="21.06855">
				<ele>987.88</ele>
				<time>2026-08-06T17:39:29.309Z</time>
			</trkpt>
			<trkpt lat="40.4001" lon="21.0685">
				<ele>987.04</ele>
				<time>2026-08-06T17:39:29.967Z</time>
			</trkpt>
			<trkpt lat="40.40017" lon="21.06848">
				<ele>986.91</ele>
				<time>2026-08-06T17:39:30.558Z</time>
			</trkpt>
			<trkpt lat="40.40023" lon="21.06849">
				<ele>986.99</ele>
				<time>2026-08-06T17:39:31.058Z</time>
			</trkpt>
			<trkpt lat="40.40031" lon="21.06855">
				<ele>986.47</ele>
				<time>2026-08-06T17:39:31.820Z</time>
			</trkpt>
			<trkpt lat="40.40035" lon="21.06864">
				<ele>985.31</ele>
				<time>2026-08-06T17:39:32.476Z</time>
			</trkpt>
			<trkpt lat="40.40038" lon="21.06874">
				<ele>984.13</ele>
				<time>2026-08-06T17:39:33.153Z</time>
			</trkpt>
			<trkpt lat="40.40032" lon="21.06927">
				<ele>981.5</ele>
				<time>2026-08-06T17:39:36.534Z</time>
			</trkpt>
			<trkpt lat="40.40032" lon="21.06968">
				<ele>978.16</ele>
				<time>2026-08-06T17:39:39.126Z</time>
			</trkpt>
			<trkpt lat="40.40034" lon="21.06986">
				<ele>977.04</ele>
				<time>2026-08-06T17:39:40.277Z</time>
			</trkpt>
			<trkpt lat="40.40038" lon="21.07001">
				<ele>975.54</ele>
				<time>2026-08-06T17:39:41.284Z</time>
			</trkpt>
			<trkpt lat="40.40049" lon="21.07022">
				<ele>972.49</ele>
				<time>2026-08-06T17:39:42.900Z</time>
			</trkpt>
			<trkpt lat="40.40086" lon="21.07066">
				<ele>962.02</ele>
				<time>2026-08-06T17:39:47.062Z</time>
			</trkpt>
			<trkpt lat="40.40095" lon="21.07084">
				<ele>961.4</ele>
				<time>2026-08-06T17:39:48.432Z</time>
			</trkpt>
			<trkpt lat="40.40103" lon="21.07106">
				<ele>961.68</ele>
				<time>2026-08-06T17:39:49.985Z</time>
			</trkpt>
			<trkpt lat="40.40117" lon="21.07165">
				<ele>957.34</ele>
				<time>2026-08-06T17:39:53.927Z</time>
			</trkpt>
			<trkpt lat="40.40127" lon="21.07187">
				<ele>955.28</ele>
				<time>2026-08-06T17:39:55.564Z</time>
			</trkpt>
			<trkpt lat="40.40136" lon="21.07204">
				<ele>954.64</ele>
				<time>2026-08-06T17:39:56.888Z</time>
			</trkpt>
			<trkpt lat="40.40142" lon="21.0722">
				<ele>953.64</ele>
				<time>2026-08-06T17:39:58.030Z</time>
			</trkpt>
			<trkpt lat="40.40146" lon="21.07235">
				<ele>952.63</ele>
				<time>2026-08-06T17:39:59.048Z</time>
			</trkpt>
			<trkpt lat="40.40147" lon="21.07254">
				<ele>951.39</ele>
				<time>2026-08-06T17:40:00.269Z</time>
			</trkpt>
			<trkpt lat="40.40144" lon="21.07312">
				<ele>947.35</ele>
				<time>2026-08-06T17:40:04.002Z</time>
			</trkpt>
			<trkpt lat="40.40146" lon="21.07406">
				<ele>939.46</ele>
				<time>2026-08-06T17:40:10.058Z</time>
			</trkpt>
			<trkpt lat="40.40148" lon="21.07426">
				<ele>937.44</ele>
				<time>2026-08-06T17:40:11.360Z</time>
			</trkpt>
			<trkpt lat="40.40153" lon="21.07442">
				<ele>935.61</ele>
				<time>2026-08-06T17:40:12.478Z</time>
			</trkpt>
			<trkpt lat="40.40157" lon="21.07453">
				<ele>935.15</ele>
				<time>2026-08-06T17:40:13.266Z</time>
			</trkpt>
			<trkpt lat="40.40168" lon="21.07467">
				<ele>934.61</ele>
				<time>2026-08-06T17:40:14.567Z</time>
			</trkpt>
			<trkpt lat="40.40178" lon="21.07474">
				<ele>933.99</ele>
				<time>2026-08-06T17:40:15.530Z</time>
			</trkpt>
			<trkpt lat="40.40222" lon="21.07485">
				<ele>930.9</ele>
				<time>2026-08-06T17:40:19.343Z</time>
			</trkpt>
			<trkpt lat="40.40232" lon="21.07491">
				<ele>928.69</ele>
				<time>2026-08-06T17:40:20.281Z</time>
			</trkpt>
			<trkpt lat="40.40245" lon="21.07511">
				<ele>925.85</ele>
				<time>2026-08-06T17:40:21.989Z</time>
			</trkpt>
			<trkpt lat="40.40264" lon="21.07556">
				<ele>919.93</ele>
				<time>2026-08-06T17:40:25.338Z</time>
			</trkpt>
			<trkpt lat="40.40286" lon="21.07589">
				<ele>916.77</ele>
				<time>2026-08-06T17:40:28.198Z</time>
			</trkpt>
			<trkpt lat="40.4033" lon="21.07631">
				<ele>918.98</ele>
				<time>2026-08-06T17:40:32.867Z</time>
			</trkpt>
			<trkpt lat="40.40345" lon="21.07653">
				<ele>916.64</ele>
				<time>2026-08-06T17:40:34.802Z</time>
			</trkpt>
			<trkpt lat="40.40349" lon="21.0767">
				<ele>914.93</ele>
				<time>2026-08-06T17:40:35.968Z</time>
			</trkpt>
			<trkpt lat="40.40351" lon="21.07687">
				<ele>912.4</ele>
				<time>2026-08-06T17:40:37.097Z</time>
			</trkpt>
			<trkpt lat="40.40348" lon="21.07724">
				<ele>906.53</ele>
				<time>2026-08-06T17:40:39.541Z</time>
			</trkpt>
			<trkpt lat="40.4034" lon="21.07753">
				<ele>903.03</ele>
				<time>2026-08-06T17:40:41.570Z</time>
			</trkpt>
			<trkpt lat="40.40327" lon="21.07771">
				<ele>902.28</ele>
				<time>2026-08-06T17:40:43.203Z</time>
			</trkpt>
			<trkpt lat="40.40295" lon="21.07796">
				<ele>902.67</ele>
				<time>2026-08-06T17:40:46.428Z</time>
			</trkpt>
			<trkpt lat="40.40288" lon="21.07804">
				<ele>902.21</ele>
				<time>2026-08-06T17:40:47.233Z</time>
			</trkpt>
			<trkpt lat="40.40277" lon="21.07832">
				<ele>898.26</ele>
				<time>2026-08-06T17:40:49.315Z</time>
			</trkpt>
			<trkpt lat="40.40274" lon="21.0785">
				<ele>896.54</ele>
				<time>2026-08-06T17:40:50.534Z</time>
			</trkpt>
			<trkpt lat="40.40274" lon="21.07899">
				<ele>892.64</ele>
				<time>2026-08-06T17:40:53.781Z</time>
			</trkpt>
			<trkpt lat="40.40277" lon="21.07922">
				<ele>890.66</ele>
				<time>2026-08-06T17:40:55.329Z</time>
			</trkpt>
			<trkpt lat="40.40282" lon="21.0794">
				<ele>889.11</ele>
				<time>2026-08-06T17:40:56.602Z</time>
			</trkpt>
			<trkpt lat="40.40289" lon="21.07955">
				<ele>889.32</ele>
				<time>2026-08-06T17:40:57.771Z</time>
			</trkpt>
			<trkpt lat="40.40297" lon="21.07964">
				<ele>890.04</ele>
				<time>2026-08-06T17:40:58.691Z</time>
			</trkpt>
			<trkpt lat="40.40303" lon="21.07968">
				<ele>890.51</ele>
				<time>2026-08-06T17:40:59.279Z</time>
			</trkpt>
			<trkpt lat="40.40328" lon="21.07968">
				<ele>891.46</ele>
				<time>2026-08-06T17:41:01.465Z</time>
			</trkpt>
			<trkpt lat="40.40354" lon="21.07961">
				<ele>892.02</ele>
				<time>2026-08-06T17:41:03.789Z</time>
			</trkpt>
			<trkpt lat="40.40368" lon="21.07953">
				<ele>891.77</ele>
				<time>2026-08-06T17:41:05.127Z</time>
			</trkpt>
			<trkpt lat="40.40413" lon="21.07923">
				<ele>892.58</ele>
				<time>2026-08-06T17:41:09.560Z</time>
			</trkpt>
			<trkpt lat="40.40447" lon="21.07894">
				<ele>889.01</ele>
				<time>2026-08-06T17:41:13.129Z</time>
			</trkpt>
			<trkpt lat="40.40557" lon="21.07785">
				<ele>880.84</ele>
				<time>2026-08-06T17:41:25.319Z</time>
			</trkpt>
			<trkpt lat="40.40594" lon="21.07752">
				<ele>878.16</ele>
				<time>2026-08-06T17:41:29.296Z</time>
			</trkpt>
			<trkpt lat="40.40605" lon="21.07738">
				<ele>876.85</ele>
				<time>2026-08-06T17:41:30.660Z</time>
			</trkpt>
			<trkpt lat="40.40612" lon="21.07725">
				<ele>875.41</ele>
				<time>2026-08-06T17:41:31.740Z</time>
			</trkpt>
			<trkpt lat="40.40639" lon="21.07661">
				<ele>871.64</ele>
				<time>2026-08-06T17:41:36.714Z</time>
			</trkpt>
			<trkpt lat="40.40661" lon="21.07597">
				<ele>866.3</ele>
				<time>2026-08-06T17:41:41.502Z</time>
			</trkpt>
			<trkpt lat="40.40672" lon="21.07548">
				<ele>864.32</ele>
				<time>2026-08-06T17:41:44.994Z</time>
			</trkpt>
			<trkpt lat="40.40685" lon="21.07517">
				<ele>862.84</ele>
				<time>2026-08-06T17:41:47.417Z</time>
			</trkpt>
			<trkpt lat="40.40705" lon="21.0748">
				<ele>859.39</ele>
				<time>2026-08-06T17:41:50.530Z</time>
			</trkpt>
			<trkpt lat="40.40709" lon="21.07468">
				<ele>858.3</ele>
				<time>2026-08-06T17:41:51.429Z</time>
			</trkpt>
			<trkpt lat="40.40714" lon="21.07446">
				<ele>856.89</ele>
				<time>2026-08-06T17:41:53.007Z</time>
			</trkpt>
			<trkpt lat="40.40715" lon="21.07423">
				<ele>855.86</ele>
				<time>2026-08-06T17:41:54.592Z</time>
			</trkpt>
			<trkpt lat="40.40715" lon="21.07394">
				<ele>855.7</ele>
				<time>2026-08-06T17:41:56.589Z</time>
			</trkpt>
			<trkpt lat="40.40707" lon="21.07285">
				<ele>848.73</ele>
				<time>2026-08-06T17:42:04.152Z</time>
			</trkpt>
			<trkpt lat="40.40709" lon="21.07271">
				<ele>846.59</ele>
				<time>2026-08-06T17:42:05.138Z</time>
			</trkpt>
			<trkpt lat="40.40715" lon="21.07259">
				<ele>844.4</ele>
				<time>2026-08-06T17:42:06.132Z</time>
			</trkpt>
			<trkpt lat="40.40724" lon="21.07248">
				<ele>842.27</ele>
				<time>2026-08-06T17:42:07.252Z</time>
			</trkpt>
			<trkpt lat="40.40739" lon="21.07226">
				<ele>840.5</ele>
				<time>2026-08-06T17:42:09.301Z</time>
			</trkpt>
			<trkpt lat="40.40752" lon="21.07199">
				<ele>833.39</ele>
				<time>2026-08-06T17:42:11.520Z</time>
			</trkpt>
			<trkpt lat="40.40774" lon="21.07163">
				<ele>826.37</ele>
				<time>2026-08-06T17:42:14.732Z</time>
			</trkpt>
			<trkpt lat="40.40799" lon="21.07141">
				<ele>826.22</ele>
				<time>2026-08-06T17:42:17.487Z</time>
			</trkpt>
			<trkpt lat="40.40814" lon="21.07139">
				<ele>827.89</ele>
				<time>2026-08-06T17:42:18.870Z</time>
			</trkpt>
			<trkpt lat="40.4083" lon="21.07142">
				<ele>832.05</ele>
				<time>2026-08-06T17:42:20.352Z</time>
			</trkpt>
			<trkpt lat="40.40841" lon="21.07148">
				<ele>834.66</ele>
				<time>2026-08-06T17:42:21.446Z</time>
			</trkpt>
			<trkpt lat="40.40873" lon="21.07175">
				<ele>836.13</ele>
				<time>2026-08-06T17:42:24.943Z</time>
			</trkpt>
			<trkpt lat="40.40899" lon="21.07201">
				<ele>833.51</ele>
				<time>2026-08-06T17:42:27.953Z</time>
			</trkpt>
			<trkpt lat="40.40911" lon="21.07208">
				<ele>831.46</ele>
				<time>2026-08-06T17:42:29.164Z</time>
			</trkpt>
			<trkpt lat="40.40917" lon="21.0721">
				<ele>829.48</ele>
				<time>2026-08-06T17:42:29.735Z</time>
			</trkpt>
			<trkpt lat="40.40921" lon="21.0721">
				<ele>825.78</ele>
				<time>2026-08-06T17:42:30.104Z</time>
			</trkpt>
			<trkpt lat="40.40924" lon="21.07206">
				<ele>821.35</ele>
				<time>2026-08-06T17:42:30.499Z</time>
			</trkpt>
			<trkpt lat="40.40926" lon="21.07195">
				<ele>814.24</ele>
				<time>2026-08-06T17:42:31.294Z</time>
			</trkpt>
			<trkpt lat="40.40921" lon="21.07181">
				<ele>808.78</ele>
				<time>2026-08-06T17:42:32.382Z</time>
			</trkpt>
			<trkpt lat="40.40908" lon="21.07158">
				<ele>806.27</ele>
				<time>2026-08-06T17:42:34.400Z</time>
			</trkpt>
			<trkpt lat="40.40865" lon="21.07102">
				<ele>806.97</ele>
				<time>2026-08-06T17:42:40.013Z</time>
			</trkpt>
			<trkpt lat="40.40861" lon="21.07089">
				<ele>801.8</ele>
				<time>2026-08-06T17:42:41.005Z</time>
			</trkpt>
			<trkpt lat="40.4086" lon="21.07082">
				<ele>798.93</ele>
				<time>2026-08-06T17:42:41.509Z</time>
			</trkpt>
			<trkpt lat="40.40862" lon="21.07065">
				<ele>795.48</ele>
				<time>2026-08-06T17:42:42.727Z</time>
			</trkpt>
			<trkpt lat="40.40868" lon="21.0705">
				<ele>794.01</ele>
				<time>2026-08-06T17:42:43.927Z</time>
			</trkpt>
			<trkpt lat="40.40879" lon="21.07034">
				<ele>793.97</ele>
				<time>2026-08-06T17:42:45.455Z</time>
			</trkpt>
			<trkpt lat="40.40888" lon="21.07026">
				<ele>793.78</ele>
				<time>2026-08-06T17:42:46.468Z</time>
			</trkpt>
			<trkpt lat="40.409" lon="21.07026">
				<ele>792.64</ele>
				<time>2026-08-06T17:42:47.587Z</time>
			</trkpt>
			<trkpt lat="40.40912" lon="21.07035">
				<ele>792.76</ele>
				<time>2026-08-06T17:42:48.876Z</time>
			</trkpt>
			<trkpt lat="40.4096" lon="21.07106">
				<ele>793.24</ele>
				<time>2026-08-06T17:42:55.637Z</time>
			</trkpt>
			<trkpt lat="40.41007" lon="21.07053">
				<ele>788.64</ele>
				<time>2026-08-06T17:43:01.451Z</time>
			</trkpt>
			<trkpt lat="40.41013" lon="21.07049">
				<ele>789.45</ele>
				<time>2026-08-06T17:43:02.084Z</time>
			</trkpt>
			<trkpt lat="40.41056" lon="21.07061">
				<ele>791.16</ele>
				<time>2026-08-06T17:43:06.224Z</time>
			</trkpt>
			<trkpt lat="40.41066" lon="21.07061">
				<ele>791.43</ele>
				<time>2026-08-06T17:43:07.167Z</time>
			</trkpt>
			<trkpt lat="40.41109" lon="21.07036">
				<ele>792</ele>
				<time>2026-08-06T17:43:11.609Z</time>
			</trkpt>
			<trkpt lat="40.41132" lon="21.07025">
				<ele>791.29</ele>
				<time>2026-08-06T17:43:13.925Z</time>
			</trkpt>
			<trkpt lat="40.41143" lon="21.07024">
				<ele>790.98</ele>
				<time>2026-08-06T17:43:14.970Z</time>
			</trkpt>
			<trkpt lat="40.41165" lon="21.07018">
				<ele>790.7</ele>
				<time>2026-08-06T17:43:17.100Z</time>
			</trkpt>
			<trkpt lat="40.41204" lon="21.07003">
				<ele>791.86</ele>
				<time>2026-08-06T17:43:20.960Z</time>
			</trkpt>
			<trkpt lat="40.41219" lon="21.06994">
				<ele>792.03</ele>
				<time>2026-08-06T17:43:22.528Z</time>
			</trkpt>
			<trkpt lat="40.41236" lon="21.06988">
				<ele>791.27</ele>
				<time>2026-08-06T17:43:24.205Z</time>
			</trkpt>
			<trkpt lat="40.41266" lon="21.06989">
				<ele>788.81</ele>
				<time>2026-08-06T17:43:27.550Z</time>
			</trkpt>
			<trkpt lat="40.41286" lon="21.06994">
				<ele>786.95</ele>
				<time>2026-08-06T17:43:30.540Z</time>
			</trkpt>
			<trkpt lat="40.41302" lon="21.07001">
				<ele>785.43</ele>
				<time>2026-08-06T17:43:32.903Z</time>
			</trkpt>
			<trkpt lat="40.41332" lon="21.07019">
				<ele>784.36</ele>
				<time>2026-08-06T17:43:36.236Z</time>
			</trkpt>
			<trkpt lat="40.41372" lon="21.07048">
				<ele>782.58</ele>
				<time>2026-08-06T17:43:40.293Z</time>
			</trkpt>
			<trkpt lat="40.41399" lon="21.0707">
				<ele>779.87</ele>
				<time>2026-08-06T17:43:42.939Z</time>
			</trkpt>
			<trkpt lat="40.41475" lon="21.07123">
				<ele>787.96</ele>
				<time>2026-08-06T17:43:49.457Z</time>
			</trkpt>
			<trkpt lat="40.41538" lon="21.07162">
				<ele>790.72</ele>
				<time>2026-08-06T17:43:54.126Z</time>
			</trkpt>
			<trkpt lat="40.41604" lon="21.07188">
				<ele>786.34</ele>
				<time>2026-08-06T17:43:58.306Z</time>
			</trkpt>
			<trkpt lat="40.41612" lon="21.07193">
				<ele>785.36</ele>
				<time>2026-08-06T17:43:58.816Z</time>
			</trkpt>
			<trkpt lat="40.41635" lon="21.07215">
				<ele>786.91</ele>
				<time>2026-08-06T17:44:00.416Z</time>
			</trkpt>
			<trkpt lat="40.41673" lon="21.07262">
				<ele>789.64</ele>
				<time>2026-08-06T17:44:03.222Z</time>
			</trkpt>
			<trkpt lat="40.41688" lon="21.07285">
				<ele>788.17</ele>
				<time>2026-08-06T17:44:04.415Z</time>
			</trkpt>
			<trkpt lat="40.41692" lon="21.07295">
				<ele>787.58</ele>
				<time>2026-08-06T17:44:04.853Z</time>
			</trkpt>
			<trkpt lat="40.417" lon="21.07331">
				<ele>788.07</ele>
				<time>2026-08-06T17:44:06.288Z</time>
			</trkpt>
			<trkpt lat="40.41699" lon="21.07369">
				<ele>788.16</ele>
				<time>2026-08-06T17:44:07.714Z</time>
			</trkpt>
			<trkpt lat="40.4167" lon="21.07481">
				<ele>789.4</ele>
				<time>2026-08-06T17:44:12.030Z</time>
			</trkpt>
			<trkpt lat="40.41658" lon="21.07559">
				<ele>791.07</ele>
				<time>2026-08-06T17:44:14.903Z</time>
			</trkpt>
			<trkpt lat="40.41655" lon="21.07584">
				<ele>791.65</ele>
				<time>2026-08-06T17:44:15.823Z</time>
			</trkpt>
			<trkpt lat="40.41654" lon="21.07613">
				<ele>793.71</ele>
				<time>2026-08-06T17:44:16.887Z</time>
			</trkpt>
			<trkpt lat="40.41671" lon="21.07768">
				<ele>794.03</ele>
				<time>2026-08-06T17:44:22.884Z</time>
			</trkpt>
			<trkpt lat="40.41688" lon="21.07848">
				<ele>792.51</ele>
				<time>2026-08-06T17:44:26.346Z</time>
			</trkpt>
			<trkpt lat="40.41693" lon="21.07862">
				<ele>793.45</ele>
				<time>2026-08-06T17:44:27.020Z</time>
			</trkpt>
			<trkpt lat="40.417" lon="21.07866">
				<ele>798.85</ele>
				<time>2026-08-06T17:44:27.462Z</time>
			</trkpt>
			<trkpt lat="40.41698" lon="21.07937">
				<ele>790.06</ele>
				<time>2026-08-06T17:44:30.728Z</time>
			</trkpt>
			<trkpt lat="40.41701" lon="21.07959">
				<ele>791.41</ele>
				<time>2026-08-06T17:44:31.807Z</time>
			</trkpt>
			<trkpt lat="40.41707" lon="21.07988">
				<ele>793.13</ele>
				<time>2026-08-06T17:44:33.301Z</time>
			</trkpt>
			<trkpt lat="40.41714" lon="21.08016">
				<ele>794.36</ele>
				<time>2026-08-06T17:44:34.818Z</time>
			</trkpt>
			<trkpt lat="40.41727" lon="21.08042">
				<ele>792.5</ele>
				<time>2026-08-06T17:44:36.476Z</time>
			</trkpt>
			<trkpt lat="40.41761" lon="21.08101">
				<ele>787.12</ele>
				<time>2026-08-06T17:44:40.679Z</time>
			</trkpt>
			<trkpt lat="40.418" lon="21.08179">
				<ele>785.68</ele>
				<time>2026-08-06T17:44:46.557Z</time>
			</trkpt>
			<trkpt lat="40.41812" lon="21.08201">
				<ele>785.24</ele>
				<time>2026-08-06T17:44:48.395Z</time>
			</trkpt>
			<trkpt lat="40.41838" lon="21.08237">
				<ele>783.05</ele>
				<time>2026-08-06T17:44:52.030Z</time>
			</trkpt>
			<trkpt lat="40.41862" lon="21.0826">
				<ele>781.27</ele>
				<time>2026-08-06T17:44:55.963Z</time>
			</trkpt>
			<trkpt lat="40.41925" lon="21.08295">
				<ele>782.67</ele>
				<time>2026-08-06T17:45:04.885Z</time>
			</trkpt>
			<trkpt lat="40.41961" lon="21.08324">
				<ele>784.21</ele>
				<time>2026-08-06T17:45:09.414Z</time>
			</trkpt>
			<trkpt lat="40.42005" lon="21.08373">
				<ele>784.16</ele>
				<time>2026-08-06T17:45:15.574Z</time>
			</trkpt>
			<trkpt lat="40.42035" lon="21.08403">
				<ele>780.34</ele>
				<time>2026-08-06T17:45:19.584Z</time>
			</trkpt>
			<trkpt lat="40.42064" lon="21.08431">
				<ele>780.73</ele>
				<time>2026-08-06T17:45:23.401Z</time>
			</trkpt>
			<trkpt lat="40.42164" lon="21.08517">
				<ele>780.01</ele>
				<time>2026-08-06T17:45:35.993Z</time>
			</trkpt>
			<trkpt lat="40.42188" lon="21.08533">
				<ele>781.38</ele>
				<time>2026-08-06T17:45:38.811Z</time>
			</trkpt>
			<trkpt lat="40.42259" lon="21.08573">
				<ele>779.27</ele>
				<time>2026-08-06T17:45:46.865Z</time>
			</trkpt>
			<trkpt lat="40.42281" lon="21.0859">
				<ele>781.82</ele>
				<time>2026-08-06T17:45:49.515Z</time>
			</trkpt>
			<trkpt lat="40.42315" lon="21.0862">
				<ele>783.51</ele>
				<time>2026-08-06T17:45:53.755Z</time>
			</trkpt>
			<trkpt lat="40.42335" lon="21.08641">
				<ele>781.19</ele>
				<time>2026-08-06T17:45:56.398Z</time>
			</trkpt>
			<trkpt lat="40.42421" lon="21.08705">
				<ele>780.58</ele>
				<time>2026-08-06T17:46:06.551Z</time>
			</trkpt>
			<trkpt lat="40.42482" lon="21.08745">
				<ele>775.49</ele>
				<time>2026-08-06T17:46:13.505Z</time>
			</trkpt>
			<trkpt lat="40.42547" lon="21.08791">
				<ele>776.24</ele>
				<time>2026-08-06T17:46:20.993Z</time>
			</trkpt>
			<trkpt lat="40.42645" lon="21.08874">
				<ele>773.86</ele>
				<time>2026-08-06T17:46:32.725Z</time>
			</trkpt>
			<trkpt lat="40.42928" lon="21.09071">
				<ele>768.17</ele>
				<time>2026-08-06T17:47:04.383Z</time>
			</trkpt>
			<trkpt lat="40.43018" lon="21.09131">
				<ele>771.38</ele>
				<time>2026-08-06T17:47:14.190Z</time>
			</trkpt>
			<trkpt lat="40.43063" lon="21.09166">
				<ele>776.12</ele>
				<time>2026-08-06T17:47:19.240Z</time>
			</trkpt>
			<trkpt lat="40.43076" lon="21.09179">
				<ele>775.86</ele>
				<time>2026-08-06T17:47:20.813Z</time>
			</trkpt>
			<trkpt lat="40.43088" lon="21.09195">
				<ele>774.8</ele>
				<time>2026-08-06T17:47:22.458Z</time>
			</trkpt>
			<trkpt lat="40.43103" lon="21.09222">
				<ele>773.17</ele>
				<time>2026-08-06T17:47:24.901Z</time>
			</trkpt>
			<trkpt lat="40.43135" lon="21.09299">
				<ele>768.35</ele>
				<time>2026-08-06T17:47:31.288Z</time>
			</trkpt>
			<trkpt lat="40.43175" lon="21.09374">
				<ele>765.05</ele>
				<time>2026-08-06T17:47:37.920Z</time>
			</trkpt>
			<trkpt lat="40.43202" lon="21.09408">
				<ele>764.29</ele>
				<time>2026-08-06T17:47:41.463Z</time>
			</trkpt>
			<trkpt lat="40.43261" lon="21.09459">
				<ele>764.68</ele>
				<time>2026-08-06T17:47:48.125Z</time>
			</trkpt>
			<trkpt lat="40.43353" lon="21.09533">
				<ele>759.2</ele>
				<time>2026-08-06T17:47:58.228Z</time>
			</trkpt>
			<trkpt lat="40.43372" lon="21.09544">
				<ele>758.91</ele>
				<time>2026-08-06T17:48:00.163Z</time>
			</trkpt>
			<trkpt lat="40.43393" lon="21.09554">
				<ele>758.08</ele>
				<time>2026-08-06T17:48:02.241Z</time>
			</trkpt>
			<trkpt lat="40.43505" lon="21.09596">
				<ele>758.11</ele>
				<time>2026-08-06T17:48:13.017Z</time>
			</trkpt>
			<trkpt lat="40.43654" lon="21.09663">
				<ele>759.59</ele>
				<time>2026-08-06T17:48:27.432Z</time>
			</trkpt>
			<trkpt lat="40.43714" lon="21.09684">
				<ele>760.7</ele>
				<time>2026-08-06T17:48:33.068Z</time>
			</trkpt>
			<trkpt lat="40.43738" lon="21.09687">
				<ele>758.02</ele>
				<time>2026-08-06T17:48:35.249Z</time>
			</trkpt>
			<trkpt lat="40.43775" lon="21.09679">
				<ele>752.5</ele>
				<time>2026-08-06T17:48:38.632Z</time>
			</trkpt>
			<trkpt lat="40.43864" lon="21.09643">
				<ele>750.89</ele>
				<time>2026-08-06T17:48:46.994Z</time>
			</trkpt>
			<trkpt lat="40.43888" lon="21.09637">
				<ele>750.02</ele>
				<time>2026-08-06T17:48:49.178Z</time>
			</trkpt>
			<trkpt lat="40.43917" lon="21.09636">
				<ele>749.01</ele>
				<time>2026-08-06T17:48:51.765Z</time>
			</trkpt>
			<trkpt lat="40.43935" lon="21.09638">
				<ele>749.69</ele>
				<time>2026-08-06T17:48:53.374Z</time>
			</trkpt>
			<trkpt lat="40.43958" lon="21.09648">
				<ele>750.83</ele>
				<time>2026-08-06T17:48:55.528Z</time>
			</trkpt>
			<trkpt lat="40.43984" lon="21.09669">
				<ele>752.37</ele>
				<time>2026-08-06T17:48:58.235Z</time>
			</trkpt>
			<trkpt lat="40.44166" lon="21.09885">
				<ele>750.22</ele>
				<time>2026-08-06T17:49:19.767Z</time>
			</trkpt>
			<trkpt lat="40.44242" lon="21.09964">
				<ele>749.77</ele>
				<time>2026-08-06T17:49:28.167Z</time>
			</trkpt>
			<trkpt lat="40.44254" lon="21.09979">
				<ele>750.16</ele>
				<time>2026-08-06T17:49:29.597Z</time>
			</trkpt>
			<trkpt lat="40.44263" lon="21.09995">
				<ele>749.84</ele>
				<time>2026-08-06T17:49:30.902Z</time>
			</trkpt>
			<trkpt lat="40.44313" lon="21.10103">
				<ele>748.84</ele>
				<time>2026-08-06T17:49:39.162Z</time>
			</trkpt>
			<trkpt lat="40.44339" lon="21.10145">
				<ele>744.75</ele>
				<time>2026-08-06T17:49:42.682Z</time>
			</trkpt>
			<trkpt lat="40.44408" lon="21.10231">
				<ele>745.89</ele>
				<time>2026-08-06T17:49:50.766Z</time>
			</trkpt>
			<trkpt lat="40.44538" lon="21.10371">
				<ele>746.28</ele>
				<time>2026-08-06T17:50:04.917Z</time>
			</trkpt>
			<trkpt lat="40.4457" lon="21.1041">
				<ele>748.19</ele>
				<time>2026-08-06T17:50:08.564Z</time>
			</trkpt>
			<trkpt lat="40.44643" lon="21.10531">
				<ele>746.68</ele>
				<time>2026-08-06T17:50:18.326Z</time>
			</trkpt>
			<trkpt lat="40.44688" lon="21.10594">
				<ele>747.86</ele>
				<time>2026-08-06T17:50:23.754Z</time>
			</trkpt>
			<trkpt lat="40.44838" lon="21.10769">
				<ele>743.25</ele>
				<time>2026-08-06T17:50:40.157Z</time>
			</trkpt>
			<trkpt lat="40.45032" lon="21.10982">
				<ele>744.24</ele>
				<time>2026-08-06T17:51:00.511Z</time>
			</trkpt>
			<trkpt lat="40.45195" lon="21.11233">
				<ele>740.16</ele>
				<time>2026-08-06T17:51:20.390Z</time>
			</trkpt>
			<trkpt lat="40.45245" lon="21.11302">
				<ele>738.39</ele>
				<time>2026-08-06T17:51:26.069Z</time>
			</trkpt>
			<trkpt lat="40.4528" lon="21.11341">
				<ele>738.2</ele>
				<time>2026-08-06T17:51:29.650Z</time>
			</trkpt>
			<trkpt lat="40.45339" lon="21.11398">
				<ele>738.59</ele>
				<time>2026-08-06T17:51:35.342Z</time>
			</trkpt>
			<trkpt lat="40.45375" lon="21.11429">
				<ele>737.94</ele>
				<time>2026-08-06T17:51:38.676Z</time>
			</trkpt>
			<trkpt lat="40.45431" lon="21.11499">
				<ele>737.32</ele>
				<time>2026-08-06T17:51:44.639Z</time>
			</trkpt>
			<trkpt lat="40.4546" lon="21.11524">
				<ele>737.96</ele>
				<time>2026-08-06T17:51:47.305Z</time>
			</trkpt>
			<trkpt lat="40.45483" lon="21.11538">
				<ele>737.68</ele>
				<time>2026-08-06T17:51:49.250Z</time>
			</trkpt>
			<trkpt lat="40.45528" lon="21.11553">
				<ele>737.41</ele>
				<time>2026-08-06T17:51:52.805Z</time>
			</trkpt>
			<trkpt lat="40.45681" lon="21.1159">
				<ele>737.11</ele>
				<time>2026-08-06T17:52:04.644Z</time>
			</trkpt>
			<trkpt lat="40.45771" lon="21.11618">
				<ele>726.7</ele>
				<time>2026-08-06T17:52:11.629Z</time>
			</trkpt>
			<trkpt lat="40.45823" lon="21.11639">
				<ele>728.26</ele>
				<time>2026-08-06T17:52:15.720Z</time>
			</trkpt>
			<trkpt lat="40.45875" lon="21.11669">
				<ele>727.87</ele>
				<time>2026-08-06T17:52:19.977Z</time>
			</trkpt>
			<trkpt lat="40.46001" lon="21.11746">
				<ele>742.1</ele>
				<time>2026-08-06T17:52:30.333Z</time>
			</trkpt>
			<trkpt lat="40.46066" lon="21.11781">
				<ele>746.21</ele>
				<time>2026-08-06T17:52:35.537Z</time>
			</trkpt>
			<trkpt lat="40.46095" lon="21.11791">
				<ele>748.01</ele>
				<time>2026-08-06T17:52:37.752Z</time>
			</trkpt>
			<trkpt lat="40.4612" lon="21.11798">
				<ele>750.61</ele>
				<time>2026-08-06T17:52:39.637Z</time>
			</trkpt>
			<trkpt lat="40.46422" lon="21.11847">
				<ele>750.49</ele>
				<time>2026-08-06T17:53:01.879Z</time>
			</trkpt>
			<trkpt lat="40.46456" lon="21.11856">
				<ele>747.39</ele>
				<time>2026-08-06T17:53:04.391Z</time>
			</trkpt>
			<trkpt lat="40.46473" lon="21.11863">
				<ele>745.88</ele>
				<time>2026-08-06T17:53:05.680Z</time>
			</trkpt>
			<trkpt lat="40.46516" lon="21.11895">
				<ele>742.06</ele>
				<time>2026-08-06T17:53:09.248Z</time>
			</trkpt>
			<trkpt lat="40.466" lon="21.11981">
				<ele>741.78</ele>
				<time>2026-08-06T17:53:16.905Z</time>
			</trkpt>
			<trkpt lat="40.46621" lon="21.11999">
				<ele>741.02</ele>
				<time>2026-08-06T17:53:18.702Z</time>
			</trkpt>
			<trkpt lat="40.46775" lon="21.12109">
				<ele>734.32</ele>
				<time>2026-08-06T17:53:31.202Z</time>
			</trkpt>
			<trkpt lat="40.46798" lon="21.12122">
				<ele>734.1</ele>
				<time>2026-08-06T17:53:32.979Z</time>
			</trkpt>
			<trkpt lat="40.4683" lon="21.12132">
				<ele>734.39</ele>
				<time>2026-08-06T17:53:35.310Z</time>
			</trkpt>
			<trkpt lat="40.46939" lon="21.12157">
				<ele>728.77</ele>
				<time>2026-08-06T17:53:43.124Z</time>
			</trkpt>
			<trkpt lat="40.46992" lon="21.12171">
				<ele>722.75</ele>
				<time>2026-08-06T17:53:46.928Z</time>
			</trkpt>
			<trkpt lat="40.4706" lon="21.12203">
				<ele>720.64</ele>
				<time>2026-08-06T17:53:51.995Z</time>
			</trkpt>
			<trkpt lat="40.47095" lon="21.12231">
				<ele>719.28</ele>
				<time>2026-08-06T17:53:54.862Z</time>
			</trkpt>
			<trkpt lat="40.471" lon="21.12238">
				<ele>719.27</ele>
				<time>2026-08-06T17:53:55.372Z</time>
			</trkpt>
			<trkpt lat="40.47111" lon="21.12253">
				<ele>719.06</ele>
				<time>2026-08-06T17:53:56.480Z</time>
			</trkpt>
			<trkpt lat="40.47122" lon="21.12283">
				<ele>721.14</ele>
				<time>2026-08-06T17:53:58.248Z</time>
			</trkpt>
			<trkpt lat="40.47129" lon="21.12316">
				<ele>725.72</ele>
				<time>2026-08-06T17:54:00.065Z</time>
			</trkpt>
			<trkpt lat="40.47141" lon="21.12399">
				<ele>728.72</ele>
				<time>2026-08-06T17:54:04.537Z</time>
			</trkpt>
			<trkpt lat="40.47145" lon="21.12415">
				<ele>728.22</ele>
				<time>2026-08-06T17:54:05.427Z</time>
			</trkpt>
			<trkpt lat="40.47155" lon="21.12445">
				<ele>728.37</ele>
				<time>2026-08-06T17:54:07.156Z</time>
			</trkpt>
			<trkpt lat="40.47172" lon="21.12483">
				<ele>730.53</ele>
				<time>2026-08-06T17:54:09.481Z</time>
			</trkpt>
			<trkpt lat="40.47182" lon="21.125">
				<ele>731.21</ele>
				<time>2026-08-06T17:54:10.613Z</time>
			</trkpt>
			<trkpt lat="40.47204" lon="21.12529">
				<ele>730.46</ele>
				<time>2026-08-06T17:54:12.769Z</time>
			</trkpt>
			<trkpt lat="40.47226" lon="21.12549">
				<ele>729.54</ele>
				<time>2026-08-06T17:54:14.617Z</time>
			</trkpt>
			<trkpt lat="40.47284" lon="21.12597">
				<ele>734.86</ele>
				<time>2026-08-06T17:54:19.344Z</time>
			</trkpt>
			<trkpt lat="40.47466" lon="21.12744">
				<ele>733.19</ele>
				<time>2026-08-06T17:54:33.992Z</time>
			</trkpt>
			<trkpt lat="40.47493" lon="21.12761">
				<ele>733.24</ele>
				<time>2026-08-06T17:54:36.036Z</time>
			</trkpt>
			<trkpt lat="40.47527" lon="21.12778">
				<ele>733.99</ele>
				<time>2026-08-06T17:54:38.515Z</time>
			</trkpt>
			<trkpt lat="40.47903" lon="21.12905">
				<ele>727.35</ele>
				<time>2026-08-06T17:55:04.781Z</time>
			</trkpt>
			<trkpt lat="40.47924" lon="21.12913">
				<ele>727.23</ele>
				<time>2026-08-06T17:55:06.250Z</time>
			</trkpt>
			<trkpt lat="40.47957" lon="21.12931">
				<ele>725.47</ele>
				<time>2026-08-06T17:55:08.649Z</time>
			</trkpt>
			<trkpt lat="40.47983" lon="21.1295">
				<ele>723.6</ele>
				<time>2026-08-06T17:55:10.644Z</time>
			</trkpt>
			<trkpt lat="40.48016" lon="21.12986">
				<ele>723.8</ele>
				<time>2026-08-06T17:55:13.516Z</time>
			</trkpt>
			<trkpt lat="40.48102" lon="21.13093">
				<ele>721.34</ele>
				<time>2026-08-06T17:55:21.429Z</time>
			</trkpt>
			<trkpt lat="40.48232" lon="21.1326">
				<ele>720.11</ele>
				<time>2026-08-06T17:55:33.524Z</time>
			</trkpt>
			<trkpt lat="40.48447" lon="21.13541">
				<ele>721.46</ele>
				<time>2026-08-06T17:55:53.571Z</time>
			</trkpt>
			<trkpt lat="40.48543" lon="21.13656">
				<ele>718.43</ele>
				<time>2026-08-06T17:56:02.117Z</time>
			</trkpt>
			<trkpt lat="40.48607" lon="21.13742">
				<ele>716.03</ele>
				<time>2026-08-06T17:56:08.125Z</time>
			</trkpt>
			<trkpt lat="40.48849" lon="21.14056">
				<ele>711.57</ele>
				<time>2026-08-06T17:56:30.362Z</time>
			</trkpt>
			<trkpt lat="40.48863" lon="21.14083">
				<ele>712.08</ele>
				<time>2026-08-06T17:56:31.982Z</time>
			</trkpt>
			<trkpt lat="40.48873" lon="21.14107">
				<ele>711.58</ele>
				<time>2026-08-06T17:56:33.339Z</time>
			</trkpt>
			<trkpt lat="40.48949" lon="21.14312">
				<ele>708.85</ele>
				<time>2026-08-06T17:56:44.633Z</time>
			</trkpt>
			<trkpt lat="40.49182" lon="21.14938">
				<ele>703.67</ele>
				<time>2026-08-06T17:57:19.035Z</time>
			</trkpt>
			<trkpt lat="40.49448" lon="21.15671">
				<ele>697.15</ele>
				<time>2026-08-06T17:57:59.058Z</time>
			</trkpt>
			<trkpt lat="40.49472" lon="21.1573">
				<ele>695.4</ele>
				<time>2026-08-06T17:58:02.358Z</time>
			</trkpt>
			<trkpt lat="40.49485" lon="21.15778">
				<ele>693.93</ele>
				<time>2026-08-06T17:58:04.872Z</time>
			</trkpt>
			<trkpt lat="40.49596" lon="21.16428">
				<ele>686.91</ele>
				<time>2026-08-06T17:58:37.827Z</time>
			</trkpt>
			<trkpt lat="40.49615" lon="21.165">
				<ele>686.15</ele>
				<time>2026-08-06T17:58:41.610Z</time>
			</trkpt>
			<trkpt lat="40.49646" lon="21.16594">
				<ele>686.57</ele>
				<time>2026-08-06T17:58:46.702Z</time>
			</trkpt>
			<trkpt lat="40.49754" lon="21.16886">
				<ele>683.62</ele>
				<time>2026-08-06T17:59:02.882Z</time>
			</trkpt>
			<trkpt lat="40.4982" lon="21.17071">
				<ele>681.75</ele>
				<time>2026-08-06T17:59:13.104Z</time>
			</trkpt>
			<trkpt lat="40.50008" lon="21.17579">
				<ele>679.73</ele>
				<time>2026-08-06T17:59:41.559Z</time>
			</trkpt>
			<trkpt lat="40.50075" lon="21.17764">
				<ele>677.86</ele>
				<time>2026-08-06T17:59:51.961Z</time>
			</trkpt>
			<trkpt lat="40.50087" lon="21.17811">
				<ele>678.57</ele>
				<time>2026-08-06T17:59:54.485Z</time>
			</trkpt>
			<trkpt lat="40.50098" lon="21.17873">
				<ele>676.69</ele>
				<time>2026-08-06T17:59:57.730Z</time>
			</trkpt>
			<trkpt lat="40.50207" lon="21.18681">
				<ele>677.52</ele>
				<time>2026-08-06T18:00:40.036Z</time>
			</trkpt>
			<trkpt lat="40.50212" lon="21.18731">
				<ele>678.43</ele>
				<time>2026-08-06T18:00:42.667Z</time>
			</trkpt>
			<trkpt lat="40.50213" lon="21.18774">
				<ele>676.25</ele>
				<time>2026-08-06T18:00:44.915Z</time>
			</trkpt>
			<trkpt lat="40.50211" lon="21.18831">
				<ele>675.31</ele>
				<time>2026-08-06T18:00:47.902Z</time>
			</trkpt>
			<trkpt lat="40.50196" lon="21.19066">
				<ele>675.41</ele>
				<time>2026-08-06T18:01:00.301Z</time>
			</trkpt>
			<trkpt lat="40.50196" lon="21.19096">
				<ele>675.91</ele>
				<time>2026-08-06T18:01:01.885Z</time>
			</trkpt>
			<trkpt lat="40.50198" lon="21.1916">
				<ele>675.51</ele>
				<time>2026-08-06T18:01:05.272Z</time>
			</trkpt>
			<trkpt lat="40.50317" lon="21.20215">
				<ele>670.17</ele>
				<time>2026-08-06T18:02:02.813Z</time>
			</trkpt>
			<trkpt lat="40.50374" lon="21.20768">
				<ele>664.34</ele>
				<time>2026-08-06T18:02:33.885Z</time>
			</trkpt>
			<trkpt lat="40.50387" lon="21.20869">
				<ele>665.84</ele>
				<time>2026-08-06T18:02:39.669Z</time>
			</trkpt>
			<trkpt lat="40.50411" lon="21.21136">
				<ele>666.93</ele>
				<time>2026-08-06T18:02:54.973Z</time>
			</trkpt>
			<trkpt lat="40.50438" lon="21.21483">
				<ele>663</ele>
				<time>2026-08-06T18:03:15.109Z</time>
			</trkpt>
			<trkpt lat="40.50439" lon="21.21541">
				<ele>662.58</ele>
				<time>2026-08-06T18:03:18.490Z</time>
			</trkpt>
			<trkpt lat="40.50434" lon="21.21586">
				<ele>661.05</ele>
				<time>2026-08-06T18:03:21.146Z</time>
			</trkpt>
			<trkpt lat="40.50427" lon="21.21625">
				<ele>657.38</ele>
				<time>2026-08-06T18:03:23.492Z</time>
			</trkpt>
			<trkpt lat="40.50417" lon="21.21657">
				<ele>654.63</ele>
				<time>2026-08-06T18:03:25.521Z</time>
			</trkpt>
			<trkpt lat="40.50395" lon="21.21716">
				<ele>654.11</ele>
				<time>2026-08-06T18:03:29.383Z</time>
			</trkpt>
			<trkpt lat="40.50369" lon="21.21775">
				<ele>653.3</ele>
				<time>2026-08-06T18:03:33.404Z</time>
			</trkpt>
			<trkpt lat="40.50156" lon="21.22271">
				<ele>651.06</ele>
				<time>2026-08-06T18:04:07.529Z</time>
			</trkpt>
			<trkpt lat="40.50128" lon="21.22325">
				<ele>650.17</ele>
				<time>2026-08-06T18:04:11.508Z</time>
			</trkpt>
			<trkpt lat="40.50109" lon="21.22357">
				<ele>650.83</ele>
				<time>2026-08-06T18:04:13.986Z</time>
			</trkpt>
			<trkpt lat="40.50054" lon="21.22445">
				<ele>651.98</ele>
				<time>2026-08-06T18:04:20.966Z</time>
			</trkpt>
			<trkpt lat="40.50031" lon="21.22492">
				<ele>653.63</ele>
				<time>2026-08-06T18:04:24.406Z</time>
			</trkpt>
			<trkpt lat="40.50021" lon="21.22524">
				<ele>653.57</ele>
				<time>2026-08-06T18:04:26.541Z</time>
			</trkpt>
			<trkpt lat="40.50015" lon="21.22559">
				<ele>651.34</ele>
				<time>2026-08-06T18:04:28.759Z</time>
			</trkpt>
			<trkpt lat="40.50013" lon="21.22578">
				<ele>650.25</ele>
				<time>2026-08-06T18:04:29.946Z</time>
			</trkpt>
			<trkpt lat="40.50014" lon="21.2262">
				<ele>648.98</ele>
				<time>2026-08-06T18:04:32.551Z</time>
			</trkpt>
			<trkpt lat="40.50019" lon="21.22659">
				<ele>647.9</ele>
				<time>2026-08-06T18:04:35.008Z</time>
			</trkpt>
			<trkpt lat="40.50049" lon="21.2278">
				<ele>647.08</ele>
				<time>2026-08-06T18:04:42.951Z</time>
			</trkpt>
			<trkpt lat="40.50063" lon="21.22843">
				<ele>646.94</ele>
				<time>2026-08-06T18:04:47.068Z</time>
			</trkpt>
			<trkpt lat="40.50071" lon="21.22882">
				<ele>646.12</ele>
				<time>2026-08-06T18:04:49.609Z</time>
			</trkpt>
			<trkpt lat="40.50073" lon="21.22915">
				<ele>645.38</ele>
				<time>2026-08-06T18:04:51.696Z</time>
			</trkpt>
			<trkpt lat="40.50072" lon="21.22956">
				<ele>645.59</ele>
				<time>2026-08-06T18:04:54.287Z</time>
			</trkpt>
			<trkpt lat="40.50064" lon="21.23104">
				<ele>643.56</ele>
				<time>2026-08-06T18:05:03.706Z</time>
			</trkpt>
			<trkpt lat="40.50067" lon="21.23174">
				<ele>643.68</ele>
				<time>2026-08-06T18:05:08.183Z</time>
			</trkpt>
			<trkpt lat="40.50072" lon="21.23211">
				<ele>644</ele>
				<time>2026-08-06T18:05:10.590Z</time>
			</trkpt>
			<trkpt lat="40.5008" lon="21.23258">
				<ele>644</ele>
				<time>2026-08-06T18:05:13.682Z</time>
			</trkpt>
			<trkpt lat="40.50091" lon="21.23295">
				<ele>644.18</ele>
				<time>2026-08-06T18:05:16.239Z</time>
			</trkpt>
			<trkpt lat="40.50173" lon="21.23477">
				<ele>646</ele>
				<time>2026-08-06T18:05:29.948Z</time>
			</trkpt>
			<trkpt lat="40.50184" lon="21.23505">
				<ele>646</ele>
				<time>2026-08-06T18:05:32.005Z</time>
			</trkpt>
			<trkpt lat="40.5021" lon="21.23575">
				<ele>644.56</ele>
				<time>2026-08-06T18:05:37.103Z</time>
			</trkpt>
			<trkpt lat="40.5022" lon="21.23596">
				<ele>644.5</ele>
				<time>2026-08-06T18:05:38.730Z</time>
			</trkpt>
			<trkpt lat="40.5023" lon="21.2361">
				<ele>644.96</ele>
				<time>2026-08-06T18:05:39.992Z</time>
			</trkpt>
			<trkpt lat="40.50289" lon="21.23677">
				<ele>646.62</ele>
				<time>2026-08-06T18:05:46.752Z</time>
			</trkpt>
			<trkpt lat="40.50326" lon="21.23717">
				<ele>647.7</ele>
				<time>2026-08-06T18:05:50.925Z</time>
			</trkpt>
			<trkpt lat="40.50336" lon="21.23732">
				<ele>649.09</ele>
				<time>2026-08-06T18:05:52.250Z</time>
			</trkpt>
			<trkpt lat="40.50362" lon="21.23761">
				<ele>653.44</ele>
				<time>2026-08-06T18:05:55.233Z</time>
			</trkpt>
			<trkpt lat="40.50376" lon="21.23781">
				<ele>654</ele>
				<time>2026-08-06T18:05:57.045Z</time>
			</trkpt>
			<trkpt lat="40.50409" lon="21.23857">
				<ele>655.09</ele>
				<time>2026-08-06T18:06:02.899Z</time>
			</trkpt>
			<trkpt lat="40.50419" lon="21.23882">
				<ele>657.13</ele>
				<time>2026-08-06T18:06:04.795Z</time>
			</trkpt>
			<trkpt lat="40.5043" lon="21.23898">
				<ele>657.56</ele>
				<time>2026-08-06T18:06:06.245Z</time>
			</trkpt>
			<trkpt lat="40.50481" lon="21.24027">
				<ele>662.98</ele>
				<time>2026-08-06T18:06:16.064Z</time>
			</trkpt>
			<trkpt lat="40.50494" lon="21.24068">
				<ele>666.27</ele>
				<time>2026-08-06T18:06:19.080Z</time>
			</trkpt>
			<trkpt lat="40.50499" lon="21.241">
				<ele>669.21</ele>
				<time>2026-08-06T18:06:21.303Z</time>
			</trkpt>
			<trkpt lat="40.505" lon="21.24132">
				<ele>671.58</ele>
				<time>2026-08-06T18:06:23.487Z</time>
			</trkpt>
			<trkpt lat="40.50497" lon="21.24188">
				<ele>672.76</ele>
				<time>2026-08-06T18:06:27.325Z</time>
			</trkpt>
			<trkpt lat="40.50457" lon="21.24346">
				<ele>671.95</ele>
				<time>2026-08-06T18:06:38.783Z</time>
			</trkpt>
			<trkpt lat="40.50435" lon="21.24429">
				<ele>673.99</ele>
				<time>2026-08-06T18:06:44.876Z</time>
			</trkpt>
			<trkpt lat="40.50375" lon="21.24624">
				<ele>680.69</ele>
				<time>2026-08-06T18:06:59.589Z</time>
			</trkpt>
			<trkpt lat="40.5037" lon="21.24643">
				<ele>681.99</ele>
				<time>2026-08-06T18:07:01.005Z</time>
			</trkpt>
			<trkpt lat="40.50366" lon="21.24672">
				<ele>682.61</ele>
				<time>2026-08-06T18:07:03.084Z</time>
			</trkpt>
			<trkpt lat="40.50364" lon="21.24685">
				<ele>683.04</ele>
				<time>2026-08-06T18:07:04.020Z</time>
			</trkpt>
			<trkpt lat="40.50354" lon="21.24912">
				<ele>694.31</ele>
				<time>2026-08-06T18:07:20.194Z</time>
			</trkpt>
			<trkpt lat="40.50343" lon="21.25037">
				<ele>695.95</ele>
				<time>2026-08-06T18:07:29.240Z</time>
			</trkpt>
			<trkpt lat="40.50334" lon="21.25143">
				<ele>694.86</ele>
				<time>2026-08-06T18:07:36.962Z</time>
			</trkpt>
			<trkpt lat="40.50334" lon="21.25184">
				<ele>693.32</ele>
				<time>2026-08-06T18:07:39.944Z</time>
			</trkpt>
			<trkpt lat="40.50337" lon="21.25201">
				<ele>692.54</ele>
				<time>2026-08-06T18:07:41.215Z</time>
			</trkpt>
			<trkpt lat="40.50342" lon="21.25214">
				<ele>691.7</ele>
				<time>2026-08-06T18:07:42.277Z</time>
			</trkpt>
			<trkpt lat="40.50347" lon="21.25222">
				<ele>691</ele>
				<time>2026-08-06T18:07:43.033Z</time>
			</trkpt>
			<trkpt lat="40.50354" lon="21.25232">
				<ele>690.57</ele>
				<time>2026-08-06T18:07:44.026Z</time>
			</trkpt>
			<trkpt lat="40.50369" lon="21.25246">
				<ele>689.13</ele>
				<time>2026-08-06T18:07:45.795Z</time>
			</trkpt>
			<trkpt lat="40.50378" lon="21.2525">
				<ele>688.11</ele>
				<time>2026-08-06T18:07:46.709Z</time>
			</trkpt>
			<trkpt lat="40.50391" lon="21.25252">
				<ele>686.96</ele>
				<time>2026-08-06T18:07:47.970Z</time>
			</trkpt>
			<trkpt lat="40.50401" lon="21.25251">
				<ele>686.54</ele>
				<time>2026-08-06T18:07:48.938Z</time>
			</trkpt>
			<trkpt lat="40.50419" lon="21.25244">
				<ele>686.11</ele>
				<time>2026-08-06T18:07:50.750Z</time>
			</trkpt>
			<trkpt lat="40.50472" lon="21.25196">
				<ele>682.01</ele>
				<time>2026-08-06T18:07:56.984Z</time>
			</trkpt>
			<trkpt lat="40.50536" lon="21.25146">
				<ele>678.24</ele>
				<time>2026-08-06T18:08:04.237Z</time>
			</trkpt>
			<trkpt lat="40.50552" lon="21.25132">
				<ele>678.83</ele>
				<time>2026-08-06T18:08:06.116Z</time>
			</trkpt>
			<trkpt lat="40.50563" lon="21.25126">
				<ele>677.44</ele>
				<time>2026-08-06T18:08:07.282Z</time>
			</trkpt>
			<trkpt lat="40.50603" lon="21.2512">
				<ele>671.95</ele>
				<time>2026-08-06T18:08:11.233Z</time>
			</trkpt>
			<trkpt lat="40.50632" lon="21.25107">
				<ele>668.85</ele>
				<time>2026-08-06T18:08:14.248Z</time>
			</trkpt>
			<trkpt lat="40.5065" lon="21.25093">
				<ele>671.13</ele>
				<time>2026-08-06T18:08:16.310Z</time>
			</trkpt>
			<trkpt lat="40.50659" lon="21.25088">
				<ele>672.72</ele>
				<time>2026-08-06T18:08:17.275Z</time>
			</trkpt>
			<trkpt lat="40.50678" lon="21.25084">
				<ele>674.98</ele>
				<time>2026-08-06T18:08:19.177Z</time>
			</trkpt>
			<trkpt lat="40.50687" lon="21.25087">
				<ele>675.56</ele>
				<time>2026-08-06T18:08:20.096Z</time>
			</trkpt>
			<trkpt lat="40.50695" lon="21.25092">
				<ele>675.39</ele>
				<time>2026-08-06T18:08:20.973Z</time>
			</trkpt>
			<trkpt lat="40.50709" lon="21.25107">
				<ele>672.26</ele>
				<time>2026-08-06T18:08:22.763Z</time>
			</trkpt>
			<trkpt lat="40.50736" lon="21.25141">
				<ele>663.09</ele>
				<time>2026-08-06T18:08:26.478Z</time>
			</trkpt>
			<trkpt lat="40.50775" lon="21.25178">
				<ele>660.04</ele>
				<time>2026-08-06T18:08:31.274Z</time>
			</trkpt>
			<trkpt lat="40.50787" lon="21.25189">
				<ele>660.19</ele>
				<time>2026-08-06T18:08:32.736Z</time>
			</trkpt>
			<trkpt lat="40.5081" lon="21.25206">
				<ele>659.41</ele>
				<time>2026-08-06T18:08:35.378Z</time>
			</trkpt>
			<trkpt lat="40.50821" lon="21.2521">
				<ele>659.27</ele>
				<time>2026-08-06T18:08:36.523Z</time>
			</trkpt>
			<trkpt lat="40.50836" lon="21.2521">
				<ele>660.13</ele>
				<time>2026-08-06T18:08:38.029Z</time>
			</trkpt>
			<trkpt lat="40.50851" lon="21.25204">
				<ele>660.06</ele>
				<time>2026-08-06T18:08:39.605Z</time>
			</trkpt>
			<trkpt lat="40.50883" lon="21.25183">
				<ele>656.74</ele>
				<time>2026-08-06T18:08:43.208Z</time>
			</trkpt>
			<trkpt lat="40.50895" lon="21.25179">
				<ele>655.24</ele>
				<time>2026-08-06T18:08:44.458Z</time>
			</trkpt>
			<trkpt lat="40.50904" lon="21.25179">
				<ele>654.69</ele>
				<time>2026-08-06T18:08:45.367Z</time>
			</trkpt>
			<trkpt lat="40.50935" lon="21.25183">
				<ele>649.79</ele>
				<time>2026-08-06T18:08:48.520Z</time>
			</trkpt>
			<trkpt lat="40.50949" lon="21.25181">
				<ele>648.76</ele>
				<time>2026-08-06T18:08:49.947Z</time>
			</trkpt>
			<trkpt lat="40.50994" lon="21.25155">
				<ele>650.37</ele>
				<time>2026-08-06T18:08:54.944Z</time>
			</trkpt>
			<trkpt lat="40.51003" lon="21.25153">
				<ele>649.23</ele>
				<time>2026-08-06T18:08:55.874Z</time>
			</trkpt>
			<trkpt lat="40.51045" lon="21.25159">
				<ele>643.46</ele>
				<time>2026-08-06T18:09:00.188Z</time>
			</trkpt>
			<trkpt lat="40.5107" lon="21.2516">
				<ele>642.64</ele>
				<time>2026-08-06T18:09:02.749Z</time>
			</trkpt>
			<trkpt lat="40.51108" lon="21.25147">
				<ele>645.47</ele>
				<time>2026-08-06T18:09:06.781Z</time>
			</trkpt>
			<trkpt lat="40.51126" lon="21.25149">
				<ele>644.48</ele>
				<time>2026-08-06T18:09:08.640Z</time>
			</trkpt>
			<trkpt lat="40.51137" lon="21.25152">
				<ele>643.52</ele>
				<time>2026-08-06T18:09:09.797Z</time>
			</trkpt>
			<trkpt lat="40.51149" lon="21.2516">
				<ele>641.7</ele>
				<time>2026-08-06T18:09:11.185Z</time>
			</trkpt>
			<trkpt lat="40.51165" lon="21.25179">
				<ele>639.05</ele>
				<time>2026-08-06T18:09:13.412Z</time>
			</trkpt>
			<trkpt lat="40.5121" lon="21.2525">
				<ele>637</ele>
				<time>2026-08-06T18:09:20.699Z</time>
			</trkpt>
			<trkpt lat="40.51226" lon="21.25271">
				<ele>636.7</ele>
				<time>2026-08-06T18:09:23.051Z</time>
			</trkpt>
			<trkpt lat="40.51236" lon="21.25281">
				<ele>635.71</ele>
				<time>2026-08-06T18:09:24.361Z</time>
			</trkpt>
			<trkpt lat="40.51311" lon="21.25233">
				<ele>637.1</ele>
				<time>2026-08-06T18:09:33.090Z</time>
			</trkpt>
			<trkpt lat="40.51337" lon="21.25224">
				<ele>638.76</ele>
				<time>2026-08-06T18:09:35.917Z</time>
			</trkpt>
			<trkpt lat="40.51353" lon="21.2522">
				<ele>638.34</ele>
				<time>2026-08-06T18:09:37.632Z</time>
			</trkpt>
			<trkpt lat="40.51379" lon="21.25222">
				<ele>639.35</ele>
				<time>2026-08-06T18:09:40.381Z</time>
			</trkpt>
			<trkpt lat="40.51394" lon="21.25226">
				<ele>640.03</ele>
				<time>2026-08-06T18:09:41.998Z</time>
			</trkpt>
			<trkpt lat="40.51425" lon="21.25242">
				<ele>640.47</ele>
				<time>2026-08-06T18:09:45.525Z</time>
			</trkpt>
			<trkpt lat="40.51451" lon="21.25258">
				<ele>638.05</ele>
				<time>2026-08-06T18:09:48.573Z</time>
			</trkpt>
			<trkpt lat="40.51478" lon="21.25272">
				<ele>636.82</ele>
				<time>2026-08-06T18:09:51.663Z</time>
			</trkpt>
			<trkpt lat="40.51537" lon="21.25291">
				<ele>635.86</ele>
				<time>2026-08-06T18:09:58.152Z</time>
			</trkpt>
			<trkpt lat="40.51625" lon="21.25324">
				<ele>634.8</ele>
				<time>2026-08-06T18:10:08.627Z</time>
			</trkpt>
			<trkpt lat="40.51644" lon="21.25333">
				<ele>634.16</ele>
				<time>2026-08-06T18:10:11.140Z</time>
			</trkpt>
			<trkpt lat="40.51589" lon="21.2549">
				<ele>630.57</ele>
				<time>2026-08-06T18:10:28.662Z</time>
			</trkpt>
			<trkpt lat="40.51776" lon="21.25589">
				<ele>626.74</ele>
				<time>2026-08-06T18:10:56.371Z</time>
			</trkpt>
			<trkpt lat="40.51816" lon="21.25606">
				<ele>630.3</ele>
				<time>2026-08-06T18:11:02.026Z</time>
			</trkpt>
			<trkpt lat="40.51869" lon="21.25636">
				<ele>630.46</ele>
				<time>2026-08-06T18:11:09.705Z</time>
			</trkpt>
			<trkpt lat="40.51898" lon="21.25657">
				<ele>630.79</ele>
				<time>2026-08-06T18:11:13.772Z</time>
			</trkpt>
			<trkpt lat="40.51909" lon="21.25668">
				<ele>631.38</ele>
				<time>2026-08-06T18:11:15.393Z</time>
			</trkpt>
			<trkpt lat="40.51943" lon="21.25713">
				<ele>632.21</ele>
				<time>2026-08-06T18:11:20.892Z</time>
			</trkpt>
			<trkpt lat="40.51974" lon="21.25759">
				<ele>629.24</ele>
				<time>2026-08-06T18:11:26.005Z</time>
			</trkpt>
			<trkpt lat="40.51998" lon="21.25807">
				<ele>628.91</ele>
				<time>2026-08-06T18:11:30.618Z</time>
			</trkpt>
			<trkpt lat="40.52006" lon="21.25824">
				<ele>629.15</ele>
				<time>2026-08-06T18:11:32.190Z</time>
			</trkpt>
			<trkpt lat="40.52017" lon="21.25877">
				<ele>628.68</ele>
				<time>2026-08-06T18:11:36.433Z</time>
			</trkpt>
			<trkpt lat="40.52044" lon="21.26048">
				<ele>626.73</ele>
				<time>2026-08-06T18:11:49.371Z</time>
			</trkpt>
			<trkpt lat="40.52062" lon="21.2617">
				<ele>625.33</ele>
				<time>2026-08-06T18:11:58.332Z</time>
			</trkpt>
			<trkpt lat="40.52072" lon="21.26211">
				<ele>625.75</ele>
				<time>2026-08-06T18:12:01.438Z</time>
			</trkpt>
			<trkpt lat="40.52073" lon="21.26224">
				<ele>626.15</ele>
				<time>2026-08-06T18:12:02.384Z</time>
			</trkpt>
			<trkpt lat="40.52072" lon="21.26229">
				<ele>626.43</ele>
				<time>2026-08-06T18:12:02.759Z</time>
			</trkpt>
			<trkpt lat="40.5207" lon="21.26238">
				<ele>626.9</ele>
				<time>2026-08-06T18:12:03.439Z</time>
			</trkpt>
			<trkpt lat="40.52062" lon="21.26251">
				<ele>627.41</ele>
				<time>2026-08-06T18:12:04.655Z</time>
			</trkpt>
			<trkpt lat="40.52036" lon="21.26273">
				<ele>628.35</ele>
				<time>2026-08-06T18:12:07.630Z</time>
			</trkpt>
			<trkpt lat="40.51959" lon="21.26374">
				<ele>636.86</ele>
				<time>2026-08-06T18:12:18.404Z</time>
			</trkpt>
			<trkpt lat="40.51915" lon="21.26426">
				<ele>632.24</ele>
				<time>2026-08-06T18:12:24.556Z</time>
			</trkpt>
			<trkpt lat="40.51828" lon="21.2652">
				<ele>631.47</ele>
				<time>2026-08-06T18:12:37.084Z</time>
			</trkpt>
			<trkpt lat="40.51741" lon="21.26623">
				<ele>636.6</ele>
				<time>2026-08-06T18:12:51.305Z</time>
			</trkpt>
		</trkseg>
	</trk>
</gpx>