<?xml version="1.0" encoding="UTF-8"?>
<gpx version="1.1" creator="Kurviger" xmlns="http://www.topografix.com/GPX/1/1" xmlns:xsi="http://www.w3.org/2001/XMLSchema-instance" xsi:schemaLocation="http://www.topografix.com/GPX/1/1 http://www.topografix.com/GPX/1/1/gpx.xsd http://www.garmin.com/xmlschemas/GpxExtensions/v3 http://www.garmin.com/xmlschemas/GpxExtensionsv3.xsd http://www.garmin.com/xmlschemas/TripExtensions/v1 http://www.garmin.com/xmlschemas/TripExtensionsv1.xsd" xmlns:gpxx="http://www.garmin.com/xmlschemas/GpxExtensions/v3" xmlns:trp="http://www.garmin.com/xmlschemas/TripExtensions/v1">
	<metadata>
		<name>DAY 4 - Arta - Rancho - Bikos - Papigko</name>
		<copyright author="OpenStreetMap contributors"/>
		<link href="https://kurviger.com">
			<text>Kurviger.com GPX</text>
		</link>
		<time>2026-08-06T16:19:28.458Z</time>
	</metadata>
	<wpt lat="39.12996" lon="21.00525">
		<name>Arta House</name>
		<sym>Flag, Green</sym>
		<type>start</type>
	</wpt>
	<wpt lat="39.167069" lon="20.911102">
		<name>Shaping Point 1</name>
		<sym>Waypoint</sym>
		<type>shaping</type>
	</wpt>
	<wpt lat="39.184369" lon="20.885181">
		<name>Via Point 2</name>
		<sym>Flag, Blue</sym>
		<type>via</type>
	</wpt>
	<wpt lat="39.220285" lon="20.87162">
		<name>Shaping Point 3</name>
		<sym>Waypoint</sym>
		<type>shaping</type>
	</wpt>
	<wpt lat="39.279507" lon="20.841236">
		<name>Shaping Point 4</name>
		<sym>Waypoint</sym>
		<type>shaping</type>
	</wpt>
	<wpt lat="39.286283" lon="20.861664">
		<name>Shaping Point 5</name>
		<sym>Waypoint</sym>
		<type>shaping</type>
	</wpt>
	<wpt lat="39.291531" lon="20.867672">
		<name>Via Point 6</name>
		<sym>Flag, Blue</sym>
		<type>via</type>
	</wpt>
	<wpt lat="39.340936" lon="20.88089">
		<name>Shaping Point 7</name>
		<sym>Waypoint</sym>
		<type>shaping</type>
	</wpt>
	<wpt lat="39.419783" lon="20.844971">
		<name>BP</name>
		<sym>Waypoint</sym>
		<type>shaping</type>
	</wpt>
	<wpt lat="39.545436" lon="20.876019">
		<name>Via Point 9</name>
		<sym>Flag, Blue</sym>
		<type>via</type>
	</wpt>
	<wpt lat="39.599009" lon="20.862265">
		<name>Via Point 10</name>
		<sym>Flag, Blue</sym>
		<type>via</type>
	</wpt>
	<wpt lat="39.622747" lon="20.860891">
		<name>Shaping Point 11</name>
		<sym>Waypoint</sym>
		<type>shaping</type>
	</wpt>
	<wpt lat="39.692394" lon="20.800724">
		<name>Via Point 12</name>
		<sym>Flag, Blue</sym>
		<type>via</type>
	</wpt>
	<wpt lat="39.692922" lon="20.673866">
		<name>Via Point 13</name>
		<sym>Flag, Blue</sym>
		<type>via</type>
	</wpt>
	<wpt lat="39.735706" lon="20.661163">
		<name>Via Point 14</name>
		<sym>Flag, Blue</sym>
		<type>via</type>
	</wpt>
	<wpt lat="39.772118" lon="20.679652">
		<name>The Rancho Relaxo</name>
		<sym>Flag, Blue</sym>
		<type>via</type>
	</wpt>
	<wpt lat="39.829104" lon="20.728111">
		<name>Via Point 16</name>
		<sym>Flag, Blue</sym>
		<type>via</type>
	</wpt>
	<wpt lat="39.90439" lon="20.74867">
		<name>Charadra Vikou-Thesi Oxia-Oxya (Χαράδρα Βίκου-Θέση Οξιά-Οξυά)</name>
		<sym>Flag, Blue</sym>
		<type>via</type>
	</wpt>
	<wpt lat="39.968991" lon="20.718949">
		<name>Papigko</name>
		<sym>Flag, Blue</sym>
		<type>via</type>
	</wpt>
	<wpt lat="39.885438" lon="20.625715">
		<name>Via Point 19</name>
		<sym>Flag, Blue</sym>
		<type>via</type>
	</wpt>
	<wpt lat="39.841232" lon="20.684681">
		<name>Via Point 20</name>
		<sym>Flag, Blue</sym>
		<type>via</type>
	</wpt>
	<wpt lat="39.8028" lon="20.723047">
		<name>Via Point 21</name>
		<sym>Flag, Blue</sym>
		<type>via</type>
	</wpt>
	<wpt lat="39.772118" lon="20.679652">
		<name>The Rancho Relaxo</name>
		<sym>Flag, Red</sym>
		<type>destination</type>
	</wpt>
	<trk>
		<name>DAY 4 - Arta - Rancho - Bikos - Papigko</name>
		<trkseg>
			<trkpt lat="39.12995" lon="21.00526">
				<ele>14.68</ele>
				<time>2026-08-06T16:19:28.457Z</time>
			</trkpt>
			<trkpt lat="39.13024" lon="21.00532">
				<ele>15.1</ele>
				<time>2026-08-06T16:19:28.813Z</time>
			</trkpt>
			<trkpt lat="39.1305" lon="21.0054">
				<ele>14.79</ele>
				<time>2026-08-06T16:19:29.180Z</time>
			</trkpt>
			<trkpt lat="39.13093" lon="21.00567">
				<ele>15.4</ele>
				<time>2026-08-06T16:19:29.937Z</time>
			</trkpt>
			<trkpt lat="39.13105" lon="21.00572">
				<ele>15.49</ele>
				<time>2026-08-06T16:19:30.158Z</time>
			</trkpt>
			<trkpt lat="39.13126" lon="21.00575">
				<ele>15.85</ele>
				<time>2026-08-06T16:19:30.548Z</time>
			</trkpt>
			<trkpt lat="39.13139" lon="21.00573">
				<ele>15.97</ele>
				<time>2026-08-06T16:19:30.801Z</time>
			</trkpt>
			<trkpt lat="39.1317" lon="21.00557">
				<ele>15.75</ele>
				<time>2026-08-06T16:19:31.489Z</time>
			</trkpt>
			<trkpt lat="39.13187" lon="21.00543">
				<ele>16.11</ele>
				<time>2026-08-06T16:19:31.934Z</time>
			</trkpt>
			<trkpt lat="39.13203" lon="21.00525">
				<ele>15.52</ele>
				<time>2026-08-06T16:19:32.426Z</time>
			</trkpt>
			<trkpt lat="39.13233" lon="21.00482">
				<ele>15.93</ele>
				<time>2026-08-06T16:19:33.543Z</time>
			</trkpt>
			<trkpt lat="39.13247" lon="21.00454">
				<ele>18.12</ele>
				<time>2026-08-06T16:19:34.234Z</time>
			</trkpt>
			<trkpt lat="39.13254" lon="21.00427">
				<ele>21.02</ele>
				<time>2026-08-06T16:19:34.851Z</time>
			</trkpt>
			<trkpt lat="39.13255" lon="21.00401">
				<ele>21.15</ele>
				<time>2026-08-06T16:19:35.437Z</time>
			</trkpt>
			<trkpt lat="39.13257" lon="21.00323">
				<ele>18.61</ele>
				<time>2026-08-06T16:19:37.317Z</time>
			</trkpt>
			<trkpt lat="39.13263" lon="21.00231">
				<ele>18.17</ele>
				<time>2026-08-06T16:19:39.774Z</time>
			</trkpt>
			<trkpt lat="39.13266" lon="21.00199">
				<ele>18.1</ele>
				<time>2026-08-06T16:19:40.690Z</time>
			</trkpt>
			<trkpt lat="39.13272" lon="21.0017">
				<ele>19.15</ele>
				<time>2026-08-06T16:19:41.569Z</time>
			</trkpt>
			<trkpt lat="39.13282" lon="21.00135">
				<ele>19.89</ele>
				<time>2026-08-06T16:19:42.697Z</time>
			</trkpt>
			<trkpt lat="39.13294" lon="21.00106">
				<ele>20.43</ele>
				<time>2026-08-06T16:19:43.722Z</time>
			</trkpt>
			<trkpt lat="39.13324" lon="21.00048">
				<ele>19.51</ele>
				<time>2026-08-06T16:19:45.996Z</time>
			</trkpt>
			<trkpt lat="39.13361" lon="20.99984">
				<ele>19.27</ele>
				<time>2026-08-06T16:19:48.759Z</time>
			</trkpt>
			<trkpt lat="39.13404" lon="20.99915">
				<ele>16.62</ele>
				<time>2026-08-06T16:19:52.017Z</time>
			</trkpt>
			<trkpt lat="39.13427" lon="20.99871">
				<ele>17.7</ele>
				<time>2026-08-06T16:19:54.065Z</time>
			</trkpt>
			<trkpt lat="39.1346" lon="20.99799">
				<ele>17.28</ele>
				<time>2026-08-06T16:19:57.433Z</time>
			</trkpt>
			<trkpt lat="39.13485" lon="20.99739">
				<ele>18.42</ele>
				<time>2026-08-06T16:20:00.300Z</time>
			</trkpt>
			<trkpt lat="39.135" lon="20.99719">
				<ele>17.75</ele>
				<time>2026-08-06T16:20:01.502Z</time>
			</trkpt>
			<trkpt lat="39.13545" lon="20.99682">
				<ele>18.5</ele>
				<time>2026-08-06T16:20:04.552Z</time>
			</trkpt>
			<trkpt lat="39.13562" lon="20.99667">
				<ele>18.77</ele>
				<time>2026-08-06T16:20:05.757Z</time>
			</trkpt>
			<trkpt lat="39.13584" lon="20.99639">
				<ele>15.2</ele>
				<time>2026-08-06T16:20:07.596Z</time>
			</trkpt>
			<trkpt lat="39.13611" lon="20.99595">
				<ele>15.56</ele>
				<time>2026-08-06T16:20:10.242Z</time>
			</trkpt>
			<trkpt lat="39.13683" lon="20.99455">
				<ele>17.84</ele>
				<time>2026-08-06T16:20:18.555Z</time>
			</trkpt>
			<trkpt lat="39.13704" lon="20.99424">
				<ele>18.12</ele>
				<time>2026-08-06T16:20:20.678Z</time>
			</trkpt>
			<trkpt lat="39.1373" lon="20.99397">
				<ele>18.35</ele>
				<time>2026-08-06T16:20:22.933Z</time>
			</trkpt>
			<trkpt lat="39.13773" lon="20.99367">
				<ele>15.89</ele>
				<time>2026-08-06T16:20:26.297Z</time>
			</trkpt>
			<trkpt lat="39.13787" lon="20.9936">
				<ele>15.32</ele>
				<time>2026-08-06T16:20:27.345Z</time>
			</trkpt>
			<trkpt lat="39.13821" lon="20.99348">
				<ele>17.35</ele>
				<time>2026-08-06T16:20:29.832Z</time>
			</trkpt>
			<trkpt lat="39.13883" lon="20.99332">
				<ele>19.74</ele>
				<time>2026-08-06T16:20:34.382Z</time>
			</trkpt>
			<trkpt lat="39.13962" lon="20.99324">
				<ele>16.88</ele>
				<time>2026-08-06T16:20:40.242Z</time>
			</trkpt>
			<trkpt lat="39.13983" lon="20.99314">
				<ele>16.24</ele>
				<time>2026-08-06T16:20:41.928Z</time>
			</trkpt>
			<trkpt lat="39.13998" lon="20.99301">
				<ele>15.67</ele>
				<time>2026-08-06T16:20:43.298Z</time>
			</trkpt>
			<trkpt lat="39.14041" lon="20.99247">
				<ele>15.97</ele>
				<time>2026-08-06T16:20:47.908Z</time>
			</trkpt>
			<trkpt lat="39.14055" lon="20.99226">
				<ele>16.15</ele>
				<time>2026-08-06T16:20:49.580Z</time>
			</trkpt>
			<trkpt lat="39.14104" lon="20.99138">
				<ele>19.79</ele>
				<time>2026-08-06T16:20:56.220Z</time>
			</trkpt>
			<trkpt lat="39.14121" lon="20.9911">
				<ele>19.75</ele>
				<time>2026-08-06T16:20:58.435Z</time>
			</trkpt>
			<trkpt lat="39.14149" lon="20.99071">
				<ele>18.77</ele>
				<time>2026-08-06T16:21:01.774Z</time>
			</trkpt>
			<trkpt lat="39.14171" lon="20.99048">
				<ele>20.23</ele>
				<time>2026-08-06T16:21:04.090Z</time>
			</trkpt>
			<trkpt lat="39.14199" lon="20.99027">
				<ele>21.1</ele>
				<time>2026-08-06T16:21:06.758Z</time>
			</trkpt>
			<trkpt lat="39.14219" lon="20.99017">
				<ele>20.38</ele>
				<time>2026-08-06T16:21:08.535Z</time>
			</trkpt>
			<trkpt lat="39.14264" lon="20.99003">
				<ele>21.45</ele>
				<time>2026-08-06T16:21:12.402Z</time>
			</trkpt>
			<trkpt lat="39.14298" lon="20.98995">
				<ele>22.13</ele>
				<time>2026-08-06T16:21:15.314Z</time>
			</trkpt>
			<trkpt lat="39.14307" lon="20.98991">
				<ele>21.87</ele>
				<time>2026-08-06T16:21:16.120Z</time>
			</trkpt>
			<trkpt lat="39.14333" lon="20.98971">
				<ele>18.93</ele>
				<time>2026-08-06T16:21:18.692Z</time>
			</trkpt>
			<trkpt lat="39.14355" lon="20.98959">
				<ele>18.45</ele>
				<time>2026-08-06T16:21:20.733Z</time>
			</trkpt>
			<trkpt lat="39.14419" lon="20.98943">
				<ele>20.93</ele>
				<time>2026-08-06T16:21:26.348Z</time>
			</trkpt>
			<trkpt lat="39.14429" lon="20.98939">
				<ele>20.45</ele>
				<time>2026-08-06T16:21:27.256Z</time>
			</trkpt>
			<trkpt lat="39.14443" lon="20.98928">
				<ele>19.26</ele>
				<time>2026-08-06T16:21:28.681Z</time>
			</trkpt>
			<trkpt lat="39.14533" lon="20.98838">
				<ele>17.07</ele>
				<time>2026-08-06T16:21:38.679Z</time>
			</trkpt>
			<trkpt lat="39.14566" lon="20.98816">
				<ele>17.65</ele>
				<time>2026-08-06T16:21:41.974Z</time>
			</trkpt>
			<trkpt lat="39.14632" lon="20.98781">
				<ele>18.23</ele>
				<time>2026-08-06T16:21:48.348Z</time>
			</trkpt>
			<trkpt lat="39.14646" lon="20.98768">
				<ele>19.34</ele>
				<time>2026-08-06T16:21:49.896Z</time>
			</trkpt>
			<trkpt lat="39.14653" lon="20.98758">
				<ele>20.14</ele>
				<time>2026-08-06T16:21:50.835Z</time>
			</trkpt>
			<trkpt lat="39.14687" lon="20.98733">
				<ele>21.35</ele>
				<time>2026-08-06T16:21:54.362Z</time>
			</trkpt>
			<trkpt lat="39.14713" lon="20.98723">
				<ele>21.56</ele>
				<time>2026-08-06T16:21:56.814Z</time>
			</trkpt>
			<trkpt lat="39.14726" lon="20.9872">
				<ele>22.42</ele>
				<time>2026-08-06T16:21:58.009Z</time>
			</trkpt>
			<trkpt lat="39.14733" lon="20.98713">
				<ele>22.57</ele>
				<time>2026-08-06T16:21:58.812Z</time>
			</trkpt>
			<trkpt lat="39.14775" lon="20.98698">
				<ele>24.63</ele>
				<time>2026-08-06T16:22:02.770Z</time>
			</trkpt>
			<trkpt lat="39.14901" lon="20.98643">
				<ele>25.02</ele>
				<time>2026-08-06T16:22:14.917Z</time>
			</trkpt>
			<trkpt lat="39.14921" lon="20.9863">
				<ele>25.87</ele>
				<time>2026-08-06T16:22:16.970Z</time>
			</trkpt>
			<trkpt lat="39.14947" lon="20.986">
				<ele>24.5</ele>
				<time>2026-08-06T16:22:20.171Z</time>
			</trkpt>
			<trkpt lat="39.14953" lon="20.98594">
				<ele>24.21</ele>
				<time>2026-08-06T16:22:20.873Z</time>
			</trkpt>
			<trkpt lat="39.14955" lon="20.98585">
				<ele>22.91</ele>
				<time>2026-08-06T16:22:21.556Z</time>
			</trkpt>
			<trkpt lat="39.14954" lon="20.98575">
				<ele>21.99</ele>
				<time>2026-08-06T16:22:22.304Z</time>
			</trkpt>
			<trkpt lat="39.14951" lon="20.98571">
				<ele>21.61</ele>
				<time>2026-08-06T16:22:22.722Z</time>
			</trkpt>
			<trkpt lat="39.14945" lon="20.98566">
				<ele>21.07</ele>
				<time>2026-08-06T16:22:23.423Z</time>
			</trkpt>
			<trkpt lat="39.14939" lon="20.98553">
				<ele>20.77</ele>
				<time>2026-08-06T16:22:24.598Z</time>
			</trkpt>
			<trkpt lat="39.14937" lon="20.98542">
				<ele>20.62</ele>
				<time>2026-08-06T16:22:25.493Z</time>
			</trkpt>
			<trkpt lat="39.14982" lon="20.98413">
				<ele>17.03</ele>
				<time>2026-08-06T16:22:37.876Z</time>
			</trkpt>
			<trkpt lat="39.15082" lon="20.98111">
				<ele>19.05</ele>
				<time>2026-08-06T16:23:12.304Z</time>
			</trkpt>
			<trkpt lat="39.15141" lon="20.97958">
				<ele>19.95</ele>
				<time>2026-08-06T16:23:31.359Z</time>
			</trkpt>
			<trkpt lat="39.15236" lon="20.97758">
				<ele>23.17</ele>
				<time>2026-08-06T16:23:56.230Z</time>
			</trkpt>
			<trkpt lat="39.15243" lon="20.97743">
				<ele>23.31</ele>
				<time>2026-08-06T16:23:57.959Z</time>
			</trkpt>
			<trkpt lat="39.15227" lon="20.97728">
				<ele>22.23</ele>
				<time>2026-08-06T16:24:00.453Z</time>
			</trkpt>
			<trkpt lat="39.15175" lon="20.97671">
				<ele>20.3</ele>
				<time>2026-08-06T16:24:08.982Z</time>
			</trkpt>
			<trkpt lat="39.15152" lon="20.97629">
				<ele>18.63</ele>
				<time>2026-08-06T16:24:13.913Z</time>
			</trkpt>
			<trkpt lat="39.15146" lon="20.97621">
				<ele>17.89</ele>
				<time>2026-08-06T16:24:14.976Z</time>
			</trkpt>
			<trkpt lat="39.1514" lon="20.97612">
				<ele>17.17</ele>
				<time>2026-08-06T16:24:16.108Z</time>
			</trkpt>
			<trkpt lat="39.15062" lon="20.97473">
				<ele>17.18</ele>
				<time>2026-08-06T16:24:32.295Z</time>
			</trkpt>
			<trkpt lat="39.15059" lon="20.97468">
				<ele>17.83</ele>
				<time>2026-08-06T16:24:32.886Z</time>
			</trkpt>
			<trkpt lat="39.15047" lon="20.97426">
				<ele>21.03</ele>
				<time>2026-08-06T16:24:37.062Z</time>
			</trkpt>
			<trkpt lat="39.15048" lon="20.97404">
				<ele>20.8</ele>
				<time>2026-08-06T16:24:39.112Z</time>
			</trkpt>
			<trkpt lat="39.15053" lon="20.97376">
				<ele>19.97</ele>
				<time>2026-08-06T16:24:41.781Z</time>
			</trkpt>
			<trkpt lat="39.1506" lon="20.9736">
				<ele>20.15</ele>
				<time>2026-08-06T16:24:43.484Z</time>
			</trkpt>
			<trkpt lat="39.15083" lon="20.97328">
				<ele>20</ele>
				<time>2026-08-06T16:24:47.522Z</time>
			</trkpt>
			<trkpt lat="39.15221" lon="20.97191">
				<ele>20.96</ele>
				<time>2026-08-06T16:25:08.210Z</time>
			</trkpt>
			<trkpt lat="39.1524" lon="20.97169">
				<ele>20.92</ele>
				<time>2026-08-06T16:25:11.239Z</time>
			</trkpt>
			<trkpt lat="39.15254" lon="20.97149">
				<ele>20.93</ele>
				<time>2026-08-06T16:25:13.718Z</time>
			</trkpt>
			<trkpt lat="39.15265" lon="20.97129">
				<ele>20.85</ele>
				<time>2026-08-06T16:25:15.975Z</time>
			</trkpt>
			<trkpt lat="39.15274" lon="20.97106">
				<ele>20.86</ele>
				<time>2026-08-06T16:25:18.349Z</time>
			</trkpt>
			<trkpt lat="39.15294" lon="20.97022">
				<ele>20.4</ele>
				<time>2026-08-06T16:25:26.461Z</time>
			</trkpt>
			<trkpt lat="39.15298" lon="20.96986">
				<ele>20.03</ele>
				<time>2026-08-06T16:25:29.828Z</time>
			</trkpt>
			<trkpt lat="39.15381" lon="20.96566">
				<ele>18.16</ele>
				<time>2026-08-06T16:26:10.855Z</time>
			</trkpt>
			<trkpt lat="39.15387" lon="20.96526">
				<ele>19.15</ele>
				<time>2026-08-06T16:26:14.834Z</time>
			</trkpt>
			<trkpt lat="39.15396" lon="20.96495">
				<ele>19.62</ele>
				<time>2026-08-06T16:26:18.086Z</time>
			</trkpt>
			<trkpt lat="39.15402" lon="20.96484">
				<ele>19.57</ele>
				<time>2026-08-06T16:26:19.413Z</time>
			</trkpt>
			<trkpt lat="39.15409" lon="20.96478">
				<ele>19.29</ele>
				<time>2026-08-06T16:26:20.488Z</time>
			</trkpt>
			<trkpt lat="39.15412" lon="20.96468">
				<ele>19.45</ele>
				<time>2026-08-06T16:26:21.564Z</time>
			</trkpt>
			<trkpt lat="39.15411" lon="20.96449">
				<ele>20.02</ele>
				<time>2026-08-06T16:26:23.502Z</time>
			</trkpt>
			<trkpt lat="39.15454" lon="20.96226">
				<ele>16</ele>
				<time>2026-08-06T16:26:46.998Z</time>
			</trkpt>
			<trkpt lat="39.15466" lon="20.96184">
				<ele>16</ele>
				<time>2026-08-06T16:26:51.131Z</time>
			</trkpt>
			<trkpt lat="39.15472" lon="20.96176">
				<ele>16.01</ele>
				<time>2026-08-06T16:26:52.153Z</time>
			</trkpt>
			<trkpt lat="39.15488" lon="20.96164">
				<ele>16.54</ele>
				<time>2026-08-06T16:26:54.336Z</time>
			</trkpt>
			<trkpt lat="39.15533" lon="20.96129">
				<ele>17</ele>
				<time>2026-08-06T16:27:00.481Z</time>
			</trkpt>
			<trkpt lat="39.15576" lon="20.9609">
				<ele>17</ele>
				<time>2026-08-06T16:27:06.549Z</time>
			</trkpt>
			<trkpt lat="39.15593" lon="20.96071">
				<ele>17.37</ele>
				<time>2026-08-06T16:27:09.122Z</time>
			</trkpt>
			<trkpt lat="39.15617" lon="20.9605">
				<ele>17.9</ele>
				<time>2026-08-06T16:27:12.419Z</time>
			</trkpt>
			<trkpt lat="39.15715" lon="20.9598">
				<ele>18.45</ele>
				<time>2026-08-06T16:27:24.951Z</time>
			</trkpt>
			<trkpt lat="39.15792" lon="20.95911">
				<ele>18.09</ele>
				<time>2026-08-06T16:27:35.208Z</time>
			</trkpt>
			<trkpt lat="39.15922" lon="20.95788">
				<ele>16.21</ele>
				<time>2026-08-06T16:27:52.409Z</time>
			</trkpt>
			<trkpt lat="39.1593" lon="20.95778">
				<ele>16.51</ele>
				<time>2026-08-06T16:27:53.579Z</time>
			</trkpt>
			<trkpt lat="39.15992" lon="20.95674">
				<ele>15</ele>
				<time>2026-08-06T16:28:04.162Z</time>
			</trkpt>
			<trkpt lat="39.16029" lon="20.95603">
				<ele>18.37</ele>
				<time>2026-08-06T16:28:10.974Z</time>
			</trkpt>
			<trkpt lat="39.16044" lon="20.95586">
				<ele>19.55</ele>
				<time>2026-08-06T16:28:13.012Z</time>
			</trkpt>
			<trkpt lat="39.16075" lon="20.95566">
				<ele>20</ele>
				<time>2026-08-06T16:28:16.538Z</time>
			</trkpt>
			<trkpt lat="39.1609" lon="20.95558">
				<ele>20.02</ele>
				<time>2026-08-06T16:28:18.183Z</time>
			</trkpt>
			<trkpt lat="39.16131" lon="20.95541">
				<ele>19.35</ele>
				<time>2026-08-06T16:28:22.533Z</time>
			</trkpt>
			<trkpt lat="39.16138" lon="20.95536">
				<ele>19.28</ele>
				<time>2026-08-06T16:28:23.338Z</time>
			</trkpt>
			<trkpt lat="39.1614" lon="20.95529">
				<ele>19.1</ele>
				<time>2026-08-06T16:28:23.920Z</time>
			</trkpt>
			<trkpt lat="39.16134" lon="20.95458">
				<ele>18.83</ele>
				<time>2026-08-06T16:28:29.473Z</time>
			</trkpt>
			<trkpt lat="39.16136" lon="20.95442">
				<ele>18.86</ele>
				<time>2026-08-06T16:28:30.729Z</time>
			</trkpt>
			<trkpt lat="39.16147" lon="20.95408">
				<ele>17.3</ele>
				<time>2026-08-06T16:28:33.578Z</time>
			</trkpt>
			<trkpt lat="39.1618" lon="20.95348">
				<ele>15.76</ele>
				<time>2026-08-06T16:28:39.244Z</time>
			</trkpt>
			<trkpt lat="39.16227" lon="20.95314">
				<ele>16.44</ele>
				<time>2026-08-06T16:28:44.573Z</time>
			</trkpt>
			<trkpt lat="39.16302" lon="20.95094">
				<ele>16.77</ele>
				<time>2026-08-06T16:29:02.873Z</time>
			</trkpt>
			<trkpt lat="39.16323" lon="20.95043">
				<ele>15.21</ele>
				<time>2026-08-06T16:29:07.251Z</time>
			</trkpt>
			<trkpt lat="39.16344" lon="20.94973">
				<ele>15.4</ele>
				<time>2026-08-06T16:29:12.937Z</time>
			</trkpt>
			<trkpt lat="39.16362" lon="20.94943">
				<ele>16.06</ele>
				<time>2026-08-06T16:29:15.810Z</time>
			</trkpt>
			<trkpt lat="39.16388" lon="20.94879">
				<ele>15.37</ele>
				<time>2026-08-06T16:29:21.284Z</time>
			</trkpt>
			<trkpt lat="39.16419" lon="20.9482">
				<ele>15</ele>
				<time>2026-08-06T16:29:26.689Z</time>
			</trkpt>
			<trkpt lat="39.16581" lon="20.94601">
				<ele>14.66</ele>
				<time>2026-08-06T16:29:49.783Z</time>
			</trkpt>
			<trkpt lat="39.16608" lon="20.94568">
				<ele>14.42</ele>
				<time>2026-08-06T16:29:53.477Z</time>
			</trkpt>
			<trkpt lat="39.16685" lon="20.94459">
				<ele>14</ele>
				<time>2026-08-06T16:30:04.913Z</time>
			</trkpt>
			<trkpt lat="39.1672" lon="20.94432">
				<ele>15.38</ele>
				<time>2026-08-06T16:30:09.027Z</time>
			</trkpt>
			<trkpt lat="39.16736" lon="20.94406">
				<ele>16.69</ele>
				<time>2026-08-06T16:30:11.633Z</time>
			</trkpt>
			<trkpt lat="39.16767" lon="20.94334">
				<ele>14.44</ele>
				<time>2026-08-06T16:30:18.138Z</time>
			</trkpt>
			<trkpt lat="39.16778" lon="20.94316">
				<ele>13.98</ele>
				<time>2026-08-06T16:30:19.958Z</time>
			</trkpt>
			<trkpt lat="39.16783" lon="20.94278">
				<ele>13.78</ele>
				<time>2026-08-06T16:30:23.022Z</time>
			</trkpt>
			<trkpt lat="39.16798" lon="20.94099">
				<ele>13.26</ele>
				<time>2026-08-06T16:30:37.293Z</time>
			</trkpt>
			<trkpt lat="39.16808" lon="20.9405">
				<ele>13.07</ele>
				<time>2026-08-06T16:30:41.309Z</time>
			</trkpt>
			<trkpt lat="39.1679" lon="20.94046">
				<ele>13.87</ele>
				<time>2026-08-06T16:30:43.178Z</time>
			</trkpt>
			<trkpt lat="39.16706" lon="20.94034">
				<ele>15.17</ele>
				<time>2026-08-06T16:30:51.822Z</time>
			</trkpt>
			<trkpt lat="39.16694" lon="20.9403">
				<ele>14.89</ele>
				<time>2026-08-06T16:30:53.090Z</time>
			</trkpt>
			<trkpt lat="39.16682" lon="20.94019">
				<ele>14.85</ele>
				<time>2026-08-06T16:30:54.595Z</time>
			</trkpt>
			<trkpt lat="39.16645" lon="20.94015">
				<ele>14.43</ele>
				<time>2026-08-06T16:30:58.393Z</time>
			</trkpt>
			<trkpt lat="39.16637" lon="20.94008">
				<ele>14.71</ele>
				<time>2026-08-06T16:30:59.382Z</time>
			</trkpt>
			<trkpt lat="39.16633" lon="20.93993">
				<ele>15.2</ele>
				<time>2026-08-06T16:31:00.640Z</time>
			</trkpt>
			<trkpt lat="39.16627" lon="20.93942">
				<ele>14.95</ele>
				<time>2026-08-06T16:31:04.731Z</time>
			</trkpt>
			<trkpt lat="39.16639" lon="20.93846">
				<ele>12.01</ele>
				<time>2026-08-06T16:31:12.442Z</time>
			</trkpt>
			<trkpt lat="39.16641" lon="20.9379">
				<ele>12.15</ele>
				<time>2026-08-06T16:31:16.888Z</time>
			</trkpt>
			<trkpt lat="39.16642" lon="20.93702">
				<ele>13.63</ele>
				<time>2026-08-06T16:31:23.868Z</time>
			</trkpt>
			<trkpt lat="39.16644" lon="20.93682">
				<ele>14.22</ele>
				<time>2026-08-06T16:31:25.467Z</time>
			</trkpt>
			<trkpt lat="39.16648" lon="20.93663">
				<ele>14.68</ele>
				<time>2026-08-06T16:31:27.028Z</time>
			</trkpt>
			<trkpt lat="39.16648" lon="20.93656">
				<ele>14.79</ele>
				<time>2026-08-06T16:31:27.583Z</time>
			</trkpt>
			<trkpt lat="39.16634" lon="20.9362">
				<ele>14.29</ele>
				<time>2026-08-06T16:31:30.778Z</time>
			</trkpt>
			<trkpt lat="39.16618" lon="20.93569">
				<ele>14.37</ele>
				<time>2026-08-06T16:31:35.141Z</time>
			</trkpt>
			<trkpt lat="39.16606" lon="20.93498">
				<ele>13.92</ele>
				<time>2026-08-06T16:31:40.904Z</time>
			</trkpt>
			<trkpt lat="39.16598" lon="20.93391">
				<ele>13</ele>
				<time>2026-08-06T16:31:49.429Z</time>
			</trkpt>
			<trkpt lat="39.16586" lon="20.93323">
				<ele>13.79</ele>
				<time>2026-08-06T16:31:54.960Z</time>
			</trkpt>
			<trkpt lat="39.16566" lon="20.93264">
				<ele>13.19</ele>
				<time>2026-08-06T16:32:00.067Z</time>
			</trkpt>
			<trkpt lat="39.16556" lon="20.93247">
				<ele>12.92</ele>
				<time>2026-08-06T16:32:01.759Z</time>
			</trkpt>
			<trkpt lat="39.16532" lon="20.93217">
				<ele>12.86</ele>
				<time>2026-08-06T16:32:05.178Z</time>
			</trkpt>
			<trkpt lat="39.16505" lon="20.9317">
				<ele>13.97</ele>
				<time>2026-08-06T16:32:09.817Z</time>
			</trkpt>
			<trkpt lat="39.16497" lon="20.93164">
				<ele>14</ele>
				<time>2026-08-06T16:32:10.764Z</time>
			</trkpt>
			<trkpt lat="39.16466" lon="20.93152">
				<ele>14.1</ele>
				<time>2026-08-06T16:32:14.074Z</time>
			</trkpt>
			<trkpt lat="39.16444" lon="20.93152">
				<ele>14.51</ele>
				<time>2026-08-06T16:32:16.325Z</time>
			</trkpt>
			<trkpt lat="39.16428" lon="20.93154">
				<ele>14.76</ele>
				<time>2026-08-06T16:32:17.969Z</time>
			</trkpt>
			<trkpt lat="39.16407" lon="20.9316">
				<ele>15.38</ele>
				<time>2026-08-06T16:32:20.169Z</time>
			</trkpt>
			<trkpt lat="39.16379" lon="20.93173">
				<ele>16.23</ele>
				<time>2026-08-06T16:32:23.213Z</time>
			</trkpt>
			<trkpt lat="39.16437" lon="20.92915">
				<ele>13.26</ele>
				<time>2026-08-06T16:32:42.032Z</time>
			</trkpt>
			<trkpt lat="39.16442" lon="20.9287">
				<ele>13.01</ele>
				<time>2026-08-06T16:32:44.798Z</time>
			</trkpt>
			<trkpt lat="39.16464" lon="20.92769">
				<ele>13.07</ele>
				<time>2026-08-06T16:32:50.844Z</time>
			</trkpt>
			<trkpt lat="39.16756" lon="20.91478">
				<ele>11.81</ele>
				<time>2026-08-06T16:34:21.138Z</time>
			</trkpt>
			<trkpt lat="39.16839" lon="20.91119">
				<ele>10.78</ele>
				<time>2026-08-06T16:35:12.544Z</time>
			</trkpt>
			<trkpt lat="39.16752" lon="20.91079">
				<ele>9.09</ele>
				<time>2026-08-06T16:35:59.466Z</time>
			</trkpt>
			<trkpt lat="39.16839" lon="20.91119">
				<ele>10.78</ele>
				<time>2026-08-06T16:36:16.659Z</time>
			</trkpt>
			<trkpt lat="39.16955" lon="20.90606">
				<ele>12.67</ele>
				<time>2026-08-06T16:37:06.239Z</time>
			</trkpt>
			<trkpt lat="39.17182" lon="20.89611">
				<ele>8.53</ele>
				<time>2026-08-06T16:38:18.491Z</time>
			</trkpt>
			<trkpt lat="39.17254" lon="20.89281">
				<ele>7</ele>
				<time>2026-08-06T16:38:38.224Z</time>
			</trkpt>
			<trkpt lat="39.17271" lon="20.89211">
				<ele>7.3</ele>
				<time>2026-08-06T16:38:42.316Z</time>
			</trkpt>
			<trkpt lat="39.173" lon="20.89118">
				<ele>4.6</ele>
				<time>2026-08-06T16:38:47.862Z</time>
			</trkpt>
			<trkpt lat="39.17315" lon="20.89076">
				<ele>5.23</ele>
				<time>2026-08-06T16:38:50.408Z</time>
			</trkpt>
			<trkpt lat="39.1733" lon="20.89042">
				<ele>6.05</ele>
				<time>2026-08-06T16:38:52.556Z</time>
			</trkpt>
			<trkpt lat="39.17369" lon="20.88964">
				<ele>6.18</ele>
				<time>2026-08-06T16:38:57.643Z</time>
			</trkpt>
			<trkpt lat="39.17403" lon="20.88906">
				<ele>7.19</ele>
				<time>2026-08-06T16:39:01.626Z</time>
			</trkpt>
			<trkpt lat="39.1742" lon="20.88879">
				<ele>8</ele>
				<time>2026-08-06T16:39:03.533Z</time>
			</trkpt>
			<trkpt lat="39.17501" lon="20.88768">
				<ele>2.77</ele>
				<time>2026-08-06T16:39:11.924Z</time>
			</trkpt>
			<trkpt lat="39.17546" lon="20.88712">
				<ele>5.13</ele>
				<time>2026-08-06T16:39:16.402Z</time>
			</trkpt>
			<trkpt lat="39.17578" lon="20.88678">
				<ele>5.82</ele>
				<time>2026-08-06T16:39:19.392Z</time>
			</trkpt>
			<trkpt lat="39.17602" lon="20.88655">
				<ele>6.28</ele>
				<time>2026-08-06T16:39:21.561Z</time>
			</trkpt>
			<trkpt lat="39.17625" lon="20.88636">
				<ele>7.04</ele>
				<time>2026-08-06T16:39:23.553Z</time>
			</trkpt>
			<trkpt lat="39.17663" lon="20.8861">
				<ele>7.98</ele>
				<time>2026-08-06T16:39:26.711Z</time>
			</trkpt>
			<trkpt lat="39.17837" lon="20.88499">
				<ele>5.84</ele>
				<time>2026-08-06T16:39:41.369Z</time>
			</trkpt>
			<trkpt lat="39.17911" lon="20.88453">
				<ele>6.73</ele>
				<time>2026-08-06T16:39:47.822Z</time>
			</trkpt>
			<trkpt lat="39.17985" lon="20.88407">
				<ele>4.96</ele>
				<time>2026-08-06T16:39:54.455Z</time>
			</trkpt>
			<trkpt lat="39.17999" lon="20.884">
				<ele>5.7</ele>
				<time>2026-08-06T16:39:55.689Z</time>
			</trkpt>
			<trkpt lat="39.1803" lon="20.88394">
				<ele>9.19</ele>
				<time>2026-08-06T16:39:58.287Z</time>
			</trkpt>
			<trkpt lat="39.18064" lon="20.88391">
				<ele>8.53</ele>
				<time>2026-08-06T16:40:01.148Z</time>
			</trkpt>
			<trkpt lat="39.18103" lon="20.88396">
				<ele>7.11</ele>
				<time>2026-08-06T16:40:04.485Z</time>
			</trkpt>
			<trkpt lat="39.18135" lon="20.88405">
				<ele>9.1</ele>
				<time>2026-08-06T16:40:07.315Z</time>
			</trkpt>
			<trkpt lat="39.18436" lon="20.88521">
				<ele>14.56</ele>
				<time>2026-08-06T16:40:36.631Z</time>
			</trkpt>
			<trkpt lat="39.18767" lon="20.88646">
				<ele>15.9</ele>
				<time>2026-08-06T16:41:12.549Z</time>
			</trkpt>
			<trkpt lat="39.18811" lon="20.88656">
				<ele>16.69</ele>
				<time>2026-08-06T16:41:17.382Z</time>
			</trkpt>
			<trkpt lat="39.18842" lon="20.88659">
				<ele>15.35</ele>
				<time>2026-08-06T16:41:20.769Z</time>
			</trkpt>
			<trkpt lat="39.18903" lon="20.88652">
				<ele>15.04</ele>
				<time>2026-08-06T16:41:27.494Z</time>
			</trkpt>
			<trkpt lat="39.1914" lon="20.88635">
				<ele>15.5</ele>
				<time>2026-08-06T16:41:54.193Z</time>
			</trkpt>
			<trkpt lat="39.19205" lon="20.88632">
				<ele>17.89</ele>
				<time>2026-08-06T16:42:01.673Z</time>
			</trkpt>
			<trkpt lat="39.19244" lon="20.88627">
				<ele>18.88</ele>
				<time>2026-08-06T16:42:06.212Z</time>
			</trkpt>
			<trkpt lat="39.19319" lon="20.88614">
				<ele>19.87</ele>
				<time>2026-08-06T16:42:15.042Z</time>
			</trkpt>
			<trkpt lat="39.19665" lon="20.88501">
				<ele>18.95</ele>
				<time>2026-08-06T16:42:57.724Z</time>
			</trkpt>
			<trkpt lat="39.1971" lon="20.88488">
				<ele>18.66</ele>
				<time>2026-08-06T16:43:03.349Z</time>
			</trkpt>
			<trkpt lat="39.19777" lon="20.88475">
				<ele>19.61</ele>
				<time>2026-08-06T16:43:11.653Z</time>
			</trkpt>
			<trkpt lat="39.19859" lon="20.88456">
				<ele>22.24</ele>
				<time>2026-08-06T16:43:21.925Z</time>
			</trkpt>
			<trkpt lat="39.19883" lon="20.88445">
				<ele>21.32</ele>
				<time>2026-08-06T16:43:25.078Z</time>
			</trkpt>
			<trkpt lat="39.19931" lon="20.88416">
				<ele>21.45</ele>
				<time>2026-08-06T16:43:31.657Z</time>
			</trkpt>
			<trkpt lat="39.19966" lon="20.8839">
				<ele>23.93</ele>
				<time>2026-08-06T16:43:36.685Z</time>
			</trkpt>
			<trkpt lat="39.20085" lon="20.8827">
				<ele>29.48</ele>
				<time>2026-08-06T16:43:55.596Z</time>
			</trkpt>
			<trkpt lat="39.20168" lon="20.88193">
				<ele>30.22</ele>
				<time>2026-08-06T16:44:08.479Z</time>
			</trkpt>
			<trkpt lat="39.20195" lon="20.88173">
				<ele>32.53</ele>
				<time>2026-08-06T16:44:12.414Z</time>
			</trkpt>
			<trkpt lat="39.20376" lon="20.88093">
				<ele>36.03</ele>
				<time>2026-08-06T16:44:36.689Z</time>
			</trkpt>
			<trkpt lat="39.20442" lon="20.88087">
				<ele>31.13</ele>
				<time>2026-08-06T16:44:45.114Z</time>
			</trkpt>
			<trkpt lat="39.20559" lon="20.88079">
				<ele>32.13</ele>
				<time>2026-08-06T16:45:00.056Z</time>
			</trkpt>
			<trkpt lat="39.20584" lon="20.88076">
				<ele>32.46</ele>
				<time>2026-08-06T16:45:03.260Z</time>
			</trkpt>
			<trkpt lat="39.2062" lon="20.88062">
				<ele>31.53</ele>
				<time>2026-08-06T16:45:08.061Z</time>
			</trkpt>
			<trkpt lat="39.20649" lon="20.88046">
				<ele>30.38</ele>
				<time>2026-08-06T16:45:12.088Z</time>
			</trkpt>
			<trkpt lat="39.20687" lon="20.88012">
				<ele>29.36</ele>
				<time>2026-08-06T16:45:17.993Z</time>
			</trkpt>
			<trkpt lat="39.20712" lon="20.8798">
				<ele>27.07</ele>
				<time>2026-08-06T16:45:22.489Z</time>
			</trkpt>
			<trkpt lat="39.2074" lon="20.8795">
				<ele>26.24</ele>
				<time>2026-08-06T16:45:27.136Z</time>
			</trkpt>
			<trkpt lat="39.20757" lon="20.87937">
				<ele>26.47</ele>
				<time>2026-08-06T16:45:29.659Z</time>
			</trkpt>
			<trkpt lat="39.20786" lon="20.8792">
				<ele>26.6</ele>
				<time>2026-08-06T16:45:33.724Z</time>
			</trkpt>
			<trkpt lat="39.20821" lon="20.87906">
				<ele>23.55</ele>
				<time>2026-08-06T16:45:38.399Z</time>
			</trkpt>
			<trkpt lat="39.20836" lon="20.87904">
				<ele>22.15</ele>
				<time>2026-08-06T16:45:40.322Z</time>
			</trkpt>
			<trkpt lat="39.209" lon="20.87901">
				<ele>22.11</ele>
				<time>2026-08-06T16:45:48.485Z</time>
			</trkpt>
			<trkpt lat="39.2094" lon="20.87895">
				<ele>24.42</ele>
				<time>2026-08-06T16:45:53.613Z</time>
			</trkpt>
			<trkpt lat="39.20976" lon="20.87884">
				<ele>22.95</ele>
				<time>2026-08-06T16:45:58.319Z</time>
			</trkpt>
			<trkpt lat="39.21016" lon="20.87866">
				<ele>19.71</ele>
				<time>2026-08-06T16:46:03.703Z</time>
			</trkpt>
			<trkpt lat="39.21071" lon="20.87842">
				<ele>20.1</ele>
				<time>2026-08-06T16:46:11.071Z</time>
			</trkpt>
			<trkpt lat="39.21284" lon="20.87742">
				<ele>18.78</ele>
				<time>2026-08-06T16:46:39.680Z</time>
			</trkpt>
			<trkpt lat="39.21298" lon="20.87736">
				<ele>18.88</ele>
				<time>2026-08-06T16:46:41.532Z</time>
			</trkpt>
			<trkpt lat="39.21316" lon="20.87731">
				<ele>19.25</ele>
				<time>2026-08-06T16:46:43.841Z</time>
			</trkpt>
			<trkpt lat="39.21351" lon="20.87724">
				<ele>20.48</ele>
				<time>2026-08-06T16:46:48.276Z</time>
			</trkpt>
			<trkpt lat="39.21498" lon="20.87715">
				<ele>21.08</ele>
				<time>2026-08-06T16:47:06.604Z</time>
			</trkpt>
			<trkpt lat="39.21531" lon="20.8771">
				<ele>19.26</ele>
				<time>2026-08-06T16:47:10.718Z</time>
			</trkpt>
			<trkpt lat="39.21565" lon="20.87702">
				<ele>22.71</ele>
				<time>2026-08-06T16:47:14.986Z</time>
			</trkpt>
			<trkpt lat="39.21588" lon="20.87693">
				<ele>26.18</ele>
				<time>2026-08-06T16:47:17.947Z</time>
			</trkpt>
			<trkpt lat="39.21623" lon="20.87674">
				<ele>29.13</ele>
				<time>2026-08-06T16:47:22.615Z</time>
			</trkpt>
			<trkpt lat="39.21652" lon="20.87655">
				<ele>29.35</ele>
				<time>2026-08-06T16:47:26.601Z</time>
			</trkpt>
			<trkpt lat="39.21685" lon="20.87629">
				<ele>30.39</ele>
				<time>2026-08-06T16:47:31.327Z</time>
			</trkpt>
			<trkpt lat="39.21949" lon="20.87386">
				<ele>23.71</ele>
				<time>2026-08-06T16:48:10.277Z</time>
			</trkpt>
			<trkpt lat="39.22005" lon="20.87328">
				<ele>28.61</ele>
				<time>2026-08-06T16:48:18.718Z</time>
			</trkpt>
			<trkpt lat="39.22083" lon="20.87238">
				<ele>22.31</ele>
				<time>2026-08-06T16:48:30.882Z</time>
			</trkpt>
			<trkpt lat="39.22205" lon="20.87092">
				<ele>22.17</ele>
				<time>2026-08-06T16:48:50.092Z</time>
			</trkpt>
			<trkpt lat="39.22245" lon="20.87053">
				<ele>24.1</ele>
				<time>2026-08-06T16:48:55.879Z</time>
			</trkpt>
			<trkpt lat="39.22295" lon="20.87018">
				<ele>26.01</ele>
				<time>2026-08-06T16:49:02.444Z</time>
			</trkpt>
			<trkpt lat="39.22326" lon="20.87003">
				<ele>30.09</ele>
				<time>2026-08-06T16:49:06.263Z</time>
			</trkpt>
			<trkpt lat="39.2236" lon="20.86994">
				<ele>33.22</ele>
				<time>2026-08-06T16:49:10.266Z</time>
			</trkpt>
			<trkpt lat="39.22377" lon="20.86991">
				<ele>34.12</ele>
				<time>2026-08-06T16:49:12.244Z</time>
			</trkpt>
			<trkpt lat="39.22416" lon="20.86989">
				<ele>30.54</ele>
				<time>2026-08-06T16:49:16.741Z</time>
			</trkpt>
			<trkpt lat="39.22483" lon="20.86998">
				<ele>27.72</ele>
				<time>2026-08-06T16:49:24.494Z</time>
			</trkpt>
			<trkpt lat="39.22636" lon="20.87033">
				<ele>38.89</ele>
				<time>2026-08-06T16:49:42.330Z</time>
			</trkpt>
			<trkpt lat="39.22654" lon="20.87035">
				<ele>39.89</ele>
				<time>2026-08-06T16:49:44.398Z</time>
			</trkpt>
			<trkpt lat="39.22674" lon="20.87034">
				<ele>40.78</ele>
				<time>2026-08-06T16:49:46.688Z</time>
			</trkpt>
			<trkpt lat="39.22706" lon="20.87029">
				<ele>40</ele>
				<time>2026-08-06T16:49:50.372Z</time>
			</trkpt>
			<trkpt lat="39.22714" lon="20.87028">
				<ele>39.5</ele>
				<time>2026-08-06T16:49:51.290Z</time>
			</trkpt>
			<trkpt lat="39.2274" lon="20.87017">
				<ele>38.48</ele>
				<time>2026-08-06T16:49:54.413Z</time>
			</trkpt>
			<trkpt lat="39.22836" lon="20.86958">
				<ele>32.27</ele>
				<time>2026-08-06T16:50:06.514Z</time>
			</trkpt>
			<trkpt lat="39.22961" lon="20.86872">
				<ele>33.41</ele>
				<time>2026-08-06T16:50:22.537Z</time>
			</trkpt>
			<trkpt lat="39.23038" lon="20.86823">
				<ele>37.32</ele>
				<time>2026-08-06T16:50:32.186Z</time>
			</trkpt>
			<trkpt lat="39.23092" lon="20.86794">
				<ele>35.49</ele>
				<time>2026-08-06T16:50:38.730Z</time>
			</trkpt>
			<trkpt lat="39.23174" lon="20.86757">
				<ele>33.01</ele>
				<time>2026-08-06T16:50:48.400Z</time>
			</trkpt>
			<trkpt lat="39.2324" lon="20.86737">
				<ele>32.47</ele>
				<time>2026-08-06T16:50:55.905Z</time>
			</trkpt>
			<trkpt lat="39.23283" lon="20.86728">
				<ele>32.27</ele>
				<time>2026-08-06T16:51:00.705Z</time>
			</trkpt>
			<trkpt lat="39.23466" lon="20.86696">
				<ele>33.33</ele>
				<time>2026-08-06T16:51:20.857Z</time>
			</trkpt>
			<trkpt lat="39.23692" lon="20.86659">
				<ele>34.24</ele>
				<time>2026-08-06T16:51:45.215Z</time>
			</trkpt>
			<trkpt lat="39.23745" lon="20.86647">
				<ele>35.49</ele>
				<time>2026-08-06T16:51:50.879Z</time>
			</trkpt>
			<trkpt lat="39.23828" lon="20.86621">
				<ele>36.57</ele>
				<time>2026-08-06T16:51:59.793Z</time>
			</trkpt>
			<trkpt lat="39.23838" lon="20.86615">
				<ele>36.5</ele>
				<time>2026-08-06T16:52:00.937Z</time>
			</trkpt>
			<trkpt lat="39.23851" lon="20.86606">
				<ele>36.49</ele>
				<time>2026-08-06T16:52:02.465Z</time>
			</trkpt>
			<trkpt lat="39.23865" lon="20.866">
				<ele>37.03</ele>
				<time>2026-08-06T16:52:03.989Z</time>
			</trkpt>
			<trkpt lat="39.23871" lon="20.866">
				<ele>36.76</ele>
				<time>2026-08-06T16:52:04.609Z</time>
			</trkpt>
			<trkpt lat="39.23877" lon="20.86596">
				<ele>37.53</ele>
				<time>2026-08-06T16:52:05.306Z</time>
			</trkpt>
			<trkpt lat="39.23916" lon="20.86597">
				<ele>37.49</ele>
				<time>2026-08-06T16:52:09.336Z</time>
			</trkpt>
			<trkpt lat="39.2398" lon="20.86615">
				<ele>37.49</ele>
				<time>2026-08-06T16:52:16.116Z</time>
			</trkpt>
			<trkpt lat="39.24056" lon="20.86645">
				<ele>40.89</ele>
				<time>2026-08-06T16:52:24.362Z</time>
			</trkpt>
			<trkpt lat="39.24083" lon="20.86652">
				<ele>39.63</ele>
				<time>2026-08-06T16:52:27.225Z</time>
			</trkpt>
			<trkpt lat="39.24114" lon="20.8665">
				<ele>39.84</ele>
				<time>2026-08-06T16:52:30.454Z</time>
			</trkpt>
			<trkpt lat="39.24139" lon="20.86643">
				<ele>43.11</ele>
				<time>2026-08-06T16:52:33.117Z</time>
			</trkpt>
			<trkpt lat="39.24163" lon="20.86629">
				<ele>42.98</ele>
				<time>2026-08-06T16:52:35.861Z</time>
			</trkpt>
			<trkpt lat="39.24174" lon="20.8662">
				<ele>41.92</ele>
				<time>2026-08-06T16:52:37.218Z</time>
			</trkpt>
			<trkpt lat="39.24191" lon="20.86602">
				<ele>40.27</ele>
				<time>2026-08-06T16:52:39.511Z</time>
			</trkpt>
			<trkpt lat="39.24253" lon="20.86514">
				<ele>41.67</ele>
				<time>2026-08-06T16:52:49.133Z</time>
			</trkpt>
			<trkpt lat="39.24281" lon="20.86484">
				<ele>39.8</ele>
				<time>2026-08-06T16:52:52.938Z</time>
			</trkpt>
			<trkpt lat="39.24322" lon="20.86454">
				<ele>40.26</ele>
				<time>2026-08-06T16:52:57.870Z</time>
			</trkpt>
			<trkpt lat="39.24336" lon="20.86448">
				<ele>39.94</ele>
				<time>2026-08-06T16:52:59.415Z</time>
			</trkpt>
			<trkpt lat="39.24373" lon="20.86442">
				<ele>43.9</ele>
				<time>2026-08-06T16:53:03.322Z</time>
			</trkpt>
			<trkpt lat="39.24393" lon="20.86442">
				<ele>46.87</ele>
				<time>2026-08-06T16:53:05.418Z</time>
			</trkpt>
			<trkpt lat="39.24429" lon="20.86448">
				<ele>50.87</ele>
				<time>2026-08-06T16:53:09.224Z</time>
			</trkpt>
			<trkpt lat="39.24516" lon="20.86469">
				<ele>55.08</ele>
				<time>2026-08-06T16:53:18.512Z</time>
			</trkpt>
			<trkpt lat="39.24537" lon="20.86472">
				<ele>55.38</ele>
				<time>2026-08-06T16:53:20.731Z</time>
			</trkpt>
			<trkpt lat="39.24553" lon="20.86472">
				<ele>55.95</ele>
				<time>2026-08-06T16:53:22.411Z</time>
			</trkpt>
			<trkpt lat="39.24609" lon="20.86463">
				<ele>55.8</ele>
				<time>2026-08-06T16:53:28.339Z</time>
			</trkpt>
			<trkpt lat="39.2463" lon="20.86456">
				<ele>55.47</ele>
				<time>2026-08-06T16:53:30.618Z</time>
			</trkpt>
			<trkpt lat="39.24677" lon="20.86434">
				<ele>57.31</ele>
				<time>2026-08-06T16:53:35.872Z</time>
			</trkpt>
			<trkpt lat="39.24711" lon="20.86415">
				<ele>57.47</ele>
				<time>2026-08-06T16:53:39.766Z</time>
			</trkpt>
			<trkpt lat="39.2473" lon="20.86402">
				<ele>58.23</ele>
				<time>2026-08-06T16:53:42.026Z</time>
			</trkpt>
			<trkpt lat="39.24772" lon="20.8636">
				<ele>64.33</ele>
				<time>2026-08-06T16:53:47.611Z</time>
			</trkpt>
			<trkpt lat="39.24896" lon="20.86186">
				<ele>61.62</ele>
				<time>2026-08-06T16:54:06.853Z</time>
			</trkpt>
			<trkpt lat="39.24951" lon="20.86112">
				<ele>58.82</ele>
				<time>2026-08-06T16:54:15.192Z</time>
			</trkpt>
			<trkpt lat="39.25003" lon="20.86044">
				<ele>62.24</ele>
				<time>2026-08-06T16:54:22.954Z</time>
			</trkpt>
			<trkpt lat="39.25037" lon="20.85996">
				<ele>60.29</ele>
				<time>2026-08-06T16:54:28.233Z</time>
			</trkpt>
			<trkpt lat="39.25049" lon="20.85974">
				<ele>62.36</ele>
				<time>2026-08-06T16:54:30.416Z</time>
			</trkpt>
			<trkpt lat="39.25072" lon="20.85923">
				<ele>64.28</ele>
				<time>2026-08-06T16:54:35.200Z</time>
			</trkpt>
			<trkpt lat="39.25086" lon="20.85891">
				<ele>66.61</ele>
				<time>2026-08-06T16:54:38.177Z</time>
			</trkpt>
			<trkpt lat="39.25112" lon="20.85815">
				<ele>72.66</ele>
				<time>2026-08-06T16:54:44.900Z</time>
			</trkpt>
			<trkpt lat="39.25145" lon="20.85713">
				<ele>70.52</ele>
				<time>2026-08-06T16:54:53.829Z</time>
			</trkpt>
			<trkpt lat="39.25163" lon="20.8565">
				<ele>76.01</ele>
				<time>2026-08-06T16:54:59.244Z</time>
			</trkpt>
			<trkpt lat="39.25187" lon="20.85554">
				<ele>83.16</ele>
				<time>2026-08-06T16:55:07.363Z</time>
			</trkpt>
			<trkpt lat="39.25207" lon="20.85462">
				<ele>89.36</ele>
				<time>2026-08-06T16:55:15.034Z</time>
			</trkpt>
			<trkpt lat="39.25226" lon="20.85338">
				<ele>89.94</ele>
				<time>2026-08-06T16:55:25.152Z</time>
			</trkpt>
			<trkpt lat="39.25233" lon="20.85304">
				<ele>88.41</ele>
				<time>2026-08-06T16:55:27.961Z</time>
			</trkpt>
			<trkpt lat="39.25239" lon="20.85278">
				<ele>90.52</ele>
				<time>2026-08-06T16:55:30.125Z</time>
			</trkpt>
			<trkpt lat="39.25256" lon="20.85233">
				<ele>93.78</ele>
				<time>2026-08-06T16:55:34.115Z</time>
			</trkpt>
			<trkpt lat="39.25276" lon="20.85189">
				<ele>93.76</ele>
				<time>2026-08-06T16:55:38.173Z</time>
			</trkpt>
			<trkpt lat="39.25297" lon="20.85155">
				<ele>93.08</ele>
				<time>2026-08-06T16:55:41.626Z</time>
			</trkpt>
			<trkpt lat="39.25327" lon="20.85114">
				<ele>96.98</ele>
				<time>2026-08-06T16:55:46.098Z</time>
			</trkpt>
			<trkpt lat="39.25417" lon="20.85005">
				<ele>97.24</ele>
				<time>2026-08-06T16:55:58.677Z</time>
			</trkpt>
			<trkpt lat="39.25444" lon="20.84974">
				<ele>102.88</ele>
				<time>2026-08-06T16:56:02.345Z</time>
			</trkpt>
			<trkpt lat="39.25552" lon="20.84839">
				<ele>107.3</ele>
				<time>2026-08-06T16:56:17.525Z</time>
			</trkpt>
			<trkpt lat="39.25579" lon="20.84809">
				<ele>108.5</ele>
				<time>2026-08-06T16:56:21.102Z</time>
			</trkpt>
			<trkpt lat="39.2561" lon="20.84786">
				<ele>108.05</ele>
				<time>2026-08-06T16:56:24.685Z</time>
			</trkpt>
			<trkpt lat="39.25653" lon="20.8476">
				<ele>109.85</ele>
				<time>2026-08-06T16:56:29.430Z</time>
			</trkpt>
			<trkpt lat="39.25762" lon="20.84704">
				<ele>114.77</ele>
				<time>2026-08-06T16:56:41.088Z</time>
			</trkpt>
			<trkpt lat="39.25817" lon="20.84672">
				<ele>114.3</ele>
				<time>2026-08-06T16:56:47.045Z</time>
			</trkpt>
			<trkpt lat="39.25863" lon="20.84648">
				<ele>111.01</ele>
				<time>2026-08-06T16:56:51.924Z</time>
			</trkpt>
			<trkpt lat="39.25904" lon="20.84639">
				<ele>113.98</ele>
				<time>2026-08-06T16:56:55.999Z</time>
			</trkpt>
			<trkpt lat="39.25923" lon="20.84638">
				<ele>116.03</ele>
				<time>2026-08-06T16:56:57.858Z</time>
			</trkpt>
			<trkpt lat="39.25954" lon="20.84641">
				<ele>119</ele>
				<time>2026-08-06T16:57:00.891Z</time>
			</trkpt>
			<trkpt lat="39.25988" lon="20.8465">
				<ele>117.58</ele>
				<time>2026-08-06T16:57:04.268Z</time>
			</trkpt>
			<trkpt lat="39.26013" lon="20.84661">
				<ele>113.9</ele>
				<time>2026-08-06T16:57:06.831Z</time>
			</trkpt>
			<trkpt lat="39.26052" lon="20.84691">
				<ele>107.96</ele>
				<time>2026-08-06T16:57:11.223Z</time>
			</trkpt>
			<trkpt lat="39.26088" lon="20.84724">
				<ele>107.04</ele>
				<time>2026-08-06T16:57:15.477Z</time>
			</trkpt>
			<trkpt lat="39.26105" lon="20.8475">
				<ele>109.09</ele>
				<time>2026-08-06T16:57:18.008Z</time>
			</trkpt>
			<trkpt lat="39.26147" lon="20.84841">
				<ele>110.59</ele>
				<time>2026-08-06T16:57:25.849Z</time>
			</trkpt>
			<trkpt lat="39.26165" lon="20.84877">
				<ele>111.8</ele>
				<time>2026-08-06T16:57:29.004Z</time>
			</trkpt>
			<trkpt lat="39.26175" lon="20.84892">
				<ele>111.91</ele>
				<time>2026-08-06T16:57:30.457Z</time>
			</trkpt>
			<trkpt lat="39.26185" lon="20.84903">
				<ele>112.13</ele>
				<time>2026-08-06T16:57:31.701Z</time>
			</trkpt>
			<trkpt lat="39.26196" lon="20.84914">
				<ele>112.98</ele>
				<time>2026-08-06T16:57:33.017Z</time>
			</trkpt>
			<trkpt lat="39.2622" lon="20.84929">
				<ele>113.56</ele>
				<time>2026-08-06T16:57:35.534Z</time>
			</trkpt>
			<trkpt lat="39.26234" lon="20.84933">
				<ele>112.34</ele>
				<time>2026-08-06T16:57:36.885Z</time>
			</trkpt>
			<trkpt lat="39.26248" lon="20.84934">
				<ele>111.54</ele>
				<time>2026-08-06T16:57:38.203Z</time>
			</trkpt>
			<trkpt lat="39.26275" lon="20.8493">
				<ele>109.22</ele>
				<time>2026-08-06T16:57:40.754Z</time>
			</trkpt>
			<trkpt lat="39.26334" lon="20.84917">
				<ele>106.97</ele>
				<time>2026-08-06T16:57:46.347Z</time>
			</trkpt>
			<trkpt lat="39.26412" lon="20.84904">
				<ele>112.2</ele>
				<time>2026-08-06T16:57:53.641Z</time>
			</trkpt>
			<trkpt lat="39.26456" lon="20.84892">
				<ele>111.06</ele>
				<time>2026-08-06T16:57:57.783Z</time>
			</trkpt>
			<trkpt lat="39.26522" lon="20.84869">
				<ele>115.82</ele>
				<time>2026-08-06T16:58:04.038Z</time>
			</trkpt>
			<trkpt lat="39.26636" lon="20.84822">
				<ele>117.15</ele>
				<time>2026-08-06T16:58:14.866Z</time>
			</trkpt>
			<trkpt lat="39.26672" lon="20.8481">
				<ele>116.05</ele>
				<time>2026-08-06T16:58:18.198Z</time>
			</trkpt>
			<trkpt lat="39.26691" lon="20.84806">
				<ele>115.02</ele>
				<time>2026-08-06T16:58:19.916Z</time>
			</trkpt>
			<trkpt lat="39.26752" lon="20.84801">
				<ele>117.51</ele>
				<time>2026-08-06T16:58:25.345Z</time>
			</trkpt>
			<trkpt lat="39.26993" lon="20.84804">
				<ele>130.41</ele>
				<time>2026-08-06T16:58:46.311Z</time>
			</trkpt>
			<trkpt lat="39.27011" lon="20.84801">
				<ele>129.83</ele>
				<time>2026-08-06T16:58:47.861Z</time>
			</trkpt>
			<trkpt lat="39.27044" lon="20.84787">
				<ele>126.6</ele>
				<time>2026-08-06T16:58:50.814Z</time>
			</trkpt>
			<trkpt lat="39.27065" lon="20.84773">
				<ele>124.91</ele>
				<time>2026-08-06T16:58:52.815Z</time>
			</trkpt>
			<trkpt lat="39.27082" lon="20.84754">
				<ele>122.05</ele>
				<time>2026-08-06T16:58:54.711Z</time>
			</trkpt>
			<trkpt lat="39.2709" lon="20.84741">
				<ele>121.94</ele>
				<time>2026-08-06T16:58:55.793Z</time>
			</trkpt>
			<trkpt lat="39.27099" lon="20.84722">
				<ele>121.23</ele>
				<time>2026-08-06T16:58:57.240Z</time>
			</trkpt>
			<trkpt lat="39.27118" lon="20.84671">
				<ele>123.14</ele>
				<time>2026-08-06T16:59:00.899Z</time>
			</trkpt>
			<trkpt lat="39.27148" lon="20.84574">
				<ele>126.65</ele>
				<time>2026-08-06T16:59:07.583Z</time>
			</trkpt>
			<trkpt lat="39.27155" lon="20.84557">
				<ele>125.43</ele>
				<time>2026-08-06T16:59:08.805Z</time>
			</trkpt>
			<trkpt lat="39.27163" lon="20.84537">
				<ele>125.74</ele>
				<time>2026-08-06T16:59:10.230Z</time>
			</trkpt>
			<trkpt lat="39.27184" lon="20.84502">
				<ele>128.73</ele>
				<time>2026-08-06T16:59:13.021Z</time>
			</trkpt>
			<trkpt lat="39.27198" lon="20.84483">
				<ele>129.14</ele>
				<time>2026-08-06T16:59:14.666Z</time>
			</trkpt>
			<trkpt lat="39.27227" lon="20.84454">
				<ele>127.59</ele>
				<time>2026-08-06T16:59:17.623Z</time>
			</trkpt>
			<trkpt lat="39.27315" lon="20.84394">
				<ele>116.75</ele>
				<time>2026-08-06T16:59:25.547Z</time>
			</trkpt>
			<trkpt lat="39.27335" lon="20.84384">
				<ele>123</ele>
				<time>2026-08-06T16:59:27.236Z</time>
			</trkpt>
			<trkpt lat="39.27371" lon="20.8435">
				<ele>126.25</ele>
				<time>2026-08-06T16:59:30.725Z</time>
			</trkpt>
			<trkpt lat="39.27394" lon="20.84323">
				<ele>121.38</ele>
				<time>2026-08-06T16:59:33.139Z</time>
			</trkpt>
			<trkpt lat="39.27418" lon="20.84287">
				<ele>120.76</ele>
				<time>2026-08-06T16:59:35.977Z</time>
			</trkpt>
			<trkpt lat="39.27438" lon="20.84253">
				<ele>122.23</ele>
				<time>2026-08-06T16:59:38.510Z</time>
			</trkpt>
			<trkpt lat="39.27453" lon="20.84222">
				<ele>122.36</ele>
				<time>2026-08-06T16:59:40.665Z</time>
			</trkpt>
			<trkpt lat="39.27474" lon="20.84167">
				<ele>123.27</ele>
				<time>2026-08-06T16:59:44.252Z</time>
			</trkpt>
			<trkpt lat="39.27517" lon="20.84031">
				<ele>128.2</ele>
				<time>2026-08-06T16:59:52.699Z</time>
			</trkpt>
			<trkpt lat="39.27535" lon="20.83996">
				<ele>135</ele>
				<time>2026-08-06T16:59:55.077Z</time>
			</trkpt>
			<trkpt lat="39.27559" lon="20.83964">
				<ele>135.19</ele>
				<time>2026-08-06T16:59:57.579Z</time>
			</trkpt>
			<trkpt lat="39.27595" lon="20.83929">
				<ele>133.67</ele>
				<time>2026-08-06T17:00:00.817Z</time>
			</trkpt>
			<trkpt lat="39.2763" lon="20.83906">
				<ele>134.92</ele>
				<time>2026-08-06T17:00:03.612Z</time>
			</trkpt>
			<trkpt lat="39.27664" lon="20.83889">
				<ele>135.33</ele>
				<time>2026-08-06T17:00:06.184Z</time>
			</trkpt>
			<trkpt lat="39.27702" lon="20.83883">
				<ele>127.57</ele>
				<time>2026-08-06T17:00:08.859Z</time>
			</trkpt>
			<trkpt lat="39.27724" lon="20.83884">
				<ele>132.86</ele>
				<time>2026-08-06T17:00:10.386Z</time>
			</trkpt>
			<trkpt lat="39.2776" lon="20.83889">
				<ele>139.91</ele>
				<time>2026-08-06T17:00:12.880Z</time>
			</trkpt>
			<trkpt lat="39.27779" lon="20.83897">
				<ele>140.79</ele>
				<time>2026-08-06T17:00:14.246Z</time>
			</trkpt>
			<trkpt lat="39.27813" lon="20.83917">
				<ele>139.36</ele>
				<time>2026-08-06T17:00:16.782Z</time>
			</trkpt>
			<trkpt lat="39.27837" lon="20.83939">
				<ele>137.05</ele>
				<time>2026-08-06T17:00:18.762Z</time>
			</trkpt>
			<trkpt lat="39.27936" lon="20.84036">
				<ele>131.66</ele>
				<time>2026-08-06T17:00:26.950Z</time>
			</trkpt>
			<trkpt lat="39.27948" lon="20.84052">
				<ele>128.77</ele>
				<time>2026-08-06T17:00:28.064Z</time>
			</trkpt>
			<trkpt lat="39.27957" lon="20.84068">
				<ele>125.85</ele>
				<time>2026-08-06T17:00:29.049Z</time>
			</trkpt>
			<trkpt lat="39.27974" lon="20.84103">
				<ele>124.03</ele>
				<time>2026-08-06T17:00:31.092Z</time>
			</trkpt>
			<trkpt lat="39.27976" lon="20.84116">
				<ele>123.71</ele>
				<time>2026-08-06T17:00:31.743Z</time>
			</trkpt>
			<trkpt lat="39.28035" lon="20.84335">
				<ele>142.18</ele>
				<time>2026-08-06T17:00:41.746Z</time>
			</trkpt>
			<trkpt lat="39.28074" lon="20.84498">
				<ele>122.9</ele>
				<time>2026-08-06T17:00:47.374Z</time>
			</trkpt>
			<trkpt lat="39.28082" lon="20.8452">
				<ele>123.18</ele>
				<time>2026-08-06T17:00:48.080Z</time>
			</trkpt>
			<trkpt lat="39.28105" lon="20.8457">
				<ele>123.58</ele>
				<time>2026-08-06T17:00:49.685Z</time>
			</trkpt>
			<trkpt lat="39.28121" lon="20.84597">
				<ele>121.79</ele>
				<time>2026-08-06T17:00:50.574Z</time>
			</trkpt>
			<trkpt lat="39.28139" lon="20.84622">
				<ele>122.15</ele>
				<time>2026-08-06T17:00:51.432Z</time>
			</trkpt>
			<trkpt lat="39.28171" lon="20.84655">
				<ele>123.63</ele>
				<time>2026-08-06T17:00:52.703Z</time>
			</trkpt>
			<trkpt lat="39.28235" lon="20.847">
				<ele>126.04</ele>
				<time>2026-08-06T17:00:54.812Z</time>
			</trkpt>
			<trkpt lat="39.28292" lon="20.84729">
				<ele>128.32</ele>
				<time>2026-08-06T17:00:56.473Z</time>
			</trkpt>
			<trkpt lat="39.28346" lon="20.84752">
				<ele>128.51</ele>
				<time>2026-08-06T17:00:57.956Z</time>
			</trkpt>
			<trkpt lat="39.28412" lon="20.84792">
				<ele>129.75</ele>
				<time>2026-08-06T17:00:59.818Z</time>
			</trkpt>
			<trkpt lat="39.28437" lon="20.8481">
				<ele>128.56</ele>
				<time>2026-08-06T17:01:00.549Z</time>
			</trkpt>
			<trkpt lat="39.28455" lon="20.84827">
				<ele>124.62</ele>
				<time>2026-08-06T17:01:01.123Z</time>
			</trkpt>
			<trkpt lat="39.28508" lon="20.84882">
				<ele>124.37</ele>
				<time>2026-08-06T17:01:02.909Z</time>
			</trkpt>
			<trkpt lat="39.28541" lon="20.84922">
				<ele>125.77</ele>
				<time>2026-08-06T17:01:04.147Z</time>
			</trkpt>
			<trkpt lat="39.28562" lon="20.84954">
				<ele>126.73</ele>
				<time>2026-08-06T17:01:05.070Z</time>
			</trkpt>
			<trkpt lat="39.28582" lon="20.84988">
				<ele>129.48</ele>
				<time>2026-08-06T17:01:06.044Z</time>
			</trkpt>
			<trkpt lat="39.28596" lon="20.85015">
				<ele>130.84</ele>
				<time>2026-08-06T17:01:06.812Z</time>
			</trkpt>
			<trkpt lat="39.2861" lon="20.85049">
				<ele>129.61</ele>
				<time>2026-08-06T17:01:07.756Z</time>
			</trkpt>
			<trkpt lat="39.28657" lon="20.85169">
				<ele>137.49</ele>
				<time>2026-08-06T17:01:11.399Z</time>
			</trkpt>
			<trkpt lat="39.28668" lon="20.85214">
				<ele>136.86</ele>
				<time>2026-08-06T17:01:12.827Z</time>
			</trkpt>
			<trkpt lat="39.28674" lon="20.85244">
				<ele>138.96</ele>
				<time>2026-08-06T17:01:13.813Z</time>
			</trkpt>
			<trkpt lat="39.28677" lon="20.85277">
				<ele>139.51</ele>
				<time>2026-08-06T17:01:14.916Z</time>
			</trkpt>
			<trkpt lat="39.28677" lon="20.85368">
				<ele>132.75</ele>
				<time>2026-08-06T17:01:18.196Z</time>
			</trkpt>
			<trkpt lat="39.28672" lon="20.85398">
				<ele>131.37</ele>
				<time>2026-08-06T17:01:19.396Z</time>
			</trkpt>
			<trkpt lat="39.28659" lon="20.85455">
				<ele>126.81</ele>
				<time>2026-08-06T17:01:21.863Z</time>
			</trkpt>
			<trkpt lat="39.28626" lon="20.85578">
				<ele>124.85</ele>
				<time>2026-08-06T17:01:28.000Z</time>
			</trkpt>
			<trkpt lat="39.28595" lon="20.85675">
				<ele>123.18</ele>
				<time>2026-08-06T17:01:33.766Z</time>
			</trkpt>
			<trkpt lat="39.28579" lon="20.85736">
				<ele>123.64</ele>
				<time>2026-08-06T17:01:37.704Z</time>
			</trkpt>
			<trkpt lat="39.2857" lon="20.85793">
				<ele>127.88</ele>
				<time>2026-08-06T17:01:41.541Z</time>
			</trkpt>
			<trkpt lat="39.28567" lon="20.85845">
				<ele>131.93</ele>
				<time>2026-08-06T17:01:45.219Z</time>
			</trkpt>
			<trkpt lat="39.28569" lon="20.85911">
				<ele>139.95</ele>
				<time>2026-08-06T17:01:50.218Z</time>
			</trkpt>
			<trkpt lat="39.28579" lon="20.85974">
				<ele>136.43</ele>
				<time>2026-08-06T17:01:55.468Z</time>
			</trkpt>
			<trkpt lat="39.28596" lon="20.86031">
				<ele>135.33</ele>
				<time>2026-08-06T17:02:00.821Z</time>
			</trkpt>
			<trkpt lat="39.28609" lon="20.8607">
				<ele>131.42</ele>
				<time>2026-08-06T17:02:04.761Z</time>
			</trkpt>
			<trkpt lat="39.28605" lon="20.86076">
				<ele>129.19</ele>
				<time>2026-08-06T17:02:05.517Z</time>
			</trkpt>
			<trkpt lat="39.28602" lon="20.86084">
				<ele>127.4</ele>
				<time>2026-08-06T17:02:06.372Z</time>
			</trkpt>
			<trkpt lat="39.28601" lon="20.86092">
				<ele>126.55</ele>
				<time>2026-08-06T17:02:07.159Z</time>
			</trkpt>
			<trkpt lat="39.28602" lon="20.86103">
				<ele>125.72</ele>
				<time>2026-08-06T17:02:08.731Z</time>
			</trkpt>
			<trkpt lat="39.28624" lon="20.86168">
				<ele>126.12</ele>
				<time>2026-08-06T17:02:44.428Z</time>
			</trkpt>
			<trkpt lat="39.28642" lon="20.86215">
				<ele>126</ele>
				<time>2026-08-06T17:03:02.382Z</time>
			</trkpt>
			<trkpt lat="39.28657" lon="20.8624">
				<ele>126.1</ele>
				<time>2026-08-06T17:03:08.985Z</time>
			</trkpt>
			<trkpt lat="39.28665" lon="20.86248">
				<ele>126.05</ele>
				<time>2026-08-06T17:03:11.264Z</time>
			</trkpt>
			<trkpt lat="39.28675" lon="20.86252">
				<ele>128.58</ele>
				<time>2026-08-06T17:03:13.307Z</time>
			</trkpt>
			<trkpt lat="39.28702" lon="20.86328">
				<ele>129.83</ele>
				<time>2026-08-06T17:03:20.208Z</time>
			</trkpt>
			<trkpt lat="39.28753" lon="20.86513">
				<ele>137.75</ele>
				<time>2026-08-06T17:03:27.613Z</time>
			</trkpt>
			<trkpt lat="39.2877" lon="20.86563">
				<ele>137.06</ele>
				<time>2026-08-06T17:03:28.701Z</time>
			</trkpt>
			<trkpt lat="39.28791" lon="20.86606">
				<ele>135.91</ele>
				<time>2026-08-06T17:03:29.600Z</time>
			</trkpt>
			<trkpt lat="39.28826" lon="20.86651">
				<ele>131.92</ele>
				<time>2026-08-06T17:03:30.779Z</time>
			</trkpt>
			<trkpt lat="39.28859" lon="20.86677">
				<ele>129.6</ele>
				<time>2026-08-06T17:03:31.896Z</time>
			</trkpt>
			<trkpt lat="39.28904" lon="20.86699">
				<ele>128.8</ele>
				<time>2026-08-06T17:03:33.726Z</time>
			</trkpt>
			<trkpt lat="39.28941" lon="20.86708">
				<ele>129.27</ele>
				<time>2026-08-06T17:03:35.641Z</time>
			</trkpt>
			<trkpt lat="39.29033" lon="20.8672">
				<ele>123.63</ele>
				<time>2026-08-06T17:03:42.911Z</time>
			</trkpt>
			<trkpt lat="39.29064" lon="20.86741">
				<ele>121.11</ele>
				<time>2026-08-06T17:03:48.257Z</time>
			</trkpt>
			<trkpt lat="39.29093" lon="20.86751">
				<ele>120.62</ele>
				<time>2026-08-06T17:04:05.270Z</time>
			</trkpt>
			<trkpt lat="39.29153" lon="20.8676">
				<ele>122.79</ele>
				<time>2026-08-06T17:04:57.105Z</time>
			</trkpt>
			<trkpt lat="39.29093" lon="20.86751">
				<ele>120.62</ele>
				<time>2026-08-06T17:05:34.796Z</time>
			</trkpt>
			<trkpt lat="39.29064" lon="20.86741">
				<ele>121.11</ele>
				<time>2026-08-06T17:05:51.432Z</time>
			</trkpt>
			<trkpt lat="39.29033" lon="20.8672">
				<ele>123.63</ele>
				<time>2026-08-06T17:06:06.251Z</time>
			</trkpt>
			<trkpt lat="39.29346" lon="20.86773">
				<ele>126.25</ele>
				<time>2026-08-06T17:06:25.700Z</time>
			</trkpt>
			<trkpt lat="39.29576" lon="20.86808">
				<ele>128.75</ele>
				<time>2026-08-06T17:06:35.749Z</time>
			</trkpt>
			<trkpt lat="39.296" lon="20.86814">
				<ele>128.14</ele>
				<time>2026-08-06T17:06:38.093Z</time>
			</trkpt>
			<trkpt lat="39.29623" lon="20.86793">
				<ele>128.24</ele>
				<time>2026-08-06T17:06:41.455Z</time>
			</trkpt>
			<trkpt lat="39.29631" lon="20.86788">
				<ele>128.03</ele>
				<time>2026-08-06T17:06:44.711Z</time>
			</trkpt>
			<trkpt lat="39.2964" lon="20.86793">
				<ele>127.44</ele>
				<time>2026-08-06T17:06:50.529Z</time>
			</trkpt>
			<trkpt lat="39.29657" lon="20.8683">
				<ele>125.73</ele>
				<time>2026-08-06T17:07:17.004Z</time>
			</trkpt>
			<trkpt lat="39.29752" lon="20.86869">
				<ele>127.96</ele>
				<time>2026-08-06T17:07:40.784Z</time>
			</trkpt>
			<trkpt lat="39.2981" lon="20.86901">
				<ele>128.08</ele>
				<time>2026-08-06T17:07:50.089Z</time>
			</trkpt>
			<trkpt lat="39.29887" lon="20.86953">
				<ele>132.12</ele>
				<time>2026-08-06T17:08:02.392Z</time>
			</trkpt>
			<trkpt lat="39.29975" lon="20.87025">
				<ele>132.88</ele>
				<time>2026-08-06T17:08:16.377Z</time>
			</trkpt>
			<trkpt lat="39.3014" lon="20.87163">
				<ele>128.56</ele>
				<time>2026-08-06T17:08:40.602Z</time>
			</trkpt>
			<trkpt lat="39.302" lon="20.87215">
				<ele>131.19</ele>
				<time>2026-08-06T17:08:48.830Z</time>
			</trkpt>
			<trkpt lat="39.3021" lon="20.87227">
				<ele>131.42</ele>
				<time>2026-08-06T17:08:50.344Z</time>
			</trkpt>
			<trkpt lat="39.30251" lon="20.87265">
				<ele>132.53</ele>
				<time>2026-08-06T17:08:55.838Z</time>
			</trkpt>
			<trkpt lat="39.30429" lon="20.87413">
				<ele>132.6</ele>
				<time>2026-08-06T17:09:17.128Z</time>
			</trkpt>
			<trkpt lat="39.30478" lon="20.87449">
				<ele>131.08</ele>
				<time>2026-08-06T17:09:22.341Z</time>
			</trkpt>
			<trkpt lat="39.30631" lon="20.87576">
				<ele>136.32</ele>
				<time>2026-08-06T17:09:37.943Z</time>
			</trkpt>
			<trkpt lat="39.30748" lon="20.87669">
				<ele>136.68</ele>
				<time>2026-08-06T17:09:48.572Z</time>
			</trkpt>
			<trkpt lat="39.30814" lon="20.87716">
				<ele>133.3</ele>
				<time>2026-08-06T17:09:54.010Z</time>
			</trkpt>
			<trkpt lat="39.30881" lon="20.8776">
				<ele>137.66</ele>
				<time>2026-08-06T17:09:59.171Z</time>
			</trkpt>
			<trkpt lat="39.30914" lon="20.87779">
				<ele>140.25</ele>
				<time>2026-08-06T17:10:01.562Z</time>
			</trkpt>
			<trkpt lat="39.30931" lon="20.87783">
				<ele>141.58</ele>
				<time>2026-08-06T17:10:02.686Z</time>
			</trkpt>
			<trkpt lat="39.30966" lon="20.87784">
				<ele>143.82</ele>
				<time>2026-08-06T17:10:04.923Z</time>
			</trkpt>
			<trkpt lat="39.30987" lon="20.87778">
				<ele>145.79</ele>
				<time>2026-08-06T17:10:06.272Z</time>
			</trkpt>
			<trkpt lat="39.31005" lon="20.8777">
				<ele>147.36</ele>
				<time>2026-08-06T17:10:07.450Z</time>
			</trkpt>
			<trkpt lat="39.3102" lon="20.8776">
				<ele>146.08</ele>
				<time>2026-08-06T17:10:08.483Z</time>
			</trkpt>
			<trkpt lat="39.31037" lon="20.87745">
				<ele>144.85</ele>
				<time>2026-08-06T17:10:09.726Z</time>
			</trkpt>
			<trkpt lat="39.31088" lon="20.87689">
				<ele>145.79</ele>
				<time>2026-08-06T17:10:13.653Z</time>
			</trkpt>
			<trkpt lat="39.31133" lon="20.87642">
				<ele>149.51</ele>
				<time>2026-08-06T17:10:16.912Z</time>
			</trkpt>
			<trkpt lat="39.31161" lon="20.87622">
				<ele>147.17</ele>
				<time>2026-08-06T17:10:18.662Z</time>
			</trkpt>
			<trkpt lat="39.31183" lon="20.8761">
				<ele>142.75</ele>
				<time>2026-08-06T17:10:19.944Z</time>
			</trkpt>
			<trkpt lat="39.31201" lon="20.87603">
				<ele>139.95</ele>
				<time>2026-08-06T17:10:20.939Z</time>
			</trkpt>
			<trkpt lat="39.32077" lon="20.8738">
				<ele>135.2</ele>
				<time>2026-08-06T17:10:57.632Z</time>
			</trkpt>
			<trkpt lat="39.32168" lon="20.87363">
				<ele>138.84</ele>
				<time>2026-08-06T17:11:00.653Z</time>
			</trkpt>
			<trkpt lat="39.32224" lon="20.87357">
				<ele>139.77</ele>
				<time>2026-08-06T17:11:02.471Z</time>
			</trkpt>
			<trkpt lat="39.32323" lon="20.87355">
				<ele>138.02</ele>
				<time>2026-08-06T17:11:05.637Z</time>
			</trkpt>
			<trkpt lat="39.32416" lon="20.87374">
				<ele>138.98</ele>
				<time>2026-08-06T17:11:08.625Z</time>
			</trkpt>
			<trkpt lat="39.32473" lon="20.87389">
				<ele>139.98</ele>
				<time>2026-08-06T17:11:10.471Z</time>
			</trkpt>
			<trkpt lat="39.32725" lon="20.8747">
				<ele>141.87</ele>
				<time>2026-08-06T17:11:18.862Z</time>
			</trkpt>
			<trkpt lat="39.3346" lon="20.87702">
				<ele>141.25</ele>
				<time>2026-08-06T17:11:48.563Z</time>
			</trkpt>
			<trkpt lat="39.33562" lon="20.87738">
				<ele>144.58</ele>
				<time>2026-08-06T17:11:53.810Z</time>
			</trkpt>
			<trkpt lat="39.33646" lon="20.87774">
				<ele>141.52</ele>
				<time>2026-08-06T17:11:58.485Z</time>
			</trkpt>
			<trkpt lat="39.33687" lon="20.87793">
				<ele>143.89</ele>
				<time>2026-08-06T17:12:00.887Z</time>
			</trkpt>
			<trkpt lat="39.33855" lon="20.87877">
				<ele>145.77</ele>
				<time>2026-08-06T17:12:11.584Z</time>
			</trkpt>
			<trkpt lat="39.3393" lon="20.87921">
				<ele>146.33</ele>
				<time>2026-08-06T17:12:16.917Z</time>
			</trkpt>
			<trkpt lat="39.33991" lon="20.87959">
				<ele>145.93</ele>
				<time>2026-08-06T17:12:21.524Z</time>
			</trkpt>
			<trkpt lat="39.34028" lon="20.87988">
				<ele>146.15</ele>
				<time>2026-08-06T17:12:24.578Z</time>
			</trkpt>
			<trkpt lat="39.3408" lon="20.88032">
				<ele>142.8</ele>
				<time>2026-08-06T17:12:29.118Z</time>
			</trkpt>
			<trkpt lat="39.3415" lon="20.88099">
				<ele>147</ele>
				<time>2026-08-06T17:12:35.801Z</time>
			</trkpt>
			<trkpt lat="39.3422" lon="20.88172">
				<ele>148.64</ele>
				<time>2026-08-06T17:12:43.109Z</time>
			</trkpt>
			<trkpt lat="39.34209" lon="20.88197">
				<ele>147.05</ele>
				<time>2026-08-06T17:12:44.983Z</time>
			</trkpt>
			<trkpt lat="39.3412" lon="20.88105">
				<ele>147</ele>
				<time>2026-08-06T17:13:41.400Z</time>
			</trkpt>
			<trkpt lat="39.34096" lon="20.88083">
				<ele>146.25</ele>
				<time>2026-08-06T17:14:05.590Z</time>
			</trkpt>
			<trkpt lat="39.3412" lon="20.88105">
				<ele>147</ele>
				<time>2026-08-06T17:14:24.931Z</time>
			</trkpt>
			<trkpt lat="39.34209" lon="20.88197">
				<ele>147.05</ele>
				<time>2026-08-06T17:15:23.094Z</time>
			</trkpt>
			<trkpt lat="39.3422" lon="20.88172">
				<ele>148.64</ele>
				<time>2026-08-06T17:15:28.753Z</time>
			</trkpt>
			<trkpt lat="39.34314" lon="20.8828">
				<ele>147.32</ele>
				<time>2026-08-06T17:15:40.794Z</time>
			</trkpt>
			<trkpt lat="39.34614" lon="20.88611">
				<ele>152.64</ele>
				<time>2026-08-06T17:16:13.976Z</time>
			</trkpt>
			<trkpt lat="39.34751" lon="20.8876">
				<ele>158.2</ele>
				<time>2026-08-06T17:16:27.646Z</time>
			</trkpt>
			<trkpt lat="39.34778" lon="20.88784">
				<ele>159.15</ele>
				<time>2026-08-06T17:16:30.059Z</time>
			</trkpt>
			<trkpt lat="39.34816" lon="20.8881">
				<ele>160.97</ele>
				<time>2026-08-06T17:16:33.185Z</time>
			</trkpt>
			<trkpt lat="39.34853" lon="20.88827">
				<ele>164.03</ele>
				<time>2026-08-06T17:16:36.001Z</time>
			</trkpt>
			<trkpt lat="39.34889" lon="20.88836">
				<ele>166.21</ele>
				<time>2026-08-06T17:16:38.596Z</time>
			</trkpt>
			<trkpt lat="39.34929" lon="20.88839">
				<ele>162.31</ele>
				<time>2026-08-06T17:16:41.395Z</time>
			</trkpt>
			<trkpt lat="39.34969" lon="20.88834">
				<ele>161.8</ele>
				<time>2026-08-06T17:16:44.164Z</time>
			</trkpt>
			<trkpt lat="39.3501" lon="20.88821">
				<ele>160.1</ele>
				<time>2026-08-06T17:16:47.032Z</time>
			</trkpt>
			<trkpt lat="39.35044" lon="20.88801">
				<ele>159.45</ele>
				<time>2026-08-06T17:16:49.535Z</time>
			</trkpt>
			<trkpt lat="39.35065" lon="20.88788">
				<ele>160.67</ele>
				<time>2026-08-06T17:16:51.080Z</time>
			</trkpt>
			<trkpt lat="39.35094" lon="20.88763">
				<ele>161.49</ele>
				<time>2026-08-06T17:16:53.369Z</time>
			</trkpt>
			<trkpt lat="39.35262" lon="20.88595">
				<ele>162.78</ele>
				<time>2026-08-06T17:17:06.743Z</time>
			</trkpt>
			<trkpt lat="39.35306" lon="20.88559">
				<ele>163.43</ele>
				<time>2026-08-06T17:17:09.877Z</time>
			</trkpt>
			<trkpt lat="39.35342" lon="20.8854">
				<ele>162.12</ele>
				<time>2026-08-06T17:17:12.181Z</time>
			</trkpt>
			<trkpt lat="39.35396" lon="20.88533">
				<ele>161.54</ele>
				<time>2026-08-06T17:17:15.347Z</time>
			</trkpt>
			<trkpt lat="39.35442" lon="20.88537">
				<ele>161.64</ele>
				<time>2026-08-06T17:17:17.992Z</time>
			</trkpt>
			<trkpt lat="39.35519" lon="20.8855">
				<ele>163.08</ele>
				<time>2026-08-06T17:17:22.354Z</time>
			</trkpt>
			<trkpt lat="39.35839" lon="20.88613">
				<ele>162</ele>
				<time>2026-08-06T17:17:39.372Z</time>
			</trkpt>
			<trkpt lat="39.35946" lon="20.88647">
				<ele>184.2</ele>
				<time>2026-08-06T17:17:44.768Z</time>
			</trkpt>
			<trkpt lat="39.36124" lon="20.88712">
				<ele>199.72</ele>
				<time>2026-08-06T17:17:53.416Z</time>
			</trkpt>
			<trkpt lat="39.36144" lon="20.8872">
				<ele>180.79</ele>
				<time>2026-08-06T17:17:54.365Z</time>
			</trkpt>
			<trkpt lat="39.36162" lon="20.88724">
				<ele>176.31</ele>
				<time>2026-08-06T17:17:55.187Z</time>
			</trkpt>
			<trkpt lat="39.36184" lon="20.88725">
				<ele>175.67</ele>
				<time>2026-08-06T17:17:56.172Z</time>
			</trkpt>
			<trkpt lat="39.36196" lon="20.88724">
				<ele>175.83</ele>
				<time>2026-08-06T17:17:56.708Z</time>
			</trkpt>
			<trkpt lat="39.36211" lon="20.8872">
				<ele>175.56</ele>
				<time>2026-08-06T17:17:57.387Z</time>
			</trkpt>
			<trkpt lat="39.36235" lon="20.8871">
				<ele>174.1</ele>
				<time>2026-08-06T17:17:58.499Z</time>
			</trkpt>
			<trkpt lat="39.36386" lon="20.88635">
				<ele>179.64</ele>
				<time>2026-08-06T17:18:05.441Z</time>
			</trkpt>
			<trkpt lat="39.36467" lon="20.88593">
				<ele>173.91</ele>
				<time>2026-08-06T17:18:09.058Z</time>
			</trkpt>
			<trkpt lat="39.36535" lon="20.88556">
				<ele>176.45</ele>
				<time>2026-08-06T17:18:12.050Z</time>
			</trkpt>
			<trkpt lat="39.36586" lon="20.88534">
				<ele>172.77</ele>
				<time>2026-08-06T17:18:14.195Z</time>
			</trkpt>
			<trkpt lat="39.36679" lon="20.88496">
				<ele>177.67</ele>
				<time>2026-08-06T17:18:18.014Z</time>
			</trkpt>
			<trkpt lat="39.36837" lon="20.8844">
				<ele>172.11</ele>
				<time>2026-08-06T17:18:24.235Z</time>
			</trkpt>
			<trkpt lat="39.36924" lon="20.88402">
				<ele>171.63</ele>
				<time>2026-08-06T17:18:27.627Z</time>
			</trkpt>
			<trkpt lat="39.36992" lon="20.88364">
				<ele>171.26</ele>
				<time>2026-08-06T17:18:30.318Z</time>
			</trkpt>
			<trkpt lat="39.37053" lon="20.88324">
				<ele>173.5</ele>
				<time>2026-08-06T17:18:32.771Z</time>
			</trkpt>
			<trkpt lat="39.37091" lon="20.88296">
				<ele>178.31</ele>
				<time>2026-08-06T17:18:34.324Z</time>
			</trkpt>
			<trkpt lat="39.3742" lon="20.88056">
				<ele>179.53</ele>
				<time>2026-08-06T17:18:47.349Z</time>
			</trkpt>
			<trkpt lat="39.3744" lon="20.8804">
				<ele>179.46</ele>
				<time>2026-08-06T17:18:48.142Z</time>
			</trkpt>
			<trkpt lat="39.37461" lon="20.88021">
				<ele>179.7</ele>
				<time>2026-08-06T17:18:49.005Z</time>
			</trkpt>
			<trkpt lat="39.3749" lon="20.8799">
				<ele>178.02</ele>
				<time>2026-08-06T17:18:50.269Z</time>
			</trkpt>
			<trkpt lat="39.37555" lon="20.87903">
				<ele>179.36</ele>
				<time>2026-08-06T17:18:53.398Z</time>
			</trkpt>
			<trkpt lat="39.37629" lon="20.87798">
				<ele>179.01</ele>
				<time>2026-08-06T17:18:57.058Z</time>
			</trkpt>
			<trkpt lat="39.37694" lon="20.87709">
				<ele>178.97</ele>
				<time>2026-08-06T17:19:00.206Z</time>
			</trkpt>
			<trkpt lat="39.37724" lon="20.87664">
				<ele>182.06</ele>
				<time>2026-08-06T17:19:01.734Z</time>
			</trkpt>
			<trkpt lat="39.37861" lon="20.87474">
				<ele>192.17</ele>
				<time>2026-08-06T17:19:08.436Z</time>
			</trkpt>
			<trkpt lat="39.37886" lon="20.87444">
				<ele>192.06</ele>
				<time>2026-08-06T17:19:09.581Z</time>
			</trkpt>
			<trkpt lat="39.3791" lon="20.87419">
				<ele>192.3</ele>
				<time>2026-08-06T17:19:10.618Z</time>
			</trkpt>
			<trkpt lat="39.38012" lon="20.87355">
				<ele>191.39</ele>
				<time>2026-08-06T17:19:14.454Z</time>
			</trkpt>
			<trkpt lat="39.38043" lon="20.87326">
				<ele>194.22</ele>
				<time>2026-08-06T17:19:15.759Z</time>
			</trkpt>
			<trkpt lat="39.38056" lon="20.87311">
				<ele>194.42</ele>
				<time>2026-08-06T17:19:16.354Z</time>
			</trkpt>
			<trkpt lat="39.3807" lon="20.87292">
				<ele>191.77</ele>
				<time>2026-08-06T17:19:17.050Z</time>
			</trkpt>
			<trkpt lat="39.38143" lon="20.87144">
				<ele>193.56</ele>
				<time>2026-08-06T17:19:21.746Z</time>
			</trkpt>
			<trkpt lat="39.38164" lon="20.87107">
				<ele>196.32</ele>
				<time>2026-08-06T17:19:22.989Z</time>
			</trkpt>
			<trkpt lat="39.38176" lon="20.87091">
				<ele>196.16</ele>
				<time>2026-08-06T17:19:23.595Z</time>
			</trkpt>
			<trkpt lat="39.38219" lon="20.87044">
				<ele>196.98</ele>
				<time>2026-08-06T17:19:25.586Z</time>
			</trkpt>
			<trkpt lat="39.38292" lon="20.86973">
				<ele>198.68</ele>
				<time>2026-08-06T17:19:28.857Z</time>
			</trkpt>
			<trkpt lat="39.38351" lon="20.86923">
				<ele>197.9</ele>
				<time>2026-08-06T17:19:31.421Z</time>
			</trkpt>
			<trkpt lat="39.3841" lon="20.8688">
				<ele>197.63</ele>
				<time>2026-08-06T17:19:33.917Z</time>
			</trkpt>
			<trkpt lat="39.3862" lon="20.86718">
				<ele>196.92</ele>
				<time>2026-08-06T17:19:43.240Z</time>
			</trkpt>
			<trkpt lat="39.38644" lon="20.86696">
				<ele>200.21</ele>
				<time>2026-08-06T17:19:44.398Z</time>
			</trkpt>
			<trkpt lat="39.38691" lon="20.86663">
				<ele>204.85</ele>
				<time>2026-08-06T17:19:46.526Z</time>
			</trkpt>
			<trkpt lat="39.38736" lon="20.86625">
				<ele>199.38</ele>
				<time>2026-08-06T17:19:48.694Z</time>
			</trkpt>
			<trkpt lat="39.38756" lon="20.86604">
				<ele>197.41</ele>
				<time>2026-08-06T17:19:49.744Z</time>
			</trkpt>
			<trkpt lat="39.38773" lon="20.86572">
				<ele>197.62</ele>
				<time>2026-08-06T17:19:50.976Z</time>
			</trkpt>
			<trkpt lat="39.3878" lon="20.86551">
				<ele>199.66</ele>
				<time>2026-08-06T17:19:51.707Z</time>
			</trkpt>
			<trkpt lat="39.38787" lon="20.86506">
				<ele>198.89</ele>
				<time>2026-08-06T17:19:53.184Z</time>
			</trkpt>
			<trkpt lat="39.38789" lon="20.86478">
				<ele>198.3</ele>
				<time>2026-08-06T17:19:54.096Z</time>
			</trkpt>
			<trkpt lat="39.38792" lon="20.86359">
				<ele>203.45</ele>
				<time>2026-08-06T17:19:58.019Z</time>
			</trkpt>
			<trkpt lat="39.38799" lon="20.86315">
				<ele>205.61</ele>
				<time>2026-08-06T17:19:59.527Z</time>
			</trkpt>
			<trkpt lat="39.38806" lon="20.86293">
				<ele>204.73</ele>
				<time>2026-08-06T17:20:00.331Z</time>
			</trkpt>
			<trkpt lat="39.38827" lon="20.8625">
				<ele>200.88</ele>
				<time>2026-08-06T17:20:02.066Z</time>
			</trkpt>
			<trkpt lat="39.38924" lon="20.8611">
				<ele>197.88</ele>
				<time>2026-08-06T17:20:08.658Z</time>
			</trkpt>
			<trkpt lat="39.38984" lon="20.86015">
				<ele>199.4</ele>
				<time>2026-08-06T17:20:13.121Z</time>
			</trkpt>
			<trkpt lat="39.39163" lon="20.85738">
				<ele>203.17</ele>
				<time>2026-08-06T17:20:27.062Z</time>
			</trkpt>
			<trkpt lat="39.39196" lon="20.85689">
				<ele>207.29</ele>
				<time>2026-08-06T17:20:29.709Z</time>
			</trkpt>
			<trkpt lat="39.39232" lon="20.85641">
				<ele>209.82</ele>
				<time>2026-08-06T17:20:32.479Z</time>
			</trkpt>
			<trkpt lat="39.39283" lon="20.85581">
				<ele>209.82</ele>
				<time>2026-08-06T17:20:36.248Z</time>
			</trkpt>
			<trkpt lat="39.39316" lon="20.85547">
				<ele>214.02</ele>
				<time>2026-08-06T17:20:38.597Z</time>
			</trkpt>
			<trkpt lat="39.39413" lon="20.85471">
				<ele>211.96</ele>
				<time>2026-08-06T17:20:45.082Z</time>
			</trkpt>
			<trkpt lat="39.39438" lon="20.85449">
				<ele>209.18</ele>
				<time>2026-08-06T17:20:46.853Z</time>
			</trkpt>
			<trkpt lat="39.39465" lon="20.85421">
				<ele>209.37</ele>
				<time>2026-08-06T17:20:48.902Z</time>
			</trkpt>
			<trkpt lat="39.39504" lon="20.85359">
				<ele>215.07</ele>
				<time>2026-08-06T17:20:52.622Z</time>
			</trkpt>
			<trkpt lat="39.39606" lon="20.85157">
				<ele>213.46</ele>
				<time>2026-08-06T17:21:04.335Z</time>
			</trkpt>
			<trkpt lat="39.39629" lon="20.85116">
				<ele>215.83</ele>
				<time>2026-08-06T17:21:06.891Z</time>
			</trkpt>
			<trkpt lat="39.39648" lon="20.85077">
				<ele>216.13</ele>
				<time>2026-08-06T17:21:09.247Z</time>
			</trkpt>
			<trkpt lat="39.3966" lon="20.85034">
				<ele>217.39</ele>
				<time>2026-08-06T17:21:11.611Z</time>
			</trkpt>
			<trkpt lat="39.39662" lon="20.85001">
				<ele>220.03</ele>
				<time>2026-08-06T17:21:13.341Z</time>
			</trkpt>
			<trkpt lat="39.39659" lon="20.84856">
				<ele>222.56</ele>
				<time>2026-08-06T17:21:21.101Z</time>
			</trkpt>
			<trkpt lat="39.39639" lon="20.84659">
				<ele>224.97</ele>
				<time>2026-08-06T17:21:32.225Z</time>
			</trkpt>
			<trkpt lat="39.39638" lon="20.84596">
				<ele>219.05</ele>
				<time>2026-08-06T17:21:35.876Z</time>
			</trkpt>
			<trkpt lat="39.39645" lon="20.84536">
				<ele>225.37</ele>
				<time>2026-08-06T17:21:39.449Z</time>
			</trkpt>
			<trkpt lat="39.39665" lon="20.84444">
				<ele>212.52</ele>
				<time>2026-08-06T17:21:45.193Z</time>
			</trkpt>
			<trkpt lat="39.39711" lon="20.84251">
				<ele>225.69</ele>
				<time>2026-08-06T17:21:57.813Z</time>
			</trkpt>
			<trkpt lat="39.39719" lon="20.8421">
				<ele>220.46</ele>
				<time>2026-08-06T17:22:00.540Z</time>
			</trkpt>
			<trkpt lat="39.39727" lon="20.84146">
				<ele>218.52</ele>
				<time>2026-08-06T17:22:04.780Z</time>
			</trkpt>
			<trkpt lat="39.39729" lon="20.841">
				<ele>217.05</ele>
				<time>2026-08-06T17:22:07.835Z</time>
			</trkpt>
			<trkpt lat="39.39729" lon="20.84037">
				<ele>219.04</ele>
				<time>2026-08-06T17:22:12.073Z</time>
			</trkpt>
			<trkpt lat="39.39721" lon="20.83949">
				<ele>218.25</ele>
				<time>2026-08-06T17:22:18.150Z</time>
			</trkpt>
			<trkpt lat="39.39716" lon="20.83929">
				<ele>218.64</ele>
				<time>2026-08-06T17:22:19.612Z</time>
			</trkpt>
			<trkpt lat="39.39706" lon="20.83905">
				<ele>220.49</ele>
				<time>2026-08-06T17:22:21.520Z</time>
			</trkpt>
			<trkpt lat="39.39698" lon="20.83864">
				<ele>221.51</ele>
				<time>2026-08-06T17:22:24.506Z</time>
			</trkpt>
			<trkpt lat="39.39691" lon="20.83812">
				<ele>227.37</ele>
				<time>2026-08-06T17:22:28.278Z</time>
			</trkpt>
			<trkpt lat="39.39686" lon="20.83713">
				<ele>221.93</ele>
				<time>2026-08-06T17:22:35.505Z</time>
			</trkpt>
			<trkpt lat="39.39686" lon="20.83671">
				<ele>226.26</ele>
				<time>2026-08-06T17:22:38.619Z</time>
			</trkpt>
			<trkpt lat="39.39693" lon="20.83583">
				<ele>229.02</ele>
				<time>2026-08-06T17:22:45.288Z</time>
			</trkpt>
			<trkpt lat="39.397" lon="20.83555">
				<ele>226.8</ele>
				<time>2026-08-06T17:22:47.539Z</time>
			</trkpt>
			<trkpt lat="39.3971" lon="20.83531">
				<ele>228.23</ele>
				<time>2026-08-06T17:22:49.640Z</time>
			</trkpt>
			<trkpt lat="39.39721" lon="20.83513">
				<ele>225.15</ele>
				<time>2026-08-06T17:22:51.419Z</time>
			</trkpt>
			<trkpt lat="39.39732" lon="20.835">
				<ele>223.69</ele>
				<time>2026-08-06T17:22:52.921Z</time>
			</trkpt>
			<trkpt lat="39.39745" lon="20.83489">
				<ele>223.2</ele>
				<time>2026-08-06T17:22:54.495Z</time>
			</trkpt>
			<trkpt lat="39.39825" lon="20.83418">
				<ele>223.8</ele>
				<time>2026-08-06T17:23:04.505Z</time>
			</trkpt>
			<trkpt lat="39.39874" lon="20.83385">
				<ele>228.21</ele>
				<time>2026-08-06T17:23:10.344Z</time>
			</trkpt>
			<trkpt lat="39.39919" lon="20.83363">
				<ele>233.44</ele>
				<time>2026-08-06T17:23:15.513Z</time>
			</trkpt>
			<trkpt lat="39.39936" lon="20.83358">
				<ele>231.16</ele>
				<time>2026-08-06T17:23:17.406Z</time>
			</trkpt>
			<trkpt lat="39.39971" lon="20.83352">
				<ele>233.9</ele>
				<time>2026-08-06T17:23:21.271Z</time>
			</trkpt>
			<trkpt lat="39.39998" lon="20.83351">
				<ele>232.43</ele>
				<time>2026-08-06T17:23:24.258Z</time>
			</trkpt>
			<trkpt lat="39.40028" lon="20.83355">
				<ele>232.18</ele>
				<time>2026-08-06T17:23:27.622Z</time>
			</trkpt>
			<trkpt lat="39.4006" lon="20.83362">
				<ele>233.64</ele>
				<time>2026-08-06T17:23:31.278Z</time>
			</trkpt>
			<trkpt lat="39.40233" lon="20.83418">
				<ele>236.47</ele>
				<time>2026-08-06T17:23:52.036Z</time>
			</trkpt>
			<trkpt lat="39.40292" lon="20.83442">
				<ele>243.95</ele>
				<time>2026-08-06T17:23:59.505Z</time>
			</trkpt>
			<trkpt lat="39.4034" lon="20.83468">
				<ele>246.73</ele>
				<time>2026-08-06T17:24:05.898Z</time>
			</trkpt>
			<trkpt lat="39.40438" lon="20.83529">
				<ele>247.37</ele>
				<time>2026-08-06T17:24:19.590Z</time>
			</trkpt>
			<trkpt lat="39.40484" lon="20.8356">
				<ele>251.29</ele>
				<time>2026-08-06T17:24:26.279Z</time>
			</trkpt>
			<trkpt lat="39.40543" lon="20.83593">
				<ele>248.85</ele>
				<time>2026-08-06T17:24:34.714Z</time>
			</trkpt>
			<trkpt lat="39.40601" lon="20.8362">
				<ele>241.87</ele>
				<time>2026-08-06T17:24:42.955Z</time>
			</trkpt>
			<trkpt lat="39.40682" lon="20.83652">
				<ele>240.36</ele>
				<time>2026-08-06T17:24:54.525Z</time>
			</trkpt>
			<trkpt lat="39.40701" lon="20.83663">
				<ele>239.98</ele>
				<time>2026-08-06T17:24:57.412Z</time>
			</trkpt>
			<trkpt lat="39.40723" lon="20.83678">
				<ele>239.81</ele>
				<time>2026-08-06T17:25:00.885Z</time>
			</trkpt>
			<trkpt lat="39.40751" lon="20.83709">
				<ele>240.35</ele>
				<time>2026-08-06T17:25:06.078Z</time>
			</trkpt>
			<trkpt lat="39.40793" lon="20.83763">
				<ele>239.5</ele>
				<time>2026-08-06T17:25:14.538Z</time>
			</trkpt>
			<trkpt lat="39.40844" lon="20.83838">
				<ele>244.64</ele>
				<time>2026-08-06T17:25:25.787Z</time>
			</trkpt>
			<trkpt lat="39.40893" lon="20.83905">
				<ele>249.24</ele>
				<time>2026-08-06T17:25:36.398Z</time>
			</trkpt>
			<trkpt lat="39.40953" lon="20.83999">
				<ele>246.81</ele>
				<time>2026-08-06T17:25:50.754Z</time>
			</trkpt>
			<trkpt lat="39.40992" lon="20.84055">
				<ele>244.48</ele>
				<time>2026-08-06T17:25:59.823Z</time>
			</trkpt>
			<trkpt lat="39.41034" lon="20.84111">
				<ele>246.29</ele>
				<time>2026-08-06T17:26:09.368Z</time>
			</trkpt>
			<trkpt lat="39.41058" lon="20.84146">
				<ele>249.98</ele>
				<time>2026-08-06T17:26:15.168Z</time>
			</trkpt>
			<trkpt lat="39.41166" lon="20.84298">
				<ele>253.2</ele>
				<time>2026-08-06T17:26:41.465Z</time>
			</trkpt>
			<trkpt lat="39.41225" lon="20.84367">
				<ele>255.22</ele>
				<time>2026-08-06T17:26:55.005Z</time>
			</trkpt>
			<trkpt lat="39.41241" lon="20.84383">
				<ele>257.47</ele>
				<time>2026-08-06T17:26:58.494Z</time>
			</trkpt>
			<trkpt lat="39.41256" lon="20.84394">
				<ele>258.3</ele>
				<time>2026-08-06T17:27:01.485Z</time>
			</trkpt>
			<trkpt lat="39.41296" lon="20.84411">
				<ele>255.41</ele>
				<time>2026-08-06T17:27:08.846Z</time>
			</trkpt>
			<trkpt lat="39.41331" lon="20.84418">
				<ele>252.41</ele>
				<time>2026-08-06T17:27:15.103Z</time>
			</trkpt>
			<trkpt lat="39.4161" lon="20.84433">
				<ele>257.94</ele>
				<time>2026-08-06T17:28:06.544Z</time>
			</trkpt>
			<trkpt lat="39.41661" lon="20.84433">
				<ele>256.37</ele>
				<time>2026-08-06T17:28:16.351Z</time>
			</trkpt>
			<trkpt lat="39.4169" lon="20.84442">
				<ele>257.66</ele>
				<time>2026-08-06T17:28:22.146Z</time>
			</trkpt>
			<trkpt lat="39.41742" lon="20.84466">
				<ele>255.1</ele>
				<time>2026-08-06T17:28:32.992Z</time>
			</trkpt>
			<trkpt lat="39.41782" lon="20.84491">
				<ele>254.78</ele>
				<time>2026-08-06T17:28:41.829Z</time>
			</trkpt>
			<trkpt lat="39.41818" lon="20.84508">
				<ele>252.75</ele>
				<time>2026-08-06T17:28:49.535Z</time>
			</trkpt>
			<trkpt lat="39.41834" lon="20.84513">
				<ele>251.33</ele>
				<time>2026-08-06T17:28:52.867Z</time>
			</trkpt>
			<trkpt lat="39.41861" lon="20.84516">
				<ele>249.75</ele>
				<time>2026-08-06T17:28:58.384Z</time>
			</trkpt>
			<trkpt lat="39.41892" lon="20.84513">
				<ele>249.42</ele>
				<time>2026-08-06T17:29:04.760Z</time>
			</trkpt>
			<trkpt lat="39.41953" lon="20.84486">
				<ele>250.21</ele>
				<time>2026-08-06T17:29:18.142Z</time>
			</trkpt>
			<trkpt lat="39.41966" lon="20.84492">
				<ele>252.44</ele>
				<time>2026-08-06T17:29:21.035Z</time>
			</trkpt>
			<trkpt lat="39.41976" lon="20.8449">
				<ele>252.89</ele>
				<time>2026-08-06T17:29:23.162Z</time>
			</trkpt>
			<trkpt lat="39.41987" lon="20.84484">
				<ele>252.67</ele>
				<time>2026-08-06T17:29:25.679Z</time>
			</trkpt>
			<trkpt lat="39.41994" lon="20.84468">
				<ele>251.66</ele>
				<time>2026-08-06T17:29:29.456Z</time>
			</trkpt>
			<trkpt lat="39.42008" lon="20.84462">
				<ele>251.85</ele>
				<time>2026-08-06T17:29:55.427Z</time>
			</trkpt>
			<trkpt lat="39.42028" lon="20.84462">
				<ele>252.35</ele>
				<time>2026-08-06T17:30:06.720Z</time>
			</trkpt>
			<trkpt lat="39.4204" lon="20.84456">
				<ele>252.76</ele>
				<time>2026-08-06T17:30:09.740Z</time>
			</trkpt>
			<trkpt lat="39.42048" lon="20.84455">
				<ele>253.09</ele>
				<time>2026-08-06T17:30:10.886Z</time>
			</trkpt>
			<trkpt lat="39.42051" lon="20.84449">
				<ele>252.59</ele>
				<time>2026-08-06T17:30:11.556Z</time>
			</trkpt>
			<trkpt lat="39.4206" lon="20.84446">
				<ele>252.3</ele>
				<time>2026-08-06T17:30:12.527Z</time>
			</trkpt>
			<trkpt lat="39.42091" lon="20.84423">
				<ele>251.41</ele>
				<time>2026-08-06T17:30:15.636Z</time>
			</trkpt>
			<trkpt lat="39.42248" lon="20.84352">
				<ele>254.27</ele>
				<time>2026-08-06T17:30:30.076Z</time>
			</trkpt>
			<trkpt lat="39.42291" lon="20.84331">
				<ele>256.14</ele>
				<time>2026-08-06T17:30:34.026Z</time>
			</trkpt>
			<trkpt lat="39.42312" lon="20.84324">
				<ele>257.26</ele>
				<time>2026-08-06T17:30:35.883Z</time>
			</trkpt>
			<trkpt lat="39.42324" lon="20.84322">
				<ele>258.42</ele>
				<time>2026-08-06T17:30:36.918Z</time>
			</trkpt>
			<trkpt lat="39.42367" lon="20.84326">
				<ele>263.14</ele>
				<time>2026-08-06T17:30:40.596Z</time>
			</trkpt>
			<trkpt lat="39.42413" lon="20.84346">
				<ele>267.83</ele>
				<time>2026-08-06T17:30:44.718Z</time>
			</trkpt>
			<trkpt lat="39.4249" lon="20.84384">
				<ele>265.66</ele>
				<time>2026-08-06T17:30:51.674Z</time>
			</trkpt>
			<trkpt lat="39.42534" lon="20.84403">
				<ele>269.41</ele>
				<time>2026-08-06T17:30:55.565Z</time>
			</trkpt>
			<trkpt lat="39.42578" lon="20.84426">
				<ele>268.11</ele>
				<time>2026-08-06T17:30:59.529Z</time>
			</trkpt>
			<trkpt lat="39.42597" lon="20.84439">
				<ele>267.9</ele>
				<time>2026-08-06T17:31:01.318Z</time>
			</trkpt>
			<trkpt lat="39.42621" lon="20.84463">
				<ele>269.12</ele>
				<time>2026-08-06T17:31:03.837Z</time>
			</trkpt>
			<trkpt lat="39.42693" lon="20.84542">
				<ele>264.91</ele>
				<time>2026-08-06T17:31:11.631Z</time>
			</trkpt>
			<trkpt lat="39.42715" lon="20.84569">
				<ele>266.94</ele>
				<time>2026-08-06T17:31:14.120Z</time>
			</trkpt>
			<trkpt lat="39.42736" lon="20.84592">
				<ele>267.69</ele>
				<time>2026-08-06T17:31:16.372Z</time>
			</trkpt>
			<trkpt lat="39.42753" lon="20.84608">
				<ele>266.76</ele>
				<time>2026-08-06T17:31:18.089Z</time>
			</trkpt>
			<trkpt lat="39.42778" lon="20.84624">
				<ele>265.41</ele>
				<time>2026-08-06T17:31:20.363Z</time>
			</trkpt>
			<trkpt lat="39.428" lon="20.84634">
				<ele>267.03</ele>
				<time>2026-08-06T17:31:22.259Z</time>
			</trkpt>
			<trkpt lat="39.42959" lon="20.84681">
				<ele>265.07</ele>
				<time>2026-08-06T17:31:35.409Z</time>
			</trkpt>
			<trkpt lat="39.43004" lon="20.84685">
				<ele>266</ele>
				<time>2026-08-06T17:31:39.011Z</time>
			</trkpt>
			<trkpt lat="39.43024" lon="20.84679">
				<ele>265.47</ele>
				<time>2026-08-06T17:31:40.646Z</time>
			</trkpt>
			<trkpt lat="39.43113" lon="20.84642">
				<ele>266.01</ele>
				<time>2026-08-06T17:31:48.051Z</time>
			</trkpt>
			<trkpt lat="39.43174" lon="20.84621">
				<ele>268.2</ele>
				<time>2026-08-06T17:31:53.017Z</time>
			</trkpt>
			<trkpt lat="39.43232" lon="20.84594">
				<ele>270.65</ele>
				<time>2026-08-06T17:31:57.838Z</time>
			</trkpt>
			<trkpt lat="39.43256" lon="20.84586">
				<ele>273.79</ele>
				<time>2026-08-06T17:31:59.769Z</time>
			</trkpt>
			<trkpt lat="39.43291" lon="20.84567">
				<ele>273.72</ele>
				<time>2026-08-06T17:32:02.719Z</time>
			</trkpt>
			<trkpt lat="39.43315" lon="20.84558">
				<ele>272.55</ele>
				<time>2026-08-06T17:32:04.655Z</time>
			</trkpt>
			<trkpt lat="39.43341" lon="20.84551">
				<ele>270.85</ele>
				<time>2026-08-06T17:32:06.708Z</time>
			</trkpt>
			<trkpt lat="39.43393" lon="20.8455">
				<ele>271.9</ele>
				<time>2026-08-06T17:32:10.716Z</time>
			</trkpt>
			<trkpt lat="39.43412" lon="20.84551">
				<ele>269.88</ele>
				<time>2026-08-06T17:32:12.176Z</time>
			</trkpt>
			<trkpt lat="39.43453" lon="20.8456">
				<ele>269.42</ele>
				<time>2026-08-06T17:32:15.362Z</time>
			</trkpt>
			<trkpt lat="39.43512" lon="20.84578">
				<ele>275.2</ele>
				<time>2026-08-06T17:32:19.985Z</time>
			</trkpt>
			<trkpt lat="39.43532" lon="20.84589">
				<ele>276.39</ele>
				<time>2026-08-06T17:32:21.637Z</time>
			</trkpt>
			<trkpt lat="39.43553" lon="20.84608">
				<ele>277.95</ele>
				<time>2026-08-06T17:32:23.580Z</time>
			</trkpt>
			<trkpt lat="39.43565" lon="20.84624">
				<ele>279.92</ele>
				<time>2026-08-06T17:32:24.884Z</time>
			</trkpt>
			<trkpt lat="39.43604" lon="20.84684">
				<ele>277.67</ele>
				<time>2026-08-06T17:32:29.454Z</time>
			</trkpt>
			<trkpt lat="39.43648" lon="20.84766">
				<ele>278.16</ele>
				<time>2026-08-06T17:32:35.238Z</time>
			</trkpt>
			<trkpt lat="39.43671" lon="20.848">
				<ele>278.31</ele>
				<time>2026-08-06T17:32:37.845Z</time>
			</trkpt>
			<trkpt lat="39.43693" lon="20.84826">
				<ele>279.65</ele>
				<time>2026-08-06T17:32:40.062Z</time>
			</trkpt>
			<trkpt lat="39.43704" lon="20.84834">
				<ele>280.18</ele>
				<time>2026-08-06T17:32:41.000Z</time>
			</trkpt>
			<trkpt lat="39.43715" lon="20.84846">
				<ele>280.2</ele>
				<time>2026-08-06T17:32:42.068Z</time>
			</trkpt>
			<trkpt lat="39.4377" lon="20.84891">
				<ele>274.56</ele>
				<time>2026-08-06T17:32:46.881Z</time>
			</trkpt>
			<trkpt lat="39.43841" lon="20.84941">
				<ele>281.33</ele>
				<time>2026-08-06T17:32:52.825Z</time>
			</trkpt>
			<trkpt lat="39.439" lon="20.84991">
				<ele>278.09</ele>
				<time>2026-08-06T17:32:57.978Z</time>
			</trkpt>
			<trkpt lat="39.43947" lon="20.85047">
				<ele>282.01</ele>
				<time>2026-08-06T17:33:02.621Z</time>
			</trkpt>
			<trkpt lat="39.4398" lon="20.85108">
				<ele>282.51</ele>
				<time>2026-08-06T17:33:06.781Z</time>
			</trkpt>
			<trkpt lat="39.44043" lon="20.85266">
				<ele>275.76</ele>
				<time>2026-08-06T17:33:16.636Z</time>
			</trkpt>
			<trkpt lat="39.44071" lon="20.85321">
				<ele>278.01</ele>
				<time>2026-08-06T17:33:20.259Z</time>
			</trkpt>
			<trkpt lat="39.44106" lon="20.85377">
				<ele>280.8</ele>
				<time>2026-08-06T17:33:24.206Z</time>
			</trkpt>
			<trkpt lat="39.44127" lon="20.85399">
				<ele>282.1</ele>
				<time>2026-08-06T17:33:26.116Z</time>
			</trkpt>
			<trkpt lat="39.44175" lon="20.85437">
				<ele>285.83</ele>
				<time>2026-08-06T17:33:30.081Z</time>
			</trkpt>
			<trkpt lat="39.44285" lon="20.85498">
				<ele>287.7</ele>
				<time>2026-08-06T17:33:38.458Z</time>
			</trkpt>
			<trkpt lat="39.44381" lon="20.85556">
				<ele>290.06</ele>
				<time>2026-08-06T17:33:45.811Z</time>
			</trkpt>
			<trkpt lat="39.44408" lon="20.85576">
				<ele>290.04</ele>
				<time>2026-08-06T17:33:47.959Z</time>
			</trkpt>
			<trkpt lat="39.44468" lon="20.85634">
				<ele>292.84</ele>
				<time>2026-08-06T17:33:53.109Z</time>
			</trkpt>
			<trkpt lat="39.44553" lon="20.85737">
				<ele>291.29</ele>
				<time>2026-08-06T17:34:01.061Z</time>
			</trkpt>
			<trkpt lat="39.44604" lon="20.85819">
				<ele>288.23</ele>
				<time>2026-08-06T17:34:06.576Z</time>
			</trkpt>
			<trkpt lat="39.44709" lon="20.86045">
				<ele>295.16</ele>
				<time>2026-08-06T17:34:20.254Z</time>
			</trkpt>
			<trkpt lat="39.44752" lon="20.86145">
				<ele>297.74</ele>
				<time>2026-08-06T17:34:26.131Z</time>
			</trkpt>
			<trkpt lat="39.44818" lon="20.86312">
				<ele>301.45</ele>
				<time>2026-08-06T17:34:35.689Z</time>
			</trkpt>
			<trkpt lat="39.44867" lon="20.86415">
				<ele>302.34</ele>
				<time>2026-08-06T17:34:41.806Z</time>
			</trkpt>
			<trkpt lat="39.44913" lon="20.86501">
				<ele>304.63</ele>
				<time>2026-08-06T17:34:47.066Z</time>
			</trkpt>
			<trkpt lat="39.4494" lon="20.86548">
				<ele>301.85</ele>
				<time>2026-08-06T17:34:50.000Z</time>
			</trkpt>
			<trkpt lat="39.45006" lon="20.86656">
				<ele>304.74</ele>
				<time>2026-08-06T17:34:56.867Z</time>
			</trkpt>
			<trkpt lat="39.45068" lon="20.86749">
				<ele>311.99</ele>
				<time>2026-08-06T17:35:02.955Z</time>
			</trkpt>
			<trkpt lat="39.4512" lon="20.86832">
				<ele>316.92</ele>
				<time>2026-08-06T17:35:08.225Z</time>
			</trkpt>
			<trkpt lat="39.45138" lon="20.86865">
				<ele>316.71</ele>
				<time>2026-08-06T17:35:10.210Z</time>
			</trkpt>
			<trkpt lat="39.45147" lon="20.86887">
				<ele>317.65</ele>
				<time>2026-08-06T17:35:11.432Z</time>
			</trkpt>
			<trkpt lat="39.45161" lon="20.86927">
				<ele>316.24</ele>
				<time>2026-08-06T17:35:13.584Z</time>
			</trkpt>
			<trkpt lat="39.45178" lon="20.86992">
				<ele>315.98</ele>
				<time>2026-08-06T17:35:16.939Z</time>
			</trkpt>
			<trkpt lat="39.4519" lon="20.87065">
				<ele>316.87</ele>
				<time>2026-08-06T17:35:20.576Z</time>
			</trkpt>
			<trkpt lat="39.45196" lon="20.87116">
				<ele>315.98</ele>
				<time>2026-08-06T17:35:23.084Z</time>
			</trkpt>
			<trkpt lat="39.45202" lon="20.87193">
				<ele>315.37</ele>
				<time>2026-08-06T17:35:26.836Z</time>
			</trkpt>
			<trkpt lat="39.45212" lon="20.87288">
				<ele>320.8</ele>
				<time>2026-08-06T17:35:31.468Z</time>
			</trkpt>
			<trkpt lat="39.45221" lon="20.87347">
				<ele>321.7</ele>
				<time>2026-08-06T17:35:34.365Z</time>
			</trkpt>
			<trkpt lat="39.45226" lon="20.87367">
				<ele>323.11</ele>
				<time>2026-08-06T17:35:35.375Z</time>
			</trkpt>
			<trkpt lat="39.45242" lon="20.87419">
				<ele>322.1</ele>
				<time>2026-08-06T17:35:38.063Z</time>
			</trkpt>
			<trkpt lat="39.45286" lon="20.87519">
				<ele>319.54</ele>
				<time>2026-08-06T17:35:43.573Z</time>
			</trkpt>
			<trkpt lat="39.45304" lon="20.87549">
				<ele>320.19</ele>
				<time>2026-08-06T17:35:45.386Z</time>
			</trkpt>
			<trkpt lat="39.45318" lon="20.87564">
				<ele>320.57</ele>
				<time>2026-08-06T17:35:46.508Z</time>
			</trkpt>
			<trkpt lat="39.45336" lon="20.87578">
				<ele>323.29</ele>
				<time>2026-08-06T17:35:47.803Z</time>
			</trkpt>
			<trkpt lat="39.45362" lon="20.87592">
				<ele>328.11</ele>
				<time>2026-08-06T17:35:49.538Z</time>
			</trkpt>
			<trkpt lat="39.45381" lon="20.87598">
				<ele>330.5</ele>
				<time>2026-08-06T17:35:50.742Z</time>
			</trkpt>
			<trkpt lat="39.45614" lon="20.87644">
				<ele>338.33</ele>
				<time>2026-08-06T17:36:05.169Z</time>
			</trkpt>
			<trkpt lat="39.45644" lon="20.87655">
				<ele>338.95</ele>
				<time>2026-08-06T17:36:07.067Z</time>
			</trkpt>
			<trkpt lat="39.45676" lon="20.87671">
				<ele>341.67</ele>
				<time>2026-08-06T17:36:09.152Z</time>
			</trkpt>
			<trkpt lat="39.45701" lon="20.87686">
				<ele>341.92</ele>
				<time>2026-08-06T17:36:10.825Z</time>
			</trkpt>
			<trkpt lat="39.45756" lon="20.87727">
				<ele>344.43</ele>
				<time>2026-08-06T17:36:14.670Z</time>
			</trkpt>
			<trkpt lat="39.45818" lon="20.87782">
				<ele>350</ele>
				<time>2026-08-06T17:36:19.213Z</time>
			</trkpt>
			<trkpt lat="39.45893" lon="20.87842">
				<ele>356.16</ele>
				<time>2026-08-06T17:36:24.525Z</time>
			</trkpt>
			<trkpt lat="39.45963" lon="20.87895">
				<ele>357.74</ele>
				<time>2026-08-06T17:36:29.397Z</time>
			</trkpt>
			<trkpt lat="39.46012" lon="20.87928">
				<ele>362.39</ele>
				<time>2026-08-06T17:36:32.708Z</time>
			</trkpt>
			<trkpt lat="39.46039" lon="20.87939">
				<ele>362.78</ele>
				<time>2026-08-06T17:36:34.403Z</time>
			</trkpt>
			<trkpt lat="39.46062" lon="20.87942">
				<ele>361.58</ele>
				<time>2026-08-06T17:36:35.786Z</time>
			</trkpt>
			<trkpt lat="39.46109" lon="20.87936">
				<ele>361.38</ele>
				<time>2026-08-06T17:36:38.608Z</time>
			</trkpt>
			<trkpt lat="39.46159" lon="20.87911">
				<ele>365.9</ele>
				<time>2026-08-06T17:36:41.806Z</time>
			</trkpt>
			<trkpt lat="39.46181" lon="20.87897">
				<ele>368.62</ele>
				<time>2026-08-06T17:36:43.266Z</time>
			</trkpt>
			<trkpt lat="39.46257" lon="20.8784">
				<ele>385.68</ele>
				<time>2026-08-06T17:36:48.492Z</time>
			</trkpt>
			<trkpt lat="39.46313" lon="20.87803">
				<ele>387.02</ele>
				<time>2026-08-06T17:36:52.224Z</time>
			</trkpt>
			<trkpt lat="39.46432" lon="20.87731">
				<ele>389.47</ele>
				<time>2026-08-06T17:37:00.004Z</time>
			</trkpt>
			<trkpt lat="39.46557" lon="20.87646">
				<ele>392.12</ele>
				<time>2026-08-06T17:37:08.340Z</time>
			</trkpt>
			<trkpt lat="39.46593" lon="20.87623">
				<ele>395.57</ele>
				<time>2026-08-06T17:37:10.705Z</time>
			</trkpt>
			<trkpt lat="39.46618" lon="20.87611">
				<ele>397.25</ele>
				<time>2026-08-06T17:37:12.276Z</time>
			</trkpt>
			<trkpt lat="39.46661" lon="20.87602">
				<ele>398.12</ele>
				<time>2026-08-06T17:37:14.839Z</time>
			</trkpt>
			<trkpt lat="39.46702" lon="20.87599">
				<ele>399.18</ele>
				<time>2026-08-06T17:37:17.254Z</time>
			</trkpt>
			<trkpt lat="39.46725" lon="20.87601">
				<ele>400.9</ele>
				<time>2026-08-06T17:37:18.609Z</time>
			</trkpt>
			<trkpt lat="39.46747" lon="20.87606">
				<ele>401.88</ele>
				<time>2026-08-06T17:37:19.921Z</time>
			</trkpt>
			<trkpt lat="39.46807" lon="20.87631">
				<ele>405.84</ele>
				<time>2026-08-06T17:37:23.622Z</time>
			</trkpt>
			<trkpt lat="39.46945" lon="20.87705">
				<ele>422.85</ele>
				<time>2026-08-06T17:37:32.378Z</time>
			</trkpt>
			<trkpt lat="39.46962" lon="20.87711">
				<ele>427.23</ele>
				<time>2026-08-06T17:37:33.410Z</time>
			</trkpt>
			<trkpt lat="39.46977" lon="20.87714">
				<ele>428.35</ele>
				<time>2026-08-06T17:37:34.298Z</time>
			</trkpt>
			<trkpt lat="39.47022" lon="20.87715">
				<ele>428.91</ele>
				<time>2026-08-06T17:37:36.933Z</time>
			</trkpt>
			<trkpt lat="39.47071" lon="20.87704">
				<ele>428.44</ele>
				<time>2026-08-06T17:37:39.842Z</time>
			</trkpt>
			<trkpt lat="39.47108" lon="20.87693">
				<ele>431.01</ele>
				<time>2026-08-06T17:37:42.062Z</time>
			</trkpt>
			<trkpt lat="39.47177" lon="20.87682">
				<ele>432.61</ele>
				<time>2026-08-06T17:37:46.125Z</time>
			</trkpt>
			<trkpt lat="39.47241" lon="20.87679">
				<ele>433.51</ele>
				<time>2026-08-06T17:37:49.867Z</time>
			</trkpt>
			<trkpt lat="39.47312" lon="20.87672">
				<ele>436.34</ele>
				<time>2026-08-06T17:37:54.026Z</time>
			</trkpt>
			<trkpt lat="39.47339" lon="20.87667">
				<ele>437.91</ele>
				<time>2026-08-06T17:37:55.618Z</time>
			</trkpt>
			<trkpt lat="39.47396" lon="20.87646">
				<ele>442.01</ele>
				<time>2026-08-06T17:37:59.078Z</time>
			</trkpt>
			<trkpt lat="39.4746" lon="20.87612">
				<ele>446.65</ele>
				<time>2026-08-06T17:38:03.115Z</time>
			</trkpt>
			<trkpt lat="39.47519" lon="20.8759">
				<ele>449.75</ele>
				<time>2026-08-06T17:38:06.699Z</time>
			</trkpt>
			<trkpt lat="39.47681" lon="20.87549">
				<ele>457.2</ele>
				<time>2026-08-06T17:38:16.334Z</time>
			</trkpt>
			<trkpt lat="39.47831" lon="20.87516">
				<ele>476.19</ele>
				<time>2026-08-06T17:38:25.221Z</time>
			</trkpt>
			<trkpt lat="39.47872" lon="20.87512">
				<ele>476.75</ele>
				<time>2026-08-06T17:38:27.624Z</time>
			</trkpt>
			<trkpt lat="39.47954" lon="20.8751">
				<ele>466.49</ele>
				<time>2026-08-06T17:38:32.419Z</time>
			</trkpt>
			<trkpt lat="39.47984" lon="20.87506">
				<ele>467.88</ele>
				<time>2026-08-06T17:38:34.183Z</time>
			</trkpt>
			<trkpt lat="39.48012" lon="20.87497">
				<ele>470.87</ele>
				<time>2026-08-06T17:38:35.872Z</time>
			</trkpt>
			<trkpt lat="39.48105" lon="20.87454">
				<ele>481.4</ele>
				<time>2026-08-06T17:38:41.654Z</time>
			</trkpt>
			<trkpt lat="39.48154" lon="20.87435">
				<ele>486.94</ele>
				<time>2026-08-06T17:38:44.652Z</time>
			</trkpt>
			<trkpt lat="39.48195" lon="20.87424">
				<ele>490.48</ele>
				<time>2026-08-06T17:38:47.108Z</time>
			</trkpt>
			<trkpt lat="39.48219" lon="20.87421">
				<ele>492.44</ele>
				<time>2026-08-06T17:38:48.523Z</time>
			</trkpt>
			<trkpt lat="39.48344" lon="20.87416">
				<ele>505.15</ele>
				<time>2026-08-06T17:38:55.871Z</time>
			</trkpt>
			<trkpt lat="39.48442" lon="20.87415">
				<ele>506.94</ele>
				<time>2026-08-06T17:39:01.640Z</time>
			</trkpt>
			<trkpt lat="39.48496" lon="20.8742">
				<ele>509.58</ele>
				<time>2026-08-06T17:39:04.831Z</time>
			</trkpt>
			<trkpt lat="39.48526" lon="20.87428">
				<ele>512.76</ele>
				<time>2026-08-06T17:39:06.639Z</time>
			</trkpt>
			<trkpt lat="39.48552" lon="20.87439">
				<ele>514.01</ele>
				<time>2026-08-06T17:39:08.253Z</time>
			</trkpt>
			<trkpt lat="39.48623" lon="20.87474">
				<ele>515.39</ele>
				<time>2026-08-06T17:39:12.744Z</time>
			</trkpt>
			<trkpt lat="39.48675" lon="20.87494">
				<ele>518.9</ele>
				<time>2026-08-06T17:39:15.955Z</time>
			</trkpt>
			<trkpt lat="39.48704" lon="20.87502">
				<ele>521.36</ele>
				<time>2026-08-06T17:39:17.712Z</time>
			</trkpt>
			<trkpt lat="39.48767" lon="20.87513">
				<ele>524.98</ele>
				<time>2026-08-06T17:39:21.484Z</time>
			</trkpt>
			<trkpt lat="39.48849" lon="20.87522">
				<ele>533.33</ele>
				<time>2026-08-06T17:39:26.376Z</time>
			</trkpt>
			<trkpt lat="39.48894" lon="20.87525">
				<ele>537.61</ele>
				<time>2026-08-06T17:39:29.060Z</time>
			</trkpt>
			<trkpt lat="39.48927" lon="20.87524">
				<ele>539.29</ele>
				<time>2026-08-06T17:39:31.028Z</time>
			</trkpt>
			<trkpt lat="39.48964" lon="20.87518">
				<ele>539.11</ele>
				<time>2026-08-06T17:39:33.253Z</time>
			</trkpt>
			<trkpt lat="39.48994" lon="20.8751">
				<ele>536.94</ele>
				<time>2026-08-06T17:39:35.083Z</time>
			</trkpt>
			<trkpt lat="39.49193" lon="20.87447">
				<ele>553.23</ele>
				<time>2026-08-06T17:39:47.368Z</time>
			</trkpt>
			<trkpt lat="39.4926" lon="20.8743">
				<ele>554.3</ele>
				<time>2026-08-06T17:39:51.482Z</time>
			</trkpt>
			<trkpt lat="39.49294" lon="20.87428">
				<ele>555.38</ele>
				<time>2026-08-06T17:39:53.536Z</time>
			</trkpt>
			<trkpt lat="39.49309" lon="20.87432">
				<ele>555.45</ele>
				<time>2026-08-06T17:39:54.462Z</time>
			</trkpt>
			<trkpt lat="39.49379" lon="20.8747">
				<ele>567.76</ele>
				<time>2026-08-06T17:39:59.055Z</time>
			</trkpt>
			<trkpt lat="39.49424" lon="20.87499">
				<ele>550.94</ele>
				<time>2026-08-06T17:40:02.104Z</time>
			</trkpt>
			<trkpt lat="39.4947" lon="20.87544">
				<ele>598.19</ele>
				<time>2026-08-06T17:40:05.608Z</time>
			</trkpt>
			<trkpt lat="39.49484" lon="20.87553">
				<ele>610.92</ele>
				<time>2026-08-06T17:40:06.560Z</time>
			</trkpt>
			<trkpt lat="39.49499" lon="20.87559">
				<ele>615.7</ele>
				<time>2026-08-06T17:40:07.516Z</time>
			</trkpt>
			<trkpt lat="39.4952" lon="20.87561">
				<ele>601.16</ele>
				<time>2026-08-06T17:40:08.800Z</time>
			</trkpt>
			<trkpt lat="39.49549" lon="20.87562">
				<ele>591.83</ele>
				<time>2026-08-06T17:40:10.571Z</time>
			</trkpt>
			<trkpt lat="39.49579" lon="20.87558">
				<ele>586.68</ele>
				<time>2026-08-06T17:40:12.414Z</time>
			</trkpt>
			<trkpt lat="39.49615" lon="20.87558">
				<ele>581.8</ele>
				<time>2026-08-06T17:40:14.617Z</time>
			</trkpt>
			<trkpt lat="39.49632" lon="20.87564">
				<ele>580.69</ele>
				<time>2026-08-06T17:40:15.697Z</time>
			</trkpt>
			<trkpt lat="39.4965" lon="20.87573">
				<ele>578.59</ele>
				<time>2026-08-06T17:40:16.880Z</time>
			</trkpt>
			<trkpt lat="39.49667" lon="20.87586">
				<ele>575.54</ele>
				<time>2026-08-06T17:40:18.091Z</time>
			</trkpt>
			<trkpt lat="39.49693" lon="20.87617">
				<ele>578.07</ele>
				<time>2026-08-06T17:40:20.262Z</time>
			</trkpt>
			<trkpt lat="39.49775" lon="20.87752">
				<ele>596.53</ele>
				<time>2026-08-06T17:40:28.440Z</time>
			</trkpt>
			<trkpt lat="39.49792" lon="20.87777">
				<ele>596.57</ele>
				<time>2026-08-06T17:40:30.032Z</time>
			</trkpt>
			<trkpt lat="39.49831" lon="20.87822">
				<ele>587.87</ele>
				<time>2026-08-06T17:40:33.271Z</time>
			</trkpt>
			<trkpt lat="39.49866" lon="20.87855">
				<ele>593.28</ele>
				<time>2026-08-06T17:40:35.962Z</time>
			</trkpt>
			<trkpt lat="39.49889" lon="20.8787">
				<ele>594.99</ele>
				<time>2026-08-06T17:40:37.565Z</time>
			</trkpt>
			<trkpt lat="39.49962" lon="20.87912">
				<ele>604.23</ele>
				<time>2026-08-06T17:40:42.553Z</time>
			</trkpt>
			<trkpt lat="39.50031" lon="20.87948">
				<ele>609.84</ele>
				<time>2026-08-06T17:40:47.216Z</time>
			</trkpt>
			<trkpt lat="39.50055" lon="20.87963">
				<ele>611.67</ele>
				<time>2026-08-06T17:40:48.890Z</time>
			</trkpt>
			<trkpt lat="39.50097" lon="20.87993">
				<ele>613.81</ele>
				<time>2026-08-06T17:40:51.911Z</time>
			</trkpt>
			<trkpt lat="39.50167" lon="20.88062">
				<ele>619.54</ele>
				<time>2026-08-06T17:40:57.470Z</time>
			</trkpt>
			<trkpt lat="39.50182" lon="20.88082">
				<ele>621.51</ele>
				<time>2026-08-06T17:40:58.835Z</time>
			</trkpt>
			<trkpt lat="39.50209" lon="20.88122">
				<ele>619.88</ele>
				<time>2026-08-06T17:41:01.439Z</time>
			</trkpt>
			<trkpt lat="39.50266" lon="20.88221">
				<ele>614.78</ele>
				<time>2026-08-06T17:41:07.516Z</time>
			</trkpt>
			<trkpt lat="39.50309" lon="20.88303">
				<ele>600.43</ele>
				<time>2026-08-06T17:41:12.417Z</time>
			</trkpt>
			<trkpt lat="39.50335" lon="20.88341">
				<ele>600.89</ele>
				<time>2026-08-06T17:41:14.937Z</time>
			</trkpt>
			<trkpt lat="39.5035" lon="20.88357">
				<ele>595.93</ele>
				<time>2026-08-06T17:41:16.188Z</time>
			</trkpt>
			<trkpt lat="39.50368" lon="20.8837">
				<ele>593.64</ele>
				<time>2026-08-06T17:41:17.517Z</time>
			</trkpt>
			<trkpt lat="39.50434" lon="20.884">
				<ele>591.18</ele>
				<time>2026-08-06T17:41:22.039Z</time>
			</trkpt>
			<trkpt lat="39.5046" lon="20.88415">
				<ele>589.08</ele>
				<time>2026-08-06T17:41:23.884Z</time>
			</trkpt>
			<trkpt lat="39.50485" lon="20.8844">
				<ele>589.01</ele>
				<time>2026-08-06T17:41:25.936Z</time>
			</trkpt>
			<trkpt lat="39.50496" lon="20.88456">
				<ele>589.28</ele>
				<time>2026-08-06T17:41:27.012Z</time>
			</trkpt>
			<trkpt lat="39.50504" lon="20.88479">
				<ele>589.92</ele>
				<time>2026-08-06T17:41:28.280Z</time>
			</trkpt>
			<trkpt lat="39.5051" lon="20.88504">
				<ele>589.69</ele>
				<time>2026-08-06T17:41:29.597Z</time>
			</trkpt>
			<trkpt lat="39.50514" lon="20.88536">
				<ele>589.32</ele>
				<time>2026-08-06T17:41:31.231Z</time>
			</trkpt>
			<trkpt lat="39.50517" lon="20.88643">
				<ele>586.33</ele>
				<time>2026-08-06T17:41:36.645Z</time>
			</trkpt>
			<trkpt lat="39.50527" lon="20.88715">
				<ele>581.51</ele>
				<time>2026-08-06T17:41:40.361Z</time>
			</trkpt>
			<trkpt lat="39.50535" lon="20.8875">
				<ele>581.89</ele>
				<time>2026-08-06T17:41:42.221Z</time>
			</trkpt>
			<trkpt lat="39.5055" lon="20.88789">
				<ele>580.57</ele>
				<time>2026-08-06T17:41:44.445Z</time>
			</trkpt>
			<trkpt lat="39.50576" lon="20.88834">
				<ele>576.33</ele>
				<time>2026-08-06T17:41:47.321Z</time>
			</trkpt>
			<trkpt lat="39.506" lon="20.88864">
				<ele>573.8</ele>
				<time>2026-08-06T17:41:49.538Z</time>
			</trkpt>
			<trkpt lat="39.50632" lon="20.88893">
				<ele>574.66</ele>
				<time>2026-08-06T17:41:52.141Z</time>
			</trkpt>
			<trkpt lat="39.50653" lon="20.88906">
				<ele>573.15</ele>
				<time>2026-08-06T17:41:53.695Z</time>
			</trkpt>
			<trkpt lat="39.50685" lon="20.8892">
				<ele>566.79</ele>
				<time>2026-08-06T17:41:55.955Z</time>
			</trkpt>
			<trkpt lat="39.50719" lon="20.88929">
				<ele>562.02</ele>
				<time>2026-08-06T17:41:58.283Z</time>
			</trkpt>
			<trkpt lat="39.50736" lon="20.8893">
				<ele>563.04</ele>
				<time>2026-08-06T17:41:59.427Z</time>
			</trkpt>
			<trkpt lat="39.50827" lon="20.88926">
				<ele>565.67</ele>
				<time>2026-08-06T17:42:05.568Z</time>
			</trkpt>
			<trkpt lat="39.51234" lon="20.88898">
				<ele>541.45</ele>
				<time>2026-08-06T17:42:33.557Z</time>
			</trkpt>
			<trkpt lat="39.51322" lon="20.88883">
				<ele>540.17</ele>
				<time>2026-08-06T17:42:39.766Z</time>
			</trkpt>
			<trkpt lat="39.51361" lon="20.88872">
				<ele>535.96</ele>
				<time>2026-08-06T17:42:42.571Z</time>
			</trkpt>
			<trkpt lat="39.51428" lon="20.88844">
				<ele>532.71</ele>
				<time>2026-08-06T17:42:47.540Z</time>
			</trkpt>
			<trkpt lat="39.51511" lon="20.88806">
				<ele>527.61</ele>
				<time>2026-08-06T17:42:53.793Z</time>
			</trkpt>
			<trkpt lat="39.51916" lon="20.88612">
				<ele>512.03</ele>
				<time>2026-08-06T17:43:25.107Z</time>
			</trkpt>
			<trkpt lat="39.52258" lon="20.88442">
				<ele>509.88</ele>
				<time>2026-08-06T17:43:52.566Z</time>
			</trkpt>
			<trkpt lat="39.52361" lon="20.88393">
				<ele>503.87</ele>
				<time>2026-08-06T17:44:00.960Z</time>
			</trkpt>
			<trkpt lat="39.52892" lon="20.88132">
				<ele>504.9</ele>
				<time>2026-08-06T17:44:45.740Z</time>
			</trkpt>
			<trkpt lat="39.52962" lon="20.881">
				<ele>510.01</ele>
				<time>2026-08-06T17:44:51.765Z</time>
			</trkpt>
			<trkpt lat="39.53066" lon="20.88066">
				<ele>508.04</ele>
				<time>2026-08-06T17:45:00.545Z</time>
			</trkpt>
			<trkpt lat="39.53208" lon="20.88023">
				<ele>507.64</ele>
				<time>2026-08-06T17:45:12.622Z</time>
			</trkpt>
			<trkpt lat="39.53305" lon="20.8799">
				<ele>512.29</ele>
				<time>2026-08-06T17:45:21.025Z</time>
			</trkpt>
			<trkpt lat="39.53509" lon="20.87936">
				<ele>498.79</ele>
				<time>2026-08-06T17:45:38.726Z</time>
			</trkpt>
			<trkpt lat="39.53633" lon="20.879">
				<ele>498.68</ele>
				<time>2026-08-06T17:45:49.703Z</time>
			</trkpt>
			<trkpt lat="39.53671" lon="20.87898">
				<ele>497.34</ele>
				<time>2026-08-06T17:45:53.015Z</time>
			</trkpt>
			<trkpt lat="39.53676" lon="20.87905">
				<ele>497.58</ele>
				<time>2026-08-06T17:45:53.657Z</time>
			</trkpt>
			<trkpt lat="39.53682" lon="20.8791">
				<ele>497.76</ele>
				<time>2026-08-06T17:45:54.280Z</time>
			</trkpt>
			<trkpt lat="39.53694" lon="20.87912">
				<ele>497.85</ele>
				<time>2026-08-06T17:45:55.337Z</time>
			</trkpt>
			<trkpt lat="39.53705" lon="20.87907">
				<ele>497.39</ele>
				<time>2026-08-06T17:45:56.357Z</time>
			</trkpt>
			<trkpt lat="39.53713" lon="20.87894">
				<ele>497.06</ele>
				<time>2026-08-06T17:45:57.481Z</time>
			</trkpt>
			<trkpt lat="39.53736" lon="20.87875">
				<ele>497.04</ele>
				<time>2026-08-06T17:45:59.875Z</time>
			</trkpt>
			<trkpt lat="39.53748" lon="20.87869">
				<ele>497.24</ele>
				<time>2026-08-06T17:46:01.006Z</time>
			</trkpt>
			<trkpt lat="39.53847" lon="20.87841">
				<ele>493.78</ele>
				<time>2026-08-06T17:46:09.323Z</time>
			</trkpt>
			<trkpt lat="39.53881" lon="20.87832">
				<ele>492.99</ele>
				<time>2026-08-06T17:46:11.905Z</time>
			</trkpt>
			<trkpt lat="39.54019" lon="20.87785">
				<ele>493.27</ele>
				<time>2026-08-06T17:46:21.687Z</time>
			</trkpt>
			<trkpt lat="39.54202" lon="20.87717">
				<ele>492.1</ele>
				<time>2026-08-06T17:46:34.638Z</time>
			</trkpt>
			<trkpt lat="39.54243" lon="20.87699">
				<ele>492.04</ele>
				<time>2026-08-06T17:46:37.891Z</time>
			</trkpt>
			<trkpt lat="39.54349" lon="20.87662">
				<ele>492.04</ele>
				<time>2026-08-06T17:46:47.146Z</time>
			</trkpt>
			<trkpt lat="39.54396" lon="20.87643">
				<ele>491.43</ele>
				<time>2026-08-06T17:46:51.899Z</time>
			</trkpt>
			<trkpt lat="39.54511" lon="20.87606">
				<ele>486.32</ele>
				<time>2026-08-06T17:47:05.340Z</time>
			</trkpt>
			<trkpt lat="39.54691" lon="20.87534">
				<ele>490.81</ele>
				<time>2026-08-06T17:47:34.282Z</time>
			</trkpt>
			<trkpt lat="39.54686" lon="20.87549">
				<ele>490.62</ele>
				<time>2026-08-06T17:47:36.619Z</time>
			</trkpt>
			<trkpt lat="39.5468" lon="20.87554">
				<ele>490.47</ele>
				<time>2026-08-06T17:47:37.966Z</time>
			</trkpt>
			<trkpt lat="39.54574" lon="20.8759">
				<ele>487.44</ele>
				<time>2026-08-06T17:48:06.093Z</time>
			</trkpt>
			<trkpt lat="39.54544" lon="20.87605">
				<ele>488.31</ele>
				<time>2026-08-06T17:48:26.695Z</time>
			</trkpt>
			<trkpt lat="39.54574" lon="20.8759">
				<ele>487.44</ele>
				<time>2026-08-06T17:48:51.520Z</time>
			</trkpt>
			<trkpt lat="39.5468" lon="20.87554">
				<ele>490.47</ele>
				<time>2026-08-06T17:50:02.534Z</time>
			</trkpt>
			<trkpt lat="39.54686" lon="20.87549">
				<ele>490.62</ele>
				<time>2026-08-06T17:50:06.481Z</time>
			</trkpt>
			<trkpt lat="39.54691" lon="20.87534">
				<ele>490.81</ele>
				<time>2026-08-06T17:50:13.341Z</time>
			</trkpt>
			<trkpt lat="39.54844" lon="20.8746">
				<ele>489.01</ele>
				<time>2026-08-06T17:51:04.981Z</time>
			</trkpt>
			<trkpt lat="39.54992" lon="20.87377">
				<ele>494</ele>
				<time>2026-08-06T17:51:30.868Z</time>
			</trkpt>
			<trkpt lat="39.5508" lon="20.87328">
				<ele>491.45</ele>
				<time>2026-08-06T17:51:43.602Z</time>
			</trkpt>
			<trkpt lat="39.55128" lon="20.87301">
				<ele>489.89</ele>
				<time>2026-08-06T17:51:49.842Z</time>
			</trkpt>
			<trkpt lat="39.55191" lon="20.8726">
				<ele>489.81</ele>
				<time>2026-08-06T17:51:57.538Z</time>
			</trkpt>
			<trkpt lat="39.55603" lon="20.86964">
				<ele>491.13</ele>
				<time>2026-08-06T17:52:35.260Z</time>
			</trkpt>
			<trkpt lat="39.55771" lon="20.86873">
				<ele>487.32</ele>
				<time>2026-08-06T17:52:47.561Z</time>
			</trkpt>
			<trkpt lat="39.55825" lon="20.8684">
				<ele>486.98</ele>
				<time>2026-08-06T17:52:51.808Z</time>
			</trkpt>
			<trkpt lat="39.55841" lon="20.86834">
				<ele>487.91</ele>
				<time>2026-08-06T17:52:53.028Z</time>
			</trkpt>
			<trkpt lat="39.55886" lon="20.86808">
				<ele>490.64</ele>
				<time>2026-08-06T17:52:56.743Z</time>
			</trkpt>
			<trkpt lat="39.55917" lon="20.86792">
				<ele>489.57</ele>
				<time>2026-08-06T17:52:59.364Z</time>
			</trkpt>
			<trkpt lat="39.55929" lon="20.86788">
				<ele>490.34</ele>
				<time>2026-08-06T17:53:00.362Z</time>
			</trkpt>
			<trkpt lat="39.5594" lon="20.8679">
				<ele>491.2</ele>
				<time>2026-08-06T17:53:01.267Z</time>
			</trkpt>
			<trkpt lat="39.5595" lon="20.86796">
				<ele>492.14</ele>
				<time>2026-08-06T17:53:02.177Z</time>
			</trkpt>
			<trkpt lat="39.55961" lon="20.86794">
				<ele>492.84</ele>
				<time>2026-08-06T17:53:03.107Z</time>
			</trkpt>
			<trkpt lat="39.55969" lon="20.86784">
				<ele>493.04</ele>
				<time>2026-08-06T17:53:04.049Z</time>
			</trkpt>
			<trkpt lat="39.55971" lon="20.8677">
				<ele>492.65</ele>
				<time>2026-08-06T17:53:04.992Z</time>
			</trkpt>
			<trkpt lat="39.5599" lon="20.86752">
				<ele>493.45</ele>
				<time>2026-08-06T17:53:07.057Z</time>
			</trkpt>
			<trkpt lat="39.56038" lon="20.86721">
				<ele>495.13</ele>
				<time>2026-08-06T17:53:11.971Z</time>
			</trkpt>
			<trkpt lat="39.56075" lon="20.86703">
				<ele>497.87</ele>
				<time>2026-08-06T17:53:15.634Z</time>
			</trkpt>
			<trkpt lat="39.56095" lon="20.86697">
				<ele>497.77</ele>
				<time>2026-08-06T17:53:17.536Z</time>
			</trkpt>
			<trkpt lat="39.5666" lon="20.86567">
				<ele>505.04</ele>
				<time>2026-08-06T17:54:10.296Z</time>
			</trkpt>
			<trkpt lat="39.56872" lon="20.86506">
				<ele>493.87</ele>
				<time>2026-08-06T17:54:29.849Z</time>
			</trkpt>
			<trkpt lat="39.57016" lon="20.86459">
				<ele>497.55</ele>
				<time>2026-08-06T17:54:43.016Z</time>
			</trkpt>
			<trkpt lat="39.57386" lon="20.86393">
				<ele>492.58</ele>
				<time>2026-08-06T17:55:15.189Z</time>
			</trkpt>
			<trkpt lat="39.57526" lon="20.86371">
				<ele>489</ele>
				<time>2026-08-06T17:55:26.916Z</time>
			</trkpt>
			<trkpt lat="39.57779" lon="20.86339">
				<ele>485.75</ele>
				<time>2026-08-06T17:55:47.359Z</time>
			</trkpt>
			<trkpt lat="39.58021" lon="20.86314">
				<ele>484.75</ele>
				<time>2026-08-06T17:56:05.935Z</time>
			</trkpt>
			<trkpt lat="39.58032" lon="20.86336">
				<ele>484</ele>
				<time>2026-08-06T17:56:07.436Z</time>
			</trkpt>
			<trkpt lat="39.58055" lon="20.86394">
				<ele>484</ele>
				<time>2026-08-06T17:56:11.137Z</time>
			</trkpt>
			<trkpt lat="39.58111" lon="20.86513">
				<ele>485.49</ele>
				<time>2026-08-06T17:56:18.846Z</time>
			</trkpt>
			<trkpt lat="39.58253" lon="20.86806">
				<ele>481.22</ele>
				<time>2026-08-06T17:56:36.619Z</time>
			</trkpt>
			<trkpt lat="39.58271" lon="20.86838">
				<ele>483.2</ele>
				<time>2026-08-06T17:56:38.562Z</time>
			</trkpt>
			<trkpt lat="39.58283" lon="20.86849">
				<ele>483.31</ele>
				<time>2026-08-06T17:56:39.493Z</time>
			</trkpt>
			<trkpt lat="39.58416" lon="20.86937">
				<ele>480.03</ele>
				<time>2026-08-06T17:56:48.821Z</time>
			</trkpt>
			<trkpt lat="39.58647" lon="20.87096">
				<ele>479.85</ele>
				<time>2026-08-06T17:57:05.037Z</time>
			</trkpt>
			<trkpt lat="39.58743" lon="20.87165">
				<ele>482.23</ele>
				<time>2026-08-06T17:57:11.996Z</time>
			</trkpt>
			<trkpt lat="39.58774" lon="20.87186">
				<ele>482.07</ele>
				<time>2026-08-06T17:57:14.253Z</time>
			</trkpt>
			<trkpt lat="39.58798" lon="20.87038">
				<ele>481.24</ele>
				<time>2026-08-06T17:57:21.944Z</time>
			</trkpt>
			<trkpt lat="39.58824" lon="20.86898">
				<ele>481.3</ele>
				<time>2026-08-06T17:57:29.085Z</time>
			</trkpt>
			<trkpt lat="39.58848" lon="20.86731">
				<ele>483.21</ele>
				<time>2026-08-06T17:57:37.204Z</time>
			</trkpt>
			<trkpt lat="39.58861" lon="20.86612">
				<ele>481.98</ele>
				<time>2026-08-06T17:57:42.982Z</time>
			</trkpt>
			<trkpt lat="39.58883" lon="20.86431">
				<ele>481.66</ele>
				<time>2026-08-06T17:57:52.252Z</time>
			</trkpt>
			<trkpt lat="39.58903" lon="20.86241">
				<ele>484.36</ele>
				<time>2026-08-06T17:58:03.101Z</time>
			</trkpt>
			<trkpt lat="39.58911" lon="20.86209">
				<ele>484.38</ele>
				<time>2026-08-06T17:58:05.173Z</time>
			</trkpt>
			<trkpt lat="39.58916" lon="20.86199">
				<ele>484.78</ele>
				<time>2026-08-06T17:58:05.921Z</time>
			</trkpt>
			<trkpt lat="39.58923" lon="20.8619">
				<ele>485.17</ele>
				<time>2026-08-06T17:58:06.732Z</time>
			</trkpt>
			<trkpt lat="39.58936" lon="20.86186">
				<ele>485.5</ele>
				<time>2026-08-06T17:58:07.846Z</time>
			</trkpt>
			<trkpt lat="39.59009" lon="20.86184">
				<ele>482.01</ele>
				<time>2026-08-06T17:58:14.248Z</time>
			</trkpt>
			<trkpt lat="39.59104" lon="20.86192">
				<ele>483.45</ele>
				<time>2026-08-06T17:58:24.132Z</time>
			</trkpt>
			<trkpt lat="39.59415" lon="20.86236">
				<ele>475.48</ele>
				<time>2026-08-06T17:59:06.977Z</time>
			</trkpt>
			<trkpt lat="39.59517" lon="20.86242">
				<ele>478.52</ele>
				<time>2026-08-06T17:59:21.416Z</time>
			</trkpt>
			<trkpt lat="39.59521" lon="20.86247">
				<ele>478.76</ele>
				<time>2026-08-06T17:59:22.173Z</time>
			</trkpt>
			<trkpt lat="39.59532" lon="20.86251">
				<ele>479.18</ele>
				<time>2026-08-06T17:59:23.718Z</time>
			</trkpt>
			<trkpt lat="39.59586" lon="20.86237">
				<ele>478.47</ele>
				<time>2026-08-06T17:59:30.895Z</time>
			</trkpt>
			<trkpt lat="39.59615" lon="20.86235">
				<ele>478</ele>
				<time>2026-08-06T17:59:34.468Z</time>
			</trkpt>
			<trkpt lat="39.59626" lon="20.86238">
				<ele>478</ele>
				<time>2026-08-06T17:59:35.817Z</time>
			</trkpt>
			<trkpt lat="39.59635" lon="20.86243">
				<ele>478</ele>
				<time>2026-08-06T17:59:36.990Z</time>
			</trkpt>
			<trkpt lat="39.59645" lon="20.86255">
				<ele>477.95</ele>
				<time>2026-08-06T17:59:38.619Z</time>
			</trkpt>
			<trkpt lat="39.59654" lon="20.86261">
				<ele>477.84</ele>
				<time>2026-08-06T17:59:39.825Z</time>
			</trkpt>
			<trkpt lat="39.59664" lon="20.8626">
				<ele>477.46</ele>
				<time>2026-08-06T17:59:41.019Z</time>
			</trkpt>
			<trkpt lat="39.59672" lon="20.86253">
				<ele>477.1</ele>
				<time>2026-08-06T17:59:42.164Z</time>
			</trkpt>
			<trkpt lat="39.59674" lon="20.86248">
				<ele>477</ele>
				<time>2026-08-06T17:59:42.678Z</time>
			</trkpt>
			<trkpt lat="39.59689" lon="20.86238">
				<ele>477</ele>
				<time>2026-08-06T17:59:44.671Z</time>
			</trkpt>
			<trkpt lat="39.59703" lon="20.86234">
				<ele>477.92</ele>
				<time>2026-08-06T17:59:46.357Z</time>
			</trkpt>
			<trkpt lat="39.59744" lon="20.8623">
				<ele>480.15</ele>
				<time>2026-08-06T17:59:51.150Z</time>
			</trkpt>
			<trkpt lat="39.59871" lon="20.86225">
				<ele>481.61</ele>
				<time>2026-08-06T18:00:05.443Z</time>
			</trkpt>
			<trkpt lat="39.599" lon="20.86223">
				<ele>480.35</ele>
				<time>2026-08-06T18:00:08.576Z</time>
			</trkpt>
			<trkpt lat="39.60149" lon="20.86214">
				<ele>479.09</ele>
				<time>2026-08-06T18:00:33.390Z</time>
			</trkpt>
			<trkpt lat="39.60157" lon="20.86214">
				<ele>479.4</ele>
				<time>2026-08-06T18:00:34.155Z</time>
			</trkpt>
			<trkpt lat="39.60183" lon="20.86214">
				<ele>480.91</ele>
				<time>2026-08-06T18:00:36.631Z</time>
			</trkpt>
			<trkpt lat="39.60228" lon="20.8621">
				<ele>481.66</ele>
				<time>2026-08-06T18:00:40.895Z</time>
			</trkpt>
			<trkpt lat="39.6029" lon="20.86198">
				<ele>479.78</ele>
				<time>2026-08-06T18:00:46.755Z</time>
			</trkpt>
			<trkpt lat="39.6061" lon="20.86123">
				<ele>475.03</ele>
				<time>2026-08-06T18:01:16.010Z</time>
			</trkpt>
			<trkpt lat="39.60667" lon="20.86113">
				<ele>474.91</ele>
				<time>2026-08-06T18:01:21.005Z</time>
			</trkpt>
			<trkpt lat="39.60709" lon="20.86108">
				<ele>474.58</ele>
				<time>2026-08-06T18:01:24.637Z</time>
			</trkpt>
			<trkpt lat="39.60751" lon="20.86106">
				<ele>474.23</ele>
				<time>2026-08-06T18:01:28.232Z</time>
			</trkpt>
			<trkpt lat="39.60838" lon="20.86108">
				<ele>478.73</ele>
				<time>2026-08-06T18:01:35.598Z</time>
			</trkpt>
			<trkpt lat="39.60972" lon="20.86125">
				<ele>477.51</ele>
				<time>2026-08-06T18:01:46.813Z</time>
			</trkpt>
			<trkpt lat="39.61075" lon="20.86135">
				<ele>476.96</ele>
				<time>2026-08-06T18:01:55.281Z</time>
			</trkpt>
			<trkpt lat="39.61408" lon="20.86147">
				<ele>476</ele>
				<time>2026-08-06T18:02:21.954Z</time>
			</trkpt>
			<trkpt lat="39.61438" lon="20.86151">
				<ele>476.34</ele>
				<time>2026-08-06T18:02:24.331Z</time>
			</trkpt>
			<trkpt lat="39.61665" lon="20.86196">
				<ele>475.91</ele>
				<time>2026-08-06T18:02:42.292Z</time>
			</trkpt>
			<trkpt lat="39.61738" lon="20.86206">
				<ele>475.16</ele>
				<time>2026-08-06T18:02:47.997Z</time>
			</trkpt>
			<trkpt lat="39.61797" lon="20.86207">
				<ele>476.74</ele>
				<time>2026-08-06T18:02:52.576Z</time>
			</trkpt>
			<trkpt lat="39.61855" lon="20.86201">
				<ele>475.19</ele>
				<time>2026-08-06T18:02:57.088Z</time>
			</trkpt>
			<trkpt lat="39.61899" lon="20.86194">
				<ele>474.99</ele>
				<time>2026-08-06T18:03:00.524Z</time>
			</trkpt>
			<trkpt lat="39.62223" lon="20.86113">
				<ele>477.86</ele>
				<time>2026-08-06T18:03:26.182Z</time>
			</trkpt>
			<trkpt lat="39.62237" lon="20.86113">
				<ele>477.42</ele>
				<time>2026-08-06T18:03:27.278Z</time>
			</trkpt>
			<trkpt lat="39.62244" lon="20.86114">
				<ele>477.18</ele>
				<time>2026-08-06T18:03:27.829Z</time>
			</trkpt>
			<trkpt lat="39.62247" lon="20.86118">
				<ele>477.05</ele>
				<time>2026-08-06T18:03:28.166Z</time>
			</trkpt>
			<trkpt lat="39.62256" lon="20.86121">
				<ele>476.9</ele>
				<time>2026-08-06T18:03:28.894Z</time>
			</trkpt>
			<trkpt lat="39.62265" lon="20.86117">
				<ele>476.86</ele>
				<time>2026-08-06T18:03:29.640Z</time>
			</trkpt>
			<trkpt lat="39.62271" lon="20.86108">
				<ele>477.09</ele>
				<time>2026-08-06T18:03:30.359Z</time>
			</trkpt>
			<trkpt lat="39.62273" lon="20.86096">
				<ele>477.52</ele>
				<time>2026-08-06T18:03:31.101Z</time>
			</trkpt>
			<trkpt lat="39.62272" lon="20.8609">
				<ele>477.74</ele>
				<time>2026-08-06T18:03:31.472Z</time>
			</trkpt>
			<trkpt lat="39.62266" lon="20.8608">
				<ele>478</ele>
				<time>2026-08-06T18:03:32.239Z</time>
			</trkpt>
			<trkpt lat="39.6226" lon="20.86077">
				<ele>478</ele>
				<time>2026-08-06T18:03:32.744Z</time>
			</trkpt>
			<trkpt lat="39.62249" lon="20.86064">
				<ele>478.01</ele>
				<time>2026-08-06T18:03:33.914Z</time>
			</trkpt>
			<trkpt lat="39.62241" lon="20.86046">
				<ele>478.3</ele>
				<time>2026-08-06T18:03:35.174Z</time>
			</trkpt>
			<trkpt lat="39.62208" lon="20.85913">
				<ele>479.45</ele>
				<time>2026-08-06T18:03:43.616Z</time>
			</trkpt>
			<trkpt lat="39.62202" lon="20.85878">
				<ele>479</ele>
				<time>2026-08-06T18:03:45.816Z</time>
			</trkpt>
			<trkpt lat="39.6219" lon="20.85745">
				<ele>478.54</ele>
				<time>2026-08-06T18:03:53.993Z</time>
			</trkpt>
			<trkpt lat="39.62189" lon="20.85692">
				<ele>477.56</ele>
				<time>2026-08-06T18:03:57.216Z</time>
			</trkpt>
			<trkpt lat="39.62194" lon="20.85643">
				<ele>476.15</ele>
				<time>2026-08-06T18:04:00.216Z</time>
			</trkpt>
			<trkpt lat="39.62252" lon="20.85385">
				<ele>476</ele>
				<time>2026-08-06T18:04:16.479Z</time>
			</trkpt>
			<trkpt lat="39.62268" lon="20.85336">
				<ele>475.4</ele>
				<time>2026-08-06T18:04:19.699Z</time>
			</trkpt>
			<trkpt lat="39.62284" lon="20.853">
				<ele>475</ele>
				<time>2026-08-06T18:04:22.216Z</time>
			</trkpt>
			<trkpt lat="39.62288" lon="20.85291">
				<ele>475</ele>
				<time>2026-08-06T18:04:22.845Z</time>
			</trkpt>
			<trkpt lat="39.623" lon="20.85276">
				<ele>475</ele>
				<time>2026-08-06T18:04:24.156Z</time>
			</trkpt>
			<trkpt lat="39.62307" lon="20.85264">
				<ele>475</ele>
				<time>2026-08-06T18:04:25.069Z</time>
			</trkpt>
			<trkpt lat="39.62351" lon="20.85176">
				<ele>475</ele>
				<time>2026-08-06T18:04:31.442Z</time>
			</trkpt>
			<trkpt lat="39.62363" lon="20.85139">
				<ele>475.96</ele>
				<time>2026-08-06T18:04:33.888Z</time>
			</trkpt>
			<trkpt lat="39.62366" lon="20.8512">
				<ele>476</ele>
				<time>2026-08-06T18:04:35.072Z</time>
			</trkpt>
			<trkpt lat="39.62367" lon="20.8509">
				<ele>476.58</ele>
				<time>2026-08-06T18:04:36.906Z</time>
			</trkpt>
			<trkpt lat="39.62356" lon="20.84895">
				<ele>477.95</ele>
				<time>2026-08-06T18:04:48.936Z</time>
			</trkpt>
			<trkpt lat="39.62355" lon="20.84851">
				<ele>479.28</ele>
				<time>2026-08-06T18:04:51.669Z</time>
			</trkpt>
			<trkpt lat="39.62358" lon="20.84808">
				<ele>480.08</ele>
				<time>2026-08-06T18:04:54.359Z</time>
			</trkpt>
			<trkpt lat="39.62368" lon="20.84766">
				<ele>479</ele>
				<time>2026-08-06T18:04:57.110Z</time>
			</trkpt>
			<trkpt lat="39.6238" lon="20.8473">
				<ele>479</ele>
				<time>2026-08-06T18:04:59.574Z</time>
			</trkpt>
			<trkpt lat="39.6239" lon="20.84708">
				<ele>479.05</ele>
				<time>2026-08-06T18:05:01.185Z</time>
			</trkpt>
			<trkpt lat="39.62414" lon="20.84665">
				<ele>479.9</ele>
				<time>2026-08-06T18:05:04.546Z</time>
			</trkpt>
			<trkpt lat="39.62426" lon="20.84648">
				<ele>479.87</ele>
				<time>2026-08-06T18:05:06.012Z</time>
			</trkpt>
			<trkpt lat="39.62448" lon="20.84625">
				<ele>480.49</ele>
				<time>2026-08-06T18:05:08.351Z</time>
			</trkpt>
			<trkpt lat="39.62475" lon="20.84602">
				<ele>481.26</ele>
				<time>2026-08-06T18:05:11.038Z</time>
			</trkpt>
			<trkpt lat="39.62565" lon="20.8454">
				<ele>478.65</ele>
				<time>2026-08-06T18:05:19.610Z</time>
			</trkpt>
			<trkpt lat="39.62644" lon="20.84472">
				<ele>477.57</ele>
				<time>2026-08-06T18:05:27.729Z</time>
			</trkpt>
			<trkpt lat="39.62701" lon="20.84418">
				<ele>477.88</ele>
				<time>2026-08-06T18:05:33.871Z</time>
			</trkpt>
			<trkpt lat="39.62708" lon="20.84402">
				<ele>478.5</ele>
				<time>2026-08-06T18:05:35.116Z</time>
			</trkpt>
			<trkpt lat="39.62818" lon="20.84281">
				<ele>476.22</ele>
				<time>2026-08-06T18:05:48.000Z</time>
			</trkpt>
			<trkpt lat="39.63012" lon="20.8406">
				<ele>477</ele>
				<time>2026-08-06T18:06:12.209Z</time>
			</trkpt>
			<trkpt lat="39.63066" lon="20.84002">
				<ele>479.01</ele>
				<time>2026-08-06T18:06:19.071Z</time>
			</trkpt>
			<trkpt lat="39.63125" lon="20.83941">
				<ele>479.04</ele>
				<time>2026-08-06T18:06:26.606Z</time>
			</trkpt>
			<trkpt lat="39.63174" lon="20.83897">
				<ele>478.62</ele>
				<time>2026-08-06T18:06:32.673Z</time>
			</trkpt>
			<trkpt lat="39.6323" lon="20.83851">
				<ele>478.89</ele>
				<time>2026-08-06T18:06:39.547Z</time>
			</trkpt>
			<trkpt lat="39.63265" lon="20.83827">
				<ele>478.64</ele>
				<time>2026-08-06T18:06:43.718Z</time>
			</trkpt>
			<trkpt lat="39.63342" lon="20.8378">
				<ele>480.35</ele>
				<time>2026-08-06T18:06:52.854Z</time>
			</trkpt>
			<trkpt lat="39.63356" lon="20.83801">
				<ele>479.33</ele>
				<time>2026-08-06T18:06:55.189Z</time>
			</trkpt>
			<trkpt lat="39.63405" lon="20.8382">
				<ele>479.12</ele>
				<time>2026-08-06T18:07:00.833Z</time>
			</trkpt>
			<trkpt lat="39.6341" lon="20.8379">
				<ele>478.57</ele>
				<time>2026-08-06T18:07:03.473Z</time>
			</trkpt>
			<trkpt lat="39.63415" lon="20.83779">
				<ele>478.1</ele>
				<time>2026-08-06T18:07:04.594Z</time>
			</trkpt>
			<trkpt lat="39.63425" lon="20.83766">
				<ele>477.68</ele>
				<time>2026-08-06T18:07:06.451Z</time>
			</trkpt>
			<trkpt lat="39.63432" lon="20.83761">
				<ele>477.44</ele>
				<time>2026-08-06T18:07:07.592Z</time>
			</trkpt>
			<trkpt lat="39.63558" lon="20.8371">
				<ele>475.66</ele>
				<time>2026-08-06T18:07:21.337Z</time>
			</trkpt>
			<trkpt lat="39.63839" lon="20.83606">
				<ele>480.94</ele>
				<time>2026-08-06T18:07:43.677Z</time>
			</trkpt>
			<trkpt lat="39.63945" lon="20.83576">
				<ele>479.25</ele>
				<time>2026-08-06T18:07:50.724Z</time>
			</trkpt>
			<trkpt lat="39.63988" lon="20.83561">
				<ele>479.9</ele>
				<time>2026-08-06T18:07:53.452Z</time>
			</trkpt>
			<trkpt lat="39.64081" lon="20.83525">
				<ele>481.06</ele>
				<time>2026-08-06T18:07:59.103Z</time>
			</trkpt>
			<trkpt lat="39.64445" lon="20.83391">
				<ele>479.88</ele>
				<time>2026-08-06T18:08:18.248Z</time>
			</trkpt>
			<trkpt lat="39.64598" lon="20.83342">
				<ele>479.87</ele>
				<time>2026-08-06T18:08:25.424Z</time>
			</trkpt>
			<trkpt lat="39.64609" lon="20.83341">
				<ele>480.59</ele>
				<time>2026-08-06T18:08:25.919Z</time>
			</trkpt>
			<trkpt lat="39.64614" lon="20.83342">
				<ele>480.57</ele>
				<time>2026-08-06T18:08:26.146Z</time>
			</trkpt>
			<trkpt lat="39.64624" lon="20.83348">
				<ele>480.23</ele>
				<time>2026-08-06T18:08:26.640Z</time>
			</trkpt>
			<trkpt lat="39.64647" lon="20.83367">
				<ele>479.82</ele>
				<time>2026-08-06T18:08:27.861Z</time>
			</trkpt>
			<trkpt lat="39.64659" lon="20.83369">
				<ele>479.92</ele>
				<time>2026-08-06T18:08:28.402Z</time>
			</trkpt>
			<trkpt lat="39.64675" lon="20.83365">
				<ele>480.33</ele>
				<time>2026-08-06T18:08:29.132Z</time>
			</trkpt>
			<trkpt lat="39.64683" lon="20.8336">
				<ele>480.62</ele>
				<time>2026-08-06T18:08:29.529Z</time>
			</trkpt>
			<trkpt lat="39.64694" lon="20.83335">
				<ele>481.92</ele>
				<time>2026-08-06T18:08:30.523Z</time>
			</trkpt>
			<trkpt lat="39.64727" lon="20.83295">
				<ele>480.27</ele>
				<time>2026-08-06T18:08:32.550Z</time>
			</trkpt>
			<trkpt lat="39.64744" lon="20.83282">
				<ele>478.57</ele>
				<time>2026-08-06T18:08:33.439Z</time>
			</trkpt>
			<trkpt lat="39.64866" lon="20.83233">
				<ele>478.96</ele>
				<time>2026-08-06T18:08:39.278Z</time>
			</trkpt>
			<trkpt lat="39.64955" lon="20.83194">
				<ele>478.84</ele>
				<time>2026-08-06T18:08:43.719Z</time>
			</trkpt>
			<trkpt lat="39.6502" lon="20.8316">
				<ele>477.95</ele>
				<time>2026-08-06T18:08:47.147Z</time>
			</trkpt>
			<trkpt lat="39.65131" lon="20.83097">
				<ele>478.77</ele>
				<time>2026-08-06T18:08:53.375Z</time>
			</trkpt>
			<trkpt lat="39.6523" lon="20.83032">
				<ele>480.31</ele>
				<time>2026-08-06T18:08:59.494Z</time>
			</trkpt>
			<trkpt lat="39.6531" lon="20.82973">
				<ele>481</ele>
				<time>2026-08-06T18:09:04.933Z</time>
			</trkpt>
			<trkpt lat="39.65399" lon="20.82901">
				<ele>482.37</ele>
				<time>2026-08-06T18:09:11.602Z</time>
			</trkpt>
			<trkpt lat="39.65411" lon="20.82895">
				<ele>482.8</ele>
				<time>2026-08-06T18:09:12.457Z</time>
			</trkpt>
			<trkpt lat="39.65431" lon="20.8289">
				<ele>482</ele>
				<time>2026-08-06T18:09:13.830Z</time>
			</trkpt>
			<trkpt lat="39.65451" lon="20.82892">
				<ele>480.96</ele>
				<time>2026-08-06T18:09:15.205Z</time>
			</trkpt>
			<trkpt lat="39.6547" lon="20.82902">
				<ele>480.56</ele>
				<time>2026-08-06T18:09:16.632Z</time>
			</trkpt>
			<trkpt lat="39.65495" lon="20.82924">
				<ele>481.02</ele>
				<time>2026-08-06T18:09:18.777Z</time>
			</trkpt>
			<trkpt lat="39.65516" lon="20.82931">
				<ele>481.57</ele>
				<time>2026-08-06T18:09:20.351Z</time>
			</trkpt>
			<trkpt lat="39.6553" lon="20.8293">
				<ele>481.76</ele>
				<time>2026-08-06T18:09:21.383Z</time>
			</trkpt>
			<trkpt lat="39.6554" lon="20.82927">
				<ele>482.37</ele>
				<time>2026-08-06T18:09:22.146Z</time>
			</trkpt>
			<trkpt lat="39.65537" lon="20.82871">
				<ele>481.1</ele>
				<time>2026-08-06T18:09:25.431Z</time>
			</trkpt>
			<trkpt lat="39.65529" lon="20.82827">
				<ele>482.19</ele>
				<time>2026-08-06T18:09:28.163Z</time>
			</trkpt>
			<trkpt lat="39.65526" lon="20.82803">
				<ele>483.02</ele>
				<time>2026-08-06T18:09:29.665Z</time>
			</trkpt>
			<trkpt lat="39.6552" lon="20.82775">
				<ele>483.76</ele>
				<time>2026-08-06T18:09:31.581Z</time>
			</trkpt>
			<trkpt lat="39.65636" lon="20.82677">
				<ele>485</ele>
				<time>2026-08-06T18:09:45.565Z</time>
			</trkpt>
			<trkpt lat="39.65823" lon="20.82524">
				<ele>481.76</ele>
				<time>2026-08-06T18:10:04.469Z</time>
			</trkpt>
			<trkpt lat="39.66229" lon="20.82187">
				<ele>487.81</ele>
				<time>2026-08-06T18:10:40.562Z</time>
			</trkpt>
			<trkpt lat="39.66318" lon="20.82111">
				<ele>485.39</ele>
				<time>2026-08-06T18:10:47.969Z</time>
			</trkpt>
			<trkpt lat="39.66377" lon="20.82054">
				<ele>485.67</ele>
				<time>2026-08-06T18:10:53.027Z</time>
			</trkpt>
			<trkpt lat="39.66399" lon="20.82031">
				<ele>488.51</ele>
				<time>2026-08-06T18:10:54.962Z</time>
			</trkpt>
			<trkpt lat="39.66438" lon="20.81981">
				<ele>489.87</ele>
				<time>2026-08-06T18:10:58.709Z</time>
			</trkpt>
			<trkpt lat="39.66478" lon="20.81919">
				<ele>484.85</ele>
				<time>2026-08-06T18:11:02.965Z</time>
			</trkpt>
			<trkpt lat="39.66519" lon="20.81848">
				<ele>484.71</ele>
				<time>2026-08-06T18:11:07.642Z</time>
			</trkpt>
			<trkpt lat="39.66662" lon="20.8157">
				<ele>483.78</ele>
				<time>2026-08-06T18:11:25.582Z</time>
			</trkpt>
			<trkpt lat="39.66712" lon="20.81485">
				<ele>485.64</ele>
				<time>2026-08-06T18:11:31.513Z</time>
			</trkpt>
			<trkpt lat="39.66763" lon="20.81408">
				<ele>483.72</ele>
				<time>2026-08-06T18:11:37.269Z</time>
			</trkpt>
			<trkpt lat="39.66805" lon="20.81357">
				<ele>484.11</ele>
				<time>2026-08-06T18:11:41.592Z</time>
			</trkpt>
			<trkpt lat="39.66838" lon="20.81321">
				<ele>486.19</ele>
				<time>2026-08-06T18:11:44.888Z</time>
			</trkpt>
			<trkpt lat="39.66903" lon="20.81255">
				<ele>484.34</ele>
				<time>2026-08-06T18:11:51.344Z</time>
			</trkpt>
			<trkpt lat="39.67133" lon="20.8103">
				<ele>489</ele>
				<time>2026-08-06T18:12:15.722Z</time>
			</trkpt>
			<trkpt lat="39.67158" lon="20.8102">
				<ele>489.17</ele>
				<time>2026-08-06T18:12:18.103Z</time>
			</trkpt>
			<trkpt lat="39.67169" lon="20.81021">
				<ele>489.19</ele>
				<time>2026-08-06T18:12:19.116Z</time>
			</trkpt>
			<trkpt lat="39.67175" lon="20.81024">
				<ele>489.07</ele>
				<time>2026-08-06T18:12:19.710Z</time>
			</trkpt>
			<trkpt lat="39.67187" lon="20.81036">
				<ele>488.75</ele>
				<time>2026-08-06T18:12:21.114Z</time>
			</trkpt>
			<trkpt lat="39.672" lon="20.81058">
				<ele>487.77</ele>
				<time>2026-08-06T18:12:23.113Z</time>
			</trkpt>
			<trkpt lat="39.67211" lon="20.81046">
				<ele>487.5</ele>
				<time>2026-08-06T18:12:24.470Z</time>
			</trkpt>
			<trkpt lat="39.67219" lon="20.81035">
				<ele>487.18</ele>
				<time>2026-08-06T18:12:25.581Z</time>
			</trkpt>
			<trkpt lat="39.67223" lon="20.81018">
				<ele>487.74</ele>
				<time>2026-08-06T18:12:27.024Z</time>
			</trkpt>
			<trkpt lat="39.67229" lon="20.80978">
				<ele>490.03</ele>
				<time>2026-08-06T18:12:30.715Z</time>
			</trkpt>
			<trkpt lat="39.67232" lon="20.80969">
				<ele>490.51</ele>
				<time>2026-08-06T18:12:31.585Z</time>
			</trkpt>
			<trkpt lat="39.6724" lon="20.80955">
				<ele>491.07</ele>
				<time>2026-08-06T18:12:33.022Z</time>
			</trkpt>
			<trkpt lat="39.67482" lon="20.80715">
				<ele>489.91</ele>
				<time>2026-08-06T18:12:54.759Z</time>
			</trkpt>
			<trkpt lat="39.67679" lon="20.80527">
				<ele>489.53</ele>
				<time>2026-08-06T18:13:07.879Z</time>
			</trkpt>
			<trkpt lat="39.67714" lon="20.80502">
				<ele>487.11</ele>
				<time>2026-08-06T18:13:09.805Z</time>
			</trkpt>
			<trkpt lat="39.67748" lon="20.80483">
				<ele>488.53</ele>
				<time>2026-08-06T18:13:11.555Z</time>
			</trkpt>
			<trkpt lat="39.67774" lon="20.80473">
				<ele>489.04</ele>
				<time>2026-08-06T18:13:12.819Z</time>
			</trkpt>
			<trkpt lat="39.67797" lon="20.80468">
				<ele>488.85</ele>
				<time>2026-08-06T18:13:13.897Z</time>
			</trkpt>
			<trkpt lat="39.67833" lon="20.80463">
				<ele>488.68</ele>
				<time>2026-08-06T18:13:15.556Z</time>
			</trkpt>
			<trkpt lat="39.67856" lon="20.80463">
				<ele>488.37</ele>
				<time>2026-08-06T18:13:16.604Z</time>
			</trkpt>
			<trkpt lat="39.67884" lon="20.80467">
				<ele>489.67</ele>
				<time>2026-08-06T18:13:17.883Z</time>
			</trkpt>
			<trkpt lat="39.67913" lon="20.80475">
				<ele>489.11</ele>
				<time>2026-08-06T18:13:19.227Z</time>
			</trkpt>
			<trkpt lat="39.67937" lon="20.80484">
				<ele>487.92</ele>
				<time>2026-08-06T18:13:20.361Z</time>
			</trkpt>
			<trkpt lat="39.67966" lon="20.80499">
				<ele>487.08</ele>
				<time>2026-08-06T18:13:21.782Z</time>
			</trkpt>
			<trkpt lat="39.67994" lon="20.80518">
				<ele>487.11</ele>
				<time>2026-08-06T18:13:23.229Z</time>
			</trkpt>
			<trkpt lat="39.68018" lon="20.8054">
				<ele>489.68</ele>
				<time>2026-08-06T18:13:24.585Z</time>
			</trkpt>
			<trkpt lat="39.6804" lon="20.80564">
				<ele>493.74</ele>
				<time>2026-08-06T18:13:25.926Z</time>
			</trkpt>
			<trkpt lat="39.68066" lon="20.806">
				<ele>495.23</ele>
				<time>2026-08-06T18:13:27.725Z</time>
			</trkpt>
			<trkpt lat="39.68096" lon="20.8065">
				<ele>493.33</ele>
				<time>2026-08-06T18:13:30.089Z</time>
			</trkpt>
			<trkpt lat="39.68281" lon="20.80985">
				<ele>498.71</ele>
				<time>2026-08-06T18:13:47.947Z</time>
			</trkpt>
			<trkpt lat="39.68288" lon="20.81007">
				<ele>500.15</ele>
				<time>2026-08-06T18:13:49.160Z</time>
			</trkpt>
			<trkpt lat="39.68289" lon="20.8102">
				<ele>500.89</ele>
				<time>2026-08-06T18:13:49.836Z</time>
			</trkpt>
			<trkpt lat="39.68283" lon="20.81083">
				<ele>500.57</ele>
				<time>2026-08-06T18:13:53.231Z</time>
			</trkpt>
			<trkpt lat="39.68294" lon="20.81082">
				<ele>501.84</ele>
				<time>2026-08-06T18:13:54.024Z</time>
			</trkpt>
			<trkpt lat="39.68313" lon="20.8107">
				<ele>503.29</ele>
				<time>2026-08-06T18:13:55.571Z</time>
			</trkpt>
			<trkpt lat="39.68326" lon="20.81066">
				<ele>503.75</ele>
				<time>2026-08-06T18:13:56.569Z</time>
			</trkpt>
			<trkpt lat="39.6833" lon="20.81067">
				<ele>503.9</ele>
				<time>2026-08-06T18:13:56.877Z</time>
			</trkpt>
			<trkpt lat="39.68351" lon="20.81096">
				<ele>504.66</ele>
				<time>2026-08-06T18:13:59.237Z</time>
			</trkpt>
			<trkpt lat="39.68559" lon="20.8146">
				<ele>520.06</ele>
				<time>2026-08-06T18:14:43.538Z</time>
			</trkpt>
			<trkpt lat="39.68567" lon="20.81475">
				<ele>519.93</ele>
				<time>2026-08-06T18:14:45.455Z</time>
			</trkpt>
			<trkpt lat="39.68575" lon="20.81497">
				<ele>519.74</ele>
				<time>2026-08-06T18:14:47.959Z</time>
			</trkpt>
			<trkpt lat="39.68574" lon="20.81504">
				<ele>519.66</ele>
				<time>2026-08-06T18:14:48.679Z</time>
			</trkpt>
			<trkpt lat="39.68575" lon="20.81515">
				<ele>519.71</ele>
				<time>2026-08-06T18:14:49.787Z</time>
			</trkpt>
			<trkpt lat="39.68578" lon="20.81522">
				<ele>519.83</ele>
				<time>2026-08-06T18:14:50.578Z</time>
			</trkpt>
			<trkpt lat="39.68583" lon="20.81527">
				<ele>520.09</ele>
				<time>2026-08-06T18:14:51.379Z</time>
			</trkpt>
			<trkpt lat="39.6859" lon="20.8153">
				<ele>521.19</ele>
				<time>2026-08-06T18:14:52.302Z</time>
			</trkpt>
			<trkpt lat="39.68596" lon="20.81529">
				<ele>522.07</ele>
				<time>2026-08-06T18:14:53.050Z</time>
			</trkpt>
			<trkpt lat="39.68602" lon="20.81526">
				<ele>522.71</ele>
				<time>2026-08-06T18:14:53.833Z</time>
			</trkpt>
			<trkpt lat="39.68606" lon="20.81521">
				<ele>523.21</ele>
				<time>2026-08-06T18:14:54.501Z</time>
			</trkpt>
			<trkpt lat="39.6861" lon="20.81515">
				<ele>523.41</ele>
				<time>2026-08-06T18:14:55.225Z</time>
			</trkpt>
			<trkpt lat="39.68611" lon="20.81507">
				<ele>523.28</ele>
				<time>2026-08-06T18:14:55.953Z</time>
			</trkpt>
			<trkpt lat="39.68608" lon="20.81493">
				<ele>522.49</ele>
				<time>2026-08-06T18:14:57.229Z</time>
			</trkpt>
			<trkpt lat="39.6861" lon="20.81478">
				<ele>522.21</ele>
				<time>2026-08-06T18:14:58.522Z</time>
			</trkpt>
			<trkpt lat="39.68616" lon="20.81463">
				<ele>522.58</ele>
				<time>2026-08-06T18:14:59.902Z</time>
			</trkpt>
			<trkpt lat="39.68817" lon="20.81091">
				<ele>531.26</ele>
				<time>2026-08-06T18:15:32.180Z</time>
			</trkpt>
			<trkpt lat="39.68888" lon="20.80938">
				<ele>531.78</ele>
				<time>2026-08-06T18:15:43.309Z</time>
			</trkpt>
			<trkpt lat="39.6906" lon="20.80548">
				<ele>523.3</ele>
				<time>2026-08-06T18:16:08.733Z</time>
			</trkpt>
			<trkpt lat="39.69145" lon="20.80363">
				<ele>522.09</ele>
				<time>2026-08-06T18:16:20.132Z</time>
			</trkpt>
			<trkpt lat="39.69162" lon="20.80318">
				<ele>519.22</ele>
				<time>2026-08-06T18:16:22.752Z</time>
			</trkpt>
			<trkpt lat="39.69191" lon="20.80224">
				<ele>517.88</ele>
				<time>2026-08-06T18:16:28.031Z</time>
			</trkpt>
			<trkpt lat="39.69223" lon="20.80092">
				<ele>523.05</ele>
				<time>2026-08-06T18:16:35.258Z</time>
			</trkpt>
			<trkpt lat="39.69231" lon="20.80068">
				<ele>520.31</ele>
				<time>2026-08-06T18:16:36.630Z</time>
			</trkpt>
			<trkpt lat="39.69287" lon="20.79879">
				<ele>517.57</ele>
				<time>2026-08-06T18:16:47.379Z</time>
			</trkpt>
			<trkpt lat="39.69437" lon="20.79403">
				<ele>512.09</ele>
				<time>2026-08-06T18:17:14.610Z</time>
			</trkpt>
			<trkpt lat="39.69454" lon="20.79338">
				<ele>512.17</ele>
				<time>2026-08-06T18:17:18.215Z</time>
			</trkpt>
			<trkpt lat="39.69476" lon="20.79237">
				<ele>509.07</ele>
				<time>2026-08-06T18:17:23.713Z</time>
			</trkpt>
			<trkpt lat="39.69495" lon="20.7917">
				<ele>508.83</ele>
				<time>2026-08-06T18:17:27.444Z</time>
			</trkpt>
			<trkpt lat="39.69655" lon="20.78702">
				<ele>505.71</ele>
				<time>2026-08-06T18:17:53.988Z</time>
			</trkpt>
			<trkpt lat="39.69688" lon="20.78599">
				<ele>507.46</ele>
				<time>2026-08-06T18:17:59.722Z</time>
			</trkpt>
			<trkpt lat="39.6973" lon="20.78445">
				<ele>506.32</ele>
				<time>2026-08-06T18:18:08.088Z</time>
			</trkpt>
			<trkpt lat="39.6981" lon="20.78103">
				<ele>509.11</ele>
				<time>2026-08-06T18:18:26.263Z</time>
			</trkpt>
			<trkpt lat="39.69829" lon="20.78037">
				<ele>511.2</ele>
				<time>2026-08-06T18:18:29.825Z</time>
			</trkpt>
			<trkpt lat="39.69895" lon="20.77828">
				<ele>510.18</ele>
				<time>2026-08-06T18:18:41.202Z</time>
			</trkpt>
			<trkpt lat="39.69925" lon="20.77749">
				<ele>513.34</ele>
				<time>2026-08-06T18:18:45.621Z</time>
			</trkpt>
			<trkpt lat="39.69989" lon="20.77549">
				<ele>514.71</ele>
				<time>2026-08-06T18:18:56.441Z</time>
			</trkpt>
			<trkpt lat="39.7" lon="20.77507">
				<ele>514.07</ele>
				<time>2026-08-06T18:18:58.650Z</time>
			</trkpt>
			<trkpt lat="39.70004" lon="20.7748">
				<ele>515.44</ele>
				<time>2026-08-06T18:19:00.018Z</time>
			</trkpt>
			<trkpt lat="39.70005" lon="20.77453">
				<ele>516.47</ele>
				<time>2026-08-06T18:19:01.361Z</time>
			</trkpt>
			<trkpt lat="39.70001" lon="20.77412">
				<ele>516.31</ele>
				<time>2026-08-06T18:19:03.414Z</time>
			</trkpt>
			<trkpt lat="39.69991" lon="20.77375">
				<ele>516.69</ele>
				<time>2026-08-06T18:19:05.359Z</time>
			</trkpt>
			<trkpt lat="39.69976" lon="20.77289">
				<ele>519.33</ele>
				<time>2026-08-06T18:19:09.727Z</time>
			</trkpt>
			<trkpt lat="39.69963" lon="20.77187">
				<ele>518.83</ele>
				<time>2026-08-06T18:19:14.835Z</time>
			</trkpt>
			<trkpt lat="39.69944" lon="20.76951">
				<ele>522</ele>
				<time>2026-08-06T18:19:26.510Z</time>
			</trkpt>
			<trkpt lat="39.69942" lon="20.76884">
				<ele>523.91</ele>
				<time>2026-08-06T18:19:29.796Z</time>
			</trkpt>
			<trkpt lat="39.69942" lon="20.76389">
				<ele>534</ele>
				<time>2026-08-06T18:19:53.889Z</time>
			</trkpt>
			<trkpt lat="39.69946" lon="20.76308">
				<ele>531.87</ele>
				<time>2026-08-06T18:19:57.812Z</time>
			</trkpt>
			<trkpt lat="39.69962" lon="20.76099">
				<ele>531.33</ele>
				<time>2026-08-06T18:20:07.928Z</time>
			</trkpt>
			<trkpt lat="39.69966" lon="20.76031">
				<ele>531.21</ele>
				<time>2026-08-06T18:20:11.201Z</time>
			</trkpt>
			<trkpt lat="39.69966" lon="20.75954">
				<ele>530.78</ele>
				<time>2026-08-06T18:20:14.891Z</time>
			</trkpt>
			<trkpt lat="39.69956" lon="20.75714">
				<ele>531.86</ele>
				<time>2026-08-06T18:20:26.366Z</time>
			</trkpt>
			<trkpt lat="39.69932" lon="20.75293">
				<ele>536.5</ele>
				<time>2026-08-06T18:20:46.366Z</time>
			</trkpt>
			<trkpt lat="39.69905" lon="20.7475">
				<ele>568.05</ele>
				<time>2026-08-06T18:21:11.866Z</time>
			</trkpt>
			<trkpt lat="39.699" lon="20.74695">
				<ele>569.83</ele>
				<time>2026-08-06T18:21:14.444Z</time>
			</trkpt>
			<trkpt lat="39.69892" lon="20.74633">
				<ele>571.42</ele>
				<time>2026-08-06T18:21:17.367Z</time>
			</trkpt>
			<trkpt lat="39.69879" lon="20.74572">
				<ele>574.19</ele>
				<time>2026-08-06T18:21:20.305Z</time>
			</trkpt>
			<trkpt lat="39.69855" lon="20.74505">
				<ele>574.79</ele>
				<time>2026-08-06T18:21:23.732Z</time>
			</trkpt>
			<trkpt lat="39.69829" lon="20.74457">
				<ele>576.17</ele>
				<time>2026-08-06T18:21:26.449Z</time>
			</trkpt>
			<trkpt lat="39.69801" lon="20.74413">
				<ele>580.11</ele>
				<time>2026-08-06T18:21:29.090Z</time>
			</trkpt>
			<trkpt lat="39.69741" lon="20.74335">
				<ele>580.22</ele>
				<time>2026-08-06T18:21:34.180Z</time>
			</trkpt>
			<trkpt lat="39.69682" lon="20.74243">
				<ele>586.82</ele>
				<time>2026-08-06T18:21:39.695Z</time>
			</trkpt>
			<trkpt lat="39.69658" lon="20.74192">
				<ele>587.75</ele>
				<time>2026-08-06T18:21:42.442Z</time>
			</trkpt>
			<trkpt lat="39.69642" lon="20.74135">
				<ele>591.91</ele>
				<time>2026-08-06T18:21:45.228Z</time>
			</trkpt>
			<trkpt lat="39.69602" lon="20.7393">
				<ele>598.38</ele>
				<time>2026-08-06T18:21:54.908Z</time>
			</trkpt>
			<trkpt lat="39.69592" lon="20.73867">
				<ele>601.53</ele>
				<time>2026-08-06T18:21:57.844Z</time>
			</trkpt>
			<trkpt lat="39.69589" lon="20.73836">
				<ele>602.73</ele>
				<time>2026-08-06T18:21:59.269Z</time>
			</trkpt>
			<trkpt lat="39.69588" lon="20.73798">
				<ele>604.49</ele>
				<time>2026-08-06T18:22:01.002Z</time>
			</trkpt>
			<trkpt lat="39.69593" lon="20.73719">
				<ele>606.8</ele>
				<time>2026-08-06T18:22:04.609Z</time>
			</trkpt>
			<trkpt lat="39.69602" lon="20.7363">
				<ele>611.45</ele>
				<time>2026-08-06T18:22:08.688Z</time>
			</trkpt>
			<trkpt lat="39.69622" lon="20.735">
				<ele>612.73</ele>
				<time>2026-08-06T18:22:14.699Z</time>
			</trkpt>
			<trkpt lat="39.69631" lon="20.73467">
				<ele>611.2</ele>
				<time>2026-08-06T18:22:16.283Z</time>
			</trkpt>
			<trkpt lat="39.69643" lon="20.73437">
				<ele>611.23</ele>
				<time>2026-08-06T18:22:17.813Z</time>
			</trkpt>
			<trkpt lat="39.69661" lon="20.73405">
				<ele>614.21</ele>
				<time>2026-08-06T18:22:19.604Z</time>
			</trkpt>
			<trkpt lat="39.69673" lon="20.73389">
				<ele>616.23</ele>
				<time>2026-08-06T18:22:20.614Z</time>
			</trkpt>
			<trkpt lat="39.69702" lon="20.7336">
				<ele>617.4</ele>
				<time>2026-08-06T18:22:22.760Z</time>
			</trkpt>
			<trkpt lat="39.69765" lon="20.73311">
				<ele>616.32</ele>
				<time>2026-08-06T18:22:27.062Z</time>
			</trkpt>
			<trkpt lat="39.69778" lon="20.73298">
				<ele>615.73</ele>
				<time>2026-08-06T18:22:28.022Z</time>
			</trkpt>
			<trkpt lat="39.69804" lon="20.73268">
				<ele>613.73</ele>
				<time>2026-08-06T18:22:30.055Z</time>
			</trkpt>
			<trkpt lat="39.69816" lon="20.73245">
				<ele>613.15</ele>
				<time>2026-08-06T18:22:31.305Z</time>
			</trkpt>
			<trkpt lat="39.69822" lon="20.73231">
				<ele>613.21</ele>
				<time>2026-08-06T18:22:32.025Z</time>
			</trkpt>
			<trkpt lat="39.69835" lon="20.7319">
				<ele>615.95</ele>
				<time>2026-08-06T18:22:34.017Z</time>
			</trkpt>
			<trkpt lat="39.69844" lon="20.73142">
				<ele>621.63</ele>
				<time>2026-08-06T18:22:36.235Z</time>
			</trkpt>
			<trkpt lat="39.69855" lon="20.7295">
				<ele>629.48</ele>
				<time>2026-08-06T18:22:44.857Z</time>
			</trkpt>
			<trkpt lat="39.69857" lon="20.72857">
				<ele>628.77</ele>
				<time>2026-08-06T18:22:49.012Z</time>
			</trkpt>
			<trkpt lat="39.69862" lon="20.72787">
				<ele>634.14</ele>
				<time>2026-08-06T18:22:52.147Z</time>
			</trkpt>
			<trkpt lat="39.69872" lon="20.72723">
				<ele>634.98</ele>
				<time>2026-08-06T18:22:55.056Z</time>
			</trkpt>
			<trkpt lat="39.69911" lon="20.72499">
				<ele>645.39</ele>
				<time>2026-08-06T18:23:05.259Z</time>
			</trkpt>
			<trkpt lat="39.69921" lon="20.72455">
				<ele>646.03</ele>
				<time>2026-08-06T18:23:07.292Z</time>
			</trkpt>
			<trkpt lat="39.69934" lon="20.72422">
				<ele>644.21</ele>
				<time>2026-08-06T18:23:08.934Z</time>
			</trkpt>
			<trkpt lat="39.6995" lon="20.72392">
				<ele>643.29</ele>
				<time>2026-08-06T18:23:10.549Z</time>
			</trkpt>
			<trkpt lat="39.69962" lon="20.72371">
				<ele>643.45</ele>
				<time>2026-08-06T18:23:11.706Z</time>
			</trkpt>
			<trkpt lat="39.69987" lon="20.7234">
				<ele>644.97</ele>
				<time>2026-08-06T18:23:13.691Z</time>
			</trkpt>
			<trkpt lat="39.70008" lon="20.7232">
				<ele>646.36</ele>
				<time>2026-08-06T18:23:15.186Z</time>
			</trkpt>
			<trkpt lat="39.70022" lon="20.7231">
				<ele>647.28</ele>
				<time>2026-08-06T18:23:16.102Z</time>
			</trkpt>
			<trkpt lat="39.70054" lon="20.72291">
				<ele>647.09</ele>
				<time>2026-08-06T18:23:18.120Z</time>
			</trkpt>
			<trkpt lat="39.70067" lon="20.72282">
				<ele>646.96</ele>
				<time>2026-08-06T18:23:18.964Z</time>
			</trkpt>
			<trkpt lat="39.70077" lon="20.72273">
				<ele>647.34</ele>
				<time>2026-08-06T18:23:19.661Z</time>
			</trkpt>
			<trkpt lat="39.70102" lon="20.72243">
				<ele>648.43</ele>
				<time>2026-08-06T18:23:21.610Z</time>
			</trkpt>
			<trkpt lat="39.70116" lon="20.72219">
				<ele>646.7</ele>
				<time>2026-08-06T18:23:22.937Z</time>
			</trkpt>
			<trkpt lat="39.70121" lon="20.72206">
				<ele>645.65</ele>
				<time>2026-08-06T18:23:23.576Z</time>
			</trkpt>
			<trkpt lat="39.7013" lon="20.72177">
				<ele>644.8</ele>
				<time>2026-08-06T18:23:24.952Z</time>
			</trkpt>
			<trkpt lat="39.70139" lon="20.72133">
				<ele>647.14</ele>
				<time>2026-08-06T18:23:26.954Z</time>
			</trkpt>
			<trkpt lat="39.70139" lon="20.72089">
				<ele>649.43</ele>
				<time>2026-08-06T18:23:28.888Z</time>
			</trkpt>
			<trkpt lat="39.70134" lon="20.72059">
				<ele>652.4</ele>
				<time>2026-08-06T18:23:30.236Z</time>
			</trkpt>
			<trkpt lat="39.70127" lon="20.72034">
				<ele>655.31</ele>
				<time>2026-08-06T18:23:31.404Z</time>
			</trkpt>
			<trkpt lat="39.70113" lon="20.72003">
				<ele>657.54</ele>
				<time>2026-08-06T18:23:32.981Z</time>
			</trkpt>
			<trkpt lat="39.70093" lon="20.71969">
				<ele>662.5</ele>
				<time>2026-08-06T18:23:34.857Z</time>
			</trkpt>
			<trkpt lat="39.70068" lon="20.71921">
				<ele>664.04</ele>
				<time>2026-08-06T18:23:37.396Z</time>
			</trkpt>
			<trkpt lat="39.70054" lon="20.71878">
				<ele>660.31</ele>
				<time>2026-08-06T18:23:39.440Z</time>
			</trkpt>
			<trkpt lat="39.7004" lon="20.71802">
				<ele>657.62</ele>
				<time>2026-08-06T18:23:42.857Z</time>
			</trkpt>
			<trkpt lat="39.70029" lon="20.71677">
				<ele>666.17</ele>
				<time>2026-08-06T18:23:48.349Z</time>
			</trkpt>
			<trkpt lat="39.70025" lon="20.71653">
				<ele>667.82</ele>
				<time>2026-08-06T18:23:49.420Z</time>
			</trkpt>
			<trkpt lat="39.70017" lon="20.71622">
				<ele>669.24</ele>
				<time>2026-08-06T18:23:50.845Z</time>
			</trkpt>
			<trkpt lat="39.70003" lon="20.71596">
				<ele>672.23</ele>
				<time>2026-08-06T18:23:52.227Z</time>
			</trkpt>
			<trkpt lat="39.69984" lon="20.71572">
				<ele>674.5</ele>
				<time>2026-08-06T18:23:53.727Z</time>
			</trkpt>
			<trkpt lat="39.69925" lon="20.71516">
				<ele>681.84</ele>
				<time>2026-08-06T18:23:57.857Z</time>
			</trkpt>
			<trkpt lat="39.69857" lon="20.71449">
				<ele>685.49</ele>
				<time>2026-08-06T18:24:02.673Z</time>
			</trkpt>
			<trkpt lat="39.69815" lon="20.71399">
				<ele>685.27</ele>
				<time>2026-08-06T18:24:05.883Z</time>
			</trkpt>
			<trkpt lat="39.69799" lon="20.71377">
				<ele>684.38</ele>
				<time>2026-08-06T18:24:07.195Z</time>
			</trkpt>
			<trkpt lat="39.69768" lon="20.71322">
				<ele>681.42</ele>
				<time>2026-08-06T18:24:10.147Z</time>
			</trkpt>
			<trkpt lat="39.69599" lon="20.7097">
				<ele>665.89</ele>
				<time>2026-08-06T18:24:28.048Z</time>
			</trkpt>
			<trkpt lat="39.69513" lon="20.70789">
				<ele>652.67</ele>
				<time>2026-08-06T18:24:37.186Z</time>
			</trkpt>
			<trkpt lat="39.69496" lon="20.70747">
				<ele>651.75</ele>
				<time>2026-08-06T18:24:39.221Z</time>
			</trkpt>
			<trkpt lat="39.69476" lon="20.70688">
				<ele>652.88</ele>
				<time>2026-08-06T18:24:41.984Z</time>
			</trkpt>
			<trkpt lat="39.69467" lon="20.70654">
				<ele>651.25</ele>
				<time>2026-08-06T18:24:43.523Z</time>
			</trkpt>
			<trkpt lat="39.69462" lon="20.70622">
				<ele>649.69</ele>
				<time>2026-08-06T18:24:44.921Z</time>
			</trkpt>
			<trkpt lat="39.69459" lon="20.70589">
				<ele>647.49</ele>
				<time>2026-08-06T18:24:46.342Z</time>
			</trkpt>
			<trkpt lat="39.69458" lon="20.70537">
				<ele>642.69</ele>
				<time>2026-08-06T18:24:48.566Z</time>
			</trkpt>
			<trkpt lat="39.69458" lon="20.70502">
				<ele>641.18</ele>
				<time>2026-08-06T18:24:50.062Z</time>
			</trkpt>
			<trkpt lat="39.69461" lon="20.70466">
				<ele>641.28</ele>
				<time>2026-08-06T18:24:51.609Z</time>
			</trkpt>
			<trkpt lat="39.69475" lon="20.70376">
				<ele>636.41</ele>
				<time>2026-08-06T18:24:55.527Z</time>
			</trkpt>
			<trkpt lat="39.69479" lon="20.70324">
				<ele>633.11</ele>
				<time>2026-08-06T18:24:57.756Z</time>
			</trkpt>
			<trkpt lat="39.69479" lon="20.70284">
				<ele>627.12</ele>
				<time>2026-08-06T18:24:59.460Z</time>
			</trkpt>
			<trkpt lat="39.6947" lon="20.70221">
				<ele>620.04</ele>
				<time>2026-08-06T18:25:02.189Z</time>
			</trkpt>
			<trkpt lat="39.69464" lon="20.70193">
				<ele>621.28</ele>
				<time>2026-08-06T18:25:03.426Z</time>
			</trkpt>
			<trkpt lat="39.69443" lon="20.70137">
				<ele>623.15</ele>
				<time>2026-08-06T18:25:06.076Z</time>
			</trkpt>
			<trkpt lat="39.69335" lon="20.69907">
				<ele>618.91</ele>
				<time>2026-08-06T18:25:17.514Z</time>
			</trkpt>
			<trkpt lat="39.69304" lon="20.69838">
				<ele>613.98</ele>
				<time>2026-08-06T18:25:20.899Z</time>
			</trkpt>
			<trkpt lat="39.69255" lon="20.69721">
				<ele>598.76</ele>
				<time>2026-08-06T18:25:26.535Z</time>
			</trkpt>
			<trkpt lat="39.69012" lon="20.69187">
				<ele>570.21</ele>
				<time>2026-08-06T18:25:52.678Z</time>
			</trkpt>
			<trkpt lat="39.69" lon="20.69153">
				<ele>569.59</ele>
				<time>2026-08-06T18:25:54.249Z</time>
			</trkpt>
			<trkpt lat="39.6899" lon="20.69112">
				<ele>567.89</ele>
				<time>2026-08-06T18:25:56.055Z</time>
			</trkpt>
			<trkpt lat="39.68986" lon="20.69074">
				<ele>564.92</ele>
				<time>2026-08-06T18:25:57.664Z</time>
			</trkpt>
			<trkpt lat="39.68987" lon="20.69052">
				<ele>563.49</ele>
				<time>2026-08-06T18:25:58.589Z</time>
			</trkpt>
			<trkpt lat="39.6899" lon="20.69034">
				<ele>562.71</ele>
				<time>2026-08-06T18:25:59.361Z</time>
			</trkpt>
			<trkpt lat="39.69008" lon="20.68978">
				<ele>560.7</ele>
				<time>2026-08-06T18:26:01.906Z</time>
			</trkpt>
			<trkpt lat="39.69016" lon="20.6896">
				<ele>559.76</ele>
				<time>2026-08-06T18:26:02.777Z</time>
			</trkpt>
			<trkpt lat="39.69041" lon="20.68919">
				<ele>556.32</ele>
				<time>2026-08-06T18:26:04.969Z</time>
			</trkpt>
			<trkpt lat="39.6907" lon="20.6889">
				<ele>554.17</ele>
				<time>2026-08-06T18:26:06.960Z</time>
			</trkpt>
			<trkpt lat="39.69131" lon="20.68845">
				<ele>544.64</ele>
				<time>2026-08-06T18:26:10.775Z</time>
			</trkpt>
			<trkpt lat="39.69216" lon="20.68801">
				<ele>536.85</ele>
				<time>2026-08-06T18:26:15.746Z</time>
			</trkpt>
			<trkpt lat="39.69232" lon="20.68789">
				<ele>536.25</ele>
				<time>2026-08-06T18:26:16.749Z</time>
			</trkpt>
			<trkpt lat="39.69249" lon="20.68773">
				<ele>536.14</ele>
				<time>2026-08-06T18:26:17.889Z</time>
			</trkpt>
			<trkpt lat="39.69276" lon="20.6874">
				<ele>536.69</ele>
				<time>2026-08-06T18:26:19.900Z</time>
			</trkpt>
			<trkpt lat="39.69297" lon="20.68707">
				<ele>538.35</ele>
				<time>2026-08-06T18:26:21.688Z</time>
			</trkpt>
			<trkpt lat="39.69306" lon="20.6869">
				<ele>538.9</ele>
				<time>2026-08-06T18:26:22.549Z</time>
			</trkpt>
			<trkpt lat="39.6932" lon="20.68649">
				<ele>535.27</ele>
				<time>2026-08-06T18:26:24.421Z</time>
			</trkpt>
			<trkpt lat="39.69325" lon="20.68625">
				<ele>532.49</ele>
				<time>2026-08-06T18:26:25.458Z</time>
			</trkpt>
			<trkpt lat="39.69375" lon="20.68293">
				<ele>510.25</ele>
				<time>2026-08-06T18:26:39.547Z</time>
			</trkpt>
			<trkpt lat="39.69388" lon="20.68219">
				<ele>505.4</ele>
				<time>2026-08-06T18:26:42.704Z</time>
			</trkpt>
			<trkpt lat="39.694" lon="20.68174">
				<ele>504.23</ele>
				<time>2026-08-06T18:26:44.683Z</time>
			</trkpt>
			<trkpt lat="39.69406" lon="20.68161">
				<ele>502.52</ele>
				<time>2026-08-06T18:26:45.313Z</time>
			</trkpt>
			<trkpt lat="39.69426" lon="20.68126">
				<ele>497.69</ele>
				<time>2026-08-06T18:26:47.124Z</time>
			</trkpt>
			<trkpt lat="39.69442" lon="20.68105">
				<ele>495.88</ele>
				<time>2026-08-06T18:26:48.352Z</time>
			</trkpt>
			<trkpt lat="39.69465" lon="20.68082">
				<ele>497.39</ele>
				<time>2026-08-06T18:26:49.918Z</time>
			</trkpt>
			<trkpt lat="39.69591" lon="20.67992">
				<ele>493.51</ele>
				<time>2026-08-06T18:26:57.671Z</time>
			</trkpt>
			<trkpt lat="39.69609" lon="20.67975">
				<ele>489.24</ele>
				<time>2026-08-06T18:26:58.870Z</time>
			</trkpt>
			<trkpt lat="39.6963" lon="20.6795">
				<ele>487.44</ele>
				<time>2026-08-06T18:27:00.404Z</time>
			</trkpt>
			<trkpt lat="39.69648" lon="20.6792">
				<ele>487.76</ele>
				<time>2026-08-06T18:27:01.981Z</time>
			</trkpt>
			<trkpt lat="39.69658" lon="20.67896">
				<ele>486.42</ele>
				<time>2026-08-06T18:27:03.111Z</time>
			</trkpt>
			<trkpt lat="39.69664" lon="20.67874">
				<ele>484.71</ele>
				<time>2026-08-06T18:27:04.078Z</time>
			</trkpt>
			<trkpt lat="39.69672" lon="20.6783">
				<ele>482.36</ele>
				<time>2026-08-06T18:27:05.951Z</time>
			</trkpt>
			<trkpt lat="39.69673" lon="20.67787">
				<ele>481.12</ele>
				<time>2026-08-06T18:27:07.732Z</time>
			</trkpt>
			<trkpt lat="39.69665" lon="20.67731">
				<ele>474.7</ele>
				<time>2026-08-06T18:27:10.090Z</time>
			</trkpt>
			<trkpt lat="39.69654" lon="20.67694">
				<ele>469.77</ele>
				<time>2026-08-06T18:27:11.732Z</time>
			</trkpt>
			<trkpt lat="39.69644" lon="20.67671">
				<ele>468.5</ele>
				<time>2026-08-06T18:27:12.825Z</time>
			</trkpt>
			<trkpt lat="39.69621" lon="20.67634">
				<ele>468.67</ele>
				<time>2026-08-06T18:27:14.792Z</time>
			</trkpt>
			<trkpt lat="39.69599" lon="20.67609">
				<ele>469.09</ele>
				<time>2026-08-06T18:27:16.363Z</time>
			</trkpt>
			<trkpt lat="39.693" lon="20.67368">
				<ele>455.17</ele>
				<time>2026-08-06T18:27:35.250Z</time>
			</trkpt>
			<trkpt lat="39.69285" lon="20.67357">
				<ele>452.19</ele>
				<time>2026-08-06T18:27:36.173Z</time>
			</trkpt>
			<trkpt lat="39.69294" lon="20.67339">
				<ele>450.85</ele>
				<time>2026-08-06T18:27:37.059Z</time>
			</trkpt>
			<trkpt lat="39.69303" lon="20.67328">
				<ele>450.98</ele>
				<time>2026-08-06T18:27:37.721Z</time>
			</trkpt>
			<trkpt lat="39.69312" lon="20.67331">
				<ele>451.65</ele>
				<time>2026-08-06T18:27:38.219Z</time>
			</trkpt>
			<trkpt lat="39.69317" lon="20.67335">
				<ele>452.03</ele>
				<time>2026-08-06T18:27:38.534Z</time>
			</trkpt>
			<trkpt lat="39.69353" lon="20.6738">
				<ele>456.04</ele>
				<time>2026-08-06T18:27:41.211Z</time>
			</trkpt>
			<trkpt lat="39.6938" lon="20.67409">
				<ele>454.21</ele>
				<time>2026-08-06T18:27:43.001Z</time>
			</trkpt>
			<trkpt lat="39.6939" lon="20.67421">
				<ele>453.5</ele>
				<time>2026-08-06T18:27:43.604Z</time>
			</trkpt>
			<trkpt lat="39.69406" lon="20.67432">
				<ele>454.36</ele>
				<time>2026-08-06T18:27:44.509Z</time>
			</trkpt>
			<trkpt lat="39.69421" lon="20.6744">
				<ele>455.01</ele>
				<time>2026-08-06T18:27:45.353Z</time>
			</trkpt>
			<trkpt lat="39.69442" lon="20.67448">
				<ele>455.1</ele>
				<time>2026-08-06T18:27:46.496Z</time>
			</trkpt>
			<trkpt lat="39.69591" lon="20.67498">
				<ele>453.8</ele>
				<time>2026-08-06T18:27:54.715Z</time>
			</trkpt>
			<trkpt lat="39.69621" lon="20.67517">
				<ele>454.8</ele>
				<time>2026-08-06T18:27:56.539Z</time>
			</trkpt>
			<trkpt lat="39.69639" lon="20.67534">
				<ele>455.89</ele>
				<time>2026-08-06T18:27:57.764Z</time>
			</trkpt>
			<trkpt lat="39.69705" lon="20.67604">
				<ele>454.53</ele>
				<time>2026-08-06T18:28:02.514Z</time>
			</trkpt>
			<trkpt lat="39.69767" lon="20.67679">
				<ele>456.11</ele>
				<time>2026-08-06T18:28:07.335Z</time>
			</trkpt>
			<trkpt lat="39.69794" lon="20.67717">
				<ele>457.55</ele>
				<time>2026-08-06T18:28:09.634Z</time>
			</trkpt>
			<trkpt lat="39.6982" lon="20.67749">
				<ele>457.86</ele>
				<time>2026-08-06T18:28:11.722Z</time>
			</trkpt>
			<trkpt lat="39.69836" lon="20.67785">
				<ele>458.59</ele>
				<time>2026-08-06T18:28:13.603Z</time>
			</trkpt>
			<trkpt lat="39.69842" lon="20.67814">
				<ele>459.94</ele>
				<time>2026-08-06T18:28:14.970Z</time>
			</trkpt>
			<trkpt lat="39.69893" lon="20.68092">
				<ele>465.17</ele>
				<time>2026-08-06T18:28:28.362Z</time>
			</trkpt>
			<trkpt lat="39.69897" lon="20.68108">
				<ele>465.61</ele>
				<time>2026-08-06T18:28:29.172Z</time>
			</trkpt>
			<trkpt lat="39.69909" lon="20.68127">
				<ele>464.66</ele>
				<time>2026-08-06T18:28:30.360Z</time>
			</trkpt>
			<trkpt lat="39.69921" lon="20.68136">
				<ele>464.23</ele>
				<time>2026-08-06T18:28:31.234Z</time>
			</trkpt>
			<trkpt lat="39.69934" lon="20.68139">
				<ele>464.66</ele>
				<time>2026-08-06T18:28:32.069Z</time>
			</trkpt>
			<trkpt lat="39.69948" lon="20.68139">
				<ele>465.32</ele>
				<time>2026-08-06T18:28:32.958Z</time>
			</trkpt>
			<trkpt lat="39.70199" lon="20.68097">
				<ele>472.45</ele>
				<time>2026-08-06T18:28:49.520Z</time>
			</trkpt>
			<trkpt lat="39.70215" lon="20.68096">
				<ele>473.83</ele>
				<time>2026-08-06T18:28:50.601Z</time>
			</trkpt>
			<trkpt lat="39.70232" lon="20.68099">
				<ele>474.56</ele>
				<time>2026-08-06T18:28:51.763Z</time>
			</trkpt>
			<trkpt lat="39.7031" lon="20.68119">
				<ele>475.48</ele>
				<time>2026-08-06T18:28:57.207Z</time>
			</trkpt>
			<trkpt lat="39.70356" lon="20.68153">
				<ele>477.49</ele>
				<time>2026-08-06T18:29:00.885Z</time>
			</trkpt>
			<trkpt lat="39.7038" lon="20.68175">
				<ele>479.76</ele>
				<time>2026-08-06T18:29:02.945Z</time>
			</trkpt>
			<trkpt lat="39.70434" lon="20.68197">
				<ele>479.61</ele>
				<time>2026-08-06T18:29:06.952Z</time>
			</trkpt>
			<trkpt lat="39.7046" lon="20.68201">
				<ele>479.5</ele>
				<time>2026-08-06T18:29:08.823Z</time>
			</trkpt>
			<trkpt lat="39.70471" lon="20.68201">
				<ele>479.26</ele>
				<time>2026-08-06T18:29:09.612Z</time>
			</trkpt>
			<trkpt lat="39.70485" lon="20.68197">
				<ele>479.13</ele>
				<time>2026-08-06T18:29:10.644Z</time>
			</trkpt>
			<trkpt lat="39.70516" lon="20.68176">
				<ele>480.15</ele>
				<time>2026-08-06T18:29:13.173Z</time>
			</trkpt>
			<trkpt lat="39.70637" lon="20.68091">
				<ele>484.03</ele>
				<time>2026-08-06T18:29:23.314Z</time>
			</trkpt>
			<trkpt lat="39.70649" lon="20.68079">
				<ele>484.93</ele>
				<time>2026-08-06T18:29:24.450Z</time>
			</trkpt>
			<trkpt lat="39.70658" lon="20.68068">
				<ele>485.05</ele>
				<time>2026-08-06T18:29:25.378Z</time>
			</trkpt>
			<trkpt lat="39.7067" lon="20.68043">
				<ele>484.43</ele>
				<time>2026-08-06T18:29:27.089Z</time>
			</trkpt>
			<trkpt lat="39.70729" lon="20.67908">
				<ele>483.95</ele>
				<time>2026-08-06T18:29:36.244Z</time>
			</trkpt>
			<trkpt lat="39.70752" lon="20.67876">
				<ele>483.68</ele>
				<time>2026-08-06T18:29:38.869Z</time>
			</trkpt>
			<trkpt lat="39.70769" lon="20.67865">
				<ele>483.95</ele>
				<time>2026-08-06T18:29:40.357Z</time>
			</trkpt>
			<trkpt lat="39.70785" lon="20.67858">
				<ele>483.58</ele>
				<time>2026-08-06T18:29:41.684Z</time>
			</trkpt>
			<trkpt lat="39.70875" lon="20.67842">
				<ele>482.98</ele>
				<time>2026-08-06T18:29:48.911Z</time>
			</trkpt>
			<trkpt lat="39.70902" lon="20.6784">
				<ele>483.37</ele>
				<time>2026-08-06T18:29:51.089Z</time>
			</trkpt>
			<trkpt lat="39.70932" lon="20.67842">
				<ele>484.9</ele>
				<time>2026-08-06T18:29:53.523Z</time>
			</trkpt>
			<trkpt lat="39.71014" lon="20.67852">
				<ele>486.09</ele>
				<time>2026-08-06T18:30:00.276Z</time>
			</trkpt>
			<trkpt lat="39.7109" lon="20.67858">
				<ele>488.7</ele>
				<time>2026-08-06T18:30:06.622Z</time>
			</trkpt>
			<trkpt lat="39.71108" lon="20.67865">
				<ele>490.71</ele>
				<time>2026-08-06T18:30:08.204Z</time>
			</trkpt>
			<trkpt lat="39.71123" lon="20.67876">
				<ele>492.47</ele>
				<time>2026-08-06T18:30:09.659Z</time>
			</trkpt>
			<trkpt lat="39.71137" lon="20.67899">
				<ele>493.9</ele>
				<time>2026-08-06T18:30:11.573Z</time>
			</trkpt>
			<trkpt lat="39.71147" lon="20.67926">
				<ele>495.19</ele>
				<time>2026-08-06T18:30:13.538Z</time>
			</trkpt>
			<trkpt lat="39.71151" lon="20.67946">
				<ele>495.98</ele>
				<time>2026-08-06T18:30:14.898Z</time>
			</trkpt>
			<trkpt lat="39.71163" lon="20.67972">
				<ele>496.89</ele>
				<time>2026-08-06T18:30:16.902Z</time>
			</trkpt>
			<trkpt lat="39.7117" lon="20.67963">
				<ele>497.28</ele>
				<time>2026-08-06T18:30:17.751Z</time>
			</trkpt>
			<trkpt lat="39.71185" lon="20.6792">
				<ele>499.06</ele>
				<time>2026-08-06T18:30:20.897Z</time>
			</trkpt>
			<trkpt lat="39.71194" lon="20.67904">
				<ele>499.61</ele>
				<time>2026-08-06T18:30:22.225Z</time>
			</trkpt>
			<trkpt lat="39.71206" lon="20.67895">
				<ele>500.51</ele>
				<time>2026-08-06T18:30:23.435Z</time>
			</trkpt>
			<trkpt lat="39.71258" lon="20.67864">
				<ele>504.72</ele>
				<time>2026-08-06T18:30:28.754Z</time>
			</trkpt>
			<trkpt lat="39.71386" lon="20.67835">
				<ele>504.31</ele>
				<time>2026-08-06T18:30:39.331Z</time>
			</trkpt>
			<trkpt lat="39.7144" lon="20.67842">
				<ele>508.89</ele>
				<time>2026-08-06T18:30:43.584Z</time>
			</trkpt>
			<trkpt lat="39.71509" lon="20.67855">
				<ele>510.95</ele>
				<time>2026-08-06T18:30:48.913Z</time>
			</trkpt>
			<trkpt lat="39.71552" lon="20.67842">
				<ele>510.38</ele>
				<time>2026-08-06T18:30:52.212Z</time>
			</trkpt>
			<trkpt lat="39.71601" lon="20.67821">
				<ele>510.46</ele>
				<time>2026-08-06T18:30:55.996Z</time>
			</trkpt>
			<trkpt lat="39.71642" lon="20.6778">
				<ele>510.41</ele>
				<time>2026-08-06T18:30:59.715Z</time>
			</trkpt>
			<trkpt lat="39.71687" lon="20.67748">
				<ele>512.43</ele>
				<time>2026-08-06T18:31:03.331Z</time>
			</trkpt>
			<trkpt lat="39.71729" lon="20.67733">
				<ele>514.29</ele>
				<time>2026-08-06T18:31:06.348Z</time>
			</trkpt>
			<trkpt lat="39.71749" lon="20.6773">
				<ele>514</ele>
				<time>2026-08-06T18:31:07.726Z</time>
			</trkpt>
			<trkpt lat="39.71783" lon="20.67744">
				<ele>513.94</ele>
				<time>2026-08-06T18:31:10.144Z</time>
			</trkpt>
			<trkpt lat="39.71803" lon="20.6774">
				<ele>514.23</ele>
				<time>2026-08-06T18:31:11.502Z</time>
			</trkpt>
			<trkpt lat="39.7183" lon="20.6772">
				<ele>513.7</ele>
				<time>2026-08-06T18:31:13.568Z</time>
			</trkpt>
			<trkpt lat="39.71881" lon="20.67672">
				<ele>512.85</ele>
				<time>2026-08-06T18:31:17.689Z</time>
			</trkpt>
			<trkpt lat="39.7198" lon="20.67599">
				<ele>512.37</ele>
				<time>2026-08-06T18:31:24.923Z</time>
			</trkpt>
			<trkpt lat="39.7209" lon="20.67538">
				<ele>511.85</ele>
				<time>2026-08-06T18:31:32.254Z</time>
			</trkpt>
			<trkpt lat="39.72104" lon="20.67535">
				<ele>512.15</ele>
				<time>2026-08-06T18:31:33.107Z</time>
			</trkpt>
			<trkpt lat="39.72119" lon="20.67536">
				<ele>512.25</ele>
				<time>2026-08-06T18:31:34.006Z</time>
			</trkpt>
			<trkpt lat="39.7225" lon="20.67579">
				<ele>513.57</ele>
				<time>2026-08-06T18:31:41.939Z</time>
			</trkpt>
			<trkpt lat="39.72273" lon="20.67591">
				<ele>513.23</ele>
				<time>2026-08-06T18:31:43.366Z</time>
			</trkpt>
			<trkpt lat="39.72328" lon="20.67639">
				<ele>512.56</ele>
				<time>2026-08-06T18:31:47.140Z</time>
			</trkpt>
			<trkpt lat="39.72345" lon="20.67641">
				<ele>511.71</ele>
				<time>2026-08-06T18:31:48.104Z</time>
			</trkpt>
			<trkpt lat="39.72358" lon="20.67634">
				<ele>510.76</ele>
				<time>2026-08-06T18:31:48.896Z</time>
			</trkpt>
			<trkpt lat="39.72369" lon="20.67618">
				<ele>510.25</ele>
				<time>2026-08-06T18:31:49.822Z</time>
			</trkpt>
			<trkpt lat="39.72374" lon="20.67598">
				<ele>510.49</ele>
				<time>2026-08-06T18:31:50.727Z</time>
			</trkpt>
			<trkpt lat="39.72376" lon="20.6752">
				<ele>509.67</ele>
				<time>2026-08-06T18:31:54.062Z</time>
			</trkpt>
			<trkpt lat="39.72378" lon="20.67494">
				<ele>510.07</ele>
				<time>2026-08-06T18:31:55.170Z</time>
			</trkpt>
			<trkpt lat="39.72384" lon="20.67469">
				<ele>509.45</ele>
				<time>2026-08-06T18:31:56.278Z</time>
			</trkpt>
			<trkpt lat="39.72406" lon="20.67437">
				<ele>508.06</ele>
				<time>2026-08-06T18:31:58.086Z</time>
			</trkpt>
			<trkpt lat="39.72413" lon="20.67429">
				<ele>507.18</ele>
				<time>2026-08-06T18:31:58.595Z</time>
			</trkpt>
			<trkpt lat="39.72453" lon="20.67391">
				<ele>506.57</ele>
				<time>2026-08-06T18:32:01.289Z</time>
			</trkpt>
			<trkpt lat="39.72482" lon="20.67366">
				<ele>508.93</ele>
				<time>2026-08-06T18:32:03.171Z</time>
			</trkpt>
			<trkpt lat="39.72499" lon="20.67358">
				<ele>510.42</ele>
				<time>2026-08-06T18:32:04.146Z</time>
			</trkpt>
			<trkpt lat="39.72553" lon="20.67341">
				<ele>511.5</ele>
				<time>2026-08-06T18:32:07.131Z</time>
			</trkpt>
			<trkpt lat="39.72626" lon="20.67289">
				<ele>511.48</ele>
				<time>2026-08-06T18:32:11.579Z</time>
			</trkpt>
			<trkpt lat="39.72672" lon="20.67268">
				<ele>512.38</ele>
				<time>2026-08-06T18:32:14.175Z</time>
			</trkpt>
			<trkpt lat="39.72691" lon="20.67265">
				<ele>512.83</ele>
				<time>2026-08-06T18:32:15.192Z</time>
			</trkpt>
			<trkpt lat="39.72717" lon="20.67264">
				<ele>512.56</ele>
				<time>2026-08-06T18:32:16.574Z</time>
			</trkpt>
			<trkpt lat="39.72736" lon="20.67259">
				<ele>512.31</ele>
				<time>2026-08-06T18:32:17.604Z</time>
			</trkpt>
			<trkpt lat="39.72753" lon="20.67252">
				<ele>512.1</ele>
				<time>2026-08-06T18:32:18.551Z</time>
			</trkpt>
			<trkpt lat="39.72773" lon="20.67238">
				<ele>513.37</ele>
				<time>2026-08-06T18:32:19.757Z</time>
			</trkpt>
			<trkpt lat="39.72789" lon="20.67221">
				<ele>514.46</ele>
				<time>2026-08-06T18:32:20.854Z</time>
			</trkpt>
			<trkpt lat="39.72805" lon="20.67198">
				<ele>515.85</ele>
				<time>2026-08-06T18:32:22.121Z</time>
			</trkpt>
			<trkpt lat="39.72825" lon="20.67156">
				<ele>518.83</ele>
				<time>2026-08-06T18:32:24.140Z</time>
			</trkpt>
			<trkpt lat="39.72831" lon="20.67148">
				<ele>519.36</ele>
				<time>2026-08-06T18:32:24.598Z</time>
			</trkpt>
			<trkpt lat="39.72851" lon="20.67131">
				<ele>521.17</ele>
				<time>2026-08-06T18:32:25.870Z</time>
			</trkpt>
			<trkpt lat="39.73007" lon="20.67063">
				<ele>529.33</ele>
				<time>2026-08-06T18:32:34.683Z</time>
			</trkpt>
			<trkpt lat="39.73131" lon="20.67011">
				<ele>536.07</ele>
				<time>2026-08-06T18:32:41.770Z</time>
			</trkpt>
			<trkpt lat="39.73163" lon="20.66991">
				<ele>539.58</ele>
				<time>2026-08-06T18:32:43.725Z</time>
			</trkpt>
			<trkpt lat="39.73167" lon="20.66986">
				<ele>540.27</ele>
				<time>2026-08-06T18:32:44.031Z</time>
			</trkpt>
			<trkpt lat="39.73172" lon="20.66975">
				<ele>541.55</ele>
				<time>2026-08-06T18:32:44.575Z</time>
			</trkpt>
			<trkpt lat="39.73179" lon="20.6692">
				<ele>545.37</ele>
				<time>2026-08-06T18:32:46.957Z</time>
			</trkpt>
			<trkpt lat="39.73185" lon="20.66889">
				<ele>547.22</ele>
				<time>2026-08-06T18:32:48.332Z</time>
			</trkpt>
			<trkpt lat="39.73201" lon="20.66859">
				<ele>549.43</ele>
				<time>2026-08-06T18:32:49.909Z</time>
			</trkpt>
			<trkpt lat="39.73215" lon="20.66843">
				<ele>550.1</ele>
				<time>2026-08-06T18:32:50.962Z</time>
			</trkpt>
			<trkpt lat="39.73252" lon="20.66824">
				<ele>548.88</ele>
				<time>2026-08-06T18:32:53.222Z</time>
			</trkpt>
			<trkpt lat="39.73273" lon="20.66811">
				<ele>549.57</ele>
				<time>2026-08-06T18:32:54.552Z</time>
			</trkpt>
			<trkpt lat="39.73283" lon="20.66803">
				<ele>549.88</ele>
				<time>2026-08-06T18:32:55.227Z</time>
			</trkpt>
			<trkpt lat="39.73299" lon="20.66787">
				<ele>550.37</ele>
				<time>2026-08-06T18:32:56.390Z</time>
			</trkpt>
			<trkpt lat="39.73317" lon="20.66762">
				<ele>552.96</ele>
				<time>2026-08-06T18:32:57.917Z</time>
			</trkpt>
			<trkpt lat="39.73344" lon="20.66698">
				<ele>555.85</ele>
				<time>2026-08-06T18:33:01.205Z</time>
			</trkpt>
			<trkpt lat="39.73355" lon="20.6668">
				<ele>556.68</ele>
				<time>2026-08-06T18:33:02.250Z</time>
			</trkpt>
			<trkpt lat="39.73403" lon="20.66615">
				<ele>562.13</ele>
				<time>2026-08-06T18:33:06.396Z</time>
			</trkpt>
			<trkpt lat="39.73443" lon="20.66566">
				<ele>564.84</ele>
				<time>2026-08-06T18:33:09.742Z</time>
			</trkpt>
			<trkpt lat="39.73467" lon="20.66541">
				<ele>567.55</ele>
				<time>2026-08-06T18:33:11.638Z</time>
			</trkpt>
			<trkpt lat="39.73547" lon="20.66466">
				<ele>572.63</ele>
				<time>2026-08-06T18:33:17.842Z</time>
			</trkpt>
			<trkpt lat="39.73582" lon="20.66431">
				<ele>574.9</ele>
				<time>2026-08-06T18:33:20.684Z</time>
			</trkpt>
			<trkpt lat="39.73589" lon="20.66421">
				<ele>575.86</ele>
				<time>2026-08-06T18:33:21.359Z</time>
			</trkpt>
			<trkpt lat="39.73592" lon="20.66413">
				<ele>576.55</ele>
				<time>2026-08-06T18:33:21.805Z</time>
			</trkpt>
			<trkpt lat="39.73596" lon="20.66393">
				<ele>577.73</ele>
				<time>2026-08-06T18:33:22.844Z</time>
			</trkpt>
			<trkpt lat="39.73596" lon="20.66378">
				<ele>578</ele>
				<time>2026-08-06T18:33:23.602Z</time>
			</trkpt>
			<trkpt lat="39.73586" lon="20.66314">
				<ele>579.77</ele>
				<time>2026-08-06T18:33:26.937Z</time>
			</trkpt>
			<trkpt lat="39.73585" lon="20.66298">
				<ele>580.1</ele>
				<time>2026-08-06T18:33:27.766Z</time>
			</trkpt>
			<trkpt lat="39.73588" lon="20.66243">
				<ele>580.39</ele>
				<time>2026-08-06T18:33:30.641Z</time>
			</trkpt>
			<trkpt lat="39.73572" lon="20.66168">
				<ele>581.72</ele>
				<time>2026-08-06T18:33:34.775Z</time>
			</trkpt>
			<trkpt lat="39.73563" lon="20.66117">
				<ele>585.78</ele>
				<time>2026-08-06T18:33:37.606Z</time>
			</trkpt>
			<trkpt lat="39.73562" lon="20.66104">
				<ele>586.92</ele>
				<time>2026-08-06T18:33:38.320Z</time>
			</trkpt>
			<trkpt lat="39.73563" lon="20.66098">
				<ele>587.54</ele>
				<time>2026-08-06T18:33:38.656Z</time>
			</trkpt>
			<trkpt lat="39.73568" lon="20.66086">
				<ele>588.69</ele>
				<time>2026-08-06T18:33:39.406Z</time>
			</trkpt>
			<trkpt lat="39.73578" lon="20.66073">
				<ele>589.7</ele>
				<time>2026-08-06T18:33:40.421Z</time>
			</trkpt>
			<trkpt lat="39.73587" lon="20.66065">
				<ele>590.3</ele>
				<time>2026-08-06T18:33:41.207Z</time>
			</trkpt>
			<trkpt lat="39.73643" lon="20.66027">
				<ele>595.58</ele>
				<time>2026-08-06T18:33:45.828Z</time>
			</trkpt>
			<trkpt lat="39.73772" lon="20.65972">
				<ele>601.79</ele>
				<time>2026-08-06T18:33:56.098Z</time>
			</trkpt>
			<trkpt lat="39.73829" lon="20.65926">
				<ele>607.1</ele>
				<time>2026-08-06T18:34:01.321Z</time>
			</trkpt>
			<trkpt lat="39.73886" lon="20.65889">
				<ele>606.97</ele>
				<time>2026-08-06T18:34:06.367Z</time>
			</trkpt>
			<trkpt lat="39.73932" lon="20.6587">
				<ele>609.53</ele>
				<time>2026-08-06T18:34:10.244Z</time>
			</trkpt>
			<trkpt lat="39.73996" lon="20.65851">
				<ele>607.72</ele>
				<time>2026-08-06T18:34:15.590Z</time>
			</trkpt>
			<trkpt lat="39.74091" lon="20.65791">
				<ele>612.26</ele>
				<time>2026-08-06T18:34:24.358Z</time>
			</trkpt>
			<trkpt lat="39.74142" lon="20.65755">
				<ele>616.72</ele>
				<time>2026-08-06T18:34:29.260Z</time>
			</trkpt>
			<trkpt lat="39.74189" lon="20.65702">
				<ele>621.53</ele>
				<time>2026-08-06T18:34:34.578Z</time>
			</trkpt>
			<trkpt lat="39.74213" lon="20.65692">
				<ele>623.72</ele>
				<time>2026-08-06T18:34:36.750Z</time>
			</trkpt>
			<trkpt lat="39.74241" lon="20.65685">
				<ele>625.31</ele>
				<time>2026-08-06T18:34:39.221Z</time>
			</trkpt>
			<trkpt lat="39.74266" lon="20.65684">
				<ele>626.39</ele>
				<time>2026-08-06T18:34:41.398Z</time>
			</trkpt>
			<trkpt lat="39.74288" lon="20.65672">
				<ele>629.7</ele>
				<time>2026-08-06T18:34:43.484Z</time>
			</trkpt>
			<trkpt lat="39.74304" lon="20.6566">
				<ele>633.8</ele>
				<time>2026-08-06T18:34:45.104Z</time>
			</trkpt>
			<trkpt lat="39.74318" lon="20.65661">
				<ele>633.88</ele>
				<time>2026-08-06T18:34:46.338Z</time>
			</trkpt>
			<trkpt lat="39.74345" lon="20.65672">
				<ele>633.39</ele>
				<time>2026-08-06T18:34:48.836Z</time>
			</trkpt>
			<trkpt lat="39.7439" lon="20.65671">
				<ele>637.44</ele>
				<time>2026-08-06T18:34:52.834Z</time>
			</trkpt>
			<trkpt lat="39.7441" lon="20.65679">
				<ele>636.61</ele>
				<time>2026-08-06T18:34:54.702Z</time>
			</trkpt>
			<trkpt lat="39.7445" lon="20.65703">
				<ele>636.03</ele>
				<time>2026-08-06T18:34:58.655Z</time>
			</trkpt>
			<trkpt lat="39.74471" lon="20.65709">
				<ele>636.9</ele>
				<time>2026-08-06T18:35:00.594Z</time>
			</trkpt>
			<trkpt lat="39.74485" lon="20.65699">
				<ele>637.33</ele>
				<time>2026-08-06T18:35:02.038Z</time>
			</trkpt>
			<trkpt lat="39.74491" lon="20.65681">
				<ele>639.04</ele>
				<time>2026-08-06T18:35:03.405Z</time>
			</trkpt>
			<trkpt lat="39.74492" lon="20.65663">
				<ele>641.42</ele>
				<time>2026-08-06T18:35:04.665Z</time>
			</trkpt>
			<trkpt lat="39.74484" lon="20.65654">
				<ele>642.59</ele>
				<time>2026-08-06T18:35:05.627Z</time>
			</trkpt>
			<trkpt lat="39.74458" lon="20.65634">
				<ele>645.71</ele>
				<time>2026-08-06T18:35:08.382Z</time>
			</trkpt>
			<trkpt lat="39.74432" lon="20.6562">
				<ele>647.7</ele>
				<time>2026-08-06T18:35:10.958Z</time>
			</trkpt>
			<trkpt lat="39.74377" lon="20.65576">
				<ele>652.1</ele>
				<time>2026-08-06T18:35:16.904Z</time>
			</trkpt>
			<trkpt lat="39.74351" lon="20.65529">
				<ele>655.09</ele>
				<time>2026-08-06T18:35:21.031Z</time>
			</trkpt>
			<trkpt lat="39.74334" lon="20.65485">
				<ele>654.63</ele>
				<time>2026-08-06T18:35:24.557Z</time>
			</trkpt>
			<trkpt lat="39.74331" lon="20.65466">
				<ele>655.4</ele>
				<time>2026-08-06T18:35:25.950Z</time>
			</trkpt>
			<trkpt lat="39.74335" lon="20.65453">
				<ele>656.45</ele>
				<time>2026-08-06T18:35:26.957Z</time>
			</trkpt>
			<trkpt lat="39.74343" lon="20.65445">
				<ele>656.97</ele>
				<time>2026-08-06T18:35:27.902Z</time>
			</trkpt>
			<trkpt lat="39.74353" lon="20.65442">
				<ele>656.82</ele>
				<time>2026-08-06T18:35:28.864Z</time>
			</trkpt>
			<trkpt lat="39.74411" lon="20.65448">
				<ele>660.9</ele>
				<time>2026-08-06T18:35:34.336Z</time>
			</trkpt>
			<trkpt lat="39.7444" lon="20.65445">
				<ele>662.8</ele>
				<time>2026-08-06T18:35:37.084Z</time>
			</trkpt>
			<trkpt lat="39.74502" lon="20.65444">
				<ele>664.91</ele>
				<time>2026-08-06T18:35:42.964Z</time>
			</trkpt>
			<trkpt lat="39.74539" lon="20.65459">
				<ele>666.27</ele>
				<time>2026-08-06T18:35:46.655Z</time>
			</trkpt>
			<trkpt lat="39.74551" lon="20.65465">
				<ele>668.2</ele>
				<time>2026-08-06T18:35:47.882Z</time>
			</trkpt>
			<trkpt lat="39.74561" lon="20.65468">
				<ele>669.39</ele>
				<time>2026-08-06T18:35:48.863Z</time>
			</trkpt>
			<trkpt lat="39.74571" lon="20.65467">
				<ele>670.29</ele>
				<time>2026-08-06T18:35:49.822Z</time>
			</trkpt>
			<trkpt lat="39.74582" lon="20.65458">
				<ele>670.51</ele>
				<time>2026-08-06T18:35:51.065Z</time>
			</trkpt>
			<trkpt lat="39.74592" lon="20.65448">
				<ele>670.71</ele>
				<time>2026-08-06T18:35:52.273Z</time>
			</trkpt>
			<trkpt lat="39.74604" lon="20.65425">
				<ele>671.47</ele>
				<time>2026-08-06T18:35:54.322Z</time>
			</trkpt>
			<trkpt lat="39.74622" lon="20.65357">
				<ele>673.65</ele>
				<time>2026-08-06T18:35:59.639Z</time>
			</trkpt>
			<trkpt lat="39.74645" lon="20.65296">
				<ele>669.29</ele>
				<time>2026-08-06T18:36:04.678Z</time>
			</trkpt>
			<trkpt lat="39.74662" lon="20.65274">
				<ele>669.85</ele>
				<time>2026-08-06T18:36:06.997Z</time>
			</trkpt>
			<trkpt lat="39.74687" lon="20.65261">
				<ele>670.34</ele>
				<time>2026-08-06T18:36:09.603Z</time>
			</trkpt>
			<trkpt lat="39.74724" lon="20.65254">
				<ele>673.82</ele>
				<time>2026-08-06T18:36:13.229Z</time>
			</trkpt>
			<trkpt lat="39.74748" lon="20.65245">
				<ele>672.97</ele>
				<time>2026-08-06T18:36:15.655Z</time>
			</trkpt>
			<trkpt lat="39.74765" lon="20.65225">
				<ele>669.41</ele>
				<time>2026-08-06T18:36:17.883Z</time>
			</trkpt>
			<trkpt lat="39.74799" lon="20.65182">
				<ele>667.04</ele>
				<time>2026-08-06T18:36:22.500Z</time>
			</trkpt>
			<trkpt lat="39.74813" lon="20.65174">
				<ele>668.06</ele>
				<time>2026-08-06T18:36:23.991Z</time>
			</trkpt>
			<trkpt lat="39.74865" lon="20.6515">
				<ele>669.28</ele>
				<time>2026-08-06T18:36:29.375Z</time>
			</trkpt>
			<trkpt lat="39.74873" lon="20.65149">
				<ele>669.09</ele>
				<time>2026-08-06T18:36:30.160Z</time>
			</trkpt>
			<trkpt lat="39.74881" lon="20.65148">
				<ele>669.21</ele>
				<time>2026-08-06T18:36:30.945Z</time>
			</trkpt>
			<trkpt lat="39.74889" lon="20.6515">
				<ele>669.94</ele>
				<time>2026-08-06T18:36:31.741Z</time>
			</trkpt>
			<trkpt lat="39.74925" lon="20.65174">
				<ele>670.54</ele>
				<time>2026-08-06T18:36:35.696Z</time>
			</trkpt>
			<trkpt lat="39.74936" lon="20.65185">
				<ele>671.23</ele>
				<time>2026-08-06T18:36:37.053Z</time>
			</trkpt>
			<trkpt lat="39.74948" lon="20.65193">
				<ele>671.96</ele>
				<time>2026-08-06T18:36:38.373Z</time>
			</trkpt>
			<trkpt lat="39.74958" lon="20.65193">
				<ele>672.83</ele>
				<time>2026-08-06T18:36:39.352Z</time>
			</trkpt>
			<trkpt lat="39.74966" lon="20.65188">
				<ele>671.92</ele>
				<time>2026-08-06T18:36:40.220Z</time>
			</trkpt>
			<trkpt lat="39.7497" lon="20.65182">
				<ele>670.58</ele>
				<time>2026-08-06T18:36:40.818Z</time>
			</trkpt>
			<trkpt lat="39.74975" lon="20.65175">
				<ele>669.2</ele>
				<time>2026-08-06T18:36:41.537Z</time>
			</trkpt>
			<trkpt lat="39.74996" lon="20.6513">
				<ele>663.5</ele>
				<time>2026-08-06T18:36:45.501Z</time>
			</trkpt>
			<trkpt lat="39.75002" lon="20.65122">
				<ele>663.57</ele>
				<time>2026-08-06T18:36:46.343Z</time>
			</trkpt>
			<trkpt lat="39.75011" lon="20.65114">
				<ele>663.83</ele>
				<time>2026-08-06T18:36:47.411Z</time>
			</trkpt>
			<trkpt lat="39.75022" lon="20.65111">
				<ele>664.49</ele>
				<time>2026-08-06T18:36:48.512Z</time>
			</trkpt>
			<trkpt lat="39.75036" lon="20.6511">
				<ele>665.5</ele>
				<time>2026-08-06T18:36:49.886Z</time>
			</trkpt>
			<trkpt lat="39.75058" lon="20.65114">
				<ele>668.39</ele>
				<time>2026-08-06T18:36:52.062Z</time>
			</trkpt>
			<trkpt lat="39.75072" lon="20.65112">
				<ele>669.17</ele>
				<time>2026-08-06T18:36:53.442Z</time>
			</trkpt>
			<trkpt lat="39.75079" lon="20.65107">
				<ele>668.54</ele>
				<time>2026-08-06T18:36:54.225Z</time>
			</trkpt>
			<trkpt lat="39.75097" lon="20.65082">
				<ele>664.17</ele>
				<time>2026-08-06T18:36:56.805Z</time>
			</trkpt>
			<trkpt lat="39.75108" lon="20.65071">
				<ele>661.57</ele>
				<time>2026-08-06T18:36:58.165Z</time>
			</trkpt>
			<trkpt lat="39.75128" lon="20.65059">
				<ele>660.41</ele>
				<time>2026-08-06T18:37:00.323Z</time>
			</trkpt>
			<trkpt lat="39.75143" lon="20.65053">
				<ele>661.02</ele>
				<time>2026-08-06T18:37:01.860Z</time>
			</trkpt>
			<trkpt lat="39.75162" lon="20.65052">
				<ele>662.93</ele>
				<time>2026-08-06T18:37:03.723Z</time>
			</trkpt>
			<trkpt lat="39.75206" lon="20.65056">
				<ele>665.23</ele>
				<time>2026-08-06T18:37:08.041Z</time>
			</trkpt>
			<trkpt lat="39.75214" lon="20.65054">
				<ele>665.38</ele>
				<time>2026-08-06T18:37:08.838Z</time>
			</trkpt>
			<trkpt lat="39.75223" lon="20.65045">
				<ele>665.54</ele>
				<time>2026-08-06T18:37:09.949Z</time>
			</trkpt>
			<trkpt lat="39.75225" lon="20.65039">
				<ele>665.72</ele>
				<time>2026-08-06T18:37:10.441Z</time>
			</trkpt>
			<trkpt lat="39.75225" lon="20.65028">
				<ele>665.01</ele>
				<time>2026-08-06T18:37:11.268Z</time>
			</trkpt>
			<trkpt lat="39.75202" lon="20.6495">
				<ele>658.75</ele>
				<time>2026-08-06T18:37:17.546Z</time>
			</trkpt>
			<trkpt lat="39.752" lon="20.649">
				<ele>657.27</ele>
				<time>2026-08-06T18:37:21.303Z</time>
			</trkpt>
			<trkpt lat="39.75258" lon="20.64884">
				<ele>657.27</ele>
				<time>2026-08-06T18:37:27.080Z</time>
			</trkpt>
			<trkpt lat="39.75272" lon="20.64883">
				<ele>656.83</ele>
				<time>2026-08-06T18:37:28.445Z</time>
			</trkpt>
			<trkpt lat="39.75313" lon="20.64891">
				<ele>657.59</ele>
				<time>2026-08-06T18:37:32.475Z</time>
			</trkpt>
			<trkpt lat="39.75331" lon="20.64899">
				<ele>659.29</ele>
				<time>2026-08-06T18:37:34.321Z</time>
			</trkpt>
			<trkpt lat="39.7535" lon="20.64913">
				<ele>662.47</ele>
				<time>2026-08-06T18:37:36.451Z</time>
			</trkpt>
			<trkpt lat="39.75375" lon="20.64945">
				<ele>667.73</ele>
				<time>2026-08-06T18:37:39.908Z</time>
			</trkpt>
			<trkpt lat="39.75412" lon="20.64981">
				<ele>673.38</ele>
				<time>2026-08-06T18:37:44.530Z</time>
			</trkpt>
			<trkpt lat="39.75426" lon="20.65001">
				<ele>676.56</ele>
				<time>2026-08-06T18:37:46.633Z</time>
			</trkpt>
			<trkpt lat="39.7546" lon="20.65059">
				<ele>680.45</ele>
				<time>2026-08-06T18:37:52.368Z</time>
			</trkpt>
			<trkpt lat="39.75464" lon="20.65064">
				<ele>680.31</ele>
				<time>2026-08-06T18:37:52.941Z</time>
			</trkpt>
			<trkpt lat="39.75477" lon="20.6507">
				<ele>680.66</ele>
				<time>2026-08-06T18:37:54.367Z</time>
			</trkpt>
			<trkpt lat="39.75512" lon="20.65074">
				<ele>685.82</ele>
				<time>2026-08-06T18:37:58.023Z</time>
			</trkpt>
			<trkpt lat="39.75555" lon="20.65089">
				<ele>691.66</ele>
				<time>2026-08-06T18:38:02.697Z</time>
			</trkpt>
			<trkpt lat="39.75569" lon="20.6509">
				<ele>691.32</ele>
				<time>2026-08-06T18:38:04.178Z</time>
			</trkpt>
			<trkpt lat="39.75602" lon="20.65088">
				<ele>689.71</ele>
				<time>2026-08-06T18:38:07.681Z</time>
			</trkpt>
			<trkpt lat="39.75618" lon="20.65091">
				<ele>689.92</ele>
				<time>2026-08-06T18:38:09.403Z</time>
			</trkpt>
			<trkpt lat="39.75654" lon="20.65104">
				<ele>692.45</ele>
				<time>2026-08-06T18:38:13.397Z</time>
			</trkpt>
			<trkpt lat="39.75664" lon="20.65113">
				<ele>693.29</ele>
				<time>2026-08-06T18:38:14.702Z</time>
			</trkpt>
			<trkpt lat="39.75683" lon="20.65131">
				<ele>693.12</ele>
				<time>2026-08-06T18:38:17.229Z</time>
			</trkpt>
			<trkpt lat="39.75692" lon="20.65144">
				<ele>692.66</ele>
				<time>2026-08-06T18:38:18.677Z</time>
			</trkpt>
			<trkpt lat="39.75704" lon="20.65167">
				<ele>692.9</ele>
				<time>2026-08-06T18:38:20.983Z</time>
			</trkpt>
			<trkpt lat="39.75712" lon="20.65188">
				<ele>691.52</ele>
				<time>2026-08-06T18:38:22.930Z</time>
			</trkpt>
			<trkpt lat="39.75717" lon="20.65212">
				<ele>690.93</ele>
				<time>2026-08-06T18:38:24.998Z</time>
			</trkpt>
			<trkpt lat="39.75717" lon="20.65238">
				<ele>689.92</ele>
				<time>2026-08-06T18:38:27.164Z</time>
			</trkpt>
			<trkpt lat="39.75712" lon="20.65275">
				<ele>684.89</ele>
				<time>2026-08-06T18:38:30.296Z</time>
			</trkpt>
			<trkpt lat="39.75711" lon="20.65299">
				<ele>681.72</ele>
				<time>2026-08-06T18:38:32.301Z</time>
			</trkpt>
			<trkpt lat="39.75713" lon="20.65317">
				<ele>680.27</ele>
				<time>2026-08-06T18:38:33.819Z</time>
			</trkpt>
			<trkpt lat="39.75718" lon="20.65336">
				<ele>678.88</ele>
				<time>2026-08-06T18:38:35.496Z</time>
			</trkpt>
			<trkpt lat="39.75725" lon="20.65353">
				<ele>678.41</ele>
				<time>2026-08-06T18:38:37.105Z</time>
			</trkpt>
			<trkpt lat="39.75731" lon="20.65362">
				<ele>678.02</ele>
				<time>2026-08-06T18:38:38.099Z</time>
			</trkpt>
			<trkpt lat="39.7577" lon="20.65405">
				<ele>673.1</ele>
				<time>2026-08-06T18:38:43.646Z</time>
			</trkpt>
			<trkpt lat="39.75781" lon="20.65416">
				<ele>671.32</ele>
				<time>2026-08-06T18:38:45.149Z</time>
			</trkpt>
			<trkpt lat="39.75795" lon="20.65424">
				<ele>668.73</ele>
				<time>2026-08-06T18:38:46.804Z</time>
			</trkpt>
			<trkpt lat="39.75899" lon="20.65445">
				<ele>659.79</ele>
				<time>2026-08-06T18:38:58.138Z</time>
			</trkpt>
			<trkpt lat="39.75925" lon="20.65456">
				<ele>656.52</ele>
				<time>2026-08-06T18:39:01.060Z</time>
			</trkpt>
			<trkpt lat="39.75941" lon="20.65459">
				<ele>654.25</ele>
				<time>2026-08-06T18:39:02.782Z</time>
			</trkpt>
			<trkpt lat="39.75961" lon="20.65459">
				<ele>652.66</ele>
				<time>2026-08-06T18:39:04.906Z</time>
			</trkpt>
			<trkpt lat="39.7598" lon="20.65456">
				<ele>650.99</ele>
				<time>2026-08-06T18:39:06.931Z</time>
			</trkpt>
			<trkpt lat="39.75988" lon="20.65458">
				<ele>649.97</ele>
				<time>2026-08-06T18:39:07.791Z</time>
			</trkpt>
			<trkpt lat="39.76013" lon="20.65468">
				<ele>647.18</ele>
				<time>2026-08-06T18:39:10.543Z</time>
			</trkpt>
			<trkpt lat="39.76035" lon="20.65476">
				<ele>644.69</ele>
				<time>2026-08-06T18:39:12.933Z</time>
			</trkpt>
			<trkpt lat="39.76094" lon="20.65476">
				<ele>640.41</ele>
				<time>2026-08-06T18:39:19.049Z</time>
			</trkpt>
			<trkpt lat="39.76124" lon="20.65479">
				<ele>636.1</ele>
				<time>2026-08-06T18:39:22.131Z</time>
			</trkpt>
			<trkpt lat="39.76153" lon="20.6549">
				<ele>633.59</ele>
				<time>2026-08-06T18:39:25.198Z</time>
			</trkpt>
			<trkpt lat="39.76162" lon="20.65495">
				<ele>633.06</ele>
				<time>2026-08-06T18:39:26.185Z</time>
			</trkpt>
			<trkpt lat="39.76197" lon="20.65519">
				<ele>632.48</ele>
				<time>2026-08-06T18:39:30.145Z</time>
			</trkpt>
			<trkpt lat="39.76207" lon="20.65528">
				<ele>633.43</ele>
				<time>2026-08-06T18:39:31.351Z</time>
			</trkpt>
			<trkpt lat="39.7624" lon="20.65567">
				<ele>629.97</ele>
				<time>2026-08-06T18:39:35.726Z</time>
			</trkpt>
			<trkpt lat="39.76256" lon="20.65577">
				<ele>627.63</ele>
				<time>2026-08-06T18:39:37.447Z</time>
			</trkpt>
			<trkpt lat="39.76267" lon="20.65581">
				<ele>627.1</ele>
				<time>2026-08-06T18:39:38.548Z</time>
			</trkpt>
			<trkpt lat="39.76289" lon="20.65586">
				<ele>626.57</ele>
				<time>2026-08-06T18:39:40.684Z</time>
			</trkpt>
			<trkpt lat="39.76336" lon="20.65589">
				<ele>623.9</ele>
				<time>2026-08-06T18:39:45.114Z</time>
			</trkpt>
			<trkpt lat="39.76363" lon="20.65587">
				<ele>620.97</ele>
				<time>2026-08-06T18:39:47.615Z</time>
			</trkpt>
			<trkpt lat="39.76406" lon="20.65685">
				<ele>618.67</ele>
				<time>2026-08-06T18:39:55.394Z</time>
			</trkpt>
			<trkpt lat="39.76411" lon="20.65702">
				<ele>617.94</ele>
				<time>2026-08-06T18:39:56.612Z</time>
			</trkpt>
			<trkpt lat="39.76422" lon="20.65777">
				<ele>615.79</ele>
				<time>2026-08-06T18:40:01.592Z</time>
			</trkpt>
			<trkpt lat="39.76429" lon="20.65791">
				<ele>615.52</ele>
				<time>2026-08-06T18:40:02.640Z</time>
			</trkpt>
			<trkpt lat="39.76457" lon="20.65829">
				<ele>614.59</ele>
				<time>2026-08-06T18:40:05.834Z</time>
			</trkpt>
			<trkpt lat="39.76469" lon="20.65861">
				<ele>612.21</ele>
				<time>2026-08-06T18:40:07.905Z</time>
			</trkpt>
			<trkpt lat="39.76481" lon="20.65902">
				<ele>611.52</ele>
				<time>2026-08-06T18:40:10.361Z</time>
			</trkpt>
			<trkpt lat="39.76534" lon="20.66032">
				<ele>609.19</ele>
				<time>2026-08-06T18:40:17.906Z</time>
			</trkpt>
			<trkpt lat="39.76555" lon="20.66079">
				<ele>607.3</ele>
				<time>2026-08-06T18:40:20.453Z</time>
			</trkpt>
			<trkpt lat="39.76629" lon="20.66228">
				<ele>606.64</ele>
				<time>2026-08-06T18:40:28.040Z</time>
			</trkpt>
			<trkpt lat="39.76665" lon="20.66291">
				<ele>606.53</ele>
				<time>2026-08-06T18:40:31.114Z</time>
			</trkpt>
			<trkpt lat="39.76938" lon="20.66793">
				<ele>610.22</ele>
				<time>2026-08-06T18:40:53.341Z</time>
			</trkpt>
			<trkpt lat="39.7706" lon="20.67021">
				<ele>610.94</ele>
				<time>2026-08-06T18:41:05.023Z</time>
			</trkpt>
			<trkpt lat="39.77072" lon="20.67054">
				<ele>612.54</ele>
				<time>2026-08-06T18:41:06.754Z</time>
			</trkpt>
			<trkpt lat="39.7708" lon="20.67109">
				<ele>613.83</ele>
				<time>2026-08-06T18:41:09.519Z</time>
			</trkpt>
			<trkpt lat="39.77124" lon="20.67329">
				<ele>612</ele>
				<time>2026-08-06T18:41:22.347Z</time>
			</trkpt>
			<trkpt lat="39.77151" lon="20.67432">
				<ele>612.12</ele>
				<time>2026-08-06T18:41:29.559Z</time>
			</trkpt>
			<trkpt lat="39.77201" lon="20.67603">
				<ele>615.18</ele>
				<time>2026-08-06T18:41:43.560Z</time>
			</trkpt>
			<trkpt lat="39.77208" lon="20.67616">
				<ele>615.18</ele>
				<time>2026-08-06T18:41:44.896Z</time>
			</trkpt>
			<trkpt lat="39.77222" lon="20.67638">
				<ele>614.96</ele>
				<time>2026-08-06T18:41:47.353Z</time>
			</trkpt>
			<trkpt lat="39.77259" lon="20.6771">
				<ele>615.06</ele>
				<time>2026-08-06T18:41:55.229Z</time>
			</trkpt>
			<trkpt lat="39.77245" lon="20.67733">
				<ele>616.45</ele>
				<time>2026-08-06T18:41:58.048Z</time>
			</trkpt>
			<trkpt lat="39.77197" lon="20.67857">
				<ele>618.65</ele>
				<time>2026-08-06T18:42:12.486Z</time>
			</trkpt>
			<trkpt lat="39.77192" lon="20.67876">
				<ele>619.6</ele>
				<time>2026-08-06T18:42:14.857Z</time>
			</trkpt>
			<trkpt lat="39.77191" lon="20.67915">
				<ele>619.14</ele>
				<time>2026-08-06T18:42:22.228Z</time>
			</trkpt>
			<trkpt lat="39.77181" lon="20.67953">
				<ele>620.48</ele>
				<time>2026-08-06T18:42:33.096Z</time>
			</trkpt>
			<trkpt lat="39.77181" lon="20.67963">
				<ele>621.11</ele>
				<time>2026-08-06T18:42:36.180Z</time>
			</trkpt>
			<trkpt lat="39.77181" lon="20.67953">
				<ele>620.48</ele>
				<time>2026-08-06T18:42:39.377Z</time>
			</trkpt>
			<trkpt lat="39.77191" lon="20.67915">
				<ele>619.14</ele>
				<time>2026-08-06T18:42:52.984Z</time>
			</trkpt>
			<trkpt lat="39.77192" lon="20.67876">
				<ele>619.6</ele>
				<time>2026-08-06T18:43:06.521Z</time>
			</trkpt>
			<trkpt lat="39.77197" lon="20.67857">
				<ele>618.65</ele>
				<time>2026-08-06T18:43:13.243Z</time>
			</trkpt>
			<trkpt lat="39.77245" lon="20.67733">
				<ele>616.45</ele>
				<time>2026-08-06T18:43:48.078Z</time>
			</trkpt>
			<trkpt lat="39.77259" lon="20.6771">
				<ele>615.06</ele>
				<time>2026-08-06T18:43:54.437Z</time>
			</trkpt>
			<trkpt lat="39.77286" lon="20.67766">
				<ele>616.6</ele>
				<time>2026-08-06T18:44:07.505Z</time>
			</trkpt>
			<trkpt lat="39.773" lon="20.67785">
				<ele>617.29</ele>
				<time>2026-08-06T18:44:11.950Z</time>
			</trkpt>
			<trkpt lat="39.77333" lon="20.67807">
				<ele>617.99</ele>
				<time>2026-08-06T18:44:18.504Z</time>
			</trkpt>
			<trkpt lat="39.77387" lon="20.67862">
				<ele>618.16</ele>
				<time>2026-08-06T18:44:24.919Z</time>
			</trkpt>
			<trkpt lat="39.77434" lon="20.67913">
				<ele>617.68</ele>
				<time>2026-08-06T18:44:28.794Z</time>
			</trkpt>
			<trkpt lat="39.77482" lon="20.6795">
				<ele>616.58</ele>
				<time>2026-08-06T18:44:31.601Z</time>
			</trkpt>
			<trkpt lat="39.77506" lon="20.67963">
				<ele>617.97</ele>
				<time>2026-08-06T18:44:32.728Z</time>
			</trkpt>
			<trkpt lat="39.77518" lon="20.67974">
				<ele>618.7</ele>
				<time>2026-08-06T18:44:33.323Z</time>
			</trkpt>
			<trkpt lat="39.77547" lon="20.68007">
				<ele>618.75</ele>
				<time>2026-08-06T18:44:34.777Z</time>
			</trkpt>
			<trkpt lat="39.77564" lon="20.68032">
				<ele>620.05</ele>
				<time>2026-08-06T18:44:35.681Z</time>
			</trkpt>
			<trkpt lat="39.77589" lon="20.68048">
				<ele>621.03</ele>
				<time>2026-08-06T18:44:36.629Z</time>
			</trkpt>
			<trkpt lat="39.77608" lon="20.68073">
				<ele>622.51</ele>
				<time>2026-08-06T18:44:37.538Z</time>
			</trkpt>
			<trkpt lat="39.77635" lon="20.68001">
				<ele>623.61</ele>
				<time>2026-08-06T18:44:39.679Z</time>
			</trkpt>
			<trkpt lat="39.77653" lon="20.6797">
				<ele>623.88</ele>
				<time>2026-08-06T18:44:40.813Z</time>
			</trkpt>
			<trkpt lat="39.7767" lon="20.67949">
				<ele>622.55</ele>
				<time>2026-08-06T18:44:41.772Z</time>
			</trkpt>
			<trkpt lat="39.77747" lon="20.67874">
				<ele>619</ele>
				<time>2026-08-06T18:44:46.132Z</time>
			</trkpt>
			<trkpt lat="39.77762" lon="20.67849">
				<ele>619.14</ele>
				<time>2026-08-06T18:44:47.236Z</time>
			</trkpt>
			<trkpt lat="39.77853" lon="20.67684">
				<ele>621.35</ele>
				<time>2026-08-06T18:44:54.202Z</time>
			</trkpt>
			<trkpt lat="39.77918" lon="20.67586">
				<ele>621.12</ele>
				<time>2026-08-06T18:44:58.565Z</time>
			</trkpt>
			<trkpt lat="39.77947" lon="20.67531">
				<ele>620.87</ele>
				<time>2026-08-06T18:45:00.796Z</time>
			</trkpt>
			<trkpt lat="39.77964" lon="20.67496">
				<ele>621.28</ele>
				<time>2026-08-06T18:45:02.175Z</time>
			</trkpt>
			<trkpt lat="39.77987" lon="20.67431">
				<ele>621.2</ele>
				<time>2026-08-06T18:45:04.552Z</time>
			</trkpt>
			<trkpt lat="39.78001" lon="20.67375">
				<ele>621.05</ele>
				<time>2026-08-06T18:45:06.502Z</time>
			</trkpt>
			<trkpt lat="39.78008" lon="20.67354">
				<ele>621.38</ele>
				<time>2026-08-06T18:45:07.259Z</time>
			</trkpt>
			<trkpt lat="39.78018" lon="20.6733">
				<ele>622.44</ele>
				<time>2026-08-06T18:45:08.161Z</time>
			</trkpt>
			<trkpt lat="39.78059" lon="20.67265">
				<ele>626.32</ele>
				<time>2026-08-06T18:45:10.937Z</time>
			</trkpt>
			<trkpt lat="39.78073" lon="20.67236">
				<ele>626.36</ele>
				<time>2026-08-06T18:45:12.067Z</time>
			</trkpt>
			<trkpt lat="39.78107" lon="20.67142">
				<ele>624.73</ele>
				<time>2026-08-06T18:45:15.496Z</time>
			</trkpt>
			<trkpt lat="39.78157" lon="20.67012">
				<ele>628.34</ele>
				<time>2026-08-06T18:45:20.307Z</time>
			</trkpt>
			<trkpt lat="39.78204" lon="20.66907">
				<ele>633.24</ele>
				<time>2026-08-06T18:45:24.354Z</time>
			</trkpt>
			<trkpt lat="39.7826" lon="20.66772">
				<ele>635.42</ele>
				<time>2026-08-06T18:45:29.513Z</time>
			</trkpt>
			<trkpt lat="39.78298" lon="20.6669">
				<ele>639.78</ele>
				<time>2026-08-06T18:45:32.772Z</time>
			</trkpt>
			<trkpt lat="39.78307" lon="20.66665">
				<ele>640.18</ele>
				<time>2026-08-06T18:45:33.718Z</time>
			</trkpt>
			<trkpt lat="39.78313" lon="20.66642">
				<ele>641.43</ele>
				<time>2026-08-06T18:45:34.553Z</time>
			</trkpt>
			<trkpt lat="39.78317" lon="20.66597">
				<ele>641.43</ele>
				<time>2026-08-06T18:45:36.117Z</time>
			</trkpt>
			<trkpt lat="39.78321" lon="20.66584">
				<ele>641.56</ele>
				<time>2026-08-06T18:45:36.602Z</time>
			</trkpt>
			<trkpt lat="39.78364" lon="20.665">
				<ele>647.26</ele>
				<time>2026-08-06T18:45:40.128Z</time>
			</trkpt>
			<trkpt lat="39.78381" lon="20.66471">
				<ele>648.74</ele>
				<time>2026-08-06T18:45:41.415Z</time>
			</trkpt>
			<trkpt lat="39.7839" lon="20.66463">
				<ele>649.05</ele>
				<time>2026-08-06T18:45:41.917Z</time>
			</trkpt>
			<trkpt lat="39.78416" lon="20.66448">
				<ele>649.98</ele>
				<time>2026-08-06T18:45:43.233Z</time>
			</trkpt>
			<trkpt lat="39.78426" lon="20.66434">
				<ele>651.13</ele>
				<time>2026-08-06T18:45:43.916Z</time>
			</trkpt>
			<trkpt lat="39.78445" lon="20.66398">
				<ele>655.43</ele>
				<time>2026-08-06T18:45:45.485Z</time>
			</trkpt>
			<trkpt lat="39.78457" lon="20.66353">
				<ele>659.19</ele>
				<time>2026-08-06T18:45:47.210Z</time>
			</trkpt>
			<trkpt lat="39.78475" lon="20.66282">
				<ele>663.5</ele>
				<time>2026-08-06T18:45:49.947Z</time>
			</trkpt>
			<trkpt lat="39.78501" lon="20.66194">
				<ele>674.18</ele>
				<time>2026-08-06T18:45:53.454Z</time>
			</trkpt>
			<trkpt lat="39.78522" lon="20.66148">
				<ele>679.8</ele>
				<time>2026-08-06T18:45:55.475Z</time>
			</trkpt>
			<trkpt lat="39.78534" lon="20.66128">
				<ele>680.97</ele>
				<time>2026-08-06T18:45:56.441Z</time>
			</trkpt>
			<trkpt lat="39.78541" lon="20.66103">
				<ele>682.82</ele>
				<time>2026-08-06T18:45:57.459Z</time>
			</trkpt>
			<trkpt lat="39.78545" lon="20.66083">
				<ele>685.02</ele>
				<time>2026-08-06T18:45:58.254Z</time>
			</trkpt>
			<trkpt lat="39.78548" lon="20.66043">
				<ele>688.41</ele>
				<time>2026-08-06T18:45:59.811Z</time>
			</trkpt>
			<trkpt lat="39.78552" lon="20.66031">
				<ele>688.88</ele>
				<time>2026-08-06T18:46:00.321Z</time>
			</trkpt>
			<trkpt lat="39.78602" lon="20.65911">
				<ele>691.4</ele>
				<time>2026-08-06T18:46:05.732Z</time>
			</trkpt>
			<trkpt lat="39.78615" lon="20.65897">
				<ele>692.51</ele>
				<time>2026-08-06T18:46:06.618Z</time>
			</trkpt>
			<trkpt lat="39.78621" lon="20.65887">
				<ele>693.39</ele>
				<time>2026-08-06T18:46:07.133Z</time>
			</trkpt>
			<trkpt lat="39.78639" lon="20.65861">
				<ele>695.08</ele>
				<time>2026-08-06T18:46:08.560Z</time>
			</trkpt>
			<trkpt lat="39.78648" lon="20.65854">
				<ele>695.15</ele>
				<time>2026-08-06T18:46:09.120Z</time>
			</trkpt>
			<trkpt lat="39.78658" lon="20.65851">
				<ele>695.69</ele>
				<time>2026-08-06T18:46:09.670Z</time>
			</trkpt>
			<trkpt lat="39.78708" lon="20.65853">
				<ele>695.92</ele>
				<time>2026-08-06T18:46:12.376Z</time>
			</trkpt>
			<trkpt lat="39.78737" lon="20.65838">
				<ele>695.75</ele>
				<time>2026-08-06T18:46:14.087Z</time>
			</trkpt>
			<trkpt lat="39.7887" lon="20.65741">
				<ele>708.07</ele>
				<time>2026-08-06T18:46:22.773Z</time>
			</trkpt>
			<trkpt lat="39.78882" lon="20.65723">
				<ele>707.6</ele>
				<time>2026-08-06T18:46:23.854Z</time>
			</trkpt>
			<trkpt lat="39.78909" lon="20.65674">
				<ele>708.29</ele>
				<time>2026-08-06T18:46:26.626Z</time>
			</trkpt>
			<trkpt lat="39.78931" lon="20.65641">
				<ele>708.48</ele>
				<time>2026-08-06T18:46:28.666Z</time>
			</trkpt>
			<trkpt lat="39.78939" lon="20.65611">
				<ele>705.33</ele>
				<time>2026-08-06T18:46:30.164Z</time>
			</trkpt>
			<trkpt lat="39.78942" lon="20.65589">
				<ele>702.61</ele>
				<time>2026-08-06T18:46:31.226Z</time>
			</trkpt>
			<trkpt lat="39.78943" lon="20.65538">
				<ele>700.85</ele>
				<time>2026-08-06T18:46:33.675Z</time>
			</trkpt>
			<trkpt lat="39.78945" lon="20.65513">
				<ele>700.63</ele>
				<time>2026-08-06T18:46:34.894Z</time>
			</trkpt>
			<trkpt lat="39.78949" lon="20.65496">
				<ele>700.67</ele>
				<time>2026-08-06T18:46:35.761Z</time>
			</trkpt>
			<trkpt lat="39.78956" lon="20.65482">
				<ele>700.96</ele>
				<time>2026-08-06T18:46:36.579Z</time>
			</trkpt>
			<trkpt lat="39.78994" lon="20.65444">
				<ele>704.07</ele>
				<time>2026-08-06T18:46:39.662Z</time>
			</trkpt>
			<trkpt lat="39.79018" lon="20.65417">
				<ele>706.45</ele>
				<time>2026-08-06T18:46:41.728Z</time>
			</trkpt>
			<trkpt lat="39.79031" lon="20.65388">
				<ele>705.63</ele>
				<time>2026-08-06T18:46:43.423Z</time>
			</trkpt>
			<trkpt lat="39.79038" lon="20.65361">
				<ele>704.38</ele>
				<time>2026-08-06T18:46:44.871Z</time>
			</trkpt>
			<trkpt lat="39.79044" lon="20.65332">
				<ele>702.45</ele>
				<time>2026-08-06T18:46:46.407Z</time>
			</trkpt>
			<trkpt lat="39.79061" lon="20.65278">
				<ele>701.41</ele>
				<time>2026-08-06T18:46:49.419Z</time>
			</trkpt>
			<trkpt lat="39.79069" lon="20.65241">
				<ele>701.38</ele>
				<time>2026-08-06T18:46:51.422Z</time>
			</trkpt>
			<trkpt lat="39.79074" lon="20.65227">
				<ele>700.47</ele>
				<time>2026-08-06T18:46:52.231Z</time>
			</trkpt>
			<trkpt lat="39.79081" lon="20.65218">
				<ele>700.1</ele>
				<time>2026-08-06T18:46:52.903Z</time>
			</trkpt>
			<trkpt lat="39.79107" lon="20.65202">
				<ele>700.92</ele>
				<time>2026-08-06T18:46:54.879Z</time>
			</trkpt>
			<trkpt lat="39.79116" lon="20.65192">
				<ele>701.12</ele>
				<time>2026-08-06T18:46:55.696Z</time>
			</trkpt>
			<trkpt lat="39.79122" lon="20.65181">
				<ele>701.04</ele>
				<time>2026-08-06T18:46:56.413Z</time>
			</trkpt>
			<trkpt lat="39.79136" lon="20.65116">
				<ele>697.33</ele>
				<time>2026-08-06T18:47:00.028Z</time>
			</trkpt>
			<trkpt lat="39.79144" lon="20.65103">
				<ele>696.1</ele>
				<time>2026-08-06T18:47:00.926Z</time>
			</trkpt>
			<trkpt lat="39.79152" lon="20.65093">
				<ele>695.44</ele>
				<time>2026-08-06T18:47:01.707Z</time>
			</trkpt>
			<trkpt lat="39.79166" lon="20.65082">
				<ele>695.73</ele>
				<time>2026-08-06T18:47:02.861Z</time>
			</trkpt>
			<trkpt lat="39.79179" lon="20.65078">
				<ele>694.15</ele>
				<time>2026-08-06T18:47:03.806Z</time>
			</trkpt>
			<trkpt lat="39.79193" lon="20.65078">
				<ele>693.47</ele>
				<time>2026-08-06T18:47:04.800Z</time>
			</trkpt>
			<trkpt lat="39.7921" lon="20.65084">
				<ele>693.16</ele>
				<time>2026-08-06T18:47:06.054Z</time>
			</trkpt>
			<trkpt lat="39.79227" lon="20.65095">
				<ele>693.92</ele>
				<time>2026-08-06T18:47:07.411Z</time>
			</trkpt>
			<trkpt lat="39.79243" lon="20.65112">
				<ele>694.59</ele>
				<time>2026-08-06T18:47:08.893Z</time>
			</trkpt>
			<trkpt lat="39.79251" lon="20.65128">
				<ele>694.12</ele>
				<time>2026-08-06T18:47:09.948Z</time>
			</trkpt>
			<trkpt lat="39.79256" lon="20.65149">
				<ele>693.57</ele>
				<time>2026-08-06T18:47:11.168Z</time>
			</trkpt>
			<trkpt lat="39.79256" lon="20.65237">
				<ele>699.76</ele>
				<time>2026-08-06T18:47:16.084Z</time>
			</trkpt>
			<trkpt lat="39.79261" lon="20.65285">
				<ele>699.2</ele>
				<time>2026-08-06T18:47:18.813Z</time>
			</trkpt>
			<trkpt lat="39.79264" lon="20.65303">
				<ele>697.54</ele>
				<time>2026-08-06T18:47:19.855Z</time>
			</trkpt>
			<trkpt lat="39.7927" lon="20.65316">
				<ele>696.68</ele>
				<time>2026-08-06T18:47:20.714Z</time>
			</trkpt>
			<trkpt lat="39.7928" lon="20.6532">
				<ele>694.13</ele>
				<time>2026-08-06T18:47:21.487Z</time>
			</trkpt>
			<trkpt lat="39.79288" lon="20.6532">
				<ele>693.93</ele>
				<time>2026-08-06T18:47:22.079Z</time>
			</trkpt>
			<trkpt lat="39.79298" lon="20.65314">
				<ele>692.4</ele>
				<time>2026-08-06T18:47:22.895Z</time>
			</trkpt>
			<trkpt lat="39.79312" lon="20.653">
				<ele>689.54</ele>
				<time>2026-08-06T18:47:24.205Z</time>
			</trkpt>
			<trkpt lat="39.79325" lon="20.6529">
				<ele>688.09</ele>
				<time>2026-08-06T18:47:25.329Z</time>
			</trkpt>
			<trkpt lat="39.79335" lon="20.65285">
				<ele>687.11</ele>
				<time>2026-08-06T18:47:26.127Z</time>
			</trkpt>
			<trkpt lat="39.79343" lon="20.65284">
				<ele>687.08</ele>
				<time>2026-08-06T18:47:26.727Z</time>
			</trkpt>
			<trkpt lat="39.79359" lon="20.65285">
				<ele>687.75</ele>
				<time>2026-08-06T18:47:27.924Z</time>
			</trkpt>
			<trkpt lat="39.79383" lon="20.65294">
				<ele>687</ele>
				<time>2026-08-06T18:47:29.795Z</time>
			</trkpt>
			<trkpt lat="39.79401" lon="20.65296">
				<ele>686.8</ele>
				<time>2026-08-06T18:47:31.152Z</time>
			</trkpt>
			<trkpt lat="39.79432" lon="20.65288">
				<ele>687.68</ele>
				<time>2026-08-06T18:47:33.533Z</time>
			</trkpt>
			<trkpt lat="39.79467" lon="20.65309">
				<ele>684.99</ele>
				<time>2026-08-06T18:47:36.447Z</time>
			</trkpt>
			<trkpt lat="39.79492" lon="20.6534">
				<ele>681.55</ele>
				<time>2026-08-06T18:47:39.067Z</time>
			</trkpt>
			<trkpt lat="39.79524" lon="20.65374">
				<ele>679.05</ele>
				<time>2026-08-06T18:47:42.213Z</time>
			</trkpt>
			<trkpt lat="39.79568" lon="20.65428">
				<ele>672.75</ele>
				<time>2026-08-06T18:47:46.839Z</time>
			</trkpt>
			<trkpt lat="39.79614" lon="20.65499">
				<ele>667.88</ele>
				<time>2026-08-06T18:47:52.322Z</time>
			</trkpt>
			<trkpt lat="39.79632" lon="20.65532">
				<ele>665.23</ele>
				<time>2026-08-06T18:47:54.719Z</time>
			</trkpt>
			<trkpt lat="39.79642" lon="20.65554">
				<ele>663.88</ele>
				<time>2026-08-06T18:47:56.235Z</time>
			</trkpt>
			<trkpt lat="39.79652" lon="20.65581">
				<ele>662.08</ele>
				<time>2026-08-06T18:47:58.014Z</time>
			</trkpt>
			<trkpt lat="39.79672" lon="20.65616">
				<ele>658.59</ele>
				<time>2026-08-06T18:48:00.606Z</time>
			</trkpt>
			<trkpt lat="39.79687" lon="20.65634">
				<ele>654.54</ele>
				<time>2026-08-06T18:48:02.186Z</time>
			</trkpt>
			<trkpt lat="39.79711" lon="20.65656">
				<ele>650.5</ele>
				<time>2026-08-06T18:48:04.461Z</time>
			</trkpt>
			<trkpt lat="39.7974" lon="20.65688">
				<ele>647.82</ele>
				<time>2026-08-06T18:48:07.410Z</time>
			</trkpt>
			<trkpt lat="39.79753" lon="20.65699">
				<ele>647.24</ele>
				<time>2026-08-06T18:48:08.613Z</time>
			</trkpt>
			<trkpt lat="39.79788" lon="20.65712">
				<ele>647.74</ele>
				<time>2026-08-06T18:48:11.438Z</time>
			</trkpt>
			<trkpt lat="39.79822" lon="20.65712">
				<ele>647.53</ele>
				<time>2026-08-06T18:48:14.079Z</time>
			</trkpt>
			<trkpt lat="39.79842" lon="20.65716">
				<ele>647.26</ele>
				<time>2026-08-06T18:48:15.650Z</time>
			</trkpt>
			<trkpt lat="39.79934" lon="20.65754">
				<ele>643.1</ele>
				<time>2026-08-06T18:48:23.143Z</time>
			</trkpt>
			<trkpt lat="39.7997" lon="20.65772">
				<ele>644.28</ele>
				<time>2026-08-06T18:48:26.133Z</time>
			</trkpt>
			<trkpt lat="39.79994" lon="20.6579">
				<ele>644.28</ele>
				<time>2026-08-06T18:48:28.279Z</time>
			</trkpt>
			<trkpt lat="39.80004" lon="20.65791">
				<ele>644.12</ele>
				<time>2026-08-06T18:48:29.055Z</time>
			</trkpt>
			<trkpt lat="39.80048" lon="20.65777">
				<ele>645.22</ele>
				<time>2026-08-06T18:48:32.558Z</time>
			</trkpt>
			<trkpt lat="39.80082" lon="20.65772">
				<ele>646.77</ele>
				<time>2026-08-06T18:48:35.200Z</time>
			</trkpt>
			<trkpt lat="39.80116" lon="20.65771">
				<ele>643.79</ele>
				<time>2026-08-06T18:48:37.820Z</time>
			</trkpt>
			<trkpt lat="39.80146" lon="20.65766">
				<ele>641.77</ele>
				<time>2026-08-06T18:48:40.147Z</time>
			</trkpt>
			<trkpt lat="39.80157" lon="20.65767">
				<ele>641.93</ele>
				<time>2026-08-06T18:48:40.994Z</time>
			</trkpt>
			<trkpt lat="39.80167" lon="20.65771">
				<ele>642.59</ele>
				<time>2026-08-06T18:48:41.797Z</time>
			</trkpt>
			<trkpt lat="39.80188" lon="20.65788">
				<ele>645.1</ele>
				<time>2026-08-06T18:48:43.693Z</time>
			</trkpt>
			<trkpt lat="39.80196" lon="20.65792">
				<ele>645.44</ele>
				<time>2026-08-06T18:48:44.349Z</time>
			</trkpt>
			<trkpt lat="39.80226" lon="20.65796">
				<ele>644.5</ele>
				<time>2026-08-06T18:48:46.655Z</time>
			</trkpt>
			<trkpt lat="39.80239" lon="20.65802">
				<ele>645.09</ele>
				<time>2026-08-06T18:48:47.708Z</time>
			</trkpt>
			<trkpt lat="39.80275" lon="20.65823">
				<ele>644.82</ele>
				<time>2026-08-06T18:48:50.711Z</time>
			</trkpt>
			<trkpt lat="39.80309" lon="20.65854">
				<ele>644.42</ele>
				<time>2026-08-06T18:48:53.860Z</time>
			</trkpt>
			<trkpt lat="39.8032" lon="20.65859">
				<ele>644.65</ele>
				<time>2026-08-06T18:48:54.742Z</time>
			</trkpt>
			<trkpt lat="39.80386" lon="20.65855">
				<ele>640.81</ele>
				<time>2026-08-06T18:48:59.720Z</time>
			</trkpt>
			<trkpt lat="39.80462" lon="20.65859">
				<ele>637.09</ele>
				<time>2026-08-06T18:49:05.402Z</time>
			</trkpt>
			<trkpt lat="39.80484" lon="20.6587">
				<ele>638.2</ele>
				<time>2026-08-06T18:49:07.150Z</time>
			</trkpt>
			<trkpt lat="39.80499" lon="20.65891">
				<ele>645.23</ele>
				<time>2026-08-06T18:49:08.780Z</time>
			</trkpt>
			<trkpt lat="39.80547" lon="20.65941">
				<ele>643.78</ele>
				<time>2026-08-06T18:49:13.300Z</time>
			</trkpt>
			<trkpt lat="39.80564" lon="20.6596">
				<ele>641.25</ele>
				<time>2026-08-06T18:49:14.936Z</time>
			</trkpt>
			<trkpt lat="39.8058" lon="20.65983">
				<ele>638.97</ele>
				<time>2026-08-06T18:49:16.670Z</time>
			</trkpt>
			<trkpt lat="39.80611" lon="20.66039">
				<ele>638.06</ele>
				<time>2026-08-06T18:49:20.502Z</time>
			</trkpt>
			<trkpt lat="39.8063" lon="20.66063">
				<ele>634.35</ele>
				<time>2026-08-06T18:49:22.402Z</time>
			</trkpt>
			<trkpt lat="39.80642" lon="20.66075">
				<ele>632.74</ele>
				<time>2026-08-06T18:49:23.483Z</time>
			</trkpt>
			<trkpt lat="39.80674" lon="20.66097">
				<ele>629.25</ele>
				<time>2026-08-06T18:49:26.057Z</time>
			</trkpt>
			<trkpt lat="39.80681" lon="20.66104">
				<ele>628.21</ele>
				<time>2026-08-06T18:49:26.682Z</time>
			</trkpt>
			<trkpt lat="39.80699" lon="20.66136">
				<ele>625.44</ele>
				<time>2026-08-06T18:49:28.830Z</time>
			</trkpt>
			<trkpt lat="39.80703" lon="20.66147">
				<ele>624.57</ele>
				<time>2026-08-06T18:49:29.486Z</time>
			</trkpt>
			<trkpt lat="39.80706" lon="20.66187">
				<ele>623.52</ele>
				<time>2026-08-06T18:49:31.644Z</time>
			</trkpt>
			<trkpt lat="39.80711" lon="20.66219">
				<ele>620.99</ele>
				<time>2026-08-06T18:49:33.386Z</time>
			</trkpt>
			<trkpt lat="39.80716" lon="20.66223">
				<ele>619.95</ele>
				<time>2026-08-06T18:49:33.793Z</time>
			</trkpt>
			<trkpt lat="39.8071" lon="20.66251">
				<ele>618.99</ele>
				<time>2026-08-06T18:49:35.333Z</time>
			</trkpt>
			<trkpt lat="39.8071" lon="20.6628">
				<ele>617.56</ele>
				<time>2026-08-06T18:49:36.862Z</time>
			</trkpt>
			<trkpt lat="39.80712" lon="20.66296">
				<ele>616.03</ele>
				<time>2026-08-06T18:49:37.713Z</time>
			</trkpt>
			<trkpt lat="39.80731" lon="20.66347">
				<ele>609.33</ele>
				<time>2026-08-06T18:49:40.667Z</time>
			</trkpt>
			<trkpt lat="39.80742" lon="20.66382">
				<ele>607.07</ele>
				<time>2026-08-06T18:49:42.619Z</time>
			</trkpt>
			<trkpt lat="39.80752" lon="20.66446">
				<ele>604.97</ele>
				<time>2026-08-06T18:49:45.959Z</time>
			</trkpt>
			<trkpt lat="39.80752" lon="20.66465">
				<ele>605.66</ele>
				<time>2026-08-06T18:49:46.925Z</time>
			</trkpt>
			<trkpt lat="39.80749" lon="20.66483">
				<ele>606.39</ele>
				<time>2026-08-06T18:49:47.859Z</time>
			</trkpt>
			<trkpt lat="39.80743" lon="20.66502">
				<ele>607.11</ele>
				<time>2026-08-06T18:49:48.898Z</time>
			</trkpt>
			<trkpt lat="39.80732" lon="20.66563">
				<ele>605.43</ele>
				<time>2026-08-06T18:49:52.049Z</time>
			</trkpt>
			<trkpt lat="39.80732" lon="20.66595">
				<ele>601.41</ele>
				<time>2026-08-06T18:49:53.649Z</time>
			</trkpt>
			<trkpt lat="39.80738" lon="20.66625">
				<ele>599.69</ele>
				<time>2026-08-06T18:49:55.192Z</time>
			</trkpt>
			<trkpt lat="39.80739" lon="20.66637">
				<ele>599.1</ele>
				<time>2026-08-06T18:49:55.791Z</time>
			</trkpt>
			<trkpt lat="39.80733" lon="20.6665">
				<ele>598.5</ele>
				<time>2026-08-06T18:49:56.543Z</time>
			</trkpt>
			<trkpt lat="39.80705" lon="20.66683">
				<ele>595.24</ele>
				<time>2026-08-06T18:49:58.969Z</time>
			</trkpt>
			<trkpt lat="39.80701" lon="20.66698">
				<ele>594.79</ele>
				<time>2026-08-06T18:49:59.750Z</time>
			</trkpt>
			<trkpt lat="39.80699" lon="20.66721">
				<ele>594.93</ele>
				<time>2026-08-06T18:50:00.884Z</time>
			</trkpt>
			<trkpt lat="39.80701" lon="20.66743">
				<ele>594.85</ele>
				<time>2026-08-06T18:50:01.968Z</time>
			</trkpt>
			<trkpt lat="39.80707" lon="20.66773">
				<ele>592.46</ele>
				<time>2026-08-06T18:50:03.478Z</time>
			</trkpt>
			<trkpt lat="39.80713" lon="20.66791">
				<ele>590.87</ele>
				<time>2026-08-06T18:50:04.431Z</time>
			</trkpt>
			<trkpt lat="39.80732" lon="20.66837">
				<ele>587.32</ele>
				<time>2026-08-06T18:50:06.957Z</time>
			</trkpt>
			<trkpt lat="39.80746" lon="20.6688">
				<ele>588.01</ele>
				<time>2026-08-06T18:50:09.203Z</time>
			</trkpt>
			<trkpt lat="39.80752" lon="20.66907">
				<ele>588.99</ele>
				<time>2026-08-06T18:50:10.548Z</time>
			</trkpt>
			<trkpt lat="39.80763" lon="20.66997">
				<ele>587.42</ele>
				<time>2026-08-06T18:50:14.880Z</time>
			</trkpt>
			<trkpt lat="39.80763" lon="20.67014">
				<ele>587.53</ele>
				<time>2026-08-06T18:50:15.683Z</time>
			</trkpt>
			<trkpt lat="39.80753" lon="20.67074">
				<ele>586.7</ele>
				<time>2026-08-06T18:50:18.570Z</time>
			</trkpt>
			<trkpt lat="39.80751" lon="20.67095">
				<ele>586.77</ele>
				<time>2026-08-06T18:50:19.560Z</time>
			</trkpt>
			<trkpt lat="39.80754" lon="20.67113">
				<ele>586.28</ele>
				<time>2026-08-06T18:50:20.421Z</time>
			</trkpt>
			<trkpt lat="39.80764" lon="20.67161">
				<ele>583.4</ele>
				<time>2026-08-06T18:50:22.735Z</time>
			</trkpt>
			<trkpt lat="39.80763" lon="20.67191">
				<ele>583.5</ele>
				<time>2026-08-06T18:50:24.126Z</time>
			</trkpt>
			<trkpt lat="39.80759" lon="20.67238">
				<ele>581.99</ele>
				<time>2026-08-06T18:50:26.308Z</time>
			</trkpt>
			<trkpt lat="39.80758" lon="20.6726">
				<ele>580.65</ele>
				<time>2026-08-06T18:50:27.321Z</time>
			</trkpt>
			<trkpt lat="39.80762" lon="20.67311">
				<ele>577.8</ele>
				<time>2026-08-06T18:50:29.669Z</time>
			</trkpt>
			<trkpt lat="39.80761" lon="20.67333">
				<ele>577.2</ele>
				<time>2026-08-06T18:50:30.675Z</time>
			</trkpt>
			<trkpt lat="39.80715" lon="20.67554">
				<ele>567.71</ele>
				<time>2026-08-06T18:50:40.995Z</time>
			</trkpt>
			<trkpt lat="39.80711" lon="20.67583">
				<ele>567.99</ele>
				<time>2026-08-06T18:50:42.307Z</time>
			</trkpt>
			<trkpt lat="39.80707" lon="20.67624">
				<ele>565.99</ele>
				<time>2026-08-06T18:50:44.142Z</time>
			</trkpt>
			<trkpt lat="39.8071" lon="20.67671">
				<ele>563.96</ele>
				<time>2026-08-06T18:50:46.227Z</time>
			</trkpt>
			<trkpt lat="39.8071" lon="20.67689">
				<ele>563.81</ele>
				<time>2026-08-06T18:50:47.021Z</time>
			</trkpt>
			<trkpt lat="39.80694" lon="20.67713">
				<ele>561.77</ele>
				<time>2026-08-06T18:50:48.419Z</time>
			</trkpt>
			<trkpt lat="39.80671" lon="20.67738">
				<ele>560.27</ele>
				<time>2026-08-06T18:50:50.131Z</time>
			</trkpt>
			<trkpt lat="39.80664" lon="20.67748">
				<ele>559.85</ele>
				<time>2026-08-06T18:50:50.723Z</time>
			</trkpt>
			<trkpt lat="39.80655" lon="20.67768">
				<ele>562.29</ele>
				<time>2026-08-06T18:50:51.736Z</time>
			</trkpt>
			<trkpt lat="39.80649" lon="20.67795">
				<ele>563.85</ele>
				<time>2026-08-06T18:50:52.962Z</time>
			</trkpt>
			<trkpt lat="39.80645" lon="20.6784">
				<ele>562.07</ele>
				<time>2026-08-06T18:50:54.933Z</time>
			</trkpt>
			<trkpt lat="39.80647" lon="20.67873">
				<ele>562.01</ele>
				<time>2026-08-06T18:50:56.369Z</time>
			</trkpt>
			<trkpt lat="39.80654" lon="20.67905">
				<ele>561.76</ele>
				<time>2026-08-06T18:50:57.809Z</time>
			</trkpt>
			<trkpt lat="39.80661" lon="20.67946">
				<ele>560.35</ele>
				<time>2026-08-06T18:50:59.621Z</time>
			</trkpt>
			<trkpt lat="39.8068" lon="20.67997">
				<ele>556.57</ele>
				<time>2026-08-06T18:51:02.059Z</time>
			</trkpt>
			<trkpt lat="39.80685" lon="20.68019">
				<ele>555.97</ele>
				<time>2026-08-06T18:51:03.043Z</time>
			</trkpt>
			<trkpt lat="39.80687" lon="20.68045">
				<ele>557.05</ele>
				<time>2026-08-06T18:51:04.161Z</time>
			</trkpt>
			<trkpt lat="39.80687" lon="20.68087">
				<ele>555.84</ele>
				<time>2026-08-06T18:51:05.956Z</time>
			</trkpt>
			<trkpt lat="39.80683" lon="20.68172">
				<ele>550.74</ele>
				<time>2026-08-06T18:51:09.580Z</time>
			</trkpt>
			<trkpt lat="39.80686" lon="20.68238">
				<ele>545.12</ele>
				<time>2026-08-06T18:51:12.381Z</time>
			</trkpt>
			<trkpt lat="39.80683" lon="20.68262">
				<ele>542.3</ele>
				<time>2026-08-06T18:51:13.409Z</time>
			</trkpt>
			<trkpt lat="39.80673" lon="20.68286">
				<ele>541.81</ele>
				<time>2026-08-06T18:51:14.562Z</time>
			</trkpt>
			<trkpt lat="39.80662" lon="20.68307">
				<ele>543.31</ele>
				<time>2026-08-06T18:51:15.633Z</time>
			</trkpt>
			<trkpt lat="39.80653" lon="20.68329">
				<ele>544.4</ele>
				<time>2026-08-06T18:51:16.682Z</time>
			</trkpt>
			<trkpt lat="39.80633" lon="20.68394">
				<ele>548.49</ele>
				<time>2026-08-06T18:51:19.623Z</time>
			</trkpt>
			<trkpt lat="39.80622" lon="20.68442">
				<ele>554.01</ele>
				<time>2026-08-06T18:51:21.721Z</time>
			</trkpt>
			<trkpt lat="39.80612" lon="20.68457">
				<ele>555.07</ele>
				<time>2026-08-06T18:51:22.552Z</time>
			</trkpt>
			<trkpt lat="39.80579" lon="20.68482">
				<ele>552.57</ele>
				<time>2026-08-06T18:51:24.628Z</time>
			</trkpt>
			<trkpt lat="39.80553" lon="20.685">
				<ele>552.65</ele>
				<time>2026-08-06T18:51:26.226Z</time>
			</trkpt>
			<trkpt lat="39.80538" lon="20.68513">
				<ele>553.36</ele>
				<time>2026-08-06T18:51:27.203Z</time>
			</trkpt>
			<trkpt lat="39.80529" lon="20.68531">
				<ele>554.95</ele>
				<time>2026-08-06T18:51:28.097Z</time>
			</trkpt>
			<trkpt lat="39.80525" lon="20.68545">
				<ele>555.49</ele>
				<time>2026-08-06T18:51:28.718Z</time>
			</trkpt>
			<trkpt lat="39.80524" lon="20.68561">
				<ele>556.51</ele>
				<time>2026-08-06T18:51:29.386Z</time>
			</trkpt>
			<trkpt lat="39.80525" lon="20.68593">
				<ele>558.39</ele>
				<time>2026-08-06T18:51:30.716Z</time>
			</trkpt>
			<trkpt lat="39.80527" lon="20.68607">
				<ele>559.67</ele>
				<time>2026-08-06T18:51:31.307Z</time>
			</trkpt>
			<trkpt lat="39.80531" lon="20.68618">
				<ele>560.82</ele>
				<time>2026-08-06T18:51:31.812Z</time>
			</trkpt>
			<trkpt lat="39.80542" lon="20.68639">
				<ele>563.65</ele>
				<time>2026-08-06T18:51:32.866Z</time>
			</trkpt>
			<trkpt lat="39.80561" lon="20.68665">
				<ele>566.44</ele>
				<time>2026-08-06T18:51:34.353Z</time>
			</trkpt>
			<trkpt lat="39.80581" lon="20.687">
				<ele>568.59</ele>
				<time>2026-08-06T18:51:36.159Z</time>
			</trkpt>
			<trkpt lat="39.80624" lon="20.68794">
				<ele>575.08</ele>
				<time>2026-08-06T18:51:40.681Z</time>
			</trkpt>
			<trkpt lat="39.80625" lon="20.68804">
				<ele>575.08</ele>
				<time>2026-08-06T18:51:41.097Z</time>
			</trkpt>
			<trkpt lat="39.80627" lon="20.68838">
				<ele>573.9</ele>
				<time>2026-08-06T18:51:42.504Z</time>
			</trkpt>
			<trkpt lat="39.8063" lon="20.68846">
				<ele>573.57</ele>
				<time>2026-08-06T18:51:42.872Z</time>
			</trkpt>
			<trkpt lat="39.80645" lon="20.68878">
				<ele>574.75</ele>
				<time>2026-08-06T18:51:44.418Z</time>
			</trkpt>
			<trkpt lat="39.80655" lon="20.68927">
				<ele>579.66</ele>
				<time>2026-08-06T18:51:46.508Z</time>
			</trkpt>
			<trkpt lat="39.80668" lon="20.68975">
				<ele>584.42</ele>
				<time>2026-08-06T18:51:48.606Z</time>
			</trkpt>
			<trkpt lat="39.80671" lon="20.69018">
				<ele>582.93</ele>
				<time>2026-08-06T18:51:50.385Z</time>
			</trkpt>
			<trkpt lat="39.8068" lon="20.69073">
				<ele>584.84</ele>
				<time>2026-08-06T18:51:52.701Z</time>
			</trkpt>
			<trkpt lat="39.80677" lon="20.69114">
				<ele>588.99</ele>
				<time>2026-08-06T18:51:54.398Z</time>
			</trkpt>
			<trkpt lat="39.80677" lon="20.69137">
				<ele>591.83</ele>
				<time>2026-08-06T18:51:55.346Z</time>
			</trkpt>
			<trkpt lat="39.8068" lon="20.6922">
				<ele>594.48</ele>
				<time>2026-08-06T18:51:58.771Z</time>
			</trkpt>
			<trkpt lat="39.80679" lon="20.69236">
				<ele>594.22</ele>
				<time>2026-08-06T18:51:59.432Z</time>
			</trkpt>
			<trkpt lat="39.80668" lon="20.69293">
				<ele>596.56</ele>
				<time>2026-08-06T18:52:01.857Z</time>
			</trkpt>
			<trkpt lat="39.80665" lon="20.69325">
				<ele>599.07</ele>
				<time>2026-08-06T18:52:03.187Z</time>
			</trkpt>
			<trkpt lat="39.80665" lon="20.69356">
				<ele>601.54</ele>
				<time>2026-08-06T18:52:04.468Z</time>
			</trkpt>
			<trkpt lat="39.80669" lon="20.69415">
				<ele>608.45</ele>
				<time>2026-08-06T18:52:06.916Z</time>
			</trkpt>
			<trkpt lat="39.80667" lon="20.69443">
				<ele>608.18</ele>
				<time>2026-08-06T18:52:08.079Z</time>
			</trkpt>
			<trkpt lat="39.80662" lon="20.69459">
				<ele>606.17</ele>
				<time>2026-08-06T18:52:08.794Z</time>
			</trkpt>
			<trkpt lat="39.80662" lon="20.69466">
				<ele>605.78</ele>
				<time>2026-08-06T18:52:09.084Z</time>
			</trkpt>
			<trkpt lat="39.80667" lon="20.6948">
				<ele>605.39</ele>
				<time>2026-08-06T18:52:09.723Z</time>
			</trkpt>
			<trkpt lat="39.80676" lon="20.69551">
				<ele>601.46</ele>
				<time>2026-08-06T18:52:12.706Z</time>
			</trkpt>
			<trkpt lat="39.80673" lon="20.69594">
				<ele>597.27</ele>
				<time>2026-08-06T18:52:14.499Z</time>
			</trkpt>
			<trkpt lat="39.80675" lon="20.69617">
				<ele>595.44</ele>
				<time>2026-08-06T18:52:15.462Z</time>
			</trkpt>
			<trkpt lat="39.80681" lon="20.69636">
				<ele>593.97</ele>
				<time>2026-08-06T18:52:16.316Z</time>
			</trkpt>
			<trkpt lat="39.80696" lon="20.69672">
				<ele>591.5</ele>
				<time>2026-08-06T18:52:18.022Z</time>
			</trkpt>
			<trkpt lat="39.80728" lon="20.69758">
				<ele>582.11</ele>
				<time>2026-08-06T18:52:22.011Z</time>
			</trkpt>
			<trkpt lat="39.80738" lon="20.69796">
				<ele>579.6</ele>
				<time>2026-08-06T18:52:23.693Z</time>
			</trkpt>
			<trkpt lat="39.80738" lon="20.6981">
				<ele>578.5</ele>
				<time>2026-08-06T18:52:24.280Z</time>
			</trkpt>
			<trkpt lat="39.80733" lon="20.69839">
				<ele>576.65</ele>
				<time>2026-08-06T18:52:25.527Z</time>
			</trkpt>
			<trkpt lat="39.80732" lon="20.69857">
				<ele>576.69</ele>
				<time>2026-08-06T18:52:26.285Z</time>
			</trkpt>
			<trkpt lat="39.80735" lon="20.69898">
				<ele>579.68</ele>
				<time>2026-08-06T18:52:28.017Z</time>
			</trkpt>
			<trkpt lat="39.80735" lon="20.69919">
				<ele>581.27</ele>
				<time>2026-08-06T18:52:28.902Z</time>
			</trkpt>
			<trkpt lat="39.80731" lon="20.69933">
				<ele>582.44</ele>
				<time>2026-08-06T18:52:29.531Z</time>
			</trkpt>
			<trkpt lat="39.80718" lon="20.69962">
				<ele>585.28</ele>
				<time>2026-08-06T18:52:30.949Z</time>
			</trkpt>
			<trkpt lat="39.80696" lon="20.70023">
				<ele>587.25</ele>
				<time>2026-08-06T18:52:33.802Z</time>
			</trkpt>
			<trkpt lat="39.80677" lon="20.70088">
				<ele>585.9</ele>
				<time>2026-08-06T18:52:36.757Z</time>
			</trkpt>
			<trkpt lat="39.80662" lon="20.70121">
				<ele>584.6</ele>
				<time>2026-08-06T18:52:38.392Z</time>
			</trkpt>
			<trkpt lat="39.80647" lon="20.70142">
				<ele>584.5</ele>
				<time>2026-08-06T18:52:39.618Z</time>
			</trkpt>
			<trkpt lat="39.80631" lon="20.70157">
				<ele>584.98</ele>
				<time>2026-08-06T18:52:40.716Z</time>
			</trkpt>
			<trkpt lat="39.80583" lon="20.70189">
				<ele>584.86</ele>
				<time>2026-08-06T18:52:43.730Z</time>
			</trkpt>
			<trkpt lat="39.80572" lon="20.70204">
				<ele>584.1</ele>
				<time>2026-08-06T18:52:44.624Z</time>
			</trkpt>
			<trkpt lat="39.80556" lon="20.70241">
				<ele>581.37</ele>
				<time>2026-08-06T18:52:46.457Z</time>
			</trkpt>
			<trkpt lat="39.80547" lon="20.70268">
				<ele>580</ele>
				<time>2026-08-06T18:52:47.730Z</time>
			</trkpt>
			<trkpt lat="39.80542" lon="20.70278">
				<ele>579.59</ele>
				<time>2026-08-06T18:52:48.248Z</time>
			</trkpt>
			<trkpt lat="39.80492" lon="20.70357">
				<ele>577.06</ele>
				<time>2026-08-06T18:52:52.704Z</time>
			</trkpt>
			<trkpt lat="39.80455" lon="20.70439">
				<ele>580</ele>
				<time>2026-08-06T18:52:56.877Z</time>
			</trkpt>
			<trkpt lat="39.80439" lon="20.70492">
				<ele>581.74</ele>
				<time>2026-08-06T18:52:59.392Z</time>
			</trkpt>
			<trkpt lat="39.80387" lon="20.70636">
				<ele>575.22</ele>
				<time>2026-08-06T18:53:06.486Z</time>
			</trkpt>
			<trkpt lat="39.8038" lon="20.70662">
				<ele>575.65</ele>
				<time>2026-08-06T18:53:07.724Z</time>
			</trkpt>
			<trkpt lat="39.80378" lon="20.70683">
				<ele>577.48</ele>
				<time>2026-08-06T18:53:08.678Z</time>
			</trkpt>
			<trkpt lat="39.80373" lon="20.70705">
				<ele>578.15</ele>
				<time>2026-08-06T18:53:09.715Z</time>
			</trkpt>
			<trkpt lat="39.80364" lon="20.70719">
				<ele>576.16</ele>
				<time>2026-08-06T18:53:10.541Z</time>
			</trkpt>
			<trkpt lat="39.80321" lon="20.70767">
				<ele>568.58</ele>
				<time>2026-08-06T18:53:13.893Z</time>
			</trkpt>
			<trkpt lat="39.80288" lon="20.70811">
				<ele>564.92</ele>
				<time>2026-08-06T18:53:16.708Z</time>
			</trkpt>
			<trkpt lat="39.8027" lon="20.7083">
				<ele>563.94</ele>
				<time>2026-08-06T18:53:18.096Z</time>
			</trkpt>
			<trkpt lat="39.8025" lon="20.70845">
				<ele>563.19</ele>
				<time>2026-08-06T18:53:19.482Z</time>
			</trkpt>
			<trkpt lat="39.80202" lon="20.70872">
				<ele>557.1</ele>
				<time>2026-08-06T18:53:22.639Z</time>
			</trkpt>
			<trkpt lat="39.80179" lon="20.70888">
				<ele>556.28</ele>
				<time>2026-08-06T18:53:24.223Z</time>
			</trkpt>
			<trkpt lat="39.80151" lon="20.70905">
				<ele>554.32</ele>
				<time>2026-08-06T18:53:26.106Z</time>
			</trkpt>
			<trkpt lat="39.8011" lon="20.70926">
				<ele>549.64</ele>
				<time>2026-08-06T18:53:28.807Z</time>
			</trkpt>
			<trkpt lat="39.8006" lon="20.70941">
				<ele>543.97</ele>
				<time>2026-08-06T18:53:31.975Z</time>
			</trkpt>
			<trkpt lat="39.80037" lon="20.70954">
				<ele>541.79</ele>
				<time>2026-08-06T18:53:33.532Z</time>
			</trkpt>
			<trkpt lat="39.80028" lon="20.70966">
				<ele>541.83</ele>
				<time>2026-08-06T18:53:34.334Z</time>
			</trkpt>
			<trkpt lat="39.80015" lon="20.70987">
				<ele>542.02</ele>
				<time>2026-08-06T18:53:35.628Z</time>
			</trkpt>
			<trkpt lat="39.80001" lon="20.71008">
				<ele>541.59</ele>
				<time>2026-08-06T18:53:36.966Z</time>
			</trkpt>
			<trkpt lat="39.79982" lon="20.7103">
				<ele>541.26</ele>
				<time>2026-08-06T18:53:38.564Z</time>
			</trkpt>
			<trkpt lat="39.79938" lon="20.71067">
				<ele>540.89</ele>
				<time>2026-08-06T18:53:41.878Z</time>
			</trkpt>
			<trkpt lat="39.79879" lon="20.71107">
				<ele>534.11</ele>
				<time>2026-08-06T18:53:46.127Z</time>
			</trkpt>
			<trkpt lat="39.79716" lon="20.71228">
				<ele>512.97</ele>
				<time>2026-08-06T18:53:58.371Z</time>
			</trkpt>
			<trkpt lat="39.79677" lon="20.71269">
				<ele>507.56</ele>
				<time>2026-08-06T18:54:01.710Z</time>
			</trkpt>
			<trkpt lat="39.79658" lon="20.71292">
				<ele>506.47</ele>
				<time>2026-08-06T18:54:03.450Z</time>
			</trkpt>
			<trkpt lat="39.79644" lon="20.71306">
				<ele>505.69</ele>
				<time>2026-08-06T18:54:04.638Z</time>
			</trkpt>
			<trkpt lat="39.79566" lon="20.71361">
				<ele>500.76</ele>
				<time>2026-08-06T18:54:10.667Z</time>
			</trkpt>
			<trkpt lat="39.79547" lon="20.71377">
				<ele>499.59</ele>
				<time>2026-08-06T18:54:12.221Z</time>
			</trkpt>
			<trkpt lat="39.79534" lon="20.71393">
				<ele>497.88</ele>
				<time>2026-08-06T18:54:13.454Z</time>
			</trkpt>
			<trkpt lat="39.79491" lon="20.71474">
				<ele>490.13</ele>
				<time>2026-08-06T18:54:18.712Z</time>
			</trkpt>
			<trkpt lat="39.79468" lon="20.71508">
				<ele>489.62</ele>
				<time>2026-08-06T18:54:21.157Z</time>
			</trkpt>
			<trkpt lat="39.79419" lon="20.71571">
				<ele>493.21</ele>
				<time>2026-08-06T18:54:26.043Z</time>
			</trkpt>
			<trkpt lat="39.79387" lon="20.71617">
				<ele>492.35</ele>
				<time>2026-08-06T18:54:29.463Z</time>
			</trkpt>
			<trkpt lat="39.79366" lon="20.71672">
				<ele>494.38</ele>
				<time>2026-08-06T18:54:32.880Z</time>
			</trkpt>
			<trkpt lat="39.7935" lon="20.71721">
				<ele>495.61</ele>
				<time>2026-08-06T18:54:35.867Z</time>
			</trkpt>
			<trkpt lat="39.7932" lon="20.71799">
				<ele>494.23</ele>
				<time>2026-08-06T18:54:40.814Z</time>
			</trkpt>
			<trkpt lat="39.79218" lon="20.71978">
				<ele>495.33</ele>
				<time>2026-08-06T18:54:53.759Z</time>
			</trkpt>
			<trkpt lat="39.79202" lon="20.72">
				<ele>496.7</ele>
				<time>2026-08-06T18:54:55.554Z</time>
			</trkpt>
			<trkpt lat="39.79155" lon="20.72044">
				<ele>496.38</ele>
				<time>2026-08-06T18:55:00.055Z</time>
			</trkpt>
			<trkpt lat="39.7913" lon="20.72072">
				<ele>494.78</ele>
				<time>2026-08-06T18:55:02.644Z</time>
			</trkpt>
			<trkpt lat="39.79121" lon="20.72078">
				<ele>495.21</ele>
				<time>2026-08-06T18:55:03.441Z</time>
			</trkpt>
			<trkpt lat="39.79109" lon="20.72083">
				<ele>496.06</ele>
				<time>2026-08-06T18:55:04.437Z</time>
			</trkpt>
			<trkpt lat="39.79083" lon="20.72084">
				<ele>497.03</ele>
				<time>2026-08-06T18:55:06.500Z</time>
			</trkpt>
			<trkpt lat="39.79058" lon="20.72081">
				<ele>496.93</ele>
				<time>2026-08-06T18:55:08.503Z</time>
			</trkpt>
			<trkpt lat="39.7905" lon="20.72083">
				<ele>496.83</ele>
				<time>2026-08-06T18:55:09.155Z</time>
			</trkpt>
			<trkpt lat="39.79042" lon="20.7209">
				<ele>496.78</ele>
				<time>2026-08-06T18:55:09.928Z</time>
			</trkpt>
			<trkpt lat="39.79101" lon="20.72176">
				<ele>499</ele>
				<time>2026-08-06T18:55:17.106Z</time>
			</trkpt>
			<trkpt lat="39.79154" lon="20.72266">
				<ele>501.37</ele>
				<time>2026-08-06T18:55:24.361Z</time>
			</trkpt>
			<trkpt lat="39.79176" lon="20.72297">
				<ele>502.35</ele>
				<time>2026-08-06T18:55:27.516Z</time>
			</trkpt>
			<trkpt lat="39.79183" lon="20.72313">
				<ele>502.73</ele>
				<time>2026-08-06T18:55:28.998Z</time>
			</trkpt>
			<trkpt lat="39.79182" lon="20.72325">
				<ele>502.88</ele>
				<time>2026-08-06T18:55:29.995Z</time>
			</trkpt>
			<trkpt lat="39.79176" lon="20.72341">
				<ele>503</ele>
				<time>2026-08-06T18:55:31.494Z</time>
			</trkpt>
			<trkpt lat="39.79121" lon="20.72446">
				<ele>504.39</ele>
				<time>2026-08-06T18:55:42.120Z</time>
			</trkpt>
			<trkpt lat="39.79109" lon="20.72475">
				<ele>505</ele>
				<time>2026-08-06T18:55:44.520Z</time>
			</trkpt>
			<trkpt lat="39.79106" lon="20.72487">
				<ele>505.08</ele>
				<time>2026-08-06T18:55:45.366Z</time>
			</trkpt>
			<trkpt lat="39.79105" lon="20.72522">
				<ele>506.03</ele>
				<time>2026-08-06T18:55:47.561Z</time>
			</trkpt>
			<trkpt lat="39.79109" lon="20.72654">
				<ele>514.64</ele>
				<time>2026-08-06T18:55:55.059Z</time>
			</trkpt>
			<trkpt lat="39.79108" lon="20.72669">
				<ele>515.38</ele>
				<time>2026-08-06T18:55:55.844Z</time>
			</trkpt>
			<trkpt lat="39.79095" lon="20.72724">
				<ele>518.67</ele>
				<time>2026-08-06T18:55:58.732Z</time>
			</trkpt>
			<trkpt lat="39.79091" lon="20.7279">
				<ele>525.04</ele>
				<time>2026-08-06T18:56:01.855Z</time>
			</trkpt>
			<trkpt lat="39.7904" lon="20.72911">
				<ele>536</ele>
				<time>2026-08-06T18:56:07.822Z</time>
			</trkpt>
			<trkpt lat="39.7903" lon="20.72944">
				<ele>537.08</ele>
				<time>2026-08-06T18:56:09.266Z</time>
			</trkpt>
			<trkpt lat="39.79029" lon="20.72957">
				<ele>537.94</ele>
				<time>2026-08-06T18:56:09.791Z</time>
			</trkpt>
			<trkpt lat="39.79038" lon="20.73057">
				<ele>547.95</ele>
				<time>2026-08-06T18:56:13.748Z</time>
			</trkpt>
			<trkpt lat="39.79048" lon="20.7312">
				<ele>556.57</ele>
				<time>2026-08-06T18:56:16.231Z</time>
			</trkpt>
			<trkpt lat="39.79047" lon="20.73133">
				<ele>557.38</ele>
				<time>2026-08-06T18:56:16.734Z</time>
			</trkpt>
			<trkpt lat="39.79043" lon="20.73146">
				<ele>557.85</ele>
				<time>2026-08-06T18:56:17.274Z</time>
			</trkpt>
			<trkpt lat="39.78985" lon="20.73219">
				<ele>559.31</ele>
				<time>2026-08-06T18:56:21.368Z</time>
			</trkpt>
			<trkpt lat="39.78975" lon="20.73244">
				<ele>559.13</ele>
				<time>2026-08-06T18:56:22.491Z</time>
			</trkpt>
			<trkpt lat="39.78971" lon="20.73263">
				<ele>559.91</ele>
				<time>2026-08-06T18:56:23.286Z</time>
			</trkpt>
			<trkpt lat="39.78968" lon="20.73282">
				<ele>561.69</ele>
				<time>2026-08-06T18:56:24.076Z</time>
			</trkpt>
			<trkpt lat="39.78967" lon="20.73292">
				<ele>563.36</ele>
				<time>2026-08-06T18:56:24.490Z</time>
			</trkpt>
			<trkpt lat="39.7897" lon="20.73301">
				<ele>565.08</ele>
				<time>2026-08-06T18:56:24.896Z</time>
			</trkpt>
			<trkpt lat="39.78974" lon="20.73306">
				<ele>566.26</ele>
				<time>2026-08-06T18:56:25.196Z</time>
			</trkpt>
			<trkpt lat="39.78987" lon="20.7331">
				<ele>567.62</ele>
				<time>2026-08-06T18:56:25.924Z</time>
			</trkpt>
			<trkpt lat="39.79013" lon="20.73309">
				<ele>568.45</ele>
				<time>2026-08-06T18:56:27.369Z</time>
			</trkpt>
			<trkpt lat="39.79021" lon="20.73311">
				<ele>568.68</ele>
				<time>2026-08-06T18:56:27.829Z</time>
			</trkpt>
			<trkpt lat="39.79027" lon="20.73317">
				<ele>569.33</ele>
				<time>2026-08-06T18:56:28.260Z</time>
			</trkpt>
			<trkpt lat="39.7903" lon="20.73329">
				<ele>570.72</ele>
				<time>2026-08-06T18:56:28.817Z</time>
			</trkpt>
			<trkpt lat="39.79031" lon="20.73342">
				<ele>571.44</ele>
				<time>2026-08-06T18:56:29.400Z</time>
			</trkpt>
			<trkpt lat="39.79025" lon="20.73362">
				<ele>572.11</ele>
				<time>2026-08-06T18:56:30.373Z</time>
			</trkpt>
			<trkpt lat="39.79008" lon="20.73406">
				<ele>574.57</ele>
				<time>2026-08-06T18:56:32.679Z</time>
			</trkpt>
			<trkpt lat="39.79006" lon="20.73424">
				<ele>575.5</ele>
				<time>2026-08-06T18:56:33.559Z</time>
			</trkpt>
			<trkpt lat="39.79014" lon="20.73435">
				<ele>576.2</ele>
				<time>2026-08-06T18:56:34.304Z</time>
			</trkpt>
			<trkpt lat="39.79022" lon="20.73442">
				<ele>576.76</ele>
				<time>2026-08-06T18:56:34.930Z</time>
			</trkpt>
			<trkpt lat="39.7905" lon="20.73446">
				<ele>579.54</ele>
				<time>2026-08-06T18:56:36.808Z</time>
			</trkpt>
			<trkpt lat="39.79062" lon="20.7345">
				<ele>580.8</ele>
				<time>2026-08-06T18:56:37.658Z</time>
			</trkpt>
			<trkpt lat="39.79076" lon="20.73459">
				<ele>582.43</ele>
				<time>2026-08-06T18:56:38.751Z</time>
			</trkpt>
			<trkpt lat="39.79101" lon="20.73493">
				<ele>586.03</ele>
				<time>2026-08-06T18:56:41.381Z</time>
			</trkpt>
			<trkpt lat="39.79093" lon="20.735">
				<ele>585.77</ele>
				<time>2026-08-06T18:56:42.107Z</time>
			</trkpt>
			<trkpt lat="39.79101" lon="20.73512">
				<ele>586.9</ele>
				<time>2026-08-06T18:56:43.041Z</time>
			</trkpt>
			<trkpt lat="39.79115" lon="20.73526">
				<ele>588.11</ele>
				<time>2026-08-06T18:56:44.424Z</time>
			</trkpt>
			<trkpt lat="39.79138" lon="20.73536">
				<ele>589.94</ele>
				<time>2026-08-06T18:56:46.388Z</time>
			</trkpt>
			<trkpt lat="39.79153" lon="20.73541">
				<ele>592.3</ele>
				<time>2026-08-06T18:56:47.681Z</time>
			</trkpt>
			<trkpt lat="39.79168" lon="20.73541">
				<ele>594.23</ele>
				<time>2026-08-06T18:56:48.964Z</time>
			</trkpt>
			<trkpt lat="39.79313" lon="20.73523">
				<ele>610.24</ele>
				<time>2026-08-06T18:57:04.626Z</time>
			</trkpt>
			<trkpt lat="39.79486" lon="20.73505">
				<ele>615.04</ele>
				<time>2026-08-06T18:57:25.349Z</time>
			</trkpt>
			<trkpt lat="39.79521" lon="20.73506">
				<ele>617.36</ele>
				<time>2026-08-06T18:57:29.501Z</time>
			</trkpt>
			<trkpt lat="39.79535" lon="20.7351">
				<ele>618.55</ele>
				<time>2026-08-06T18:57:31.198Z</time>
			</trkpt>
			<trkpt lat="39.79565" lon="20.73529">
				<ele>620.77</ele>
				<time>2026-08-06T18:57:35.142Z</time>
			</trkpt>
			<trkpt lat="39.79659" lon="20.73597">
				<ele>630.2</ele>
				<time>2026-08-06T18:57:47.797Z</time>
			</trkpt>
			<trkpt lat="39.79673" lon="20.73604">
				<ele>631.92</ele>
				<time>2026-08-06T18:57:49.555Z</time>
			</trkpt>
			<trkpt lat="39.79682" lon="20.73605">
				<ele>632.94</ele>
				<time>2026-08-06T18:57:50.613Z</time>
			</trkpt>
			<trkpt lat="39.79699" lon="20.73604">
				<ele>635.14</ele>
				<time>2026-08-06T18:57:52.604Z</time>
			</trkpt>
			<trkpt lat="39.79705" lon="20.736">
				<ele>636.74</ele>
				<time>2026-08-06T18:57:53.393Z</time>
			</trkpt>
			<trkpt lat="39.7972" lon="20.73585">
				<ele>638.95</ele>
				<time>2026-08-06T18:57:55.603Z</time>
			</trkpt>
			<trkpt lat="39.79918" lon="20.73258">
				<ele>660.42</ele>
				<time>2026-08-06T18:58:32.585Z</time>
			</trkpt>
			<trkpt lat="39.79936" lon="20.7323">
				<ele>661.27</ele>
				<time>2026-08-06T18:58:35.794Z</time>
			</trkpt>
			<trkpt lat="39.7998" lon="20.73174">
				<ele>662.49</ele>
				<time>2026-08-06T18:58:42.814Z</time>
			</trkpt>
			<trkpt lat="39.80014" lon="20.73136">
				<ele>663.95</ele>
				<time>2026-08-06T18:58:47.910Z</time>
			</trkpt>
			<trkpt lat="39.80026" lon="20.73124">
				<ele>665.57</ele>
				<time>2026-08-06T18:58:49.628Z</time>
			</trkpt>
			<trkpt lat="39.80104" lon="20.73061">
				<ele>671.84</ele>
				<time>2026-08-06T18:59:00.015Z</time>
			</trkpt>
			<trkpt lat="39.80191" lon="20.72997">
				<ele>685.88</ele>
				<time>2026-08-06T18:59:11.259Z</time>
			</trkpt>
			<trkpt lat="39.80258" lon="20.72953">
				<ele>681</ele>
				<time>2026-08-06T18:59:19.661Z</time>
			</trkpt>
			<trkpt lat="39.80296" lon="20.72935">
				<ele>684.18</ele>
				<time>2026-08-06T18:59:24.174Z</time>
			</trkpt>
			<trkpt lat="39.80552" lon="20.72843">
				<ele>706.16</ele>
				<time>2026-08-06T18:59:53.560Z</time>
			</trkpt>
			<trkpt lat="39.80657" lon="20.72803">
				<ele>713.05</ele>
				<time>2026-08-06T19:00:05.544Z</time>
			</trkpt>
			<trkpt lat="39.80698" lon="20.72795">
				<ele>716.35</ele>
				<time>2026-08-06T19:00:10.067Z</time>
			</trkpt>
			<trkpt lat="39.80744" lon="20.72796">
				<ele>718.82</ele>
				<time>2026-08-06T19:00:15.075Z</time>
			</trkpt>
			<trkpt lat="39.80788" lon="20.72794">
				<ele>723.92</ele>
				<time>2026-08-06T19:00:19.856Z</time>
			</trkpt>
			<trkpt lat="39.80945" lon="20.72732">
				<ele>730.39</ele>
				<time>2026-08-06T19:00:37.581Z</time>
			</trkpt>
			<trkpt lat="39.80957" lon="20.72723">
				<ele>731.54</ele>
				<time>2026-08-06T19:00:39.070Z</time>
			</trkpt>
			<trkpt lat="39.80964" lon="20.72714">
				<ele>731.43</ele>
				<time>2026-08-06T19:00:40.128Z</time>
			</trkpt>
			<trkpt lat="39.81034" lon="20.72535">
				<ele>734.73</ele>
				<time>2026-08-06T19:00:56.648Z</time>
			</trkpt>
			<trkpt lat="39.81052" lon="20.72503">
				<ele>732.99</ele>
				<time>2026-08-06T19:00:59.896Z</time>
			</trkpt>
			<trkpt lat="39.81059" lon="20.72496">
				<ele>732.88</ele>
				<time>2026-08-06T19:01:00.836Z</time>
			</trkpt>
			<trkpt lat="39.81074" lon="20.72486">
				<ele>734.39</ele>
				<time>2026-08-06T19:01:02.629Z</time>
			</trkpt>
			<trkpt lat="39.8109" lon="20.72479">
				<ele>738.11</ele>
				<time>2026-08-06T19:01:04.425Z</time>
			</trkpt>
			<trkpt lat="39.81166" lon="20.72456">
				<ele>749.59</ele>
				<time>2026-08-06T19:01:12.705Z</time>
			</trkpt>
			<trkpt lat="39.81182" lon="20.72453">
				<ele>750.27</ele>
				<time>2026-08-06T19:01:14.417Z</time>
			</trkpt>
			<trkpt lat="39.81209" lon="20.72456">
				<ele>750.82</ele>
				<time>2026-08-06T19:01:17.283Z</time>
			</trkpt>
			<trkpt lat="39.81221" lon="20.72463">
				<ele>752</ele>
				<time>2026-08-06T19:01:18.673Z</time>
			</trkpt>
			<trkpt lat="39.81269" lon="20.72513">
				<ele>757.49</ele>
				<time>2026-08-06T19:01:25.160Z</time>
			</trkpt>
			<trkpt lat="39.8128" lon="20.72521">
				<ele>759</ele>
				<time>2026-08-06T19:01:26.488Z</time>
			</trkpt>
			<trkpt lat="39.81289" lon="20.72524">
				<ele>760.49</ele>
				<time>2026-08-06T19:01:27.466Z</time>
			</trkpt>
			<trkpt lat="39.8131" lon="20.72525">
				<ele>761.8</ele>
				<time>2026-08-06T19:01:29.677Z</time>
			</trkpt>
			<trkpt lat="39.81373" lon="20.72498">
				<ele>764.59</ele>
				<time>2026-08-06T19:01:36.643Z</time>
			</trkpt>
			<trkpt lat="39.81385" lon="20.7249">
				<ele>766.23</ele>
				<time>2026-08-06T19:01:38.057Z</time>
			</trkpt>
			<trkpt lat="39.81404" lon="20.72471">
				<ele>764.76</ele>
				<time>2026-08-06T19:01:40.567Z</time>
			</trkpt>
			<trkpt lat="39.81462" lon="20.72388">
				<ele>768.6</ele>
				<time>2026-08-06T19:01:49.576Z</time>
			</trkpt>
			<trkpt lat="39.81479" lon="20.72357">
				<ele>771.91</ele>
				<time>2026-08-06T19:01:52.627Z</time>
			</trkpt>
			<trkpt lat="39.81493" lon="20.7232">
				<ele>773.4</ele>
				<time>2026-08-06T19:01:55.926Z</time>
			</trkpt>
			<trkpt lat="39.81513" lon="20.72238">
				<ele>773.94</ele>
				<time>2026-08-06T19:02:02.795Z</time>
			</trkpt>
			<trkpt lat="39.81517" lon="20.72225">
				<ele>773.98</ele>
				<time>2026-08-06T19:02:03.911Z</time>
			</trkpt>
			<trkpt lat="39.81532" lon="20.72201">
				<ele>774.6</ele>
				<time>2026-08-06T19:02:06.376Z</time>
			</trkpt>
			<trkpt lat="39.81549" lon="20.72187">
				<ele>775.69</ele>
				<time>2026-08-06T19:02:08.461Z</time>
			</trkpt>
			<trkpt lat="39.81562" lon="20.72183">
				<ele>777.17</ele>
				<time>2026-08-06T19:02:09.844Z</time>
			</trkpt>
			<trkpt lat="39.81607" lon="20.72178">
				<ele>787.1</ele>
				<time>2026-08-06T19:02:14.516Z</time>
			</trkpt>
			<trkpt lat="39.81622" lon="20.7217">
				<ele>789.21</ele>
				<time>2026-08-06T19:02:16.190Z</time>
			</trkpt>
			<trkpt lat="39.81632" lon="20.72157">
				<ele>789.36</ele>
				<time>2026-08-06T19:02:17.650Z</time>
			</trkpt>
			<trkpt lat="39.81635" lon="20.72149">
				<ele>788.87</ele>
				<time>2026-08-06T19:02:18.355Z</time>
			</trkpt>
			<trkpt lat="39.81637" lon="20.72132">
				<ele>787.58</ele>
				<time>2026-08-06T19:02:19.718Z</time>
			</trkpt>
			<trkpt lat="39.8163" lon="20.72031">
				<ele>786.23</ele>
				<time>2026-08-06T19:02:27.742Z</time>
			</trkpt>
			<trkpt lat="39.8163" lon="20.72008">
				<ele>786.47</ele>
				<time>2026-08-06T19:02:29.558Z</time>
			</trkpt>
			<trkpt lat="39.81632" lon="20.71989">
				<ele>787.14</ele>
				<time>2026-08-06T19:02:31.072Z</time>
			</trkpt>
			<trkpt lat="39.81637" lon="20.71972">
				<ele>788.35</ele>
				<time>2026-08-06T19:02:32.508Z</time>
			</trkpt>
			<trkpt lat="39.81648" lon="20.71948">
				<ele>789.76</ele>
				<time>2026-08-06T19:02:34.712Z</time>
			</trkpt>
			<trkpt lat="39.81663" lon="20.71923">
				<ele>791.63</ele>
				<time>2026-08-06T19:02:37.211Z</time>
			</trkpt>
			<trkpt lat="39.8168" lon="20.71899">
				<ele>791.81</ele>
				<time>2026-08-06T19:02:39.780Z</time>
			</trkpt>
			<trkpt lat="39.81693" lon="20.71886">
				<ele>791.28</ele>
				<time>2026-08-06T19:02:41.459Z</time>
			</trkpt>
			<trkpt lat="39.81705" lon="20.71878">
				<ele>791.34</ele>
				<time>2026-08-06T19:02:42.839Z</time>
			</trkpt>
			<trkpt lat="39.8176" lon="20.71869">
				<ele>799.08</ele>
				<time>2026-08-06T19:02:48.505Z</time>
			</trkpt>
			<trkpt lat="39.81779" lon="20.71859">
				<ele>801.08</ele>
				<time>2026-08-06T19:02:50.597Z</time>
			</trkpt>
			<trkpt lat="39.81788" lon="20.71852">
				<ele>802.74</ele>
				<time>2026-08-06T19:02:51.667Z</time>
			</trkpt>
			<trkpt lat="39.81804" lon="20.71835">
				<ele>803.98</ele>
				<time>2026-08-06T19:02:53.773Z</time>
			</trkpt>
			<trkpt lat="39.8181" lon="20.71824">
				<ele>804.19</ele>
				<time>2026-08-06T19:02:54.830Z</time>
			</trkpt>
			<trkpt lat="39.8184" lon="20.71765">
				<ele>802.01</ele>
				<time>2026-08-06T19:03:00.363Z</time>
			</trkpt>
			<trkpt lat="39.81852" lon="20.71743">
				<ele>801.19</ele>
				<time>2026-08-06T19:03:02.471Z</time>
			</trkpt>
			<trkpt lat="39.81869" lon="20.71726">
				<ele>799.83</ele>
				<time>2026-08-06T19:03:04.650Z</time>
			</trkpt>
			<trkpt lat="39.81879" lon="20.71719">
				<ele>799.67</ele>
				<time>2026-08-06T19:03:05.803Z</time>
			</trkpt>
			<trkpt lat="39.81899" lon="20.71712">
				<ele>802.71</ele>
				<time>2026-08-06T19:03:07.906Z</time>
			</trkpt>
			<trkpt lat="39.81916" lon="20.71708">
				<ele>806.66</ele>
				<time>2026-08-06T19:03:09.659Z</time>
			</trkpt>
			<trkpt lat="39.8195" lon="20.71705">
				<ele>813.75</ele>
				<time>2026-08-06T19:03:13.114Z</time>
			</trkpt>
			<trkpt lat="39.81963" lon="20.71702">
				<ele>814.51</ele>
				<time>2026-08-06T19:03:14.451Z</time>
			</trkpt>
			<trkpt lat="39.81975" lon="20.71698">
				<ele>814.44</ele>
				<time>2026-08-06T19:03:15.706Z</time>
			</trkpt>
			<trkpt lat="39.81985" lon="20.71691">
				<ele>814.95</ele>
				<time>2026-08-06T19:03:16.855Z</time>
			</trkpt>
			<trkpt lat="39.82028" lon="20.71653">
				<ele>814</ele>
				<time>2026-08-06T19:03:22.111Z</time>
			</trkpt>
			<trkpt lat="39.82044" lon="20.71644">
				<ele>815.38</ele>
				<time>2026-08-06T19:03:23.872Z</time>
			</trkpt>
			<trkpt lat="39.82085" lon="20.71628">
				<ele>823.32</ele>
				<time>2026-08-06T19:03:28.193Z</time>
			</trkpt>
			<trkpt lat="39.82104" lon="20.71617">
				<ele>825.4</ele>
				<time>2026-08-06T19:03:30.290Z</time>
			</trkpt>
			<trkpt lat="39.82119" lon="20.71606">
				<ele>826.34</ele>
				<time>2026-08-06T19:03:32.026Z</time>
			</trkpt>
			<trkpt lat="39.82132" lon="20.71593">
				<ele>826.99</ele>
				<time>2026-08-06T19:03:33.677Z</time>
			</trkpt>
			<trkpt lat="39.82141" lon="20.71578">
				<ele>827.51</ele>
				<time>2026-08-06T19:03:35.150Z</time>
			</trkpt>
			<trkpt lat="39.8218" lon="20.71491">
				<ele>828.45</ele>
				<time>2026-08-06T19:03:42.932Z</time>
			</trkpt>
			<trkpt lat="39.82195" lon="20.71463">
				<ele>831.17</ele>
				<time>2026-08-06T19:03:45.566Z</time>
			</trkpt>
			<trkpt lat="39.82243" lon="20.71389">
				<ele>834.09</ele>
				<time>2026-08-06T19:03:53.028Z</time>
			</trkpt>
			<trkpt lat="39.82262" lon="20.71368">
				<ele>832.67</ele>
				<time>2026-08-06T19:03:55.525Z</time>
			</trkpt>
			<trkpt lat="39.82287" lon="20.71354">
				<ele>834.22</ele>
				<time>2026-08-06T19:03:58.250Z</time>
			</trkpt>
			<trkpt lat="39.82305" lon="20.71347">
				<ele>838.12</ele>
				<time>2026-08-06T19:04:00.130Z</time>
			</trkpt>
			<trkpt lat="39.82343" lon="20.71339">
				<ele>840.54</ele>
				<time>2026-08-06T19:04:03.979Z</time>
			</trkpt>
			<trkpt lat="39.82415" lon="20.71331">
				<ele>848.11</ele>
				<time>2026-08-06T19:04:11.196Z</time>
			</trkpt>
			<trkpt lat="39.82438" lon="20.7132">
				<ele>855.62</ele>
				<time>2026-08-06T19:04:13.640Z</time>
			</trkpt>
			<trkpt lat="39.82448" lon="20.71308">
				<ele>857.32</ele>
				<time>2026-08-06T19:04:14.996Z</time>
			</trkpt>
			<trkpt lat="39.82455" lon="20.71291">
				<ele>857.79</ele>
				<time>2026-08-06T19:04:16.473Z</time>
			</trkpt>
			<trkpt lat="39.82456" lon="20.71272">
				<ele>855.65</ele>
				<time>2026-08-06T19:04:17.931Z</time>
			</trkpt>
			<trkpt lat="39.82453" lon="20.71243">
				<ele>850.55</ele>
				<time>2026-08-06T19:04:20.169Z</time>
			</trkpt>
			<trkpt lat="39.82453" lon="20.71228">
				<ele>848.57</ele>
				<time>2026-08-06T19:04:21.316Z</time>
			</trkpt>
			<trkpt lat="39.82455" lon="20.71216">
				<ele>848.05</ele>
				<time>2026-08-06T19:04:22.255Z</time>
			</trkpt>
			<trkpt lat="39.82459" lon="20.71203">
				<ele>848.49</ele>
				<time>2026-08-06T19:04:23.326Z</time>
			</trkpt>
			<trkpt lat="39.8248" lon="20.71165">
				<ele>851.35</ele>
				<time>2026-08-06T19:04:26.903Z</time>
			</trkpt>
			<trkpt lat="39.82542" lon="20.71082">
				<ele>855.48</ele>
				<time>2026-08-06T19:04:35.738Z</time>
			</trkpt>
			<trkpt lat="39.82553" lon="20.71073">
				<ele>855.75</ele>
				<time>2026-08-06T19:04:37.028Z</time>
			</trkpt>
			<trkpt lat="39.82564" lon="20.71067">
				<ele>856.53</ele>
				<time>2026-08-06T19:04:38.211Z</time>
			</trkpt>
			<trkpt lat="39.82611" lon="20.71051">
				<ele>859.6</ele>
				<time>2026-08-06T19:04:43.029Z</time>
			</trkpt>
			<trkpt lat="39.82639" lon="20.71046">
				<ele>863.9</ele>
				<time>2026-08-06T19:04:45.831Z</time>
			</trkpt>
			<trkpt lat="39.82683" lon="20.71041">
				<ele>870.98</ele>
				<time>2026-08-06T19:04:50.205Z</time>
			</trkpt>
			<trkpt lat="39.82703" lon="20.71036">
				<ele>874.33</ele>
				<time>2026-08-06T19:04:52.221Z</time>
			</trkpt>
			<trkpt lat="39.82711" lon="20.71032">
				<ele>875.32</ele>
				<time>2026-08-06T19:04:53.070Z</time>
			</trkpt>
			<trkpt lat="39.82725" lon="20.71018">
				<ele>876.46</ele>
				<time>2026-08-06T19:04:54.816Z</time>
			</trkpt>
			<trkpt lat="39.8273" lon="20.71009">
				<ele>876.8</ele>
				<time>2026-08-06T19:04:55.660Z</time>
			</trkpt>
			<trkpt lat="39.82735" lon="20.70988">
				<ele>876.22</ele>
				<time>2026-08-06T19:04:57.330Z</time>
			</trkpt>
			<trkpt lat="39.82739" lon="20.70946">
				<ele>875.14</ele>
				<time>2026-08-06T19:05:00.544Z</time>
			</trkpt>
			<trkpt lat="39.82745" lon="20.70922">
				<ele>877.5</ele>
				<time>2026-08-06T19:05:02.460Z</time>
			</trkpt>
			<trkpt lat="39.82761" lon="20.70878">
				<ele>879.22</ele>
				<time>2026-08-06T19:05:06.153Z</time>
			</trkpt>
			<trkpt lat="39.8279" lon="20.70804">
				<ele>879.52</ele>
				<time>2026-08-06T19:05:12.451Z</time>
			</trkpt>
			<trkpt lat="39.82801" lon="20.70785">
				<ele>878.85</ele>
				<time>2026-08-06T19:05:14.254Z</time>
			</trkpt>
			<trkpt lat="39.82815" lon="20.70772">
				<ele>879.59</ele>
				<time>2026-08-06T19:05:15.950Z</time>
			</trkpt>
			<trkpt lat="39.82833" lon="20.70761">
				<ele>882.2</ele>
				<time>2026-08-06T19:05:17.911Z</time>
			</trkpt>
			<trkpt lat="39.82864" lon="20.70752">
				<ele>887.83</ele>
				<time>2026-08-06T19:05:21.042Z</time>
			</trkpt>
			<trkpt lat="39.82885" lon="20.7075">
				<ele>887.35</ele>
				<time>2026-08-06T19:05:23.117Z</time>
			</trkpt>
			<trkpt lat="39.82934" lon="20.7076">
				<ele>896.01</ele>
				<time>2026-08-06T19:05:28.003Z</time>
			</trkpt>
			<trkpt lat="39.82945" lon="20.70759">
				<ele>898.04</ele>
				<time>2026-08-06T19:05:29.088Z</time>
			</trkpt>
			<trkpt lat="39.82955" lon="20.70755">
				<ele>899.29</ele>
				<time>2026-08-06T19:05:30.118Z</time>
			</trkpt>
			<trkpt lat="39.82967" lon="20.70744">
				<ele>899.56</ele>
				<time>2026-08-06T19:05:31.563Z</time>
			</trkpt>
			<trkpt lat="39.82971" lon="20.70736">
				<ele>899.25</ele>
				<time>2026-08-06T19:05:32.285Z</time>
			</trkpt>
			<trkpt lat="39.82992" lon="20.70679">
				<ele>895.16</ele>
				<time>2026-08-06T19:05:37.062Z</time>
			</trkpt>
			<trkpt lat="39.83009" lon="20.70655">
				<ele>895.77</ele>
				<time>2026-08-06T19:05:39.529Z</time>
			</trkpt>
			<trkpt lat="39.83025" lon="20.7064">
				<ele>899.16</ele>
				<time>2026-08-06T19:05:41.468Z</time>
			</trkpt>
			<trkpt lat="39.83045" lon="20.70625">
				<ele>902.68</ele>
				<time>2026-08-06T19:05:43.737Z</time>
			</trkpt>
			<trkpt lat="39.83084" lon="20.7061">
				<ele>908.68</ele>
				<time>2026-08-06T19:05:47.734Z</time>
			</trkpt>
			<trkpt lat="39.83107" lon="20.70602">
				<ele>909.52</ele>
				<time>2026-08-06T19:05:50.074Z</time>
			</trkpt>
			<trkpt lat="39.83137" lon="20.70597">
				<ele>910.97</ele>
				<time>2026-08-06T19:05:53.045Z</time>
			</trkpt>
			<trkpt lat="39.83206" lon="20.70594">
				<ele>916.91</ele>
				<time>2026-08-06T19:05:59.826Z</time>
			</trkpt>
			<trkpt lat="39.83238" lon="20.70588">
				<ele>916.55</ele>
				<time>2026-08-06T19:06:03.000Z</time>
			</trkpt>
			<trkpt lat="39.83328" lon="20.70565">
				<ele>921.06</ele>
				<time>2026-08-06T19:06:12.002Z</time>
			</trkpt>
			<trkpt lat="39.83342" lon="20.70563">
				<ele>922.01</ele>
				<time>2026-08-06T19:06:13.383Z</time>
			</trkpt>
			<trkpt lat="39.83368" lon="20.70563">
				<ele>923.53</ele>
				<time>2026-08-06T19:06:15.934Z</time>
			</trkpt>
			<trkpt lat="39.83391" lon="20.70564">
				<ele>925.85</ele>
				<time>2026-08-06T19:06:18.192Z</time>
			</trkpt>
			<trkpt lat="39.83502" lon="20.70583">
				<ele>940.23</ele>
				<time>2026-08-06T19:06:29.172Z</time>
			</trkpt>
			<trkpt lat="39.83539" lon="20.70599">
				<ele>944.02</ele>
				<time>2026-08-06T19:06:32.995Z</time>
			</trkpt>
			<trkpt lat="39.83606" lon="20.70632">
				<ele>947.53</ele>
				<time>2026-08-06T19:06:40.018Z</time>
			</trkpt>
			<trkpt lat="39.83619" lon="20.70636">
				<ele>948.68</ele>
				<time>2026-08-06T19:06:41.328Z</time>
			</trkpt>
			<trkpt lat="39.8363" lon="20.70636">
				<ele>949.23</ele>
				<time>2026-08-06T19:06:42.407Z</time>
			</trkpt>
			<trkpt lat="39.83642" lon="20.70633">
				<ele>949.36</ele>
				<time>2026-08-06T19:06:43.605Z</time>
			</trkpt>
			<trkpt lat="39.83662" lon="20.70618">
				<ele>948.86</ele>
				<time>2026-08-06T19:06:45.868Z</time>
			</trkpt>
			<trkpt lat="39.83702" lon="20.7056">
				<ele>949.87</ele>
				<time>2026-08-06T19:06:51.737Z</time>
			</trkpt>
			<trkpt lat="39.8372" lon="20.7054">
				<ele>950.61</ele>
				<time>2026-08-06T19:06:54.057Z</time>
			</trkpt>
			<trkpt lat="39.8374" lon="20.70522">
				<ele>951.86</ele>
				<time>2026-08-06T19:06:56.441Z</time>
			</trkpt>
			<trkpt lat="39.83762" lon="20.7051">
				<ele>953.63</ele>
				<time>2026-08-06T19:06:58.780Z</time>
			</trkpt>
			<trkpt lat="39.83774" lon="20.70507">
				<ele>954.11</ele>
				<time>2026-08-06T19:06:59.978Z</time>
			</trkpt>
			<trkpt lat="39.83787" lon="20.70507">
				<ele>954.84</ele>
				<time>2026-08-06T19:07:01.253Z</time>
			</trkpt>
			<trkpt lat="39.838" lon="20.70509">
				<ele>955.67</ele>
				<time>2026-08-06T19:07:02.537Z</time>
			</trkpt>
			<trkpt lat="39.83819" lon="20.7052">
				<ele>956.49</ele>
				<time>2026-08-06T19:07:04.576Z</time>
			</trkpt>
			<trkpt lat="39.83841" lon="20.70539">
				<ele>956.3</ele>
				<time>2026-08-06T19:07:07.166Z</time>
			</trkpt>
			<trkpt lat="39.83851" lon="20.70551">
				<ele>955.16</ele>
				<time>2026-08-06T19:07:08.499Z</time>
			</trkpt>
			<trkpt lat="39.83873" lon="20.70603">
				<ele>952.92</ele>
				<time>2026-08-06T19:07:12.972Z</time>
			</trkpt>
			<trkpt lat="39.83944" lon="20.70798">
				<ele>955.56</ele>
				<time>2026-08-06T19:07:29.238Z</time>
			</trkpt>
			<trkpt lat="39.83949" lon="20.70828">
				<ele>956.57</ele>
				<time>2026-08-06T19:07:31.553Z</time>
			</trkpt>
			<trkpt lat="39.8395" lon="20.70845">
				<ele>956.67</ele>
				<time>2026-08-06T19:07:32.839Z</time>
			</trkpt>
			<trkpt lat="39.83947" lon="20.70874">
				<ele>955.87</ele>
				<time>2026-08-06T19:07:35.046Z</time>
			</trkpt>
			<trkpt lat="39.83944" lon="20.70888">
				<ele>955.01</ele>
				<time>2026-08-06T19:07:36.143Z</time>
			</trkpt>
			<trkpt lat="39.83937" lon="20.70911">
				<ele>953.61</ele>
				<time>2026-08-06T19:07:38.009Z</time>
			</trkpt>
			<trkpt lat="39.83921" lon="20.70938">
				<ele>953.82</ele>
				<time>2026-08-06T19:07:40.583Z</time>
			</trkpt>
			<trkpt lat="39.83858" lon="20.71025">
				<ele>950.99</ele>
				<time>2026-08-06T19:07:49.613Z</time>
			</trkpt>
			<trkpt lat="39.83762" lon="20.71165">
				<ele>953.33</ele>
				<time>2026-08-06T19:08:03.803Z</time>
			</trkpt>
			<trkpt lat="39.83718" lon="20.71227">
				<ele>955.06</ele>
				<time>2026-08-06T19:08:10.194Z</time>
			</trkpt>
			<trkpt lat="39.83343" lon="20.71772">
				<ele>946</ele>
				<time>2026-08-06T19:09:05.859Z</time>
			</trkpt>
			<trkpt lat="39.83" lon="20.72262">
				<ele>941</ele>
				<time>2026-08-06T19:09:56.866Z</time>
			</trkpt>
			<trkpt lat="39.82984" lon="20.72288">
				<ele>941.16</ele>
				<time>2026-08-06T19:09:59.448Z</time>
			</trkpt>
			<trkpt lat="39.82976" lon="20.72304">
				<ele>941.15</ele>
				<time>2026-08-06T19:10:00.928Z</time>
			</trkpt>
			<trkpt lat="39.82963" lon="20.72344">
				<ele>942.08</ele>
				<time>2026-08-06T19:10:04.297Z</time>
			</trkpt>
			<trkpt lat="39.82895" lon="20.72631">
				<ele>946.77</ele>
				<time>2026-08-06T19:10:27.689Z</time>
			</trkpt>
			<trkpt lat="39.82892" lon="20.72647">
				<ele>946.19</ele>
				<time>2026-08-06T19:10:28.976Z</time>
			</trkpt>
			<trkpt lat="39.82888" lon="20.72681">
				<ele>946</ele>
				<time>2026-08-06T19:10:31.667Z</time>
			</trkpt>
			<trkpt lat="39.82888" lon="20.72694">
				<ele>946.95</ele>
				<time>2026-08-06T19:10:32.685Z</time>
			</trkpt>
			<trkpt lat="39.82892" lon="20.72738">
				<ele>947.54</ele>
				<time>2026-08-06T19:10:36.156Z</time>
			</trkpt>
			<trkpt lat="39.82905" lon="20.72812">
				<ele>945.34</ele>
				<time>2026-08-06T19:10:42.112Z</time>
			</trkpt>
			<trkpt lat="39.82914" lon="20.72858">
				<ele>946.32</ele>
				<time>2026-08-06T19:10:45.842Z</time>
			</trkpt>
			<trkpt lat="39.82926" lon="20.72884">
				<ele>943.39</ele>
				<time>2026-08-06T19:10:48.228Z</time>
			</trkpt>
			<trkpt lat="39.82944" lon="20.72917">
				<ele>944.04</ele>
				<time>2026-08-06T19:10:51.416Z</time>
			</trkpt>
			<trkpt lat="39.82955" lon="20.72933">
				<ele>945.68</ele>
				<time>2026-08-06T19:10:53.108Z</time>
			</trkpt>
			<trkpt lat="39.83022" lon="20.73007">
				<ele>937.28</ele>
				<time>2026-08-06T19:11:02.140Z</time>
			</trkpt>
			<trkpt lat="39.83047" lon="20.73038">
				<ele>940.44</ele>
				<time>2026-08-06T19:11:05.693Z</time>
			</trkpt>
			<trkpt lat="39.83063" lon="20.73066">
				<ele>939.21</ele>
				<time>2026-08-06T19:11:08.451Z</time>
			</trkpt>
			<trkpt lat="39.83097" lon="20.73141">
				<ele>930.44</ele>
				<time>2026-08-06T19:11:15.332Z</time>
			</trkpt>
			<trkpt lat="39.83113" lon="20.73167">
				<ele>922.77</ele>
				<time>2026-08-06T19:11:17.963Z</time>
			</trkpt>
			<trkpt lat="39.83181" lon="20.73237">
				<ele>918.54</ele>
				<time>2026-08-06T19:11:26.876Z</time>
			</trkpt>
			<trkpt lat="39.83229" lon="20.73304">
				<ele>905.03</ele>
				<time>2026-08-06T19:11:34.108Z</time>
			</trkpt>
			<trkpt lat="39.8325" lon="20.73322">
				<ele>901.45</ele>
				<time>2026-08-06T19:11:36.692Z</time>
			</trkpt>
			<trkpt lat="39.83416" lon="20.73422">
				<ele>889.75</ele>
				<time>2026-08-06T19:11:55.477Z</time>
			</trkpt>
			<trkpt lat="39.83454" lon="20.73439">
				<ele>892.03</ele>
				<time>2026-08-06T19:11:59.602Z</time>
			</trkpt>
			<trkpt lat="39.8351" lon="20.7346">
				<ele>888.82</ele>
				<time>2026-08-06T19:12:05.583Z</time>
			</trkpt>
			<trkpt lat="39.8352" lon="20.73465">
				<ele>888.39</ele>
				<time>2026-08-06T19:12:06.682Z</time>
			</trkpt>
			<trkpt lat="39.83614" lon="20.73537">
				<ele>885</ele>
				<time>2026-08-06T19:12:17.870Z</time>
			</trkpt>
			<trkpt lat="39.83716" lon="20.73593">
				<ele>878.01</ele>
				<time>2026-08-06T19:12:29.222Z</time>
			</trkpt>
			<trkpt lat="39.83739" lon="20.73598">
				<ele>877.2</ele>
				<time>2026-08-06T19:12:31.613Z</time>
			</trkpt>
			<trkpt lat="39.83774" lon="20.73597">
				<ele>873.99</ele>
				<time>2026-08-06T19:12:35.201Z</time>
			</trkpt>
			<trkpt lat="39.83816" lon="20.73588">
				<ele>872.61</ele>
				<time>2026-08-06T19:12:39.564Z</time>
			</trkpt>
			<trkpt lat="39.84121" lon="20.7347">
				<ele>877.18</ele>
				<time>2026-08-06T19:13:12.155Z</time>
			</trkpt>
			<trkpt lat="39.84148" lon="20.73455">
				<ele>878.54</ele>
				<time>2026-08-06T19:13:15.160Z</time>
			</trkpt>
			<trkpt lat="39.84346" lon="20.73318">
				<ele>880.48</ele>
				<time>2026-08-06T19:13:38.104Z</time>
			</trkpt>
			<trkpt lat="39.84392" lon="20.73296">
				<ele>879.67</ele>
				<time>2026-08-06T19:13:43.116Z</time>
			</trkpt>
			<trkpt lat="39.84414" lon="20.73278">
				<ele>877.12</ele>
				<time>2026-08-06T19:13:45.774Z</time>
			</trkpt>
			<trkpt lat="39.84439" lon="20.73255">
				<ele>875.43</ele>
				<time>2026-08-06T19:13:48.904Z</time>
			</trkpt>
			<trkpt lat="39.84499" lon="20.73193">
				<ele>868.93</ele>
				<time>2026-08-06T19:13:56.737Z</time>
			</trkpt>
			<trkpt lat="39.84553" lon="20.73132">
				<ele>867.19</ele>
				<time>2026-08-06T19:14:04.045Z</time>
			</trkpt>
			<trkpt lat="39.84652" lon="20.72995">
				<ele>863.09</ele>
				<time>2026-08-06T19:14:18.810Z</time>
			</trkpt>
			<trkpt lat="39.84721" lon="20.72894">
				<ele>859.34</ele>
				<time>2026-08-06T19:14:29.418Z</time>
			</trkpt>
			<trkpt lat="39.84761" lon="20.72849">
				<ele>857.68</ele>
				<time>2026-08-06T19:14:34.819Z</time>
			</trkpt>
			<trkpt lat="39.84827" lon="20.72783">
				<ele>856.47</ele>
				<time>2026-08-06T19:14:43.320Z</time>
			</trkpt>
			<trkpt lat="39.84866" lon="20.7275">
				<ele>852.3</ele>
				<time>2026-08-06T19:14:48.071Z</time>
			</trkpt>
			<trkpt lat="39.85084" lon="20.7259">
				<ele>849.51</ele>
				<time>2026-08-06T19:15:13.628Z</time>
			</trkpt>
			<trkpt lat="39.85131" lon="20.72566">
				<ele>847.31</ele>
				<time>2026-08-06T19:15:18.783Z</time>
			</trkpt>
			<trkpt lat="39.85206" lon="20.72534">
				<ele>847.97</ele>
				<time>2026-08-06T19:15:26.842Z</time>
			</trkpt>
			<trkpt lat="39.85234" lon="20.72525">
				<ele>848.69</ele>
				<time>2026-08-06T19:15:29.786Z</time>
			</trkpt>
			<trkpt lat="39.85304" lon="20.72509">
				<ele>848.64</ele>
				<time>2026-08-06T19:15:37.043Z</time>
			</trkpt>
			<trkpt lat="39.85368" lon="20.725">
				<ele>844.77</ele>
				<time>2026-08-06T19:15:43.615Z</time>
			</trkpt>
			<trkpt lat="39.85468" lon="20.72494">
				<ele>843.86</ele>
				<time>2026-08-06T19:15:53.835Z</time>
			</trkpt>
			<trkpt lat="39.85489" lon="20.72497">
				<ele>844.97</ele>
				<time>2026-08-06T19:15:55.992Z</time>
			</trkpt>
			<trkpt lat="39.85514" lon="20.72504">
				<ele>846.76</ele>
				<time>2026-08-06T19:15:58.602Z</time>
			</trkpt>
			<trkpt lat="39.85543" lon="20.72515">
				<ele>848.67</ele>
				<time>2026-08-06T19:16:01.686Z</time>
			</trkpt>
			<trkpt lat="39.85572" lon="20.72531">
				<ele>849.54</ele>
				<time>2026-08-06T19:16:04.901Z</time>
			</trkpt>
			<trkpt lat="39.85613" lon="20.72566">
				<ele>847.07</ele>
				<time>2026-08-06T19:16:09.905Z</time>
			</trkpt>
			<trkpt lat="39.85716" lon="20.72668">
				<ele>850.5</ele>
				<time>2026-08-06T19:16:23.113Z</time>
			</trkpt>
			<trkpt lat="39.85929" lon="20.72869">
				<ele>859.32</ele>
				<time>2026-08-06T19:16:49.964Z</time>
			</trkpt>
			<trkpt lat="39.85954" lon="20.72885">
				<ele>860.01</ele>
				<time>2026-08-06T19:16:52.808Z</time>
			</trkpt>
			<trkpt lat="39.85971" lon="20.72889">
				<ele>860.26</ele>
				<time>2026-08-06T19:16:54.571Z</time>
			</trkpt>
			<trkpt lat="39.85987" lon="20.72888">
				<ele>858.89</ele>
				<time>2026-08-06T19:16:56.207Z</time>
			</trkpt>
			<trkpt lat="39.8601" lon="20.72882">
				<ele>857.01</ele>
				<time>2026-08-06T19:16:58.602Z</time>
			</trkpt>
			<trkpt lat="39.86025" lon="20.72872">
				<ele>855.57</ele>
				<time>2026-08-06T19:17:00.322Z</time>
			</trkpt>
			<trkpt lat="39.86089" lon="20.72819">
				<ele>854.1</ele>
				<time>2026-08-06T19:17:08.065Z</time>
			</trkpt>
			<trkpt lat="39.86116" lon="20.72787">
				<ele>854.25</ele>
				<time>2026-08-06T19:17:11.792Z</time>
			</trkpt>
			<trkpt lat="39.8612" lon="20.7278">
				<ele>853.99</ele>
				<time>2026-08-06T19:17:12.476Z</time>
			</trkpt>
			<trkpt lat="39.86124" lon="20.72766">
				<ele>854.14</ele>
				<time>2026-08-06T19:17:13.647Z</time>
			</trkpt>
			<trkpt lat="39.86126" lon="20.72749">
				<ele>853.69</ele>
				<time>2026-08-06T19:17:14.995Z</time>
			</trkpt>
			<trkpt lat="39.86126" lon="20.72725">
				<ele>853.35</ele>
				<time>2026-08-06T19:17:16.876Z</time>
			</trkpt>
			<trkpt lat="39.86119" lon="20.72656">
				<ele>854.51</ele>
				<time>2026-08-06T19:17:22.332Z</time>
			</trkpt>
			<trkpt lat="39.86118" lon="20.72609">
				<ele>853.17</ele>
				<time>2026-08-06T19:17:26.018Z</time>
			</trkpt>
			<trkpt lat="39.86119" lon="20.72593">
				<ele>853.1</ele>
				<time>2026-08-06T19:17:27.276Z</time>
			</trkpt>
			<trkpt lat="39.86125" lon="20.72562">
				<ele>853.05</ele>
				<time>2026-08-06T19:17:29.783Z</time>
			</trkpt>
			<trkpt lat="39.86136" lon="20.72533">
				<ele>853.95</ele>
				<time>2026-08-06T19:17:32.318Z</time>
			</trkpt>
			<trkpt lat="39.86144" lon="20.72517">
				<ele>855</ele>
				<time>2026-08-06T19:17:33.815Z</time>
			</trkpt>
			<trkpt lat="39.8617" lon="20.72481">
				<ele>856.34</ele>
				<time>2026-08-06T19:17:37.691Z</time>
			</trkpt>
			<trkpt lat="39.86217" lon="20.72431">
				<ele>859.37</ele>
				<time>2026-08-06T19:17:43.889Z</time>
			</trkpt>
			<trkpt lat="39.86234" lon="20.72416">
				<ele>859.73</ele>
				<time>2026-08-06T19:17:45.986Z</time>
			</trkpt>
			<trkpt lat="39.8628" lon="20.72388">
				<ele>860.88</ele>
				<time>2026-08-06T19:17:51.173Z</time>
			</trkpt>
			<trkpt lat="39.86301" lon="20.72371">
				<ele>861.86</ele>
				<time>2026-08-06T19:17:53.699Z</time>
			</trkpt>
			<trkpt lat="39.86401" lon="20.72244">
				<ele>845.21</ele>
				<time>2026-08-06T19:18:07.968Z</time>
			</trkpt>
			<trkpt lat="39.86414" lon="20.72235">
				<ele>844.65</ele>
				<time>2026-08-06T19:18:09.472Z</time>
			</trkpt>
			<trkpt lat="39.86425" lon="20.72233">
				<ele>843.71</ele>
				<time>2026-08-06T19:18:10.607Z</time>
			</trkpt>
			<trkpt lat="39.86437" lon="20.72235">
				<ele>843.35</ele>
				<time>2026-08-06T19:18:11.844Z</time>
			</trkpt>
			<trkpt lat="39.86446" lon="20.7224">
				<ele>843.44</ele>
				<time>2026-08-06T19:18:12.844Z</time>
			</trkpt>
			<trkpt lat="39.86459" lon="20.72254">
				<ele>842.98</ele>
				<time>2026-08-06T19:18:14.567Z</time>
			</trkpt>
			<trkpt lat="39.86475" lon="20.72282">
				<ele>844.45</ele>
				<time>2026-08-06T19:18:17.306Z</time>
			</trkpt>
			<trkpt lat="39.86489" lon="20.72298">
				<ele>843.08</ele>
				<time>2026-08-06T19:18:19.209Z</time>
			</trkpt>
			<trkpt lat="39.86591" lon="20.72365">
				<ele>841.34</ele>
				<time>2026-08-06T19:18:30.886Z</time>
			</trkpt>
			<trkpt lat="39.86637" lon="20.72386">
				<ele>838.17</ele>
				<time>2026-08-06T19:18:35.870Z</time>
			</trkpt>
			<trkpt lat="39.86651" lon="20.72394">
				<ele>838.38</ele>
				<time>2026-08-06T19:18:37.433Z</time>
			</trkpt>
			<trkpt lat="39.86664" lon="20.72404">
				<ele>839.78</ele>
				<time>2026-08-06T19:18:38.977Z</time>
			</trkpt>
			<trkpt lat="39.86678" lon="20.72418">
				<ele>843.89</ele>
				<time>2026-08-06T19:18:40.781Z</time>
			</trkpt>
			<trkpt lat="39.86686" lon="20.7243">
				<ele>846.4</ele>
				<time>2026-08-06T19:18:42.029Z</time>
			</trkpt>
			<trkpt lat="39.86695" lon="20.72457">
				<ele>849.81</ele>
				<time>2026-08-06T19:18:44.339Z</time>
			</trkpt>
			<trkpt lat="39.86692" lon="20.72496">
				<ele>852.12</ele>
				<time>2026-08-06T19:18:47.416Z</time>
			</trkpt>
			<trkpt lat="39.86688" lon="20.7256">
				<ele>857.77</ele>
				<time>2026-08-06T19:18:52.457Z</time>
			</trkpt>
			<trkpt lat="39.86688" lon="20.72623">
				<ele>861.49</ele>
				<time>2026-08-06T19:18:57.394Z</time>
			</trkpt>
			<trkpt lat="39.86692" lon="20.72763">
				<ele>872.72</ele>
				<time>2026-08-06T19:19:08.078Z</time>
			</trkpt>
			<trkpt lat="39.86689" lon="20.7286">
				<ele>876.96</ele>
				<time>2026-08-06T19:19:15.241Z</time>
			</trkpt>
			<trkpt lat="39.8669" lon="20.72919">
				<ele>882.21</ele>
				<time>2026-08-06T19:19:19.509Z</time>
			</trkpt>
			<trkpt lat="39.86695" lon="20.72994">
				<ele>879.13</ele>
				<time>2026-08-06T19:19:24.867Z</time>
			</trkpt>
			<trkpt lat="39.86703" lon="20.73056">
				<ele>879.53</ele>
				<time>2026-08-06T19:19:29.272Z</time>
			</trkpt>
			<trkpt lat="39.86722" lon="20.73161">
				<ele>878.26</ele>
				<time>2026-08-06T19:19:36.699Z</time>
			</trkpt>
			<trkpt lat="39.86725" lon="20.73191">
				<ele>877.95</ele>
				<time>2026-08-06T19:19:38.755Z</time>
			</trkpt>
			<trkpt lat="39.86724" lon="20.73219">
				<ele>878.58</ele>
				<time>2026-08-06T19:19:40.650Z</time>
			</trkpt>
			<trkpt lat="39.86709" lon="20.73326">
				<ele>880.35</ele>
				<time>2026-08-06T19:19:47.925Z</time>
			</trkpt>
			<trkpt lat="39.86705" lon="20.7339">
				<ele>877.56</ele>
				<time>2026-08-06T19:19:52.168Z</time>
			</trkpt>
			<trkpt lat="39.86708" lon="20.73587">
				<ele>876.78</ele>
				<time>2026-08-06T19:20:05.014Z</time>
			</trkpt>
			<trkpt lat="39.86708" lon="20.73693">
				<ele>875.04</ele>
				<time>2026-08-06T19:20:11.857Z</time>
			</trkpt>
			<trkpt lat="39.86712" lon="20.73738">
				<ele>873.78</ele>
				<time>2026-08-06T19:20:14.774Z</time>
			</trkpt>
			<trkpt lat="39.8672" lon="20.73769">
				<ele>875.08</ele>
				<time>2026-08-06T19:20:16.879Z</time>
			</trkpt>
			<trkpt lat="39.86727" lon="20.73784">
				<ele>874.98</ele>
				<time>2026-08-06T19:20:18.009Z</time>
			</trkpt>
			<trkpt lat="39.86735" lon="20.73794">
				<ele>874.81</ele>
				<time>2026-08-06T19:20:18.939Z</time>
			</trkpt>
			<trkpt lat="39.86743" lon="20.738">
				<ele>875</ele>
				<time>2026-08-06T19:20:19.714Z</time>
			</trkpt>
			<trkpt lat="39.8676" lon="20.73806">
				<ele>875.03</ele>
				<time>2026-08-06T19:20:21.192Z</time>
			</trkpt>
			<trkpt lat="39.86777" lon="20.73806">
				<ele>875.82</ele>
				<time>2026-08-06T19:20:22.619Z</time>
			</trkpt>
			<trkpt lat="39.86792" lon="20.73798">
				<ele>877.71</ele>
				<time>2026-08-06T19:20:23.981Z</time>
			</trkpt>
			<trkpt lat="39.86844" lon="20.73745">
				<ele>884.67</ele>
				<time>2026-08-06T19:20:29.540Z</time>
			</trkpt>
			<trkpt lat="39.8685" lon="20.73743">
				<ele>884.47</ele>
				<time>2026-08-06T19:20:30.063Z</time>
			</trkpt>
			<trkpt lat="39.8686" lon="20.7374">
				<ele>883.39</ele>
				<time>2026-08-06T19:20:30.929Z</time>
			</trkpt>
			<trkpt lat="39.86871" lon="20.73742">
				<ele>882.56</ele>
				<time>2026-08-06T19:20:31.869Z</time>
			</trkpt>
			<trkpt lat="39.86876" lon="20.73745">
				<ele>882.18</ele>
				<time>2026-08-06T19:20:32.335Z</time>
			</trkpt>
			<trkpt lat="39.86887" lon="20.73757">
				<ele>882.22</ele>
				<time>2026-08-06T19:20:33.550Z</time>
			</trkpt>
			<trkpt lat="39.86891" lon="20.73765">
				<ele>883.03</ele>
				<time>2026-08-06T19:20:34.171Z</time>
			</trkpt>
			<trkpt lat="39.86892" lon="20.73775">
				<ele>883.86</ele>
				<time>2026-08-06T19:20:34.828Z</time>
			</trkpt>
			<trkpt lat="39.86892" lon="20.73792">
				<ele>884.95</ele>
				<time>2026-08-06T19:20:35.937Z</time>
			</trkpt>
			<trkpt lat="39.86862" lon="20.7397">
				<ele>886.37</ele>
				<time>2026-08-06T19:20:47.954Z</time>
			</trkpt>
			<trkpt lat="39.8686" lon="20.73999">
				<ele>885.9</ele>
				<time>2026-08-06T19:20:49.900Z</time>
			</trkpt>
			<trkpt lat="39.86862" lon="20.74012">
				<ele>886.2</ele>
				<time>2026-08-06T19:20:50.790Z</time>
			</trkpt>
			<trkpt lat="39.8687" lon="20.74032">
				<ele>887.68</ele>
				<time>2026-08-06T19:20:52.307Z</time>
			</trkpt>
			<trkpt lat="39.86884" lon="20.74048">
				<ele>889.71</ele>
				<time>2026-08-06T19:20:53.945Z</time>
			</trkpt>
			<trkpt lat="39.869" lon="20.74059">
				<ele>891.71</ele>
				<time>2026-08-06T19:20:55.543Z</time>
			</trkpt>
			<trkpt lat="39.86921" lon="20.7407">
				<ele>893.84</ele>
				<time>2026-08-06T19:20:57.552Z</time>
			</trkpt>
			<trkpt lat="39.86972" lon="20.7409">
				<ele>897.83</ele>
				<time>2026-08-06T19:21:02.324Z</time>
			</trkpt>
			<trkpt lat="39.8699" lon="20.74101">
				<ele>898.71</ele>
				<time>2026-08-06T19:21:04.122Z</time>
			</trkpt>
			<trkpt lat="39.87099" lon="20.74172">
				<ele>903.73</ele>
				<time>2026-08-06T19:21:15.371Z</time>
			</trkpt>
			<trkpt lat="39.87124" lon="20.7419">
				<ele>907.39</ele>
				<time>2026-08-06T19:21:18.069Z</time>
			</trkpt>
			<trkpt lat="39.87135" lon="20.74205">
				<ele>908.78</ele>
				<time>2026-08-06T19:21:19.585Z</time>
			</trkpt>
			<trkpt lat="39.8714" lon="20.74214">
				<ele>909</ele>
				<time>2026-08-06T19:21:20.400Z</time>
			</trkpt>
			<trkpt lat="39.87146" lon="20.74235">
				<ele>910</ele>
				<time>2026-08-06T19:21:22.051Z</time>
			</trkpt>
			<trkpt lat="39.87153" lon="20.74335">
				<ele>913.88</ele>
				<time>2026-08-06T19:21:29.573Z</time>
			</trkpt>
			<trkpt lat="39.87158" lon="20.74363">
				<ele>912.57</ele>
				<time>2026-08-06T19:21:31.765Z</time>
			</trkpt>
			<trkpt lat="39.87163" lon="20.74378">
				<ele>912.4</ele>
				<time>2026-08-06T19:21:33.021Z</time>
			</trkpt>
			<trkpt lat="39.87176" lon="20.74398">
				<ele>913.6</ele>
				<time>2026-08-06T19:21:35.046Z</time>
			</trkpt>
			<trkpt lat="39.87225" lon="20.74437">
				<ele>922.43</ele>
				<time>2026-08-06T19:21:40.915Z</time>
			</trkpt>
			<trkpt lat="39.87229" lon="20.74445">
				<ele>922.84</ele>
				<time>2026-08-06T19:21:41.674Z</time>
			</trkpt>
			<trkpt lat="39.87232" lon="20.74456">
				<ele>923.26</ele>
				<time>2026-08-06T19:21:42.605Z</time>
			</trkpt>
			<trkpt lat="39.87236" lon="20.74508">
				<ele>925.15</ele>
				<time>2026-08-06T19:21:46.814Z</time>
			</trkpt>
			<trkpt lat="39.87238" lon="20.74523">
				<ele>926.4</ele>
				<time>2026-08-06T19:21:48.054Z</time>
			</trkpt>
			<trkpt lat="39.87248" lon="20.74547">
				<ele>929.03</ele>
				<time>2026-08-06T19:21:50.293Z</time>
			</trkpt>
			<trkpt lat="39.87256" lon="20.74558">
				<ele>930.35</ele>
				<time>2026-08-06T19:21:51.544Z</time>
			</trkpt>
			<trkpt lat="39.87278" lon="20.7459">
				<ele>932.28</ele>
				<time>2026-08-06T19:21:55.125Z</time>
			</trkpt>
			<trkpt lat="39.87295" lon="20.74619">
				<ele>934.53</ele>
				<time>2026-08-06T19:21:58.207Z</time>
			</trkpt>
			<trkpt lat="39.873" lon="20.74631">
				<ele>935.61</ele>
				<time>2026-08-06T19:21:59.371Z</time>
			</trkpt>
			<trkpt lat="39.87307" lon="20.74658">
				<ele>937.56</ele>
				<time>2026-08-06T19:22:01.816Z</time>
			</trkpt>
			<trkpt lat="39.87308" lon="20.7467">
				<ele>938.32</ele>
				<time>2026-08-06T19:22:02.859Z</time>
			</trkpt>
			<trkpt lat="39.87309" lon="20.74699">
				<ele>939.42</ele>
				<time>2026-08-06T19:22:05.386Z</time>
			</trkpt>
			<trkpt lat="39.873" lon="20.74775">
				<ele>938.99</ele>
				<time>2026-08-06T19:22:12.205Z</time>
			</trkpt>
			<trkpt lat="39.87301" lon="20.7486">
				<ele>942.37</ele>
				<time>2026-08-06T19:22:19.966Z</time>
			</trkpt>
			<trkpt lat="39.87299" lon="20.74881">
				<ele>942.74</ele>
				<time>2026-08-06T19:22:21.935Z</time>
			</trkpt>
			<trkpt lat="39.87291" lon="20.74924">
				<ele>939.7</ele>
				<time>2026-08-06T19:22:26.103Z</time>
			</trkpt>
			<trkpt lat="39.87292" lon="20.74944">
				<ele>939.84</ele>
				<time>2026-08-06T19:22:28.013Z</time>
			</trkpt>
			<trkpt lat="39.873" lon="20.74959">
				<ele>942.74</ele>
				<time>2026-08-06T19:22:29.767Z</time>
			</trkpt>
			<trkpt lat="39.87308" lon="20.74967">
				<ele>944.83</ele>
				<time>2026-08-06T19:22:31.036Z</time>
			</trkpt>
			<trkpt lat="39.87324" lon="20.74978">
				<ele>947.44</ele>
				<time>2026-08-06T19:22:33.328Z</time>
			</trkpt>
			<trkpt lat="39.87336" lon="20.74991">
				<ele>948.35</ele>
				<time>2026-08-06T19:22:35.322Z</time>
			</trkpt>
			<trkpt lat="39.8734" lon="20.74998">
				<ele>947.92</ele>
				<time>2026-08-06T19:22:36.182Z</time>
			</trkpt>
			<trkpt lat="39.87345" lon="20.75013">
				<ele>946.98</ele>
				<time>2026-08-06T19:22:37.802Z</time>
			</trkpt>
			<trkpt lat="39.8735" lon="20.75045">
				<ele>946.06</ele>
				<time>2026-08-06T19:22:41.067Z</time>
			</trkpt>
			<trkpt lat="39.87357" lon="20.75052">
				<ele>947.31</ele>
				<time>2026-08-06T19:22:42.226Z</time>
			</trkpt>
			<trkpt lat="39.87369" lon="20.75052">
				<ele>948.53</ele>
				<time>2026-08-06T19:22:43.811Z</time>
			</trkpt>
			<trkpt lat="39.87374" lon="20.75044">
				<ele>948.59</ele>
				<time>2026-08-06T19:22:44.862Z</time>
			</trkpt>
			<trkpt lat="39.87383" lon="20.75013">
				<ele>948.2</ele>
				<time>2026-08-06T19:22:48.266Z</time>
			</trkpt>
			<trkpt lat="39.87399" lon="20.74968">
				<ele>954.45</ele>
				<time>2026-08-06T19:22:53.442Z</time>
			</trkpt>
			<trkpt lat="39.87406" lon="20.74927">
				<ele>963.88</ele>
				<time>2026-08-06T19:22:57.903Z</time>
			</trkpt>
			<trkpt lat="39.87404" lon="20.74896">
				<ele>967.39</ele>
				<time>2026-08-06T19:23:01.255Z</time>
			</trkpt>
			<trkpt lat="39.87401" lon="20.74874">
				<ele>969.64</ele>
				<time>2026-08-06T19:23:03.688Z</time>
			</trkpt>
			<trkpt lat="39.87411" lon="20.74837">
				<ele>976.91</ele>
				<time>2026-08-06T19:23:08.010Z</time>
			</trkpt>
			<trkpt lat="39.87417" lon="20.74834">
				<ele>979.05</ele>
				<time>2026-08-06T19:23:08.942Z</time>
			</trkpt>
			<trkpt lat="39.87428" lon="20.74832">
				<ele>982.01</ele>
				<time>2026-08-06T19:23:10.559Z</time>
			</trkpt>
			<trkpt lat="39.87454" lon="20.74839">
				<ele>984.94</ele>
				<time>2026-08-06T19:23:14.461Z</time>
			</trkpt>
			<trkpt lat="39.87485" lon="20.74842">
				<ele>986.71</ele>
				<time>2026-08-06T19:23:19.098Z</time>
			</trkpt>
			<trkpt lat="39.87506" lon="20.74837">
				<ele>990.14</ele>
				<time>2026-08-06T19:23:22.326Z</time>
			</trkpt>
			<trkpt lat="39.87518" lon="20.7483">
				<ele>994.65</ele>
				<time>2026-08-06T19:23:24.332Z</time>
			</trkpt>
			<trkpt lat="39.87523" lon="20.7483">
				<ele>995.62</ele>
				<time>2026-08-06T19:23:25.098Z</time>
			</trkpt>
			<trkpt lat="39.87528" lon="20.74834">
				<ele>995.91</ele>
				<time>2026-08-06T19:23:26.000Z</time>
			</trkpt>
			<trkpt lat="39.87535" lon="20.74845">
				<ele>995.35</ele>
				<time>2026-08-06T19:23:27.692Z</time>
			</trkpt>
			<trkpt lat="39.87538" lon="20.74862">
				<ele>993.37</ele>
				<time>2026-08-06T19:23:29.772Z</time>
			</trkpt>
			<trkpt lat="39.87542" lon="20.74872">
				<ele>993.06</ele>
				<time>2026-08-06T19:23:31.124Z</time>
			</trkpt>
			<trkpt lat="39.87556" lon="20.74894">
				<ele>995.15</ele>
				<time>2026-08-06T19:23:34.602Z</time>
			</trkpt>
			<trkpt lat="39.87566" lon="20.74914">
				<ele>994.41</ele>
				<time>2026-08-06T19:23:37.697Z</time>
			</trkpt>
			<trkpt lat="39.87569" lon="20.74918">
				<ele>994.66</ele>
				<time>2026-08-06T19:23:38.450Z</time>
			</trkpt>
			<trkpt lat="39.87572" lon="20.74919">
				<ele>995.57</ele>
				<time>2026-08-06T19:23:39.000Z</time>
			</trkpt>
			<trkpt lat="39.87575" lon="20.74917">
				<ele>996.59</ele>
				<time>2026-08-06T19:23:39.605Z</time>
			</trkpt>
			<trkpt lat="39.87577" lon="20.74915">
				<ele>997.61</ele>
				<time>2026-08-06T19:23:40.062Z</time>
			</trkpt>
			<trkpt lat="39.87577" lon="20.7491">
				<ele>998.3</ele>
				<time>2026-08-06T19:23:40.763Z</time>
			</trkpt>
			<trkpt lat="39.87567" lon="20.74898">
				<ele>997.7</ele>
				<time>2026-08-06T19:23:43.313Z</time>
			</trkpt>
			<trkpt lat="39.87565" lon="20.74891">
				<ele>998.28</ele>
				<time>2026-08-06T19:23:44.417Z</time>
			</trkpt>
			<trkpt lat="39.87562" lon="20.74868">
				<ele>1001.31</ele>
				<time>2026-08-06T19:23:47.973Z</time>
			</trkpt>
			<trkpt lat="39.87563" lon="20.74859">
				<ele>1002.79</ele>
				<time>2026-08-06T19:23:49.401Z</time>
			</trkpt>
			<trkpt lat="39.87562" lon="20.74851">
				<ele>1003.03</ele>
				<time>2026-08-06T19:23:50.693Z</time>
			</trkpt>
			<trkpt lat="39.87544" lon="20.74772">
				<ele>1006.73</ele>
				<time>2026-08-06T19:24:04.757Z</time>
			</trkpt>
			<trkpt lat="39.87532" lon="20.74742">
				<ele>1007.58</ele>
				<time>2026-08-06T19:24:10.953Z</time>
			</trkpt>
			<trkpt lat="39.87532" lon="20.7473">
				<ele>1007.73</ele>
				<time>2026-08-06T19:24:13.200Z</time>
			</trkpt>
			<trkpt lat="39.87543" lon="20.74703">
				<ele>1010.34</ele>
				<time>2026-08-06T19:24:19.029Z</time>
			</trkpt>
			<trkpt lat="39.87566" lon="20.74672">
				<ele>1014.35</ele>
				<time>2026-08-06T19:24:27.470Z</time>
			</trkpt>
			<trkpt lat="39.87583" lon="20.74655">
				<ele>1017.08</ele>
				<time>2026-08-06T19:24:33.044Z</time>
			</trkpt>
			<trkpt lat="39.87616" lon="20.74631">
				<ele>1022.27</ele>
				<time>2026-08-06T19:24:43.023Z</time>
			</trkpt>
			<trkpt lat="39.87628" lon="20.74615">
				<ele>1025.24</ele>
				<time>2026-08-06T19:24:47.597Z</time>
			</trkpt>
			<trkpt lat="39.87631" lon="20.74601">
				<ele>1026.94</ele>
				<time>2026-08-06T19:24:50.576Z</time>
			</trkpt>
			<trkpt lat="39.87644" lon="20.74603">
				<ele>1029.97</ele>
				<time>2026-08-06T19:24:54.076Z</time>
			</trkpt>
			<trkpt lat="39.87657" lon="20.74602">
				<ele>1033.25</ele>
				<time>2026-08-06T19:24:57.558Z</time>
			</trkpt>
			<trkpt lat="39.87662" lon="20.74599">
				<ele>1034.65</ele>
				<time>2026-08-06T19:24:59.028Z</time>
			</trkpt>
			<trkpt lat="39.87709" lon="20.74562">
				<ele>1037.32</ele>
				<time>2026-08-06T19:25:13.597Z</time>
			</trkpt>
			<trkpt lat="39.87723" lon="20.74549">
				<ele>1036.97</ele>
				<time>2026-08-06T19:25:18.091Z</time>
			</trkpt>
			<trkpt lat="39.87729" lon="20.7454">
				<ele>1035.76</ele>
				<time>2026-08-06T19:25:20.463Z</time>
			</trkpt>
			<trkpt lat="39.87739" lon="20.7452">
				<ele>1034.7</ele>
				<time>2026-08-06T19:25:25.168Z</time>
			</trkpt>
			<trkpt lat="39.87763" lon="20.74438">
				<ele>1040.56</ele>
				<time>2026-08-06T19:25:41.776Z</time>
			</trkpt>
			<trkpt lat="39.87772" lon="20.7442">
				<ele>1041.77</ele>
				<time>2026-08-06T19:25:45.672Z</time>
			</trkpt>
			<trkpt lat="39.87819" lon="20.74342">
				<ele>1040.9</ele>
				<time>2026-08-06T19:26:03.645Z</time>
			</trkpt>
			<trkpt lat="39.87837" lon="20.74319">
				<ele>1042.17</ele>
				<time>2026-08-06T19:26:09.595Z</time>
			</trkpt>
			<trkpt lat="39.87848" lon="20.74309">
				<ele>1043.52</ele>
				<time>2026-08-06T19:26:12.759Z</time>
			</trkpt>
			<trkpt lat="39.87858" lon="20.74304">
				<ele>1043.7</ele>
				<time>2026-08-06T19:26:15.286Z</time>
			</trkpt>
			<trkpt lat="39.87868" lon="20.743">
				<ele>1044.86</ele>
				<time>2026-08-06T19:26:17.753Z</time>
			</trkpt>
			<trkpt lat="39.87896" lon="20.74295">
				<ele>1046.14</ele>
				<time>2026-08-06T19:26:24.417Z</time>
			</trkpt>
			<trkpt lat="39.8791" lon="20.74286">
				<ele>1046.86</ele>
				<time>2026-08-06T19:26:28.096Z</time>
			</trkpt>
			<trkpt lat="39.87923" lon="20.74275">
				<ele>1048.31</ele>
				<time>2026-08-06T19:26:31.749Z</time>
			</trkpt>
			<trkpt lat="39.87941" lon="20.74248">
				<ele>1050.66</ele>
				<time>2026-08-06T19:26:38.215Z</time>
			</trkpt>
			<trkpt lat="39.87949" lon="20.7424">
				<ele>1050.73</ele>
				<time>2026-08-06T19:26:40.590Z</time>
			</trkpt>
			<trkpt lat="39.87962" lon="20.74235">
				<ele>1050.57</ele>
				<time>2026-08-06T19:26:43.782Z</time>
			</trkpt>
			<trkpt lat="39.87968" lon="20.74235">
				<ele>1050.22</ele>
				<time>2026-08-06T19:26:45.195Z</time>
			</trkpt>
			<trkpt lat="39.87979" lon="20.74242">
				<ele>1050.35</ele>
				<time>2026-08-06T19:26:48.077Z</time>
			</trkpt>
			<trkpt lat="39.88033" lon="20.74289">
				<ele>1053.77</ele>
				<time>2026-08-06T19:27:03.358Z</time>
			</trkpt>
			<trkpt lat="39.88135" lon="20.7437">
				<ele>1058.42</ele>
				<time>2026-08-06T19:27:31.430Z</time>
			</trkpt>
			<trkpt lat="39.88144" lon="20.74375">
				<ele>1058.72</ele>
				<time>2026-08-06T19:27:33.727Z</time>
			</trkpt>
			<trkpt lat="39.88151" lon="20.74378">
				<ele>1058.79</ele>
				<time>2026-08-06T19:27:35.457Z</time>
			</trkpt>
			<trkpt lat="39.88169" lon="20.74377">
				<ele>1059.58</ele>
				<time>2026-08-06T19:27:39.686Z</time>
			</trkpt>
			<trkpt lat="39.8821" lon="20.74356">
				<ele>1062.53</ele>
				<time>2026-08-06T19:27:50.024Z</time>
			</trkpt>
			<trkpt lat="39.8823" lon="20.74352">
				<ele>1063.42</ele>
				<time>2026-08-06T19:27:54.770Z</time>
			</trkpt>
			<trkpt lat="39.88239" lon="20.74353">
				<ele>1064.55</ele>
				<time>2026-08-06T19:27:56.888Z</time>
			</trkpt>
			<trkpt lat="39.8825" lon="20.74359">
				<ele>1065.39</ele>
				<time>2026-08-06T19:27:59.684Z</time>
			</trkpt>
			<trkpt lat="39.88259" lon="20.74367">
				<ele>1066.05</ele>
				<time>2026-08-06T19:28:02.238Z</time>
			</trkpt>
			<trkpt lat="39.88269" lon="20.74381">
				<ele>1066.41</ele>
				<time>2026-08-06T19:28:05.679Z</time>
			</trkpt>
			<trkpt lat="39.88287" lon="20.74415">
				<ele>1067.76</ele>
				<time>2026-08-06T19:28:13.106Z</time>
			</trkpt>
			<trkpt lat="39.88291" lon="20.74427">
				<ele>1068.68</ele>
				<time>2026-08-06T19:28:15.458Z</time>
			</trkpt>
			<trkpt lat="39.8829" lon="20.7445">
				<ele>1069.24</ele>
				<time>2026-08-06T19:28:19.599Z</time>
			</trkpt>
			<trkpt lat="39.88285" lon="20.74469">
				<ele>1069.86</ele>
				<time>2026-08-06T19:28:23.209Z</time>
			</trkpt>
			<trkpt lat="39.88272" lon="20.74504">
				<ele>1068.94</ele>
				<time>2026-08-06T19:28:30.194Z</time>
			</trkpt>
			<trkpt lat="39.88271" lon="20.74522">
				<ele>1069.65</ele>
				<time>2026-08-06T19:28:33.436Z</time>
			</trkpt>
			<trkpt lat="39.88272" lon="20.74544">
				<ele>1070.12</ele>
				<time>2026-08-06T19:28:37.393Z</time>
			</trkpt>
			<trkpt lat="39.88275" lon="20.74561">
				<ele>1071.07</ele>
				<time>2026-08-06T19:28:40.525Z</time>
			</trkpt>
			<trkpt lat="39.88294" lon="20.74624">
				<ele>1074.05</ele>
				<time>2026-08-06T19:28:52.673Z</time>
			</trkpt>
			<trkpt lat="39.88307" lon="20.74649">
				<ele>1074.9</ele>
				<time>2026-08-06T19:28:58.090Z</time>
			</trkpt>
			<trkpt lat="39.88311" lon="20.74651">
				<ele>1075.34</ele>
				<time>2026-08-06T19:28:59.092Z</time>
			</trkpt>
			<trkpt lat="39.88318" lon="20.74652">
				<ele>1076.15</ele>
				<time>2026-08-06T19:29:00.738Z</time>
			</trkpt>
			<trkpt lat="39.88324" lon="20.7465">
				<ele>1077.05</ele>
				<time>2026-08-06T19:29:02.185Z</time>
			</trkpt>
			<trkpt lat="39.88328" lon="20.74647">
				<ele>1077.73</ele>
				<time>2026-08-06T19:29:03.263Z</time>
			</trkpt>
			<trkpt lat="39.88332" lon="20.74635">
				<ele>1079.07</ele>
				<time>2026-08-06T19:29:05.609Z</time>
			</trkpt>
			<trkpt lat="39.88321" lon="20.74557">
				<ele>1079.74</ele>
				<time>2026-08-06T19:29:19.822Z</time>
			</trkpt>
			<trkpt lat="39.88323" lon="20.74542">
				<ele>1080.58</ele>
				<time>2026-08-06T19:29:22.550Z</time>
			</trkpt>
			<trkpt lat="39.88333" lon="20.74511">
				<ele>1083.11</ele>
				<time>2026-08-06T19:29:28.573Z</time>
			</trkpt>
			<trkpt lat="39.88347" lon="20.74408">
				<ele>1086.76</ele>
				<time>2026-08-06T19:29:47.296Z</time>
			</trkpt>
			<trkpt lat="39.88345" lon="20.74381">
				<ele>1087.34</ele>
				<time>2026-08-06T19:29:52.148Z</time>
			</trkpt>
			<trkpt lat="39.88334" lon="20.74336">
				<ele>1087.79</ele>
				<time>2026-08-06T19:30:00.594Z</time>
			</trkpt>
			<trkpt lat="39.88196" lon="20.74014">
				<ele>1102.5</ele>
				<time>2026-08-06T19:31:06.433Z</time>
			</trkpt>
			<trkpt lat="39.88185" lon="20.73992">
				<ele>1103.07</ele>
				<time>2026-08-06T19:31:11.113Z</time>
			</trkpt>
			<trkpt lat="39.8815" lon="20.73912">
				<ele>1108.7</ele>
				<time>2026-08-06T19:31:27.518Z</time>
			</trkpt>
			<trkpt lat="39.88129" lon="20.73878">
				<ele>1108.53</ele>
				<time>2026-08-06T19:31:35.289Z</time>
			</trkpt>
			<trkpt lat="39.8809" lon="20.73831">
				<ele>1106.46</ele>
				<time>2026-08-06T19:31:47.609Z</time>
			</trkpt>
			<trkpt lat="39.88064" lon="20.73809">
				<ele>1105.58</ele>
				<time>2026-08-06T19:31:54.795Z</time>
			</trkpt>
			<trkpt lat="39.88032" lon="20.73787">
				<ele>1107.81</ele>
				<time>2026-08-06T19:32:03.180Z</time>
			</trkpt>
			<trkpt lat="39.88023" lon="20.73778">
				<ele>1108.94</ele>
				<time>2026-08-06T19:32:05.808Z</time>
			</trkpt>
			<trkpt lat="39.87991" lon="20.73741">
				<ele>1110.01</ele>
				<time>2026-08-06T19:32:15.718Z</time>
			</trkpt>
			<trkpt lat="39.87987" lon="20.73734">
				<ele>1110.22</ele>
				<time>2026-08-06T19:32:17.269Z</time>
			</trkpt>
			<trkpt lat="39.87982" lon="20.73719">
				<ele>1111.04</ele>
				<time>2026-08-06T19:32:20.175Z</time>
			</trkpt>
			<trkpt lat="39.87981" lon="20.737">
				<ele>1112.42</ele>
				<time>2026-08-06T19:32:23.558Z</time>
			</trkpt>
			<trkpt lat="39.87986" lon="20.73673">
				<ele>1114.26</ele>
				<time>2026-08-06T19:32:28.492Z</time>
			</trkpt>
			<trkpt lat="39.88039" lon="20.73542">
				<ele>1124</ele>
				<time>2026-08-06T19:32:54.783Z</time>
			</trkpt>
			<trkpt lat="39.88042" lon="20.73528">
				<ele>1125.25</ele>
				<time>2026-08-06T19:32:57.362Z</time>
			</trkpt>
			<trkpt lat="39.88043" lon="20.73515">
				<ele>1125.83</ele>
				<time>2026-08-06T19:32:59.679Z</time>
			</trkpt>
			<trkpt lat="39.88037" lon="20.73495">
				<ele>1126.17</ele>
				<time>2026-08-06T19:33:03.489Z</time>
			</trkpt>
			<trkpt lat="39.88031" lon="20.73485">
				<ele>1127.79</ele>
				<time>2026-08-06T19:33:05.740Z</time>
			</trkpt>
			<trkpt lat="39.8802" lon="20.73473">
				<ele>1129.51</ele>
				<time>2026-08-06T19:33:09.055Z</time>
			</trkpt>
			<trkpt lat="39.87912" lon="20.73399">
				<ele>1133.29</ele>
				<time>2026-08-06T19:33:37.238Z</time>
			</trkpt>
			<trkpt lat="39.87895" lon="20.73383">
				<ele>1135.05</ele>
				<time>2026-08-06T19:33:42.078Z</time>
			</trkpt>
			<trkpt lat="39.87884" lon="20.73365">
				<ele>1136.9</ele>
				<time>2026-08-06T19:33:46.153Z</time>
			</trkpt>
			<trkpt lat="39.87862" lon="20.73311">
				<ele>1139.85</ele>
				<time>2026-08-06T19:33:56.978Z</time>
			</trkpt>
			<trkpt lat="39.87855" lon="20.73289">
				<ele>1139.51</ele>
				<time>2026-08-06T19:34:01.194Z</time>
			</trkpt>
			<trkpt lat="39.87847" lon="20.73252">
				<ele>1139.81</ele>
				<time>2026-08-06T19:34:07.997Z</time>
			</trkpt>
			<trkpt lat="39.87846" lon="20.73225">
				<ele>1140.62</ele>
				<time>2026-08-06T19:34:12.780Z</time>
			</trkpt>
			<trkpt lat="39.8785" lon="20.73204">
				<ele>1141.23</ele>
				<time>2026-08-06T19:34:16.608Z</time>
			</trkpt>
			<trkpt lat="39.87856" lon="20.73181">
				<ele>1142.25</ele>
				<time>2026-08-06T19:34:20.905Z</time>
			</trkpt>
			<trkpt lat="39.87858" lon="20.73167">
				<ele>1142.33</ele>
				<time>2026-08-06T19:34:23.423Z</time>
			</trkpt>
			<trkpt lat="39.87859" lon="20.73151">
				<ele>1144.24</ele>
				<time>2026-08-06T19:34:26.262Z</time>
			</trkpt>
			<trkpt lat="39.87858" lon="20.73138">
				<ele>1145.34</ele>
				<time>2026-08-06T19:34:28.573Z</time>
			</trkpt>
			<trkpt lat="39.87854" lon="20.73125">
				<ele>1146.93</ele>
				<time>2026-08-06T19:34:31.049Z</time>
			</trkpt>
			<trkpt lat="39.87846" lon="20.73107">
				<ele>1148.44</ele>
				<time>2026-08-06T19:34:34.727Z</time>
			</trkpt>
			<trkpt lat="39.87773" lon="20.72985">
				<ele>1152.38</ele>
				<time>2026-08-06T19:35:02.064Z</time>
			</trkpt>
			<trkpt lat="39.87766" lon="20.72968">
				<ele>1152.46</ele>
				<time>2026-08-06T19:35:05.472Z</time>
			</trkpt>
			<trkpt lat="39.87764" lon="20.72959">
				<ele>1152.83</ele>
				<time>2026-08-06T19:35:07.126Z</time>
			</trkpt>
			<trkpt lat="39.87753" lon="20.72803">
				<ele>1165.8</ele>
				<time>2026-08-06T19:35:34.781Z</time>
			</trkpt>
			<trkpt lat="39.87751" lon="20.72747">
				<ele>1167.85</ele>
				<time>2026-08-06T19:35:44.671Z</time>
			</trkpt>
			<trkpt lat="39.87754" lon="20.72722">
				<ele>1168.21</ele>
				<time>2026-08-06T19:35:49.134Z</time>
			</trkpt>
			<trkpt lat="39.87759" lon="20.72697">
				<ele>1168.95</ele>
				<time>2026-08-06T19:35:53.691Z</time>
			</trkpt>
			<trkpt lat="39.87765" lon="20.7268">
				<ele>1169.01</ele>
				<time>2026-08-06T19:35:56.990Z</time>
			</trkpt>
			<trkpt lat="39.87783" lon="20.72636">
				<ele>1169.06</ele>
				<time>2026-08-06T19:36:05.781Z</time>
			</trkpt>
			<trkpt lat="39.87793" lon="20.72609">
				<ele>1170.21</ele>
				<time>2026-08-06T19:36:11.066Z</time>
			</trkpt>
			<trkpt lat="39.87802" lon="20.72574">
				<ele>1172.69</ele>
				<time>2026-08-06T19:36:17.572Z</time>
			</trkpt>
			<trkpt lat="39.8782" lon="20.72496">
				<ele>1181.47</ele>
				<time>2026-08-06T19:36:31.923Z</time>
			</trkpt>
			<trkpt lat="39.87836" lon="20.72397">
				<ele>1186.48</ele>
				<time>2026-08-06T19:36:49.741Z</time>
			</trkpt>
			<trkpt lat="39.87842" lon="20.72377">
				<ele>1186.74</ele>
				<time>2026-08-06T19:36:53.522Z</time>
			</trkpt>
			<trkpt lat="39.87849" lon="20.72364">
				<ele>1186.54</ele>
				<time>2026-08-06T19:36:56.317Z</time>
			</trkpt>
			<trkpt lat="39.87857" lon="20.72358">
				<ele>1185.7</ele>
				<time>2026-08-06T19:36:58.435Z</time>
			</trkpt>
			<trkpt lat="39.87866" lon="20.72359">
				<ele>1185.9</ele>
				<time>2026-08-06T19:37:00.507Z</time>
			</trkpt>
			<trkpt lat="39.87873" lon="20.72367">
				<ele>1187.01</ele>
				<time>2026-08-06T19:37:02.642Z</time>
			</trkpt>
			<trkpt lat="39.87875" lon="20.72381">
				<ele>1188.17</ele>
				<time>2026-08-06T19:37:05.149Z</time>
			</trkpt>
			<trkpt lat="39.87873" lon="20.72391">
				<ele>1188.48</ele>
				<time>2026-08-06T19:37:06.968Z</time>
			</trkpt>
			<trkpt lat="39.87856" lon="20.72448">
				<ele>1190.22</ele>
				<time>2026-08-06T19:37:17.729Z</time>
			</trkpt>
			<trkpt lat="39.87842" lon="20.72511">
				<ele>1190.31</ele>
				<time>2026-08-06T19:37:29.268Z</time>
			</trkpt>
			<trkpt lat="39.87818" lon="20.72651">
				<ele>1192.81</ele>
				<time>2026-08-06T19:37:54.493Z</time>
			</trkpt>
			<trkpt lat="39.87809" lon="20.72692">
				<ele>1194.44</ele>
				<time>2026-08-06T19:38:01.989Z</time>
			</trkpt>
			<trkpt lat="39.87808" lon="20.72714">
				<ele>1194.22</ele>
				<time>2026-08-06T19:38:05.863Z</time>
			</trkpt>
			<trkpt lat="39.87809" lon="20.72784">
				<ele>1197.48</ele>
				<time>2026-08-06T19:38:18.166Z</time>
			</trkpt>
			<trkpt lat="39.87814" lon="20.72814">
				<ele>1198.76</ele>
				<time>2026-08-06T19:38:23.560Z</time>
			</trkpt>
			<trkpt lat="39.8782" lon="20.7284">
				<ele>1198.25</ele>
				<time>2026-08-06T19:38:28.330Z</time>
			</trkpt>
			<trkpt lat="39.87831" lon="20.72864">
				<ele>1197.75</ele>
				<time>2026-08-06T19:38:33.241Z</time>
			</trkpt>
			<trkpt lat="39.87842" lon="20.72882">
				<ele>1198.3</ele>
				<time>2026-08-06T19:38:37.282Z</time>
			</trkpt>
			<trkpt lat="39.8787" lon="20.7292">
				<ele>1201.61</ele>
				<time>2026-08-06T19:38:46.534Z</time>
			</trkpt>
			<trkpt lat="39.87891" lon="20.72944">
				<ele>1202.02</ele>
				<time>2026-08-06T19:38:52.926Z</time>
			</trkpt>
			<trkpt lat="39.87971" lon="20.73022">
				<ele>1209.08</ele>
				<time>2026-08-06T19:39:15.781Z</time>
			</trkpt>
			<trkpt lat="39.88039" lon="20.73096">
				<ele>1212.79</ele>
				<time>2026-08-06T19:39:36.040Z</time>
			</trkpt>
			<trkpt lat="39.8806" lon="20.73121">
				<ele>1214.45</ele>
				<time>2026-08-06T19:39:42.543Z</time>
			</trkpt>
			<trkpt lat="39.88143" lon="20.73208">
				<ele>1224.79</ele>
				<time>2026-08-06T19:40:06.889Z</time>
			</trkpt>
			<trkpt lat="39.88156" lon="20.73226">
				<ele>1224.87</ele>
				<time>2026-08-06T19:40:11.223Z</time>
			</trkpt>
			<trkpt lat="39.88209" lon="20.7332">
				<ele>1228.57</ele>
				<time>2026-08-06T19:40:31.674Z</time>
			</trkpt>
			<trkpt lat="39.88215" lon="20.73338">
				<ele>1228.8</ele>
				<time>2026-08-06T19:40:35.114Z</time>
			</trkpt>
			<trkpt lat="39.8822" lon="20.73376">
				<ele>1226.26</ele>
				<time>2026-08-06T19:40:41.872Z</time>
			</trkpt>
			<trkpt lat="39.88227" lon="20.73388">
				<ele>1227.08</ele>
				<time>2026-08-06T19:40:44.514Z</time>
			</trkpt>
			<trkpt lat="39.8825" lon="20.73411">
				<ele>1227.98</ele>
				<time>2026-08-06T19:40:51.135Z</time>
			</trkpt>
			<trkpt lat="39.88314" lon="20.73444">
				<ele>1231.55</ele>
				<time>2026-08-06T19:41:06.853Z</time>
			</trkpt>
			<trkpt lat="39.88331" lon="20.73449">
				<ele>1233.43</ele>
				<time>2026-08-06T19:41:10.833Z</time>
			</trkpt>
			<trkpt lat="39.88347" lon="20.73448">
				<ele>1235.67</ele>
				<time>2026-08-06T19:41:14.490Z</time>
			</trkpt>
			<trkpt lat="39.88417" lon="20.73415">
				<ele>1237.13</ele>
				<time>2026-08-06T19:41:31.485Z</time>
			</trkpt>
			<trkpt lat="39.88432" lon="20.73414">
				<ele>1237.76</ele>
				<time>2026-08-06T19:41:34.914Z</time>
			</trkpt>
			<trkpt lat="39.88444" lon="20.7342">
				<ele>1238.01</ele>
				<time>2026-08-06T19:41:37.848Z</time>
			</trkpt>
			<trkpt lat="39.88454" lon="20.73433">
				<ele>1239.49</ele>
				<time>2026-08-06T19:41:41.072Z</time>
			</trkpt>
			<trkpt lat="39.88463" lon="20.73456">
				<ele>1240.53</ele>
				<time>2026-08-06T19:41:45.594Z</time>
			</trkpt>
			<trkpt lat="39.88466" lon="20.73471">
				<ele>1241.26</ele>
				<time>2026-08-06T19:41:48.309Z</time>
			</trkpt>
			<trkpt lat="39.88474" lon="20.73539">
				<ele>1241.47</ele>
				<time>2026-08-06T19:42:00.358Z</time>
			</trkpt>
			<trkpt lat="39.88476" lon="20.73549">
				<ele>1241.09</ele>
				<time>2026-08-06T19:42:02.168Z</time>
			</trkpt>
			<trkpt lat="39.88482" lon="20.73562">
				<ele>1241.22</ele>
				<time>2026-08-06T19:42:04.824Z</time>
			</trkpt>
			<trkpt lat="39.8849" lon="20.7357">
				<ele>1241.58</ele>
				<time>2026-08-06T19:42:07.126Z</time>
			</trkpt>
			<trkpt lat="39.88498" lon="20.73574">
				<ele>1241.82</ele>
				<time>2026-08-06T19:42:09.081Z</time>
			</trkpt>
			<trkpt lat="39.88512" lon="20.73574">
				<ele>1242.96</ele>
				<time>2026-08-06T19:42:12.276Z</time>
			</trkpt>
			<trkpt lat="39.88591" lon="20.73526">
				<ele>1251.71</ele>
				<time>2026-08-06T19:42:32.166Z</time>
			</trkpt>
			<trkpt lat="39.88619" lon="20.7352">
				<ele>1255.53</ele>
				<time>2026-08-06T19:42:38.641Z</time>
			</trkpt>
			<trkpt lat="39.88634" lon="20.73523">
				<ele>1257</ele>
				<time>2026-08-06T19:42:42.104Z</time>
			</trkpt>
			<trkpt lat="39.8864" lon="20.73526">
				<ele>1257.31</ele>
				<time>2026-08-06T19:42:43.570Z</time>
			</trkpt>
			<trkpt lat="39.88769" lon="20.73637">
				<ele>1266.01</ele>
				<time>2026-08-06T19:43:18.837Z</time>
			</trkpt>
			<trkpt lat="39.88819" lon="20.73686">
				<ele>1265.63</ele>
				<time>2026-08-06T19:43:33.109Z</time>
			</trkpt>
			<trkpt lat="39.88833" lon="20.73703">
				<ele>1265.7</ele>
				<time>2026-08-06T19:43:37.474Z</time>
			</trkpt>
			<trkpt lat="39.88869" lon="20.73779">
				<ele>1269.75</ele>
				<time>2026-08-06T19:43:53.107Z</time>
			</trkpt>
			<trkpt lat="39.88888" lon="20.73809">
				<ele>1271.64</ele>
				<time>2026-08-06T19:43:59.916Z</time>
			</trkpt>
			<trkpt lat="39.88906" lon="20.73827">
				<ele>1272.43</ele>
				<time>2026-08-06T19:44:05.091Z</time>
			</trkpt>
			<trkpt lat="39.88945" lon="20.73856">
				<ele>1273.54</ele>
				<time>2026-08-06T19:44:15.334Z</time>
			</trkpt>
			<trkpt lat="39.88953" lon="20.73859">
				<ele>1274.13</ele>
				<time>2026-08-06T19:44:17.233Z</time>
			</trkpt>
			<trkpt lat="39.8897" lon="20.73856">
				<ele>1276.31</ele>
				<time>2026-08-06T19:44:21.146Z</time>
			</trkpt>
			<trkpt lat="39.88986" lon="20.73844">
				<ele>1279.35</ele>
				<time>2026-08-06T19:44:25.357Z</time>
			</trkpt>
			<trkpt lat="39.89018" lon="20.73806">
				<ele>1285.17</ele>
				<time>2026-08-06T19:44:35.232Z</time>
			</trkpt>
			<trkpt lat="39.89031" lon="20.73793">
				<ele>1286.29</ele>
				<time>2026-08-06T19:44:38.970Z</time>
			</trkpt>
			<trkpt lat="39.89043" lon="20.73787">
				<ele>1286.91</ele>
				<time>2026-08-06T19:44:41.902Z</time>
			</trkpt>
			<trkpt lat="39.89051" lon="20.73788">
				<ele>1286.86</ele>
				<time>2026-08-06T19:44:43.736Z</time>
			</trkpt>
			<trkpt lat="39.89057" lon="20.73791">
				<ele>1286.96</ele>
				<time>2026-08-06T19:44:45.202Z</time>
			</trkpt>
			<trkpt lat="39.89066" lon="20.73801">
				<ele>1287.84</ele>
				<time>2026-08-06T19:44:47.899Z</time>
			</trkpt>
			<trkpt lat="39.89072" lon="20.73813">
				<ele>1288.34</ele>
				<time>2026-08-06T19:44:50.406Z</time>
			</trkpt>
			<trkpt lat="39.89088" lon="20.73864">
				<ele>1289.25</ele>
				<time>2026-08-06T19:45:00.051Z</time>
			</trkpt>
			<trkpt lat="39.89092" lon="20.73873">
				<ele>1290.03</ele>
				<time>2026-08-06T19:45:01.871Z</time>
			</trkpt>
			<trkpt lat="39.89102" lon="20.73887">
				<ele>1291.48</ele>
				<time>2026-08-06T19:45:05.219Z</time>
			</trkpt>
			<trkpt lat="39.89141" lon="20.73937">
				<ele>1297.44</ele>
				<time>2026-08-06T19:45:17.700Z</time>
			</trkpt>
			<trkpt lat="39.89152" lon="20.73957">
				<ele>1299.24</ele>
				<time>2026-08-06T19:45:22.007Z</time>
			</trkpt>
			<trkpt lat="39.89158" lon="20.73979">
				<ele>1299.93</ele>
				<time>2026-08-06T19:45:26.095Z</time>
			</trkpt>
			<trkpt lat="39.89162" lon="20.74013">
				<ele>1300.01</ele>
				<time>2026-08-06T19:45:32.116Z</time>
			</trkpt>
			<trkpt lat="39.89169" lon="20.74052">
				<ele>1301.68</ele>
				<time>2026-08-06T19:45:39.128Z</time>
			</trkpt>
			<trkpt lat="39.89174" lon="20.74076">
				<ele>1300.99</ele>
				<time>2026-08-06T19:45:43.481Z</time>
			</trkpt>
			<trkpt lat="39.89178" lon="20.74085">
				<ele>1301.3</ele>
				<time>2026-08-06T19:45:45.302Z</time>
			</trkpt>
			<trkpt lat="39.89188" lon="20.74097">
				<ele>1303.12</ele>
				<time>2026-08-06T19:45:48.404Z</time>
			</trkpt>
			<trkpt lat="39.8922" lon="20.74128">
				<ele>1307.8</ele>
				<time>2026-08-06T19:45:57.502Z</time>
			</trkpt>
			<trkpt lat="39.89264" lon="20.7418">
				<ele>1311.1</ele>
				<time>2026-08-06T19:46:11.056Z</time>
			</trkpt>
			<trkpt lat="39.89273" lon="20.74194">
				<ele>1312.16</ele>
				<time>2026-08-06T19:46:14.254Z</time>
			</trkpt>
			<trkpt lat="39.89285" lon="20.7424">
				<ele>1312.93</ele>
				<time>2026-08-06T19:46:22.762Z</time>
			</trkpt>
			<trkpt lat="39.89302" lon="20.74278">
				<ele>1312.56</ele>
				<time>2026-08-06T19:46:30.465Z</time>
			</trkpt>
			<trkpt lat="39.8931" lon="20.74291">
				<ele>1311.91</ele>
				<time>2026-08-06T19:46:33.383Z</time>
			</trkpt>
			<trkpt lat="39.89324" lon="20.74303">
				<ele>1311.59</ele>
				<time>2026-08-06T19:46:37.208Z</time>
			</trkpt>
			<trkpt lat="39.89334" lon="20.74306">
				<ele>1312.05</ele>
				<time>2026-08-06T19:46:39.551Z</time>
			</trkpt>
			<trkpt lat="39.89346" lon="20.74305">
				<ele>1312.97</ele>
				<time>2026-08-06T19:46:42.295Z</time>
			</trkpt>
			<trkpt lat="39.8936" lon="20.74296">
				<ele>1314.29</ele>
				<time>2026-08-06T19:46:45.859Z</time>
			</trkpt>
			<trkpt lat="39.89366" lon="20.74288">
				<ele>1314.8</ele>
				<time>2026-08-06T19:46:47.818Z</time>
			</trkpt>
			<trkpt lat="39.89369" lon="20.74279">
				<ele>1315.22</ele>
				<time>2026-08-06T19:46:49.537Z</time>
			</trkpt>
			<trkpt lat="39.89369" lon="20.74218">
				<ele>1316.86</ele>
				<time>2026-08-06T19:47:00.222Z</time>
			</trkpt>
			<trkpt lat="39.89373" lon="20.74193">
				<ele>1316.32</ele>
				<time>2026-08-06T19:47:04.695Z</time>
			</trkpt>
			<trkpt lat="39.89377" lon="20.74179">
				<ele>1314.99</ele>
				<time>2026-08-06T19:47:07.312Z</time>
			</trkpt>
			<trkpt lat="39.89388" lon="20.74155">
				<ele>1311.63</ele>
				<time>2026-08-06T19:47:12.210Z</time>
			</trkpt>
			<trkpt lat="39.8941" lon="20.7413">
				<ele>1311.09</ele>
				<time>2026-08-06T19:47:18.875Z</time>
			</trkpt>
			<trkpt lat="39.89428" lon="20.74115">
				<ele>1312.07</ele>
				<time>2026-08-06T19:47:23.754Z</time>
			</trkpt>
			<trkpt lat="39.89436" lon="20.7411">
				<ele>1312.35</ele>
				<time>2026-08-06T19:47:25.780Z</time>
			</trkpt>
			<trkpt lat="39.89454" lon="20.74107">
				<ele>1311.74</ele>
				<time>2026-08-06T19:47:29.924Z</time>
			</trkpt>
			<trkpt lat="39.89462" lon="20.74109">
				<ele>1311</ele>
				<time>2026-08-06T19:47:31.785Z</time>
			</trkpt>
			<trkpt lat="39.89523" lon="20.74132">
				<ele>1304.07</ele>
				<time>2026-08-06T19:47:46.289Z</time>
			</trkpt>
			<trkpt lat="39.89542" lon="20.74136">
				<ele>1302.78</ele>
				<time>2026-08-06T19:47:50.686Z</time>
			</trkpt>
			<trkpt lat="39.89557" lon="20.74134">
				<ele>1302.05</ele>
				<time>2026-08-06T19:47:54.130Z</time>
			</trkpt>
			<trkpt lat="39.89569" lon="20.74124">
				<ele>1300.93</ele>
				<time>2026-08-06T19:47:57.384Z</time>
			</trkpt>
			<trkpt lat="39.8958" lon="20.74112">
				<ele>1300.35</ele>
				<time>2026-08-06T19:48:00.662Z</time>
			</trkpt>
			<trkpt lat="39.89637" lon="20.74036">
				<ele>1293.09</ele>
				<time>2026-08-06T19:48:19.294Z</time>
			</trkpt>
			<trkpt lat="39.8965" lon="20.74021">
				<ele>1293</ele>
				<time>2026-08-06T19:48:23.262Z</time>
			</trkpt>
			<trkpt lat="39.89657" lon="20.74015">
				<ele>1293</ele>
				<time>2026-08-06T19:48:25.177Z</time>
			</trkpt>
			<trkpt lat="39.89685" lon="20.74006">
				<ele>1293.36</ele>
				<time>2026-08-06T19:48:31.769Z</time>
			</trkpt>
			<trkpt lat="39.897" lon="20.7401">
				<ele>1293.54</ele>
				<time>2026-08-06T19:48:35.269Z</time>
			</trkpt>
			<trkpt lat="39.89706" lon="20.74015">
				<ele>1293.5</ele>
				<time>2026-08-06T19:48:36.896Z</time>
			</trkpt>
			<trkpt lat="39.89753" lon="20.74087">
				<ele>1294.93</ele>
				<time>2026-08-06T19:48:53.479Z</time>
			</trkpt>
			<trkpt lat="39.89806" lon="20.74175">
				<ele>1294.45</ele>
				<time>2026-08-06T19:49:13.108Z</time>
			</trkpt>
			<trkpt lat="39.89818" lon="20.74191">
				<ele>1294.67</ele>
				<time>2026-08-06T19:49:17.035Z</time>
			</trkpt>
			<trkpt lat="39.89833" lon="20.74205">
				<ele>1294.82</ele>
				<time>2026-08-06T19:49:21.256Z</time>
			</trkpt>
			<trkpt lat="39.89846" lon="20.74212">
				<ele>1295.14</ele>
				<time>2026-08-06T19:49:24.474Z</time>
			</trkpt>
			<trkpt lat="39.89877" lon="20.74219">
				<ele>1297.58</ele>
				<time>2026-08-06T19:49:31.672Z</time>
			</trkpt>
			<trkpt lat="39.89888" lon="20.74224">
				<ele>1298.64</ele>
				<time>2026-08-06T19:49:34.338Z</time>
			</trkpt>
			<trkpt lat="39.89919" lon="20.7425">
				<ele>1299.38</ele>
				<time>2026-08-06T19:49:42.774Z</time>
			</trkpt>
			<trkpt lat="39.89944" lon="20.74277">
				<ele>1299.06</ele>
				<time>2026-08-06T19:49:50.205Z</time>
			</trkpt>
			<trkpt lat="39.89952" lon="20.74288">
				<ele>1299.84</ele>
				<time>2026-08-06T19:49:52.867Z</time>
			</trkpt>
			<trkpt lat="39.89971" lon="20.74338">
				<ele>1298.34</ele>
				<time>2026-08-06T19:50:02.667Z</time>
			</trkpt>
			<trkpt lat="39.89983" lon="20.7436">
				<ele>1298.95</ele>
				<time>2026-08-06T19:50:07.409Z</time>
			</trkpt>
			<trkpt lat="39.90017" lon="20.74413">
				<ele>1301.21</ele>
				<time>2026-08-06T19:50:19.547Z</time>
			</trkpt>
			<trkpt lat="39.90033" lon="20.74434">
				<ele>1301.27</ele>
				<time>2026-08-06T19:50:24.748Z</time>
			</trkpt>
			<trkpt lat="39.90045" lon="20.74444">
				<ele>1300.61</ele>
				<time>2026-08-06T19:50:28.011Z</time>
			</trkpt>
			<trkpt lat="39.90054" lon="20.74447">
				<ele>1300.72</ele>
				<time>2026-08-06T19:50:30.139Z</time>
			</trkpt>
			<trkpt lat="39.90066" lon="20.74445">
				<ele>1300.93</ele>
				<time>2026-08-06T19:50:32.911Z</time>
			</trkpt>
			<trkpt lat="39.90084" lon="20.74438">
				<ele>1301.16</ele>
				<time>2026-08-06T19:50:37.215Z</time>
			</trkpt>
			<trkpt lat="39.90098" lon="20.74436">
				<ele>1300.6</ele>
				<time>2026-08-06T19:50:40.442Z</time>
			</trkpt>
			<trkpt lat="39.9011" lon="20.74438">
				<ele>1300</ele>
				<time>2026-08-06T19:50:43.214Z</time>
			</trkpt>
			<trkpt lat="39.90122" lon="20.74445">
				<ele>1301.19</ele>
				<time>2026-08-06T19:50:46.227Z</time>
			</trkpt>
			<trkpt lat="39.90134" lon="20.74459">
				<ele>1302</ele>
				<time>2026-08-06T19:50:49.918Z</time>
			</trkpt>
			<trkpt lat="39.90157" lon="20.74506">
				<ele>1304.17</ele>
				<time>2026-08-06T19:50:59.722Z</time>
			</trkpt>
			<trkpt lat="39.90174" lon="20.74533">
				<ele>1303.86</ele>
				<time>2026-08-06T19:51:05.866Z</time>
			</trkpt>
			<trkpt lat="39.90215" lon="20.74586">
				<ele>1305.11</ele>
				<time>2026-08-06T19:51:19.108Z</time>
			</trkpt>
			<trkpt lat="39.90248" lon="20.7462">
				<ele>1305.99</ele>
				<time>2026-08-06T19:51:28.757Z</time>
			</trkpt>
			<trkpt lat="39.9026" lon="20.74638">
				<ele>1306.17</ele>
				<time>2026-08-06T19:51:32.955Z</time>
			</trkpt>
			<trkpt lat="39.90282" lon="20.74677">
				<ele>1305.77</ele>
				<time>2026-08-06T19:51:41.477Z</time>
			</trkpt>
			<trkpt lat="39.90294" lon="20.74693">
				<ele>1306.21</ele>
				<time>2026-08-06T19:51:45.416Z</time>
			</trkpt>
			<trkpt lat="39.90316" lon="20.74716">
				<ele>1306.16</ele>
				<time>2026-08-06T19:51:51.890Z</time>
			</trkpt>
			<trkpt lat="39.90329" lon="20.74733">
				<ele>1305.84</ele>
				<time>2026-08-06T19:51:56.117Z</time>
			</trkpt>
			<trkpt lat="39.90356" lon="20.74759">
				<ele>1306.22</ele>
				<time>2026-08-06T19:52:03.825Z</time>
			</trkpt>
			<trkpt lat="39.90387" lon="20.74795">
				<ele>1309.45</ele>
				<time>2026-08-06T19:52:13.361Z</time>
			</trkpt>
			<trkpt lat="39.90425" lon="20.74853">
				<ele>1315.77</ele>
				<time>2026-08-06T19:52:26.804Z</time>
			</trkpt>
			<trkpt lat="39.90435" lon="20.7487">
				<ele>1314.09</ele>
				<time>2026-08-06T19:52:30.581Z</time>
			</trkpt>
			<trkpt lat="39.90425" lon="20.74853">
				<ele>1315.77</ele>
				<time>2026-08-06T19:52:34.358Z</time>
			</trkpt>
			<trkpt lat="39.90387" lon="20.74795">
				<ele>1309.45</ele>
				<time>2026-08-06T19:52:47.809Z</time>
			</trkpt>
			<trkpt lat="39.90356" lon="20.74759">
				<ele>1306.22</ele>
				<time>2026-08-06T19:52:57.357Z</time>
			</trkpt>
			<trkpt lat="39.90329" lon="20.74733">
				<ele>1305.84</ele>
				<time>2026-08-06T19:53:05.079Z</time>
			</trkpt>
			<trkpt lat="39.90316" lon="20.74716">
				<ele>1306.16</ele>
				<time>2026-08-06T19:53:09.316Z</time>
			</trkpt>
			<trkpt lat="39.90294" lon="20.74693">
				<ele>1306.21</ele>
				<time>2026-08-06T19:53:15.806Z</time>
			</trkpt>
			<trkpt lat="39.90282" lon="20.74677">
				<ele>1305.77</ele>
				<time>2026-08-06T19:53:19.756Z</time>
			</trkpt>
			<trkpt lat="39.9026" lon="20.74638">
				<ele>1306.17</ele>
				<time>2026-08-06T19:53:28.303Z</time>
			</trkpt>
			<trkpt lat="39.90248" lon="20.7462">
				<ele>1305.99</ele>
				<time>2026-08-06T19:53:32.512Z</time>
			</trkpt>
			<trkpt lat="39.90215" lon="20.74586">
				<ele>1305.11</ele>
				<time>2026-08-06T19:53:42.188Z</time>
			</trkpt>
			<trkpt lat="39.90174" lon="20.74533">
				<ele>1303.86</ele>
				<time>2026-08-06T19:53:55.467Z</time>
			</trkpt>
			<trkpt lat="39.90157" lon="20.74506">
				<ele>1304.17</ele>
				<time>2026-08-06T19:54:01.627Z</time>
			</trkpt>
			<trkpt lat="39.90134" lon="20.74459">
				<ele>1302</ele>
				<time>2026-08-06T19:54:11.456Z</time>
			</trkpt>
			<trkpt lat="39.90122" lon="20.74445">
				<ele>1301.19</ele>
				<time>2026-08-06T19:54:15.157Z</time>
			</trkpt>
			<trkpt lat="39.9011" lon="20.74438">
				<ele>1300</ele>
				<time>2026-08-06T19:54:18.178Z</time>
			</trkpt>
			<trkpt lat="39.90098" lon="20.74436">
				<ele>1300.6</ele>
				<time>2026-08-06T19:54:20.957Z</time>
			</trkpt>
			<trkpt lat="39.90084" lon="20.74438">
				<ele>1301.16</ele>
				<time>2026-08-06T19:54:24.192Z</time>
			</trkpt>
			<trkpt lat="39.90066" lon="20.74445">
				<ele>1300.93</ele>
				<time>2026-08-06T19:54:28.507Z</time>
			</trkpt>
			<trkpt lat="39.90054" lon="20.74447">
				<ele>1300.72</ele>
				<time>2026-08-06T19:54:31.286Z</time>
			</trkpt>
			<trkpt lat="39.90045" lon="20.74444">
				<ele>1300.61</ele>
				<time>2026-08-06T19:54:33.419Z</time>
			</trkpt>
			<trkpt lat="39.90033" lon="20.74434">
				<ele>1301.27</ele>
				<time>2026-08-06T19:54:36.690Z</time>
			</trkpt>
			<trkpt lat="39.90017" lon="20.74413">
				<ele>1301.21</ele>
				<time>2026-08-06T19:54:41.904Z</time>
			</trkpt>
			<trkpt lat="39.89983" lon="20.7436">
				<ele>1298.95</ele>
				<time>2026-08-06T19:54:54.071Z</time>
			</trkpt>
			<trkpt lat="39.89971" lon="20.74338">
				<ele>1298.34</ele>
				<time>2026-08-06T19:54:58.824Z</time>
			</trkpt>
			<trkpt lat="39.89952" lon="20.74288">
				<ele>1299.84</ele>
				<time>2026-08-06T19:55:08.647Z</time>
			</trkpt>
			<trkpt lat="39.89944" lon="20.74277">
				<ele>1299.06</ele>
				<time>2026-08-06T19:55:11.314Z</time>
			</trkpt>
			<trkpt lat="39.89919" lon="20.7425">
				<ele>1299.38</ele>
				<time>2026-08-06T19:55:18.762Z</time>
			</trkpt>
			<trkpt lat="39.89888" lon="20.74224">
				<ele>1298.64</ele>
				<time>2026-08-06T19:55:27.217Z</time>
			</trkpt>
			<trkpt lat="39.89877" lon="20.74219">
				<ele>1297.58</ele>
				<time>2026-08-06T19:55:29.888Z</time>
			</trkpt>
			<trkpt lat="39.89846" lon="20.74212">
				<ele>1295.14</ele>
				<time>2026-08-06T19:55:37.102Z</time>
			</trkpt>
			<trkpt lat="39.89833" lon="20.74205">
				<ele>1294.82</ele>
				<time>2026-08-06T19:55:40.327Z</time>
			</trkpt>
			<trkpt lat="39.89818" lon="20.74191">
				<ele>1294.67</ele>
				<time>2026-08-06T19:55:44.556Z</time>
			</trkpt>
			<trkpt lat="39.89806" lon="20.74175">
				<ele>1294.45</ele>
				<time>2026-08-06T19:55:48.491Z</time>
			</trkpt>
			<trkpt lat="39.89753" lon="20.74087">
				<ele>1294.93</ele>
				<time>2026-08-06T19:56:08.160Z</time>
			</trkpt>
			<trkpt lat="39.89706" lon="20.74015">
				<ele>1293.5</ele>
				<time>2026-08-06T19:56:24.773Z</time>
			</trkpt>
			<trkpt lat="39.897" lon="20.7401">
				<ele>1293.54</ele>
				<time>2026-08-06T19:56:26.404Z</time>
			</trkpt>
			<trkpt lat="39.89685" lon="20.74006">
				<ele>1293.36</ele>
				<time>2026-08-06T19:56:29.910Z</time>
			</trkpt>
			<trkpt lat="39.89657" lon="20.74015">
				<ele>1293</ele>
				<time>2026-08-06T19:56:36.514Z</time>
			</trkpt>
			<trkpt lat="39.8965" lon="20.74021">
				<ele>1293</ele>
				<time>2026-08-06T19:56:38.432Z</time>
			</trkpt>
			<trkpt lat="39.89637" lon="20.74036">
				<ele>1293.09</ele>
				<time>2026-08-06T19:56:42.407Z</time>
			</trkpt>
			<trkpt lat="39.8958" lon="20.74112">
				<ele>1300.35</ele>
				<time>2026-08-06T19:57:01.071Z</time>
			</trkpt>
			<trkpt lat="39.89569" lon="20.74124">
				<ele>1300.93</ele>
				<time>2026-08-06T19:57:04.353Z</time>
			</trkpt>
			<trkpt lat="39.89557" lon="20.74134">
				<ele>1302.05</ele>
				<time>2026-08-06T19:57:07.612Z</time>
			</trkpt>
			<trkpt lat="39.89542" lon="20.74136">
				<ele>1302.78</ele>
				<time>2026-08-06T19:57:11.063Z</time>
			</trkpt>
			<trkpt lat="39.89523" lon="20.74132">
				<ele>1304.07</ele>
				<time>2026-08-06T19:57:15.466Z</time>
			</trkpt>
			<trkpt lat="39.89462" lon="20.74109">
				<ele>1311</ele>
				<time>2026-08-06T19:57:29.992Z</time>
			</trkpt>
			<trkpt lat="39.89454" lon="20.74107">
				<ele>1311.74</ele>
				<time>2026-08-06T19:57:31.855Z</time>
			</trkpt>
			<trkpt lat="39.89436" lon="20.7411">
				<ele>1312.35</ele>
				<time>2026-08-06T19:57:36.006Z</time>
			</trkpt>
			<trkpt lat="39.89428" lon="20.74115">
				<ele>1312.07</ele>
				<time>2026-08-06T19:57:38.035Z</time>
			</trkpt>
			<trkpt lat="39.8941" lon="20.7413">
				<ele>1311.09</ele>
				<time>2026-08-06T19:57:42.920Z</time>
			</trkpt>
			<trkpt lat="39.89388" lon="20.74155">
				<ele>1311.63</ele>
				<time>2026-08-06T19:57:49.594Z</time>
			</trkpt>
			<trkpt lat="39.89377" lon="20.74179">
				<ele>1314.99</ele>
				<time>2026-08-06T19:57:54.498Z</time>
			</trkpt>
			<trkpt lat="39.89373" lon="20.74193">
				<ele>1316.32</ele>
				<time>2026-08-06T19:57:57.119Z</time>
			</trkpt>
			<trkpt lat="39.89369" lon="20.74218">
				<ele>1316.86</ele>
				<time>2026-08-06T19:58:01.598Z</time>
			</trkpt>
			<trkpt lat="39.89369" lon="20.74279">
				<ele>1315.22</ele>
				<time>2026-08-06T19:58:12.296Z</time>
			</trkpt>
			<trkpt lat="39.89366" lon="20.74288">
				<ele>1314.8</ele>
				<time>2026-08-06T19:58:14.017Z</time>
			</trkpt>
			<trkpt lat="39.8936" lon="20.74296">
				<ele>1314.29</ele>
				<time>2026-08-06T19:58:15.979Z</time>
			</trkpt>
			<trkpt lat="39.89346" lon="20.74305">
				<ele>1312.97</ele>
				<time>2026-08-06T19:58:19.546Z</time>
			</trkpt>
			<trkpt lat="39.89334" lon="20.74306">
				<ele>1312.05</ele>
				<time>2026-08-06T19:58:22.294Z</time>
			</trkpt>
			<trkpt lat="39.89324" lon="20.74303">
				<ele>1311.59</ele>
				<time>2026-08-06T19:58:24.639Z</time>
			</trkpt>
			<trkpt lat="39.8931" lon="20.74291">
				<ele>1311.91</ele>
				<time>2026-08-06T19:58:28.468Z</time>
			</trkpt>
			<trkpt lat="39.89302" lon="20.74278">
				<ele>1312.56</ele>
				<time>2026-08-06T19:58:31.390Z</time>
			</trkpt>
			<trkpt lat="39.89285" lon="20.7424">
				<ele>1312.93</ele>
				<time>2026-08-06T19:58:39.101Z</time>
			</trkpt>
			<trkpt lat="39.89273" lon="20.74194">
				<ele>1312.16</ele>
				<time>2026-08-06T19:58:47.618Z</time>
			</trkpt>
			<trkpt lat="39.89264" lon="20.7418">
				<ele>1311.1</ele>
				<time>2026-08-06T19:58:50.819Z</time>
			</trkpt>
			<trkpt lat="39.8922" lon="20.74128">
				<ele>1307.8</ele>
				<time>2026-08-06T19:59:04.386Z</time>
			</trkpt>
			<trkpt lat="39.89188" lon="20.74097">
				<ele>1303.12</ele>
				<time>2026-08-06T19:59:13.492Z</time>
			</trkpt>
			<trkpt lat="39.89178" lon="20.74085">
				<ele>1301.3</ele>
				<time>2026-08-06T19:59:16.597Z</time>
			</trkpt>
			<trkpt lat="39.89174" lon="20.74076">
				<ele>1300.99</ele>
				<time>2026-08-06T19:59:18.419Z</time>
			</trkpt>
			<trkpt lat="39.89169" lon="20.74052">
				<ele>1301.68</ele>
				<time>2026-08-06T19:59:22.776Z</time>
			</trkpt>
			<trkpt lat="39.89162" lon="20.74013">
				<ele>1300.01</ele>
				<time>2026-08-06T19:59:29.793Z</time>
			</trkpt>
			<trkpt lat="39.89158" lon="20.73979">
				<ele>1299.93</ele>
				<time>2026-08-06T19:59:35.819Z</time>
			</trkpt>
			<trkpt lat="39.89152" lon="20.73957">
				<ele>1299.24</ele>
				<time>2026-08-06T19:59:39.909Z</time>
			</trkpt>
			<trkpt lat="39.89141" lon="20.73937">
				<ele>1297.44</ele>
				<time>2026-08-06T19:59:44.220Z</time>
			</trkpt>
			<trkpt lat="39.89102" lon="20.73887">
				<ele>1291.48</ele>
				<time>2026-08-06T19:59:56.708Z</time>
			</trkpt>
			<trkpt lat="39.89092" lon="20.73873">
				<ele>1290.03</ele>
				<time>2026-08-06T20:00:00.059Z</time>
			</trkpt>
			<trkpt lat="39.89088" lon="20.73864">
				<ele>1289.25</ele>
				<time>2026-08-06T20:00:01.880Z</time>
			</trkpt>
			<trkpt lat="39.89072" lon="20.73813">
				<ele>1288.34</ele>
				<time>2026-08-06T20:00:11.530Z</time>
			</trkpt>
			<trkpt lat="39.89066" lon="20.73801">
				<ele>1287.84</ele>
				<time>2026-08-06T20:00:14.038Z</time>
			</trkpt>
			<trkpt lat="39.89057" lon="20.73791">
				<ele>1286.96</ele>
				<time>2026-08-06T20:00:16.737Z</time>
			</trkpt>
			<trkpt lat="39.89051" lon="20.73788">
				<ele>1286.86</ele>
				<time>2026-08-06T20:00:18.204Z</time>
			</trkpt>
			<trkpt lat="39.89043" lon="20.73787">
				<ele>1286.91</ele>
				<time>2026-08-06T20:00:20.038Z</time>
			</trkpt>
			<trkpt lat="39.89031" lon="20.73793">
				<ele>1286.29</ele>
				<time>2026-08-06T20:00:22.971Z</time>
			</trkpt>
			<trkpt lat="39.89018" lon="20.73806">
				<ele>1285.17</ele>
				<time>2026-08-06T20:00:26.711Z</time>
			</trkpt>
			<trkpt lat="39.88986" lon="20.73844">
				<ele>1279.35</ele>
				<time>2026-08-06T20:00:36.590Z</time>
			</trkpt>
			<trkpt lat="39.8897" lon="20.73856">
				<ele>1276.31</ele>
				<time>2026-08-06T20:00:40.803Z</time>
			</trkpt>
			<trkpt lat="39.88953" lon="20.73859">
				<ele>1274.13</ele>
				<time>2026-08-06T20:00:44.717Z</time>
			</trkpt>
			<trkpt lat="39.88945" lon="20.73856">
				<ele>1273.54</ele>
				<time>2026-08-06T20:00:46.617Z</time>
			</trkpt>
			<trkpt lat="39.88906" lon="20.73827">
				<ele>1272.43</ele>
				<time>2026-08-06T20:00:56.863Z</time>
			</trkpt>
			<trkpt lat="39.88888" lon="20.73809">
				<ele>1271.64</ele>
				<time>2026-08-06T20:01:02.039Z</time>
			</trkpt>
			<trkpt lat="39.88869" lon="20.73779">
				<ele>1269.75</ele>
				<time>2026-08-06T20:01:08.849Z</time>
			</trkpt>
			<trkpt lat="39.88833" lon="20.73703">
				<ele>1265.7</ele>
				<time>2026-08-06T20:01:24.485Z</time>
			</trkpt>
			<trkpt lat="39.88819" lon="20.73686">
				<ele>1265.63</ele>
				<time>2026-08-06T20:01:28.850Z</time>
			</trkpt>
			<trkpt lat="39.88769" lon="20.73637">
				<ele>1266.01</ele>
				<time>2026-08-06T20:01:43.122Z</time>
			</trkpt>
			<trkpt lat="39.8864" lon="20.73526">
				<ele>1257.31</ele>
				<time>2026-08-06T20:02:18.385Z</time>
			</trkpt>
			<trkpt lat="39.88634" lon="20.73523">
				<ele>1257</ele>
				<time>2026-08-06T20:02:19.851Z</time>
			</trkpt>
			<trkpt lat="39.88619" lon="20.7352">
				<ele>1255.53</ele>
				<time>2026-08-06T20:02:23.312Z</time>
			</trkpt>
			<trkpt lat="39.88591" lon="20.73526">
				<ele>1251.71</ele>
				<time>2026-08-06T20:02:29.785Z</time>
			</trkpt>
			<trkpt lat="39.88512" lon="20.73574">
				<ele>1242.96</ele>
				<time>2026-08-06T20:02:49.669Z</time>
			</trkpt>
			<trkpt lat="39.88498" lon="20.73574">
				<ele>1241.82</ele>
				<time>2026-08-06T20:02:52.862Z</time>
			</trkpt>
			<trkpt lat="39.8849" lon="20.7357">
				<ele>1241.58</ele>
				<time>2026-08-06T20:02:54.817Z</time>
			</trkpt>
			<trkpt lat="39.88482" lon="20.73562">
				<ele>1241.22</ele>
				<time>2026-08-06T20:02:57.117Z</time>
			</trkpt>
			<trkpt lat="39.88476" lon="20.73549">
				<ele>1241.09</ele>
				<time>2026-08-06T20:02:59.773Z</time>
			</trkpt>
			<trkpt lat="39.88474" lon="20.73539">
				<ele>1241.47</ele>
				<time>2026-08-06T20:03:01.582Z</time>
			</trkpt>
			<trkpt lat="39.88466" lon="20.73471">
				<ele>1241.26</ele>
				<time>2026-08-06T20:03:13.624Z</time>
			</trkpt>
			<trkpt lat="39.88463" lon="20.73456">
				<ele>1240.53</ele>
				<time>2026-08-06T20:03:16.338Z</time>
			</trkpt>
			<trkpt lat="39.88454" lon="20.73433">
				<ele>1239.49</ele>
				<time>2026-08-06T20:03:20.857Z</time>
			</trkpt>
			<trkpt lat="39.88444" lon="20.7342">
				<ele>1238.01</ele>
				<time>2026-08-06T20:03:24.080Z</time>
			</trkpt>
			<trkpt lat="39.88432" lon="20.73414">
				<ele>1237.76</ele>
				<time>2026-08-06T20:03:27.012Z</time>
			</trkpt>
			<trkpt lat="39.88417" lon="20.73415">
				<ele>1237.13</ele>
				<time>2026-08-06T20:03:30.438Z</time>
			</trkpt>
			<trkpt lat="39.88347" lon="20.73448">
				<ele>1235.67</ele>
				<time>2026-08-06T20:03:47.422Z</time>
			</trkpt>
			<trkpt lat="39.88331" lon="20.73449">
				<ele>1233.43</ele>
				<time>2026-08-06T20:03:51.076Z</time>
			</trkpt>
			<trkpt lat="39.88314" lon="20.73444">
				<ele>1231.55</ele>
				<time>2026-08-06T20:03:55.053Z</time>
			</trkpt>
			<trkpt lat="39.8825" lon="20.73411">
				<ele>1227.98</ele>
				<time>2026-08-06T20:04:10.757Z</time>
			</trkpt>
			<trkpt lat="39.88227" lon="20.73388">
				<ele>1227.08</ele>
				<time>2026-08-06T20:04:17.373Z</time>
			</trkpt>
			<trkpt lat="39.8822" lon="20.73376">
				<ele>1226.26</ele>
				<time>2026-08-06T20:04:20.012Z</time>
			</trkpt>
			<trkpt lat="39.88215" lon="20.73338">
				<ele>1228.8</ele>
				<time>2026-08-06T20:04:26.764Z</time>
			</trkpt>
			<trkpt lat="39.88209" lon="20.7332">
				<ele>1228.57</ele>
				<time>2026-08-06T20:04:30.201Z</time>
			</trkpt>
			<trkpt lat="39.88156" lon="20.73226">
				<ele>1224.87</ele>
				<time>2026-08-06T20:04:50.630Z</time>
			</trkpt>
			<trkpt lat="39.88143" lon="20.73208">
				<ele>1224.79</ele>
				<time>2026-08-06T20:04:54.960Z</time>
			</trkpt>
			<trkpt lat="39.8806" lon="20.73121">
				<ele>1214.45</ele>
				<time>2026-08-06T20:05:19.276Z</time>
			</trkpt>
			<trkpt lat="39.88039" lon="20.73096">
				<ele>1212.79</ele>
				<time>2026-08-06T20:05:25.771Z</time>
			</trkpt>
			<trkpt lat="39.87971" lon="20.73022">
				<ele>1209.08</ele>
				<time>2026-08-06T20:05:46.001Z</time>
			</trkpt>
			<trkpt lat="39.87891" lon="20.72944">
				<ele>1202.02</ele>
				<time>2026-08-06T20:06:08.823Z</time>
			</trkpt>
			<trkpt lat="39.8787" lon="20.7292">
				<ele>1201.61</ele>
				<time>2026-08-06T20:06:15.204Z</time>
			</trkpt>
			<trkpt lat="39.87842" lon="20.72882">
				<ele>1198.3</ele>
				<time>2026-08-06T20:06:24.441Z</time>
			</trkpt>
			<trkpt lat="39.87831" lon="20.72864">
				<ele>1197.75</ele>
				<time>2026-08-06T20:06:28.476Z</time>
			</trkpt>
			<trkpt lat="39.8782" lon="20.7284">
				<ele>1198.25</ele>
				<time>2026-08-06T20:06:33.378Z</time>
			</trkpt>
			<trkpt lat="39.87814" lon="20.72814">
				<ele>1198.76</ele>
				<time>2026-08-06T20:06:38.140Z</time>
			</trkpt>
			<trkpt lat="39.87809" lon="20.72784">
				<ele>1197.48</ele>
				<time>2026-08-06T20:06:43.524Z</time>
			</trkpt>
			<trkpt lat="39.87808" lon="20.72714">
				<ele>1194.22</ele>
				<time>2026-08-06T20:06:55.805Z</time>
			</trkpt>
			<trkpt lat="39.87809" lon="20.72692">
				<ele>1194.44</ele>
				<time>2026-08-06T20:06:59.672Z</time>
			</trkpt>
			<trkpt lat="39.87818" lon="20.72651">
				<ele>1192.81</ele>
				<time>2026-08-06T20:07:07.154Z</time>
			</trkpt>
			<trkpt lat="39.87842" lon="20.72511">
				<ele>1190.31</ele>
				<time>2026-08-06T20:07:32.330Z</time>
			</trkpt>
			<trkpt lat="39.87856" lon="20.72448">
				<ele>1190.22</ele>
				<time>2026-08-06T20:07:43.845Z</time>
			</trkpt>
			<trkpt lat="39.87873" lon="20.72391">
				<ele>1188.48</ele>
				<time>2026-08-06T20:07:54.583Z</time>
			</trkpt>
			<trkpt lat="39.87875" lon="20.72381">
				<ele>1188.17</ele>
				<time>2026-08-06T20:07:56.398Z</time>
			</trkpt>
			<trkpt lat="39.87873" lon="20.72367">
				<ele>1187.01</ele>
				<time>2026-08-06T20:07:58.899Z</time>
			</trkpt>
			<trkpt lat="39.87866" lon="20.72359">
				<ele>1185.9</ele>
				<time>2026-08-06T20:08:01.030Z</time>
			</trkpt>
			<trkpt lat="39.87857" lon="20.72358">
				<ele>1185.7</ele>
				<time>2026-08-06T20:08:03.097Z</time>
			</trkpt>
			<trkpt lat="39.87849" lon="20.72364">
				<ele>1186.54</ele>
				<time>2026-08-06T20:08:05.210Z</time>
			</trkpt>
			<trkpt lat="39.87842" lon="20.72377">
				<ele>1186.74</ele>
				<time>2026-08-06T20:08:07.999Z</time>
			</trkpt>
			<trkpt lat="39.87836" lon="20.72397">
				<ele>1186.48</ele>
				<time>2026-08-06T20:08:11.771Z</time>
			</trkpt>
			<trkpt lat="39.8782" lon="20.72496">
				<ele>1181.47</ele>
				<time>2026-08-06T20:08:29.548Z</time>
			</trkpt>
			<trkpt lat="39.87802" lon="20.72574">
				<ele>1172.69</ele>
				<time>2026-08-06T20:08:43.865Z</time>
			</trkpt>
			<trkpt lat="39.87793" lon="20.72609">
				<ele>1170.21</ele>
				<time>2026-08-06T20:08:50.354Z</time>
			</trkpt>
			<trkpt lat="39.87783" lon="20.72636">
				<ele>1169.06</ele>
				<time>2026-08-06T20:08:55.626Z</time>
			</trkpt>
			<trkpt lat="39.87765" lon="20.7268">
				<ele>1169.01</ele>
				<time>2026-08-06T20:09:04.394Z</time>
			</trkpt>
			<trkpt lat="39.87759" lon="20.72697">
				<ele>1168.95</ele>
				<time>2026-08-06T20:09:07.685Z</time>
			</trkpt>
			<trkpt lat="39.87754" lon="20.72722">
				<ele>1168.21</ele>
				<time>2026-08-06T20:09:12.230Z</time>
			</trkpt>
			<trkpt lat="39.87751" lon="20.72747">
				<ele>1167.85</ele>
				<time>2026-08-06T20:09:16.681Z</time>
			</trkpt>
			<trkpt lat="39.87753" lon="20.72803">
				<ele>1165.8</ele>
				<time>2026-08-06T20:09:26.546Z</time>
			</trkpt>
			<trkpt lat="39.87764" lon="20.72959">
				<ele>1152.83</ele>
				<time>2026-08-06T20:09:54.123Z</time>
			</trkpt>
			<trkpt lat="39.87766" lon="20.72968">
				<ele>1152.46</ele>
				<time>2026-08-06T20:09:55.773Z</time>
			</trkpt>
			<trkpt lat="39.87773" lon="20.72985">
				<ele>1152.38</ele>
				<time>2026-08-06T20:09:59.171Z</time>
			</trkpt>
			<trkpt lat="39.87846" lon="20.73107">
				<ele>1148.44</ele>
				<time>2026-08-06T20:10:26.427Z</time>
			</trkpt>
			<trkpt lat="39.87854" lon="20.73125">
				<ele>1146.93</ele>
				<time>2026-08-06T20:10:30.094Z</time>
			</trkpt>
			<trkpt lat="39.87858" lon="20.73138">
				<ele>1145.34</ele>
				<time>2026-08-06T20:10:32.563Z</time>
			</trkpt>
			<trkpt lat="39.87859" lon="20.73151">
				<ele>1144.24</ele>
				<time>2026-08-06T20:10:34.866Z</time>
			</trkpt>
			<trkpt lat="39.87858" lon="20.73167">
				<ele>1142.33</ele>
				<time>2026-08-06T20:10:37.696Z</time>
			</trkpt>
			<trkpt lat="39.87856" lon="20.73181">
				<ele>1142.25</ele>
				<time>2026-08-06T20:10:40.207Z</time>
			</trkpt>
			<trkpt lat="39.8785" lon="20.73204">
				<ele>1141.23</ele>
				<time>2026-08-06T20:10:44.490Z</time>
			</trkpt>
			<trkpt lat="39.87846" lon="20.73225">
				<ele>1140.62</ele>
				<time>2026-08-06T20:10:48.306Z</time>
			</trkpt>
			<trkpt lat="39.87847" lon="20.73252">
				<ele>1139.81</ele>
				<time>2026-08-06T20:10:53.074Z</time>
			</trkpt>
			<trkpt lat="39.87855" lon="20.73289">
				<ele>1139.51</ele>
				<time>2026-08-06T20:10:59.855Z</time>
			</trkpt>
			<trkpt lat="39.87862" lon="20.73311">
				<ele>1139.85</ele>
				<time>2026-08-06T20:11:04.057Z</time>
			</trkpt>
			<trkpt lat="39.87884" lon="20.73365">
				<ele>1136.9</ele>
				<time>2026-08-06T20:11:14.847Z</time>
			</trkpt>
			<trkpt lat="39.87895" lon="20.73383">
				<ele>1135.05</ele>
				<time>2026-08-06T20:11:18.908Z</time>
			</trkpt>
			<trkpt lat="39.87912" lon="20.73399">
				<ele>1133.29</ele>
				<time>2026-08-06T20:11:23.733Z</time>
			</trkpt>
			<trkpt lat="39.8802" lon="20.73473">
				<ele>1129.51</ele>
				<time>2026-08-06T20:11:51.818Z</time>
			</trkpt>
			<trkpt lat="39.88031" lon="20.73485">
				<ele>1127.79</ele>
				<time>2026-08-06T20:11:55.122Z</time>
			</trkpt>
			<trkpt lat="39.88037" lon="20.73495">
				<ele>1126.17</ele>
				<time>2026-08-06T20:11:57.365Z</time>
			</trkpt>
			<trkpt lat="39.88043" lon="20.73515">
				<ele>1125.83</ele>
				<time>2026-08-06T20:12:01.161Z</time>
			</trkpt>
			<trkpt lat="39.88042" lon="20.73528">
				<ele>1125.25</ele>
				<time>2026-08-06T20:12:03.470Z</time>
			</trkpt>
			<trkpt lat="39.88039" lon="20.73542">
				<ele>1124</ele>
				<time>2026-08-06T20:12:06.040Z</time>
			</trkpt>
			<trkpt lat="39.87986" lon="20.73673">
				<ele>1114.26</ele>
				<time>2026-08-06T20:12:32.234Z</time>
			</trkpt>
			<trkpt lat="39.87981" lon="20.737">
				<ele>1112.42</ele>
				<time>2026-08-06T20:12:37.149Z</time>
			</trkpt>
			<trkpt lat="39.87982" lon="20.73719">
				<ele>1111.04</ele>
				<time>2026-08-06T20:12:40.520Z</time>
			</trkpt>
			<trkpt lat="39.87987" lon="20.73734">
				<ele>1110.22</ele>
				<time>2026-08-06T20:12:43.415Z</time>
			</trkpt>
			<trkpt lat="39.87991" lon="20.73741">
				<ele>1110.01</ele>
				<time>2026-08-06T20:12:44.960Z</time>
			</trkpt>
			<trkpt lat="39.88023" lon="20.73778">
				<ele>1108.94</ele>
				<time>2026-08-06T20:12:54.832Z</time>
			</trkpt>
			<trkpt lat="39.88032" lon="20.73787">
				<ele>1107.81</ele>
				<time>2026-08-06T20:12:57.450Z</time>
			</trkpt>
			<trkpt lat="39.88064" lon="20.73809">
				<ele>1105.58</ele>
				<time>2026-08-06T20:13:05.802Z</time>
			</trkpt>
			<trkpt lat="39.8809" lon="20.73831">
				<ele>1106.46</ele>
				<time>2026-08-06T20:13:12.960Z</time>
			</trkpt>
			<trkpt lat="39.88129" lon="20.73878">
				<ele>1108.53</ele>
				<time>2026-08-06T20:13:25.231Z</time>
			</trkpt>
			<trkpt lat="39.8815" lon="20.73912">
				<ele>1108.7</ele>
				<time>2026-08-06T20:13:32.970Z</time>
			</trkpt>
			<trkpt lat="39.88185" lon="20.73992">
				<ele>1103.07</ele>
				<time>2026-08-06T20:13:49.307Z</time>
			</trkpt>
			<trkpt lat="39.88196" lon="20.74014">
				<ele>1102.5</ele>
				<time>2026-08-06T20:13:53.968Z</time>
			</trkpt>
			<trkpt lat="39.88334" lon="20.74336">
				<ele>1087.79</ele>
				<time>2026-08-06T20:14:59.519Z</time>
			</trkpt>
			<trkpt lat="39.88345" lon="20.74381">
				<ele>1087.34</ele>
				<time>2026-08-06T20:15:07.926Z</time>
			</trkpt>
			<trkpt lat="39.88347" lon="20.74408">
				<ele>1086.76</ele>
				<time>2026-08-06T20:15:12.757Z</time>
			</trkpt>
			<trkpt lat="39.88333" lon="20.74511">
				<ele>1083.11</ele>
				<time>2026-08-06T20:15:31.392Z</time>
			</trkpt>
			<trkpt lat="39.88323" lon="20.74542">
				<ele>1080.58</ele>
				<time>2026-08-06T20:15:37.387Z</time>
			</trkpt>
			<trkpt lat="39.88321" lon="20.74557">
				<ele>1079.74</ele>
				<time>2026-08-06T20:15:40.101Z</time>
			</trkpt>
			<trkpt lat="39.88332" lon="20.74635">
				<ele>1079.07</ele>
				<time>2026-08-06T20:15:54.246Z</time>
			</trkpt>
			<trkpt lat="39.88328" lon="20.74647">
				<ele>1077.73</ele>
				<time>2026-08-06T20:15:56.581Z</time>
			</trkpt>
			<trkpt lat="39.88324" lon="20.7465">
				<ele>1077.05</ele>
				<time>2026-08-06T20:15:57.654Z</time>
			</trkpt>
			<trkpt lat="39.88318" lon="20.74652">
				<ele>1076.15</ele>
				<time>2026-08-06T20:15:59.094Z</time>
			</trkpt>
			<trkpt lat="39.88311" lon="20.74651">
				<ele>1075.34</ele>
				<time>2026-08-06T20:16:00.732Z</time>
			</trkpt>
			<trkpt lat="39.88307" lon="20.74649">
				<ele>1074.9</ele>
				<time>2026-08-06T20:16:01.728Z</time>
			</trkpt>
			<trkpt lat="39.88294" lon="20.74624">
				<ele>1074.05</ele>
				<time>2026-08-06T20:16:07.119Z</time>
			</trkpt>
			<trkpt lat="39.88275" lon="20.74561">
				<ele>1071.07</ele>
				<time>2026-08-06T20:16:19.207Z</time>
			</trkpt>
			<trkpt lat="39.88272" lon="20.74544">
				<ele>1070.12</ele>
				<time>2026-08-06T20:16:22.323Z</time>
			</trkpt>
			<trkpt lat="39.88271" lon="20.74522">
				<ele>1069.65</ele>
				<time>2026-08-06T20:16:26.261Z</time>
			</trkpt>
			<trkpt lat="39.88272" lon="20.74504">
				<ele>1068.94</ele>
				<time>2026-08-06T20:16:29.486Z</time>
			</trkpt>
			<trkpt lat="39.88285" lon="20.74469">
				<ele>1069.86</ele>
				<time>2026-08-06T20:16:36.437Z</time>
			</trkpt>
			<trkpt lat="39.8829" lon="20.7445">
				<ele>1069.24</ele>
				<time>2026-08-06T20:16:40.028Z</time>
			</trkpt>
			<trkpt lat="39.88291" lon="20.74427">
				<ele>1068.68</ele>
				<time>2026-08-06T20:16:44.148Z</time>
			</trkpt>
			<trkpt lat="39.88287" lon="20.74415">
				<ele>1067.76</ele>
				<time>2026-08-06T20:16:46.488Z</time>
			</trkpt>
			<trkpt lat="39.88269" lon="20.74381">
				<ele>1066.41</ele>
				<time>2026-08-06T20:16:53.877Z</time>
			</trkpt>
			<trkpt lat="39.88259" lon="20.74367">
				<ele>1066.05</ele>
				<time>2026-08-06T20:16:57.300Z</time>
			</trkpt>
			<trkpt lat="39.8825" lon="20.74359">
				<ele>1065.39</ele>
				<time>2026-08-06T20:16:59.841Z</time>
			</trkpt>
			<trkpt lat="39.88239" lon="20.74353">
				<ele>1064.55</ele>
				<time>2026-08-06T20:17:02.622Z</time>
			</trkpt>
			<trkpt lat="39.8823" lon="20.74352">
				<ele>1063.42</ele>
				<time>2026-08-06T20:17:04.730Z</time>
			</trkpt>
			<trkpt lat="39.8821" lon="20.74356">
				<ele>1062.53</ele>
				<time>2026-08-06T20:17:09.451Z</time>
			</trkpt>
			<trkpt lat="39.88169" lon="20.74377">
				<ele>1059.58</ele>
				<time>2026-08-06T20:17:19.734Z</time>
			</trkpt>
			<trkpt lat="39.88151" lon="20.74378">
				<ele>1058.79</ele>
				<time>2026-08-06T20:17:23.941Z</time>
			</trkpt>
			<trkpt lat="39.88144" lon="20.74375">
				<ele>1058.72</ele>
				<time>2026-08-06T20:17:25.662Z</time>
			</trkpt>
			<trkpt lat="39.88135" lon="20.7437">
				<ele>1058.42</ele>
				<time>2026-08-06T20:17:27.947Z</time>
			</trkpt>
			<trkpt lat="39.88033" lon="20.74289">
				<ele>1053.77</ele>
				<time>2026-08-06T20:17:55.867Z</time>
			</trkpt>
			<trkpt lat="39.87979" lon="20.74242">
				<ele>1050.35</ele>
				<time>2026-08-06T20:18:11.063Z</time>
			</trkpt>
			<trkpt lat="39.87968" lon="20.74235">
				<ele>1050.22</ele>
				<time>2026-08-06T20:18:13.929Z</time>
			</trkpt>
			<trkpt lat="39.87962" lon="20.74235">
				<ele>1050.57</ele>
				<time>2026-08-06T20:18:15.334Z</time>
			</trkpt>
			<trkpt lat="39.87949" lon="20.7424">
				<ele>1050.73</ele>
				<time>2026-08-06T20:18:18.508Z</time>
			</trkpt>
			<trkpt lat="39.87941" lon="20.74248">
				<ele>1050.66</ele>
				<time>2026-08-06T20:18:20.870Z</time>
			</trkpt>
			<trkpt lat="39.87923" lon="20.74275">
				<ele>1048.31</ele>
				<time>2026-08-06T20:18:27.300Z</time>
			</trkpt>
			<trkpt lat="39.8791" lon="20.74286">
				<ele>1046.86</ele>
				<time>2026-08-06T20:18:30.932Z</time>
			</trkpt>
			<trkpt lat="39.87896" lon="20.74295">
				<ele>1046.14</ele>
				<time>2026-08-06T20:18:34.591Z</time>
			</trkpt>
			<trkpt lat="39.87868" lon="20.743">
				<ele>1044.86</ele>
				<time>2026-08-06T20:18:41.217Z</time>
			</trkpt>
			<trkpt lat="39.87858" lon="20.74304">
				<ele>1043.7</ele>
				<time>2026-08-06T20:18:43.670Z</time>
			</trkpt>
			<trkpt lat="39.87848" lon="20.74309">
				<ele>1043.52</ele>
				<time>2026-08-06T20:18:46.182Z</time>
			</trkpt>
			<trkpt lat="39.87837" lon="20.74319">
				<ele>1042.17</ele>
				<time>2026-08-06T20:18:49.328Z</time>
			</trkpt>
			<trkpt lat="39.87819" lon="20.74342">
				<ele>1040.9</ele>
				<time>2026-08-06T20:18:55.243Z</time>
			</trkpt>
			<trkpt lat="39.87772" lon="20.7442">
				<ele>1041.77</ele>
				<time>2026-08-06T20:19:13.111Z</time>
			</trkpt>
			<trkpt lat="39.87763" lon="20.74438">
				<ele>1040.56</ele>
				<time>2026-08-06T20:19:16.984Z</time>
			</trkpt>
			<trkpt lat="39.87739" lon="20.7452">
				<ele>1034.7</ele>
				<time>2026-08-06T20:19:32.816Z</time>
			</trkpt>
			<trkpt lat="39.87729" lon="20.7454">
				<ele>1035.76</ele>
				<time>2026-08-06T20:19:37.124Z</time>
			</trkpt>
			<trkpt lat="39.87723" lon="20.74549">
				<ele>1036.97</ele>
				<time>2026-08-06T20:19:39.276Z</time>
			</trkpt>
			<trkpt lat="39.87709" lon="20.74562">
				<ele>1037.32</ele>
				<time>2026-08-06T20:19:43.321Z</time>
			</trkpt>
			<trkpt lat="39.87662" lon="20.74599">
				<ele>1034.65</ele>
				<time>2026-08-06T20:19:56.247Z</time>
			</trkpt>
			<trkpt lat="39.87657" lon="20.74602">
				<ele>1033.25</ele>
				<time>2026-08-06T20:19:57.543Z</time>
			</trkpt>
			<trkpt lat="39.87644" lon="20.74603">
				<ele>1029.97</ele>
				<time>2026-08-06T20:20:00.611Z</time>
			</trkpt>
			<trkpt lat="39.87631" lon="20.74601">
				<ele>1026.94</ele>
				<time>2026-08-06T20:20:03.694Z</time>
			</trkpt>
			<trkpt lat="39.87628" lon="20.74615">
				<ele>1025.24</ele>
				<time>2026-08-06T20:20:06.322Z</time>
			</trkpt>
			<trkpt lat="39.87616" lon="20.74631">
				<ele>1022.27</ele>
				<time>2026-08-06T20:20:10.368Z</time>
			</trkpt>
			<trkpt lat="39.87583" lon="20.74655">
				<ele>1017.08</ele>
				<time>2026-08-06T20:20:19.278Z</time>
			</trkpt>
			<trkpt lat="39.87566" lon="20.74672">
				<ele>1014.35</ele>
				<time>2026-08-06T20:20:24.332Z</time>
			</trkpt>
			<trkpt lat="39.87543" lon="20.74703">
				<ele>1010.34</ele>
				<time>2026-08-06T20:20:32.139Z</time>
			</trkpt>
			<trkpt lat="39.87532" lon="20.7473">
				<ele>1007.73</ele>
				<time>2026-08-06T20:20:37.676Z</time>
			</trkpt>
			<trkpt lat="39.87532" lon="20.74742">
				<ele>1007.58</ele>
				<time>2026-08-06T20:20:39.850Z</time>
			</trkpt>
			<trkpt lat="39.87544" lon="20.74772">
				<ele>1006.73</ele>
				<time>2026-08-06T20:20:45.981Z</time>
			</trkpt>
			<trkpt lat="39.87562" lon="20.74851">
				<ele>1003.03</ele>
				<time>2026-08-06T20:21:00.973Z</time>
			</trkpt>
			<trkpt lat="39.87563" lon="20.74859">
				<ele>1002.79</ele>
				<time>2026-08-06T20:21:02.483Z</time>
			</trkpt>
			<trkpt lat="39.87562" lon="20.74868">
				<ele>1001.31</ele>
				<time>2026-08-06T20:21:04.190Z</time>
			</trkpt>
			<trkpt lat="39.87565" lon="20.74891">
				<ele>998.28</ele>
				<time>2026-08-06T20:21:08.632Z</time>
			</trkpt>
			<trkpt lat="39.87567" lon="20.74898">
				<ele>997.7</ele>
				<time>2026-08-06T20:21:10.071Z</time>
			</trkpt>
			<trkpt lat="39.87577" lon="20.7491">
				<ele>998.3</ele>
				<time>2026-08-06T20:21:13.515Z</time>
			</trkpt>
			<trkpt lat="39.87577" lon="20.74915">
				<ele>997.61</ele>
				<time>2026-08-06T20:21:14.494Z</time>
			</trkpt>
			<trkpt lat="39.87575" lon="20.74917">
				<ele>996.59</ele>
				<time>2026-08-06T20:21:15.139Z</time>
			</trkpt>
			<trkpt lat="39.87572" lon="20.74919">
				<ele>995.57</ele>
				<time>2026-08-06T20:21:16.004Z</time>
			</trkpt>
			<trkpt lat="39.87569" lon="20.74918">
				<ele>994.66</ele>
				<time>2026-08-06T20:21:16.800Z</time>
			</trkpt>
			<trkpt lat="39.87566" lon="20.74914">
				<ele>994.41</ele>
				<time>2026-08-06T20:21:17.906Z</time>
			</trkpt>
			<trkpt lat="39.87556" lon="20.74894">
				<ele>995.15</ele>
				<time>2026-08-06T20:21:22.665Z</time>
			</trkpt>
			<trkpt lat="39.87542" lon="20.74872">
				<ele>993.06</ele>
				<time>2026-08-06T20:21:28.427Z</time>
			</trkpt>
			<trkpt lat="39.87538" lon="20.74862">
				<ele>993.37</ele>
				<time>2026-08-06T20:21:30.717Z</time>
			</trkpt>
			<trkpt lat="39.87535" lon="20.74845">
				<ele>995.35</ele>
				<time>2026-08-06T20:21:34.271Z</time>
			</trkpt>
			<trkpt lat="39.87528" lon="20.74834">
				<ele>995.91</ele>
				<time>2026-08-06T20:21:37.193Z</time>
			</trkpt>
			<trkpt lat="39.87523" lon="20.7483">
				<ele>995.62</ele>
				<time>2026-08-06T20:21:38.759Z</time>
			</trkpt>
			<trkpt lat="39.87518" lon="20.7483">
				<ele>994.65</ele>
				<time>2026-08-06T20:21:40.094Z</time>
			</trkpt>
			<trkpt lat="39.87506" lon="20.74837">
				<ele>990.14</ele>
				<time>2026-08-06T20:21:43.609Z</time>
			</trkpt>
			<trkpt lat="39.87485" lon="20.74842">
				<ele>986.71</ele>
				<time>2026-08-06T20:21:49.318Z</time>
			</trkpt>
			<trkpt lat="39.87454" lon="20.74839">
				<ele>984.94</ele>
				<time>2026-08-06T20:21:57.601Z</time>
			</trkpt>
			<trkpt lat="39.87428" lon="20.74832">
				<ele>982.01</ele>
				<time>2026-08-06T20:22:04.612Z</time>
			</trkpt>
			<trkpt lat="39.87417" lon="20.74834">
				<ele>979.05</ele>
				<time>2026-08-06T20:22:07.520Z</time>
			</trkpt>
			<trkpt lat="39.87411" lon="20.74837">
				<ele>976.91</ele>
				<time>2026-08-06T20:22:09.194Z</time>
			</trkpt>
			<trkpt lat="39.87401" lon="20.74874">
				<ele>969.64</ele>
				<time>2026-08-06T20:22:16.937Z</time>
			</trkpt>
			<trkpt lat="39.87404" lon="20.74896">
				<ele>967.39</ele>
				<time>2026-08-06T20:22:21.262Z</time>
			</trkpt>
			<trkpt lat="39.87406" lon="20.74927">
				<ele>963.88</ele>
				<time>2026-08-06T20:22:27.160Z</time>
			</trkpt>
			<trkpt lat="39.87399" lon="20.74968">
				<ele>954.45</ele>
				<time>2026-08-06T20:22:34.856Z</time>
			</trkpt>
			<trkpt lat="39.87383" lon="20.75013">
				<ele>948.2</ele>
				<time>2026-08-06T20:22:43.473Z</time>
			</trkpt>
			<trkpt lat="39.87374" lon="20.75044">
				<ele>948.59</ele>
				<time>2026-08-06T20:22:48.901Z</time>
			</trkpt>
			<trkpt lat="39.87369" lon="20.75052">
				<ele>948.53</ele>
				<time>2026-08-06T20:22:50.531Z</time>
			</trkpt>
			<trkpt lat="39.87357" lon="20.75052">
				<ele>947.31</ele>
				<time>2026-08-06T20:22:52.944Z</time>
			</trkpt>
			<trkpt lat="39.8735" lon="20.75045">
				<ele>946.06</ele>
				<time>2026-08-06T20:22:54.673Z</time>
			</trkpt>
			<trkpt lat="39.87345" lon="20.75013">
				<ele>946.98</ele>
				<time>2026-08-06T20:22:59.361Z</time>
			</trkpt>
			<trkpt lat="39.8734" lon="20.74998">
				<ele>947.92</ele>
				<time>2026-08-06T20:23:01.579Z</time>
			</trkpt>
			<trkpt lat="39.87336" lon="20.74991">
				<ele>948.35</ele>
				<time>2026-08-06T20:23:02.725Z</time>
			</trkpt>
			<trkpt lat="39.87324" lon="20.74978">
				<ele>947.44</ele>
				<time>2026-08-06T20:23:05.292Z</time>
			</trkpt>
			<trkpt lat="39.87308" lon="20.74967">
				<ele>944.83</ele>
				<time>2026-08-06T20:23:08.138Z</time>
			</trkpt>
			<trkpt lat="39.873" lon="20.74959">
				<ele>942.74</ele>
				<time>2026-08-06T20:23:09.713Z</time>
			</trkpt>
			<trkpt lat="39.87292" lon="20.74944">
				<ele>939.84</ele>
				<time>2026-08-06T20:23:11.893Z</time>
			</trkpt>
			<trkpt lat="39.87291" lon="20.74924">
				<ele>939.7</ele>
				<time>2026-08-06T20:23:14.271Z</time>
			</trkpt>
			<trkpt lat="39.87299" lon="20.74881">
				<ele>942.74</ele>
				<time>2026-08-06T20:23:19.472Z</time>
			</trkpt>
			<trkpt lat="39.87301" lon="20.7486">
				<ele>942.37</ele>
				<time>2026-08-06T20:23:21.936Z</time>
			</trkpt>
			<trkpt lat="39.873" lon="20.74775">
				<ele>938.99</ele>
				<time>2026-08-06T20:23:31.679Z</time>
			</trkpt>
			<trkpt lat="39.87309" lon="20.74699">
				<ele>939.42</ele>
				<time>2026-08-06T20:23:40.286Z</time>
			</trkpt>
			<trkpt lat="39.87308" lon="20.7467">
				<ele>938.32</ele>
				<time>2026-08-06T20:23:43.484Z</time>
			</trkpt>
			<trkpt lat="39.87307" lon="20.74658">
				<ele>937.56</ele>
				<time>2026-08-06T20:23:44.806Z</time>
			</trkpt>
			<trkpt lat="39.873" lon="20.74631">
				<ele>935.61</ele>
				<time>2026-08-06T20:23:47.909Z</time>
			</trkpt>
			<trkpt lat="39.87295" lon="20.74619">
				<ele>934.53</ele>
				<time>2026-08-06T20:23:49.386Z</time>
			</trkpt>
			<trkpt lat="39.87278" lon="20.7459">
				<ele>932.28</ele>
				<time>2026-08-06T20:23:53.305Z</time>
			</trkpt>
			<trkpt lat="39.87256" lon="20.74558">
				<ele>930.35</ele>
				<time>2026-08-06T20:23:57.864Z</time>
			</trkpt>
			<trkpt lat="39.87248" lon="20.74547">
				<ele>929.03</ele>
				<time>2026-08-06T20:23:59.459Z</time>
			</trkpt>
			<trkpt lat="39.87238" lon="20.74523">
				<ele>926.4</ele>
				<time>2026-08-06T20:24:02.315Z</time>
			</trkpt>
			<trkpt lat="39.87236" lon="20.74508">
				<ele>925.15</ele>
				<time>2026-08-06T20:24:03.897Z</time>
			</trkpt>
			<trkpt lat="39.87232" lon="20.74456">
				<ele>923.26</ele>
				<time>2026-08-06T20:24:09.275Z</time>
			</trkpt>
			<trkpt lat="39.87229" lon="20.74445">
				<ele>922.84</ele>
				<time>2026-08-06T20:24:10.465Z</time>
			</trkpt>
			<trkpt lat="39.87225" lon="20.74437">
				<ele>922.43</ele>
				<time>2026-08-06T20:24:11.435Z</time>
			</trkpt>
			<trkpt lat="39.87176" lon="20.74398">
				<ele>913.6</ele>
				<time>2026-08-06T20:24:18.943Z</time>
			</trkpt>
			<trkpt lat="39.87163" lon="20.74378">
				<ele>912.4</ele>
				<time>2026-08-06T20:24:21.535Z</time>
			</trkpt>
			<trkpt lat="39.87158" lon="20.74363">
				<ele>912.57</ele>
				<time>2026-08-06T20:24:23.142Z</time>
			</trkpt>
			<trkpt lat="39.87153" lon="20.74335">
				<ele>913.88</ele>
				<time>2026-08-06T20:24:25.948Z</time>
			</trkpt>
			<trkpt lat="39.87146" lon="20.74235">
				<ele>910</ele>
				<time>2026-08-06T20:24:35.568Z</time>
			</trkpt>
			<trkpt lat="39.8714" lon="20.74214">
				<ele>909</ele>
				<time>2026-08-06T20:24:37.676Z</time>
			</trkpt>
			<trkpt lat="39.87135" lon="20.74205">
				<ele>908.78</ele>
				<time>2026-08-06T20:24:38.716Z</time>
			</trkpt>
			<trkpt lat="39.87124" lon="20.7419">
				<ele>907.39</ele>
				<time>2026-08-06T20:24:40.650Z</time>
			</trkpt>
			<trkpt lat="39.87099" lon="20.74172">
				<ele>903.73</ele>
				<time>2026-08-06T20:24:44.089Z</time>
			</trkpt>
			<trkpt lat="39.8699" lon="20.74101">
				<ele>898.71</ele>
				<time>2026-08-06T20:24:58.354Z</time>
			</trkpt>
			<trkpt lat="39.86972" lon="20.7409">
				<ele>897.83</ele>
				<time>2026-08-06T20:25:00.620Z</time>
			</trkpt>
			<trkpt lat="39.86921" lon="20.7407">
				<ele>893.84</ele>
				<time>2026-08-06T20:25:06.609Z</time>
			</trkpt>
			<trkpt lat="39.869" lon="20.74059">
				<ele>891.71</ele>
				<time>2026-08-06T20:25:09.118Z</time>
			</trkpt>
			<trkpt lat="39.86884" lon="20.74048">
				<ele>889.71</ele>
				<time>2026-08-06T20:25:11.109Z</time>
			</trkpt>
			<trkpt lat="39.8687" lon="20.74032">
				<ele>887.68</ele>
				<time>2026-08-06T20:25:13.144Z</time>
			</trkpt>
			<trkpt lat="39.86862" lon="20.74012">
				<ele>886.2</ele>
				<time>2026-08-06T20:25:15.024Z</time>
			</trkpt>
			<trkpt lat="39.8686" lon="20.73999">
				<ele>885.9</ele>
				<time>2026-08-06T20:25:16.123Z</time>
			</trkpt>
			<trkpt lat="39.86862" lon="20.7397">
				<ele>886.37</ele>
				<time>2026-08-06T20:25:18.523Z</time>
			</trkpt>
			<trkpt lat="39.86892" lon="20.73792">
				<ele>884.95</ele>
				<time>2026-08-06T20:25:33.113Z</time>
			</trkpt>
			<trkpt lat="39.86892" lon="20.73775">
				<ele>883.86</ele>
				<time>2026-08-06T20:25:34.437Z</time>
			</trkpt>
			<trkpt lat="39.86891" lon="20.73765">
				<ele>883.03</ele>
				<time>2026-08-06T20:25:35.220Z</time>
			</trkpt>
			<trkpt lat="39.86887" lon="20.73757">
				<ele>882.22</ele>
				<time>2026-08-06T20:25:35.959Z</time>
			</trkpt>
			<trkpt lat="39.86876" lon="20.73745">
				<ele>882.18</ele>
				<time>2026-08-06T20:25:37.400Z</time>
			</trkpt>
			<trkpt lat="39.86871" lon="20.73742">
				<ele>882.56</ele>
				<time>2026-08-06T20:25:37.952Z</time>
			</trkpt>
			<trkpt lat="39.8686" lon="20.7374">
				<ele>883.39</ele>
				<time>2026-08-06T20:25:39.060Z</time>
			</trkpt>
			<trkpt lat="39.8685" lon="20.73743">
				<ele>884.47</ele>
				<time>2026-08-06T20:25:40.081Z</time>
			</trkpt>
			<trkpt lat="39.86844" lon="20.73745">
				<ele>884.67</ele>
				<time>2026-08-06T20:25:40.695Z</time>
			</trkpt>
			<trkpt lat="39.86792" lon="20.73798">
				<ele>877.71</ele>
				<time>2026-08-06T20:25:47.161Z</time>
			</trkpt>
			<trkpt lat="39.86777" lon="20.73806">
				<ele>875.82</ele>
				<time>2026-08-06T20:25:48.726Z</time>
			</trkpt>
			<trkpt lat="39.8676" lon="20.73806">
				<ele>875.03</ele>
				<time>2026-08-06T20:25:50.359Z</time>
			</trkpt>
			<trkpt lat="39.86743" lon="20.738">
				<ele>875</ele>
				<time>2026-08-06T20:25:52.040Z</time>
			</trkpt>
			<trkpt lat="39.86735" lon="20.73794">
				<ele>874.81</ele>
				<time>2026-08-06T20:25:52.918Z</time>
			</trkpt>
			<trkpt lat="39.86727" lon="20.73784">
				<ele>874.98</ele>
				<time>2026-08-06T20:25:53.968Z</time>
			</trkpt>
			<trkpt lat="39.8672" lon="20.73769">
				<ele>875.08</ele>
				<time>2026-08-06T20:25:55.239Z</time>
			</trkpt>
			<trkpt lat="39.86712" lon="20.73738">
				<ele>873.78</ele>
				<time>2026-08-06T20:25:57.591Z</time>
			</trkpt>
			<trkpt lat="39.86708" lon="20.73693">
				<ele>875.04</ele>
				<time>2026-08-06T20:26:00.818Z</time>
			</trkpt>
			<trkpt lat="39.86708" lon="20.73587">
				<ele>876.78</ele>
				<time>2026-08-06T20:26:08.229Z</time>
			</trkpt>
			<trkpt lat="39.86705" lon="20.7339">
				<ele>877.56</ele>
				<time>2026-08-06T20:26:21.515Z</time>
			</trkpt>
			<trkpt lat="39.86709" lon="20.73326">
				<ele>880.35</ele>
				<time>2026-08-06T20:26:25.717Z</time>
			</trkpt>
			<trkpt lat="39.86724" lon="20.73219">
				<ele>878.58</ele>
				<time>2026-08-06T20:26:32.702Z</time>
			</trkpt>
			<trkpt lat="39.86725" lon="20.73191">
				<ele>877.95</ele>
				<time>2026-08-06T20:26:34.476Z</time>
			</trkpt>
			<trkpt lat="39.86722" lon="20.73161">
				<ele>878.26</ele>
				<time>2026-08-06T20:26:36.380Z</time>
			</trkpt>
			<trkpt lat="39.86703" lon="20.73056">
				<ele>879.53</ele>
				<time>2026-08-06T20:26:43.076Z</time>
			</trkpt>
			<trkpt lat="39.86695" lon="20.72994">
				<ele>879.13</ele>
				<time>2026-08-06T20:26:46.915Z</time>
			</trkpt>
			<trkpt lat="39.8669" lon="20.72919">
				<ele>882.21</ele>
				<time>2026-08-06T20:26:51.455Z</time>
			</trkpt>
			<trkpt lat="39.86689" lon="20.7286">
				<ele>876.96</ele>
				<time>2026-08-06T20:26:54.973Z</time>
			</trkpt>
			<trkpt lat="39.86692" lon="20.72763">
				<ele>872.72</ele>
				<time>2026-08-06T20:27:00.687Z</time>
			</trkpt>
			<trkpt lat="39.86688" lon="20.72623">
				<ele>861.49</ele>
				<time>2026-08-06T20:27:08.789Z</time>
			</trkpt>
			<trkpt lat="39.86688" lon="20.7256">
				<ele>857.77</ele>
				<time>2026-08-06T20:27:12.383Z</time>
			</trkpt>
			<trkpt lat="39.86692" lon="20.72496">
				<ele>852.12</ele>
				<time>2026-08-06T20:27:16.017Z</time>
			</trkpt>
			<trkpt lat="39.86695" lon="20.72457">
				<ele>849.81</ele>
				<time>2026-08-06T20:27:18.223Z</time>
			</trkpt>
			<trkpt lat="39.86704" lon="20.7243">
				<ele>850.26</ele>
				<time>2026-08-06T20:27:19.873Z</time>
			</trkpt>
			<trkpt lat="39.86712" lon="20.72396">
				<ele>847.77</ele>
				<time>2026-08-06T20:27:21.861Z</time>
			</trkpt>
			<trkpt lat="39.86725" lon="20.72357">
				<ele>842.89</ele>
				<time>2026-08-06T20:27:24.228Z</time>
			</trkpt>
			<trkpt lat="39.86742" lon="20.72308">
				<ele>844.58</ele>
				<time>2026-08-06T20:27:27.209Z</time>
			</trkpt>
			<trkpt lat="39.86768" lon="20.72249">
				<ele>844.68</ele>
				<time>2026-08-06T20:27:30.963Z</time>
			</trkpt>
			<trkpt lat="39.86772" lon="20.72235">
				<ele>842.62</ele>
				<time>2026-08-06T20:27:31.785Z</time>
			</trkpt>
			<trkpt lat="39.86784" lon="20.72216">
				<ele>845.4</ele>
				<time>2026-08-06T20:27:33.137Z</time>
			</trkpt>
			<trkpt lat="39.86788" lon="20.72206">
				<ele>847.72</ele>
				<time>2026-08-06T20:27:33.756Z</time>
			</trkpt>
			<trkpt lat="39.8679" lon="20.72195">
				<ele>848.24</ele>
				<time>2026-08-06T20:27:34.376Z</time>
			</trkpt>
			<trkpt lat="39.86793" lon="20.72151">
				<ele>844.71</ele>
				<time>2026-08-06T20:27:36.786Z</time>
			</trkpt>
			<trkpt lat="39.86791" lon="20.72118">
				<ele>841.61</ele>
				<time>2026-08-06T20:27:38.562Z</time>
			</trkpt>
			<trkpt lat="39.86788" lon="20.721">
				<ele>840.7</ele>
				<time>2026-08-06T20:27:39.539Z</time>
			</trkpt>
			<trkpt lat="39.86769" lon="20.7202">
				<ele>835.97</ele>
				<time>2026-08-06T20:27:43.882Z</time>
			</trkpt>
			<trkpt lat="39.86731" lon="20.7189">
				<ele>837.32</ele>
				<time>2026-08-06T20:27:50.769Z</time>
			</trkpt>
			<trkpt lat="39.86726" lon="20.71867">
				<ele>836.72</ele>
				<time>2026-08-06T20:27:51.915Z</time>
			</trkpt>
			<trkpt lat="39.86724" lon="20.71845">
				<ele>837.03</ele>
				<time>2026-08-06T20:27:52.968Z</time>
			</trkpt>
			<trkpt lat="39.86733" lon="20.71449">
				<ele>841.84</ele>
				<time>2026-08-06T20:28:10.587Z</time>
			</trkpt>
			<trkpt lat="39.86735" lon="20.71416">
				<ele>841.4</ele>
				<time>2026-08-06T20:28:11.980Z</time>
			</trkpt>
			<trkpt lat="39.86739" lon="20.71393">
				<ele>840.53</ele>
				<time>2026-08-06T20:28:12.966Z</time>
			</trkpt>
			<trkpt lat="39.86782" lon="20.71301">
				<ele>839.77</ele>
				<time>2026-08-06T20:28:17.428Z</time>
			</trkpt>
			<trkpt lat="39.86795" lon="20.71279">
				<ele>839.69</ele>
				<time>2026-08-06T20:28:18.568Z</time>
			</trkpt>
			<trkpt lat="39.86807" lon="20.71262">
				<ele>840.05</ele>
				<time>2026-08-06T20:28:19.514Z</time>
			</trkpt>
			<trkpt lat="39.86882" lon="20.71192">
				<ele>841</ele>
				<time>2026-08-06T20:28:24.412Z</time>
			</trkpt>
			<trkpt lat="39.86898" lon="20.71174">
				<ele>841.53</ele>
				<time>2026-08-06T20:28:25.532Z</time>
			</trkpt>
			<trkpt lat="39.86908" lon="20.71153">
				<ele>840.92</ele>
				<time>2026-08-06T20:28:26.536Z</time>
			</trkpt>
			<trkpt lat="39.86932" lon="20.71086">
				<ele>842.56</ele>
				<time>2026-08-06T20:28:29.542Z</time>
			</trkpt>
			<trkpt lat="39.86965" lon="20.71035">
				<ele>840.06</ele>
				<time>2026-08-06T20:28:32.263Z</time>
			</trkpt>
			<trkpt lat="39.87016" lon="20.70964">
				<ele>842.99</ele>
				<time>2026-08-06T20:28:36.259Z</time>
			</trkpt>
			<trkpt lat="39.87008" lon="20.70951">
				<ele>843.57</ele>
				<time>2026-08-06T20:28:36.949Z</time>
			</trkpt>
			<trkpt lat="39.86999" lon="20.70945">
				<ele>843.89</ele>
				<time>2026-08-06T20:28:37.495Z</time>
			</trkpt>
			<trkpt lat="39.86937" lon="20.70937">
				<ele>840.68</ele>
				<time>2026-08-06T20:28:40.888Z</time>
			</trkpt>
			<trkpt lat="39.86852" lon="20.70934">
				<ele>840.12</ele>
				<time>2026-08-06T20:28:45.609Z</time>
			</trkpt>
			<trkpt lat="39.86839" lon="20.70928">
				<ele>839.33</ele>
				<time>2026-08-06T20:28:46.386Z</time>
			</trkpt>
			<trkpt lat="39.86835" lon="20.70923">
				<ele>839.1</ele>
				<time>2026-08-06T20:28:46.699Z</time>
			</trkpt>
			<trkpt lat="39.86832" lon="20.70915">
				<ele>839.02</ele>
				<time>2026-08-06T20:28:47.086Z</time>
			</trkpt>
			<trkpt lat="39.86832" lon="20.70906">
				<ele>839.24</ele>
				<time>2026-08-06T20:28:47.479Z</time>
			</trkpt>
			<trkpt lat="39.86835" lon="20.70885">
				<ele>840</ele>
				<time>2026-08-06T20:28:48.413Z</time>
			</trkpt>
			<trkpt lat="39.86863" lon="20.70751">
				<ele>840.07</ele>
				<time>2026-08-06T20:28:54.529Z</time>
			</trkpt>
			<trkpt lat="39.86895" lon="20.70677">
				<ele>838.99</ele>
				<time>2026-08-06T20:28:58.251Z</time>
			</trkpt>
			<trkpt lat="39.86927" lon="20.70595">
				<ele>838.04</ele>
				<time>2026-08-06T20:29:02.270Z</time>
			</trkpt>
			<trkpt lat="39.8694" lon="20.70556">
				<ele>838.71</ele>
				<time>2026-08-06T20:29:04.123Z</time>
			</trkpt>
			<trkpt lat="39.86956" lon="20.7048">
				<ele>839.12</ele>
				<time>2026-08-06T20:29:07.552Z</time>
			</trkpt>
			<trkpt lat="39.86979" lon="20.7041">
				<ele>839.8</ele>
				<time>2026-08-06T20:29:10.859Z</time>
			</trkpt>
			<trkpt lat="39.86994" lon="20.70373">
				<ele>842.4</ele>
				<time>2026-08-06T20:29:12.674Z</time>
			</trkpt>
			<trkpt lat="39.87009" lon="20.70347">
				<ele>842.54</ele>
				<time>2026-08-06T20:29:14.084Z</time>
			</trkpt>
			<trkpt lat="39.87056" lon="20.70289">
				<ele>842.47</ele>
				<time>2026-08-06T20:29:17.739Z</time>
			</trkpt>
			<trkpt lat="39.87124" lon="20.70192">
				<ele>847.06</ele>
				<time>2026-08-06T20:29:23.428Z</time>
			</trkpt>
			<trkpt lat="39.87139" lon="20.70161">
				<ele>848.17</ele>
				<time>2026-08-06T20:29:25.015Z</time>
			</trkpt>
			<trkpt lat="39.87147" lon="20.70137">
				<ele>848.94</ele>
				<time>2026-08-06T20:29:26.148Z</time>
			</trkpt>
			<trkpt lat="39.87157" lon="20.70119">
				<ele>848.29</ele>
				<time>2026-08-06T20:29:27.111Z</time>
			</trkpt>
			<trkpt lat="39.87168" lon="20.70105">
				<ele>848.13</ele>
				<time>2026-08-06T20:29:27.979Z</time>
			</trkpt>
			<trkpt lat="39.87176" lon="20.70099">
				<ele>848.53</ele>
				<time>2026-08-06T20:29:28.500Z</time>
			</trkpt>
			<trkpt lat="39.87186" lon="20.70081">
				<ele>848.67</ele>
				<time>2026-08-06T20:29:29.463Z</time>
			</trkpt>
			<trkpt lat="39.87215" lon="20.7004">
				<ele>849.91</ele>
				<time>2026-08-06T20:29:31.882Z</time>
			</trkpt>
			<trkpt lat="39.87228" lon="20.70017">
				<ele>850.8</ele>
				<time>2026-08-06T20:29:33.121Z</time>
			</trkpt>
			<trkpt lat="39.87254" lon="20.69943">
				<ele>852.19</ele>
				<time>2026-08-06T20:29:36.657Z</time>
			</trkpt>
			<trkpt lat="39.87264" lon="20.6992">
				<ele>851.34</ele>
				<time>2026-08-06T20:29:37.808Z</time>
			</trkpt>
			<trkpt lat="39.87329" lon="20.69808">
				<ele>848.11</ele>
				<time>2026-08-06T20:29:43.932Z</time>
			</trkpt>
			<trkpt lat="39.87368" lon="20.69709">
				<ele>847.94</ele>
				<time>2026-08-06T20:29:48.808Z</time>
			</trkpt>
			<trkpt lat="39.87379" lon="20.6969">
				<ele>848.21</ele>
				<time>2026-08-06T20:29:49.854Z</time>
			</trkpt>
			<trkpt lat="39.87397" lon="20.69672">
				<ele>848.44</ele>
				<time>2026-08-06T20:29:51.154Z</time>
			</trkpt>
			<trkpt lat="39.87446" lon="20.69649">
				<ele>849.24</ele>
				<time>2026-08-06T20:29:54.148Z</time>
			</trkpt>
			<trkpt lat="39.87456" lon="20.69641">
				<ele>850.72</ele>
				<time>2026-08-06T20:29:54.823Z</time>
			</trkpt>
			<trkpt lat="39.87462" lon="20.69633">
				<ele>851.67</ele>
				<time>2026-08-06T20:29:55.318Z</time>
			</trkpt>
			<trkpt lat="39.87467" lon="20.69622">
				<ele>852.44</ele>
				<time>2026-08-06T20:29:55.884Z</time>
			</trkpt>
			<trkpt lat="39.87497" lon="20.69533">
				<ele>853.63</ele>
				<time>2026-08-06T20:30:00.200Z</time>
			</trkpt>
			<trkpt lat="39.87518" lon="20.69486">
				<ele>850.41</ele>
				<time>2026-08-06T20:30:02.627Z</time>
			</trkpt>
			<trkpt lat="39.87553" lon="20.69438">
				<ele>850.12</ele>
				<time>2026-08-06T20:30:05.593Z</time>
			</trkpt>
			<trkpt lat="39.87577" lon="20.6941">
				<ele>850.23</ele>
				<time>2026-08-06T20:30:07.480Z</time>
			</trkpt>
			<trkpt lat="39.87649" lon="20.69337">
				<ele>849.19</ele>
				<time>2026-08-06T20:30:12.857Z</time>
			</trkpt>
			<trkpt lat="39.87651" lon="20.69325">
				<ele>847.33</ele>
				<time>2026-08-06T20:30:13.416Z</time>
			</trkpt>
			<trkpt lat="39.87651" lon="20.69295">
				<ele>843.5</ele>
				<time>2026-08-06T20:30:14.782Z</time>
			</trkpt>
			<trkpt lat="39.87649" lon="20.69275">
				<ele>841.49</ele>
				<time>2026-08-06T20:30:15.703Z</time>
			</trkpt>
			<trkpt lat="39.87643" lon="20.69251">
				<ele>840.72</ele>
				<time>2026-08-06T20:30:16.857Z</time>
			</trkpt>
			<trkpt lat="39.87629" lon="20.69219">
				<ele>839.1</ele>
				<time>2026-08-06T20:30:18.546Z</time>
			</trkpt>
			<trkpt lat="39.87567" lon="20.69113">
				<ele>835.82</ele>
				<time>2026-08-06T20:30:24.705Z</time>
			</trkpt>
			<trkpt lat="39.87543" lon="20.69079">
				<ele>834.81</ele>
				<time>2026-08-06T20:30:26.858Z</time>
			</trkpt>
			<trkpt lat="39.87528" lon="20.69061">
				<ele>835.18</ele>
				<time>2026-08-06T20:30:28.099Z</time>
			</trkpt>
			<trkpt lat="39.87447" lon="20.68985">
				<ele>836.43</ele>
				<time>2026-08-06T20:30:34.137Z</time>
			</trkpt>
			<trkpt lat="39.87439" lon="20.68969">
				<ele>839.11</ele>
				<time>2026-08-06T20:30:35.018Z</time>
			</trkpt>
			<trkpt lat="39.87437" lon="20.6896">
				<ele>841.17</ele>
				<time>2026-08-06T20:30:35.450Z</time>
			</trkpt>
			<trkpt lat="39.87437" lon="20.68944">
				<ele>843.34</ele>
				<time>2026-08-06T20:30:36.187Z</time>
			</trkpt>
			<trkpt lat="39.87444" lon="20.68918">
				<ele>842.79</ele>
				<time>2026-08-06T20:30:37.455Z</time>
			</trkpt>
			<trkpt lat="39.87457" lon="20.68888">
				<ele>840.16</ele>
				<time>2026-08-06T20:30:39.036Z</time>
			</trkpt>
			<trkpt lat="39.87466" lon="20.68849">
				<ele>842.65</ele>
				<time>2026-08-06T20:30:40.901Z</time>
			</trkpt>
			<trkpt lat="39.8747" lon="20.68839">
				<ele>843.38</ele>
				<time>2026-08-06T20:30:41.417Z</time>
			</trkpt>
			<trkpt lat="39.87477" lon="20.68826">
				<ele>844.54</ele>
				<time>2026-08-06T20:30:42.142Z</time>
			</trkpt>
			<trkpt lat="39.87506" lon="20.68783">
				<ele>847.37</ele>
				<time>2026-08-06T20:30:44.751Z</time>
			</trkpt>
			<trkpt lat="39.87516" lon="20.68772">
				<ele>847.28</ele>
				<time>2026-08-06T20:30:45.527Z</time>
			</trkpt>
			<trkpt lat="39.87519" lon="20.68765">
				<ele>847.4</ele>
				<time>2026-08-06T20:30:45.891Z</time>
			</trkpt>
			<trkpt lat="39.87528" lon="20.68733">
				<ele>848.49</ele>
				<time>2026-08-06T20:30:47.438Z</time>
			</trkpt>
			<trkpt lat="39.87534" lon="20.68691">
				<ele>849.53</ele>
				<time>2026-08-06T20:30:49.374Z</time>
			</trkpt>
			<trkpt lat="39.87538" lon="20.68675">
				<ele>849.71</ele>
				<time>2026-08-06T20:30:50.135Z</time>
			</trkpt>
			<trkpt lat="39.87546" lon="20.68657">
				<ele>848.67</ele>
				<time>2026-08-06T20:30:51.075Z</time>
			</trkpt>
			<trkpt lat="39.87557" lon="20.68646">
				<ele>846.61</ele>
				<time>2026-08-06T20:30:51.891Z</time>
			</trkpt>
			<trkpt lat="39.87569" lon="20.68617">
				<ele>845.67</ele>
				<time>2026-08-06T20:30:53.377Z</time>
			</trkpt>
			<trkpt lat="39.87572" lon="20.68599">
				<ele>845.07</ele>
				<time>2026-08-06T20:30:54.207Z</time>
			</trkpt>
			<trkpt lat="39.87573" lon="20.68583">
				<ele>844.8</ele>
				<time>2026-08-06T20:30:54.930Z</time>
			</trkpt>
			<trkpt lat="39.87571" lon="20.68516">
				<ele>849.61</ele>
				<time>2026-08-06T20:30:57.944Z</time>
			</trkpt>
			<trkpt lat="39.87575" lon="20.68486">
				<ele>849.19</ele>
				<time>2026-08-06T20:30:59.310Z</time>
			</trkpt>
			<trkpt lat="39.87583" lon="20.6846">
				<ele>846.61</ele>
				<time>2026-08-06T20:31:00.566Z</time>
			</trkpt>
			<trkpt lat="39.87592" lon="20.68438">
				<ele>844.34</ele>
				<time>2026-08-06T20:31:01.683Z</time>
			</trkpt>
			<trkpt lat="39.87608" lon="20.68411">
				<ele>842.81</ele>
				<time>2026-08-06T20:31:03.210Z</time>
			</trkpt>
			<trkpt lat="39.87648" lon="20.68361">
				<ele>844.31</ele>
				<time>2026-08-06T20:31:06.438Z</time>
			</trkpt>
			<trkpt lat="39.87683" lon="20.6831">
				<ele>839.83</ele>
				<time>2026-08-06T20:31:09.491Z</time>
			</trkpt>
			<trkpt lat="39.87713" lon="20.68264">
				<ele>841.08</ele>
				<time>2026-08-06T20:31:12.183Z</time>
			</trkpt>
			<trkpt lat="39.87801" lon="20.68142">
				<ele>840.19</ele>
				<time>2026-08-06T20:31:19.641Z</time>
			</trkpt>
			<trkpt lat="39.87825" lon="20.68095">
				<ele>840.15</ele>
				<time>2026-08-06T20:31:22.155Z</time>
			</trkpt>
			<trkpt lat="39.87846" lon="20.68043">
				<ele>843.5</ele>
				<time>2026-08-06T20:31:24.773Z</time>
			</trkpt>
			<trkpt lat="39.87868" lon="20.68001">
				<ele>844.28</ele>
				<time>2026-08-06T20:31:27.040Z</time>
			</trkpt>
			<trkpt lat="39.87882" lon="20.67955">
				<ele>844.08</ele>
				<time>2026-08-06T20:31:29.248Z</time>
			</trkpt>
			<trkpt lat="39.87894" lon="20.67929">
				<ele>841.25</ele>
				<time>2026-08-06T20:31:30.603Z</time>
			</trkpt>
			<trkpt lat="39.87904" lon="20.67915">
				<ele>839.91</ele>
				<time>2026-08-06T20:31:31.457Z</time>
			</trkpt>
			<trkpt lat="39.87949" lon="20.67863">
				<ele>840</ele>
				<time>2026-08-06T20:31:34.962Z</time>
			</trkpt>
			<trkpt lat="39.87966" lon="20.67849">
				<ele>840.4</ele>
				<time>2026-08-06T20:31:36.136Z</time>
			</trkpt>
			<trkpt lat="39.88008" lon="20.67807">
				<ele>839.9</ele>
				<time>2026-08-06T20:31:39.230Z</time>
			</trkpt>
			<trkpt lat="39.88021" lon="20.67795">
				<ele>841.28</ele>
				<time>2026-08-06T20:31:40.163Z</time>
			</trkpt>
			<trkpt lat="39.88027" lon="20.67786">
				<ele>842.02</ele>
				<time>2026-08-06T20:31:40.699Z</time>
			</trkpt>
			<trkpt lat="39.8805" lon="20.67747">
				<ele>843.6</ele>
				<time>2026-08-06T20:31:42.912Z</time>
			</trkpt>
			<trkpt lat="39.88059" lon="20.67736">
				<ele>843</ele>
				<time>2026-08-06T20:31:43.637Z</time>
			</trkpt>
			<trkpt lat="39.88079" lon="20.67719">
				<ele>843.08</ele>
				<time>2026-08-06T20:31:45.040Z</time>
			</trkpt>
			<trkpt lat="39.88094" lon="20.6771">
				<ele>843.78</ele>
				<time>2026-08-06T20:31:46.012Z</time>
			</trkpt>
			<trkpt lat="39.8811" lon="20.67704">
				<ele>844.86</ele>
				<time>2026-08-06T20:31:46.993Z</time>
			</trkpt>
			<trkpt lat="39.88123" lon="20.67704">
				<ele>844.91</ele>
				<time>2026-08-06T20:31:47.759Z</time>
			</trkpt>
			<trkpt lat="39.88154" lon="20.6771">
				<ele>844.25</ele>
				<time>2026-08-06T20:31:49.610Z</time>
			</trkpt>
			<trkpt lat="39.88167" lon="20.67709">
				<ele>844.34</ele>
				<time>2026-08-06T20:31:50.380Z</time>
			</trkpt>
			<trkpt lat="39.88175" lon="20.67706">
				<ele>844.53</ele>
				<time>2026-08-06T20:31:50.873Z</time>
			</trkpt>
			<trkpt lat="39.8819" lon="20.67694">
				<ele>845.1</ele>
				<time>2026-08-06T20:31:51.916Z</time>
			</trkpt>
			<trkpt lat="39.8824" lon="20.67645">
				<ele>843.6</ele>
				<time>2026-08-06T20:31:55.633Z</time>
			</trkpt>
			<trkpt lat="39.88264" lon="20.67624">
				<ele>842.25</ele>
				<time>2026-08-06T20:31:57.357Z</time>
			</trkpt>
			<trkpt lat="39.88288" lon="20.67607">
				<ele>841.8</ele>
				<time>2026-08-06T20:31:58.990Z</time>
			</trkpt>
			<trkpt lat="39.88333" lon="20.67581">
				<ele>842.32</ele>
				<time>2026-08-06T20:32:01.942Z</time>
			</trkpt>
			<trkpt lat="39.88343" lon="20.67573">
				<ele>843.08</ele>
				<time>2026-08-06T20:32:02.648Z</time>
			</trkpt>
			<trkpt lat="39.88352" lon="20.67561">
				<ele>843.6</ele>
				<time>2026-08-06T20:32:03.423Z</time>
			</trkpt>
			<trkpt lat="39.88359" lon="20.67549">
				<ele>843.95</ele>
				<time>2026-08-06T20:32:04.121Z</time>
			</trkpt>
			<trkpt lat="39.8837" lon="20.67519">
				<ele>845.28</ele>
				<time>2026-08-06T20:32:05.662Z</time>
			</trkpt>
			<trkpt lat="39.88395" lon="20.67442">
				<ele>844.58</ele>
				<time>2026-08-06T20:32:09.554Z</time>
			</trkpt>
			<trkpt lat="39.88403" lon="20.67413">
				<ele>843.89</ele>
				<time>2026-08-06T20:32:10.996Z</time>
			</trkpt>
			<trkpt lat="39.88413" lon="20.67394">
				<ele>841.67</ele>
				<time>2026-08-06T20:32:12.076Z</time>
			</trkpt>
			<trkpt lat="39.88422" lon="20.67385">
				<ele>840.55</ele>
				<time>2026-08-06T20:32:12.771Z</time>
			</trkpt>
			<trkpt lat="39.88443" lon="20.6737">
				<ele>838.09</ele>
				<time>2026-08-06T20:32:14.239Z</time>
			</trkpt>
			<trkpt lat="39.886" lon="20.67292">
				<ele>841.39</ele>
				<time>2026-08-06T20:32:24.664Z</time>
			</trkpt>
			<trkpt lat="39.88636" lon="20.67286">
				<ele>840.27</ele>
				<time>2026-08-06T20:32:26.946Z</time>
			</trkpt>
			<trkpt lat="39.88651" lon="20.67286">
				<ele>838.54</ele>
				<time>2026-08-06T20:32:27.893Z</time>
			</trkpt>
			<trkpt lat="39.88701" lon="20.6729">
				<ele>839.76</ele>
				<time>2026-08-06T20:32:31.068Z</time>
			</trkpt>
			<trkpt lat="39.88763" lon="20.673">
				<ele>846</ele>
				<time>2026-08-06T20:32:35.060Z</time>
			</trkpt>
			<trkpt lat="39.88777" lon="20.67302">
				<ele>846.76</ele>
				<time>2026-08-06T20:32:35.965Z</time>
			</trkpt>
			<trkpt lat="39.88792" lon="20.67299">
				<ele>847.14</ele>
				<time>2026-08-06T20:32:36.943Z</time>
			</trkpt>
			<trkpt lat="39.88803" lon="20.67294">
				<ele>848.09</ele>
				<time>2026-08-06T20:32:37.695Z</time>
			</trkpt>
			<trkpt lat="39.88813" lon="20.67285">
				<ele>848.22</ele>
				<time>2026-08-06T20:32:38.481Z</time>
			</trkpt>
			<trkpt lat="39.88824" lon="20.67271">
				<ele>847.87</ele>
				<time>2026-08-06T20:32:39.477Z</time>
			</trkpt>
			<trkpt lat="39.88843" lon="20.67238">
				<ele>847.89</ele>
				<time>2026-08-06T20:32:41.536Z</time>
			</trkpt>
			<trkpt lat="39.88853" lon="20.67224">
				<ele>847.34</ele>
				<time>2026-08-06T20:32:42.495Z</time>
			</trkpt>
			<trkpt lat="39.88867" lon="20.67212">
				<ele>847.41</ele>
				<time>2026-08-06T20:32:43.591Z</time>
			</trkpt>
			<trkpt lat="39.88884" lon="20.672">
				<ele>849.09</ele>
				<time>2026-08-06T20:32:44.860Z</time>
			</trkpt>
			<trkpt lat="39.88904" lon="20.67191">
				<ele>851.04</ele>
				<time>2026-08-06T20:32:46.254Z</time>
			</trkpt>
			<trkpt lat="39.88962" lon="20.67178">
				<ele>852.74</ele>
				<time>2026-08-06T20:32:50.156Z</time>
			</trkpt>
			<trkpt lat="39.89029" lon="20.67146">
				<ele>856.03</ele>
				<time>2026-08-06T20:32:54.941Z</time>
			</trkpt>
			<trkpt lat="39.89156" lon="20.67103">
				<ele>856.5</ele>
				<time>2026-08-06T20:33:03.901Z</time>
			</trkpt>
			<trkpt lat="39.89189" lon="20.67086">
				<ele>858.4</ele>
				<time>2026-08-06T20:33:06.362Z</time>
			</trkpt>
			<trkpt lat="39.8921" lon="20.6708">
				<ele>858.97</ele>
				<time>2026-08-06T20:33:07.861Z</time>
			</trkpt>
			<trkpt lat="39.89283" lon="20.67068">
				<ele>862.13</ele>
				<time>2026-08-06T20:33:13.038Z</time>
			</trkpt>
			<trkpt lat="39.8932" lon="20.67067">
				<ele>862.29</ele>
				<time>2026-08-06T20:33:15.670Z</time>
			</trkpt>
			<trkpt lat="39.89364" lon="20.67073">
				<ele>861.31</ele>
				<time>2026-08-06T20:33:18.843Z</time>
			</trkpt>
			<trkpt lat="39.89537" lon="20.67115">
				<ele>863.7</ele>
				<time>2026-08-06T20:33:31.750Z</time>
			</trkpt>
			<trkpt lat="39.89554" lon="20.67114">
				<ele>863.78</ele>
				<time>2026-08-06T20:33:33.024Z</time>
			</trkpt>
			<trkpt lat="39.89592" lon="20.67105">
				<ele>864.3</ele>
				<time>2026-08-06T20:33:35.932Z</time>
			</trkpt>
			<trkpt lat="39.89627" lon="20.67093">
				<ele>864.56</ele>
				<time>2026-08-06T20:33:38.679Z</time>
			</trkpt>
			<trkpt lat="39.89689" lon="20.67074">
				<ele>871.09</ele>
				<time>2026-08-06T20:33:43.567Z</time>
			</trkpt>
			<trkpt lat="39.89713" lon="20.67071">
				<ele>872.94</ele>
				<time>2026-08-06T20:33:45.435Z</time>
			</trkpt>
			<trkpt lat="39.89737" lon="20.67063">
				<ele>873.72</ele>
				<time>2026-08-06T20:33:47.365Z</time>
			</trkpt>
			<trkpt lat="39.89815" lon="20.67013">
				<ele>875.86</ele>
				<time>2026-08-06T20:33:54.222Z</time>
			</trkpt>
			<trkpt lat="39.89877" lon="20.6696">
				<ele>880.92</ele>
				<time>2026-08-06T20:34:00.180Z</time>
			</trkpt>
			<trkpt lat="39.89896" lon="20.6695">
				<ele>880.84</ele>
				<time>2026-08-06T20:34:01.844Z</time>
			</trkpt>
			<trkpt lat="39.8993" lon="20.66934">
				<ele>881.18</ele>
				<time>2026-08-06T20:34:04.800Z</time>
			</trkpt>
			<trkpt lat="39.8997" lon="20.66926">
				<ele>882.93</ele>
				<time>2026-08-06T20:34:08.138Z</time>
			</trkpt>
			<trkpt lat="39.8997" lon="20.66943">
				<ele>882.92</ele>
				<time>2026-08-06T20:34:09.220Z</time>
			</trkpt>
			<trkpt lat="39.89966" lon="20.66971">
				<ele>885.32</ele>
				<time>2026-08-06T20:34:11.042Z</time>
			</trkpt>
			<trkpt lat="39.89962" lon="20.66994">
				<ele>888.18</ele>
				<time>2026-08-06T20:34:12.557Z</time>
			</trkpt>
			<trkpt lat="39.89954" lon="20.67013">
				<ele>889.71</ele>
				<time>2026-08-06T20:34:13.955Z</time>
			</trkpt>
			<trkpt lat="39.89931" lon="20.67037">
				<ele>890.3</ele>
				<time>2026-08-06T20:34:16.446Z</time>
			</trkpt>
			<trkpt lat="39.89927" lon="20.67052">
				<ele>891.8</ele>
				<time>2026-08-06T20:34:17.481Z</time>
			</trkpt>
			<trkpt lat="39.89932" lon="20.67066">
				<ele>894.22</ele>
				<time>2026-08-06T20:34:18.491Z</time>
			</trkpt>
			<trkpt lat="39.89938" lon="20.67072">
				<ele>895.9</ele>
				<time>2026-08-06T20:34:19.137Z</time>
			</trkpt>
			<trkpt lat="39.89948" lon="20.67074">
				<ele>897.29</ele>
				<time>2026-08-06T20:34:20.003Z</time>
			</trkpt>
			<trkpt lat="39.89956" lon="20.67069">
				<ele>897.78</ele>
				<time>2026-08-06T20:34:20.764Z</time>
			</trkpt>
			<trkpt lat="39.89981" lon="20.67027">
				<ele>895.92</ele>
				<time>2026-08-06T20:34:24.283Z</time>
			</trkpt>
			<trkpt lat="39.89994" lon="20.67014">
				<ele>896.58</ele>
				<time>2026-08-06T20:34:25.707Z</time>
			</trkpt>
			<trkpt lat="39.90008" lon="20.67007">
				<ele>897.55</ele>
				<time>2026-08-06T20:34:27.015Z</time>
			</trkpt>
			<trkpt lat="39.90015" lon="20.67006">
				<ele>898.23</ele>
				<time>2026-08-06T20:34:27.630Z</time>
			</trkpt>
			<trkpt lat="39.90029" lon="20.67008">
				<ele>900.66</ele>
				<time>2026-08-06T20:34:28.865Z</time>
			</trkpt>
			<trkpt lat="39.90071" lon="20.67031">
				<ele>910</ele>
				<time>2026-08-06T20:34:32.929Z</time>
			</trkpt>
			<trkpt lat="39.90093" lon="20.67049">
				<ele>912.58</ele>
				<time>2026-08-06T20:34:35.300Z</time>
			</trkpt>
			<trkpt lat="39.90105" lon="20.67063">
				<ele>913.96</ele>
				<time>2026-08-06T20:34:36.789Z</time>
			</trkpt>
			<trkpt lat="39.9011" lon="20.67077">
				<ele>915.84</ele>
				<time>2026-08-06T20:34:37.894Z</time>
			</trkpt>
			<trkpt lat="39.90116" lon="20.67106">
				<ele>920.95</ele>
				<time>2026-08-06T20:34:40.066Z</time>
			</trkpt>
			<trkpt lat="39.90121" lon="20.67113">
				<ele>921.48</ele>
				<time>2026-08-06T20:34:40.764Z</time>
			</trkpt>
			<trkpt lat="39.9013" lon="20.67122">
				<ele>921.67</ele>
				<time>2026-08-06T20:34:41.848Z</time>
			</trkpt>
			<trkpt lat="39.90163" lon="20.67136">
				<ele>924.33</ele>
				<time>2026-08-06T20:34:45.211Z</time>
			</trkpt>
			<trkpt lat="39.90178" lon="20.67149">
				<ele>926.08</ele>
				<time>2026-08-06T20:34:46.983Z</time>
			</trkpt>
			<trkpt lat="39.90206" lon="20.67181">
				<ele>930.17</ele>
				<time>2026-08-06T20:34:50.702Z</time>
			</trkpt>
			<trkpt lat="39.90235" lon="20.67205">
				<ele>932.54</ele>
				<time>2026-08-06T20:34:54.199Z</time>
			</trkpt>
			<trkpt lat="39.90242" lon="20.67215">
				<ele>933.98</ele>
				<time>2026-08-06T20:34:55.269Z</time>
			</trkpt>
			<trkpt lat="39.90256" lon="20.67243">
				<ele>938.15</ele>
				<time>2026-08-06T20:34:57.934Z</time>
			</trkpt>
			<trkpt lat="39.90264" lon="20.6725">
				<ele>939.27</ele>
				<time>2026-08-06T20:34:58.945Z</time>
			</trkpt>
			<trkpt lat="39.90275" lon="20.67251">
				<ele>938.77</ele>
				<time>2026-08-06T20:35:00.107Z</time>
			</trkpt>
			<trkpt lat="39.90287" lon="20.67247">
				<ele>939.13</ele>
				<time>2026-08-06T20:35:01.421Z</time>
			</trkpt>
			<trkpt lat="39.90327" lon="20.67218">
				<ele>938.53</ele>
				<time>2026-08-06T20:35:06.343Z</time>
			</trkpt>
			<trkpt lat="39.90339" lon="20.67212">
				<ele>939.72</ele>
				<time>2026-08-06T20:35:07.745Z</time>
			</trkpt>
			<trkpt lat="39.90351" lon="20.67214">
				<ele>941.96</ele>
				<time>2026-08-06T20:35:09.072Z</time>
			</trkpt>
			<trkpt lat="39.90362" lon="20.67219">
				<ele>944.63</ele>
				<time>2026-08-06T20:35:10.357Z</time>
			</trkpt>
			<trkpt lat="39.90369" lon="20.67231">
				<ele>946.71</ele>
				<time>2026-08-06T20:35:11.639Z</time>
			</trkpt>
			<trkpt lat="39.90378" lon="20.67253">
				<ele>951.06</ele>
				<time>2026-08-06T20:35:13.775Z</time>
			</trkpt>
			<trkpt lat="39.90384" lon="20.67261">
				<ele>953.32</ele>
				<time>2026-08-06T20:35:14.739Z</time>
			</trkpt>
			<trkpt lat="39.90389" lon="20.67263">
				<ele>953.97</ele>
				<time>2026-08-06T20:35:15.329Z</time>
			</trkpt>
			<trkpt lat="39.90397" lon="20.6726">
				<ele>953.91</ele>
				<time>2026-08-06T20:35:16.270Z</time>
			</trkpt>
			<trkpt lat="39.90417" lon="20.6724">
				<ele>951.39</ele>
				<time>2026-08-06T20:35:19.140Z</time>
			</trkpt>
			<trkpt lat="39.90422" lon="20.67237">
				<ele>951.46</ele>
				<time>2026-08-06T20:35:19.771Z</time>
			</trkpt>
			<trkpt lat="39.90434" lon="20.67234">
				<ele>952.33</ele>
				<time>2026-08-06T20:35:21.176Z</time>
			</trkpt>
			<trkpt lat="39.90445" lon="20.67237">
				<ele>954.38</ele>
				<time>2026-08-06T20:35:22.476Z</time>
			</trkpt>
			<trkpt lat="39.90472" lon="20.67254">
				<ele>961.03</ele>
				<time>2026-08-06T20:35:25.972Z</time>
			</trkpt>
			<trkpt lat="39.9051" lon="20.67254">
				<ele>961.34</ele>
				<time>2026-08-06T20:35:30.466Z</time>
			</trkpt>
			<trkpt lat="39.90529" lon="20.67259">
				<ele>965</ele>
				<time>2026-08-06T20:35:32.784Z</time>
			</trkpt>
			<trkpt lat="39.90546" lon="20.67271">
				<ele>968.73</ele>
				<time>2026-08-06T20:35:35.114Z</time>
			</trkpt>
			<trkpt lat="39.90566" lon="20.673">
				<ele>973.9</ele>
				<time>2026-08-06T20:35:38.753Z</time>
			</trkpt>
			<trkpt lat="39.90575" lon="20.6732">
				<ele>973.53</ele>
				<time>2026-08-06T20:35:40.937Z</time>
			</trkpt>
			<trkpt lat="39.9058" lon="20.67338">
				<ele>972.46</ele>
				<time>2026-08-06T20:35:42.750Z</time>
			</trkpt>
			<trkpt lat="39.90582" lon="20.67356">
				<ele>973.63</ele>
				<time>2026-08-06T20:35:44.482Z</time>
			</trkpt>
			<trkpt lat="39.90579" lon="20.67375">
				<ele>975.49</ele>
				<time>2026-08-06T20:35:46.339Z</time>
			</trkpt>
			<trkpt lat="39.90574" lon="20.67384">
				<ele>976.74</ele>
				<time>2026-08-06T20:35:47.408Z</time>
			</trkpt>
			<trkpt lat="39.90547" lon="20.67411">
				<ele>982.21</ele>
				<time>2026-08-06T20:35:51.704Z</time>
			</trkpt>
			<trkpt lat="39.90544" lon="20.67416">
				<ele>982.99</ele>
				<time>2026-08-06T20:35:52.323Z</time>
			</trkpt>
			<trkpt lat="39.90543" lon="20.6743">
				<ele>986.97</ele>
				<time>2026-08-06T20:35:53.698Z</time>
			</trkpt>
			<trkpt lat="39.90546" lon="20.67439">
				<ele>988.99</ele>
				<time>2026-08-06T20:35:54.661Z</time>
			</trkpt>
			<trkpt lat="39.90564" lon="20.67463">
				<ele>993.63</ele>
				<time>2026-08-06T20:35:57.972Z</time>
			</trkpt>
			<trkpt lat="39.90573" lon="20.67471">
				<ele>994.44</ele>
				<time>2026-08-06T20:35:59.381Z</time>
			</trkpt>
			<trkpt lat="39.90606" lon="20.67493">
				<ele>994.24</ele>
				<time>2026-08-06T20:36:04.215Z</time>
			</trkpt>
			<trkpt lat="39.90621" lon="20.67506">
				<ele>994.95</ele>
				<time>2026-08-06T20:36:06.584Z</time>
			</trkpt>
			<trkpt lat="39.90643" lon="20.67535">
				<ele>998.77</ele>
				<time>2026-08-06T20:36:10.733Z</time>
			</trkpt>
			<trkpt lat="39.90656" lon="20.6755">
				<ele>999.8</ele>
				<time>2026-08-06T20:36:13.053Z</time>
			</trkpt>
			<trkpt lat="39.9071" lon="20.67603">
				<ele>1004</ele>
				<time>2026-08-06T20:36:22.200Z</time>
			</trkpt>
			<trkpt lat="39.90732" lon="20.67618">
				<ele>1006.09</ele>
				<time>2026-08-06T20:36:25.606Z</time>
			</trkpt>
			<trkpt lat="39.90749" lon="20.67623">
				<ele>1007.21</ele>
				<time>2026-08-06T20:36:28.011Z</time>
			</trkpt>
			<trkpt lat="39.90759" lon="20.67621">
				<ele>1007.71</ele>
				<time>2026-08-06T20:36:29.413Z</time>
			</trkpt>
			<trkpt lat="39.90766" lon="20.67614">
				<ele>1007.21</ele>
				<time>2026-08-06T20:36:30.638Z</time>
			</trkpt>
			<trkpt lat="39.90769" lon="20.67606">
				<ele>1007.12</ele>
				<time>2026-08-06T20:36:31.589Z</time>
			</trkpt>
			<trkpt lat="39.90769" lon="20.67599">
				<ele>1007.21</ele>
				<time>2026-08-06T20:36:32.338Z</time>
			</trkpt>
			<trkpt lat="39.90758" lon="20.67566">
				<ele>1005.11</ele>
				<time>2026-08-06T20:36:36.204Z</time>
			</trkpt>
			<trkpt lat="39.90755" lon="20.67546">
				<ele>1004.37</ele>
				<time>2026-08-06T20:36:38.406Z</time>
			</trkpt>
			<trkpt lat="39.90756" lon="20.67534">
				<ele>1004.69</ele>
				<time>2026-08-06T20:36:39.715Z</time>
			</trkpt>
			<trkpt lat="39.90765" lon="20.67499">
				<ele>1007.53</ele>
				<time>2026-08-06T20:36:43.737Z</time>
			</trkpt>
			<trkpt lat="39.90765" lon="20.67486">
				<ele>1008.56</ele>
				<time>2026-08-06T20:36:45.161Z</time>
			</trkpt>
			<trkpt lat="39.9076" lon="20.67472">
				<ele>1008.49</ele>
				<time>2026-08-06T20:36:46.857Z</time>
			</trkpt>
			<trkpt lat="39.9074" lon="20.67449">
				<ele>1005.92</ele>
				<time>2026-08-06T20:36:50.693Z</time>
			</trkpt>
			<trkpt lat="39.90731" lon="20.67435">
				<ele>1004.67</ele>
				<time>2026-08-06T20:36:52.719Z</time>
			</trkpt>
			<trkpt lat="39.90726" lon="20.67416">
				<ele>1005.39</ele>
				<time>2026-08-06T20:36:54.955Z</time>
			</trkpt>
			<trkpt lat="39.90724" lon="20.67402">
				<ele>1005.45</ele>
				<time>2026-08-06T20:36:56.545Z</time>
			</trkpt>
			<trkpt lat="39.90725" lon="20.67386">
				<ele>1006.46</ele>
				<time>2026-08-06T20:36:58.343Z</time>
			</trkpt>
			<trkpt lat="39.90735" lon="20.67345">
				<ele>1009.05</ele>
				<time>2026-08-06T20:37:03.187Z</time>
			</trkpt>
			<trkpt lat="39.90742" lon="20.67329">
				<ele>1010.01</ele>
				<time>2026-08-06T20:37:05.272Z</time>
			</trkpt>
			<trkpt lat="39.90764" lon="20.67286">
				<ele>1015.45</ele>
				<time>2026-08-06T20:37:11.159Z</time>
			</trkpt>
			<trkpt lat="39.90767" lon="20.67276">
				<ele>1016.67</ele>
				<time>2026-08-06T20:37:12.389Z</time>
			</trkpt>
			<trkpt lat="39.9077" lon="20.67256">
				<ele>1017.52</ele>
				<time>2026-08-06T20:37:14.728Z</time>
			</trkpt>
			<trkpt lat="39.9077" lon="20.67235">
				<ele>1017.9</ele>
				<time>2026-08-06T20:37:17.148Z</time>
			</trkpt>
			<trkpt lat="39.90767" lon="20.67215">
				<ele>1017.58</ele>
				<time>2026-08-06T20:37:19.504Z</time>
			</trkpt>
			<trkpt lat="39.90762" lon="20.67197">
				<ele>1016.38</ele>
				<time>2026-08-06T20:37:21.724Z</time>
			</trkpt>
			<trkpt lat="39.90741" lon="20.67149">
				<ele>1011.82</ele>
				<time>2026-08-06T20:37:28.172Z</time>
			</trkpt>
			<trkpt lat="39.90739" lon="20.67139">
				<ele>1012.08</ele>
				<time>2026-08-06T20:37:29.384Z</time>
			</trkpt>
			<trkpt lat="39.9074" lon="20.67128">
				<ele>1011.96</ele>
				<time>2026-08-06T20:37:30.685Z</time>
			</trkpt>
			<trkpt lat="39.90748" lon="20.67109">
				<ele>1013.31</ele>
				<time>2026-08-06T20:37:33.238Z</time>
			</trkpt>
			<trkpt lat="39.90779" lon="20.67058">
				<ele>1013.92</ele>
				<time>2026-08-06T20:37:40.952Z</time>
			</trkpt>
			<trkpt lat="39.90791" lon="20.67044">
				<ele>1012.05</ele>
				<time>2026-08-06T20:37:43.456Z</time>
			</trkpt>
			<trkpt lat="39.90808" lon="20.67037">
				<ele>1013.4</ele>
				<time>2026-08-06T20:37:46.238Z</time>
			</trkpt>
			<trkpt lat="39.90842" lon="20.6704">
				<ele>1018.09</ele>
				<time>2026-08-06T20:37:51.580Z</time>
			</trkpt>
			<trkpt lat="39.90857" lon="20.67039">
				<ele>1019</ele>
				<time>2026-08-06T20:37:53.945Z</time>
			</trkpt>
			<trkpt lat="39.90896" lon="20.6702">
				<ele>1017.44</ele>
				<time>2026-08-06T20:38:00.533Z</time>
			</trkpt>
			<trkpt lat="39.90903" lon="20.67019">
				<ele>1017.55</ele>
				<time>2026-08-06T20:38:01.653Z</time>
			</trkpt>
			<trkpt lat="39.90911" lon="20.67021">
				<ele>1018.36</ele>
				<time>2026-08-06T20:38:02.949Z</time>
			</trkpt>
			<trkpt lat="39.90924" lon="20.67027">
				<ele>1019.4</ele>
				<time>2026-08-06T20:38:05.147Z</time>
			</trkpt>
			<trkpt lat="39.90968" lon="20.67059">
				<ele>1021.21</ele>
				<time>2026-08-06T20:38:13.222Z</time>
			</trkpt>
			<trkpt lat="39.91006" lon="20.6708">
				<ele>1023.26</ele>
				<time>2026-08-06T20:38:19.885Z</time>
			</trkpt>
			<trkpt lat="39.9102" lon="20.67083">
				<ele>1023.31</ele>
				<time>2026-08-06T20:38:22.186Z</time>
			</trkpt>
			<trkpt lat="39.91027" lon="20.67081">
				<ele>1022.75</ele>
				<time>2026-08-06T20:38:23.349Z</time>
			</trkpt>
			<trkpt lat="39.91043" lon="20.67072">
				<ele>1022.79</ele>
				<time>2026-08-06T20:38:26.185Z</time>
			</trkpt>
			<trkpt lat="39.91088" lon="20.67039">
				<ele>1023.61</ele>
				<time>2026-08-06T20:38:34.628Z</time>
			</trkpt>
			<trkpt lat="39.91133" lon="20.67015">
				<ele>1025.15</ele>
				<time>2026-08-06T20:38:42.635Z</time>
			</trkpt>
			<trkpt lat="39.91157" lon="20.6699">
				<ele>1025.18</ele>
				<time>2026-08-06T20:38:47.722Z</time>
			</trkpt>
			<trkpt lat="39.91177" lon="20.66959">
				<ele>1026.14</ele>
				<time>2026-08-06T20:38:52.888Z</time>
			</trkpt>
			<trkpt lat="39.91185" lon="20.66944">
				<ele>1026.63</ele>
				<time>2026-08-06T20:38:55.224Z</time>
			</trkpt>
			<trkpt lat="39.91191" lon="20.66926">
				<ele>1028.22</ele>
				<time>2026-08-06T20:38:57.739Z</time>
			</trkpt>
			<trkpt lat="39.91197" lon="20.669">
				<ele>1029.56</ele>
				<time>2026-08-06T20:39:01.225Z</time>
			</trkpt>
			<trkpt lat="39.91205" lon="20.66851">
				<ele>1027.81</ele>
				<time>2026-08-06T20:39:07.681Z</time>
			</trkpt>
			<trkpt lat="39.91207" lon="20.66827">
				<ele>1026.68</ele>
				<time>2026-08-06T20:39:10.802Z</time>
			</trkpt>
			<trkpt lat="39.91206" lon="20.668">
				<ele>1026.98</ele>
				<time>2026-08-06T20:39:14.305Z</time>
			</trkpt>
			<trkpt lat="39.91199" lon="20.66769">
				<ele>1027.38</ele>
				<time>2026-08-06T20:39:18.503Z</time>
			</trkpt>
			<trkpt lat="39.9119" lon="20.66751">
				<ele>1027.31</ele>
				<time>2026-08-06T20:39:21.300Z</time>
			</trkpt>
			<trkpt lat="39.91162" lon="20.66711">
				<ele>1027.34</ele>
				<time>2026-08-06T20:39:28.372Z</time>
			</trkpt>
			<trkpt lat="39.91159" lon="20.66701">
				<ele>1026.86</ele>
				<time>2026-08-06T20:39:29.778Z</time>
			</trkpt>
			<trkpt lat="39.91154" lon="20.66679">
				<ele>1025.31</ele>
				<time>2026-08-06T20:39:32.786Z</time>
			</trkpt>
			<trkpt lat="39.91154" lon="20.66651">
				<ele>1022.51</ele>
				<time>2026-08-06T20:39:36.463Z</time>
			</trkpt>
			<trkpt lat="39.91159" lon="20.66628">
				<ele>1020.05</ele>
				<time>2026-08-06T20:39:39.609Z</time>
			</trkpt>
			<trkpt lat="39.91164" lon="20.6662">
				<ele>1019.04</ele>
				<time>2026-08-06T20:39:40.969Z</time>
			</trkpt>
			<trkpt lat="39.91194" lon="20.66584">
				<ele>1012</ele>
				<time>2026-08-06T20:39:47.988Z</time>
			</trkpt>
			<trkpt lat="39.91201" lon="20.66569">
				<ele>1009.84</ele>
				<time>2026-08-06T20:39:50.312Z</time>
			</trkpt>
			<trkpt lat="39.91203" lon="20.66553">
				<ele>1009.59</ele>
				<time>2026-08-06T20:39:52.460Z</time>
			</trkpt>
			<trkpt lat="39.912" lon="20.66442">
				<ele>1002.76</ele>
				<time>2026-08-06T20:40:07.235Z</time>
			</trkpt>
			<trkpt lat="39.91202" lon="20.66432">
				<ele>1001.45</ele>
				<time>2026-08-06T20:40:08.615Z</time>
			</trkpt>
			<trkpt lat="39.91209" lon="20.66414">
				<ele>999.11</ele>
				<time>2026-08-06T20:40:11.312Z</time>
			</trkpt>
			<trkpt lat="39.91213" lon="20.66408">
				<ele>998.3</ele>
				<time>2026-08-06T20:40:12.375Z</time>
			</trkpt>
			<trkpt lat="39.91223" lon="20.66399">
				<ele>997.5</ele>
				<time>2026-08-06T20:40:14.495Z</time>
			</trkpt>
			<trkpt lat="39.91238" lon="20.6639">
				<ele>996.17</ele>
				<time>2026-08-06T20:40:17.378Z</time>
			</trkpt>
			<trkpt lat="39.91256" lon="20.66385">
				<ele>995.78</ele>
				<time>2026-08-06T20:40:20.596Z</time>
			</trkpt>
			<trkpt lat="39.91271" lon="20.66385">
				<ele>996.51</ele>
				<time>2026-08-06T20:40:23.221Z</time>
			</trkpt>
			<trkpt lat="39.91282" lon="20.6639">
				<ele>997.1</ele>
				<time>2026-08-06T20:40:25.262Z</time>
			</trkpt>
			<trkpt lat="39.91287" lon="20.66396">
				<ele>997.05</ele>
				<time>2026-08-06T20:40:26.453Z</time>
			</trkpt>
			<trkpt lat="39.91291" lon="20.6641">
				<ele>996.7</ele>
				<time>2026-08-06T20:40:28.463Z</time>
			</trkpt>
			<trkpt lat="39.91292" lon="20.66437">
				<ele>995</ele>
				<time>2026-08-06T20:40:32.103Z</time>
			</trkpt>
			<trkpt lat="39.91283" lon="20.66555">
				<ele>982.65</ele>
				<time>2026-08-06T20:40:48.119Z</time>
			</trkpt>
			<trkpt lat="39.91285" lon="20.66589">
				<ele>982.16</ele>
				<time>2026-08-06T20:40:52.739Z</time>
			</trkpt>
			<trkpt lat="39.91309" lon="20.66695">
				<ele>975.75</ele>
				<time>2026-08-06T20:41:07.748Z</time>
			</trkpt>
			<trkpt lat="39.91327" lon="20.6676">
				<ele>971.73</ele>
				<time>2026-08-06T20:41:17.157Z</time>
			</trkpt>
			<trkpt lat="39.91332" lon="20.66784">
				<ele>968.02</ele>
				<time>2026-08-06T20:41:20.547Z</time>
			</trkpt>
			<trkpt lat="39.91337" lon="20.66821">
				<ele>964.38</ele>
				<time>2026-08-06T20:41:25.671Z</time>
			</trkpt>
			<trkpt lat="39.91342" lon="20.66884">
				<ele>960</ele>
				<time>2026-08-06T20:41:34.318Z</time>
			</trkpt>
			<trkpt lat="39.91349" lon="20.66916">
				<ele>958.85</ele>
				<time>2026-08-06T20:41:38.865Z</time>
			</trkpt>
			<trkpt lat="39.91357" lon="20.66942">
				<ele>958.94</ele>
				<time>2026-08-06T20:41:42.695Z</time>
			</trkpt>
			<trkpt lat="39.91373" lon="20.66964">
				<ele>959</ele>
				<time>2026-08-06T20:41:46.840Z</time>
			</trkpt>
			<trkpt lat="39.91383" lon="20.66971">
				<ele>958.79</ele>
				<time>2026-08-06T20:41:48.864Z</time>
			</trkpt>
			<trkpt lat="39.91396" lon="20.66977">
				<ele>958.45</ele>
				<time>2026-08-06T20:41:51.324Z</time>
			</trkpt>
			<trkpt lat="39.91407" lon="20.66979">
				<ele>957.43</ele>
				<time>2026-08-06T20:41:53.305Z</time>
			</trkpt>
			<trkpt lat="39.91496" lon="20.66982">
				<ele>942.95</ele>
				<time>2026-08-06T20:42:09.190Z</time>
			</trkpt>
			<trkpt lat="39.91533" lon="20.66985">
				<ele>940.4</ele>
				<time>2026-08-06T20:42:15.805Z</time>
			</trkpt>
			<trkpt lat="39.91581" lon="20.66993">
				<ele>930.45</ele>
				<time>2026-08-06T20:42:24.439Z</time>
			</trkpt>
			<trkpt lat="39.91612" lon="20.67001">
				<ele>928.7</ele>
				<time>2026-08-06T20:42:30.075Z</time>
			</trkpt>
			<trkpt lat="39.9164" lon="20.67003">
				<ele>923.93</ele>
				<time>2026-08-06T20:42:35.074Z</time>
			</trkpt>
			<trkpt lat="39.91685" lon="20.67">
				<ele>917.7</ele>
				<time>2026-08-06T20:42:43.103Z</time>
			</trkpt>
			<trkpt lat="39.91708" lon="20.67">
				<ele>915.05</ele>
				<time>2026-08-06T20:42:47.198Z</time>
			</trkpt>
			<trkpt lat="39.91727" lon="20.67003">
				<ele>912.74</ele>
				<time>2026-08-06T20:42:50.604Z</time>
			</trkpt>
			<trkpt lat="39.91747" lon="20.6701">
				<ele>909.4</ele>
				<time>2026-08-06T20:42:54.288Z</time>
			</trkpt>
			<trkpt lat="39.91765" lon="20.67013">
				<ele>909.22</ele>
				<time>2026-08-06T20:42:57.514Z</time>
			</trkpt>
			<trkpt lat="39.91796" lon="20.67009">
				<ele>905.9</ele>
				<time>2026-08-06T20:43:03.049Z</time>
			</trkpt>
			<trkpt lat="39.91833" lon="20.67007">
				<ele>899.56</ele>
				<time>2026-08-06T20:43:09.621Z</time>
			</trkpt>
			<trkpt lat="39.9185" lon="20.67011">
				<ele>898.41</ele>
				<time>2026-08-06T20:43:12.684Z</time>
			</trkpt>
			<trkpt lat="39.91869" lon="20.67018">
				<ele>897.16</ele>
				<time>2026-08-06T20:43:16.182Z</time>
			</trkpt>
			<trkpt lat="39.919" lon="20.67037">
				<ele>896.04</ele>
				<time>2026-08-06T20:43:22.244Z</time>
			</trkpt>
			<trkpt lat="39.91916" lon="20.67043">
				<ele>894.12</ele>
				<time>2026-08-06T20:43:25.187Z</time>
			</trkpt>
			<trkpt lat="39.91944" lon="20.67049">
				<ele>890.63</ele>
				<time>2026-08-06T20:43:30.198Z</time>
			</trkpt>
			<trkpt lat="39.91965" lon="20.6705">
				<ele>887.72</ele>
				<time>2026-08-06T20:43:33.905Z</time>
			</trkpt>
			<trkpt lat="39.91977" lon="20.67053">
				<ele>886.2</ele>
				<time>2026-08-06T20:43:36.058Z</time>
			</trkpt>
			<trkpt lat="39.91991" lon="20.6706">
				<ele>884.16</ele>
				<time>2026-08-06T20:43:38.699Z</time>
			</trkpt>
			<trkpt lat="39.92024" lon="20.67084">
				<ele>881.93</ele>
				<time>2026-08-06T20:43:45.344Z</time>
			</trkpt>
			<trkpt lat="39.92053" lon="20.67098">
				<ele>876.49</ele>
				<time>2026-08-06T20:43:50.771Z</time>
			</trkpt>
			<trkpt lat="39.92122" lon="20.67138">
				<ele>870.68</ele>
				<time>2026-08-06T20:44:03.979Z</time>
			</trkpt>
			<trkpt lat="39.92171" lon="20.67157">
				<ele>861.07</ele>
				<time>2026-08-06T20:44:12.882Z</time>
			</trkpt>
			<trkpt lat="39.92208" lon="20.67184">
				<ele>860.07</ele>
				<time>2026-08-06T20:44:20.240Z</time>
			</trkpt>
			<trkpt lat="39.9224" lon="20.67201">
				<ele>858.65</ele>
				<time>2026-08-06T20:44:26.218Z</time>
			</trkpt>
			<trkpt lat="39.92274" lon="20.67214">
				<ele>854.79</ele>
				<time>2026-08-06T20:44:32.329Z</time>
			</trkpt>
			<trkpt lat="39.92294" lon="20.67226">
				<ele>852.94</ele>
				<time>2026-08-06T20:44:36.117Z</time>
			</trkpt>
			<trkpt lat="39.92384" lon="20.6729">
				<ele>844.13</ele>
				<time>2026-08-06T20:44:53.651Z</time>
			</trkpt>
			<trkpt lat="39.92429" lon="20.67319">
				<ele>842.59</ele>
				<time>2026-08-06T20:45:02.170Z</time>
			</trkpt>
			<trkpt lat="39.92436" lon="20.67321">
				<ele>841.36</ele>
				<time>2026-08-06T20:45:03.382Z</time>
			</trkpt>
			<trkpt lat="39.9244" lon="20.6732">
				<ele>839.84</ele>
				<time>2026-08-06T20:45:04.071Z</time>
			</trkpt>
			<trkpt lat="39.92442" lon="20.67316">
				<ele>838.19</ele>
				<time>2026-08-06T20:45:04.690Z</time>
			</trkpt>
			<trkpt lat="39.92442" lon="20.67305">
				<ele>835.55</ele>
				<time>2026-08-06T20:45:06.115Z</time>
			</trkpt>
			<trkpt lat="39.92434" lon="20.67291">
				<ele>833.43</ele>
				<time>2026-08-06T20:45:08.373Z</time>
			</trkpt>
			<trkpt lat="39.92374" lon="20.67211">
				<ele>825.97</ele>
				<time>2026-08-06T20:45:22.765Z</time>
			</trkpt>
			<trkpt lat="39.92373" lon="20.67203">
				<ele>824.55</ele>
				<time>2026-08-06T20:45:23.802Z</time>
			</trkpt>
			<trkpt lat="39.92374" lon="20.67198">
				<ele>823.03</ele>
				<time>2026-08-06T20:45:24.462Z</time>
			</trkpt>
			<trkpt lat="39.92379" lon="20.67194">
				<ele>820.59</ele>
				<time>2026-08-06T20:45:25.439Z</time>
			</trkpt>
			<trkpt lat="39.9244" lon="20.67237">
				<ele>816.5</ele>
				<time>2026-08-06T20:45:36.933Z</time>
			</trkpt>
			<trkpt lat="39.92497" lon="20.6729">
				<ele>812.56</ele>
				<time>2026-08-06T20:45:48.426Z</time>
			</trkpt>
			<trkpt lat="39.92517" lon="20.673">
				<ele>806.24</ele>
				<time>2026-08-06T20:45:51.920Z</time>
			</trkpt>
			<trkpt lat="39.9255" lon="20.67311">
				<ele>801.08</ele>
				<time>2026-08-06T20:45:57.453Z</time>
			</trkpt>
			<trkpt lat="39.92567" lon="20.67324">
				<ele>800.46</ele>
				<time>2026-08-06T20:46:00.640Z</time>
			</trkpt>
			<trkpt lat="39.92583" lon="20.67344">
				<ele>799.14</ele>
				<time>2026-08-06T20:46:04.214Z</time>
			</trkpt>
			<trkpt lat="39.92595" lon="20.67368">
				<ele>798.28</ele>
				<time>2026-08-06T20:46:07.744Z</time>
			</trkpt>
			<trkpt lat="39.926" lon="20.67381">
				<ele>798.25</ele>
				<time>2026-08-06T20:46:09.531Z</time>
			</trkpt>
			<trkpt lat="39.92607" lon="20.67409">
				<ele>797.93</ele>
				<time>2026-08-06T20:46:13.140Z</time>
			</trkpt>
			<trkpt lat="39.92616" lon="20.6743">
				<ele>798.46</ele>
				<time>2026-08-06T20:46:16.078Z</time>
			</trkpt>
			<trkpt lat="39.92629" lon="20.6745">
				<ele>797.97</ele>
				<time>2026-08-06T20:46:19.269Z</time>
			</trkpt>
			<trkpt lat="39.92639" lon="20.6746">
				<ele>797.23</ele>
				<time>2026-08-06T20:46:21.264Z</time>
			</trkpt>
			<trkpt lat="39.92644" lon="20.67464">
				<ele>796.96</ele>
				<time>2026-08-06T20:46:22.191Z</time>
			</trkpt>
			<trkpt lat="39.9266" lon="20.6747">
				<ele>794.11</ele>
				<time>2026-08-06T20:46:24.816Z</time>
			</trkpt>
			<trkpt lat="39.92721" lon="20.6748">
				<ele>785.08</ele>
				<time>2026-08-06T20:46:34.444Z</time>
			</trkpt>
			<trkpt lat="39.9275" lon="20.67488">
				<ele>780.77</ele>
				<time>2026-08-06T20:46:39.046Z</time>
			</trkpt>
			<trkpt lat="39.92802" lon="20.67478">
				<ele>771.39</ele>
				<time>2026-08-06T20:46:47.143Z</time>
			</trkpt>
			<trkpt lat="39.92826" lon="20.6748">
				<ele>765.5</ele>
				<time>2026-08-06T20:46:50.819Z</time>
			</trkpt>
			<trkpt lat="39.92837" lon="20.67488">
				<ele>762.86</ele>
				<time>2026-08-06T20:46:52.737Z</time>
			</trkpt>
			<trkpt lat="39.92841" lon="20.67494">
				<ele>761.89</ele>
				<time>2026-08-06T20:46:53.664Z</time>
			</trkpt>
			<trkpt lat="39.9285" lon="20.67512">
				<ele>760.35</ele>
				<time>2026-08-06T20:46:56.163Z</time>
			</trkpt>
			<trkpt lat="39.92862" lon="20.67549">
				<ele>760.39</ele>
				<time>2026-08-06T20:47:00.811Z</time>
			</trkpt>
			<trkpt lat="39.92866" lon="20.67555">
				<ele>761.04</ele>
				<time>2026-08-06T20:47:01.728Z</time>
			</trkpt>
			<trkpt lat="39.92873" lon="20.67558">
				<ele>760.45</ele>
				<time>2026-08-06T20:47:02.833Z</time>
			</trkpt>
			<trkpt lat="39.92877" lon="20.67553">
				<ele>758.69</ele>
				<time>2026-08-06T20:47:03.664Z</time>
			</trkpt>
			<trkpt lat="39.92878" lon="20.67549">
				<ele>757.85</ele>
				<time>2026-08-06T20:47:04.147Z</time>
			</trkpt>
			<trkpt lat="39.92871" lon="20.675">
				<ele>752.86</ele>
				<time>2026-08-06T20:47:09.843Z</time>
			</trkpt>
			<trkpt lat="39.92867" lon="20.67458">
				<ele>748.03</ele>
				<time>2026-08-06T20:47:14.641Z</time>
			</trkpt>
			<trkpt lat="39.92863" lon="20.67445">
				<ele>746.76</ele>
				<time>2026-08-06T20:47:16.221Z</time>
			</trkpt>
			<trkpt lat="39.92854" lon="20.67429">
				<ele>746.16</ele>
				<time>2026-08-06T20:47:18.453Z</time>
			</trkpt>
			<trkpt lat="39.9284" lon="20.67413">
				<ele>746.3</ele>
				<time>2026-08-06T20:47:21.172Z</time>
			</trkpt>
			<trkpt lat="39.9283" lon="20.67405">
				<ele>746.08</ele>
				<time>2026-08-06T20:47:22.879Z</time>
			</trkpt>
			<trkpt lat="39.92794" lon="20.67385">
				<ele>745.05</ele>
				<time>2026-08-06T20:47:28.539Z</time>
			</trkpt>
			<trkpt lat="39.92781" lon="20.67372">
				<ele>743.08</ele>
				<time>2026-08-06T20:47:30.892Z</time>
			</trkpt>
			<trkpt lat="39.92766" lon="20.67352">
				<ele>740.17</ele>
				<time>2026-08-06T20:47:33.959Z</time>
			</trkpt>
			<trkpt lat="39.92758" lon="20.67346">
				<ele>739.73</ele>
				<time>2026-08-06T20:47:35.273Z</time>
			</trkpt>
			<trkpt lat="39.9275" lon="20.67341">
				<ele>739.81</ele>
				<time>2026-08-06T20:47:36.533Z</time>
			</trkpt>
			<trkpt lat="39.9272" lon="20.67328">
				<ele>738.7</ele>
				<time>2026-08-06T20:47:41.000Z</time>
			</trkpt>
			<trkpt lat="39.9271" lon="20.67321">
				<ele>737.17</ele>
				<time>2026-08-06T20:47:42.595Z</time>
			</trkpt>
			<trkpt lat="39.92697" lon="20.67302">
				<ele>732.09</ele>
				<time>2026-08-06T20:47:45.327Z</time>
			</trkpt>
			<trkpt lat="39.92681" lon="20.67266">
				<ele>729.4</ele>
				<time>2026-08-06T20:47:49.759Z</time>
			</trkpt>
			<trkpt lat="39.92673" lon="20.67252">
				<ele>729.15</ele>
				<time>2026-08-06T20:47:51.608Z</time>
			</trkpt>
			<trkpt lat="39.92646" lon="20.67219">
				<ele>734.32</ele>
				<time>2026-08-06T20:47:56.679Z</time>
			</trkpt>
			<trkpt lat="39.92642" lon="20.6721">
				<ele>736.5</ele>
				<time>2026-08-06T20:47:57.766Z</time>
			</trkpt>
			<trkpt lat="39.92642" lon="20.67204">
				<ele>737.49</ele>
				<time>2026-08-06T20:47:58.391Z</time>
			</trkpt>
			<trkpt lat="39.92646" lon="20.67196">
				<ele>737.49</ele>
				<time>2026-08-06T20:47:59.385Z</time>
			</trkpt>
			<trkpt lat="39.92652" lon="20.67194">
				<ele>736.1</ele>
				<time>2026-08-06T20:48:00.223Z</time>
			</trkpt>
			<trkpt lat="39.92707" lon="20.67192">
				<ele>724.91</ele>
				<time>2026-08-06T20:48:07.605Z</time>
			</trkpt>
			<trkpt lat="39.92729" lon="20.67181">
				<ele>725.15</ele>
				<time>2026-08-06T20:48:10.728Z</time>
			</trkpt>
			<trkpt lat="39.92757" lon="20.67156">
				<ele>729.77</ele>
				<time>2026-08-06T20:48:15.184Z</time>
			</trkpt>
			<trkpt lat="39.9277" lon="20.67148">
				<ele>730.22</ele>
				<time>2026-08-06T20:48:17.058Z</time>
			</trkpt>
			<trkpt lat="39.92848" lon="20.67138">
				<ele>719.15</ele>
				<time>2026-08-06T20:48:27.115Z</time>
			</trkpt>
			<trkpt lat="39.92883" lon="20.67135">
				<ele>715.39</ele>
				<time>2026-08-06T20:48:31.528Z</time>
			</trkpt>
			<trkpt lat="39.92905" lon="20.67135">
				<ele>713.71</ele>
				<time>2026-08-06T20:48:34.268Z</time>
			</trkpt>
			<trkpt lat="39.92913" lon="20.67138">
				<ele>712.33</ele>
				<time>2026-08-06T20:48:35.299Z</time>
			</trkpt>
			<trkpt lat="39.92938" lon="20.67152">
				<ele>704.84</ele>
				<time>2026-08-06T20:48:38.647Z</time>
			</trkpt>
			<trkpt lat="39.92977" lon="20.67157">
				<ele>697.35</ele>
				<time>2026-08-06T20:48:43.409Z</time>
			</trkpt>
			<trkpt lat="39.92998" lon="20.67154">
				<ele>697.27</ele>
				<time>2026-08-06T20:48:45.947Z</time>
			</trkpt>
			<trkpt lat="39.93038" lon="20.67141">
				<ele>699.27</ele>
				<time>2026-08-06T20:48:50.838Z</time>
			</trkpt>
			<trkpt lat="39.93042" lon="20.67143">
				<ele>698.21</ele>
				<time>2026-08-06T20:48:51.342Z</time>
			</trkpt>
			<trkpt lat="39.93045" lon="20.67146">
				<ele>696.36</ele>
				<time>2026-08-06T20:48:51.786Z</time>
			</trkpt>
			<trkpt lat="39.93047" lon="20.67151">
				<ele>694.58</ele>
				<time>2026-08-06T20:48:52.293Z</time>
			</trkpt>
			<trkpt lat="39.93045" lon="20.67156">
				<ele>692.8</ele>
				<time>2026-08-06T20:48:52.798Z</time>
			</trkpt>
			<trkpt lat="39.93006" lon="20.67176">
				<ele>686.89</ele>
				<time>2026-08-06T20:48:57.654Z</time>
			</trkpt>
			<trkpt lat="39.92983" lon="20.67183">
				<ele>685.51</ele>
				<time>2026-08-06T20:49:00.352Z</time>
			</trkpt>
			<trkpt lat="39.9293" lon="20.67193">
				<ele>690.94</ele>
				<time>2026-08-06T20:49:06.368Z</time>
			</trkpt>
			<trkpt lat="39.92911" lon="20.67199">
				<ele>691.55</ele>
				<time>2026-08-06T20:49:08.529Z</time>
			</trkpt>
			<trkpt lat="39.92905" lon="20.67206">
				<ele>690.28</ele>
				<time>2026-08-06T20:49:09.413Z</time>
			</trkpt>
			<trkpt lat="39.92901" lon="20.67218">
				<ele>687.58</ele>
				<time>2026-08-06T20:49:10.510Z</time>
			</trkpt>
			<trkpt lat="39.92901" lon="20.67234">
				<ele>684.98</ele>
				<time>2026-08-06T20:49:11.845Z</time>
			</trkpt>
			<trkpt lat="39.92906" lon="20.67248">
				<ele>681.84</ele>
				<time>2026-08-06T20:49:13.126Z</time>
			</trkpt>
			<trkpt lat="39.92915" lon="20.67264">
				<ele>679.88</ele>
				<time>2026-08-06T20:49:14.761Z</time>
			</trkpt>
			<trkpt lat="39.92983" lon="20.67325">
				<ele>669.69</ele>
				<time>2026-08-06T20:49:23.420Z</time>
			</trkpt>
			<trkpt lat="39.93015" lon="20.6735">
				<ele>661.85</ele>
				<time>2026-08-06T20:49:27.214Z</time>
			</trkpt>
			<trkpt lat="39.93034" lon="20.67369">
				<ele>658.22</ele>
				<time>2026-08-06T20:49:29.611Z</time>
			</trkpt>
			<trkpt lat="39.93059" lon="20.67401">
				<ele>654.51</ele>
				<time>2026-08-06T20:49:33.060Z</time>
			</trkpt>
			<trkpt lat="39.93084" lon="20.67438">
				<ele>654.96</ele>
				<time>2026-08-06T20:49:36.707Z</time>
			</trkpt>
			<trkpt lat="39.93101" lon="20.67457">
				<ele>653.83</ele>
				<time>2026-08-06T20:49:38.829Z</time>
			</trkpt>
			<trkpt lat="39.93111" lon="20.67463">
				<ele>651.84</ele>
				<time>2026-08-06T20:49:39.862Z</time>
			</trkpt>
			<trkpt lat="39.93114" lon="20.67461">
				<ele>649.92</ele>
				<time>2026-08-06T20:49:40.177Z</time>
			</trkpt>
			<trkpt lat="39.93117" lon="20.67457">
				<ele>647.43</ele>
				<time>2026-08-06T20:49:40.577Z</time>
			</trkpt>
			<trkpt lat="39.93097" lon="20.67427">
				<ele>647.13</ele>
				<time>2026-08-06T20:49:43.388Z</time>
			</trkpt>
			<trkpt lat="39.93087" lon="20.67409">
				<ele>646.08</ele>
				<time>2026-08-06T20:49:44.937Z</time>
			</trkpt>
			<trkpt lat="39.93049" lon="20.67323">
				<ele>644.26</ele>
				<time>2026-08-06T20:49:51.647Z</time>
			</trkpt>
			<trkpt lat="39.93047" lon="20.67317">
				<ele>644.32</ele>
				<time>2026-08-06T20:49:52.077Z</time>
			</trkpt>
			<trkpt lat="39.93048" lon="20.67309">
				<ele>643.51</ele>
				<time>2026-08-06T20:49:52.608Z</time>
			</trkpt>
			<trkpt lat="39.93052" lon="20.673">
				<ele>642.78</ele>
				<time>2026-08-06T20:49:53.287Z</time>
			</trkpt>
			<trkpt lat="39.93057" lon="20.67296">
				<ele>642.81</ele>
				<time>2026-08-06T20:49:53.783Z</time>
			</trkpt>
			<trkpt lat="39.93084" lon="20.67279">
				<ele>644.62</ele>
				<time>2026-08-06T20:49:56.288Z</time>
			</trkpt>
			<trkpt lat="39.93097" lon="20.67275">
				<ele>646.14</ele>
				<time>2026-08-06T20:49:57.387Z</time>
			</trkpt>
			<trkpt lat="39.9311" lon="20.67279">
				<ele>645.47</ele>
				<time>2026-08-06T20:49:58.475Z</time>
			</trkpt>
			<trkpt lat="39.93132" lon="20.67294">
				<ele>643.68</ele>
				<time>2026-08-06T20:50:00.468Z</time>
			</trkpt>
			<trkpt lat="39.93151" lon="20.67299">
				<ele>643.34</ele>
				<time>2026-08-06T20:50:01.999Z</time>
			</trkpt>
			<trkpt lat="39.9316" lon="20.67299">
				<ele>643.57</ele>
				<time>2026-08-06T20:50:02.701Z</time>
			</trkpt>
			<trkpt lat="39.93205" lon="20.67286">
				<ele>645.6</ele>
				<time>2026-08-06T20:50:06.196Z</time>
			</trkpt>
			<trkpt lat="39.93226" lon="20.67285">
				<ele>645.85</ele>
				<time>2026-08-06T20:50:07.701Z</time>
			</trkpt>
			<trkpt lat="39.93236" lon="20.67287">
				<ele>645.63</ele>
				<time>2026-08-06T20:50:08.405Z</time>
			</trkpt>
			<trkpt lat="39.93257" lon="20.67297">
				<ele>644</ele>
				<time>2026-08-06T20:50:09.919Z</time>
			</trkpt>
			<trkpt lat="39.93281" lon="20.67316">
				<ele>641.56</ele>
				<time>2026-08-06T20:50:11.744Z</time>
			</trkpt>
			<trkpt lat="39.93295" lon="20.67324">
				<ele>641.4</ele>
				<time>2026-08-06T20:50:12.705Z</time>
			</trkpt>
			<trkpt lat="39.93303" lon="20.67327">
				<ele>641.8</ele>
				<time>2026-08-06T20:50:13.220Z</time>
			</trkpt>
			<trkpt lat="39.93311" lon="20.67327">
				<ele>641.75</ele>
				<time>2026-08-06T20:50:13.709Z</time>
			</trkpt>
			<trkpt lat="39.93323" lon="20.67324">
				<ele>641.83</ele>
				<time>2026-08-06T20:50:14.445Z</time>
			</trkpt>
			<trkpt lat="39.93329" lon="20.67319">
				<ele>642.58</ele>
				<time>2026-08-06T20:50:14.870Z</time>
			</trkpt>
			<trkpt lat="39.9334" lon="20.67306">
				<ele>644.73</ele>
				<time>2026-08-06T20:50:15.743Z</time>
			</trkpt>
			<trkpt lat="39.93361" lon="20.67263">
				<ele>648.45</ele>
				<time>2026-08-06T20:50:17.978Z</time>
			</trkpt>
			<trkpt lat="39.93374" lon="20.67225">
				<ele>644.75</ele>
				<time>2026-08-06T20:50:19.748Z</time>
			</trkpt>
			<trkpt lat="39.93379" lon="20.67197">
				<ele>644.17</ele>
				<time>2026-08-06T20:50:20.953Z</time>
			</trkpt>
			<trkpt lat="39.93385" lon="20.67183">
				<ele>644.25</ele>
				<time>2026-08-06T20:50:21.620Z</time>
			</trkpt>
			<trkpt lat="39.93396" lon="20.67255">
				<ele>637.75</ele>
				<time>2026-08-06T20:50:24.660Z</time>
			</trkpt>
			<trkpt lat="39.93398" lon="20.6726">
				<ele>637.19</ele>
				<time>2026-08-06T20:50:24.894Z</time>
			</trkpt>
			<trkpt lat="39.93402" lon="20.67263">
				<ele>636.17</ele>
				<time>2026-08-06T20:50:25.144Z</time>
			</trkpt>
			<trkpt lat="39.93408" lon="20.67262">
				<ele>634.24</ele>
				<time>2026-08-06T20:50:25.472Z</time>
			</trkpt>
			<trkpt lat="39.93412" lon="20.67257">
				<ele>633.31</ele>
				<time>2026-08-06T20:50:25.774Z</time>
			</trkpt>
			<trkpt lat="39.93411" lon="20.67234">
				<ele>634.04</ele>
				<time>2026-08-06T20:50:26.739Z</time>
			</trkpt>
			<trkpt lat="39.93414" lon="20.67224">
				<ele>633.37</ele>
				<time>2026-08-06T20:50:27.193Z</time>
			</trkpt>
			<trkpt lat="39.93419" lon="20.6722">
				<ele>632.78</ele>
				<time>2026-08-06T20:50:27.517Z</time>
			</trkpt>
			<trkpt lat="39.93456" lon="20.67212">
				<ele>629.88</ele>
				<time>2026-08-06T20:50:29.625Z</time>
			</trkpt>
			<trkpt lat="39.93465" lon="20.67214">
				<ele>629.01</ele>
				<time>2026-08-06T20:50:30.149Z</time>
			</trkpt>
			<trkpt lat="39.93518" lon="20.67243">
				<ele>626.73</ele>
				<time>2026-08-06T20:50:33.575Z</time>
			</trkpt>
			<trkpt lat="39.93555" lon="20.67257">
				<ele>627.44</ele>
				<time>2026-08-06T20:50:36.027Z</time>
			</trkpt>
			<trkpt lat="39.93588" lon="20.6728">
				<ele>623.87</ele>
				<time>2026-08-06T20:50:38.552Z</time>
			</trkpt>
			<trkpt lat="39.93608" lon="20.67291">
				<ele>623.31</ele>
				<time>2026-08-06T20:50:40.039Z</time>
			</trkpt>
			<trkpt lat="39.93622" lon="20.67297">
				<ele>622.4</ele>
				<time>2026-08-06T20:50:41.045Z</time>
			</trkpt>
			<trkpt lat="39.9367" lon="20.67293">
				<ele>618.41</ele>
				<time>2026-08-06T20:50:44.304Z</time>
			</trkpt>
			<trkpt lat="39.93683" lon="20.67287">
				<ele>616.83</ele>
				<time>2026-08-06T20:50:45.233Z</time>
			</trkpt>
			<trkpt lat="39.93715" lon="20.67257">
				<ele>613.37</ele>
				<time>2026-08-06T20:50:47.870Z</time>
			</trkpt>
			<trkpt lat="39.93727" lon="20.67242">
				<ele>612.14</ele>
				<time>2026-08-06T20:50:48.975Z</time>
			</trkpt>
			<trkpt lat="39.93732" lon="20.67224">
				<ele>611.45</ele>
				<time>2026-08-06T20:50:49.948Z</time>
			</trkpt>
			<trkpt lat="39.93732" lon="20.67207">
				<ele>611.34</ele>
				<time>2026-08-06T20:50:50.809Z</time>
			</trkpt>
			<trkpt lat="39.93723" lon="20.67166">
				<ele>616.5</ele>
				<time>2026-08-06T20:50:52.959Z</time>
			</trkpt>
			<trkpt lat="39.93723" lon="20.67155">
				<ele>617.49</ele>
				<time>2026-08-06T20:50:53.511Z</time>
			</trkpt>
			<trkpt lat="39.93727" lon="20.67147">
				<ele>617.38</ele>
				<time>2026-08-06T20:50:53.990Z</time>
			</trkpt>
			<trkpt lat="39.93739" lon="20.67144">
				<ele>615.45</ele>
				<time>2026-08-06T20:50:54.787Z</time>
			</trkpt>
			<trkpt lat="39.93791" lon="20.67148">
				<ele>611.25</ele>
				<time>2026-08-06T20:50:58.161Z</time>
			</trkpt>
			<trkpt lat="39.93805" lon="20.67155">
				<ele>610.02</ele>
				<time>2026-08-06T20:50:59.125Z</time>
			</trkpt>
			<trkpt lat="39.93842" lon="20.67183">
				<ele>606.49</ele>
				<time>2026-08-06T20:51:01.859Z</time>
			</trkpt>
			<trkpt lat="39.93875" lon="20.67213">
				<ele>601.46</ele>
				<time>2026-08-06T20:51:04.409Z</time>
			</trkpt>
			<trkpt lat="39.93918" lon="20.67264">
				<ele>595.83</ele>
				<time>2026-08-06T20:51:08.055Z</time>
			</trkpt>
			<trkpt lat="39.93978" lon="20.67328">
				<ele>588.59</ele>
				<time>2026-08-06T20:51:12.852Z</time>
			</trkpt>
			<trkpt lat="39.94013" lon="20.67378">
				<ele>586.34</ele>
				<time>2026-08-06T20:51:16.023Z</time>
			</trkpt>
			<trkpt lat="39.94064" lon="20.67443">
				<ele>584.7</ele>
				<time>2026-08-06T20:51:20.328Z</time>
			</trkpt>
			<trkpt lat="39.94076" lon="20.67461">
				<ele>583.19</ele>
				<time>2026-08-06T20:51:21.423Z</time>
			</trkpt>
			<trkpt lat="39.94092" lon="20.67489">
				<ele>581.6</ele>
				<time>2026-08-06T20:51:23.019Z</time>
			</trkpt>
			<trkpt lat="39.9411" lon="20.67528">
				<ele>580.75</ele>
				<time>2026-08-06T20:51:25.087Z</time>
			</trkpt>
			<trkpt lat="39.94118" lon="20.67549">
				<ele>577.23</ele>
				<time>2026-08-06T20:51:26.148Z</time>
			</trkpt>
			<trkpt lat="39.94129" lon="20.67588">
				<ele>571.58</ele>
				<time>2026-08-06T20:51:28.018Z</time>
			</trkpt>
			<trkpt lat="39.94135" lon="20.67639">
				<ele>571.53</ele>
				<time>2026-08-06T20:51:30.326Z</time>
			</trkpt>
			<trkpt lat="39.94138" lon="20.67656">
				<ele>570.68</ele>
				<time>2026-08-06T20:51:31.102Z</time>
			</trkpt>
			<trkpt lat="39.94143" lon="20.67669">
				<ele>569.46</ele>
				<time>2026-08-06T20:51:31.748Z</time>
			</trkpt>
			<trkpt lat="39.94162" lon="20.67696">
				<ele>567.52</ele>
				<time>2026-08-06T20:51:33.371Z</time>
			</trkpt>
			<trkpt lat="39.94171" lon="20.67705">
				<ele>566.83</ele>
				<time>2026-08-06T20:51:34.023Z</time>
			</trkpt>
			<trkpt lat="39.94213" lon="20.67735">
				<ele>559.69</ele>
				<time>2026-08-06T20:51:36.764Z</time>
			</trkpt>
			<trkpt lat="39.94221" lon="20.67746">
				<ele>558.12</ele>
				<time>2026-08-06T20:51:37.426Z</time>
			</trkpt>
			<trkpt lat="39.94223" lon="20.6776">
				<ele>557.01</ele>
				<time>2026-08-06T20:51:38.047Z</time>
			</trkpt>
			<trkpt lat="39.94222" lon="20.67768">
				<ele>557.35</ele>
				<time>2026-08-06T20:51:38.400Z</time>
			</trkpt>
			<trkpt lat="39.94218" lon="20.67775">
				<ele>557.76</ele>
				<time>2026-08-06T20:51:38.779Z</time>
			</trkpt>
			<trkpt lat="39.94194" lon="20.67807">
				<ele>558.45</ele>
				<time>2026-08-06T20:51:40.719Z</time>
			</trkpt>
			<trkpt lat="39.94185" lon="20.67812">
				<ele>556.51</ele>
				<time>2026-08-06T20:51:41.270Z</time>
			</trkpt>
			<trkpt lat="39.94175" lon="20.6781">
				<ele>555.82</ele>
				<time>2026-08-06T20:51:41.839Z</time>
			</trkpt>
			<trkpt lat="39.9417" lon="20.67807">
				<ele>556.1</ele>
				<time>2026-08-06T20:51:42.148Z</time>
			</trkpt>
			<trkpt lat="39.94156" lon="20.67777">
				<ele>556.78</ele>
				<time>2026-08-06T20:51:43.656Z</time>
			</trkpt>
			<trkpt lat="39.94151" lon="20.67772">
				<ele>556.32</ele>
				<time>2026-08-06T20:51:44.008Z</time>
			</trkpt>
			<trkpt lat="39.94143" lon="20.67766">
				<ele>555.17</ele>
				<time>2026-08-06T20:51:44.522Z</time>
			</trkpt>
			<trkpt lat="39.94129" lon="20.67763">
				<ele>552.46</ele>
				<time>2026-08-06T20:51:45.313Z</time>
			</trkpt>
			<trkpt lat="39.94115" lon="20.67755">
				<ele>550.69</ele>
				<time>2026-08-06T20:51:46.162Z</time>
			</trkpt>
			<trkpt lat="39.9408" lon="20.67729">
				<ele>545.39</ele>
				<time>2026-08-06T20:51:48.390Z</time>
			</trkpt>
			<trkpt lat="39.94067" lon="20.67707">
				<ele>544.48</ele>
				<time>2026-08-06T20:51:49.563Z</time>
			</trkpt>
			<trkpt lat="39.94056" lon="20.67672">
				<ele>546.14</ele>
				<time>2026-08-06T20:51:51.154Z</time>
			</trkpt>
			<trkpt lat="39.94049" lon="20.67661">
				<ele>546.16</ele>
				<time>2026-08-06T20:51:51.753Z</time>
			</trkpt>
			<trkpt lat="39.94041" lon="20.67652">
				<ele>545.3</ele>
				<time>2026-08-06T20:51:52.330Z</time>
			</trkpt>
			<trkpt lat="39.93961" lon="20.67593">
				<ele>540.52</ele>
				<time>2026-08-06T20:51:57.313Z</time>
			</trkpt>
			<trkpt lat="39.93944" lon="20.67584">
				<ele>539.79</ele>
				<time>2026-08-06T20:51:58.300Z</time>
			</trkpt>
			<trkpt lat="39.93939" lon="20.67584">
				<ele>539.78</ele>
				<time>2026-08-06T20:51:58.569Z</time>
			</trkpt>
			<trkpt lat="39.93936" lon="20.67587">
				<ele>539.35</ele>
				<time>2026-08-06T20:51:58.772Z</time>
			</trkpt>
			<trkpt lat="39.93934" lon="20.67593">
				<ele>538.29</ele>
				<time>2026-08-06T20:51:59.041Z</time>
			</trkpt>
			<trkpt lat="39.93935" lon="20.676">
				<ele>537.11</ele>
				<time>2026-08-06T20:51:59.334Z</time>
			</trkpt>
			<trkpt lat="39.93965" lon="20.67631">
				<ele>533.75</ele>
				<time>2026-08-06T20:52:01.380Z</time>
			</trkpt>
			<trkpt lat="39.93978" lon="20.67655">
				<ele>531.34</ele>
				<time>2026-08-06T20:52:02.580Z</time>
			</trkpt>
			<trkpt lat="39.93981" lon="20.67662">
				<ele>530.46</ele>
				<time>2026-08-06T20:52:02.907Z</time>
			</trkpt>
			<trkpt lat="39.93988" lon="20.67702">
				<ele>524.45</ele>
				<time>2026-08-06T20:52:04.576Z</time>
			</trkpt>
			<trkpt lat="39.93991" lon="20.67711">
				<ele>523.17</ele>
				<time>2026-08-06T20:52:04.974Z</time>
			</trkpt>
			<trkpt lat="39.94008" lon="20.67737">
				<ele>521.65</ele>
				<time>2026-08-06T20:52:06.357Z</time>
			</trkpt>
			<trkpt lat="39.94014" lon="20.6775">
				<ele>521.15</ele>
				<time>2026-08-06T20:52:06.970Z</time>
			</trkpt>
			<trkpt lat="39.94027" lon="20.67806">
				<ele>514.51</ele>
				<time>2026-08-06T20:52:09.326Z</time>
			</trkpt>
			<trkpt lat="39.94036" lon="20.67825">
				<ele>513.28</ele>
				<time>2026-08-06T20:52:10.222Z</time>
			</trkpt>
			<trkpt lat="39.94043" lon="20.67834">
				<ele>513.36</ele>
				<time>2026-08-06T20:52:10.736Z</time>
			</trkpt>
			<trkpt lat="39.9407" lon="20.67865">
				<ele>513.46</ele>
				<time>2026-08-06T20:52:12.611Z</time>
			</trkpt>
			<trkpt lat="39.94075" lon="20.67877">
				<ele>512.02</ele>
				<time>2026-08-06T20:52:13.155Z</time>
			</trkpt>
			<trkpt lat="39.94078" lon="20.6791">
				<ele>507.57</ele>
				<time>2026-08-06T20:52:14.477Z</time>
			</trkpt>
			<trkpt lat="39.94081" lon="20.6792">
				<ele>506.55</ele>
				<time>2026-08-06T20:52:14.904Z</time>
			</trkpt>
			<trkpt lat="39.94088" lon="20.67934">
				<ele>505.63</ele>
				<time>2026-08-06T20:52:15.567Z</time>
			</trkpt>
			<trkpt lat="39.94104" lon="20.67956">
				<ele>505.31</ele>
				<time>2026-08-06T20:52:16.768Z</time>
			</trkpt>
			<trkpt lat="39.94117" lon="20.67987">
				<ele>499.52</ele>
				<time>2026-08-06T20:52:18.164Z</time>
			</trkpt>
			<trkpt lat="39.94123" lon="20.67997">
				<ele>497.58</ele>
				<time>2026-08-06T20:52:18.665Z</time>
			</trkpt>
			<trkpt lat="39.94137" lon="20.6801">
				<ele>494.85</ele>
				<time>2026-08-06T20:52:19.548Z</time>
			</trkpt>
			<trkpt lat="39.94152" lon="20.68021">
				<ele>493.19</ele>
				<time>2026-08-06T20:52:20.431Z</time>
			</trkpt>
			<trkpt lat="39.9418" lon="20.68038">
				<ele>493.17</ele>
				<time>2026-08-06T20:52:22.012Z</time>
			</trkpt>
			<trkpt lat="39.94195" lon="20.68059">
				<ele>490.04</ele>
				<time>2026-08-06T20:52:23.136Z</time>
			</trkpt>
			<trkpt lat="39.94202" lon="20.68065">
				<ele>488.8</ele>
				<time>2026-08-06T20:52:23.563Z</time>
			</trkpt>
			<trkpt lat="39.94212" lon="20.68071">
				<ele>487.66</ele>
				<time>2026-08-06T20:52:24.124Z</time>
			</trkpt>
			<trkpt lat="39.94255" lon="20.68085">
				<ele>478.4</ele>
				<time>2026-08-06T20:52:26.378Z</time>
			</trkpt>
			<trkpt lat="39.94267" lon="20.68085">
				<ele>476</ele>
				<time>2026-08-06T20:52:26.987Z</time>
			</trkpt>
			<trkpt lat="39.94276" lon="20.6808">
				<ele>474.69</ele>
				<time>2026-08-06T20:52:27.483Z</time>
			</trkpt>
			<trkpt lat="39.94281" lon="20.68069">
				<ele>474.94</ele>
				<time>2026-08-06T20:52:27.980Z</time>
			</trkpt>
			<trkpt lat="39.94289" lon="20.6804">
				<ele>477.7</ele>
				<time>2026-08-06T20:52:29.176Z</time>
			</trkpt>
			<trkpt lat="39.94293" lon="20.68035">
				<ele>477.36</ele>
				<time>2026-08-06T20:52:29.456Z</time>
			</trkpt>
			<trkpt lat="39.94298" lon="20.68036">
				<ele>476.43</ele>
				<time>2026-08-06T20:52:29.712Z</time>
			</trkpt>
			<trkpt lat="39.94302" lon="20.68044">
				<ele>475.51</ele>
				<time>2026-08-06T20:52:30.082Z</time>
			</trkpt>
			<trkpt lat="39.94301" lon="20.68062">
				<ele>473.92</ele>
				<time>2026-08-06T20:52:30.780Z</time>
			</trkpt>
			<trkpt lat="39.94295" lon="20.68084">
				<ele>470.71</ele>
				<time>2026-08-06T20:52:31.683Z</time>
			</trkpt>
			<trkpt lat="39.94283" lon="20.68109">
				<ele>470.21</ele>
				<time>2026-08-06T20:52:32.822Z</time>
			</trkpt>
			<trkpt lat="39.94281" lon="20.68125">
				<ele>471.77</ele>
				<time>2026-08-06T20:52:33.447Z</time>
			</trkpt>
			<trkpt lat="39.94283" lon="20.68132">
				<ele>471.87</ele>
				<time>2026-08-06T20:52:33.735Z</time>
			</trkpt>
			<trkpt lat="39.94291" lon="20.68138">
				<ele>470.55</ele>
				<time>2026-08-06T20:52:34.199Z</time>
			</trkpt>
			<trkpt lat="39.94331" lon="20.68151">
				<ele>466.64</ele>
				<time>2026-08-06T20:52:36.268Z</time>
			</trkpt>
			<trkpt lat="39.94352" lon="20.68166">
				<ele>464.92</ele>
				<time>2026-08-06T20:52:37.468Z</time>
			</trkpt>
			<trkpt lat="39.94371" lon="20.68185">
				<ele>461.97</ele>
				<time>2026-08-06T20:52:38.666Z</time>
			</trkpt>
			<trkpt lat="39.9445" lon="20.6829">
				<ele>457.7</ele>
				<time>2026-08-06T20:52:44.295Z</time>
			</trkpt>
			<trkpt lat="39.94469" lon="20.68309">
				<ele>456.78</ele>
				<time>2026-08-06T20:52:45.487Z</time>
			</trkpt>
			<trkpt lat="39.9449" lon="20.68327">
				<ele>454.01</ele>
				<time>2026-08-06T20:52:46.737Z</time>
			</trkpt>
			<trkpt lat="39.94578" lon="20.68389">
				<ele>449.49</ele>
				<time>2026-08-06T20:52:51.705Z</time>
			</trkpt>
			<trkpt lat="39.94637" lon="20.68445">
				<ele>448.12</ele>
				<time>2026-08-06T20:52:55.325Z</time>
			</trkpt>
			<trkpt lat="39.94642" lon="20.68453">
				<ele>448.03</ele>
				<time>2026-08-06T20:52:55.718Z</time>
			</trkpt>
			<trkpt lat="39.94646" lon="20.68469">
				<ele>448.24</ele>
				<time>2026-08-06T20:52:56.357Z</time>
			</trkpt>
			<trkpt lat="39.94645" lon="20.68485">
				<ele>448.34</ele>
				<time>2026-08-06T20:52:56.968Z</time>
			</trkpt>
			<trkpt lat="39.94639" lon="20.68496">
				<ele>448.07</ele>
				<time>2026-08-06T20:52:57.481Z</time>
			</trkpt>
			<trkpt lat="39.94631" lon="20.68507">
				<ele>447.79</ele>
				<time>2026-08-06T20:52:58.057Z</time>
			</trkpt>
			<trkpt lat="39.94597" lon="20.68538">
				<ele>447.75</ele>
				<time>2026-08-06T20:53:00.115Z</time>
			</trkpt>
			<trkpt lat="39.94575" lon="20.68562">
				<ele>445.12</ele>
				<time>2026-08-06T20:53:01.538Z</time>
			</trkpt>
			<trkpt lat="39.94529" lon="20.68632">
				<ele>441.69</ele>
				<time>2026-08-06T20:53:05.046Z</time>
			</trkpt>
			<trkpt lat="39.94513" lon="20.68652">
				<ele>441.27</ele>
				<time>2026-08-06T20:53:06.147Z</time>
			</trkpt>
			<trkpt lat="39.94451" lon="20.68705">
				<ele>449.32</ele>
				<time>2026-08-06T20:53:09.835Z</time>
			</trkpt>
			<trkpt lat="39.94448" lon="20.68711">
				<ele>449.93</ele>
				<time>2026-08-06T20:53:10.108Z</time>
			</trkpt>
			<trkpt lat="39.94446" lon="20.6872">
				<ele>448.88</ele>
				<time>2026-08-06T20:53:10.466Z</time>
			</trkpt>
			<trkpt lat="39.9445" lon="20.68731">
				<ele>446.02</ele>
				<time>2026-08-06T20:53:10.931Z</time>
			</trkpt>
			<trkpt lat="39.9447" lon="20.68759">
				<ele>439.08</ele>
				<time>2026-08-06T20:53:12.394Z</time>
			</trkpt>
			<trkpt lat="39.94491" lon="20.68794">
				<ele>438.42</ele>
				<time>2026-08-06T20:53:14.095Z</time>
			</trkpt>
			<trkpt lat="39.94526" lon="20.68843">
				<ele>440.53</ele>
				<time>2026-08-06T20:53:16.663Z</time>
			</trkpt>
			<trkpt lat="39.94562" lon="20.68879">
				<ele>440.34</ele>
				<time>2026-08-06T20:53:18.937Z</time>
			</trkpt>
			<trkpt lat="39.9457" lon="20.68886">
				<ele>440.3</ele>
				<time>2026-08-06T20:53:19.420Z</time>
			</trkpt>
			<trkpt lat="39.94587" lon="20.68893">
				<ele>440</ele>
				<time>2026-08-06T20:53:20.316Z</time>
			</trkpt>
			<trkpt lat="39.94601" lon="20.68892">
				<ele>440</ele>
				<time>2026-08-06T20:53:21.021Z</time>
			</trkpt>
			<trkpt lat="39.94609" lon="20.68888">
				<ele>439.97</ele>
				<time>2026-08-06T20:53:21.452Z</time>
			</trkpt>
			<trkpt lat="39.94614" lon="20.68883">
				<ele>440.33</ele>
				<time>2026-08-06T20:53:21.769Z</time>
			</trkpt>
			<trkpt lat="39.9464" lon="20.68838">
				<ele>442.46</ele>
				<time>2026-08-06T20:53:23.947Z</time>
			</trkpt>
			<trkpt lat="39.94669" lon="20.68795">
				<ele>445.86</ele>
				<time>2026-08-06T20:53:26.167Z</time>
			</trkpt>
			<trkpt lat="39.94685" lon="20.68776">
				<ele>448.67</ele>
				<time>2026-08-06T20:53:27.264Z</time>
			</trkpt>
			<trkpt lat="39.9469" lon="20.68773">
				<ele>449.69</ele>
				<time>2026-08-06T20:53:27.543Z</time>
			</trkpt>
			<trkpt lat="39.94694" lon="20.68774">
				<ele>451.08</ele>
				<time>2026-08-06T20:53:27.750Z</time>
			</trkpt>
			<trkpt lat="39.94695" lon="20.68781">
				<ele>452.95</ele>
				<time>2026-08-06T20:53:28.027Z</time>
			</trkpt>
			<trkpt lat="39.94689" lon="20.68802">
				<ele>452.98</ele>
				<time>2026-08-06T20:53:28.900Z</time>
			</trkpt>
			<trkpt lat="39.94684" lon="20.68827">
				<ele>452.68</ele>
				<time>2026-08-06T20:53:29.908Z</time>
			</trkpt>
			<trkpt lat="39.94682" lon="20.6886">
				<ele>454.47</ele>
				<time>2026-08-06T20:53:31.202Z</time>
			</trkpt>
			<trkpt lat="39.94684" lon="20.68888">
				<ele>456.83</ele>
				<time>2026-08-06T20:53:32.303Z</time>
			</trkpt>
			<trkpt lat="39.94688" lon="20.68896">
				<ele>457.3</ele>
				<time>2026-08-06T20:53:32.678Z</time>
			</trkpt>
			<trkpt lat="39.94692" lon="20.68897">
				<ele>458.45</ele>
				<time>2026-08-06T20:53:32.886Z</time>
			</trkpt>
			<trkpt lat="39.94697" lon="20.68892">
				<ele>460.6</ele>
				<time>2026-08-06T20:53:33.208Z</time>
			</trkpt>
			<trkpt lat="39.94695" lon="20.68853">
				<ele>457.78</ele>
				<time>2026-08-06T20:53:34.745Z</time>
			</trkpt>
			<trkpt lat="39.947" lon="20.68822">
				<ele>458.13</ele>
				<time>2026-08-06T20:53:35.993Z</time>
			</trkpt>
			<trkpt lat="39.94707" lon="20.688">
				<ele>459.53</ele>
				<time>2026-08-06T20:53:36.934Z</time>
			</trkpt>
			<trkpt lat="39.94721" lon="20.68769">
				<ele>461.16</ele>
				<time>2026-08-06T20:53:38.357Z</time>
			</trkpt>
			<trkpt lat="39.94725" lon="20.68763">
				<ele>461.81</ele>
				<time>2026-08-06T20:53:38.672Z</time>
			</trkpt>
			<trkpt lat="39.9473" lon="20.68762">
				<ele>463.7</ele>
				<time>2026-08-06T20:53:38.934Z</time>
			</trkpt>
			<trkpt lat="39.94734" lon="20.68766">
				<ele>466.67</ele>
				<time>2026-08-06T20:53:39.195Z</time>
			</trkpt>
			<trkpt lat="39.94733" lon="20.68774">
				<ele>468.21</ele>
				<time>2026-08-06T20:53:39.517Z</time>
			</trkpt>
			<trkpt lat="39.94724" lon="20.68788">
				<ele>465.65</ele>
				<time>2026-08-06T20:53:40.243Z</time>
			</trkpt>
			<trkpt lat="39.9472" lon="20.68798">
				<ele>464.91</ele>
				<time>2026-08-06T20:53:40.691Z</time>
			</trkpt>
			<trkpt lat="39.94717" lon="20.68815">
				<ele>464.83</ele>
				<time>2026-08-06T20:53:41.386Z</time>
			</trkpt>
			<trkpt lat="39.94715" lon="20.6885">
				<ele>465.68</ele>
				<time>2026-08-06T20:53:42.787Z</time>
			</trkpt>
			<trkpt lat="39.94717" lon="20.68903">
				<ele>466.87</ele>
				<time>2026-08-06T20:53:44.913Z</time>
			</trkpt>
			<trkpt lat="39.94721" lon="20.68912">
				<ele>467.06</ele>
				<time>2026-08-06T20:53:45.331Z</time>
			</trkpt>
			<trkpt lat="39.94725" lon="20.68914">
				<ele>468.76</ele>
				<time>2026-08-06T20:53:45.556Z</time>
			</trkpt>
			<trkpt lat="39.94727" lon="20.68912">
				<ele>470.57</ele>
				<time>2026-08-06T20:53:45.688Z</time>
			</trkpt>
			<trkpt lat="39.94729" lon="20.68907">
				<ele>471.85</ele>
				<time>2026-08-06T20:53:45.915Z</time>
			</trkpt>
			<trkpt lat="39.94725" lon="20.68863">
				<ele>471.01</ele>
				<time>2026-08-06T20:53:47.701Z</time>
			</trkpt>
			<trkpt lat="39.94728" lon="20.68845">
				<ele>471.56</ele>
				<time>2026-08-06T20:53:48.446Z</time>
			</trkpt>
			<trkpt lat="39.94743" lon="20.688">
				<ele>476.18</ele>
				<time>2026-08-06T20:53:50.436Z</time>
			</trkpt>
			<trkpt lat="39.94768" lon="20.68754">
				<ele>480.09</ele>
				<time>2026-08-06T20:53:52.735Z</time>
			</trkpt>
			<trkpt lat="39.94778" lon="20.68727">
				<ele>477.01</ele>
				<time>2026-08-06T20:53:53.962Z</time>
			</trkpt>
			<trkpt lat="39.94783" lon="20.6872">
				<ele>477.08</ele>
				<time>2026-08-06T20:53:54.354Z</time>
			</trkpt>
			<trkpt lat="39.94786" lon="20.68717">
				<ele>477.7</ele>
				<time>2026-08-06T20:53:54.557Z</time>
			</trkpt>
			<trkpt lat="39.94791" lon="20.68718">
				<ele>481.13</ele>
				<time>2026-08-06T20:53:54.828Z</time>
			</trkpt>
			<trkpt lat="39.94793" lon="20.68723">
				<ele>483.58</ele>
				<time>2026-08-06T20:53:55.060Z</time>
			</trkpt>
			<trkpt lat="39.94792" lon="20.68727">
				<ele>484.59</ele>
				<time>2026-08-06T20:53:55.233Z</time>
			</trkpt>
			<trkpt lat="39.94785" lon="20.6874">
				<ele>484.9</ele>
				<time>2026-08-06T20:53:55.886Z</time>
			</trkpt>
			<trkpt lat="39.94769" lon="20.68784">
				<ele>486.32</ele>
				<time>2026-08-06T20:53:57.897Z</time>
			</trkpt>
			<trkpt lat="39.94762" lon="20.6882">
				<ele>487.08</ele>
				<time>2026-08-06T20:53:59.438Z</time>
			</trkpt>
			<trkpt lat="39.94761" lon="20.68838">
				<ele>488.16</ele>
				<time>2026-08-06T20:54:00.189Z</time>
			</trkpt>
			<trkpt lat="39.9476" lon="20.68901">
				<ele>488.96</ele>
				<time>2026-08-06T20:54:02.822Z</time>
			</trkpt>
			<trkpt lat="39.94762" lon="20.68907">
				<ele>489.2</ele>
				<time>2026-08-06T20:54:03.096Z</time>
			</trkpt>
			<trkpt lat="39.94764" lon="20.6891">
				<ele>490.17</ele>
				<time>2026-08-06T20:54:03.263Z</time>
			</trkpt>
			<trkpt lat="39.94768" lon="20.68911">
				<ele>492.06</ele>
				<time>2026-08-06T20:54:03.486Z</time>
			</trkpt>
			<trkpt lat="39.94772" lon="20.68908">
				<ele>494.35</ele>
				<time>2026-08-06T20:54:03.739Z</time>
			</trkpt>
			<trkpt lat="39.94774" lon="20.689">
				<ele>496.24</ele>
				<time>2026-08-06T20:54:04.093Z</time>
			</trkpt>
			<trkpt lat="39.94773" lon="20.68861">
				<ele>496.11</ele>
				<time>2026-08-06T20:54:05.738Z</time>
			</trkpt>
			<trkpt lat="39.94778" lon="20.68837">
				<ele>495.84</ele>
				<time>2026-08-06T20:54:06.791Z</time>
			</trkpt>
			<trkpt lat="39.9479" lon="20.68798">
				<ele>498.04</ele>
				<time>2026-08-06T20:54:08.577Z</time>
			</trkpt>
			<trkpt lat="39.94809" lon="20.68762">
				<ele>502.29</ele>
				<time>2026-08-06T20:54:10.443Z</time>
			</trkpt>
			<trkpt lat="39.94824" lon="20.68744">
				<ele>504.68</ele>
				<time>2026-08-06T20:54:11.583Z</time>
			</trkpt>
			<trkpt lat="39.94841" lon="20.68733">
				<ele>505.44</ele>
				<time>2026-08-06T20:54:12.648Z</time>
			</trkpt>
			<trkpt lat="39.94849" lon="20.68731">
				<ele>505.75</ele>
				<time>2026-08-06T20:54:13.107Z</time>
			</trkpt>
			<trkpt lat="39.94852" lon="20.68736">
				<ele>508.61</ele>
				<time>2026-08-06T20:54:13.381Z</time>
			</trkpt>
			<trkpt lat="39.9485" lon="20.68743">
				<ele>511.38</ele>
				<time>2026-08-06T20:54:13.703Z</time>
			</trkpt>
			<trkpt lat="39.94833" lon="20.68756">
				<ele>512.6</ele>
				<time>2026-08-06T20:54:14.816Z</time>
			</trkpt>
			<trkpt lat="39.94827" lon="20.68764">
				<ele>511.64</ele>
				<time>2026-08-06T20:54:15.302Z</time>
			</trkpt>
			<trkpt lat="39.94822" lon="20.68776">
				<ele>511.91</ele>
				<time>2026-08-06T20:54:15.895Z</time>
			</trkpt>
			<trkpt lat="39.94819" lon="20.68819">
				<ele>517.01</ele>
				<time>2026-08-06T20:54:17.779Z</time>
			</trkpt>
			<trkpt lat="39.94821" lon="20.68851">
				<ele>520.91</ele>
				<time>2026-08-06T20:54:19.186Z</time>
			</trkpt>
			<trkpt lat="39.94825" lon="20.6888">
				<ele>521.65</ele>
				<time>2026-08-06T20:54:20.483Z</time>
			</trkpt>
			<trkpt lat="39.94833" lon="20.68909">
				<ele>521.11</ele>
				<time>2026-08-06T20:54:21.845Z</time>
			</trkpt>
			<trkpt lat="39.94837" lon="20.68917">
				<ele>521.2</ele>
				<time>2026-08-06T20:54:22.268Z</time>
			</trkpt>
			<trkpt lat="39.94842" lon="20.68921">
				<ele>522.09</ele>
				<time>2026-08-06T20:54:22.607Z</time>
			</trkpt>
			<trkpt lat="39.94845" lon="20.68921">
				<ele>523</ele>
				<time>2026-08-06T20:54:22.781Z</time>
			</trkpt>
			<trkpt lat="39.9485" lon="20.68913">
				<ele>525.39</ele>
				<time>2026-08-06T20:54:23.239Z</time>
			</trkpt>
			<trkpt lat="39.94845" lon="20.68884">
				<ele>528.55</ele>
				<time>2026-08-06T20:54:24.564Z</time>
			</trkpt>
			<trkpt lat="39.94844" lon="20.68866">
				<ele>530.64</ele>
				<time>2026-08-06T20:54:25.370Z</time>
			</trkpt>
			<trkpt lat="39.94846" lon="20.68847">
				<ele>530.64</ele>
				<time>2026-08-06T20:54:26.230Z</time>
			</trkpt>
			<trkpt lat="39.94853" lon="20.68825">
				<ele>530.1</ele>
				<time>2026-08-06T20:54:27.300Z</time>
			</trkpt>
			<trkpt lat="39.94862" lon="20.68808">
				<ele>530.69</ele>
				<time>2026-08-06T20:54:28.232Z</time>
			</trkpt>
			<trkpt lat="39.94866" lon="20.68805">
				<ele>531.28</ele>
				<time>2026-08-06T20:54:28.504Z</time>
			</trkpt>
			<trkpt lat="39.94873" lon="20.68804">
				<ele>532.85</ele>
				<time>2026-08-06T20:54:28.919Z</time>
			</trkpt>
			<trkpt lat="39.94877" lon="20.68811">
				<ele>535.13</ele>
				<time>2026-08-06T20:54:29.314Z</time>
			</trkpt>
			<trkpt lat="39.94871" lon="20.68841">
				<ele>537.57</ele>
				<time>2026-08-06T20:54:30.722Z</time>
			</trkpt>
			<trkpt lat="39.9487" lon="20.68863">
				<ele>538.7</ele>
				<time>2026-08-06T20:54:31.726Z</time>
			</trkpt>
			<trkpt lat="39.94874" lon="20.68892">
				<ele>538.91</ele>
				<time>2026-08-06T20:54:33.074Z</time>
			</trkpt>
			<trkpt lat="39.94879" lon="20.68903">
				<ele>539.6</ele>
				<time>2026-08-06T20:54:33.661Z</time>
			</trkpt>
			<trkpt lat="39.94889" lon="20.68918">
				<ele>543.27</ele>
				<time>2026-08-06T20:54:34.575Z</time>
			</trkpt>
			<trkpt lat="39.9491" lon="20.68934">
				<ele>553.06</ele>
				<time>2026-08-06T20:54:36.040Z</time>
			</trkpt>
			<trkpt lat="39.94927" lon="20.68953">
				<ele>556.56</ele>
				<time>2026-08-06T20:54:37.394Z</time>
			</trkpt>
			<trkpt lat="39.94949" lon="20.68986">
				<ele>558.27</ele>
				<time>2026-08-06T20:54:39.433Z</time>
			</trkpt>
			<trkpt lat="39.94955" lon="20.68992">
				<ele>560.55</ele>
				<time>2026-08-06T20:54:39.894Z</time>
			</trkpt>
			<trkpt lat="39.94959" lon="20.68991">
				<ele>563.02</ele>
				<time>2026-08-06T20:54:40.143Z</time>
			</trkpt>
			<trkpt lat="39.94962" lon="20.68987">
				<ele>565.55</ele>
				<time>2026-08-06T20:54:40.406Z</time>
			</trkpt>
			<trkpt lat="39.94963" lon="20.68981">
				<ele>566.97</ele>
				<time>2026-08-06T20:54:40.694Z</time>
			</trkpt>
			<trkpt lat="39.9496" lon="20.68975">
				<ele>566.58</ele>
				<time>2026-08-06T20:54:41.031Z</time>
			</trkpt>
			<trkpt lat="39.94939" lon="20.68951">
				<ele>562.76</ele>
				<time>2026-08-06T20:54:42.748Z</time>
			</trkpt>
			<trkpt lat="39.94926" lon="20.68926">
				<ele>561.09</ele>
				<time>2026-08-06T20:54:44.179Z</time>
			</trkpt>
			<trkpt lat="39.94922" lon="20.68902">
				<ele>561.09</ele>
				<time>2026-08-06T20:54:45.348Z</time>
			</trkpt>
			<trkpt lat="39.94925" lon="20.68881">
				<ele>561.02</ele>
				<time>2026-08-06T20:54:46.368Z</time>
			</trkpt>
			<trkpt lat="39.94928" lon="20.68876">
				<ele>560.75</ele>
				<time>2026-08-06T20:54:46.672Z</time>
			</trkpt>
			<trkpt lat="39.94932" lon="20.68874">
				<ele>560.83</ele>
				<time>2026-08-06T20:54:46.940Z</time>
			</trkpt>
			<trkpt lat="39.94937" lon="20.68875">
				<ele>561.49</ele>
				<time>2026-08-06T20:54:47.256Z</time>
			</trkpt>
			<trkpt lat="39.9494" lon="20.6888">
				<ele>562.34</ele>
				<time>2026-08-06T20:54:47.561Z</time>
			</trkpt>
			<trkpt lat="39.94942" lon="20.68903">
				<ele>566.17</ele>
				<time>2026-08-06T20:54:48.674Z</time>
			</trkpt>
			<trkpt lat="39.94946" lon="20.68921">
				<ele>569.03</ele>
				<time>2026-08-06T20:54:49.579Z</time>
			</trkpt>
			<trkpt lat="39.94949" lon="20.68933">
				<ele>569.1</ele>
				<time>2026-08-06T20:54:50.189Z</time>
			</trkpt>
			<trkpt lat="39.94955" lon="20.68945">
				<ele>570.39</ele>
				<time>2026-08-06T20:54:50.884Z</time>
			</trkpt>
			<trkpt lat="39.94962" lon="20.68945">
				<ele>572.6</ele>
				<time>2026-08-06T20:54:51.328Z</time>
			</trkpt>
			<trkpt lat="39.94964" lon="20.68941">
				<ele>573.58</ele>
				<time>2026-08-06T20:54:51.560Z</time>
			</trkpt>
			<trkpt lat="39.94966" lon="20.68926">
				<ele>573.99</ele>
				<time>2026-08-06T20:54:52.301Z</time>
			</trkpt>
			<trkpt lat="39.94969" lon="20.68917">
				<ele>574.52</ele>
				<time>2026-08-06T20:54:52.780Z</time>
			</trkpt>
			<trkpt lat="39.94975" lon="20.68914">
				<ele>573.51</ele>
				<time>2026-08-06T20:54:53.190Z</time>
			</trkpt>
			<trkpt lat="39.94981" lon="20.68916">
				<ele>573.29</ele>
				<time>2026-08-06T20:54:53.585Z</time>
			</trkpt>
			<trkpt lat="39.94985" lon="20.6892">
				<ele>573.5</ele>
				<time>2026-08-06T20:54:53.908Z</time>
			</trkpt>
			<trkpt lat="39.94988" lon="20.68934">
				<ele>576.82</ele>
				<time>2026-08-06T20:54:54.621Z</time>
			</trkpt>
			<trkpt lat="39.94987" lon="20.68946">
				<ele>579.27</ele>
				<time>2026-08-06T20:54:55.215Z</time>
			</trkpt>
			<trkpt lat="39.94992" lon="20.68974">
				<ele>582.28</ele>
				<time>2026-08-06T20:54:56.633Z</time>
			</trkpt>
			<trkpt lat="39.95005" lon="20.69022">
				<ele>582.04</ele>
				<time>2026-08-06T20:54:59.162Z</time>
			</trkpt>
			<trkpt lat="39.95017" lon="20.69049">
				<ele>580.72</ele>
				<time>2026-08-06T20:55:00.722Z</time>
			</trkpt>
			<trkpt lat="39.9502" lon="20.69053">
				<ele>581.69</ele>
				<time>2026-08-06T20:55:01.003Z</time>
			</trkpt>
			<trkpt lat="39.95024" lon="20.69054">
				<ele>583.69</ele>
				<time>2026-08-06T20:55:01.270Z</time>
			</trkpt>
			<trkpt lat="39.95028" lon="20.69053">
				<ele>585.53</ele>
				<time>2026-08-06T20:55:01.537Z</time>
			</trkpt>
			<trkpt lat="39.95031" lon="20.69049">
				<ele>586.47</ele>
				<time>2026-08-06T20:55:01.818Z</time>
			</trkpt>
			<trkpt lat="39.9503" lon="20.69011">
				<ele>589.07</ele>
				<time>2026-08-06T20:55:03.737Z</time>
			</trkpt>
			<trkpt lat="39.95036" lon="20.68991">
				<ele>587.42</ele>
				<time>2026-08-06T20:55:04.826Z</time>
			</trkpt>
			<trkpt lat="39.9504" lon="20.68986">
				<ele>585.72</ele>
				<time>2026-08-06T20:55:05.194Z</time>
			</trkpt>
			<trkpt lat="39.95045" lon="20.68984">
				<ele>584.41</ele>
				<time>2026-08-06T20:55:05.541Z</time>
			</trkpt>
			<trkpt lat="39.95054" lon="20.68989">
				<ele>583.75</ele>
				<time>2026-08-06T20:55:06.191Z</time>
			</trkpt>
			<trkpt lat="39.95056" lon="20.68997">
				<ele>585.02</ele>
				<time>2026-08-06T20:55:06.621Z</time>
			</trkpt>
			<trkpt lat="39.95052" lon="20.6901">
				<ele>587.96</ele>
				<time>2026-08-06T20:55:07.338Z</time>
			</trkpt>
			<trkpt lat="39.95052" lon="20.6902">
				<ele>589.6</ele>
				<time>2026-08-06T20:55:07.851Z</time>
			</trkpt>
			<trkpt lat="39.95053" lon="20.69033">
				<ele>591.17</ele>
				<time>2026-08-06T20:55:08.522Z</time>
			</trkpt>
			<trkpt lat="39.95064" lon="20.69067">
				<ele>596.37</ele>
				<time>2026-08-06T20:55:10.426Z</time>
			</trkpt>
			<trkpt lat="39.951" lon="20.69154">
				<ele>608.39</ele>
				<time>2026-08-06T20:55:15.585Z</time>
			</trkpt>
			<trkpt lat="39.95119" lon="20.69196">
				<ele>612.98</ele>
				<time>2026-08-06T20:55:18.163Z</time>
			</trkpt>
			<trkpt lat="39.95146" lon="20.6928">
				<ele>620.71</ele>
				<time>2026-08-06T20:55:23.036Z</time>
			</trkpt>
			<trkpt lat="39.95173" lon="20.69347">
				<ele>626.53</ele>
				<time>2026-08-06T20:55:27.145Z</time>
			</trkpt>
			<trkpt lat="39.9518" lon="20.69365">
				<ele>627.49</ele>
				<time>2026-08-06T20:55:28.250Z</time>
			</trkpt>
			<trkpt lat="39.95184" lon="20.69386">
				<ele>630.28</ele>
				<time>2026-08-06T20:55:29.439Z</time>
			</trkpt>
			<trkpt lat="39.95184" lon="20.6941">
				<ele>632.83</ele>
				<time>2026-08-06T20:55:30.763Z</time>
			</trkpt>
			<trkpt lat="39.95181" lon="20.69433">
				<ele>633.32</ele>
				<time>2026-08-06T20:55:32.055Z</time>
			</trkpt>
			<trkpt lat="39.9518" lon="20.69451">
				<ele>633.37</ele>
				<time>2026-08-06T20:55:33.059Z</time>
			</trkpt>
			<trkpt lat="39.95184" lon="20.69466">
				<ele>633.3</ele>
				<time>2026-08-06T20:55:33.945Z</time>
			</trkpt>
			<trkpt lat="39.95192" lon="20.69473">
				<ele>633.54</ele>
				<time>2026-08-06T20:55:34.648Z</time>
			</trkpt>
			<trkpt lat="39.95197" lon="20.69471">
				<ele>634.27</ele>
				<time>2026-08-06T20:55:35.030Z</time>
			</trkpt>
			<trkpt lat="39.95201" lon="20.69467">
				<ele>634.66</ele>
				<time>2026-08-06T20:55:35.398Z</time>
			</trkpt>
			<trkpt lat="39.95203" lon="20.69458">
				<ele>634.94</ele>
				<time>2026-08-06T20:55:35.925Z</time>
			</trkpt>
			<trkpt lat="39.95207" lon="20.69425">
				<ele>636.48</ele>
				<time>2026-08-06T20:55:37.808Z</time>
			</trkpt>
			<trkpt lat="39.95216" lon="20.69377">
				<ele>639.98</ele>
				<time>2026-08-06T20:55:40.616Z</time>
			</trkpt>
			<trkpt lat="39.95215" lon="20.69355">
				<ele>640.28</ele>
				<time>2026-08-06T20:55:41.876Z</time>
			</trkpt>
			<trkpt lat="39.95207" lon="20.69316">
				<ele>637.39</ele>
				<time>2026-08-06T20:55:44.197Z</time>
			</trkpt>
			<trkpt lat="39.95207" lon="20.69306">
				<ele>637.83</ele>
				<time>2026-08-06T20:55:44.774Z</time>
			</trkpt>
			<trkpt lat="39.9521" lon="20.69297">
				<ele>637.97</ele>
				<time>2026-08-06T20:55:45.342Z</time>
			</trkpt>
			<trkpt lat="39.95213" lon="20.69292">
				<ele>637.9</ele>
				<time>2026-08-06T20:55:45.710Z</time>
			</trkpt>
			<trkpt lat="39.95219" lon="20.69289">
				<ele>637.67</ele>
				<time>2026-08-06T20:55:46.197Z</time>
			</trkpt>
			<trkpt lat="39.95224" lon="20.6929">
				<ele>637.2</ele>
				<time>2026-08-06T20:55:46.580Z</time>
			</trkpt>
			<trkpt lat="39.95229" lon="20.69293">
				<ele>636.86</ele>
				<time>2026-08-06T20:55:46.998Z</time>
			</trkpt>
			<trkpt lat="39.9526" lon="20.69331">
				<ele>641.7</ele>
				<time>2026-08-06T20:55:50.245Z</time>
			</trkpt>
			<trkpt lat="39.95272" lon="20.69348">
				<ele>645.4</ele>
				<time>2026-08-06T20:55:51.607Z</time>
			</trkpt>
			<trkpt lat="39.95286" lon="20.69372">
				<ele>648.66</ele>
				<time>2026-08-06T20:55:53.394Z</time>
			</trkpt>
			<trkpt lat="39.95315" lon="20.69431">
				<ele>654.53</ele>
				<time>2026-08-06T20:55:57.583Z</time>
			</trkpt>
			<trkpt lat="39.95342" lon="20.69501">
				<ele>663.33</ele>
				<time>2026-08-06T20:56:02.333Z</time>
			</trkpt>
			<trkpt lat="39.95357" lon="20.69541">
				<ele>661.82</ele>
				<time>2026-08-06T20:56:05.063Z</time>
			</trkpt>
			<trkpt lat="39.95364" lon="20.69555">
				<ele>659.78</ele>
				<time>2026-08-06T20:56:06.093Z</time>
			</trkpt>
			<trkpt lat="39.95373" lon="20.69565">
				<ele>656.96</ele>
				<time>2026-08-06T20:56:07.047Z</time>
			</trkpt>
			<trkpt lat="39.95422" lon="20.69601">
				<ele>657.62</ele>
				<time>2026-08-06T20:56:11.622Z</time>
			</trkpt>
			<trkpt lat="39.95514" lon="20.69674">
				<ele>662.89</ele>
				<time>2026-08-06T20:56:20.559Z</time>
			</trkpt>
			<trkpt lat="39.95545" lon="20.69693">
				<ele>666.09</ele>
				<time>2026-08-06T20:56:23.452Z</time>
			</trkpt>
			<trkpt lat="39.95568" lon="20.69703">
				<ele>667.77</ele>
				<time>2026-08-06T20:56:25.515Z</time>
			</trkpt>
			<trkpt lat="39.95583" lon="20.69706">
				<ele>668.33</ele>
				<time>2026-08-06T20:56:26.812Z</time>
			</trkpt>
			<trkpt lat="39.95637" lon="20.69712">
				<ele>674.32</ele>
				<time>2026-08-06T20:56:31.485Z</time>
			</trkpt>
			<trkpt lat="39.95673" lon="20.69719">
				<ele>680.63</ele>
				<time>2026-08-06T20:56:34.659Z</time>
			</trkpt>
			<trkpt lat="39.95693" lon="20.69725">
				<ele>682.47</ele>
				<time>2026-08-06T20:56:36.461Z</time>
			</trkpt>
			<trkpt lat="39.95748" lon="20.69747">
				<ele>687.42</ele>
				<time>2026-08-06T20:56:41.562Z</time>
			</trkpt>
			<trkpt lat="39.95773" lon="20.69771">
				<ele>692.29</ele>
				<time>2026-08-06T20:56:44.345Z</time>
			</trkpt>
			<trkpt lat="39.95788" lon="20.69791">
				<ele>697.55</ele>
				<time>2026-08-06T20:56:46.281Z</time>
			</trkpt>
			<trkpt lat="39.95854" lon="20.69915">
				<ele>710.91</ele>
				<time>2026-08-06T20:56:56.904Z</time>
			</trkpt>
			<trkpt lat="39.95872" lon="20.69945">
				<ele>716.79</ele>
				<time>2026-08-06T20:56:59.634Z</time>
			</trkpt>
			<trkpt lat="39.95893" lon="20.69978">
				<ele>722.22</ele>
				<time>2026-08-06T20:57:02.731Z</time>
			</trkpt>
			<trkpt lat="39.95909" lon="20.69998">
				<ele>722.79</ele>
				<time>2026-08-06T20:57:04.833Z</time>
			</trkpt>
			<trkpt lat="39.95939" lon="20.70029">
				<ele>725.29</ele>
				<time>2026-08-06T20:57:08.491Z</time>
			</trkpt>
			<trkpt lat="39.95964" lon="20.70058">
				<ele>727.32</ele>
				<time>2026-08-06T20:57:11.717Z</time>
			</trkpt>
			<trkpt lat="39.95971" lon="20.7007">
				<ele>728.32</ele>
				<time>2026-08-06T20:57:12.838Z</time>
			</trkpt>
			<trkpt lat="39.95984" lon="20.70107">
				<ele>730.87</ele>
				<time>2026-08-06T20:57:15.880Z</time>
			</trkpt>
			<trkpt lat="39.95987" lon="20.7011">
				<ele>731.86</ele>
				<time>2026-08-06T20:57:16.250Z</time>
			</trkpt>
			<trkpt lat="39.95992" lon="20.70111">
				<ele>733.86</ele>
				<time>2026-08-06T20:57:16.746Z</time>
			</trkpt>
			<trkpt lat="39.95998" lon="20.70107">
				<ele>736.82</ele>
				<time>2026-08-06T20:57:17.408Z</time>
			</trkpt>
			<trkpt lat="39.95999" lon="20.701">
				<ele>738.65</ele>
				<time>2026-08-06T20:57:17.945Z</time>
			</trkpt>
			<trkpt lat="39.95996" lon="20.7009">
				<ele>739.11</ele>
				<time>2026-08-06T20:57:18.756Z</time>
			</trkpt>
			<trkpt lat="39.95964" lon="20.70025">
				<ele>737.11</ele>
				<time>2026-08-06T20:57:24.638Z</time>
			</trkpt>
			<trkpt lat="39.95951" lon="20.69992">
				<ele>739.73</ele>
				<time>2026-08-06T20:57:27.495Z</time>
			</trkpt>
			<trkpt lat="39.95946" lon="20.69973">
				<ele>743.22</ele>
				<time>2026-08-06T20:57:29.050Z</time>
			</trkpt>
			<trkpt lat="39.95938" lon="20.69916">
				<ele>746.4</ele>
				<time>2026-08-06T20:57:33.569Z</time>
			</trkpt>
			<trkpt lat="39.95938" lon="20.699">
				<ele>745.38</ele>
				<time>2026-08-06T20:57:34.826Z</time>
			</trkpt>
			<trkpt lat="39.95945" lon="20.69867">
				<ele>744.05</ele>
				<time>2026-08-06T20:57:37.529Z</time>
			</trkpt>
			<trkpt lat="39.95949" lon="20.69863">
				<ele>744.45</ele>
				<time>2026-08-06T20:57:38.050Z</time>
			</trkpt>
			<trkpt lat="39.95959" lon="20.69867">
				<ele>747.34</ele>
				<time>2026-08-06T20:57:39.133Z</time>
			</trkpt>
			<trkpt lat="39.95963" lon="20.69874">
				<ele>749.34</ele>
				<time>2026-08-06T20:57:39.828Z</time>
			</trkpt>
			<trkpt lat="39.95965" lon="20.69881">
				<ele>751.11</ele>
				<time>2026-08-06T20:57:40.423Z</time>
			</trkpt>
			<trkpt lat="39.95965" lon="20.69916">
				<ele>755.18</ele>
				<time>2026-08-06T20:57:43.224Z</time>
			</trkpt>
			<trkpt lat="39.95969" lon="20.69932">
				<ele>755.12</ele>
				<time>2026-08-06T20:57:44.577Z</time>
			</trkpt>
			<trkpt lat="39.95985" lon="20.69966">
				<ele>756.48</ele>
				<time>2026-08-06T20:57:47.803Z</time>
			</trkpt>
			<trkpt lat="39.95997" lon="20.69986">
				<ele>757.86</ele>
				<time>2026-08-06T20:57:49.869Z</time>
			</trkpt>
			<trkpt lat="39.96018" lon="20.70015">
				<ele>762.14</ele>
				<time>2026-08-06T20:57:53.135Z</time>
			</trkpt>
			<trkpt lat="39.9604" lon="20.70051">
				<ele>767.01</ele>
				<time>2026-08-06T20:57:56.936Z</time>
			</trkpt>
			<trkpt lat="39.9605" lon="20.70071">
				<ele>769.26</ele>
				<time>2026-08-06T20:57:58.920Z</time>
			</trkpt>
			<trkpt lat="39.96059" lon="20.70098">
				<ele>769.28</ele>
				<time>2026-08-06T20:58:01.379Z</time>
			</trkpt>
			<trkpt lat="39.96066" lon="20.70132">
				<ele>769.28</ele>
				<time>2026-08-06T20:58:04.338Z</time>
			</trkpt>
			<trkpt lat="39.96069" lon="20.70173">
				<ele>772.92</ele>
				<time>2026-08-06T20:58:07.824Z</time>
			</trkpt>
			<trkpt lat="39.9607" lon="20.70201">
				<ele>771.51</ele>
				<time>2026-08-06T20:58:10.213Z</time>
			</trkpt>
			<trkpt lat="39.96073" lon="20.70219">
				<ele>769.99</ele>
				<time>2026-08-06T20:58:11.790Z</time>
			</trkpt>
			<trkpt lat="39.96077" lon="20.70233">
				<ele>771.1</ele>
				<time>2026-08-06T20:58:13.073Z</time>
			</trkpt>
			<trkpt lat="39.961" lon="20.70275">
				<ele>778.2</ele>
				<time>2026-08-06T20:58:17.533Z</time>
			</trkpt>
			<trkpt lat="39.96116" lon="20.70299">
				<ele>778.94</ele>
				<time>2026-08-06T20:58:20.304Z</time>
			</trkpt>
			<trkpt lat="39.9614" lon="20.70323">
				<ele>783.65</ele>
				<time>2026-08-06T20:58:23.764Z</time>
			</trkpt>
			<trkpt lat="39.96182" lon="20.70356">
				<ele>788.53</ele>
				<time>2026-08-06T20:58:29.429Z</time>
			</trkpt>
			<trkpt lat="39.96197" lon="20.70371">
				<ele>786.64</ele>
				<time>2026-08-06T20:58:31.631Z</time>
			</trkpt>
			<trkpt lat="39.9621" lon="20.70387">
				<ele>786.89</ele>
				<time>2026-08-06T20:58:33.723Z</time>
			</trkpt>
			<trkpt lat="39.96232" lon="20.70428">
				<ele>786.71</ele>
				<time>2026-08-06T20:58:38.245Z</time>
			</trkpt>
			<trkpt lat="39.96253" lon="20.70504">
				<ele>789.96</ele>
				<time>2026-08-06T20:58:45.635Z</time>
			</trkpt>
			<trkpt lat="39.9626" lon="20.70522">
				<ele>789.32</ele>
				<time>2026-08-06T20:58:47.499Z</time>
			</trkpt>
			<trkpt lat="39.96269" lon="20.7054">
				<ele>789.7</ele>
				<time>2026-08-06T20:58:49.491Z</time>
			</trkpt>
			<trkpt lat="39.96281" lon="20.70556">
				<ele>790.46</ele>
				<time>2026-08-06T20:58:51.575Z</time>
			</trkpt>
			<trkpt lat="39.96306" lon="20.70587">
				<ele>796.88</ele>
				<time>2026-08-06T20:58:55.791Z</time>
			</trkpt>
			<trkpt lat="39.96322" lon="20.70628">
				<ele>800.16</ele>
				<time>2026-08-06T20:59:00.139Z</time>
			</trkpt>
			<trkpt lat="39.96332" lon="20.70665">
				<ele>799.9</ele>
				<time>2026-08-06T20:59:03.876Z</time>
			</trkpt>
			<trkpt lat="39.96333" lon="20.70688">
				<ele>798.39</ele>
				<time>2026-08-06T20:59:06.084Z</time>
			</trkpt>
			<trkpt lat="39.96319" lon="20.70725">
				<ele>793.78</ele>
				<time>2026-08-06T20:59:10.062Z</time>
			</trkpt>
			<trkpt lat="39.96315" lon="20.70745">
				<ele>794.03</ele>
				<time>2026-08-06T20:59:12.066Z</time>
			</trkpt>
			<trkpt lat="39.96318" lon="20.70767">
				<ele>796.89</ele>
				<time>2026-08-06T20:59:14.241Z</time>
			</trkpt>
			<trkpt lat="39.96328" lon="20.70807">
				<ele>800.09</ele>
				<time>2026-08-06T20:59:18.362Z</time>
			</trkpt>
			<trkpt lat="39.96341" lon="20.70844">
				<ele>801.27</ele>
				<time>2026-08-06T20:59:22.379Z</time>
			</trkpt>
			<trkpt lat="39.96356" lon="20.70877">
				<ele>802.96</ele>
				<time>2026-08-06T20:59:26.194Z</time>
			</trkpt>
			<trkpt lat="39.96383" lon="20.7092">
				<ele>808.08</ele>
				<time>2026-08-06T20:59:31.770Z</time>
			</trkpt>
			<trkpt lat="39.96399" lon="20.70953">
				<ele>809.7</ele>
				<time>2026-08-06T20:59:35.722Z</time>
			</trkpt>
			<trkpt lat="39.96407" lon="20.70988">
				<ele>808.34</ele>
				<time>2026-08-06T20:59:39.444Z</time>
			</trkpt>
			<trkpt lat="39.96416" lon="20.71008">
				<ele>808.04</ele>
				<time>2026-08-06T20:59:41.821Z</time>
			</trkpt>
			<trkpt lat="39.96425" lon="20.71015">
				<ele>810.01</ele>
				<time>2026-08-06T20:59:43.226Z</time>
			</trkpt>
			<trkpt lat="39.96443" lon="20.71019">
				<ele>814.94</ele>
				<time>2026-08-06T20:59:45.685Z</time>
			</trkpt>
			<trkpt lat="39.96452" lon="20.71023">
				<ele>818.29</ele>
				<time>2026-08-06T20:59:46.969Z</time>
			</trkpt>
			<trkpt lat="39.96463" lon="20.71036">
				<ele>820.08</ele>
				<time>2026-08-06T20:59:48.980Z</time>
			</trkpt>
			<trkpt lat="39.96466" lon="20.71048">
				<ele>818.99</ele>
				<time>2026-08-06T20:59:50.294Z</time>
			</trkpt>
			<trkpt lat="39.96467" lon="20.71056">
				<ele>817.49</ele>
				<time>2026-08-06T20:59:51.140Z</time>
			</trkpt>
			<trkpt lat="39.96465" lon="20.71065">
				<ele>815.29</ele>
				<time>2026-08-06T20:59:52.119Z</time>
			</trkpt>
			<trkpt lat="39.96457" lon="20.71078">
				<ele>811.87</ele>
				<time>2026-08-06T20:59:53.866Z</time>
			</trkpt>
			<trkpt lat="39.96449" lon="20.71081">
				<ele>810.75</ele>
				<time>2026-08-06T20:59:55.006Z</time>
			</trkpt>
			<trkpt lat="39.96445" lon="20.7108">
				<ele>810.18</ele>
				<time>2026-08-06T20:59:55.565Z</time>
			</trkpt>
			<trkpt lat="39.96406" lon="20.71058">
				<ele>811.09</ele>
				<time>2026-08-06T21:00:01.429Z</time>
			</trkpt>
			<trkpt lat="39.96392" lon="20.71048">
				<ele>811.07</ele>
				<time>2026-08-06T21:00:03.648Z</time>
			</trkpt>
			<trkpt lat="39.96373" lon="20.71032">
				<ele>813.09</ele>
				<time>2026-08-06T21:00:06.805Z</time>
			</trkpt>
			<trkpt lat="39.96359" lon="20.71014">
				<ele>814.34</ele>
				<time>2026-08-06T21:00:09.563Z</time>
			</trkpt>
			<trkpt lat="39.96316" lon="20.70949">
				<ele>815.91</ele>
				<time>2026-08-06T21:00:18.894Z</time>
			</trkpt>
			<trkpt lat="39.963" lon="20.70928">
				<ele>814.81</ele>
				<time>2026-08-06T21:00:22.146Z</time>
			</trkpt>
			<trkpt lat="39.96269" lon="20.70898">
				<ele>814.8</ele>
				<time>2026-08-06T21:00:27.717Z</time>
			</trkpt>
			<trkpt lat="39.9626" lon="20.70893">
				<ele>814.94</ele>
				<time>2026-08-06T21:00:29.137Z</time>
			</trkpt>
			<trkpt lat="39.96243" lon="20.70894">
				<ele>816.1</ele>
				<time>2026-08-06T21:00:31.615Z</time>
			</trkpt>
			<trkpt lat="39.96232" lon="20.70901">
				<ele>815.88</ele>
				<time>2026-08-06T21:00:33.403Z</time>
			</trkpt>
			<trkpt lat="39.96222" lon="20.70915">
				<ele>816.77</ele>
				<time>2026-08-06T21:00:35.554Z</time>
			</trkpt>
			<trkpt lat="39.96201" lon="20.70948">
				<ele>817.79</ele>
				<time>2026-08-06T21:00:40.401Z</time>
			</trkpt>
			<trkpt lat="39.96196" lon="20.70964">
				<ele>819.67</ele>
				<time>2026-08-06T21:00:42.364Z</time>
			</trkpt>
			<trkpt lat="39.96193" lon="20.70984">
				<ele>823.11</ele>
				<time>2026-08-06T21:00:44.687Z</time>
			</trkpt>
			<trkpt lat="39.9619" lon="20.71052">
				<ele>827.99</ele>
				<time>2026-08-06T21:00:52.515Z</time>
			</trkpt>
			<trkpt lat="39.96185" lon="20.71072">
				<ele>830.23</ele>
				<time>2026-08-06T21:00:54.952Z</time>
			</trkpt>
			<trkpt lat="39.96179" lon="20.71084">
				<ele>831.16</ele>
				<time>2026-08-06T21:00:56.617Z</time>
			</trkpt>
			<trkpt lat="39.96173" lon="20.71092">
				<ele>831.85</ele>
				<time>2026-08-06T21:00:57.921Z</time>
			</trkpt>
			<trkpt lat="39.96143" lon="20.71103">
				<ele>828.1</ele>
				<time>2026-08-06T21:01:02.680Z</time>
			</trkpt>
			<trkpt lat="39.96136" lon="20.71107">
				<ele>827.65</ele>
				<time>2026-08-06T21:01:03.852Z</time>
			</trkpt>
			<trkpt lat="39.9613" lon="20.71116">
				<ele>828.75</ele>
				<time>2026-08-06T21:01:05.257Z</time>
			</trkpt>
			<trkpt lat="39.96127" lon="20.71139">
				<ele>832.87</ele>
				<time>2026-08-06T21:01:08.014Z</time>
			</trkpt>
			<trkpt lat="39.96129" lon="20.71166">
				<ele>835.96</ele>
				<time>2026-08-06T21:01:11.234Z</time>
			</trkpt>
			<trkpt lat="39.96141" lon="20.71247">
				<ele>847.23</ele>
				<time>2026-08-06T21:01:21.124Z</time>
			</trkpt>
			<trkpt lat="39.9614" lon="20.71255">
				<ele>848.34</ele>
				<time>2026-08-06T21:01:22.104Z</time>
			</trkpt>
			<trkpt lat="39.96137" lon="20.71263">
				<ele>849.11</ele>
				<time>2026-08-06T21:01:23.182Z</time>
			</trkpt>
			<trkpt lat="39.96131" lon="20.71267">
				<ele>848.99</ele>
				<time>2026-08-06T21:01:24.248Z</time>
			</trkpt>
			<trkpt lat="39.96125" lon="20.71268">
				<ele>848.22</ele>
				<time>2026-08-06T21:01:25.206Z</time>
			</trkpt>
			<trkpt lat="39.96104" lon="20.71266">
				<ele>844.66</ele>
				<time>2026-08-06T21:01:28.551Z</time>
			</trkpt>
			<trkpt lat="39.96097" lon="20.71267">
				<ele>844.02</ele>
				<time>2026-08-06T21:01:29.674Z</time>
			</trkpt>
			<trkpt lat="39.9609" lon="20.71273">
				<ele>844.47</ele>
				<time>2026-08-06T21:01:31.012Z</time>
			</trkpt>
			<trkpt lat="39.96072" lon="20.71297">
				<ele>845.99</ele>
				<time>2026-08-06T21:01:35.138Z</time>
			</trkpt>
			<trkpt lat="39.96066" lon="20.71307">
				<ele>847.81</ele>
				<time>2026-08-06T21:01:36.705Z</time>
			</trkpt>
			<trkpt lat="39.96064" lon="20.71314">
				<ele>849.56</ele>
				<time>2026-08-06T21:01:37.629Z</time>
			</trkpt>
			<trkpt lat="39.96063" lon="20.7132">
				<ele>851.3</ele>
				<time>2026-08-06T21:01:38.389Z</time>
			</trkpt>
			<trkpt lat="39.96066" lon="20.71328">
				<ele>853.25</ele>
				<time>2026-08-06T21:01:39.492Z</time>
			</trkpt>
			<trkpt lat="39.96075" lon="20.7133">
				<ele>853.65</ele>
				<time>2026-08-06T21:01:40.971Z</time>
			</trkpt>
			<trkpt lat="39.9611" lon="20.71328">
				<ele>855.26</ele>
				<time>2026-08-06T21:01:46.676Z</time>
			</trkpt>
			<trkpt lat="39.96123" lon="20.71329">
				<ele>856.9</ele>
				<time>2026-08-06T21:01:48.808Z</time>
			</trkpt>
			<trkpt lat="39.96135" lon="20.71335">
				<ele>858.97</ele>
				<time>2026-08-06T21:01:50.918Z</time>
			</trkpt>
			<trkpt lat="39.96153" lon="20.7135">
				<ele>861.89</ele>
				<time>2026-08-06T21:01:54.439Z</time>
			</trkpt>
			<trkpt lat="39.96165" lon="20.71354">
				<ele>862.47</ele>
				<time>2026-08-06T21:01:56.489Z</time>
			</trkpt>
			<trkpt lat="39.96175" lon="20.71353">
				<ele>863.28</ele>
				<time>2026-08-06T21:01:58.153Z</time>
			</trkpt>
			<trkpt lat="39.96182" lon="20.7135">
				<ele>863.71</ele>
				<time>2026-08-06T21:01:59.378Z</time>
			</trkpt>
			<trkpt lat="39.96187" lon="20.71345">
				<ele>863.69</ele>
				<time>2026-08-06T21:02:00.427Z</time>
			</trkpt>
			<trkpt lat="39.96191" lon="20.71336">
				<ele>863.13</ele>
				<time>2026-08-06T21:02:01.757Z</time>
			</trkpt>
			<trkpt lat="39.96193" lon="20.713">
				<ele>862.7</ele>
				<time>2026-08-06T21:02:06.390Z</time>
			</trkpt>
			<trkpt lat="39.96196" lon="20.71291">
				<ele>862.88</ele>
				<time>2026-08-06T21:02:07.655Z</time>
			</trkpt>
			<trkpt lat="39.96209" lon="20.71276">
				<ele>864.61</ele>
				<time>2026-08-06T21:02:10.581Z</time>
			</trkpt>
			<trkpt lat="39.96218" lon="20.71273">
				<ele>866.07</ele>
				<time>2026-08-06T21:02:12.152Z</time>
			</trkpt>
			<trkpt lat="39.96226" lon="20.71275">
				<ele>867.09</ele>
				<time>2026-08-06T21:02:13.533Z</time>
			</trkpt>
			<trkpt lat="39.96233" lon="20.71279">
				<ele>867.88</ele>
				<time>2026-08-06T21:02:14.830Z</time>
			</trkpt>
			<trkpt lat="39.96246" lon="20.7129">
				<ele>869.22</ele>
				<time>2026-08-06T21:02:17.468Z</time>
			</trkpt>
			<trkpt lat="39.96256" lon="20.71303">
				<ele>870.6</ele>
				<time>2026-08-06T21:02:19.879Z</time>
			</trkpt>
			<trkpt lat="39.96274" lon="20.71338">
				<ele>872.92</ele>
				<time>2026-08-06T21:02:25.426Z</time>
			</trkpt>
			<trkpt lat="39.96302" lon="20.71406">
				<ele>877.26</ele>
				<time>2026-08-06T21:02:35.691Z</time>
			</trkpt>
			<trkpt lat="39.96313" lon="20.71422">
				<ele>878.25</ele>
				<time>2026-08-06T21:02:38.573Z</time>
			</trkpt>
			<trkpt lat="39.96329" lon="20.7143">
				<ele>878.92</ele>
				<time>2026-08-06T21:02:41.583Z</time>
			</trkpt>
			<trkpt lat="39.96345" lon="20.7143">
				<ele>879.83</ele>
				<time>2026-08-06T21:02:44.404Z</time>
			</trkpt>
			<trkpt lat="39.96378" lon="20.71412">
				<ele>880.8</ele>
				<time>2026-08-06T21:02:50.747Z</time>
			</trkpt>
			<trkpt lat="39.96392" lon="20.71407">
				<ele>881.76</ele>
				<time>2026-08-06T21:02:53.336Z</time>
			</trkpt>
			<trkpt lat="39.96416" lon="20.71406">
				<ele>885.24</ele>
				<time>2026-08-06T21:02:57.637Z</time>
			</trkpt>
			<trkpt lat="39.96439" lon="20.71407">
				<ele>884.51</ele>
				<time>2026-08-06T21:03:01.780Z</time>
			</trkpt>
			<trkpt lat="39.96457" lon="20.71413">
				<ele>883</ele>
				<time>2026-08-06T21:03:05.141Z</time>
			</trkpt>
			<trkpt lat="39.96476" lon="20.71426">
				<ele>881.76</ele>
				<time>2026-08-06T21:03:09.040Z</time>
			</trkpt>
			<trkpt lat="39.96499" lon="20.71449">
				<ele>880.99</ele>
				<time>2026-08-06T21:03:14.335Z</time>
			</trkpt>
			<trkpt lat="39.96537" lon="20.71496">
				<ele>892</ele>
				<time>2026-08-06T21:03:23.990Z</time>
			</trkpt>
			<trkpt lat="39.96573" lon="20.71534">
				<ele>894.39</ele>
				<time>2026-08-06T21:03:32.623Z</time>
			</trkpt>
			<trkpt lat="39.96626" lon="20.71601">
				<ele>901.7</ele>
				<time>2026-08-06T21:03:46.564Z</time>
			</trkpt>
			<trkpt lat="39.96637" lon="20.71609">
				<ele>902.79</ele>
				<time>2026-08-06T21:03:48.966Z</time>
			</trkpt>
			<trkpt lat="39.96649" lon="20.71615">
				<ele>903.89</ele>
				<time>2026-08-06T21:03:51.424Z</time>
			</trkpt>
			<trkpt lat="39.96676" lon="20.71621">
				<ele>905.33</ele>
				<time>2026-08-06T21:03:56.685Z</time>
			</trkpt>
			<trkpt lat="39.9669" lon="20.71626">
				<ele>906.76</ele>
				<time>2026-08-06T21:03:59.486Z</time>
			</trkpt>
			<trkpt lat="39.96729" lon="20.71654">
				<ele>912.74</ele>
				<time>2026-08-06T21:04:08.133Z</time>
			</trkpt>
			<trkpt lat="39.96742" lon="20.7167">
				<ele>913.46</ele>
				<time>2026-08-06T21:04:11.628Z</time>
			</trkpt>
			<trkpt lat="39.9675" lon="20.71687">
				<ele>914.03</ele>
				<time>2026-08-06T21:04:14.628Z</time>
			</trkpt>
			<trkpt lat="39.96765" lon="20.71734">
				<ele>919.44</ele>
				<time>2026-08-06T21:04:22.332Z</time>
			</trkpt>
			<trkpt lat="39.968" lon="20.71819">
				<ele>926.84</ele>
				<time>2026-08-06T21:04:37.113Z</time>
			</trkpt>
			<trkpt lat="39.96809" lon="20.71842">
				<ele>926.61</ele>
				<time>2026-08-06T21:04:41.109Z</time>
			</trkpt>
			<trkpt lat="39.96808" lon="20.71852">
				<ele>926.35</ele>
				<time>2026-08-06T21:04:42.674Z</time>
			</trkpt>
			<trkpt lat="39.96831" lon="20.71882">
				<ele>926.17</ele>
				<time>2026-08-06T21:04:49.288Z</time>
			</trkpt>
			<trkpt lat="39.96849" lon="20.71887">
				<ele>927.77</ele>
				<time>2026-08-06T21:04:53.051Z</time>
			</trkpt>
			<trkpt lat="39.9686" lon="20.71886">
				<ele>928.91</ele>
				<time>2026-08-06T21:04:55.313Z</time>
			</trkpt>
			<trkpt lat="39.96898" lon="20.71896">
				<ele>932.04</ele>
				<time>2026-08-06T21:05:03.308Z</time>
			</trkpt>
			<trkpt lat="39.9686" lon="20.71886">
				<ele>928.91</ele>
				<time>2026-08-06T21:05:11.370Z</time>
			</trkpt>
			<trkpt lat="39.96849" lon="20.71887">
				<ele>927.77</ele>
				<time>2026-08-06T21:05:13.675Z</time>
			</trkpt>
			<trkpt lat="39.96831" lon="20.71882">
				<ele>926.17</ele>
				<time>2026-08-06T21:05:17.535Z</time>
			</trkpt>
			<trkpt lat="39.96808" lon="20.71852">
				<ele>926.35</ele>
				<time>2026-08-06T21:05:24.392Z</time>
			</trkpt>
			<trkpt lat="39.96809" lon="20.71842">
				<ele>926.61</ele>
				<time>2026-08-06T21:05:26.029Z</time>
			</trkpt>
			<trkpt lat="39.968" lon="20.71819">
				<ele>926.84</ele>
				<time>2026-08-06T21:05:30.233Z</time>
			</trkpt>
			<trkpt lat="39.96765" lon="20.71734">
				<ele>919.44</ele>
				<time>2026-08-06T21:05:46.095Z</time>
			</trkpt>
			<trkpt lat="39.9675" lon="20.71687">
				<ele>914.03</ele>
				<time>2026-08-06T21:05:55.793Z</time>
			</trkpt>
			<trkpt lat="39.96742" lon="20.7167">
				<ele>913.46</ele>
				<time>2026-08-06T21:06:06.492Z</time>
			</trkpt>
			<trkpt lat="39.96729" lon="20.71654">
				<ele>912.74</ele>
				<time>2026-08-06T21:06:21.936Z</time>
			</trkpt>
			<trkpt lat="39.9669" lon="20.71626">
				<ele>906.76</ele>
				<time>2026-08-06T21:06:38.937Z</time>
			</trkpt>
			<trkpt lat="39.96676" lon="20.71621">
				<ele>905.33</ele>
				<time>2026-08-06T21:06:41.269Z</time>
			</trkpt>
			<trkpt lat="39.96649" lon="20.71615">
				<ele>903.89</ele>
				<time>2026-08-06T21:06:46.538Z</time>
			</trkpt>
			<trkpt lat="39.96637" lon="20.71609">
				<ele>902.79</ele>
				<time>2026-08-06T21:06:49.092Z</time>
			</trkpt>
			<trkpt lat="39.96626" lon="20.71601">
				<ele>901.7</ele>
				<time>2026-08-06T21:06:51.572Z</time>
			</trkpt>
			<trkpt lat="39.96573" lon="20.71534">
				<ele>894.39</ele>
				<time>2026-08-06T21:07:03.475Z</time>
			</trkpt>
			<trkpt lat="39.96537" lon="20.71496">
				<ele>892</ele>
				<time>2026-08-06T21:07:09.896Z</time>
			</trkpt>
			<trkpt lat="39.96499" lon="20.71449">
				<ele>880.99</ele>
				<time>2026-08-06T21:07:17.109Z</time>
			</trkpt>
			<trkpt lat="39.96476" lon="20.71426">
				<ele>881.76</ele>
				<time>2026-08-06T21:07:21.080Z</time>
			</trkpt>
			<trkpt lat="39.96457" lon="20.71413">
				<ele>883</ele>
				<time>2026-08-06T21:07:24.010Z</time>
			</trkpt>
			<trkpt lat="39.96439" lon="20.71407">
				<ele>884.51</ele>
				<time>2026-08-06T21:07:26.540Z</time>
			</trkpt>
			<trkpt lat="39.96416" lon="20.71406">
				<ele>885.24</ele>
				<time>2026-08-06T21:07:29.666Z</time>
			</trkpt>
			<trkpt lat="39.96392" lon="20.71407">
				<ele>881.76</ele>
				<time>2026-08-06T21:07:32.917Z</time>
			</trkpt>
			<trkpt lat="39.96378" lon="20.71412">
				<ele>880.8</ele>
				<time>2026-08-06T21:07:34.878Z</time>
			</trkpt>
			<trkpt lat="39.96345" lon="20.7143">
				<ele>879.83</ele>
				<time>2026-08-06T21:07:39.693Z</time>
			</trkpt>
			<trkpt lat="39.96329" lon="20.7143">
				<ele>878.92</ele>
				<time>2026-08-06T21:07:41.839Z</time>
			</trkpt>
			<trkpt lat="39.96313" lon="20.71422">
				<ele>878.25</ele>
				<time>2026-08-06T21:07:44.133Z</time>
			</trkpt>
			<trkpt lat="39.96302" lon="20.71406">
				<ele>877.26</ele>
				<time>2026-08-06T21:07:46.333Z</time>
			</trkpt>
			<trkpt lat="39.96274" lon="20.71338">
				<ele>872.92</ele>
				<time>2026-08-06T21:07:54.196Z</time>
			</trkpt>
			<trkpt lat="39.96256" lon="20.71303">
				<ele>870.6</ele>
				<time>2026-08-06T21:07:58.463Z</time>
			</trkpt>
			<trkpt lat="39.96246" lon="20.7129">
				<ele>869.22</ele>
				<time>2026-08-06T21:08:00.322Z</time>
			</trkpt>
			<trkpt lat="39.96233" lon="20.71279">
				<ele>867.88</ele>
				<time>2026-08-06T21:08:02.359Z</time>
			</trkpt>
			<trkpt lat="39.96226" lon="20.71275">
				<ele>867.09</ele>
				<time>2026-08-06T21:08:03.362Z</time>
			</trkpt>
			<trkpt lat="39.96218" lon="20.71273">
				<ele>866.07</ele>
				<time>2026-08-06T21:08:04.430Z</time>
			</trkpt>
			<trkpt lat="39.96209" lon="20.71276">
				<ele>864.61</ele>
				<time>2026-08-06T21:08:05.646Z</time>
			</trkpt>
			<trkpt lat="39.96196" lon="20.71291">
				<ele>862.88</ele>
				<time>2026-08-06T21:08:07.915Z</time>
			</trkpt>
			<trkpt lat="39.96193" lon="20.713">
				<ele>862.7</ele>
				<time>2026-08-06T21:08:08.897Z</time>
			</trkpt>
			<trkpt lat="39.96191" lon="20.71336">
				<ele>863.13</ele>
				<time>2026-08-06T21:08:12.499Z</time>
			</trkpt>
			<trkpt lat="39.96187" lon="20.71345">
				<ele>863.69</ele>
				<time>2026-08-06T21:08:13.535Z</time>
			</trkpt>
			<trkpt lat="39.96182" lon="20.7135">
				<ele>863.71</ele>
				<time>2026-08-06T21:08:14.352Z</time>
			</trkpt>
			<trkpt lat="39.96175" lon="20.71353">
				<ele>863.28</ele>
				<time>2026-08-06T21:08:15.308Z</time>
			</trkpt>
			<trkpt lat="39.96165" lon="20.71354">
				<ele>862.47</ele>
				<time>2026-08-06T21:08:16.607Z</time>
			</trkpt>
			<trkpt lat="39.96153" lon="20.7135">
				<ele>861.89</ele>
				<time>2026-08-06T21:08:18.208Z</time>
			</trkpt>
			<trkpt lat="39.96135" lon="20.71335">
				<ele>858.97</ele>
				<time>2026-08-06T21:08:20.965Z</time>
			</trkpt>
			<trkpt lat="39.96123" lon="20.71329">
				<ele>856.9</ele>
				<time>2026-08-06T21:08:22.619Z</time>
			</trkpt>
			<trkpt lat="39.9611" lon="20.71328">
				<ele>855.26</ele>
				<time>2026-08-06T21:08:24.293Z</time>
			</trkpt>
			<trkpt lat="39.96075" lon="20.7133">
				<ele>853.65</ele>
				<time>2026-08-06T21:08:28.782Z</time>
			</trkpt>
			<trkpt lat="39.96066" lon="20.71328">
				<ele>853.25</ele>
				<time>2026-08-06T21:08:29.949Z</time>
			</trkpt>
			<trkpt lat="39.96063" lon="20.7132">
				<ele>851.3</ele>
				<time>2026-08-06T21:08:30.820Z</time>
			</trkpt>
			<trkpt lat="39.96064" lon="20.71314">
				<ele>849.56</ele>
				<time>2026-08-06T21:08:31.420Z</time>
			</trkpt>
			<trkpt lat="39.96066" lon="20.71307">
				<ele>847.81</ele>
				<time>2026-08-06T21:08:32.150Z</time>
			</trkpt>
			<trkpt lat="39.96072" lon="20.71297">
				<ele>845.99</ele>
				<time>2026-08-06T21:08:33.389Z</time>
			</trkpt>
			<trkpt lat="39.9609" lon="20.71273">
				<ele>844.47</ele>
				<time>2026-08-06T21:08:36.659Z</time>
			</trkpt>
			<trkpt lat="39.96097" lon="20.71267">
				<ele>844.02</ele>
				<time>2026-08-06T21:08:37.720Z</time>
			</trkpt>
			<trkpt lat="39.96104" lon="20.71266">
				<ele>844.66</ele>
				<time>2026-08-06T21:08:38.612Z</time>
			</trkpt>
			<trkpt lat="39.96125" lon="20.71268">
				<ele>848.22</ele>
				<time>2026-08-06T21:08:41.273Z</time>
			</trkpt>
			<trkpt lat="39.96131" lon="20.71267">
				<ele>848.99</ele>
				<time>2026-08-06T21:08:42.036Z</time>
			</trkpt>
			<trkpt lat="39.96137" lon="20.71263">
				<ele>849.11</ele>
				<time>2026-08-06T21:08:42.886Z</time>
			</trkpt>
			<trkpt lat="39.9614" lon="20.71255">
				<ele>848.34</ele>
				<time>2026-08-06T21:08:43.746Z</time>
			</trkpt>
			<trkpt lat="39.96141" lon="20.71247">
				<ele>847.23</ele>
				<time>2026-08-06T21:08:44.528Z</time>
			</trkpt>
			<trkpt lat="39.96129" lon="20.71166">
				<ele>835.96</ele>
				<time>2026-08-06T21:08:52.449Z</time>
			</trkpt>
			<trkpt lat="39.96127" lon="20.71139">
				<ele>832.87</ele>
				<time>2026-08-06T21:08:55.040Z</time>
			</trkpt>
			<trkpt lat="39.9613" lon="20.71116">
				<ele>828.75</ele>
				<time>2026-08-06T21:08:57.263Z</time>
			</trkpt>
			<trkpt lat="39.96136" lon="20.71107">
				<ele>827.65</ele>
				<time>2026-08-06T21:08:58.397Z</time>
			</trkpt>
			<trkpt lat="39.96143" lon="20.71103">
				<ele>828.1</ele>
				<time>2026-08-06T21:08:59.344Z</time>
			</trkpt>
			<trkpt lat="39.96173" lon="20.71092">
				<ele>831.85</ele>
				<time>2026-08-06T21:09:03.197Z</time>
			</trkpt>
			<trkpt lat="39.96179" lon="20.71084">
				<ele>831.16</ele>
				<time>2026-08-06T21:09:04.255Z</time>
			</trkpt>
			<trkpt lat="39.96185" lon="20.71072">
				<ele>830.23</ele>
				<time>2026-08-06T21:09:05.607Z</time>
			</trkpt>
			<trkpt lat="39.9619" lon="20.71052">
				<ele>827.99</ele>
				<time>2026-08-06T21:09:07.589Z</time>
			</trkpt>
			<trkpt lat="39.96193" lon="20.70984">
				<ele>823.11</ele>
				<time>2026-08-06T21:09:13.980Z</time>
			</trkpt>
			<trkpt lat="39.96196" lon="20.70964">
				<ele>819.67</ele>
				<time>2026-08-06T21:09:15.883Z</time>
			</trkpt>
			<trkpt lat="39.96201" lon="20.70948">
				<ele>817.79</ele>
				<time>2026-08-06T21:09:17.494Z</time>
			</trkpt>
			<trkpt lat="39.96222" lon="20.70915">
				<ele>816.77</ele>
				<time>2026-08-06T21:09:21.482Z</time>
			</trkpt>
			<trkpt lat="39.96232" lon="20.70901">
				<ele>815.88</ele>
				<time>2026-08-06T21:09:23.255Z</time>
			</trkpt>
			<trkpt lat="39.96243" lon="20.70894">
				<ele>816.1</ele>
				<time>2026-08-06T21:09:24.733Z</time>
			</trkpt>
			<trkpt lat="39.9626" lon="20.70893">
				<ele>814.94</ele>
				<time>2026-08-06T21:09:26.783Z</time>
			</trkpt>
			<trkpt lat="39.96269" lon="20.70898">
				<ele>814.8</ele>
				<time>2026-08-06T21:09:27.960Z</time>
			</trkpt>
			<trkpt lat="39.963" lon="20.70928">
				<ele>814.81</ele>
				<time>2026-08-06T21:09:32.588Z</time>
			</trkpt>
			<trkpt lat="39.96316" lon="20.70949">
				<ele>815.91</ele>
				<time>2026-08-06T21:09:35.299Z</time>
			</trkpt>
			<trkpt lat="39.96359" lon="20.71014">
				<ele>814.34</ele>
				<time>2026-08-06T21:09:43.116Z</time>
			</trkpt>
			<trkpt lat="39.96373" lon="20.71032">
				<ele>813.09</ele>
				<time>2026-08-06T21:09:45.438Z</time>
			</trkpt>
			<trkpt lat="39.96392" lon="20.71048">
				<ele>811.07</ele>
				<time>2026-08-06T21:09:48.102Z</time>
			</trkpt>
			<trkpt lat="39.96406" lon="20.71058">
				<ele>811.09</ele>
				<time>2026-08-06T21:09:49.978Z</time>
			</trkpt>
			<trkpt lat="39.96445" lon="20.7108">
				<ele>810.18</ele>
				<time>2026-08-06T21:09:54.954Z</time>
			</trkpt>
			<trkpt lat="39.96449" lon="20.71081">
				<ele>810.75</ele>
				<time>2026-08-06T21:09:55.429Z</time>
			</trkpt>
			<trkpt lat="39.96457" lon="20.71078">
				<ele>811.87</ele>
				<time>2026-08-06T21:09:56.400Z</time>
			</trkpt>
			<trkpt lat="39.96465" lon="20.71065">
				<ele>815.29</ele>
				<time>2026-08-06T21:09:57.889Z</time>
			</trkpt>
			<trkpt lat="39.96467" lon="20.71056">
				<ele>817.49</ele>
				<time>2026-08-06T21:09:58.725Z</time>
			</trkpt>
			<trkpt lat="39.96466" lon="20.71048">
				<ele>818.99</ele>
				<time>2026-08-06T21:09:59.447Z</time>
			</trkpt>
			<trkpt lat="39.96463" lon="20.71036">
				<ele>820.08</ele>
				<time>2026-08-06T21:10:00.571Z</time>
			</trkpt>
			<trkpt lat="39.96452" lon="20.71023">
				<ele>818.29</ele>
				<time>2026-08-06T21:10:02.292Z</time>
			</trkpt>
			<trkpt lat="39.96443" lon="20.71019">
				<ele>814.94</ele>
				<time>2026-08-06T21:10:03.393Z</time>
			</trkpt>
			<trkpt lat="39.96425" lon="20.71015">
				<ele>810.01</ele>
				<time>2026-08-06T21:10:05.504Z</time>
			</trkpt>
			<trkpt lat="39.96416" lon="20.71008">
				<ele>808.04</ele>
				<time>2026-08-06T21:10:06.713Z</time>
			</trkpt>
			<trkpt lat="39.96407" lon="20.70988">
				<ele>808.34</ele>
				<time>2026-08-06T21:10:08.761Z</time>
			</trkpt>
			<trkpt lat="39.96399" lon="20.70953">
				<ele>809.7</ele>
				<time>2026-08-06T21:10:11.977Z</time>
			</trkpt>
			<trkpt lat="39.96383" lon="20.7092">
				<ele>808.08</ele>
				<time>2026-08-06T21:10:15.402Z</time>
			</trkpt>
			<trkpt lat="39.96356" lon="20.70877">
				<ele>802.96</ele>
				<time>2026-08-06T21:10:20.256Z</time>
			</trkpt>
			<trkpt lat="39.96341" lon="20.70844">
				<ele>801.27</ele>
				<time>2026-08-06T21:10:23.592Z</time>
			</trkpt>
			<trkpt lat="39.96328" lon="20.70807">
				<ele>800.09</ele>
				<time>2026-08-06T21:10:27.118Z</time>
			</trkpt>
			<trkpt lat="39.96318" lon="20.70767">
				<ele>796.89</ele>
				<time>2026-08-06T21:10:30.748Z</time>
			</trkpt>
			<trkpt lat="39.96315" lon="20.70745">
				<ele>794.03</ele>
				<time>2026-08-06T21:10:32.670Z</time>
			</trkpt>
			<trkpt lat="39.96319" lon="20.70725">
				<ele>793.78</ele>
				<time>2026-08-06T21:10:34.445Z</time>
			</trkpt>
			<trkpt lat="39.96333" lon="20.70688">
				<ele>798.39</ele>
				<time>2026-08-06T21:10:37.977Z</time>
			</trkpt>
			<trkpt lat="39.96332" lon="20.70665">
				<ele>799.9</ele>
				<time>2026-08-06T21:10:39.943Z</time>
			</trkpt>
			<trkpt lat="39.96322" lon="20.70628">
				<ele>800.16</ele>
				<time>2026-08-06T21:10:43.281Z</time>
			</trkpt>
			<trkpt lat="39.96306" lon="20.70587">
				<ele>796.88</ele>
				<time>2026-08-06T21:10:47.181Z</time>
			</trkpt>
			<trkpt lat="39.96281" lon="20.70556">
				<ele>790.46</ele>
				<time>2026-08-06T21:10:50.979Z</time>
			</trkpt>
			<trkpt lat="39.96269" lon="20.7054">
				<ele>789.7</ele>
				<time>2026-08-06T21:10:52.863Z</time>
			</trkpt>
			<trkpt lat="39.9626" lon="20.70522">
				<ele>789.32</ele>
				<time>2026-08-06T21:10:54.667Z</time>
			</trkpt>
			<trkpt lat="39.96253" lon="20.70504">
				<ele>789.96</ele>
				<time>2026-08-06T21:10:56.359Z</time>
			</trkpt>
			<trkpt lat="39.96232" lon="20.70428">
				<ele>786.71</ele>
				<time>2026-08-06T21:11:03.099Z</time>
			</trkpt>
			<trkpt lat="39.9621" lon="20.70387">
				<ele>786.89</ele>
				<time>2026-08-06T21:11:07.249Z</time>
			</trkpt>
			<trkpt lat="39.96197" lon="20.70371">
				<ele>786.64</ele>
				<time>2026-08-06T21:11:09.176Z</time>
			</trkpt>
			<trkpt lat="39.96182" lon="20.70356">
				<ele>788.53</ele>
				<time>2026-08-06T21:11:11.209Z</time>
			</trkpt>
			<trkpt lat="39.9614" lon="20.70323">
				<ele>783.65</ele>
				<time>2026-08-06T21:11:16.464Z</time>
			</trkpt>
			<trkpt lat="39.96116" lon="20.70299">
				<ele>778.94</ele>
				<time>2026-08-06T21:11:19.689Z</time>
			</trkpt>
			<trkpt lat="39.961" lon="20.70275">
				<ele>778.2</ele>
				<time>2026-08-06T21:11:22.281Z</time>
			</trkpt>
			<trkpt lat="39.96077" lon="20.70233">
				<ele>771.1</ele>
				<time>2026-08-06T21:11:26.472Z</time>
			</trkpt>
			<trkpt lat="39.96073" lon="20.70219">
				<ele>769.99</ele>
				<time>2026-08-06T21:11:27.682Z</time>
			</trkpt>
			<trkpt lat="39.9607" lon="20.70201">
				<ele>771.51</ele>
				<time>2026-08-06T21:11:29.171Z</time>
			</trkpt>
			<trkpt lat="39.96069" lon="20.70173">
				<ele>772.92</ele>
				<time>2026-08-06T21:11:31.432Z</time>
			</trkpt>
			<trkpt lat="39.96066" lon="20.70132">
				<ele>769.28</ele>
				<time>2026-08-06T21:11:34.744Z</time>
			</trkpt>
			<trkpt lat="39.96059" lon="20.70098">
				<ele>769.28</ele>
				<time>2026-08-06T21:11:37.566Z</time>
			</trkpt>
			<trkpt lat="39.9605" lon="20.70071">
				<ele>769.26</ele>
				<time>2026-08-06T21:11:39.919Z</time>
			</trkpt>
			<trkpt lat="39.9604" lon="20.70051">
				<ele>767.01</ele>
				<time>2026-08-06T21:11:41.822Z</time>
			</trkpt>
			<trkpt lat="39.96018" lon="20.70015">
				<ele>762.14</ele>
				<time>2026-08-06T21:11:45.482Z</time>
			</trkpt>
			<trkpt lat="39.95997" lon="20.69986">
				<ele>757.86</ele>
				<time>2026-08-06T21:11:48.642Z</time>
			</trkpt>
			<trkpt lat="39.95985" lon="20.69966">
				<ele>756.48</ele>
				<time>2026-08-06T21:11:50.647Z</time>
			</trkpt>
			<trkpt lat="39.95969" lon="20.69932">
				<ele>755.12</ele>
				<time>2026-08-06T21:11:53.789Z</time>
			</trkpt>
			<trkpt lat="39.95965" lon="20.69916">
				<ele>755.18</ele>
				<time>2026-08-06T21:11:55.111Z</time>
			</trkpt>
			<trkpt lat="39.95965" lon="20.69881">
				<ele>751.11</ele>
				<time>2026-08-06T21:11:57.854Z</time>
			</trkpt>
			<trkpt lat="39.95963" lon="20.69874">
				<ele>749.34</ele>
				<time>2026-08-06T21:11:58.438Z</time>
			</trkpt>
			<trkpt lat="39.95959" lon="20.69867">
				<ele>747.34</ele>
				<time>2026-08-06T21:11:59.121Z</time>
			</trkpt>
			<trkpt lat="39.95949" lon="20.69863">
				<ele>744.45</ele>
				<time>2026-08-06T21:12:00.187Z</time>
			</trkpt>
			<trkpt lat="39.95945" lon="20.69867">
				<ele>744.05</ele>
				<time>2026-08-06T21:12:00.700Z</time>
			</trkpt>
			<trkpt lat="39.95938" lon="20.699">
				<ele>745.38</ele>
				<time>2026-08-06T21:12:03.367Z</time>
			</trkpt>
			<trkpt lat="39.95938" lon="20.69916">
				<ele>746.4</ele>
				<time>2026-08-06T21:12:04.611Z</time>
			</trkpt>
			<trkpt lat="39.95946" lon="20.69973">
				<ele>743.22</ele>
				<time>2026-08-06T21:12:09.101Z</time>
			</trkpt>
			<trkpt lat="39.95951" lon="20.69992">
				<ele>739.73</ele>
				<time>2026-08-06T21:12:10.653Z</time>
			</trkpt>
			<trkpt lat="39.95964" lon="20.70025">
				<ele>737.11</ele>
				<time>2026-08-06T21:12:13.512Z</time>
			</trkpt>
			<trkpt lat="39.95996" lon="20.7009">
				<ele>739.11</ele>
				<time>2026-08-06T21:12:19.435Z</time>
			</trkpt>
			<trkpt lat="39.95999" lon="20.701">
				<ele>738.65</ele>
				<time>2026-08-06T21:12:20.256Z</time>
			</trkpt>
			<trkpt lat="39.95998" lon="20.70107">
				<ele>736.82</ele>
				<time>2026-08-06T21:12:20.799Z</time>
			</trkpt>
			<trkpt lat="39.95992" lon="20.70111">
				<ele>733.86</ele>
				<time>2026-08-06T21:12:21.470Z</time>
			</trkpt>
			<trkpt lat="39.95987" lon="20.7011">
				<ele>731.86</ele>
				<time>2026-08-06T21:12:21.973Z</time>
			</trkpt>
			<trkpt lat="39.95984" lon="20.70107">
				<ele>730.87</ele>
				<time>2026-08-06T21:12:22.349Z</time>
			</trkpt>
			<trkpt lat="39.95971" lon="20.7007">
				<ele>728.32</ele>
				<time>2026-08-06T21:12:25.445Z</time>
			</trkpt>
			<trkpt lat="39.95964" lon="20.70058">
				<ele>727.32</ele>
				<time>2026-08-06T21:12:26.589Z</time>
			</trkpt>
			<trkpt lat="39.95939" lon="20.70029">
				<ele>725.29</ele>
				<time>2026-08-06T21:12:29.893Z</time>
			</trkpt>
			<trkpt lat="39.95909" lon="20.69998">
				<ele>722.79</ele>
				<time>2026-08-06T21:12:33.659Z</time>
			</trkpt>
			<trkpt lat="39.95893" lon="20.69978">
				<ele>722.22</ele>
				<time>2026-08-06T21:12:35.832Z</time>
			</trkpt>
			<trkpt lat="39.95872" lon="20.69945">
				<ele>716.79</ele>
				<time>2026-08-06T21:12:39.047Z</time>
			</trkpt>
			<trkpt lat="39.95854" lon="20.69915">
				<ele>710.91</ele>
				<time>2026-08-06T21:12:41.894Z</time>
			</trkpt>
			<trkpt lat="39.95788" lon="20.69791">
				<ele>697.55</ele>
				<time>2026-08-06T21:12:53.088Z</time>
			</trkpt>
			<trkpt lat="39.95773" lon="20.69771">
				<ele>692.29</ele>
				<time>2026-08-06T21:12:55.149Z</time>
			</trkpt>
			<trkpt lat="39.95748" lon="20.69747">
				<ele>687.42</ele>
				<time>2026-08-06T21:12:58.122Z</time>
			</trkpt>
			<trkpt lat="39.95693" lon="20.69725">
				<ele>682.47</ele>
				<time>2026-08-06T21:13:03.609Z</time>
			</trkpt>
			<trkpt lat="39.95673" lon="20.69719">
				<ele>680.63</ele>
				<time>2026-08-06T21:13:05.559Z</time>
			</trkpt>
			<trkpt lat="39.95637" lon="20.69712">
				<ele>674.32</ele>
				<time>2026-08-06T21:13:09.007Z</time>
			</trkpt>
			<trkpt lat="39.95583" lon="20.69706">
				<ele>668.33</ele>
				<time>2026-08-06T21:13:14.118Z</time>
			</trkpt>
			<trkpt lat="39.95568" lon="20.69703">
				<ele>667.77</ele>
				<time>2026-08-06T21:13:15.544Z</time>
			</trkpt>
			<trkpt lat="39.95545" lon="20.69693">
				<ele>666.09</ele>
				<time>2026-08-06T21:13:17.819Z</time>
			</trkpt>
			<trkpt lat="39.95514" lon="20.69674">
				<ele>662.89</ele>
				<time>2026-08-06T21:13:21.023Z</time>
			</trkpt>
			<trkpt lat="39.95422" lon="20.69601">
				<ele>657.62</ele>
				<time>2026-08-06T21:13:31.028Z</time>
			</trkpt>
			<trkpt lat="39.95373" lon="20.69565">
				<ele>656.96</ele>
				<time>2026-08-06T21:13:36.212Z</time>
			</trkpt>
			<trkpt lat="39.95364" lon="20.69555">
				<ele>659.78</ele>
				<time>2026-08-06T21:13:37.299Z</time>
			</trkpt>
			<trkpt lat="39.95357" lon="20.69541">
				<ele>661.82</ele>
				<time>2026-08-06T21:13:38.475Z</time>
			</trkpt>
			<trkpt lat="39.95342" lon="20.69501">
				<ele>663.33</ele>
				<time>2026-08-06T21:13:41.602Z</time>
			</trkpt>
			<trkpt lat="39.95315" lon="20.69431">
				<ele>654.53</ele>
				<time>2026-08-06T21:13:47.081Z</time>
			</trkpt>
			<trkpt lat="39.95286" lon="20.69372">
				<ele>648.66</ele>
				<time>2026-08-06T21:13:51.956Z</time>
			</trkpt>
			<trkpt lat="39.95272" lon="20.69348">
				<ele>645.4</ele>
				<time>2026-08-06T21:13:54.047Z</time>
			</trkpt>
			<trkpt lat="39.9526" lon="20.69331">
				<ele>641.7</ele>
				<time>2026-08-06T21:13:55.646Z</time>
			</trkpt>
			<trkpt lat="39.95229" lon="20.69293">
				<ele>636.86</ele>
				<time>2026-08-06T21:13:59.476Z</time>
			</trkpt>
			<trkpt lat="39.95224" lon="20.6929">
				<ele>637.2</ele>
				<time>2026-08-06T21:13:59.970Z</time>
			</trkpt>
			<trkpt lat="39.95219" lon="20.69289">
				<ele>637.67</ele>
				<time>2026-08-06T21:14:00.425Z</time>
			</trkpt>
			<trkpt lat="39.95213" lon="20.69292">
				<ele>637.9</ele>
				<time>2026-08-06T21:14:01.001Z</time>
			</trkpt>
			<trkpt lat="39.9521" lon="20.69297">
				<ele>637.97</ele>
				<time>2026-08-06T21:14:01.438Z</time>
			</trkpt>
			<trkpt lat="39.95207" lon="20.69306">
				<ele>637.83</ele>
				<time>2026-08-06T21:14:02.113Z</time>
			</trkpt>
			<trkpt lat="39.95207" lon="20.69316">
				<ele>637.39</ele>
				<time>2026-08-06T21:14:02.800Z</time>
			</trkpt>
			<trkpt lat="39.95215" lon="20.69355">
				<ele>640.28</ele>
				<time>2026-08-06T21:14:05.568Z</time>
			</trkpt>
			<trkpt lat="39.95216" lon="20.69377">
				<ele>639.98</ele>
				<time>2026-08-06T21:14:07.077Z</time>
			</trkpt>
			<trkpt lat="39.95207" lon="20.69425">
				<ele>636.48</ele>
				<time>2026-08-06T21:14:10.451Z</time>
			</trkpt>
			<trkpt lat="39.95203" lon="20.69458">
				<ele>634.94</ele>
				<time>2026-08-06T21:14:12.726Z</time>
			</trkpt>
			<trkpt lat="39.95201" lon="20.69467">
				<ele>634.66</ele>
				<time>2026-08-06T21:14:13.363Z</time>
			</trkpt>
			<trkpt lat="39.95197" lon="20.69471">
				<ele>634.27</ele>
				<time>2026-08-06T21:14:13.810Z</time>
			</trkpt>
			<trkpt lat="39.95192" lon="20.69473">
				<ele>633.54</ele>
				<time>2026-08-06T21:14:14.274Z</time>
			</trkpt>
			<trkpt lat="39.95184" lon="20.69466">
				<ele>633.3</ele>
				<time>2026-08-06T21:14:15.127Z</time>
			</trkpt>
			<trkpt lat="39.9518" lon="20.69451">
				<ele>633.37</ele>
				<time>2026-08-06T21:14:16.204Z</time>
			</trkpt>
			<trkpt lat="39.95181" lon="20.69433">
				<ele>633.32</ele>
				<time>2026-08-06T21:14:17.427Z</time>
			</trkpt>
			<trkpt lat="39.95184" lon="20.6941">
				<ele>632.83</ele>
				<time>2026-08-06T21:14:19.006Z</time>
			</trkpt>
			<trkpt lat="39.95184" lon="20.69386">
				<ele>630.28</ele>
				<time>2026-08-06T21:14:20.628Z</time>
			</trkpt>
			<trkpt lat="39.9518" lon="20.69365">
				<ele>627.49</ele>
				<time>2026-08-06T21:14:22.089Z</time>
			</trkpt>
			<trkpt lat="39.95173" lon="20.69347">
				<ele>626.53</ele>
				<time>2026-08-06T21:14:23.449Z</time>
			</trkpt>
			<trkpt lat="39.95146" lon="20.6928">
				<ele>620.71</ele>
				<time>2026-08-06T21:14:28.536Z</time>
			</trkpt>
			<trkpt lat="39.95119" lon="20.69196">
				<ele>612.98</ele>
				<time>2026-08-06T21:14:34.627Z</time>
			</trkpt>
			<trkpt lat="39.951" lon="20.69154">
				<ele>608.39</ele>
				<time>2026-08-06T21:14:37.874Z</time>
			</trkpt>
			<trkpt lat="39.95064" lon="20.69067">
				<ele>596.37</ele>
				<time>2026-08-06T21:14:44.430Z</time>
			</trkpt>
			<trkpt lat="39.95053" lon="20.69033">
				<ele>591.17</ele>
				<time>2026-08-06T21:14:46.868Z</time>
			</trkpt>
			<trkpt lat="39.95052" lon="20.6902">
				<ele>589.6</ele>
				<time>2026-08-06T21:14:47.730Z</time>
			</trkpt>
			<trkpt lat="39.95052" lon="20.6901">
				<ele>587.96</ele>
				<time>2026-08-06T21:14:48.389Z</time>
			</trkpt>
			<trkpt lat="39.95056" lon="20.68997">
				<ele>585.02</ele>
				<time>2026-08-06T21:14:49.312Z</time>
			</trkpt>
			<trkpt lat="39.95054" lon="20.68989">
				<ele>583.75</ele>
				<time>2026-08-06T21:14:49.866Z</time>
			</trkpt>
			<trkpt lat="39.95045" lon="20.68984">
				<ele>584.41</ele>
				<time>2026-08-06T21:14:50.706Z</time>
			</trkpt>
			<trkpt lat="39.9504" lon="20.68986">
				<ele>585.72</ele>
				<time>2026-08-06T21:14:51.154Z</time>
			</trkpt>
			<trkpt lat="39.95036" lon="20.68991">
				<ele>587.42</ele>
				<time>2026-08-06T21:14:51.629Z</time>
			</trkpt>
			<trkpt lat="39.9503" lon="20.69011">
				<ele>589.07</ele>
				<time>2026-08-06T21:14:53.040Z</time>
			</trkpt>
			<trkpt lat="39.95031" lon="20.69049">
				<ele>586.47</ele>
				<time>2026-08-06T21:14:55.534Z</time>
			</trkpt>
			<trkpt lat="39.95028" lon="20.69053">
				<ele>585.53</ele>
				<time>2026-08-06T21:14:55.900Z</time>
			</trkpt>
			<trkpt lat="39.95024" lon="20.69054">
				<ele>583.69</ele>
				<time>2026-08-06T21:14:56.248Z</time>
			</trkpt>
			<trkpt lat="39.9502" lon="20.69053">
				<ele>581.69</ele>
				<time>2026-08-06T21:14:56.596Z</time>
			</trkpt>
			<trkpt lat="39.95017" lon="20.69049">
				<ele>580.72</ele>
				<time>2026-08-06T21:14:56.962Z</time>
			</trkpt>
			<trkpt lat="39.95005" lon="20.69022">
				<ele>582.04</ele>
				<time>2026-08-06T21:14:59.003Z</time>
			</trkpt>
			<trkpt lat="39.94992" lon="20.68974">
				<ele>582.28</ele>
				<time>2026-08-06T21:15:02.325Z</time>
			</trkpt>
			<trkpt lat="39.94987" lon="20.68946">
				<ele>579.27</ele>
				<time>2026-08-06T21:15:04.196Z</time>
			</trkpt>
			<trkpt lat="39.94988" lon="20.68934">
				<ele>576.82</ele>
				<time>2026-08-06T21:15:04.982Z</time>
			</trkpt>
			<trkpt lat="39.94985" lon="20.6892">
				<ele>573.5</ele>
				<time>2026-08-06T21:15:05.927Z</time>
			</trkpt>
			<trkpt lat="39.94981" lon="20.68916">
				<ele>573.29</ele>
				<time>2026-08-06T21:15:06.354Z</time>
			</trkpt>
			<trkpt lat="39.94975" lon="20.68914">
				<ele>573.51</ele>
				<time>2026-08-06T21:15:06.878Z</time>
			</trkpt>
			<trkpt lat="39.94969" lon="20.68917">
				<ele>574.52</ele>
				<time>2026-08-06T21:15:07.422Z</time>
			</trkpt>
			<trkpt lat="39.94966" lon="20.68926">
				<ele>573.99</ele>
				<time>2026-08-06T21:15:08.059Z</time>
			</trkpt>
			<trkpt lat="39.94964" lon="20.68941">
				<ele>573.58</ele>
				<time>2026-08-06T21:15:09.046Z</time>
			</trkpt>
			<trkpt lat="39.94962" lon="20.68945">
				<ele>572.6</ele>
				<time>2026-08-06T21:15:09.356Z</time>
			</trkpt>
			<trkpt lat="39.94955" lon="20.68945">
				<ele>570.39</ele>
				<time>2026-08-06T21:15:09.947Z</time>
			</trkpt>
			<trkpt lat="39.94949" lon="20.68933">
				<ele>569.1</ele>
				<time>2026-08-06T21:15:10.875Z</time>
			</trkpt>
			<trkpt lat="39.94946" lon="20.68921">
				<ele>569.03</ele>
				<time>2026-08-06T21:15:11.692Z</time>
			</trkpt>
			<trkpt lat="39.94942" lon="20.68903">
				<ele>566.17</ele>
				<time>2026-08-06T21:15:12.904Z</time>
			</trkpt>
			<trkpt lat="39.9494" lon="20.6888">
				<ele>562.34</ele>
				<time>2026-08-06T21:15:14.399Z</time>
			</trkpt>
			<trkpt lat="39.94937" lon="20.68875">
				<ele>561.49</ele>
				<time>2026-08-06T21:15:14.809Z</time>
			</trkpt>
			<trkpt lat="39.94932" lon="20.68874">
				<ele>560.83</ele>
				<time>2026-08-06T21:15:15.234Z</time>
			</trkpt>
			<trkpt lat="39.94928" lon="20.68876">
				<ele>560.75</ele>
				<time>2026-08-06T21:15:15.595Z</time>
			</trkpt>
			<trkpt lat="39.94925" lon="20.68881">
				<ele>561.02</ele>
				<time>2026-08-06T21:15:16.004Z</time>
			</trkpt>
			<trkpt lat="39.94922" lon="20.68902">
				<ele>561.09</ele>
				<time>2026-08-06T21:15:17.381Z</time>
			</trkpt>
			<trkpt lat="39.94926" lon="20.68926">
				<ele>561.09</ele>
				<time>2026-08-06T21:15:18.962Z</time>
			</trkpt>
			<trkpt lat="39.94939" lon="20.68951">
				<ele>562.76</ele>
				<time>2026-08-06T21:15:20.904Z</time>
			</trkpt>
			<trkpt lat="39.9496" lon="20.68975">
				<ele>566.58</ele>
				<time>2026-08-06T21:15:23.242Z</time>
			</trkpt>
			<trkpt lat="39.94963" lon="20.68981">
				<ele>566.97</ele>
				<time>2026-08-06T21:15:23.701Z</time>
			</trkpt>
			<trkpt lat="39.94962" lon="20.68987">
				<ele>565.55</ele>
				<time>2026-08-06T21:15:24.095Z</time>
			</trkpt>
			<trkpt lat="39.94959" lon="20.68991">
				<ele>563.02</ele>
				<time>2026-08-06T21:15:24.454Z</time>
			</trkpt>
			<trkpt lat="39.94955" lon="20.68992">
				<ele>560.55</ele>
				<time>2026-08-06T21:15:24.794Z</time>
			</trkpt>
			<trkpt lat="39.94949" lon="20.68986">
				<ele>558.27</ele>
				<time>2026-08-06T21:15:25.426Z</time>
			</trkpt>
			<trkpt lat="39.94927" lon="20.68953">
				<ele>556.56</ele>
				<time>2026-08-06T21:15:28.224Z</time>
			</trkpt>
			<trkpt lat="39.9491" lon="20.68934">
				<ele>553.06</ele>
				<time>2026-08-06T21:15:30.089Z</time>
			</trkpt>
			<trkpt lat="39.94889" lon="20.68918">
				<ele>543.27</ele>
				<time>2026-08-06T21:15:32.112Z</time>
			</trkpt>
			<trkpt lat="39.94879" lon="20.68903">
				<ele>539.6</ele>
				<time>2026-08-06T21:15:33.379Z</time>
			</trkpt>
			<trkpt lat="39.94874" lon="20.68892">
				<ele>538.91</ele>
				<time>2026-08-06T21:15:34.193Z</time>
			</trkpt>
			<trkpt lat="39.9487" lon="20.68863">
				<ele>538.7</ele>
				<time>2026-08-06T21:15:36.067Z</time>
			</trkpt>
			<trkpt lat="39.94871" lon="20.68841">
				<ele>537.57</ele>
				<time>2026-08-06T21:15:37.468Z</time>
			</trkpt>
			<trkpt lat="39.94877" lon="20.68811">
				<ele>535.13</ele>
				<time>2026-08-06T21:15:39.436Z</time>
			</trkpt>
			<trkpt lat="39.94873" lon="20.68804">
				<ele>532.85</ele>
				<time>2026-08-06T21:15:39.989Z</time>
			</trkpt>
			<trkpt lat="39.94866" lon="20.68805">
				<ele>531.28</ele>
				<time>2026-08-06T21:15:40.572Z</time>
			</trkpt>
			<trkpt lat="39.94862" lon="20.68808">
				<ele>530.69</ele>
				<time>2026-08-06T21:15:40.953Z</time>
			</trkpt>
			<trkpt lat="39.94853" lon="20.68825">
				<ele>530.1</ele>
				<time>2026-08-06T21:15:42.262Z</time>
			</trkpt>
			<trkpt lat="39.94846" lon="20.68847">
				<ele>530.64</ele>
				<time>2026-08-06T21:15:43.769Z</time>
			</trkpt>
			<trkpt lat="39.94844" lon="20.68866">
				<ele>530.64</ele>
				<time>2026-08-06T21:15:44.982Z</time>
			</trkpt>
			<trkpt lat="39.94845" lon="20.68884">
				<ele>528.55</ele>
				<time>2026-08-06T21:15:46.122Z</time>
			</trkpt>
			<trkpt lat="39.9485" lon="20.68913">
				<ele>525.39</ele>
				<time>2026-08-06T21:15:47.999Z</time>
			</trkpt>
			<trkpt lat="39.94845" lon="20.68921">
				<ele>523</ele>
				<time>2026-08-06T21:15:48.650Z</time>
			</trkpt>
			<trkpt lat="39.94842" lon="20.68921">
				<ele>522.09</ele>
				<time>2026-08-06T21:15:48.896Z</time>
			</trkpt>
			<trkpt lat="39.94837" lon="20.68917">
				<ele>521.2</ele>
				<time>2026-08-06T21:15:49.379Z</time>
			</trkpt>
			<trkpt lat="39.94833" lon="20.68909">
				<ele>521.11</ele>
				<time>2026-08-06T21:15:49.981Z</time>
			</trkpt>
			<trkpt lat="39.94825" lon="20.6888">
				<ele>521.65</ele>
				<time>2026-08-06T21:15:51.922Z</time>
			</trkpt>
			<trkpt lat="39.94821" lon="20.68851">
				<ele>520.91</ele>
				<time>2026-08-06T21:15:53.775Z</time>
			</trkpt>
			<trkpt lat="39.94819" lon="20.68819">
				<ele>517.01</ele>
				<time>2026-08-06T21:15:55.792Z</time>
			</trkpt>
			<trkpt lat="39.94822" lon="20.68776">
				<ele>511.91</ele>
				<time>2026-08-06T21:15:58.502Z</time>
			</trkpt>
			<trkpt lat="39.94827" lon="20.68764">
				<ele>511.64</ele>
				<time>2026-08-06T21:15:59.358Z</time>
			</trkpt>
			<trkpt lat="39.94833" lon="20.68756">
				<ele>512.6</ele>
				<time>2026-08-06T21:16:00.059Z</time>
			</trkpt>
			<trkpt lat="39.9485" lon="20.68743">
				<ele>511.38</ele>
				<time>2026-08-06T21:16:01.668Z</time>
			</trkpt>
			<trkpt lat="39.94852" lon="20.68736">
				<ele>508.61</ele>
				<time>2026-08-06T21:16:02.136Z</time>
			</trkpt>
			<trkpt lat="39.94849" lon="20.68731">
				<ele>505.75</ele>
				<time>2026-08-06T21:16:02.533Z</time>
			</trkpt>
			<trkpt lat="39.94841" lon="20.68733">
				<ele>505.44</ele>
				<time>2026-08-06T21:16:03.198Z</time>
			</trkpt>
			<trkpt lat="39.94824" lon="20.68744">
				<ele>504.68</ele>
				<time>2026-08-06T21:16:04.745Z</time>
			</trkpt>
			<trkpt lat="39.94809" lon="20.68762">
				<ele>502.29</ele>
				<time>2026-08-06T21:16:06.405Z</time>
			</trkpt>
			<trkpt lat="39.9479" lon="20.68798">
				<ele>498.04</ele>
				<time>2026-08-06T21:16:09.132Z</time>
			</trkpt>
			<trkpt lat="39.94778" lon="20.68837">
				<ele>495.84</ele>
				<time>2026-08-06T21:16:11.750Z</time>
			</trkpt>
			<trkpt lat="39.94773" lon="20.68861">
				<ele>496.11</ele>
				<time>2026-08-06T21:16:13.297Z</time>
			</trkpt>
			<trkpt lat="39.94774" lon="20.689">
				<ele>496.24</ele>
				<time>2026-08-06T21:16:15.723Z</time>
			</trkpt>
			<trkpt lat="39.94772" lon="20.68908">
				<ele>494.35</ele>
				<time>2026-08-06T21:16:16.246Z</time>
			</trkpt>
			<trkpt lat="39.94768" lon="20.68911">
				<ele>492.06</ele>
				<time>2026-08-06T21:16:16.620Z</time>
			</trkpt>
			<trkpt lat="39.94764" lon="20.6891">
				<ele>490.17</ele>
				<time>2026-08-06T21:16:16.950Z</time>
			</trkpt>
			<trkpt lat="39.94762" lon="20.68907">
				<ele>489.2</ele>
				<time>2026-08-06T21:16:17.197Z</time>
			</trkpt>
			<trkpt lat="39.9476" lon="20.68901">
				<ele>488.96</ele>
				<time>2026-08-06T21:16:17.603Z</time>
			</trkpt>
			<trkpt lat="39.94761" lon="20.68838">
				<ele>488.16</ele>
				<time>2026-08-06T21:16:21.511Z</time>
			</trkpt>
			<trkpt lat="39.94762" lon="20.6882">
				<ele>487.08</ele>
				<time>2026-08-06T21:16:22.629Z</time>
			</trkpt>
			<trkpt lat="39.94769" lon="20.68784">
				<ele>486.32</ele>
				<time>2026-08-06T21:16:24.927Z</time>
			</trkpt>
			<trkpt lat="39.94785" lon="20.6874">
				<ele>484.9</ele>
				<time>2026-08-06T21:16:27.938Z</time>
			</trkpt>
			<trkpt lat="39.94792" lon="20.68727">
				<ele>484.59</ele>
				<time>2026-08-06T21:16:28.920Z</time>
			</trkpt>
			<trkpt lat="39.94793" lon="20.68723">
				<ele>483.58</ele>
				<time>2026-08-06T21:16:29.179Z</time>
			</trkpt>
			<trkpt lat="39.94791" lon="20.68718">
				<ele>481.13</ele>
				<time>2026-08-06T21:16:29.528Z</time>
			</trkpt>
			<trkpt lat="39.94786" lon="20.68717">
				<ele>477.7</ele>
				<time>2026-08-06T21:16:29.935Z</time>
			</trkpt>
			<trkpt lat="39.94783" lon="20.6872">
				<ele>477.08</ele>
				<time>2026-08-06T21:16:30.239Z</time>
			</trkpt>
			<trkpt lat="39.94778" lon="20.68727">
				<ele>477.01</ele>
				<time>2026-08-06T21:16:30.830Z</time>
			</trkpt>
			<trkpt lat="39.94768" lon="20.68754">
				<ele>480.09</ele>
				<time>2026-08-06T21:16:32.680Z</time>
			</trkpt>
			<trkpt lat="39.94743" lon="20.688">
				<ele>476.18</ele>
				<time>2026-08-06T21:16:36.154Z</time>
			</trkpt>
			<trkpt lat="39.94728" lon="20.68845">
				<ele>471.56</ele>
				<time>2026-08-06T21:16:39.174Z</time>
			</trkpt>
			<trkpt lat="39.94725" lon="20.68863">
				<ele>471.01</ele>
				<time>2026-08-06T21:16:40.307Z</time>
			</trkpt>
			<trkpt lat="39.94729" lon="20.68907">
				<ele>471.85</ele>
				<time>2026-08-06T21:16:43.030Z</time>
			</trkpt>
			<trkpt lat="39.94727" lon="20.68912">
				<ele>470.57</ele>
				<time>2026-08-06T21:16:43.377Z</time>
			</trkpt>
			<trkpt lat="39.94725" lon="20.68914">
				<ele>468.76</ele>
				<time>2026-08-06T21:16:43.579Z</time>
			</trkpt>
			<trkpt lat="39.94721" lon="20.68912">
				<ele>467.06</ele>
				<time>2026-08-06T21:16:43.922Z</time>
			</trkpt>
			<trkpt lat="39.94717" lon="20.68903">
				<ele>466.87</ele>
				<time>2026-08-06T21:16:44.561Z</time>
			</trkpt>
			<trkpt lat="39.94715" lon="20.6885">
				<ele>465.68</ele>
				<time>2026-08-06T21:16:47.817Z</time>
			</trkpt>
			<trkpt lat="39.94717" lon="20.68815">
				<ele>464.83</ele>
				<time>2026-08-06T21:16:49.968Z</time>
			</trkpt>
			<trkpt lat="39.9472" lon="20.68798">
				<ele>464.91</ele>
				<time>2026-08-06T21:16:51.037Z</time>
			</trkpt>
			<trkpt lat="39.94724" lon="20.68788">
				<ele>465.65</ele>
				<time>2026-08-06T21:16:51.728Z</time>
			</trkpt>
			<trkpt lat="39.94733" lon="20.68774">
				<ele>468.21</ele>
				<time>2026-08-06T21:16:52.847Z</time>
			</trkpt>
			<trkpt lat="39.94734" lon="20.68766">
				<ele>466.67</ele>
				<time>2026-08-06T21:16:53.344Z</time>
			</trkpt>
			<trkpt lat="39.9473" lon="20.68762">
				<ele>463.7</ele>
				<time>2026-08-06T21:16:53.746Z</time>
			</trkpt>
			<trkpt lat="39.94725" lon="20.68763">
				<ele>461.81</ele>
				<time>2026-08-06T21:16:54.150Z</time>
			</trkpt>
			<trkpt lat="39.94721" lon="20.68769">
				<ele>461.16</ele>
				<time>2026-08-06T21:16:54.637Z</time>
			</trkpt>
			<trkpt lat="39.94707" lon="20.688">
				<ele>459.53</ele>
				<time>2026-08-06T21:16:56.838Z</time>
			</trkpt>
			<trkpt lat="39.947" lon="20.68822">
				<ele>458.13</ele>
				<time>2026-08-06T21:16:58.295Z</time>
			</trkpt>
			<trkpt lat="39.94695" lon="20.68853">
				<ele>457.78</ele>
				<time>2026-08-06T21:17:00.231Z</time>
			</trkpt>
			<trkpt lat="39.94697" lon="20.68892">
				<ele>460.6</ele>
				<time>2026-08-06T21:17:02.619Z</time>
			</trkpt>
			<trkpt lat="39.94692" lon="20.68897">
				<ele>458.45</ele>
				<time>2026-08-06T21:17:03.121Z</time>
			</trkpt>
			<trkpt lat="39.94688" lon="20.68896">
				<ele>457.3</ele>
				<time>2026-08-06T21:17:03.445Z</time>
			</trkpt>
			<trkpt lat="39.94684" lon="20.68888">
				<ele>456.83</ele>
				<time>2026-08-06T21:17:04.029Z</time>
			</trkpt>
			<trkpt lat="39.94682" lon="20.6886">
				<ele>454.47</ele>
				<time>2026-08-06T21:17:05.745Z</time>
			</trkpt>
			<trkpt lat="39.94684" lon="20.68827">
				<ele>452.68</ele>
				<time>2026-08-06T21:17:07.765Z</time>
			</trkpt>
			<trkpt lat="39.94689" lon="20.68802">
				<ele>452.98</ele>
				<time>2026-08-06T21:17:09.341Z</time>
			</trkpt>
			<trkpt lat="39.94695" lon="20.68781">
				<ele>452.95</ele>
				<time>2026-08-06T21:17:10.708Z</time>
			</trkpt>
			<trkpt lat="39.94694" lon="20.68774">
				<ele>451.08</ele>
				<time>2026-08-06T21:17:11.142Z</time>
			</trkpt>
			<trkpt lat="39.9469" lon="20.68773">
				<ele>449.69</ele>
				<time>2026-08-06T21:17:11.466Z</time>
			</trkpt>
			<trkpt lat="39.94685" lon="20.68776">
				<ele>448.67</ele>
				<time>2026-08-06T21:17:11.903Z</time>
			</trkpt>
			<trkpt lat="39.94669" lon="20.68795">
				<ele>445.86</ele>
				<time>2026-08-06T21:17:13.623Z</time>
			</trkpt>
			<trkpt lat="39.9464" lon="20.68838">
				<ele>442.46</ele>
				<time>2026-08-06T21:17:17.112Z</time>
			</trkpt>
			<trkpt lat="39.94614" lon="20.68883">
				<ele>440.33</ele>
				<time>2026-08-06T21:17:20.543Z</time>
			</trkpt>
			<trkpt lat="39.94609" lon="20.68888">
				<ele>439.97</ele>
				<time>2026-08-06T21:17:21.043Z</time>
			</trkpt>
			<trkpt lat="39.94601" lon="20.68892">
				<ele>440</ele>
				<time>2026-08-06T21:17:21.723Z</time>
			</trkpt>
			<trkpt lat="39.94587" lon="20.68893">
				<ele>440</ele>
				<time>2026-08-06T21:17:22.836Z</time>
			</trkpt>
			<trkpt lat="39.9457" lon="20.68886">
				<ele>440.3</ele>
				<time>2026-08-06T21:17:24.251Z</time>
			</trkpt>
			<trkpt lat="39.94562" lon="20.68879">
				<ele>440.34</ele>
				<time>2026-08-06T21:17:25.015Z</time>
			</trkpt>
			<trkpt lat="39.94526" lon="20.68843">
				<ele>440.53</ele>
				<time>2026-08-06T21:17:28.614Z</time>
			</trkpt>
			<trkpt lat="39.94491" lon="20.68794">
				<ele>438.42</ele>
				<time>2026-08-06T21:17:32.686Z</time>
			</trkpt>
			<trkpt lat="39.9447" lon="20.68759">
				<ele>439.08</ele>
				<time>2026-08-06T21:17:35.388Z</time>
			</trkpt>
			<trkpt lat="39.9445" lon="20.68731">
				<ele>446.02</ele>
				<time>2026-08-06T21:17:37.714Z</time>
			</trkpt>
			<trkpt lat="39.94446" lon="20.6872">
				<ele>448.88</ele>
				<time>2026-08-06T21:17:38.454Z</time>
			</trkpt>
			<trkpt lat="39.94448" lon="20.68711">
				<ele>449.93</ele>
				<time>2026-08-06T21:17:39.023Z</time>
			</trkpt>
			<trkpt lat="39.94451" lon="20.68705">
				<ele>449.32</ele>
				<time>2026-08-06T21:17:39.459Z</time>
			</trkpt>
			<trkpt lat="39.94513" lon="20.68652">
				<ele>441.27</ele>
				<time>2026-08-06T21:17:45.335Z</time>
			</trkpt>
			<trkpt lat="39.94529" lon="20.68632">
				<ele>441.69</ele>
				<time>2026-08-06T21:17:47.091Z</time>
			</trkpt>
			<trkpt lat="39.94575" lon="20.68562">
				<ele>445.12</ele>
				<time>2026-08-06T21:17:52.694Z</time>
			</trkpt>
			<trkpt lat="39.94597" lon="20.68538">
				<ele>447.75</ele>
				<time>2026-08-06T21:17:54.968Z</time>
			</trkpt>
			<trkpt lat="39.94631" lon="20.68507">
				<ele>447.79</ele>
				<time>2026-08-06T21:17:58.257Z</time>
			</trkpt>
			<trkpt lat="39.94639" lon="20.68496">
				<ele>448.07</ele>
				<time>2026-08-06T21:17:59.179Z</time>
			</trkpt>
			<trkpt lat="39.94645" lon="20.68485">
				<ele>448.34</ele>
				<time>2026-08-06T21:18:00.000Z</time>
			</trkpt>
			<trkpt lat="39.94646" lon="20.68469">
				<ele>448.24</ele>
				<time>2026-08-06T21:18:00.976Z</time>
			</trkpt>
			<trkpt lat="39.94642" lon="20.68453">
				<ele>448.03</ele>
				<time>2026-08-06T21:18:02.000Z</time>
			</trkpt>
			<trkpt lat="39.94637" lon="20.68445">
				<ele>448.12</ele>
				<time>2026-08-06T21:18:02.627Z</time>
			</trkpt>
			<trkpt lat="39.94578" lon="20.68389">
				<ele>449.49</ele>
				<time>2026-08-06T21:18:08.418Z</time>
			</trkpt>
			<trkpt lat="39.9449" lon="20.68327">
				<ele>454.01</ele>
				<time>2026-08-06T21:18:16.363Z</time>
			</trkpt>
			<trkpt lat="39.94469" lon="20.68309">
				<ele>456.78</ele>
				<time>2026-08-06T21:18:18.361Z</time>
			</trkpt>
			<trkpt lat="39.9445" lon="20.6829">
				<ele>457.7</ele>
				<time>2026-08-06T21:18:20.265Z</time>
			</trkpt>
			<trkpt lat="39.94371" lon="20.68185">
				<ele>461.97</ele>
				<time>2026-08-06T21:18:29.246Z</time>
			</trkpt>
			<trkpt lat="39.94352" lon="20.68166">
				<ele>464.92</ele>
				<time>2026-08-06T21:18:31.155Z</time>
			</trkpt>
			<trkpt lat="39.94331" lon="20.68151">
				<ele>466.64</ele>
				<time>2026-08-06T21:18:33.065Z</time>
			</trkpt>
			<trkpt lat="39.94291" lon="20.68138">
				<ele>470.55</ele>
				<time>2026-08-06T21:18:36.356Z</time>
			</trkpt>
			<trkpt lat="39.94283" lon="20.68132">
				<ele>471.87</ele>
				<time>2026-08-06T21:18:37.093Z</time>
			</trkpt>
			<trkpt lat="39.94281" lon="20.68125">
				<ele>471.77</ele>
				<time>2026-08-06T21:18:37.551Z</time>
			</trkpt>
			<trkpt lat="39.94283" lon="20.68109">
				<ele>470.21</ele>
				<time>2026-08-06T21:18:38.544Z</time>
			</trkpt>
			<trkpt lat="39.94295" lon="20.68084">
				<ele>470.71</ele>
				<time>2026-08-06T21:18:40.351Z</time>
			</trkpt>
			<trkpt lat="39.94301" lon="20.68062">
				<ele>473.92</ele>
				<time>2026-08-06T21:18:41.783Z</time>
			</trkpt>
			<trkpt lat="39.94302" lon="20.68044">
				<ele>475.51</ele>
				<time>2026-08-06T21:18:42.890Z</time>
			</trkpt>
			<trkpt lat="39.94298" lon="20.68036">
				<ele>476.43</ele>
				<time>2026-08-06T21:18:43.476Z</time>
			</trkpt>
			<trkpt lat="39.94293" lon="20.68035">
				<ele>477.36</ele>
				<time>2026-08-06T21:18:43.881Z</time>
			</trkpt>
			<trkpt lat="39.94289" lon="20.6804">
				<ele>477.7</ele>
				<time>2026-08-06T21:18:44.325Z</time>
			</trkpt>
			<trkpt lat="39.94281" lon="20.68069">
				<ele>474.94</ele>
				<time>2026-08-06T21:18:46.217Z</time>
			</trkpt>
			<trkpt lat="39.94276" lon="20.6808">
				<ele>474.69</ele>
				<time>2026-08-06T21:18:47.003Z</time>
			</trkpt>
			<trkpt lat="39.94267" lon="20.68085">
				<ele>476</ele>
				<time>2026-08-06T21:18:47.787Z</time>
			</trkpt>
			<trkpt lat="39.94255" lon="20.68085">
				<ele>478.4</ele>
				<time>2026-08-06T21:18:48.749Z</time>
			</trkpt>
			<trkpt lat="39.94212" lon="20.68071">
				<ele>487.66</ele>
				<time>2026-08-06T21:18:52.305Z</time>
			</trkpt>
			<trkpt lat="39.94202" lon="20.68065">
				<ele>488.8</ele>
				<time>2026-08-06T21:18:53.189Z</time>
			</trkpt>
			<trkpt lat="39.94195" lon="20.68059">
				<ele>490.04</ele>
				<time>2026-08-06T21:18:53.862Z</time>
			</trkpt>
			<trkpt lat="39.9418" lon="20.68038">
				<ele>493.17</ele>
				<time>2026-08-06T21:18:55.631Z</time>
			</trkpt>
			<trkpt lat="39.94152" lon="20.68021">
				<ele>493.19</ele>
				<time>2026-08-06T21:18:58.115Z</time>
			</trkpt>
			<trkpt lat="39.94137" lon="20.6801">
				<ele>494.85</ele>
				<time>2026-08-06T21:18:59.500Z</time>
			</trkpt>
			<trkpt lat="39.94123" lon="20.67997">
				<ele>497.58</ele>
				<time>2026-08-06T21:19:00.884Z</time>
			</trkpt>
			<trkpt lat="39.94117" lon="20.67987">
				<ele>499.52</ele>
				<time>2026-08-06T21:19:01.669Z</time>
			</trkpt>
			<trkpt lat="39.94104" lon="20.67956">
				<ele>505.31</ele>
				<time>2026-08-06T21:19:03.853Z</time>
			</trkpt>
			<trkpt lat="39.94088" lon="20.67934">
				<ele>505.63</ele>
				<time>2026-08-06T21:19:05.730Z</time>
			</trkpt>
			<trkpt lat="39.94081" lon="20.6792">
				<ele>506.55</ele>
				<time>2026-08-06T21:19:06.765Z</time>
			</trkpt>
			<trkpt lat="39.94078" lon="20.6791">
				<ele>507.57</ele>
				<time>2026-08-06T21:19:07.430Z</time>
			</trkpt>
			<trkpt lat="39.94075" lon="20.67877">
				<ele>512.02</ele>
				<time>2026-08-06T21:19:09.489Z</time>
			</trkpt>
			<trkpt lat="39.9407" lon="20.67865">
				<ele>513.46</ele>
				<time>2026-08-06T21:19:10.336Z</time>
			</trkpt>
			<trkpt lat="39.94043" lon="20.67834">
				<ele>513.36</ele>
				<time>2026-08-06T21:19:13.249Z</time>
			</trkpt>
			<trkpt lat="39.94036" lon="20.67825">
				<ele>513.28</ele>
				<time>2026-08-06T21:19:14.045Z</time>
			</trkpt>
			<trkpt lat="39.94027" lon="20.67806">
				<ele>514.51</ele>
				<time>2026-08-06T21:19:15.434Z</time>
			</trkpt>
			<trkpt lat="39.94014" lon="20.6775">
				<ele>521.15</ele>
				<time>2026-08-06T21:19:19.076Z</time>
			</trkpt>
			<trkpt lat="39.94008" lon="20.67737">
				<ele>521.65</ele>
				<time>2026-08-06T21:19:20.021Z</time>
			</trkpt>
			<trkpt lat="39.93991" lon="20.67711">
				<ele>523.17</ele>
				<time>2026-08-06T21:19:22.152Z</time>
			</trkpt>
			<trkpt lat="39.93988" lon="20.67702">
				<ele>524.45</ele>
				<time>2026-08-06T21:19:22.765Z</time>
			</trkpt>
			<trkpt lat="39.93981" lon="20.67662">
				<ele>530.46</ele>
				<time>2026-08-06T21:19:25.327Z</time>
			</trkpt>
			<trkpt lat="39.93978" lon="20.67655">
				<ele>531.34</ele>
				<time>2026-08-06T21:19:25.829Z</time>
			</trkpt>
			<trkpt lat="39.93965" lon="20.67631">
				<ele>533.75</ele>
				<time>2026-08-06T21:19:27.667Z</time>
			</trkpt>
			<trkpt lat="39.93935" lon="20.676">
				<ele>537.11</ele>
				<time>2026-08-06T21:19:30.794Z</time>
			</trkpt>
			<trkpt lat="39.93934" lon="20.67593">
				<ele>538.29</ele>
				<time>2026-08-06T21:19:31.240Z</time>
			</trkpt>
			<trkpt lat="39.93936" lon="20.67587">
				<ele>539.35</ele>
				<time>2026-08-06T21:19:31.651Z</time>
			</trkpt>
			<trkpt lat="39.93939" lon="20.67584">
				<ele>539.78</ele>
				<time>2026-08-06T21:19:31.960Z</time>
			</trkpt>
			<trkpt lat="39.93944" lon="20.67584">
				<ele>539.79</ele>
				<time>2026-08-06T21:19:32.369Z</time>
			</trkpt>
			<trkpt lat="39.93961" lon="20.67593">
				<ele>540.52</ele>
				<time>2026-08-06T21:19:33.871Z</time>
			</trkpt>
			<trkpt lat="39.94041" lon="20.67652">
				<ele>545.3</ele>
				<time>2026-08-06T21:19:41.417Z</time>
			</trkpt>
			<trkpt lat="39.94049" lon="20.67661">
				<ele>546.16</ele>
				<time>2026-08-06T21:19:42.286Z</time>
			</trkpt>
			<trkpt lat="39.94056" lon="20.67672">
				<ele>546.14</ele>
				<time>2026-08-06T21:19:43.189Z</time>
			</trkpt>
			<trkpt lat="39.94067" lon="20.67707">
				<ele>544.48</ele>
				<time>2026-08-06T21:19:45.580Z</time>
			</trkpt>
			<trkpt lat="39.9408" lon="20.67729">
				<ele>545.39</ele>
				<time>2026-08-06T21:19:47.338Z</time>
			</trkpt>
			<trkpt lat="39.94115" lon="20.67755">
				<ele>550.69</ele>
				<time>2026-08-06T21:19:50.668Z</time>
			</trkpt>
			<trkpt lat="39.94129" lon="20.67763">
				<ele>552.46</ele>
				<time>2026-08-06T21:19:51.933Z</time>
			</trkpt>
			<trkpt lat="39.94143" lon="20.67766">
				<ele>555.17</ele>
				<time>2026-08-06T21:19:53.109Z</time>
			</trkpt>
			<trkpt lat="39.94151" lon="20.67772">
				<ele>556.32</ele>
				<time>2026-08-06T21:19:53.875Z</time>
			</trkpt>
			<trkpt lat="39.94156" lon="20.67777">
				<ele>556.78</ele>
				<time>2026-08-06T21:19:54.397Z</time>
			</trkpt>
			<trkpt lat="39.9417" lon="20.67807">
				<ele>556.1</ele>
				<time>2026-08-06T21:19:56.633Z</time>
			</trkpt>
			<trkpt lat="39.94175" lon="20.6781">
				<ele>555.82</ele>
				<time>2026-08-06T21:19:57.091Z</time>
			</trkpt>
			<trkpt lat="39.94185" lon="20.67812">
				<ele>556.51</ele>
				<time>2026-08-06T21:19:57.932Z</time>
			</trkpt>
			<trkpt lat="39.94194" lon="20.67807">
				<ele>558.45</ele>
				<time>2026-08-06T21:19:58.746Z</time>
			</trkpt>
			<trkpt lat="39.94218" lon="20.67775">
				<ele>557.76</ele>
				<time>2026-08-06T21:20:01.605Z</time>
			</trkpt>
			<trkpt lat="39.94222" lon="20.67768">
				<ele>557.35</ele>
				<time>2026-08-06T21:20:02.163Z</time>
			</trkpt>
			<trkpt lat="39.94223" lon="20.6776">
				<ele>557.01</ele>
				<time>2026-08-06T21:20:02.681Z</time>
			</trkpt>
			<trkpt lat="39.94221" lon="20.67746">
				<ele>558.12</ele>
				<time>2026-08-06T21:20:03.593Z</time>
			</trkpt>
			<trkpt lat="39.94213" lon="20.67735">
				<ele>559.69</ele>
				<time>2026-08-06T21:20:04.564Z</time>
			</trkpt>
			<trkpt lat="39.94171" lon="20.67705">
				<ele>566.83</ele>
				<time>2026-08-06T21:20:08.571Z</time>
			</trkpt>
			<trkpt lat="39.94162" lon="20.67696">
				<ele>567.52</ele>
				<time>2026-08-06T21:20:09.522Z</time>
			</trkpt>
			<trkpt lat="39.94143" lon="20.67669">
				<ele>569.46</ele>
				<time>2026-08-06T21:20:11.880Z</time>
			</trkpt>
			<trkpt lat="39.94138" lon="20.67656">
				<ele>570.68</ele>
				<time>2026-08-06T21:20:12.817Z</time>
			</trkpt>
			<trkpt lat="39.94135" lon="20.67639">
				<ele>571.53</ele>
				<time>2026-08-06T21:20:13.942Z</time>
			</trkpt>
			<trkpt lat="39.94129" lon="20.67588">
				<ele>571.58</ele>
				<time>2026-08-06T21:20:17.274Z</time>
			</trkpt>
			<trkpt lat="39.94118" lon="20.67549">
				<ele>577.23</ele>
				<time>2026-08-06T21:20:19.964Z</time>
			</trkpt>
			<trkpt lat="39.9411" lon="20.67528">
				<ele>580.75</ele>
				<time>2026-08-06T21:20:21.484Z</time>
			</trkpt>
			<trkpt lat="39.94092" lon="20.67489">
				<ele>581.6</ele>
				<time>2026-08-06T21:20:24.441Z</time>
			</trkpt>
			<trkpt lat="39.94076" lon="20.67461">
				<ele>583.19</ele>
				<time>2026-08-06T21:20:26.714Z</time>
			</trkpt>
			<trkpt lat="39.94064" lon="20.67443">
				<ele>584.7</ele>
				<time>2026-08-06T21:20:28.269Z</time>
			</trkpt>
			<trkpt lat="39.94013" lon="20.67378">
				<ele>586.34</ele>
				<time>2026-08-06T21:20:34.349Z</time>
			</trkpt>
			<trkpt lat="39.93978" lon="20.67328">
				<ele>588.59</ele>
				<time>2026-08-06T21:20:38.795Z</time>
			</trkpt>
			<trkpt lat="39.93943" lon="20.6729">
				<ele>592.61</ele>
				<time>2026-08-06T21:20:42.709Z</time>
			</trkpt>
			<trkpt lat="39.93927" lon="20.67265">
				<ele>595.38</ele>
				<time>2026-08-06T21:20:44.860Z</time>
			</trkpt>
			<trkpt lat="39.93896" lon="20.67211">
				<ele>600.48</ele>
				<time>2026-08-06T21:20:49.329Z</time>
			</trkpt>
			<trkpt lat="39.93879" lon="20.67186">
				<ele>603.46</ele>
				<time>2026-08-06T21:20:51.549Z</time>
			</trkpt>
			<trkpt lat="39.93861" lon="20.67164">
				<ele>608.19</ele>
				<time>2026-08-06T21:20:53.691Z</time>
			</trkpt>
			<trkpt lat="39.93846" lon="20.67136">
				<ele>612.28</ele>
				<time>2026-08-06T21:20:55.969Z</time>
			</trkpt>
			<trkpt lat="39.93833" lon="20.67107">
				<ele>617.2</ele>
				<time>2026-08-06T21:20:58.214Z</time>
			</trkpt>
			<trkpt lat="39.93822" lon="20.67076">
				<ele>620.54</ele>
				<time>2026-08-06T21:21:00.501Z</time>
			</trkpt>
			<trkpt lat="39.93808" lon="20.6705">
				<ele>624.37</ele>
				<time>2026-08-06T21:21:02.633Z</time>
			</trkpt>
			<trkpt lat="39.93797" lon="20.6702">
				<ele>627.81</ele>
				<time>2026-08-06T21:21:04.869Z</time>
			</trkpt>
			<trkpt lat="39.93787" lon="20.66954">
				<ele>632.58</ele>
				<time>2026-08-06T21:21:09.405Z</time>
			</trkpt>
			<trkpt lat="39.93765" lon="20.66892">
				<ele>635.2</ele>
				<time>2026-08-06T21:21:14.032Z</time>
			</trkpt>
			<trkpt lat="39.93758" lon="20.66857">
				<ele>636.65</ele>
				<time>2026-08-06T21:21:16.489Z</time>
			</trkpt>
			<trkpt lat="39.93747" lon="20.66785">
				<ele>639.64</ele>
				<time>2026-08-06T21:21:21.479Z</time>
			</trkpt>
			<trkpt lat="39.93729" lon="20.66716">
				<ele>644.42</ele>
				<time>2026-08-06T21:21:26.425Z</time>
			</trkpt>
			<trkpt lat="39.93717" lon="20.66686">
				<ele>646.55</ele>
				<time>2026-08-06T21:21:28.718Z</time>
			</trkpt>
			<trkpt lat="39.93688" lon="20.66642">
				<ele>655.49</ele>
				<time>2026-08-06T21:21:32.648Z</time>
			</trkpt>
			<trkpt lat="39.93685" lon="20.66624">
				<ele>657.7</ele>
				<time>2026-08-06T21:21:33.895Z</time>
			</trkpt>
			<trkpt lat="39.93687" lon="20.66605">
				<ele>659.13</ele>
				<time>2026-08-06T21:21:35.192Z</time>
			</trkpt>
			<trkpt lat="39.93691" lon="20.66591">
				<ele>660.75</ele>
				<time>2026-08-06T21:21:36.203Z</time>
			</trkpt>
			<trkpt lat="39.93709" lon="20.66559">
				<ele>662.31</ele>
				<time>2026-08-06T21:21:38.886Z</time>
			</trkpt>
			<trkpt lat="39.93746" lon="20.66518">
				<ele>661.26</ele>
				<time>2026-08-06T21:21:43.162Z</time>
			</trkpt>
			<trkpt lat="39.93794" lon="20.66476">
				<ele>661.89</ele>
				<time>2026-08-06T21:21:48.246Z</time>
			</trkpt>
			<trkpt lat="39.93822" lon="20.66445">
				<ele>660.96</ele>
				<time>2026-08-06T21:21:51.472Z</time>
			</trkpt>
			<trkpt lat="39.93827" lon="20.66442">
				<ele>660.84</ele>
				<time>2026-08-06T21:21:51.956Z</time>
			</trkpt>
			<trkpt lat="39.93836" lon="20.66441">
				<ele>659.98</ele>
				<time>2026-08-06T21:21:52.749Z</time>
			</trkpt>
			<trkpt lat="39.93856" lon="20.66449">
				<ele>657.32</ele>
				<time>2026-08-06T21:21:54.585Z</time>
			</trkpt>
			<trkpt lat="39.93879" lon="20.66455">
				<ele>656.94</ele>
				<time>2026-08-06T21:21:56.642Z</time>
			</trkpt>
			<trkpt lat="39.93909" lon="20.66456">
				<ele>656.55</ele>
				<time>2026-08-06T21:21:59.272Z</time>
			</trkpt>
			<trkpt lat="39.93928" lon="20.66453">
				<ele>655.52</ele>
				<time>2026-08-06T21:22:00.949Z</time>
			</trkpt>
			<trkpt lat="39.94048" lon="20.66429">
				<ele>654.47</ele>
				<time>2026-08-06T21:22:11.566Z</time>
			</trkpt>
			<trkpt lat="39.94064" lon="20.6643">
				<ele>652.4</ele>
				<time>2026-08-06T21:22:12.965Z</time>
			</trkpt>
			<trkpt lat="39.94082" lon="20.66435">
				<ele>649.28</ele>
				<time>2026-08-06T21:22:14.571Z</time>
			</trkpt>
			<trkpt lat="39.94097" lon="20.66435">
				<ele>648.53</ele>
				<time>2026-08-06T21:22:15.880Z</time>
			</trkpt>
			<trkpt lat="39.94122" lon="20.66424">
				<ele>649.17</ele>
				<time>2026-08-06T21:22:18.180Z</time>
			</trkpt>
			<trkpt lat="39.94163" lon="20.66395">
				<ele>652.28</ele>
				<time>2026-08-06T21:22:22.244Z</time>
			</trkpt>
			<trkpt lat="39.94178" lon="20.66389">
				<ele>651.54</ele>
				<time>2026-08-06T21:22:23.610Z</time>
			</trkpt>
			<trkpt lat="39.94239" lon="20.66375">
				<ele>652.38</ele>
				<time>2026-08-06T21:22:28.998Z</time>
			</trkpt>
			<trkpt lat="39.94285" lon="20.66369">
				<ele>652.02</ele>
				<time>2026-08-06T21:22:33.014Z</time>
			</trkpt>
			<trkpt lat="39.94315" lon="20.66369">
				<ele>652.58</ele>
				<time>2026-08-06T21:22:35.618Z</time>
			</trkpt>
			<trkpt lat="39.94334" lon="20.66365">
				<ele>653.26</ele>
				<time>2026-08-06T21:22:37.287Z</time>
			</trkpt>
			<trkpt lat="39.94378" lon="20.66344">
				<ele>655.24</ele>
				<time>2026-08-06T21:22:41.349Z</time>
			</trkpt>
			<trkpt lat="39.9442" lon="20.6632">
				<ele>659.4</ele>
				<time>2026-08-06T21:22:45.320Z</time>
			</trkpt>
			<trkpt lat="39.94433" lon="20.66315">
				<ele>659.34</ele>
				<time>2026-08-06T21:22:46.493Z</time>
			</trkpt>
			<trkpt lat="39.94458" lon="20.6631">
				<ele>658.28</ele>
				<time>2026-08-06T21:22:48.681Z</time>
			</trkpt>
			<trkpt lat="39.94506" lon="20.66309">
				<ele>657.01</ele>
				<time>2026-08-06T21:22:52.830Z</time>
			</trkpt>
			<trkpt lat="39.94535" lon="20.66309">
				<ele>656.81</ele>
				<time>2026-08-06T21:22:55.335Z</time>
			</trkpt>
			<trkpt lat="39.94554" lon="20.66313">
				<ele>654.66</ele>
				<time>2026-08-06T21:22:56.996Z</time>
			</trkpt>
			<trkpt lat="39.94568" lon="20.66319">
				<ele>651.5</ele>
				<time>2026-08-06T21:22:58.267Z</time>
			</trkpt>
			<trkpt lat="39.94582" lon="20.66331">
				<ele>646.6</ele>
				<time>2026-08-06T21:22:59.712Z</time>
			</trkpt>
			<trkpt lat="39.94612" lon="20.66373">
				<ele>639.54</ele>
				<time>2026-08-06T21:23:03.506Z</time>
			</trkpt>
			<trkpt lat="39.94622" lon="20.6638">
				<ele>639.64</ele>
				<time>2026-08-06T21:23:04.484Z</time>
			</trkpt>
			<trkpt lat="39.9463" lon="20.66381">
				<ele>640.57</ele>
				<time>2026-08-06T21:23:05.176Z</time>
			</trkpt>
			<trkpt lat="39.94647" lon="20.66377">
				<ele>642.26</ele>
				<time>2026-08-06T21:23:06.663Z</time>
			</trkpt>
			<trkpt lat="39.94669" lon="20.66363">
				<ele>644.03</ele>
				<time>2026-08-06T21:23:08.770Z</time>
			</trkpt>
			<trkpt lat="39.94693" lon="20.66339">
				<ele>645.78</ele>
				<time>2026-08-06T21:23:11.372Z</time>
			</trkpt>
			<trkpt lat="39.94738" lon="20.66289">
				<ele>648.83</ele>
				<time>2026-08-06T21:23:16.452Z</time>
			</trkpt>
			<trkpt lat="39.94753" lon="20.66276">
				<ele>648.99</ele>
				<time>2026-08-06T21:23:17.998Z</time>
			</trkpt>
			<trkpt lat="39.94782" lon="20.66263">
				<ele>650.98</ele>
				<time>2026-08-06T21:23:20.630Z</time>
			</trkpt>
			<trkpt lat="39.94833" lon="20.66247">
				<ele>652.63</ele>
				<time>2026-08-06T21:23:25.129Z</time>
			</trkpt>
			<trkpt lat="39.94864" lon="20.66229">
				<ele>659.95</ele>
				<time>2026-08-06T21:23:28.036Z</time>
			</trkpt>
			<trkpt lat="39.94982" lon="20.66143">
				<ele>669.3</ele>
				<time>2026-08-06T21:23:39.598Z</time>
			</trkpt>
			<trkpt lat="39.95024" lon="20.66104">
				<ele>672.28</ele>
				<time>2026-08-06T21:23:44.000Z</time>
			</trkpt>
			<trkpt lat="39.95043" lon="20.66097">
				<ele>673.63</ele>
				<time>2026-08-06T21:23:45.684Z</time>
			</trkpt>
			<trkpt lat="39.95084" lon="20.6609">
				<ele>676.89</ele>
				<time>2026-08-06T21:23:49.210Z</time>
			</trkpt>
			<trkpt lat="39.95097" lon="20.66082">
				<ele>677.01</ele>
				<time>2026-08-06T21:23:50.435Z</time>
			</trkpt>
			<trkpt lat="39.95107" lon="20.66069">
				<ele>677.42</ele>
				<time>2026-08-06T21:23:51.638Z</time>
			</trkpt>
			<trkpt lat="39.95129" lon="20.66014">
				<ele>677.44</ele>
				<time>2026-08-06T21:23:55.687Z</time>
			</trkpt>
			<trkpt lat="39.95144" lon="20.65983">
				<ele>682.62</ele>
				<time>2026-08-06T21:23:58.079Z</time>
			</trkpt>
			<trkpt lat="39.95151" lon="20.65972">
				<ele>684.76</ele>
				<time>2026-08-06T21:23:59.011Z</time>
			</trkpt>
			<trkpt lat="39.95191" lon="20.65924">
				<ele>687.77</ele>
				<time>2026-08-06T21:24:03.631Z</time>
			</trkpt>
			<trkpt lat="39.95222" lon="20.65891">
				<ele>692.84</ele>
				<time>2026-08-06T21:24:07.030Z</time>
			</trkpt>
			<trkpt lat="39.95256" lon="20.65858">
				<ele>693.78</ele>
				<time>2026-08-06T21:24:10.626Z</time>
			</trkpt>
			<trkpt lat="39.95283" lon="20.65828">
				<ele>696.14</ele>
				<time>2026-08-06T21:24:13.634Z</time>
			</trkpt>
			<trkpt lat="39.95301" lon="20.65817">
				<ele>698.06</ele>
				<time>2026-08-06T21:24:15.320Z</time>
			</trkpt>
			<trkpt lat="39.95318" lon="20.65812">
				<ele>699.08</ele>
				<time>2026-08-06T21:24:16.796Z</time>
			</trkpt>
			<trkpt lat="39.95379" lon="20.65806">
				<ele>698.81</ele>
				<time>2026-08-06T21:24:21.977Z</time>
			</trkpt>
			<trkpt lat="39.95417" lon="20.65797">
				<ele>698.31</ele>
				<time>2026-08-06T21:24:25.244Z</time>
			</trkpt>
			<trkpt lat="39.9544" lon="20.65787">
				<ele>702.13</ele>
				<time>2026-08-06T21:24:27.295Z</time>
			</trkpt>
			<trkpt lat="39.95486" lon="20.65759">
				<ele>704.26</ele>
				<time>2026-08-06T21:24:31.584Z</time>
			</trkpt>
			<trkpt lat="39.95525" lon="20.65729">
				<ele>703.98</ele>
				<time>2026-08-06T21:24:35.408Z</time>
			</trkpt>
			<trkpt lat="39.95547" lon="20.65705">
				<ele>700.75</ele>
				<time>2026-08-06T21:24:37.828Z</time>
			</trkpt>
			<trkpt lat="39.95552" lon="20.65696">
				<ele>700.19</ele>
				<time>2026-08-06T21:24:38.547Z</time>
			</trkpt>
			<trkpt lat="39.9556" lon="20.6567">
				<ele>704.87</ele>
				<time>2026-08-06T21:24:40.358Z</time>
			</trkpt>
			<trkpt lat="39.9557" lon="20.65614">
				<ele>714.92</ele>
				<time>2026-08-06T21:24:44.073Z</time>
			</trkpt>
			<trkpt lat="39.95577" lon="20.65588">
				<ele>716.14</ele>
				<time>2026-08-06T21:24:45.853Z</time>
			</trkpt>
			<trkpt lat="39.95587" lon="20.65568">
				<ele>714.41</ele>
				<time>2026-08-06T21:24:47.395Z</time>
			</trkpt>
			<trkpt lat="39.95607" lon="20.65538">
				<ele>711.89</ele>
				<time>2026-08-06T21:24:49.961Z</time>
			</trkpt>
			<trkpt lat="39.95617" lon="20.65515">
				<ele>713.4</ele>
				<time>2026-08-06T21:24:51.666Z</time>
			</trkpt>
			<trkpt lat="39.9562" lon="20.65502">
				<ele>715.14</ele>
				<time>2026-08-06T21:24:52.542Z</time>
			</trkpt>
			<trkpt lat="39.95623" lon="20.65478">
				<ele>716.71</ele>
				<time>2026-08-06T21:24:54.110Z</time>
			</trkpt>
			<trkpt lat="39.95625" lon="20.65382">
				<ele>713.77</ele>
				<time>2026-08-06T21:25:00.298Z</time>
			</trkpt>
			<trkpt lat="39.95621" lon="20.65243">
				<ele>716.91</ele>
				<time>2026-08-06T21:25:09.248Z</time>
			</trkpt>
			<trkpt lat="39.95628" lon="20.65159">
				<ele>717.88</ele>
				<time>2026-08-06T21:25:14.678Z</time>
			</trkpt>
			<trkpt lat="39.95629" lon="20.65049">
				<ele>728.05</ele>
				<time>2026-08-06T21:25:21.739Z</time>
			</trkpt>
			<trkpt lat="39.95644" lon="20.64917">
				<ele>726.41</ele>
				<time>2026-08-06T21:25:30.293Z</time>
			</trkpt>
			<trkpt lat="39.95644" lon="20.64886">
				<ele>725.13</ele>
				<time>2026-08-06T21:25:32.279Z</time>
			</trkpt>
			<trkpt lat="39.95642" lon="20.64867">
				<ele>724.76</ele>
				<time>2026-08-06T21:25:33.507Z</time>
			</trkpt>
			<trkpt lat="39.9563" lon="20.64809">
				<ele>725.52</ele>
				<time>2026-08-06T21:25:37.352Z</time>
			</trkpt>
			<trkpt lat="39.95614" lon="20.64747">
				<ele>721.77</ele>
				<time>2026-08-06T21:25:41.537Z</time>
			</trkpt>
			<trkpt lat="39.95602" lon="20.64716">
				<ele>722.55</ele>
				<time>2026-08-06T21:25:43.757Z</time>
			</trkpt>
			<trkpt lat="39.95575" lon="20.64656">
				<ele>722.79</ele>
				<time>2026-08-06T21:25:48.203Z</time>
			</trkpt>
			<trkpt lat="39.95548" lon="20.64607">
				<ele>721.15</ele>
				<time>2026-08-06T21:25:52.056Z</time>
			</trkpt>
			<trkpt lat="39.95481" lon="20.64507">
				<ele>726.02</ele>
				<time>2026-08-06T21:26:00.530Z</time>
			</trkpt>
			<trkpt lat="39.95452" lon="20.64482">
				<ele>726.62</ele>
				<time>2026-08-06T21:26:03.420Z</time>
			</trkpt>
			<trkpt lat="39.95398" lon="20.64454">
				<ele>726.55</ele>
				<time>2026-08-06T21:26:08.250Z</time>
			</trkpt>
			<trkpt lat="39.95373" lon="20.64445">
				<ele>726.13</ele>
				<time>2026-08-06T21:26:10.404Z</time>
			</trkpt>
			<trkpt lat="39.95353" lon="20.64441">
				<ele>725.84</ele>
				<time>2026-08-06T21:26:12.085Z</time>
			</trkpt>
			<trkpt lat="39.95296" lon="20.64441">
				<ele>724.29</ele>
				<time>2026-08-06T21:26:16.817Z</time>
			</trkpt>
			<trkpt lat="39.95287" lon="20.64443">
				<ele>723.64</ele>
				<time>2026-08-06T21:26:17.574Z</time>
			</trkpt>
			<trkpt lat="39.95278" lon="20.64446">
				<ele>723.46</ele>
				<time>2026-08-06T21:26:18.345Z</time>
			</trkpt>
			<trkpt lat="39.9527" lon="20.64451">
				<ele>722.92</ele>
				<time>2026-08-06T21:26:19.081Z</time>
			</trkpt>
			<trkpt lat="39.95258" lon="20.64464">
				<ele>722.47</ele>
				<time>2026-08-06T21:26:20.375Z</time>
			</trkpt>
			<trkpt lat="39.95252" lon="20.64472">
				<ele>722.62</ele>
				<time>2026-08-06T21:26:21.086Z</time>
			</trkpt>
			<trkpt lat="39.95231" lon="20.6452">
				<ele>725.81</ele>
				<time>2026-08-06T21:26:24.599Z</time>
			</trkpt>
			<trkpt lat="39.95227" lon="20.64527">
				<ele>725.88</ele>
				<time>2026-08-06T21:26:25.154Z</time>
			</trkpt>
			<trkpt lat="39.95216" lon="20.64533">
				<ele>726.46</ele>
				<time>2026-08-06T21:26:26.142Z</time>
			</trkpt>
			<trkpt lat="39.95205" lon="20.64532">
				<ele>726.52</ele>
				<time>2026-08-06T21:26:27.056Z</time>
			</trkpt>
			<trkpt lat="39.952" lon="20.64528">
				<ele>725.9</ele>
				<time>2026-08-06T21:26:27.542Z</time>
			</trkpt>
			<trkpt lat="39.95172" lon="20.645">
				<ele>723.52</ele>
				<time>2026-08-06T21:26:30.465Z</time>
			</trkpt>
			<trkpt lat="39.95166" lon="20.64496">
				<ele>723.53</ele>
				<time>2026-08-06T21:26:31.024Z</time>
			</trkpt>
			<trkpt lat="39.95152" lon="20.64491">
				<ele>723.49</ele>
				<time>2026-08-06T21:26:32.226Z</time>
			</trkpt>
			<trkpt lat="39.95145" lon="20.64491">
				<ele>723.79</ele>
				<time>2026-08-06T21:26:32.806Z</time>
			</trkpt>
			<trkpt lat="39.95131" lon="20.64496">
				<ele>724.36</ele>
				<time>2026-08-06T21:26:34.007Z</time>
			</trkpt>
			<trkpt lat="39.95088" lon="20.64523">
				<ele>725.89</ele>
				<time>2026-08-06T21:26:37.958Z</time>
			</trkpt>
			<trkpt lat="39.95072" lon="20.64531">
				<ele>727.27</ele>
				<time>2026-08-06T21:26:39.376Z</time>
			</trkpt>
			<trkpt lat="39.95056" lon="20.64534">
				<ele>728.62</ele>
				<time>2026-08-06T21:26:40.713Z</time>
			</trkpt>
			<trkpt lat="39.95042" lon="20.64531">
				<ele>731.52</ele>
				<time>2026-08-06T21:26:41.887Z</time>
			</trkpt>
			<trkpt lat="39.95028" lon="20.64519">
				<ele>733.3</ele>
				<time>2026-08-06T21:26:43.273Z</time>
			</trkpt>
			<trkpt lat="39.95023" lon="20.64511">
				<ele>734.1</ele>
				<time>2026-08-06T21:26:43.927Z</time>
			</trkpt>
			<trkpt lat="39.95012" lon="20.64484">
				<ele>734.01</ele>
				<time>2026-08-06T21:26:45.865Z</time>
			</trkpt>
			<trkpt lat="39.94982" lon="20.64363">
				<ele>730.5</ele>
				<time>2026-08-06T21:26:53.922Z</time>
			</trkpt>
			<trkpt lat="39.9497" lon="20.64336">
				<ele>732.12</ele>
				<time>2026-08-06T21:26:55.898Z</time>
			</trkpt>
			<trkpt lat="39.94959" lon="20.64321">
				<ele>732.95</ele>
				<time>2026-08-06T21:26:57.212Z</time>
			</trkpt>
			<trkpt lat="39.94952" lon="20.64316">
				<ele>733.14</ele>
				<time>2026-08-06T21:26:57.871Z</time>
			</trkpt>
			<trkpt lat="39.94943" lon="20.64311">
				<ele>733.15</ele>
				<time>2026-08-06T21:26:58.679Z</time>
			</trkpt>
			<trkpt lat="39.94928" lon="20.64308">
				<ele>732.02</ele>
				<time>2026-08-06T21:26:59.932Z</time>
			</trkpt>
			<trkpt lat="39.94904" lon="20.64314">
				<ele>729.77</ele>
				<time>2026-08-06T21:27:01.949Z</time>
			</trkpt>
			<trkpt lat="39.9488" lon="20.64329">
				<ele>728.23</ele>
				<time>2026-08-06T21:27:04.145Z</time>
			</trkpt>
			<trkpt lat="39.94789" lon="20.644">
				<ele>723.4</ele>
				<time>2026-08-06T21:27:12.890Z</time>
			</trkpt>
			<trkpt lat="39.94776" lon="20.64407">
				<ele>722.29</ele>
				<time>2026-08-06T21:27:14.050Z</time>
			</trkpt>
			<trkpt lat="39.94757" lon="20.64411">
				<ele>721.13</ele>
				<time>2026-08-06T21:27:15.636Z</time>
			</trkpt>
			<trkpt lat="39.94712" lon="20.64403">
				<ele>716.86</ele>
				<time>2026-08-06T21:27:19.379Z</time>
			</trkpt>
			<trkpt lat="39.94696" lon="20.64403">
				<ele>714.83</ele>
				<time>2026-08-06T21:27:20.697Z</time>
			</trkpt>
			<trkpt lat="39.94666" lon="20.64407">
				<ele>712.08</ele>
				<time>2026-08-06T21:27:23.181Z</time>
			</trkpt>
			<trkpt lat="39.94651" lon="20.64411">
				<ele>711.89</ele>
				<time>2026-08-06T21:27:24.442Z</time>
			</trkpt>
			<trkpt lat="39.94624" lon="20.64421">
				<ele>711.3</ele>
				<time>2026-08-06T21:27:26.753Z</time>
			</trkpt>
			<trkpt lat="39.946" lon="20.64437">
				<ele>710.44</ele>
				<time>2026-08-06T21:27:28.972Z</time>
			</trkpt>
			<trkpt lat="39.94577" lon="20.64461">
				<ele>708.35</ele>
				<time>2026-08-06T21:27:31.396Z</time>
			</trkpt>
			<trkpt lat="39.94559" lon="20.6449">
				<ele>708</ele>
				<time>2026-08-06T21:27:33.750Z</time>
			</trkpt>
			<trkpt lat="39.94497" lon="20.6463">
				<ele>706.75</ele>
				<time>2026-08-06T21:27:43.945Z</time>
			</trkpt>
			<trkpt lat="39.94482" lon="20.64658">
				<ele>706.01</ele>
				<time>2026-08-06T21:27:46.098Z</time>
			</trkpt>
			<trkpt lat="39.94458" lon="20.64685">
				<ele>705.65</ele>
				<time>2026-08-06T21:27:48.703Z</time>
			</trkpt>
			<trkpt lat="39.94428" lon="20.64705">
				<ele>706.27</ele>
				<time>2026-08-06T21:27:51.471Z</time>
			</trkpt>
			<trkpt lat="39.94412" lon="20.6471">
				<ele>705.97</ele>
				<time>2026-08-06T21:27:52.823Z</time>
			</trkpt>
			<trkpt lat="39.94394" lon="20.64708">
				<ele>706.33</ele>
				<time>2026-08-06T21:27:54.307Z</time>
			</trkpt>
			<trkpt lat="39.94385" lon="20.64704">
				<ele>706.37</ele>
				<time>2026-08-06T21:27:55.088Z</time>
			</trkpt>
			<trkpt lat="39.9436" lon="20.64685">
				<ele>705.5</ele>
				<time>2026-08-06T21:27:57.465Z</time>
			</trkpt>
			<trkpt lat="39.94304" lon="20.64659">
				<ele>704.57</ele>
				<time>2026-08-06T21:28:02.346Z</time>
			</trkpt>
			<trkpt lat="39.94279" lon="20.64647">
				<ele>703.71</ele>
				<time>2026-08-06T21:28:04.533Z</time>
			</trkpt>
			<trkpt lat="39.94273" lon="20.64642">
				<ele>703.88</ele>
				<time>2026-08-06T21:28:05.118Z</time>
			</trkpt>
			<trkpt lat="39.94269" lon="20.64634">
				<ele>703.85</ele>
				<time>2026-08-06T21:28:05.719Z</time>
			</trkpt>
			<trkpt lat="39.94262" lon="20.64614">
				<ele>702.42</ele>
				<time>2026-08-06T21:28:07.103Z</time>
			</trkpt>
			<trkpt lat="39.94253" lon="20.64568">
				<ele>697.6</ele>
				<time>2026-08-06T21:28:10.090Z</time>
			</trkpt>
			<trkpt lat="39.9424" lon="20.64524">
				<ele>695.42</ele>
				<time>2026-08-06T21:28:13.057Z</time>
			</trkpt>
			<trkpt lat="39.94229" lon="20.64494">
				<ele>696.05</ele>
				<time>2026-08-06T21:28:15.149Z</time>
			</trkpt>
			<trkpt lat="39.94099" lon="20.64283">
				<ele>695.09</ele>
				<time>2026-08-06T21:28:32.168Z</time>
			</trkpt>
			<trkpt lat="39.94089" lon="20.64257">
				<ele>695.38</ele>
				<time>2026-08-06T21:28:33.996Z</time>
			</trkpt>
			<trkpt lat="39.94085" lon="20.64239">
				<ele>694.86</ele>
				<time>2026-08-06T21:28:35.174Z</time>
			</trkpt>
			<trkpt lat="39.94083" lon="20.64171">
				<ele>694.62</ele>
				<time>2026-08-06T21:28:39.450Z</time>
			</trkpt>
			<trkpt lat="39.9408" lon="20.64151">
				<ele>695.38</ele>
				<time>2026-08-06T21:28:40.731Z</time>
			</trkpt>
			<trkpt lat="39.9407" lon="20.64121">
				<ele>695.77</ele>
				<time>2026-08-06T21:28:42.786Z</time>
			</trkpt>
			<trkpt lat="39.94059" lon="20.64095">
				<ele>694.8</ele>
				<time>2026-08-06T21:28:44.651Z</time>
			</trkpt>
			<trkpt lat="39.94055" lon="20.6408">
				<ele>694.29</ele>
				<time>2026-08-06T21:28:45.649Z</time>
			</trkpt>
			<trkpt lat="39.94052" lon="20.64074">
				<ele>694.09</ele>
				<time>2026-08-06T21:28:46.099Z</time>
			</trkpt>
			<trkpt lat="39.94043" lon="20.64068">
				<ele>692.71</ele>
				<time>2026-08-06T21:28:46.927Z</time>
			</trkpt>
			<trkpt lat="39.94034" lon="20.64069">
				<ele>690.82</ele>
				<time>2026-08-06T21:28:47.667Z</time>
			</trkpt>
			<trkpt lat="39.94026" lon="20.6408">
				<ele>688.85</ele>
				<time>2026-08-06T21:28:48.619Z</time>
			</trkpt>
			<trkpt lat="39.94008" lon="20.64121">
				<ele>687.82</ele>
				<time>2026-08-06T21:28:51.587Z</time>
			</trkpt>
			<trkpt lat="39.93994" lon="20.6414">
				<ele>687.38</ele>
				<time>2026-08-06T21:28:53.242Z</time>
			</trkpt>
			<trkpt lat="39.93985" lon="20.64143">
				<ele>686.28</ele>
				<time>2026-08-06T21:28:54.003Z</time>
			</trkpt>
			<trkpt lat="39.93962" lon="20.64136">
				<ele>682.35</ele>
				<time>2026-08-06T21:28:55.937Z</time>
			</trkpt>
			<trkpt lat="39.93952" lon="20.64138">
				<ele>681.03</ele>
				<time>2026-08-06T21:28:56.766Z</time>
			</trkpt>
			<trkpt lat="39.93944" lon="20.64147">
				<ele>681.31</ele>
				<time>2026-08-06T21:28:57.631Z</time>
			</trkpt>
			<trkpt lat="39.93937" lon="20.64181">
				<ele>683.46</ele>
				<time>2026-08-06T21:28:59.842Z</time>
			</trkpt>
			<trkpt lat="39.93931" lon="20.64195">
				<ele>683.4</ele>
				<time>2026-08-06T21:29:00.849Z</time>
			</trkpt>
			<trkpt lat="39.93922" lon="20.64202">
				<ele>682.37</ele>
				<time>2026-08-06T21:29:01.707Z</time>
			</trkpt>
			<trkpt lat="39.93912" lon="20.642">
				<ele>680.58</ele>
				<time>2026-08-06T21:29:02.536Z</time>
			</trkpt>
			<trkpt lat="39.93904" lon="20.6419">
				<ele>678.71</ele>
				<time>2026-08-06T21:29:03.443Z</time>
			</trkpt>
			<trkpt lat="39.93903" lon="20.64177">
				<ele>676.87</ele>
				<time>2026-08-06T21:29:04.263Z</time>
			</trkpt>
			<trkpt lat="39.93926" lon="20.64044">
				<ele>669.2</ele>
				<time>2026-08-06T21:29:12.823Z</time>
			</trkpt>
			<trkpt lat="39.93926" lon="20.6402">
				<ele>669.06</ele>
				<time>2026-08-06T21:29:14.330Z</time>
			</trkpt>
			<trkpt lat="39.93918" lon="20.63991">
				<ele>669.04</ele>
				<time>2026-08-06T21:29:16.264Z</time>
			</trkpt>
			<trkpt lat="39.93902" lon="20.63953">
				<ele>666.17</ele>
				<time>2026-08-06T21:29:18.986Z</time>
			</trkpt>
			<trkpt lat="39.93894" lon="20.63931">
				<ele>663.73</ele>
				<time>2026-08-06T21:29:20.514Z</time>
			</trkpt>
			<trkpt lat="39.93831" lon="20.63716">
				<ele>649.17</ele>
				<time>2026-08-06T21:29:34.962Z</time>
			</trkpt>
			<trkpt lat="39.93828" lon="20.63689">
				<ele>646.82</ele>
				<time>2026-08-06T21:29:36.674Z</time>
			</trkpt>
			<trkpt lat="39.9383" lon="20.63657">
				<ele>644.35</ele>
				<time>2026-08-06T21:29:38.689Z</time>
			</trkpt>
			<trkpt lat="39.93853" lon="20.63477">
				<ele>634.96</ele>
				<time>2026-08-06T21:29:50.144Z</time>
			</trkpt>
			<trkpt lat="39.93854" lon="20.63456">
				<ele>634</ele>
				<time>2026-08-06T21:29:51.465Z</time>
			</trkpt>
			<trkpt lat="39.9385" lon="20.63436">
				<ele>632.73</ele>
				<time>2026-08-06T21:29:52.762Z</time>
			</trkpt>
			<trkpt lat="39.93827" lon="20.63376">
				<ele>628.29</ele>
				<time>2026-08-06T21:29:56.973Z</time>
			</trkpt>
			<trkpt lat="39.93822" lon="20.63358">
				<ele>627.03</ele>
				<time>2026-08-06T21:29:58.175Z</time>
			</trkpt>
			<trkpt lat="39.93819" lon="20.6333">
				<ele>625.96</ele>
				<time>2026-08-06T21:29:59.950Z</time>
			</trkpt>
			<trkpt lat="39.93821" lon="20.63305">
				<ele>624.96</ele>
				<time>2026-08-06T21:30:01.529Z</time>
			</trkpt>
			<trkpt lat="39.93826" lon="20.63285">
				<ele>622.97</ele>
				<time>2026-08-06T21:30:02.849Z</time>
			</trkpt>
			<trkpt lat="39.93825" lon="20.63273">
				<ele>621.36</ele>
				<time>2026-08-06T21:30:03.607Z</time>
			</trkpt>
			<trkpt lat="39.93819" lon="20.63263">
				<ele>619.56</ele>
				<time>2026-08-06T21:30:04.405Z</time>
			</trkpt>
			<trkpt lat="39.93811" lon="20.63258">
				<ele>617.84</ele>
				<time>2026-08-06T21:30:05.131Z</time>
			</trkpt>
			<trkpt lat="39.93802" lon="20.63259">
				<ele>616.49</ele>
				<time>2026-08-06T21:30:05.871Z</time>
			</trkpt>
			<trkpt lat="39.93798" lon="20.63262">
				<ele>615.97</ele>
				<time>2026-08-06T21:30:06.249Z</time>
			</trkpt>
			<trkpt lat="39.93792" lon="20.63271">
				<ele>615.6</ele>
				<time>2026-08-06T21:30:06.998Z</time>
			</trkpt>
			<trkpt lat="39.93784" lon="20.63291">
				<ele>615.91</ele>
				<time>2026-08-06T21:30:08.414Z</time>
			</trkpt>
			<trkpt lat="39.93763" lon="20.63431">
				<ele>611.89</ele>
				<time>2026-08-06T21:30:17.373Z</time>
			</trkpt>
			<trkpt lat="39.93754" lon="20.63454">
				<ele>611.48</ele>
				<time>2026-08-06T21:30:18.995Z</time>
			</trkpt>
			<trkpt lat="39.93746" lon="20.63466">
				<ele>611.42</ele>
				<time>2026-08-06T21:30:19.994Z</time>
			</trkpt>
			<trkpt lat="39.9374" lon="20.63471">
				<ele>611.6</ele>
				<time>2026-08-06T21:30:20.577Z</time>
			</trkpt>
			<trkpt lat="39.93729" lon="20.63475">
				<ele>611.66</ele>
				<time>2026-08-06T21:30:21.513Z</time>
			</trkpt>
			<trkpt lat="39.93717" lon="20.63472">
				<ele>611.25</ele>
				<time>2026-08-06T21:30:22.514Z</time>
			</trkpt>
			<trkpt lat="39.9371" lon="20.63469">
				<ele>610.91</ele>
				<time>2026-08-06T21:30:23.118Z</time>
			</trkpt>
			<trkpt lat="39.93652" lon="20.63412">
				<ele>600.11</ele>
				<time>2026-08-06T21:30:29.069Z</time>
			</trkpt>
			<trkpt lat="39.93637" lon="20.63404">
				<ele>598.7</ele>
				<time>2026-08-06T21:30:30.397Z</time>
			</trkpt>
			<trkpt lat="39.93629" lon="20.63403">
				<ele>597.8</ele>
				<time>2026-08-06T21:30:31.056Z</time>
			</trkpt>
			<trkpt lat="39.93615" lon="20.63406">
				<ele>596.95</ele>
				<time>2026-08-06T21:30:32.219Z</time>
			</trkpt>
			<trkpt lat="39.93602" lon="20.63414">
				<ele>596.5</ele>
				<time>2026-08-06T21:30:33.397Z</time>
			</trkpt>
			<trkpt lat="39.93597" lon="20.63419">
				<ele>596.24</ele>
				<time>2026-08-06T21:30:33.913Z</time>
			</trkpt>
			<trkpt lat="39.93592" lon="20.63426">
				<ele>595.99</ele>
				<time>2026-08-06T21:30:34.515Z</time>
			</trkpt>
			<trkpt lat="39.93576" lon="20.63462">
				<ele>595.15</ele>
				<time>2026-08-06T21:30:37.130Z</time>
			</trkpt>
			<trkpt lat="39.93563" lon="20.63479">
				<ele>593.21</ele>
				<time>2026-08-06T21:30:38.639Z</time>
			</trkpt>
			<trkpt lat="39.93557" lon="20.63484">
				<ele>592.2</ele>
				<time>2026-08-06T21:30:39.223Z</time>
			</trkpt>
			<trkpt lat="39.93542" lon="20.63489">
				<ele>590.59</ele>
				<time>2026-08-06T21:30:40.493Z</time>
			</trkpt>
			<trkpt lat="39.93502" lon="20.6349">
				<ele>587.17</ele>
				<time>2026-08-06T21:30:43.773Z</time>
			</trkpt>
			<trkpt lat="39.9349" lon="20.63487">
				<ele>586.79</ele>
				<time>2026-08-06T21:30:44.775Z</time>
			</trkpt>
			<trkpt lat="39.93473" lon="20.63474">
				<ele>585.27</ele>
				<time>2026-08-06T21:30:46.392Z</time>
			</trkpt>
			<trkpt lat="39.93458" lon="20.63451">
				<ele>582.39</ele>
				<time>2026-08-06T21:30:48.291Z</time>
			</trkpt>
			<trkpt lat="39.93442" lon="20.63417">
				<ele>580.89</ele>
				<time>2026-08-06T21:30:50.800Z</time>
			</trkpt>
			<trkpt lat="39.93398" lon="20.63302">
				<ele>572.58</ele>
				<time>2026-08-06T21:30:58.887Z</time>
			</trkpt>
			<trkpt lat="39.93391" lon="20.6328">
				<ele>571.31</ele>
				<time>2026-08-06T21:31:00.386Z</time>
			</trkpt>
			<trkpt lat="39.93371" lon="20.6319">
				<ele>563.67</ele>
				<time>2026-08-06T21:31:06.284Z</time>
			</trkpt>
			<trkpt lat="39.9336" lon="20.63149">
				<ele>561.9</ele>
				<time>2026-08-06T21:31:09.020Z</time>
			</trkpt>
			<trkpt lat="39.93316" lon="20.63045">
				<ele>555.02</ele>
				<time>2026-08-06T21:31:16.502Z</time>
			</trkpt>
			<trkpt lat="39.93285" lon="20.6298">
				<ele>551.55</ele>
				<time>2026-08-06T21:31:21.326Z</time>
			</trkpt>
			<trkpt lat="39.93266" lon="20.62948">
				<ele>550.25</ele>
				<time>2026-08-06T21:31:23.877Z</time>
			</trkpt>
			<trkpt lat="39.93247" lon="20.6292">
				<ele>548.93</ele>
				<time>2026-08-06T21:31:26.235Z</time>
			</trkpt>
			<trkpt lat="39.93224" lon="20.62894">
				<ele>549.67</ele>
				<time>2026-08-06T21:31:28.738Z</time>
			</trkpt>
			<trkpt lat="39.93207" lon="20.62879">
				<ele>550.78</ele>
				<time>2026-08-06T21:31:30.426Z</time>
			</trkpt>
			<trkpt lat="39.93066" lon="20.62786">
				<ele>547.93</ele>
				<time>2026-08-06T21:31:43.432Z</time>
			</trkpt>
			<trkpt lat="39.93037" lon="20.62763">
				<ele>546.3</ele>
				<time>2026-08-06T21:31:46.227Z</time>
			</trkpt>
			<trkpt lat="39.93002" lon="20.62729">
				<ele>543.44</ele>
				<time>2026-08-06T21:31:49.823Z</time>
			</trkpt>
			<trkpt lat="39.9298" lon="20.62703">
				<ele>542.08</ele>
				<time>2026-08-06T21:31:52.270Z</time>
			</trkpt>
			<trkpt lat="39.92961" lon="20.6268">
				<ele>541.27</ele>
				<time>2026-08-06T21:31:54.407Z</time>
			</trkpt>
			<trkpt lat="39.92931" lon="20.62639">
				<ele>539.66</ele>
				<time>2026-08-06T21:31:57.990Z</time>
			</trkpt>
			<trkpt lat="39.92905" lon="20.62597">
				<ele>535.56</ele>
				<time>2026-08-06T21:32:01.405Z</time>
			</trkpt>
			<trkpt lat="39.92857" lon="20.62502">
				<ele>533.45</ele>
				<time>2026-08-06T21:32:08.605Z</time>
			</trkpt>
			<trkpt lat="39.92799" lon="20.62404">
				<ele>526.35</ele>
				<time>2026-08-06T21:32:16.446Z</time>
			</trkpt>
			<trkpt lat="39.92749" lon="20.623">
				<ele>521.26</ele>
				<time>2026-08-06T21:32:24.228Z</time>
			</trkpt>
			<trkpt lat="39.92737" lon="20.62264">
				<ele>520.71</ele>
				<time>2026-08-06T21:32:26.718Z</time>
			</trkpt>
			<trkpt lat="39.9272" lon="20.6217">
				<ele>515.65</ele>
				<time>2026-08-06T21:32:32.848Z</time>
			</trkpt>
			<trkpt lat="39.92695" lon="20.62075">
				<ele>509.66</ele>
				<time>2026-08-06T21:32:39.227Z</time>
			</trkpt>
			<trkpt lat="39.92684" lon="20.62019">
				<ele>507.25</ele>
				<time>2026-08-06T21:32:42.902Z</time>
			</trkpt>
			<trkpt lat="39.92664" lon="20.61868">
				<ele>503.36</ele>
				<time>2026-08-06T21:32:52.650Z</time>
			</trkpt>
			<trkpt lat="39.92661" lon="20.6186">
				<ele>503.09</ele>
				<time>2026-08-06T21:32:53.217Z</time>
			</trkpt>
			<trkpt lat="39.92652" lon="20.61849">
				<ele>501.24</ele>
				<time>2026-08-06T21:32:54.241Z</time>
			</trkpt>
			<trkpt lat="39.92636" lon="20.61841">
				<ele>498.73</ele>
				<time>2026-08-06T21:32:55.664Z</time>
			</trkpt>
			<trkpt lat="39.92599" lon="20.61836">
				<ele>495.57</ele>
				<time>2026-08-06T21:32:58.754Z</time>
			</trkpt>
			<trkpt lat="39.92586" lon="20.61837">
				<ele>494.07</ele>
				<time>2026-08-06T21:32:59.836Z</time>
			</trkpt>
			<trkpt lat="39.92584" lon="20.61836">
				<ele>493.87</ele>
				<time>2026-08-06T21:33:00.014Z</time>
			</trkpt>
			<trkpt lat="39.92581" lon="20.61828">
				<ele>493.94</ele>
				<time>2026-08-06T21:33:00.581Z</time>
			</trkpt>
			<trkpt lat="39.9248" lon="20.61903">
				<ele>486.68</ele>
				<time>2026-08-06T21:33:10.247Z</time>
			</trkpt>
			<trkpt lat="39.92385" lon="20.61971">
				<ele>485.72</ele>
				<time>2026-08-06T21:33:19.272Z</time>
			</trkpt>
			<trkpt lat="39.92226" lon="20.6209">
				<ele>479.41</ele>
				<time>2026-08-06T21:33:34.568Z</time>
			</trkpt>
			<trkpt lat="39.92207" lon="20.62103">
				<ele>479.87</ele>
				<time>2026-08-06T21:33:36.361Z</time>
			</trkpt>
			<trkpt lat="39.92182" lon="20.62116">
				<ele>480.33</ele>
				<time>2026-08-06T21:33:38.613Z</time>
			</trkpt>
			<trkpt lat="39.92158" lon="20.62126">
				<ele>480.45</ele>
				<time>2026-08-06T21:33:40.722Z</time>
			</trkpt>
			<trkpt lat="39.92131" lon="20.62133">
				<ele>480.2</ele>
				<time>2026-08-06T21:33:43.029Z</time>
			</trkpt>
			<trkpt lat="39.92101" lon="20.62138">
				<ele>480.34</ele>
				<time>2026-08-06T21:33:45.565Z</time>
			</trkpt>
			<trkpt lat="39.91825" lon="20.6215">
				<ele>485.42</ele>
				<time>2026-08-06T21:34:08.830Z</time>
			</trkpt>
			<trkpt lat="39.91721" lon="20.62174">
				<ele>489</ele>
				<time>2026-08-06T21:34:17.771Z</time>
			</trkpt>
			<trkpt lat="39.91613" lon="20.622">
				<ele>490.69</ele>
				<time>2026-08-06T21:34:27.092Z</time>
			</trkpt>
			<trkpt lat="39.91541" lon="20.62211">
				<ele>492.68</ele>
				<time>2026-08-06T21:34:33.254Z</time>
			</trkpt>
			<trkpt lat="39.91451" lon="20.62214">
				<ele>495.84</ele>
				<time>2026-08-06T21:34:40.919Z</time>
			</trkpt>
			<trkpt lat="39.91415" lon="20.62211">
				<ele>499.49</ele>
				<time>2026-08-06T21:34:43.993Z</time>
			</trkpt>
			<trkpt lat="39.91374" lon="20.62206">
				<ele>501.11</ele>
				<time>2026-08-06T21:34:47.504Z</time>
			</trkpt>
			<trkpt lat="39.91002" lon="20.62116">
				<ele>507.62</ele>
				<time>2026-08-06T21:35:19.838Z</time>
			</trkpt>
			<trkpt lat="39.90959" lon="20.621">
				<ele>509.37</ele>
				<time>2026-08-06T21:35:23.666Z</time>
			</trkpt>
			<trkpt lat="39.90897" lon="20.62067">
				<ele>508.22</ele>
				<time>2026-08-06T21:35:29.398Z</time>
			</trkpt>
			<trkpt lat="39.90791" lon="20.61995">
				<ele>504.35</ele>
				<time>2026-08-06T21:35:39.631Z</time>
			</trkpt>
			<trkpt lat="39.90776" lon="20.61987">
				<ele>504.29</ele>
				<time>2026-08-06T21:35:41.019Z</time>
			</trkpt>
			<trkpt lat="39.90759" lon="20.6198">
				<ele>502.89</ele>
				<time>2026-08-06T21:35:42.545Z</time>
			</trkpt>
			<trkpt lat="39.9073" lon="20.61971">
				<ele>500.7</ele>
				<time>2026-08-06T21:35:45.097Z</time>
			</trkpt>
			<trkpt lat="39.90696" lon="20.61968">
				<ele>499.48</ele>
				<time>2026-08-06T21:35:48.014Z</time>
			</trkpt>
			<trkpt lat="39.90669" lon="20.61973">
				<ele>495.49</ele>
				<time>2026-08-06T21:35:50.348Z</time>
			</trkpt>
			<trkpt lat="39.90641" lon="20.61983">
				<ele>492.31</ele>
				<time>2026-08-06T21:35:52.833Z</time>
			</trkpt>
			<trkpt lat="39.90612" lon="20.62001">
				<ele>488.19</ele>
				<time>2026-08-06T21:35:55.581Z</time>
			</trkpt>
			<trkpt lat="39.906" lon="20.62012">
				<ele>486.86</ele>
				<time>2026-08-06T21:35:56.836Z</time>
			</trkpt>
			<trkpt lat="39.90575" lon="20.62041">
				<ele>484.65</ele>
				<time>2026-08-06T21:35:59.699Z</time>
			</trkpt>
			<trkpt lat="39.90563" lon="20.62058">
				<ele>483.77</ele>
				<time>2026-08-06T21:36:01.215Z</time>
			</trkpt>
			<trkpt lat="39.90454" lon="20.62241">
				<ele>470.54</ele>
				<time>2026-08-06T21:36:16.404Z</time>
			</trkpt>
			<trkpt lat="39.90435" lon="20.62267">
				<ele>468.61</ele>
				<time>2026-08-06T21:36:18.756Z</time>
			</trkpt>
			<trkpt lat="39.90413" lon="20.62289">
				<ele>467.59</ele>
				<time>2026-08-06T21:36:21.122Z</time>
			</trkpt>
			<trkpt lat="39.90388" lon="20.62306">
				<ele>468.14</ele>
				<time>2026-08-06T21:36:23.528Z</time>
			</trkpt>
			<trkpt lat="39.90361" lon="20.62318">
				<ele>464.05</ele>
				<time>2026-08-06T21:36:25.961Z</time>
			</trkpt>
			<trkpt lat="39.90336" lon="20.62326">
				<ele>461.96</ele>
				<time>2026-08-06T21:36:28.155Z</time>
			</trkpt>
			<trkpt lat="39.90308" lon="20.62328">
				<ele>460.84</ele>
				<time>2026-08-06T21:36:30.545Z</time>
			</trkpt>
			<trkpt lat="39.90283" lon="20.62324">
				<ele>457.96</ele>
				<time>2026-08-06T21:36:32.691Z</time>
			</trkpt>
			<trkpt lat="39.90223" lon="20.62304">
				<ele>454.7</ele>
				<time>2026-08-06T21:36:37.962Z</time>
			</trkpt>
			<trkpt lat="39.90179" lon="20.62284">
				<ele>453.08</ele>
				<time>2026-08-06T21:36:41.925Z</time>
			</trkpt>
			<trkpt lat="39.90125" lon="20.62263">
				<ele>446.69</ele>
				<time>2026-08-06T21:36:46.713Z</time>
			</trkpt>
			<trkpt lat="39.90085" lon="20.62252">
				<ele>445.14</ele>
				<time>2026-08-06T21:36:50.183Z</time>
			</trkpt>
			<trkpt lat="39.9005" lon="20.6225">
				<ele>442.39</ele>
				<time>2026-08-06T21:36:53.154Z</time>
			</trkpt>
			<trkpt lat="39.90011" lon="20.62253">
				<ele>439.75</ele>
				<time>2026-08-06T21:36:56.465Z</time>
			</trkpt>
			<trkpt lat="39.89767" lon="20.62308">
				<ele>425.33</ele>
				<time>2026-08-06T21:37:17.377Z</time>
			</trkpt>
			<trkpt lat="39.89732" lon="20.62314">
				<ele>424.68</ele>
				<time>2026-08-06T21:37:20.347Z</time>
			</trkpt>
			<trkpt lat="39.89708" lon="20.62314">
				<ele>425.5</ele>
				<time>2026-08-06T21:37:22.364Z</time>
			</trkpt>
			<trkpt lat="39.89658" lon="20.62307">
				<ele>425.53</ele>
				<time>2026-08-06T21:37:26.586Z</time>
			</trkpt>
			<trkpt lat="39.89503" lon="20.62244">
				<ele>426.13</ele>
				<time>2026-08-06T21:37:40.171Z</time>
			</trkpt>
			<trkpt lat="39.8946" lon="20.6223">
				<ele>423.8</ele>
				<time>2026-08-06T21:37:43.866Z</time>
			</trkpt>
			<trkpt lat="39.89421" lon="20.62227">
				<ele>421.85</ele>
				<time>2026-08-06T21:37:47.118Z</time>
			</trkpt>
			<trkpt lat="39.89406" lon="20.62228">
				<ele>420.87</ele>
				<time>2026-08-06T21:37:48.367Z</time>
			</trkpt>
			<trkpt lat="39.8936" lon="20.62237">
				<ele>419.54</ele>
				<time>2026-08-06T21:37:52.231Z</time>
			</trkpt>
			<trkpt lat="39.89123" lon="20.62296">
				<ele>415.61</ele>
				<time>2026-08-06T21:38:12.153Z</time>
			</trkpt>
			<trkpt lat="39.8903" lon="20.62331">
				<ele>414</ele>
				<time>2026-08-06T21:38:20.086Z</time>
			</trkpt>
			<trkpt lat="39.88956" lon="20.62363">
				<ele>411.42</ele>
				<time>2026-08-06T21:38:26.449Z</time>
			</trkpt>
			<trkpt lat="39.88917" lon="20.62381">
				<ele>409.75</ele>
				<time>2026-08-06T21:38:29.815Z</time>
			</trkpt>
			<trkpt lat="39.88803" lon="20.62442">
				<ele>406.99</ele>
				<time>2026-08-06T21:38:39.798Z</time>
			</trkpt>
			<trkpt lat="39.88762" lon="20.62463">
				<ele>407.37</ele>
				<time>2026-08-06T21:38:43.351Z</time>
			</trkpt>
			<trkpt lat="39.88722" lon="20.62474">
				<ele>408.27</ele>
				<time>2026-08-06T21:38:46.640Z</time>
			</trkpt>
			<trkpt lat="39.88688" lon="20.6248">
				<ele>410.33</ele>
				<time>2026-08-06T21:38:49.394Z</time>
			</trkpt>
			<trkpt lat="39.88656" lon="20.62485">
				<ele>411.38</ele>
				<time>2026-08-06T21:38:51.976Z</time>
			</trkpt>
			<trkpt lat="39.88636" lon="20.6249">
				<ele>411.9</ele>
				<time>2026-08-06T21:38:53.605Z</time>
			</trkpt>
			<trkpt lat="39.886" lon="20.6251">
				<ele>413.09</ele>
				<time>2026-08-06T21:38:56.730Z</time>
			</trkpt>
			<trkpt lat="39.8857" lon="20.62535">
				<ele>415.78</ele>
				<time>2026-08-06T21:38:59.567Z</time>
			</trkpt>
			<trkpt lat="39.8854" lon="20.62565">
				<ele>416.48</ele>
				<time>2026-08-06T21:39:02.573Z</time>
			</trkpt>
			<trkpt lat="39.88461" lon="20.6265">
				<ele>414.52</ele>
				<time>2026-08-06T21:39:10.680Z</time>
			</trkpt>
			<trkpt lat="39.88429" lon="20.62686">
				<ele>416.08</ele>
				<time>2026-08-06T21:39:14.009Z</time>
			</trkpt>
			<trkpt lat="39.88418" lon="20.62704">
				<ele>416.79</ele>
				<time>2026-08-06T21:39:15.397Z</time>
			</trkpt>
			<trkpt lat="39.88409" lon="20.62723">
				<ele>417.81</ele>
				<time>2026-08-06T21:39:16.742Z</time>
			</trkpt>
			<trkpt lat="39.88401" lon="20.6276">
				<ele>418.51</ele>
				<time>2026-08-06T21:39:19.054Z</time>
			</trkpt>
			<trkpt lat="39.88401" lon="20.62791">
				<ele>417.91</ele>
				<time>2026-08-06T21:39:20.915Z</time>
			</trkpt>
			<trkpt lat="39.88407" lon="20.62836">
				<ele>419.19</ele>
				<time>2026-08-06T21:39:23.652Z</time>
			</trkpt>
			<trkpt lat="39.88451" lon="20.63042">
				<ele>420.79</ele>
				<time>2026-08-06T21:39:36.370Z</time>
			</trkpt>
			<trkpt lat="39.8846" lon="20.63102">
				<ele>424.04</ele>
				<time>2026-08-06T21:39:39.985Z</time>
			</trkpt>
			<trkpt lat="39.8846" lon="20.6312">
				<ele>423.52</ele>
				<time>2026-08-06T21:39:41.048Z</time>
			</trkpt>
			<trkpt lat="39.88452" lon="20.6315">
				<ele>423.2</ele>
				<time>2026-08-06T21:39:42.924Z</time>
			</trkpt>
			<trkpt lat="39.8843" lon="20.63183">
				<ele>425.8</ele>
				<time>2026-08-06T21:39:45.502Z</time>
			</trkpt>
			<trkpt lat="39.88313" lon="20.63294">
				<ele>431.47</ele>
				<time>2026-08-06T21:39:56.597Z</time>
			</trkpt>
			<trkpt lat="39.88238" lon="20.63362">
				<ele>434.14</ele>
				<time>2026-08-06T21:40:03.576Z</time>
			</trkpt>
			<trkpt lat="39.88206" lon="20.63388">
				<ele>435.35</ele>
				<time>2026-08-06T21:40:06.451Z</time>
			</trkpt>
			<trkpt lat="39.88186" lon="20.63401">
				<ele>437.62</ele>
				<time>2026-08-06T21:40:08.153Z</time>
			</trkpt>
			<trkpt lat="39.8803" lon="20.6348">
				<ele>451.66</ele>
				<time>2026-08-06T21:40:20.865Z</time>
			</trkpt>
			<trkpt lat="39.88024" lon="20.63486">
				<ele>451.16</ele>
				<time>2026-08-06T21:40:21.438Z</time>
			</trkpt>
			<trkpt lat="39.88008" lon="20.63504">
				<ele>447.82</ele>
				<time>2026-08-06T21:40:23.039Z</time>
			</trkpt>
			<trkpt lat="39.8796" lon="20.6357">
				<ele>446.98</ele>
				<time>2026-08-06T21:40:28.316Z</time>
			</trkpt>
			<trkpt lat="39.87931" lon="20.63606">
				<ele>448.46</ele>
				<time>2026-08-06T21:40:31.340Z</time>
			</trkpt>
			<trkpt lat="39.87894" lon="20.63638">
				<ele>448.22</ele>
				<time>2026-08-06T21:40:34.688Z</time>
			</trkpt>
			<trkpt lat="39.87719" lon="20.63762">
				<ele>466.29</ele>
				<time>2026-08-06T21:40:49.656Z</time>
			</trkpt>
			<trkpt lat="39.87624" lon="20.63833">
				<ele>471.05</ele>
				<time>2026-08-06T21:40:57.849Z</time>
			</trkpt>
			<trkpt lat="39.87584" lon="20.63868">
				<ele>475.38</ele>
				<time>2026-08-06T21:41:01.445Z</time>
			</trkpt>
			<trkpt lat="39.87552" lon="20.63901">
				<ele>477.61</ele>
				<time>2026-08-06T21:41:04.487Z</time>
			</trkpt>
			<trkpt lat="39.8752" lon="20.63938">
				<ele>479.77</ele>
				<time>2026-08-06T21:41:07.672Z</time>
			</trkpt>
			<trkpt lat="39.87432" lon="20.64051">
				<ele>482.95</ele>
				<time>2026-08-06T21:41:16.850Z</time>
			</trkpt>
			<trkpt lat="39.87419" lon="20.6407">
				<ele>484.55</ele>
				<time>2026-08-06T21:41:18.298Z</time>
			</trkpt>
			<trkpt lat="39.87398" lon="20.64112">
				<ele>489.81</ele>
				<time>2026-08-06T21:41:21.147Z</time>
			</trkpt>
			<trkpt lat="39.87389" lon="20.64139">
				<ele>491.19</ele>
				<time>2026-08-06T21:41:22.819Z</time>
			</trkpt>
			<trkpt lat="39.8738" lon="20.64189">
				<ele>491.41</ele>
				<time>2026-08-06T21:41:25.734Z</time>
			</trkpt>
			<trkpt lat="39.87366" lon="20.64338">
				<ele>498.75</ele>
				<time>2026-08-06T21:41:34.235Z</time>
			</trkpt>
			<trkpt lat="39.87357" lon="20.64397">
				<ele>503.06</ele>
				<time>2026-08-06T21:41:37.634Z</time>
			</trkpt>
			<trkpt lat="39.87342" lon="20.64451">
				<ele>504.9</ele>
				<time>2026-08-06T21:41:40.875Z</time>
			</trkpt>
			<trkpt lat="39.87326" lon="20.64489">
				<ele>504.36</ele>
				<time>2026-08-06T21:41:43.318Z</time>
			</trkpt>
			<trkpt lat="39.87303" lon="20.64531">
				<ele>504.55</ele>
				<time>2026-08-06T21:41:46.224Z</time>
			</trkpt>
			<trkpt lat="39.87282" lon="20.64561">
				<ele>506.87</ele>
				<time>2026-08-06T21:41:48.509Z</time>
			</trkpt>
			<trkpt lat="39.87269" lon="20.64575">
				<ele>508.71</ele>
				<time>2026-08-06T21:41:49.745Z</time>
			</trkpt>
			<trkpt lat="39.87235" lon="20.64604">
				<ele>512.52</ele>
				<time>2026-08-06T21:41:52.720Z</time>
			</trkpt>
			<trkpt lat="39.87214" lon="20.64618">
				<ele>513.92</ele>
				<time>2026-08-06T21:41:54.446Z</time>
			</trkpt>
			<trkpt lat="39.87173" lon="20.64638">
				<ele>515.22</ele>
				<time>2026-08-06T21:41:57.645Z</time>
			</trkpt>
			<trkpt lat="39.87136" lon="20.64649">
				<ele>516.79</ele>
				<time>2026-08-06T21:42:00.416Z</time>
			</trkpt>
			<trkpt lat="39.87107" lon="20.64655">
				<ele>518.18</ele>
				<time>2026-08-06T21:42:02.558Z</time>
			</trkpt>
			<trkpt lat="39.86926" lon="20.64679">
				<ele>524.28</ele>
				<time>2026-08-06T21:42:15.791Z</time>
			</trkpt>
			<trkpt lat="39.86896" lon="20.64689">
				<ele>525.28</ele>
				<time>2026-08-06T21:42:18.038Z</time>
			</trkpt>
			<trkpt lat="39.86865" lon="20.64705">
				<ele>527.24</ele>
				<time>2026-08-06T21:42:20.454Z</time>
			</trkpt>
			<trkpt lat="39.86849" lon="20.64717">
				<ele>528.35</ele>
				<time>2026-08-06T21:42:21.791Z</time>
			</trkpt>
			<trkpt lat="39.86837" lon="20.64728">
				<ele>529.27</ele>
				<time>2026-08-06T21:42:22.854Z</time>
			</trkpt>
			<trkpt lat="39.86814" lon="20.64756">
				<ele>531.1</ele>
				<time>2026-08-06T21:42:25.131Z</time>
			</trkpt>
			<trkpt lat="39.86805" lon="20.64771">
				<ele>532.83</ele>
				<time>2026-08-06T21:42:26.188Z</time>
			</trkpt>
			<trkpt lat="39.86786" lon="20.64807">
				<ele>533.77</ele>
				<time>2026-08-06T21:42:28.612Z</time>
			</trkpt>
			<trkpt lat="39.86745" lon="20.64916">
				<ele>535.79</ele>
				<time>2026-08-06T21:42:35.334Z</time>
			</trkpt>
			<trkpt lat="39.86725" lon="20.64963">
				<ele>537.76</ele>
				<time>2026-08-06T21:42:38.305Z</time>
			</trkpt>
			<trkpt lat="39.86708" lon="20.64997">
				<ele>538.38</ele>
				<time>2026-08-06T21:42:40.546Z</time>
			</trkpt>
			<trkpt lat="39.86688" lon="20.65029">
				<ele>538.84</ele>
				<time>2026-08-06T21:42:42.824Z</time>
			</trkpt>
			<trkpt lat="39.86654" lon="20.65069">
				<ele>540.3</ele>
				<time>2026-08-06T21:42:46.115Z</time>
			</trkpt>
			<trkpt lat="39.86635" lon="20.65081">
				<ele>541.73</ele>
				<time>2026-08-06T21:42:47.631Z</time>
			</trkpt>
			<trkpt lat="39.86584" lon="20.6512">
				<ele>546.4</ele>
				<time>2026-08-06T21:42:51.871Z</time>
			</trkpt>
			<trkpt lat="39.86552" lon="20.65151">
				<ele>549.14</ele>
				<time>2026-08-06T21:42:54.727Z</time>
			</trkpt>
			<trkpt lat="39.86524" lon="20.65191">
				<ele>550.35</ele>
				<time>2026-08-06T21:42:57.700Z</time>
			</trkpt>
			<trkpt lat="39.86501" lon="20.65233">
				<ele>552.39</ele>
				<time>2026-08-06T21:43:00.531Z</time>
			</trkpt>
			<trkpt lat="39.8647" lon="20.65306">
				<ele>555.23</ele>
				<time>2026-08-06T21:43:05.103Z</time>
			</trkpt>
			<trkpt lat="39.86442" lon="20.65365">
				<ele>561.55</ele>
				<time>2026-08-06T21:43:08.899Z</time>
			</trkpt>
			<trkpt lat="39.86398" lon="20.65438">
				<ele>566.78</ele>
				<time>2026-08-06T21:43:13.970Z</time>
			</trkpt>
			<trkpt lat="39.86368" lon="20.65476">
				<ele>568.87</ele>
				<time>2026-08-06T21:43:16.945Z</time>
			</trkpt>
			<trkpt lat="39.86344" lon="20.65502">
				<ele>573</ele>
				<time>2026-08-06T21:43:19.162Z</time>
			</trkpt>
			<trkpt lat="39.86145" lon="20.65686">
				<ele>582.04</ele>
				<time>2026-08-06T21:43:36.439Z</time>
			</trkpt>
			<trkpt lat="39.86076" lon="20.65746">
				<ele>583.5</ele>
				<time>2026-08-06T21:43:42.291Z</time>
			</trkpt>
			<trkpt lat="39.8599" lon="20.65828">
				<ele>582.05</ele>
				<time>2026-08-06T21:43:49.792Z</time>
			</trkpt>
			<trkpt lat="39.8579" lon="20.66051">
				<ele>581.92</ele>
				<time>2026-08-06T21:44:08.246Z</time>
			</trkpt>
			<trkpt lat="39.85749" lon="20.661">
				<ele>580.97</ele>
				<time>2026-08-06T21:44:12.133Z</time>
			</trkpt>
			<trkpt lat="39.85418" lon="20.66477">
				<ele>583.24</ele>
				<time>2026-08-06T21:44:42.689Z</time>
			</trkpt>
			<trkpt lat="39.85364" lon="20.66548">
				<ele>583.91</ele>
				<time>2026-08-06T21:44:47.994Z</time>
			</trkpt>
			<trkpt lat="39.85318" lon="20.66622">
				<ele>585.81</ele>
				<time>2026-08-06T21:44:53.040Z</time>
			</trkpt>
			<trkpt lat="39.85278" lon="20.66699">
				<ele>587.93</ele>
				<time>2026-08-06T21:44:57.960Z</time>
			</trkpt>
			<trkpt lat="39.84787" lon="20.6775">
				<ele>585.63</ele>
				<time>2026-08-06T21:46:02.465Z</time>
			</trkpt>
			<trkpt lat="39.84753" lon="20.67824">
				<ele>584.66</ele>
				<time>2026-08-06T21:46:06.947Z</time>
			</trkpt>
			<trkpt lat="39.84708" lon="20.67909">
				<ele>579.79</ele>
				<time>2026-08-06T21:46:12.308Z</time>
			</trkpt>
			<trkpt lat="39.84661" lon="20.67981">
				<ele>582.4</ele>
				<time>2026-08-06T21:46:17.208Z</time>
			</trkpt>
			<trkpt lat="39.84587" lon="20.6808">
				<ele>582.83</ele>
				<time>2026-08-06T21:46:24.363Z</time>
			</trkpt>
			<trkpt lat="39.84489" lon="20.68185">
				<ele>583.01</ele>
				<time>2026-08-06T21:46:32.907Z</time>
			</trkpt>
			<trkpt lat="39.84459" lon="20.68212">
				<ele>581.99</ele>
				<time>2026-08-06T21:46:35.359Z</time>
			</trkpt>
			<trkpt lat="39.84379" lon="20.68275">
				<ele>578.76</ele>
				<time>2026-08-06T21:46:41.639Z</time>
			</trkpt>
			<trkpt lat="39.84296" lon="20.68328">
				<ele>579.56</ele>
				<time>2026-08-06T21:46:47.841Z</time>
			</trkpt>
			<trkpt lat="39.84109" lon="20.68423">
				<ele>577.14</ele>
				<time>2026-08-06T21:47:01.281Z</time>
			</trkpt>
			<trkpt lat="39.84047" lon="20.68456">
				<ele>573.71</ele>
				<time>2026-08-06T21:47:05.757Z</time>
			</trkpt>
			<trkpt lat="39.83993" lon="20.68488">
				<ele>574.71</ele>
				<time>2026-08-06T21:47:09.719Z</time>
			</trkpt>
			<trkpt lat="39.83822" lon="20.68606">
				<ele>580.94</ele>
				<time>2026-08-06T21:47:22.621Z</time>
			</trkpt>
			<trkpt lat="39.8372" lon="20.68684">
				<ele>582.42</ele>
				<time>2026-08-06T21:47:30.490Z</time>
			</trkpt>
			<trkpt lat="39.83656" lon="20.68741">
				<ele>580.95</ele>
				<time>2026-08-06T21:47:35.619Z</time>
			</trkpt>
			<trkpt lat="39.83613" lon="20.68786">
				<ele>583.04</ele>
				<time>2026-08-06T21:47:39.249Z</time>
			</trkpt>
			<trkpt lat="39.83565" lon="20.68843">
				<ele>583.13</ele>
				<time>2026-08-06T21:47:43.501Z</time>
			</trkpt>
			<trkpt lat="39.83508" lon="20.6892">
				<ele>581.18</ele>
				<time>2026-08-06T21:47:48.846Z</time>
			</trkpt>
			<trkpt lat="39.83265" lon="20.69251">
				<ele>575</ele>
				<time>2026-08-06T21:48:11.370Z</time>
			</trkpt>
			<trkpt lat="39.83084" lon="20.69511">
				<ele>579.31</ele>
				<time>2026-08-06T21:48:28.286Z</time>
			</trkpt>
			<trkpt lat="39.82962" lon="20.6968">
				<ele>586.68</ele>
				<time>2026-08-06T21:48:39.331Z</time>
			</trkpt>
			<trkpt lat="39.82898" lon="20.69763">
				<ele>588.13</ele>
				<time>2026-08-06T21:48:44.896Z</time>
			</trkpt>
			<trkpt lat="39.82784" lon="20.699">
				<ele>590.48</ele>
				<time>2026-08-06T21:48:54.405Z</time>
			</trkpt>
			<trkpt lat="39.82696" lon="20.70001">
				<ele>597.57</ele>
				<time>2026-08-06T21:49:01.559Z</time>
			</trkpt>
			<trkpt lat="39.82237" lon="20.70545">
				<ele>610.53</ele>
				<time>2026-08-06T21:49:39.081Z</time>
			</trkpt>
			<trkpt lat="39.82185" lon="20.70604">
				<ele>618.45</ele>
				<time>2026-08-06T21:49:43.233Z</time>
			</trkpt>
			<trkpt lat="39.8203" lon="20.70785">
				<ele>625.15</ele>
				<time>2026-08-06T21:49:55.769Z</time>
			</trkpt>
			<trkpt lat="39.81871" lon="20.7098">
				<ele>618.51</ele>
				<time>2026-08-06T21:50:08.944Z</time>
			</trkpt>
			<trkpt lat="39.81819" lon="20.71038">
				<ele>614.47</ele>
				<time>2026-08-06T21:50:13.083Z</time>
			</trkpt>
			<trkpt lat="39.81769" lon="20.71086">
				<ele>614.86</ele>
				<time>2026-08-06T21:50:16.843Z</time>
			</trkpt>
			<trkpt lat="39.81705" lon="20.71138">
				<ele>612.13</ele>
				<time>2026-08-06T21:50:21.417Z</time>
			</trkpt>
			<trkpt lat="39.81519" lon="20.71267">
				<ele>608.71</ele>
				<time>2026-08-06T21:50:34.246Z</time>
			</trkpt>
			<trkpt lat="39.81425" lon="20.7133">
				<ele>606.86</ele>
				<time>2026-08-06T21:50:40.718Z</time>
			</trkpt>
			<trkpt lat="39.81392" lon="20.71349">
				<ele>609.53</ele>
				<time>2026-08-06T21:50:42.932Z</time>
			</trkpt>
			<trkpt lat="39.81339" lon="20.71374">
				<ele>606.89</ele>
				<time>2026-08-06T21:50:46.399Z</time>
			</trkpt>
			<trkpt lat="39.81234" lon="20.71426">
				<ele>605.21</ele>
				<time>2026-08-06T21:50:53.334Z</time>
			</trkpt>
			<trkpt lat="39.81197" lon="20.71442">
				<ele>604.89</ele>
				<time>2026-08-06T21:50:55.749Z</time>
			</trkpt>
			<trkpt lat="39.81182" lon="20.7145">
				<ele>605.05</ele>
				<time>2026-08-06T21:50:56.755Z</time>
			</trkpt>
			<trkpt lat="39.8113" lon="20.71486">
				<ele>606.38</ele>
				<time>2026-08-06T21:51:00.415Z</time>
			</trkpt>
			<trkpt lat="39.81075" lon="20.71533">
				<ele>605.67</ele>
				<time>2026-08-06T21:51:04.518Z</time>
			</trkpt>
			<trkpt lat="39.81005" lon="20.71595">
				<ele>603.77</ele>
				<time>2026-08-06T21:51:09.821Z</time>
			</trkpt>
			<trkpt lat="39.80825" lon="20.71765">
				<ele>598.94</ele>
				<time>2026-08-06T21:51:23.879Z</time>
			</trkpt>
			<trkpt lat="39.80743" lon="20.71838">
				<ele>598.92</ele>
				<time>2026-08-06T21:51:30.225Z</time>
			</trkpt>
			<trkpt lat="39.8072" lon="20.71861">
				<ele>598.81</ele>
				<time>2026-08-06T21:51:32.087Z</time>
			</trkpt>
			<trkpt lat="39.80409" lon="20.72144">
				<ele>591.69</ele>
				<time>2026-08-06T21:51:56.824Z</time>
			</trkpt>
			<trkpt lat="39.80374" lon="20.72172">
				<ele>591.19</ele>
				<time>2026-08-06T21:51:59.548Z</time>
			</trkpt>
			<trkpt lat="39.80288" lon="20.72253">
				<ele>594.27</ele>
				<time>2026-08-06T21:52:06.633Z</time>
			</trkpt>
			<trkpt lat="39.8028" lon="20.72262">
				<ele>594.9</ele>
				<time>2026-08-06T21:52:07.342Z</time>
			</trkpt>
			<trkpt lat="39.80264" lon="20.72286">
				<ele>595.76</ele>
				<time>2026-08-06T21:52:08.983Z</time>
			</trkpt>
			<trkpt lat="39.80242" lon="20.72322">
				<ele>597.55</ele>
				<time>2026-08-06T21:52:11.364Z</time>
			</trkpt>
			<trkpt lat="39.80222" lon="20.72367">
				<ele>597.2</ele>
				<time>2026-08-06T21:52:14.065Z</time>
			</trkpt>
			<trkpt lat="39.80174" lon="20.72489">
				<ele>596.42</ele>
				<time>2026-08-06T21:52:21.234Z</time>
			</trkpt>
			<trkpt lat="39.80113" lon="20.72651">
				<ele>604.28</ele>
				<time>2026-08-06T21:52:30.782Z</time>
			</trkpt>
			<trkpt lat="39.80095" lon="20.7269">
				<ele>603.37</ele>
				<time>2026-08-06T21:52:33.211Z</time>
			</trkpt>
			<trkpt lat="39.80087" lon="20.72704">
				<ele>603.1</ele>
				<time>2026-08-06T21:52:34.145Z</time>
			</trkpt>
			<trkpt lat="39.8007" lon="20.72721">
				<ele>603.49</ele>
				<time>2026-08-06T21:52:35.641Z</time>
			</trkpt>
			<trkpt lat="39.80046" lon="20.72739">
				<ele>602.85</ele>
				<time>2026-08-06T21:52:37.579Z</time>
			</trkpt>
			<trkpt lat="39.80019" lon="20.72749">
				<ele>600.35</ele>
				<time>2026-08-06T21:52:39.541Z</time>
			</trkpt>
			<trkpt lat="39.79966" lon="20.72763">
				<ele>600.04</ele>
				<time>2026-08-06T21:52:43.299Z</time>
			</trkpt>
			<trkpt lat="39.79942" lon="20.72775">
				<ele>599.32</ele>
				<time>2026-08-06T21:52:45.077Z</time>
			</trkpt>
			<trkpt lat="39.79912" lon="20.728">
				<ele>597.96</ele>
				<time>2026-08-06T21:52:47.531Z</time>
			</trkpt>
			<trkpt lat="39.79902" lon="20.72814">
				<ele>597.72</ele>
				<time>2026-08-06T21:52:48.540Z</time>
			</trkpt>
			<trkpt lat="39.79884" lon="20.72845">
				<ele>597.73</ele>
				<time>2026-08-06T21:52:50.588Z</time>
			</trkpt>
			<trkpt lat="39.79873" lon="20.72877">
				<ele>598.89</ele>
				<time>2026-08-06T21:52:52.431Z</time>
			</trkpt>
			<trkpt lat="39.79867" lon="20.72923">
				<ele>598.3</ele>
				<time>2026-08-06T21:52:54.881Z</time>
			</trkpt>
			<trkpt lat="39.79861" lon="20.73018">
				<ele>597.46</ele>
				<time>2026-08-06T21:52:59.875Z</time>
			</trkpt>
			<trkpt lat="39.79851" lon="20.73073">
				<ele>597.84</ele>
				<time>2026-08-06T21:53:02.835Z</time>
			</trkpt>
			<trkpt lat="39.79845" lon="20.73092">
				<ele>598.4</ele>
				<time>2026-08-06T21:53:03.911Z</time>
			</trkpt>
			<trkpt lat="39.79833" lon="20.73124">
				<ele>599.56</ele>
				<time>2026-08-06T21:53:05.777Z</time>
			</trkpt>
			<trkpt lat="39.79788" lon="20.73212">
				<ele>599.09</ele>
				<time>2026-08-06T21:53:11.334Z</time>
			</trkpt>
			<trkpt lat="39.79753" lon="20.73273">
				<ele>597.2</ele>
				<time>2026-08-06T21:53:15.357Z</time>
			</trkpt>
			<trkpt lat="39.79727" lon="20.73302">
				<ele>595.57</ele>
				<time>2026-08-06T21:53:17.724Z</time>
			</trkpt>
			<trkpt lat="39.79709" lon="20.73316">
				<ele>595.16</ele>
				<time>2026-08-06T21:53:19.178Z</time>
			</trkpt>
			<trkpt lat="39.79686" lon="20.73327">
				<ele>593.85</ele>
				<time>2026-08-06T21:53:20.883Z</time>
			</trkpt>
			<trkpt lat="39.79657" lon="20.73332">
				<ele>593.44</ele>
				<time>2026-08-06T21:53:22.927Z</time>
			</trkpt>
			<trkpt lat="39.79636" lon="20.73331">
				<ele>593</ele>
				<time>2026-08-06T21:53:24.401Z</time>
			</trkpt>
			<trkpt lat="39.79612" lon="20.73325">
				<ele>595.27</ele>
				<time>2026-08-06T21:53:26.122Z</time>
			</trkpt>
			<trkpt lat="39.79546" lon="20.733">
				<ele>603.12</ele>
				<time>2026-08-06T21:53:31.006Z</time>
			</trkpt>
			<trkpt lat="39.79515" lon="20.73293">
				<ele>599.85</ele>
				<time>2026-08-06T21:53:33.265Z</time>
			</trkpt>
			<trkpt lat="39.79482" lon="20.7329">
				<ele>595.57</ele>
				<time>2026-08-06T21:53:35.658Z</time>
			</trkpt>
			<trkpt lat="39.79453" lon="20.73292">
				<ele>593.95</ele>
				<time>2026-08-06T21:53:37.775Z</time>
			</trkpt>
			<trkpt lat="39.79425" lon="20.73298">
				<ele>593.61</ele>
				<time>2026-08-06T21:53:39.858Z</time>
			</trkpt>
			<trkpt lat="39.79388" lon="20.73313">
				<ele>592.82</ele>
				<time>2026-08-06T21:53:42.729Z</time>
			</trkpt>
			<trkpt lat="39.79258" lon="20.73387">
				<ele>590.84</ele>
				<time>2026-08-06T21:53:53.524Z</time>
			</trkpt>
			<trkpt lat="39.79192" lon="20.73426">
				<ele>590.8</ele>
				<time>2026-08-06T21:53:59.234Z</time>
			</trkpt>
			<trkpt lat="39.79127" lon="20.73471">
				<ele>586.54</ele>
				<time>2026-08-06T21:54:05.187Z</time>
			</trkpt>
			<trkpt lat="39.79114" lon="20.73473">
				<ele>586.15</ele>
				<time>2026-08-06T21:54:06.263Z</time>
			</trkpt>
			<trkpt lat="39.791" lon="20.73472">
				<ele>585.24</ele>
				<time>2026-08-06T21:54:07.421Z</time>
			</trkpt>
			<trkpt lat="39.79081" lon="20.73465">
				<ele>583.36</ele>
				<time>2026-08-06T21:54:09.062Z</time>
			</trkpt>
			<trkpt lat="39.79076" lon="20.73459">
				<ele>582.43</ele>
				<time>2026-08-06T21:54:09.631Z</time>
			</trkpt>
			<trkpt lat="39.79062" lon="20.7345">
				<ele>580.8</ele>
				<time>2026-08-06T21:54:10.941Z</time>
			</trkpt>
			<trkpt lat="39.7905" lon="20.73446">
				<ele>579.54</ele>
				<time>2026-08-06T21:54:11.987Z</time>
			</trkpt>
			<trkpt lat="39.79022" lon="20.73442">
				<ele>576.76</ele>
				<time>2026-08-06T21:54:14.384Z</time>
			</trkpt>
			<trkpt lat="39.79014" lon="20.73435">
				<ele>576.2</ele>
				<time>2026-08-06T21:54:15.210Z</time>
			</trkpt>
			<trkpt lat="39.79006" lon="20.73424">
				<ele>575.5</ele>
				<time>2026-08-06T21:54:16.213Z</time>
			</trkpt>
			<trkpt lat="39.79008" lon="20.73406">
				<ele>574.57</ele>
				<time>2026-08-06T21:54:17.422Z</time>
			</trkpt>
			<trkpt lat="39.79025" lon="20.73362">
				<ele>572.11</ele>
				<time>2026-08-06T21:54:20.734Z</time>
			</trkpt>
			<trkpt lat="39.79031" lon="20.73342">
				<ele>571.44</ele>
				<time>2026-08-06T21:54:22.195Z</time>
			</trkpt>
			<trkpt lat="39.7903" lon="20.73329">
				<ele>570.72</ele>
				<time>2026-08-06T21:54:23.089Z</time>
			</trkpt>
			<trkpt lat="39.79027" lon="20.73317">
				<ele>569.33</ele>
				<time>2026-08-06T21:54:23.956Z</time>
			</trkpt>
			<trkpt lat="39.79021" lon="20.73311">
				<ele>568.68</ele>
				<time>2026-08-06T21:54:24.635Z</time>
			</trkpt>
			<trkpt lat="39.79013" lon="20.73309">
				<ele>568.45</ele>
				<time>2026-08-06T21:54:25.368Z</time>
			</trkpt>
			<trkpt lat="39.78987" lon="20.7331">
				<ele>567.62</ele>
				<time>2026-08-06T21:54:27.728Z</time>
			</trkpt>
			<trkpt lat="39.78974" lon="20.73306">
				<ele>566.26</ele>
				<time>2026-08-06T21:54:28.950Z</time>
			</trkpt>
			<trkpt lat="39.7897" lon="20.73301">
				<ele>565.08</ele>
				<time>2026-08-06T21:54:29.460Z</time>
			</trkpt>
			<trkpt lat="39.78967" lon="20.73292">
				<ele>563.36</ele>
				<time>2026-08-06T21:54:30.155Z</time>
			</trkpt>
			<trkpt lat="39.78968" lon="20.73282">
				<ele>561.69</ele>
				<time>2026-08-06T21:54:30.871Z</time>
			</trkpt>
			<trkpt lat="39.78971" lon="20.73263">
				<ele>559.91</ele>
				<time>2026-08-06T21:54:32.256Z</time>
			</trkpt>
			<trkpt lat="39.78975" lon="20.73244">
				<ele>559.13</ele>
				<time>2026-08-06T21:54:33.673Z</time>
			</trkpt>
			<trkpt lat="39.78985" lon="20.73219">
				<ele>559.31</ele>
				<time>2026-08-06T21:54:35.716Z</time>
			</trkpt>
			<trkpt lat="39.79043" lon="20.73146">
				<ele>557.85</ele>
				<time>2026-08-06T21:54:43.601Z</time>
			</trkpt>
			<trkpt lat="39.79047" lon="20.73133">
				<ele>557.38</ele>
				<time>2026-08-06T21:54:44.906Z</time>
			</trkpt>
			<trkpt lat="39.79048" lon="20.7312">
				<ele>556.57</ele>
				<time>2026-08-06T21:54:46.151Z</time>
			</trkpt>
			<trkpt lat="39.79038" lon="20.73057">
				<ele>547.95</ele>
				<time>2026-08-06T21:54:51.000Z</time>
			</trkpt>
			<trkpt lat="39.79029" lon="20.72957">
				<ele>537.94</ele>
				<time>2026-08-06T21:54:57.841Z</time>
			</trkpt>
			<trkpt lat="39.7903" lon="20.72944">
				<ele>537.08</ele>
				<time>2026-08-06T21:54:58.700Z</time>
			</trkpt>
			<trkpt lat="39.7904" lon="20.72911">
				<ele>536</ele>
				<time>2026-08-06T21:55:01.002Z</time>
			</trkpt>
			<trkpt lat="39.79091" lon="20.7279">
				<ele>525.04</ele>
				<time>2026-08-06T21:55:09.546Z</time>
			</trkpt>
			<trkpt lat="39.79095" lon="20.72724">
				<ele>518.67</ele>
				<time>2026-08-06T21:55:13.432Z</time>
			</trkpt>
			<trkpt lat="39.79108" lon="20.72669">
				<ele>515.38</ele>
				<time>2026-08-06T21:55:16.708Z</time>
			</trkpt>
			<trkpt lat="39.79109" lon="20.72654">
				<ele>514.64</ele>
				<time>2026-08-06T21:55:17.551Z</time>
			</trkpt>
			<trkpt lat="39.79105" lon="20.72522">
				<ele>506.03</ele>
				<time>2026-08-06T21:55:24.707Z</time>
			</trkpt>
			<trkpt lat="39.79106" lon="20.72487">
				<ele>505.08</ele>
				<time>2026-08-06T21:55:26.539Z</time>
			</trkpt>
			<trkpt lat="39.79109" lon="20.72475">
				<ele>505</ele>
				<time>2026-08-06T21:55:27.193Z</time>
			</trkpt>
			<trkpt lat="39.79121" lon="20.72446">
				<ele>504.39</ele>
				<time>2026-08-06T21:55:28.886Z</time>
			</trkpt>
			<trkpt lat="39.79176" lon="20.72341">
				<ele>503</ele>
				<time>2026-08-06T21:55:35.242Z</time>
			</trkpt>
			<trkpt lat="39.79182" lon="20.72325">
				<ele>502.88</ele>
				<time>2026-08-06T21:55:36.113Z</time>
			</trkpt>
			<trkpt lat="39.79183" lon="20.72313">
				<ele>502.73</ele>
				<time>2026-08-06T21:55:36.702Z</time>
			</trkpt>
			<trkpt lat="39.79176" lon="20.72297">
				<ele>502.35</ele>
				<time>2026-08-06T21:55:37.595Z</time>
			</trkpt>
			<trkpt lat="39.79154" lon="20.72266">
				<ele>501.37</ele>
				<time>2026-08-06T21:55:39.629Z</time>
			</trkpt>
			<trkpt lat="39.79101" lon="20.72176">
				<ele>499</ele>
				<time>2026-08-06T21:55:45.006Z</time>
			</trkpt>
			<trkpt lat="39.79042" lon="20.7209">
				<ele>496.78</ele>
				<time>2026-08-06T21:55:50.387Z</time>
			</trkpt>
			<trkpt lat="39.7905" lon="20.72083">
				<ele>496.83</ele>
				<time>2026-08-06T21:55:50.969Z</time>
			</trkpt>
			<trkpt lat="39.79058" lon="20.72081">
				<ele>496.93</ele>
				<time>2026-08-06T21:55:51.461Z</time>
			</trkpt>
			<trkpt lat="39.79083" lon="20.72084">
				<ele>497.03</ele>
				<time>2026-08-06T21:55:52.976Z</time>
			</trkpt>
			<trkpt lat="39.79109" lon="20.72083">
				<ele>496.06</ele>
				<time>2026-08-06T21:55:54.546Z</time>
			</trkpt>
			<trkpt lat="39.79121" lon="20.72078">
				<ele>495.21</ele>
				<time>2026-08-06T21:55:55.306Z</time>
			</trkpt>
			<trkpt lat="39.7913" lon="20.72072">
				<ele>494.78</ele>
				<time>2026-08-06T21:55:55.916Z</time>
			</trkpt>
			<trkpt lat="39.79155" lon="20.72044">
				<ele>496.38</ele>
				<time>2026-08-06T21:55:57.910Z</time>
			</trkpt>
			<trkpt lat="39.79202" lon="20.72">
				<ele>496.7</ele>
				<time>2026-08-06T21:56:01.425Z</time>
			</trkpt>
			<trkpt lat="39.79218" lon="20.71978">
				<ele>495.33</ele>
				<time>2026-08-06T21:56:02.846Z</time>
			</trkpt>
			<trkpt lat="39.7932" lon="20.71799">
				<ele>494.23</ele>
				<time>2026-08-06T21:56:13.563Z</time>
			</trkpt>
			<trkpt lat="39.7935" lon="20.71721">
				<ele>495.61</ele>
				<time>2026-08-06T21:56:17.922Z</time>
			</trkpt>
			<trkpt lat="39.79366" lon="20.71672">
				<ele>494.38</ele>
				<time>2026-08-06T21:56:20.561Z</time>
			</trkpt>
			<trkpt lat="39.79387" lon="20.71617">
				<ele>492.35</ele>
				<time>2026-08-06T21:56:23.556Z</time>
			</trkpt>
			<trkpt lat="39.79419" lon="20.71571">
				<ele>493.21</ele>
				<time>2026-08-06T21:56:26.531Z</time>
			</trkpt>
			<trkpt lat="39.79468" lon="20.71508">
				<ele>489.62</ele>
				<time>2026-08-06T21:56:30.739Z</time>
			</trkpt>
			<trkpt lat="39.79491" lon="20.71474">
				<ele>490.13</ele>
				<time>2026-08-06T21:56:32.827Z</time>
			</trkpt>
			<trkpt lat="39.79534" lon="20.71393">
				<ele>497.88</ele>
				<time>2026-08-06T21:56:37.276Z</time>
			</trkpt>
			<trkpt lat="39.79547" lon="20.71377">
				<ele>499.59</ele>
				<time>2026-08-06T21:56:38.312Z</time>
			</trkpt>
			<trkpt lat="39.79566" lon="20.71361">
				<ele>500.76</ele>
				<time>2026-08-06T21:56:39.612Z</time>
			</trkpt>
			<trkpt lat="39.79644" lon="20.71306">
				<ele>505.69</ele>
				<time>2026-08-06T21:56:44.615Z</time>
			</trkpt>
			<trkpt lat="39.79658" lon="20.71292">
				<ele>506.47</ele>
				<time>2026-08-06T21:56:45.593Z</time>
			</trkpt>
			<trkpt lat="39.79677" lon="20.71269">
				<ele>507.56</ele>
				<time>2026-08-06T21:56:47.020Z</time>
			</trkpt>
			<trkpt lat="39.79716" lon="20.71228">
				<ele>512.97</ele>
				<time>2026-08-06T21:56:49.743Z</time>
			</trkpt>
			<trkpt lat="39.79879" lon="20.71107">
				<ele>534.11</ele>
				<time>2026-08-06T21:56:59.560Z</time>
			</trkpt>
			<trkpt lat="39.79938" lon="20.71067">
				<ele>540.89</ele>
				<time>2026-08-06T21:57:02.909Z</time>
			</trkpt>
			<trkpt lat="39.79982" lon="20.7103">
				<ele>541.26</ele>
				<time>2026-08-06T21:57:05.502Z</time>
			</trkpt>
			<trkpt lat="39.80001" lon="20.71008">
				<ele>541.59</ele>
				<time>2026-08-06T21:57:06.747Z</time>
			</trkpt>
			<trkpt lat="39.80015" lon="20.70987">
				<ele>542.02</ele>
				<time>2026-08-06T21:57:07.786Z</time>
			</trkpt>
			<trkpt lat="39.80028" lon="20.70966">
				<ele>541.83</ele>
				<time>2026-08-06T21:57:08.788Z</time>
			</trkpt>
			<trkpt lat="39.80037" lon="20.70954">
				<ele>541.79</ele>
				<time>2026-08-06T21:57:09.408Z</time>
			</trkpt>
			<trkpt lat="39.8006" lon="20.70941">
				<ele>543.97</ele>
				<time>2026-08-06T21:57:10.610Z</time>
			</trkpt>
			<trkpt lat="39.8011" lon="20.70926">
				<ele>549.64</ele>
				<time>2026-08-06T21:57:13.045Z</time>
			</trkpt>
			<trkpt lat="39.80151" lon="20.70905">
				<ele>554.32</ele>
				<time>2026-08-06T21:57:15.111Z</time>
			</trkpt>
			<trkpt lat="39.80179" lon="20.70888">
				<ele>556.28</ele>
				<time>2026-08-06T21:57:16.547Z</time>
			</trkpt>
			<trkpt lat="39.80202" lon="20.70872">
				<ele>557.1</ele>
				<time>2026-08-06T21:57:17.751Z</time>
			</trkpt>
			<trkpt lat="39.8025" lon="20.70845">
				<ele>563.19</ele>
				<time>2026-08-06T21:57:20.144Z</time>
			</trkpt>
			<trkpt lat="39.8027" lon="20.7083">
				<ele>563.94</ele>
				<time>2026-08-06T21:57:21.192Z</time>
			</trkpt>
			<trkpt lat="39.80288" lon="20.70811">
				<ele>564.92</ele>
				<time>2026-08-06T21:57:22.239Z</time>
			</trkpt>
			<trkpt lat="39.80321" lon="20.70767">
				<ele>568.58</ele>
				<time>2026-08-06T21:57:24.358Z</time>
			</trkpt>
			<trkpt lat="39.80364" lon="20.70719">
				<ele>576.16</ele>
				<time>2026-08-06T21:57:26.873Z</time>
			</trkpt>
			<trkpt lat="39.80373" lon="20.70705">
				<ele>578.15</ele>
				<time>2026-08-06T21:57:27.492Z</time>
			</trkpt>
			<trkpt lat="39.80378" lon="20.70683">
				<ele>577.48</ele>
				<time>2026-08-06T21:57:28.268Z</time>
			</trkpt>
			<trkpt lat="39.8038" lon="20.70662">
				<ele>575.65</ele>
				<time>2026-08-06T21:57:28.981Z</time>
			</trkpt>
			<trkpt lat="39.80387" lon="20.70636">
				<ele>575.22</ele>
				<time>2026-08-06T21:57:29.906Z</time>
			</trkpt>
			<trkpt lat="39.80439" lon="20.70492">
				<ele>581.74</ele>
				<time>2026-08-06T21:57:35.194Z</time>
			</trkpt>
			<trkpt lat="39.80455" lon="20.70439">
				<ele>580</ele>
				<time>2026-08-06T21:57:37.065Z</time>
			</trkpt>
			<trkpt lat="39.80492" lon="20.70357">
				<ele>577.06</ele>
				<time>2026-08-06T21:57:40.168Z</time>
			</trkpt>
			<trkpt lat="39.80542" lon="20.70278">
				<ele>579.59</ele>
				<time>2026-08-06T21:57:43.483Z</time>
			</trkpt>
			<trkpt lat="39.80547" lon="20.70268">
				<ele>580</ele>
				<time>2026-08-06T21:57:43.868Z</time>
			</trkpt>
			<trkpt lat="39.80556" lon="20.70241">
				<ele>581.37</ele>
				<time>2026-08-06T21:57:44.817Z</time>
			</trkpt>
			<trkpt lat="39.80572" lon="20.70204">
				<ele>584.1</ele>
				<time>2026-08-06T21:57:46.184Z</time>
			</trkpt>
			<trkpt lat="39.80583" lon="20.70189">
				<ele>584.86</ele>
				<time>2026-08-06T21:57:46.850Z</time>
			</trkpt>
			<trkpt lat="39.80631" lon="20.70157">
				<ele>584.98</ele>
				<time>2026-08-06T21:57:49.102Z</time>
			</trkpt>
			<trkpt lat="39.80647" lon="20.70142">
				<ele>584.5</ele>
				<time>2026-08-06T21:57:49.924Z</time>
			</trkpt>
			<trkpt lat="39.80662" lon="20.70121">
				<ele>584.6</ele>
				<time>2026-08-06T21:57:50.842Z</time>
			</trkpt>
			<trkpt lat="39.80677" lon="20.70088">
				<ele>585.9</ele>
				<time>2026-08-06T21:57:52.069Z</time>
			</trkpt>
			<trkpt lat="39.80696" lon="20.70023">
				<ele>587.25</ele>
				<time>2026-08-06T21:57:54.293Z</time>
			</trkpt>
			<trkpt lat="39.80718" lon="20.69962">
				<ele>585.28</ele>
				<time>2026-08-06T21:57:56.448Z</time>
			</trkpt>
			<trkpt lat="39.80731" lon="20.69933">
				<ele>582.44</ele>
				<time>2026-08-06T21:57:57.522Z</time>
			</trkpt>
			<trkpt lat="39.80735" lon="20.69919">
				<ele>581.27</ele>
				<time>2026-08-06T21:57:58.000Z</time>
			</trkpt>
			<trkpt lat="39.80735" lon="20.69898">
				<ele>579.68</ele>
				<time>2026-08-06T21:57:58.672Z</time>
			</trkpt>
			<trkpt lat="39.80732" lon="20.69857">
				<ele>576.69</ele>
				<time>2026-08-06T21:57:59.992Z</time>
			</trkpt>
			<trkpt lat="39.80733" lon="20.69839">
				<ele>576.65</ele>
				<time>2026-08-06T21:58:00.570Z</time>
			</trkpt>
			<trkpt lat="39.80738" lon="20.6981">
				<ele>578.5</ele>
				<time>2026-08-06T21:58:01.524Z</time>
			</trkpt>
			<trkpt lat="39.80738" lon="20.69796">
				<ele>579.6</ele>
				<time>2026-08-06T21:58:01.974Z</time>
			</trkpt>
			<trkpt lat="39.80728" lon="20.69758">
				<ele>582.11</ele>
				<time>2026-08-06T21:58:03.266Z</time>
			</trkpt>
			<trkpt lat="39.80696" lon="20.69672">
				<ele>591.5</ele>
				<time>2026-08-06T21:58:06.350Z</time>
			</trkpt>
			<trkpt lat="39.80681" lon="20.69636">
				<ele>593.97</ele>
				<time>2026-08-06T21:58:07.677Z</time>
			</trkpt>
			<trkpt lat="39.80675" lon="20.69617">
				<ele>595.44</ele>
				<time>2026-08-06T21:58:08.345Z</time>
			</trkpt>
			<trkpt lat="39.80673" lon="20.69594">
				<ele>597.27</ele>
				<time>2026-08-06T21:58:09.098Z</time>
			</trkpt>
			<trkpt lat="39.80676" lon="20.69551">
				<ele>601.46</ele>
				<time>2026-08-06T21:58:10.506Z</time>
			</trkpt>
			<trkpt lat="39.80667" lon="20.6948">
				<ele>605.39</ele>
				<time>2026-08-06T21:58:12.865Z</time>
			</trkpt>
			<trkpt lat="39.80662" lon="20.69466">
				<ele>605.78</ele>
				<time>2026-08-06T21:58:13.374Z</time>
			</trkpt>
			<trkpt lat="39.80662" lon="20.69459">
				<ele>606.17</ele>
				<time>2026-08-06T21:58:13.604Z</time>
			</trkpt>
			<trkpt lat="39.80667" lon="20.69443">
				<ele>608.18</ele>
				<time>2026-08-06T21:58:14.175Z</time>
			</trkpt>
			<trkpt lat="39.80669" lon="20.69415">
				<ele>608.45</ele>
				<time>2026-08-06T21:58:15.105Z</time>
			</trkpt>
			<trkpt lat="39.80665" lon="20.69356">
				<ele>601.54</ele>
				<time>2026-08-06T21:58:17.073Z</time>
			</trkpt>
			<trkpt lat="39.80665" lon="20.69325">
				<ele>599.07</ele>
				<time>2026-08-06T21:58:18.109Z</time>
			</trkpt>
			<trkpt lat="39.80668" lon="20.69293">
				<ele>596.56</ele>
				<time>2026-08-06T21:58:19.190Z</time>
			</trkpt>
			<trkpt lat="39.80679" lon="20.69236">
				<ele>594.22</ele>
				<time>2026-08-06T21:58:21.173Z</time>
			</trkpt>
			<trkpt lat="39.8068" lon="20.6922">
				<ele>594.48</ele>
				<time>2026-08-06T21:58:21.718Z</time>
			</trkpt>
			<trkpt lat="39.80677" lon="20.69137">
				<ele>591.83</ele>
				<time>2026-08-06T21:58:24.555Z</time>
			</trkpt>
			<trkpt lat="39.80677" lon="20.69114">
				<ele>588.99</ele>
				<time>2026-08-06T21:58:25.346Z</time>
			</trkpt>
			<trkpt lat="39.8068" lon="20.69073">
				<ele>584.84</ele>
				<time>2026-08-06T21:58:26.771Z</time>
			</trkpt>
			<trkpt lat="39.80671" lon="20.69018">
				<ele>582.93</ele>
				<time>2026-08-06T21:58:28.731Z</time>
			</trkpt>
			<trkpt lat="39.80668" lon="20.68975">
				<ele>584.42</ele>
				<time>2026-08-06T21:58:30.248Z</time>
			</trkpt>
			<trkpt lat="39.80655" lon="20.68927">
				<ele>579.66</ele>
				<time>2026-08-06T21:58:32.051Z</time>
			</trkpt>
			<trkpt lat="39.80645" lon="20.68878">
				<ele>574.75</ele>
				<time>2026-08-06T21:58:33.864Z</time>
			</trkpt>
			<trkpt lat="39.8063" lon="20.68846">
				<ele>573.57</ele>
				<time>2026-08-06T21:58:35.215Z</time>
			</trkpt>
			<trkpt lat="39.80627" lon="20.68838">
				<ele>573.9</ele>
				<time>2026-08-06T21:58:35.537Z</time>
			</trkpt>
			<trkpt lat="39.80625" lon="20.68804">
				<ele>575.08</ele>
				<time>2026-08-06T21:58:36.777Z</time>
			</trkpt>
			<trkpt lat="39.80624" lon="20.68794">
				<ele>575.08</ele>
				<time>2026-08-06T21:58:37.145Z</time>
			</trkpt>
			<trkpt lat="39.80581" lon="20.687">
				<ele>568.59</ele>
				<time>2026-08-06T21:58:41.187Z</time>
			</trkpt>
			<trkpt lat="39.80561" lon="20.68665">
				<ele>566.44</ele>
				<time>2026-08-06T21:58:42.824Z</time>
			</trkpt>
			<trkpt lat="39.80542" lon="20.68639">
				<ele>563.65</ele>
				<time>2026-08-06T21:58:44.182Z</time>
			</trkpt>
			<trkpt lat="39.80531" lon="20.68618">
				<ele>560.82</ele>
				<time>2026-08-06T21:58:45.150Z</time>
			</trkpt>
			<trkpt lat="39.80527" lon="20.68607">
				<ele>559.67</ele>
				<time>2026-08-06T21:58:45.616Z</time>
			</trkpt>
			<trkpt lat="39.80525" lon="20.68593">
				<ele>558.39</ele>
				<time>2026-08-06T21:58:46.162Z</time>
			</trkpt>
			<trkpt lat="39.80524" lon="20.68561">
				<ele>556.51</ele>
				<time>2026-08-06T21:58:47.397Z</time>
			</trkpt>
			<trkpt lat="39.80525" lon="20.68545">
				<ele>555.49</ele>
				<time>2026-08-06T21:58:48.019Z</time>
			</trkpt>
			<trkpt lat="39.80529" lon="20.68531">
				<ele>554.95</ele>
				<time>2026-08-06T21:58:48.600Z</time>
			</trkpt>
			<trkpt lat="39.80538" lon="20.68513">
				<ele>553.36</ele>
				<time>2026-08-06T21:58:49.439Z</time>
			</trkpt>
			<trkpt lat="39.80553" lon="20.685">
				<ele>552.65</ele>
				<time>2026-08-06T21:58:50.360Z</time>
			</trkpt>
			<trkpt lat="39.80579" lon="20.68482">
				<ele>552.57</ele>
				<time>2026-08-06T21:58:51.876Z</time>
			</trkpt>
			<trkpt lat="39.80612" lon="20.68457">
				<ele>555.07</ele>
				<time>2026-08-06T21:58:53.862Z</time>
			</trkpt>
			<trkpt lat="39.80622" lon="20.68442">
				<ele>554.01</ele>
				<time>2026-08-06T21:58:54.662Z</time>
			</trkpt>
			<trkpt lat="39.80633" lon="20.68394">
				<ele>548.49</ele>
				<time>2026-08-06T21:58:56.697Z</time>
			</trkpt>
			<trkpt lat="39.80653" lon="20.68329">
				<ele>544.4</ele>
				<time>2026-08-06T21:58:59.584Z</time>
			</trkpt>
			<trkpt lat="39.80662" lon="20.68307">
				<ele>543.31</ele>
				<time>2026-08-06T21:59:00.624Z</time>
			</trkpt>
			<trkpt lat="39.80673" lon="20.68286">
				<ele>541.81</ele>
				<time>2026-08-06T21:59:01.691Z</time>
			</trkpt>
			<trkpt lat="39.80683" lon="20.68262">
				<ele>542.3</ele>
				<time>2026-08-06T21:59:02.844Z</time>
			</trkpt>
			<trkpt lat="39.80686" lon="20.68238">
				<ele>545.12</ele>
				<time>2026-08-06T21:59:03.879Z</time>
			</trkpt>
			<trkpt lat="39.80683" lon="20.68172">
				<ele>550.74</ele>
				<time>2026-08-06T21:59:06.724Z</time>
			</trkpt>
			<trkpt lat="39.80687" lon="20.68087">
				<ele>555.84</ele>
				<time>2026-08-06T21:59:10.462Z</time>
			</trkpt>
			<trkpt lat="39.80687" lon="20.68045">
				<ele>557.05</ele>
				<time>2026-08-06T21:59:12.337Z</time>
			</trkpt>
			<trkpt lat="39.80685" lon="20.68019">
				<ele>555.97</ele>
				<time>2026-08-06T21:59:13.514Z</time>
			</trkpt>
			<trkpt lat="39.8068" lon="20.67997">
				<ele>556.57</ele>
				<time>2026-08-06T21:59:14.554Z</time>
			</trkpt>
			<trkpt lat="39.80661" lon="20.67946">
				<ele>560.35</ele>
				<time>2026-08-06T21:59:17.152Z</time>
			</trkpt>
			<trkpt lat="39.80654" lon="20.67905">
				<ele>561.76</ele>
				<time>2026-08-06T21:59:19.103Z</time>
			</trkpt>
			<trkpt lat="39.80647" lon="20.67873">
				<ele>562.01</ele>
				<time>2026-08-06T21:59:20.664Z</time>
			</trkpt>
			<trkpt lat="39.80645" lon="20.6784">
				<ele>562.07</ele>
				<time>2026-08-06T21:59:22.232Z</time>
			</trkpt>
			<trkpt lat="39.80649" lon="20.67795">
				<ele>563.85</ele>
				<time>2026-08-06T21:59:24.402Z</time>
			</trkpt>
			<trkpt lat="39.80655" lon="20.67768">
				<ele>562.29</ele>
				<time>2026-08-06T21:59:25.761Z</time>
			</trkpt>
			<trkpt lat="39.80664" lon="20.67748">
				<ele>559.85</ele>
				<time>2026-08-06T21:59:26.891Z</time>
			</trkpt>
			<trkpt lat="39.80671" lon="20.67738">
				<ele>560.27</ele>
				<time>2026-08-06T21:59:27.553Z</time>
			</trkpt>
			<trkpt lat="39.80694" lon="20.67713">
				<ele>561.77</ele>
				<time>2026-08-06T21:59:29.478Z</time>
			</trkpt>
			<trkpt lat="39.8071" lon="20.67689">
				<ele>563.81</ele>
				<time>2026-08-06T21:59:31.062Z</time>
			</trkpt>
			<trkpt lat="39.8071" lon="20.67671">
				<ele>563.96</ele>
				<time>2026-08-06T21:59:31.965Z</time>
			</trkpt>
			<trkpt lat="39.80707" lon="20.67624">
				<ele>565.99</ele>
				<time>2026-08-06T21:59:34.354Z</time>
			</trkpt>
			<trkpt lat="39.80711" lon="20.67583">
				<ele>567.99</ele>
				<time>2026-08-06T21:59:36.474Z</time>
			</trkpt>
			<trkpt lat="39.80715" lon="20.67554">
				<ele>567.71</ele>
				<time>2026-08-06T21:59:38.001Z</time>
			</trkpt>
			<trkpt lat="39.80761" lon="20.67333">
				<ele>577.2</ele>
				<time>2026-08-06T21:59:50.321Z</time>
			</trkpt>
			<trkpt lat="39.80762" lon="20.67311">
				<ele>577.8</ele>
				<time>2026-08-06T21:59:51.551Z</time>
			</trkpt>
			<trkpt lat="39.80758" lon="20.6726">
				<ele>580.65</ele>
				<time>2026-08-06T21:59:54.442Z</time>
			</trkpt>
			<trkpt lat="39.80759" lon="20.67238">
				<ele>581.99</ele>
				<time>2026-08-06T21:59:55.698Z</time>
			</trkpt>
			<trkpt lat="39.80763" lon="20.67191">
				<ele>583.5</ele>
				<time>2026-08-06T21:59:58.422Z</time>
			</trkpt>
			<trkpt lat="39.80764" lon="20.67161">
				<ele>583.4</ele>
				<time>2026-08-06T22:00:00.171Z</time>
			</trkpt>
			<trkpt lat="39.80754" lon="20.67113">
				<ele>586.28</ele>
				<time>2026-08-06T22:00:03.102Z</time>
			</trkpt>
			<trkpt lat="39.80751" lon="20.67095">
				<ele>586.77</ele>
				<time>2026-08-06T22:00:04.198Z</time>
			</trkpt>
			<trkpt lat="39.80753" lon="20.67074">
				<ele>586.7</ele>
				<time>2026-08-06T22:00:05.465Z</time>
			</trkpt>
			<trkpt lat="39.80763" lon="20.67014">
				<ele>587.53</ele>
				<time>2026-08-06T22:00:09.186Z</time>
			</trkpt>
			<trkpt lat="39.80763" lon="20.66997">
				<ele>587.42</ele>
				<time>2026-08-06T22:00:10.228Z</time>
			</trkpt>
			<trkpt lat="39.80752" lon="20.66907">
				<ele>588.99</ele>
				<time>2026-08-06T22:00:15.906Z</time>
			</trkpt>
			<trkpt lat="39.80746" lon="20.6688">
				<ele>588.01</ele>
				<time>2026-08-06T22:00:17.688Z</time>
			</trkpt>
			<trkpt lat="39.80732" lon="20.66837">
				<ele>587.32</ele>
				<time>2026-08-06T22:00:20.682Z</time>
			</trkpt>
			<trkpt lat="39.80713" lon="20.66791">
				<ele>590.87</ele>
				<time>2026-08-06T22:00:24.080Z</time>
			</trkpt>
			<trkpt lat="39.80707" lon="20.66773">
				<ele>592.46</ele>
				<time>2026-08-06T22:00:25.370Z</time>
			</trkpt>
			<trkpt lat="39.80701" lon="20.66743">
				<ele>594.85</ele>
				<time>2026-08-06T22:00:27.423Z</time>
			</trkpt>
			<trkpt lat="39.80699" lon="20.66721">
				<ele>594.93</ele>
				<time>2026-08-06T22:00:28.902Z</time>
			</trkpt>
			<trkpt lat="39.80701" lon="20.66698">
				<ele>594.79</ele>
				<time>2026-08-06T22:00:30.458Z</time>
			</trkpt>
			<trkpt lat="39.80705" lon="20.66683">
				<ele>595.24</ele>
				<time>2026-08-06T22:00:31.531Z</time>
			</trkpt>
			<trkpt lat="39.80733" lon="20.6665">
				<ele>598.5</ele>
				<time>2026-08-06T22:00:34.887Z</time>
			</trkpt>
			<trkpt lat="39.80739" lon="20.66637">
				<ele>599.1</ele>
				<time>2026-08-06T22:00:35.932Z</time>
			</trkpt>
			<trkpt lat="39.80738" lon="20.66625">
				<ele>599.69</ele>
				<time>2026-08-06T22:00:36.767Z</time>
			</trkpt>
			<trkpt lat="39.80732" lon="20.66595">
				<ele>601.41</ele>
				<time>2026-08-06T22:00:38.925Z</time>
			</trkpt>
			<trkpt lat="39.80732" lon="20.66563">
				<ele>605.43</ele>
				<time>2026-08-06T22:00:41.173Z</time>
			</trkpt>
			<trkpt lat="39.80743" lon="20.66502">
				<ele>607.11</ele>
				<time>2026-08-06T22:00:45.637Z</time>
			</trkpt>
			<trkpt lat="39.80749" lon="20.66483">
				<ele>606.39</ele>
				<time>2026-08-06T22:00:47.119Z</time>
			</trkpt>
			<trkpt lat="39.80752" lon="20.66465">
				<ele>605.66</ele>
				<time>2026-08-06T22:00:48.455Z</time>
			</trkpt>
			<trkpt lat="39.80752" lon="20.66446">
				<ele>604.97</ele>
				<time>2026-08-06T22:00:49.841Z</time>
			</trkpt>
			<trkpt lat="39.80742" lon="20.66382">
				<ele>607.07</ele>
				<time>2026-08-06T22:00:54.663Z</time>
			</trkpt>
			<trkpt lat="39.80731" lon="20.66347">
				<ele>609.33</ele>
				<time>2026-08-06T22:00:57.498Z</time>
			</trkpt>
			<trkpt lat="39.80712" lon="20.66296">
				<ele>616.03</ele>
				<time>2026-08-06T22:01:01.806Z</time>
			</trkpt>
			<trkpt lat="39.8071" lon="20.6628">
				<ele>617.56</ele>
				<time>2026-08-06T22:01:03.051Z</time>
			</trkpt>
			<trkpt lat="39.8071" lon="20.66251">
				<ele>618.99</ele>
				<time>2026-08-06T22:01:05.294Z</time>
			</trkpt>
			<trkpt lat="39.80716" lon="20.66223">
				<ele>619.95</ele>
				<time>2026-08-06T22:01:07.560Z</time>
			</trkpt>
			<trkpt lat="39.80711" lon="20.66219">
				<ele>620.99</ele>
				<time>2026-08-06T22:01:08.159Z</time>
			</trkpt>
			<trkpt lat="39.80706" lon="20.66187">
				<ele>623.52</ele>
				<time>2026-08-06T22:01:10.734Z</time>
			</trkpt>
			<trkpt lat="39.80703" lon="20.66147">
				<ele>624.57</ele>
				<time>2026-08-06T22:01:13.937Z</time>
			</trkpt>
			<trkpt lat="39.80699" lon="20.66136">
				<ele>625.44</ele>
				<time>2026-08-06T22:01:14.914Z</time>
			</trkpt>
			<trkpt lat="39.80681" lon="20.66104">
				<ele>628.21</ele>
				<time>2026-08-06T22:01:18.123Z</time>
			</trkpt>
			<trkpt lat="39.80674" lon="20.66097">
				<ele>629.25</ele>
				<time>2026-08-06T22:01:19.059Z</time>
			</trkpt>
			<trkpt lat="39.80642" lon="20.66075">
				<ele>632.74</ele>
				<time>2026-08-06T22:01:22.931Z</time>
			</trkpt>
			<trkpt lat="39.8063" lon="20.66063">
				<ele>634.35</ele>
				<time>2026-08-06T22:01:24.566Z</time>
			</trkpt>
			<trkpt lat="39.80611" lon="20.66039">
				<ele>638.06</ele>
				<time>2026-08-06T22:01:27.448Z</time>
			</trkpt>
			<trkpt lat="39.8058" lon="20.65983">
				<ele>638.97</ele>
				<time>2026-08-06T22:01:33.307Z</time>
			</trkpt>
			<trkpt lat="39.80564" lon="20.6596">
				<ele>641.25</ele>
				<time>2026-08-06T22:01:35.978Z</time>
			</trkpt>
			<trkpt lat="39.80547" lon="20.65941">
				<ele>643.78</ele>
				<time>2026-08-06T22:01:38.511Z</time>
			</trkpt>
			<trkpt lat="39.80499" lon="20.65891">
				<ele>645.23</ele>
				<time>2026-08-06T22:01:45.570Z</time>
			</trkpt>
			<trkpt lat="39.80484" lon="20.6587">
				<ele>638.2</ele>
				<time>2026-08-06T22:01:48.139Z</time>
			</trkpt>
			<trkpt lat="39.80462" lon="20.65859">
				<ele>637.09</ele>
				<time>2026-08-06T22:01:50.910Z</time>
			</trkpt>
			<trkpt lat="39.80386" lon="20.65855">
				<ele>640.81</ele>
				<time>2026-08-06T22:02:00.955Z</time>
			</trkpt>
			<trkpt lat="39.8032" lon="20.65859">
				<ele>644.65</ele>
				<time>2026-08-06T22:02:09.370Z</time>
			</trkpt>
			<trkpt lat="39.80309" lon="20.65854">
				<ele>644.42</ele>
				<time>2026-08-06T22:02:10.823Z</time>
			</trkpt>
			<trkpt lat="39.80275" lon="20.65823">
				<ele>644.82</ele>
				<time>2026-08-06T22:02:15.923Z</time>
			</trkpt>
			<trkpt lat="39.80239" lon="20.65802">
				<ele>645.09</ele>
				<time>2026-08-06T22:02:20.664Z</time>
			</trkpt>
			<trkpt lat="39.80226" lon="20.65796">
				<ele>644.5</ele>
				<time>2026-08-06T22:02:22.297Z</time>
			</trkpt>
			<trkpt lat="39.80196" lon="20.65792">
				<ele>645.44</ele>
				<time>2026-08-06T22:02:25.824Z</time>
			</trkpt>
			<trkpt lat="39.80188" lon="20.65788">
				<ele>645.1</ele>
				<time>2026-08-06T22:02:26.815Z</time>
			</trkpt>
			<trkpt lat="39.80167" lon="20.65771">
				<ele>642.59</ele>
				<time>2026-08-06T22:02:29.650Z</time>
			</trkpt>
			<trkpt lat="39.80157" lon="20.65767">
				<ele>641.93</ele>
				<time>2026-08-06T22:02:30.838Z</time>
			</trkpt>
			<trkpt lat="39.80146" lon="20.65766">
				<ele>641.77</ele>
				<time>2026-08-06T22:02:32.082Z</time>
			</trkpt>
			<trkpt lat="39.80116" lon="20.65771">
				<ele>643.79</ele>
				<time>2026-08-06T22:02:35.456Z</time>
			</trkpt>
			<trkpt lat="39.80082" lon="20.65772">
				<ele>646.77</ele>
				<time>2026-08-06T22:02:39.183Z</time>
			</trkpt>
			<trkpt lat="39.80048" lon="20.65777">
				<ele>645.22</ele>
				<time>2026-08-06T22:02:42.861Z</time>
			</trkpt>
			<trkpt lat="39.80004" lon="20.65791">
				<ele>644.12</ele>
				<time>2026-08-06T22:02:47.622Z</time>
			</trkpt>
			<trkpt lat="39.79994" lon="20.6579">
				<ele>644.28</ele>
				<time>2026-08-06T22:02:48.660Z</time>
			</trkpt>
			<trkpt lat="39.7997" lon="20.65772">
				<ele>644.28</ele>
				<time>2026-08-06T22:02:51.497Z</time>
			</trkpt>
			<trkpt lat="39.79934" lon="20.65754">
				<ele>643.1</ele>
				<time>2026-08-06T22:02:55.374Z</time>
			</trkpt>
			<trkpt lat="39.79842" lon="20.65716">
				<ele>647.26</ele>
				<time>2026-08-06T22:03:04.715Z</time>
			</trkpt>
			<trkpt lat="39.79822" lon="20.65712">
				<ele>647.53</ele>
				<time>2026-08-06T22:03:06.610Z</time>
			</trkpt>
			<trkpt lat="39.79788" lon="20.65712">
				<ele>647.74</ele>
				<time>2026-08-06T22:03:09.746Z</time>
			</trkpt>
			<trkpt lat="39.79753" lon="20.65699">
				<ele>647.24</ele>
				<time>2026-08-06T22:03:13.038Z</time>
			</trkpt>
			<trkpt lat="39.7974" lon="20.65688">
				<ele>647.82</ele>
				<time>2026-08-06T22:03:14.420Z</time>
			</trkpt>
			<trkpt lat="39.79711" lon="20.65656">
				<ele>650.5</ele>
				<time>2026-08-06T22:03:17.758Z</time>
			</trkpt>
			<trkpt lat="39.79687" lon="20.65634">
				<ele>654.54</ele>
				<time>2026-08-06T22:03:20.287Z</time>
			</trkpt>
			<trkpt lat="39.79672" lon="20.65616">
				<ele>658.59</ele>
				<time>2026-08-06T22:03:22.021Z</time>
			</trkpt>
			<trkpt lat="39.79652" lon="20.65581">
				<ele>662.08</ele>
				<time>2026-08-06T22:03:24.827Z</time>
			</trkpt>
			<trkpt lat="39.79642" lon="20.65554">
				<ele>663.88</ele>
				<time>2026-08-06T22:03:26.725Z</time>
			</trkpt>
			<trkpt lat="39.79632" lon="20.65532">
				<ele>665.23</ele>
				<time>2026-08-06T22:03:28.325Z</time>
			</trkpt>
			<trkpt lat="39.79614" lon="20.65499">
				<ele>667.88</ele>
				<time>2026-08-06T22:03:30.822Z</time>
			</trkpt>
			<trkpt lat="39.79568" lon="20.65428">
				<ele>672.75</ele>
				<time>2026-08-06T22:03:36.397Z</time>
			</trkpt>
			<trkpt lat="39.79524" lon="20.65374">
				<ele>679.05</ele>
				<time>2026-08-06T22:03:40.956Z</time>
			</trkpt>
			<trkpt lat="39.79492" lon="20.6534">
				<ele>681.55</ele>
				<time>2026-08-06T22:03:43.986Z</time>
			</trkpt>
			<trkpt lat="39.79467" lon="20.65309">
				<ele>684.99</ele>
				<time>2026-08-06T22:03:46.469Z</time>
			</trkpt>
			<trkpt lat="39.79432" lon="20.65288">
				<ele>687.68</ele>
				<time>2026-08-06T22:03:49.189Z</time>
			</trkpt>
			<trkpt lat="39.79401" lon="20.65296">
				<ele>686.8</ele>
				<time>2026-08-06T22:03:51.379Z</time>
			</trkpt>
			<trkpt lat="39.79383" lon="20.65294">
				<ele>687</ele>
				<time>2026-08-06T22:03:52.615Z</time>
			</trkpt>
			<trkpt lat="39.79359" lon="20.65285">
				<ele>687.75</ele>
				<time>2026-08-06T22:03:54.305Z</time>
			</trkpt>
			<trkpt lat="39.79343" lon="20.65284">
				<ele>687.08</ele>
				<time>2026-08-06T22:03:55.378Z</time>
			</trkpt>
			<trkpt lat="39.79335" lon="20.65285">
				<ele>687.11</ele>
				<time>2026-08-06T22:03:55.914Z</time>
			</trkpt>
			<trkpt lat="39.79325" lon="20.6529">
				<ele>688.09</ele>
				<time>2026-08-06T22:03:56.624Z</time>
			</trkpt>
			<trkpt lat="39.79312" lon="20.653">
				<ele>689.54</ele>
				<time>2026-08-06T22:03:57.619Z</time>
			</trkpt>
			<trkpt lat="39.79298" lon="20.65314">
				<ele>692.4</ele>
				<time>2026-08-06T22:03:58.772Z</time>
			</trkpt>
			<trkpt lat="39.79288" lon="20.6532">
				<ele>693.93</ele>
				<time>2026-08-06T22:03:59.487Z</time>
			</trkpt>
			<trkpt lat="39.7928" lon="20.6532">
				<ele>694.13</ele>
				<time>2026-08-06T22:04:00.004Z</time>
			</trkpt>
			<trkpt lat="39.7927" lon="20.65316">
				<ele>696.68</ele>
				<time>2026-08-06T22:04:00.676Z</time>
			</trkpt>
			<trkpt lat="39.79264" lon="20.65303">
				<ele>697.54</ele>
				<time>2026-08-06T22:04:01.422Z</time>
			</trkpt>
			<trkpt lat="39.79261" lon="20.65285">
				<ele>699.2</ele>
				<time>2026-08-06T22:04:02.322Z</time>
			</trkpt>
			<trkpt lat="39.79256" lon="20.65237">
				<ele>699.76</ele>
				<time>2026-08-06T22:04:04.660Z</time>
			</trkpt>
			<trkpt lat="39.79256" lon="20.65149">
				<ele>693.57</ele>
				<time>2026-08-06T22:04:08.807Z</time>
			</trkpt>
			<trkpt lat="39.79251" lon="20.65128">
				<ele>694.12</ele>
				<time>2026-08-06T22:04:09.824Z</time>
			</trkpt>
			<trkpt lat="39.79243" lon="20.65112">
				<ele>694.59</ele>
				<time>2026-08-06T22:04:10.701Z</time>
			</trkpt>
			<trkpt lat="39.79227" lon="20.65095">
				<ele>693.92</ele>
				<time>2026-08-06T22:04:11.926Z</time>
			</trkpt>
			<trkpt lat="39.7921" lon="20.65084">
				<ele>693.16</ele>
				<time>2026-08-06T22:04:13.044Z</time>
			</trkpt>
			<trkpt lat="39.79193" lon="20.65078">
				<ele>693.47</ele>
				<time>2026-08-06T22:04:14.072Z</time>
			</trkpt>
			<trkpt lat="39.79179" lon="20.65078">
				<ele>694.15</ele>
				<time>2026-08-06T22:04:14.884Z</time>
			</trkpt>
			<trkpt lat="39.79166" lon="20.65082">
				<ele>695.73</ele>
				<time>2026-08-06T22:04:15.655Z</time>
			</trkpt>
			<trkpt lat="39.79152" lon="20.65093">
				<ele>695.44</ele>
				<time>2026-08-06T22:04:16.593Z</time>
			</trkpt>
			<trkpt lat="39.79144" lon="20.65103">
				<ele>696.1</ele>
				<time>2026-08-06T22:04:17.226Z</time>
			</trkpt>
			<trkpt lat="39.79136" lon="20.65116">
				<ele>697.33</ele>
				<time>2026-08-06T22:04:17.953Z</time>
			</trkpt>
			<trkpt lat="39.79122" lon="20.65181">
				<ele>701.04</ele>
				<time>2026-08-06T22:04:20.863Z</time>
			</trkpt>
			<trkpt lat="39.79116" lon="20.65192">
				<ele>701.12</ele>
				<time>2026-08-06T22:04:21.437Z</time>
			</trkpt>
			<trkpt lat="39.79107" lon="20.65202">
				<ele>700.92</ele>
				<time>2026-08-06T22:04:22.091Z</time>
			</trkpt>
			<trkpt lat="39.79081" lon="20.65218">
				<ele>700.1</ele>
				<time>2026-08-06T22:04:23.669Z</time>
			</trkpt>
			<trkpt lat="39.79074" lon="20.65227">
				<ele>700.47</ele>
				<time>2026-08-06T22:04:24.205Z</time>
			</trkpt>
			<trkpt lat="39.79069" lon="20.65241">
				<ele>701.38</ele>
				<time>2026-08-06T22:04:24.849Z</time>
			</trkpt>
			<trkpt lat="39.79061" lon="20.65278">
				<ele>701.41</ele>
				<time>2026-08-06T22:04:26.442Z</time>
			</trkpt>
			<trkpt lat="39.79044" lon="20.65332">
				<ele>702.45</ele>
				<time>2026-08-06T22:04:28.832Z</time>
			</trkpt>
			<trkpt lat="39.79038" lon="20.65361">
				<ele>704.38</ele>
				<time>2026-08-06T22:04:30.050Z</time>
			</trkpt>
			<trkpt lat="39.79031" lon="20.65388">
				<ele>705.63</ele>
				<time>2026-08-06T22:04:31.198Z</time>
			</trkpt>
			<trkpt lat="39.79018" lon="20.65417">
				<ele>706.45</ele>
				<time>2026-08-06T22:04:32.543Z</time>
			</trkpt>
			<trkpt lat="39.78994" lon="20.65444">
				<ele>704.07</ele>
				<time>2026-08-06T22:04:34.184Z</time>
			</trkpt>
			<trkpt lat="39.78956" lon="20.65482">
				<ele>700.96</ele>
				<time>2026-08-06T22:04:36.639Z</time>
			</trkpt>
			<trkpt lat="39.78949" lon="20.65496">
				<ele>700.67</ele>
				<time>2026-08-06T22:04:37.293Z</time>
			</trkpt>
			<trkpt lat="39.78945" lon="20.65513">
				<ele>700.63</ele>
				<time>2026-08-06T22:04:37.986Z</time>
			</trkpt>
			<trkpt lat="39.78943" lon="20.65538">
				<ele>700.85</ele>
				<time>2026-08-06T22:04:38.964Z</time>
			</trkpt>
			<trkpt lat="39.78942" lon="20.65589">
				<ele>702.61</ele>
				<time>2026-08-06T22:04:40.937Z</time>
			</trkpt>
			<trkpt lat="39.78939" lon="20.65611">
				<ele>705.33</ele>
				<time>2026-08-06T22:04:41.797Z</time>
			</trkpt>
			<trkpt lat="39.78931" lon="20.65641">
				<ele>708.48</ele>
				<time>2026-08-06T22:04:43.015Z</time>
			</trkpt>
			<trkpt lat="39.78909" lon="20.65674">
				<ele>708.29</ele>
				<time>2026-08-06T22:04:44.685Z</time>
			</trkpt>
			<trkpt lat="39.78882" lon="20.65723">
				<ele>707.6</ele>
				<time>2026-08-06T22:04:46.979Z</time>
			</trkpt>
			<trkpt lat="39.7887" lon="20.65741">
				<ele>708.07</ele>
				<time>2026-08-06T22:04:47.883Z</time>
			</trkpt>
			<trkpt lat="39.78737" lon="20.65838">
				<ele>695.75</ele>
				<time>2026-08-06T22:04:55.377Z</time>
			</trkpt>
			<trkpt lat="39.78708" lon="20.65853">
				<ele>695.92</ele>
				<time>2026-08-06T22:04:56.910Z</time>
			</trkpt>
			<trkpt lat="39.78658" lon="20.65851">
				<ele>695.69</ele>
				<time>2026-08-06T22:04:59.371Z</time>
			</trkpt>
			<trkpt lat="39.78648" lon="20.65854">
				<ele>695.15</ele>
				<time>2026-08-06T22:04:59.877Z</time>
			</trkpt>
			<trkpt lat="39.78639" lon="20.65861">
				<ele>695.08</ele>
				<time>2026-08-06T22:05:00.395Z</time>
			</trkpt>
			<trkpt lat="39.78621" lon="20.65887">
				<ele>693.39</ele>
				<time>2026-08-06T22:05:01.723Z</time>
			</trkpt>
			<trkpt lat="39.78615" lon="20.65897">
				<ele>692.51</ele>
				<time>2026-08-06T22:05:02.206Z</time>
			</trkpt>
			<trkpt lat="39.78602" lon="20.65911">
				<ele>691.4</ele>
				<time>2026-08-06T22:05:03.043Z</time>
			</trkpt>
			<trkpt lat="39.78552" lon="20.66031">
				<ele>688.88</ele>
				<time>2026-08-06T22:05:08.285Z</time>
			</trkpt>
			<trkpt lat="39.78548" lon="20.66043">
				<ele>688.41</ele>
				<time>2026-08-06T22:05:08.792Z</time>
			</trkpt>
			<trkpt lat="39.78545" lon="20.66083">
				<ele>685.02</ele>
				<time>2026-08-06T22:05:10.356Z</time>
			</trkpt>
			<trkpt lat="39.78541" lon="20.66103">
				<ele>682.82</ele>
				<time>2026-08-06T22:05:11.163Z</time>
			</trkpt>
			<trkpt lat="39.78534" lon="20.66128">
				<ele>680.97</ele>
				<time>2026-08-06T22:05:12.207Z</time>
			</trkpt>
			<trkpt lat="39.78522" lon="20.66148">
				<ele>679.8</ele>
				<time>2026-08-06T22:05:13.208Z</time>
			</trkpt>
			<trkpt lat="39.78501" lon="20.66194">
				<ele>674.18</ele>
				<time>2026-08-06T22:05:15.332Z</time>
			</trkpt>
			<trkpt lat="39.78475" lon="20.66282">
				<ele>663.5</ele>
				<time>2026-08-06T22:05:19.131Z</time>
			</trkpt>
			<trkpt lat="39.78457" lon="20.66353">
				<ele>659.19</ele>
				<time>2026-08-06T22:05:22.201Z</time>
			</trkpt>
			<trkpt lat="39.78445" lon="20.66398">
				<ele>655.43</ele>
				<time>2026-08-06T22:05:24.186Z</time>
			</trkpt>
			<trkpt lat="39.78426" lon="20.66434">
				<ele>651.13</ele>
				<time>2026-08-06T22:05:26.028Z</time>
			</trkpt>
			<trkpt lat="39.78416" lon="20.66448">
				<ele>649.98</ele>
				<time>2026-08-06T22:05:26.835Z</time>
			</trkpt>
			<trkpt lat="39.7839" lon="20.66463">
				<ele>649.05</ele>
				<time>2026-08-06T22:05:28.387Z</time>
			</trkpt>
			<trkpt lat="39.78381" lon="20.66471">
				<ele>648.74</ele>
				<time>2026-08-06T22:05:28.978Z</time>
			</trkpt>
			<trkpt lat="39.78364" lon="20.665">
				<ele>647.26</ele>
				<time>2026-08-06T22:05:30.488Z</time>
			</trkpt>
			<trkpt lat="39.78321" lon="20.66584">
				<ele>641.56</ele>
				<time>2026-08-06T22:05:34.597Z</time>
			</trkpt>
			<trkpt lat="39.78317" lon="20.66597">
				<ele>641.43</ele>
				<time>2026-08-06T22:05:35.159Z</time>
			</trkpt>
			<trkpt lat="39.78313" lon="20.66642">
				<ele>641.43</ele>
				<time>2026-08-06T22:05:36.965Z</time>
			</trkpt>
			<trkpt lat="39.78307" lon="20.66665">
				<ele>640.18</ele>
				<time>2026-08-06T22:05:37.926Z</time>
			</trkpt>
			<trkpt lat="39.78298" lon="20.6669">
				<ele>639.78</ele>
				<time>2026-08-06T22:05:39.011Z</time>
			</trkpt>
			<trkpt lat="39.7826" lon="20.66772">
				<ele>635.42</ele>
				<time>2026-08-06T22:05:42.724Z</time>
			</trkpt>
			<trkpt lat="39.78204" lon="20.66907">
				<ele>633.24</ele>
				<time>2026-08-06T22:05:48.517Z</time>
			</trkpt>
			<trkpt lat="39.78157" lon="20.67012">
				<ele>628.34</ele>
				<time>2026-08-06T22:05:52.983Z</time>
			</trkpt>
			<trkpt lat="39.78107" lon="20.67142">
				<ele>624.73</ele>
				<time>2026-08-06T22:05:58.201Z</time>
			</trkpt>
			<trkpt lat="39.78073" lon="20.67236">
				<ele>626.36</ele>
				<time>2026-08-06T22:06:01.857Z</time>
			</trkpt>
			<trkpt lat="39.78059" lon="20.67265">
				<ele>626.32</ele>
				<time>2026-08-06T22:06:03.050Z</time>
			</trkpt>
			<trkpt lat="39.78018" lon="20.6733">
				<ele>622.44</ele>
				<time>2026-08-06T22:06:05.957Z</time>
			</trkpt>
			<trkpt lat="39.78008" lon="20.67354">
				<ele>621.38</ele>
				<time>2026-08-06T22:06:06.894Z</time>
			</trkpt>
			<trkpt lat="39.78001" lon="20.67375">
				<ele>621.05</ele>
				<time>2026-08-06T22:06:07.678Z</time>
			</trkpt>
			<trkpt lat="39.77987" lon="20.67431">
				<ele>621.2</ele>
				<time>2026-08-06T22:06:09.685Z</time>
			</trkpt>
			<trkpt lat="39.77964" lon="20.67496">
				<ele>621.28</ele>
				<time>2026-08-06T22:06:12.108Z</time>
			</trkpt>
			<trkpt lat="39.77947" lon="20.67531">
				<ele>620.87</ele>
				<time>2026-08-06T22:06:13.502Z</time>
			</trkpt>
			<trkpt lat="39.77918" lon="20.67586">
				<ele>621.12</ele>
				<time>2026-08-06T22:06:15.739Z</time>
			</trkpt>
			<trkpt lat="39.77853" lon="20.67684">
				<ele>621.35</ele>
				<time>2026-08-06T22:06:20.053Z</time>
			</trkpt>
			<trkpt lat="39.77762" lon="20.67849">
				<ele>619.14</ele>
				<time>2026-08-06T22:06:26.777Z</time>
			</trkpt>
			<trkpt lat="39.77747" lon="20.67874">
				<ele>619</ele>
				<time>2026-08-06T22:06:27.825Z</time>
			</trkpt>
			<trkpt lat="39.7767" lon="20.67949">
				<ele>622.55</ele>
				<time>2026-08-06T22:06:31.963Z</time>
			</trkpt>
			<trkpt lat="39.77653" lon="20.6797">
				<ele>623.88</ele>
				<time>2026-08-06T22:06:32.972Z</time>
			</trkpt>
			<trkpt lat="39.77635" lon="20.68001">
				<ele>623.61</ele>
				<time>2026-08-06T22:06:34.260Z</time>
			</trkpt>
			<trkpt lat="39.77608" lon="20.68073">
				<ele>622.51</ele>
				<time>2026-08-06T22:06:36.922Z</time>
			</trkpt>
			<trkpt lat="39.77589" lon="20.68048">
				<ele>621.03</ele>
				<time>2026-08-06T22:06:38.094Z</time>
			</trkpt>
			<trkpt lat="39.77564" lon="20.68032">
				<ele>620.05</ele>
				<time>2026-08-06T22:06:39.304Z</time>
			</trkpt>
			<trkpt lat="39.77547" lon="20.68007">
				<ele>618.75</ele>
				<time>2026-08-06T22:06:40.422Z</time>
			</trkpt>
			<trkpt lat="39.77518" lon="20.67974">
				<ele>618.7</ele>
				<time>2026-08-06T22:06:42.105Z</time>
			</trkpt>
			<trkpt lat="39.77506" lon="20.67963">
				<ele>617.97</ele>
				<time>2026-08-06T22:06:42.748Z</time>
			</trkpt>
			<trkpt lat="39.77482" lon="20.6795">
				<ele>616.58</ele>
				<time>2026-08-06T22:06:43.890Z</time>
			</trkpt>
			<trkpt lat="39.77434" lon="20.67913">
				<ele>617.68</ele>
				<time>2026-08-06T22:06:46.352Z</time>
			</trkpt>
			<trkpt lat="39.77387" lon="20.67862">
				<ele>618.16</ele>
				<time>2026-08-06T22:06:49.074Z</time>
			</trkpt>
			<trkpt lat="39.77333" lon="20.67807">
				<ele>617.99</ele>
				<time>2026-08-06T22:06:52.156Z</time>
			</trkpt>
			<trkpt lat="39.773" lon="20.67785">
				<ele>617.29</ele>
				<time>2026-08-06T22:06:53.837Z</time>
			</trkpt>
			<trkpt lat="39.77286" lon="20.67766">
				<ele>616.6</ele>
				<time>2026-08-06T22:06:54.760Z</time>
			</trkpt>
			<trkpt lat="39.77259" lon="20.6771">
				<ele>615.06</ele>
				<time>2026-08-06T22:06:57.080Z</time>
			</trkpt>
			<trkpt lat="39.77245" lon="20.67733">
				<ele>616.45</ele>
				<time>2026-08-06T22:06:58.029Z</time>
			</trkpt>
			<trkpt lat="39.77197" lon="20.67857">
				<ele>618.65</ele>
				<time>2026-08-06T22:07:01.719Z</time>
			</trkpt>
			<trkpt lat="39.77192" lon="20.67876">
				<ele>619.6</ele>
				<time>2026-08-06T22:07:02.202Z</time>
			</trkpt>
			<trkpt lat="39.77191" lon="20.67915">
				<ele>619.14</ele>
				<time>2026-08-06T22:07:03.147Z</time>
			</trkpt>
			<trkpt lat="39.77181" lon="20.67953">
				<ele>620.48</ele>
				<time>2026-08-06T22:07:04.162Z</time>
			</trkpt>
			<trkpt lat="39.77181" lon="20.67963">
				<ele>621.11</ele>
				<time>2026-08-06T22:07:04.426Z</time>
			</trkpt>
		</trkseg>
	</trk>
</gpx>