<?xml version="1.0" encoding="UTF-8"?>
<gpx version="1.1" creator="Kurviger" xmlns="http://www.topografix.com/GPX/1/1" xmlns:xsi="http://www.w3.org/2001/XMLSchema-instance" xsi:schemaLocation="http://www.topografix.com/GPX/1/1 http://www.topografix.com/GPX/1/1/gpx.xsd http://www.garmin.com/xmlschemas/GpxExtensions/v3 http://www.garmin.com/xmlschemas/GpxExtensionsv3.xsd http://www.garmin.com/xmlschemas/TripExtensions/v1 http://www.garmin.com/xmlschemas/TripExtensionsv1.xsd" xmlns:gpxx="http://www.garmin.com/xmlschemas/GpxExtensions/v3" xmlns:trp="http://www.garmin.com/xmlschemas/TripExtensions/v1">
	<metadata>
		<name>DAY 8 - Round the Tymfi</name>
		<copyright author="OpenStreetMap contributors"/>
		<link href="https://kurviger.com">
			<text>Kurviger.com GPX</text>
		</link>
		<time>2026-08-06T16:29:06.149Z</time>
	</metadata>
	<wpt lat="40.048347" lon="20.760083">
		<name>Start</name>
		<sym>Flag, Green</sym>
		<type>start</type>
	</wpt>
	<wpt lat="39.98048" lon="20.910457">
		<name>Via Point 1</name>
		<sym>Flag, Blue</sym>
		<type>via</type>
	</wpt>
	<wpt lat="39.934914" lon="20.915351">
		<name>Via Point 2</name>
		<sym>Flag, Blue</sym>
		<type>via</type>
	</wpt>
	<wpt lat="39.934057" lon="20.671731">
		<name>Via Point 3</name>
		<sym>Flag, Blue</sym>
		<type>via</type>
	</wpt>
	<wpt lat="39.944903" lon="20.688157">
		<name>Via Point 4</name>
		<sym>Flag, Blue</sym>
		<type>via</type>
	</wpt>
	<wpt lat="39.858562" lon="20.774717">
		<name>Via Point 5</name>
		<sym>Flag, Blue</sym>
		<type>via</type>
	</wpt>
	<wpt lat="39.904288" lon="20.817568">
		<name>Via Point 6</name>
		<sym>Flag, Blue</sym>
		<type>via</type>
	</wpt>
	<wpt lat="39.980918" lon="20.665991">
		<name>Via Point 7</name>
		<sym>Flag, Blue</sym>
		<type>via</type>
	</wpt>
	<wpt lat="40.048308" lon="20.760137">
		<name>Destination</name>
		<sym>Flag, Red</sym>
		<type>destination</type>
	</wpt>
	<trk>
		<name>DAY 8 - Round the Tymfi</name>
		<trkseg>
			<trkpt lat="40.0483" lon="20.76014">
				<ele>763.76</ele>
				<time>2026-08-06T16:29:06.149Z</time>
			</trkpt>
			<trkpt lat="40.04844" lon="20.76028">
				<ele>763.33</ele>
				<time>2026-08-06T16:29:07.233Z</time>
			</trkpt>
			<trkpt lat="40.04858" lon="20.76052">
				<ele>762.96</ele>
				<time>2026-08-06T16:29:08.654Z</time>
			</trkpt>
			<trkpt lat="40.04865" lon="20.76071">
				<ele>764.12</ele>
				<time>2026-08-06T16:29:09.648Z</time>
			</trkpt>
			<trkpt lat="40.04873" lon="20.76109">
				<ele>767.99</ele>
				<time>2026-08-06T16:29:11.504Z</time>
			</trkpt>
			<trkpt lat="40.04882" lon="20.76138">
				<ele>770.74</ele>
				<time>2026-08-06T16:29:12.977Z</time>
			</trkpt>
			<trkpt lat="40.04888" lon="20.7615">
				<ele>772.47</ele>
				<time>2026-08-06T16:29:13.652Z</time>
			</trkpt>
			<trkpt lat="40.04895" lon="20.76159">
				<ele>773.88</ele>
				<time>2026-08-06T16:29:14.257Z</time>
			</trkpt>
			<trkpt lat="40.04903" lon="20.76163">
				<ele>774.13</ele>
				<time>2026-08-06T16:29:14.784Z</time>
			</trkpt>
			<trkpt lat="40.04909" lon="20.76162">
				<ele>773.55</ele>
				<time>2026-08-06T16:29:15.156Z</time>
			</trkpt>
			<trkpt lat="40.04927" lon="20.76151">
				<ele>769.99</ele>
				<time>2026-08-06T16:29:16.378Z</time>
			</trkpt>
			<trkpt lat="40.04937" lon="20.76149">
				<ele>769.14</ele>
				<time>2026-08-06T16:29:17.001Z</time>
			</trkpt>
			<trkpt lat="40.04943" lon="20.76152">
				<ele>769.94</ele>
				<time>2026-08-06T16:29:17.396Z</time>
			</trkpt>
			<trkpt lat="40.04946" lon="20.76159">
				<ele>771.77</ele>
				<time>2026-08-06T16:29:17.774Z</time>
			</trkpt>
			<trkpt lat="40.04946" lon="20.76166">
				<ele>773.64</ele>
				<time>2026-08-06T16:29:18.103Z</time>
			</trkpt>
			<trkpt lat="40.04944" lon="20.76171">
				<ele>774.57</ele>
				<time>2026-08-06T16:29:18.369Z</time>
			</trkpt>
			<trkpt lat="40.0494" lon="20.76175">
				<ele>775.29</ele>
				<time>2026-08-06T16:29:18.679Z</time>
			</trkpt>
			<trkpt lat="40.04923" lon="20.76183">
				<ele>776.79</ele>
				<time>2026-08-06T16:29:19.790Z</time>
			</trkpt>
			<trkpt lat="40.04906" lon="20.76197">
				<ele>780.05</ele>
				<time>2026-08-06T16:29:21.027Z</time>
			</trkpt>
			<trkpt lat="40.04897" lon="20.762">
				<ele>781.15</ele>
				<time>2026-08-06T16:29:21.598Z</time>
			</trkpt>
			<trkpt lat="40.04883" lon="20.76199">
				<ele>781.87</ele>
				<time>2026-08-06T16:29:22.460Z</time>
			</trkpt>
			<trkpt lat="40.04864" lon="20.76188">
				<ele>781.91</ele>
				<time>2026-08-06T16:29:23.739Z</time>
			</trkpt>
			<trkpt lat="40.04853" lon="20.76179">
				<ele>780.97</ele>
				<time>2026-08-06T16:29:24.537Z</time>
			</trkpt>
			<trkpt lat="40.04829" lon="20.7614">
				<ele>776.27</ele>
				<time>2026-08-06T16:29:26.894Z</time>
			</trkpt>
			<trkpt lat="40.0482" lon="20.76128">
				<ele>777.29</ele>
				<time>2026-08-06T16:29:27.685Z</time>
			</trkpt>
			<trkpt lat="40.04789" lon="20.76106">
				<ele>780.94</ele>
				<time>2026-08-06T16:29:29.855Z</time>
			</trkpt>
			<trkpt lat="40.04772" lon="20.76097">
				<ele>782.41</ele>
				<time>2026-08-06T16:29:30.983Z</time>
			</trkpt>
			<trkpt lat="40.04709" lon="20.76079">
				<ele>798.53</ele>
				<time>2026-08-06T16:29:34.950Z</time>
			</trkpt>
			<trkpt lat="40.04704" lon="20.76078">
				<ele>801.01</ele>
				<time>2026-08-06T16:29:35.261Z</time>
			</trkpt>
			<trkpt lat="40.04701" lon="20.76081">
				<ele>804.2</ele>
				<time>2026-08-06T16:29:35.494Z</time>
			</trkpt>
			<trkpt lat="40.04697" lon="20.7609">
				<ele>809.3</ele>
				<time>2026-08-06T16:29:35.984Z</time>
			</trkpt>
			<trkpt lat="40.04698" lon="20.76094">
				<ele>810.53</ele>
				<time>2026-08-06T16:29:36.182Z</time>
			</trkpt>
			<trkpt lat="40.04701" lon="20.76099">
				<ele>810.24</ele>
				<time>2026-08-06T16:29:36.481Z</time>
			</trkpt>
			<trkpt lat="40.04718" lon="20.76109">
				<ele>802.75</ele>
				<time>2026-08-06T16:29:37.628Z</time>
			</trkpt>
			<trkpt lat="40.04729" lon="20.76118">
				<ele>800.06</ele>
				<time>2026-08-06T16:29:38.426Z</time>
			</trkpt>
			<trkpt lat="40.04739" lon="20.76129">
				<ele>799.48</ele>
				<time>2026-08-06T16:29:39.231Z</time>
			</trkpt>
			<trkpt lat="40.04752" lon="20.76152">
				<ele>802.8</ele>
				<time>2026-08-06T16:29:40.577Z</time>
			</trkpt>
			<trkpt lat="40.04769" lon="20.76189">
				<ele>808.54</ele>
				<time>2026-08-06T16:29:42.609Z</time>
			</trkpt>
			<trkpt lat="40.04787" lon="20.7624">
				<ele>808.92</ele>
				<time>2026-08-06T16:29:45.254Z</time>
			</trkpt>
			<trkpt lat="40.0479" lon="20.76285">
				<ele>816.75</ele>
				<time>2026-08-06T16:29:47.381Z</time>
			</trkpt>
			<trkpt lat="40.04793" lon="20.76296">
				<ele>818.47</ele>
				<time>2026-08-06T16:29:47.931Z</time>
			</trkpt>
			<trkpt lat="40.04799" lon="20.76307">
				<ele>819.25</ele>
				<time>2026-08-06T16:29:48.567Z</time>
			</trkpt>
			<trkpt lat="40.04816" lon="20.76331">
				<ele>820.42</ele>
				<time>2026-08-06T16:29:50.107Z</time>
			</trkpt>
			<trkpt lat="40.04822" lon="20.76343">
				<ele>821.3</ele>
				<time>2026-08-06T16:29:50.782Z</time>
			</trkpt>
			<trkpt lat="40.04824" lon="20.76352">
				<ele>822.67</ele>
				<time>2026-08-06T16:29:51.223Z</time>
			</trkpt>
			<trkpt lat="40.04824" lon="20.76381">
				<ele>829.11</ele>
				<time>2026-08-06T16:29:52.589Z</time>
			</trkpt>
			<trkpt lat="40.04829" lon="20.76395">
				<ele>829.5</ele>
				<time>2026-08-06T16:29:53.316Z</time>
			</trkpt>
			<trkpt lat="40.04834" lon="20.76401">
				<ele>828.05</ele>
				<time>2026-08-06T16:29:53.734Z</time>
			</trkpt>
			<trkpt lat="40.04882" lon="20.7643">
				<ele>822.92</ele>
				<time>2026-08-06T16:29:56.988Z</time>
			</trkpt>
			<trkpt lat="40.04892" lon="20.76433">
				<ele>823.6</ele>
				<time>2026-08-06T16:29:57.619Z</time>
			</trkpt>
			<trkpt lat="40.04907" lon="20.76433">
				<ele>824.85</ele>
				<time>2026-08-06T16:29:58.542Z</time>
			</trkpt>
			<trkpt lat="40.04928" lon="20.76431">
				<ele>824.98</ele>
				<time>2026-08-06T16:29:59.837Z</time>
			</trkpt>
			<trkpt lat="40.04942" lon="20.76433">
				<ele>826.16</ele>
				<time>2026-08-06T16:30:00.704Z</time>
			</trkpt>
			<trkpt lat="40.04952" lon="20.76442">
				<ele>827.36</ele>
				<time>2026-08-06T16:30:01.451Z</time>
			</trkpt>
			<trkpt lat="40.04955" lon="20.76447">
				<ele>828.31</ele>
				<time>2026-08-06T16:30:01.750Z</time>
			</trkpt>
			<trkpt lat="40.04972" lon="20.76498">
				<ele>840.34</ele>
				<time>2026-08-06T16:30:04.370Z</time>
			</trkpt>
			<trkpt lat="40.04992" lon="20.76546">
				<ele>841.37</ele>
				<time>2026-08-06T16:30:06.944Z</time>
			</trkpt>
			<trkpt lat="40.04998" lon="20.76565">
				<ele>841.46</ele>
				<time>2026-08-06T16:30:07.912Z</time>
			</trkpt>
			<trkpt lat="40.04999" lon="20.7658">
				<ele>843.03</ele>
				<time>2026-08-06T16:30:08.622Z</time>
			</trkpt>
			<trkpt lat="40.04996" lon="20.76596">
				<ele>845.22</ele>
				<time>2026-08-06T16:30:09.398Z</time>
			</trkpt>
			<trkpt lat="40.04976" lon="20.76651">
				<ele>858.08</ele>
				<time>2026-08-06T16:30:12.266Z</time>
			</trkpt>
			<trkpt lat="40.04972" lon="20.76674">
				<ele>860.28</ele>
				<time>2026-08-06T16:30:13.377Z</time>
			</trkpt>
			<trkpt lat="40.04975" lon="20.76699">
				<ele>860.37</ele>
				<time>2026-08-06T16:30:14.569Z</time>
			</trkpt>
			<trkpt lat="40.04991" lon="20.76758">
				<ele>867.42</ele>
				<time>2026-08-06T16:30:17.519Z</time>
			</trkpt>
			<trkpt lat="40.04995" lon="20.76767">
				<ele>869.9</ele>
				<time>2026-08-06T16:30:18.009Z</time>
			</trkpt>
			<trkpt lat="40.05005" lon="20.76775">
				<ele>872.69</ele>
				<time>2026-08-06T16:30:18.731Z</time>
			</trkpt>
			<trkpt lat="40.05012" lon="20.76775">
				<ele>873.2</ele>
				<time>2026-08-06T16:30:19.161Z</time>
			</trkpt>
			<trkpt lat="40.05021" lon="20.76768">
				<ele>870.95</ele>
				<time>2026-08-06T16:30:19.806Z</time>
			</trkpt>
			<trkpt lat="40.05044" lon="20.76741">
				<ele>861.65</ele>
				<time>2026-08-06T16:30:21.710Z</time>
			</trkpt>
			<trkpt lat="40.05069" lon="20.76723">
				<ele>856.14</ele>
				<time>2026-08-06T16:30:23.467Z</time>
			</trkpt>
			<trkpt lat="40.05086" lon="20.76717">
				<ele>856.65</ele>
				<time>2026-08-06T16:30:24.551Z</time>
			</trkpt>
			<trkpt lat="40.05162" lon="20.76717">
				<ele>866.59</ele>
				<time>2026-08-06T16:30:29.230Z</time>
			</trkpt>
			<trkpt lat="40.0518" lon="20.76719">
				<ele>867</ele>
				<time>2026-08-06T16:30:30.343Z</time>
			</trkpt>
			<trkpt lat="40.05191" lon="20.76724">
				<ele>868.97</ele>
				<time>2026-08-06T16:30:31.060Z</time>
			</trkpt>
			<trkpt lat="40.05223" lon="20.76751">
				<ele>875.31</ele>
				<time>2026-08-06T16:30:33.406Z</time>
			</trkpt>
			<trkpt lat="40.05236" lon="20.76758">
				<ele>876.59</ele>
				<time>2026-08-06T16:30:34.272Z</time>
			</trkpt>
			<trkpt lat="40.0525" lon="20.76762">
				<ele>876.67</ele>
				<time>2026-08-06T16:30:35.154Z</time>
			</trkpt>
			<trkpt lat="40.05431" lon="20.76767">
				<ele>893.01</ele>
				<time>2026-08-06T16:30:46.306Z</time>
			</trkpt>
			<trkpt lat="40.05543" lon="20.76764">
				<ele>901.02</ele>
				<time>2026-08-06T16:30:53.210Z</time>
			</trkpt>
			<trkpt lat="40.05562" lon="20.76766">
				<ele>900.75</ele>
				<time>2026-08-06T16:30:54.385Z</time>
			</trkpt>
			<trkpt lat="40.05579" lon="20.76776">
				<ele>899.44</ele>
				<time>2026-08-06T16:30:55.534Z</time>
			</trkpt>
			<trkpt lat="40.05589" lon="20.76788">
				<ele>900.06</ele>
				<time>2026-08-06T16:30:56.371Z</time>
			</trkpt>
			<trkpt lat="40.05613" lon="20.76823">
				<ele>901.16</ele>
				<time>2026-08-06T16:30:58.588Z</time>
			</trkpt>
			<trkpt lat="40.05624" lon="20.76843">
				<ele>901.5</ele>
				<time>2026-08-06T16:30:59.750Z</time>
			</trkpt>
			<trkpt lat="40.05632" lon="20.76866">
				<ele>901.54</ele>
				<time>2026-08-06T16:31:00.943Z</time>
			</trkpt>
			<trkpt lat="40.0564" lon="20.76896">
				<ele>901.36</ele>
				<time>2026-08-06T16:31:02.442Z</time>
			</trkpt>
			<trkpt lat="40.05645" lon="20.76932">
				<ele>897.88</ele>
				<time>2026-08-06T16:31:04.169Z</time>
			</trkpt>
			<trkpt lat="40.05645" lon="20.76969">
				<ele>897.87</ele>
				<time>2026-08-06T16:31:05.916Z</time>
			</trkpt>
			<trkpt lat="40.05648" lon="20.76979">
				<ele>897.78</ele>
				<time>2026-08-06T16:31:06.423Z</time>
			</trkpt>
			<trkpt lat="40.05652" lon="20.76987">
				<ele>897.14</ele>
				<time>2026-08-06T16:31:06.874Z</time>
			</trkpt>
			<trkpt lat="40.05657" lon="20.76992">
				<ele>895.98</ele>
				<time>2026-08-06T16:31:07.262Z</time>
			</trkpt>
			<trkpt lat="40.05662" lon="20.76994">
				<ele>894.35</ele>
				<time>2026-08-06T16:31:07.585Z</time>
			</trkpt>
			<trkpt lat="40.05688" lon="20.76998">
				<ele>891.32</ele>
				<time>2026-08-06T16:31:09.200Z</time>
			</trkpt>
			<trkpt lat="40.05699" lon="20.77003">
				<ele>892.04</ele>
				<time>2026-08-06T16:31:09.918Z</time>
			</trkpt>
			<trkpt lat="40.05709" lon="20.77012">
				<ele>893.86</ele>
				<time>2026-08-06T16:31:10.667Z</time>
			</trkpt>
			<trkpt lat="40.05718" lon="20.77028">
				<ele>895.05</ele>
				<time>2026-08-06T16:31:11.605Z</time>
			</trkpt>
			<trkpt lat="40.05724" lon="20.77043">
				<ele>896.76</ele>
				<time>2026-08-06T16:31:12.404Z</time>
			</trkpt>
			<trkpt lat="40.0573" lon="20.77064">
				<ele>898.68</ele>
				<time>2026-08-06T16:31:13.463Z</time>
			</trkpt>
			<trkpt lat="40.0574" lon="20.77135">
				<ele>902.94</ele>
				<time>2026-08-06T16:31:16.873Z</time>
			</trkpt>
			<trkpt lat="40.05751" lon="20.77179">
				<ele>900.23</ele>
				<time>2026-08-06T16:31:19.060Z</time>
			</trkpt>
			<trkpt lat="40.05758" lon="20.77219">
				<ele>900.2</ele>
				<time>2026-08-06T16:31:20.998Z</time>
			</trkpt>
			<trkpt lat="40.05762" lon="20.77242">
				<ele>900.01</ele>
				<time>2026-08-06T16:31:22.113Z</time>
			</trkpt>
			<trkpt lat="40.05762" lon="20.77263">
				<ele>901.26</ele>
				<time>2026-08-06T16:31:23.105Z</time>
			</trkpt>
			<trkpt lat="40.05754" lon="20.77333">
				<ele>902.09</ele>
				<time>2026-08-06T16:31:26.448Z</time>
			</trkpt>
			<trkpt lat="40.05732" lon="20.77451">
				<ele>910.44</ele>
				<time>2026-08-06T16:31:32.181Z</time>
			</trkpt>
			<trkpt lat="40.05712" lon="20.77511">
				<ele>911.65</ele>
				<time>2026-08-06T16:31:35.268Z</time>
			</trkpt>
			<trkpt lat="40.05703" lon="20.77527">
				<ele>913.47</ele>
				<time>2026-08-06T16:31:36.204Z</time>
			</trkpt>
			<trkpt lat="40.05692" lon="20.77537">
				<ele>917.72</ele>
				<time>2026-08-06T16:31:37.030Z</time>
			</trkpt>
			<trkpt lat="40.05684" lon="20.7755">
				<ele>921.2</ele>
				<time>2026-08-06T16:31:37.816Z</time>
			</trkpt>
			<trkpt lat="40.05683" lon="20.77561">
				<ele>923.48</ele>
				<time>2026-08-06T16:31:38.338Z</time>
			</trkpt>
			<trkpt lat="40.05685" lon="20.77571">
				<ele>924.81</ele>
				<time>2026-08-06T16:31:38.825Z</time>
			</trkpt>
			<trkpt lat="40.05694" lon="20.77583">
				<ele>925.02</ele>
				<time>2026-08-06T16:31:39.617Z</time>
			</trkpt>
			<trkpt lat="40.05704" lon="20.77605">
				<ele>925.66</ele>
				<time>2026-08-06T16:31:40.823Z</time>
			</trkpt>
			<trkpt lat="40.05706" lon="20.7764">
				<ele>929.79</ele>
				<time>2026-08-06T16:31:42.476Z</time>
			</trkpt>
			<trkpt lat="40.05716" lon="20.77664">
				<ele>925.22</ele>
				<time>2026-08-06T16:31:43.763Z</time>
			</trkpt>
			<trkpt lat="40.0572" lon="20.77677">
				<ele>923.21</ele>
				<time>2026-08-06T16:31:44.423Z</time>
			</trkpt>
			<trkpt lat="40.05724" lon="20.77703">
				<ele>921.2</ele>
				<time>2026-08-06T16:31:45.672Z</time>
			</trkpt>
			<trkpt lat="40.05724" lon="20.77719">
				<ele>921.73</ele>
				<time>2026-08-06T16:31:46.425Z</time>
			</trkpt>
			<trkpt lat="40.05718" lon="20.77773">
				<ele>922.98</ele>
				<time>2026-08-06T16:31:48.994Z</time>
			</trkpt>
			<trkpt lat="40.05711" lon="20.7781">
				<ele>923.52</ele>
				<time>2026-08-06T16:31:50.787Z</time>
			</trkpt>
			<trkpt lat="40.05697" lon="20.77843">
				<ele>929.29</ele>
				<time>2026-08-06T16:31:52.562Z</time>
			</trkpt>
			<trkpt lat="40.05683" lon="20.77871">
				<ele>935.46</ele>
				<time>2026-08-06T16:31:54.135Z</time>
			</trkpt>
			<trkpt lat="40.05686" lon="20.77921">
				<ele>930.26</ele>
				<time>2026-08-06T16:31:56.493Z</time>
			</trkpt>
			<trkpt lat="40.05687" lon="20.77938">
				<ele>930.14</ele>
				<time>2026-08-06T16:31:57.294Z</time>
			</trkpt>
			<trkpt lat="40.05684" lon="20.77952">
				<ele>930.64</ele>
				<time>2026-08-06T16:31:57.977Z</time>
			</trkpt>
			<trkpt lat="40.0568" lon="20.77965">
				<ele>931.65</ele>
				<time>2026-08-06T16:31:58.636Z</time>
			</trkpt>
			<trkpt lat="40.05671" lon="20.7798">
				<ele>933.09</ele>
				<time>2026-08-06T16:31:59.531Z</time>
			</trkpt>
			<trkpt lat="40.05662" lon="20.7799">
				<ele>933.49</ele>
				<time>2026-08-06T16:32:00.257Z</time>
			</trkpt>
			<trkpt lat="40.05636" lon="20.78009">
				<ele>933.76</ele>
				<time>2026-08-06T16:32:02.085Z</time>
			</trkpt>
			<trkpt lat="40.05625" lon="20.78013">
				<ele>935.53</ele>
				<time>2026-08-06T16:32:02.786Z</time>
			</trkpt>
			<trkpt lat="40.05614" lon="20.7802">
				<ele>936.54</ele>
				<time>2026-08-06T16:32:03.536Z</time>
			</trkpt>
			<trkpt lat="40.05603" lon="20.78029">
				<ele>937.17</ele>
				<time>2026-08-06T16:32:04.333Z</time>
			</trkpt>
			<trkpt lat="40.05599" lon="20.78038">
				<ele>937.19</ele>
				<time>2026-08-06T16:32:04.821Z</time>
			</trkpt>
			<trkpt lat="40.05595" lon="20.78052">
				<ele>936.51</ele>
				<time>2026-08-06T16:32:05.523Z</time>
			</trkpt>
			<trkpt lat="40.05597" lon="20.78065">
				<ele>936.02</ele>
				<time>2026-08-06T16:32:06.145Z</time>
			</trkpt>
			<trkpt lat="40.05599" lon="20.78077">
				<ele>935.81</ele>
				<time>2026-08-06T16:32:06.722Z</time>
			</trkpt>
			<trkpt lat="40.05614" lon="20.78119">
				<ele>933.66</ele>
				<time>2026-08-06T16:32:08.897Z</time>
			</trkpt>
			<trkpt lat="40.05615" lon="20.78133">
				<ele>933.68</ele>
				<time>2026-08-06T16:32:09.557Z</time>
			</trkpt>
			<trkpt lat="40.05614" lon="20.78139">
				<ele>934.07</ele>
				<time>2026-08-06T16:32:09.845Z</time>
			</trkpt>
			<trkpt lat="40.05606" lon="20.78157">
				<ele>935.05</ele>
				<time>2026-08-06T16:32:10.821Z</time>
			</trkpt>
			<trkpt lat="40.0558" lon="20.78184">
				<ele>935</ele>
				<time>2026-08-06T16:32:12.857Z</time>
			</trkpt>
			<trkpt lat="40.05568" lon="20.78199">
				<ele>936.42</ele>
				<time>2026-08-06T16:32:13.874Z</time>
			</trkpt>
			<trkpt lat="40.05545" lon="20.78242">
				<ele>940.52</ele>
				<time>2026-08-06T16:32:16.333Z</time>
			</trkpt>
			<trkpt lat="40.05535" lon="20.78264">
				<ele>944.86</ele>
				<time>2026-08-06T16:32:17.533Z</time>
			</trkpt>
			<trkpt lat="40.05535" lon="20.78287">
				<ele>946.37</ele>
				<time>2026-08-06T16:32:18.611Z</time>
			</trkpt>
			<trkpt lat="40.05542" lon="20.78297">
				<ele>945.31</ele>
				<time>2026-08-06T16:32:19.246Z</time>
			</trkpt>
			<trkpt lat="40.05561" lon="20.78302">
				<ele>941.17</ele>
				<time>2026-08-06T16:32:20.432Z</time>
			</trkpt>
			<trkpt lat="40.05583" lon="20.78302">
				<ele>938.81</ele>
				<time>2026-08-06T16:32:21.778Z</time>
			</trkpt>
			<trkpt lat="40.05593" lon="20.78306">
				<ele>938.97</ele>
				<time>2026-08-06T16:32:22.418Z</time>
			</trkpt>
			<trkpt lat="40.05598" lon="20.78309">
				<ele>938.77</ele>
				<time>2026-08-06T16:32:22.755Z</time>
			</trkpt>
			<trkpt lat="40.05603" lon="20.78325">
				<ele>937.75</ele>
				<time>2026-08-06T16:32:23.564Z</time>
			</trkpt>
			<trkpt lat="40.05602" lon="20.78333">
				<ele>937.22</ele>
				<time>2026-08-06T16:32:23.944Z</time>
			</trkpt>
			<trkpt lat="40.05599" lon="20.78341">
				<ele>936.49</ele>
				<time>2026-08-06T16:32:24.361Z</time>
			</trkpt>
			<trkpt lat="40.05589" lon="20.78351">
				<ele>935.85</ele>
				<time>2026-08-06T16:32:25.131Z</time>
			</trkpt>
			<trkpt lat="40.05556" lon="20.78371">
				<ele>937.16</ele>
				<time>2026-08-06T16:32:27.356Z</time>
			</trkpt>
			<trkpt lat="40.0554" lon="20.78383">
				<ele>940.89</ele>
				<time>2026-08-06T16:32:28.484Z</time>
			</trkpt>
			<trkpt lat="40.05518" lon="20.78405">
				<ele>945.61</ele>
				<time>2026-08-06T16:32:30.178Z</time>
			</trkpt>
			<trkpt lat="40.05509" lon="20.78418">
				<ele>947.03</ele>
				<time>2026-08-06T16:32:30.998Z</time>
			</trkpt>
			<trkpt lat="40.05506" lon="20.78434">
				<ele>946.7</ele>
				<time>2026-08-06T16:32:31.769Z</time>
			</trkpt>
			<trkpt lat="40.05508" lon="20.78464">
				<ele>944.69</ele>
				<time>2026-08-06T16:32:33.177Z</time>
			</trkpt>
			<trkpt lat="40.05516" lon="20.78488">
				<ele>943.48</ele>
				<time>2026-08-06T16:32:34.401Z</time>
			</trkpt>
			<trkpt lat="40.05524" lon="20.78501">
				<ele>941.99</ele>
				<time>2026-08-06T16:32:35.181Z</time>
			</trkpt>
			<trkpt lat="40.05537" lon="20.78513">
				<ele>940.9</ele>
				<time>2026-08-06T16:32:36.153Z</time>
			</trkpt>
			<trkpt lat="40.05555" lon="20.78527">
				<ele>939.95</ele>
				<time>2026-08-06T16:32:37.433Z</time>
			</trkpt>
			<trkpt lat="40.05569" lon="20.78534">
				<ele>940.3</ele>
				<time>2026-08-06T16:32:38.348Z</time>
			</trkpt>
			<trkpt lat="40.05603" lon="20.78534">
				<ele>940.43</ele>
				<time>2026-08-06T16:32:40.424Z</time>
			</trkpt>
			<trkpt lat="40.05611" lon="20.78537">
				<ele>940.98</ele>
				<time>2026-08-06T16:32:40.932Z</time>
			</trkpt>
			<trkpt lat="40.05618" lon="20.78541">
				<ele>941.27</ele>
				<time>2026-08-06T16:32:41.398Z</time>
			</trkpt>
			<trkpt lat="40.05626" lon="20.78553">
				<ele>942.7</ele>
				<time>2026-08-06T16:32:42.142Z</time>
			</trkpt>
			<trkpt lat="40.0563" lon="20.78567">
				<ele>943.79</ele>
				<time>2026-08-06T16:32:42.840Z</time>
			</trkpt>
			<trkpt lat="40.05633" lon="20.78582">
				<ele>944.54</ele>
				<time>2026-08-06T16:32:43.564Z</time>
			</trkpt>
			<trkpt lat="40.05631" lon="20.78779">
				<ele>951.37</ele>
				<time>2026-08-06T16:32:52.760Z</time>
			</trkpt>
			<trkpt lat="40.05629" lon="20.78809">
				<ele>953.76</ele>
				<time>2026-08-06T16:32:54.165Z</time>
			</trkpt>
			<trkpt lat="40.05627" lon="20.78825">
				<ele>954.41</ele>
				<time>2026-08-06T16:32:54.921Z</time>
			</trkpt>
			<trkpt lat="40.05622" lon="20.78839">
				<ele>955.14</ele>
				<time>2026-08-06T16:32:55.641Z</time>
			</trkpt>
			<trkpt lat="40.05589" lon="20.78878">
				<ele>960.43</ele>
				<time>2026-08-06T16:32:58.352Z</time>
			</trkpt>
			<trkpt lat="40.05584" lon="20.7889">
				<ele>960.8</ele>
				<time>2026-08-06T16:32:58.989Z</time>
			</trkpt>
			<trkpt lat="40.05581" lon="20.78902">
				<ele>960.9</ele>
				<time>2026-08-06T16:32:59.577Z</time>
			</trkpt>
			<trkpt lat="40.05578" lon="20.78972">
				<ele>959.24</ele>
				<time>2026-08-06T16:33:02.845Z</time>
			</trkpt>
			<trkpt lat="40.05572" lon="20.79028">
				<ele>965.46</ele>
				<time>2026-08-06T16:33:05.479Z</time>
			</trkpt>
			<trkpt lat="40.05575" lon="20.79047">
				<ele>967.38</ele>
				<time>2026-08-06T16:33:06.383Z</time>
			</trkpt>
			<trkpt lat="40.05584" lon="20.79066">
				<ele>968.65</ele>
				<time>2026-08-06T16:33:07.423Z</time>
			</trkpt>
			<trkpt lat="40.05605" lon="20.79093">
				<ele>971.95</ele>
				<time>2026-08-06T16:33:09.216Z</time>
			</trkpt>
			<trkpt lat="40.05617" lon="20.791">
				<ele>973.69</ele>
				<time>2026-08-06T16:33:10.015Z</time>
			</trkpt>
			<trkpt lat="40.0565" lon="20.79113">
				<ele>974.44</ele>
				<time>2026-08-06T16:33:12.111Z</time>
			</trkpt>
			<trkpt lat="40.05666" lon="20.79125">
				<ele>975.02</ele>
				<time>2026-08-06T16:33:13.233Z</time>
			</trkpt>
			<trkpt lat="40.05683" lon="20.79142">
				<ele>975.85</ele>
				<time>2026-08-06T16:33:14.534Z</time>
			</trkpt>
			<trkpt lat="40.05709" lon="20.79178">
				<ele>976.83</ele>
				<time>2026-08-06T16:33:16.837Z</time>
			</trkpt>
			<trkpt lat="40.05738" lon="20.79217">
				<ele>986.53</ele>
				<time>2026-08-06T16:33:19.366Z</time>
			</trkpt>
			<trkpt lat="40.0577" lon="20.79251">
				<ele>992.49</ele>
				<time>2026-08-06T16:33:21.872Z</time>
			</trkpt>
			<trkpt lat="40.05814" lon="20.79293">
				<ele>1001.27</ele>
				<time>2026-08-06T16:33:25.181Z</time>
			</trkpt>
			<trkpt lat="40.05834" lon="20.79309">
				<ele>1002.55</ele>
				<time>2026-08-06T16:33:26.605Z</time>
			</trkpt>
			<trkpt lat="40.05864" lon="20.79329">
				<ele>1002.37</ele>
				<time>2026-08-06T16:33:28.649Z</time>
			</trkpt>
			<trkpt lat="40.05874" lon="20.79332">
				<ele>1003.2</ele>
				<time>2026-08-06T16:33:29.272Z</time>
			</trkpt>
			<trkpt lat="40.05884" lon="20.7933">
				<ele>1002.37</ele>
				<time>2026-08-06T16:33:29.886Z</time>
			</trkpt>
			<trkpt lat="40.05888" lon="20.79328">
				<ele>1001.42</ele>
				<time>2026-08-06T16:33:30.146Z</time>
			</trkpt>
			<trkpt lat="40.05928" lon="20.79284">
				<ele>1000.01</ele>
				<time>2026-08-06T16:33:33.318Z</time>
			</trkpt>
			<trkpt lat="40.05944" lon="20.79271">
				<ele>1000.33</ele>
				<time>2026-08-06T16:33:34.461Z</time>
			</trkpt>
			<trkpt lat="40.05954" lon="20.79266">
				<ele>1000.21</ele>
				<time>2026-08-06T16:33:35.111Z</time>
			</trkpt>
			<trkpt lat="40.06005" lon="20.79248">
				<ele>1003.82</ele>
				<time>2026-08-06T16:33:38.314Z</time>
			</trkpt>
			<trkpt lat="40.06022" lon="20.79245">
				<ele>1004.03</ele>
				<time>2026-08-06T16:33:39.354Z</time>
			</trkpt>
			<trkpt lat="40.06034" lon="20.79246">
				<ele>1004.55</ele>
				<time>2026-08-06T16:33:40.083Z</time>
			</trkpt>
			<trkpt lat="40.06051" lon="20.79251">
				<ele>1005.86</ele>
				<time>2026-08-06T16:33:41.140Z</time>
			</trkpt>
			<trkpt lat="40.06065" lon="20.79258">
				<ele>1008.6</ele>
				<time>2026-08-06T16:33:42.048Z</time>
			</trkpt>
			<trkpt lat="40.06102" lon="20.79284">
				<ele>1010.07</ele>
				<time>2026-08-06T16:33:44.594Z</time>
			</trkpt>
			<trkpt lat="40.0613" lon="20.79311">
				<ele>1009.86</ele>
				<time>2026-08-06T16:33:46.702Z</time>
			</trkpt>
			<trkpt lat="40.06165" lon="20.79356">
				<ele>1015.9</ele>
				<time>2026-08-06T16:33:49.677Z</time>
			</trkpt>
			<trkpt lat="40.06179" lon="20.79367">
				<ele>1021.93</ele>
				<time>2026-08-06T16:33:50.666Z</time>
			</trkpt>
			<trkpt lat="40.06199" lon="20.79371">
				<ele>1026.15</ele>
				<time>2026-08-06T16:33:51.891Z</time>
			</trkpt>
			<trkpt lat="40.06237" lon="20.79371">
				<ele>1023.91</ele>
				<time>2026-08-06T16:33:54.192Z</time>
			</trkpt>
			<trkpt lat="40.06337" lon="20.7936">
				<ele>1029.93</ele>
				<time>2026-08-06T16:34:00.265Z</time>
			</trkpt>
			<trkpt lat="40.06365" lon="20.79369">
				<ele>1036.58</ele>
				<time>2026-08-06T16:34:02.009Z</time>
			</trkpt>
			<trkpt lat="40.06376" lon="20.79377">
				<ele>1037.95</ele>
				<time>2026-08-06T16:34:02.771Z</time>
			</trkpt>
			<trkpt lat="40.06387" lon="20.7939">
				<ele>1043.54</ele>
				<time>2026-08-06T16:34:03.668Z</time>
			</trkpt>
			<trkpt lat="40.06397" lon="20.79409">
				<ele>1050.74</ele>
				<time>2026-08-06T16:34:04.735Z</time>
			</trkpt>
			<trkpt lat="40.06411" lon="20.79443">
				<ele>1052.37</ele>
				<time>2026-08-06T16:34:06.522Z</time>
			</trkpt>
			<trkpt lat="40.06456" lon="20.79526">
				<ele>1046.06</ele>
				<time>2026-08-06T16:34:11.228Z</time>
			</trkpt>
			<trkpt lat="40.06465" lon="20.79547">
				<ele>1048.1</ele>
				<time>2026-08-06T16:34:12.341Z</time>
			</trkpt>
			<trkpt lat="40.06471" lon="20.79575">
				<ele>1053.68</ele>
				<time>2026-08-06T16:34:13.686Z</time>
			</trkpt>
			<trkpt lat="40.0647" lon="20.79648">
				<ele>1056.63</ele>
				<time>2026-08-06T16:34:17.062Z</time>
			</trkpt>
			<trkpt lat="40.06475" lon="20.79677">
				<ele>1049.95</ele>
				<time>2026-08-06T16:34:18.436Z</time>
			</trkpt>
			<trkpt lat="40.06472" lon="20.79695">
				<ele>1049.54</ele>
				<time>2026-08-06T16:34:19.288Z</time>
			</trkpt>
			<trkpt lat="40.06461" lon="20.79714">
				<ele>1057.96</ele>
				<time>2026-08-06T16:34:20.389Z</time>
			</trkpt>
			<trkpt lat="40.06446" lon="20.79732">
				<ele>1071.92</ele>
				<time>2026-08-06T16:34:21.619Z</time>
			</trkpt>
			<trkpt lat="40.06418" lon="20.79806">
				<ele>1083.03</ele>
				<time>2026-08-06T16:34:25.433Z</time>
			</trkpt>
			<trkpt lat="40.0641" lon="20.79839">
				<ele>1090.22</ele>
				<time>2026-08-06T16:34:27.032Z</time>
			</trkpt>
			<trkpt lat="40.06408" lon="20.79867">
				<ele>1093.44</ele>
				<time>2026-08-06T16:34:28.331Z</time>
			</trkpt>
			<trkpt lat="40.06413" lon="20.79893">
				<ele>1086.55</ele>
				<time>2026-08-06T16:34:29.569Z</time>
			</trkpt>
			<trkpt lat="40.06425" lon="20.79917">
				<ele>1077.17</ele>
				<time>2026-08-06T16:34:30.893Z</time>
			</trkpt>
			<trkpt lat="40.06432" lon="20.79949">
				<ele>1074.66</ele>
				<time>2026-08-06T16:34:32.430Z</time>
			</trkpt>
			<trkpt lat="40.06436" lon="20.7998">
				<ele>1075.41</ele>
				<time>2026-08-06T16:34:33.881Z</time>
			</trkpt>
			<trkpt lat="40.06436" lon="20.80006">
				<ele>1074.71</ele>
				<time>2026-08-06T16:34:35.082Z</time>
			</trkpt>
			<trkpt lat="40.06434" lon="20.80024">
				<ele>1074</ele>
				<time>2026-08-06T16:34:35.921Z</time>
			</trkpt>
			<trkpt lat="40.0641" lon="20.801">
				<ele>1086.86</ele>
				<time>2026-08-06T16:34:39.716Z</time>
			</trkpt>
			<trkpt lat="40.06409" lon="20.80113">
				<ele>1088.51</ele>
				<time>2026-08-06T16:34:40.319Z</time>
			</trkpt>
			<trkpt lat="40.06409" lon="20.8013">
				<ele>1088.75</ele>
				<time>2026-08-06T16:34:41.103Z</time>
			</trkpt>
			<trkpt lat="40.06434" lon="20.80215">
				<ele>1093.81</ele>
				<time>2026-08-06T16:34:45.304Z</time>
			</trkpt>
			<trkpt lat="40.06435" lon="20.80225">
				<ele>1094.62</ele>
				<time>2026-08-06T16:34:45.769Z</time>
			</trkpt>
			<trkpt lat="40.06432" lon="20.80238">
				<ele>1096.12</ele>
				<time>2026-08-06T16:34:46.396Z</time>
			</trkpt>
			<trkpt lat="40.06425" lon="20.80261">
				<ele>1099.75</ele>
				<time>2026-08-06T16:34:47.537Z</time>
			</trkpt>
			<trkpt lat="40.06418" lon="20.80305">
				<ele>1100.99</ele>
				<time>2026-08-06T16:34:49.610Z</time>
			</trkpt>
			<trkpt lat="40.06406" lon="20.80334">
				<ele>1107.57</ele>
				<time>2026-08-06T16:34:51.130Z</time>
			</trkpt>
			<trkpt lat="40.06404" lon="20.80378">
				<ele>1101.01</ele>
				<time>2026-08-06T16:34:53.162Z</time>
			</trkpt>
			<trkpt lat="40.06401" lon="20.80395">
				<ele>1100.26</ele>
				<time>2026-08-06T16:34:53.966Z</time>
			</trkpt>
			<trkpt lat="40.06387" lon="20.80423">
				<ele>1103.79</ele>
				<time>2026-08-06T16:34:55.508Z</time>
			</trkpt>
			<trkpt lat="40.0637" lon="20.80441">
				<ele>1106.03</ele>
				<time>2026-08-06T16:34:56.826Z</time>
			</trkpt>
			<trkpt lat="40.06358" lon="20.80442">
				<ele>1109.15</ele>
				<time>2026-08-06T16:34:57.550Z</time>
			</trkpt>
			<trkpt lat="40.06328" lon="20.80435">
				<ele>1120.79</ele>
				<time>2026-08-06T16:34:59.385Z</time>
			</trkpt>
			<trkpt lat="40.06304" lon="20.80434">
				<ele>1129.26</ele>
				<time>2026-08-06T16:35:00.830Z</time>
			</trkpt>
			<trkpt lat="40.06291" lon="20.80441">
				<ele>1132.69</ele>
				<time>2026-08-06T16:35:01.677Z</time>
			</trkpt>
			<trkpt lat="40.06279" lon="20.80451">
				<ele>1136.01</ele>
				<time>2026-08-06T16:35:02.534Z</time>
			</trkpt>
			<trkpt lat="40.06263" lon="20.80466">
				<ele>1143.02</ele>
				<time>2026-08-06T16:35:03.719Z</time>
			</trkpt>
			<trkpt lat="40.06252" lon="20.80478">
				<ele>1147.69</ele>
				<time>2026-08-06T16:35:04.582Z</time>
			</trkpt>
			<trkpt lat="40.06249" lon="20.80488">
				<ele>1148.81</ele>
				<time>2026-08-06T16:35:05.076Z</time>
			</trkpt>
			<trkpt lat="40.06248" lon="20.80502">
				<ele>1147.26</ele>
				<time>2026-08-06T16:35:05.724Z</time>
			</trkpt>
			<trkpt lat="40.06249" lon="20.80517">
				<ele>1143.69</ele>
				<time>2026-08-06T16:35:06.418Z</time>
			</trkpt>
			<trkpt lat="40.06262" lon="20.80568">
				<ele>1127.69</ele>
				<time>2026-08-06T16:35:08.893Z</time>
			</trkpt>
			<trkpt lat="40.06262" lon="20.8058">
				<ele>1127.81</ele>
				<time>2026-08-06T16:35:09.446Z</time>
			</trkpt>
			<trkpt lat="40.06257" lon="20.80594">
				<ele>1132.12</ele>
				<time>2026-08-06T16:35:10.158Z</time>
			</trkpt>
			<trkpt lat="40.06233" lon="20.80622">
				<ele>1155.82</ele>
				<time>2026-08-06T16:35:12.093Z</time>
			</trkpt>
			<trkpt lat="40.06226" lon="20.80635">
				<ele>1161.6</ele>
				<time>2026-08-06T16:35:12.825Z</time>
			</trkpt>
			<trkpt lat="40.06224" lon="20.80652">
				<ele>1161.81</ele>
				<time>2026-08-06T16:35:13.617Z</time>
			</trkpt>
			<trkpt lat="40.0623" lon="20.80712">
				<ele>1141.09</ele>
				<time>2026-08-06T16:35:16.403Z</time>
			</trkpt>
			<trkpt lat="40.06237" lon="20.80749">
				<ele>1132.25</ele>
				<time>2026-08-06T16:35:18.157Z</time>
			</trkpt>
			<trkpt lat="40.06234" lon="20.80762">
				<ele>1132.44</ele>
				<time>2026-08-06T16:35:18.782Z</time>
			</trkpt>
			<trkpt lat="40.0622" lon="20.80784">
				<ele>1137.97</ele>
				<time>2026-08-06T16:35:20.099Z</time>
			</trkpt>
			<trkpt lat="40.06194" lon="20.80816">
				<ele>1147.77</ele>
				<time>2026-08-06T16:35:22.247Z</time>
			</trkpt>
			<trkpt lat="40.06151" lon="20.80875">
				<ele>1182.17</ele>
				<time>2026-08-06T16:35:25.995Z</time>
			</trkpt>
			<trkpt lat="40.06146" lon="20.80885">
				<ele>1185.53</ele>
				<time>2026-08-06T16:35:26.545Z</time>
			</trkpt>
			<trkpt lat="40.06147" lon="20.80896">
				<ele>1186.42</ele>
				<time>2026-08-06T16:35:27.054Z</time>
			</trkpt>
			<trkpt lat="40.06152" lon="20.80904">
				<ele>1185.84</ele>
				<time>2026-08-06T16:35:27.529Z</time>
			</trkpt>
			<trkpt lat="40.06181" lon="20.8092">
				<ele>1176.26</ele>
				<time>2026-08-06T16:35:29.421Z</time>
			</trkpt>
			<trkpt lat="40.0619" lon="20.80931">
				<ele>1175.21</ele>
				<time>2026-08-06T16:35:30.162Z</time>
			</trkpt>
			<trkpt lat="40.06194" lon="20.80944">
				<ele>1178.74</ele>
				<time>2026-08-06T16:35:30.807Z</time>
			</trkpt>
			<trkpt lat="40.06198" lon="20.80976">
				<ele>1179.69</ele>
				<time>2026-08-06T16:35:32.298Z</time>
			</trkpt>
			<trkpt lat="40.06198" lon="20.81013">
				<ele>1170.41</ele>
				<time>2026-08-06T16:35:33.999Z</time>
			</trkpt>
			<trkpt lat="40.06195" lon="20.81031">
				<ele>1168.77</ele>
				<time>2026-08-06T16:35:34.847Z</time>
			</trkpt>
			<trkpt lat="40.06186" lon="20.81055">
				<ele>1177.26</ele>
				<time>2026-08-06T16:35:36.076Z</time>
			</trkpt>
			<trkpt lat="40.06166" lon="20.81084">
				<ele>1193.93</ele>
				<time>2026-08-06T16:35:37.871Z</time>
			</trkpt>
			<trkpt lat="40.0616" lon="20.81098">
				<ele>1201.36</ele>
				<time>2026-08-06T16:35:38.608Z</time>
			</trkpt>
			<trkpt lat="40.06159" lon="20.81112">
				<ele>1204.32</ele>
				<time>2026-08-06T16:35:39.255Z</time>
			</trkpt>
			<trkpt lat="40.06163" lon="20.81126">
				<ele>1203.45</ele>
				<time>2026-08-06T16:35:39.942Z</time>
			</trkpt>
			<trkpt lat="40.06172" lon="20.81144">
				<ele>1199.69</ele>
				<time>2026-08-06T16:35:40.930Z</time>
			</trkpt>
			<trkpt lat="40.06178" lon="20.81159">
				<ele>1197.64</ele>
				<time>2026-08-06T16:35:41.708Z</time>
			</trkpt>
			<trkpt lat="40.06181" lon="20.81174">
				<ele>1198.24</ele>
				<time>2026-08-06T16:35:42.421Z</time>
			</trkpt>
			<trkpt lat="40.06178" lon="20.81188">
				<ele>1202.99</ele>
				<time>2026-08-06T16:35:43.089Z</time>
			</trkpt>
			<trkpt lat="40.06158" lon="20.81231">
				<ele>1227.38</ele>
				<time>2026-08-06T16:35:45.402Z</time>
			</trkpt>
			<trkpt lat="40.06157" lon="20.81246">
				<ele>1233.42</ele>
				<time>2026-08-06T16:35:46.094Z</time>
			</trkpt>
			<trkpt lat="40.06161" lon="20.81259">
				<ele>1233.14</ele>
				<time>2026-08-06T16:35:46.738Z</time>
			</trkpt>
			<trkpt lat="40.06169" lon="20.8127">
				<ele>1227.85</ele>
				<time>2026-08-06T16:35:47.435Z</time>
			</trkpt>
			<trkpt lat="40.06181" lon="20.8128">
				<ele>1214.05</ele>
				<time>2026-08-06T16:35:48.290Z</time>
			</trkpt>
			<trkpt lat="40.06195" lon="20.81302">
				<ele>1201.38</ele>
				<time>2026-08-06T16:35:49.605Z</time>
			</trkpt>
			<trkpt lat="40.062" lon="20.81314">
				<ele>1201.25</ele>
				<time>2026-08-06T16:35:50.233Z</time>
			</trkpt>
			<trkpt lat="40.06201" lon="20.81331">
				<ele>1201.75</ele>
				<time>2026-08-06T16:35:51.016Z</time>
			</trkpt>
			<trkpt lat="40.06198" lon="20.81344">
				<ele>1202.17</ele>
				<time>2026-08-06T16:35:51.640Z</time>
			</trkpt>
			<trkpt lat="40.06184" lon="20.81376">
				<ele>1208.53</ele>
				<time>2026-08-06T16:35:53.334Z</time>
			</trkpt>
			<trkpt lat="40.06175" lon="20.81392">
				<ele>1211.83</ele>
				<time>2026-08-06T16:35:54.246Z</time>
			</trkpt>
			<trkpt lat="40.06145" lon="20.81431">
				<ele>1217.56</ele>
				<time>2026-08-06T16:35:56.786Z</time>
			</trkpt>
			<trkpt lat="40.06125" lon="20.81459">
				<ele>1211.15</ele>
				<time>2026-08-06T16:35:58.546Z</time>
			</trkpt>
			<trkpt lat="40.06115" lon="20.81468">
				<ele>1209.11</ele>
				<time>2026-08-06T16:35:59.274Z</time>
			</trkpt>
			<trkpt lat="40.06105" lon="20.8147">
				<ele>1210.6</ele>
				<time>2026-08-06T16:35:59.882Z</time>
			</trkpt>
			<trkpt lat="40.06092" lon="20.81468">
				<ele>1216.52</ele>
				<time>2026-08-06T16:36:00.667Z</time>
			</trkpt>
			<trkpt lat="40.06075" lon="20.8146">
				<ele>1222.32</ele>
				<time>2026-08-06T16:36:01.751Z</time>
			</trkpt>
			<trkpt lat="40.06035" lon="20.81432">
				<ele>1227.96</ele>
				<time>2026-08-06T16:36:04.475Z</time>
			</trkpt>
			<trkpt lat="40.06027" lon="20.81423">
				<ele>1229.17</ele>
				<time>2026-08-06T16:36:05.108Z</time>
			</trkpt>
			<trkpt lat="40.06013" lon="20.81399">
				<ele>1238.9</ele>
				<time>2026-08-06T16:36:06.494Z</time>
			</trkpt>
			<trkpt lat="40.06004" lon="20.81389">
				<ele>1244.07</ele>
				<time>2026-08-06T16:36:07.203Z</time>
			</trkpt>
			<trkpt lat="40.05994" lon="20.81382">
				<ele>1247.51</ele>
				<time>2026-08-06T16:36:07.883Z</time>
			</trkpt>
			<trkpt lat="40.05981" lon="20.81377">
				<ele>1249.89</ele>
				<time>2026-08-06T16:36:08.696Z</time>
			</trkpt>
			<trkpt lat="40.0593" lon="20.81386">
				<ele>1251.52</ele>
				<time>2026-08-06T16:36:11.784Z</time>
			</trkpt>
			<trkpt lat="40.05917" lon="20.81386">
				<ele>1252.25</ele>
				<time>2026-08-06T16:36:12.564Z</time>
			</trkpt>
			<trkpt lat="40.05896" lon="20.81381">
				<ele>1256.85</ele>
				<time>2026-08-06T16:36:13.844Z</time>
			</trkpt>
			<trkpt lat="40.05883" lon="20.81382">
				<ele>1260.33</ele>
				<time>2026-08-06T16:36:14.625Z</time>
			</trkpt>
			<trkpt lat="40.05875" lon="20.81386">
				<ele>1263.1</ele>
				<time>2026-08-06T16:36:15.139Z</time>
			</trkpt>
			<trkpt lat="40.05871" lon="20.81391">
				<ele>1264.07</ele>
				<time>2026-08-06T16:36:15.471Z</time>
			</trkpt>
			<trkpt lat="40.0585" lon="20.8142">
				<ele>1261.56</ele>
				<time>2026-08-06T16:36:17.304Z</time>
			</trkpt>
			<trkpt lat="40.05842" lon="20.81429">
				<ele>1259.72</ele>
				<time>2026-08-06T16:36:17.937Z</time>
			</trkpt>
			<trkpt lat="40.05832" lon="20.81433">
				<ele>1260.17</ele>
				<time>2026-08-06T16:36:18.564Z</time>
			</trkpt>
			<trkpt lat="40.05822" lon="20.81432">
				<ele>1262.34</ele>
				<time>2026-08-06T16:36:19.166Z</time>
			</trkpt>
			<trkpt lat="40.0581" lon="20.81425">
				<ele>1267.28</ele>
				<time>2026-08-06T16:36:19.954Z</time>
			</trkpt>
			<trkpt lat="40.05801" lon="20.81418">
				<ele>1270.84</ele>
				<time>2026-08-06T16:36:20.582Z</time>
			</trkpt>
			<trkpt lat="40.0577" lon="20.81383">
				<ele>1280.26</ele>
				<time>2026-08-06T16:36:23.039Z</time>
			</trkpt>
			<trkpt lat="40.05742" lon="20.8136">
				<ele>1287.11</ele>
				<time>2026-08-06T16:36:25.023Z</time>
			</trkpt>
			<trkpt lat="40.05725" lon="20.81353">
				<ele>1290.93</ele>
				<time>2026-08-06T16:36:26.091Z</time>
			</trkpt>
			<trkpt lat="40.0571" lon="20.81352">
				<ele>1293.75</ele>
				<time>2026-08-06T16:36:26.992Z</time>
			</trkpt>
			<trkpt lat="40.057" lon="20.81358">
				<ele>1293.18</ele>
				<time>2026-08-06T16:36:27.652Z</time>
			</trkpt>
			<trkpt lat="40.0569" lon="20.81374">
				<ele>1290.08</ele>
				<time>2026-08-06T16:36:28.600Z</time>
			</trkpt>
			<trkpt lat="40.05686" lon="20.81395">
				<ele>1285.63</ele>
				<time>2026-08-06T16:36:29.593Z</time>
			</trkpt>
			<trkpt lat="40.05682" lon="20.81456">
				<ele>1281.75</ele>
				<time>2026-08-06T16:36:32.403Z</time>
			</trkpt>
			<trkpt lat="40.05676" lon="20.81471">
				<ele>1281.2</ele>
				<time>2026-08-06T16:36:33.179Z</time>
			</trkpt>
			<trkpt lat="40.05666" lon="20.8148">
				<ele>1282.27</ele>
				<time>2026-08-06T16:36:33.907Z</time>
			</trkpt>
			<trkpt lat="40.05656" lon="20.8148">
				<ele>1282.8</ele>
				<time>2026-08-06T16:36:34.507Z</time>
			</trkpt>
			<trkpt lat="40.05647" lon="20.81476">
				<ele>1284.45</ele>
				<time>2026-08-06T16:36:35.077Z</time>
			</trkpt>
			<trkpt lat="40.05625" lon="20.81447">
				<ele>1295.32</ele>
				<time>2026-08-06T16:36:36.950Z</time>
			</trkpt>
			<trkpt lat="40.05619" lon="20.81442">
				<ele>1298.03</ele>
				<time>2026-08-06T16:36:37.377Z</time>
			</trkpt>
			<trkpt lat="40.05587" lon="20.81429">
				<ele>1304.93</ele>
				<time>2026-08-06T16:36:39.386Z</time>
			</trkpt>
			<trkpt lat="40.05563" lon="20.81417">
				<ele>1309.27</ele>
				<time>2026-08-06T16:36:40.926Z</time>
			</trkpt>
			<trkpt lat="40.05543" lon="20.81412">
				<ele>1313.03</ele>
				<time>2026-08-06T16:36:42.147Z</time>
			</trkpt>
			<trkpt lat="40.05516" lon="20.81407">
				<ele>1320.02</ele>
				<time>2026-08-06T16:36:43.781Z</time>
			</trkpt>
			<trkpt lat="40.05502" lon="20.81409">
				<ele>1323.63</ele>
				<time>2026-08-06T16:36:44.625Z</time>
			</trkpt>
			<trkpt lat="40.05493" lon="20.81414">
				<ele>1324.36</ele>
				<time>2026-08-06T16:36:45.212Z</time>
			</trkpt>
			<trkpt lat="40.05489" lon="20.81421">
				<ele>1322.85</ele>
				<time>2026-08-06T16:36:45.612Z</time>
			</trkpt>
			<trkpt lat="40.05487" lon="20.81431">
				<ele>1319.58</ele>
				<time>2026-08-06T16:36:46.087Z</time>
			</trkpt>
			<trkpt lat="40.05489" lon="20.81447">
				<ele>1312.55</ele>
				<time>2026-08-06T16:36:46.830Z</time>
			</trkpt>
			<trkpt lat="40.05497" lon="20.81471">
				<ele>1304.25</ele>
				<time>2026-08-06T16:36:48.031Z</time>
			</trkpt>
			<trkpt lat="40.05522" lon="20.8152">
				<ele>1306.7</ele>
				<time>2026-08-06T16:36:50.733Z</time>
			</trkpt>
			<trkpt lat="40.05525" lon="20.81535">
				<ele>1307.55</ele>
				<time>2026-08-06T16:36:51.444Z</time>
			</trkpt>
			<trkpt lat="40.05525" lon="20.81578">
				<ele>1311.6</ele>
				<time>2026-08-06T16:36:53.416Z</time>
			</trkpt>
			<trkpt lat="40.05528" lon="20.81601">
				<ele>1315.58</ele>
				<time>2026-08-06T16:36:54.487Z</time>
			</trkpt>
			<trkpt lat="40.05539" lon="20.81637">
				<ele>1318.35</ele>
				<time>2026-08-06T16:36:56.265Z</time>
			</trkpt>
			<trkpt lat="40.05557" lon="20.81681">
				<ele>1313.29</ele>
				<time>2026-08-06T16:36:58.553Z</time>
			</trkpt>
			<trkpt lat="40.05584" lon="20.81721">
				<ele>1312.47</ele>
				<time>2026-08-06T16:37:00.999Z</time>
			</trkpt>
			<trkpt lat="40.05601" lon="20.8174">
				<ele>1311.85</ele>
				<time>2026-08-06T16:37:02.340Z</time>
			</trkpt>
			<trkpt lat="40.05611" lon="20.81749">
				<ele>1312.23</ele>
				<time>2026-08-06T16:37:03.068Z</time>
			</trkpt>
			<trkpt lat="40.05701" lon="20.81779">
				<ele>1310.64</ele>
				<time>2026-08-06T16:37:08.633Z</time>
			</trkpt>
			<trkpt lat="40.05712" lon="20.81786">
				<ele>1309.78</ele>
				<time>2026-08-06T16:37:09.366Z</time>
			</trkpt>
			<trkpt lat="40.05719" lon="20.81793">
				<ele>1309.28</ele>
				<time>2026-08-06T16:37:09.895Z</time>
			</trkpt>
			<trkpt lat="40.05751" lon="20.81844">
				<ele>1307.87</ele>
				<time>2026-08-06T16:37:12.919Z</time>
			</trkpt>
			<trkpt lat="40.05759" lon="20.81861">
				<ele>1307.51</ele>
				<time>2026-08-06T16:37:13.834Z</time>
			</trkpt>
			<trkpt lat="40.05763" lon="20.81878">
				<ele>1306.88</ele>
				<time>2026-08-06T16:37:14.650Z</time>
			</trkpt>
			<trkpt lat="40.05765" lon="20.81903">
				<ele>1303.58</ele>
				<time>2026-08-06T16:37:15.803Z</time>
			</trkpt>
			<trkpt lat="40.05768" lon="20.81913">
				<ele>1303.69</ele>
				<time>2026-08-06T16:37:16.295Z</time>
			</trkpt>
			<trkpt lat="40.05772" lon="20.81919">
				<ele>1305.28</ele>
				<time>2026-08-06T16:37:16.660Z</time>
			</trkpt>
			<trkpt lat="40.05797" lon="20.8194">
				<ele>1309.49</ele>
				<time>2026-08-06T16:37:18.441Z</time>
			</trkpt>
			<trkpt lat="40.05802" lon="20.81948">
				<ele>1309.55</ele>
				<time>2026-08-06T16:37:18.915Z</time>
			</trkpt>
			<trkpt lat="40.05804" lon="20.81959">
				<ele>1308.66</ele>
				<time>2026-08-06T16:37:19.433Z</time>
			</trkpt>
			<trkpt lat="40.05802" lon="20.81995">
				<ele>1302.21</ele>
				<time>2026-08-06T16:37:21.089Z</time>
			</trkpt>
			<trkpt lat="40.05804" lon="20.82006">
				<ele>1300.85</ele>
				<time>2026-08-06T16:37:21.607Z</time>
			</trkpt>
			<trkpt lat="40.0581" lon="20.82015">
				<ele>1300.43</ele>
				<time>2026-08-06T16:37:22.154Z</time>
			</trkpt>
			<trkpt lat="40.0586" lon="20.82065">
				<ele>1306</ele>
				<time>2026-08-06T16:37:25.927Z</time>
			</trkpt>
			<trkpt lat="40.05866" lon="20.82076">
				<ele>1306.37</ele>
				<time>2026-08-06T16:37:26.547Z</time>
			</trkpt>
			<trkpt lat="40.05867" lon="20.82087">
				<ele>1305.67</ele>
				<time>2026-08-06T16:37:27.055Z</time>
			</trkpt>
			<trkpt lat="40.05862" lon="20.82113">
				<ele>1304.06</ele>
				<time>2026-08-06T16:37:28.284Z</time>
			</trkpt>
			<trkpt lat="40.05857" lon="20.82125">
				<ele>1302.55</ele>
				<time>2026-08-06T16:37:28.911Z</time>
			</trkpt>
			<trkpt lat="40.05851" lon="20.82136">
				<ele>1299.37</ele>
				<time>2026-08-06T16:37:29.530Z</time>
			</trkpt>
			<trkpt lat="40.05842" lon="20.82146">
				<ele>1296.13</ele>
				<time>2026-08-06T16:37:30.238Z</time>
			</trkpt>
			<trkpt lat="40.05815" lon="20.82165">
				<ele>1285.09</ele>
				<time>2026-08-06T16:37:32.075Z</time>
			</trkpt>
			<trkpt lat="40.05787" lon="20.82198">
				<ele>1294.35</ele>
				<time>2026-08-06T16:37:34.335Z</time>
			</trkpt>
			<trkpt lat="40.05771" lon="20.82207">
				<ele>1294.44</ele>
				<time>2026-08-06T16:37:35.379Z</time>
			</trkpt>
			<trkpt lat="40.05739" lon="20.8221">
				<ele>1278.13</ele>
				<time>2026-08-06T16:37:37.301Z</time>
			</trkpt>
			<trkpt lat="40.05728" lon="20.82213">
				<ele>1274.68</ele>
				<time>2026-08-06T16:37:37.974Z</time>
			</trkpt>
			<trkpt lat="40.05715" lon="20.82219">
				<ele>1272.6</ele>
				<time>2026-08-06T16:37:38.801Z</time>
			</trkpt>
			<trkpt lat="40.05702" lon="20.82229">
				<ele>1271.32</ele>
				<time>2026-08-06T16:37:39.705Z</time>
			</trkpt>
			<trkpt lat="40.05655" lon="20.8227">
				<ele>1269.28</ele>
				<time>2026-08-06T16:37:43.091Z</time>
			</trkpt>
			<trkpt lat="40.05624" lon="20.82303">
				<ele>1270.89</ele>
				<time>2026-08-06T16:37:45.487Z</time>
			</trkpt>
			<trkpt lat="40.0562" lon="20.82313">
				<ele>1270.26</ele>
				<time>2026-08-06T16:37:46.005Z</time>
			</trkpt>
			<trkpt lat="40.05619" lon="20.82325">
				<ele>1270.19</ele>
				<time>2026-08-06T16:37:46.558Z</time>
			</trkpt>
			<trkpt lat="40.05624" lon="20.82335">
				<ele>1271.23</ele>
				<time>2026-08-06T16:37:47.106Z</time>
			</trkpt>
			<trkpt lat="40.0564" lon="20.82349">
				<ele>1275.51</ele>
				<time>2026-08-06T16:37:48.260Z</time>
			</trkpt>
			<trkpt lat="40.05644" lon="20.82355">
				<ele>1276.78</ele>
				<time>2026-08-06T16:37:48.625Z</time>
			</trkpt>
			<trkpt lat="40.05647" lon="20.82372">
				<ele>1278</ele>
				<time>2026-08-06T16:37:49.425Z</time>
			</trkpt>
			<trkpt lat="40.05644" lon="20.82387">
				<ele>1276.75</ele>
				<time>2026-08-06T16:37:50.137Z</time>
			</trkpt>
			<trkpt lat="40.05617" lon="20.82435">
				<ele>1268.33</ele>
				<time>2026-08-06T16:37:52.869Z</time>
			</trkpt>
			<trkpt lat="40.05605" lon="20.82449">
				<ele>1267.72</ele>
				<time>2026-08-06T16:37:53.833Z</time>
			</trkpt>
			<trkpt lat="40.05588" lon="20.82462">
				<ele>1268.11</ele>
				<time>2026-08-06T16:37:55.014Z</time>
			</trkpt>
			<trkpt lat="40.05552" lon="20.8248">
				<ele>1258.97</ele>
				<time>2026-08-06T16:37:57.324Z</time>
			</trkpt>
			<trkpt lat="40.05536" lon="20.82493">
				<ele>1256.72</ele>
				<time>2026-08-06T16:37:58.453Z</time>
			</trkpt>
			<trkpt lat="40.05529" lon="20.82506">
				<ele>1256.14</ele>
				<time>2026-08-06T16:37:59.182Z</time>
			</trkpt>
			<trkpt lat="40.05529" lon="20.82516">
				<ele>1255.61</ele>
				<time>2026-08-06T16:37:59.641Z</time>
			</trkpt>
			<trkpt lat="40.05531" lon="20.82525">
				<ele>1255.45</ele>
				<time>2026-08-06T16:38:00.071Z</time>
			</trkpt>
			<trkpt lat="40.05537" lon="20.82535">
				<ele>1253.88</ele>
				<time>2026-08-06T16:38:00.654Z</time>
			</trkpt>
			<trkpt lat="40.05546" lon="20.8254">
				<ele>1252.7</ele>
				<time>2026-08-06T16:38:01.240Z</time>
			</trkpt>
			<trkpt lat="40.0555" lon="20.8254">
				<ele>1252.66</ele>
				<time>2026-08-06T16:38:01.480Z</time>
			</trkpt>
			<trkpt lat="40.05623" lon="20.82527">
				<ele>1243.51</ele>
				<time>2026-08-06T16:38:05.896Z</time>
			</trkpt>
			<trkpt lat="40.05691" lon="20.8251">
				<ele>1246.03</ele>
				<time>2026-08-06T16:38:10.046Z</time>
			</trkpt>
			<trkpt lat="40.05721" lon="20.82484">
				<ele>1247.71</ele>
				<time>2026-08-06T16:38:12.205Z</time>
			</trkpt>
			<trkpt lat="40.0573" lon="20.82481">
				<ele>1248.82</ele>
				<time>2026-08-06T16:38:12.762Z</time>
			</trkpt>
			<trkpt lat="40.05744" lon="20.82484">
				<ele>1247.34</ele>
				<time>2026-08-06T16:38:13.612Z</time>
			</trkpt>
			<trkpt lat="40.05766" lon="20.825">
				<ele>1242.04</ele>
				<time>2026-08-06T16:38:15.122Z</time>
			</trkpt>
			<trkpt lat="40.05775" lon="20.82504">
				<ele>1241.4</ele>
				<time>2026-08-06T16:38:15.692Z</time>
			</trkpt>
			<trkpt lat="40.05819" lon="20.8251">
				<ele>1244.26</ele>
				<time>2026-08-06T16:38:18.344Z</time>
			</trkpt>
			<trkpt lat="40.05831" lon="20.82516">
				<ele>1243.89</ele>
				<time>2026-08-06T16:38:19.115Z</time>
			</trkpt>
			<trkpt lat="40.05837" lon="20.82527">
				<ele>1240.74</ele>
				<time>2026-08-06T16:38:19.735Z</time>
			</trkpt>
			<trkpt lat="40.05843" lon="20.82541">
				<ele>1236.68</ele>
				<time>2026-08-06T16:38:20.471Z</time>
			</trkpt>
			<trkpt lat="40.05848" lon="20.82548">
				<ele>1235.17</ele>
				<time>2026-08-06T16:38:20.910Z</time>
			</trkpt>
			<trkpt lat="40.05876" lon="20.82572">
				<ele>1236.4</ele>
				<time>2026-08-06T16:38:22.919Z</time>
			</trkpt>
			<trkpt lat="40.05882" lon="20.82581">
				<ele>1236.26</ele>
				<time>2026-08-06T16:38:23.466Z</time>
			</trkpt>
			<trkpt lat="40.05886" lon="20.82599">
				<ele>1235.49</ele>
				<time>2026-08-06T16:38:24.327Z</time>
			</trkpt>
			<trkpt lat="40.05887" lon="20.82618">
				<ele>1233.78</ele>
				<time>2026-08-06T16:38:25.201Z</time>
			</trkpt>
			<trkpt lat="40.05883" lon="20.82657">
				<ele>1232.03</ele>
				<time>2026-08-06T16:38:27.007Z</time>
			</trkpt>
			<trkpt lat="40.05881" lon="20.82702">
				<ele>1233.07</ele>
				<time>2026-08-06T16:38:29.076Z</time>
			</trkpt>
			<trkpt lat="40.05871" lon="20.82749">
				<ele>1225.08</ele>
				<time>2026-08-06T16:38:31.316Z</time>
			</trkpt>
			<trkpt lat="40.05858" lon="20.82786">
				<ele>1215.46</ele>
				<time>2026-08-06T16:38:33.185Z</time>
			</trkpt>
			<trkpt lat="40.05857" lon="20.82797">
				<ele>1214.08</ele>
				<time>2026-08-06T16:38:33.694Z</time>
			</trkpt>
			<trkpt lat="40.05859" lon="20.82807">
				<ele>1214.04</ele>
				<time>2026-08-06T16:38:34.168Z</time>
			</trkpt>
			<trkpt lat="40.05883" lon="20.82851">
				<ele>1219.36</ele>
				<time>2026-08-06T16:38:36.649Z</time>
			</trkpt>
			<trkpt lat="40.05886" lon="20.82864">
				<ele>1220.26</ele>
				<time>2026-08-06T16:38:37.273Z</time>
			</trkpt>
			<trkpt lat="40.05886" lon="20.8288">
				<ele>1219.54</ele>
				<time>2026-08-06T16:38:38.008Z</time>
			</trkpt>
			<trkpt lat="40.05879" lon="20.82904">
				<ele>1214.58</ele>
				<time>2026-08-06T16:38:39.187Z</time>
			</trkpt>
			<trkpt lat="40.05858" lon="20.82952">
				<ele>1207.77</ele>
				<time>2026-08-06T16:38:41.726Z</time>
			</trkpt>
			<trkpt lat="40.05847" lon="20.82988">
				<ele>1204.97</ele>
				<time>2026-08-06T16:38:43.507Z</time>
			</trkpt>
			<trkpt lat="40.05823" lon="20.8304">
				<ele>1188.84</ele>
				<time>2026-08-06T16:38:46.296Z</time>
			</trkpt>
			<trkpt lat="40.05819" lon="20.83059">
				<ele>1186.03</ele>
				<time>2026-08-06T16:38:47.201Z</time>
			</trkpt>
			<trkpt lat="40.05819" lon="20.83071">
				<ele>1185.31</ele>
				<time>2026-08-06T16:38:47.752Z</time>
			</trkpt>
			<trkpt lat="40.05824" lon="20.8308">
				<ele>1186.22</ele>
				<time>2026-08-06T16:38:48.263Z</time>
			</trkpt>
			<trkpt lat="40.05835" lon="20.83086">
				<ele>1187.93</ele>
				<time>2026-08-06T16:38:48.979Z</time>
			</trkpt>
			<trkpt lat="40.0587" lon="20.83088">
				<ele>1191.47</ele>
				<time>2026-08-06T16:38:51.081Z</time>
			</trkpt>
			<trkpt lat="40.05907" lon="20.83097">
				<ele>1184.81</ele>
				<time>2026-08-06T16:38:53.341Z</time>
			</trkpt>
			<trkpt lat="40.05955" lon="20.83096">
				<ele>1188.81</ele>
				<time>2026-08-06T16:38:56.223Z</time>
			</trkpt>
			<trkpt lat="40.0597" lon="20.83098">
				<ele>1190.09</ele>
				<time>2026-08-06T16:38:57.128Z</time>
			</trkpt>
			<trkpt lat="40.05979" lon="20.83101">
				<ele>1189.72</ele>
				<time>2026-08-06T16:38:57.686Z</time>
			</trkpt>
			<trkpt lat="40.05989" lon="20.83108">
				<ele>1189.33</ele>
				<time>2026-08-06T16:38:58.367Z</time>
			</trkpt>
			<trkpt lat="40.05993" lon="20.83116">
				<ele>1188.67</ele>
				<time>2026-08-06T16:38:58.806Z</time>
			</trkpt>
			<trkpt lat="40.05997" lon="20.83125">
				<ele>1186.51</ele>
				<time>2026-08-06T16:38:59.285Z</time>
			</trkpt>
			<trkpt lat="40.05999" lon="20.83149">
				<ele>1179.86</ele>
				<time>2026-08-06T16:39:00.394Z</time>
			</trkpt>
			<trkpt lat="40.05989" lon="20.83231">
				<ele>1157.81</ele>
				<time>2026-08-06T16:39:04.211Z</time>
			</trkpt>
			<trkpt lat="40.05986" lon="20.83295">
				<ele>1154.53</ele>
				<time>2026-08-06T16:39:07.159Z</time>
			</trkpt>
			<trkpt lat="40.05979" lon="20.83314">
				<ele>1154.8</ele>
				<time>2026-08-06T16:39:08.129Z</time>
			</trkpt>
			<trkpt lat="40.05954" lon="20.83348">
				<ele>1149.71</ele>
				<time>2026-08-06T16:39:10.297Z</time>
			</trkpt>
			<trkpt lat="40.05945" lon="20.8337">
				<ele>1148.97</ele>
				<time>2026-08-06T16:39:11.444Z</time>
			</trkpt>
			<trkpt lat="40.05927" lon="20.83408">
				<ele>1140.18</ele>
				<time>2026-08-06T16:39:13.499Z</time>
			</trkpt>
			<trkpt lat="40.05919" lon="20.83429">
				<ele>1140.3</ele>
				<time>2026-08-06T16:39:14.578Z</time>
			</trkpt>
			<trkpt lat="40.05911" lon="20.83468">
				<ele>1144.4</ele>
				<time>2026-08-06T16:39:16.435Z</time>
			</trkpt>
			<trkpt lat="40.0591" lon="20.8348">
				<ele>1144.37</ele>
				<time>2026-08-06T16:39:16.990Z</time>
			</trkpt>
			<trkpt lat="40.05911" lon="20.83492">
				<ele>1144.57</ele>
				<time>2026-08-06T16:39:17.546Z</time>
			</trkpt>
			<trkpt lat="40.05914" lon="20.83502">
				<ele>1145.64</ele>
				<time>2026-08-06T16:39:18.040Z</time>
			</trkpt>
			<trkpt lat="40.05919" lon="20.83508">
				<ele>1145.51</ele>
				<time>2026-08-06T16:39:18.448Z</time>
			</trkpt>
			<trkpt lat="40.05924" lon="20.83512">
				<ele>1145.36</ele>
				<time>2026-08-06T16:39:18.800Z</time>
			</trkpt>
			<trkpt lat="40.05932" lon="20.83514">
				<ele>1145.87</ele>
				<time>2026-08-06T16:39:19.290Z</time>
			</trkpt>
			<trkpt lat="40.0594" lon="20.83512">
				<ele>1147.38</ele>
				<time>2026-08-06T16:39:19.780Z</time>
			</trkpt>
			<trkpt lat="40.05957" lon="20.83502">
				<ele>1142.31</ele>
				<time>2026-08-06T16:39:20.900Z</time>
			</trkpt>
			<trkpt lat="40.05966" lon="20.83491">
				<ele>1138.44</ele>
				<time>2026-08-06T16:39:21.641Z</time>
			</trkpt>
			<trkpt lat="40.05974" lon="20.83475">
				<ele>1137.06</ele>
				<time>2026-08-06T16:39:22.521Z</time>
			</trkpt>
			<trkpt lat="40.05976" lon="20.83462">
				<ele>1138.94</ele>
				<time>2026-08-06T16:39:23.131Z</time>
			</trkpt>
			<trkpt lat="40.05974" lon="20.83434">
				<ele>1146.38</ele>
				<time>2026-08-06T16:39:24.425Z</time>
			</trkpt>
			<trkpt lat="40.05978" lon="20.8342">
				<ele>1147.23</ele>
				<time>2026-08-06T16:39:25.113Z</time>
			</trkpt>
			<trkpt lat="40.05984" lon="20.83412">
				<ele>1146.13</ele>
				<time>2026-08-06T16:39:25.628Z</time>
			</trkpt>
			<trkpt lat="40.06013" lon="20.83389">
				<ele>1139.06</ele>
				<time>2026-08-06T16:39:27.668Z</time>
			</trkpt>
			<trkpt lat="40.06016" lon="20.83381">
				<ele>1139.92</ele>
				<time>2026-08-06T16:39:28.078Z</time>
			</trkpt>
			<trkpt lat="40.06025" lon="20.8335">
				<ele>1143.44</ele>
				<time>2026-08-06T16:39:29.604Z</time>
			</trkpt>
			<trkpt lat="40.06032" lon="20.83336">
				<ele>1142.28</ele>
				<time>2026-08-06T16:39:30.374Z</time>
			</trkpt>
			<trkpt lat="40.06059" lon="20.83306">
				<ele>1129.81</ele>
				<time>2026-08-06T16:39:32.506Z</time>
			</trkpt>
			<trkpt lat="40.06074" lon="20.8328">
				<ele>1130.01</ele>
				<time>2026-08-06T16:39:34.005Z</time>
			</trkpt>
			<trkpt lat="40.06081" lon="20.83271">
				<ele>1129.52</ele>
				<time>2026-08-06T16:39:34.596Z</time>
			</trkpt>
			<trkpt lat="40.06106" lon="20.83258">
				<ele>1122.33</ele>
				<time>2026-08-06T16:39:36.215Z</time>
			</trkpt>
			<trkpt lat="40.06119" lon="20.83247">
				<ele>1121.56</ele>
				<time>2026-08-06T16:39:37.147Z</time>
			</trkpt>
			<trkpt lat="40.06151" lon="20.83195">
				<ele>1120.94</ele>
				<time>2026-08-06T16:39:40.220Z</time>
			</trkpt>
			<trkpt lat="40.06164" lon="20.83179">
				<ele>1117.22</ele>
				<time>2026-08-06T16:39:41.295Z</time>
			</trkpt>
			<trkpt lat="40.06168" lon="20.83176">
				<ele>1115.64</ele>
				<time>2026-08-06T16:39:41.573Z</time>
			</trkpt>
			<trkpt lat="40.06189" lon="20.83166">
				<ele>1108.34</ele>
				<time>2026-08-06T16:39:42.918Z</time>
			</trkpt>
			<trkpt lat="40.06195" lon="20.83159">
				<ele>1106.15</ele>
				<time>2026-08-06T16:39:43.403Z</time>
			</trkpt>
			<trkpt lat="40.06199" lon="20.8315">
				<ele>1105.24</ele>
				<time>2026-08-06T16:39:43.882Z</time>
			</trkpt>
			<trkpt lat="40.06202" lon="20.83137">
				<ele>1104.07</ele>
				<time>2026-08-06T16:39:44.508Z</time>
			</trkpt>
			<trkpt lat="40.062" lon="20.83117">
				<ele>1100.64</ele>
				<time>2026-08-06T16:39:45.437Z</time>
			</trkpt>
			<trkpt lat="40.06196" lon="20.83107">
				<ele>1100.14</ele>
				<time>2026-08-06T16:39:45.957Z</time>
			</trkpt>
			<trkpt lat="40.06172" lon="20.8307">
				<ele>1122.72</ele>
				<time>2026-08-06T16:39:48.192Z</time>
			</trkpt>
			<trkpt lat="40.06166" lon="20.83051">
				<ele>1127.11</ele>
				<time>2026-08-06T16:39:49.140Z</time>
			</trkpt>
			<trkpt lat="40.06166" lon="20.8304">
				<ele>1125.84</ele>
				<time>2026-08-06T16:39:49.647Z</time>
			</trkpt>
			<trkpt lat="40.06172" lon="20.83017">
				<ele>1118.49</ele>
				<time>2026-08-06T16:39:50.767Z</time>
			</trkpt>
			<trkpt lat="40.06188" lon="20.82986">
				<ele>1106.99</ele>
				<time>2026-08-06T16:39:52.490Z</time>
			</trkpt>
			<trkpt lat="40.06195" lon="20.82955">
				<ele>1105.02</ele>
				<time>2026-08-06T16:39:53.980Z</time>
			</trkpt>
			<trkpt lat="40.06199" lon="20.82948">
				<ele>1105.05</ele>
				<time>2026-08-06T16:39:54.383Z</time>
			</trkpt>
			<trkpt lat="40.06203" lon="20.82945">
				<ele>1104.53</ele>
				<time>2026-08-06T16:39:54.661Z</time>
			</trkpt>
			<trkpt lat="40.0621" lon="20.82944">
				<ele>1102.86</ele>
				<time>2026-08-06T16:39:55.085Z</time>
			</trkpt>
			<trkpt lat="40.06217" lon="20.82949">
				<ele>1100.49</ele>
				<time>2026-08-06T16:39:55.566Z</time>
			</trkpt>
			<trkpt lat="40.06224" lon="20.82964">
				<ele>1097.5</ele>
				<time>2026-08-06T16:39:56.376Z</time>
			</trkpt>
			<trkpt lat="40.06241" lon="20.83025">
				<ele>1093.01</ele>
				<time>2026-08-06T16:39:59.370Z</time>
			</trkpt>
			<trkpt lat="40.06253" lon="20.83047">
				<ele>1092.11</ele>
				<time>2026-08-06T16:40:00.616Z</time>
			</trkpt>
			<trkpt lat="40.06261" lon="20.83056">
				<ele>1092.16</ele>
				<time>2026-08-06T16:40:01.252Z</time>
			</trkpt>
			<trkpt lat="40.06277" lon="20.83067">
				<ele>1092.6</ele>
				<time>2026-08-06T16:40:02.342Z</time>
			</trkpt>
			<trkpt lat="40.06301" lon="20.8308">
				<ele>1093.44</ele>
				<time>2026-08-06T16:40:03.908Z</time>
			</trkpt>
			<trkpt lat="40.06328" lon="20.8309">
				<ele>1096.89</ele>
				<time>2026-08-06T16:40:05.600Z</time>
			</trkpt>
			<trkpt lat="40.06333" lon="20.83094">
				<ele>1096.96</ele>
				<time>2026-08-06T16:40:05.954Z</time>
			</trkpt>
			<trkpt lat="40.06337" lon="20.83101">
				<ele>1096.01</ele>
				<time>2026-08-06T16:40:06.357Z</time>
			</trkpt>
			<trkpt lat="40.06338" lon="20.83109">
				<ele>1094.4</ele>
				<time>2026-08-06T16:40:06.731Z</time>
			</trkpt>
			<trkpt lat="40.0634" lon="20.83157">
				<ele>1090.2</ele>
				<time>2026-08-06T16:40:08.950Z</time>
			</trkpt>
			<trkpt lat="40.06338" lon="20.83186">
				<ele>1089.1</ele>
				<time>2026-08-06T16:40:10.294Z</time>
			</trkpt>
			<trkpt lat="40.06335" lon="20.83205">
				<ele>1088.58</ele>
				<time>2026-08-06T16:40:11.189Z</time>
			</trkpt>
			<trkpt lat="40.06325" lon="20.83233">
				<ele>1085.87</ele>
				<time>2026-08-06T16:40:12.616Z</time>
			</trkpt>
			<trkpt lat="40.06284" lon="20.83334">
				<ele>1061.65</ele>
				<time>2026-08-06T16:40:17.896Z</time>
			</trkpt>
			<trkpt lat="40.06282" lon="20.83345">
				<ele>1057.69</ele>
				<time>2026-08-06T16:40:18.418Z</time>
			</trkpt>
			<trkpt lat="40.06283" lon="20.83353">
				<ele>1056.03</ele>
				<time>2026-08-06T16:40:18.792Z</time>
			</trkpt>
			<trkpt lat="40.06286" lon="20.83359">
				<ele>1055.83</ele>
				<time>2026-08-06T16:40:19.123Z</time>
			</trkpt>
			<trkpt lat="40.06311" lon="20.83379">
				<ele>1062.77</ele>
				<time>2026-08-06T16:40:20.893Z</time>
			</trkpt>
			<trkpt lat="40.0632" lon="20.83392">
				<ele>1064.33</ele>
				<time>2026-08-06T16:40:21.703Z</time>
			</trkpt>
			<trkpt lat="40.06324" lon="20.83407">
				<ele>1062.12</ele>
				<time>2026-08-06T16:40:22.437Z</time>
			</trkpt>
			<trkpt lat="40.06324" lon="20.83432">
				<ele>1054.93</ele>
				<time>2026-08-06T16:40:23.592Z</time>
			</trkpt>
			<trkpt lat="40.06328" lon="20.8344">
				<ele>1054.59</ele>
				<time>2026-08-06T16:40:24.034Z</time>
			</trkpt>
			<trkpt lat="40.0634" lon="20.83446">
				<ele>1056.71</ele>
				<time>2026-08-06T16:40:24.809Z</time>
			</trkpt>
			<trkpt lat="40.06351" lon="20.83447">
				<ele>1058.53</ele>
				<time>2026-08-06T16:40:25.475Z</time>
			</trkpt>
			<trkpt lat="40.06392" lon="20.83445">
				<ele>1055.57</ele>
				<time>2026-08-06T16:40:27.953Z</time>
			</trkpt>
			<trkpt lat="40.06406" lon="20.83442">
				<ele>1053.69</ele>
				<time>2026-08-06T16:40:28.810Z</time>
			</trkpt>
			<trkpt lat="40.06418" lon="20.83433">
				<ele>1054.51</ele>
				<time>2026-08-06T16:40:29.646Z</time>
			</trkpt>
			<trkpt lat="40.06448" lon="20.83397">
				<ele>1059.53</ele>
				<time>2026-08-06T16:40:32.107Z</time>
			</trkpt>
			<trkpt lat="40.06458" lon="20.83392">
				<ele>1056.79</ele>
				<time>2026-08-06T16:40:32.754Z</time>
			</trkpt>
			<trkpt lat="40.06465" lon="20.83391">
				<ele>1052.64</ele>
				<time>2026-08-06T16:40:33.180Z</time>
			</trkpt>
			<trkpt lat="40.06474" lon="20.83392">
				<ele>1046.8</ele>
				<time>2026-08-06T16:40:33.726Z</time>
			</trkpt>
			<trkpt lat="40.065" lon="20.83403">
				<ele>1043.48</ele>
				<time>2026-08-06T16:40:35.377Z</time>
			</trkpt>
			<trkpt lat="40.06579" lon="20.83429">
				<ele>1028.87</ele>
				<time>2026-08-06T16:40:40.303Z</time>
			</trkpt>
			<trkpt lat="40.06588" lon="20.8343">
				<ele>1027.8</ele>
				<time>2026-08-06T16:40:40.849Z</time>
			</trkpt>
			<trkpt lat="40.06609" lon="20.83423">
				<ele>1030.62</ele>
				<time>2026-08-06T16:40:42.160Z</time>
			</trkpt>
			<trkpt lat="40.06619" lon="20.83418">
				<ele>1030.96</ele>
				<time>2026-08-06T16:40:42.807Z</time>
			</trkpt>
			<trkpt lat="40.06654" lon="20.83378">
				<ele>1034.92</ele>
				<time>2026-08-06T16:40:45.620Z</time>
			</trkpt>
			<trkpt lat="40.06686" lon="20.83355">
				<ele>1029.92</ele>
				<time>2026-08-06T16:40:47.830Z</time>
			</trkpt>
			<trkpt lat="40.06737" lon="20.83306">
				<ele>1028.05</ele>
				<time>2026-08-06T16:40:51.661Z</time>
			</trkpt>
			<trkpt lat="40.06753" lon="20.83295">
				<ele>1029.25</ele>
				<time>2026-08-06T16:40:52.756Z</time>
			</trkpt>
			<trkpt lat="40.06759" lon="20.83293">
				<ele>1029.83</ele>
				<time>2026-08-06T16:40:53.131Z</time>
			</trkpt>
			<trkpt lat="40.0677" lon="20.83292">
				<ele>1029.06</ele>
				<time>2026-08-06T16:40:53.798Z</time>
			</trkpt>
			<trkpt lat="40.06806" lon="20.83303">
				<ele>1024.42</ele>
				<time>2026-08-06T16:40:56.037Z</time>
			</trkpt>
			<trkpt lat="40.06838" lon="20.8331">
				<ele>1018.59</ele>
				<time>2026-08-06T16:40:58.002Z</time>
			</trkpt>
			<trkpt lat="40.06849" lon="20.83318">
				<ele>1019.04</ele>
				<time>2026-08-06T16:40:58.765Z</time>
			</trkpt>
			<trkpt lat="40.06853" lon="20.83327">
				<ele>1017.94</ele>
				<time>2026-08-06T16:40:59.247Z</time>
			</trkpt>
			<trkpt lat="40.06854" lon="20.83335">
				<ele>1016.54</ele>
				<time>2026-08-06T16:40:59.623Z</time>
			</trkpt>
			<trkpt lat="40.06854" lon="20.83345">
				<ele>1015.11</ele>
				<time>2026-08-06T16:41:00.087Z</time>
			</trkpt>
			<trkpt lat="40.06846" lon="20.83381">
				<ele>1008.35</ele>
				<time>2026-08-06T16:41:01.825Z</time>
			</trkpt>
			<trkpt lat="40.06842" lon="20.83414">
				<ele>1003.64</ele>
				<time>2026-08-06T16:41:03.375Z</time>
			</trkpt>
			<trkpt lat="40.06844" lon="20.83428">
				<ele>1002.28</ele>
				<time>2026-08-06T16:41:04.035Z</time>
			</trkpt>
			<trkpt lat="40.06849" lon="20.83442">
				<ele>1001.83</ele>
				<time>2026-08-06T16:41:04.752Z</time>
			</trkpt>
			<trkpt lat="40.06859" lon="20.83453">
				<ele>1001.89</ele>
				<time>2026-08-06T16:41:05.544Z</time>
			</trkpt>
			<trkpt lat="40.06875" lon="20.83463">
				<ele>1003.1</ele>
				<time>2026-08-06T16:41:06.619Z</time>
			</trkpt>
			<trkpt lat="40.06897" lon="20.83471">
				<ele>1007.97</ele>
				<time>2026-08-06T16:41:08.004Z</time>
			</trkpt>
			<trkpt lat="40.06905" lon="20.8348">
				<ele>1009.58</ele>
				<time>2026-08-06T16:41:08.644Z</time>
			</trkpt>
			<trkpt lat="40.06908" lon="20.83488">
				<ele>1009.02</ele>
				<time>2026-08-06T16:41:09.058Z</time>
			</trkpt>
			<trkpt lat="40.06908" lon="20.83498">
				<ele>1007.06</ele>
				<time>2026-08-06T16:41:09.522Z</time>
			</trkpt>
			<trkpt lat="40.069" lon="20.83532">
				<ele>994.67</ele>
				<time>2026-08-06T16:41:11.173Z</time>
			</trkpt>
			<trkpt lat="40.069" lon="20.83538">
				<ele>993.5</ele>
				<time>2026-08-06T16:41:11.451Z</time>
			</trkpt>
			<trkpt lat="40.06903" lon="20.83544">
				<ele>993.34</ele>
				<time>2026-08-06T16:41:11.784Z</time>
			</trkpt>
			<trkpt lat="40.0691" lon="20.83549">
				<ele>994.47</ele>
				<time>2026-08-06T16:41:12.268Z</time>
			</trkpt>
			<trkpt lat="40.06924" lon="20.83556">
				<ele>995.69</ele>
				<time>2026-08-06T16:41:13.177Z</time>
			</trkpt>
			<trkpt lat="40.06931" lon="20.83556">
				<ele>996.25</ele>
				<time>2026-08-06T16:41:13.602Z</time>
			</trkpt>
			<trkpt lat="40.06942" lon="20.83553">
				<ele>998.43</ele>
				<time>2026-08-06T16:41:14.284Z</time>
			</trkpt>
			<trkpt lat="40.06975" lon="20.83527">
				<ele>997.01</ele>
				<time>2026-08-06T16:41:16.622Z</time>
			</trkpt>
			<trkpt lat="40.06982" lon="20.83527">
				<ele>999.18</ele>
				<time>2026-08-06T16:41:17.047Z</time>
			</trkpt>
			<trkpt lat="40.06987" lon="20.83532">
				<ele>999.96</ele>
				<time>2026-08-06T16:41:17.429Z</time>
			</trkpt>
			<trkpt lat="40.06989" lon="20.8354">
				<ele>999.41</ele>
				<time>2026-08-06T16:41:17.820Z</time>
			</trkpt>
			<trkpt lat="40.06989" lon="20.83544">
				<ele>998.76</ele>
				<time>2026-08-06T16:41:18.006Z</time>
			</trkpt>
			<trkpt lat="40.06973" lon="20.83577">
				<ele>996.25</ele>
				<time>2026-08-06T16:41:19.821Z</time>
			</trkpt>
			<trkpt lat="40.06966" lon="20.83604">
				<ele>996.38</ele>
				<time>2026-08-06T16:41:21.145Z</time>
			</trkpt>
			<trkpt lat="40.06965" lon="20.83629">
				<ele>996.03</ele>
				<time>2026-08-06T16:41:22.309Z</time>
			</trkpt>
			<trkpt lat="40.06967" lon="20.83642">
				<ele>995.32</ele>
				<time>2026-08-06T16:41:22.925Z</time>
			</trkpt>
			<trkpt lat="40.0697" lon="20.83653">
				<ele>993.59</ele>
				<time>2026-08-06T16:41:23.468Z</time>
			</trkpt>
			<trkpt lat="40.06977" lon="20.8366">
				<ele>992.61</ele>
				<time>2026-08-06T16:41:24.003Z</time>
			</trkpt>
			<trkpt lat="40.06989" lon="20.83666">
				<ele>991.71</ele>
				<time>2026-08-06T16:41:24.783Z</time>
			</trkpt>
			<trkpt lat="40.07028" lon="20.83676">
				<ele>987.28</ele>
				<time>2026-08-06T16:41:27.198Z</time>
			</trkpt>
			<trkpt lat="40.07076" lon="20.83682">
				<ele>988.28</ele>
				<time>2026-08-06T16:41:30.128Z</time>
			</trkpt>
			<trkpt lat="40.0709" lon="20.83687">
				<ele>986.04</ele>
				<time>2026-08-06T16:41:31.011Z</time>
			</trkpt>
			<trkpt lat="40.071" lon="20.83694">
				<ele>983.03</ele>
				<time>2026-08-06T16:41:31.700Z</time>
			</trkpt>
			<trkpt lat="40.07115" lon="20.83709">
				<ele>982.26</ele>
				<time>2026-08-06T16:41:32.849Z</time>
			</trkpt>
			<trkpt lat="40.07128" lon="20.83732">
				<ele>981.24</ele>
				<time>2026-08-06T16:41:34.179Z</time>
			</trkpt>
			<trkpt lat="40.07134" lon="20.8375">
				<ele>980.85</ele>
				<time>2026-08-06T16:41:35.093Z</time>
			</trkpt>
			<trkpt lat="40.07138" lon="20.83769">
				<ele>981.67</ele>
				<time>2026-08-06T16:41:36.010Z</time>
			</trkpt>
			<trkpt lat="40.07139" lon="20.83782">
				<ele>982.49</ele>
				<time>2026-08-06T16:41:36.618Z</time>
			</trkpt>
			<trkpt lat="40.07137" lon="20.83792">
				<ele>983.53</ele>
				<time>2026-08-06T16:41:37.099Z</time>
			</trkpt>
			<trkpt lat="40.07128" lon="20.83802">
				<ele>984.2</ele>
				<time>2026-08-06T16:41:37.818Z</time>
			</trkpt>
			<trkpt lat="40.07115" lon="20.83805">
				<ele>984.07</ele>
				<time>2026-08-06T16:41:38.621Z</time>
			</trkpt>
			<trkpt lat="40.07104" lon="20.83802">
				<ele>981.25</ele>
				<time>2026-08-06T16:41:39.305Z</time>
			</trkpt>
			<trkpt lat="40.07083" lon="20.83788">
				<ele>971.95</ele>
				<time>2026-08-06T16:41:40.739Z</time>
			</trkpt>
			<trkpt lat="40.07074" lon="20.83785">
				<ele>971.82</ele>
				<time>2026-08-06T16:41:41.305Z</time>
			</trkpt>
			<trkpt lat="40.07024" lon="20.83783">
				<ele>969.14</ele>
				<time>2026-08-06T16:41:44.350Z</time>
			</trkpt>
			<trkpt lat="40.07009" lon="20.83785">
				<ele>966.19</ele>
				<time>2026-08-06T16:41:45.268Z</time>
			</trkpt>
			<trkpt lat="40.06945" lon="20.83804">
				<ele>956.88</ele>
				<time>2026-08-06T16:41:49.265Z</time>
			</trkpt>
			<trkpt lat="40.06901" lon="20.83807">
				<ele>959.17</ele>
				<time>2026-08-06T16:41:51.950Z</time>
			</trkpt>
			<trkpt lat="40.06867" lon="20.83813">
				<ele>953.52</ele>
				<time>2026-08-06T16:41:54.041Z</time>
			</trkpt>
			<trkpt lat="40.06829" lon="20.83812">
				<ele>944.84</ele>
				<time>2026-08-06T16:41:56.358Z</time>
			</trkpt>
			<trkpt lat="40.06815" lon="20.83817">
				<ele>944.01</ele>
				<time>2026-08-06T16:41:57.243Z</time>
			</trkpt>
			<trkpt lat="40.06803" lon="20.83823">
				<ele>943.05</ele>
				<time>2026-08-06T16:41:58.026Z</time>
			</trkpt>
			<trkpt lat="40.06764" lon="20.83864">
				<ele>940.85</ele>
				<time>2026-08-06T16:42:01.080Z</time>
			</trkpt>
			<trkpt lat="40.06756" lon="20.83869">
				<ele>940.51</ele>
				<time>2026-08-06T16:42:01.621Z</time>
			</trkpt>
			<trkpt lat="40.06746" lon="20.8387">
				<ele>939.78</ele>
				<time>2026-08-06T16:42:02.233Z</time>
			</trkpt>
			<trkpt lat="40.0672" lon="20.83866">
				<ele>939.33</ele>
				<time>2026-08-06T16:42:03.830Z</time>
			</trkpt>
			<trkpt lat="40.0669" lon="20.83867">
				<ele>947.25</ele>
				<time>2026-08-06T16:42:05.662Z</time>
			</trkpt>
			<trkpt lat="40.0668" lon="20.83864">
				<ele>949.67</ele>
				<time>2026-08-06T16:42:06.289Z</time>
			</trkpt>
			<trkpt lat="40.06668" lon="20.83856">
				<ele>951.51</ele>
				<time>2026-08-06T16:42:07.111Z</time>
			</trkpt>
			<trkpt lat="40.06654" lon="20.83842">
				<ele>955.06</ele>
				<time>2026-08-06T16:42:08.187Z</time>
			</trkpt>
			<trkpt lat="40.06649" lon="20.83834">
				<ele>955.56</ele>
				<time>2026-08-06T16:42:08.670Z</time>
			</trkpt>
			<trkpt lat="40.0664" lon="20.83808">
				<ele>940.92</ele>
				<time>2026-08-06T16:42:10.004Z</time>
			</trkpt>
			<trkpt lat="40.06635" lon="20.83797">
				<ele>936.23</ele>
				<time>2026-08-06T16:42:10.602Z</time>
			</trkpt>
			<trkpt lat="40.06632" lon="20.83792">
				<ele>934.43</ele>
				<time>2026-08-06T16:42:10.899Z</time>
			</trkpt>
			<trkpt lat="40.06624" lon="20.83787">
				<ele>932.34</ele>
				<time>2026-08-06T16:42:11.441Z</time>
			</trkpt>
			<trkpt lat="40.06581" lon="20.83777">
				<ele>920.95</ele>
				<time>2026-08-06T16:42:14.110Z</time>
			</trkpt>
			<trkpt lat="40.06536" lon="20.83762">
				<ele>911.95</ele>
				<time>2026-08-06T16:42:16.948Z</time>
			</trkpt>
			<trkpt lat="40.06523" lon="20.83761">
				<ele>907.9</ele>
				<time>2026-08-06T16:42:17.744Z</time>
			</trkpt>
			<trkpt lat="40.06514" lon="20.83763">
				<ele>906.08</ele>
				<time>2026-08-06T16:42:18.303Z</time>
			</trkpt>
			<trkpt lat="40.06498" lon="20.83775">
				<ele>904.03</ele>
				<time>2026-08-06T16:42:19.431Z</time>
			</trkpt>
			<trkpt lat="40.06483" lon="20.83798">
				<ele>909.54</ele>
				<time>2026-08-06T16:42:20.845Z</time>
			</trkpt>
			<trkpt lat="40.06471" lon="20.83831">
				<ele>912.61</ele>
				<time>2026-08-06T16:42:22.556Z</time>
			</trkpt>
			<trkpt lat="40.06451" lon="20.83898">
				<ele>919.08</ele>
				<time>2026-08-06T16:42:25.924Z</time>
			</trkpt>
			<trkpt lat="40.06441" lon="20.83913">
				<ele>919.12</ele>
				<time>2026-08-06T16:42:26.856Z</time>
			</trkpt>
			<trkpt lat="40.06435" lon="20.83917">
				<ele>917.33</ele>
				<time>2026-08-06T16:42:27.268Z</time>
			</trkpt>
			<trkpt lat="40.06422" lon="20.83922">
				<ele>912.44</ele>
				<time>2026-08-06T16:42:28.098Z</time>
			</trkpt>
			<trkpt lat="40.06389" lon="20.83921">
				<ele>901.13</ele>
				<time>2026-08-06T16:42:30.120Z</time>
			</trkpt>
			<trkpt lat="40.06366" lon="20.83925">
				<ele>900.93</ele>
				<time>2026-08-06T16:42:31.541Z</time>
			</trkpt>
			<trkpt lat="40.06353" lon="20.83935">
				<ele>902.74</ele>
				<time>2026-08-06T16:42:32.465Z</time>
			</trkpt>
			<trkpt lat="40.06334" lon="20.83966">
				<ele>907.73</ele>
				<time>2026-08-06T16:42:34.327Z</time>
			</trkpt>
			<trkpt lat="40.0632" lon="20.83977">
				<ele>906.17</ele>
				<time>2026-08-06T16:42:35.329Z</time>
			</trkpt>
			<trkpt lat="40.06306" lon="20.83981">
				<ele>902.53</ele>
				<time>2026-08-06T16:42:36.207Z</time>
			</trkpt>
			<trkpt lat="40.06278" lon="20.83976">
				<ele>891.17</ele>
				<time>2026-08-06T16:42:37.940Z</time>
			</trkpt>
			<trkpt lat="40.06271" lon="20.83977">
				<ele>889.18</ele>
				<time>2026-08-06T16:42:38.371Z</time>
			</trkpt>
			<trkpt lat="40.06262" lon="20.83983">
				<ele>887.67</ele>
				<time>2026-08-06T16:42:38.991Z</time>
			</trkpt>
			<trkpt lat="40.06242" lon="20.84006">
				<ele>884.18</ele>
				<time>2026-08-06T16:42:40.625Z</time>
			</trkpt>
			<trkpt lat="40.06239" lon="20.84013">
				<ele>883.54</ele>
				<time>2026-08-06T16:42:41.002Z</time>
			</trkpt>
			<trkpt lat="40.06239" lon="20.84021">
				<ele>883.63</ele>
				<time>2026-08-06T16:42:41.377Z</time>
			</trkpt>
			<trkpt lat="40.06242" lon="20.84032">
				<ele>884.94</ele>
				<time>2026-08-06T16:42:41.926Z</time>
			</trkpt>
			<trkpt lat="40.06277" lon="20.84065">
				<ele>892.88</ele>
				<time>2026-08-06T16:42:44.574Z</time>
			</trkpt>
			<trkpt lat="40.06288" lon="20.8408">
				<ele>895.38</ele>
				<time>2026-08-06T16:42:45.550Z</time>
			</trkpt>
			<trkpt lat="40.06289" lon="20.84086">
				<ele>895.47</ele>
				<time>2026-08-06T16:42:45.838Z</time>
			</trkpt>
			<trkpt lat="40.06288" lon="20.84095">
				<ele>895.24</ele>
				<time>2026-08-06T16:42:46.266Z</time>
			</trkpt>
			<trkpt lat="40.06282" lon="20.84103">
				<ele>894.32</ele>
				<time>2026-08-06T16:42:46.792Z</time>
			</trkpt>
			<trkpt lat="40.06276" lon="20.84106">
				<ele>894.91</ele>
				<time>2026-08-06T16:42:47.186Z</time>
			</trkpt>
			<trkpt lat="40.06272" lon="20.84105">
				<ele>895.34</ele>
				<time>2026-08-06T16:42:47.436Z</time>
			</trkpt>
			<trkpt lat="40.06243" lon="20.84095">
				<ele>896.5</ele>
				<time>2026-08-06T16:42:49.278Z</time>
			</trkpt>
			<trkpt lat="40.0622" lon="20.84089">
				<ele>893.61</ele>
				<time>2026-08-06T16:42:50.719Z</time>
			</trkpt>
			<trkpt lat="40.06173" lon="20.84087">
				<ele>885.26</ele>
				<time>2026-08-06T16:42:53.608Z</time>
			</trkpt>
			<trkpt lat="40.06158" lon="20.84089">
				<ele>882.57</ele>
				<time>2026-08-06T16:42:54.535Z</time>
			</trkpt>
			<trkpt lat="40.0614" lon="20.84096">
				<ele>881.42</ele>
				<time>2026-08-06T16:42:55.689Z</time>
			</trkpt>
			<trkpt lat="40.06109" lon="20.84119">
				<ele>879.75</ele>
				<time>2026-08-06T16:42:57.881Z</time>
			</trkpt>
			<trkpt lat="40.06079" lon="20.84137">
				<ele>873.26</ele>
				<time>2026-08-06T16:42:59.911Z</time>
			</trkpt>
			<trkpt lat="40.06066" lon="20.84149">
				<ele>873.52</ele>
				<time>2026-08-06T16:43:00.890Z</time>
			</trkpt>
			<trkpt lat="40.06053" lon="20.84173">
				<ele>877.24</ele>
				<time>2026-08-06T16:43:02.275Z</time>
			</trkpt>
			<trkpt lat="40.06034" lon="20.8423">
				<ele>884.83</ele>
				<time>2026-08-06T16:43:05.204Z</time>
			</trkpt>
			<trkpt lat="40.06027" lon="20.84241">
				<ele>885.67</ele>
				<time>2026-08-06T16:43:05.878Z</time>
			</trkpt>
			<trkpt lat="40.06019" lon="20.84245">
				<ele>885.4</ele>
				<time>2026-08-06T16:43:06.405Z</time>
			</trkpt>
			<trkpt lat="40.06001" lon="20.84245">
				<ele>882.66</ele>
				<time>2026-08-06T16:43:07.513Z</time>
			</trkpt>
			<trkpt lat="40.05989" lon="20.84248">
				<ele>881.32</ele>
				<time>2026-08-06T16:43:08.266Z</time>
			</trkpt>
			<trkpt lat="40.05977" lon="20.84257">
				<ele>880.97</ele>
				<time>2026-08-06T16:43:09.118Z</time>
			</trkpt>
			<trkpt lat="40.05971" lon="20.84266">
				<ele>882</ele>
				<time>2026-08-06T16:43:09.681Z</time>
			</trkpt>
			<trkpt lat="40.05967" lon="20.84279">
				<ele>884.43</ele>
				<time>2026-08-06T16:43:10.342Z</time>
			</trkpt>
			<trkpt lat="40.05966" lon="20.84294">
				<ele>885.22</ele>
				<time>2026-08-06T16:43:11.052Z</time>
			</trkpt>
			<trkpt lat="40.05968" lon="20.84308">
				<ele>886.16</ele>
				<time>2026-08-06T16:43:11.723Z</time>
			</trkpt>
			<trkpt lat="40.05977" lon="20.84361">
				<ele>890.92</ele>
				<time>2026-08-06T16:43:14.284Z</time>
			</trkpt>
			<trkpt lat="40.05974" lon="20.84392">
				<ele>892.15</ele>
				<time>2026-08-06T16:43:15.759Z</time>
			</trkpt>
			<trkpt lat="40.05964" lon="20.84435">
				<ele>892.48</ele>
				<time>2026-08-06T16:43:17.880Z</time>
			</trkpt>
			<trkpt lat="40.05958" lon="20.84447">
				<ele>891.29</ele>
				<time>2026-08-06T16:43:18.557Z</time>
			</trkpt>
			<trkpt lat="40.05939" lon="20.84472">
				<ele>886.13</ele>
				<time>2026-08-06T16:43:20.221Z</time>
			</trkpt>
			<trkpt lat="40.0593" lon="20.84493">
				<ele>884.79</ele>
				<time>2026-08-06T16:43:21.358Z</time>
			</trkpt>
			<trkpt lat="40.05927" lon="20.84518">
				<ele>884.84</ele>
				<time>2026-08-06T16:43:22.553Z</time>
			</trkpt>
			<trkpt lat="40.05928" lon="20.84552">
				<ele>884.78</ele>
				<time>2026-08-06T16:43:24.161Z</time>
			</trkpt>
			<trkpt lat="40.05927" lon="20.84566">
				<ele>883.95</ele>
				<time>2026-08-06T16:43:24.825Z</time>
			</trkpt>
			<trkpt lat="40.05923" lon="20.84579">
				<ele>881.66</ele>
				<time>2026-08-06T16:43:25.488Z</time>
			</trkpt>
			<trkpt lat="40.0591" lon="20.84605">
				<ele>879.54</ele>
				<time>2026-08-06T16:43:26.956Z</time>
			</trkpt>
			<trkpt lat="40.05908" lon="20.84615">
				<ele>880.21</ele>
				<time>2026-08-06T16:43:27.444Z</time>
			</trkpt>
			<trkpt lat="40.05909" lon="20.84629">
				<ele>881.53</ele>
				<time>2026-08-06T16:43:28.109Z</time>
			</trkpt>
			<trkpt lat="40.05913" lon="20.8464">
				<ele>882.76</ele>
				<time>2026-08-06T16:43:28.685Z</time>
			</trkpt>
			<trkpt lat="40.05936" lon="20.84691">
				<ele>890.73</ele>
				<time>2026-08-06T16:43:31.485Z</time>
			</trkpt>
			<trkpt lat="40.05937" lon="20.84701">
				<ele>892.24</ele>
				<time>2026-08-06T16:43:31.963Z</time>
			</trkpt>
			<trkpt lat="40.05936" lon="20.84708">
				<ele>893.51</ele>
				<time>2026-08-06T16:43:32.300Z</time>
			</trkpt>
			<trkpt lat="40.05928" lon="20.84719">
				<ele>896.03</ele>
				<time>2026-08-06T16:43:33.018Z</time>
			</trkpt>
			<trkpt lat="40.05923" lon="20.84721">
				<ele>897.03</ele>
				<time>2026-08-06T16:43:33.341Z</time>
			</trkpt>
			<trkpt lat="40.05916" lon="20.8472">
				<ele>897.57</ele>
				<time>2026-08-06T16:43:33.776Z</time>
			</trkpt>
			<trkpt lat="40.05893" lon="20.84704">
				<ele>892.59</ele>
				<time>2026-08-06T16:43:35.388Z</time>
			</trkpt>
			<trkpt lat="40.05863" lon="20.84692">
				<ele>891.05</ele>
				<time>2026-08-06T16:43:37.329Z</time>
			</trkpt>
			<trkpt lat="40.05838" lon="20.84676">
				<ele>891.94</ele>
				<time>2026-08-06T16:43:39.052Z</time>
			</trkpt>
			<trkpt lat="40.05828" lon="20.84672">
				<ele>892.41</ele>
				<time>2026-08-06T16:43:39.699Z</time>
			</trkpt>
			<trkpt lat="40.05819" lon="20.84672">
				<ele>893.3</ele>
				<time>2026-08-06T16:43:40.257Z</time>
			</trkpt>
			<trkpt lat="40.05809" lon="20.84674">
				<ele>894.71</ele>
				<time>2026-08-06T16:43:40.883Z</time>
			</trkpt>
			<trkpt lat="40.05787" lon="20.84687">
				<ele>895.41</ele>
				<time>2026-08-06T16:43:42.378Z</time>
			</trkpt>
			<trkpt lat="40.05763" lon="20.84706">
				<ele>897.26</ele>
				<time>2026-08-06T16:43:44.116Z</time>
			</trkpt>
			<trkpt lat="40.05746" lon="20.84715">
				<ele>896.61</ele>
				<time>2026-08-06T16:43:45.253Z</time>
			</trkpt>
			<trkpt lat="40.05729" lon="20.84718">
				<ele>896.17</ele>
				<time>2026-08-06T16:43:46.316Z</time>
			</trkpt>
			<trkpt lat="40.05699" lon="20.84715">
				<ele>896.65</ele>
				<time>2026-08-06T16:43:48.180Z</time>
			</trkpt>
			<trkpt lat="40.05684" lon="20.8472">
				<ele>896.1</ele>
				<time>2026-08-06T16:43:49.140Z</time>
			</trkpt>
			<trkpt lat="40.05674" lon="20.84728">
				<ele>894.31</ele>
				<time>2026-08-06T16:43:49.867Z</time>
			</trkpt>
			<trkpt lat="40.05668" lon="20.84736">
				<ele>892.5</ele>
				<time>2026-08-06T16:43:50.399Z</time>
			</trkpt>
			<trkpt lat="40.05664" lon="20.84746">
				<ele>890.65</ele>
				<time>2026-08-06T16:43:50.934Z</time>
			</trkpt>
			<trkpt lat="40.05662" lon="20.84758">
				<ele>889.21</ele>
				<time>2026-08-06T16:43:51.517Z</time>
			</trkpt>
			<trkpt lat="40.05663" lon="20.84776">
				<ele>888.21</ele>
				<time>2026-08-06T16:43:52.374Z</time>
			</trkpt>
			<trkpt lat="40.05669" lon="20.84791">
				<ele>887.78</ele>
				<time>2026-08-06T16:43:53.178Z</time>
			</trkpt>
			<trkpt lat="40.05677" lon="20.84804">
				<ele>888.39</ele>
				<time>2026-08-06T16:43:53.970Z</time>
			</trkpt>
			<trkpt lat="40.05687" lon="20.84812">
				<ele>888.87</ele>
				<time>2026-08-06T16:43:54.698Z</time>
			</trkpt>
			<trkpt lat="40.05701" lon="20.84815">
				<ele>889.7</ele>
				<time>2026-08-06T16:43:55.578Z</time>
			</trkpt>
			<trkpt lat="40.05711" lon="20.84811">
				<ele>891.13</ele>
				<time>2026-08-06T16:43:56.228Z</time>
			</trkpt>
			<trkpt lat="40.0573" lon="20.84799">
				<ele>895.04</ele>
				<time>2026-08-06T16:43:57.538Z</time>
			</trkpt>
			<trkpt lat="40.0574" lon="20.84796">
				<ele>895.89</ele>
				<time>2026-08-06T16:43:58.175Z</time>
			</trkpt>
			<trkpt lat="40.05756" lon="20.84799">
				<ele>897.15</ele>
				<time>2026-08-06T16:43:59.179Z</time>
			</trkpt>
			<trkpt lat="40.05774" lon="20.84811">
				<ele>899.72</ele>
				<time>2026-08-06T16:44:00.434Z</time>
			</trkpt>
			<trkpt lat="40.05782" lon="20.84819">
				<ele>901.51</ele>
				<time>2026-08-06T16:44:01.060Z</time>
			</trkpt>
			<trkpt lat="40.05791" lon="20.84835">
				<ele>903.72</ele>
				<time>2026-08-06T16:44:02.004Z</time>
			</trkpt>
			<trkpt lat="40.05808" lon="20.84881">
				<ele>909.08</ele>
				<time>2026-08-06T16:44:04.434Z</time>
			</trkpt>
			<trkpt lat="40.0581" lon="20.84898">
				<ele>910</ele>
				<time>2026-08-06T16:44:05.252Z</time>
			</trkpt>
			<trkpt lat="40.05806" lon="20.8491">
				<ele>908.49</ele>
				<time>2026-08-06T16:44:05.875Z</time>
			</trkpt>
			<trkpt lat="40.05802" lon="20.84917">
				<ele>906.88</ele>
				<time>2026-08-06T16:44:06.291Z</time>
			</trkpt>
			<trkpt lat="40.05787" lon="20.84928">
				<ele>902.98</ele>
				<time>2026-08-06T16:44:07.361Z</time>
			</trkpt>
			<trkpt lat="40.05761" lon="20.84939">
				<ele>895.33</ele>
				<time>2026-08-06T16:44:09.061Z</time>
			</trkpt>
			<trkpt lat="40.05754" lon="20.84946">
				<ele>894.75</ele>
				<time>2026-08-06T16:44:09.609Z</time>
			</trkpt>
			<trkpt lat="40.0575" lon="20.84955">
				<ele>894.88</ele>
				<time>2026-08-06T16:44:10.105Z</time>
			</trkpt>
			<trkpt lat="40.05749" lon="20.84965">
				<ele>895.84</ele>
				<time>2026-08-06T16:44:10.585Z</time>
			</trkpt>
			<trkpt lat="40.0575" lon="20.84975">
				<ele>897.54</ele>
				<time>2026-08-06T16:44:11.066Z</time>
			</trkpt>
			<trkpt lat="40.05764" lon="20.85023">
				<ele>905.38</ele>
				<time>2026-08-06T16:44:13.513Z</time>
			</trkpt>
			<trkpt lat="40.05765" lon="20.85039">
				<ele>906.69</ele>
				<time>2026-08-06T16:44:14.278Z</time>
			</trkpt>
			<trkpt lat="40.05763" lon="20.85056">
				<ele>907</ele>
				<time>2026-08-06T16:44:15.098Z</time>
			</trkpt>
			<trkpt lat="40.05759" lon="20.85062">
				<ele>907</ele>
				<time>2026-08-06T16:44:15.478Z</time>
			</trkpt>
			<trkpt lat="40.05754" lon="20.85067">
				<ele>906.61</ele>
				<time>2026-08-06T16:44:15.870Z</time>
			</trkpt>
			<trkpt lat="40.05748" lon="20.85069">
				<ele>905.89</ele>
				<time>2026-08-06T16:44:16.256Z</time>
			</trkpt>
			<trkpt lat="40.05738" lon="20.85067">
				<ele>904.1</ele>
				<time>2026-08-06T16:44:16.886Z</time>
			</trkpt>
			<trkpt lat="40.05722" lon="20.8505">
				<ele>898.26</ele>
				<time>2026-08-06T16:44:18.171Z</time>
			</trkpt>
			<trkpt lat="40.05709" lon="20.8504">
				<ele>893.56</ele>
				<time>2026-08-06T16:44:19.111Z</time>
			</trkpt>
			<trkpt lat="40.05698" lon="20.85037">
				<ele>889.56</ele>
				<time>2026-08-06T16:44:19.812Z</time>
			</trkpt>
			<trkpt lat="40.05689" lon="20.85039">
				<ele>888.19</ele>
				<time>2026-08-06T16:44:20.381Z</time>
			</trkpt>
			<trkpt lat="40.05682" lon="20.85045">
				<ele>889.43</ele>
				<time>2026-08-06T16:44:20.903Z</time>
			</trkpt>
			<trkpt lat="40.0567" lon="20.85066">
				<ele>894.8</ele>
				<time>2026-08-06T16:44:22.153Z</time>
			</trkpt>
			<trkpt lat="40.05664" lon="20.85074">
				<ele>896.49</ele>
				<time>2026-08-06T16:44:22.688Z</time>
			</trkpt>
			<trkpt lat="40.05651" lon="20.85083">
				<ele>896.75</ele>
				<time>2026-08-06T16:44:23.606Z</time>
			</trkpt>
			<trkpt lat="40.05633" lon="20.8509">
				<ele>894.24</ele>
				<time>2026-08-06T16:44:24.777Z</time>
			</trkpt>
			<trkpt lat="40.05624" lon="20.85099">
				<ele>893.85</ele>
				<time>2026-08-06T16:44:25.485Z</time>
			</trkpt>
			<trkpt lat="40.05609" lon="20.85131">
				<ele>895.04</ele>
				<time>2026-08-06T16:44:27.277Z</time>
			</trkpt>
			<trkpt lat="40.05584" lon="20.85157">
				<ele>890.64</ele>
				<time>2026-08-06T16:44:29.272Z</time>
			</trkpt>
			<trkpt lat="40.0558" lon="20.85164">
				<ele>889.71</ele>
				<time>2026-08-06T16:44:29.690Z</time>
			</trkpt>
			<trkpt lat="40.05579" lon="20.85173">
				<ele>889.34</ele>
				<time>2026-08-06T16:44:30.124Z</time>
			</trkpt>
			<trkpt lat="40.05582" lon="20.85254">
				<ele>892.43</ele>
				<time>2026-08-06T16:44:34.002Z</time>
			</trkpt>
			<trkpt lat="40.05594" lon="20.85298">
				<ele>891.62</ele>
				<time>2026-08-06T16:44:36.237Z</time>
			</trkpt>
			<trkpt lat="40.05599" lon="20.85333">
				<ele>890.84</ele>
				<time>2026-08-06T16:44:37.942Z</time>
			</trkpt>
			<trkpt lat="40.05627" lon="20.85393">
				<ele>892.15</ele>
				<time>2026-08-06T16:44:41.307Z</time>
			</trkpt>
			<trkpt lat="40.05635" lon="20.85402">
				<ele>892.88</ele>
				<time>2026-08-06T16:44:41.967Z</time>
			</trkpt>
			<trkpt lat="40.05641" lon="20.85406">
				<ele>893.57</ele>
				<time>2026-08-06T16:44:42.389Z</time>
			</trkpt>
			<trkpt lat="40.0566" lon="20.85407">
				<ele>896.09</ele>
				<time>2026-08-06T16:44:43.580Z</time>
			</trkpt>
			<trkpt lat="40.05665" lon="20.85409">
				<ele>896.33</ele>
				<time>2026-08-06T16:44:43.907Z</time>
			</trkpt>
			<trkpt lat="40.05667" lon="20.85412">
				<ele>896.02</ele>
				<time>2026-08-06T16:44:44.098Z</time>
			</trkpt>
			<trkpt lat="40.0567" lon="20.8542">
				<ele>895.34</ele>
				<time>2026-08-06T16:44:44.525Z</time>
			</trkpt>
			<trkpt lat="40.0567" lon="20.85434">
				<ele>894.13</ele>
				<time>2026-08-06T16:44:45.196Z</time>
			</trkpt>
			<trkpt lat="40.05662" lon="20.85478">
				<ele>892.29</ele>
				<time>2026-08-06T16:44:47.364Z</time>
			</trkpt>
			<trkpt lat="40.05662" lon="20.8549">
				<ele>892.36</ele>
				<time>2026-08-06T16:44:47.940Z</time>
			</trkpt>
			<trkpt lat="40.05669" lon="20.8552">
				<ele>893.94</ele>
				<time>2026-08-06T16:44:49.444Z</time>
			</trkpt>
			<trkpt lat="40.05668" lon="20.8556">
				<ele>893.8</ele>
				<time>2026-08-06T16:44:51.365Z</time>
			</trkpt>
			<trkpt lat="40.05671" lon="20.85574">
				<ele>893.1</ele>
				<time>2026-08-06T16:44:52.062Z</time>
			</trkpt>
			<trkpt lat="40.05681" lon="20.85611">
				<ele>893.08</ele>
				<time>2026-08-06T16:44:53.946Z</time>
			</trkpt>
			<trkpt lat="40.0568" lon="20.85624">
				<ele>892.98</ele>
				<time>2026-08-06T16:44:54.574Z</time>
			</trkpt>
			<trkpt lat="40.0567" lon="20.8565">
				<ele>893.8</ele>
				<time>2026-08-06T16:44:55.971Z</time>
			</trkpt>
			<trkpt lat="40.05663" lon="20.85667">
				<ele>894.97</ele>
				<time>2026-08-06T16:44:56.899Z</time>
			</trkpt>
			<trkpt lat="40.05654" lon="20.85681">
				<ele>895.9</ele>
				<time>2026-08-06T16:44:57.777Z</time>
			</trkpt>
			<trkpt lat="40.05646" lon="20.85687">
				<ele>896.27</ele>
				<time>2026-08-06T16:44:58.356Z</time>
			</trkpt>
			<trkpt lat="40.05638" lon="20.85687">
				<ele>896.24</ele>
				<time>2026-08-06T16:44:58.859Z</time>
			</trkpt>
			<trkpt lat="40.05577" lon="20.85679">
				<ele>890.87</ele>
				<time>2026-08-06T16:45:02.710Z</time>
			</trkpt>
			<trkpt lat="40.0557" lon="20.85682">
				<ele>892.68</ele>
				<time>2026-08-06T16:45:03.173Z</time>
			</trkpt>
			<trkpt lat="40.05543" lon="20.85702">
				<ele>900.66</ele>
				<time>2026-08-06T16:45:05.124Z</time>
			</trkpt>
			<trkpt lat="40.05532" lon="20.85706">
				<ele>902.24</ele>
				<time>2026-08-06T16:45:05.842Z</time>
			</trkpt>
			<trkpt lat="40.05521" lon="20.85703">
				<ele>901.41</ele>
				<time>2026-08-06T16:45:06.549Z</time>
			</trkpt>
			<trkpt lat="40.05479" lon="20.85681">
				<ele>893.85</ele>
				<time>2026-08-06T16:45:09.395Z</time>
			</trkpt>
			<trkpt lat="40.05466" lon="20.85677">
				<ele>893.54</ele>
				<time>2026-08-06T16:45:10.236Z</time>
			</trkpt>
			<trkpt lat="40.05452" lon="20.85678">
				<ele>895.55</ele>
				<time>2026-08-06T16:45:11.118Z</time>
			</trkpt>
			<trkpt lat="40.05383" lon="20.85694">
				<ele>901.05</ele>
				<time>2026-08-06T16:45:15.532Z</time>
			</trkpt>
			<trkpt lat="40.05325" lon="20.85697">
				<ele>908.67</ele>
				<time>2026-08-06T16:45:19.190Z</time>
			</trkpt>
			<trkpt lat="40.05301" lon="20.85692">
				<ele>907.46</ele>
				<time>2026-08-06T16:45:20.722Z</time>
			</trkpt>
			<trkpt lat="40.05294" lon="20.85692">
				<ele>907.25</ele>
				<time>2026-08-06T16:45:21.164Z</time>
			</trkpt>
			<trkpt lat="40.05287" lon="20.85697">
				<ele>908.05</ele>
				<time>2026-08-06T16:45:21.667Z</time>
			</trkpt>
			<trkpt lat="40.05268" lon="20.85725">
				<ele>916.52</ele>
				<time>2026-08-06T16:45:23.474Z</time>
			</trkpt>
			<trkpt lat="40.05254" lon="20.85744">
				<ele>922.37</ele>
				<time>2026-08-06T16:45:24.748Z</time>
			</trkpt>
			<trkpt lat="40.05249" lon="20.85748">
				<ele>923.91</ele>
				<time>2026-08-06T16:45:25.118Z</time>
			</trkpt>
			<trkpt lat="40.0524" lon="20.8575">
				<ele>926.54</ele>
				<time>2026-08-06T16:45:25.695Z</time>
			</trkpt>
			<trkpt lat="40.05223" lon="20.85743">
				<ele>929.21</ele>
				<time>2026-08-06T16:45:26.820Z</time>
			</trkpt>
			<trkpt lat="40.05212" lon="20.85743">
				<ele>929.89</ele>
				<time>2026-08-06T16:45:27.515Z</time>
			</trkpt>
			<trkpt lat="40.05174" lon="20.85758">
				<ele>936.57</ele>
				<time>2026-08-06T16:45:30.023Z</time>
			</trkpt>
			<trkpt lat="40.05142" lon="20.85774">
				<ele>941.96</ele>
				<time>2026-08-06T16:45:32.188Z</time>
			</trkpt>
			<trkpt lat="40.05129" lon="20.85776">
				<ele>944.77</ele>
				<time>2026-08-06T16:45:33.016Z</time>
			</trkpt>
			<trkpt lat="40.05123" lon="20.85774">
				<ele>945.55</ele>
				<time>2026-08-06T16:45:33.407Z</time>
			</trkpt>
			<trkpt lat="40.05119" lon="20.8577">
				<ele>945.61</ele>
				<time>2026-08-06T16:45:33.726Z</time>
			</trkpt>
			<trkpt lat="40.05107" lon="20.85741">
				<ele>943.71</ele>
				<time>2026-08-06T16:45:35.322Z</time>
			</trkpt>
			<trkpt lat="40.05105" lon="20.85731">
				<ele>942.9</ele>
				<time>2026-08-06T16:45:35.822Z</time>
			</trkpt>
			<trkpt lat="40.05103" lon="20.85713">
				<ele>940.15</ele>
				<time>2026-08-06T16:45:36.703Z</time>
			</trkpt>
			<trkpt lat="40.05111" lon="20.85669">
				<ele>934.79</ele>
				<time>2026-08-06T16:45:38.894Z</time>
			</trkpt>
			<trkpt lat="40.05109" lon="20.8566">
				<ele>935.86</ele>
				<time>2026-08-06T16:45:39.348Z</time>
			</trkpt>
			<trkpt lat="40.05103" lon="20.85653">
				<ele>937.82</ele>
				<time>2026-08-06T16:45:39.858Z</time>
			</trkpt>
			<trkpt lat="40.05096" lon="20.85653">
				<ele>939.4</ele>
				<time>2026-08-06T16:45:40.301Z</time>
			</trkpt>
			<trkpt lat="40.05091" lon="20.85657">
				<ele>940.69</ele>
				<time>2026-08-06T16:45:40.672Z</time>
			</trkpt>
			<trkpt lat="40.05081" lon="20.85668">
				<ele>942.56</ele>
				<time>2026-08-06T16:45:41.500Z</time>
			</trkpt>
			<trkpt lat="40.05069" lon="20.85687">
				<ele>941.51</ele>
				<time>2026-08-06T16:45:42.695Z</time>
			</trkpt>
			<trkpt lat="40.05065" lon="20.85699">
				<ele>942.91</ele>
				<time>2026-08-06T16:45:43.329Z</time>
			</trkpt>
			<trkpt lat="40.05061" lon="20.85735">
				<ele>950.21</ele>
				<time>2026-08-06T16:45:45.094Z</time>
			</trkpt>
			<trkpt lat="40.05057" lon="20.85747">
				<ele>952.59</ele>
				<time>2026-08-06T16:45:45.729Z</time>
			</trkpt>
			<trkpt lat="40.05029" lon="20.85806">
				<ele>956.27</ele>
				<time>2026-08-06T16:45:49.099Z</time>
			</trkpt>
			<trkpt lat="40.05027" lon="20.85818">
				<ele>955.92</ele>
				<time>2026-08-06T16:45:49.696Z</time>
			</trkpt>
			<trkpt lat="40.05029" lon="20.85863">
				<ele>957.93</ele>
				<time>2026-08-06T16:45:51.885Z</time>
			</trkpt>
			<trkpt lat="40.05023" lon="20.85894">
				<ele>960.28</ele>
				<time>2026-08-06T16:45:53.439Z</time>
			</trkpt>
			<trkpt lat="40.04997" lon="20.86">
				<ele>965.2</ele>
				<time>2026-08-06T16:45:58.853Z</time>
			</trkpt>
			<trkpt lat="40.04991" lon="20.86012">
				<ele>965.11</ele>
				<time>2026-08-06T16:45:59.550Z</time>
			</trkpt>
			<trkpt lat="40.04973" lon="20.86041">
				<ele>961.35</ele>
				<time>2026-08-06T16:46:01.368Z</time>
			</trkpt>
			<trkpt lat="40.0497" lon="20.86052">
				<ele>961.29</ele>
				<time>2026-08-06T16:46:01.937Z</time>
			</trkpt>
			<trkpt lat="40.0497" lon="20.86061">
				<ele>961.99</ele>
				<time>2026-08-06T16:46:02.375Z</time>
			</trkpt>
			<trkpt lat="40.04976" lon="20.86086">
				<ele>965.19</ele>
				<time>2026-08-06T16:46:03.651Z</time>
			</trkpt>
			<trkpt lat="40.04995" lon="20.86143">
				<ele>964.97</ele>
				<time>2026-08-06T16:46:06.681Z</time>
			</trkpt>
			<trkpt lat="40.05" lon="20.86154">
				<ele>964.81</ele>
				<time>2026-08-06T16:46:07.304Z</time>
			</trkpt>
			<trkpt lat="40.05007" lon="20.86166">
				<ele>965.21</ele>
				<time>2026-08-06T16:46:08.040Z</time>
			</trkpt>
			<trkpt lat="40.05039" lon="20.86204">
				<ele>968.47</ele>
				<time>2026-08-06T16:46:10.795Z</time>
			</trkpt>
			<trkpt lat="40.05059" lon="20.86232">
				<ele>970.51</ele>
				<time>2026-08-06T16:46:12.664Z</time>
			</trkpt>
			<trkpt lat="40.05065" lon="20.86246">
				<ele>971.84</ele>
				<time>2026-08-06T16:46:13.447Z</time>
			</trkpt>
			<trkpt lat="40.05078" lon="20.86293">
				<ele>974.9</ele>
				<time>2026-08-06T16:46:15.887Z</time>
			</trkpt>
			<trkpt lat="40.05083" lon="20.86319">
				<ele>976.54</ele>
				<time>2026-08-06T16:46:17.197Z</time>
			</trkpt>
			<trkpt lat="40.05082" lon="20.8635">
				<ele>975.93</ele>
				<time>2026-08-06T16:46:18.713Z</time>
			</trkpt>
			<trkpt lat="40.05075" lon="20.86394">
				<ele>975.67</ele>
				<time>2026-08-06T16:46:20.910Z</time>
			</trkpt>
			<trkpt lat="40.05071" lon="20.86405">
				<ele>975.8</ele>
				<time>2026-08-06T16:46:21.506Z</time>
			</trkpt>
			<trkpt lat="40.05066" lon="20.86415">
				<ele>975.29</ele>
				<time>2026-08-06T16:46:22.090Z</time>
			</trkpt>
			<trkpt lat="40.05048" lon="20.86432">
				<ele>974.33</ele>
				<time>2026-08-06T16:46:23.509Z</time>
			</trkpt>
			<trkpt lat="40.05021" lon="20.86465">
				<ele>982.3</ele>
				<time>2026-08-06T16:46:25.873Z</time>
			</trkpt>
			<trkpt lat="40.04997" lon="20.86499">
				<ele>988.54</ele>
				<time>2026-08-06T16:46:28.138Z</time>
			</trkpt>
			<trkpt lat="40.04981" lon="20.86509">
				<ele>986.37</ele>
				<time>2026-08-06T16:46:29.273Z</time>
			</trkpt>
			<trkpt lat="40.04943" lon="20.8652">
				<ele>980.25</ele>
				<time>2026-08-06T16:46:31.764Z</time>
			</trkpt>
			<trkpt lat="40.04925" lon="20.86531">
				<ele>981.11</ele>
				<time>2026-08-06T16:46:33.037Z</time>
			</trkpt>
			<trkpt lat="40.04914" lon="20.86543">
				<ele>981.7</ele>
				<time>2026-08-06T16:46:33.955Z</time>
			</trkpt>
			<trkpt lat="40.04889" lon="20.86579">
				<ele>986.8</ele>
				<time>2026-08-06T16:46:36.339Z</time>
			</trkpt>
			<trkpt lat="40.04864" lon="20.86603">
				<ele>980.42</ele>
				<time>2026-08-06T16:46:38.328Z</time>
			</trkpt>
			<trkpt lat="40.04859" lon="20.86613">
				<ele>979.57</ele>
				<time>2026-08-06T16:46:38.915Z</time>
			</trkpt>
			<trkpt lat="40.04857" lon="20.86624">
				<ele>979.99</ele>
				<time>2026-08-06T16:46:39.470Z</time>
			</trkpt>
			<trkpt lat="40.04859" lon="20.86636">
				<ele>982.77</ele>
				<time>2026-08-06T16:46:40.073Z</time>
			</trkpt>
			<trkpt lat="40.04862" lon="20.86645">
				<ele>984.53</ele>
				<time>2026-08-06T16:46:40.555Z</time>
			</trkpt>
			<trkpt lat="40.04902" lon="20.86687">
				<ele>997.64</ele>
				<time>2026-08-06T16:46:43.849Z</time>
			</trkpt>
			<trkpt lat="40.04919" lon="20.86726">
				<ele>994.05</ele>
				<time>2026-08-06T16:46:46.055Z</time>
			</trkpt>
			<trkpt lat="40.0493" lon="20.86739">
				<ele>991.28</ele>
				<time>2026-08-06T16:46:47.008Z</time>
			</trkpt>
			<trkpt lat="40.04939" lon="20.86742">
				<ele>991.75</ele>
				<time>2026-08-06T16:46:47.605Z</time>
			</trkpt>
			<trkpt lat="40.0495" lon="20.86741">
				<ele>992.69</ele>
				<time>2026-08-06T16:46:48.314Z</time>
			</trkpt>
			<trkpt lat="40.05037" lon="20.86721">
				<ele>1001.78</ele>
				<time>2026-08-06T16:46:53.995Z</time>
			</trkpt>
			<trkpt lat="40.05046" lon="20.8672">
				<ele>1002.5</ele>
				<time>2026-08-06T16:46:54.576Z</time>
			</trkpt>
			<trkpt lat="40.05063" lon="20.86724">
				<ele>1003.36</ele>
				<time>2026-08-06T16:46:55.688Z</time>
			</trkpt>
			<trkpt lat="40.05077" lon="20.86731">
				<ele>1004.58</ele>
				<time>2026-08-06T16:46:56.654Z</time>
			</trkpt>
			<trkpt lat="40.05084" lon="20.86737">
				<ele>1003.59</ele>
				<time>2026-08-06T16:46:57.193Z</time>
			</trkpt>
			<trkpt lat="40.05087" lon="20.86746">
				<ele>999.96</ele>
				<time>2026-08-06T16:46:57.677Z</time>
			</trkpt>
			<trkpt lat="40.05087" lon="20.86755">
				<ele>997.84</ele>
				<time>2026-08-06T16:46:58.120Z</time>
			</trkpt>
			<trkpt lat="40.05084" lon="20.86763">
				<ele>996.53</ele>
				<time>2026-08-06T16:46:58.560Z</time>
			</trkpt>
			<trkpt lat="40.05064" lon="20.86783">
				<ele>987.11</ele>
				<time>2026-08-06T16:47:00.183Z</time>
			</trkpt>
			<trkpt lat="40.05057" lon="20.86794">
				<ele>984.73</ele>
				<time>2026-08-06T16:47:00.888Z</time>
			</trkpt>
			<trkpt lat="40.05021" lon="20.86874">
				<ele>984.09</ele>
				<time>2026-08-06T16:47:05.470Z</time>
			</trkpt>
			<trkpt lat="40.0502" lon="20.8689">
				<ele>986.01</ele>
				<time>2026-08-06T16:47:06.263Z</time>
			</trkpt>
			<trkpt lat="40.05023" lon="20.869">
				<ele>987.61</ele>
				<time>2026-08-06T16:47:06.794Z</time>
			</trkpt>
			<trkpt lat="40.05039" lon="20.86919">
				<ele>995.34</ele>
				<time>2026-08-06T16:47:08.190Z</time>
			</trkpt>
			<trkpt lat="40.05044" lon="20.8693">
				<ele>997.24</ele>
				<time>2026-08-06T16:47:08.822Z</time>
			</trkpt>
			<trkpt lat="40.05046" lon="20.8694">
				<ele>997.41</ele>
				<time>2026-08-06T16:47:09.333Z</time>
			</trkpt>
			<trkpt lat="40.05043" lon="20.86956">
				<ele>997.88</ele>
				<time>2026-08-06T16:47:10.147Z</time>
			</trkpt>
			<trkpt lat="40.05038" lon="20.86965">
				<ele>997.45</ele>
				<time>2026-08-06T16:47:10.697Z</time>
			</trkpt>
			<trkpt lat="40.05028" lon="20.86981">
				<ele>998.37</ele>
				<time>2026-08-06T16:47:11.719Z</time>
			</trkpt>
			<trkpt lat="40.05012" lon="20.86999">
				<ele>997.93</ele>
				<time>2026-08-06T16:47:13.084Z</time>
			</trkpt>
			<trkpt lat="40.04985" lon="20.87024">
				<ele>991.43</ele>
				<time>2026-08-06T16:47:15.224Z</time>
			</trkpt>
			<trkpt lat="40.04977" lon="20.87035">
				<ele>989.58</ele>
				<time>2026-08-06T16:47:15.975Z</time>
			</trkpt>
			<trkpt lat="40.04968" lon="20.87054">
				<ele>991.29</ele>
				<time>2026-08-06T16:47:17.081Z</time>
			</trkpt>
			<trkpt lat="40.04951" lon="20.87115">
				<ele>1002.69</ele>
				<time>2026-08-06T16:47:20.298Z</time>
			</trkpt>
			<trkpt lat="40.04949" lon="20.87135">
				<ele>1004.96</ele>
				<time>2026-08-06T16:47:21.298Z</time>
			</trkpt>
			<trkpt lat="40.04951" lon="20.87153">
				<ele>1009.02</ele>
				<time>2026-08-06T16:47:22.200Z</time>
			</trkpt>
			<trkpt lat="40.04958" lon="20.87176">
				<ele>1012.84</ele>
				<time>2026-08-06T16:47:23.427Z</time>
			</trkpt>
			<trkpt lat="40.04966" lon="20.87216">
				<ele>1010.82</ele>
				<time>2026-08-06T16:47:25.479Z</time>
			</trkpt>
			<trkpt lat="40.04985" lon="20.87266">
				<ele>1019.42</ele>
				<time>2026-08-06T16:47:28.250Z</time>
			</trkpt>
			<trkpt lat="40.04986" lon="20.87274">
				<ele>1021.12</ele>
				<time>2026-08-06T16:47:28.653Z</time>
			</trkpt>
			<trkpt lat="40.04981" lon="20.87282">
				<ele>1020.92</ele>
				<time>2026-08-06T16:47:29.166Z</time>
			</trkpt>
			<trkpt lat="40.04971" lon="20.87286">
				<ele>1017.73</ele>
				<time>2026-08-06T16:47:29.844Z</time>
			</trkpt>
			<trkpt lat="40.04926" lon="20.87292">
				<ele>1007.61</ele>
				<time>2026-08-06T16:47:32.781Z</time>
			</trkpt>
			<trkpt lat="40.04918" lon="20.873">
				<ele>1007.62</ele>
				<time>2026-08-06T16:47:33.436Z</time>
			</trkpt>
			<trkpt lat="40.04915" lon="20.87315">
				<ele>1008.93</ele>
				<time>2026-08-06T16:47:34.207Z</time>
			</trkpt>
			<trkpt lat="40.04927" lon="20.8736">
				<ele>1018.28</ele>
				<time>2026-08-06T16:47:36.577Z</time>
			</trkpt>
			<trkpt lat="40.04936" lon="20.87415">
				<ele>1022.89</ele>
				<time>2026-08-06T16:47:39.377Z</time>
			</trkpt>
			<trkpt lat="40.04964" lon="20.87475">
				<ele>1036.52</ele>
				<time>2026-08-06T16:47:42.878Z</time>
			</trkpt>
			<trkpt lat="40.04965" lon="20.87486">
				<ele>1039.15</ele>
				<time>2026-08-06T16:47:43.430Z</time>
			</trkpt>
			<trkpt lat="40.04961" lon="20.87492">
				<ele>1039.73</ele>
				<time>2026-08-06T16:47:43.826Z</time>
			</trkpt>
			<trkpt lat="40.04947" lon="20.87507">
				<ele>1041.93</ele>
				<time>2026-08-06T16:47:45.006Z</time>
			</trkpt>
			<trkpt lat="40.0494" lon="20.87507">
				<ele>1042.27</ele>
				<time>2026-08-06T16:47:45.462Z</time>
			</trkpt>
			<trkpt lat="40.04913" lon="20.87491">
				<ele>1038.27</ele>
				<time>2026-08-06T16:47:47.394Z</time>
			</trkpt>
			<trkpt lat="40.04884" lon="20.87478">
				<ele>1033.1</ele>
				<time>2026-08-06T16:47:49.393Z</time>
			</trkpt>
			<trkpt lat="40.04859" lon="20.87473">
				<ele>1028.18</ele>
				<time>2026-08-06T16:47:51.042Z</time>
			</trkpt>
			<trkpt lat="40.0483" lon="20.87476">
				<ele>1037</ele>
				<time>2026-08-06T16:47:52.940Z</time>
			</trkpt>
			<trkpt lat="40.04803" lon="20.87476">
				<ele>1037.88</ele>
				<time>2026-08-06T16:47:54.703Z</time>
			</trkpt>
			<trkpt lat="40.0479" lon="20.87478">
				<ele>1037.51</ele>
				<time>2026-08-06T16:47:55.558Z</time>
			</trkpt>
			<trkpt lat="40.04778" lon="20.87484">
				<ele>1038.05</ele>
				<time>2026-08-06T16:47:56.397Z</time>
			</trkpt>
			<trkpt lat="40.04772" lon="20.87489">
				<ele>1038.38</ele>
				<time>2026-08-06T16:47:56.862Z</time>
			</trkpt>
			<trkpt lat="40.04741" lon="20.87523">
				<ele>1043.53</ele>
				<time>2026-08-06T16:47:59.507Z</time>
			</trkpt>
			<trkpt lat="40.04726" lon="20.87529">
				<ele>1043.73</ele>
				<time>2026-08-06T16:48:00.533Z</time>
			</trkpt>
			<trkpt lat="40.04715" lon="20.87529">
				<ele>1043.38</ele>
				<time>2026-08-06T16:48:01.252Z</time>
			</trkpt>
			<trkpt lat="40.0469" lon="20.87519">
				<ele>1041.6</ele>
				<time>2026-08-06T16:48:02.963Z</time>
			</trkpt>
			<trkpt lat="40.04671" lon="20.87517">
				<ele>1046.09</ele>
				<time>2026-08-06T16:48:04.210Z</time>
			</trkpt>
			<trkpt lat="40.04652" lon="20.87519">
				<ele>1048.69</ele>
				<time>2026-08-06T16:48:05.458Z</time>
			</trkpt>
			<trkpt lat="40.04624" lon="20.87519">
				<ele>1050.58</ele>
				<time>2026-08-06T16:48:07.291Z</time>
			</trkpt>
			<trkpt lat="40.04606" lon="20.87515">
				<ele>1051.82</ele>
				<time>2026-08-06T16:48:08.488Z</time>
			</trkpt>
			<trkpt lat="40.046" lon="20.87511">
				<ele>1051.39</ele>
				<time>2026-08-06T16:48:08.929Z</time>
			</trkpt>
			<trkpt lat="40.04595" lon="20.87504">
				<ele>1049.57</ele>
				<time>2026-08-06T16:48:09.409Z</time>
			</trkpt>
			<trkpt lat="40.04592" lon="20.87496">
				<ele>1047.17</ele>
				<time>2026-08-06T16:48:09.856Z</time>
			</trkpt>
			<trkpt lat="40.04588" lon="20.87473">
				<ele>1042.48</ele>
				<time>2026-08-06T16:48:11.040Z</time>
			</trkpt>
			<trkpt lat="40.04581" lon="20.87461">
				<ele>1041.77</ele>
				<time>2026-08-06T16:48:11.797Z</time>
			</trkpt>
			<trkpt lat="40.04569" lon="20.87454">
				<ele>1042.16</ele>
				<time>2026-08-06T16:48:12.659Z</time>
			</trkpt>
			<trkpt lat="40.0455" lon="20.87451">
				<ele>1045.95</ele>
				<time>2026-08-06T16:48:13.914Z</time>
			</trkpt>
			<trkpt lat="40.04541" lon="20.87445">
				<ele>1049.4</ele>
				<time>2026-08-06T16:48:14.577Z</time>
			</trkpt>
			<trkpt lat="40.04537" lon="20.87438">
				<ele>1050.77</ele>
				<time>2026-08-06T16:48:15.016Z</time>
			</trkpt>
			<trkpt lat="40.04534" lon="20.87427">
				<ele>1050.56</ele>
				<time>2026-08-06T16:48:15.603Z</time>
			</trkpt>
			<trkpt lat="40.0453" lon="20.87368">
				<ele>1048.61</ele>
				<time>2026-08-06T16:48:18.580Z</time>
			</trkpt>
			<trkpt lat="40.04528" lon="20.87354">
				<ele>1047.41</ele>
				<time>2026-08-06T16:48:19.296Z</time>
			</trkpt>
			<trkpt lat="40.04519" lon="20.87337">
				<ele>1045.51</ele>
				<time>2026-08-06T16:48:20.336Z</time>
			</trkpt>
			<trkpt lat="40.04509" lon="20.87329">
				<ele>1045.13</ele>
				<time>2026-08-06T16:48:21.107Z</time>
			</trkpt>
			<trkpt lat="40.04497" lon="20.87327">
				<ele>1046.22</ele>
				<time>2026-08-06T16:48:21.902Z</time>
			</trkpt>
			<trkpt lat="40.04457" lon="20.87338">
				<ele>1062.22</ele>
				<time>2026-08-06T16:48:24.590Z</time>
			</trkpt>
			<trkpt lat="40.04437" lon="20.8734">
				<ele>1073.14</ele>
				<time>2026-08-06T16:48:25.910Z</time>
			</trkpt>
			<trkpt lat="40.04428" lon="20.87338">
				<ele>1076.01</ele>
				<time>2026-08-06T16:48:26.511Z</time>
			</trkpt>
			<trkpt lat="40.04418" lon="20.87334">
				<ele>1077.7</ele>
				<time>2026-08-06T16:48:27.199Z</time>
			</trkpt>
			<trkpt lat="40.04395" lon="20.87316">
				<ele>1078.14</ele>
				<time>2026-08-06T16:48:28.965Z</time>
			</trkpt>
			<trkpt lat="40.04383" lon="20.8731">
				<ele>1079.95</ele>
				<time>2026-08-06T16:48:29.811Z</time>
			</trkpt>
			<trkpt lat="40.04373" lon="20.87309">
				<ele>1081.65</ele>
				<time>2026-08-06T16:48:30.472Z</time>
			</trkpt>
			<trkpt lat="40.04336" lon="20.87313">
				<ele>1083.17</ele>
				<time>2026-08-06T16:48:32.918Z</time>
			</trkpt>
			<trkpt lat="40.04304" lon="20.87306">
				<ele>1081.57</ele>
				<time>2026-08-06T16:48:35.058Z</time>
			</trkpt>
			<trkpt lat="40.04272" lon="20.87309">
				<ele>1091.2</ele>
				<time>2026-08-06T16:48:37.175Z</time>
			</trkpt>
			<trkpt lat="40.0426" lon="20.87307">
				<ele>1093.89</ele>
				<time>2026-08-06T16:48:37.973Z</time>
			</trkpt>
			<trkpt lat="40.04245" lon="20.87301">
				<ele>1094.22</ele>
				<time>2026-08-06T16:48:39.009Z</time>
			</trkpt>
			<trkpt lat="40.04234" lon="20.87293">
				<ele>1092.29</ele>
				<time>2026-08-06T16:48:39.840Z</time>
			</trkpt>
			<trkpt lat="40.04176" lon="20.87248">
				<ele>1080.84</ele>
				<time>2026-08-06T16:48:44.298Z</time>
			</trkpt>
			<trkpt lat="40.04163" lon="20.87243">
				<ele>1078.83</ele>
				<time>2026-08-06T16:48:45.194Z</time>
			</trkpt>
			<trkpt lat="40.0415" lon="20.87242">
				<ele>1075.17</ele>
				<time>2026-08-06T16:48:46.056Z</time>
			</trkpt>
			<trkpt lat="40.04138" lon="20.87247">
				<ele>1073.14</ele>
				<time>2026-08-06T16:48:46.889Z</time>
			</trkpt>
			<trkpt lat="40.04125" lon="20.87259">
				<ele>1070.51</ele>
				<time>2026-08-06T16:48:47.942Z</time>
			</trkpt>
			<trkpt lat="40.04117" lon="20.87277">
				<ele>1071.47</ele>
				<time>2026-08-06T16:48:48.997Z</time>
			</trkpt>
			<trkpt lat="40.0411" lon="20.87308">
				<ele>1085.25</ele>
				<time>2026-08-06T16:48:50.635Z</time>
			</trkpt>
			<trkpt lat="40.04106" lon="20.87317">
				<ele>1088.58</ele>
				<time>2026-08-06T16:48:51.163Z</time>
			</trkpt>
			<trkpt lat="40.04073" lon="20.87353">
				<ele>1087.22</ele>
				<time>2026-08-06T16:48:54.012Z</time>
			</trkpt>
			<trkpt lat="40.04065" lon="20.87366">
				<ele>1086.77</ele>
				<time>2026-08-06T16:48:54.858Z</time>
			</trkpt>
			<trkpt lat="40.04059" lon="20.87391">
				<ele>1091.92</ele>
				<time>2026-08-06T16:48:56.188Z</time>
			</trkpt>
			<trkpt lat="40.04058" lon="20.87443">
				<ele>1112.6</ele>
				<time>2026-08-06T16:48:58.830Z</time>
			</trkpt>
			<trkpt lat="40.04053" lon="20.87459">
				<ele>1117.73</ele>
				<time>2026-08-06T16:48:59.709Z</time>
			</trkpt>
			<trkpt lat="40.04046" lon="20.87467">
				<ele>1119.01</ele>
				<time>2026-08-06T16:49:00.326Z</time>
			</trkpt>
			<trkpt lat="40.04029" lon="20.87477">
				<ele>1118.54</ele>
				<time>2026-08-06T16:49:01.564Z</time>
			</trkpt>
			<trkpt lat="40.04002" lon="20.87491">
				<ele>1114.78</ele>
				<time>2026-08-06T16:49:03.494Z</time>
			</trkpt>
			<trkpt lat="40.03982" lon="20.87497">
				<ele>1109.19</ele>
				<time>2026-08-06T16:49:04.858Z</time>
			</trkpt>
			<trkpt lat="40.03969" lon="20.87506">
				<ele>1108.34</ele>
				<time>2026-08-06T16:49:05.836Z</time>
			</trkpt>
			<trkpt lat="40.03926" lon="20.87551">
				<ele>1111.3</ele>
				<time>2026-08-06T16:49:09.501Z</time>
			</trkpt>
			<trkpt lat="40.03909" lon="20.87572">
				<ele>1108.98</ele>
				<time>2026-08-06T16:49:11.059Z</time>
			</trkpt>
			<trkpt lat="40.03905" lon="20.8758">
				<ele>1108.72</ele>
				<time>2026-08-06T16:49:11.546Z</time>
			</trkpt>
			<trkpt lat="40.03905" lon="20.87588">
				<ele>1108.72</ele>
				<time>2026-08-06T16:49:11.954Z</time>
			</trkpt>
			<trkpt lat="40.03909" lon="20.87603">
				<ele>1110.05</ele>
				<time>2026-08-06T16:49:12.764Z</time>
			</trkpt>
			<trkpt lat="40.03918" lon="20.87622">
				<ele>1112.97</ele>
				<time>2026-08-06T16:49:13.904Z</time>
			</trkpt>
			<trkpt lat="40.03919" lon="20.87637">
				<ele>1113.84</ele>
				<time>2026-08-06T16:49:14.672Z</time>
			</trkpt>
			<trkpt lat="40.03908" lon="20.87703">
				<ele>1111.86</ele>
				<time>2026-08-06T16:49:18.120Z</time>
			</trkpt>
			<trkpt lat="40.03898" lon="20.87741">
				<ele>1109.45</ele>
				<time>2026-08-06T16:49:20.172Z</time>
			</trkpt>
			<trkpt lat="40.03897" lon="20.8776">
				<ele>1109.18</ele>
				<time>2026-08-06T16:49:21.146Z</time>
			</trkpt>
			<trkpt lat="40.03902" lon="20.87782">
				<ele>1109</ele>
				<time>2026-08-06T16:49:22.319Z</time>
			</trkpt>
			<trkpt lat="40.03917" lon="20.8781">
				<ele>1108.9</ele>
				<time>2026-08-06T16:49:24.067Z</time>
			</trkpt>
			<trkpt lat="40.03919" lon="20.87821">
				<ele>1108.99</ele>
				<time>2026-08-06T16:49:24.645Z</time>
			</trkpt>
			<trkpt lat="40.03919" lon="20.87832">
				<ele>1108.57</ele>
				<time>2026-08-06T16:49:25.208Z</time>
			</trkpt>
			<trkpt lat="40.03914" lon="20.87848">
				<ele>1108.85</ele>
				<time>2026-08-06T16:49:26.092Z</time>
			</trkpt>
			<trkpt lat="40.039" lon="20.87881">
				<ele>1106.4</ele>
				<time>2026-08-06T16:49:28.023Z</time>
			</trkpt>
			<trkpt lat="40.03881" lon="20.87921">
				<ele>1101.41</ele>
				<time>2026-08-06T16:49:30.435Z</time>
			</trkpt>
			<trkpt lat="40.0386" lon="20.87979">
				<ele>1102.78</ele>
				<time>2026-08-06T16:49:33.723Z</time>
			</trkpt>
			<trkpt lat="40.0384" lon="20.88021">
				<ele>1099.3</ele>
				<time>2026-08-06T16:49:36.261Z</time>
			</trkpt>
			<trkpt lat="40.03813" lon="20.8806">
				<ele>1093.34</ele>
				<time>2026-08-06T16:49:38.960Z</time>
			</trkpt>
			<trkpt lat="40.03804" lon="20.88078">
				<ele>1092.56</ele>
				<time>2026-08-06T16:49:40.064Z</time>
			</trkpt>
			<trkpt lat="40.03801" lon="20.88092">
				<ele>1092.9</ele>
				<time>2026-08-06T16:49:40.811Z</time>
			</trkpt>
			<trkpt lat="40.03799" lon="20.88113">
				<ele>1092.94</ele>
				<time>2026-08-06T16:49:41.899Z</time>
			</trkpt>
			<trkpt lat="40.03799" lon="20.88138">
				<ele>1090.79</ele>
				<time>2026-08-06T16:49:43.184Z</time>
			</trkpt>
			<trkpt lat="40.03802" lon="20.88159">
				<ele>1090.39</ele>
				<time>2026-08-06T16:49:44.283Z</time>
			</trkpt>
			<trkpt lat="40.03808" lon="20.88177">
				<ele>1091.01</ele>
				<time>2026-08-06T16:49:45.292Z</time>
			</trkpt>
			<trkpt lat="40.03817" lon="20.88191">
				<ele>1091.89</ele>
				<time>2026-08-06T16:49:46.233Z</time>
			</trkpt>
			<trkpt lat="40.03828" lon="20.88201">
				<ele>1092.58</ele>
				<time>2026-08-06T16:49:47.134Z</time>
			</trkpt>
			<trkpt lat="40.0384" lon="20.88208">
				<ele>1093.13</ele>
				<time>2026-08-06T16:49:48.018Z</time>
			</trkpt>
			<trkpt lat="40.03864" lon="20.88218">
				<ele>1094.25</ele>
				<time>2026-08-06T16:49:49.712Z</time>
			</trkpt>
			<trkpt lat="40.039" lon="20.88228">
				<ele>1093.85</ele>
				<time>2026-08-06T16:49:52.189Z</time>
			</trkpt>
			<trkpt lat="40.0393" lon="20.88246">
				<ele>1089.77</ele>
				<time>2026-08-06T16:49:54.412Z</time>
			</trkpt>
			<trkpt lat="40.03935" lon="20.88247">
				<ele>1089.45</ele>
				<time>2026-08-06T16:49:54.753Z</time>
			</trkpt>
			<trkpt lat="40.0395" lon="20.88246">
				<ele>1089.62</ele>
				<time>2026-08-06T16:49:55.765Z</time>
			</trkpt>
			<trkpt lat="40.03984" lon="20.88235">
				<ele>1090.62</ele>
				<time>2026-08-06T16:49:58.126Z</time>
			</trkpt>
			<trkpt lat="40.04012" lon="20.8824">
				<ele>1089.63</ele>
				<time>2026-08-06T16:50:00.032Z</time>
			</trkpt>
			<trkpt lat="40.04032" lon="20.8825">
				<ele>1088.98</ele>
				<time>2026-08-06T16:50:01.477Z</time>
			</trkpt>
			<trkpt lat="40.04063" lon="20.88275">
				<ele>1089.22</ele>
				<time>2026-08-06T16:50:03.936Z</time>
			</trkpt>
			<trkpt lat="40.04071" lon="20.88283">
				<ele>1089.53</ele>
				<time>2026-08-06T16:50:04.617Z</time>
			</trkpt>
			<trkpt lat="40.04079" lon="20.88301">
				<ele>1089.41</ele>
				<time>2026-08-06T16:50:05.693Z</time>
			</trkpt>
			<trkpt lat="40.04091" lon="20.88349">
				<ele>1086.01</ele>
				<time>2026-08-06T16:50:08.306Z</time>
			</trkpt>
			<trkpt lat="40.04096" lon="20.88357">
				<ele>1085.81</ele>
				<time>2026-08-06T16:50:08.841Z</time>
			</trkpt>
			<trkpt lat="40.04109" lon="20.88371">
				<ele>1087.24</ele>
				<time>2026-08-06T16:50:09.981Z</time>
			</trkpt>
			<trkpt lat="40.04112" lon="20.88376">
				<ele>1087.06</ele>
				<time>2026-08-06T16:50:10.310Z</time>
			</trkpt>
			<trkpt lat="40.04111" lon="20.88386">
				<ele>1085.36</ele>
				<time>2026-08-06T16:50:10.832Z</time>
			</trkpt>
			<trkpt lat="40.04099" lon="20.88402">
				<ele>1081.26</ele>
				<time>2026-08-06T16:50:11.993Z</time>
			</trkpt>
			<trkpt lat="40.04095" lon="20.88414">
				<ele>1079.02</ele>
				<time>2026-08-06T16:50:12.671Z</time>
			</trkpt>
			<trkpt lat="40.0409" lon="20.88466">
				<ele>1074.86</ele>
				<time>2026-08-06T16:50:15.388Z</time>
			</trkpt>
			<trkpt lat="40.04091" lon="20.8849">
				<ele>1073.56</ele>
				<time>2026-08-06T16:50:16.635Z</time>
			</trkpt>
			<trkpt lat="40.04103" lon="20.8854">
				<ele>1071.38</ele>
				<time>2026-08-06T16:50:19.355Z</time>
			</trkpt>
			<trkpt lat="40.04107" lon="20.88586">
				<ele>1069.11</ele>
				<time>2026-08-06T16:50:21.759Z</time>
			</trkpt>
			<trkpt lat="40.04111" lon="20.886">
				<ele>1068.82</ele>
				<time>2026-08-06T16:50:22.536Z</time>
			</trkpt>
			<trkpt lat="40.04115" lon="20.88608">
				<ele>1068.97</ele>
				<time>2026-08-06T16:50:23.033Z</time>
			</trkpt>
			<trkpt lat="40.04127" lon="20.88623">
				<ele>1070.25</ele>
				<time>2026-08-06T16:50:24.160Z</time>
			</trkpt>
			<trkpt lat="40.04152" lon="20.88643">
				<ele>1071.41</ele>
				<time>2026-08-06T16:50:26.152Z</time>
			</trkpt>
			<trkpt lat="40.04165" lon="20.8866">
				<ele>1071.95</ele>
				<time>2026-08-06T16:50:27.402Z</time>
			</trkpt>
			<trkpt lat="40.04163" lon="20.8867">
				<ele>1071.74</ele>
				<time>2026-08-06T16:50:27.940Z</time>
			</trkpt>
			<trkpt lat="40.04156" lon="20.88679">
				<ele>1071.28</ele>
				<time>2026-08-06T16:50:28.608Z</time>
			</trkpt>
			<trkpt lat="40.04118" lon="20.88698">
				<ele>1071.26</ele>
				<time>2026-08-06T16:50:31.376Z</time>
			</trkpt>
			<trkpt lat="40.04107" lon="20.887">
				<ele>1071.75</ele>
				<time>2026-08-06T16:50:32.132Z</time>
			</trkpt>
			<trkpt lat="40.0408" lon="20.88696">
				<ele>1070.67</ele>
				<time>2026-08-06T16:50:33.982Z</time>
			</trkpt>
			<trkpt lat="40.0406" lon="20.88704">
				<ele>1074.92</ele>
				<time>2026-08-06T16:50:35.406Z</time>
			</trkpt>
			<trkpt lat="40.04056" lon="20.88704">
				<ele>1075.39</ele>
				<time>2026-08-06T16:50:35.679Z</time>
			</trkpt>
			<trkpt lat="40.04047" lon="20.887">
				<ele>1074.82</ele>
				<time>2026-08-06T16:50:36.327Z</time>
			</trkpt>
			<trkpt lat="40.04016" lon="20.88668">
				<ele>1067.34</ele>
				<time>2026-08-06T16:50:39.020Z</time>
			</trkpt>
			<trkpt lat="40.04009" lon="20.88663">
				<ele>1065.28</ele>
				<time>2026-08-06T16:50:39.564Z</time>
			</trkpt>
			<trkpt lat="40.04001" lon="20.8866">
				<ele>1063.26</ele>
				<time>2026-08-06T16:50:40.132Z</time>
			</trkpt>
			<trkpt lat="40.03994" lon="20.88661">
				<ele>1062.48</ele>
				<time>2026-08-06T16:50:40.612Z</time>
			</trkpt>
			<trkpt lat="40.03989" lon="20.88666">
				<ele>1062.44</ele>
				<time>2026-08-06T16:50:41.042Z</time>
			</trkpt>
			<trkpt lat="40.03975" lon="20.88691">
				<ele>1065.45</ele>
				<time>2026-08-06T16:50:42.661Z</time>
			</trkpt>
			<trkpt lat="40.03966" lon="20.88702">
				<ele>1066.1</ele>
				<time>2026-08-06T16:50:43.502Z</time>
			</trkpt>
			<trkpt lat="40.03954" lon="20.8871">
				<ele>1065.16</ele>
				<time>2026-08-06T16:50:44.422Z</time>
			</trkpt>
			<trkpt lat="40.03941" lon="20.88714">
				<ele>1063.07</ele>
				<time>2026-08-06T16:50:45.334Z</time>
			</trkpt>
			<trkpt lat="40.03933" lon="20.88721">
				<ele>1061.46</ele>
				<time>2026-08-06T16:50:45.992Z</time>
			</trkpt>
			<trkpt lat="40.03928" lon="20.88734">
				<ele>1063.58</ele>
				<time>2026-08-06T16:50:46.753Z</time>
			</trkpt>
			<trkpt lat="40.03923" lon="20.8876">
				<ele>1070.83</ele>
				<time>2026-08-06T16:50:48.152Z</time>
			</trkpt>
			<trkpt lat="40.0392" lon="20.8877">
				<ele>1073.38</ele>
				<time>2026-08-06T16:50:48.711Z</time>
			</trkpt>
			<trkpt lat="40.03912" lon="20.88784">
				<ele>1076.06</ele>
				<time>2026-08-06T16:50:49.620Z</time>
			</trkpt>
			<trkpt lat="40.039" lon="20.88797">
				<ele>1078.65</ele>
				<time>2026-08-06T16:50:50.678Z</time>
			</trkpt>
			<trkpt lat="40.03883" lon="20.88807">
				<ele>1081.16</ele>
				<time>2026-08-06T16:50:51.941Z</time>
			</trkpt>
			<trkpt lat="40.03847" lon="20.88812">
				<ele>1075.08</ele>
				<time>2026-08-06T16:50:54.386Z</time>
			</trkpt>
			<trkpt lat="40.03806" lon="20.88835">
				<ele>1077.88</ele>
				<time>2026-08-06T16:50:57.385Z</time>
			</trkpt>
			<trkpt lat="40.03788" lon="20.8885">
				<ele>1079.42</ele>
				<time>2026-08-06T16:50:58.815Z</time>
			</trkpt>
			<trkpt lat="40.03769" lon="20.8888">
				<ele>1085.82</ele>
				<time>2026-08-06T16:51:00.806Z</time>
			</trkpt>
			<trkpt lat="40.03756" lon="20.88896">
				<ele>1086.81</ele>
				<time>2026-08-06T16:51:01.996Z</time>
			</trkpt>
			<trkpt lat="40.03748" lon="20.889">
				<ele>1085.71</ele>
				<time>2026-08-06T16:51:02.566Z</time>
			</trkpt>
			<trkpt lat="40.0372" lon="20.88897">
				<ele>1081.91</ele>
				<time>2026-08-06T16:51:04.431Z</time>
			</trkpt>
			<trkpt lat="40.0371" lon="20.88899">
				<ele>1080.24</ele>
				<time>2026-08-06T16:51:05.101Z</time>
			</trkpt>
			<trkpt lat="40.03681" lon="20.88921">
				<ele>1079.29</ele>
				<time>2026-08-06T16:51:07.318Z</time>
			</trkpt>
			<trkpt lat="40.03641" lon="20.8894">
				<ele>1076.21</ele>
				<time>2026-08-06T16:51:10.120Z</time>
			</trkpt>
			<trkpt lat="40.03619" lon="20.88953">
				<ele>1071.05</ele>
				<time>2026-08-06T16:51:11.704Z</time>
			</trkpt>
			<trkpt lat="40.03592" lon="20.88963">
				<ele>1060.09</ele>
				<time>2026-08-06T16:51:13.539Z</time>
			</trkpt>
			<trkpt lat="40.03587" lon="20.88968">
				<ele>1057.93</ele>
				<time>2026-08-06T16:51:13.950Z</time>
			</trkpt>
			<trkpt lat="40.03584" lon="20.88974">
				<ele>1056.33</ele>
				<time>2026-08-06T16:51:14.308Z</time>
			</trkpt>
			<trkpt lat="40.03584" lon="20.88981">
				<ele>1054.91</ele>
				<time>2026-08-06T16:51:14.658Z</time>
			</trkpt>
			<trkpt lat="40.03586" lon="20.88992">
				<ele>1054.15</ele>
				<time>2026-08-06T16:51:15.222Z</time>
			</trkpt>
			<trkpt lat="40.03598" lon="20.89027">
				<ele>1055.23</ele>
				<time>2026-08-06T16:51:17.131Z</time>
			</trkpt>
			<trkpt lat="40.03611" lon="20.89076">
				<ele>1050.99</ele>
				<time>2026-08-06T16:51:19.704Z</time>
			</trkpt>
			<trkpt lat="40.03633" lon="20.89132">
				<ele>1046.24</ele>
				<time>2026-08-06T16:51:22.812Z</time>
			</trkpt>
			<trkpt lat="40.03641" lon="20.89174">
				<ele>1044</ele>
				<time>2026-08-06T16:51:24.940Z</time>
			</trkpt>
			<trkpt lat="40.0365" lon="20.89207">
				<ele>1043.61</ele>
				<time>2026-08-06T16:51:26.657Z</time>
			</trkpt>
			<trkpt lat="40.0366" lon="20.89231">
				<ele>1045.82</ele>
				<time>2026-08-06T16:51:27.993Z</time>
			</trkpt>
			<trkpt lat="40.03663" lon="20.89244">
				<ele>1046.16</ele>
				<time>2026-08-06T16:51:28.656Z</time>
			</trkpt>
			<trkpt lat="40.03663" lon="20.89252">
				<ele>1045.61</ele>
				<time>2026-08-06T16:51:29.046Z</time>
			</trkpt>
			<trkpt lat="40.0366" lon="20.89258">
				<ele>1044.26</ele>
				<time>2026-08-06T16:51:29.395Z</time>
			</trkpt>
			<trkpt lat="40.03655" lon="20.89263">
				<ele>1042.41</ele>
				<time>2026-08-06T16:51:29.796Z</time>
			</trkpt>
			<trkpt lat="40.03649" lon="20.89263">
				<ele>1040.56</ele>
				<time>2026-08-06T16:51:30.177Z</time>
			</trkpt>
			<trkpt lat="40.03642" lon="20.89259">
				<ele>1038.33</ele>
				<time>2026-08-06T16:51:30.663Z</time>
			</trkpt>
			<trkpt lat="40.03622" lon="20.89225">
				<ele>1032.89</ele>
				<time>2026-08-06T16:51:32.744Z</time>
			</trkpt>
			<trkpt lat="40.03594" lon="20.89189">
				<ele>1023.55</ele>
				<time>2026-08-06T16:51:35.226Z</time>
			</trkpt>
			<trkpt lat="40.03581" lon="20.89155">
				<ele>1021.19</ele>
				<time>2026-08-06T16:51:37.058Z</time>
			</trkpt>
			<trkpt lat="40.03568" lon="20.89133">
				<ele>1019.18</ele>
				<time>2026-08-06T16:51:38.394Z</time>
			</trkpt>
			<trkpt lat="40.03502" lon="20.89046">
				<ele>1005.87</ele>
				<time>2026-08-06T16:51:44.249Z</time>
			</trkpt>
			<trkpt lat="40.03473" lon="20.89018">
				<ele>1000.21</ele>
				<time>2026-08-06T16:51:46.486Z</time>
			</trkpt>
			<trkpt lat="40.03448" lon="20.88998">
				<ele>996.65</ele>
				<time>2026-08-06T16:51:48.298Z</time>
			</trkpt>
			<trkpt lat="40.03433" lon="20.88982">
				<ele>994.45</ele>
				<time>2026-08-06T16:51:49.493Z</time>
			</trkpt>
			<trkpt lat="40.03412" lon="20.88952">
				<ele>991.52</ele>
				<time>2026-08-06T16:51:51.408Z</time>
			</trkpt>
			<trkpt lat="40.034" lon="20.88937">
				<ele>990.13</ele>
				<time>2026-08-06T16:51:52.428Z</time>
			</trkpt>
			<trkpt lat="40.03345" lon="20.88879">
				<ele>979.11</ele>
				<time>2026-08-06T16:51:56.749Z</time>
			</trkpt>
			<trkpt lat="40.03308" lon="20.88823">
				<ele>970.06</ele>
				<time>2026-08-06T16:52:00.189Z</time>
			</trkpt>
			<trkpt lat="40.03306" lon="20.88816">
				<ele>969.05</ele>
				<time>2026-08-06T16:52:00.536Z</time>
			</trkpt>
			<trkpt lat="40.03308" lon="20.88805">
				<ele>968.47</ele>
				<time>2026-08-06T16:52:01.060Z</time>
			</trkpt>
			<trkpt lat="40.03312" lon="20.88799">
				<ele>968.03</ele>
				<time>2026-08-06T16:52:01.428Z</time>
			</trkpt>
			<trkpt lat="40.03318" lon="20.88796">
				<ele>968.33</ele>
				<time>2026-08-06T16:52:01.817Z</time>
			</trkpt>
			<trkpt lat="40.03326" lon="20.88796">
				<ele>969.77</ele>
				<time>2026-08-06T16:52:02.300Z</time>
			</trkpt>
			<trkpt lat="40.03368" lon="20.88813">
				<ele>977.44</ele>
				<time>2026-08-06T16:52:04.950Z</time>
			</trkpt>
			<trkpt lat="40.03385" lon="20.88814">
				<ele>982.4</ele>
				<time>2026-08-06T16:52:05.972Z</time>
			</trkpt>
			<trkpt lat="40.03398" lon="20.88811">
				<ele>982.46</ele>
				<time>2026-08-06T16:52:06.765Z</time>
			</trkpt>
			<trkpt lat="40.03414" lon="20.88802">
				<ele>979.27</ele>
				<time>2026-08-06T16:52:07.808Z</time>
			</trkpt>
			<trkpt lat="40.03447" lon="20.88781">
				<ele>973.78</ele>
				<time>2026-08-06T16:52:10.003Z</time>
			</trkpt>
			<trkpt lat="40.0345" lon="20.88773">
				<ele>971.97</ele>
				<time>2026-08-06T16:52:10.409Z</time>
			</trkpt>
			<trkpt lat="40.03449" lon="20.88769">
				<ele>970.59</ele>
				<time>2026-08-06T16:52:10.602Z</time>
			</trkpt>
			<trkpt lat="40.03446" lon="20.88762">
				<ele>967.66</ele>
				<time>2026-08-06T16:52:10.968Z</time>
			</trkpt>
			<trkpt lat="40.03443" lon="20.8876">
				<ele>966.54</ele>
				<time>2026-08-06T16:52:11.168Z</time>
			</trkpt>
			<trkpt lat="40.03437" lon="20.8876">
				<ele>965.34</ele>
				<time>2026-08-06T16:52:11.526Z</time>
			</trkpt>
			<trkpt lat="40.03416" lon="20.88777">
				<ele>964.94</ele>
				<time>2026-08-06T16:52:12.995Z</time>
			</trkpt>
			<trkpt lat="40.03404" lon="20.88784">
				<ele>969.22</ele>
				<time>2026-08-06T16:52:13.775Z</time>
			</trkpt>
			<trkpt lat="40.03394" lon="20.88788">
				<ele>971.12</ele>
				<time>2026-08-06T16:52:14.395Z</time>
			</trkpt>
			<trkpt lat="40.03382" lon="20.88789">
				<ele>970.88</ele>
				<time>2026-08-06T16:52:15.107Z</time>
			</trkpt>
			<trkpt lat="40.03368" lon="20.88784">
				<ele>967.94</ele>
				<time>2026-08-06T16:52:15.966Z</time>
			</trkpt>
			<trkpt lat="40.03331" lon="20.88759">
				<ele>959.84</ele>
				<time>2026-08-06T16:52:18.425Z</time>
			</trkpt>
			<trkpt lat="40.03279" lon="20.88748">
				<ele>955.43</ele>
				<time>2026-08-06T16:52:21.520Z</time>
			</trkpt>
			<trkpt lat="40.03269" lon="20.88743">
				<ele>954.5</ele>
				<time>2026-08-06T16:52:22.148Z</time>
			</trkpt>
			<trkpt lat="40.03234" lon="20.88717">
				<ele>948.42</ele>
				<time>2026-08-06T16:52:24.502Z</time>
			</trkpt>
			<trkpt lat="40.03223" lon="20.88714">
				<ele>947.01</ele>
				<time>2026-08-06T16:52:25.158Z</time>
			</trkpt>
			<trkpt lat="40.03207" lon="20.88716">
				<ele>945.69</ele>
				<time>2026-08-06T16:52:26.094Z</time>
			</trkpt>
			<trkpt lat="40.03198" lon="20.88722">
				<ele>945.45</ele>
				<time>2026-08-06T16:52:26.683Z</time>
			</trkpt>
			<trkpt lat="40.03182" lon="20.88745">
				<ele>942.08</ele>
				<time>2026-08-06T16:52:28.065Z</time>
			</trkpt>
			<trkpt lat="40.03176" lon="20.88746">
				<ele>940.19</ele>
				<time>2026-08-06T16:52:28.417Z</time>
			</trkpt>
			<trkpt lat="40.0317" lon="20.8874">
				<ele>938.33</ele>
				<time>2026-08-06T16:52:28.855Z</time>
			</trkpt>
			<trkpt lat="40.03169" lon="20.88735">
				<ele>937.95</ele>
				<time>2026-08-06T16:52:29.084Z</time>
			</trkpt>
			<trkpt lat="40.03175" lon="20.88685">
				<ele>934.22</ele>
				<time>2026-08-06T16:52:31.327Z</time>
			</trkpt>
			<trkpt lat="40.03174" lon="20.88673">
				<ele>931.8</ele>
				<time>2026-08-06T16:52:31.861Z</time>
			</trkpt>
			<trkpt lat="40.03171" lon="20.88662">
				<ele>929.3</ele>
				<time>2026-08-06T16:52:32.377Z</time>
			</trkpt>
			<trkpt lat="40.03163" lon="20.88645">
				<ele>925.9</ele>
				<time>2026-08-06T16:52:33.258Z</time>
			</trkpt>
			<trkpt lat="40.03129" lon="20.88591">
				<ele>925.1</ele>
				<time>2026-08-06T16:52:36.335Z</time>
			</trkpt>
			<trkpt lat="40.03103" lon="20.88538">
				<ele>926.45</ele>
				<time>2026-08-06T16:52:39.094Z</time>
			</trkpt>
			<trkpt lat="40.03099" lon="20.88525">
				<ele>925.07</ele>
				<time>2026-08-06T16:52:39.707Z</time>
			</trkpt>
			<trkpt lat="40.03099" lon="20.88511">
				<ele>923.27</ele>
				<time>2026-08-06T16:52:40.319Z</time>
			</trkpt>
			<trkpt lat="40.03101" lon="20.88498">
				<ele>922.13</ele>
				<time>2026-08-06T16:52:40.897Z</time>
			</trkpt>
			<trkpt lat="40.03124" lon="20.88448">
				<ele>921.19</ele>
				<time>2026-08-06T16:52:43.438Z</time>
			</trkpt>
			<trkpt lat="40.03126" lon="20.88437">
				<ele>919.37</ele>
				<time>2026-08-06T16:52:43.929Z</time>
			</trkpt>
			<trkpt lat="40.03124" lon="20.88432">
				<ele>918.36</ele>
				<time>2026-08-06T16:52:44.174Z</time>
			</trkpt>
			<trkpt lat="40.03122" lon="20.88429">
				<ele>917.41</ele>
				<time>2026-08-06T16:52:44.347Z</time>
			</trkpt>
			<trkpt lat="40.03117" lon="20.88428">
				<ele>916.65</ele>
				<time>2026-08-06T16:52:44.634Z</time>
			</trkpt>
			<trkpt lat="40.03113" lon="20.88431">
				<ele>916.54</ele>
				<time>2026-08-06T16:52:44.895Z</time>
			</trkpt>
			<trkpt lat="40.03106" lon="20.8845">
				<ele>917.64</ele>
				<time>2026-08-06T16:52:45.810Z</time>
			</trkpt>
			<trkpt lat="40.031" lon="20.8846">
				<ele>917.49</ele>
				<time>2026-08-06T16:52:46.360Z</time>
			</trkpt>
			<trkpt lat="40.03064" lon="20.88499">
				<ele>916.9</ele>
				<time>2026-08-06T16:52:49.000Z</time>
			</trkpt>
			<trkpt lat="40.03053" lon="20.88506">
				<ele>916.55</ele>
				<time>2026-08-06T16:52:49.689Z</time>
			</trkpt>
			<trkpt lat="40.03042" lon="20.88509">
				<ele>915.86</ele>
				<time>2026-08-06T16:52:50.321Z</time>
			</trkpt>
			<trkpt lat="40.03032" lon="20.88508">
				<ele>914.95</ele>
				<time>2026-08-06T16:52:50.885Z</time>
			</trkpt>
			<trkpt lat="40.03019" lon="20.88504">
				<ele>912.85</ele>
				<time>2026-08-06T16:52:51.635Z</time>
			</trkpt>
			<trkpt lat="40.02997" lon="20.88494">
				<ele>908.35</ele>
				<time>2026-08-06T16:52:52.942Z</time>
			</trkpt>
			<trkpt lat="40.02975" lon="20.88481">
				<ele>901.69</ele>
				<time>2026-08-06T16:52:54.293Z</time>
			</trkpt>
			<trkpt lat="40.02937" lon="20.88451">
				<ele>898.81</ele>
				<time>2026-08-06T16:52:56.773Z</time>
			</trkpt>
			<trkpt lat="40.0293" lon="20.8845">
				<ele>896.92</ele>
				<time>2026-08-06T16:52:57.165Z</time>
			</trkpt>
			<trkpt lat="40.02922" lon="20.88455">
				<ele>894.46</ele>
				<time>2026-08-06T16:52:57.659Z</time>
			</trkpt>
			<trkpt lat="40.02918" lon="20.88466">
				<ele>893.48</ele>
				<time>2026-08-06T16:52:58.178Z</time>
			</trkpt>
			<trkpt lat="40.02921" lon="20.88484">
				<ele>891.82</ele>
				<time>2026-08-06T16:52:58.963Z</time>
			</trkpt>
			<trkpt lat="40.02947" lon="20.88576">
				<ele>895.32</ele>
				<time>2026-08-06T16:53:03.125Z</time>
			</trkpt>
			<trkpt lat="40.02973" lon="20.88615">
				<ele>890.05</ele>
				<time>2026-08-06T16:53:05.310Z</time>
			</trkpt>
			<trkpt lat="40.02992" lon="20.88648">
				<ele>887</ele>
				<time>2026-08-06T16:53:07.051Z</time>
			</trkpt>
			<trkpt lat="40.03019" lon="20.88672">
				<ele>887.86</ele>
				<time>2026-08-06T16:53:08.845Z</time>
			</trkpt>
			<trkpt lat="40.03026" lon="20.88682">
				<ele>887.57</ele>
				<time>2026-08-06T16:53:09.414Z</time>
			</trkpt>
			<trkpt lat="40.03043" lon="20.88716">
				<ele>885.44</ele>
				<time>2026-08-06T16:53:11.117Z</time>
			</trkpt>
			<trkpt lat="40.0305" lon="20.88743">
				<ele>884.44</ele>
				<time>2026-08-06T16:53:12.310Z</time>
			</trkpt>
			<trkpt lat="40.03051" lon="20.88771">
				<ele>882.73</ele>
				<time>2026-08-06T16:53:13.482Z</time>
			</trkpt>
			<trkpt lat="40.0305" lon="20.88787">
				<ele>881.12</ele>
				<time>2026-08-06T16:53:14.152Z</time>
			</trkpt>
			<trkpt lat="40.03024" lon="20.88901">
				<ele>864.52</ele>
				<time>2026-08-06T16:53:19.102Z</time>
			</trkpt>
			<trkpt lat="40.03021" lon="20.88923">
				<ele>863.01</ele>
				<time>2026-08-06T16:53:20.028Z</time>
			</trkpt>
			<trkpt lat="40.03023" lon="20.88942">
				<ele>862.73</ele>
				<time>2026-08-06T16:53:20.823Z</time>
			</trkpt>
			<trkpt lat="40.03028" lon="20.88956">
				<ele>864.22</ele>
				<time>2026-08-06T16:53:21.462Z</time>
			</trkpt>
			<trkpt lat="40.03047" lon="20.88989">
				<ele>869.77</ele>
				<time>2026-08-06T16:53:23.169Z</time>
			</trkpt>
			<trkpt lat="40.03051" lon="20.89001">
				<ele>870.55</ele>
				<time>2026-08-06T16:53:23.709Z</time>
			</trkpt>
			<trkpt lat="40.0305" lon="20.89008">
				<ele>870.29</ele>
				<time>2026-08-06T16:53:24.003Z</time>
			</trkpt>
			<trkpt lat="40.03032" lon="20.89067">
				<ele>862.26</ele>
				<time>2026-08-06T16:53:26.618Z</time>
			</trkpt>
			<trkpt lat="40.03025" lon="20.89077">
				<ele>858.18</ele>
				<time>2026-08-06T16:53:27.175Z</time>
			</trkpt>
			<trkpt lat="40.03018" lon="20.89078">
				<ele>854.61</ele>
				<time>2026-08-06T16:53:27.553Z</time>
			</trkpt>
			<trkpt lat="40.03012" lon="20.89073">
				<ele>852.18</ele>
				<time>2026-08-06T16:53:27.935Z</time>
			</trkpt>
			<trkpt lat="40.0301" lon="20.89063">
				<ele>852.08</ele>
				<time>2026-08-06T16:53:28.359Z</time>
			</trkpt>
			<trkpt lat="40.03022" lon="20.89027">
				<ele>857.96</ele>
				<time>2026-08-06T16:53:29.969Z</time>
			</trkpt>
			<trkpt lat="40.03023" lon="20.89015">
				<ele>857.73</ele>
				<time>2026-08-06T16:53:30.463Z</time>
			</trkpt>
			<trkpt lat="40.03022" lon="20.89004">
				<ele>856.65</ele>
				<time>2026-08-06T16:53:30.917Z</time>
			</trkpt>
			<trkpt lat="40.03017" lon="20.88993">
				<ele>855.28</ele>
				<time>2026-08-06T16:53:31.440Z</time>
			</trkpt>
			<trkpt lat="40.02998" lon="20.88966">
				<ele>847.88</ele>
				<time>2026-08-06T16:53:32.939Z</time>
			</trkpt>
			<trkpt lat="40.02991" lon="20.88952">
				<ele>845.46</ele>
				<time>2026-08-06T16:53:33.621Z</time>
			</trkpt>
			<trkpt lat="40.02989" lon="20.8894">
				<ele>845.02</ele>
				<time>2026-08-06T16:53:34.122Z</time>
			</trkpt>
			<trkpt lat="40.02989" lon="20.889">
				<ele>846.79</ele>
				<time>2026-08-06T16:53:35.752Z</time>
			</trkpt>
			<trkpt lat="40.02987" lon="20.88892">
				<ele>846.23</ele>
				<time>2026-08-06T16:53:36.095Z</time>
			</trkpt>
			<trkpt lat="40.02974" lon="20.88861">
				<ele>842.88</ele>
				<time>2026-08-06T16:53:37.532Z</time>
			</trkpt>
			<trkpt lat="40.02965" lon="20.88807">
				<ele>844.95</ele>
				<time>2026-08-06T16:53:39.775Z</time>
			</trkpt>
			<trkpt lat="40.02955" lon="20.88777">
				<ele>843.01</ele>
				<time>2026-08-06T16:53:41.100Z</time>
			</trkpt>
			<trkpt lat="40.02931" lon="20.88722">
				<ele>838.95</ele>
				<time>2026-08-06T16:53:43.660Z</time>
			</trkpt>
			<trkpt lat="40.02917" lon="20.88701">
				<ele>836.42</ele>
				<time>2026-08-06T16:53:44.784Z</time>
			</trkpt>
			<trkpt lat="40.02894" lon="20.8868">
				<ele>829.63</ele>
				<time>2026-08-06T16:53:46.261Z</time>
			</trkpt>
			<trkpt lat="40.02881" lon="20.88665">
				<ele>826.28</ele>
				<time>2026-08-06T16:53:47.173Z</time>
			</trkpt>
			<trkpt lat="40.02875" lon="20.8865">
				<ele>826.4</ele>
				<time>2026-08-06T16:53:47.854Z</time>
			</trkpt>
			<trkpt lat="40.02857" lon="20.88598">
				<ele>829.05</ele>
				<time>2026-08-06T16:53:50.146Z</time>
			</trkpt>
			<trkpt lat="40.0285" lon="20.88586">
				<ele>828.98</ele>
				<time>2026-08-06T16:53:50.751Z</time>
			</trkpt>
			<trkpt lat="40.0284" lon="20.88577">
				<ele>827.27</ele>
				<time>2026-08-06T16:53:51.387Z</time>
			</trkpt>
			<trkpt lat="40.02817" lon="20.88562">
				<ele>823.22</ele>
				<time>2026-08-06T16:53:52.732Z</time>
			</trkpt>
			<trkpt lat="40.02793" lon="20.88532">
				<ele>823.26</ele>
				<time>2026-08-06T16:53:54.467Z</time>
			</trkpt>
			<trkpt lat="40.0276" lon="20.88512">
				<ele>811.43</ele>
				<time>2026-08-06T16:53:56.365Z</time>
			</trkpt>
			<trkpt lat="40.02747" lon="20.88497">
				<ele>808.09</ele>
				<time>2026-08-06T16:53:57.268Z</time>
			</trkpt>
			<trkpt lat="40.02743" lon="20.88487">
				<ele>807.13</ele>
				<time>2026-08-06T16:53:57.718Z</time>
			</trkpt>
			<trkpt lat="40.02742" lon="20.88475">
				<ele>807.61</ele>
				<time>2026-08-06T16:53:58.199Z</time>
			</trkpt>
			<trkpt lat="40.02746" lon="20.88441">
				<ele>815.72</ele>
				<time>2026-08-06T16:53:59.569Z</time>
			</trkpt>
			<trkpt lat="40.02744" lon="20.88421">
				<ele>816</ele>
				<time>2026-08-06T16:54:00.371Z</time>
			</trkpt>
			<trkpt lat="40.02738" lon="20.88409">
				<ele>813.67</ele>
				<time>2026-08-06T16:54:00.941Z</time>
			</trkpt>
			<trkpt lat="40.02723" lon="20.88385">
				<ele>809.28</ele>
				<time>2026-08-06T16:54:02.172Z</time>
			</trkpt>
			<trkpt lat="40.02716" lon="20.88368">
				<ele>808.76</ele>
				<time>2026-08-06T16:54:02.938Z</time>
			</trkpt>
			<trkpt lat="40.02707" lon="20.8834">
				<ele>809.23</ele>
				<time>2026-08-06T16:54:04.142Z</time>
			</trkpt>
			<trkpt lat="40.02697" lon="20.88291">
				<ele>810.06</ele>
				<time>2026-08-06T16:54:06.151Z</time>
			</trkpt>
			<trkpt lat="40.02693" lon="20.88286">
				<ele>808.94</ele>
				<time>2026-08-06T16:54:06.437Z</time>
			</trkpt>
			<trkpt lat="40.02686" lon="20.88286">
				<ele>805.05</ele>
				<time>2026-08-06T16:54:06.799Z</time>
			</trkpt>
			<trkpt lat="40.02682" lon="20.88291">
				<ele>802.74</ele>
				<time>2026-08-06T16:54:07.085Z</time>
			</trkpt>
			<trkpt lat="40.02681" lon="20.88297">
				<ele>801.57</ele>
				<time>2026-08-06T16:54:07.328Z</time>
			</trkpt>
			<trkpt lat="40.02688" lon="20.88319">
				<ele>802.66</ele>
				<time>2026-08-06T16:54:08.270Z</time>
			</trkpt>
			<trkpt lat="40.027" lon="20.88379">
				<ele>800.5</ele>
				<time>2026-08-06T16:54:10.718Z</time>
			</trkpt>
			<trkpt lat="40.02716" lon="20.88426">
				<ele>798.59</ele>
				<time>2026-08-06T16:54:12.745Z</time>
			</trkpt>
			<trkpt lat="40.02718" lon="20.88446">
				<ele>796.42</ele>
				<time>2026-08-06T16:54:13.540Z</time>
			</trkpt>
			<trkpt lat="40.02716" lon="20.88482">
				<ele>790.72</ele>
				<time>2026-08-06T16:54:14.960Z</time>
			</trkpt>
			<trkpt lat="40.02718" lon="20.88503">
				<ele>790.26</ele>
				<time>2026-08-06T16:54:15.792Z</time>
			</trkpt>
			<trkpt lat="40.02723" lon="20.88522">
				<ele>791.97</ele>
				<time>2026-08-06T16:54:16.581Z</time>
			</trkpt>
			<trkpt lat="40.02736" lon="20.88545">
				<ele>793.36</ele>
				<time>2026-08-06T16:54:17.704Z</time>
			</trkpt>
			<trkpt lat="40.0275" lon="20.88564">
				<ele>794.89</ele>
				<time>2026-08-06T16:54:18.739Z</time>
			</trkpt>
			<trkpt lat="40.02756" lon="20.88576">
				<ele>792.66</ele>
				<time>2026-08-06T16:54:19.301Z</time>
			</trkpt>
			<trkpt lat="40.02769" lon="20.88617">
				<ele>784.41</ele>
				<time>2026-08-06T16:54:21.040Z</time>
			</trkpt>
			<trkpt lat="40.02776" lon="20.88634">
				<ele>782.74</ele>
				<time>2026-08-06T16:54:21.796Z</time>
			</trkpt>
			<trkpt lat="40.02794" lon="20.88656">
				<ele>785.13</ele>
				<time>2026-08-06T16:54:23.056Z</time>
			</trkpt>
			<trkpt lat="40.02799" lon="20.88666">
				<ele>785.03</ele>
				<time>2026-08-06T16:54:23.524Z</time>
			</trkpt>
			<trkpt lat="40.02808" lon="20.88696">
				<ele>785.57</ele>
				<time>2026-08-06T16:54:24.783Z</time>
			</trkpt>
			<trkpt lat="40.02809" lon="20.88709">
				<ele>786.44</ele>
				<time>2026-08-06T16:54:25.294Z</time>
			</trkpt>
			<trkpt lat="40.02807" lon="20.88719">
				<ele>785.88</ele>
				<time>2026-08-06T16:54:25.698Z</time>
			</trkpt>
			<trkpt lat="40.02803" lon="20.88727">
				<ele>784.74</ele>
				<time>2026-08-06T16:54:26.071Z</time>
			</trkpt>
			<trkpt lat="40.02777" lon="20.88762">
				<ele>781.59</ele>
				<time>2026-08-06T16:54:27.975Z</time>
			</trkpt>
			<trkpt lat="40.02768" lon="20.88777">
				<ele>781.88</ele>
				<time>2026-08-06T16:54:28.718Z</time>
			</trkpt>
			<trkpt lat="40.0276" lon="20.88796">
				<ele>779.13</ele>
				<time>2026-08-06T16:54:29.564Z</time>
			</trkpt>
			<trkpt lat="40.02754" lon="20.8882">
				<ele>776.21</ele>
				<time>2026-08-06T16:54:30.548Z</time>
			</trkpt>
			<trkpt lat="40.02752" lon="20.88831">
				<ele>774.93</ele>
				<time>2026-08-06T16:54:30.988Z</time>
			</trkpt>
			<trkpt lat="40.02752" lon="20.88848">
				<ele>774.32</ele>
				<time>2026-08-06T16:54:31.650Z</time>
			</trkpt>
			<trkpt lat="40.02762" lon="20.88946">
				<ele>772.35</ele>
				<time>2026-08-06T16:54:35.497Z</time>
			</trkpt>
			<trkpt lat="40.02761" lon="20.88952">
				<ele>771.79</ele>
				<time>2026-08-06T16:54:35.736Z</time>
			</trkpt>
			<trkpt lat="40.02756" lon="20.88957">
				<ele>770.21</ele>
				<time>2026-08-06T16:54:36.056Z</time>
			</trkpt>
			<trkpt lat="40.02751" lon="20.88957">
				<ele>768.36</ele>
				<time>2026-08-06T16:54:36.309Z</time>
			</trkpt>
			<trkpt lat="40.02745" lon="20.88952">
				<ele>766.98</ele>
				<time>2026-08-06T16:54:36.671Z</time>
			</trkpt>
			<trkpt lat="40.0274" lon="20.8893">
				<ele>766.07</ele>
				<time>2026-08-06T16:54:37.562Z</time>
			</trkpt>
			<trkpt lat="40.02734" lon="20.88916">
				<ele>764.53</ele>
				<time>2026-08-06T16:54:38.185Z</time>
			</trkpt>
			<trkpt lat="40.02702" lon="20.88855">
				<ele>758.02</ele>
				<time>2026-08-06T16:54:41.055Z</time>
			</trkpt>
			<trkpt lat="40.02696" lon="20.88836">
				<ele>758.25</ele>
				<time>2026-08-06T16:54:41.852Z</time>
			</trkpt>
			<trkpt lat="40.02693" lon="20.88821">
				<ele>759.05</ele>
				<time>2026-08-06T16:54:42.453Z</time>
			</trkpt>
			<trkpt lat="40.0269" lon="20.88772">
				<ele>757.95</ele>
				<time>2026-08-06T16:54:44.358Z</time>
			</trkpt>
			<trkpt lat="40.02693" lon="20.8876">
				<ele>756.66</ele>
				<time>2026-08-06T16:54:44.847Z</time>
			</trkpt>
			<trkpt lat="40.02707" lon="20.8873">
				<ele>756.17</ele>
				<time>2026-08-06T16:54:46.208Z</time>
			</trkpt>
			<trkpt lat="40.02711" lon="20.88718">
				<ele>755.19</ele>
				<time>2026-08-06T16:54:46.714Z</time>
			</trkpt>
			<trkpt lat="40.02713" lon="20.88699">
				<ele>752.87</ele>
				<time>2026-08-06T16:54:47.457Z</time>
			</trkpt>
			<trkpt lat="40.02709" lon="20.88684">
				<ele>750.24</ele>
				<time>2026-08-06T16:54:48.071Z</time>
			</trkpt>
			<trkpt lat="40.02705" lon="20.88672">
				<ele>748.16</ele>
				<time>2026-08-06T16:54:48.578Z</time>
			</trkpt>
			<trkpt lat="40.02698" lon="20.88663">
				<ele>746.63</ele>
				<time>2026-08-06T16:54:49.074Z</time>
			</trkpt>
			<trkpt lat="40.02667" lon="20.88624">
				<ele>740.93</ele>
				<time>2026-08-06T16:54:51.248Z</time>
			</trkpt>
			<trkpt lat="40.02657" lon="20.88601">
				<ele>740.77</ele>
				<time>2026-08-06T16:54:52.271Z</time>
			</trkpt>
			<trkpt lat="40.02648" lon="20.88572">
				<ele>742.19</ele>
				<time>2026-08-06T16:54:53.480Z</time>
			</trkpt>
			<trkpt lat="40.02622" lon="20.88517">
				<ele>736.98</ele>
				<time>2026-08-06T16:54:55.977Z</time>
			</trkpt>
			<trkpt lat="40.02619" lon="20.88516">
				<ele>735.34</ele>
				<time>2026-08-06T16:54:56.133Z</time>
			</trkpt>
			<trkpt lat="40.02615" lon="20.88517">
				<ele>733.68</ele>
				<time>2026-08-06T16:54:56.339Z</time>
			</trkpt>
			<trkpt lat="40.02613" lon="20.88523">
				<ele>732.73</ele>
				<time>2026-08-06T16:54:56.591Z</time>
			</trkpt>
			<trkpt lat="40.02628" lon="20.8856">
				<ele>735.85</ele>
				<time>2026-08-06T16:54:58.208Z</time>
			</trkpt>
			<trkpt lat="40.02633" lon="20.88578">
				<ele>734.58</ele>
				<time>2026-08-06T16:54:58.947Z</time>
			</trkpt>
			<trkpt lat="40.02641" lon="20.88644">
				<ele>730.78</ele>
				<time>2026-08-06T16:55:01.526Z</time>
			</trkpt>
			<trkpt lat="40.02641" lon="20.88654">
				<ele>730.25</ele>
				<time>2026-08-06T16:55:01.912Z</time>
			</trkpt>
			<trkpt lat="40.02638" lon="20.88663">
				<ele>729.03</ele>
				<time>2026-08-06T16:55:02.291Z</time>
			</trkpt>
			<trkpt lat="40.02633" lon="20.8867">
				<ele>729.11</ele>
				<time>2026-08-06T16:55:02.660Z</time>
			</trkpt>
			<trkpt lat="40.02624" lon="20.88677">
				<ele>729.16</ele>
				<time>2026-08-06T16:55:03.188Z</time>
			</trkpt>
			<trkpt lat="40.0257" lon="20.88695">
				<ele>723.31</ele>
				<time>2026-08-06T16:55:05.996Z</time>
			</trkpt>
			<trkpt lat="40.02552" lon="20.88704">
				<ele>722.82</ele>
				<time>2026-08-06T16:55:06.967Z</time>
			</trkpt>
			<trkpt lat="40.02533" lon="20.88721">
				<ele>724.52</ele>
				<time>2026-08-06T16:55:08.127Z</time>
			</trkpt>
			<trkpt lat="40.02518" lon="20.88738">
				<ele>721.8</ele>
				<time>2026-08-06T16:55:09.128Z</time>
			</trkpt>
			<trkpt lat="40.02508" lon="20.88758">
				<ele>719.52</ele>
				<time>2026-08-06T16:55:10.049Z</time>
			</trkpt>
			<trkpt lat="40.02498" lon="20.88799">
				<ele>716.58</ele>
				<time>2026-08-06T16:55:11.708Z</time>
			</trkpt>
			<trkpt lat="40.02491" lon="20.88842">
				<ele>710.31</ele>
				<time>2026-08-06T16:55:13.404Z</time>
			</trkpt>
			<trkpt lat="40.02493" lon="20.88865">
				<ele>709.6</ele>
				<time>2026-08-06T16:55:14.297Z</time>
			</trkpt>
			<trkpt lat="40.025" lon="20.88903">
				<ele>712.2</ele>
				<time>2026-08-06T16:55:15.804Z</time>
			</trkpt>
			<trkpt lat="40.02502" lon="20.88949">
				<ele>708.7</ele>
				<time>2026-08-06T16:55:17.582Z</time>
			</trkpt>
			<trkpt lat="40.02507" lon="20.88967">
				<ele>707.33</ele>
				<time>2026-08-06T16:55:18.321Z</time>
			</trkpt>
			<trkpt lat="40.02529" lon="20.89012">
				<ele>707.4</ele>
				<time>2026-08-06T16:55:20.381Z</time>
			</trkpt>
			<trkpt lat="40.02562" lon="20.89112">
				<ele>706.94</ele>
				<time>2026-08-06T16:55:24.584Z</time>
			</trkpt>
			<trkpt lat="40.0256" lon="20.89119">
				<ele>706.91</ele>
				<time>2026-08-06T16:55:24.873Z</time>
			</trkpt>
			<trkpt lat="40.02556" lon="20.89126">
				<ele>705.94</ele>
				<time>2026-08-06T16:55:25.210Z</time>
			</trkpt>
			<trkpt lat="40.0253" lon="20.89139">
				<ele>699.57</ele>
				<time>2026-08-06T16:55:26.614Z</time>
			</trkpt>
			<trkpt lat="40.02519" lon="20.89148">
				<ele>696.05</ele>
				<time>2026-08-06T16:55:27.269Z</time>
			</trkpt>
			<trkpt lat="40.0251" lon="20.89159">
				<ele>692.82</ele>
				<time>2026-08-06T16:55:27.891Z</time>
			</trkpt>
			<trkpt lat="40.02506" lon="20.8917">
				<ele>690.97</ele>
				<time>2026-08-06T16:55:28.362Z</time>
			</trkpt>
			<trkpt lat="40.02504" lon="20.8918">
				<ele>689.61</ele>
				<time>2026-08-06T16:55:28.761Z</time>
			</trkpt>
			<trkpt lat="40.02497" lon="20.89254">
				<ele>681.33</ele>
				<time>2026-08-06T16:55:31.643Z</time>
			</trkpt>
			<trkpt lat="40.02506" lon="20.89304">
				<ele>681.07</ele>
				<time>2026-08-06T16:55:33.630Z</time>
			</trkpt>
			<trkpt lat="40.02507" lon="20.89359">
				<ele>676.7</ele>
				<time>2026-08-06T16:55:35.760Z</time>
			</trkpt>
			<trkpt lat="40.02511" lon="20.89413">
				<ele>675.28</ele>
				<time>2026-08-06T16:55:37.861Z</time>
			</trkpt>
			<trkpt lat="40.02508" lon="20.89419">
				<ele>674.17</ele>
				<time>2026-08-06T16:55:38.139Z</time>
			</trkpt>
			<trkpt lat="40.02504" lon="20.89421">
				<ele>673.27</ele>
				<time>2026-08-06T16:55:38.356Z</time>
			</trkpt>
			<trkpt lat="40.025" lon="20.89419">
				<ele>672.82</ele>
				<time>2026-08-06T16:55:38.572Z</time>
			</trkpt>
			<trkpt lat="40.02496" lon="20.89413">
				<ele>672.28</ele>
				<time>2026-08-06T16:55:38.881Z</time>
			</trkpt>
			<trkpt lat="40.02481" lon="20.89365">
				<ele>667.95</ele>
				<time>2026-08-06T16:55:40.891Z</time>
			</trkpt>
			<trkpt lat="40.02479" lon="20.89351">
				<ele>667.28</ele>
				<time>2026-08-06T16:55:41.443Z</time>
			</trkpt>
			<trkpt lat="40.02477" lon="20.89319">
				<ele>666.97</ele>
				<time>2026-08-06T16:55:42.689Z</time>
			</trkpt>
			<trkpt lat="40.02471" lon="20.89298">
				<ele>664.69</ele>
				<time>2026-08-06T16:55:43.559Z</time>
			</trkpt>
			<trkpt lat="40.02464" lon="20.89279">
				<ele>662.18</ele>
				<time>2026-08-06T16:55:44.378Z</time>
			</trkpt>
			<trkpt lat="40.02448" lon="20.89248">
				<ele>657.17</ele>
				<time>2026-08-06T16:55:45.831Z</time>
			</trkpt>
			<trkpt lat="40.0243" lon="20.89219">
				<ele>654.37</ele>
				<time>2026-08-06T16:55:47.282Z</time>
			</trkpt>
			<trkpt lat="40.02425" lon="20.89203">
				<ele>654.55</ele>
				<time>2026-08-06T16:55:47.954Z</time>
			</trkpt>
			<trkpt lat="40.02416" lon="20.8915">
				<ele>653.64</ele>
				<time>2026-08-06T16:55:50.067Z</time>
			</trkpt>
			<trkpt lat="40.02415" lon="20.89136">
				<ele>652</ele>
				<time>2026-08-06T16:55:50.615Z</time>
			</trkpt>
			<trkpt lat="40.02417" lon="20.891">
				<ele>650.25</ele>
				<time>2026-08-06T16:55:52.021Z</time>
			</trkpt>
			<trkpt lat="40.02425" lon="20.89053">
				<ele>655.56</ele>
				<time>2026-08-06T16:55:53.899Z</time>
			</trkpt>
			<trkpt lat="40.02422" lon="20.89034">
				<ele>654.77</ele>
				<time>2026-08-06T16:55:54.656Z</time>
			</trkpt>
			<trkpt lat="40.02404" lon="20.88986">
				<ele>647.1</ele>
				<time>2026-08-06T16:55:56.743Z</time>
			</trkpt>
			<trkpt lat="40.02393" lon="20.88939">
				<ele>644.87</ele>
				<time>2026-08-06T16:55:58.665Z</time>
			</trkpt>
			<trkpt lat="40.0238" lon="20.88903">
				<ele>645.91</ele>
				<time>2026-08-06T16:56:00.222Z</time>
			</trkpt>
			<trkpt lat="40.02376" lon="20.88899">
				<ele>644.84</ele>
				<time>2026-08-06T16:56:00.480Z</time>
			</trkpt>
			<trkpt lat="40.02371" lon="20.88896">
				<ele>643</ele>
				<time>2026-08-06T16:56:00.762Z</time>
			</trkpt>
			<trkpt lat="40.02363" lon="20.88896">
				<ele>638.6</ele>
				<time>2026-08-06T16:56:01.171Z</time>
			</trkpt>
			<trkpt lat="40.02253" lon="20.88933">
				<ele>631</ele>
				<time>2026-08-06T16:56:06.993Z</time>
			</trkpt>
			<trkpt lat="40.02244" lon="20.88932">
				<ele>632.92</ele>
				<time>2026-08-06T16:56:07.457Z</time>
			</trkpt>
			<trkpt lat="40.02235" lon="20.88927">
				<ele>634.55</ele>
				<time>2026-08-06T16:56:07.960Z</time>
			</trkpt>
			<trkpt lat="40.02224" lon="20.88913">
				<ele>636.1</ele>
				<time>2026-08-06T16:56:08.749Z</time>
			</trkpt>
			<trkpt lat="40.02218" lon="20.8891">
				<ele>638.09</ele>
				<time>2026-08-06T16:56:09.080Z</time>
			</trkpt>
			<trkpt lat="40.02213" lon="20.88911">
				<ele>640.39</ele>
				<time>2026-08-06T16:56:09.340Z</time>
			</trkpt>
			<trkpt lat="40.02209" lon="20.88915">
				<ele>642.64</ele>
				<time>2026-08-06T16:56:09.599Z</time>
			</trkpt>
			<trkpt lat="40.02208" lon="20.88921">
				<ele>644.35</ele>
				<time>2026-08-06T16:56:09.841Z</time>
			</trkpt>
			<trkpt lat="40.02209" lon="20.88928">
				<ele>644.98</ele>
				<time>2026-08-06T16:56:10.122Z</time>
			</trkpt>
			<trkpt lat="40.02223" lon="20.88964">
				<ele>646.31</ele>
				<time>2026-08-06T16:56:11.714Z</time>
			</trkpt>
			<trkpt lat="40.0224" lon="20.89022">
				<ele>648.55</ele>
				<time>2026-08-06T16:56:14.167Z</time>
			</trkpt>
			<trkpt lat="40.02252" lon="20.89055">
				<ele>644.43</ele>
				<time>2026-08-06T16:56:15.612Z</time>
			</trkpt>
			<trkpt lat="40.02252" lon="20.89059">
				<ele>647.85</ele>
				<time>2026-08-06T16:56:15.770Z</time>
			</trkpt>
			<trkpt lat="40.02248" lon="20.89066">
				<ele>655.64</ele>
				<time>2026-08-06T16:56:16.116Z</time>
			</trkpt>
			<trkpt lat="40.02245" lon="20.89068">
				<ele>659.9</ele>
				<time>2026-08-06T16:56:16.290Z</time>
			</trkpt>
			<trkpt lat="40.02238" lon="20.89068">
				<ele>665.62</ele>
				<time>2026-08-06T16:56:16.652Z</time>
			</trkpt>
			<trkpt lat="40.02234" lon="20.89063">
				<ele>665.34</ele>
				<time>2026-08-06T16:56:16.938Z</time>
			</trkpt>
			<trkpt lat="40.02216" lon="20.8903">
				<ele>659.29</ele>
				<time>2026-08-06T16:56:18.545Z</time>
			</trkpt>
			<trkpt lat="40.02198" lon="20.89005">
				<ele>662.96</ele>
				<time>2026-08-06T16:56:19.906Z</time>
			</trkpt>
			<trkpt lat="40.02157" lon="20.88932">
				<ele>673.22</ele>
				<time>2026-08-06T16:56:23.507Z</time>
			</trkpt>
			<trkpt lat="40.02152" lon="20.88929">
				<ele>678.01</ele>
				<time>2026-08-06T16:56:23.793Z</time>
			</trkpt>
			<trkpt lat="40.02149" lon="20.8893">
				<ele>680.99</ele>
				<time>2026-08-06T16:56:23.954Z</time>
			</trkpt>
			<trkpt lat="40.02145" lon="20.88935">
				<ele>686.54</ele>
				<time>2026-08-06T16:56:24.242Z</time>
			</trkpt>
			<trkpt lat="40.02144" lon="20.88941">
				<ele>689.87</ele>
				<time>2026-08-06T16:56:24.487Z</time>
			</trkpt>
			<trkpt lat="40.02175" lon="20.89016">
				<ele>667.21</ele>
				<time>2026-08-06T16:56:27.890Z</time>
			</trkpt>
			<trkpt lat="40.02192" lon="20.89061">
				<ele>677.21</ele>
				<time>2026-08-06T16:56:29.898Z</time>
			</trkpt>
			<trkpt lat="40.02202" lon="20.89076">
				<ele>688.28</ele>
				<time>2026-08-06T16:56:30.695Z</time>
			</trkpt>
			<trkpt lat="40.0223" lon="20.89111">
				<ele>702.44</ele>
				<time>2026-08-06T16:56:32.726Z</time>
			</trkpt>
			<trkpt lat="40.02251" lon="20.89146">
				<ele>690.26</ele>
				<time>2026-08-06T16:56:34.513Z</time>
			</trkpt>
			<trkpt lat="40.02254" lon="20.89154">
				<ele>686.16</ele>
				<time>2026-08-06T16:56:34.871Z</time>
			</trkpt>
			<trkpt lat="40.02255" lon="20.89162">
				<ele>683.79</ele>
				<time>2026-08-06T16:56:35.198Z</time>
			</trkpt>
			<trkpt lat="40.02252" lon="20.89175">
				<ele>682.67</ele>
				<time>2026-08-06T16:56:35.744Z</time>
			</trkpt>
			<trkpt lat="40.02245" lon="20.89184">
				<ele>682.73</ele>
				<time>2026-08-06T16:56:36.261Z</time>
			</trkpt>
			<trkpt lat="40.02236" lon="20.89187">
				<ele>683.84</ele>
				<time>2026-08-06T16:56:36.750Z</time>
			</trkpt>
			<trkpt lat="40.0223" lon="20.89186">
				<ele>685.78</ele>
				<time>2026-08-06T16:56:37.069Z</time>
			</trkpt>
			<trkpt lat="40.02213" lon="20.89179">
				<ele>690.59</ele>
				<time>2026-08-06T16:56:38.008Z</time>
			</trkpt>
			<trkpt lat="40.02203" lon="20.89178">
				<ele>692.01</ele>
				<time>2026-08-06T16:56:38.537Z</time>
			</trkpt>
			<trkpt lat="40.02193" lon="20.89179">
				<ele>692.93</ele>
				<time>2026-08-06T16:56:39.066Z</time>
			</trkpt>
			<trkpt lat="40.02155" lon="20.89189">
				<ele>694.75</ele>
				<time>2026-08-06T16:56:41.113Z</time>
			</trkpt>
			<trkpt lat="40.02144" lon="20.8919">
				<ele>695.66</ele>
				<time>2026-08-06T16:56:41.697Z</time>
			</trkpt>
			<trkpt lat="40.02134" lon="20.89188">
				<ele>696.8</ele>
				<time>2026-08-06T16:56:42.232Z</time>
			</trkpt>
			<trkpt lat="40.02126" lon="20.89183">
				<ele>698.07</ele>
				<time>2026-08-06T16:56:42.702Z</time>
			</trkpt>
			<trkpt lat="40.02095" lon="20.89151">
				<ele>705.22</ele>
				<time>2026-08-06T16:56:44.797Z</time>
			</trkpt>
			<trkpt lat="40.02056" lon="20.89137">
				<ele>705.52</ele>
				<time>2026-08-06T16:56:46.947Z</time>
			</trkpt>
			<trkpt lat="40.02019" lon="20.89106">
				<ele>717.51</ele>
				<time>2026-08-06T16:56:49.289Z</time>
			</trkpt>
			<trkpt lat="40.02008" lon="20.89098">
				<ele>720.71</ele>
				<time>2026-08-06T16:56:49.960Z</time>
			</trkpt>
			<trkpt lat="40.01988" lon="20.89093">
				<ele>720.83</ele>
				<time>2026-08-06T16:56:51.048Z</time>
			</trkpt>
			<trkpt lat="40.01952" lon="20.891">
				<ele>710.89</ele>
				<time>2026-08-06T16:56:52.995Z</time>
			</trkpt>
			<trkpt lat="40.01946" lon="20.89098">
				<ele>710.8</ele>
				<time>2026-08-06T16:56:53.327Z</time>
			</trkpt>
			<trkpt lat="40.01941" lon="20.89094">
				<ele>711.87</ele>
				<time>2026-08-06T16:56:53.641Z</time>
			</trkpt>
			<trkpt lat="40.01936" lon="20.89087">
				<ele>713.84</ele>
				<time>2026-08-06T16:56:54.034Z</time>
			</trkpt>
			<trkpt lat="40.01931" lon="20.89074">
				<ele>717.03</ele>
				<time>2026-08-06T16:56:54.632Z</time>
			</trkpt>
			<trkpt lat="40.0193" lon="20.89033">
				<ele>727.36</ele>
				<time>2026-08-06T16:56:56.319Z</time>
			</trkpt>
			<trkpt lat="40.01929" lon="20.89023">
				<ele>729.01</ele>
				<time>2026-08-06T16:56:56.734Z</time>
			</trkpt>
			<trkpt lat="40.01925" lon="20.89012">
				<ele>729.95</ele>
				<time>2026-08-06T16:56:57.236Z</time>
			</trkpt>
			<trkpt lat="40.01912" lon="20.88999">
				<ele>728.36</ele>
				<time>2026-08-06T16:56:58.118Z</time>
			</trkpt>
			<trkpt lat="40.01893" lon="20.88991">
				<ele>727.48</ele>
				<time>2026-08-06T16:56:59.194Z</time>
			</trkpt>
			<trkpt lat="40.01882" lon="20.88984">
				<ele>727.24</ele>
				<time>2026-08-06T16:56:59.854Z</time>
			</trkpt>
			<trkpt lat="40.01845" lon="20.88943">
				<ele>728.12</ele>
				<time>2026-08-06T16:57:02.478Z</time>
			</trkpt>
			<trkpt lat="40.01834" lon="20.88927">
				<ele>727.72</ele>
				<time>2026-08-06T16:57:03.370Z</time>
			</trkpt>
			<trkpt lat="40.01821" lon="20.88895">
				<ele>729.35</ele>
				<time>2026-08-06T16:57:04.875Z</time>
			</trkpt>
			<trkpt lat="40.01804" lon="20.88872">
				<ele>727.98</ele>
				<time>2026-08-06T16:57:06.206Z</time>
			</trkpt>
			<trkpt lat="40.01802" lon="20.8886">
				<ele>730.46</ele>
				<time>2026-08-06T16:57:06.717Z</time>
			</trkpt>
			<trkpt lat="40.01811" lon="20.8882">
				<ele>742.6</ele>
				<time>2026-08-06T16:57:08.457Z</time>
			</trkpt>
			<trkpt lat="40.01809" lon="20.88809">
				<ele>744.99</ele>
				<time>2026-08-06T16:57:08.929Z</time>
			</trkpt>
			<trkpt lat="40.01806" lon="20.88804">
				<ele>745.63</ele>
				<time>2026-08-06T16:57:09.195Z</time>
			</trkpt>
			<trkpt lat="40.01802" lon="20.888">
				<ele>746.51</ele>
				<time>2026-08-06T16:57:09.470Z</time>
			</trkpt>
			<trkpt lat="40.01796" lon="20.88797">
				<ele>747.27</ele>
				<time>2026-08-06T16:57:09.821Z</time>
			</trkpt>
			<trkpt lat="40.01742" lon="20.88807">
				<ele>742.56</ele>
				<time>2026-08-06T16:57:12.807Z</time>
			</trkpt>
			<trkpt lat="40.01731" lon="20.88807">
				<ele>741.43</ele>
				<time>2026-08-06T16:57:13.410Z</time>
			</trkpt>
			<trkpt lat="40.01714" lon="20.88802">
				<ele>740.31</ele>
				<time>2026-08-06T16:57:14.367Z</time>
			</trkpt>
			<trkpt lat="40.01703" lon="20.88796">
				<ele>740.11</ele>
				<time>2026-08-06T16:57:15.023Z</time>
			</trkpt>
			<trkpt lat="40.01659" lon="20.88748">
				<ele>742.95</ele>
				<time>2026-08-06T16:57:18.182Z</time>
			</trkpt>
			<trkpt lat="40.01644" lon="20.88737">
				<ele>743.9</ele>
				<time>2026-08-06T16:57:19.133Z</time>
			</trkpt>
			<trkpt lat="40.01609" lon="20.88718">
				<ele>742.97</ele>
				<time>2026-08-06T16:57:21.232Z</time>
			</trkpt>
			<trkpt lat="40.0157" lon="20.88683">
				<ele>746.09</ele>
				<time>2026-08-06T16:57:23.860Z</time>
			</trkpt>
			<trkpt lat="40.01556" lon="20.88667">
				<ele>748.8</ele>
				<time>2026-08-06T16:57:24.896Z</time>
			</trkpt>
			<trkpt lat="40.01536" lon="20.88639">
				<ele>750.75</ele>
				<time>2026-08-06T16:57:26.532Z</time>
			</trkpt>
			<trkpt lat="40.015" lon="20.88577">
				<ele>753.4</ele>
				<time>2026-08-06T16:57:29.866Z</time>
			</trkpt>
			<trkpt lat="40.01475" lon="20.88543">
				<ele>752.84</ele>
				<time>2026-08-06T16:57:31.894Z</time>
			</trkpt>
			<trkpt lat="40.01458" lon="20.88528">
				<ele>751.28</ele>
				<time>2026-08-06T16:57:33.049Z</time>
			</trkpt>
			<trkpt lat="40.01449" lon="20.88518">
				<ele>751.22</ele>
				<time>2026-08-06T16:57:33.715Z</time>
			</trkpt>
			<trkpt lat="40.01443" lon="20.88507">
				<ele>752.49</ele>
				<time>2026-08-06T16:57:34.299Z</time>
			</trkpt>
			<trkpt lat="40.0144" lon="20.88496">
				<ele>753.41</ele>
				<time>2026-08-06T16:57:34.804Z</time>
			</trkpt>
			<trkpt lat="40.01429" lon="20.88433">
				<ele>758.4</ele>
				<time>2026-08-06T16:57:37.604Z</time>
			</trkpt>
			<trkpt lat="40.01425" lon="20.88421">
				<ele>758.18</ele>
				<time>2026-08-06T16:57:38.173Z</time>
			</trkpt>
			<trkpt lat="40.01416" lon="20.88409">
				<ele>755.71</ele>
				<time>2026-08-06T16:57:38.903Z</time>
			</trkpt>
			<trkpt lat="40.01405" lon="20.88399">
				<ele>755.05</ele>
				<time>2026-08-06T16:57:39.665Z</time>
			</trkpt>
			<trkpt lat="40.01382" lon="20.88386">
				<ele>752.61</ele>
				<time>2026-08-06T16:57:41.091Z</time>
			</trkpt>
			<trkpt lat="40.01366" lon="20.88382">
				<ele>751.21</ele>
				<time>2026-08-06T16:57:42.020Z</time>
			</trkpt>
			<trkpt lat="40.01344" lon="20.88384">
				<ele>748.69</ele>
				<time>2026-08-06T16:57:43.280Z</time>
			</trkpt>
			<trkpt lat="40.01291" lon="20.88396">
				<ele>739.08</ele>
				<time>2026-08-06T16:57:46.361Z</time>
			</trkpt>
			<trkpt lat="40.01281" lon="20.88395">
				<ele>736.5</ele>
				<time>2026-08-06T16:57:46.937Z</time>
			</trkpt>
			<trkpt lat="40.01268" lon="20.88388">
				<ele>735.09</ele>
				<time>2026-08-06T16:57:47.746Z</time>
			</trkpt>
			<trkpt lat="40.01263" lon="20.88381">
				<ele>734.69</ele>
				<time>2026-08-06T16:57:48.168Z</time>
			</trkpt>
			<trkpt lat="40.01259" lon="20.88372">
				<ele>734.51</ele>
				<time>2026-08-06T16:57:48.627Z</time>
			</trkpt>
			<trkpt lat="40.01253" lon="20.88344">
				<ele>733.12</ele>
				<time>2026-08-06T16:57:49.911Z</time>
			</trkpt>
			<trkpt lat="40.01237" lon="20.88316">
				<ele>732.43</ele>
				<time>2026-08-06T16:57:51.457Z</time>
			</trkpt>
			<trkpt lat="40.01234" lon="20.88305">
				<ele>731.79</ele>
				<time>2026-08-06T16:57:51.974Z</time>
			</trkpt>
			<trkpt lat="40.01229" lon="20.8827">
				<ele>736.21</ele>
				<time>2026-08-06T16:57:53.555Z</time>
			</trkpt>
			<trkpt lat="40.01222" lon="20.88246">
				<ele>739.23</ele>
				<time>2026-08-06T16:57:54.697Z</time>
			</trkpt>
			<trkpt lat="40.01203" lon="20.88207">
				<ele>747.06</ele>
				<time>2026-08-06T16:57:56.758Z</time>
			</trkpt>
			<trkpt lat="40.01188" lon="20.88184">
				<ele>750.73</ele>
				<time>2026-08-06T16:57:58.108Z</time>
			</trkpt>
			<trkpt lat="40.01174" lon="20.88171">
				<ele>752.18</ele>
				<time>2026-08-06T16:57:59.112Z</time>
			</trkpt>
			<trkpt lat="40.01147" lon="20.88158">
				<ele>751.92</ele>
				<time>2026-08-06T16:58:00.798Z</time>
			</trkpt>
			<trkpt lat="40.0113" lon="20.88157">
				<ele>751.52</ele>
				<time>2026-08-06T16:58:01.797Z</time>
			</trkpt>
			<trkpt lat="40.01116" lon="20.88162">
				<ele>752.3</ele>
				<time>2026-08-06T16:58:02.650Z</time>
			</trkpt>
			<trkpt lat="40.01064" lon="20.88214">
				<ele>768.23</ele>
				<time>2026-08-06T16:58:06.514Z</time>
			</trkpt>
			<trkpt lat="40.01034" lon="20.88222">
				<ele>766.26</ele>
				<time>2026-08-06T16:58:08.328Z</time>
			</trkpt>
			<trkpt lat="40.01002" lon="20.88244">
				<ele>776.22</ele>
				<time>2026-08-06T16:58:10.478Z</time>
			</trkpt>
			<trkpt lat="40.00989" lon="20.88247">
				<ele>778.59</ele>
				<time>2026-08-06T16:58:11.264Z</time>
			</trkpt>
			<trkpt lat="40.00975" lon="20.88245">
				<ele>778.68</ele>
				<time>2026-08-06T16:58:12.104Z</time>
			</trkpt>
			<trkpt lat="40.00964" lon="20.88236">
				<ele>780.48</ele>
				<time>2026-08-06T16:58:12.879Z</time>
			</trkpt>
			<trkpt lat="40.00957" lon="20.88227">
				<ele>780.97</ele>
				<time>2026-08-06T16:58:13.466Z</time>
			</trkpt>
			<trkpt lat="40.00926" lon="20.88163">
				<ele>773.61</ele>
				<time>2026-08-06T16:58:16.944Z</time>
			</trkpt>
			<trkpt lat="40.0092" lon="20.88155">
				<ele>772.96</ele>
				<time>2026-08-06T16:58:17.460Z</time>
			</trkpt>
			<trkpt lat="40.00915" lon="20.88152">
				<ele>772.95</ele>
				<time>2026-08-06T16:58:17.791Z</time>
			</trkpt>
			<trkpt lat="40.00906" lon="20.88151">
				<ele>773.38</ele>
				<time>2026-08-06T16:58:18.335Z</time>
			</trkpt>
			<trkpt lat="40.00899" lon="20.88155">
				<ele>774.48</ele>
				<time>2026-08-06T16:58:18.796Z</time>
			</trkpt>
			<trkpt lat="40.00893" lon="20.88163">
				<ele>776.32</ele>
				<time>2026-08-06T16:58:19.313Z</time>
			</trkpt>
			<trkpt lat="40.00886" lon="20.88181">
				<ele>781.91</ele>
				<time>2026-08-06T16:58:20.247Z</time>
			</trkpt>
			<trkpt lat="40.00878" lon="20.8819">
				<ele>785.2</ele>
				<time>2026-08-06T16:58:20.885Z</time>
			</trkpt>
			<trkpt lat="40.00868" lon="20.88195">
				<ele>786.98</ele>
				<time>2026-08-06T16:58:21.534Z</time>
			</trkpt>
			<trkpt lat="40.00853" lon="20.88199">
				<ele>789.84</ele>
				<time>2026-08-06T16:58:22.461Z</time>
			</trkpt>
			<trkpt lat="40.00849" lon="20.88202">
				<ele>791.81</ele>
				<time>2026-08-06T16:58:22.741Z</time>
			</trkpt>
			<trkpt lat="40.00848" lon="20.88208">
				<ele>794.23</ele>
				<time>2026-08-06T16:58:23.027Z</time>
			</trkpt>
			<trkpt lat="40.00851" lon="20.88213">
				<ele>795.45</ele>
				<time>2026-08-06T16:58:23.322Z</time>
			</trkpt>
			<trkpt lat="40.0089" lon="20.88221">
				<ele>793.8</ele>
				<time>2026-08-06T16:58:25.724Z</time>
			</trkpt>
			<trkpt lat="40.00899" lon="20.88226">
				<ele>795.59</ele>
				<time>2026-08-06T16:58:26.321Z</time>
			</trkpt>
			<trkpt lat="40.00929" lon="20.88255">
				<ele>799.19</ele>
				<time>2026-08-06T16:58:28.602Z</time>
			</trkpt>
			<trkpt lat="40.00941" lon="20.88269">
				<ele>800.87</ele>
				<time>2026-08-06T16:58:29.589Z</time>
			</trkpt>
			<trkpt lat="40.0095" lon="20.88283">
				<ele>803.3</ele>
				<time>2026-08-06T16:58:30.448Z</time>
			</trkpt>
			<trkpt lat="40.00977" lon="20.88331">
				<ele>811.11</ele>
				<time>2026-08-06T16:58:33.255Z</time>
			</trkpt>
			<trkpt lat="40.0099" lon="20.88343">
				<ele>811.24</ele>
				<time>2026-08-06T16:58:34.238Z</time>
			</trkpt>
			<trkpt lat="40.0101" lon="20.8835">
				<ele>810.31</ele>
				<time>2026-08-06T16:58:35.519Z</time>
			</trkpt>
			<trkpt lat="40.0104" lon="20.88349">
				<ele>810.74</ele>
				<time>2026-08-06T16:58:37.380Z</time>
			</trkpt>
			<trkpt lat="40.01053" lon="20.88347">
				<ele>811.07</ele>
				<time>2026-08-06T16:58:38.193Z</time>
			</trkpt>
			<trkpt lat="40.01073" lon="20.88339">
				<ele>810.17</ele>
				<time>2026-08-06T16:58:39.495Z</time>
			</trkpt>
			<trkpt lat="40.01082" lon="20.88339">
				<ele>810.72</ele>
				<time>2026-08-06T16:58:40.056Z</time>
			</trkpt>
			<trkpt lat="40.01096" lon="20.88346">
				<ele>813.17</ele>
				<time>2026-08-06T16:58:40.992Z</time>
			</trkpt>
			<trkpt lat="40.01122" lon="20.88365">
				<ele>814.59</ele>
				<time>2026-08-06T16:58:42.856Z</time>
			</trkpt>
			<trkpt lat="40.01127" lon="20.88372">
				<ele>815</ele>
				<time>2026-08-06T16:58:43.315Z</time>
			</trkpt>
			<trkpt lat="40.01132" lon="20.88387">
				<ele>818.04</ele>
				<time>2026-08-06T16:58:44.101Z</time>
			</trkpt>
			<trkpt lat="40.01134" lon="20.88428">
				<ele>827.97</ele>
				<time>2026-08-06T16:58:46.080Z</time>
			</trkpt>
			<trkpt lat="40.01137" lon="20.88438">
				<ele>828.85</ele>
				<time>2026-08-06T16:58:46.598Z</time>
			</trkpt>
			<trkpt lat="40.0114" lon="20.88447">
				<ele>828.8</ele>
				<time>2026-08-06T16:58:47.072Z</time>
			</trkpt>
			<trkpt lat="40.01164" lon="20.88482">
				<ele>816.76</ele>
				<time>2026-08-06T16:58:49.346Z</time>
			</trkpt>
			<trkpt lat="40.01169" lon="20.88496">
				<ele>812.95</ele>
				<time>2026-08-06T16:58:50.095Z</time>
			</trkpt>
			<trkpt lat="40.0117" lon="20.88505">
				<ele>811.85</ele>
				<time>2026-08-06T16:58:50.537Z</time>
			</trkpt>
			<trkpt lat="40.0117" lon="20.88514">
				<ele>811.99</ele>
				<time>2026-08-06T16:58:50.974Z</time>
			</trkpt>
			<trkpt lat="40.01166" lon="20.88527">
				<ele>814.31</ele>
				<time>2026-08-06T16:58:51.656Z</time>
			</trkpt>
			<trkpt lat="40.01142" lon="20.8857">
				<ele>818.26</ele>
				<time>2026-08-06T16:58:54.251Z</time>
			</trkpt>
			<trkpt lat="40.01122" lon="20.88623">
				<ele>820.76</ele>
				<time>2026-08-06T16:58:57.145Z</time>
			</trkpt>
			<trkpt lat="40.01112" lon="20.88635">
				<ele>822.24</ele>
				<time>2026-08-06T16:58:58.016Z</time>
			</trkpt>
			<trkpt lat="40.01085" lon="20.8866">
				<ele>828.65</ele>
				<time>2026-08-06T16:59:00.145Z</time>
			</trkpt>
			<trkpt lat="40.0107" lon="20.88684">
				<ele>829.24</ele>
				<time>2026-08-06T16:59:01.676Z</time>
			</trkpt>
			<trkpt lat="40.01066" lon="20.88686">
				<ele>830.88</ele>
				<time>2026-08-06T16:59:01.952Z</time>
			</trkpt>
			<trkpt lat="40.01061" lon="20.88683">
				<ele>833.97</ele>
				<time>2026-08-06T16:59:02.308Z</time>
			</trkpt>
			<trkpt lat="40.01058" lon="20.88677">
				<ele>836.74</ele>
				<time>2026-08-06T16:59:02.663Z</time>
			</trkpt>
			<trkpt lat="40.01059" lon="20.8867">
				<ele>838.22</ele>
				<time>2026-08-06T16:59:03.016Z</time>
			</trkpt>
			<trkpt lat="40.0108" lon="20.8863">
				<ele>838.15</ele>
				<time>2026-08-06T16:59:05.425Z</time>
			</trkpt>
			<trkpt lat="40.01092" lon="20.88586">
				<ele>842.19</ele>
				<time>2026-08-06T16:59:07.754Z</time>
			</trkpt>
			<trkpt lat="40.01098" lon="20.8857">
				<ele>843.36</ele>
				<time>2026-08-06T16:59:08.645Z</time>
			</trkpt>
			<trkpt lat="40.0113" lon="20.88518">
				<ele>834.07</ele>
				<time>2026-08-06T16:59:11.991Z</time>
			</trkpt>
			<trkpt lat="40.01132" lon="20.88509">
				<ele>834.19</ele>
				<time>2026-08-06T16:59:12.463Z</time>
			</trkpt>
			<trkpt lat="40.01131" lon="20.88501">
				<ele>835.89</ele>
				<time>2026-08-06T16:59:12.871Z</time>
			</trkpt>
			<trkpt lat="40.01102" lon="20.88438">
				<ele>843.93</ele>
				<time>2026-08-06T16:59:16.585Z</time>
			</trkpt>
			<trkpt lat="40.01095" lon="20.88429">
				<ele>843.51</ele>
				<time>2026-08-06T16:59:17.236Z</time>
			</trkpt>
			<trkpt lat="40.01082" lon="20.88425">
				<ele>845.06</ele>
				<time>2026-08-06T16:59:18.121Z</time>
			</trkpt>
			<trkpt lat="40.01072" lon="20.88427">
				<ele>847.03</ele>
				<time>2026-08-06T16:59:18.793Z</time>
			</trkpt>
			<trkpt lat="40.01033" lon="20.88449">
				<ele>858.14</ele>
				<time>2026-08-06T16:59:21.621Z</time>
			</trkpt>
			<trkpt lat="40.01024" lon="20.88453">
				<ele>859.75</ele>
				<time>2026-08-06T16:59:22.256Z</time>
			</trkpt>
			<trkpt lat="40.00993" lon="20.88461">
				<ele>867.2</ele>
				<time>2026-08-06T16:59:24.370Z</time>
			</trkpt>
			<trkpt lat="40.00969" lon="20.88463">
				<ele>872.8</ele>
				<time>2026-08-06T16:59:25.984Z</time>
			</trkpt>
			<trkpt lat="40.00926" lon="20.88452">
				<ele>873.71</ele>
				<time>2026-08-06T16:59:28.936Z</time>
			</trkpt>
			<trkpt lat="40.00909" lon="20.8845">
				<ele>875.04</ele>
				<time>2026-08-06T16:59:30.090Z</time>
			</trkpt>
			<trkpt lat="40.00897" lon="20.88453">
				<ele>876.71</ele>
				<time>2026-08-06T16:59:30.917Z</time>
			</trkpt>
			<trkpt lat="40.00871" lon="20.88463">
				<ele>879.97</ele>
				<time>2026-08-06T16:59:32.756Z</time>
			</trkpt>
			<trkpt lat="40.00853" lon="20.88467">
				<ele>880.9</ele>
				<time>2026-08-06T16:59:33.998Z</time>
			</trkpt>
			<trkpt lat="40.00826" lon="20.88466">
				<ele>882.41</ele>
				<time>2026-08-06T16:59:35.840Z</time>
			</trkpt>
			<trkpt lat="40.00789" lon="20.8847">
				<ele>890.03</ele>
				<time>2026-08-06T16:59:38.381Z</time>
			</trkpt>
			<trkpt lat="40.00767" lon="20.88467">
				<ele>896.44</ele>
				<time>2026-08-06T16:59:39.900Z</time>
			</trkpt>
			<trkpt lat="40.0076" lon="20.88463">
				<ele>897.56</ele>
				<time>2026-08-06T16:59:40.426Z</time>
			</trkpt>
			<trkpt lat="40.00756" lon="20.88458">
				<ele>896.05</ele>
				<time>2026-08-06T16:59:40.807Z</time>
			</trkpt>
			<trkpt lat="40.00749" lon="20.88424">
				<ele>883.31</ele>
				<time>2026-08-06T16:59:42.666Z</time>
			</trkpt>
			<trkpt lat="40.00746" lon="20.88416">
				<ele>882.23</ele>
				<time>2026-08-06T16:59:43.138Z</time>
			</trkpt>
			<trkpt lat="40.00739" lon="20.88408">
				<ele>882.62</ele>
				<time>2026-08-06T16:59:43.781Z</time>
			</trkpt>
			<trkpt lat="40.00734" lon="20.88405">
				<ele>884.67</ele>
				<time>2026-08-06T16:59:44.162Z</time>
			</trkpt>
			<trkpt lat="40.00723" lon="20.88405">
				<ele>890.9</ele>
				<time>2026-08-06T16:59:44.924Z</time>
			</trkpt>
			<trkpt lat="40.00683" lon="20.88428">
				<ele>906.98</ele>
				<time>2026-08-06T16:59:47.961Z</time>
			</trkpt>
			<trkpt lat="40.00673" lon="20.88429">
				<ele>907.94</ele>
				<time>2026-08-06T16:59:48.660Z</time>
			</trkpt>
			<trkpt lat="40.00665" lon="20.88424">
				<ele>907.67</ele>
				<time>2026-08-06T16:59:49.279Z</time>
			</trkpt>
			<trkpt lat="40.0066" lon="20.88417">
				<ele>907.79</ele>
				<time>2026-08-06T16:59:49.791Z</time>
			</trkpt>
			<trkpt lat="40.0063" lon="20.88365">
				<ele>908.14</ele>
				<time>2026-08-06T16:59:53.285Z</time>
			</trkpt>
			<trkpt lat="40.0062" lon="20.88356">
				<ele>908.41</ele>
				<time>2026-08-06T16:59:54.139Z</time>
			</trkpt>
			<trkpt lat="40.00609" lon="20.88352">
				<ele>909.22</ele>
				<time>2026-08-06T16:59:54.943Z</time>
			</trkpt>
			<trkpt lat="40.00597" lon="20.88354">
				<ele>908.33</ele>
				<time>2026-08-06T16:59:55.796Z</time>
			</trkpt>
			<trkpt lat="40.00591" lon="20.88359">
				<ele>909.15</ele>
				<time>2026-08-06T16:59:56.299Z</time>
			</trkpt>
			<trkpt lat="40.00583" lon="20.88374">
				<ele>912.35</ele>
				<time>2026-08-06T16:59:57.288Z</time>
			</trkpt>
			<trkpt lat="40.00572" lon="20.88407">
				<ele>919.66</ele>
				<time>2026-08-06T16:59:59.241Z</time>
			</trkpt>
			<trkpt lat="40.00567" lon="20.88418">
				<ele>921.94</ele>
				<time>2026-08-06T16:59:59.937Z</time>
			</trkpt>
			<trkpt lat="40.00533" lon="20.88456">
				<ele>929.58</ele>
				<time>2026-08-06T17:00:03.124Z</time>
			</trkpt>
			<trkpt lat="40.00526" lon="20.88455">
				<ele>928.94</ele>
				<time>2026-08-06T17:00:03.627Z</time>
			</trkpt>
			<trkpt lat="40.00522" lon="20.88451">
				<ele>928.01</ele>
				<time>2026-08-06T17:00:03.987Z</time>
			</trkpt>
			<trkpt lat="40.00516" lon="20.88424">
				<ele>924.25</ele>
				<time>2026-08-06T17:00:05.529Z</time>
			</trkpt>
			<trkpt lat="40.00513" lon="20.88419">
				<ele>923.89</ele>
				<time>2026-08-06T17:00:05.878Z</time>
			</trkpt>
			<trkpt lat="40.00502" lon="20.88412">
				<ele>924.05</ele>
				<time>2026-08-06T17:00:06.756Z</time>
			</trkpt>
			<trkpt lat="40.00488" lon="20.88411">
				<ele>923.83</ele>
				<time>2026-08-06T17:00:07.764Z</time>
			</trkpt>
			<trkpt lat="40.00445" lon="20.88419">
				<ele>927.71</ele>
				<time>2026-08-06T17:00:10.897Z</time>
			</trkpt>
			<trkpt lat="40.00435" lon="20.88426">
				<ele>931.18</ele>
				<time>2026-08-06T17:00:11.718Z</time>
			</trkpt>
			<trkpt lat="40.00428" lon="20.88439">
				<ele>935.79</ele>
				<time>2026-08-06T17:00:12.599Z</time>
			</trkpt>
			<trkpt lat="40.00425" lon="20.88467">
				<ele>942.89</ele>
				<time>2026-08-06T17:00:14.172Z</time>
			</trkpt>
			<trkpt lat="40.00419" lon="20.88481">
				<ele>945.71</ele>
				<time>2026-08-06T17:00:15.065Z</time>
			</trkpt>
			<trkpt lat="40.00411" lon="20.88491">
				<ele>945.22</ele>
				<time>2026-08-06T17:00:15.872Z</time>
			</trkpt>
			<trkpt lat="40.00388" lon="20.88508">
				<ele>939.85</ele>
				<time>2026-08-06T17:00:17.802Z</time>
			</trkpt>
			<trkpt lat="40.0038" lon="20.88518">
				<ele>940.79</ele>
				<time>2026-08-06T17:00:18.612Z</time>
			</trkpt>
			<trkpt lat="40.00365" lon="20.88566">
				<ele>947.98</ele>
				<time>2026-08-06T17:00:21.526Z</time>
			</trkpt>
			<trkpt lat="40.00336" lon="20.88619">
				<ele>951.4</ele>
				<time>2026-08-06T17:00:25.207Z</time>
			</trkpt>
			<trkpt lat="40.00317" lon="20.88668">
				<ele>960.59</ele>
				<time>2026-08-06T17:00:28.327Z</time>
			</trkpt>
			<trkpt lat="40.00311" lon="20.88677">
				<ele>962.14</ele>
				<time>2026-08-06T17:00:29.007Z</time>
			</trkpt>
			<trkpt lat="40.00306" lon="20.88678">
				<ele>961.8</ele>
				<time>2026-08-06T17:00:29.383Z</time>
			</trkpt>
			<trkpt lat="40.00301" lon="20.88676">
				<ele>961.84</ele>
				<time>2026-08-06T17:00:29.773Z</time>
			</trkpt>
			<trkpt lat="40.00285" lon="20.88654">
				<ele>957.22</ele>
				<time>2026-08-06T17:00:31.507Z</time>
			</trkpt>
			<trkpt lat="40.00272" lon="20.88643">
				<ele>954.52</ele>
				<time>2026-08-06T17:00:32.666Z</time>
			</trkpt>
			<trkpt lat="40.00257" lon="20.8864">
				<ele>954.72</ele>
				<time>2026-08-06T17:00:33.804Z</time>
			</trkpt>
			<trkpt lat="40.0023" lon="20.8864">
				<ele>959.87</ele>
				<time>2026-08-06T17:00:35.832Z</time>
			</trkpt>
			<trkpt lat="40.00222" lon="20.88635">
				<ele>959.94</ele>
				<time>2026-08-06T17:00:36.500Z</time>
			</trkpt>
			<trkpt lat="40.00206" lon="20.88621">
				<ele>956.36</ele>
				<time>2026-08-06T17:00:37.952Z</time>
			</trkpt>
			<trkpt lat="40.002" lon="20.88618">
				<ele>956.07</ele>
				<time>2026-08-06T17:00:38.438Z</time>
			</trkpt>
			<trkpt lat="40.00188" lon="20.88619">
				<ele>957.15</ele>
				<time>2026-08-06T17:00:39.347Z</time>
			</trkpt>
			<trkpt lat="40.00141" lon="20.88642">
				<ele>967.45</ele>
				<time>2026-08-06T17:00:43.157Z</time>
			</trkpt>
			<trkpt lat="40.0013" lon="20.88645">
				<ele>968.99</ele>
				<time>2026-08-06T17:00:44.013Z</time>
			</trkpt>
			<trkpt lat="40.00122" lon="20.88644">
				<ele>969.16</ele>
				<time>2026-08-06T17:00:44.626Z</time>
			</trkpt>
			<trkpt lat="40.00094" lon="20.8863">
				<ele>964.19</ele>
				<time>2026-08-06T17:00:46.918Z</time>
			</trkpt>
			<trkpt lat="40.00084" lon="20.88629">
				<ele>963.33</ele>
				<time>2026-08-06T17:00:47.686Z</time>
			</trkpt>
			<trkpt lat="40.00076" lon="20.88631">
				<ele>963.1</ele>
				<time>2026-08-06T17:00:48.311Z</time>
			</trkpt>
			<trkpt lat="40.00067" lon="20.88638">
				<ele>963.71</ele>
				<time>2026-08-06T17:00:49.116Z</time>
			</trkpt>
			<trkpt lat="40.00053" lon="20.88664">
				<ele>969.08</ele>
				<time>2026-08-06T17:00:50.989Z</time>
			</trkpt>
			<trkpt lat="40.00044" lon="20.88667">
				<ele>968.49</ele>
				<time>2026-08-06T17:00:51.706Z</time>
			</trkpt>
			<trkpt lat="40.00017" lon="20.88684">
				<ele>968.19</ele>
				<time>2026-08-06T17:00:54.023Z</time>
			</trkpt>
			<trkpt lat="39.99993" lon="20.88696">
				<ele>966.41</ele>
				<time>2026-08-06T17:00:56.016Z</time>
			</trkpt>
			<trkpt lat="39.99964" lon="20.88708">
				<ele>963.79</ele>
				<time>2026-08-06T17:00:58.384Z</time>
			</trkpt>
			<trkpt lat="39.99944" lon="20.88713">
				<ele>962.74</ele>
				<time>2026-08-06T17:00:59.973Z</time>
			</trkpt>
			<trkpt lat="39.99925" lon="20.88724">
				<ele>963.61</ele>
				<time>2026-08-06T17:01:01.600Z</time>
			</trkpt>
			<trkpt lat="39.99915" lon="20.88727">
				<ele>963.57</ele>
				<time>2026-08-06T17:01:02.404Z</time>
			</trkpt>
			<trkpt lat="39.99905" lon="20.88727">
				<ele>963.4</ele>
				<time>2026-08-06T17:01:03.189Z</time>
			</trkpt>
			<trkpt lat="39.99883" lon="20.88717">
				<ele>962.66</ele>
				<time>2026-08-06T17:01:05.022Z</time>
			</trkpt>
			<trkpt lat="39.9985" lon="20.88718">
				<ele>963.81</ele>
				<time>2026-08-06T17:01:07.627Z</time>
			</trkpt>
			<trkpt lat="39.99836" lon="20.88721">
				<ele>964.67</ele>
				<time>2026-08-06T17:01:08.751Z</time>
			</trkpt>
			<trkpt lat="39.99812" lon="20.88733">
				<ele>968.87</ele>
				<time>2026-08-06T17:01:10.790Z</time>
			</trkpt>
			<trkpt lat="39.99785" lon="20.8874">
				<ele>975</ele>
				<time>2026-08-06T17:01:12.982Z</time>
			</trkpt>
			<trkpt lat="39.99747" lon="20.88755">
				<ele>980.2</ele>
				<time>2026-08-06T17:01:16.155Z</time>
			</trkpt>
			<trkpt lat="39.99726" lon="20.88769">
				<ele>983.29</ele>
				<time>2026-08-06T17:01:18.048Z</time>
			</trkpt>
			<trkpt lat="39.99716" lon="20.88768">
				<ele>984.3</ele>
				<time>2026-08-06T17:01:18.854Z</time>
			</trkpt>
			<trkpt lat="39.99712" lon="20.88763">
				<ele>984.94</ele>
				<time>2026-08-06T17:01:19.300Z</time>
			</trkpt>
			<trkpt lat="39.99709" lon="20.88757">
				<ele>985.39</ele>
				<time>2026-08-06T17:01:19.742Z</time>
			</trkpt>
			<trkpt lat="39.99708" lon="20.88747">
				<ele>985.86</ele>
				<time>2026-08-06T17:01:20.365Z</time>
			</trkpt>
			<trkpt lat="39.99727" lon="20.88698">
				<ele>985.75</ele>
				<time>2026-08-06T17:01:23.767Z</time>
			</trkpt>
			<trkpt lat="39.99748" lon="20.88658">
				<ele>982.92</ele>
				<time>2026-08-06T17:01:26.786Z</time>
			</trkpt>
			<trkpt lat="39.99754" lon="20.88644">
				<ele>983.64</ele>
				<time>2026-08-06T17:01:27.787Z</time>
			</trkpt>
			<trkpt lat="39.9976" lon="20.88618">
				<ele>986.43</ele>
				<time>2026-08-06T17:01:29.486Z</time>
			</trkpt>
			<trkpt lat="39.9976" lon="20.88594">
				<ele>989.71</ele>
				<time>2026-08-06T17:01:30.991Z</time>
			</trkpt>
			<trkpt lat="39.99759" lon="20.88586">
				<ele>991.47</ele>
				<time>2026-08-06T17:01:31.501Z</time>
			</trkpt>
			<trkpt lat="39.99755" lon="20.88581">
				<ele>994.3</ele>
				<time>2026-08-06T17:01:31.955Z</time>
			</trkpt>
			<trkpt lat="39.99749" lon="20.8858">
				<ele>997.33</ele>
				<time>2026-08-06T17:01:32.452Z</time>
			</trkpt>
			<trkpt lat="39.99745" lon="20.88584">
				<ele>999.49</ele>
				<time>2026-08-06T17:01:32.866Z</time>
			</trkpt>
			<trkpt lat="39.99734" lon="20.88626">
				<ele>998.45</ele>
				<time>2026-08-06T17:01:35.667Z</time>
			</trkpt>
			<trkpt lat="39.99728" lon="20.88641">
				<ele>997.94</ele>
				<time>2026-08-06T17:01:36.737Z</time>
			</trkpt>
			<trkpt lat="39.99698" lon="20.88691">
				<ele>1000.07</ele>
				<time>2026-08-06T17:01:40.772Z</time>
			</trkpt>
			<trkpt lat="39.99686" lon="20.88714">
				<ele>1000.67</ele>
				<time>2026-08-06T17:01:42.548Z</time>
			</trkpt>
			<trkpt lat="39.99681" lon="20.88729">
				<ele>1000.69</ele>
				<time>2026-08-06T17:01:43.593Z</time>
			</trkpt>
			<trkpt lat="39.99677" lon="20.88731">
				<ele>1002.41</ele>
				<time>2026-08-06T17:01:43.951Z</time>
			</trkpt>
			<trkpt lat="39.99672" lon="20.88729">
				<ele>1006.04</ele>
				<time>2026-08-06T17:01:44.388Z</time>
			</trkpt>
			<trkpt lat="39.99671" lon="20.88722">
				<ele>1007.91</ele>
				<time>2026-08-06T17:01:44.845Z</time>
			</trkpt>
			<trkpt lat="39.99689" lon="20.88679">
				<ele>1008.02</ele>
				<time>2026-08-06T17:01:47.993Z</time>
			</trkpt>
			<trkpt lat="39.997" lon="20.88646">
				<ele>1009.2</ele>
				<time>2026-08-06T17:01:50.315Z</time>
			</trkpt>
			<trkpt lat="39.99708" lon="20.88613">
				<ele>1012.06</ele>
				<time>2026-08-06T17:01:52.556Z</time>
			</trkpt>
			<trkpt lat="39.9971" lon="20.88596">
				<ele>1013.27</ele>
				<time>2026-08-06T17:01:53.672Z</time>
			</trkpt>
			<trkpt lat="39.99711" lon="20.88554">
				<ele>1016.55</ele>
				<time>2026-08-06T17:01:56.407Z</time>
			</trkpt>
			<trkpt lat="39.99709" lon="20.88525">
				<ele>1021.92</ele>
				<time>2026-08-06T17:01:58.308Z</time>
			</trkpt>
			<trkpt lat="39.99702" lon="20.88501">
				<ele>1027.6</ele>
				<time>2026-08-06T17:01:59.989Z</time>
			</trkpt>
			<trkpt lat="39.99697" lon="20.88496">
				<ele>1030.74</ele>
				<time>2026-08-06T17:02:00.528Z</time>
			</trkpt>
			<trkpt lat="39.99691" lon="20.88496">
				<ele>1033.69</ele>
				<time>2026-08-06T17:02:01.042Z</time>
			</trkpt>
			<trkpt lat="39.99687" lon="20.885">
				<ele>1035.58</ele>
				<time>2026-08-06T17:02:01.474Z</time>
			</trkpt>
			<trkpt lat="39.99685" lon="20.88505">
				<ele>1035.5</ele>
				<time>2026-08-06T17:02:01.845Z</time>
			</trkpt>
			<trkpt lat="39.99692" lon="20.88543">
				<ele>1025.41</ele>
				<time>2026-08-06T17:02:04.419Z</time>
			</trkpt>
			<trkpt lat="39.9969" lon="20.88555">
				<ele>1023.57</ele>
				<time>2026-08-06T17:02:05.230Z</time>
			</trkpt>
			<trkpt lat="39.99685" lon="20.88576">
				<ele>1023.45</ele>
				<time>2026-08-06T17:02:06.684Z</time>
			</trkpt>
			<trkpt lat="39.9968" lon="20.88592">
				<ele>1024.68</ele>
				<time>2026-08-06T17:02:07.828Z</time>
			</trkpt>
			<trkpt lat="39.9967" lon="20.88613">
				<ele>1028.11</ele>
				<time>2026-08-06T17:02:09.470Z</time>
			</trkpt>
			<trkpt lat="39.9965" lon="20.88642">
				<ele>1036.3</ele>
				<time>2026-08-06T17:02:12.068Z</time>
			</trkpt>
			<trkpt lat="39.99619" lon="20.88673">
				<ele>1041.67</ele>
				<time>2026-08-06T17:02:15.477Z</time>
			</trkpt>
			<trkpt lat="39.99599" lon="20.88699">
				<ele>1041.43</ele>
				<time>2026-08-06T17:02:17.951Z</time>
			</trkpt>
			<trkpt lat="39.99567" lon="20.88725">
				<ele>1047.49</ele>
				<time>2026-08-06T17:02:21.269Z</time>
			</trkpt>
			<trkpt lat="39.99534" lon="20.88757">
				<ele>1048.87</ele>
				<time>2026-08-06T17:02:24.906Z</time>
			</trkpt>
			<trkpt lat="39.99527" lon="20.88761">
				<ele>1049.09</ele>
				<time>2026-08-06T17:02:25.584Z</time>
			</trkpt>
			<trkpt lat="39.99474" lon="20.88781">
				<ele>1059.16</ele>
				<time>2026-08-06T17:02:30.499Z</time>
			</trkpt>
			<trkpt lat="39.99458" lon="20.88789">
				<ele>1061.16</ele>
				<time>2026-08-06T17:02:32.032Z</time>
			</trkpt>
			<trkpt lat="39.99423" lon="20.88815">
				<ele>1067.7</ele>
				<time>2026-08-06T17:02:35.649Z</time>
			</trkpt>
			<trkpt lat="39.99388" lon="20.88836">
				<ele>1076.41</ele>
				<time>2026-08-06T17:02:39.126Z</time>
			</trkpt>
			<trkpt lat="39.99383" lon="20.88842">
				<ele>1076.33</ele>
				<time>2026-08-06T17:02:39.741Z</time>
			</trkpt>
			<trkpt lat="39.9938" lon="20.88851">
				<ele>1075.23</ele>
				<time>2026-08-06T17:02:40.422Z</time>
			</trkpt>
			<trkpt lat="39.99381" lon="20.88859">
				<ele>1073.47</ele>
				<time>2026-08-06T17:02:40.985Z</time>
			</trkpt>
			<trkpt lat="39.99387" lon="20.88869">
				<ele>1074.88</ele>
				<time>2026-08-06T17:02:41.869Z</time>
			</trkpt>
			<trkpt lat="39.99396" lon="20.88877">
				<ele>1076.21</ele>
				<time>2026-08-06T17:02:42.858Z</time>
			</trkpt>
			<trkpt lat="39.9942" lon="20.88891">
				<ele>1075.97</ele>
				<time>2026-08-06T17:02:45.253Z</time>
			</trkpt>
			<trkpt lat="39.99478" lon="20.88914">
				<ele>1079.22</ele>
				<time>2026-08-06T17:02:50.806Z</time>
			</trkpt>
			<trkpt lat="39.99502" lon="20.88919">
				<ele>1080.82</ele>
				<time>2026-08-06T17:02:53.045Z</time>
			</trkpt>
			<trkpt lat="39.99518" lon="20.88927">
				<ele>1079.85</ele>
				<time>2026-08-06T17:02:54.627Z</time>
			</trkpt>
			<trkpt lat="39.99548" lon="20.88946">
				<ele>1077.55</ele>
				<time>2026-08-06T17:02:57.716Z</time>
			</trkpt>
			<trkpt lat="39.99561" lon="20.88958">
				<ele>1077.1</ele>
				<time>2026-08-06T17:02:59.195Z</time>
			</trkpt>
			<trkpt lat="39.99568" lon="20.8897">
				<ele>1078.95</ele>
				<time>2026-08-06T17:03:00.271Z</time>
			</trkpt>
			<trkpt lat="39.9957" lon="20.88983">
				<ele>1080.29</ele>
				<time>2026-08-06T17:03:01.218Z</time>
			</trkpt>
			<trkpt lat="39.99567" lon="20.89">
				<ele>1083</ele>
				<time>2026-08-06T17:03:02.465Z</time>
			</trkpt>
			<trkpt lat="39.99533" lon="20.89061">
				<ele>1095.04</ele>
				<time>2026-08-06T17:03:07.885Z</time>
			</trkpt>
			<trkpt lat="39.99523" lon="20.8907">
				<ele>1096.28</ele>
				<time>2026-08-06T17:03:09.029Z</time>
			</trkpt>
			<trkpt lat="39.99512" lon="20.89076">
				<ele>1096.99</ele>
				<time>2026-08-06T17:03:10.153Z</time>
			</trkpt>
			<trkpt lat="39.99481" lon="20.89081">
				<ele>1097.91</ele>
				<time>2026-08-06T17:03:13.108Z</time>
			</trkpt>
			<trkpt lat="39.99416" lon="20.89083">
				<ele>1103.97</ele>
				<time>2026-08-06T17:03:19.296Z</time>
			</trkpt>
			<trkpt lat="39.99386" lon="20.89082">
				<ele>1107.38</ele>
				<time>2026-08-06T17:03:22.169Z</time>
			</trkpt>
			<trkpt lat="39.99328" lon="20.89093">
				<ele>1112.63</ele>
				<time>2026-08-06T17:03:27.812Z</time>
			</trkpt>
			<trkpt lat="39.99289" lon="20.89098">
				<ele>1113.84</ele>
				<time>2026-08-06T17:03:31.609Z</time>
			</trkpt>
			<trkpt lat="39.99253" lon="20.8911">
				<ele>1113.05</ele>
				<time>2026-08-06T17:03:35.226Z</time>
			</trkpt>
			<trkpt lat="39.9924" lon="20.89111">
				<ele>1113.66</ele>
				<time>2026-08-06T17:03:36.498Z</time>
			</trkpt>
			<trkpt lat="39.99219" lon="20.89109">
				<ele>1115.86</ele>
				<time>2026-08-06T17:03:38.559Z</time>
			</trkpt>
			<trkpt lat="39.9919" lon="20.89112">
				<ele>1121.47</ele>
				<time>2026-08-06T17:03:41.415Z</time>
			</trkpt>
			<trkpt lat="39.99175" lon="20.89115">
				<ele>1119.56</ele>
				<time>2026-08-06T17:03:42.910Z</time>
			</trkpt>
			<trkpt lat="39.9916" lon="20.89123">
				<ele>1116.92</ele>
				<time>2026-08-06T17:03:44.508Z</time>
			</trkpt>
			<trkpt lat="39.99129" lon="20.89145">
				<ele>1113.8</ele>
				<time>2026-08-06T17:03:48.001Z</time>
			</trkpt>
			<trkpt lat="39.99091" lon="20.89185">
				<ele>1115.35</ele>
				<time>2026-08-06T17:03:52.859Z</time>
			</trkpt>
			<trkpt lat="39.99064" lon="20.89209">
				<ele>1118.29</ele>
				<time>2026-08-06T17:03:56.127Z</time>
			</trkpt>
			<trkpt lat="39.99057" lon="20.8922">
				<ele>1118.86</ele>
				<time>2026-08-06T17:03:57.225Z</time>
			</trkpt>
			<trkpt lat="39.9905" lon="20.89236">
				<ele>1119.8</ele>
				<time>2026-08-06T17:03:58.644Z</time>
			</trkpt>
			<trkpt lat="39.99043" lon="20.89256">
				<ele>1120.87</ele>
				<time>2026-08-06T17:04:00.339Z</time>
			</trkpt>
			<trkpt lat="39.9904" lon="20.89275">
				<ele>1121.24</ele>
				<time>2026-08-06T17:04:01.839Z</time>
			</trkpt>
			<trkpt lat="39.99042" lon="20.89323">
				<ele>1121.51</ele>
				<time>2026-08-06T17:04:05.566Z</time>
			</trkpt>
			<trkpt lat="39.9904" lon="20.89342">
				<ele>1122.72</ele>
				<time>2026-08-06T17:04:07.058Z</time>
			</trkpt>
			<trkpt lat="39.99007" lon="20.89475">
				<ele>1134.04</ele>
				<time>2026-08-06T17:04:18.017Z</time>
			</trkpt>
			<trkpt lat="39.99" lon="20.89491">
				<ele>1136.81</ele>
				<time>2026-08-06T17:04:19.472Z</time>
			</trkpt>
			<trkpt lat="39.98991" lon="20.89505">
				<ele>1138.48</ele>
				<time>2026-08-06T17:04:20.919Z</time>
			</trkpt>
			<trkpt lat="39.98984" lon="20.89511">
				<ele>1138.55</ele>
				<time>2026-08-06T17:04:21.785Z</time>
			</trkpt>
			<trkpt lat="39.98954" lon="20.89529">
				<ele>1135.79</ele>
				<time>2026-08-06T17:04:25.209Z</time>
			</trkpt>
			<trkpt lat="39.98941" lon="20.89538">
				<ele>1133.88</ele>
				<time>2026-08-06T17:04:26.740Z</time>
			</trkpt>
			<trkpt lat="39.98917" lon="20.89565">
				<ele>1128.19</ele>
				<time>2026-08-06T17:04:30.046Z</time>
			</trkpt>
			<trkpt lat="39.98905" lon="20.89574">
				<ele>1128.68</ele>
				<time>2026-08-06T17:04:31.494Z</time>
			</trkpt>
			<trkpt lat="39.98895" lon="20.89578">
				<ele>1128.74</ele>
				<time>2026-08-06T17:04:32.590Z</time>
			</trkpt>
			<trkpt lat="39.98859" lon="20.89587">
				<ele>1127.92</ele>
				<time>2026-08-06T17:04:36.442Z</time>
			</trkpt>
			<trkpt lat="39.98843" lon="20.89595">
				<ele>1125.05</ele>
				<time>2026-08-06T17:04:38.250Z</time>
			</trkpt>
			<trkpt lat="39.98827" lon="20.89606">
				<ele>1121.91</ele>
				<time>2026-08-06T17:04:40.161Z</time>
			</trkpt>
			<trkpt lat="39.98795" lon="20.89633">
				<ele>1119.18</ele>
				<time>2026-08-06T17:04:44.203Z</time>
			</trkpt>
			<trkpt lat="39.9875" lon="20.89676">
				<ele>1113.21</ele>
				<time>2026-08-06T17:04:50.155Z</time>
			</trkpt>
			<trkpt lat="39.98667" lon="20.89744">
				<ele>1105.06</ele>
				<time>2026-08-06T17:05:00.715Z</time>
			</trkpt>
			<trkpt lat="39.98619" lon="20.89785">
				<ele>1100.62</ele>
				<time>2026-08-06T17:05:06.958Z</time>
			</trkpt>
			<trkpt lat="39.9856" lon="20.89818">
				<ele>1098.48</ele>
				<time>2026-08-06T17:05:13.997Z</time>
			</trkpt>
			<trkpt lat="39.98515" lon="20.89849">
				<ele>1100.17</ele>
				<time>2026-08-06T17:05:19.618Z</time>
			</trkpt>
			<trkpt lat="39.98472" lon="20.89875">
				<ele>1087.22</ele>
				<time>2026-08-06T17:05:24.885Z</time>
			</trkpt>
			<trkpt lat="39.98451" lon="20.89883">
				<ele>1083.4</ele>
				<time>2026-08-06T17:05:27.328Z</time>
			</trkpt>
			<trkpt lat="39.98409" lon="20.89891">
				<ele>1084.06</ele>
				<time>2026-08-06T17:05:32.086Z</time>
			</trkpt>
			<trkpt lat="39.9839" lon="20.89899">
				<ele>1086.22</ele>
				<time>2026-08-06T17:05:34.332Z</time>
			</trkpt>
			<trkpt lat="39.98361" lon="20.89922">
				<ele>1089</ele>
				<time>2026-08-06T17:05:38.164Z</time>
			</trkpt>
			<trkpt lat="39.98333" lon="20.89952">
				<ele>1090.68</ele>
				<time>2026-08-06T17:05:42.273Z</time>
			</trkpt>
			<trkpt lat="39.98292" lon="20.90014">
				<ele>1092.11</ele>
				<time>2026-08-06T17:05:49.435Z</time>
			</trkpt>
			<trkpt lat="39.98287" lon="20.90025">
				<ele>1092.26</ele>
				<time>2026-08-06T17:05:50.559Z</time>
			</trkpt>
			<trkpt lat="39.98284" lon="20.90042">
				<ele>1090.43</ele>
				<time>2026-08-06T17:05:52.094Z</time>
			</trkpt>
			<trkpt lat="39.98284" lon="20.90054">
				<ele>1087.97</ele>
				<time>2026-08-06T17:05:53.151Z</time>
			</trkpt>
			<trkpt lat="39.98286" lon="20.90075">
				<ele>1083.58</ele>
				<time>2026-08-06T17:05:55.018Z</time>
			</trkpt>
			<trkpt lat="39.98301" lon="20.90131">
				<ele>1082.5</ele>
				<time>2026-08-06T17:06:00.274Z</time>
			</trkpt>
			<trkpt lat="39.98311" lon="20.9021">
				<ele>1083.48</ele>
				<time>2026-08-06T17:06:07.415Z</time>
			</trkpt>
			<trkpt lat="39.98311" lon="20.90252">
				<ele>1077.46</ele>
				<time>2026-08-06T17:06:11.183Z</time>
			</trkpt>
			<trkpt lat="39.98314" lon="20.9029">
				<ele>1080.02</ele>
				<time>2026-08-06T17:06:14.624Z</time>
			</trkpt>
			<trkpt lat="39.98311" lon="20.90307">
				<ele>1081.15</ele>
				<time>2026-08-06T17:06:16.199Z</time>
			</trkpt>
			<trkpt lat="39.98303" lon="20.90319">
				<ele>1080.97</ele>
				<time>2026-08-06T17:06:17.638Z</time>
			</trkpt>
			<trkpt lat="39.98293" lon="20.90326">
				<ele>1082.18</ele>
				<time>2026-08-06T17:06:18.979Z</time>
			</trkpt>
			<trkpt lat="39.98281" lon="20.90328">
				<ele>1084.42</ele>
				<time>2026-08-06T17:06:20.411Z</time>
			</trkpt>
			<trkpt lat="39.98249" lon="20.90328">
				<ele>1091.63</ele>
				<time>2026-08-06T17:06:24.210Z</time>
			</trkpt>
			<trkpt lat="39.9823" lon="20.90334">
				<ele>1093.69</ele>
				<time>2026-08-06T17:06:26.539Z</time>
			</trkpt>
			<trkpt lat="39.98218" lon="20.90341">
				<ele>1092.77</ele>
				<time>2026-08-06T17:06:28.107Z</time>
			</trkpt>
			<trkpt lat="39.98205" lon="20.90349">
				<ele>1092.98</ele>
				<time>2026-08-06T17:06:29.826Z</time>
			</trkpt>
			<trkpt lat="39.98185" lon="20.90366">
				<ele>1091.97</ele>
				<time>2026-08-06T17:06:32.686Z</time>
			</trkpt>
			<trkpt lat="39.98164" lon="20.90391">
				<ele>1086.28</ele>
				<time>2026-08-06T17:06:36.104Z</time>
			</trkpt>
			<trkpt lat="39.9813" lon="20.90444">
				<ele>1075.09</ele>
				<time>2026-08-06T17:06:42.504Z</time>
			</trkpt>
			<trkpt lat="39.98125" lon="20.90454">
				<ele>1075.74</ele>
				<time>2026-08-06T17:06:43.614Z</time>
			</trkpt>
			<trkpt lat="39.98121" lon="20.90469">
				<ele>1075.09</ele>
				<time>2026-08-06T17:06:45.093Z</time>
			</trkpt>
			<trkpt lat="39.98119" lon="20.90514">
				<ele>1071.66</ele>
				<time>2026-08-06T17:06:49.301Z</time>
			</trkpt>
			<trkpt lat="39.98115" lon="20.90536">
				<ele>1070.5</ele>
				<time>2026-08-06T17:06:51.419Z</time>
			</trkpt>
			<trkpt lat="39.98095" lon="20.90611">
				<ele>1066.22</ele>
				<time>2026-08-06T17:06:58.893Z</time>
			</trkpt>
			<trkpt lat="39.98092" lon="20.90618">
				<ele>1065.22</ele>
				<time>2026-08-06T17:06:59.651Z</time>
			</trkpt>
			<trkpt lat="39.98086" lon="20.90627">
				<ele>1062.98</ele>
				<time>2026-08-06T17:07:00.779Z</time>
			</trkpt>
			<trkpt lat="39.98074" lon="20.90632">
				<ele>1059.53</ele>
				<time>2026-08-06T17:07:02.337Z</time>
			</trkpt>
			<trkpt lat="39.98042" lon="20.9063">
				<ele>1057.33</ele>
				<time>2026-08-06T17:07:06.308Z</time>
			</trkpt>
			<trkpt lat="39.97982" lon="20.90644">
				<ele>1057.66</ele>
				<time>2026-08-06T17:07:13.909Z</time>
			</trkpt>
			<trkpt lat="39.97971" lon="20.90645">
				<ele>1056.51</ele>
				<time>2026-08-06T17:07:15.290Z</time>
			</trkpt>
			<trkpt lat="39.97951" lon="20.90641">
				<ele>1054.48</ele>
				<time>2026-08-06T17:07:17.829Z</time>
			</trkpt>
			<trkpt lat="39.97928" lon="20.90622">
				<ele>1056.52</ele>
				<time>2026-08-06T17:07:21.255Z</time>
			</trkpt>
			<trkpt lat="39.97915" lon="20.90618">
				<ele>1055.57</ele>
				<time>2026-08-06T17:07:22.941Z</time>
			</trkpt>
			<trkpt lat="39.97901" lon="20.90617">
				<ele>1055.28</ele>
				<time>2026-08-06T17:07:24.713Z</time>
			</trkpt>
			<trkpt lat="39.97875" lon="20.9062">
				<ele>1054.86</ele>
				<time>2026-08-06T17:07:28.020Z</time>
			</trkpt>
			<trkpt lat="39.97812" lon="20.90634">
				<ele>1046.7</ele>
				<time>2026-08-06T17:07:36.164Z</time>
			</trkpt>
			<trkpt lat="39.97792" lon="20.90629">
				<ele>1045.96</ele>
				<time>2026-08-06T17:07:38.773Z</time>
			</trkpt>
			<trkpt lat="39.97769" lon="20.90616">
				<ele>1044.09</ele>
				<time>2026-08-06T17:07:41.992Z</time>
			</trkpt>
			<trkpt lat="39.97764" lon="20.90616">
				<ele>1042.62</ele>
				<time>2026-08-06T17:07:42.636Z</time>
			</trkpt>
			<trkpt lat="39.9776" lon="20.9062">
				<ele>1040.54</ele>
				<time>2026-08-06T17:07:43.285Z</time>
			</trkpt>
			<trkpt lat="39.97758" lon="20.90626">
				<ele>1038.71</ele>
				<time>2026-08-06T17:07:43.931Z</time>
			</trkpt>
			<trkpt lat="39.9776" lon="20.90634">
				<ele>1037.45</ele>
				<time>2026-08-06T17:07:44.762Z</time>
			</trkpt>
			<trkpt lat="39.9777" lon="20.90644">
				<ele>1037.72</ele>
				<time>2026-08-06T17:07:46.389Z</time>
			</trkpt>
			<trkpt lat="39.97781" lon="20.9065">
				<ele>1038.18</ele>
				<time>2026-08-06T17:07:47.930Z</time>
			</trkpt>
			<trkpt lat="39.97805" lon="20.90655">
				<ele>1037.26</ele>
				<time>2026-08-06T17:07:51.080Z</time>
			</trkpt>
			<trkpt lat="39.97857" lon="20.90652">
				<ele>1039.39</ele>
				<time>2026-08-06T17:07:57.857Z</time>
			</trkpt>
			<trkpt lat="39.97871" lon="20.90654">
				<ele>1040.56</ele>
				<time>2026-08-06T17:07:59.698Z</time>
			</trkpt>
			<trkpt lat="39.97881" lon="20.90658">
				<ele>1040.74</ele>
				<time>2026-08-06T17:08:01.067Z</time>
			</trkpt>
			<trkpt lat="39.97885" lon="20.90664">
				<ele>1039.78</ele>
				<time>2026-08-06T17:08:01.866Z</time>
			</trkpt>
			<trkpt lat="39.97888" lon="20.90673">
				<ele>1038.38</ele>
				<time>2026-08-06T17:08:02.853Z</time>
			</trkpt>
			<trkpt lat="39.97888" lon="20.90709">
				<ele>1030.72</ele>
				<time>2026-08-06T17:08:06.479Z</time>
			</trkpt>
			<trkpt lat="39.97891" lon="20.90719">
				<ele>1029.13</ele>
				<time>2026-08-06T17:08:07.563Z</time>
			</trkpt>
			<trkpt lat="39.97901" lon="20.90732">
				<ele>1027.46</ele>
				<time>2026-08-06T17:08:09.426Z</time>
			</trkpt>
			<trkpt lat="39.97916" lon="20.90741">
				<ele>1027.86</ele>
				<time>2026-08-06T17:08:11.608Z</time>
			</trkpt>
			<trkpt lat="39.97927" lon="20.90744">
				<ele>1026.59</ele>
				<time>2026-08-06T17:08:13.096Z</time>
			</trkpt>
			<trkpt lat="39.97936" lon="20.90744">
				<ele>1026.18</ele>
				<time>2026-08-06T17:08:14.289Z</time>
			</trkpt>
			<trkpt lat="39.97975" lon="20.90736">
				<ele>1026.92</ele>
				<time>2026-08-06T17:08:19.538Z</time>
			</trkpt>
			<trkpt lat="39.98011" lon="20.9074">
				<ele>1024.48</ele>
				<time>2026-08-06T17:08:24.365Z</time>
			</trkpt>
			<trkpt lat="39.98038" lon="20.90736">
				<ele>1027.28</ele>
				<time>2026-08-06T17:08:28.009Z</time>
			</trkpt>
			<trkpt lat="39.98052" lon="20.90737">
				<ele>1028.97</ele>
				<time>2026-08-06T17:08:29.895Z</time>
			</trkpt>
			<trkpt lat="39.98063" lon="20.90743">
				<ele>1027.86</ele>
				<time>2026-08-06T17:08:31.500Z</time>
			</trkpt>
			<trkpt lat="39.98071" lon="20.90751">
				<ele>1026.22</ele>
				<time>2026-08-06T17:08:32.859Z</time>
			</trkpt>
			<trkpt lat="39.9809" lon="20.90776">
				<ele>1019.32</ele>
				<time>2026-08-06T17:08:36.506Z</time>
			</trkpt>
			<trkpt lat="39.98103" lon="20.9079">
				<ele>1015.46</ele>
				<time>2026-08-06T17:08:38.790Z</time>
			</trkpt>
			<trkpt lat="39.98118" lon="20.90797">
				<ele>1011.24</ele>
				<time>2026-08-06T17:08:40.953Z</time>
			</trkpt>
			<trkpt lat="39.98132" lon="20.90795">
				<ele>1007.35</ele>
				<time>2026-08-06T17:08:42.869Z</time>
			</trkpt>
			<trkpt lat="39.98143" lon="20.90787">
				<ele>1006.69</ele>
				<time>2026-08-06T17:08:44.585Z</time>
			</trkpt>
			<trkpt lat="39.98152" lon="20.90778">
				<ele>1006.55</ele>
				<time>2026-08-06T17:08:46.132Z</time>
			</trkpt>
			<trkpt lat="39.98163" lon="20.90759">
				<ele>1007.94</ele>
				<time>2026-08-06T17:08:48.627Z</time>
			</trkpt>
			<trkpt lat="39.9817" lon="20.9074">
				<ele>1008.81</ele>
				<time>2026-08-06T17:08:50.840Z</time>
			</trkpt>
			<trkpt lat="39.98177" lon="20.90703">
				<ele>1009.8</ele>
				<time>2026-08-06T17:08:54.852Z</time>
			</trkpt>
			<trkpt lat="39.98181" lon="20.90693">
				<ele>1008.73</ele>
				<time>2026-08-06T17:08:56.042Z</time>
			</trkpt>
			<trkpt lat="39.98184" lon="20.90689">
				<ele>1008.11</ele>
				<time>2026-08-06T17:08:56.633Z</time>
			</trkpt>
			<trkpt lat="39.98188" lon="20.90687">
				<ele>1006.13</ele>
				<time>2026-08-06T17:08:57.224Z</time>
			</trkpt>
			<trkpt lat="39.98193" lon="20.90689">
				<ele>1003.02</ele>
				<time>2026-08-06T17:08:57.945Z</time>
			</trkpt>
			<trkpt lat="39.98197" lon="20.90696">
				<ele>999.24</ele>
				<time>2026-08-06T17:08:58.869Z</time>
			</trkpt>
			<trkpt lat="39.98197" lon="20.9071">
				<ele>997.26</ele>
				<time>2026-08-06T17:09:00.352Z</time>
			</trkpt>
			<trkpt lat="39.98194" lon="20.90751">
				<ele>992.21</ele>
				<time>2026-08-06T17:09:04.725Z</time>
			</trkpt>
			<trkpt lat="39.9819" lon="20.90765">
				<ele>993.22</ele>
				<time>2026-08-06T17:09:06.315Z</time>
			</trkpt>
			<trkpt lat="39.98184" lon="20.9078">
				<ele>993.69</ele>
				<time>2026-08-06T17:09:08.119Z</time>
			</trkpt>
			<trkpt lat="39.98178" lon="20.90789">
				<ele>993.42</ele>
				<time>2026-08-06T17:09:09.393Z</time>
			</trkpt>
			<trkpt lat="39.98165" lon="20.90802">
				<ele>993.5</ele>
				<time>2026-08-06T17:09:11.678Z</time>
			</trkpt>
			<trkpt lat="39.98156" lon="20.90813">
				<ele>992.19</ele>
				<time>2026-08-06T17:09:13.402Z</time>
			</trkpt>
			<trkpt lat="39.98116" lon="20.90893">
				<ele>978.14</ele>
				<time>2026-08-06T17:09:23.687Z</time>
			</trkpt>
			<trkpt lat="39.98111" lon="20.90899">
				<ele>979.44</ele>
				<time>2026-08-06T17:09:24.646Z</time>
			</trkpt>
			<trkpt lat="39.98099" lon="20.909">
				<ele>981.3</ele>
				<time>2026-08-06T17:09:26.346Z</time>
			</trkpt>
			<trkpt lat="39.98089" lon="20.90894">
				<ele>983.73</ele>
				<time>2026-08-06T17:09:27.904Z</time>
			</trkpt>
			<trkpt lat="39.98063" lon="20.9087">
				<ele>985.95</ele>
				<time>2026-08-06T17:09:32.424Z</time>
			</trkpt>
			<trkpt lat="39.98048" lon="20.90853">
				<ele>985.64</ele>
				<time>2026-08-06T17:09:35.253Z</time>
			</trkpt>
			<trkpt lat="39.98035" lon="20.90841">
				<ele>983.88</ele>
				<time>2026-08-06T17:09:37.525Z</time>
			</trkpt>
			<trkpt lat="39.98053" lon="20.90899">
				<ele>981.3</ele>
				<time>2026-08-06T17:09:44.393Z</time>
			</trkpt>
			<trkpt lat="39.98071" lon="20.90946">
				<ele>976</ele>
				<time>2026-08-06T17:09:50.191Z</time>
			</trkpt>
			<trkpt lat="39.98074" lon="20.90955">
				<ele>973.16</ele>
				<time>2026-08-06T17:09:51.277Z</time>
			</trkpt>
			<trkpt lat="39.98073" lon="20.90957">
				<ele>972.39</ele>
				<time>2026-08-06T17:09:51.542Z</time>
			</trkpt>
			<trkpt lat="39.98069" lon="20.90957">
				<ele>972.22</ele>
				<time>2026-08-06T17:09:52.120Z</time>
			</trkpt>
			<trkpt lat="39.98024" lon="20.90933">
				<ele>970.76</ele>
				<time>2026-08-06T17:09:59.170Z</time>
			</trkpt>
			<trkpt lat="39.98018" lon="20.90934">
				<ele>968.88</ele>
				<time>2026-08-06T17:10:00.050Z</time>
			</trkpt>
			<trkpt lat="39.98016" lon="20.90938">
				<ele>967.69</ele>
				<time>2026-08-06T17:10:00.583Z</time>
			</trkpt>
			<trkpt lat="39.98014" lon="20.90955">
				<ele>962.87</ele>
				<time>2026-08-06T17:10:02.503Z</time>
			</trkpt>
			<trkpt lat="39.98015" lon="20.90967">
				<ele>959.41</ele>
				<time>2026-08-06T17:10:03.853Z</time>
			</trkpt>
			<trkpt lat="39.98024" lon="20.90993">
				<ele>954.3</ele>
				<time>2026-08-06T17:10:07.049Z</time>
			</trkpt>
			<trkpt lat="39.98044" lon="20.91029">
				<ele>948.62</ele>
				<time>2026-08-06T17:10:12.048Z</time>
			</trkpt>
			<trkpt lat="39.98044" lon="20.91037">
				<ele>947.27</ele>
				<time>2026-08-06T17:10:12.949Z</time>
			</trkpt>
			<trkpt lat="39.98044" lon="20.91029">
				<ele>948.62</ele>
				<time>2026-08-06T17:10:13.851Z</time>
			</trkpt>
			<trkpt lat="39.98024" lon="20.90993">
				<ele>954.3</ele>
				<time>2026-08-06T17:10:18.878Z</time>
			</trkpt>
			<trkpt lat="39.98015" lon="20.90967">
				<ele>959.41</ele>
				<time>2026-08-06T17:10:22.113Z</time>
			</trkpt>
			<trkpt lat="39.98014" lon="20.90955">
				<ele>962.87</ele>
				<time>2026-08-06T17:10:23.485Z</time>
			</trkpt>
			<trkpt lat="39.98016" lon="20.90938">
				<ele>967.69</ele>
				<time>2026-08-06T17:10:25.442Z</time>
			</trkpt>
			<trkpt lat="39.98018" lon="20.90934">
				<ele>968.88</ele>
				<time>2026-08-06T17:10:25.986Z</time>
			</trkpt>
			<trkpt lat="39.98024" lon="20.90933">
				<ele>970.76</ele>
				<time>2026-08-06T17:10:26.886Z</time>
			</trkpt>
			<trkpt lat="39.98069" lon="20.90957">
				<ele>972.22</ele>
				<time>2026-08-06T17:10:34.140Z</time>
			</trkpt>
			<trkpt lat="39.98073" lon="20.90957">
				<ele>972.39</ele>
				<time>2026-08-06T17:10:34.738Z</time>
			</trkpt>
			<trkpt lat="39.98074" lon="20.90955">
				<ele>973.16</ele>
				<time>2026-08-06T17:10:35.012Z</time>
			</trkpt>
			<trkpt lat="39.98071" lon="20.90946">
				<ele>976</ele>
				<time>2026-08-06T17:10:36.139Z</time>
			</trkpt>
			<trkpt lat="39.98053" lon="20.90899">
				<ele>981.3</ele>
				<time>2026-08-06T17:10:42.300Z</time>
			</trkpt>
			<trkpt lat="39.98035" lon="20.90841">
				<ele>983.88</ele>
				<time>2026-08-06T17:10:53.686Z</time>
			</trkpt>
			<trkpt lat="39.98028" lon="20.90836">
				<ele>982.82</ele>
				<time>2026-08-06T17:10:56.057Z</time>
			</trkpt>
			<trkpt lat="39.98" lon="20.90821">
				<ele>988.52</ele>
				<time>2026-08-06T17:11:05.912Z</time>
			</trkpt>
			<trkpt lat="39.97992" lon="20.90819">
				<ele>990.85</ele>
				<time>2026-08-06T17:11:08.742Z</time>
			</trkpt>
			<trkpt lat="39.97959" lon="20.90828">
				<ele>993.88</ele>
				<time>2026-08-06T17:11:20.880Z</time>
			</trkpt>
			<trkpt lat="39.97912" lon="20.90836">
				<ele>996.28</ele>
				<time>2026-08-06T17:11:37.817Z</time>
			</trkpt>
			<trkpt lat="39.97903" lon="20.90834">
				<ele>995.46</ele>
				<time>2026-08-06T17:11:40.887Z</time>
			</trkpt>
			<trkpt lat="39.97895" lon="20.90826">
				<ele>996.65</ele>
				<time>2026-08-06T17:11:44.157Z</time>
			</trkpt>
			<trkpt lat="39.97882" lon="20.90797">
				<ele>1001.4</ele>
				<time>2026-08-06T17:11:51.780Z</time>
			</trkpt>
			<trkpt lat="39.97854" lon="20.90775">
				<ele>1000.27</ele>
				<time>2026-08-06T17:11:59.704Z</time>
			</trkpt>
			<trkpt lat="39.97838" lon="20.90754">
				<ele>1002.74</ele>
				<time>2026-08-06T17:12:04.893Z</time>
			</trkpt>
			<trkpt lat="39.97822" lon="20.90726">
				<ele>1009.52</ele>
				<time>2026-08-06T17:12:10.910Z</time>
			</trkpt>
			<trkpt lat="39.97816" lon="20.90721">
				<ele>1011.27</ele>
				<time>2026-08-06T17:12:12.480Z</time>
			</trkpt>
			<trkpt lat="39.97775" lon="20.90716">
				<ele>1015.05</ele>
				<time>2026-08-06T17:12:21.206Z</time>
			</trkpt>
			<trkpt lat="39.97742" lon="20.90722">
				<ele>1009.64</ele>
				<time>2026-08-06T17:12:27.657Z</time>
			</trkpt>
			<trkpt lat="39.97736" lon="20.9072">
				<ele>1008.23</ele>
				<time>2026-08-06T17:12:28.781Z</time>
			</trkpt>
			<trkpt lat="39.97731" lon="20.90716">
				<ele>1008.08</ele>
				<time>2026-08-06T17:12:29.820Z</time>
			</trkpt>
			<trkpt lat="39.97726" lon="20.90706">
				<ele>1009.43</ele>
				<time>2026-08-06T17:12:31.392Z</time>
			</trkpt>
			<trkpt lat="39.9772" lon="20.90687">
				<ele>1013</ele>
				<time>2026-08-06T17:12:33.947Z</time>
			</trkpt>
			<trkpt lat="39.97715" lon="20.90666">
				<ele>1017.13</ele>
				<time>2026-08-06T17:12:36.451Z</time>
			</trkpt>
			<trkpt lat="39.97713" lon="20.90646">
				<ele>1020.93</ele>
				<time>2026-08-06T17:12:38.520Z</time>
			</trkpt>
			<trkpt lat="39.97712" lon="20.90612">
				<ele>1023.97</ele>
				<time>2026-08-06T17:12:41.467Z</time>
			</trkpt>
			<trkpt lat="39.97718" lon="20.9058">
				<ele>1024.16</ele>
				<time>2026-08-06T17:12:43.775Z</time>
			</trkpt>
			<trkpt lat="39.97719" lon="20.90565">
				<ele>1024.35</ele>
				<time>2026-08-06T17:12:44.809Z</time>
			</trkpt>
			<trkpt lat="39.97719" lon="20.90544">
				<ele>1026.52</ele>
				<time>2026-08-06T17:12:46.243Z</time>
			</trkpt>
			<trkpt lat="39.97715" lon="20.9053">
				<ele>1028.71</ele>
				<time>2026-08-06T17:12:47.259Z</time>
			</trkpt>
			<trkpt lat="39.97695" lon="20.90503">
				<ele>1033.88</ele>
				<time>2026-08-06T17:12:49.795Z</time>
			</trkpt>
			<trkpt lat="39.97682" lon="20.90492">
				<ele>1036.2</ele>
				<time>2026-08-06T17:12:51.150Z</time>
			</trkpt>
			<trkpt lat="39.97666" lon="20.90488">
				<ele>1035.74</ele>
				<time>2026-08-06T17:12:52.568Z</time>
			</trkpt>
			<trkpt lat="39.97631" lon="20.90487">
				<ele>1032.06</ele>
				<time>2026-08-06T17:12:55.587Z</time>
			</trkpt>
			<trkpt lat="39.97604" lon="20.90478">
				<ele>1031.27</ele>
				<time>2026-08-06T17:12:57.965Z</time>
			</trkpt>
			<trkpt lat="39.97591" lon="20.9047">
				<ele>1032.44</ele>
				<time>2026-08-06T17:12:59.183Z</time>
			</trkpt>
			<trkpt lat="39.97581" lon="20.90457">
				<ele>1034.39</ele>
				<time>2026-08-06T17:13:00.373Z</time>
			</trkpt>
			<trkpt lat="39.97575" lon="20.90441">
				<ele>1037.07</ele>
				<time>2026-08-06T17:13:01.518Z</time>
			</trkpt>
			<trkpt lat="39.97569" lon="20.90391">
				<ele>1045.38</ele>
				<time>2026-08-06T17:13:04.744Z</time>
			</trkpt>
			<trkpt lat="39.97567" lon="20.90387">
				<ele>1045.85</ele>
				<time>2026-08-06T17:13:05.046Z</time>
			</trkpt>
			<trkpt lat="39.97562" lon="20.90384">
				<ele>1045.89</ele>
				<time>2026-08-06T17:13:05.499Z</time>
			</trkpt>
			<trkpt lat="39.97553" lon="20.90383">
				<ele>1044.73</ele>
				<time>2026-08-06T17:13:06.242Z</time>
			</trkpt>
			<trkpt lat="39.97527" lon="20.90391">
				<ele>1044.35</ele>
				<time>2026-08-06T17:13:08.425Z</time>
			</trkpt>
			<trkpt lat="39.97484" lon="20.90388">
				<ele>1049.49</ele>
				<time>2026-08-06T17:13:11.903Z</time>
			</trkpt>
			<trkpt lat="39.97469" lon="20.90383">
				<ele>1049.7</ele>
				<time>2026-08-06T17:13:13.140Z</time>
			</trkpt>
			<trkpt lat="39.97449" lon="20.90367">
				<ele>1049.96</ele>
				<time>2026-08-06T17:13:15.003Z</time>
			</trkpt>
			<trkpt lat="39.9744" lon="20.90365">
				<ele>1050.27</ele>
				<time>2026-08-06T17:13:15.724Z</time>
			</trkpt>
			<trkpt lat="39.97433" lon="20.90369">
				<ele>1051.27</ele>
				<time>2026-08-06T17:13:16.326Z</time>
			</trkpt>
			<trkpt lat="39.97419" lon="20.90395">
				<ele>1050.1</ele>
				<time>2026-08-06T17:13:18.233Z</time>
			</trkpt>
			<trkpt lat="39.97415" lon="20.904">
				<ele>1049.85</ele>
				<time>2026-08-06T17:13:18.664Z</time>
			</trkpt>
			<trkpt lat="39.9741" lon="20.90402">
				<ele>1051.24</ele>
				<time>2026-08-06T17:13:19.071Z</time>
			</trkpt>
			<trkpt lat="39.97406" lon="20.904">
				<ele>1052.78</ele>
				<time>2026-08-06T17:13:19.403Z</time>
			</trkpt>
			<trkpt lat="39.97401" lon="20.90395">
				<ele>1055.14</ele>
				<time>2026-08-06T17:13:19.891Z</time>
			</trkpt>
			<trkpt lat="39.97374" lon="20.90353">
				<ele>1060.65</ele>
				<time>2026-08-06T17:13:23.119Z</time>
			</trkpt>
			<trkpt lat="39.97365" lon="20.90345">
				<ele>1060.93</ele>
				<time>2026-08-06T17:13:23.949Z</time>
			</trkpt>
			<trkpt lat="39.97357" lon="20.9034">
				<ele>1060.57</ele>
				<time>2026-08-06T17:13:24.622Z</time>
			</trkpt>
			<trkpt lat="39.97349" lon="20.90339">
				<ele>1059.75</ele>
				<time>2026-08-06T17:13:25.230Z</time>
			</trkpt>
			<trkpt lat="39.9732" lon="20.90345">
				<ele>1057.58</ele>
				<time>2026-08-06T17:13:27.437Z</time>
			</trkpt>
			<trkpt lat="39.97296" lon="20.90342">
				<ele>1057.95</ele>
				<time>2026-08-06T17:13:29.232Z</time>
			</trkpt>
			<trkpt lat="39.97266" lon="20.90342">
				<ele>1062.09</ele>
				<time>2026-08-06T17:13:31.445Z</time>
			</trkpt>
			<trkpt lat="39.97227" lon="20.90344">
				<ele>1071.36</ele>
				<time>2026-08-06T17:13:34.290Z</time>
			</trkpt>
			<trkpt lat="39.97215" lon="20.90339">
				<ele>1073.23</ele>
				<time>2026-08-06T17:13:35.200Z</time>
			</trkpt>
			<trkpt lat="39.97206" lon="20.90338">
				<ele>1073.42</ele>
				<time>2026-08-06T17:13:35.850Z</time>
			</trkpt>
			<trkpt lat="39.97194" lon="20.90342">
				<ele>1073.94</ele>
				<time>2026-08-06T17:13:36.737Z</time>
			</trkpt>
			<trkpt lat="39.97181" lon="20.90348">
				<ele>1077.37</ele>
				<time>2026-08-06T17:13:37.721Z</time>
			</trkpt>
			<trkpt lat="39.97155" lon="20.90366">
				<ele>1080.63</ele>
				<time>2026-08-06T17:13:39.806Z</time>
			</trkpt>
			<trkpt lat="39.97135" lon="20.90386">
				<ele>1079.17</ele>
				<time>2026-08-06T17:13:41.574Z</time>
			</trkpt>
			<trkpt lat="39.97093" lon="20.90439">
				<ele>1086.84</ele>
				<time>2026-08-06T17:13:45.612Z</time>
			</trkpt>
			<trkpt lat="39.97083" lon="20.90448">
				<ele>1088.4</ele>
				<time>2026-08-06T17:13:46.442Z</time>
			</trkpt>
			<trkpt lat="39.9707" lon="20.90452">
				<ele>1089.54</ele>
				<time>2026-08-06T17:13:47.350Z</time>
			</trkpt>
			<trkpt lat="39.97038" lon="20.90459">
				<ele>1088.99</ele>
				<time>2026-08-06T17:13:49.537Z</time>
			</trkpt>
			<trkpt lat="39.96998" lon="20.90477">
				<ele>1082.83</ele>
				<time>2026-08-06T17:13:52.353Z</time>
			</trkpt>
			<trkpt lat="39.96974" lon="20.90483">
				<ele>1080.31</ele>
				<time>2026-08-06T17:13:53.960Z</time>
			</trkpt>
			<trkpt lat="39.96935" lon="20.90485">
				<ele>1077.47</ele>
				<time>2026-08-06T17:13:56.498Z</time>
			</trkpt>
			<trkpt lat="39.96918" lon="20.90485">
				<ele>1079.29</ele>
				<time>2026-08-06T17:13:57.593Z</time>
			</trkpt>
			<trkpt lat="39.96862" lon="20.90476">
				<ele>1070.6</ele>
				<time>2026-08-06T17:14:01.179Z</time>
			</trkpt>
			<trkpt lat="39.96849" lon="20.90478">
				<ele>1069.67</ele>
				<time>2026-08-06T17:14:02.001Z</time>
			</trkpt>
			<trkpt lat="39.96837" lon="20.90486">
				<ele>1067.05</ele>
				<time>2026-08-06T17:14:02.843Z</time>
			</trkpt>
			<trkpt lat="39.96828" lon="20.90499">
				<ele>1064.11</ele>
				<time>2026-08-06T17:14:03.678Z</time>
			</trkpt>
			<trkpt lat="39.96821" lon="20.90512">
				<ele>1064.38</ele>
				<time>2026-08-06T17:14:04.432Z</time>
			</trkpt>
			<trkpt lat="39.96801" lon="20.90561">
				<ele>1060.3</ele>
				<time>2026-08-06T17:14:07.042Z</time>
			</trkpt>
			<trkpt lat="39.9678" lon="20.90597">
				<ele>1051.21</ele>
				<time>2026-08-06T17:14:09.139Z</time>
			</trkpt>
			<trkpt lat="39.96771" lon="20.90603">
				<ele>1048.38</ele>
				<time>2026-08-06T17:14:09.746Z</time>
			</trkpt>
			<trkpt lat="39.9676" lon="20.90603">
				<ele>1047.37</ele>
				<time>2026-08-06T17:14:10.404Z</time>
			</trkpt>
			<trkpt lat="39.96749" lon="20.906">
				<ele>1046.77</ele>
				<time>2026-08-06T17:14:11.073Z</time>
			</trkpt>
			<trkpt lat="39.96739" lon="20.90592">
				<ele>1045.93</ele>
				<time>2026-08-06T17:14:11.769Z</time>
			</trkpt>
			<trkpt lat="39.96731" lon="20.9058">
				<ele>1046.51</ele>
				<time>2026-08-06T17:14:12.489Z</time>
			</trkpt>
			<trkpt lat="39.9672" lon="20.90554">
				<ele>1048.36</ele>
				<time>2026-08-06T17:14:13.825Z</time>
			</trkpt>
			<trkpt lat="39.96716" lon="20.90541">
				<ele>1048.75</ele>
				<time>2026-08-06T17:14:14.452Z</time>
			</trkpt>
			<trkpt lat="39.96712" lon="20.90517">
				<ele>1049.89</ele>
				<time>2026-08-06T17:14:15.545Z</time>
			</trkpt>
			<trkpt lat="39.96713" lon="20.90481">
				<ele>1053.48</ele>
				<time>2026-08-06T17:14:17.135Z</time>
			</trkpt>
			<trkpt lat="39.96717" lon="20.90461">
				<ele>1055.07</ele>
				<time>2026-08-06T17:14:18.040Z</time>
			</trkpt>
			<trkpt lat="39.96725" lon="20.90437">
				<ele>1053.93</ele>
				<time>2026-08-06T17:14:19.179Z</time>
			</trkpt>
			<trkpt lat="39.96727" lon="20.90424">
				<ele>1051.2</ele>
				<time>2026-08-06T17:14:19.753Z</time>
			</trkpt>
			<trkpt lat="39.96724" lon="20.90402">
				<ele>1048.2</ele>
				<time>2026-08-06T17:14:20.716Z</time>
			</trkpt>
			<trkpt lat="39.96715" lon="20.90384">
				<ele>1046.46</ele>
				<time>2026-08-06T17:14:21.637Z</time>
			</trkpt>
			<trkpt lat="39.96703" lon="20.90372">
				<ele>1045.34</ele>
				<time>2026-08-06T17:14:22.477Z</time>
			</trkpt>
			<trkpt lat="39.96685" lon="20.90367">
				<ele>1043.85</ele>
				<time>2026-08-06T17:14:23.494Z</time>
			</trkpt>
			<trkpt lat="39.96621" lon="20.90373">
				<ele>1038.11</ele>
				<time>2026-08-06T17:14:26.989Z</time>
			</trkpt>
			<trkpt lat="39.96589" lon="20.90374">
				<ele>1034.28</ele>
				<time>2026-08-06T17:14:28.704Z</time>
			</trkpt>
			<trkpt lat="39.96575" lon="20.9037">
				<ele>1032.18</ele>
				<time>2026-08-06T17:14:29.465Z</time>
			</trkpt>
			<trkpt lat="39.96566" lon="20.90363">
				<ele>1031.5</ele>
				<time>2026-08-06T17:14:30.020Z</time>
			</trkpt>
			<trkpt lat="39.96561" lon="20.90357">
				<ele>1032.02</ele>
				<time>2026-08-06T17:14:30.378Z</time>
			</trkpt>
			<trkpt lat="39.96554" lon="20.90339">
				<ele>1035.52</ele>
				<time>2026-08-06T17:14:31.191Z</time>
			</trkpt>
			<trkpt lat="39.96547" lon="20.90312">
				<ele>1038.15</ele>
				<time>2026-08-06T17:14:32.331Z</time>
			</trkpt>
			<trkpt lat="39.96541" lon="20.90304">
				<ele>1037.65</ele>
				<time>2026-08-06T17:14:32.777Z</time>
			</trkpt>
			<trkpt lat="39.96536" lon="20.90301">
				<ele>1036.44</ele>
				<time>2026-08-06T17:14:33.062Z</time>
			</trkpt>
			<trkpt lat="39.96526" lon="20.90301">
				<ele>1033.41</ele>
				<time>2026-08-06T17:14:33.579Z</time>
			</trkpt>
			<trkpt lat="39.96517" lon="20.90304">
				<ele>1032.08</ele>
				<time>2026-08-06T17:14:34.057Z</time>
			</trkpt>
			<trkpt lat="39.965" lon="20.90316">
				<ele>1027.35</ele>
				<time>2026-08-06T17:14:35.048Z</time>
			</trkpt>
			<trkpt lat="39.96495" lon="20.90321">
				<ele>1027.17</ele>
				<time>2026-08-06T17:14:35.369Z</time>
			</trkpt>
			<trkpt lat="39.9649" lon="20.90331">
				<ele>1025.78</ele>
				<time>2026-08-06T17:14:35.835Z</time>
			</trkpt>
			<trkpt lat="39.96483" lon="20.90356">
				<ele>1020.23</ele>
				<time>2026-08-06T17:14:36.867Z</time>
			</trkpt>
			<trkpt lat="39.96477" lon="20.90369">
				<ele>1018.03</ele>
				<time>2026-08-06T17:14:37.453Z</time>
			</trkpt>
			<trkpt lat="39.96452" lon="20.9041">
				<ele>1020.96</ele>
				<time>2026-08-06T17:14:39.457Z</time>
			</trkpt>
			<trkpt lat="39.96441" lon="20.90417">
				<ele>1023.89</ele>
				<time>2026-08-06T17:14:40.062Z</time>
			</trkpt>
			<trkpt lat="39.96432" lon="20.90418">
				<ele>1024</ele>
				<time>2026-08-06T17:14:40.507Z</time>
			</trkpt>
			<trkpt lat="39.96417" lon="20.90414">
				<ele>1025.52</ele>
				<time>2026-08-06T17:14:41.259Z</time>
			</trkpt>
			<trkpt lat="39.96391" lon="20.90397">
				<ele>1024.27</ele>
				<time>2026-08-06T17:14:42.675Z</time>
			</trkpt>
			<trkpt lat="39.96361" lon="20.90381">
				<ele>1023.78</ele>
				<time>2026-08-06T17:14:44.238Z</time>
			</trkpt>
			<trkpt lat="39.96344" lon="20.90374">
				<ele>1033.01</ele>
				<time>2026-08-06T17:14:45.090Z</time>
			</trkpt>
			<trkpt lat="39.96282" lon="20.90377">
				<ele>1040.15</ele>
				<time>2026-08-06T17:14:48.017Z</time>
			</trkpt>
			<trkpt lat="39.96223" lon="20.90371">
				<ele>1044.25</ele>
				<time>2026-08-06T17:14:50.752Z</time>
			</trkpt>
			<trkpt lat="39.96204" lon="20.90372">
				<ele>1046.93</ele>
				<time>2026-08-06T17:14:51.620Z</time>
			</trkpt>
			<trkpt lat="39.96194" lon="20.90376">
				<ele>1048.48</ele>
				<time>2026-08-06T17:14:52.095Z</time>
			</trkpt>
			<trkpt lat="39.96168" lon="20.90401">
				<ele>1049.41</ele>
				<time>2026-08-06T17:14:53.552Z</time>
			</trkpt>
			<trkpt lat="39.96146" lon="20.90419">
				<ele>1052.86</ele>
				<time>2026-08-06T17:14:54.712Z</time>
			</trkpt>
			<trkpt lat="39.96136" lon="20.90431">
				<ele>1054.96</ele>
				<time>2026-08-06T17:14:55.316Z</time>
			</trkpt>
			<trkpt lat="39.96118" lon="20.90463">
				<ele>1058.75</ele>
				<time>2026-08-06T17:14:56.657Z</time>
			</trkpt>
			<trkpt lat="39.96101" lon="20.90483">
				<ele>1060.7</ele>
				<time>2026-08-06T17:14:57.657Z</time>
			</trkpt>
			<trkpt lat="39.96054" lon="20.90548">
				<ele>1061.89</ele>
				<time>2026-08-06T17:15:00.608Z</time>
			</trkpt>
			<trkpt lat="39.96046" lon="20.90563">
				<ele>1066.01</ele>
				<time>2026-08-06T17:15:01.204Z</time>
			</trkpt>
			<trkpt lat="39.96033" lon="20.90595">
				<ele>1069.53</ele>
				<time>2026-08-06T17:15:02.377Z</time>
			</trkpt>
			<trkpt lat="39.96026" lon="20.90606">
				<ele>1069.81</ele>
				<time>2026-08-06T17:15:02.837Z</time>
			</trkpt>
			<trkpt lat="39.96016" lon="20.90614">
				<ele>1069.93</ele>
				<time>2026-08-06T17:15:03.328Z</time>
			</trkpt>
			<trkpt lat="39.95987" lon="20.90626">
				<ele>1068.49</ele>
				<time>2026-08-06T17:15:04.593Z</time>
			</trkpt>
			<trkpt lat="39.95978" lon="20.90623">
				<ele>1066.99</ele>
				<time>2026-08-06T17:15:04.977Z</time>
			</trkpt>
			<trkpt lat="39.95975" lon="20.9062">
				<ele>1066.94</ele>
				<time>2026-08-06T17:15:05.133Z</time>
			</trkpt>
			<trkpt lat="39.95973" lon="20.90613">
				<ele>1067.67</ele>
				<time>2026-08-06T17:15:05.369Z</time>
			</trkpt>
			<trkpt lat="39.9597" lon="20.90556">
				<ele>1078.35</ele>
				<time>2026-08-06T17:15:07.160Z</time>
			</trkpt>
			<trkpt lat="39.95963" lon="20.90526">
				<ele>1085.63</ele>
				<time>2026-08-06T17:15:08.133Z</time>
			</trkpt>
			<trkpt lat="39.95959" lon="20.90515">
				<ele>1088.14</ele>
				<time>2026-08-06T17:15:08.509Z</time>
			</trkpt>
			<trkpt lat="39.95945" lon="20.90495">
				<ele>1091.75</ele>
				<time>2026-08-06T17:15:09.341Z</time>
			</trkpt>
			<trkpt lat="39.9593" lon="20.90481">
				<ele>1090.92</ele>
				<time>2026-08-06T17:15:10.077Z</time>
			</trkpt>
			<trkpt lat="39.95921" lon="20.9048">
				<ele>1088.06</ele>
				<time>2026-08-06T17:15:10.435Z</time>
			</trkpt>
			<trkpt lat="39.95913" lon="20.90483">
				<ele>1086.4</ele>
				<time>2026-08-06T17:15:10.765Z</time>
			</trkpt>
			<trkpt lat="39.95906" lon="20.90491">
				<ele>1086.88</ele>
				<time>2026-08-06T17:15:11.133Z</time>
			</trkpt>
			<trkpt lat="39.95888" lon="20.9052">
				<ele>1084.85</ele>
				<time>2026-08-06T17:15:12.257Z</time>
			</trkpt>
			<trkpt lat="39.95876" lon="20.90532">
				<ele>1087.82</ele>
				<time>2026-08-06T17:15:12.848Z</time>
			</trkpt>
			<trkpt lat="39.95861" lon="20.90539">
				<ele>1092.52</ele>
				<time>2026-08-06T17:15:13.467Z</time>
			</trkpt>
			<trkpt lat="39.95828" lon="20.90549">
				<ele>1090.74</ele>
				<time>2026-08-06T17:15:14.776Z</time>
			</trkpt>
			<trkpt lat="39.9582" lon="20.90549">
				<ele>1089.69</ele>
				<time>2026-08-06T17:15:15.083Z</time>
			</trkpt>
			<trkpt lat="39.95814" lon="20.90547">
				<ele>1089.91</ele>
				<time>2026-08-06T17:15:15.320Z</time>
			</trkpt>
			<trkpt lat="39.95808" lon="20.9054">
				<ele>1091.28</ele>
				<time>2026-08-06T17:15:15.628Z</time>
			</trkpt>
			<trkpt lat="39.95789" lon="20.90496">
				<ele>1099.39</ele>
				<time>2026-08-06T17:15:17.100Z</time>
			</trkpt>
			<trkpt lat="39.95778" lon="20.90483">
				<ele>1098.78</ele>
				<time>2026-08-06T17:15:17.660Z</time>
			</trkpt>
			<trkpt lat="39.9573" lon="20.90455">
				<ele>1096.53</ele>
				<time>2026-08-06T17:15:19.626Z</time>
			</trkpt>
			<trkpt lat="39.95696" lon="20.90449">
				<ele>1094.41</ele>
				<time>2026-08-06T17:15:20.895Z</time>
			</trkpt>
			<trkpt lat="39.95674" lon="20.9044">
				<ele>1097.01</ele>
				<time>2026-08-06T17:15:21.742Z</time>
			</trkpt>
			<trkpt lat="39.95651" lon="20.90425">
				<ele>1102.22</ele>
				<time>2026-08-06T17:15:22.681Z</time>
			</trkpt>
			<trkpt lat="39.95614" lon="20.9039">
				<ele>1115.37</ele>
				<time>2026-08-06T17:15:24.334Z</time>
			</trkpt>
			<trkpt lat="39.956" lon="20.90387">
				<ele>1116.39</ele>
				<time>2026-08-06T17:15:24.844Z</time>
			</trkpt>
			<trkpt lat="39.95593" lon="20.90388">
				<ele>1116.2</ele>
				<time>2026-08-06T17:15:25.096Z</time>
			</trkpt>
			<trkpt lat="39.95587" lon="20.9039">
				<ele>1115.63</ele>
				<time>2026-08-06T17:15:25.318Z</time>
			</trkpt>
			<trkpt lat="39.95582" lon="20.90397">
				<ele>1114.46</ele>
				<time>2026-08-06T17:15:25.580Z</time>
			</trkpt>
			<trkpt lat="39.95572" lon="20.9043">
				<ele>1112.28</ele>
				<time>2026-08-06T17:15:26.547Z</time>
			</trkpt>
			<trkpt lat="39.95565" lon="20.90442">
				<ele>1112.1</ele>
				<time>2026-08-06T17:15:26.957Z</time>
			</trkpt>
			<trkpt lat="39.9556" lon="20.90447">
				<ele>1111.72</ele>
				<time>2026-08-06T17:15:27.180Z</time>
			</trkpt>
			<trkpt lat="39.95546" lon="20.90451">
				<ele>1112.07</ele>
				<time>2026-08-06T17:15:27.685Z</time>
			</trkpt>
			<trkpt lat="39.9553" lon="20.9045">
				<ele>1113.82</ele>
				<time>2026-08-06T17:15:28.248Z</time>
			</trkpt>
			<trkpt lat="39.95501" lon="20.90437">
				<ele>1131.66</ele>
				<time>2026-08-06T17:15:29.320Z</time>
			</trkpt>
			<trkpt lat="39.95493" lon="20.90438">
				<ele>1133.73</ele>
				<time>2026-08-06T17:15:29.600Z</time>
			</trkpt>
			<trkpt lat="39.95489" lon="20.90442">
				<ele>1133.88</ele>
				<time>2026-08-06T17:15:29.775Z</time>
			</trkpt>
			<trkpt lat="39.95485" lon="20.90449">
				<ele>1133.2</ele>
				<time>2026-08-06T17:15:30.008Z</time>
			</trkpt>
			<trkpt lat="39.95482" lon="20.90476">
				<ele>1127.23</ele>
				<time>2026-08-06T17:15:30.732Z</time>
			</trkpt>
			<trkpt lat="39.95479" lon="20.90483">
				<ele>1126.41</ele>
				<time>2026-08-06T17:15:30.945Z</time>
			</trkpt>
			<trkpt lat="39.95468" lon="20.90495">
				<ele>1126.8</ele>
				<time>2026-08-06T17:15:31.439Z</time>
			</trkpt>
			<trkpt lat="39.95455" lon="20.90501">
				<ele>1128.25</ele>
				<time>2026-08-06T17:15:31.913Z</time>
			</trkpt>
			<trkpt lat="39.95434" lon="20.90499">
				<ele>1130.32</ele>
				<time>2026-08-06T17:15:32.634Z</time>
			</trkpt>
			<trkpt lat="39.95398" lon="20.90482">
				<ele>1134.16</ele>
				<time>2026-08-06T17:15:33.937Z</time>
			</trkpt>
			<trkpt lat="39.95385" lon="20.90481">
				<ele>1134.77</ele>
				<time>2026-08-06T17:15:34.378Z</time>
			</trkpt>
			<trkpt lat="39.95378" lon="20.90483">
				<ele>1135.04</ele>
				<time>2026-08-06T17:15:34.621Z</time>
			</trkpt>
			<trkpt lat="39.95374" lon="20.90487">
				<ele>1134.72</ele>
				<time>2026-08-06T17:15:34.791Z</time>
			</trkpt>
			<trkpt lat="39.9537" lon="20.90496">
				<ele>1133.58</ele>
				<time>2026-08-06T17:15:35.060Z</time>
			</trkpt>
			<trkpt lat="39.95365" lon="20.90525">
				<ele>1131.18</ele>
				<time>2026-08-06T17:15:35.826Z</time>
			</trkpt>
			<trkpt lat="39.95363" lon="20.90533">
				<ele>1130.9</ele>
				<time>2026-08-06T17:15:36.043Z</time>
			</trkpt>
			<trkpt lat="39.95355" lon="20.90545">
				<ele>1131.35</ele>
				<time>2026-08-06T17:15:36.451Z</time>
			</trkpt>
			<trkpt lat="39.95346" lon="20.90551">
				<ele>1132.73</ele>
				<time>2026-08-06T17:15:36.789Z</time>
			</trkpt>
			<trkpt lat="39.95336" lon="20.9055">
				<ele>1134.92</ele>
				<time>2026-08-06T17:15:37.124Z</time>
			</trkpt>
			<trkpt lat="39.95317" lon="20.90536">
				<ele>1142.22</ele>
				<time>2026-08-06T17:15:37.850Z</time>
			</trkpt>
			<trkpt lat="39.95302" lon="20.90535">
				<ele>1146.1</ele>
				<time>2026-08-06T17:15:38.349Z</time>
			</trkpt>
			<trkpt lat="39.9526" lon="20.90546">
				<ele>1148.05</ele>
				<time>2026-08-06T17:15:39.764Z</time>
			</trkpt>
			<trkpt lat="39.9521" lon="20.90567">
				<ele>1149.25</ele>
				<time>2026-08-06T17:15:41.486Z</time>
			</trkpt>
			<trkpt lat="39.95187" lon="20.90574">
				<ele>1151.16</ele>
				<time>2026-08-06T17:15:42.256Z</time>
			</trkpt>
			<trkpt lat="39.95178" lon="20.90579">
				<ele>1153.1</ele>
				<time>2026-08-06T17:15:42.574Z</time>
			</trkpt>
			<trkpt lat="39.95173" lon="20.90584">
				<ele>1154.01</ele>
				<time>2026-08-06T17:15:42.779Z</time>
			</trkpt>
			<trkpt lat="39.9517" lon="20.90594">
				<ele>1153.57</ele>
				<time>2026-08-06T17:15:43.046Z</time>
			</trkpt>
			<trkpt lat="39.9517" lon="20.90615">
				<ele>1150.97</ele>
				<time>2026-08-06T17:15:43.568Z</time>
			</trkpt>
			<trkpt lat="39.95167" lon="20.90625">
				<ele>1150.78</ele>
				<time>2026-08-06T17:15:43.835Z</time>
			</trkpt>
			<trkpt lat="39.95162" lon="20.90634">
				<ele>1152.1</ele>
				<time>2026-08-06T17:15:44.110Z</time>
			</trkpt>
			<trkpt lat="39.95141" lon="20.90658">
				<ele>1161.13</ele>
				<time>2026-08-06T17:15:45.011Z</time>
			</trkpt>
			<trkpt lat="39.95135" lon="20.90673">
				<ele>1163.98</ele>
				<time>2026-08-06T17:15:45.428Z</time>
			</trkpt>
			<trkpt lat="39.95136" lon="20.90685">
				<ele>1163.96</ele>
				<time>2026-08-06T17:15:45.726Z</time>
			</trkpt>
			<trkpt lat="39.95141" lon="20.90694">
				<ele>1162.19</ele>
				<time>2026-08-06T17:15:45.999Z</time>
			</trkpt>
			<trkpt lat="39.95187" lon="20.90744">
				<ele>1157.33</ele>
				<time>2026-08-06T17:15:47.915Z</time>
			</trkpt>
			<trkpt lat="39.95192" lon="20.90753">
				<ele>1157.68</ele>
				<time>2026-08-06T17:15:48.186Z</time>
			</trkpt>
			<trkpt lat="39.95196" lon="20.90763">
				<ele>1158.7</ele>
				<time>2026-08-06T17:15:48.462Z</time>
			</trkpt>
			<trkpt lat="39.95197" lon="20.9078">
				<ele>1160.61</ele>
				<time>2026-08-06T17:15:48.877Z</time>
			</trkpt>
			<trkpt lat="39.95194" lon="20.90797">
				<ele>1162.43</ele>
				<time>2026-08-06T17:15:49.302Z</time>
			</trkpt>
			<trkpt lat="39.95186" lon="20.90812">
				<ele>1162.23</ele>
				<time>2026-08-06T17:15:49.747Z</time>
			</trkpt>
			<trkpt lat="39.95171" lon="20.90826">
				<ele>1160.67</ele>
				<time>2026-08-06T17:15:50.332Z</time>
			</trkpt>
			<trkpt lat="39.95148" lon="20.90839">
				<ele>1158.56</ele>
				<time>2026-08-06T17:15:51.125Z</time>
			</trkpt>
			<trkpt lat="39.95137" lon="20.90843">
				<ele>1157.71</ele>
				<time>2026-08-06T17:15:51.486Z</time>
			</trkpt>
			<trkpt lat="39.95128" lon="20.90843">
				<ele>1158.3</ele>
				<time>2026-08-06T17:15:51.770Z</time>
			</trkpt>
			<trkpt lat="39.95121" lon="20.90842">
				<ele>1158.98</ele>
				<time>2026-08-06T17:15:51.992Z</time>
			</trkpt>
			<trkpt lat="39.95093" lon="20.90832">
				<ele>1163.07</ele>
				<time>2026-08-06T17:15:52.908Z</time>
			</trkpt>
			<trkpt lat="39.95059" lon="20.9084">
				<ele>1163.15</ele>
				<time>2026-08-06T17:15:53.995Z</time>
			</trkpt>
			<trkpt lat="39.95022" lon="20.90838">
				<ele>1165.78</ele>
				<time>2026-08-06T17:15:55.158Z</time>
			</trkpt>
			<trkpt lat="39.94974" lon="20.90843">
				<ele>1177.28</ele>
				<time>2026-08-06T17:15:56.668Z</time>
			</trkpt>
			<trkpt lat="39.94953" lon="20.9084">
				<ele>1177.92</ele>
				<time>2026-08-06T17:15:57.330Z</time>
			</trkpt>
			<trkpt lat="39.9492" lon="20.9083">
				<ele>1180.4</ele>
				<time>2026-08-06T17:15:58.390Z</time>
			</trkpt>
			<trkpt lat="39.94909" lon="20.90828">
				<ele>1181.65</ele>
				<time>2026-08-06T17:15:58.738Z</time>
			</trkpt>
			<trkpt lat="39.94893" lon="20.90833">
				<ele>1182.43</ele>
				<time>2026-08-06T17:15:59.252Z</time>
			</trkpt>
			<trkpt lat="39.94868" lon="20.90854">
				<ele>1182.29</ele>
				<time>2026-08-06T17:16:00.182Z</time>
			</trkpt>
			<trkpt lat="39.94852" lon="20.90861">
				<ele>1183.4</ele>
				<time>2026-08-06T17:16:00.710Z</time>
			</trkpt>
			<trkpt lat="39.94834" lon="20.90862">
				<ele>1186.48</ele>
				<time>2026-08-06T17:16:01.273Z</time>
			</trkpt>
			<trkpt lat="39.948" lon="20.90852">
				<ele>1194.74</ele>
				<time>2026-08-06T17:16:02.364Z</time>
			</trkpt>
			<trkpt lat="39.94785" lon="20.90854">
				<ele>1197.78</ele>
				<time>2026-08-06T17:16:02.835Z</time>
			</trkpt>
			<trkpt lat="39.94777" lon="20.90858">
				<ele>1197.95</ele>
				<time>2026-08-06T17:16:03.104Z</time>
			</trkpt>
			<trkpt lat="39.94751" lon="20.90883">
				<ele>1196.32</ele>
				<time>2026-08-06T17:16:04.115Z</time>
			</trkpt>
			<trkpt lat="39.94689" lon="20.90908">
				<ele>1208.59</ele>
				<time>2026-08-06T17:16:06.150Z</time>
			</trkpt>
			<trkpt lat="39.94679" lon="20.90916">
				<ele>1210.83</ele>
				<time>2026-08-06T17:16:06.519Z</time>
			</trkpt>
			<trkpt lat="39.94667" lon="20.90933">
				<ele>1211.7</ele>
				<time>2026-08-06T17:16:07.076Z</time>
			</trkpt>
			<trkpt lat="39.94651" lon="20.90981">
				<ele>1206.19</ele>
				<time>2026-08-06T17:16:08.339Z</time>
			</trkpt>
			<trkpt lat="39.94639" lon="20.91001">
				<ele>1204.8</ele>
				<time>2026-08-06T17:16:08.953Z</time>
			</trkpt>
			<trkpt lat="39.94628" lon="20.91011">
				<ele>1205.26</ele>
				<time>2026-08-06T17:16:09.376Z</time>
			</trkpt>
			<trkpt lat="39.94607" lon="20.91022">
				<ele>1207.59</ele>
				<time>2026-08-06T17:16:10.092Z</time>
			</trkpt>
			<trkpt lat="39.94572" lon="20.91026">
				<ele>1215.81</ele>
				<time>2026-08-06T17:16:11.205Z</time>
			</trkpt>
			<trkpt lat="39.94564" lon="20.91029">
				<ele>1216.67</ele>
				<time>2026-08-06T17:16:11.469Z</time>
			</trkpt>
			<trkpt lat="39.94553" lon="20.91037">
				<ele>1217.98</ele>
				<time>2026-08-06T17:16:11.869Z</time>
			</trkpt>
			<trkpt lat="39.94522" lon="20.91068">
				<ele>1220.28</ele>
				<time>2026-08-06T17:16:13.113Z</time>
			</trkpt>
			<trkpt lat="39.94494" lon="20.91087">
				<ele>1222.83</ele>
				<time>2026-08-06T17:16:14.121Z</time>
			</trkpt>
			<trkpt lat="39.94392" lon="20.91132">
				<ele>1215.03</ele>
				<time>2026-08-06T17:16:17.589Z</time>
			</trkpt>
			<trkpt lat="39.94333" lon="20.91178">
				<ele>1212.72</ele>
				<time>2026-08-06T17:16:19.827Z</time>
			</trkpt>
			<trkpt lat="39.94314" lon="20.91188">
				<ele>1210.97</ele>
				<time>2026-08-06T17:16:20.499Z</time>
			</trkpt>
			<trkpt lat="39.94299" lon="20.91191">
				<ele>1209.84</ele>
				<time>2026-08-06T17:16:20.997Z</time>
			</trkpt>
			<trkpt lat="39.94253" lon="20.91189">
				<ele>1206.43</ele>
				<time>2026-08-06T17:16:22.517Z</time>
			</trkpt>
			<trkpt lat="39.94238" lon="20.91185">
				<ele>1205.61</ele>
				<time>2026-08-06T17:16:23.025Z</time>
			</trkpt>
			<trkpt lat="39.94226" lon="20.91184">
				<ele>1204.93</ele>
				<time>2026-08-06T17:16:23.425Z</time>
			</trkpt>
			<trkpt lat="39.94218" lon="20.91191">
				<ele>1204.32</ele>
				<time>2026-08-06T17:16:23.745Z</time>
			</trkpt>
			<trkpt lat="39.94209" lon="20.91203">
				<ele>1204.16</ele>
				<time>2026-08-06T17:16:24.175Z</time>
			</trkpt>
			<trkpt lat="39.9419" lon="20.91236">
				<ele>1202.53</ele>
				<time>2026-08-06T17:16:25.235Z</time>
			</trkpt>
			<trkpt lat="39.94179" lon="20.91251">
				<ele>1202.05</ele>
				<time>2026-08-06T17:16:25.771Z</time>
			</trkpt>
			<trkpt lat="39.94168" lon="20.91258">
				<ele>1202.6</ele>
				<time>2026-08-06T17:16:26.184Z</time>
			</trkpt>
			<trkpt lat="39.94135" lon="20.91271">
				<ele>1203.33</ele>
				<time>2026-08-06T17:16:27.352Z</time>
			</trkpt>
			<trkpt lat="39.94082" lon="20.91301">
				<ele>1206.13</ele>
				<time>2026-08-06T17:16:29.327Z</time>
			</trkpt>
			<trkpt lat="39.93989" lon="20.91334">
				<ele>1199.24</ele>
				<time>2026-08-06T17:16:32.674Z</time>
			</trkpt>
			<trkpt lat="39.93964" lon="20.91339">
				<ele>1200.22</ele>
				<time>2026-08-06T17:16:33.564Z</time>
			</trkpt>
			<trkpt lat="39.93902" lon="20.91345">
				<ele>1193.61</ele>
				<time>2026-08-06T17:16:35.773Z</time>
			</trkpt>
			<trkpt lat="39.93887" lon="20.91348">
				<ele>1191.48</ele>
				<time>2026-08-06T17:16:36.317Z</time>
			</trkpt>
			<trkpt lat="39.93875" lon="20.91353">
				<ele>1192.8</ele>
				<time>2026-08-06T17:16:36.770Z</time>
			</trkpt>
			<trkpt lat="39.93862" lon="20.91362">
				<ele>1194.56</ele>
				<time>2026-08-06T17:16:37.302Z</time>
			</trkpt>
			<trkpt lat="39.93855" lon="20.9137">
				<ele>1194.54</ele>
				<time>2026-08-06T17:16:37.639Z</time>
			</trkpt>
			<trkpt lat="39.93853" lon="20.91382">
				<ele>1193.57</ele>
				<time>2026-08-06T17:16:37.980Z</time>
			</trkpt>
			<trkpt lat="39.93852" lon="20.91416">
				<ele>1190.34</ele>
				<time>2026-08-06T17:16:38.931Z</time>
			</trkpt>
			<trkpt lat="39.93846" lon="20.91428">
				<ele>1189.28</ele>
				<time>2026-08-06T17:16:39.333Z</time>
			</trkpt>
			<trkpt lat="39.93834" lon="20.9144">
				<ele>1188.41</ele>
				<time>2026-08-06T17:16:39.888Z</time>
			</trkpt>
			<trkpt lat="39.93812" lon="20.91453">
				<ele>1189.02</ele>
				<time>2026-08-06T17:16:40.779Z</time>
			</trkpt>
			<trkpt lat="39.93802" lon="20.91456">
				<ele>1189.03</ele>
				<time>2026-08-06T17:16:41.160Z</time>
			</trkpt>
			<trkpt lat="39.93795" lon="20.91455">
				<ele>1188.74</ele>
				<time>2026-08-06T17:16:41.421Z</time>
			</trkpt>
			<trkpt lat="39.93775" lon="20.9144">
				<ele>1187.86</ele>
				<time>2026-08-06T17:16:42.282Z</time>
			</trkpt>
			<trkpt lat="39.93765" lon="20.91436">
				<ele>1187.05</ele>
				<time>2026-08-06T17:16:42.674Z</time>
			</trkpt>
			<trkpt lat="39.93702" lon="20.9144">
				<ele>1181.96</ele>
				<time>2026-08-06T17:16:45.060Z</time>
			</trkpt>
			<trkpt lat="39.93678" lon="20.91445">
				<ele>1177.73</ele>
				<time>2026-08-06T17:16:45.990Z</time>
			</trkpt>
			<trkpt lat="39.93651" lon="20.91444">
				<ele>1176.52</ele>
				<time>2026-08-06T17:16:47.031Z</time>
			</trkpt>
			<trkpt lat="39.93639" lon="20.91451">
				<ele>1175.96</ele>
				<time>2026-08-06T17:16:47.541Z</time>
			</trkpt>
			<trkpt lat="39.93623" lon="20.91466">
				<ele>1175.51</ele>
				<time>2026-08-06T17:16:48.308Z</time>
			</trkpt>
			<trkpt lat="39.93616" lon="20.91475">
				<ele>1174.74</ele>
				<time>2026-08-06T17:16:48.692Z</time>
			</trkpt>
			<trkpt lat="39.93602" lon="20.91501">
				<ele>1171.11</ele>
				<time>2026-08-06T17:16:49.649Z</time>
			</trkpt>
			<trkpt lat="39.93595" lon="20.91506">
				<ele>1171.05</ele>
				<time>2026-08-06T17:16:49.964Z</time>
			</trkpt>
			<trkpt lat="39.93586" lon="20.91507">
				<ele>1172.1</ele>
				<time>2026-08-06T17:16:50.322Z</time>
			</trkpt>
			<trkpt lat="39.9356" lon="20.91501">
				<ele>1173.02</ele>
				<time>2026-08-06T17:16:51.372Z</time>
			</trkpt>
			<trkpt lat="39.93551" lon="20.91501">
				<ele>1172.78</ele>
				<time>2026-08-06T17:16:51.732Z</time>
			</trkpt>
			<trkpt lat="39.93539" lon="20.91506">
				<ele>1172.32</ele>
				<time>2026-08-06T17:16:52.237Z</time>
			</trkpt>
			<trkpt lat="39.93513" lon="20.91525">
				<ele>1172.21</ele>
				<time>2026-08-06T17:16:53.440Z</time>
			</trkpt>
			<trkpt lat="39.935" lon="20.91528">
				<ele>1172.83</ele>
				<time>2026-08-06T17:16:53.976Z</time>
			</trkpt>
			<trkpt lat="39.93492" lon="20.91527">
				<ele>1168.56</ele>
				<time>2026-08-06T17:16:54.303Z</time>
			</trkpt>
			<trkpt lat="39.9341" lon="20.91506">
				<ele>1164.3</ele>
				<time>2026-08-06T17:16:57.755Z</time>
			</trkpt>
			<trkpt lat="39.93358" lon="20.91503">
				<ele>1159.48</ele>
				<time>2026-08-06T17:16:59.950Z</time>
			</trkpt>
			<trkpt lat="39.93318" lon="20.91479">
				<ele>1158.54</ele>
				<time>2026-08-06T17:17:01.835Z</time>
			</trkpt>
			<trkpt lat="39.93255" lon="20.91446">
				<ele>1151.03</ele>
				<time>2026-08-06T17:17:04.792Z</time>
			</trkpt>
			<trkpt lat="39.93243" lon="20.91444">
				<ele>1149.5</ele>
				<time>2026-08-06T17:17:05.326Z</time>
			</trkpt>
			<trkpt lat="39.93227" lon="20.91445">
				<ele>1148.33</ele>
				<time>2026-08-06T17:17:06.036Z</time>
			</trkpt>
			<trkpt lat="39.93201" lon="20.91451">
				<ele>1151.19</ele>
				<time>2026-08-06T17:17:07.215Z</time>
			</trkpt>
			<trkpt lat="39.93193" lon="20.91454">
				<ele>1152.84</ele>
				<time>2026-08-06T17:17:07.588Z</time>
			</trkpt>
			<trkpt lat="39.93182" lon="20.91461">
				<ele>1153.46</ele>
				<time>2026-08-06T17:17:08.139Z</time>
			</trkpt>
			<trkpt lat="39.9317" lon="20.91474">
				<ele>1153.55</ele>
				<time>2026-08-06T17:17:08.845Z</time>
			</trkpt>
			<trkpt lat="39.93132" lon="20.91545">
				<ele>1157.03</ele>
				<time>2026-08-06T17:17:11.889Z</time>
			</trkpt>
			<trkpt lat="39.93121" lon="20.91556">
				<ele>1156.55</ele>
				<time>2026-08-06T17:17:12.533Z</time>
			</trkpt>
			<trkpt lat="39.93111" lon="20.91559">
				<ele>1155.37</ele>
				<time>2026-08-06T17:17:13.012Z</time>
			</trkpt>
			<trkpt lat="39.93066" lon="20.91559">
				<ele>1151.63</ele>
				<time>2026-08-06T17:17:15.130Z</time>
			</trkpt>
			<trkpt lat="39.93024" lon="20.91549">
				<ele>1145.56</ele>
				<time>2026-08-06T17:17:17.161Z</time>
			</trkpt>
			<trkpt lat="39.93007" lon="20.91548">
				<ele>1144.46</ele>
				<time>2026-08-06T17:17:17.972Z</time>
			</trkpt>
			<trkpt lat="39.92955" lon="20.91563">
				<ele>1147.78</ele>
				<time>2026-08-06T17:17:20.509Z</time>
			</trkpt>
			<trkpt lat="39.92875" lon="20.91567">
				<ele>1145.95</ele>
				<time>2026-08-06T17:17:24.325Z</time>
			</trkpt>
			<trkpt lat="39.92857" lon="20.91562">
				<ele>1145</ele>
				<time>2026-08-06T17:17:25.202Z</time>
			</trkpt>
			<trkpt lat="39.92845" lon="20.91552">
				<ele>1145.04</ele>
				<time>2026-08-06T17:17:25.882Z</time>
			</trkpt>
			<trkpt lat="39.92827" lon="20.9153">
				<ele>1145.44</ele>
				<time>2026-08-06T17:17:27.059Z</time>
			</trkpt>
			<trkpt lat="39.92804" lon="20.91486">
				<ele>1146.55</ele>
				<time>2026-08-06T17:17:29.007Z</time>
			</trkpt>
			<trkpt lat="39.92797" lon="20.91476">
				<ele>1146.19</ele>
				<time>2026-08-06T17:17:29.503Z</time>
			</trkpt>
			<trkpt lat="39.92785" lon="20.91464">
				<ele>1145.92</ele>
				<time>2026-08-06T17:17:30.225Z</time>
			</trkpt>
			<trkpt lat="39.92765" lon="20.91453">
				<ele>1145.96</ele>
				<time>2026-08-06T17:17:31.261Z</time>
			</trkpt>
			<trkpt lat="39.92753" lon="20.9145">
				<ele>1145.7</ele>
				<time>2026-08-06T17:17:31.845Z</time>
			</trkpt>
			<trkpt lat="39.92719" lon="20.91451">
				<ele>1145.1</ele>
				<time>2026-08-06T17:17:33.470Z</time>
			</trkpt>
			<trkpt lat="39.92706" lon="20.91453">
				<ele>1142.73</ele>
				<time>2026-08-06T17:17:34.095Z</time>
			</trkpt>
			<trkpt lat="39.92696" lon="20.9146">
				<ele>1141.68</ele>
				<time>2026-08-06T17:17:34.637Z</time>
			</trkpt>
			<trkpt lat="39.92678" lon="20.91487">
				<ele>1138.92</ele>
				<time>2026-08-06T17:17:35.949Z</time>
			</trkpt>
			<trkpt lat="39.9267" lon="20.91488">
				<ele>1137.25</ele>
				<time>2026-08-06T17:17:36.333Z</time>
			</trkpt>
			<trkpt lat="39.92666" lon="20.91483">
				<ele>1136.55</ele>
				<time>2026-08-06T17:17:36.598Z</time>
			</trkpt>
			<trkpt lat="39.92665" lon="20.91476">
				<ele>1136.55</ele>
				<time>2026-08-06T17:17:36.859Z</time>
			</trkpt>
			<trkpt lat="39.92668" lon="20.9147">
				<ele>1137.42</ele>
				<time>2026-08-06T17:17:37.121Z</time>
			</trkpt>
			<trkpt lat="39.9269" lon="20.91449">
				<ele>1139.41</ele>
				<time>2026-08-06T17:17:38.425Z</time>
			</trkpt>
			<trkpt lat="39.92714" lon="20.91435">
				<ele>1141.64</ele>
				<time>2026-08-06T17:17:39.683Z</time>
			</trkpt>
			<trkpt lat="39.9272" lon="20.91428">
				<ele>1141.21</ele>
				<time>2026-08-06T17:17:40.068Z</time>
			</trkpt>
			<trkpt lat="39.92722" lon="20.9142">
				<ele>1140.04</ele>
				<time>2026-08-06T17:17:40.377Z</time>
			</trkpt>
			<trkpt lat="39.92722" lon="20.91408">
				<ele>1139.33</ele>
				<time>2026-08-06T17:17:40.817Z</time>
			</trkpt>
			<trkpt lat="39.9271" lon="20.91374">
				<ele>1137.06</ele>
				<time>2026-08-06T17:17:42.191Z</time>
			</trkpt>
			<trkpt lat="39.92708" lon="20.91364">
				<ele>1136.41</ele>
				<time>2026-08-06T17:17:42.570Z</time>
			</trkpt>
			<trkpt lat="39.92707" lon="20.91349">
				<ele>1135.28</ele>
				<time>2026-08-06T17:17:43.123Z</time>
			</trkpt>
			<trkpt lat="39.92709" lon="20.9132">
				<ele>1133.84</ele>
				<time>2026-08-06T17:17:44.192Z</time>
			</trkpt>
			<trkpt lat="39.92707" lon="20.91307">
				<ele>1132.5</ele>
				<time>2026-08-06T17:17:44.679Z</time>
			</trkpt>
			<trkpt lat="39.92702" lon="20.91291">
				<ele>1130.99</ele>
				<time>2026-08-06T17:17:45.313Z</time>
			</trkpt>
			<trkpt lat="39.92695" lon="20.9128">
				<ele>1129.13</ele>
				<time>2026-08-06T17:17:45.838Z</time>
			</trkpt>
			<trkpt lat="39.92662" lon="20.91261">
				<ele>1126.38</ele>
				<time>2026-08-06T17:17:47.566Z</time>
			</trkpt>
			<trkpt lat="39.92653" lon="20.91254">
				<ele>1125.65</ele>
				<time>2026-08-06T17:17:48.069Z</time>
			</trkpt>
			<trkpt lat="39.92617" lon="20.91206">
				<ele>1123.68</ele>
				<time>2026-08-06T17:17:50.536Z</time>
			</trkpt>
			<trkpt lat="39.92611" lon="20.91194">
				<ele>1123.16</ele>
				<time>2026-08-06T17:17:51.063Z</time>
			</trkpt>
			<trkpt lat="39.92608" lon="20.91184">
				<ele>1123.51</ele>
				<time>2026-08-06T17:17:51.458Z</time>
			</trkpt>
			<trkpt lat="39.92607" lon="20.91156">
				<ele>1126.89</ele>
				<time>2026-08-06T17:17:52.489Z</time>
			</trkpt>
			<trkpt lat="39.92604" lon="20.9115">
				<ele>1126.78</ele>
				<time>2026-08-06T17:17:52.752Z</time>
			</trkpt>
			<trkpt lat="39.92596" lon="20.91141">
				<ele>1125.67</ele>
				<time>2026-08-06T17:17:53.259Z</time>
			</trkpt>
			<trkpt lat="39.92574" lon="20.91128">
				<ele>1120.38</ele>
				<time>2026-08-06T17:17:54.418Z</time>
			</trkpt>
			<trkpt lat="39.92527" lon="20.91112">
				<ele>1110.84</ele>
				<time>2026-08-06T17:17:56.749Z</time>
			</trkpt>
			<trkpt lat="39.92504" lon="20.91102">
				<ele>1113.97</ele>
				<time>2026-08-06T17:17:57.913Z</time>
			</trkpt>
			<trkpt lat="39.92495" lon="20.91094">
				<ele>1114.71</ele>
				<time>2026-08-06T17:17:58.436Z</time>
			</trkpt>
			<trkpt lat="39.9249" lon="20.91082">
				<ele>1115.31</ele>
				<time>2026-08-06T17:17:58.939Z</time>
			</trkpt>
			<trkpt lat="39.92489" lon="20.91071">
				<ele>1114.74</ele>
				<time>2026-08-06T17:17:59.347Z</time>
			</trkpt>
			<trkpt lat="39.92495" lon="20.91033">
				<ele>1113.55</ele>
				<time>2026-08-06T17:18:00.776Z</time>
			</trkpt>
			<trkpt lat="39.92496" lon="20.91013">
				<ele>1112.55</ele>
				<time>2026-08-06T17:18:01.515Z</time>
			</trkpt>
			<trkpt lat="39.92493" lon="20.91003">
				<ele>1111.71</ele>
				<time>2026-08-06T17:18:01.911Z</time>
			</trkpt>
			<trkpt lat="39.92486" lon="20.90994">
				<ele>1111.15</ele>
				<time>2026-08-06T17:18:02.383Z</time>
			</trkpt>
			<trkpt lat="39.92479" lon="20.90989">
				<ele>1110.81</ele>
				<time>2026-08-06T17:18:02.767Z</time>
			</trkpt>
			<trkpt lat="39.92469" lon="20.90988">
				<ele>1110.41</ele>
				<time>2026-08-06T17:18:03.249Z</time>
			</trkpt>
			<trkpt lat="39.92441" lon="20.91006">
				<ele>1110.05</ele>
				<time>2026-08-06T17:18:04.749Z</time>
			</trkpt>
			<trkpt lat="39.92414" lon="20.91012">
				<ele>1111.31</ele>
				<time>2026-08-06T17:18:06.067Z</time>
			</trkpt>
			<trkpt lat="39.92401" lon="20.91018">
				<ele>1111.09</ele>
				<time>2026-08-06T17:18:06.730Z</time>
			</trkpt>
			<trkpt lat="39.92385" lon="20.91032">
				<ele>1109.04</ele>
				<time>2026-08-06T17:18:07.657Z</time>
			</trkpt>
			<trkpt lat="39.92358" lon="20.91065">
				<ele>1102.88</ele>
				<time>2026-08-06T17:18:09.437Z</time>
			</trkpt>
			<trkpt lat="39.92346" lon="20.91071">
				<ele>1102.35</ele>
				<time>2026-08-06T17:18:10.056Z</time>
			</trkpt>
			<trkpt lat="39.92334" lon="20.9107">
				<ele>1102.44</ele>
				<time>2026-08-06T17:18:10.635Z</time>
			</trkpt>
			<trkpt lat="39.92326" lon="20.91067">
				<ele>1102.47</ele>
				<time>2026-08-06T17:18:11.035Z</time>
			</trkpt>
			<trkpt lat="39.9229" lon="20.91038">
				<ele>1101.2</ele>
				<time>2026-08-06T17:18:13.073Z</time>
			</trkpt>
			<trkpt lat="39.92281" lon="20.91036">
				<ele>1100.61</ele>
				<time>2026-08-06T17:18:13.512Z</time>
			</trkpt>
			<trkpt lat="39.92252" lon="20.91039">
				<ele>1098.91</ele>
				<time>2026-08-06T17:18:14.914Z</time>
			</trkpt>
			<trkpt lat="39.92239" lon="20.91034">
				<ele>1098.91</ele>
				<time>2026-08-06T17:18:15.567Z</time>
			</trkpt>
			<trkpt lat="39.9223" lon="20.91022">
				<ele>1100.3</ele>
				<time>2026-08-06T17:18:16.187Z</time>
			</trkpt>
			<trkpt lat="39.92202" lon="20.90975">
				<ele>1105.51</ele>
				<time>2026-08-06T17:18:18.387Z</time>
			</trkpt>
			<trkpt lat="39.9218" lon="20.9095">
				<ele>1100.94</ele>
				<time>2026-08-06T17:18:19.794Z</time>
			</trkpt>
			<trkpt lat="39.92169" lon="20.90942">
				<ele>1098.23</ele>
				<time>2026-08-06T17:18:20.401Z</time>
			</trkpt>
			<trkpt lat="39.92158" lon="20.90936">
				<ele>1098.46</ele>
				<time>2026-08-06T17:18:20.976Z</time>
			</trkpt>
			<trkpt lat="39.9212" lon="20.90928">
				<ele>1101.79</ele>
				<time>2026-08-06T17:18:22.833Z</time>
			</trkpt>
			<trkpt lat="39.92107" lon="20.90917">
				<ele>1102.71</ele>
				<time>2026-08-06T17:18:23.581Z</time>
			</trkpt>
			<trkpt lat="39.92037" lon="20.90802">
				<ele>1101.37</ele>
				<time>2026-08-06T17:18:29.017Z</time>
			</trkpt>
			<trkpt lat="39.92028" lon="20.90789">
				<ele>1101.72</ele>
				<time>2026-08-06T17:18:29.666Z</time>
			</trkpt>
			<trkpt lat="39.92009" lon="20.90771">
				<ele>1099.79</ele>
				<time>2026-08-06T17:18:30.801Z</time>
			</trkpt>
			<trkpt lat="39.9197" lon="20.90742">
				<ele>1089.62</ele>
				<time>2026-08-06T17:18:32.971Z</time>
			</trkpt>
			<trkpt lat="39.91963" lon="20.90735">
				<ele>1090.32</ele>
				<time>2026-08-06T17:18:33.397Z</time>
			</trkpt>
			<trkpt lat="39.91958" lon="20.90726">
				<ele>1090.85</ele>
				<time>2026-08-06T17:18:33.809Z</time>
			</trkpt>
			<trkpt lat="39.91948" lon="20.90698">
				<ele>1093.92</ele>
				<time>2026-08-06T17:18:34.955Z</time>
			</trkpt>
			<trkpt lat="39.91918" lon="20.9065">
				<ele>1096.88</ele>
				<time>2026-08-06T17:18:37.251Z</time>
			</trkpt>
			<trkpt lat="39.91908" lon="20.90643">
				<ele>1095.49</ele>
				<time>2026-08-06T17:18:37.801Z</time>
			</trkpt>
			<trkpt lat="39.91871" lon="20.90623">
				<ele>1093.41</ele>
				<time>2026-08-06T17:18:39.739Z</time>
			</trkpt>
			<trkpt lat="39.91806" lon="20.90575">
				<ele>1093.53</ele>
				<time>2026-08-06T17:18:43.356Z</time>
			</trkpt>
			<trkpt lat="39.91784" lon="20.90565">
				<ele>1095.95</ele>
				<time>2026-08-06T17:18:44.484Z</time>
			</trkpt>
			<trkpt lat="39.91707" lon="20.90536">
				<ele>1092.92</ele>
				<time>2026-08-06T17:18:48.368Z</time>
			</trkpt>
			<trkpt lat="39.91693" lon="20.90528">
				<ele>1093.65</ele>
				<time>2026-08-06T17:18:49.109Z</time>
			</trkpt>
			<trkpt lat="39.91672" lon="20.90506">
				<ele>1091.54</ele>
				<time>2026-08-06T17:18:50.415Z</time>
			</trkpt>
			<trkpt lat="39.9161" lon="20.90437">
				<ele>1082.98</ele>
				<time>2026-08-06T17:18:54.370Z</time>
			</trkpt>
			<trkpt lat="39.91583" lon="20.90416">
				<ele>1086.95</ele>
				<time>2026-08-06T17:18:55.896Z</time>
			</trkpt>
			<trkpt lat="39.91552" lon="20.90397">
				<ele>1083.85</ele>
				<time>2026-08-06T17:18:57.559Z</time>
			</trkpt>
			<trkpt lat="39.91541" lon="20.90388">
				<ele>1080.05</ele>
				<time>2026-08-06T17:18:58.189Z</time>
			</trkpt>
			<trkpt lat="39.91534" lon="20.9038">
				<ele>1079.48</ele>
				<time>2026-08-06T17:18:58.641Z</time>
			</trkpt>
			<trkpt lat="39.91509" lon="20.90335">
				<ele>1086.32</ele>
				<time>2026-08-06T17:19:00.712Z</time>
			</trkpt>
			<trkpt lat="39.915" lon="20.90325">
				<ele>1088.94</ele>
				<time>2026-08-06T17:19:01.286Z</time>
			</trkpt>
			<trkpt lat="39.9149" lon="20.90319">
				<ele>1088.19</ele>
				<time>2026-08-06T17:19:01.821Z</time>
			</trkpt>
			<trkpt lat="39.91459" lon="20.90314">
				<ele>1081.83</ele>
				<time>2026-08-06T17:19:03.339Z</time>
			</trkpt>
			<trkpt lat="39.91447" lon="20.90309">
				<ele>1081.43</ele>
				<time>2026-08-06T17:19:03.951Z</time>
			</trkpt>
			<trkpt lat="39.91439" lon="20.90301">
				<ele>1081.13</ele>
				<time>2026-08-06T17:19:04.441Z</time>
			</trkpt>
			<trkpt lat="39.9141" lon="20.90261">
				<ele>1078.42</ele>
				<time>2026-08-06T17:19:06.494Z</time>
			</trkpt>
			<trkpt lat="39.91401" lon="20.90253">
				<ele>1077.39</ele>
				<time>2026-08-06T17:19:07.024Z</time>
			</trkpt>
			<trkpt lat="39.91379" lon="20.90242">
				<ele>1076.63</ele>
				<time>2026-08-06T17:19:08.170Z</time>
			</trkpt>
			<trkpt lat="39.91371" lon="20.90236">
				<ele>1077.72</ele>
				<time>2026-08-06T17:19:08.619Z</time>
			</trkpt>
			<trkpt lat="39.91357" lon="20.90219">
				<ele>1079.61</ele>
				<time>2026-08-06T17:19:09.550Z</time>
			</trkpt>
			<trkpt lat="39.91341" lon="20.90187">
				<ele>1079.27</ele>
				<time>2026-08-06T17:19:10.976Z</time>
			</trkpt>
			<trkpt lat="39.91321" lon="20.90157">
				<ele>1078.91</ele>
				<time>2026-08-06T17:19:12.460Z</time>
			</trkpt>
			<trkpt lat="39.91311" lon="20.90144">
				<ele>1078.33</ele>
				<time>2026-08-06T17:19:13.147Z</time>
			</trkpt>
			<trkpt lat="39.91303" lon="20.90137">
				<ele>1077.07</ele>
				<time>2026-08-06T17:19:13.616Z</time>
			</trkpt>
			<trkpt lat="39.91288" lon="20.90128">
				<ele>1076.06</ele>
				<time>2026-08-06T17:19:14.420Z</time>
			</trkpt>
			<trkpt lat="39.91271" lon="20.90122">
				<ele>1072.83</ele>
				<time>2026-08-06T17:19:15.278Z</time>
			</trkpt>
			<trkpt lat="39.91224" lon="20.90118">
				<ele>1068.09</ele>
				<time>2026-08-06T17:19:17.573Z</time>
			</trkpt>
			<trkpt lat="39.91194" lon="20.90113">
				<ele>1067.01</ele>
				<time>2026-08-06T17:19:19.047Z</time>
			</trkpt>
			<trkpt lat="39.91172" lon="20.90105">
				<ele>1064.48</ele>
				<time>2026-08-06T17:19:20.160Z</time>
			</trkpt>
			<trkpt lat="39.9116" lon="20.90096">
				<ele>1063.78</ele>
				<time>2026-08-06T17:19:20.835Z</time>
			</trkpt>
			<trkpt lat="39.91153" lon="20.90086">
				<ele>1063.82</ele>
				<time>2026-08-06T17:19:21.341Z</time>
			</trkpt>
			<trkpt lat="39.9115" lon="20.90078">
				<ele>1065.04</ele>
				<time>2026-08-06T17:19:21.674Z</time>
			</trkpt>
			<trkpt lat="39.91144" lon="20.90034">
				<ele>1072.84</ele>
				<time>2026-08-06T17:19:23.346Z</time>
			</trkpt>
			<trkpt lat="39.91137" lon="20.90012">
				<ele>1074.05</ele>
				<time>2026-08-06T17:19:24.237Z</time>
			</trkpt>
			<trkpt lat="39.91124" lon="20.89993">
				<ele>1074.46</ele>
				<time>2026-08-06T17:19:25.189Z</time>
			</trkpt>
			<trkpt lat="39.91091" lon="20.89961">
				<ele>1074.66</ele>
				<time>2026-08-06T17:19:27.196Z</time>
			</trkpt>
			<trkpt lat="39.91078" lon="20.89945">
				<ele>1076.5</ele>
				<time>2026-08-06T17:19:28.069Z</time>
			</trkpt>
			<trkpt lat="39.91072" lon="20.89933">
				<ele>1078.85</ele>
				<time>2026-08-06T17:19:28.605Z</time>
			</trkpt>
			<trkpt lat="39.91052" lon="20.89875">
				<ele>1078.75</ele>
				<time>2026-08-06T17:19:30.987Z</time>
			</trkpt>
			<trkpt lat="39.91048" lon="20.89847">
				<ele>1077</ele>
				<time>2026-08-06T17:19:32.054Z</time>
			</trkpt>
			<trkpt lat="39.91048" lon="20.89783">
				<ele>1051.84</ele>
				<time>2026-08-06T17:19:34.452Z</time>
			</trkpt>
			<trkpt lat="39.91047" lon="20.8977">
				<ele>1048.42</ele>
				<time>2026-08-06T17:19:34.942Z</time>
			</trkpt>
			<trkpt lat="39.91039" lon="20.89741">
				<ele>1049.81</ele>
				<time>2026-08-06T17:19:36.097Z</time>
			</trkpt>
			<trkpt lat="39.91038" lon="20.89731">
				<ele>1050.77</ele>
				<time>2026-08-06T17:19:36.475Z</time>
			</trkpt>
			<trkpt lat="39.91039" lon="20.89696">
				<ele>1050.44</ele>
				<time>2026-08-06T17:19:37.788Z</time>
			</trkpt>
			<trkpt lat="39.91038" lon="20.89681">
				<ele>1050.33</ele>
				<time>2026-08-06T17:19:38.353Z</time>
			</trkpt>
			<trkpt lat="39.91034" lon="20.89662">
				<ele>1049.53</ele>
				<time>2026-08-06T17:19:39.092Z</time>
			</trkpt>
			<trkpt lat="39.91026" lon="20.89636">
				<ele>1051.35</ele>
				<time>2026-08-06T17:19:40.143Z</time>
			</trkpt>
			<trkpt lat="39.91011" lon="20.89606">
				<ele>1055.04</ele>
				<time>2026-08-06T17:19:41.486Z</time>
			</trkpt>
			<trkpt lat="39.90956" lon="20.8953">
				<ele>1047.95</ele>
				<time>2026-08-06T17:19:45.408Z</time>
			</trkpt>
			<trkpt lat="39.90935" lon="20.89496">
				<ele>1042.63</ele>
				<time>2026-08-06T17:19:47.048Z</time>
			</trkpt>
			<trkpt lat="39.90925" lon="20.89466">
				<ele>1038.95</ele>
				<time>2026-08-06T17:19:48.276Z</time>
			</trkpt>
			<trkpt lat="39.9092" lon="20.89429">
				<ele>1041.19</ele>
				<time>2026-08-06T17:19:49.688Z</time>
			</trkpt>
			<trkpt lat="39.90916" lon="20.89411">
				<ele>1043.21</ele>
				<time>2026-08-06T17:19:50.392Z</time>
			</trkpt>
			<trkpt lat="39.90912" lon="20.89399">
				<ele>1044.21</ele>
				<time>2026-08-06T17:19:50.883Z</time>
			</trkpt>
			<trkpt lat="39.90903" lon="20.89382">
				<ele>1045.17</ele>
				<time>2026-08-06T17:19:51.660Z</time>
			</trkpt>
			<trkpt lat="39.90896" lon="20.89374">
				<ele>1045.72</ele>
				<time>2026-08-06T17:19:52.116Z</time>
			</trkpt>
			<trkpt lat="39.9088" lon="20.89363">
				<ele>1042.73</ele>
				<time>2026-08-06T17:19:53.002Z</time>
			</trkpt>
			<trkpt lat="39.90839" lon="20.89352">
				<ele>1036.06</ele>
				<time>2026-08-06T17:19:55.054Z</time>
			</trkpt>
			<trkpt lat="39.90829" lon="20.89348">
				<ele>1036.8</ele>
				<time>2026-08-06T17:19:55.567Z</time>
			</trkpt>
			<trkpt lat="39.908" lon="20.89323">
				<ele>1038</ele>
				<time>2026-08-06T17:19:57.272Z</time>
			</trkpt>
			<trkpt lat="39.90721" lon="20.8928">
				<ele>1029.71</ele>
				<time>2026-08-06T17:20:01.472Z</time>
			</trkpt>
			<trkpt lat="39.90684" lon="20.89253">
				<ele>1024.96</ele>
				<time>2026-08-06T17:20:03.553Z</time>
			</trkpt>
			<trkpt lat="39.90665" lon="20.89241">
				<ele>1028.11</ele>
				<time>2026-08-06T17:20:04.589Z</time>
			</trkpt>
			<trkpt lat="39.90625" lon="20.89226">
				<ele>1020.23</ele>
				<time>2026-08-06T17:20:06.633Z</time>
			</trkpt>
			<trkpt lat="39.90607" lon="20.89216">
				<ele>1018.58</ele>
				<time>2026-08-06T17:20:07.594Z</time>
			</trkpt>
			<trkpt lat="39.90591" lon="20.89204">
				<ele>1021.2</ele>
				<time>2026-08-06T17:20:08.501Z</time>
			</trkpt>
			<trkpt lat="39.90577" lon="20.89187">
				<ele>1025.77</ele>
				<time>2026-08-06T17:20:09.441Z</time>
			</trkpt>
			<trkpt lat="39.90571" lon="20.89173">
				<ele>1029.25</ele>
				<time>2026-08-06T17:20:10.045Z</time>
			</trkpt>
			<trkpt lat="39.9056" lon="20.89127">
				<ele>1035.64</ele>
				<time>2026-08-06T17:20:11.862Z</time>
			</trkpt>
			<trkpt lat="39.90555" lon="20.89099">
				<ele>1039.13</ele>
				<time>2026-08-06T17:20:12.946Z</time>
			</trkpt>
			<trkpt lat="39.9055" lon="20.89087">
				<ele>1041.24</ele>
				<time>2026-08-06T17:20:13.461Z</time>
			</trkpt>
			<trkpt lat="39.90543" lon="20.89082">
				<ele>1042.58</ele>
				<time>2026-08-06T17:20:13.853Z</time>
			</trkpt>
			<trkpt lat="39.90522" lon="20.89079">
				<ele>1044.26</ele>
				<time>2026-08-06T17:20:14.892Z</time>
			</trkpt>
			<trkpt lat="39.90508" lon="20.89079">
				<ele>1044.67</ele>
				<time>2026-08-06T17:20:15.581Z</time>
			</trkpt>
			<trkpt lat="39.90502" lon="20.89081">
				<ele>1044.33</ele>
				<time>2026-08-06T17:20:15.885Z</time>
			</trkpt>
			<trkpt lat="39.90494" lon="20.89089">
				<ele>1043.07</ele>
				<time>2026-08-06T17:20:16.381Z</time>
			</trkpt>
			<trkpt lat="39.90475" lon="20.89113">
				<ele>1036.65</ele>
				<time>2026-08-06T17:20:17.683Z</time>
			</trkpt>
			<trkpt lat="39.90461" lon="20.8912">
				<ele>1035.74</ele>
				<time>2026-08-06T17:20:18.420Z</time>
			</trkpt>
			<trkpt lat="39.90448" lon="20.89121">
				<ele>1036.63</ele>
				<time>2026-08-06T17:20:19.061Z</time>
			</trkpt>
			<trkpt lat="39.90404" lon="20.89121">
				<ele>1037.01</ele>
				<time>2026-08-06T17:20:21.226Z</time>
			</trkpt>
			<trkpt lat="39.90373" lon="20.89136">
				<ele>1036.56</ele>
				<time>2026-08-06T17:20:22.854Z</time>
			</trkpt>
			<trkpt lat="39.90362" lon="20.89138">
				<ele>1038.6</ele>
				<time>2026-08-06T17:20:23.401Z</time>
			</trkpt>
			<trkpt lat="39.90351" lon="20.89137">
				<ele>1038.11</ele>
				<time>2026-08-06T17:20:23.944Z</time>
			</trkpt>
			<trkpt lat="39.9034" lon="20.89131">
				<ele>1038.19</ele>
				<time>2026-08-06T17:20:24.531Z</time>
			</trkpt>
			<trkpt lat="39.90331" lon="20.89119">
				<ele>1039.34</ele>
				<time>2026-08-06T17:20:25.165Z</time>
			</trkpt>
			<trkpt lat="39.90329" lon="20.89103">
				<ele>1041.05</ele>
				<time>2026-08-06T17:20:25.778Z</time>
			</trkpt>
			<trkpt lat="39.90332" lon="20.8909">
				<ele>1043.69</ele>
				<time>2026-08-06T17:20:26.291Z</time>
			</trkpt>
			<trkpt lat="39.90347" lon="20.89057">
				<ele>1052.68</ele>
				<time>2026-08-06T17:20:27.740Z</time>
			</trkpt>
			<trkpt lat="39.90347" lon="20.89038">
				<ele>1054.19</ele>
				<time>2026-08-06T17:20:28.458Z</time>
			</trkpt>
			<trkpt lat="39.90334" lon="20.88938">
				<ele>1063.31</ele>
				<time>2026-08-06T17:20:32.293Z</time>
			</trkpt>
			<trkpt lat="39.90328" lon="20.88911">
				<ele>1065.75</ele>
				<time>2026-08-06T17:20:33.357Z</time>
			</trkpt>
			<trkpt lat="39.90323" lon="20.889">
				<ele>1065.81</ele>
				<time>2026-08-06T17:20:33.840Z</time>
			</trkpt>
			<trkpt lat="39.90317" lon="20.88896">
				<ele>1064.66</ele>
				<time>2026-08-06T17:20:34.173Z</time>
			</trkpt>
			<trkpt lat="39.90309" lon="20.88897">
				<ele>1062.35</ele>
				<time>2026-08-06T17:20:34.569Z</time>
			</trkpt>
			<trkpt lat="39.90291" lon="20.88913">
				<ele>1056.59</ele>
				<time>2026-08-06T17:20:35.644Z</time>
			</trkpt>
			<trkpt lat="39.90282" lon="20.88916">
				<ele>1055.27</ele>
				<time>2026-08-06T17:20:36.102Z</time>
			</trkpt>
			<trkpt lat="39.90271" lon="20.88913">
				<ele>1054.11</ele>
				<time>2026-08-06T17:20:36.656Z</time>
			</trkpt>
			<trkpt lat="39.90262" lon="20.88906">
				<ele>1053.33</ele>
				<time>2026-08-06T17:20:37.173Z</time>
			</trkpt>
			<trkpt lat="39.90254" lon="20.88895">
				<ele>1053.75</ele>
				<time>2026-08-06T17:20:37.747Z</time>
			</trkpt>
			<trkpt lat="39.90245" lon="20.88875">
				<ele>1054.39</ele>
				<time>2026-08-06T17:20:38.625Z</time>
			</trkpt>
			<trkpt lat="39.90226" lon="20.88819">
				<ele>1066.46</ele>
				<time>2026-08-06T17:20:40.943Z</time>
			</trkpt>
			<trkpt lat="39.90216" lon="20.88773">
				<ele>1077.39</ele>
				<time>2026-08-06T17:20:42.754Z</time>
			</trkpt>
			<trkpt lat="39.9021" lon="20.88763">
				<ele>1076.25</ele>
				<time>2026-08-06T17:20:43.235Z</time>
			</trkpt>
			<trkpt lat="39.90206" lon="20.88759">
				<ele>1074.76</ele>
				<time>2026-08-06T17:20:43.484Z</time>
			</trkpt>
			<trkpt lat="39.90197" lon="20.88758">
				<ele>1071.3</ele>
				<time>2026-08-06T17:20:43.930Z</time>
			</trkpt>
			<trkpt lat="39.90186" lon="20.88765">
				<ele>1070.47</ele>
				<time>2026-08-06T17:20:44.534Z</time>
			</trkpt>
			<trkpt lat="39.90175" lon="20.88777">
				<ele>1070.01</ele>
				<time>2026-08-06T17:20:45.243Z</time>
			</trkpt>
			<trkpt lat="39.90153" lon="20.88807">
				<ele>1060.91</ele>
				<time>2026-08-06T17:20:46.815Z</time>
			</trkpt>
			<trkpt lat="39.90146" lon="20.88814">
				<ele>1057.88</ele>
				<time>2026-08-06T17:20:47.251Z</time>
			</trkpt>
			<trkpt lat="39.90137" lon="20.88817">
				<ele>1056.71</ele>
				<time>2026-08-06T17:20:47.710Z</time>
			</trkpt>
			<trkpt lat="39.9013" lon="20.88817">
				<ele>1056.67</ele>
				<time>2026-08-06T17:20:48.056Z</time>
			</trkpt>
			<trkpt lat="39.90117" lon="20.8881">
				<ele>1059.27</ele>
				<time>2026-08-06T17:20:48.751Z</time>
			</trkpt>
			<trkpt lat="39.90101" lon="20.88792">
				<ele>1064.42</ele>
				<time>2026-08-06T17:20:49.796Z</time>
			</trkpt>
			<trkpt lat="39.90085" lon="20.88759">
				<ele>1073.31</ele>
				<time>2026-08-06T17:20:51.276Z</time>
			</trkpt>
			<trkpt lat="39.90057" lon="20.88711">
				<ele>1073.52</ele>
				<time>2026-08-06T17:20:53.563Z</time>
			</trkpt>
			<trkpt lat="39.90034" lon="20.88682">
				<ele>1069.45</ele>
				<time>2026-08-06T17:20:55.146Z</time>
			</trkpt>
			<trkpt lat="39.9003" lon="20.88672">
				<ele>1069.74</ele>
				<time>2026-08-06T17:20:55.574Z</time>
			</trkpt>
			<trkpt lat="39.90032" lon="20.88661">
				<ele>1071.01</ele>
				<time>2026-08-06T17:20:56.003Z</time>
			</trkpt>
			<trkpt lat="39.90038" lon="20.88655">
				<ele>1072.25</ele>
				<time>2026-08-06T17:20:56.377Z</time>
			</trkpt>
			<trkpt lat="39.90063" lon="20.88647">
				<ele>1077.68</ele>
				<time>2026-08-06T17:20:57.651Z</time>
			</trkpt>
			<trkpt lat="39.90074" lon="20.88638">
				<ele>1081.1</ele>
				<time>2026-08-06T17:20:58.293Z</time>
			</trkpt>
			<trkpt lat="39.90118" lon="20.88586">
				<ele>1088.36</ele>
				<time>2026-08-06T17:21:01.233Z</time>
			</trkpt>
			<trkpt lat="39.90125" lon="20.88572">
				<ele>1087.93</ele>
				<time>2026-08-06T17:21:01.867Z</time>
			</trkpt>
			<trkpt lat="39.90128" lon="20.88551">
				<ele>1084.5</ele>
				<time>2026-08-06T17:21:02.679Z</time>
			</trkpt>
			<trkpt lat="39.9013" lon="20.88497">
				<ele>1076.68</ele>
				<time>2026-08-06T17:21:04.732Z</time>
			</trkpt>
			<trkpt lat="39.90128" lon="20.88486">
				<ele>1076.06</ele>
				<time>2026-08-06T17:21:05.162Z</time>
			</trkpt>
			<trkpt lat="39.9012" lon="20.88456">
				<ele>1074.68</ele>
				<time>2026-08-06T17:21:06.369Z</time>
			</trkpt>
			<trkpt lat="39.90118" lon="20.88437">
				<ele>1076.26</ele>
				<time>2026-08-06T17:21:07.098Z</time>
			</trkpt>
			<trkpt lat="39.90122" lon="20.88398">
				<ele>1078.71</ele>
				<time>2026-08-06T17:21:08.593Z</time>
			</trkpt>
			<trkpt lat="39.90129" lon="20.88285">
				<ele>1071.79</ele>
				<time>2026-08-06T17:21:12.904Z</time>
			</trkpt>
			<trkpt lat="39.90131" lon="20.8826">
				<ele>1066.11</ele>
				<time>2026-08-06T17:21:13.860Z</time>
			</trkpt>
			<trkpt lat="39.90135" lon="20.88245">
				<ele>1063.5</ele>
				<time>2026-08-06T17:21:14.464Z</time>
			</trkpt>
			<trkpt lat="39.90141" lon="20.88223">
				<ele>1060.24</ele>
				<time>2026-08-06T17:21:15.353Z</time>
			</trkpt>
			<trkpt lat="39.90151" lon="20.88201">
				<ele>1057.55</ele>
				<time>2026-08-06T17:21:16.326Z</time>
			</trkpt>
			<trkpt lat="39.90158" lon="20.8819">
				<ele>1055.82</ele>
				<time>2026-08-06T17:21:16.870Z</time>
			</trkpt>
			<trkpt lat="39.90167" lon="20.88184">
				<ele>1055.68</ele>
				<time>2026-08-06T17:21:17.371Z</time>
			</trkpt>
			<trkpt lat="39.90175" lon="20.88184">
				<ele>1057.77</ele>
				<time>2026-08-06T17:21:17.768Z</time>
			</trkpt>
			<trkpt lat="39.90204" lon="20.88186">
				<ele>1066.53</ele>
				<time>2026-08-06T17:21:19.209Z</time>
			</trkpt>
			<trkpt lat="39.90218" lon="20.88183">
				<ele>1068.17</ele>
				<time>2026-08-06T17:21:19.913Z</time>
			</trkpt>
			<trkpt lat="39.90254" lon="20.88157">
				<ele>1057.34</ele>
				<time>2026-08-06T17:21:21.956Z</time>
			</trkpt>
			<trkpt lat="39.90298" lon="20.88121">
				<ele>1059.36</ele>
				<time>2026-08-06T17:21:24.535Z</time>
			</trkpt>
			<trkpt lat="39.90304" lon="20.88112">
				<ele>1057.47</ele>
				<time>2026-08-06T17:21:24.989Z</time>
			</trkpt>
			<trkpt lat="39.90308" lon="20.881">
				<ele>1054.5</ele>
				<time>2026-08-06T17:21:25.487Z</time>
			</trkpt>
			<trkpt lat="39.90312" lon="20.88068">
				<ele>1047.48</ele>
				<time>2026-08-06T17:21:26.723Z</time>
			</trkpt>
			<trkpt lat="39.90316" lon="20.88054">
				<ele>1046</ele>
				<time>2026-08-06T17:21:27.292Z</time>
			</trkpt>
			<trkpt lat="39.90321" lon="20.88042">
				<ele>1046.65</ele>
				<time>2026-08-06T17:21:27.812Z</time>
			</trkpt>
			<trkpt lat="39.90336" lon="20.88017">
				<ele>1050.03</ele>
				<time>2026-08-06T17:21:29.022Z</time>
			</trkpt>
			<trkpt lat="39.90337" lon="20.88008">
				<ele>1050.85</ele>
				<time>2026-08-06T17:21:29.369Z</time>
			</trkpt>
			<trkpt lat="39.90336" lon="20.88">
				<ele>1050.05</ele>
				<time>2026-08-06T17:21:29.678Z</time>
			</trkpt>
			<trkpt lat="39.90333" lon="20.87993">
				<ele>1049.46</ele>
				<time>2026-08-06T17:21:29.983Z</time>
			</trkpt>
			<trkpt lat="39.90326" lon="20.87987">
				<ele>1049.58</ele>
				<time>2026-08-06T17:21:30.400Z</time>
			</trkpt>
			<trkpt lat="39.90302" lon="20.87973">
				<ele>1048.41</ele>
				<time>2026-08-06T17:21:31.706Z</time>
			</trkpt>
			<trkpt lat="39.90252" lon="20.8795">
				<ele>1051.73</ele>
				<time>2026-08-06T17:21:34.342Z</time>
			</trkpt>
			<trkpt lat="39.90211" lon="20.87935">
				<ele>1051.15</ele>
				<time>2026-08-06T17:21:36.460Z</time>
			</trkpt>
			<trkpt lat="39.90207" lon="20.87926">
				<ele>1051.63</ele>
				<time>2026-08-06T17:21:36.856Z</time>
			</trkpt>
			<trkpt lat="39.90207" lon="20.87916">
				<ele>1052.71</ele>
				<time>2026-08-06T17:21:37.238Z</time>
			</trkpt>
			<trkpt lat="39.90219" lon="20.87889">
				<ele>1061.11</ele>
				<time>2026-08-06T17:21:38.429Z</time>
			</trkpt>
			<trkpt lat="39.90219" lon="20.87877">
				<ele>1063.8</ele>
				<time>2026-08-06T17:21:38.887Z</time>
			</trkpt>
			<trkpt lat="39.90211" lon="20.87868">
				<ele>1063.43</ele>
				<time>2026-08-06T17:21:39.412Z</time>
			</trkpt>
			<trkpt lat="39.90183" lon="20.87853">
				<ele>1059.44</ele>
				<time>2026-08-06T17:21:40.918Z</time>
			</trkpt>
			<trkpt lat="39.90177" lon="20.87846">
				<ele>1059.23</ele>
				<time>2026-08-06T17:21:41.319Z</time>
			</trkpt>
			<trkpt lat="39.90173" lon="20.87837">
				<ele>1060.13</ele>
				<time>2026-08-06T17:21:41.716Z</time>
			</trkpt>
			<trkpt lat="39.90171" lon="20.87826">
				<ele>1060.89</ele>
				<time>2026-08-06T17:21:42.148Z</time>
			</trkpt>
			<trkpt lat="39.90171" lon="20.87789">
				<ele>1063.85</ele>
				<time>2026-08-06T17:21:43.561Z</time>
			</trkpt>
			<trkpt lat="39.90165" lon="20.87702">
				<ele>1070.78</ele>
				<time>2026-08-06T17:21:46.897Z</time>
			</trkpt>
			<trkpt lat="39.90166" lon="20.87622">
				<ele>1074.9</ele>
				<time>2026-08-06T17:21:49.954Z</time>
			</trkpt>
			<trkpt lat="39.90187" lon="20.87497">
				<ele>1077.86</ele>
				<time>2026-08-06T17:21:54.845Z</time>
			</trkpt>
			<trkpt lat="39.90189" lon="20.87458">
				<ele>1084.15</ele>
				<time>2026-08-06T17:21:56.340Z</time>
			</trkpt>
			<trkpt lat="39.9019" lon="20.87418">
				<ele>1089.23</ele>
				<time>2026-08-06T17:21:57.871Z</time>
			</trkpt>
			<trkpt lat="39.90189" lon="20.8741">
				<ele>1088.95</ele>
				<time>2026-08-06T17:21:58.181Z</time>
			</trkpt>
			<trkpt lat="39.90183" lon="20.87395">
				<ele>1087.08</ele>
				<time>2026-08-06T17:21:58.828Z</time>
			</trkpt>
			<trkpt lat="39.90163" lon="20.87364">
				<ele>1085.48</ele>
				<time>2026-08-06T17:22:00.378Z</time>
			</trkpt>
			<trkpt lat="39.90156" lon="20.87347">
				<ele>1087.38</ele>
				<time>2026-08-06T17:22:01.116Z</time>
			</trkpt>
			<trkpt lat="39.90149" lon="20.87313">
				<ele>1089.64</ele>
				<time>2026-08-06T17:22:02.463Z</time>
			</trkpt>
			<trkpt lat="39.90148" lon="20.87286">
				<ele>1091.07</ele>
				<time>2026-08-06T17:22:03.498Z</time>
			</trkpt>
			<trkpt lat="39.9015" lon="20.87272">
				<ele>1092.11</ele>
				<time>2026-08-06T17:22:04.043Z</time>
			</trkpt>
			<trkpt lat="39.90158" lon="20.87228">
				<ele>1093.98</ele>
				<time>2026-08-06T17:22:05.774Z</time>
			</trkpt>
			<trkpt lat="39.90163" lon="20.87183">
				<ele>1097.99</ele>
				<time>2026-08-06T17:22:07.515Z</time>
			</trkpt>
			<trkpt lat="39.90166" lon="20.8717">
				<ele>1099.84</ele>
				<time>2026-08-06T17:22:08.035Z</time>
			</trkpt>
			<trkpt lat="39.90177" lon="20.87143">
				<ele>1101.68</ele>
				<time>2026-08-06T17:22:09.206Z</time>
			</trkpt>
			<trkpt lat="39.902" lon="20.87104">
				<ele>1101.33</ele>
				<time>2026-08-06T17:22:11.090Z</time>
			</trkpt>
			<trkpt lat="39.90204" lon="20.87092">
				<ele>1101.69</ele>
				<time>2026-08-06T17:22:11.592Z</time>
			</trkpt>
			<trkpt lat="39.90204" lon="20.87077">
				<ele>1101.81</ele>
				<time>2026-08-06T17:22:12.166Z</time>
			</trkpt>
			<trkpt lat="39.90195" lon="20.87046">
				<ele>1101.94</ele>
				<time>2026-08-06T17:22:13.436Z</time>
			</trkpt>
			<trkpt lat="39.90196" lon="20.87029">
				<ele>1105.18</ele>
				<time>2026-08-06T17:22:14.090Z</time>
			</trkpt>
			<trkpt lat="39.90216" lon="20.86986">
				<ele>1106.1</ele>
				<time>2026-08-06T17:22:16.017Z</time>
			</trkpt>
			<trkpt lat="39.90236" lon="20.86951">
				<ele>1104.52</ele>
				<time>2026-08-06T17:22:17.690Z</time>
			</trkpt>
			<trkpt lat="39.90243" lon="20.86933">
				<ele>1103.66</ele>
				<time>2026-08-06T17:22:18.464Z</time>
			</trkpt>
			<trkpt lat="39.90248" lon="20.86908">
				<ele>1102.21</ele>
				<time>2026-08-06T17:22:19.455Z</time>
			</trkpt>
			<trkpt lat="39.9025" lon="20.86886">
				<ele>1101.46</ele>
				<time>2026-08-06T17:22:20.304Z</time>
			</trkpt>
			<trkpt lat="39.90249" lon="20.86874">
				<ele>1103.08</ele>
				<time>2026-08-06T17:22:20.767Z</time>
			</trkpt>
			<trkpt lat="39.90246" lon="20.86862">
				<ele>1104.08</ele>
				<time>2026-08-06T17:22:21.251Z</time>
			</trkpt>
			<trkpt lat="39.90229" lon="20.86827">
				<ele>1107.2</ele>
				<time>2026-08-06T17:22:22.840Z</time>
			</trkpt>
			<trkpt lat="39.90227" lon="20.86815">
				<ele>1108.52</ele>
				<time>2026-08-06T17:22:23.311Z</time>
			</trkpt>
			<trkpt lat="39.90229" lon="20.86802">
				<ele>1110.92</ele>
				<time>2026-08-06T17:22:23.820Z</time>
			</trkpt>
			<trkpt lat="39.90242" lon="20.86763">
				<ele>1114.78</ele>
				<time>2026-08-06T17:22:25.452Z</time>
			</trkpt>
			<trkpt lat="39.90265" lon="20.86718">
				<ele>1114.05</ele>
				<time>2026-08-06T17:22:27.527Z</time>
			</trkpt>
			<trkpt lat="39.9027" lon="20.86703">
				<ele>1115.25</ele>
				<time>2026-08-06T17:22:28.154Z</time>
			</trkpt>
			<trkpt lat="39.90272" lon="20.86694">
				<ele>1115.38</ele>
				<time>2026-08-06T17:22:28.514Z</time>
			</trkpt>
			<trkpt lat="39.9027" lon="20.86686">
				<ele>1115.19</ele>
				<time>2026-08-06T17:22:28.837Z</time>
			</trkpt>
			<trkpt lat="39.90242" lon="20.86651">
				<ele>1110.73</ele>
				<time>2026-08-06T17:22:30.778Z</time>
			</trkpt>
			<trkpt lat="39.90219" lon="20.86603">
				<ele>1110.21</ele>
				<time>2026-08-06T17:22:32.952Z</time>
			</trkpt>
			<trkpt lat="39.90213" lon="20.8658">
				<ele>1110.99</ele>
				<time>2026-08-06T17:22:33.885Z</time>
			</trkpt>
			<trkpt lat="39.90212" lon="20.86568">
				<ele>1110.21</ele>
				<time>2026-08-06T17:22:34.348Z</time>
			</trkpt>
			<trkpt lat="39.90214" lon="20.86556">
				<ele>1110.05</ele>
				<time>2026-08-06T17:22:34.820Z</time>
			</trkpt>
			<trkpt lat="39.90221" lon="20.8654">
				<ele>1110.05</ele>
				<time>2026-08-06T17:22:35.528Z</time>
			</trkpt>
			<trkpt lat="39.90238" lon="20.86519">
				<ele>1112.05</ele>
				<time>2026-08-06T17:22:36.700Z</time>
			</trkpt>
			<trkpt lat="39.90256" lon="20.86507">
				<ele>1115.8</ele>
				<time>2026-08-06T17:22:37.713Z</time>
			</trkpt>
			<trkpt lat="39.90284" lon="20.86497">
				<ele>1121.51</ele>
				<time>2026-08-06T17:22:39.167Z</time>
			</trkpt>
			<trkpt lat="39.90292" lon="20.8649">
				<ele>1122.88</ele>
				<time>2026-08-06T17:22:39.650Z</time>
			</trkpt>
			<trkpt lat="39.90298" lon="20.86479">
				<ele>1122.78</ele>
				<time>2026-08-06T17:22:40.169Z</time>
			</trkpt>
			<trkpt lat="39.90298" lon="20.86472">
				<ele>1122.06</ele>
				<time>2026-08-06T17:22:40.438Z</time>
			</trkpt>
			<trkpt lat="39.90294" lon="20.86429">
				<ele>1118.97</ele>
				<time>2026-08-06T17:22:42.103Z</time>
			</trkpt>
			<trkpt lat="39.90297" lon="20.8641">
				<ele>1118.15</ele>
				<time>2026-08-06T17:22:42.848Z</time>
			</trkpt>
			<trkpt lat="39.903" lon="20.86405">
				<ele>1118.24</ele>
				<time>2026-08-06T17:22:43.093Z</time>
			</trkpt>
			<trkpt lat="39.90307" lon="20.86397">
				<ele>1119.08</ele>
				<time>2026-08-06T17:22:43.559Z</time>
			</trkpt>
			<trkpt lat="39.9033" lon="20.86385">
				<ele>1123.08</ele>
				<time>2026-08-06T17:22:44.801Z</time>
			</trkpt>
			<trkpt lat="39.90337" lon="20.86378">
				<ele>1124.26</ele>
				<time>2026-08-06T17:22:45.243Z</time>
			</trkpt>
			<trkpt lat="39.90341" lon="20.86372">
				<ele>1124.56</ele>
				<time>2026-08-06T17:22:45.549Z</time>
			</trkpt>
			<trkpt lat="39.90349" lon="20.86324">
				<ele>1124.21</ele>
				<time>2026-08-06T17:22:47.438Z</time>
			</trkpt>
			<trkpt lat="39.90373" lon="20.86252">
				<ele>1130.97</ele>
				<time>2026-08-06T17:22:50.458Z</time>
			</trkpt>
			<trkpt lat="39.90376" lon="20.86229">
				<ele>1132.9</ele>
				<time>2026-08-06T17:22:51.356Z</time>
			</trkpt>
			<trkpt lat="39.90364" lon="20.86167">
				<ele>1128.42</ele>
				<time>2026-08-06T17:22:53.816Z</time>
			</trkpt>
			<trkpt lat="39.90343" lon="20.86117">
				<ele>1129.71</ele>
				<time>2026-08-06T17:22:56.011Z</time>
			</trkpt>
			<trkpt lat="39.90336" lon="20.86097">
				<ele>1128.47</ele>
				<time>2026-08-06T17:22:56.857Z</time>
			</trkpt>
			<trkpt lat="39.90321" lon="20.86032">
				<ele>1126.18</ele>
				<time>2026-08-06T17:22:59.471Z</time>
			</trkpt>
			<trkpt lat="39.90322" lon="20.86015">
				<ele>1124.98</ele>
				<time>2026-08-06T17:23:00.127Z</time>
			</trkpt>
			<trkpt lat="39.90326" lon="20.86005">
				<ele>1124.94</ele>
				<time>2026-08-06T17:23:00.562Z</time>
			</trkpt>
			<trkpt lat="39.90337" lon="20.85992">
				<ele>1125.53</ele>
				<time>2026-08-06T17:23:01.307Z</time>
			</trkpt>
			<trkpt lat="39.90394" lon="20.8595">
				<ele>1132.21</ele>
				<time>2026-08-06T17:23:04.595Z</time>
			</trkpt>
			<trkpt lat="39.90427" lon="20.85904">
				<ele>1135.67</ele>
				<time>2026-08-06T17:23:07.022Z</time>
			</trkpt>
			<trkpt lat="39.9044" lon="20.85882">
				<ele>1135.87</ele>
				<time>2026-08-06T17:23:08.092Z</time>
			</trkpt>
			<trkpt lat="39.90444" lon="20.85872">
				<ele>1135.79</ele>
				<time>2026-08-06T17:23:08.527Z</time>
			</trkpt>
			<trkpt lat="39.9045" lon="20.85849">
				<ele>1134.81</ele>
				<time>2026-08-06T17:23:09.464Z</time>
			</trkpt>
			<trkpt lat="39.90452" lon="20.85824">
				<ele>1134.17</ele>
				<time>2026-08-06T17:23:10.433Z</time>
			</trkpt>
			<trkpt lat="39.90455" lon="20.85812">
				<ele>1134.06</ele>
				<time>2026-08-06T17:23:10.919Z</time>
			</trkpt>
			<trkpt lat="39.9046" lon="20.85803">
				<ele>1133.99</ele>
				<time>2026-08-06T17:23:11.348Z</time>
			</trkpt>
			<trkpt lat="39.90467" lon="20.85796">
				<ele>1133.66</ele>
				<time>2026-08-06T17:23:11.791Z</time>
			</trkpt>
			<trkpt lat="39.90476" lon="20.85793">
				<ele>1132.6</ele>
				<time>2026-08-06T17:23:12.258Z</time>
			</trkpt>
			<trkpt lat="39.90484" lon="20.85794">
				<ele>1131.18</ele>
				<time>2026-08-06T17:23:12.662Z</time>
			</trkpt>
			<trkpt lat="39.905" lon="20.85804">
				<ele>1130.58</ele>
				<time>2026-08-06T17:23:13.554Z</time>
			</trkpt>
			<trkpt lat="39.90533" lon="20.85842">
				<ele>1135.49</ele>
				<time>2026-08-06T17:23:15.768Z</time>
			</trkpt>
			<trkpt lat="39.90555" lon="20.85861">
				<ele>1137.08</ele>
				<time>2026-08-06T17:23:17.095Z</time>
			</trkpt>
			<trkpt lat="39.90587" lon="20.85897">
				<ele>1139.1</ele>
				<time>2026-08-06T17:23:19.221Z</time>
			</trkpt>
			<trkpt lat="39.90596" lon="20.85904">
				<ele>1139.51</ele>
				<time>2026-08-06T17:23:19.748Z</time>
			</trkpt>
			<trkpt lat="39.90601" lon="20.85904">
				<ele>1138.86</ele>
				<time>2026-08-06T17:23:19.999Z</time>
			</trkpt>
			<trkpt lat="39.90606" lon="20.85901">
				<ele>1137.95</ele>
				<time>2026-08-06T17:23:20.276Z</time>
			</trkpt>
			<trkpt lat="39.9061" lon="20.85894">
				<ele>1137.25</ele>
				<time>2026-08-06T17:23:20.613Z</time>
			</trkpt>
			<trkpt lat="39.90612" lon="20.85863">
				<ele>1135.58</ele>
				<time>2026-08-06T17:23:21.814Z</time>
			</trkpt>
			<trkpt lat="39.90622" lon="20.85823">
				<ele>1138.34</ele>
				<time>2026-08-06T17:23:23.437Z</time>
			</trkpt>
			<trkpt lat="39.90622" lon="20.85768">
				<ele>1137.41</ele>
				<time>2026-08-06T17:23:25.561Z</time>
			</trkpt>
			<trkpt lat="39.9064" lon="20.85672">
				<ele>1146.3</ele>
				<time>2026-08-06T17:23:29.377Z</time>
			</trkpt>
			<trkpt lat="39.9064" lon="20.85657">
				<ele>1147.79</ele>
				<time>2026-08-06T17:23:29.956Z</time>
			</trkpt>
			<trkpt lat="39.90638" lon="20.85646">
				<ele>1148.74</ele>
				<time>2026-08-06T17:23:30.393Z</time>
			</trkpt>
			<trkpt lat="39.90619" lon="20.85604">
				<ele>1149.6</ele>
				<time>2026-08-06T17:23:32.276Z</time>
			</trkpt>
			<trkpt lat="39.90601" lon="20.85502">
				<ele>1148.49</ele>
				<time>2026-08-06T17:23:36.320Z</time>
			</trkpt>
			<trkpt lat="39.90603" lon="20.85489">
				<ele>1148.34</ele>
				<time>2026-08-06T17:23:36.833Z</time>
			</trkpt>
			<trkpt lat="39.90609" lon="20.8548">
				<ele>1148.43</ele>
				<time>2026-08-06T17:23:37.294Z</time>
			</trkpt>
			<trkpt lat="39.90618" lon="20.85475">
				<ele>1147.85</ele>
				<time>2026-08-06T17:23:37.787Z</time>
			</trkpt>
			<trkpt lat="39.90623" lon="20.85475">
				<ele>1147.56</ele>
				<time>2026-08-06T17:23:38.039Z</time>
			</trkpt>
			<trkpt lat="39.90633" lon="20.85479">
				<ele>1147.98</ele>
				<time>2026-08-06T17:23:38.566Z</time>
			</trkpt>
			<trkpt lat="39.90691" lon="20.85533">
				<ele>1157.69</ele>
				<time>2026-08-06T17:23:42.158Z</time>
			</trkpt>
			<trkpt lat="39.90775" lon="20.85591">
				<ele>1164</ele>
				<time>2026-08-06T17:23:46.950Z</time>
			</trkpt>
			<trkpt lat="39.90784" lon="20.85593">
				<ele>1164.37</ele>
				<time>2026-08-06T17:23:47.411Z</time>
			</trkpt>
			<trkpt lat="39.90788" lon="20.85591">
				<ele>1163.84</ele>
				<time>2026-08-06T17:23:47.627Z</time>
			</trkpt>
			<trkpt lat="39.90795" lon="20.85583">
				<ele>1162.31</ele>
				<time>2026-08-06T17:23:48.096Z</time>
			</trkpt>
			<trkpt lat="39.908" lon="20.85571">
				<ele>1161.45</ele>
				<time>2026-08-06T17:23:48.624Z</time>
			</trkpt>
			<trkpt lat="39.90807" lon="20.85542">
				<ele>1161.09</ele>
				<time>2026-08-06T17:23:49.801Z</time>
			</trkpt>
			<trkpt lat="39.90807" lon="20.85523">
				<ele>1160.61</ele>
				<time>2026-08-06T17:23:50.536Z</time>
			</trkpt>
			<trkpt lat="39.908" lon="20.85486">
				<ele>1157.78</ele>
				<time>2026-08-06T17:23:52.010Z</time>
			</trkpt>
			<trkpt lat="39.908" lon="20.85455">
				<ele>1158.11</ele>
				<time>2026-08-06T17:23:53.210Z</time>
			</trkpt>
			<trkpt lat="39.90802" lon="20.85428">
				<ele>1158.11</ele>
				<time>2026-08-06T17:23:54.260Z</time>
			</trkpt>
			<trkpt lat="39.90805" lon="20.85416">
				<ele>1157.92</ele>
				<time>2026-08-06T17:23:54.749Z</time>
			</trkpt>
			<trkpt lat="39.90812" lon="20.85399">
				<ele>1157.06</ele>
				<time>2026-08-06T17:23:55.496Z</time>
			</trkpt>
			<trkpt lat="39.90823" lon="20.85385">
				<ele>1157.23</ele>
				<time>2026-08-06T17:23:56.271Z</time>
			</trkpt>
			<trkpt lat="39.90832" lon="20.85378">
				<ele>1157.63</ele>
				<time>2026-08-06T17:23:56.800Z</time>
			</trkpt>
			<trkpt lat="39.90851" lon="20.85368">
				<ele>1157.55</ele>
				<time>2026-08-06T17:23:57.834Z</time>
			</trkpt>
			<trkpt lat="39.90885" lon="20.85355">
				<ele>1157.92</ele>
				<time>2026-08-06T17:23:59.623Z</time>
			</trkpt>
			<trkpt lat="39.90892" lon="20.8535">
				<ele>1157.05</ele>
				<time>2026-08-06T17:24:00.026Z</time>
			</trkpt>
			<trkpt lat="39.90935" lon="20.85311">
				<ele>1152</ele>
				<time>2026-08-06T17:24:02.671Z</time>
			</trkpt>
			<trkpt lat="39.90963" lon="20.85294">
				<ele>1154.93</ele>
				<time>2026-08-06T17:24:04.231Z</time>
			</trkpt>
			<trkpt lat="39.90972" lon="20.85285">
				<ele>1156.39</ele>
				<time>2026-08-06T17:24:04.804Z</time>
			</trkpt>
			<trkpt lat="39.90974" lon="20.85276">
				<ele>1156.91</ele>
				<time>2026-08-06T17:24:05.167Z</time>
			</trkpt>
			<trkpt lat="39.90972" lon="20.85268">
				<ele>1157.76</ele>
				<time>2026-08-06T17:24:05.493Z</time>
			</trkpt>
			<trkpt lat="39.90962" lon="20.8526">
				<ele>1157.42</ele>
				<time>2026-08-06T17:24:06.085Z</time>
			</trkpt>
			<trkpt lat="39.90947" lon="20.85257">
				<ele>1155.17</ele>
				<time>2026-08-06T17:24:06.852Z</time>
			</trkpt>
			<trkpt lat="39.90922" lon="20.85262">
				<ele>1150.06</ele>
				<time>2026-08-06T17:24:08.129Z</time>
			</trkpt>
			<trkpt lat="39.90912" lon="20.85261">
				<ele>1148.56</ele>
				<time>2026-08-06T17:24:08.636Z</time>
			</trkpt>
			<trkpt lat="39.90903" lon="20.85257">
				<ele>1147.67</ele>
				<time>2026-08-06T17:24:09.116Z</time>
			</trkpt>
			<trkpt lat="39.90894" lon="20.85248">
				<ele>1147.34</ele>
				<time>2026-08-06T17:24:09.690Z</time>
			</trkpt>
			<trkpt lat="39.90881" lon="20.85227">
				<ele>1148.35</ele>
				<time>2026-08-06T17:24:10.735Z</time>
			</trkpt>
			<trkpt lat="39.90875" lon="20.85216">
				<ele>1148.05</ele>
				<time>2026-08-06T17:24:11.259Z</time>
			</trkpt>
			<trkpt lat="39.90872" lon="20.85207">
				<ele>1147.63</ele>
				<time>2026-08-06T17:24:11.639Z</time>
			</trkpt>
			<trkpt lat="39.90874" lon="20.85191">
				<ele>1147.53</ele>
				<time>2026-08-06T17:24:12.267Z</time>
			</trkpt>
			<trkpt lat="39.90877" lon="20.85184">
				<ele>1147.12</ele>
				<time>2026-08-06T17:24:12.578Z</time>
			</trkpt>
			<trkpt lat="39.90884" lon="20.85177">
				<ele>1146.68</ele>
				<time>2026-08-06T17:24:13.024Z</time>
			</trkpt>
			<trkpt lat="39.90922" lon="20.85154">
				<ele>1150.15</ele>
				<time>2026-08-06T17:24:15.142Z</time>
			</trkpt>
			<trkpt lat="39.90948" lon="20.85136">
				<ele>1152.76</ele>
				<time>2026-08-06T17:24:16.630Z</time>
			</trkpt>
			<trkpt lat="39.90993" lon="20.85126">
				<ele>1162.29</ele>
				<time>2026-08-06T17:24:18.938Z</time>
			</trkpt>
			<trkpt lat="39.91004" lon="20.85117">
				<ele>1163.81</ele>
				<time>2026-08-06T17:24:19.595Z</time>
			</trkpt>
			<trkpt lat="39.91024" lon="20.8509">
				<ele>1164.28</ele>
				<time>2026-08-06T17:24:21.050Z</time>
			</trkpt>
			<trkpt lat="39.91031" lon="20.85076">
				<ele>1163.64</ele>
				<time>2026-08-06T17:24:21.699Z</time>
			</trkpt>
			<trkpt lat="39.91049" lon="20.85027">
				<ele>1159.63</ele>
				<time>2026-08-06T17:24:23.807Z</time>
			</trkpt>
			<trkpt lat="39.91057" lon="20.85017">
				<ele>1159.56</ele>
				<time>2026-08-06T17:24:24.367Z</time>
			</trkpt>
			<trkpt lat="39.91065" lon="20.85012">
				<ele>1160.35</ele>
				<time>2026-08-06T17:24:24.816Z</time>
			</trkpt>
			<trkpt lat="39.91086" lon="20.85008">
				<ele>1163.34</ele>
				<time>2026-08-06T17:24:25.890Z</time>
			</trkpt>
			<trkpt lat="39.91112" lon="20.8501">
				<ele>1166.73</ele>
				<time>2026-08-06T17:24:27.207Z</time>
			</trkpt>
			<trkpt lat="39.91128" lon="20.85008">
				<ele>1165.87</ele>
				<time>2026-08-06T17:24:28.021Z</time>
			</trkpt>
			<trkpt lat="39.91135" lon="20.85003">
				<ele>1164.75</ele>
				<time>2026-08-06T17:24:28.424Z</time>
			</trkpt>
			<trkpt lat="39.91143" lon="20.84993">
				<ele>1163.2</ele>
				<time>2026-08-06T17:24:28.985Z</time>
			</trkpt>
			<trkpt lat="39.91146" lon="20.84984">
				<ele>1162.27</ele>
				<time>2026-08-06T17:24:29.366Z</time>
			</trkpt>
			<trkpt lat="39.91148" lon="20.84975">
				<ele>1161.07</ele>
				<time>2026-08-06T17:24:29.730Z</time>
			</trkpt>
			<trkpt lat="39.91156" lon="20.84894">
				<ele>1156.1</ele>
				<time>2026-08-06T17:24:32.900Z</time>
			</trkpt>
			<trkpt lat="39.91157" lon="20.84875">
				<ele>1154.49</ele>
				<time>2026-08-06T17:24:33.640Z</time>
			</trkpt>
			<trkpt lat="39.9116" lon="20.84861">
				<ele>1153.45</ele>
				<time>2026-08-06T17:24:34.204Z</time>
			</trkpt>
			<trkpt lat="39.91163" lon="20.84852">
				<ele>1153.07</ele>
				<time>2026-08-06T17:24:34.585Z</time>
			</trkpt>
			<trkpt lat="39.91179" lon="20.84825">
				<ele>1153.3</ele>
				<time>2026-08-06T17:24:35.910Z</time>
			</trkpt>
			<trkpt lat="39.91182" lon="20.84815">
				<ele>1153.52</ele>
				<time>2026-08-06T17:24:36.327Z</time>
			</trkpt>
			<trkpt lat="39.91183" lon="20.84807">
				<ele>1153.22</ele>
				<time>2026-08-06T17:24:36.642Z</time>
			</trkpt>
			<trkpt lat="39.91178" lon="20.84794">
				<ele>1153.48</ele>
				<time>2026-08-06T17:24:37.207Z</time>
			</trkpt>
			<trkpt lat="39.91174" lon="20.84786">
				<ele>1153.23</ele>
				<time>2026-08-06T17:24:37.578Z</time>
			</trkpt>
			<trkpt lat="39.91153" lon="20.8476">
				<ele>1151.06</ele>
				<time>2026-08-06T17:24:39.044Z</time>
			</trkpt>
			<trkpt lat="39.91013" lon="20.84657">
				<ele>1141.45</ele>
				<time>2026-08-06T17:24:47.188Z</time>
			</trkpt>
			<trkpt lat="39.90912" lon="20.84559">
				<ele>1134</ele>
				<time>2026-08-06T17:24:53.569Z</time>
			</trkpt>
			<trkpt lat="39.90865" lon="20.84509">
				<ele>1133.64</ele>
				<time>2026-08-06T17:24:56.644Z</time>
			</trkpt>
			<trkpt lat="39.90845" lon="20.84482">
				<ele>1132.19</ele>
				<time>2026-08-06T17:24:58.104Z</time>
			</trkpt>
			<trkpt lat="39.90821" lon="20.84437">
				<ele>1129.93</ele>
				<time>2026-08-06T17:25:00.237Z</time>
			</trkpt>
			<trkpt lat="39.90796" lon="20.84385">
				<ele>1125.65</ele>
				<time>2026-08-06T17:25:02.624Z</time>
			</trkpt>
			<trkpt lat="39.90763" lon="20.84309">
				<ele>1116.72</ele>
				<time>2026-08-06T17:25:06.023Z</time>
			</trkpt>
			<trkpt lat="39.90758" lon="20.84291">
				<ele>1113.23</ele>
				<time>2026-08-06T17:25:06.768Z</time>
			</trkpt>
			<trkpt lat="39.90758" lon="20.84277">
				<ele>1111.74</ele>
				<time>2026-08-06T17:25:07.313Z</time>
			</trkpt>
			<trkpt lat="39.90762" lon="20.84242">
				<ele>1111.35</ele>
				<time>2026-08-06T17:25:08.690Z</time>
			</trkpt>
			<trkpt lat="39.90761" lon="20.8423">
				<ele>1110.59</ele>
				<time>2026-08-06T17:25:09.160Z</time>
			</trkpt>
			<trkpt lat="39.9076" lon="20.84219">
				<ele>1109.41</ele>
				<time>2026-08-06T17:25:09.591Z</time>
			</trkpt>
			<trkpt lat="39.90745" lon="20.84178">
				<ele>1105.18</ele>
				<time>2026-08-06T17:25:11.360Z</time>
			</trkpt>
			<trkpt lat="39.90742" lon="20.84165">
				<ele>1105.52</ele>
				<time>2026-08-06T17:25:11.888Z</time>
			</trkpt>
			<trkpt lat="39.90741" lon="20.84152">
				<ele>1105.93</ele>
				<time>2026-08-06T17:25:12.397Z</time>
			</trkpt>
			<trkpt lat="39.90742" lon="20.8411">
				<ele>1110.29</ele>
				<time>2026-08-06T17:25:14.033Z</time>
			</trkpt>
			<trkpt lat="39.90739" lon="20.84099">
				<ele>1109.72</ele>
				<time>2026-08-06T17:25:14.488Z</time>
			</trkpt>
			<trkpt lat="39.9071" lon="20.84041">
				<ele>1107.98</ele>
				<time>2026-08-06T17:25:17.184Z</time>
			</trkpt>
			<trkpt lat="39.90708" lon="20.84031">
				<ele>1107.88</ele>
				<time>2026-08-06T17:25:17.587Z</time>
			</trkpt>
			<trkpt lat="39.90707" lon="20.84015">
				<ele>1106.77</ele>
				<time>2026-08-06T17:25:18.212Z</time>
			</trkpt>
			<trkpt lat="39.90711" lon="20.83996">
				<ele>1106.15</ele>
				<time>2026-08-06T17:25:18.980Z</time>
			</trkpt>
			<trkpt lat="39.90742" lon="20.83928">
				<ele>1113.17</ele>
				<time>2026-08-06T17:25:22.061Z</time>
			</trkpt>
			<trkpt lat="39.90755" lon="20.83891">
				<ele>1114.21</ele>
				<time>2026-08-06T17:25:23.647Z</time>
			</trkpt>
			<trkpt lat="39.90763" lon="20.83854">
				<ele>1113.54</ele>
				<time>2026-08-06T17:25:25.145Z</time>
			</trkpt>
			<trkpt lat="39.9076" lon="20.83838">
				<ele>1113.76</ele>
				<time>2026-08-06T17:25:25.787Z</time>
			</trkpt>
			<trkpt lat="39.90756" lon="20.83831">
				<ele>1114.31</ele>
				<time>2026-08-06T17:25:26.127Z</time>
			</trkpt>
			<trkpt lat="39.90751" lon="20.83826">
				<ele>1115.19</ele>
				<time>2026-08-06T17:25:26.447Z</time>
			</trkpt>
			<trkpt lat="39.90741" lon="20.83823">
				<ele>1116.59</ele>
				<time>2026-08-06T17:25:26.968Z</time>
			</trkpt>
			<trkpt lat="39.90735" lon="20.83824">
				<ele>1116.9</ele>
				<time>2026-08-06T17:25:27.276Z</time>
			</trkpt>
			<trkpt lat="39.90714" lon="20.83834">
				<ele>1118.01</ele>
				<time>2026-08-06T17:25:28.412Z</time>
			</trkpt>
			<trkpt lat="39.907" lon="20.83845">
				<ele>1118.9</ele>
				<time>2026-08-06T17:25:29.242Z</time>
			</trkpt>
			<trkpt lat="39.90684" lon="20.83861">
				<ele>1117.51</ele>
				<time>2026-08-06T17:25:30.267Z</time>
			</trkpt>
			<trkpt lat="39.9066" lon="20.83875">
				<ele>1119.17</ele>
				<time>2026-08-06T17:25:31.603Z</time>
			</trkpt>
			<trkpt lat="39.90618" lon="20.83887">
				<ele>1119.63</ele>
				<time>2026-08-06T17:25:33.788Z</time>
			</trkpt>
			<trkpt lat="39.90584" lon="20.83904">
				<ele>1116.33</ele>
				<time>2026-08-06T17:25:35.639Z</time>
			</trkpt>
			<trkpt lat="39.9055" lon="20.83907">
				<ele>1116.3</ele>
				<time>2026-08-06T17:25:37.372Z</time>
			</trkpt>
			<trkpt lat="39.90537" lon="20.83903">
				<ele>1115.4</ele>
				<time>2026-08-06T17:25:38.051Z</time>
			</trkpt>
			<trkpt lat="39.90527" lon="20.83891">
				<ele>1114.85</ele>
				<time>2026-08-06T17:25:38.742Z</time>
			</trkpt>
			<trkpt lat="39.90521" lon="20.8388">
				<ele>1115.54</ele>
				<time>2026-08-06T17:25:39.268Z</time>
			</trkpt>
			<trkpt lat="39.90503" lon="20.83846">
				<ele>1118.85</ele>
				<time>2026-08-06T17:25:40.880Z</time>
			</trkpt>
			<trkpt lat="39.9048" lon="20.83781">
				<ele>1123.68</ele>
				<time>2026-08-06T17:25:43.672Z</time>
			</trkpt>
			<trkpt lat="39.90473" lon="20.83767">
				<ele>1125.09</ele>
				<time>2026-08-06T17:25:44.324Z</time>
			</trkpt>
			<trkpt lat="39.90436" lon="20.83726">
				<ele>1123.79</ele>
				<time>2026-08-06T17:25:46.794Z</time>
			</trkpt>
			<trkpt lat="39.90411" lon="20.83683">
				<ele>1120.53</ele>
				<time>2026-08-06T17:25:48.899Z</time>
			</trkpt>
			<trkpt lat="39.90355" lon="20.83571">
				<ele>1120.96</ele>
				<time>2026-08-06T17:25:54.117Z</time>
			</trkpt>
			<trkpt lat="39.90348" lon="20.83553">
				<ele>1118.44</ele>
				<time>2026-08-06T17:25:54.905Z</time>
			</trkpt>
			<trkpt lat="39.90347" lon="20.83541">
				<ele>1116.92</ele>
				<time>2026-08-06T17:25:55.376Z</time>
			</trkpt>
			<trkpt lat="39.9035" lon="20.83527">
				<ele>1115.81</ele>
				<time>2026-08-06T17:25:55.944Z</time>
			</trkpt>
			<trkpt lat="39.90376" lon="20.83495">
				<ele>1117.91</ele>
				<time>2026-08-06T17:25:57.764Z</time>
			</trkpt>
			<trkpt lat="39.90381" lon="20.83486">
				<ele>1119.01</ele>
				<time>2026-08-06T17:25:58.198Z</time>
			</trkpt>
			<trkpt lat="39.90383" lon="20.83472">
				<ele>1119.42</ele>
				<time>2026-08-06T17:25:58.754Z</time>
			</trkpt>
			<trkpt lat="39.90377" lon="20.83429">
				<ele>1114.35</ele>
				<time>2026-08-06T17:26:00.460Z</time>
			</trkpt>
			<trkpt lat="39.90378" lon="20.83419">
				<ele>1113.46</ele>
				<time>2026-08-06T17:26:00.854Z</time>
			</trkpt>
			<trkpt lat="39.90381" lon="20.83407">
				<ele>1112.5</ele>
				<time>2026-08-06T17:26:01.347Z</time>
			</trkpt>
			<trkpt lat="39.90387" lon="20.83394">
				<ele>1111.64</ele>
				<time>2026-08-06T17:26:01.939Z</time>
			</trkpt>
			<trkpt lat="39.90409" lon="20.83356">
				<ele>1112.29</ele>
				<time>2026-08-06T17:26:03.799Z</time>
			</trkpt>
			<trkpt lat="39.90413" lon="20.83343">
				<ele>1113.09</ele>
				<time>2026-08-06T17:26:04.346Z</time>
			</trkpt>
			<trkpt lat="39.90421" lon="20.83298">
				<ele>1113.47</ele>
				<time>2026-08-06T17:26:06.150Z</time>
			</trkpt>
			<trkpt lat="39.90427" lon="20.83284">
				<ele>1113.18</ele>
				<time>2026-08-06T17:26:06.776Z</time>
			</trkpt>
			<trkpt lat="39.90451" lon="20.83239">
				<ele>1112.89</ele>
				<time>2026-08-06T17:26:08.917Z</time>
			</trkpt>
			<trkpt lat="39.90457" lon="20.83218">
				<ele>1113.18</ele>
				<time>2026-08-06T17:26:09.793Z</time>
			</trkpt>
			<trkpt lat="39.90463" lon="20.8319">
				<ele>1111.45</ele>
				<time>2026-08-06T17:26:10.929Z</time>
			</trkpt>
			<trkpt lat="39.90469" lon="20.83172">
				<ele>1109.43</ele>
				<time>2026-08-06T17:26:11.695Z</time>
			</trkpt>
			<trkpt lat="39.90478" lon="20.83158">
				<ele>1109.42</ele>
				<time>2026-08-06T17:26:12.409Z</time>
			</trkpt>
			<trkpt lat="39.90496" lon="20.83141">
				<ele>1110.66</ele>
				<time>2026-08-06T17:26:13.541Z</time>
			</trkpt>
			<trkpt lat="39.905" lon="20.83132">
				<ele>1110.88</ele>
				<time>2026-08-06T17:26:13.948Z</time>
			</trkpt>
			<trkpt lat="39.90502" lon="20.83123">
				<ele>1111.04</ele>
				<time>2026-08-06T17:26:14.314Z</time>
			</trkpt>
			<trkpt lat="39.90505" lon="20.83076">
				<ele>1108.78</ele>
				<time>2026-08-06T17:26:16.157Z</time>
			</trkpt>
			<trkpt lat="39.90508" lon="20.83063">
				<ele>1108.34</ele>
				<time>2026-08-06T17:26:16.688Z</time>
			</trkpt>
			<trkpt lat="39.90514" lon="20.83044">
				<ele>1108.94</ele>
				<time>2026-08-06T17:26:17.491Z</time>
			</trkpt>
			<trkpt lat="39.90525" lon="20.83023">
				<ele>1109.63</ele>
				<time>2026-08-06T17:26:18.484Z</time>
			</trkpt>
			<trkpt lat="39.9054" lon="20.83">
				<ele>1109.2</ele>
				<time>2026-08-06T17:26:19.664Z</time>
			</trkpt>
			<trkpt lat="39.90569" lon="20.82961">
				<ele>1104.71</ele>
				<time>2026-08-06T17:26:21.787Z</time>
			</trkpt>
			<trkpt lat="39.90579" lon="20.8295">
				<ele>1103.92</ele>
				<time>2026-08-06T17:26:22.454Z</time>
			</trkpt>
			<trkpt lat="39.90622" lon="20.82916">
				<ele>1107.65</ele>
				<time>2026-08-06T17:26:25.017Z</time>
			</trkpt>
			<trkpt lat="39.90626" lon="20.82911">
				<ele>1107.96</ele>
				<time>2026-08-06T17:26:25.300Z</time>
			</trkpt>
			<trkpt lat="39.90631" lon="20.829">
				<ele>1107.86</ele>
				<time>2026-08-06T17:26:25.800Z</time>
			</trkpt>
			<trkpt lat="39.90631" lon="20.8289">
				<ele>1107.35</ele>
				<time>2026-08-06T17:26:26.191Z</time>
			</trkpt>
			<trkpt lat="39.90628" lon="20.82878">
				<ele>1107.66</ele>
				<time>2026-08-06T17:26:26.684Z</time>
			</trkpt>
			<trkpt lat="39.90624" lon="20.82872">
				<ele>1107.7</ele>
				<time>2026-08-06T17:26:26.995Z</time>
			</trkpt>
			<trkpt lat="39.90606" lon="20.82858">
				<ele>1106.6</ele>
				<time>2026-08-06T17:26:28.063Z</time>
			</trkpt>
			<trkpt lat="39.90549" lon="20.82825">
				<ele>1103.04</ele>
				<time>2026-08-06T17:26:31.243Z</time>
			</trkpt>
			<trkpt lat="39.90488" lon="20.82779">
				<ele>1103.83</ele>
				<time>2026-08-06T17:26:34.836Z</time>
			</trkpt>
			<trkpt lat="39.90477" lon="20.82788">
				<ele>1102.69</ele>
				<time>2026-08-06T17:26:35.498Z</time>
			</trkpt>
			<trkpt lat="39.90441" lon="20.82796">
				<ele>1099.54</ele>
				<time>2026-08-06T17:26:37.360Z</time>
			</trkpt>
			<trkpt lat="39.90432" lon="20.82795">
				<ele>1097.85</ele>
				<time>2026-08-06T17:26:37.821Z</time>
			</trkpt>
			<trkpt lat="39.90426" lon="20.8279">
				<ele>1096.7</ele>
				<time>2026-08-06T17:26:38.184Z</time>
			</trkpt>
			<trkpt lat="39.90421" lon="20.82784">
				<ele>1095.88</ele>
				<time>2026-08-06T17:26:38.530Z</time>
			</trkpt>
			<trkpt lat="39.90408" lon="20.82752">
				<ele>1092.7</ele>
				<time>2026-08-06T17:26:39.947Z</time>
			</trkpt>
			<trkpt lat="39.90403" lon="20.8273">
				<ele>1090.23</ele>
				<time>2026-08-06T17:26:40.845Z</time>
			</trkpt>
			<trkpt lat="39.90401" lon="20.82698">
				<ele>1089.57</ele>
				<time>2026-08-06T17:26:42.101Z</time>
			</trkpt>
			<trkpt lat="39.90401" lon="20.82676">
				<ele>1089.03</ele>
				<time>2026-08-06T17:26:42.962Z</time>
			</trkpt>
			<trkpt lat="39.90405" lon="20.82661">
				<ele>1089.18</ele>
				<time>2026-08-06T17:26:43.583Z</time>
			</trkpt>
			<trkpt lat="39.90433" lon="20.826">
				<ele>1090.03</ele>
				<time>2026-08-06T17:26:46.365Z</time>
			</trkpt>
			<trkpt lat="39.90435" lon="20.82588">
				<ele>1090.47</ele>
				<time>2026-08-06T17:26:46.845Z</time>
			</trkpt>
			<trkpt lat="39.90433" lon="20.82576">
				<ele>1091.11</ele>
				<time>2026-08-06T17:26:47.326Z</time>
			</trkpt>
			<trkpt lat="39.90427" lon="20.82567">
				<ele>1091.6</ele>
				<time>2026-08-06T17:26:47.793Z</time>
			</trkpt>
			<trkpt lat="39.90405" lon="20.82558">
				<ele>1090.49</ele>
				<time>2026-08-06T17:26:48.969Z</time>
			</trkpt>
			<trkpt lat="39.90384" lon="20.82561">
				<ele>1088.31</ele>
				<time>2026-08-06T17:26:50.047Z</time>
			</trkpt>
			<trkpt lat="39.90322" lon="20.82577">
				<ele>1083.07</ele>
				<time>2026-08-06T17:26:53.272Z</time>
			</trkpt>
			<trkpt lat="39.90275" lon="20.82596">
				<ele>1079.51</ele>
				<time>2026-08-06T17:26:55.783Z</time>
			</trkpt>
			<trkpt lat="39.9025" lon="20.8261">
				<ele>1077.32</ele>
				<time>2026-08-06T17:26:57.172Z</time>
			</trkpt>
			<trkpt lat="39.9013" lon="20.82699">
				<ele>1061.65</ele>
				<time>2026-08-06T17:27:04.222Z</time>
			</trkpt>
			<trkpt lat="39.90118" lon="20.82703">
				<ele>1060.56</ele>
				<time>2026-08-06T17:27:04.857Z</time>
			</trkpt>
			<trkpt lat="39.90113" lon="20.82702">
				<ele>1060.51</ele>
				<time>2026-08-06T17:27:05.117Z</time>
			</trkpt>
			<trkpt lat="39.90102" lon="20.82696">
				<ele>1060.42</ele>
				<time>2026-08-06T17:27:05.730Z</time>
			</trkpt>
			<trkpt lat="39.90098" lon="20.82691">
				<ele>1060.34</ele>
				<time>2026-08-06T17:27:06.015Z</time>
			</trkpt>
			<trkpt lat="39.90093" lon="20.8268">
				<ele>1060.29</ele>
				<time>2026-08-06T17:27:06.520Z</time>
			</trkpt>
			<trkpt lat="39.90092" lon="20.82674">
				<ele>1060.46</ele>
				<time>2026-08-06T17:27:06.763Z</time>
			</trkpt>
			<trkpt lat="39.90092" lon="20.82661">
				<ele>1060.47</ele>
				<time>2026-08-06T17:27:07.277Z</time>
			</trkpt>
			<trkpt lat="39.90119" lon="20.82574">
				<ele>1062.3</ele>
				<time>2026-08-06T17:27:11.006Z</time>
			</trkpt>
			<trkpt lat="39.90147" lon="20.82493">
				<ele>1063.74</ele>
				<time>2026-08-06T17:27:14.557Z</time>
			</trkpt>
			<trkpt lat="39.90147" lon="20.82483">
				<ele>1064.05</ele>
				<time>2026-08-06T17:27:14.958Z</time>
			</trkpt>
			<trkpt lat="39.90121" lon="20.82425">
				<ele>1060.02</ele>
				<time>2026-08-06T17:27:17.656Z</time>
			</trkpt>
			<trkpt lat="39.90119" lon="20.82416">
				<ele>1059.84</ele>
				<time>2026-08-06T17:27:18.033Z</time>
			</trkpt>
			<trkpt lat="39.9012" lon="20.82408">
				<ele>1060.28</ele>
				<time>2026-08-06T17:27:18.359Z</time>
			</trkpt>
			<trkpt lat="39.90123" lon="20.82401">
				<ele>1061.31</ele>
				<time>2026-08-06T17:27:18.681Z</time>
			</trkpt>
			<trkpt lat="39.90139" lon="20.82376">
				<ele>1066.12</ele>
				<time>2026-08-06T17:27:19.993Z</time>
			</trkpt>
			<trkpt lat="39.90168" lon="20.82299">
				<ele>1064.07</ele>
				<time>2026-08-06T17:27:23.453Z</time>
			</trkpt>
			<trkpt lat="39.90182" lon="20.82277">
				<ele>1065.42</ele>
				<time>2026-08-06T17:27:24.607Z</time>
			</trkpt>
			<trkpt lat="39.90192" lon="20.82267">
				<ele>1066.82</ele>
				<time>2026-08-06T17:27:25.271Z</time>
			</trkpt>
			<trkpt lat="39.90206" lon="20.82259">
				<ele>1068.89</ele>
				<time>2026-08-06T17:27:26.076Z</time>
			</trkpt>
			<trkpt lat="39.90229" lon="20.82251">
				<ele>1070.78</ele>
				<time>2026-08-06T17:27:27.330Z</time>
			</trkpt>
			<trkpt lat="39.9024" lon="20.82238">
				<ele>1070.32</ele>
				<time>2026-08-06T17:27:28.112Z</time>
			</trkpt>
			<trkpt lat="39.90244" lon="20.82224">
				<ele>1069.65</ele>
				<time>2026-08-06T17:27:28.715Z</time>
			</trkpt>
			<trkpt lat="39.90258" lon="20.82162">
				<ele>1069.19</ele>
				<time>2026-08-06T17:27:31.326Z</time>
			</trkpt>
			<trkpt lat="39.90257" lon="20.82151">
				<ele>1068.89</ele>
				<time>2026-08-06T17:27:31.773Z</time>
			</trkpt>
			<trkpt lat="39.90251" lon="20.8212">
				<ele>1068.04</ele>
				<time>2026-08-06T17:27:33.063Z</time>
			</trkpt>
			<trkpt lat="39.90226" lon="20.82136">
				<ele>1067.13</ele>
				<time>2026-08-06T17:27:34.527Z</time>
			</trkpt>
			<trkpt lat="39.90219" lon="20.82138">
				<ele>1066.88</ele>
				<time>2026-08-06T17:27:34.904Z</time>
			</trkpt>
			<trkpt lat="39.90204" lon="20.82136">
				<ele>1066.18</ele>
				<time>2026-08-06T17:27:35.695Z</time>
			</trkpt>
			<trkpt lat="39.90197" lon="20.8213">
				<ele>1065.24</ele>
				<time>2026-08-06T17:27:36.135Z</time>
			</trkpt>
			<trkpt lat="39.9019" lon="20.82115">
				<ele>1063.01</ele>
				<time>2026-08-06T17:27:36.842Z</time>
			</trkpt>
			<trkpt lat="39.90182" lon="20.82052">
				<ele>1057.95</ele>
				<time>2026-08-06T17:27:39.407Z</time>
			</trkpt>
			<trkpt lat="39.90178" lon="20.82034">
				<ele>1056.8</ele>
				<time>2026-08-06T17:27:40.159Z</time>
			</trkpt>
			<trkpt lat="39.90173" lon="20.82021">
				<ele>1055.79</ele>
				<time>2026-08-06T17:27:40.741Z</time>
			</trkpt>
			<trkpt lat="39.90147" lon="20.81982">
				<ele>1053.8</ele>
				<time>2026-08-06T17:27:42.807Z</time>
			</trkpt>
			<trkpt lat="39.90144" lon="20.81973">
				<ele>1053.81</ele>
				<time>2026-08-06T17:27:43.199Z</time>
			</trkpt>
			<trkpt lat="39.90143" lon="20.81959">
				<ele>1052.91</ele>
				<time>2026-08-06T17:27:43.760Z</time>
			</trkpt>
			<trkpt lat="39.90145" lon="20.81947">
				<ele>1052</ele>
				<time>2026-08-06T17:27:44.249Z</time>
			</trkpt>
			<trkpt lat="39.90152" lon="20.81929">
				<ele>1050.16</ele>
				<time>2026-08-06T17:27:45.053Z</time>
			</trkpt>
			<trkpt lat="39.90163" lon="20.81912">
				<ele>1048.58</ele>
				<time>2026-08-06T17:27:45.937Z</time>
			</trkpt>
			<trkpt lat="39.90173" lon="20.81901">
				<ele>1047.72</ele>
				<time>2026-08-06T17:27:46.614Z</time>
			</trkpt>
			<trkpt lat="39.90185" lon="20.8189">
				<ele>1047.5</ele>
				<time>2026-08-06T17:27:47.371Z</time>
			</trkpt>
			<trkpt lat="39.90204" lon="20.81877">
				<ele>1047.17</ele>
				<time>2026-08-06T17:27:48.478Z</time>
			</trkpt>
			<trkpt lat="39.90217" lon="20.81871">
				<ele>1046.93</ele>
				<time>2026-08-06T17:27:49.187Z</time>
			</trkpt>
			<trkpt lat="39.90225" lon="20.81869">
				<ele>1047.13</ele>
				<time>2026-08-06T17:27:49.606Z</time>
			</trkpt>
			<trkpt lat="39.90248" lon="20.8187">
				<ele>1048.83</ele>
				<time>2026-08-06T17:27:50.787Z</time>
			</trkpt>
			<trkpt lat="39.90326" lon="20.81883">
				<ele>1049.87</ele>
				<time>2026-08-06T17:27:54.793Z</time>
			</trkpt>
			<trkpt lat="39.9034" lon="20.8188">
				<ele>1049.09</ele>
				<time>2026-08-06T17:27:55.511Z</time>
			</trkpt>
			<trkpt lat="39.90351" lon="20.81869">
				<ele>1046.56</ele>
				<time>2026-08-06T17:27:56.212Z</time>
			</trkpt>
			<trkpt lat="39.90354" lon="20.81861">
				<ele>1044.98</ele>
				<time>2026-08-06T17:27:56.556Z</time>
			</trkpt>
			<trkpt lat="39.90364" lon="20.8182">
				<ele>1037.31</ele>
				<time>2026-08-06T17:27:58.215Z</time>
			</trkpt>
			<trkpt lat="39.90368" lon="20.8181">
				<ele>1036.39</ele>
				<time>2026-08-06T17:27:58.648Z</time>
			</trkpt>
			<trkpt lat="39.90373" lon="20.81802">
				<ele>1036.41</ele>
				<time>2026-08-06T17:27:59.044Z</time>
			</trkpt>
			<trkpt lat="39.90392" lon="20.81786">
				<ele>1039.34</ele>
				<time>2026-08-06T17:28:00.172Z</time>
			</trkpt>
			<trkpt lat="39.90416" lon="20.81775">
				<ele>1042.8</ele>
				<time>2026-08-06T17:28:01.435Z</time>
			</trkpt>
			<trkpt lat="39.90426" lon="20.81762">
				<ele>1042.68</ele>
				<time>2026-08-06T17:28:02.135Z</time>
			</trkpt>
			<trkpt lat="39.9043" lon="20.81747">
				<ele>1042.79</ele>
				<time>2026-08-06T17:28:02.738Z</time>
			</trkpt>
			<trkpt lat="39.90428" lon="20.81734">
				<ele>1043.59</ele>
				<time>2026-08-06T17:28:03.242Z</time>
			</trkpt>
			<trkpt lat="39.90418" lon="20.81715">
				<ele>1044.18</ele>
				<time>2026-08-06T17:28:04.116Z</time>
			</trkpt>
			<trkpt lat="39.90399" lon="20.81698">
				<ele>1044.21</ele>
				<time>2026-08-06T17:28:05.254Z</time>
			</trkpt>
			<trkpt lat="39.90373" lon="20.81681">
				<ele>1040.58</ele>
				<time>2026-08-06T17:28:06.690Z</time>
			</trkpt>
			<trkpt lat="39.90327" lon="20.81656">
				<ele>1034.71</ele>
				<time>2026-08-06T17:28:09.146Z</time>
			</trkpt>
			<trkpt lat="39.90292" lon="20.81641">
				<ele>1034.62</ele>
				<time>2026-08-06T17:28:10.958Z</time>
			</trkpt>
			<trkpt lat="39.90257" lon="20.81631">
				<ele>1036.88</ele>
				<time>2026-08-06T17:28:12.718Z</time>
			</trkpt>
			<trkpt lat="39.90174" lon="20.81612">
				<ele>1034.93</ele>
				<time>2026-08-06T17:28:16.846Z</time>
			</trkpt>
			<trkpt lat="39.90028" lon="20.816">
				<ele>1026.91</ele>
				<time>2026-08-06T17:28:23.979Z</time>
			</trkpt>
			<trkpt lat="39.89975" lon="20.81602">
				<ele>1026.21</ele>
				<time>2026-08-06T17:28:26.554Z</time>
			</trkpt>
			<trkpt lat="39.89885" lon="20.816">
				<ele>1033.89</ele>
				<time>2026-08-06T17:28:30.914Z</time>
			</trkpt>
			<trkpt lat="39.89872" lon="20.81602">
				<ele>1027.68</ele>
				<time>2026-08-06T17:28:31.547Z</time>
			</trkpt>
			<trkpt lat="39.89846" lon="20.81608">
				<ele>1017.49</ele>
				<time>2026-08-06T17:28:32.822Z</time>
			</trkpt>
			<trkpt lat="39.89756" lon="20.81643">
				<ele>1014.43</ele>
				<time>2026-08-06T17:28:37.349Z</time>
			</trkpt>
			<trkpt lat="39.89707" lon="20.81655">
				<ele>1020.58</ele>
				<time>2026-08-06T17:28:39.746Z</time>
			</trkpt>
			<trkpt lat="39.89696" lon="20.81656">
				<ele>1024.31</ele>
				<time>2026-08-06T17:28:40.275Z</time>
			</trkpt>
			<trkpt lat="39.89684" lon="20.81654">
				<ele>1023.71</ele>
				<time>2026-08-06T17:28:40.856Z</time>
			</trkpt>
			<trkpt lat="39.89653" lon="20.81643">
				<ele>1028.91</ele>
				<time>2026-08-06T17:28:42.396Z</time>
			</trkpt>
			<trkpt lat="39.89641" lon="20.81641">
				<ele>1030.32</ele>
				<time>2026-08-06T17:28:42.976Z</time>
			</trkpt>
			<trkpt lat="39.89627" lon="20.81644">
				<ele>1023.42</ele>
				<time>2026-08-06T17:28:43.656Z</time>
			</trkpt>
			<trkpt lat="39.89581" lon="20.81667">
				<ele>1011.08</ele>
				<time>2026-08-06T17:28:46.013Z</time>
			</trkpt>
			<trkpt lat="39.89565" lon="20.81671">
				<ele>1013.45</ele>
				<time>2026-08-06T17:28:46.791Z</time>
			</trkpt>
			<trkpt lat="39.89391" lon="20.81686">
				<ele>1020.9</ele>
				<time>2026-08-06T17:28:55.098Z</time>
			</trkpt>
			<trkpt lat="39.89341" lon="20.81698">
				<ele>1013.79</ele>
				<time>2026-08-06T17:28:57.511Z</time>
			</trkpt>
			<trkpt lat="39.89311" lon="20.81701">
				<ele>1019.25</ele>
				<time>2026-08-06T17:28:58.937Z</time>
			</trkpt>
			<trkpt lat="39.89287" lon="20.81701">
				<ele>1024.24</ele>
				<time>2026-08-06T17:29:00.073Z</time>
			</trkpt>
			<trkpt lat="39.89271" lon="20.81695">
				<ele>1027.27</ele>
				<time>2026-08-06T17:29:00.861Z</time>
			</trkpt>
			<trkpt lat="39.89245" lon="20.8168">
				<ele>1030.01</ele>
				<time>2026-08-06T17:29:02.206Z</time>
			</trkpt>
			<trkpt lat="39.89234" lon="20.81679">
				<ele>1031.06</ele>
				<time>2026-08-06T17:29:02.727Z</time>
			</trkpt>
			<trkpt lat="39.89189" lon="20.81693">
				<ele>1031.61</ele>
				<time>2026-08-06T17:29:04.911Z</time>
			</trkpt>
			<trkpt lat="39.89145" lon="20.81701">
				<ele>1036</ele>
				<time>2026-08-06T17:29:07.006Z</time>
			</trkpt>
			<trkpt lat="39.89086" lon="20.81709">
				<ele>1039.72</ele>
				<time>2026-08-06T17:29:09.799Z</time>
			</trkpt>
			<trkpt lat="39.89053" lon="20.81707">
				<ele>1041.39</ele>
				<time>2026-08-06T17:29:11.352Z</time>
			</trkpt>
			<trkpt lat="39.89007" lon="20.81699">
				<ele>1041.62</ele>
				<time>2026-08-06T17:29:13.531Z</time>
			</trkpt>
			<trkpt lat="39.88975" lon="20.81688">
				<ele>1045.03</ele>
				<time>2026-08-06T17:29:15.083Z</time>
			</trkpt>
			<trkpt lat="39.88964" lon="20.8168">
				<ele>1045.11</ele>
				<time>2026-08-06T17:29:15.674Z</time>
			</trkpt>
			<trkpt lat="39.88959" lon="20.81673">
				<ele>1044.95</ele>
				<time>2026-08-06T17:29:16.018Z</time>
			</trkpt>
			<trkpt lat="39.8895" lon="20.81658">
				<ele>1044.5</ele>
				<time>2026-08-06T17:29:16.702Z</time>
			</trkpt>
			<trkpt lat="39.88945" lon="20.81639">
				<ele>1045.46</ele>
				<time>2026-08-06T17:29:17.424Z</time>
			</trkpt>
			<trkpt lat="39.88945" lon="20.8163">
				<ele>1045.91</ele>
				<time>2026-08-06T17:29:17.747Z</time>
			</trkpt>
			<trkpt lat="39.88946" lon="20.81611">
				<ele>1048.03</ele>
				<time>2026-08-06T17:29:18.431Z</time>
			</trkpt>
			<trkpt lat="39.88954" lon="20.8158">
				<ele>1049.33</ele>
				<time>2026-08-06T17:29:19.605Z</time>
			</trkpt>
			<trkpt lat="39.88973" lon="20.81529">
				<ele>1049.76</ele>
				<time>2026-08-06T17:29:21.638Z</time>
			</trkpt>
			<trkpt lat="39.88978" lon="20.81498">
				<ele>1055.11</ele>
				<time>2026-08-06T17:29:22.773Z</time>
			</trkpt>
			<trkpt lat="39.88979" lon="20.81485">
				<ele>1057.69</ele>
				<time>2026-08-06T17:29:23.240Z</time>
			</trkpt>
			<trkpt lat="39.88975" lon="20.8146">
				<ele>1059.22</ele>
				<time>2026-08-06T17:29:24.154Z</time>
			</trkpt>
			<trkpt lat="39.88969" lon="20.81444">
				<ele>1058.22</ele>
				<time>2026-08-06T17:29:24.792Z</time>
			</trkpt>
			<trkpt lat="39.88943" lon="20.8138">
				<ele>1057.14</ele>
				<time>2026-08-06T17:29:27.380Z</time>
			</trkpt>
			<trkpt lat="39.88935" lon="20.81357">
				<ele>1059.05</ele>
				<time>2026-08-06T17:29:28.282Z</time>
			</trkpt>
			<trkpt lat="39.88932" lon="20.81331">
				<ele>1061.8</ele>
				<time>2026-08-06T17:29:29.220Z</time>
			</trkpt>
			<trkpt lat="39.88932" lon="20.81292">
				<ele>1064.61</ele>
				<time>2026-08-06T17:29:30.612Z</time>
			</trkpt>
			<trkpt lat="39.88934" lon="20.81265">
				<ele>1065.5</ele>
				<time>2026-08-06T17:29:31.579Z</time>
			</trkpt>
			<trkpt lat="39.88943" lon="20.81202">
				<ele>1072.82</ele>
				<time>2026-08-06T17:29:33.861Z</time>
			</trkpt>
			<trkpt lat="39.88949" lon="20.81147">
				<ele>1075.4</ele>
				<time>2026-08-06T17:29:35.838Z</time>
			</trkpt>
			<trkpt lat="39.88954" lon="20.81123">
				<ele>1074.54</ele>
				<time>2026-08-06T17:29:36.722Z</time>
			</trkpt>
			<trkpt lat="39.88966" lon="20.81077">
				<ele>1070.85</ele>
				<time>2026-08-06T17:29:38.448Z</time>
			</trkpt>
			<trkpt lat="39.88971" lon="20.81042">
				<ele>1069.01</ele>
				<time>2026-08-06T17:29:39.712Z</time>
			</trkpt>
			<trkpt lat="39.88976" lon="20.8093">
				<ele>1078.57</ele>
				<time>2026-08-06T17:29:43.690Z</time>
			</trkpt>
			<trkpt lat="39.88976" lon="20.80895">
				<ele>1080.49</ele>
				<time>2026-08-06T17:29:44.930Z</time>
			</trkpt>
			<trkpt lat="39.88972" lon="20.80797">
				<ele>1084.56</ele>
				<time>2026-08-06T17:29:48.401Z</time>
			</trkpt>
			<trkpt lat="39.88975" lon="20.80749">
				<ele>1085.06</ele>
				<time>2026-08-06T17:29:50.103Z</time>
			</trkpt>
			<trkpt lat="39.88979" lon="20.80732">
				<ele>1086.48</ele>
				<time>2026-08-06T17:29:50.731Z</time>
			</trkpt>
			<trkpt lat="39.89023" lon="20.8061">
				<ele>1079.64</ele>
				<time>2026-08-06T17:29:55.487Z</time>
			</trkpt>
			<trkpt lat="39.8903" lon="20.806">
				<ele>1078.2</ele>
				<time>2026-08-06T17:29:55.964Z</time>
			</trkpt>
			<trkpt lat="39.89042" lon="20.80591">
				<ele>1077.58</ele>
				<time>2026-08-06T17:29:56.599Z</time>
			</trkpt>
			<trkpt lat="39.89068" lon="20.80582">
				<ele>1078.56</ele>
				<time>2026-08-06T17:29:57.834Z</time>
			</trkpt>
			<trkpt lat="39.89109" lon="20.8058">
				<ele>1081.84</ele>
				<time>2026-08-06T17:29:59.716Z</time>
			</trkpt>
			<trkpt lat="39.89192" lon="20.80585">
				<ele>1088.78</ele>
				<time>2026-08-06T17:30:03.524Z</time>
			</trkpt>
			<trkpt lat="39.89212" lon="20.80582">
				<ele>1090.18</ele>
				<time>2026-08-06T17:30:04.445Z</time>
			</trkpt>
			<trkpt lat="39.89254" lon="20.80562">
				<ele>1091.85</ele>
				<time>2026-08-06T17:30:06.492Z</time>
			</trkpt>
			<trkpt lat="39.89276" lon="20.80556">
				<ele>1097.88</ele>
				<time>2026-08-06T17:30:07.520Z</time>
			</trkpt>
			<trkpt lat="39.89283" lon="20.80548">
				<ele>1098.42</ele>
				<time>2026-08-06T17:30:07.945Z</time>
			</trkpt>
			<trkpt lat="39.89285" lon="20.80537">
				<ele>1098.32</ele>
				<time>2026-08-06T17:30:08.342Z</time>
			</trkpt>
			<trkpt lat="39.89281" lon="20.80526">
				<ele>1097.81</ele>
				<time>2026-08-06T17:30:08.769Z</time>
			</trkpt>
			<trkpt lat="39.89258" lon="20.80511">
				<ele>1092.98</ele>
				<time>2026-08-06T17:30:09.944Z</time>
			</trkpt>
			<trkpt lat="39.8925" lon="20.80503">
				<ele>1090.62</ele>
				<time>2026-08-06T17:30:10.405Z</time>
			</trkpt>
			<trkpt lat="39.89241" lon="20.80494">
				<ele>1087.93</ele>
				<time>2026-08-06T17:30:10.923Z</time>
			</trkpt>
			<trkpt lat="39.89224" lon="20.8047">
				<ele>1085.23</ele>
				<time>2026-08-06T17:30:12.067Z</time>
			</trkpt>
			<trkpt lat="39.89214" lon="20.80444">
				<ele>1085.82</ele>
				<time>2026-08-06T17:30:13.086Z</time>
			</trkpt>
			<trkpt lat="39.89202" lon="20.80394">
				<ele>1085.87</ele>
				<time>2026-08-06T17:30:14.920Z</time>
			</trkpt>
			<trkpt lat="39.89192" lon="20.80374">
				<ele>1085.43</ele>
				<time>2026-08-06T17:30:15.756Z</time>
			</trkpt>
			<trkpt lat="39.8918" lon="20.80352">
				<ele>1085.57</ele>
				<time>2026-08-06T17:30:16.700Z</time>
			</trkpt>
			<trkpt lat="39.8916" lon="20.80328">
				<ele>1085.78</ele>
				<time>2026-08-06T17:30:17.939Z</time>
			</trkpt>
			<trkpt lat="39.89126" lon="20.80296">
				<ele>1085.23</ele>
				<time>2026-08-06T17:30:19.850Z</time>
			</trkpt>
			<trkpt lat="39.89092" lon="20.8026">
				<ele>1082.54</ele>
				<time>2026-08-06T17:30:21.845Z</time>
			</trkpt>
			<trkpt lat="39.89081" lon="20.80245">
				<ele>1082.61</ele>
				<time>2026-08-06T17:30:22.570Z</time>
			</trkpt>
			<trkpt lat="39.89065" lon="20.80216">
				<ele>1083.42</ele>
				<time>2026-08-06T17:30:23.817Z</time>
			</trkpt>
			<trkpt lat="39.89055" lon="20.80186">
				<ele>1082.86</ele>
				<time>2026-08-06T17:30:24.959Z</time>
			</trkpt>
			<trkpt lat="39.89048" lon="20.80144">
				<ele>1079.76</ele>
				<time>2026-08-06T17:30:26.459Z</time>
			</trkpt>
			<trkpt lat="39.89049" lon="20.80121">
				<ele>1079.7</ele>
				<time>2026-08-06T17:30:27.263Z</time>
			</trkpt>
			<trkpt lat="39.89054" lon="20.80086">
				<ele>1083.61</ele>
				<time>2026-08-06T17:30:28.505Z</time>
			</trkpt>
			<trkpt lat="39.89053" lon="20.80078">
				<ele>1085.41</ele>
				<time>2026-08-06T17:30:28.787Z</time>
			</trkpt>
			<trkpt lat="39.89048" lon="20.80071">
				<ele>1087.04</ele>
				<time>2026-08-06T17:30:29.121Z</time>
			</trkpt>
			<trkpt lat="39.89044" lon="20.80068">
				<ele>1087.66</ele>
				<time>2026-08-06T17:30:29.331Z</time>
			</trkpt>
			<trkpt lat="39.89015" lon="20.80065">
				<ele>1086.99</ele>
				<time>2026-08-06T17:30:30.653Z</time>
			</trkpt>
			<trkpt lat="39.89001" lon="20.80055">
				<ele>1085.17</ele>
				<time>2026-08-06T17:30:31.378Z</time>
			</trkpt>
			<trkpt lat="39.88989" lon="20.80036">
				<ele>1080.6</ele>
				<time>2026-08-06T17:30:32.236Z</time>
			</trkpt>
			<trkpt lat="39.88984" lon="20.8002">
				<ele>1078.32</ele>
				<time>2026-08-06T17:30:32.838Z</time>
			</trkpt>
			<trkpt lat="39.88983" lon="20.79999">
				<ele>1077.97</ele>
				<time>2026-08-06T17:30:33.571Z</time>
			</trkpt>
			<trkpt lat="39.88987" lon="20.79957">
				<ele>1081.58</ele>
				<time>2026-08-06T17:30:35.045Z</time>
			</trkpt>
			<trkpt lat="39.88991" lon="20.79937">
				<ele>1083.82</ele>
				<time>2026-08-06T17:30:35.765Z</time>
			</trkpt>
			<trkpt lat="39.89001" lon="20.79908">
				<ele>1086.79</ele>
				<time>2026-08-06T17:30:36.872Z</time>
			</trkpt>
			<trkpt lat="39.89" lon="20.79899">
				<ele>1088.22</ele>
				<time>2026-08-06T17:30:37.189Z</time>
			</trkpt>
			<trkpt lat="39.88998" lon="20.79895">
				<ele>1088.6</ele>
				<time>2026-08-06T17:30:37.355Z</time>
			</trkpt>
			<trkpt lat="39.88992" lon="20.7989">
				<ele>1088.62</ele>
				<time>2026-08-06T17:30:37.678Z</time>
			</trkpt>
			<trkpt lat="39.88977" lon="20.79886">
				<ele>1087.16</ele>
				<time>2026-08-06T17:30:38.373Z</time>
			</trkpt>
			<trkpt lat="39.88963" lon="20.79886">
				<ele>1085.52</ele>
				<time>2026-08-06T17:30:39.008Z</time>
			</trkpt>
			<trkpt lat="39.88907" lon="20.79894">
				<ele>1081.63</ele>
				<time>2026-08-06T17:30:41.563Z</time>
			</trkpt>
			<trkpt lat="39.88896" lon="20.79893">
				<ele>1080.47</ele>
				<time>2026-08-06T17:30:42.063Z</time>
			</trkpt>
			<trkpt lat="39.88884" lon="20.79889">
				<ele>1080.43</ele>
				<time>2026-08-06T17:30:42.624Z</time>
			</trkpt>
			<trkpt lat="39.88856" lon="20.79868">
				<ele>1081.4</ele>
				<time>2026-08-06T17:30:44.089Z</time>
			</trkpt>
			<trkpt lat="39.88835" lon="20.79847">
				<ele>1081.08</ele>
				<time>2026-08-06T17:30:45.289Z</time>
			</trkpt>
			<trkpt lat="39.88819" lon="20.7982">
				<ele>1079</ele>
				<time>2026-08-06T17:30:46.475Z</time>
			</trkpt>
			<trkpt lat="39.8881" lon="20.79799">
				<ele>1077.56</ele>
				<time>2026-08-06T17:30:47.311Z</time>
			</trkpt>
			<trkpt lat="39.88804" lon="20.79782">
				<ele>1077.88</ele>
				<time>2026-08-06T17:30:47.962Z</time>
			</trkpt>
			<trkpt lat="39.88802" lon="20.79764">
				<ele>1078.53</ele>
				<time>2026-08-06T17:30:48.594Z</time>
			</trkpt>
			<trkpt lat="39.88803" lon="20.79748">
				<ele>1079.2</ele>
				<time>2026-08-06T17:30:49.152Z</time>
			</trkpt>
			<trkpt lat="39.88808" lon="20.79727">
				<ele>1079.35</ele>
				<time>2026-08-06T17:30:49.916Z</time>
			</trkpt>
			<trkpt lat="39.88843" lon="20.7963">
				<ele>1086.96</ele>
				<time>2026-08-06T17:30:53.641Z</time>
			</trkpt>
			<trkpt lat="39.88853" lon="20.79607">
				<ele>1086.97</ele>
				<time>2026-08-06T17:30:54.560Z</time>
			</trkpt>
			<trkpt lat="39.88863" lon="20.79591">
				<ele>1086.61</ele>
				<time>2026-08-06T17:30:55.276Z</time>
			</trkpt>
			<trkpt lat="39.88869" lon="20.79585">
				<ele>1086.63</ele>
				<time>2026-08-06T17:30:55.619Z</time>
			</trkpt>
			<trkpt lat="39.88907" lon="20.79558">
				<ele>1089.23</ele>
				<time>2026-08-06T17:30:57.578Z</time>
			</trkpt>
			<trkpt lat="39.88939" lon="20.7952">
				<ele>1088.27</ele>
				<time>2026-08-06T17:30:59.538Z</time>
			</trkpt>
			<trkpt lat="39.88952" lon="20.79511">
				<ele>1089.52</ele>
				<time>2026-08-06T17:31:00.204Z</time>
			</trkpt>
			<trkpt lat="39.88976" lon="20.79502">
				<ele>1094.19</ele>
				<time>2026-08-06T17:31:01.335Z</time>
			</trkpt>
			<trkpt lat="39.88982" lon="20.79497">
				<ele>1094.7</ele>
				<time>2026-08-06T17:31:01.657Z</time>
			</trkpt>
			<trkpt lat="39.88989" lon="20.79485">
				<ele>1093.47</ele>
				<time>2026-08-06T17:31:02.180Z</time>
			</trkpt>
			<trkpt lat="39.88995" lon="20.79447">
				<ele>1088.52</ele>
				<time>2026-08-06T17:31:03.528Z</time>
			</trkpt>
			<trkpt lat="39.88998" lon="20.79436">
				<ele>1089.27</ele>
				<time>2026-08-06T17:31:03.933Z</time>
			</trkpt>
			<trkpt lat="39.89011" lon="20.79413">
				<ele>1094.28</ele>
				<time>2026-08-06T17:31:04.925Z</time>
			</trkpt>
			<trkpt lat="39.89026" lon="20.79394">
				<ele>1099.16</ele>
				<time>2026-08-06T17:31:05.872Z</time>
			</trkpt>
			<trkpt lat="39.89031" lon="20.79382">
				<ele>1100.7</ele>
				<time>2026-08-06T17:31:06.346Z</time>
			</trkpt>
			<trkpt lat="39.89033" lon="20.79374">
				<ele>1101.24</ele>
				<time>2026-08-06T17:31:06.638Z</time>
			</trkpt>
			<trkpt lat="39.89033" lon="20.79362">
				<ele>1101.08</ele>
				<time>2026-08-06T17:31:07.055Z</time>
			</trkpt>
			<trkpt lat="39.8903" lon="20.7934">
				<ele>1103.18</ele>
				<time>2026-08-06T17:31:07.831Z</time>
			</trkpt>
			<trkpt lat="39.89027" lon="20.7933">
				<ele>1104.1</ele>
				<time>2026-08-06T17:31:08.204Z</time>
			</trkpt>
			<trkpt lat="39.89023" lon="20.79324">
				<ele>1104.38</ele>
				<time>2026-08-06T17:31:08.480Z</time>
			</trkpt>
			<trkpt lat="39.89016" lon="20.79321">
				<ele>1103.22</ele>
				<time>2026-08-06T17:31:08.813Z</time>
			</trkpt>
			<trkpt lat="39.88993" lon="20.79319">
				<ele>1096.79</ele>
				<time>2026-08-06T17:31:09.856Z</time>
			</trkpt>
			<trkpt lat="39.88983" lon="20.79315">
				<ele>1095.89</ele>
				<time>2026-08-06T17:31:10.330Z</time>
			</trkpt>
			<trkpt lat="39.88974" lon="20.79309">
				<ele>1096.41</ele>
				<time>2026-08-06T17:31:10.787Z</time>
			</trkpt>
			<trkpt lat="39.8897" lon="20.79302">
				<ele>1097.06</ele>
				<time>2026-08-06T17:31:11.090Z</time>
			</trkpt>
			<trkpt lat="39.88965" lon="20.79288">
				<ele>1097.2</ele>
				<time>2026-08-06T17:31:11.627Z</time>
			</trkpt>
			<trkpt lat="39.88964" lon="20.79265">
				<ele>1096.96</ele>
				<time>2026-08-06T17:31:12.427Z</time>
			</trkpt>
			<trkpt lat="39.88968" lon="20.79242">
				<ele>1097</ele>
				<time>2026-08-06T17:31:13.246Z</time>
			</trkpt>
			<trkpt lat="39.88978" lon="20.79206">
				<ele>1097.68</ele>
				<time>2026-08-06T17:31:14.575Z</time>
			</trkpt>
			<trkpt lat="39.88991" lon="20.7918">
				<ele>1098.73</ele>
				<time>2026-08-06T17:31:15.653Z</time>
			</trkpt>
			<trkpt lat="39.89007" lon="20.79155">
				<ele>1101.84</ele>
				<time>2026-08-06T17:31:16.784Z</time>
			</trkpt>
			<trkpt lat="39.89011" lon="20.79146">
				<ele>1102.23</ele>
				<time>2026-08-06T17:31:17.145Z</time>
			</trkpt>
			<trkpt lat="39.89016" lon="20.7913">
				<ele>1100.4</ele>
				<time>2026-08-06T17:31:17.745Z</time>
			</trkpt>
			<trkpt lat="39.89021" lon="20.79103">
				<ele>1095.9</ele>
				<time>2026-08-06T17:31:18.710Z</time>
			</trkpt>
			<trkpt lat="39.89025" lon="20.79092">
				<ele>1095.77</ele>
				<time>2026-08-06T17:31:19.133Z</time>
			</trkpt>
			<trkpt lat="39.89031" lon="20.79082">
				<ele>1095.65</ele>
				<time>2026-08-06T17:31:19.574Z</time>
			</trkpt>
			<trkpt lat="39.89038" lon="20.79075">
				<ele>1095.87</ele>
				<time>2026-08-06T17:31:19.974Z</time>
			</trkpt>
			<trkpt lat="39.89064" lon="20.79059">
				<ele>1101.7</ele>
				<time>2026-08-06T17:31:21.276Z</time>
			</trkpt>
			<trkpt lat="39.89069" lon="20.7905">
				<ele>1103.28</ele>
				<time>2026-08-06T17:31:21.662Z</time>
			</trkpt>
			<trkpt lat="39.89073" lon="20.79036">
				<ele>1105.08</ele>
				<time>2026-08-06T17:31:22.181Z</time>
			</trkpt>
			<trkpt lat="39.8907" lon="20.79018">
				<ele>1106.63</ele>
				<time>2026-08-06T17:31:22.821Z</time>
			</trkpt>
			<trkpt lat="39.89062" lon="20.79">
				<ele>1106.95</ele>
				<time>2026-08-06T17:31:23.544Z</time>
			</trkpt>
			<trkpt lat="39.89014" lon="20.78958">
				<ele>1113.3</ele>
				<time>2026-08-06T17:31:26.163Z</time>
			</trkpt>
			<trkpt lat="39.88994" lon="20.78928">
				<ele>1121.52</ele>
				<time>2026-08-06T17:31:27.544Z</time>
			</trkpt>
			<trkpt lat="39.88988" lon="20.78922">
				<ele>1122.36</ele>
				<time>2026-08-06T17:31:27.887Z</time>
			</trkpt>
			<trkpt lat="39.88982" lon="20.78919">
				<ele>1122.53</ele>
				<time>2026-08-06T17:31:28.178Z</time>
			</trkpt>
			<trkpt lat="39.88972" lon="20.78917">
				<ele>1121.46</ele>
				<time>2026-08-06T17:31:28.637Z</time>
			</trkpt>
			<trkpt lat="39.88927" lon="20.78919">
				<ele>1126.33</ele>
				<time>2026-08-06T17:31:30.677Z</time>
			</trkpt>
			<trkpt lat="39.88889" lon="20.78928">
				<ele>1121.92</ele>
				<time>2026-08-06T17:31:32.428Z</time>
			</trkpt>
			<trkpt lat="39.8888" lon="20.78926">
				<ele>1119.99</ele>
				<time>2026-08-06T17:31:32.842Z</time>
			</trkpt>
			<trkpt lat="39.88876" lon="20.78924">
				<ele>1119.52</ele>
				<time>2026-08-06T17:31:33.036Z</time>
			</trkpt>
			<trkpt lat="39.88869" lon="20.78916">
				<ele>1119.18</ele>
				<time>2026-08-06T17:31:33.459Z</time>
			</trkpt>
			<trkpt lat="39.88866" lon="20.7891">
				<ele>1119.17</ele>
				<time>2026-08-06T17:31:33.708Z</time>
			</trkpt>
			<trkpt lat="39.88863" lon="20.78894">
				<ele>1120.23</ele>
				<time>2026-08-06T17:31:34.281Z</time>
			</trkpt>
			<trkpt lat="39.88863" lon="20.78875">
				<ele>1120.94</ele>
				<time>2026-08-06T17:31:34.942Z</time>
			</trkpt>
			<trkpt lat="39.88867" lon="20.7886">
				<ele>1122.43</ele>
				<time>2026-08-06T17:31:35.495Z</time>
			</trkpt>
			<trkpt lat="39.88873" lon="20.78849">
				<ele>1123.49</ele>
				<time>2026-08-06T17:31:35.965Z</time>
			</trkpt>
			<trkpt lat="39.88877" lon="20.78843">
				<ele>1124.15</ele>
				<time>2026-08-06T17:31:36.241Z</time>
			</trkpt>
			<trkpt lat="39.88909" lon="20.78812">
				<ele>1126.75</ele>
				<time>2026-08-06T17:31:38.051Z</time>
			</trkpt>
			<trkpt lat="39.88968" lon="20.78761">
				<ele>1135.34</ele>
				<time>2026-08-06T17:31:41.265Z</time>
			</trkpt>
			<trkpt lat="39.88977" lon="20.78751">
				<ele>1137.65</ele>
				<time>2026-08-06T17:31:41.802Z</time>
			</trkpt>
			<trkpt lat="39.88988" lon="20.78734">
				<ele>1141.3</ele>
				<time>2026-08-06T17:31:42.577Z</time>
			</trkpt>
			<trkpt lat="39.88993" lon="20.78716">
				<ele>1143.01</ele>
				<time>2026-08-06T17:31:43.244Z</time>
			</trkpt>
			<trkpt lat="39.88993" lon="20.78706">
				<ele>1144.06</ele>
				<time>2026-08-06T17:31:43.592Z</time>
			</trkpt>
			<trkpt lat="39.88991" lon="20.78697">
				<ele>1144.66</ele>
				<time>2026-08-06T17:31:43.919Z</time>
			</trkpt>
			<trkpt lat="39.88971" lon="20.78685">
				<ele>1145.22</ele>
				<time>2026-08-06T17:31:44.920Z</time>
			</trkpt>
			<trkpt lat="39.88928" lon="20.78668">
				<ele>1143.94</ele>
				<time>2026-08-06T17:31:46.962Z</time>
			</trkpt>
			<trkpt lat="39.8891" lon="20.78654">
				<ele>1143.32</ele>
				<time>2026-08-06T17:31:47.915Z</time>
			</trkpt>
			<trkpt lat="39.8886" lon="20.78585">
				<ele>1143.42</ele>
				<time>2026-08-06T17:31:51.228Z</time>
			</trkpt>
			<trkpt lat="39.8883" lon="20.78553">
				<ele>1142.18</ele>
				<time>2026-08-06T17:31:52.993Z</time>
			</trkpt>
			<trkpt lat="39.8882" lon="20.7854">
				<ele>1142.69</ele>
				<time>2026-08-06T17:31:53.636Z</time>
			</trkpt>
			<trkpt lat="39.88812" lon="20.78523">
				<ele>1143.1</ele>
				<time>2026-08-06T17:31:54.333Z</time>
			</trkpt>
			<trkpt lat="39.8881" lon="20.78513">
				<ele>1142.71</ele>
				<time>2026-08-06T17:31:54.694Z</time>
			</trkpt>
			<trkpt lat="39.88809" lon="20.78496">
				<ele>1141.63</ele>
				<time>2026-08-06T17:31:55.290Z</time>
			</trkpt>
			<trkpt lat="39.88813" lon="20.78459">
				<ele>1139.52</ele>
				<time>2026-08-06T17:31:56.597Z</time>
			</trkpt>
			<trkpt lat="39.88849" lon="20.78367">
				<ele>1134.83</ele>
				<time>2026-08-06T17:32:00.211Z</time>
			</trkpt>
			<trkpt lat="39.8886" lon="20.78345">
				<ele>1133.81</ele>
				<time>2026-08-06T17:32:01.130Z</time>
			</trkpt>
			<trkpt lat="39.88864" lon="20.78325">
				<ele>1129.84</ele>
				<time>2026-08-06T17:32:01.854Z</time>
			</trkpt>
			<trkpt lat="39.88865" lon="20.78305">
				<ele>1125.78</ele>
				<time>2026-08-06T17:32:02.556Z</time>
			</trkpt>
			<trkpt lat="39.88864" lon="20.78296">
				<ele>1124.75</ele>
				<time>2026-08-06T17:32:02.875Z</time>
			</trkpt>
			<trkpt lat="39.88859" lon="20.78283">
				<ele>1123.9</ele>
				<time>2026-08-06T17:32:03.384Z</time>
			</trkpt>
			<trkpt lat="39.88855" lon="20.78278">
				<ele>1123.33</ele>
				<time>2026-08-06T17:32:03.637Z</time>
			</trkpt>
			<trkpt lat="39.88844" lon="20.78274">
				<ele>1123.06</ele>
				<time>2026-08-06T17:32:04.159Z</time>
			</trkpt>
			<trkpt lat="39.8883" lon="20.78276">
				<ele>1123.39</ele>
				<time>2026-08-06T17:32:04.802Z</time>
			</trkpt>
			<trkpt lat="39.88818" lon="20.78296">
				<ele>1124.37</ele>
				<time>2026-08-06T17:32:05.693Z</time>
			</trkpt>
			<trkpt lat="39.88795" lon="20.7834">
				<ele>1126.33</ele>
				<time>2026-08-06T17:32:07.560Z</time>
			</trkpt>
			<trkpt lat="39.88766" lon="20.78402">
				<ele>1130.77</ele>
				<time>2026-08-06T17:32:10.110Z</time>
			</trkpt>
			<trkpt lat="39.88759" lon="20.78413">
				<ele>1131.95</ele>
				<time>2026-08-06T17:32:10.612Z</time>
			</trkpt>
			<trkpt lat="39.88751" lon="20.78419">
				<ele>1132.68</ele>
				<time>2026-08-06T17:32:11.034Z</time>
			</trkpt>
			<trkpt lat="39.88734" lon="20.78426">
				<ele>1131.48</ele>
				<time>2026-08-06T17:32:11.851Z</time>
			</trkpt>
			<trkpt lat="39.88718" lon="20.78425">
				<ele>1128.72</ele>
				<time>2026-08-06T17:32:12.585Z</time>
			</trkpt>
			<trkpt lat="39.8865" lon="20.7841">
				<ele>1121.03</ele>
				<time>2026-08-06T17:32:15.747Z</time>
			</trkpt>
			<trkpt lat="39.88625" lon="20.78401">
				<ele>1119.61</ele>
				<time>2026-08-06T17:32:16.937Z</time>
			</trkpt>
			<trkpt lat="39.88619" lon="20.78402">
				<ele>1120.35</ele>
				<time>2026-08-06T17:32:17.214Z</time>
			</trkpt>
			<trkpt lat="39.88604" lon="20.78415">
				<ele>1123.62</ele>
				<time>2026-08-06T17:32:18.041Z</time>
			</trkpt>
			<trkpt lat="39.88598" lon="20.78427">
				<ele>1123.95</ele>
				<time>2026-08-06T17:32:18.546Z</time>
			</trkpt>
			<trkpt lat="39.88583" lon="20.78495">
				<ele>1124.83</ele>
				<time>2026-08-06T17:32:21.041Z</time>
			</trkpt>
			<trkpt lat="39.88568" lon="20.78535">
				<ele>1122.43</ele>
				<time>2026-08-06T17:32:22.612Z</time>
			</trkpt>
			<trkpt lat="39.88556" lon="20.78552">
				<ele>1120</ele>
				<time>2026-08-06T17:32:23.427Z</time>
			</trkpt>
			<trkpt lat="39.88542" lon="20.78562">
				<ele>1116.3</ele>
				<time>2026-08-06T17:32:24.162Z</time>
			</trkpt>
			<trkpt lat="39.8853" lon="20.78566">
				<ele>1113.19</ele>
				<time>2026-08-06T17:32:24.732Z</time>
			</trkpt>
			<trkpt lat="39.88518" lon="20.78563">
				<ele>1111.88</ele>
				<time>2026-08-06T17:32:25.295Z</time>
			</trkpt>
			<trkpt lat="39.88479" lon="20.78547">
				<ele>1107.51</ele>
				<time>2026-08-06T17:32:27.179Z</time>
			</trkpt>
			<trkpt lat="39.88464" lon="20.78546">
				<ele>1106.35</ele>
				<time>2026-08-06T17:32:27.871Z</time>
			</trkpt>
			<trkpt lat="39.88452" lon="20.7855">
				<ele>1106.52</ele>
				<time>2026-08-06T17:32:28.442Z</time>
			</trkpt>
			<trkpt lat="39.88443" lon="20.78559">
				<ele>1107.46</ele>
				<time>2026-08-06T17:32:28.966Z</time>
			</trkpt>
			<trkpt lat="39.88435" lon="20.78572">
				<ele>1109.45</ele>
				<time>2026-08-06T17:32:29.555Z</time>
			</trkpt>
			<trkpt lat="39.88432" lon="20.7858">
				<ele>1110.57</ele>
				<time>2026-08-06T17:32:29.871Z</time>
			</trkpt>
			<trkpt lat="39.88428" lon="20.78607">
				<ele>1108.38</ele>
				<time>2026-08-06T17:32:30.845Z</time>
			</trkpt>
			<trkpt lat="39.88417" lon="20.78701">
				<ele>1098.04</ele>
				<time>2026-08-06T17:32:34.206Z</time>
			</trkpt>
			<trkpt lat="39.88412" lon="20.78715">
				<ele>1096.81</ele>
				<time>2026-08-06T17:32:34.750Z</time>
			</trkpt>
			<trkpt lat="39.88406" lon="20.78721">
				<ele>1096.41</ele>
				<time>2026-08-06T17:32:35.097Z</time>
			</trkpt>
			<trkpt lat="39.88398" lon="20.78724">
				<ele>1096.5</ele>
				<time>2026-08-06T17:32:35.478Z</time>
			</trkpt>
			<trkpt lat="39.88389" lon="20.78722">
				<ele>1096.98</ele>
				<time>2026-08-06T17:32:35.896Z</time>
			</trkpt>
			<trkpt lat="39.8838" lon="20.78713">
				<ele>1095.8</ele>
				<time>2026-08-06T17:32:36.415Z</time>
			</trkpt>
			<trkpt lat="39.8837" lon="20.78694">
				<ele>1095.61</ele>
				<time>2026-08-06T17:32:37.223Z</time>
			</trkpt>
			<trkpt lat="39.88366" lon="20.78683">
				<ele>1095.86</ele>
				<time>2026-08-06T17:32:37.649Z</time>
			</trkpt>
			<trkpt lat="39.8835" lon="20.78622">
				<ele>1093.18</ele>
				<time>2026-08-06T17:32:39.900Z</time>
			</trkpt>
			<trkpt lat="39.88335" lon="20.7859">
				<ele>1088.58</ele>
				<time>2026-08-06T17:32:41.205Z</time>
			</trkpt>
			<trkpt lat="39.88322" lon="20.78573">
				<ele>1086.46</ele>
				<time>2026-08-06T17:32:42.038Z</time>
			</trkpt>
			<trkpt lat="39.88303" lon="20.78554">
				<ele>1083.81</ele>
				<time>2026-08-06T17:32:43.120Z</time>
			</trkpt>
			<trkpt lat="39.88283" lon="20.78541">
				<ele>1082.7</ele>
				<time>2026-08-06T17:32:44.127Z</time>
			</trkpt>
			<trkpt lat="39.88224" lon="20.78513">
				<ele>1079.39</ele>
				<time>2026-08-06T17:32:46.948Z</time>
			</trkpt>
			<trkpt lat="39.8821" lon="20.78503">
				<ele>1078</ele>
				<time>2026-08-06T17:32:47.663Z</time>
			</trkpt>
			<trkpt lat="39.88201" lon="20.78492">
				<ele>1077.38</ele>
				<time>2026-08-06T17:32:48.214Z</time>
			</trkpt>
			<trkpt lat="39.88194" lon="20.78477">
				<ele>1077.27</ele>
				<time>2026-08-06T17:32:48.816Z</time>
			</trkpt>
			<trkpt lat="39.88178" lon="20.78419">
				<ele>1074.71</ele>
				<time>2026-08-06T17:32:50.924Z</time>
			</trkpt>
			<trkpt lat="39.88167" lon="20.78386">
				<ele>1073.04</ele>
				<time>2026-08-06T17:32:52.151Z</time>
			</trkpt>
			<trkpt lat="39.88159" lon="20.78368">
				<ele>1075.22</ele>
				<time>2026-08-06T17:32:52.859Z</time>
			</trkpt>
			<trkpt lat="39.88152" lon="20.78356">
				<ele>1075.88</ele>
				<time>2026-08-06T17:32:53.372Z</time>
			</trkpt>
			<trkpt lat="39.88141" lon="20.78345">
				<ele>1075.8</ele>
				<time>2026-08-06T17:32:53.986Z</time>
			</trkpt>
			<trkpt lat="39.88085" lon="20.78295">
				<ele>1071.95</ele>
				<time>2026-08-06T17:32:56.982Z</time>
			</trkpt>
			<trkpt lat="39.88078" lon="20.78286">
				<ele>1069.35</ele>
				<time>2026-08-06T17:32:57.415Z</time>
			</trkpt>
			<trkpt lat="39.88064" lon="20.78264">
				<ele>1065.62</ele>
				<time>2026-08-06T17:32:58.379Z</time>
			</trkpt>
			<trkpt lat="39.88053" lon="20.78237">
				<ele>1066.62</ele>
				<time>2026-08-06T17:32:59.409Z</time>
			</trkpt>
			<trkpt lat="39.88042" lon="20.78224">
				<ele>1067.11</ele>
				<time>2026-08-06T17:33:00.060Z</time>
			</trkpt>
			<trkpt lat="39.88032" lon="20.7822">
				<ele>1066.13</ele>
				<time>2026-08-06T17:33:00.518Z</time>
			</trkpt>
			<trkpt lat="39.88022" lon="20.78218">
				<ele>1064.76</ele>
				<time>2026-08-06T17:33:00.961Z</time>
			</trkpt>
			<trkpt lat="39.87958" lon="20.78218">
				<ele>1056.73</ele>
				<time>2026-08-06T17:33:03.755Z</time>
			</trkpt>
			<trkpt lat="39.87948" lon="20.78214">
				<ele>1055.95</ele>
				<time>2026-08-06T17:33:04.211Z</time>
			</trkpt>
			<trkpt lat="39.8794" lon="20.78208">
				<ele>1055.79</ele>
				<time>2026-08-06T17:33:04.613Z</time>
			</trkpt>
			<trkpt lat="39.87931" lon="20.7819">
				<ele>1056.2</ele>
				<time>2026-08-06T17:33:05.330Z</time>
			</trkpt>
			<trkpt lat="39.87901" lon="20.78092">
				<ele>1053.53</ele>
				<time>2026-08-06T17:33:08.841Z</time>
			</trkpt>
			<trkpt lat="39.87893" lon="20.78069">
				<ele>1052.97</ele>
				<time>2026-08-06T17:33:09.679Z</time>
			</trkpt>
			<trkpt lat="39.8788" lon="20.78052">
				<ele>1052.84</ele>
				<time>2026-08-06T17:33:10.474Z</time>
			</trkpt>
			<trkpt lat="39.87822" lon="20.78007">
				<ele>1042.68</ele>
				<time>2026-08-06T17:33:13.382Z</time>
			</trkpt>
			<trkpt lat="39.87788" lon="20.77972">
				<ele>1035.77</ele>
				<time>2026-08-06T17:33:15.243Z</time>
			</trkpt>
			<trkpt lat="39.8777" lon="20.77958">
				<ele>1036.11</ele>
				<time>2026-08-06T17:33:16.142Z</time>
			</trkpt>
			<trkpt lat="39.87723" lon="20.77935">
				<ele>1037.64</ele>
				<time>2026-08-06T17:33:18.291Z</time>
			</trkpt>
			<trkpt lat="39.87709" lon="20.77925">
				<ele>1036.17</ele>
				<time>2026-08-06T17:33:18.973Z</time>
			</trkpt>
			<trkpt lat="39.8769" lon="20.77904">
				<ele>1033.2</ele>
				<time>2026-08-06T17:33:20.036Z</time>
			</trkpt>
			<trkpt lat="39.87686" lon="20.77895">
				<ele>1032.72</ele>
				<time>2026-08-06T17:33:20.377Z</time>
			</trkpt>
			<trkpt lat="39.8768" lon="20.77878">
				<ele>1031.93</ele>
				<time>2026-08-06T17:33:20.989Z</time>
			</trkpt>
			<trkpt lat="39.87679" lon="20.77859">
				<ele>1030.61</ele>
				<time>2026-08-06T17:33:21.612Z</time>
			</trkpt>
			<trkpt lat="39.8768" lon="20.77851">
				<ele>1029.25</ele>
				<time>2026-08-06T17:33:21.877Z</time>
			</trkpt>
			<trkpt lat="39.87688" lon="20.77833">
				<ele>1027.18</ele>
				<time>2026-08-06T17:33:22.556Z</time>
			</trkpt>
			<trkpt lat="39.8772" lon="20.77789">
				<ele>1023.01</ele>
				<time>2026-08-06T17:33:24.534Z</time>
			</trkpt>
			<trkpt lat="39.87734" lon="20.77776">
				<ele>1022.21</ele>
				<time>2026-08-06T17:33:25.264Z</time>
			</trkpt>
			<trkpt lat="39.87742" lon="20.77775">
				<ele>1022.92</ele>
				<time>2026-08-06T17:33:25.605Z</time>
			</trkpt>
			<trkpt lat="39.87753" lon="20.77778">
				<ele>1022.84</ele>
				<time>2026-08-06T17:33:26.082Z</time>
			</trkpt>
			<trkpt lat="39.8776" lon="20.77782">
				<ele>1020.96</ele>
				<time>2026-08-06T17:33:26.406Z</time>
			</trkpt>
			<trkpt lat="39.87769" lon="20.77791">
				<ele>1018.55</ele>
				<time>2026-08-06T17:33:26.887Z</time>
			</trkpt>
			<trkpt lat="39.87778" lon="20.77806">
				<ele>1016.66</ele>
				<time>2026-08-06T17:33:27.506Z</time>
			</trkpt>
			<trkpt lat="39.87794" lon="20.77857">
				<ele>1016.45</ele>
				<time>2026-08-06T17:33:29.295Z</time>
			</trkpt>
			<trkpt lat="39.87802" lon="20.77869">
				<ele>1015.68</ele>
				<time>2026-08-06T17:33:29.811Z</time>
			</trkpt>
			<trkpt lat="39.87813" lon="20.77875">
				<ele>1015.28</ele>
				<time>2026-08-06T17:33:30.315Z</time>
			</trkpt>
			<trkpt lat="39.87824" lon="20.77873">
				<ele>1014.56</ele>
				<time>2026-08-06T17:33:30.784Z</time>
			</trkpt>
			<trkpt lat="39.87919" lon="20.7782">
				<ele>1010.13</ele>
				<time>2026-08-06T17:33:35.142Z</time>
			</trkpt>
			<trkpt lat="39.8793" lon="20.77816">
				<ele>1008.42</ele>
				<time>2026-08-06T17:33:35.623Z</time>
			</trkpt>
			<trkpt lat="39.87948" lon="20.77814">
				<ele>1006.45</ele>
				<time>2026-08-06T17:33:36.383Z</time>
			</trkpt>
			<trkpt lat="39.87962" lon="20.77818">
				<ele>1004.28</ele>
				<time>2026-08-06T17:33:36.986Z</time>
			</trkpt>
			<trkpt lat="39.87975" lon="20.77826">
				<ele>1003.55</ele>
				<time>2026-08-06T17:33:37.590Z</time>
			</trkpt>
			<trkpt lat="39.87988" lon="20.77837">
				<ele>1004.15</ele>
				<time>2026-08-06T17:33:38.242Z</time>
			</trkpt>
			<trkpt lat="39.88025" lon="20.77875">
				<ele>1001.92</ele>
				<time>2026-08-06T17:33:40.221Z</time>
			</trkpt>
			<trkpt lat="39.88049" lon="20.77889">
				<ele>999.5</ele>
				<time>2026-08-06T17:33:41.324Z</time>
			</trkpt>
			<trkpt lat="39.88125" lon="20.77919">
				<ele>998.93</ele>
				<time>2026-08-06T17:33:44.653Z</time>
			</trkpt>
			<trkpt lat="39.88132" lon="20.7792">
				<ele>998.85</ele>
				<time>2026-08-06T17:33:44.948Z</time>
			</trkpt>
			<trkpt lat="39.88139" lon="20.77919">
				<ele>998.23</ele>
				<time>2026-08-06T17:33:45.243Z</time>
			</trkpt>
			<trkpt lat="39.88146" lon="20.77914">
				<ele>997.14</ele>
				<time>2026-08-06T17:33:45.578Z</time>
			</trkpt>
			<trkpt lat="39.8815" lon="20.77907">
				<ele>996.38</ele>
				<time>2026-08-06T17:33:45.858Z</time>
			</trkpt>
			<trkpt lat="39.88153" lon="20.77898">
				<ele>995.78</ele>
				<time>2026-08-06T17:33:46.173Z</time>
			</trkpt>
			<trkpt lat="39.88153" lon="20.77889">
				<ele>995.4</ele>
				<time>2026-08-06T17:33:46.463Z</time>
			</trkpt>
			<trkpt lat="39.88152" lon="20.7788">
				<ele>994.11</ele>
				<time>2026-08-06T17:33:46.755Z</time>
			</trkpt>
			<trkpt lat="39.88147" lon="20.77872">
				<ele>993.34</ele>
				<time>2026-08-06T17:33:47.086Z</time>
			</trkpt>
			<trkpt lat="39.88142" lon="20.77867">
				<ele>993.35</ele>
				<time>2026-08-06T17:33:47.350Z</time>
			</trkpt>
			<trkpt lat="39.88135" lon="20.77864">
				<ele>993.49</ele>
				<time>2026-08-06T17:33:47.658Z</time>
			</trkpt>
			<trkpt lat="39.88076" lon="20.77861">
				<ele>990.06</ele>
				<time>2026-08-06T17:33:50.129Z</time>
			</trkpt>
			<trkpt lat="39.88061" lon="20.77858">
				<ele>989.44</ele>
				<time>2026-08-06T17:33:50.764Z</time>
			</trkpt>
			<trkpt lat="39.88054" lon="20.77855">
				<ele>989.2</ele>
				<time>2026-08-06T17:33:51.072Z</time>
			</trkpt>
			<trkpt lat="39.88041" lon="20.77844">
				<ele>990.55</ele>
				<time>2026-08-06T17:33:51.720Z</time>
			</trkpt>
			<trkpt lat="39.87969" lon="20.7775">
				<ele>985.23</ele>
				<time>2026-08-06T17:33:55.980Z</time>
			</trkpt>
			<trkpt lat="39.8795" lon="20.7773">
				<ele>980.89</ele>
				<time>2026-08-06T17:33:57.001Z</time>
			</trkpt>
			<trkpt lat="39.87934" lon="20.7772">
				<ele>978.97</ele>
				<time>2026-08-06T17:33:57.743Z</time>
			</trkpt>
			<trkpt lat="39.87925" lon="20.77717">
				<ele>978.6</ele>
				<time>2026-08-06T17:33:58.131Z</time>
			</trkpt>
			<trkpt lat="39.87885" lon="20.77711">
				<ele>979.18</ele>
				<time>2026-08-06T17:33:59.814Z</time>
			</trkpt>
			<trkpt lat="39.87878" lon="20.77706">
				<ele>978.89</ele>
				<time>2026-08-06T17:34:00.148Z</time>
			</trkpt>
			<trkpt lat="39.87872" lon="20.77699">
				<ele>977.42</ele>
				<time>2026-08-06T17:34:00.484Z</time>
			</trkpt>
			<trkpt lat="39.87869" lon="20.77689">
				<ele>975.93</ele>
				<time>2026-08-06T17:34:00.829Z</time>
			</trkpt>
			<trkpt lat="39.87868" lon="20.77679">
				<ele>974.9</ele>
				<time>2026-08-06T17:34:01.152Z</time>
			</trkpt>
			<trkpt lat="39.87874" lon="20.77629">
				<ele>968.99</ele>
				<time>2026-08-06T17:34:02.776Z</time>
			</trkpt>
			<trkpt lat="39.87875" lon="20.77612">
				<ele>967.37</ele>
				<time>2026-08-06T17:34:03.323Z</time>
			</trkpt>
			<trkpt lat="39.87874" lon="20.77576">
				<ele>965.48</ele>
				<time>2026-08-06T17:34:04.479Z</time>
			</trkpt>
			<trkpt lat="39.87871" lon="20.77556">
				<ele>965.54</ele>
				<time>2026-08-06T17:34:05.133Z</time>
			</trkpt>
			<trkpt lat="39.87861" lon="20.77542">
				<ele>969.1</ele>
				<time>2026-08-06T17:34:05.747Z</time>
			</trkpt>
			<trkpt lat="39.87837" lon="20.77527">
				<ele>975.22</ele>
				<time>2026-08-06T17:34:06.861Z</time>
			</trkpt>
			<trkpt lat="39.87826" lon="20.77518">
				<ele>975.11</ele>
				<time>2026-08-06T17:34:07.405Z</time>
			</trkpt>
			<trkpt lat="39.8782" lon="20.77506">
				<ele>971.87</ele>
				<time>2026-08-06T17:34:07.865Z</time>
			</trkpt>
			<trkpt lat="39.87818" lon="20.77489">
				<ele>967.6</ele>
				<time>2026-08-06T17:34:08.418Z</time>
			</trkpt>
			<trkpt lat="39.87818" lon="20.77479">
				<ele>965.29</ele>
				<time>2026-08-06T17:34:08.739Z</time>
			</trkpt>
			<trkpt lat="39.87835" lon="20.77389">
				<ele>959.06</ele>
				<time>2026-08-06T17:34:11.719Z</time>
			</trkpt>
			<trkpt lat="39.87836" lon="20.77377">
				<ele>958.65</ele>
				<time>2026-08-06T17:34:12.108Z</time>
			</trkpt>
			<trkpt lat="39.87835" lon="20.77356">
				<ele>959.35</ele>
				<time>2026-08-06T17:34:12.785Z</time>
			</trkpt>
			<trkpt lat="39.8783" lon="20.77339">
				<ele>958.77</ele>
				<time>2026-08-06T17:34:13.371Z</time>
			</trkpt>
			<trkpt lat="39.87797" lon="20.77259">
				<ele>952.66</ele>
				<time>2026-08-06T17:34:16.298Z</time>
			</trkpt>
			<trkpt lat="39.87784" lon="20.77221">
				<ele>947.46</ele>
				<time>2026-08-06T17:34:17.640Z</time>
			</trkpt>
			<trkpt lat="39.8778" lon="20.77194">
				<ele>947.25</ele>
				<time>2026-08-06T17:34:18.528Z</time>
			</trkpt>
			<trkpt lat="39.87775" lon="20.77117">
				<ele>948.18</ele>
				<time>2026-08-06T17:34:21.025Z</time>
			</trkpt>
			<trkpt lat="39.87769" lon="20.77091">
				<ele>948.43</ele>
				<time>2026-08-06T17:34:21.904Z</time>
			</trkpt>
			<trkpt lat="39.87761" lon="20.77075">
				<ele>946.59</ele>
				<time>2026-08-06T17:34:22.522Z</time>
			</trkpt>
			<trkpt lat="39.87692" lon="20.76991">
				<ele>931.54</ele>
				<time>2026-08-06T17:34:26.513Z</time>
			</trkpt>
			<trkpt lat="39.87685" lon="20.76986">
				<ele>929.91</ele>
				<time>2026-08-06T17:34:26.851Z</time>
			</trkpt>
			<trkpt lat="39.87678" lon="20.76985">
				<ele>929.16</ele>
				<time>2026-08-06T17:34:27.149Z</time>
			</trkpt>
			<trkpt lat="39.87667" lon="20.76988">
				<ele>929.48</ele>
				<time>2026-08-06T17:34:27.625Z</time>
			</trkpt>
			<trkpt lat="39.87658" lon="20.76998">
				<ele>929.27</ele>
				<time>2026-08-06T17:34:28.127Z</time>
			</trkpt>
			<trkpt lat="39.87655" lon="20.77007">
				<ele>929.52</ele>
				<time>2026-08-06T17:34:28.446Z</time>
			</trkpt>
			<trkpt lat="39.87654" lon="20.77017">
				<ele>930.43</ele>
				<time>2026-08-06T17:34:28.774Z</time>
			</trkpt>
			<trkpt lat="39.87656" lon="20.77027">
				<ele>932.22</ele>
				<time>2026-08-06T17:34:29.111Z</time>
			</trkpt>
			<trkpt lat="39.87672" lon="20.77068">
				<ele>935.08</ele>
				<time>2026-08-06T17:34:30.610Z</time>
			</trkpt>
			<trkpt lat="39.87677" lon="20.77087">
				<ele>935.3</ele>
				<time>2026-08-06T17:34:31.265Z</time>
			</trkpt>
			<trkpt lat="39.87679" lon="20.77109">
				<ele>934.25</ele>
				<time>2026-08-06T17:34:31.988Z</time>
			</trkpt>
			<trkpt lat="39.87674" lon="20.77175">
				<ele>930.22</ele>
				<time>2026-08-06T17:34:34.156Z</time>
			</trkpt>
			<trkpt lat="39.87677" lon="20.77208">
				<ele>929.1</ele>
				<time>2026-08-06T17:34:35.245Z</time>
			</trkpt>
			<trkpt lat="39.87686" lon="20.7724">
				<ele>927.53</ele>
				<time>2026-08-06T17:34:36.362Z</time>
			</trkpt>
			<trkpt lat="39.87713" lon="20.77315">
				<ele>926.55</ele>
				<time>2026-08-06T17:34:39.084Z</time>
			</trkpt>
			<trkpt lat="39.87715" lon="20.77325">
				<ele>926.21</ele>
				<time>2026-08-06T17:34:39.425Z</time>
			</trkpt>
			<trkpt lat="39.87714" lon="20.77342">
				<ele>925.66</ele>
				<time>2026-08-06T17:34:39.986Z</time>
			</trkpt>
			<trkpt lat="39.87709" lon="20.77353">
				<ele>924.71</ele>
				<time>2026-08-06T17:34:40.408Z</time>
			</trkpt>
			<trkpt lat="39.87701" lon="20.77361">
				<ele>922.98</ele>
				<time>2026-08-06T17:34:40.841Z</time>
			</trkpt>
			<trkpt lat="39.87674" lon="20.77372">
				<ele>919.88</ele>
				<time>2026-08-06T17:34:42.058Z</time>
			</trkpt>
			<trkpt lat="39.87656" lon="20.77385">
				<ele>918.36</ele>
				<time>2026-08-06T17:34:42.944Z</time>
			</trkpt>
			<trkpt lat="39.87646" lon="20.77397">
				<ele>917.75</ele>
				<time>2026-08-06T17:34:43.530Z</time>
			</trkpt>
			<trkpt lat="39.87622" lon="20.77443">
				<ele>917.05</ele>
				<time>2026-08-06T17:34:45.373Z</time>
			</trkpt>
			<trkpt lat="39.87613" lon="20.7745">
				<ele>915.88</ele>
				<time>2026-08-06T17:34:45.827Z</time>
			</trkpt>
			<trkpt lat="39.87603" lon="20.77453">
				<ele>915.65</ele>
				<time>2026-08-06T17:34:46.271Z</time>
			</trkpt>
			<trkpt lat="39.8759" lon="20.77451">
				<ele>915.2</ele>
				<time>2026-08-06T17:34:46.838Z</time>
			</trkpt>
			<trkpt lat="39.87582" lon="20.77443">
				<ele>913.69</ele>
				<time>2026-08-06T17:34:47.275Z</time>
			</trkpt>
			<trkpt lat="39.87578" lon="20.77436">
				<ele>912.91</ele>
				<time>2026-08-06T17:34:47.565Z</time>
			</trkpt>
			<trkpt lat="39.87571" lon="20.77414">
				<ele>910.04</ele>
				<time>2026-08-06T17:34:48.358Z</time>
			</trkpt>
			<trkpt lat="39.87558" lon="20.77353">
				<ele>903.81</ele>
				<time>2026-08-06T17:34:50.471Z</time>
			</trkpt>
			<trkpt lat="39.87545" lon="20.77318">
				<ele>904.04</ele>
				<time>2026-08-06T17:34:51.772Z</time>
			</trkpt>
			<trkpt lat="39.8742" lon="20.77042">
				<ele>885.03</ele>
				<time>2026-08-06T17:35:02.595Z</time>
			</trkpt>
			<trkpt lat="39.87398" lon="20.76988">
				<ele>886.14</ele>
				<time>2026-08-06T17:35:04.682Z</time>
			</trkpt>
			<trkpt lat="39.87388" lon="20.76971">
				<ele>886.87</ele>
				<time>2026-08-06T17:35:05.415Z</time>
			</trkpt>
			<trkpt lat="39.87382" lon="20.76964">
				<ele>886.3</ele>
				<time>2026-08-06T17:35:05.775Z</time>
			</trkpt>
			<trkpt lat="39.87362" lon="20.76951">
				<ele>886.32</ele>
				<time>2026-08-06T17:35:06.774Z</time>
			</trkpt>
			<trkpt lat="39.87349" lon="20.76947">
				<ele>885.33</ele>
				<time>2026-08-06T17:35:07.372Z</time>
			</trkpt>
			<trkpt lat="39.87334" lon="20.76948">
				<ele>884.99</ele>
				<time>2026-08-06T17:35:08.045Z</time>
			</trkpt>
			<trkpt lat="39.87312" lon="20.76955">
				<ele>885.36</ele>
				<time>2026-08-06T17:35:09.061Z</time>
			</trkpt>
			<trkpt lat="39.87296" lon="20.76963">
				<ele>885.07</ele>
				<time>2026-08-06T17:35:09.831Z</time>
			</trkpt>
			<trkpt lat="39.8727" lon="20.76982">
				<ele>882.6</ele>
				<time>2026-08-06T17:35:11.174Z</time>
			</trkpt>
			<trkpt lat="39.87244" lon="20.77004">
				<ele>878.69</ele>
				<time>2026-08-06T17:35:12.574Z</time>
			</trkpt>
			<trkpt lat="39.87177" lon="20.77047">
				<ele>870.04</ele>
				<time>2026-08-06T17:35:15.962Z</time>
			</trkpt>
			<trkpt lat="39.87159" lon="20.77054">
				<ele>868.14</ele>
				<time>2026-08-06T17:35:16.818Z</time>
			</trkpt>
			<trkpt lat="39.8715" lon="20.77055">
				<ele>867.2</ele>
				<time>2026-08-06T17:35:17.230Z</time>
			</trkpt>
			<trkpt lat="39.87138" lon="20.77048">
				<ele>864.96</ele>
				<time>2026-08-06T17:35:17.830Z</time>
			</trkpt>
			<trkpt lat="39.87131" lon="20.77038">
				<ele>862.9</ele>
				<time>2026-08-06T17:35:18.305Z</time>
			</trkpt>
			<trkpt lat="39.87126" lon="20.7702">
				<ele>861.04</ele>
				<time>2026-08-06T17:35:18.977Z</time>
			</trkpt>
			<trkpt lat="39.87125" lon="20.77002">
				<ele>859.65</ele>
				<time>2026-08-06T17:35:19.612Z</time>
			</trkpt>
			<trkpt lat="39.87126" lon="20.76982">
				<ele>856.9</ele>
				<time>2026-08-06T17:35:20.318Z</time>
			</trkpt>
			<trkpt lat="39.8716" lon="20.76718">
				<ele>846.95</ele>
				<time>2026-08-06T17:35:29.845Z</time>
			</trkpt>
			<trkpt lat="39.87158" lon="20.76687">
				<ele>845.57</ele>
				<time>2026-08-06T17:35:30.964Z</time>
			</trkpt>
			<trkpt lat="39.87154" lon="20.76671">
				<ele>845.07</ele>
				<time>2026-08-06T17:35:31.571Z</time>
			</trkpt>
			<trkpt lat="39.8715" lon="20.76658">
				<ele>844.68</ele>
				<time>2026-08-06T17:35:32.077Z</time>
			</trkpt>
			<trkpt lat="39.87138" lon="20.76636">
				<ele>843.71</ele>
				<time>2026-08-06T17:35:33.053Z</time>
			</trkpt>
			<trkpt lat="39.8713" lon="20.76629">
				<ele>841.83</ele>
				<time>2026-08-06T17:35:33.508Z</time>
			</trkpt>
			<trkpt lat="39.87115" lon="20.7662">
				<ele>837.8</ele>
				<time>2026-08-06T17:35:34.288Z</time>
			</trkpt>
			<trkpt lat="39.87106" lon="20.76618">
				<ele>835.98</ele>
				<time>2026-08-06T17:35:34.720Z</time>
			</trkpt>
			<trkpt lat="39.87087" lon="20.76615">
				<ele>833.21</ele>
				<time>2026-08-06T17:35:35.627Z</time>
			</trkpt>
			<trkpt lat="39.87068" lon="20.76616">
				<ele>832.56</ele>
				<time>2026-08-06T17:35:36.530Z</time>
			</trkpt>
			<trkpt lat="39.86994" lon="20.76632">
				<ele>825.12</ele>
				<time>2026-08-06T17:35:40.110Z</time>
			</trkpt>
			<trkpt lat="39.86976" lon="20.76642">
				<ele>821.37</ele>
				<time>2026-08-06T17:35:41.049Z</time>
			</trkpt>
			<trkpt lat="39.8696" lon="20.76658">
				<ele>819.7</ele>
				<time>2026-08-06T17:35:42.019Z</time>
			</trkpt>
			<trkpt lat="39.86949" lon="20.76677">
				<ele>819.69</ele>
				<time>2026-08-06T17:35:42.899Z</time>
			</trkpt>
			<trkpt lat="39.86937" lon="20.76711">
				<ele>821</ele>
				<time>2026-08-06T17:35:44.286Z</time>
			</trkpt>
			<trkpt lat="39.86931" lon="20.76739">
				<ele>822.07</ele>
				<time>2026-08-06T17:35:45.367Z</time>
			</trkpt>
			<trkpt lat="39.86912" lon="20.7686">
				<ele>817.11</ele>
				<time>2026-08-06T17:35:49.990Z</time>
			</trkpt>
			<trkpt lat="39.86901" lon="20.76955">
				<ele>810.63</ele>
				<time>2026-08-06T17:35:53.621Z</time>
			</trkpt>
			<trkpt lat="39.86896" lon="20.76984">
				<ele>810.69</ele>
				<time>2026-08-06T17:35:54.751Z</time>
			</trkpt>
			<trkpt lat="39.86888" lon="20.77015">
				<ele>808.63</ele>
				<time>2026-08-06T17:35:55.998Z</time>
			</trkpt>
			<trkpt lat="39.86862" lon="20.77081">
				<ele>801.96</ele>
				<time>2026-08-06T17:35:58.839Z</time>
			</trkpt>
			<trkpt lat="39.86758" lon="20.77314">
				<ele>782.93</ele>
				<time>2026-08-06T17:36:09.334Z</time>
			</trkpt>
			<trkpt lat="39.86755" lon="20.77332">
				<ele>785.3</ele>
				<time>2026-08-06T17:36:10.061Z</time>
			</trkpt>
			<trkpt lat="39.86754" lon="20.7735">
				<ele>785.52</ele>
				<time>2026-08-06T17:36:10.774Z</time>
			</trkpt>
			<trkpt lat="39.8676" lon="20.77419">
				<ele>782.46</ele>
				<time>2026-08-06T17:36:13.533Z</time>
			</trkpt>
			<trkpt lat="39.86759" lon="20.77433">
				<ele>782.32</ele>
				<time>2026-08-06T17:36:14.093Z</time>
			</trkpt>
			<trkpt lat="39.86754" lon="20.77448">
				<ele>781.29</ele>
				<time>2026-08-06T17:36:14.747Z</time>
			</trkpt>
			<trkpt lat="39.86744" lon="20.77469">
				<ele>778.96</ele>
				<time>2026-08-06T17:36:15.736Z</time>
			</trkpt>
			<trkpt lat="39.86702" lon="20.7753">
				<ele>772.72</ele>
				<time>2026-08-06T17:36:19.033Z</time>
			</trkpt>
			<trkpt lat="39.86693" lon="20.77547">
				<ele>771.82</ele>
				<time>2026-08-06T17:36:19.869Z</time>
			</trkpt>
			<trkpt lat="39.86681" lon="20.77575">
				<ele>769.86</ele>
				<time>2026-08-06T17:36:21.169Z</time>
			</trkpt>
			<trkpt lat="39.86678" lon="20.77589">
				<ele>769.12</ele>
				<time>2026-08-06T17:36:21.760Z</time>
			</trkpt>
			<trkpt lat="39.86678" lon="20.776">
				<ele>768.66</ele>
				<time>2026-08-06T17:36:22.208Z</time>
			</trkpt>
			<trkpt lat="39.8668" lon="20.7762">
				<ele>768.5</ele>
				<time>2026-08-06T17:36:23.030Z</time>
			</trkpt>
			<trkpt lat="39.86689" lon="20.7766">
				<ele>768.82</ele>
				<time>2026-08-06T17:36:24.735Z</time>
			</trkpt>
			<trkpt lat="39.86687" lon="20.77675">
				<ele>768.61</ele>
				<time>2026-08-06T17:36:25.360Z</time>
			</trkpt>
			<trkpt lat="39.8668" lon="20.77688">
				<ele>767.52</ele>
				<time>2026-08-06T17:36:26.012Z</time>
			</trkpt>
			<trkpt lat="39.86671" lon="20.77694">
				<ele>765.34</ele>
				<time>2026-08-06T17:36:26.554Z</time>
			</trkpt>
			<trkpt lat="39.86643" lon="20.77695">
				<ele>761.59</ele>
				<time>2026-08-06T17:36:28.060Z</time>
			</trkpt>
			<trkpt lat="39.86634" lon="20.77689">
				<ele>760</ele>
				<time>2026-08-06T17:36:28.605Z</time>
			</trkpt>
			<trkpt lat="39.86633" lon="20.7768">
				<ele>758.71</ele>
				<time>2026-08-06T17:36:28.982Z</time>
			</trkpt>
			<trkpt lat="39.86635" lon="20.77673">
				<ele>757.77</ele>
				<time>2026-08-06T17:36:29.291Z</time>
			</trkpt>
			<trkpt lat="39.86643" lon="20.77658">
				<ele>757.18</ele>
				<time>2026-08-06T17:36:30.049Z</time>
			</trkpt>
			<trkpt lat="39.86644" lon="20.7765">
				<ele>757.16</ele>
				<time>2026-08-06T17:36:30.386Z</time>
			</trkpt>
			<trkpt lat="39.86645" lon="20.77624">
				<ele>757.85</ele>
				<time>2026-08-06T17:36:31.470Z</time>
			</trkpt>
			<trkpt lat="39.86636" lon="20.77604">
				<ele>756.86</ele>
				<time>2026-08-06T17:36:32.438Z</time>
			</trkpt>
			<trkpt lat="39.86628" lon="20.77595">
				<ele>755.82</ele>
				<time>2026-08-06T17:36:33.014Z</time>
			</trkpt>
			<trkpt lat="39.86622" lon="20.77592">
				<ele>754.65</ele>
				<time>2026-08-06T17:36:33.365Z</time>
			</trkpt>
			<trkpt lat="39.86602" lon="20.77585">
				<ele>750.88</ele>
				<time>2026-08-06T17:36:34.497Z</time>
			</trkpt>
			<trkpt lat="39.86592" lon="20.77583">
				<ele>749.33</ele>
				<time>2026-08-06T17:36:35.051Z</time>
			</trkpt>
			<trkpt lat="39.86572" lon="20.77587">
				<ele>747.14</ele>
				<time>2026-08-06T17:36:36.162Z</time>
			</trkpt>
			<trkpt lat="39.86554" lon="20.77592">
				<ele>745.95</ele>
				<time>2026-08-06T17:36:37.175Z</time>
			</trkpt>
			<trkpt lat="39.86544" lon="20.77598">
				<ele>746.03</ele>
				<time>2026-08-06T17:36:37.782Z</time>
			</trkpt>
			<trkpt lat="39.86502" lon="20.77628">
				<ele>747.16</ele>
				<time>2026-08-06T17:36:40.435Z</time>
			</trkpt>
			<trkpt lat="39.86489" lon="20.77636">
				<ele>746.54</ele>
				<time>2026-08-06T17:36:41.234Z</time>
			</trkpt>
			<trkpt lat="39.86467" lon="20.77641">
				<ele>745.18</ele>
				<time>2026-08-06T17:36:42.480Z</time>
			</trkpt>
			<trkpt lat="39.8645" lon="20.7764">
				<ele>745.1</ele>
				<time>2026-08-06T17:36:43.432Z</time>
			</trkpt>
			<trkpt lat="39.86435" lon="20.77634">
				<ele>745.57</ele>
				<time>2026-08-06T17:36:44.311Z</time>
			</trkpt>
			<trkpt lat="39.86421" lon="20.77624">
				<ele>746.02</ele>
				<time>2026-08-06T17:36:45.208Z</time>
			</trkpt>
			<trkpt lat="39.86374" lon="20.77576">
				<ele>740.41</ele>
				<time>2026-08-06T17:36:48.582Z</time>
			</trkpt>
			<trkpt lat="39.86351" lon="20.7756">
				<ele>736.22</ele>
				<time>2026-08-06T17:36:50.064Z</time>
			</trkpt>
			<trkpt lat="39.86291" lon="20.77499">
				<ele>733.83</ele>
				<time>2026-08-06T17:36:54.422Z</time>
			</trkpt>
			<trkpt lat="39.86281" lon="20.77492">
				<ele>731.86</ele>
				<time>2026-08-06T17:36:55.076Z</time>
			</trkpt>
			<trkpt lat="39.86276" lon="20.77486">
				<ele>731.15</ele>
				<time>2026-08-06T17:36:55.468Z</time>
			</trkpt>
			<trkpt lat="39.86261" lon="20.77487">
				<ele>733.32</ele>
				<time>2026-08-06T17:36:56.336Z</time>
			</trkpt>
			<trkpt lat="39.86238" lon="20.77493">
				<ele>737.67</ele>
				<time>2026-08-06T17:36:57.696Z</time>
			</trkpt>
			<trkpt lat="39.86196" lon="20.77494">
				<ele>746.78</ele>
				<time>2026-08-06T17:37:00.142Z</time>
			</trkpt>
			<trkpt lat="39.86186" lon="20.77492">
				<ele>750.61</ele>
				<time>2026-08-06T17:37:00.733Z</time>
			</trkpt>
			<trkpt lat="39.86161" lon="20.7748">
				<ele>761.32</ele>
				<time>2026-08-06T17:37:02.295Z</time>
			</trkpt>
			<trkpt lat="39.86145" lon="20.77465">
				<ele>764.33</ele>
				<time>2026-08-06T17:37:03.455Z</time>
			</trkpt>
			<trkpt lat="39.86127" lon="20.77439">
				<ele>751.69</ele>
				<time>2026-08-06T17:37:05.044Z</time>
			</trkpt>
			<trkpt lat="39.86116" lon="20.7741">
				<ele>738.13</ele>
				<time>2026-08-06T17:37:06.519Z</time>
			</trkpt>
			<trkpt lat="39.86105" lon="20.77391">
				<ele>737.52</ele>
				<time>2026-08-06T17:37:07.610Z</time>
			</trkpt>
			<trkpt lat="39.86093" lon="20.7738">
				<ele>738.31</ele>
				<time>2026-08-06T17:37:08.488Z</time>
			</trkpt>
			<trkpt lat="39.8608" lon="20.77376">
				<ele>738.61</ele>
				<time>2026-08-06T17:37:09.290Z</time>
			</trkpt>
			<trkpt lat="39.86073" lon="20.77377">
				<ele>738.71</ele>
				<time>2026-08-06T17:37:09.714Z</time>
			</trkpt>
			<trkpt lat="39.86042" lon="20.77387">
				<ele>739.41</ele>
				<time>2026-08-06T17:37:11.643Z</time>
			</trkpt>
			<trkpt lat="39.86022" lon="20.77396">
				<ele>742.97</ele>
				<time>2026-08-06T17:37:12.927Z</time>
			</trkpt>
			<trkpt lat="39.86007" lon="20.77405">
				<ele>744.68</ele>
				<time>2026-08-06T17:37:13.933Z</time>
			</trkpt>
			<trkpt lat="39.85946" lon="20.77449">
				<ele>739.28</ele>
				<time>2026-08-06T17:37:18.215Z</time>
			</trkpt>
			<trkpt lat="39.85928" lon="20.77458">
				<ele>741.12</ele>
				<time>2026-08-06T17:37:19.409Z</time>
			</trkpt>
			<trkpt lat="39.85916" lon="20.77459">
				<ele>740.9</ele>
				<time>2026-08-06T17:37:20.155Z</time>
			</trkpt>
			<trkpt lat="39.85906" lon="20.77458">
				<ele>740.26</ele>
				<time>2026-08-06T17:37:20.779Z</time>
			</trkpt>
			<trkpt lat="39.85866" lon="20.77446">
				<ele>738.05</ele>
				<time>2026-08-06T17:37:23.345Z</time>
			</trkpt>
			<trkpt lat="39.85843" lon="20.77444">
				<ele>739.95</ele>
				<time>2026-08-06T17:37:24.794Z</time>
			</trkpt>
			<trkpt lat="39.85823" lon="20.77451">
				<ele>740.7</ele>
				<time>2026-08-06T17:37:26.101Z</time>
			</trkpt>
			<trkpt lat="39.85786" lon="20.77481">
				<ele>740.73</ele>
				<time>2026-08-06T17:37:28.867Z</time>
			</trkpt>
			<trkpt lat="39.85774" lon="20.77487">
				<ele>741.64</ele>
				<time>2026-08-06T17:37:29.687Z</time>
			</trkpt>
			<trkpt lat="39.85754" lon="20.77492">
				<ele>743.52</ele>
				<time>2026-08-06T17:37:30.990Z</time>
			</trkpt>
			<trkpt lat="39.85737" lon="20.77487">
				<ele>743.33</ele>
				<time>2026-08-06T17:37:32.108Z</time>
			</trkpt>
			<trkpt lat="39.85726" lon="20.77479">
				<ele>742.36</ele>
				<time>2026-08-06T17:37:32.918Z</time>
			</trkpt>
			<trkpt lat="39.85683" lon="20.77439">
				<ele>744.21</ele>
				<time>2026-08-06T17:37:36.336Z</time>
			</trkpt>
			<trkpt lat="39.85676" lon="20.77435">
				<ele>744.65</ele>
				<time>2026-08-06T17:37:36.833Z</time>
			</trkpt>
			<trkpt lat="39.85662" lon="20.7743">
				<ele>745.02</ele>
				<time>2026-08-06T17:37:37.779Z</time>
			</trkpt>
			<trkpt lat="39.85648" lon="20.77429">
				<ele>745.22</ele>
				<time>2026-08-06T17:37:38.694Z</time>
			</trkpt>
			<trkpt lat="39.85629" lon="20.77434">
				<ele>745.37</ele>
				<time>2026-08-06T17:37:39.963Z</time>
			</trkpt>
			<trkpt lat="39.85611" lon="20.77445">
				<ele>746.14</ele>
				<time>2026-08-06T17:37:41.269Z</time>
			</trkpt>
			<trkpt lat="39.85571" lon="20.77479">
				<ele>747.59</ele>
				<time>2026-08-06T17:37:44.422Z</time>
			</trkpt>
			<trkpt lat="39.85547" lon="20.77492">
				<ele>747.07</ele>
				<time>2026-08-06T17:37:46.148Z</time>
			</trkpt>
			<trkpt lat="39.85529" lon="20.77498">
				<ele>745.98</ele>
				<time>2026-08-06T17:37:47.387Z</time>
			</trkpt>
			<trkpt lat="39.85294" lon="20.77535">
				<ele>747.06</ele>
				<time>2026-08-06T17:38:03.471Z</time>
			</trkpt>
			<trkpt lat="39.85259" lon="20.7753">
				<ele>753.03</ele>
				<time>2026-08-06T17:38:05.911Z</time>
			</trkpt>
			<trkpt lat="39.85242" lon="20.77525">
				<ele>754.35</ele>
				<time>2026-08-06T17:38:07.124Z</time>
			</trkpt>
			<trkpt lat="39.85225" lon="20.77517">
				<ele>754.4</ele>
				<time>2026-08-06T17:38:08.384Z</time>
			</trkpt>
			<trkpt lat="39.85165" lon="20.77481">
				<ele>754.15</ele>
				<time>2026-08-06T17:38:13.018Z</time>
			</trkpt>
			<trkpt lat="39.85133" lon="20.77453">
				<ele>754.66</ele>
				<time>2026-08-06T17:38:15.741Z</time>
			</trkpt>
			<trkpt lat="39.85104" lon="20.7742">
				<ele>756.01</ele>
				<time>2026-08-06T17:38:18.476Z</time>
			</trkpt>
			<trkpt lat="39.84981" lon="20.77262">
				<ele>760.8</ele>
				<time>2026-08-06T17:38:30.912Z</time>
			</trkpt>
			<trkpt lat="39.8495" lon="20.77231">
				<ele>762.5</ele>
				<time>2026-08-06T17:38:33.763Z</time>
			</trkpt>
			<trkpt lat="39.8492" lon="20.77213">
				<ele>760.15</ele>
				<time>2026-08-06T17:38:36.183Z</time>
			</trkpt>
			<trkpt lat="39.84819" lon="20.77164">
				<ele>765.22</ele>
				<time>2026-08-06T17:38:44.147Z</time>
			</trkpt>
			<trkpt lat="39.84806" lon="20.77157">
				<ele>765.66</ele>
				<time>2026-08-06T17:38:45.194Z</time>
			</trkpt>
			<trkpt lat="39.84771" lon="20.77141">
				<ele>766.37</ele>
				<time>2026-08-06T17:38:47.963Z</time>
			</trkpt>
			<trkpt lat="39.84758" lon="20.77131">
				<ele>765.81</ele>
				<time>2026-08-06T17:38:49.093Z</time>
			</trkpt>
			<trkpt lat="39.84745" lon="20.77115">
				<ele>766.32</ele>
				<time>2026-08-06T17:38:50.434Z</time>
			</trkpt>
			<trkpt lat="39.8474" lon="20.77099">
				<ele>767.86</ele>
				<time>2026-08-06T17:38:51.431Z</time>
			</trkpt>
			<trkpt lat="39.84739" lon="20.77089">
				<ele>768.15</ele>
				<time>2026-08-06T17:38:52.013Z</time>
			</trkpt>
			<trkpt lat="39.8474" lon="20.77073">
				<ele>768.16</ele>
				<time>2026-08-06T17:38:52.941Z</time>
			</trkpt>
			<trkpt lat="39.84759" lon="20.76991">
				<ele>769.39</ele>
				<time>2026-08-06T17:38:57.914Z</time>
			</trkpt>
			<trkpt lat="39.84763" lon="20.76961">
				<ele>771.27</ele>
				<time>2026-08-06T17:38:59.691Z</time>
			</trkpt>
			<trkpt lat="39.84761" lon="20.76942">
				<ele>771.75</ele>
				<time>2026-08-06T17:39:00.812Z</time>
			</trkpt>
			<trkpt lat="39.84755" lon="20.76924">
				<ele>772.18</ele>
				<time>2026-08-06T17:39:01.961Z</time>
			</trkpt>
			<trkpt lat="39.84751" lon="20.76917">
				<ele>772.13</ele>
				<time>2026-08-06T17:39:02.473Z</time>
			</trkpt>
			<trkpt lat="39.84735" lon="20.76898">
				<ele>773.32</ele>
				<time>2026-08-06T17:39:04.128Z</time>
			</trkpt>
			<trkpt lat="39.84693" lon="20.76871">
				<ele>775.22</ele>
				<time>2026-08-06T17:39:07.723Z</time>
			</trkpt>
			<trkpt lat="39.84683" lon="20.76861">
				<ele>775.56</ele>
				<time>2026-08-06T17:39:08.693Z</time>
			</trkpt>
			<trkpt lat="39.84663" lon="20.7683">
				<ele>773.81</ele>
				<time>2026-08-06T17:39:11.092Z</time>
			</trkpt>
			<trkpt lat="39.84639" lon="20.76778">
				<ele>776.91</ele>
				<time>2026-08-06T17:39:14.700Z</time>
			</trkpt>
			<trkpt lat="39.84622" lon="20.76755">
				<ele>775.19</ele>
				<time>2026-08-06T17:39:16.605Z</time>
			</trkpt>
			<trkpt lat="39.846" lon="20.7674">
				<ele>774.45</ele>
				<time>2026-08-06T17:39:18.540Z</time>
			</trkpt>
			<trkpt lat="39.84532" lon="20.76709">
				<ele>780.11</ele>
				<time>2026-08-06T17:39:24.180Z</time>
			</trkpt>
			<trkpt lat="39.84516" lon="20.76697">
				<ele>779.29</ele>
				<time>2026-08-06T17:39:25.632Z</time>
			</trkpt>
			<trkpt lat="39.84505" lon="20.76683">
				<ele>778.85</ele>
				<time>2026-08-06T17:39:26.843Z</time>
			</trkpt>
			<trkpt lat="39.84463" lon="20.76622">
				<ele>780.24</ele>
				<time>2026-08-06T17:39:31.815Z</time>
			</trkpt>
			<trkpt lat="39.84447" lon="20.76602">
				<ele>781.57</ele>
				<time>2026-08-06T17:39:33.574Z</time>
			</trkpt>
			<trkpt lat="39.84386" lon="20.7654">
				<ele>783.22</ele>
				<time>2026-08-06T17:39:39.741Z</time>
			</trkpt>
			<trkpt lat="39.8422" lon="20.76379">
				<ele>785.52</ele>
				<time>2026-08-06T17:39:56.439Z</time>
			</trkpt>
			<trkpt lat="39.842" lon="20.76353">
				<ele>783.35</ele>
				<time>2026-08-06T17:39:58.741Z</time>
			</trkpt>
			<trkpt lat="39.84187" lon="20.76327">
				<ele>784.16</ele>
				<time>2026-08-06T17:40:00.686Z</time>
			</trkpt>
			<trkpt lat="39.84176" lon="20.76299">
				<ele>786.94</ele>
				<time>2026-08-06T17:40:02.661Z</time>
			</trkpt>
			<trkpt lat="39.84118" lon="20.76128">
				<ele>797.07</ele>
				<time>2026-08-06T17:40:14.476Z</time>
			</trkpt>
			<trkpt lat="39.8411" lon="20.76109">
				<ele>797.02</ele>
				<time>2026-08-06T17:40:15.854Z</time>
			</trkpt>
			<trkpt lat="39.84089" lon="20.76069">
				<ele>796.27</ele>
				<time>2026-08-06T17:40:18.941Z</time>
			</trkpt>
			<trkpt lat="39.84032" lon="20.75989">
				<ele>794.61</ele>
				<time>2026-08-06T17:40:25.923Z</time>
			</trkpt>
			<trkpt lat="39.83997" lon="20.75943">
				<ele>793.05</ele>
				<time>2026-08-06T17:40:30.086Z</time>
			</trkpt>
			<trkpt lat="39.83963" lon="20.7591">
				<ele>794.75</ele>
				<time>2026-08-06T17:40:33.647Z</time>
			</trkpt>
			<trkpt lat="39.83898" lon="20.75862">
				<ele>795.9</ele>
				<time>2026-08-06T17:40:39.945Z</time>
			</trkpt>
			<trkpt lat="39.83873" lon="20.75837">
				<ele>798.52</ele>
				<time>2026-08-06T17:40:42.611Z</time>
			</trkpt>
			<trkpt lat="39.83857" lon="20.75816">
				<ele>800.78</ele>
				<time>2026-08-06T17:40:44.536Z</time>
			</trkpt>
			<trkpt lat="39.83777" lon="20.75701">
				<ele>811.78</ele>
				<time>2026-08-06T17:40:54.675Z</time>
			</trkpt>
			<trkpt lat="39.83763" lon="20.75673">
				<ele>811.5</ele>
				<time>2026-08-06T17:40:56.868Z</time>
			</trkpt>
			<trkpt lat="39.83752" lon="20.75643">
				<ele>808.81</ele>
				<time>2026-08-06T17:40:59.053Z</time>
			</trkpt>
			<trkpt lat="39.83745" lon="20.7561">
				<ele>806.67</ele>
				<time>2026-08-06T17:41:01.306Z</time>
			</trkpt>
			<trkpt lat="39.83741" lon="20.75588">
				<ele>806.42</ele>
				<time>2026-08-06T17:41:02.796Z</time>
			</trkpt>
			<trkpt lat="39.83738" lon="20.75544">
				<ele>806.33</ele>
				<time>2026-08-06T17:41:05.711Z</time>
			</trkpt>
			<trkpt lat="39.83747" lon="20.75391">
				<ele>813.99</ele>
				<time>2026-08-06T17:41:15.879Z</time>
			</trkpt>
			<trkpt lat="39.83746" lon="20.75349">
				<ele>816.96</ele>
				<time>2026-08-06T17:41:18.675Z</time>
			</trkpt>
			<trkpt lat="39.8374" lon="20.7532">
				<ele>819.08</ele>
				<time>2026-08-06T17:41:20.675Z</time>
			</trkpt>
			<trkpt lat="39.83723" lon="20.75273">
				<ele>820.91</ele>
				<time>2026-08-06T17:41:24.142Z</time>
			</trkpt>
			<trkpt lat="39.83719" lon="20.75254">
				<ele>820.36</ele>
				<time>2026-08-06T17:41:25.458Z</time>
			</trkpt>
			<trkpt lat="39.83718" lon="20.75234">
				<ele>821.34</ele>
				<time>2026-08-06T17:41:26.798Z</time>
			</trkpt>
			<trkpt lat="39.8372" lon="20.75212">
				<ele>822.45</ele>
				<time>2026-08-06T17:41:28.280Z</time>
			</trkpt>
			<trkpt lat="39.83727" lon="20.7519">
				<ele>823.98</ele>
				<time>2026-08-06T17:41:29.875Z</time>
			</trkpt>
			<trkpt lat="39.83737" lon="20.75171">
				<ele>825.4</ele>
				<time>2026-08-06T17:41:31.419Z</time>
			</trkpt>
			<trkpt lat="39.83782" lon="20.75096">
				<ele>830.28</ele>
				<time>2026-08-06T17:41:37.812Z</time>
			</trkpt>
			<trkpt lat="39.83792" lon="20.75074">
				<ele>830.64</ele>
				<time>2026-08-06T17:41:39.533Z</time>
			</trkpt>
			<trkpt lat="39.83798" lon="20.75051">
				<ele>829.22</ele>
				<time>2026-08-06T17:41:41.169Z</time>
			</trkpt>
			<trkpt lat="39.83801" lon="20.75015">
				<ele>827.64</ele>
				<time>2026-08-06T17:41:43.610Z</time>
			</trkpt>
			<trkpt lat="39.83803" lon="20.74758">
				<ele>833.77</ele>
				<time>2026-08-06T17:42:01.021Z</time>
			</trkpt>
			<trkpt lat="39.83803" lon="20.74727">
				<ele>834.16</ele>
				<time>2026-08-06T17:42:03.130Z</time>
			</trkpt>
			<trkpt lat="39.83801" lon="20.74711">
				<ele>835.24</ele>
				<time>2026-08-06T17:42:04.234Z</time>
			</trkpt>
			<trkpt lat="39.83794" lon="20.74681">
				<ele>836.89</ele>
				<time>2026-08-06T17:42:06.370Z</time>
			</trkpt>
			<trkpt lat="39.83782" lon="20.74652">
				<ele>838.14</ele>
				<time>2026-08-06T17:42:08.616Z</time>
			</trkpt>
			<trkpt lat="39.83744" lon="20.74565">
				<ele>842.58</ele>
				<time>2026-08-06T17:42:15.453Z</time>
			</trkpt>
			<trkpt lat="39.83701" lon="20.74433">
				<ele>840.15</ele>
				<time>2026-08-06T17:42:25.277Z</time>
			</trkpt>
			<trkpt lat="39.83652" lon="20.74275">
				<ele>849.79</ele>
				<time>2026-08-06T17:42:36.995Z</time>
			</trkpt>
			<trkpt lat="39.83649" lon="20.74262">
				<ele>847.84</ele>
				<time>2026-08-06T17:42:37.930Z</time>
			</trkpt>
			<trkpt lat="39.83648" lon="20.74245">
				<ele>845.87</ele>
				<time>2026-08-06T17:42:39.105Z</time>
			</trkpt>
			<trkpt lat="39.83649" lon="20.74216">
				<ele>845.62</ele>
				<time>2026-08-06T17:42:41.107Z</time>
			</trkpt>
			<trkpt lat="39.83652" lon="20.74203">
				<ele>845.99</ele>
				<time>2026-08-06T17:42:42.043Z</time>
			</trkpt>
			<trkpt lat="39.83739" lon="20.73917">
				<ele>851.83</ele>
				<time>2026-08-06T17:43:03.327Z</time>
			</trkpt>
			<trkpt lat="39.83757" lon="20.73869">
				<ele>853.38</ele>
				<time>2026-08-06T17:43:07.033Z</time>
			</trkpt>
			<trkpt lat="39.83785" lon="20.73816">
				<ele>854.9</ele>
				<time>2026-08-06T17:43:11.501Z</time>
			</trkpt>
			<trkpt lat="39.83832" lon="20.73748">
				<ele>858.81</ele>
				<time>2026-08-06T17:43:17.861Z</time>
			</trkpt>
			<trkpt lat="39.83903" lon="20.73627">
				<ele>868.84</ele>
				<time>2026-08-06T17:43:28.463Z</time>
			</trkpt>
			<trkpt lat="39.8391" lon="20.73611">
				<ele>867.58</ele>
				<time>2026-08-06T17:43:29.746Z</time>
			</trkpt>
			<trkpt lat="39.83912" lon="20.73596">
				<ele>866.36</ele>
				<time>2026-08-06T17:43:30.807Z</time>
			</trkpt>
			<trkpt lat="39.83901" lon="20.73554">
				<ele>870.99</ele>
				<time>2026-08-06T17:43:33.901Z</time>
			</trkpt>
			<trkpt lat="39.84121" lon="20.7347">
				<ele>877.18</ele>
				<time>2026-08-06T17:43:54.740Z</time>
			</trkpt>
			<trkpt lat="39.84148" lon="20.73455">
				<ele>878.54</ele>
				<time>2026-08-06T17:43:57.411Z</time>
			</trkpt>
			<trkpt lat="39.84346" lon="20.73318">
				<ele>880.48</ele>
				<time>2026-08-06T17:44:17.819Z</time>
			</trkpt>
			<trkpt lat="39.84392" lon="20.73296">
				<ele>879.67</ele>
				<time>2026-08-06T17:44:22.280Z</time>
			</trkpt>
			<trkpt lat="39.84414" lon="20.73278">
				<ele>877.12</ele>
				<time>2026-08-06T17:44:24.645Z</time>
			</trkpt>
			<trkpt lat="39.84499" lon="20.73193">
				<ele>868.93</ele>
				<time>2026-08-06T17:44:34.437Z</time>
			</trkpt>
			<trkpt lat="39.84553" lon="20.73132">
				<ele>867.19</ele>
				<time>2026-08-06T17:44:41.129Z</time>
			</trkpt>
			<trkpt lat="39.84652" lon="20.72995">
				<ele>863.09</ele>
				<time>2026-08-06T17:44:55.100Z</time>
			</trkpt>
			<trkpt lat="39.84721" lon="20.72894">
				<ele>859.34</ele>
				<time>2026-08-06T17:45:05.478Z</time>
			</trkpt>
			<trkpt lat="39.84761" lon="20.72849">
				<ele>857.68</ele>
				<time>2026-08-06T17:45:10.862Z</time>
			</trkpt>
			<trkpt lat="39.84827" lon="20.72783">
				<ele>856.47</ele>
				<time>2026-08-06T17:45:19.464Z</time>
			</trkpt>
			<trkpt lat="39.84866" lon="20.7275">
				<ele>852.3</ele>
				<time>2026-08-06T17:45:24.334Z</time>
			</trkpt>
			<trkpt lat="39.85084" lon="20.7259">
				<ele>849.51</ele>
				<time>2026-08-06T17:45:51.213Z</time>
			</trkpt>
			<trkpt lat="39.85131" lon="20.72566">
				<ele>847.31</ele>
				<time>2026-08-06T17:45:56.754Z</time>
			</trkpt>
			<trkpt lat="39.85206" lon="20.72534">
				<ele>847.97</ele>
				<time>2026-08-06T17:46:05.480Z</time>
			</trkpt>
			<trkpt lat="39.85234" lon="20.72525">
				<ele>848.69</ele>
				<time>2026-08-06T17:46:08.687Z</time>
			</trkpt>
			<trkpt lat="39.85304" lon="20.72509">
				<ele>848.64</ele>
				<time>2026-08-06T17:46:16.626Z</time>
			</trkpt>
			<trkpt lat="39.85368" lon="20.725">
				<ele>844.77</ele>
				<time>2026-08-06T17:46:23.855Z</time>
			</trkpt>
			<trkpt lat="39.85468" lon="20.72494">
				<ele>843.86</ele>
				<time>2026-08-06T17:46:35.157Z</time>
			</trkpt>
			<trkpt lat="39.85489" lon="20.72497">
				<ele>844.97</ele>
				<time>2026-08-06T17:46:37.550Z</time>
			</trkpt>
			<trkpt lat="39.85514" lon="20.72504">
				<ele>846.76</ele>
				<time>2026-08-06T17:46:40.449Z</time>
			</trkpt>
			<trkpt lat="39.85543" lon="20.72515">
				<ele>848.67</ele>
				<time>2026-08-06T17:46:43.877Z</time>
			</trkpt>
			<trkpt lat="39.85572" lon="20.72531">
				<ele>849.54</ele>
				<time>2026-08-06T17:46:47.454Z</time>
			</trkpt>
			<trkpt lat="39.85613" lon="20.72566">
				<ele>847.07</ele>
				<time>2026-08-06T17:46:53.028Z</time>
			</trkpt>
			<trkpt lat="39.85716" lon="20.72668">
				<ele>850.5</ele>
				<time>2026-08-06T17:47:07.753Z</time>
			</trkpt>
			<trkpt lat="39.85929" lon="20.72869">
				<ele>859.32</ele>
				<time>2026-08-06T17:47:37.577Z</time>
			</trkpt>
			<trkpt lat="39.85954" lon="20.72885">
				<ele>860.01</ele>
				<time>2026-08-06T17:47:40.714Z</time>
			</trkpt>
			<trkpt lat="39.85971" lon="20.72889">
				<ele>860.26</ele>
				<time>2026-08-06T17:47:42.657Z</time>
			</trkpt>
			<trkpt lat="39.85987" lon="20.72888">
				<ele>858.89</ele>
				<time>2026-08-06T17:47:44.456Z</time>
			</trkpt>
			<trkpt lat="39.8601" lon="20.72882">
				<ele>857.01</ele>
				<time>2026-08-06T17:47:47.087Z</time>
			</trkpt>
			<trkpt lat="39.86025" lon="20.72872">
				<ele>855.57</ele>
				<time>2026-08-06T17:47:48.974Z</time>
			</trkpt>
			<trkpt lat="39.86089" lon="20.72819">
				<ele>854.1</ele>
				<time>2026-08-06T17:47:57.432Z</time>
			</trkpt>
			<trkpt lat="39.86116" lon="20.72787">
				<ele>854.25</ele>
				<time>2026-08-06T17:48:01.482Z</time>
			</trkpt>
			<trkpt lat="39.8612" lon="20.7278">
				<ele>853.99</ele>
				<time>2026-08-06T17:48:02.223Z</time>
			</trkpt>
			<trkpt lat="39.86124" lon="20.72766">
				<ele>854.14</ele>
				<time>2026-08-06T17:48:03.491Z</time>
			</trkpt>
			<trkpt lat="39.86126" lon="20.72749">
				<ele>853.69</ele>
				<time>2026-08-06T17:48:04.949Z</time>
			</trkpt>
			<trkpt lat="39.86126" lon="20.72725">
				<ele>853.35</ele>
				<time>2026-08-06T17:48:06.980Z</time>
			</trkpt>
			<trkpt lat="39.86119" lon="20.72656">
				<ele>854.51</ele>
				<time>2026-08-06T17:48:12.844Z</time>
			</trkpt>
			<trkpt lat="39.86118" lon="20.72609">
				<ele>853.17</ele>
				<time>2026-08-06T17:48:16.783Z</time>
			</trkpt>
			<trkpt lat="39.86119" lon="20.72593">
				<ele>853.1</ele>
				<time>2026-08-06T17:48:18.124Z</time>
			</trkpt>
			<trkpt lat="39.86125" lon="20.72562">
				<ele>853.05</ele>
				<time>2026-08-06T17:48:20.786Z</time>
			</trkpt>
			<trkpt lat="39.86136" lon="20.72533">
				<ele>853.95</ele>
				<time>2026-08-06T17:48:23.471Z</time>
			</trkpt>
			<trkpt lat="39.86144" lon="20.72517">
				<ele>855</ele>
				<time>2026-08-06T17:48:25.051Z</time>
			</trkpt>
			<trkpt lat="39.8617" lon="20.72481">
				<ele>856.34</ele>
				<time>2026-08-06T17:48:29.125Z</time>
			</trkpt>
			<trkpt lat="39.86217" lon="20.72431">
				<ele>859.37</ele>
				<time>2026-08-06T17:48:35.587Z</time>
			</trkpt>
			<trkpt lat="39.86234" lon="20.72416">
				<ele>859.73</ele>
				<time>2026-08-06T17:48:37.758Z</time>
			</trkpt>
			<trkpt lat="39.8628" lon="20.72388">
				<ele>860.88</ele>
				<time>2026-08-06T17:48:43.092Z</time>
			</trkpt>
			<trkpt lat="39.86301" lon="20.72371">
				<ele>861.86</ele>
				<time>2026-08-06T17:48:45.671Z</time>
			</trkpt>
			<trkpt lat="39.86401" lon="20.72244">
				<ele>845.21</ele>
				<time>2026-08-06T17:48:59.986Z</time>
			</trkpt>
			<trkpt lat="39.86414" lon="20.72235">
				<ele>844.65</ele>
				<time>2026-08-06T17:49:01.469Z</time>
			</trkpt>
			<trkpt lat="39.86425" lon="20.72233">
				<ele>843.71</ele>
				<time>2026-08-06T17:49:02.584Z</time>
			</trkpt>
			<trkpt lat="39.86437" lon="20.72235">
				<ele>843.35</ele>
				<time>2026-08-06T17:49:03.796Z</time>
			</trkpt>
			<trkpt lat="39.86446" lon="20.7224">
				<ele>843.44</ele>
				<time>2026-08-06T17:49:04.773Z</time>
			</trkpt>
			<trkpt lat="39.86459" lon="20.72254">
				<ele>842.98</ele>
				<time>2026-08-06T17:49:06.451Z</time>
			</trkpt>
			<trkpt lat="39.86475" lon="20.72282">
				<ele>844.45</ele>
				<time>2026-08-06T17:49:09.103Z</time>
			</trkpt>
			<trkpt lat="39.86489" lon="20.72298">
				<ele>843.08</ele>
				<time>2026-08-06T17:49:10.935Z</time>
			</trkpt>
			<trkpt lat="39.86591" lon="20.72365">
				<ele>841.34</ele>
				<time>2026-08-06T17:49:21.967Z</time>
			</trkpt>
			<trkpt lat="39.86637" lon="20.72386">
				<ele>838.17</ele>
				<time>2026-08-06T17:49:26.561Z</time>
			</trkpt>
			<trkpt lat="39.86666" lon="20.72381">
				<ele>836.5</ele>
				<time>2026-08-06T17:49:29.284Z</time>
			</trkpt>
			<trkpt lat="39.86678" lon="20.72376">
				<ele>837.93</ele>
				<time>2026-08-06T17:49:30.449Z</time>
			</trkpt>
			<trkpt lat="39.86693" lon="20.72363">
				<ele>838.23</ele>
				<time>2026-08-06T17:49:32.106Z</time>
			</trkpt>
			<trkpt lat="39.86716" lon="20.72333">
				<ele>837.28</ele>
				<time>2026-08-06T17:49:35.073Z</time>
			</trkpt>
			<trkpt lat="39.86784" lon="20.72216">
				<ele>845.4</ele>
				<time>2026-08-06T17:49:45.076Z</time>
			</trkpt>
			<trkpt lat="39.86788" lon="20.72206">
				<ele>847.72</ele>
				<time>2026-08-06T17:49:45.827Z</time>
			</trkpt>
			<trkpt lat="39.8679" lon="20.72195">
				<ele>848.24</ele>
				<time>2026-08-06T17:49:46.577Z</time>
			</trkpt>
			<trkpt lat="39.86793" lon="20.72151">
				<ele>844.71</ele>
				<time>2026-08-06T17:49:49.482Z</time>
			</trkpt>
			<trkpt lat="39.86791" lon="20.72118">
				<ele>841.61</ele>
				<time>2026-08-06T17:49:51.633Z</time>
			</trkpt>
			<trkpt lat="39.86788" lon="20.721">
				<ele>840.7</ele>
				<time>2026-08-06T17:49:52.819Z</time>
			</trkpt>
			<trkpt lat="39.86769" lon="20.7202">
				<ele>835.97</ele>
				<time>2026-08-06T17:49:58.120Z</time>
			</trkpt>
			<trkpt lat="39.86731" lon="20.7189">
				<ele>837.32</ele>
				<time>2026-08-06T17:50:06.574Z</time>
			</trkpt>
			<trkpt lat="39.86726" lon="20.71867">
				<ele>836.72</ele>
				<time>2026-08-06T17:50:07.981Z</time>
			</trkpt>
			<trkpt lat="39.86724" lon="20.71845">
				<ele>837.03</ele>
				<time>2026-08-06T17:50:09.273Z</time>
			</trkpt>
			<trkpt lat="39.86733" lon="20.71449">
				<ele>841.84</ele>
				<time>2026-08-06T17:50:30.388Z</time>
			</trkpt>
			<trkpt lat="39.86735" lon="20.71416">
				<ele>841.4</ele>
				<time>2026-08-06T17:50:32.000Z</time>
			</trkpt>
			<trkpt lat="39.86739" lon="20.71393">
				<ele>840.53</ele>
				<time>2026-08-06T17:50:33.137Z</time>
			</trkpt>
			<trkpt lat="39.86782" lon="20.71301">
				<ele>839.77</ele>
				<time>2026-08-06T17:50:38.207Z</time>
			</trkpt>
			<trkpt lat="39.86795" lon="20.71279">
				<ele>839.69</ele>
				<time>2026-08-06T17:50:39.485Z</time>
			</trkpt>
			<trkpt lat="39.86807" lon="20.71262">
				<ele>840.05</ele>
				<time>2026-08-06T17:50:40.539Z</time>
			</trkpt>
			<trkpt lat="39.86882" lon="20.71192">
				<ele>841</ele>
				<time>2026-08-06T17:50:45.908Z</time>
			</trkpt>
			<trkpt lat="39.86898" lon="20.71174">
				<ele>841.53</ele>
				<time>2026-08-06T17:50:47.113Z</time>
			</trkpt>
			<trkpt lat="39.86908" lon="20.71153">
				<ele>840.92</ele>
				<time>2026-08-06T17:50:48.187Z</time>
			</trkpt>
			<trkpt lat="39.86932" lon="20.71086">
				<ele>842.56</ele>
				<time>2026-08-06T17:50:51.365Z</time>
			</trkpt>
			<trkpt lat="39.86965" lon="20.71035">
				<ele>840.06</ele>
				<time>2026-08-06T17:50:54.190Z</time>
			</trkpt>
			<trkpt lat="39.87016" lon="20.70964">
				<ele>842.99</ele>
				<time>2026-08-06T17:50:58.251Z</time>
			</trkpt>
			<trkpt lat="39.87008" lon="20.70951">
				<ele>843.57</ele>
				<time>2026-08-06T17:50:58.941Z</time>
			</trkpt>
			<trkpt lat="39.86999" lon="20.70945">
				<ele>843.89</ele>
				<time>2026-08-06T17:50:59.486Z</time>
			</trkpt>
			<trkpt lat="39.86937" lon="20.70937">
				<ele>840.68</ele>
				<time>2026-08-06T17:51:02.826Z</time>
			</trkpt>
			<trkpt lat="39.86852" lon="20.70934">
				<ele>840.12</ele>
				<time>2026-08-06T17:51:07.355Z</time>
			</trkpt>
			<trkpt lat="39.86839" lon="20.70928">
				<ele>839.33</ele>
				<time>2026-08-06T17:51:08.089Z</time>
			</trkpt>
			<trkpt lat="39.86835" lon="20.70923">
				<ele>839.1</ele>
				<time>2026-08-06T17:51:08.383Z</time>
			</trkpt>
			<trkpt lat="39.86832" lon="20.70915">
				<ele>839.02</ele>
				<time>2026-08-06T17:51:08.747Z</time>
			</trkpt>
			<trkpt lat="39.86832" lon="20.70906">
				<ele>839.24</ele>
				<time>2026-08-06T17:51:09.114Z</time>
			</trkpt>
			<trkpt lat="39.86835" lon="20.70885">
				<ele>840</ele>
				<time>2026-08-06T17:51:09.986Z</time>
			</trkpt>
			<trkpt lat="39.86863" lon="20.70751">
				<ele>840.07</ele>
				<time>2026-08-06T17:51:15.672Z</time>
			</trkpt>
			<trkpt lat="39.86895" lon="20.70677">
				<ele>838.99</ele>
				<time>2026-08-06T17:51:19.182Z</time>
			</trkpt>
			<trkpt lat="39.86927" lon="20.70595">
				<ele>838.04</ele>
				<time>2026-08-06T17:51:23.029Z</time>
			</trkpt>
			<trkpt lat="39.8694" lon="20.70556">
				<ele>838.71</ele>
				<time>2026-08-06T17:51:24.828Z</time>
			</trkpt>
			<trkpt lat="39.86956" lon="20.7048">
				<ele>839.12</ele>
				<time>2026-08-06T17:51:28.205Z</time>
			</trkpt>
			<trkpt lat="39.86979" lon="20.7041">
				<ele>839.8</ele>
				<time>2026-08-06T17:51:31.527Z</time>
			</trkpt>
			<trkpt lat="39.86994" lon="20.70373">
				<ele>842.4</ele>
				<time>2026-08-06T17:51:33.373Z</time>
			</trkpt>
			<trkpt lat="39.87009" lon="20.70347">
				<ele>842.54</ele>
				<time>2026-08-06T17:51:34.806Z</time>
			</trkpt>
			<trkpt lat="39.87056" lon="20.70289">
				<ele>842.47</ele>
				<time>2026-08-06T17:51:38.511Z</time>
			</trkpt>
			<trkpt lat="39.87124" lon="20.70192">
				<ele>847.06</ele>
				<time>2026-08-06T17:51:44.257Z</time>
			</trkpt>
			<trkpt lat="39.87139" lon="20.70161">
				<ele>848.17</ele>
				<time>2026-08-06T17:51:45.854Z</time>
			</trkpt>
			<trkpt lat="39.87147" lon="20.70137">
				<ele>848.94</ele>
				<time>2026-08-06T17:51:46.994Z</time>
			</trkpt>
			<trkpt lat="39.87157" lon="20.70119">
				<ele>848.29</ele>
				<time>2026-08-06T17:51:47.962Z</time>
			</trkpt>
			<trkpt lat="39.87168" lon="20.70105">
				<ele>848.13</ele>
				<time>2026-08-06T17:51:48.833Z</time>
			</trkpt>
			<trkpt lat="39.87176" lon="20.70099">
				<ele>848.53</ele>
				<time>2026-08-06T17:51:49.356Z</time>
			</trkpt>
			<trkpt lat="39.87186" lon="20.70081">
				<ele>848.67</ele>
				<time>2026-08-06T17:51:50.322Z</time>
			</trkpt>
			<trkpt lat="39.87215" lon="20.7004">
				<ele>849.91</ele>
				<time>2026-08-06T17:51:52.744Z</time>
			</trkpt>
			<trkpt lat="39.87228" lon="20.70017">
				<ele>850.8</ele>
				<time>2026-08-06T17:51:53.983Z</time>
			</trkpt>
			<trkpt lat="39.87254" lon="20.69943">
				<ele>852.19</ele>
				<time>2026-08-06T17:51:57.512Z</time>
			</trkpt>
			<trkpt lat="39.87264" lon="20.6992">
				<ele>851.34</ele>
				<time>2026-08-06T17:51:58.658Z</time>
			</trkpt>
			<trkpt lat="39.87329" lon="20.69808">
				<ele>848.11</ele>
				<time>2026-08-06T17:52:04.739Z</time>
			</trkpt>
			<trkpt lat="39.87368" lon="20.69709">
				<ele>847.94</ele>
				<time>2026-08-06T17:52:09.558Z</time>
			</trkpt>
			<trkpt lat="39.87379" lon="20.6969">
				<ele>848.21</ele>
				<time>2026-08-06T17:52:10.589Z</time>
			</trkpt>
			<trkpt lat="39.87397" lon="20.69672">
				<ele>848.44</ele>
				<time>2026-08-06T17:52:11.870Z</time>
			</trkpt>
			<trkpt lat="39.87446" lon="20.69649">
				<ele>849.24</ele>
				<time>2026-08-06T17:52:14.814Z</time>
			</trkpt>
			<trkpt lat="39.87456" lon="20.69641">
				<ele>850.72</ele>
				<time>2026-08-06T17:52:15.477Z</time>
			</trkpt>
			<trkpt lat="39.87462" lon="20.69633">
				<ele>851.67</ele>
				<time>2026-08-06T17:52:15.963Z</time>
			</trkpt>
			<trkpt lat="39.87467" lon="20.69622">
				<ele>852.44</ele>
				<time>2026-08-06T17:52:16.518Z</time>
			</trkpt>
			<trkpt lat="39.87497" lon="20.69533">
				<ele>853.63</ele>
				<time>2026-08-06T17:52:20.744Z</time>
			</trkpt>
			<trkpt lat="39.87518" lon="20.69486">
				<ele>850.41</ele>
				<time>2026-08-06T17:52:23.114Z</time>
			</trkpt>
			<trkpt lat="39.87553" lon="20.69438">
				<ele>850.12</ele>
				<time>2026-08-06T17:52:26.004Z</time>
			</trkpt>
			<trkpt lat="39.87577" lon="20.6941">
				<ele>850.23</ele>
				<time>2026-08-06T17:52:27.840Z</time>
			</trkpt>
			<trkpt lat="39.87649" lon="20.69337">
				<ele>849.19</ele>
				<time>2026-08-06T17:52:33.056Z</time>
			</trkpt>
			<trkpt lat="39.87651" lon="20.69325">
				<ele>847.33</ele>
				<time>2026-08-06T17:52:33.597Z</time>
			</trkpt>
			<trkpt lat="39.87651" lon="20.69295">
				<ele>843.5</ele>
				<time>2026-08-06T17:52:34.918Z</time>
			</trkpt>
			<trkpt lat="39.87649" lon="20.69275">
				<ele>841.49</ele>
				<time>2026-08-06T17:52:35.808Z</time>
			</trkpt>
			<trkpt lat="39.87643" lon="20.69251">
				<ele>840.72</ele>
				<time>2026-08-06T17:52:36.923Z</time>
			</trkpt>
			<trkpt lat="39.87629" lon="20.69219">
				<ele>839.1</ele>
				<time>2026-08-06T17:52:38.553Z</time>
			</trkpt>
			<trkpt lat="39.87567" lon="20.69113">
				<ele>835.82</ele>
				<time>2026-08-06T17:52:44.478Z</time>
			</trkpt>
			<trkpt lat="39.87543" lon="20.69079">
				<ele>834.81</ele>
				<time>2026-08-06T17:52:46.544Z</time>
			</trkpt>
			<trkpt lat="39.87528" lon="20.69061">
				<ele>835.18</ele>
				<time>2026-08-06T17:52:47.735Z</time>
			</trkpt>
			<trkpt lat="39.87447" lon="20.68985">
				<ele>836.43</ele>
				<time>2026-08-06T17:52:53.599Z</time>
			</trkpt>
			<trkpt lat="39.87439" lon="20.68969">
				<ele>839.11</ele>
				<time>2026-08-06T17:52:54.465Z</time>
			</trkpt>
			<trkpt lat="39.87437" lon="20.6896">
				<ele>841.17</ele>
				<time>2026-08-06T17:52:54.890Z</time>
			</trkpt>
			<trkpt lat="39.87437" lon="20.68944">
				<ele>843.34</ele>
				<time>2026-08-06T17:52:55.617Z</time>
			</trkpt>
			<trkpt lat="39.87444" lon="20.68918">
				<ele>842.79</ele>
				<time>2026-08-06T17:52:56.871Z</time>
			</trkpt>
			<trkpt lat="39.87457" lon="20.68888">
				<ele>840.16</ele>
				<time>2026-08-06T17:52:58.444Z</time>
			</trkpt>
			<trkpt lat="39.87466" lon="20.68849">
				<ele>842.65</ele>
				<time>2026-08-06T17:53:00.308Z</time>
			</trkpt>
			<trkpt lat="39.8747" lon="20.68839">
				<ele>843.38</ele>
				<time>2026-08-06T17:53:00.826Z</time>
			</trkpt>
			<trkpt lat="39.87477" lon="20.68826">
				<ele>844.54</ele>
				<time>2026-08-06T17:53:01.555Z</time>
			</trkpt>
			<trkpt lat="39.87506" lon="20.68783">
				<ele>847.37</ele>
				<time>2026-08-06T17:53:04.194Z</time>
			</trkpt>
			<trkpt lat="39.87516" lon="20.68772">
				<ele>847.28</ele>
				<time>2026-08-06T17:53:04.983Z</time>
			</trkpt>
			<trkpt lat="39.87519" lon="20.68765">
				<ele>847.4</ele>
				<time>2026-08-06T17:53:05.354Z</time>
			</trkpt>
			<trkpt lat="39.87528" lon="20.68733">
				<ele>848.49</ele>
				<time>2026-08-06T17:53:06.936Z</time>
			</trkpt>
			<trkpt lat="39.87534" lon="20.68691">
				<ele>849.53</ele>
				<time>2026-08-06T17:53:08.925Z</time>
			</trkpt>
			<trkpt lat="39.87538" lon="20.68675">
				<ele>849.71</ele>
				<time>2026-08-06T17:53:09.711Z</time>
			</trkpt>
			<trkpt lat="39.87546" lon="20.68657">
				<ele>848.67</ele>
				<time>2026-08-06T17:53:10.682Z</time>
			</trkpt>
			<trkpt lat="39.87557" lon="20.68646">
				<ele>846.61</ele>
				<time>2026-08-06T17:53:11.525Z</time>
			</trkpt>
			<trkpt lat="39.87569" lon="20.68617">
				<ele>845.67</ele>
				<time>2026-08-06T17:53:13.058Z</time>
			</trkpt>
			<trkpt lat="39.87572" lon="20.68599">
				<ele>845.07</ele>
				<time>2026-08-06T17:53:13.913Z</time>
			</trkpt>
			<trkpt lat="39.87573" lon="20.68583">
				<ele>844.8</ele>
				<time>2026-08-06T17:53:14.657Z</time>
			</trkpt>
			<trkpt lat="39.87571" lon="20.68516">
				<ele>849.61</ele>
				<time>2026-08-06T17:53:17.756Z</time>
			</trkpt>
			<trkpt lat="39.87575" lon="20.68486">
				<ele>849.19</ele>
				<time>2026-08-06T17:53:19.159Z</time>
			</trkpt>
			<trkpt lat="39.87583" lon="20.6846">
				<ele>846.61</ele>
				<time>2026-08-06T17:53:20.446Z</time>
			</trkpt>
			<trkpt lat="39.87592" lon="20.68438">
				<ele>844.34</ele>
				<time>2026-08-06T17:53:21.590Z</time>
			</trkpt>
			<trkpt lat="39.87608" lon="20.68411">
				<ele>842.81</ele>
				<time>2026-08-06T17:53:23.153Z</time>
			</trkpt>
			<trkpt lat="39.87648" lon="20.68361">
				<ele>844.31</ele>
				<time>2026-08-06T17:53:26.450Z</time>
			</trkpt>
			<trkpt lat="39.87683" lon="20.6831">
				<ele>839.83</ele>
				<time>2026-08-06T17:53:29.560Z</time>
			</trkpt>
			<trkpt lat="39.87713" lon="20.68264">
				<ele>841.08</ele>
				<time>2026-08-06T17:53:32.295Z</time>
			</trkpt>
			<trkpt lat="39.87801" lon="20.68142">
				<ele>840.19</ele>
				<time>2026-08-06T17:53:39.841Z</time>
			</trkpt>
			<trkpt lat="39.87825" lon="20.68095">
				<ele>840.15</ele>
				<time>2026-08-06T17:53:42.374Z</time>
			</trkpt>
			<trkpt lat="39.87846" lon="20.68043">
				<ele>843.5</ele>
				<time>2026-08-06T17:53:45.006Z</time>
			</trkpt>
			<trkpt lat="39.87868" lon="20.68001">
				<ele>844.28</ele>
				<time>2026-08-06T17:53:47.280Z</time>
			</trkpt>
			<trkpt lat="39.87882" lon="20.67955">
				<ele>844.08</ele>
				<time>2026-08-06T17:53:49.490Z</time>
			</trkpt>
			<trkpt lat="39.87894" lon="20.67929">
				<ele>841.25</ele>
				<time>2026-08-06T17:53:50.845Z</time>
			</trkpt>
			<trkpt lat="39.87904" lon="20.67915">
				<ele>839.91</ele>
				<time>2026-08-06T17:53:51.698Z</time>
			</trkpt>
			<trkpt lat="39.87949" lon="20.67863">
				<ele>840</ele>
				<time>2026-08-06T17:53:55.192Z</time>
			</trkpt>
			<trkpt lat="39.87966" lon="20.67849">
				<ele>840.4</ele>
				<time>2026-08-06T17:53:56.360Z</time>
			</trkpt>
			<trkpt lat="39.88008" lon="20.67807">
				<ele>839.9</ele>
				<time>2026-08-06T17:53:59.432Z</time>
			</trkpt>
			<trkpt lat="39.88021" lon="20.67795">
				<ele>841.28</ele>
				<time>2026-08-06T17:54:00.357Z</time>
			</trkpt>
			<trkpt lat="39.88027" lon="20.67786">
				<ele>842.02</ele>
				<time>2026-08-06T17:54:00.888Z</time>
			</trkpt>
			<trkpt lat="39.8805" lon="20.67747">
				<ele>843.6</ele>
				<time>2026-08-06T17:54:03.078Z</time>
			</trkpt>
			<trkpt lat="39.88059" lon="20.67736">
				<ele>843</ele>
				<time>2026-08-06T17:54:03.794Z</time>
			</trkpt>
			<trkpt lat="39.88079" lon="20.67719">
				<ele>843.08</ele>
				<time>2026-08-06T17:54:05.181Z</time>
			</trkpt>
			<trkpt lat="39.88094" lon="20.6771">
				<ele>843.78</ele>
				<time>2026-08-06T17:54:06.139Z</time>
			</trkpt>
			<trkpt lat="39.8811" lon="20.67704">
				<ele>844.86</ele>
				<time>2026-08-06T17:54:07.106Z</time>
			</trkpt>
			<trkpt lat="39.88123" lon="20.67704">
				<ele>844.91</ele>
				<time>2026-08-06T17:54:07.861Z</time>
			</trkpt>
			<trkpt lat="39.88154" lon="20.6771">
				<ele>844.25</ele>
				<time>2026-08-06T17:54:09.682Z</time>
			</trkpt>
			<trkpt lat="39.88167" lon="20.67709">
				<ele>844.34</ele>
				<time>2026-08-06T17:54:10.439Z</time>
			</trkpt>
			<trkpt lat="39.88175" lon="20.67706">
				<ele>844.53</ele>
				<time>2026-08-06T17:54:10.923Z</time>
			</trkpt>
			<trkpt lat="39.8819" lon="20.67694">
				<ele>845.1</ele>
				<time>2026-08-06T17:54:11.946Z</time>
			</trkpt>
			<trkpt lat="39.8824" lon="20.67645">
				<ele>843.6</ele>
				<time>2026-08-06T17:54:15.589Z</time>
			</trkpt>
			<trkpt lat="39.88264" lon="20.67624">
				<ele>842.25</ele>
				<time>2026-08-06T17:54:17.274Z</time>
			</trkpt>
			<trkpt lat="39.88288" lon="20.67607">
				<ele>841.8</ele>
				<time>2026-08-06T17:54:18.868Z</time>
			</trkpt>
			<trkpt lat="39.88333" lon="20.67581">
				<ele>842.32</ele>
				<time>2026-08-06T17:54:21.745Z</time>
			</trkpt>
			<trkpt lat="39.88343" lon="20.67573">
				<ele>843.08</ele>
				<time>2026-08-06T17:54:22.432Z</time>
			</trkpt>
			<trkpt lat="39.88352" lon="20.67561">
				<ele>843.6</ele>
				<time>2026-08-06T17:54:23.186Z</time>
			</trkpt>
			<trkpt lat="39.88359" lon="20.67549">
				<ele>843.95</ele>
				<time>2026-08-06T17:54:23.864Z</time>
			</trkpt>
			<trkpt lat="39.8837" lon="20.67519">
				<ele>845.28</ele>
				<time>2026-08-06T17:54:25.361Z</time>
			</trkpt>
			<trkpt lat="39.88395" lon="20.67442">
				<ele>844.58</ele>
				<time>2026-08-06T17:54:29.134Z</time>
			</trkpt>
			<trkpt lat="39.88403" lon="20.67413">
				<ele>843.89</ele>
				<time>2026-08-06T17:54:30.528Z</time>
			</trkpt>
			<trkpt lat="39.88413" lon="20.67394">
				<ele>841.67</ele>
				<time>2026-08-06T17:54:31.572Z</time>
			</trkpt>
			<trkpt lat="39.88422" lon="20.67385">
				<ele>840.55</ele>
				<time>2026-08-06T17:54:32.242Z</time>
			</trkpt>
			<trkpt lat="39.88443" lon="20.6737">
				<ele>838.09</ele>
				<time>2026-08-06T17:54:33.659Z</time>
			</trkpt>
			<trkpt lat="39.886" lon="20.67292">
				<ele>841.39</ele>
				<time>2026-08-06T17:54:43.676Z</time>
			</trkpt>
			<trkpt lat="39.88636" lon="20.67286">
				<ele>840.27</ele>
				<time>2026-08-06T17:54:45.858Z</time>
			</trkpt>
			<trkpt lat="39.88651" lon="20.67286">
				<ele>838.54</ele>
				<time>2026-08-06T17:54:46.763Z</time>
			</trkpt>
			<trkpt lat="39.88701" lon="20.6729">
				<ele>839.76</ele>
				<time>2026-08-06T17:54:49.793Z</time>
			</trkpt>
			<trkpt lat="39.88763" lon="20.673">
				<ele>846</ele>
				<time>2026-08-06T17:54:53.594Z</time>
			</trkpt>
			<trkpt lat="39.88777" lon="20.67302">
				<ele>846.76</ele>
				<time>2026-08-06T17:54:54.454Z</time>
			</trkpt>
			<trkpt lat="39.88792" lon="20.67299">
				<ele>847.14</ele>
				<time>2026-08-06T17:54:55.383Z</time>
			</trkpt>
			<trkpt lat="39.88803" lon="20.67294">
				<ele>848.09</ele>
				<time>2026-08-06T17:54:56.097Z</time>
			</trkpt>
			<trkpt lat="39.88813" lon="20.67285">
				<ele>848.22</ele>
				<time>2026-08-06T17:54:56.843Z</time>
			</trkpt>
			<trkpt lat="39.88824" lon="20.67271">
				<ele>847.87</ele>
				<time>2026-08-06T17:54:57.788Z</time>
			</trkpt>
			<trkpt lat="39.88843" lon="20.67238">
				<ele>847.89</ele>
				<time>2026-08-06T17:54:59.740Z</time>
			</trkpt>
			<trkpt lat="39.88853" lon="20.67224">
				<ele>847.34</ele>
				<time>2026-08-06T17:55:00.647Z</time>
			</trkpt>
			<trkpt lat="39.88867" lon="20.67212">
				<ele>847.41</ele>
				<time>2026-08-06T17:55:01.685Z</time>
			</trkpt>
			<trkpt lat="39.88884" lon="20.672">
				<ele>849.09</ele>
				<time>2026-08-06T17:55:02.885Z</time>
			</trkpt>
			<trkpt lat="39.88904" lon="20.67191">
				<ele>851.04</ele>
				<time>2026-08-06T17:55:04.202Z</time>
			</trkpt>
			<trkpt lat="39.88962" lon="20.67178">
				<ele>852.74</ele>
				<time>2026-08-06T17:55:07.885Z</time>
			</trkpt>
			<trkpt lat="39.89029" lon="20.67146">
				<ele>856.03</ele>
				<time>2026-08-06T17:55:12.389Z</time>
			</trkpt>
			<trkpt lat="39.89156" lon="20.67103">
				<ele>856.5</ele>
				<time>2026-08-06T17:55:20.795Z</time>
			</trkpt>
			<trkpt lat="39.89189" lon="20.67086">
				<ele>858.4</ele>
				<time>2026-08-06T17:55:23.097Z</time>
			</trkpt>
			<trkpt lat="39.8921" lon="20.6708">
				<ele>858.97</ele>
				<time>2026-08-06T17:55:24.498Z</time>
			</trkpt>
			<trkpt lat="39.89283" lon="20.67068">
				<ele>862.13</ele>
				<time>2026-08-06T17:55:29.330Z</time>
			</trkpt>
			<trkpt lat="39.8932" lon="20.67067">
				<ele>862.29</ele>
				<time>2026-08-06T17:55:31.783Z</time>
			</trkpt>
			<trkpt lat="39.89364" lon="20.67073">
				<ele>861.31</ele>
				<time>2026-08-06T17:55:34.736Z</time>
			</trkpt>
			<trkpt lat="39.89537" lon="20.67115">
				<ele>863.7</ele>
				<time>2026-08-06T17:55:46.713Z</time>
			</trkpt>
			<trkpt lat="39.89554" lon="20.67114">
				<ele>863.78</ele>
				<time>2026-08-06T17:55:47.892Z</time>
			</trkpt>
			<trkpt lat="39.89592" lon="20.67105">
				<ele>864.3</ele>
				<time>2026-08-06T17:55:50.582Z</time>
			</trkpt>
			<trkpt lat="39.89627" lon="20.67093">
				<ele>864.56</ele>
				<time>2026-08-06T17:55:53.121Z</time>
			</trkpt>
			<trkpt lat="39.89689" lon="20.67074">
				<ele>871.09</ele>
				<time>2026-08-06T17:55:57.633Z</time>
			</trkpt>
			<trkpt lat="39.89713" lon="20.67071">
				<ele>872.94</ele>
				<time>2026-08-06T17:55:59.355Z</time>
			</trkpt>
			<trkpt lat="39.89737" lon="20.67063">
				<ele>873.72</ele>
				<time>2026-08-06T17:56:01.134Z</time>
			</trkpt>
			<trkpt lat="39.89815" lon="20.67013">
				<ele>875.86</ele>
				<time>2026-08-06T17:56:07.447Z</time>
			</trkpt>
			<trkpt lat="39.89877" lon="20.6696">
				<ele>880.92</ele>
				<time>2026-08-06T17:56:12.922Z</time>
			</trkpt>
			<trkpt lat="39.89896" lon="20.6695">
				<ele>880.84</ele>
				<time>2026-08-06T17:56:14.451Z</time>
			</trkpt>
			<trkpt lat="39.8993" lon="20.66934">
				<ele>881.18</ele>
				<time>2026-08-06T17:56:17.163Z</time>
			</trkpt>
			<trkpt lat="39.8997" lon="20.66926">
				<ele>882.93</ele>
				<time>2026-08-06T17:56:20.225Z</time>
			</trkpt>
			<trkpt lat="39.8997" lon="20.66943">
				<ele>882.92</ele>
				<time>2026-08-06T17:56:21.218Z</time>
			</trkpt>
			<trkpt lat="39.89966" lon="20.66971">
				<ele>885.32</ele>
				<time>2026-08-06T17:56:22.887Z</time>
			</trkpt>
			<trkpt lat="39.89962" lon="20.66994">
				<ele>888.18</ele>
				<time>2026-08-06T17:56:24.275Z</time>
			</trkpt>
			<trkpt lat="39.89954" lon="20.67013">
				<ele>889.71</ele>
				<time>2026-08-06T17:56:25.556Z</time>
			</trkpt>
			<trkpt lat="39.89931" lon="20.67037">
				<ele>890.3</ele>
				<time>2026-08-06T17:56:27.837Z</time>
			</trkpt>
			<trkpt lat="39.89927" lon="20.67052">
				<ele>891.8</ele>
				<time>2026-08-06T17:56:28.784Z</time>
			</trkpt>
			<trkpt lat="39.89932" lon="20.67066">
				<ele>894.22</ele>
				<time>2026-08-06T17:56:29.708Z</time>
			</trkpt>
			<trkpt lat="39.89938" lon="20.67072">
				<ele>895.9</ele>
				<time>2026-08-06T17:56:30.299Z</time>
			</trkpt>
			<trkpt lat="39.89948" lon="20.67074">
				<ele>897.29</ele>
				<time>2026-08-06T17:56:31.091Z</time>
			</trkpt>
			<trkpt lat="39.89956" lon="20.67069">
				<ele>897.78</ele>
				<time>2026-08-06T17:56:31.788Z</time>
			</trkpt>
			<trkpt lat="39.89981" lon="20.67027">
				<ele>895.92</ele>
				<time>2026-08-06T17:56:35.006Z</time>
			</trkpt>
			<trkpt lat="39.89994" lon="20.67014">
				<ele>896.58</ele>
				<time>2026-08-06T17:56:36.307Z</time>
			</trkpt>
			<trkpt lat="39.90008" lon="20.67007">
				<ele>897.55</ele>
				<time>2026-08-06T17:56:37.502Z</time>
			</trkpt>
			<trkpt lat="39.90015" lon="20.67006">
				<ele>898.23</ele>
				<time>2026-08-06T17:56:38.065Z</time>
			</trkpt>
			<trkpt lat="39.90029" lon="20.67008">
				<ele>900.66</ele>
				<time>2026-08-06T17:56:39.193Z</time>
			</trkpt>
			<trkpt lat="39.90071" lon="20.67031">
				<ele>910</ele>
				<time>2026-08-06T17:56:42.867Z</time>
			</trkpt>
			<trkpt lat="39.90093" lon="20.67049">
				<ele>912.58</ele>
				<time>2026-08-06T17:56:44.980Z</time>
			</trkpt>
			<trkpt lat="39.90105" lon="20.67063">
				<ele>913.96</ele>
				<time>2026-08-06T17:56:46.296Z</time>
			</trkpt>
			<trkpt lat="39.9011" lon="20.67077">
				<ele>915.84</ele>
				<time>2026-08-06T17:56:47.267Z</time>
			</trkpt>
			<trkpt lat="39.90116" lon="20.67106">
				<ele>920.95</ele>
				<time>2026-08-06T17:56:49.164Z</time>
			</trkpt>
			<trkpt lat="39.90121" lon="20.67113">
				<ele>921.48</ele>
				<time>2026-08-06T17:56:49.770Z</time>
			</trkpt>
			<trkpt lat="39.9013" lon="20.67122">
				<ele>921.67</ele>
				<time>2026-08-06T17:56:50.709Z</time>
			</trkpt>
			<trkpt lat="39.90163" lon="20.67136">
				<ele>924.33</ele>
				<time>2026-08-06T17:56:53.597Z</time>
			</trkpt>
			<trkpt lat="39.90178" lon="20.67149">
				<ele>926.08</ele>
				<time>2026-08-06T17:56:55.106Z</time>
			</trkpt>
			<trkpt lat="39.90206" lon="20.67181">
				<ele>930.17</ele>
				<time>2026-08-06T17:56:58.245Z</time>
			</trkpt>
			<trkpt lat="39.90235" lon="20.67205">
				<ele>932.54</ele>
				<time>2026-08-06T17:57:01.166Z</time>
			</trkpt>
			<trkpt lat="39.90242" lon="20.67215">
				<ele>933.98</ele>
				<time>2026-08-06T17:57:02.054Z</time>
			</trkpt>
			<trkpt lat="39.90256" lon="20.67243">
				<ele>938.15</ele>
				<time>2026-08-06T17:57:04.255Z</time>
			</trkpt>
			<trkpt lat="39.90264" lon="20.6725">
				<ele>939.27</ele>
				<time>2026-08-06T17:57:05.085Z</time>
			</trkpt>
			<trkpt lat="39.90275" lon="20.67251">
				<ele>938.77</ele>
				<time>2026-08-06T17:57:06.038Z</time>
			</trkpt>
			<trkpt lat="39.90287" lon="20.67247">
				<ele>939.13</ele>
				<time>2026-08-06T17:57:07.112Z</time>
			</trkpt>
			<trkpt lat="39.90327" lon="20.67218">
				<ele>938.53</ele>
				<time>2026-08-06T17:57:11.107Z</time>
			</trkpt>
			<trkpt lat="39.90339" lon="20.67212">
				<ele>939.72</ele>
				<time>2026-08-06T17:57:12.239Z</time>
			</trkpt>
			<trkpt lat="39.90351" lon="20.67214">
				<ele>941.96</ele>
				<time>2026-08-06T17:57:13.313Z</time>
			</trkpt>
			<trkpt lat="39.90362" lon="20.67219">
				<ele>944.63</ele>
				<time>2026-08-06T17:57:14.355Z</time>
			</trkpt>
			<trkpt lat="39.90369" lon="20.67231">
				<ele>946.71</ele>
				<time>2026-08-06T17:57:15.398Z</time>
			</trkpt>
			<trkpt lat="39.90378" lon="20.67253">
				<ele>951.06</ele>
				<time>2026-08-06T17:57:17.139Z</time>
			</trkpt>
			<trkpt lat="39.90384" lon="20.67261">
				<ele>953.32</ele>
				<time>2026-08-06T17:57:17.927Z</time>
			</trkpt>
			<trkpt lat="39.90389" lon="20.67263">
				<ele>953.97</ele>
				<time>2026-08-06T17:57:18.409Z</time>
			</trkpt>
			<trkpt lat="39.90397" lon="20.6726">
				<ele>953.91</ele>
				<time>2026-08-06T17:57:19.180Z</time>
			</trkpt>
			<trkpt lat="39.90417" lon="20.6724">
				<ele>951.39</ele>
				<time>2026-08-06T17:57:21.537Z</time>
			</trkpt>
			<trkpt lat="39.90422" lon="20.67237">
				<ele>951.46</ele>
				<time>2026-08-06T17:57:22.056Z</time>
			</trkpt>
			<trkpt lat="39.90434" lon="20.67234">
				<ele>952.33</ele>
				<time>2026-08-06T17:57:23.216Z</time>
			</trkpt>
			<trkpt lat="39.90445" lon="20.67237">
				<ele>954.38</ele>
				<time>2026-08-06T17:57:24.289Z</time>
			</trkpt>
			<trkpt lat="39.90472" lon="20.67254">
				<ele>961.03</ele>
				<time>2026-08-06T17:57:27.187Z</time>
			</trkpt>
			<trkpt lat="39.9051" lon="20.67254">
				<ele>961.34</ele>
				<time>2026-08-06T17:57:30.931Z</time>
			</trkpt>
			<trkpt lat="39.90529" lon="20.67259">
				<ele>965</ele>
				<time>2026-08-06T17:57:32.871Z</time>
			</trkpt>
			<trkpt lat="39.90546" lon="20.67271">
				<ele>968.73</ele>
				<time>2026-08-06T17:57:34.826Z</time>
			</trkpt>
			<trkpt lat="39.90566" lon="20.673">
				<ele>973.9</ele>
				<time>2026-08-06T17:57:37.889Z</time>
			</trkpt>
			<trkpt lat="39.90575" lon="20.6732">
				<ele>973.53</ele>
				<time>2026-08-06T17:57:39.733Z</time>
			</trkpt>
			<trkpt lat="39.9058" lon="20.67338">
				<ele>972.46</ele>
				<time>2026-08-06T17:57:41.268Z</time>
			</trkpt>
			<trkpt lat="39.90582" lon="20.67356">
				<ele>973.63</ele>
				<time>2026-08-06T17:57:42.737Z</time>
			</trkpt>
			<trkpt lat="39.90579" lon="20.67375">
				<ele>975.49</ele>
				<time>2026-08-06T17:57:44.315Z</time>
			</trkpt>
			<trkpt lat="39.90574" lon="20.67384">
				<ele>976.74</ele>
				<time>2026-08-06T17:57:45.224Z</time>
			</trkpt>
			<trkpt lat="39.90547" lon="20.67411">
				<ele>982.21</ele>
				<time>2026-08-06T17:57:48.889Z</time>
			</trkpt>
			<trkpt lat="39.90544" lon="20.67416">
				<ele>982.99</ele>
				<time>2026-08-06T17:57:49.419Z</time>
			</trkpt>
			<trkpt lat="39.90543" lon="20.6743">
				<ele>986.97</ele>
				<time>2026-08-06T17:57:50.596Z</time>
			</trkpt>
			<trkpt lat="39.90546" lon="20.67439">
				<ele>988.99</ele>
				<time>2026-08-06T17:57:51.420Z</time>
			</trkpt>
			<trkpt lat="39.90564" lon="20.67463">
				<ele>993.63</ele>
				<time>2026-08-06T17:57:54.263Z</time>
			</trkpt>
			<trkpt lat="39.90573" lon="20.67471">
				<ele>994.44</ele>
				<time>2026-08-06T17:57:55.476Z</time>
			</trkpt>
			<trkpt lat="39.90606" lon="20.67493">
				<ele>994.24</ele>
				<time>2026-08-06T17:57:59.646Z</time>
			</trkpt>
			<trkpt lat="39.90621" lon="20.67506">
				<ele>994.95</ele>
				<time>2026-08-06T17:58:01.697Z</time>
			</trkpt>
			<trkpt lat="39.90643" lon="20.67535">
				<ele>998.77</ele>
				<time>2026-08-06T17:58:05.296Z</time>
			</trkpt>
			<trkpt lat="39.90656" lon="20.6755">
				<ele>999.8</ele>
				<time>2026-08-06T17:58:07.314Z</time>
			</trkpt>
			<trkpt lat="39.9071" lon="20.67603">
				<ele>1004</ele>
				<time>2026-08-06T17:58:15.307Z</time>
			</trkpt>
			<trkpt lat="39.90732" lon="20.67618">
				<ele>1006.09</ele>
				<time>2026-08-06T17:58:18.296Z</time>
			</trkpt>
			<trkpt lat="39.90749" lon="20.67623">
				<ele>1007.21</ele>
				<time>2026-08-06T17:58:20.411Z</time>
			</trkpt>
			<trkpt lat="39.90759" lon="20.67621">
				<ele>1007.71</ele>
				<time>2026-08-06T17:58:21.646Z</time>
			</trkpt>
			<trkpt lat="39.90766" lon="20.67614">
				<ele>1007.21</ele>
				<time>2026-08-06T17:58:22.726Z</time>
			</trkpt>
			<trkpt lat="39.90769" lon="20.67606">
				<ele>1007.12</ele>
				<time>2026-08-06T17:58:23.565Z</time>
			</trkpt>
			<trkpt lat="39.90769" lon="20.67599">
				<ele>1007.21</ele>
				<time>2026-08-06T17:58:24.226Z</time>
			</trkpt>
			<trkpt lat="39.90758" lon="20.67566">
				<ele>1005.11</ele>
				<time>2026-08-06T17:58:27.643Z</time>
			</trkpt>
			<trkpt lat="39.90755" lon="20.67546">
				<ele>1004.37</ele>
				<time>2026-08-06T17:58:29.593Z</time>
			</trkpt>
			<trkpt lat="39.90756" lon="20.67534">
				<ele>1004.69</ele>
				<time>2026-08-06T17:58:30.754Z</time>
			</trkpt>
			<trkpt lat="39.90765" lon="20.67499">
				<ele>1007.53</ele>
				<time>2026-08-06T17:58:34.326Z</time>
			</trkpt>
			<trkpt lat="39.90765" lon="20.67486">
				<ele>1008.56</ele>
				<time>2026-08-06T17:58:35.593Z</time>
			</trkpt>
			<trkpt lat="39.9076" lon="20.67472">
				<ele>1008.49</ele>
				<time>2026-08-06T17:58:37.103Z</time>
			</trkpt>
			<trkpt lat="39.9074" lon="20.67449">
				<ele>1005.92</ele>
				<time>2026-08-06T17:58:40.524Z</time>
			</trkpt>
			<trkpt lat="39.90731" lon="20.67435">
				<ele>1004.67</ele>
				<time>2026-08-06T17:58:42.334Z</time>
			</trkpt>
			<trkpt lat="39.90726" lon="20.67416">
				<ele>1005.39</ele>
				<time>2026-08-06T17:58:44.334Z</time>
			</trkpt>
			<trkpt lat="39.90724" lon="20.67402">
				<ele>1005.45</ele>
				<time>2026-08-06T17:58:45.758Z</time>
			</trkpt>
			<trkpt lat="39.90725" lon="20.67386">
				<ele>1006.46</ele>
				<time>2026-08-06T17:58:47.369Z</time>
			</trkpt>
			<trkpt lat="39.90735" lon="20.67345">
				<ele>1009.05</ele>
				<time>2026-08-06T17:58:51.719Z</time>
			</trkpt>
			<trkpt lat="39.90742" lon="20.67329">
				<ele>1010.01</ele>
				<time>2026-08-06T17:58:53.594Z</time>
			</trkpt>
			<trkpt lat="39.90764" lon="20.67286">
				<ele>1015.45</ele>
				<time>2026-08-06T17:58:58.901Z</time>
			</trkpt>
			<trkpt lat="39.90767" lon="20.67276">
				<ele>1016.67</ele>
				<time>2026-08-06T17:59:00.012Z</time>
			</trkpt>
			<trkpt lat="39.9077" lon="20.67256">
				<ele>1017.52</ele>
				<time>2026-08-06T17:59:02.127Z</time>
			</trkpt>
			<trkpt lat="39.9077" lon="20.67235">
				<ele>1017.9</ele>
				<time>2026-08-06T17:59:04.316Z</time>
			</trkpt>
			<trkpt lat="39.90767" lon="20.67215">
				<ele>1017.58</ele>
				<time>2026-08-06T17:59:06.451Z</time>
			</trkpt>
			<trkpt lat="39.90762" lon="20.67197">
				<ele>1016.38</ele>
				<time>2026-08-06T17:59:08.464Z</time>
			</trkpt>
			<trkpt lat="39.90741" lon="20.67149">
				<ele>1011.82</ele>
				<time>2026-08-06T17:59:14.324Z</time>
			</trkpt>
			<trkpt lat="39.90739" lon="20.67139">
				<ele>1012.08</ele>
				<time>2026-08-06T17:59:15.428Z</time>
			</trkpt>
			<trkpt lat="39.9074" lon="20.67128">
				<ele>1011.96</ele>
				<time>2026-08-06T17:59:16.613Z</time>
			</trkpt>
			<trkpt lat="39.90748" lon="20.67109">
				<ele>1013.31</ele>
				<time>2026-08-06T17:59:18.941Z</time>
			</trkpt>
			<trkpt lat="39.90779" lon="20.67058">
				<ele>1013.92</ele>
				<time>2026-08-06T17:59:25.990Z</time>
			</trkpt>
			<trkpt lat="39.90791" lon="20.67044">
				<ele>1012.05</ele>
				<time>2026-08-06T17:59:28.284Z</time>
			</trkpt>
			<trkpt lat="39.90808" lon="20.67037">
				<ele>1013.4</ele>
				<time>2026-08-06T17:59:30.835Z</time>
			</trkpt>
			<trkpt lat="39.90842" lon="20.6704">
				<ele>1018.09</ele>
				<time>2026-08-06T17:59:35.741Z</time>
			</trkpt>
			<trkpt lat="39.90857" lon="20.67039">
				<ele>1019</ele>
				<time>2026-08-06T17:59:37.917Z</time>
			</trkpt>
			<trkpt lat="39.90896" lon="20.6702">
				<ele>1017.44</ele>
				<time>2026-08-06T17:59:43.989Z</time>
			</trkpt>
			<trkpt lat="39.90903" lon="20.67019">
				<ele>1017.55</ele>
				<time>2026-08-06T17:59:45.022Z</time>
			</trkpt>
			<trkpt lat="39.90911" lon="20.67021">
				<ele>1018.36</ele>
				<time>2026-08-06T17:59:46.219Z</time>
			</trkpt>
			<trkpt lat="39.90924" lon="20.67027">
				<ele>1019.4</ele>
				<time>2026-08-06T17:59:48.250Z</time>
			</trkpt>
			<trkpt lat="39.90968" lon="20.67059">
				<ele>1021.21</ele>
				<time>2026-08-06T17:59:55.726Z</time>
			</trkpt>
			<trkpt lat="39.91006" lon="20.6708">
				<ele>1023.26</ele>
				<time>2026-08-06T18:00:01.912Z</time>
			</trkpt>
			<trkpt lat="39.9102" lon="20.67083">
				<ele>1023.31</ele>
				<time>2026-08-06T18:00:04.051Z</time>
			</trkpt>
			<trkpt lat="39.91027" lon="20.67081">
				<ele>1022.75</ele>
				<time>2026-08-06T18:00:05.134Z</time>
			</trkpt>
			<trkpt lat="39.91043" lon="20.67072">
				<ele>1022.79</ele>
				<time>2026-08-06T18:00:07.774Z</time>
			</trkpt>
			<trkpt lat="39.91088" lon="20.67039">
				<ele>1023.61</ele>
				<time>2026-08-06T18:00:15.651Z</time>
			</trkpt>
			<trkpt lat="39.91133" lon="20.67015">
				<ele>1025.15</ele>
				<time>2026-08-06T18:00:23.143Z</time>
			</trkpt>
			<trkpt lat="39.91157" lon="20.6699">
				<ele>1025.18</ele>
				<time>2026-08-06T18:00:27.912Z</time>
			</trkpt>
			<trkpt lat="39.91177" lon="20.66959">
				<ele>1026.14</ele>
				<time>2026-08-06T18:00:32.764Z</time>
			</trkpt>
			<trkpt lat="39.91185" lon="20.66944">
				<ele>1026.63</ele>
				<time>2026-08-06T18:00:34.961Z</time>
			</trkpt>
			<trkpt lat="39.91191" lon="20.66926">
				<ele>1028.22</ele>
				<time>2026-08-06T18:00:37.327Z</time>
			</trkpt>
			<trkpt lat="39.91197" lon="20.669">
				<ele>1029.56</ele>
				<time>2026-08-06T18:00:40.611Z</time>
			</trkpt>
			<trkpt lat="39.91205" lon="20.66851">
				<ele>1027.81</ele>
				<time>2026-08-06T18:00:46.701Z</time>
			</trkpt>
			<trkpt lat="39.91207" lon="20.66827">
				<ele>1026.68</ele>
				<time>2026-08-06T18:00:49.650Z</time>
			</trkpt>
			<trkpt lat="39.91206" lon="20.668">
				<ele>1026.98</ele>
				<time>2026-08-06T18:00:52.963Z</time>
			</trkpt>
			<trkpt lat="39.91199" lon="20.66769">
				<ele>1027.38</ele>
				<time>2026-08-06T18:00:56.938Z</time>
			</trkpt>
			<trkpt lat="39.9119" lon="20.66751">
				<ele>1027.31</ele>
				<time>2026-08-06T18:00:59.589Z</time>
			</trkpt>
			<trkpt lat="39.91162" lon="20.66711">
				<ele>1027.34</ele>
				<time>2026-08-06T18:01:06.302Z</time>
			</trkpt>
			<trkpt lat="39.91159" lon="20.66701">
				<ele>1026.86</ele>
				<time>2026-08-06T18:01:07.638Z</time>
			</trkpt>
			<trkpt lat="39.91154" lon="20.66679">
				<ele>1025.31</ele>
				<time>2026-08-06T18:01:10.498Z</time>
			</trkpt>
			<trkpt lat="39.91154" lon="20.66651">
				<ele>1022.51</ele>
				<time>2026-08-06T18:01:13.999Z</time>
			</trkpt>
			<trkpt lat="39.91159" lon="20.66628">
				<ele>1020.05</ele>
				<time>2026-08-06T18:01:16.996Z</time>
			</trkpt>
			<trkpt lat="39.91164" lon="20.6662">
				<ele>1019.04</ele>
				<time>2026-08-06T18:01:18.292Z</time>
			</trkpt>
			<trkpt lat="39.91194" lon="20.66584">
				<ele>1012</ele>
				<time>2026-08-06T18:01:24.992Z</time>
			</trkpt>
			<trkpt lat="39.91201" lon="20.66569">
				<ele>1009.84</ele>
				<time>2026-08-06T18:01:27.213Z</time>
			</trkpt>
			<trkpt lat="39.91203" lon="20.66553">
				<ele>1009.59</ele>
				<time>2026-08-06T18:01:29.267Z</time>
			</trkpt>
			<trkpt lat="39.912" lon="20.66442">
				<ele>1002.76</ele>
				<time>2026-08-06T18:01:43.430Z</time>
			</trkpt>
			<trkpt lat="39.91202" lon="20.66432">
				<ele>1001.45</ele>
				<time>2026-08-06T18:01:44.755Z</time>
			</trkpt>
			<trkpt lat="39.91209" lon="20.66414">
				<ele>999.11</ele>
				<time>2026-08-06T18:01:47.347Z</time>
			</trkpt>
			<trkpt lat="39.91213" lon="20.66408">
				<ele>998.3</ele>
				<time>2026-08-06T18:01:48.369Z</time>
			</trkpt>
			<trkpt lat="39.91223" lon="20.66399">
				<ele>997.5</ele>
				<time>2026-08-06T18:01:50.408Z</time>
			</trkpt>
			<trkpt lat="39.91238" lon="20.6639">
				<ele>996.17</ele>
				<time>2026-08-06T18:01:53.184Z</time>
			</trkpt>
			<trkpt lat="39.91256" lon="20.66385">
				<ele>995.78</ele>
				<time>2026-08-06T18:01:56.284Z</time>
			</trkpt>
			<trkpt lat="39.91271" lon="20.66385">
				<ele>996.51</ele>
				<time>2026-08-06T18:01:58.815Z</time>
			</trkpt>
			<trkpt lat="39.91282" lon="20.6639">
				<ele>997.1</ele>
				<time>2026-08-06T18:02:00.784Z</time>
			</trkpt>
			<trkpt lat="39.91287" lon="20.66396">
				<ele>997.05</ele>
				<time>2026-08-06T18:02:01.933Z</time>
			</trkpt>
			<trkpt lat="39.91291" lon="20.6641">
				<ele>996.7</ele>
				<time>2026-08-06T18:02:03.874Z</time>
			</trkpt>
			<trkpt lat="39.91292" lon="20.66437">
				<ele>995</ele>
				<time>2026-08-06T18:02:07.390Z</time>
			</trkpt>
			<trkpt lat="39.91283" lon="20.66555">
				<ele>982.65</ele>
				<time>2026-08-06T18:02:22.904Z</time>
			</trkpt>
			<trkpt lat="39.91285" lon="20.66589">
				<ele>982.16</ele>
				<time>2026-08-06T18:02:27.390Z</time>
			</trkpt>
			<trkpt lat="39.91309" lon="20.66695">
				<ele>975.75</ele>
				<time>2026-08-06T18:02:42.000Z</time>
			</trkpt>
			<trkpt lat="39.91327" lon="20.6676">
				<ele>971.73</ele>
				<time>2026-08-06T18:02:51.186Z</time>
			</trkpt>
			<trkpt lat="39.91332" lon="20.66784">
				<ele>968.02</ele>
				<time>2026-08-06T18:02:54.500Z</time>
			</trkpt>
			<trkpt lat="39.91337" lon="20.66821">
				<ele>964.38</ele>
				<time>2026-08-06T18:02:59.516Z</time>
			</trkpt>
			<trkpt lat="39.91342" lon="20.66884">
				<ele>960</ele>
				<time>2026-08-06T18:03:07.994Z</time>
			</trkpt>
			<trkpt lat="39.91349" lon="20.66916">
				<ele>958.85</ele>
				<time>2026-08-06T18:03:12.459Z</time>
			</trkpt>
			<trkpt lat="39.91357" lon="20.66942">
				<ele>958.94</ele>
				<time>2026-08-06T18:03:16.223Z</time>
			</trkpt>
			<trkpt lat="39.91373" lon="20.66964">
				<ele>959</ele>
				<time>2026-08-06T18:03:20.302Z</time>
			</trkpt>
			<trkpt lat="39.91383" lon="20.66971">
				<ele>958.79</ele>
				<time>2026-08-06T18:03:22.294Z</time>
			</trkpt>
			<trkpt lat="39.91396" lon="20.66977">
				<ele>958.45</ele>
				<time>2026-08-06T18:03:24.717Z</time>
			</trkpt>
			<trkpt lat="39.91407" lon="20.66979">
				<ele>957.43</ele>
				<time>2026-08-06T18:03:26.670Z</time>
			</trkpt>
			<trkpt lat="39.91496" lon="20.66982">
				<ele>942.95</ele>
				<time>2026-08-06T18:03:42.359Z</time>
			</trkpt>
			<trkpt lat="39.91533" lon="20.66985">
				<ele>940.4</ele>
				<time>2026-08-06T18:03:48.910Z</time>
			</trkpt>
			<trkpt lat="39.91581" lon="20.66993">
				<ele>930.45</ele>
				<time>2026-08-06T18:03:57.474Z</time>
			</trkpt>
			<trkpt lat="39.91612" lon="20.67001">
				<ele>928.7</ele>
				<time>2026-08-06T18:04:03.075Z</time>
			</trkpt>
			<trkpt lat="39.9164" lon="20.67003">
				<ele>923.93</ele>
				<time>2026-08-06T18:04:08.049Z</time>
			</trkpt>
			<trkpt lat="39.91685" lon="20.67">
				<ele>917.7</ele>
				<time>2026-08-06T18:04:16.048Z</time>
			</trkpt>
			<trkpt lat="39.91708" lon="20.67">
				<ele>915.05</ele>
				<time>2026-08-06T18:04:20.135Z</time>
			</trkpt>
			<trkpt lat="39.91727" lon="20.67003">
				<ele>912.74</ele>
				<time>2026-08-06T18:04:23.537Z</time>
			</trkpt>
			<trkpt lat="39.91747" lon="20.6701">
				<ele>909.4</ele>
				<time>2026-08-06T18:04:27.219Z</time>
			</trkpt>
			<trkpt lat="39.91765" lon="20.67013">
				<ele>909.22</ele>
				<time>2026-08-06T18:04:30.446Z</time>
			</trkpt>
			<trkpt lat="39.91796" lon="20.67009">
				<ele>905.9</ele>
				<time>2026-08-06T18:04:35.988Z</time>
			</trkpt>
			<trkpt lat="39.91833" lon="20.67007">
				<ele>899.56</ele>
				<time>2026-08-06T18:04:42.579Z</time>
			</trkpt>
			<trkpt lat="39.9185" lon="20.67011">
				<ele>898.41</ele>
				<time>2026-08-06T18:04:45.654Z</time>
			</trkpt>
			<trkpt lat="39.91869" lon="20.67018">
				<ele>897.16</ele>
				<time>2026-08-06T18:04:49.168Z</time>
			</trkpt>
			<trkpt lat="39.919" lon="20.67037">
				<ele>896.04</ele>
				<time>2026-08-06T18:04:55.266Z</time>
			</trkpt>
			<trkpt lat="39.91916" lon="20.67043">
				<ele>894.12</ele>
				<time>2026-08-06T18:04:58.230Z</time>
			</trkpt>
			<trkpt lat="39.91944" lon="20.67049">
				<ele>890.63</ele>
				<time>2026-08-06T18:05:03.280Z</time>
			</trkpt>
			<trkpt lat="39.91965" lon="20.6705">
				<ele>887.72</ele>
				<time>2026-08-06T18:05:07.020Z</time>
			</trkpt>
			<trkpt lat="39.91977" lon="20.67053">
				<ele>886.2</ele>
				<time>2026-08-06T18:05:09.194Z</time>
			</trkpt>
			<trkpt lat="39.91991" lon="20.6706">
				<ele>884.16</ele>
				<time>2026-08-06T18:05:11.862Z</time>
			</trkpt>
			<trkpt lat="39.92024" lon="20.67084">
				<ele>881.93</ele>
				<time>2026-08-06T18:05:18.583Z</time>
			</trkpt>
			<trkpt lat="39.92053" lon="20.67098">
				<ele>876.49</ele>
				<time>2026-08-06T18:05:24.080Z</time>
			</trkpt>
			<trkpt lat="39.92122" lon="20.67138">
				<ele>870.68</ele>
				<time>2026-08-06T18:05:37.490Z</time>
			</trkpt>
			<trkpt lat="39.92171" lon="20.67157">
				<ele>861.07</ele>
				<time>2026-08-06T18:05:46.553Z</time>
			</trkpt>
			<trkpt lat="39.92208" lon="20.67184">
				<ele>860.07</ele>
				<time>2026-08-06T18:05:54.059Z</time>
			</trkpt>
			<trkpt lat="39.9224" lon="20.67201">
				<ele>858.65</ele>
				<time>2026-08-06T18:06:00.167Z</time>
			</trkpt>
			<trkpt lat="39.92274" lon="20.67214">
				<ele>854.79</ele>
				<time>2026-08-06T18:06:06.422Z</time>
			</trkpt>
			<trkpt lat="39.92294" lon="20.67226">
				<ele>852.94</ele>
				<time>2026-08-06T18:06:10.303Z</time>
			</trkpt>
			<trkpt lat="39.92384" lon="20.6729">
				<ele>844.13</ele>
				<time>2026-08-06T18:06:28.322Z</time>
			</trkpt>
			<trkpt lat="39.92429" lon="20.67319">
				<ele>842.59</ele>
				<time>2026-08-06T18:06:37.108Z</time>
			</trkpt>
			<trkpt lat="39.92436" lon="20.67321">
				<ele>841.36</ele>
				<time>2026-08-06T18:06:38.360Z</time>
			</trkpt>
			<trkpt lat="39.9244" lon="20.6732">
				<ele>839.84</ele>
				<time>2026-08-06T18:06:39.071Z</time>
			</trkpt>
			<trkpt lat="39.92442" lon="20.67316">
				<ele>838.19</ele>
				<time>2026-08-06T18:06:39.711Z</time>
			</trkpt>
			<trkpt lat="39.92442" lon="20.67305">
				<ele>835.55</ele>
				<time>2026-08-06T18:06:41.183Z</time>
			</trkpt>
			<trkpt lat="39.92434" lon="20.67291">
				<ele>833.43</ele>
				<time>2026-08-06T18:06:43.518Z</time>
			</trkpt>
			<trkpt lat="39.92374" lon="20.67211">
				<ele>825.97</ele>
				<time>2026-08-06T18:06:58.434Z</time>
			</trkpt>
			<trkpt lat="39.92373" lon="20.67203">
				<ele>824.55</ele>
				<time>2026-08-06T18:06:59.511Z</time>
			</trkpt>
			<trkpt lat="39.92374" lon="20.67198">
				<ele>823.03</ele>
				<time>2026-08-06T18:07:00.197Z</time>
			</trkpt>
			<trkpt lat="39.92379" lon="20.67194">
				<ele>820.59</ele>
				<time>2026-08-06T18:07:01.213Z</time>
			</trkpt>
			<trkpt lat="39.9244" lon="20.67237">
				<ele>816.5</ele>
				<time>2026-08-06T18:07:13.179Z</time>
			</trkpt>
			<trkpt lat="39.92497" lon="20.6729">
				<ele>812.56</ele>
				<time>2026-08-06T18:07:25.188Z</time>
			</trkpt>
			<trkpt lat="39.92517" lon="20.673">
				<ele>806.24</ele>
				<time>2026-08-06T18:07:28.846Z</time>
			</trkpt>
			<trkpt lat="39.9255" lon="20.67311">
				<ele>801.08</ele>
				<time>2026-08-06T18:07:34.648Z</time>
			</trkpt>
			<trkpt lat="39.92567" lon="20.67324">
				<ele>800.46</ele>
				<time>2026-08-06T18:07:37.996Z</time>
			</trkpt>
			<trkpt lat="39.92583" lon="20.67344">
				<ele>799.14</ele>
				<time>2026-08-06T18:07:41.753Z</time>
			</trkpt>
			<trkpt lat="39.92595" lon="20.67368">
				<ele>798.28</ele>
				<time>2026-08-06T18:07:45.469Z</time>
			</trkpt>
			<trkpt lat="39.926" lon="20.67381">
				<ele>798.25</ele>
				<time>2026-08-06T18:07:47.352Z</time>
			</trkpt>
			<trkpt lat="39.92607" lon="20.67409">
				<ele>797.93</ele>
				<time>2026-08-06T18:07:51.158Z</time>
			</trkpt>
			<trkpt lat="39.92616" lon="20.6743">
				<ele>798.46</ele>
				<time>2026-08-06T18:07:54.259Z</time>
			</trkpt>
			<trkpt lat="39.92629" lon="20.6745">
				<ele>797.97</ele>
				<time>2026-08-06T18:07:57.632Z</time>
			</trkpt>
			<trkpt lat="39.92639" lon="20.6746">
				<ele>797.23</ele>
				<time>2026-08-06T18:07:59.741Z</time>
			</trkpt>
			<trkpt lat="39.92644" lon="20.67464">
				<ele>796.96</ele>
				<time>2026-08-06T18:08:00.722Z</time>
			</trkpt>
			<trkpt lat="39.9266" lon="20.6747">
				<ele>794.11</ele>
				<time>2026-08-06T18:08:03.503Z</time>
			</trkpt>
			<trkpt lat="39.92721" lon="20.6748">
				<ele>785.08</ele>
				<time>2026-08-06T18:08:13.721Z</time>
			</trkpt>
			<trkpt lat="39.9275" lon="20.67488">
				<ele>780.77</ele>
				<time>2026-08-06T18:08:18.618Z</time>
			</trkpt>
			<trkpt lat="39.92802" lon="20.67478">
				<ele>771.39</ele>
				<time>2026-08-06T18:08:27.255Z</time>
			</trkpt>
			<trkpt lat="39.92826" lon="20.6748">
				<ele>765.5</ele>
				<time>2026-08-06T18:08:31.186Z</time>
			</trkpt>
			<trkpt lat="39.92837" lon="20.67488">
				<ele>762.86</ele>
				<time>2026-08-06T18:08:33.239Z</time>
			</trkpt>
			<trkpt lat="39.92841" lon="20.67494">
				<ele>761.89</ele>
				<time>2026-08-06T18:08:34.231Z</time>
			</trkpt>
			<trkpt lat="39.9285" lon="20.67512">
				<ele>760.35</ele>
				<time>2026-08-06T18:08:36.909Z</time>
			</trkpt>
			<trkpt lat="39.92862" lon="20.67549">
				<ele>760.39</ele>
				<time>2026-08-06T18:08:41.898Z</time>
			</trkpt>
			<trkpt lat="39.92866" lon="20.67555">
				<ele>761.04</ele>
				<time>2026-08-06T18:08:42.883Z</time>
			</trkpt>
			<trkpt lat="39.92873" lon="20.67558">
				<ele>760.45</ele>
				<time>2026-08-06T18:08:44.071Z</time>
			</trkpt>
			<trkpt lat="39.92877" lon="20.67553">
				<ele>758.69</ele>
				<time>2026-08-06T18:08:44.964Z</time>
			</trkpt>
			<trkpt lat="39.92878" lon="20.67549">
				<ele>757.85</ele>
				<time>2026-08-06T18:08:45.484Z</time>
			</trkpt>
			<trkpt lat="39.92871" lon="20.675">
				<ele>752.86</ele>
				<time>2026-08-06T18:08:51.619Z</time>
			</trkpt>
			<trkpt lat="39.92867" lon="20.67458">
				<ele>748.03</ele>
				<time>2026-08-06T18:08:56.800Z</time>
			</trkpt>
			<trkpt lat="39.92863" lon="20.67445">
				<ele>746.76</ele>
				<time>2026-08-06T18:08:58.508Z</time>
			</trkpt>
			<trkpt lat="39.92854" lon="20.67429">
				<ele>746.16</ele>
				<time>2026-08-06T18:09:00.923Z</time>
			</trkpt>
			<trkpt lat="39.9284" lon="20.67413">
				<ele>746.3</ele>
				<time>2026-08-06T18:09:03.869Z</time>
			</trkpt>
			<trkpt lat="39.9283" lon="20.67405">
				<ele>746.08</ele>
				<time>2026-08-06T18:09:05.720Z</time>
			</trkpt>
			<trkpt lat="39.92794" lon="20.67385">
				<ele>745.05</ele>
				<time>2026-08-06T18:09:11.869Z</time>
			</trkpt>
			<trkpt lat="39.92781" lon="20.67372">
				<ele>743.08</ele>
				<time>2026-08-06T18:09:14.430Z</time>
			</trkpt>
			<trkpt lat="39.92766" lon="20.67352">
				<ele>740.17</ele>
				<time>2026-08-06T18:09:17.773Z</time>
			</trkpt>
			<trkpt lat="39.92758" lon="20.67346">
				<ele>739.73</ele>
				<time>2026-08-06T18:09:19.207Z</time>
			</trkpt>
			<trkpt lat="39.9275" lon="20.67341">
				<ele>739.81</ele>
				<time>2026-08-06T18:09:20.583Z</time>
			</trkpt>
			<trkpt lat="39.9272" lon="20.67328">
				<ele>738.7</ele>
				<time>2026-08-06T18:09:25.467Z</time>
			</trkpt>
			<trkpt lat="39.9271" lon="20.67321">
				<ele>737.17</ele>
				<time>2026-08-06T18:09:27.213Z</time>
			</trkpt>
			<trkpt lat="39.92697" lon="20.67302">
				<ele>732.09</ele>
				<time>2026-08-06T18:09:30.209Z</time>
			</trkpt>
			<trkpt lat="39.92681" lon="20.67266">
				<ele>729.4</ele>
				<time>2026-08-06T18:09:35.079Z</time>
			</trkpt>
			<trkpt lat="39.92673" lon="20.67252">
				<ele>729.15</ele>
				<time>2026-08-06T18:09:37.113Z</time>
			</trkpt>
			<trkpt lat="39.92646" lon="20.67219">
				<ele>734.32</ele>
				<time>2026-08-06T18:09:42.705Z</time>
			</trkpt>
			<trkpt lat="39.92642" lon="20.6721">
				<ele>736.5</ele>
				<time>2026-08-06T18:09:43.905Z</time>
			</trkpt>
			<trkpt lat="39.92642" lon="20.67204">
				<ele>737.49</ele>
				<time>2026-08-06T18:09:44.596Z</time>
			</trkpt>
			<trkpt lat="39.92646" lon="20.67196">
				<ele>737.49</ele>
				<time>2026-08-06T18:09:45.695Z</time>
			</trkpt>
			<trkpt lat="39.92652" lon="20.67194">
				<ele>736.1</ele>
				<time>2026-08-06T18:09:46.623Z</time>
			</trkpt>
			<trkpt lat="39.92707" lon="20.67192">
				<ele>724.91</ele>
				<time>2026-08-06T18:09:54.810Z</time>
			</trkpt>
			<trkpt lat="39.92729" lon="20.67181">
				<ele>725.15</ele>
				<time>2026-08-06T18:09:58.285Z</time>
			</trkpt>
			<trkpt lat="39.92757" lon="20.67156">
				<ele>729.77</ele>
				<time>2026-08-06T18:10:03.257Z</time>
			</trkpt>
			<trkpt lat="39.9277" lon="20.67148">
				<ele>730.22</ele>
				<time>2026-08-06T18:10:05.351Z</time>
			</trkpt>
			<trkpt lat="39.92848" lon="20.67138">
				<ele>719.15</ele>
				<time>2026-08-06T18:10:16.641Z</time>
			</trkpt>
			<trkpt lat="39.92883" lon="20.67135">
				<ele>715.39</ele>
				<time>2026-08-06T18:10:21.622Z</time>
			</trkpt>
			<trkpt lat="39.92905" lon="20.67135">
				<ele>713.71</ele>
				<time>2026-08-06T18:10:24.723Z</time>
			</trkpt>
			<trkpt lat="39.92913" lon="20.67138">
				<ele>712.33</ele>
				<time>2026-08-06T18:10:25.892Z</time>
			</trkpt>
			<trkpt lat="39.92938" lon="20.67152">
				<ele>704.84</ele>
				<time>2026-08-06T18:10:29.694Z</time>
			</trkpt>
			<trkpt lat="39.92977" lon="20.67157">
				<ele>697.35</ele>
				<time>2026-08-06T18:10:35.120Z</time>
			</trkpt>
			<trkpt lat="39.92998" lon="20.67154">
				<ele>697.27</ele>
				<time>2026-08-06T18:10:38.021Z</time>
			</trkpt>
			<trkpt lat="39.93038" lon="20.67141">
				<ele>699.27</ele>
				<time>2026-08-06T18:10:43.630Z</time>
			</trkpt>
			<trkpt lat="39.93042" lon="20.67143">
				<ele>698.21</ele>
				<time>2026-08-06T18:10:44.209Z</time>
			</trkpt>
			<trkpt lat="39.93045" lon="20.67146">
				<ele>696.36</ele>
				<time>2026-08-06T18:10:44.720Z</time>
			</trkpt>
			<trkpt lat="39.93047" lon="20.67151">
				<ele>694.58</ele>
				<time>2026-08-06T18:10:45.303Z</time>
			</trkpt>
			<trkpt lat="39.93045" lon="20.67156">
				<ele>692.8</ele>
				<time>2026-08-06T18:10:45.885Z</time>
			</trkpt>
			<trkpt lat="39.93006" lon="20.67176">
				<ele>686.89</ele>
				<time>2026-08-06T18:10:51.490Z</time>
			</trkpt>
			<trkpt lat="39.92983" lon="20.67183">
				<ele>685.51</ele>
				<time>2026-08-06T18:10:54.617Z</time>
			</trkpt>
			<trkpt lat="39.9293" lon="20.67193">
				<ele>690.94</ele>
				<time>2026-08-06T18:11:01.622Z</time>
			</trkpt>
			<trkpt lat="39.92911" lon="20.67199">
				<ele>691.55</ele>
				<time>2026-08-06T18:11:04.149Z</time>
			</trkpt>
			<trkpt lat="39.92905" lon="20.67206">
				<ele>690.28</ele>
				<time>2026-08-06T18:11:05.185Z</time>
			</trkpt>
			<trkpt lat="39.92901" lon="20.67218">
				<ele>687.58</ele>
				<time>2026-08-06T18:11:06.472Z</time>
			</trkpt>
			<trkpt lat="39.92901" lon="20.67234">
				<ele>684.98</ele>
				<time>2026-08-06T18:11:08.040Z</time>
			</trkpt>
			<trkpt lat="39.92906" lon="20.67248">
				<ele>681.84</ele>
				<time>2026-08-06T18:11:09.548Z</time>
			</trkpt>
			<trkpt lat="39.92915" lon="20.67264">
				<ele>679.88</ele>
				<time>2026-08-06T18:11:11.476Z</time>
			</trkpt>
			<trkpt lat="39.92983" lon="20.67325">
				<ele>669.69</ele>
				<time>2026-08-06T18:11:21.754Z</time>
			</trkpt>
			<trkpt lat="39.93015" lon="20.6735">
				<ele>661.85</ele>
				<time>2026-08-06T18:11:26.299Z</time>
			</trkpt>
			<trkpt lat="39.93034" lon="20.67369">
				<ele>658.22</ele>
				<time>2026-08-06T18:11:29.182Z</time>
			</trkpt>
			<trkpt lat="39.93059" lon="20.67401">
				<ele>654.51</ele>
				<time>2026-08-06T18:11:33.352Z</time>
			</trkpt>
			<trkpt lat="39.93084" lon="20.67438">
				<ele>654.96</ele>
				<time>2026-08-06T18:11:37.789Z</time>
			</trkpt>
			<trkpt lat="39.93101" lon="20.67457">
				<ele>653.83</ele>
				<time>2026-08-06T18:11:40.384Z</time>
			</trkpt>
			<trkpt lat="39.93111" lon="20.67463">
				<ele>651.84</ele>
				<time>2026-08-06T18:11:41.651Z</time>
			</trkpt>
			<trkpt lat="39.93114" lon="20.67461">
				<ele>649.92</ele>
				<time>2026-08-06T18:11:42.038Z</time>
			</trkpt>
			<trkpt lat="39.93117" lon="20.67457">
				<ele>647.43</ele>
				<time>2026-08-06T18:11:42.529Z</time>
			</trkpt>
			<trkpt lat="39.93097" lon="20.67427">
				<ele>647.13</ele>
				<time>2026-08-06T18:11:45.996Z</time>
			</trkpt>
			<trkpt lat="39.93087" lon="20.67409">
				<ele>646.08</ele>
				<time>2026-08-06T18:11:47.914Z</time>
			</trkpt>
			<trkpt lat="39.93049" lon="20.67323">
				<ele>644.26</ele>
				<time>2026-08-06T18:11:56.303Z</time>
			</trkpt>
			<trkpt lat="39.93047" lon="20.67317">
				<ele>644.32</ele>
				<time>2026-08-06T18:11:56.846Z</time>
			</trkpt>
			<trkpt lat="39.93048" lon="20.67309">
				<ele>643.51</ele>
				<time>2026-08-06T18:11:57.516Z</time>
			</trkpt>
			<trkpt lat="39.93052" lon="20.673">
				<ele>642.78</ele>
				<time>2026-08-06T18:11:58.374Z</time>
			</trkpt>
			<trkpt lat="39.93057" lon="20.67296">
				<ele>642.81</ele>
				<time>2026-08-06T18:11:59.003Z</time>
			</trkpt>
			<trkpt lat="39.93084" lon="20.67279">
				<ele>644.62</ele>
				<time>2026-08-06T18:12:02.188Z</time>
			</trkpt>
			<trkpt lat="39.93097" lon="20.67275">
				<ele>646.14</ele>
				<time>2026-08-06T18:12:03.592Z</time>
			</trkpt>
			<trkpt lat="39.9311" lon="20.67279">
				<ele>645.47</ele>
				<time>2026-08-06T18:12:04.987Z</time>
			</trkpt>
			<trkpt lat="39.93132" lon="20.67294">
				<ele>643.68</ele>
				<time>2026-08-06T18:12:07.555Z</time>
			</trkpt>
			<trkpt lat="39.93151" lon="20.67299">
				<ele>643.34</ele>
				<time>2026-08-06T18:12:09.537Z</time>
			</trkpt>
			<trkpt lat="39.9316" lon="20.67299">
				<ele>643.57</ele>
				<time>2026-08-06T18:12:10.451Z</time>
			</trkpt>
			<trkpt lat="39.93205" lon="20.67286">
				<ele>645.6</ele>
				<time>2026-08-06T18:12:15.061Z</time>
			</trkpt>
			<trkpt lat="39.93226" lon="20.67285">
				<ele>645.85</ele>
				<time>2026-08-06T18:12:17.125Z</time>
			</trkpt>
			<trkpt lat="39.93236" lon="20.67287">
				<ele>645.63</ele>
				<time>2026-08-06T18:12:18.110Z</time>
			</trkpt>
			<trkpt lat="39.93257" lon="20.67297">
				<ele>644</ele>
				<time>2026-08-06T18:12:20.267Z</time>
			</trkpt>
			<trkpt lat="39.93281" lon="20.67316">
				<ele>641.56</ele>
				<time>2026-08-06T18:12:22.936Z</time>
			</trkpt>
			<trkpt lat="39.93295" lon="20.67324">
				<ele>641.4</ele>
				<time>2026-08-06T18:12:24.371Z</time>
			</trkpt>
			<trkpt lat="39.93303" lon="20.67327">
				<ele>641.8</ele>
				<time>2026-08-06T18:12:25.147Z</time>
			</trkpt>
			<trkpt lat="39.93311" lon="20.67327">
				<ele>641.75</ele>
				<time>2026-08-06T18:12:25.889Z</time>
			</trkpt>
			<trkpt lat="39.93323" lon="20.67324">
				<ele>641.83</ele>
				<time>2026-08-06T18:12:27.015Z</time>
			</trkpt>
			<trkpt lat="39.93329" lon="20.67319">
				<ele>642.58</ele>
				<time>2026-08-06T18:12:27.667Z</time>
			</trkpt>
			<trkpt lat="39.9334" lon="20.67306">
				<ele>644.73</ele>
				<time>2026-08-06T18:12:29.018Z</time>
			</trkpt>
			<trkpt lat="39.93361" lon="20.67263">
				<ele>648.45</ele>
				<time>2026-08-06T18:12:32.516Z</time>
			</trkpt>
			<trkpt lat="39.93374" lon="20.67225">
				<ele>644.75</ele>
				<time>2026-08-06T18:12:35.305Z</time>
			</trkpt>
			<trkpt lat="39.93379" lon="20.67197">
				<ele>644.17</ele>
				<time>2026-08-06T18:12:37.197Z</time>
			</trkpt>
			<trkpt lat="39.93385" lon="20.67183">
				<ele>644.25</ele>
				<time>2026-08-06T18:12:38.241Z</time>
			</trkpt>
			<trkpt lat="39.934" lon="20.67164">
				<ele>643.65</ele>
				<time>2026-08-06T18:12:39.994Z</time>
			</trkpt>
			<trkpt lat="39.93385" lon="20.67183">
				<ele>644.25</ele>
				<time>2026-08-06T18:12:41.722Z</time>
			</trkpt>
			<trkpt lat="39.93396" lon="20.67255">
				<ele>637.75</ele>
				<time>2026-08-06T18:12:46.243Z</time>
			</trkpt>
			<trkpt lat="39.93398" lon="20.6726">
				<ele>637.19</ele>
				<time>2026-08-06T18:12:46.582Z</time>
			</trkpt>
			<trkpt lat="39.93402" lon="20.67263">
				<ele>636.17</ele>
				<time>2026-08-06T18:12:46.943Z</time>
			</trkpt>
			<trkpt lat="39.93408" lon="20.67262">
				<ele>634.24</ele>
				<time>2026-08-06T18:12:47.411Z</time>
			</trkpt>
			<trkpt lat="39.93412" lon="20.67257">
				<ele>633.31</ele>
				<time>2026-08-06T18:12:47.833Z</time>
			</trkpt>
			<trkpt lat="39.93411" lon="20.67234">
				<ele>634.04</ele>
				<time>2026-08-06T18:12:49.145Z</time>
			</trkpt>
			<trkpt lat="39.93414" lon="20.67224">
				<ele>633.37</ele>
				<time>2026-08-06T18:12:49.738Z</time>
			</trkpt>
			<trkpt lat="39.93419" lon="20.6722">
				<ele>632.78</ele>
				<time>2026-08-06T18:12:50.154Z</time>
			</trkpt>
			<trkpt lat="39.93456" lon="20.67212">
				<ele>629.88</ele>
				<time>2026-08-06T18:12:52.693Z</time>
			</trkpt>
			<trkpt lat="39.93465" lon="20.67214">
				<ele>629.01</ele>
				<time>2026-08-06T18:12:53.282Z</time>
			</trkpt>
			<trkpt lat="39.93518" lon="20.67243">
				<ele>626.73</ele>
				<time>2026-08-06T18:12:56.770Z</time>
			</trkpt>
			<trkpt lat="39.93555" lon="20.67257">
				<ele>627.44</ele>
				<time>2026-08-06T18:12:58.941Z</time>
			</trkpt>
			<trkpt lat="39.93588" lon="20.6728">
				<ele>623.87</ele>
				<time>2026-08-06T18:13:00.964Z</time>
			</trkpt>
			<trkpt lat="39.93608" lon="20.67291">
				<ele>623.31</ele>
				<time>2026-08-06T18:13:02.112Z</time>
			</trkpt>
			<trkpt lat="39.93622" lon="20.67297">
				<ele>622.4</ele>
				<time>2026-08-06T18:13:02.886Z</time>
			</trkpt>
			<trkpt lat="39.9367" lon="20.67293">
				<ele>618.41</ele>
				<time>2026-08-06T18:13:05.408Z</time>
			</trkpt>
			<trkpt lat="39.93683" lon="20.67287">
				<ele>616.83</ele>
				<time>2026-08-06T18:13:06.138Z</time>
			</trkpt>
			<trkpt lat="39.93715" lon="20.67257">
				<ele>613.37</ele>
				<time>2026-08-06T18:13:08.261Z</time>
			</trkpt>
			<trkpt lat="39.93727" lon="20.67242">
				<ele>612.14</ele>
				<time>2026-08-06T18:13:09.181Z</time>
			</trkpt>
			<trkpt lat="39.93732" lon="20.67224">
				<ele>611.45</ele>
				<time>2026-08-06T18:13:10.010Z</time>
			</trkpt>
			<trkpt lat="39.93732" lon="20.67207">
				<ele>611.34</ele>
				<time>2026-08-06T18:13:10.760Z</time>
			</trkpt>
			<trkpt lat="39.93723" lon="20.67166">
				<ele>616.5</ele>
				<time>2026-08-06T18:13:12.710Z</time>
			</trkpt>
			<trkpt lat="39.93723" lon="20.67155">
				<ele>617.49</ele>
				<time>2026-08-06T18:13:13.232Z</time>
			</trkpt>
			<trkpt lat="39.93727" lon="20.67147">
				<ele>617.38</ele>
				<time>2026-08-06T18:13:13.691Z</time>
			</trkpt>
			<trkpt lat="39.93739" lon="20.67144">
				<ele>615.45</ele>
				<time>2026-08-06T18:13:14.472Z</time>
			</trkpt>
			<trkpt lat="39.93791" lon="20.67148">
				<ele>611.25</ele>
				<time>2026-08-06T18:13:18.032Z</time>
			</trkpt>
			<trkpt lat="39.93805" lon="20.67155">
				<ele>610.02</ele>
				<time>2026-08-06T18:13:19.135Z</time>
			</trkpt>
			<trkpt lat="39.93842" lon="20.67183">
				<ele>606.49</ele>
				<time>2026-08-06T18:13:22.505Z</time>
			</trkpt>
			<trkpt lat="39.93875" lon="20.67213">
				<ele>601.46</ele>
				<time>2026-08-06T18:13:26.519Z</time>
			</trkpt>
			<trkpt lat="39.93918" lon="20.67264">
				<ele>595.83</ele>
				<time>2026-08-06T18:13:32.051Z</time>
			</trkpt>
			<trkpt lat="39.93978" lon="20.67328">
				<ele>588.59</ele>
				<time>2026-08-06T18:13:38.909Z</time>
			</trkpt>
			<trkpt lat="39.94013" lon="20.67378">
				<ele>586.34</ele>
				<time>2026-08-06T18:13:43.192Z</time>
			</trkpt>
			<trkpt lat="39.94064" lon="20.67443">
				<ele>584.7</ele>
				<time>2026-08-06T18:13:48.698Z</time>
			</trkpt>
			<trkpt lat="39.94076" lon="20.67461">
				<ele>583.19</ele>
				<time>2026-08-06T18:13:50.044Z</time>
			</trkpt>
			<trkpt lat="39.94092" lon="20.67489">
				<ele>581.6</ele>
				<time>2026-08-06T18:13:51.967Z</time>
			</trkpt>
			<trkpt lat="39.9411" lon="20.67528">
				<ele>580.75</ele>
				<time>2026-08-06T18:13:54.395Z</time>
			</trkpt>
			<trkpt lat="39.94118" lon="20.67549">
				<ele>577.23</ele>
				<time>2026-08-06T18:13:55.611Z</time>
			</trkpt>
			<trkpt lat="39.94129" lon="20.67588">
				<ele>571.58</ele>
				<time>2026-08-06T18:13:57.712Z</time>
			</trkpt>
			<trkpt lat="39.94135" lon="20.67639">
				<ele>571.53</ele>
				<time>2026-08-06T18:14:00.227Z</time>
			</trkpt>
			<trkpt lat="39.94138" lon="20.67656">
				<ele>570.68</ele>
				<time>2026-08-06T18:14:01.054Z</time>
			</trkpt>
			<trkpt lat="39.94143" lon="20.67669">
				<ele>569.46</ele>
				<time>2026-08-06T18:14:01.736Z</time>
			</trkpt>
			<trkpt lat="39.94162" lon="20.67696">
				<ele>567.52</ele>
				<time>2026-08-06T18:14:03.422Z</time>
			</trkpt>
			<trkpt lat="39.94171" lon="20.67705">
				<ele>566.83</ele>
				<time>2026-08-06T18:14:04.089Z</time>
			</trkpt>
			<trkpt lat="39.94213" lon="20.67735">
				<ele>559.69</ele>
				<time>2026-08-06T18:14:06.830Z</time>
			</trkpt>
			<trkpt lat="39.94221" lon="20.67746">
				<ele>558.12</ele>
				<time>2026-08-06T18:14:07.477Z</time>
			</trkpt>
			<trkpt lat="39.94223" lon="20.6776">
				<ele>557.01</ele>
				<time>2026-08-06T18:14:08.079Z</time>
			</trkpt>
			<trkpt lat="39.94222" lon="20.67768">
				<ele>557.35</ele>
				<time>2026-08-06T18:14:08.419Z</time>
			</trkpt>
			<trkpt lat="39.94218" lon="20.67775">
				<ele>557.76</ele>
				<time>2026-08-06T18:14:08.783Z</time>
			</trkpt>
			<trkpt lat="39.94194" lon="20.67807">
				<ele>558.45</ele>
				<time>2026-08-06T18:14:10.616Z</time>
			</trkpt>
			<trkpt lat="39.94185" lon="20.67812">
				<ele>556.51</ele>
				<time>2026-08-06T18:14:11.129Z</time>
			</trkpt>
			<trkpt lat="39.94175" lon="20.6781">
				<ele>555.82</ele>
				<time>2026-08-06T18:14:11.655Z</time>
			</trkpt>
			<trkpt lat="39.9417" lon="20.67807">
				<ele>556.1</ele>
				<time>2026-08-06T18:14:11.940Z</time>
			</trkpt>
			<trkpt lat="39.94156" lon="20.67777">
				<ele>556.78</ele>
				<time>2026-08-06T18:14:13.313Z</time>
			</trkpt>
			<trkpt lat="39.94151" lon="20.67772">
				<ele>556.32</ele>
				<time>2026-08-06T18:14:13.630Z</time>
			</trkpt>
			<trkpt lat="39.94143" lon="20.67766">
				<ele>555.17</ele>
				<time>2026-08-06T18:14:14.092Z</time>
			</trkpt>
			<trkpt lat="39.94129" lon="20.67763">
				<ele>552.46</ele>
				<time>2026-08-06T18:14:14.796Z</time>
			</trkpt>
			<trkpt lat="39.94115" lon="20.67755">
				<ele>550.69</ele>
				<time>2026-08-06T18:14:15.547Z</time>
			</trkpt>
			<trkpt lat="39.9408" lon="20.67729">
				<ele>545.39</ele>
				<time>2026-08-06T18:14:17.486Z</time>
			</trkpt>
			<trkpt lat="39.94067" lon="20.67707">
				<ele>544.48</ele>
				<time>2026-08-06T18:14:18.492Z</time>
			</trkpt>
			<trkpt lat="39.94056" lon="20.67672">
				<ele>546.14</ele>
				<time>2026-08-06T18:14:19.840Z</time>
			</trkpt>
			<trkpt lat="39.94049" lon="20.67661">
				<ele>546.16</ele>
				<time>2026-08-06T18:14:20.344Z</time>
			</trkpt>
			<trkpt lat="39.94041" lon="20.67652">
				<ele>545.3</ele>
				<time>2026-08-06T18:14:20.827Z</time>
			</trkpt>
			<trkpt lat="39.93961" lon="20.67593">
				<ele>540.52</ele>
				<time>2026-08-06T18:14:24.933Z</time>
			</trkpt>
			<trkpt lat="39.93944" lon="20.67584">
				<ele>539.79</ele>
				<time>2026-08-06T18:14:25.736Z</time>
			</trkpt>
			<trkpt lat="39.93939" lon="20.67584">
				<ele>539.78</ele>
				<time>2026-08-06T18:14:25.954Z</time>
			</trkpt>
			<trkpt lat="39.93936" lon="20.67587">
				<ele>539.35</ele>
				<time>2026-08-06T18:14:26.119Z</time>
			</trkpt>
			<trkpt lat="39.93934" lon="20.67593">
				<ele>538.29</ele>
				<time>2026-08-06T18:14:26.337Z</time>
			</trkpt>
			<trkpt lat="39.93935" lon="20.676">
				<ele>537.11</ele>
				<time>2026-08-06T18:14:26.575Z</time>
			</trkpt>
			<trkpt lat="39.93965" lon="20.67631">
				<ele>533.75</ele>
				<time>2026-08-06T18:14:28.231Z</time>
			</trkpt>
			<trkpt lat="39.93978" lon="20.67655">
				<ele>531.34</ele>
				<time>2026-08-06T18:14:29.201Z</time>
			</trkpt>
			<trkpt lat="39.93981" lon="20.67662">
				<ele>530.46</ele>
				<time>2026-08-06T18:14:29.465Z</time>
			</trkpt>
			<trkpt lat="39.93988" lon="20.67702">
				<ele>524.45</ele>
				<time>2026-08-06T18:14:30.816Z</time>
			</trkpt>
			<trkpt lat="39.93991" lon="20.67711">
				<ele>523.17</ele>
				<time>2026-08-06T18:14:31.139Z</time>
			</trkpt>
			<trkpt lat="39.94008" lon="20.67737">
				<ele>521.65</ele>
				<time>2026-08-06T18:14:32.264Z</time>
			</trkpt>
			<trkpt lat="39.94014" lon="20.6775">
				<ele>521.15</ele>
				<time>2026-08-06T18:14:32.764Z</time>
			</trkpt>
			<trkpt lat="39.94027" lon="20.67806">
				<ele>514.51</ele>
				<time>2026-08-06T18:14:34.699Z</time>
			</trkpt>
			<trkpt lat="39.94036" lon="20.67825">
				<ele>513.28</ele>
				<time>2026-08-06T18:14:35.442Z</time>
			</trkpt>
			<trkpt lat="39.94043" lon="20.67834">
				<ele>513.36</ele>
				<time>2026-08-06T18:14:35.870Z</time>
			</trkpt>
			<trkpt lat="39.9407" lon="20.67865">
				<ele>513.46</ele>
				<time>2026-08-06T18:14:37.445Z</time>
			</trkpt>
			<trkpt lat="39.94075" lon="20.67877">
				<ele>512.02</ele>
				<time>2026-08-06T18:14:37.907Z</time>
			</trkpt>
			<trkpt lat="39.94078" lon="20.6791">
				<ele>507.57</ele>
				<time>2026-08-06T18:14:39.039Z</time>
			</trkpt>
			<trkpt lat="39.94081" lon="20.6792">
				<ele>506.55</ele>
				<time>2026-08-06T18:14:39.407Z</time>
			</trkpt>
			<trkpt lat="39.94088" lon="20.67934">
				<ele>505.63</ele>
				<time>2026-08-06T18:14:39.983Z</time>
			</trkpt>
			<trkpt lat="39.94104" lon="20.67956">
				<ele>505.31</ele>
				<time>2026-08-06T18:14:41.037Z</time>
			</trkpt>
			<trkpt lat="39.94117" lon="20.67987">
				<ele>499.52</ele>
				<time>2026-08-06T18:14:42.280Z</time>
			</trkpt>
			<trkpt lat="39.94123" lon="20.67997">
				<ele>497.58</ele>
				<time>2026-08-06T18:14:42.731Z</time>
			</trkpt>
			<trkpt lat="39.94137" lon="20.6801">
				<ele>494.85</ele>
				<time>2026-08-06T18:14:43.534Z</time>
			</trkpt>
			<trkpt lat="39.94152" lon="20.68021">
				<ele>493.19</ele>
				<time>2026-08-06T18:14:44.347Z</time>
			</trkpt>
			<trkpt lat="39.9418" lon="20.68038">
				<ele>493.17</ele>
				<time>2026-08-06T18:14:45.828Z</time>
			</trkpt>
			<trkpt lat="39.94195" lon="20.68059">
				<ele>490.04</ele>
				<time>2026-08-06T18:14:46.902Z</time>
			</trkpt>
			<trkpt lat="39.94202" lon="20.68065">
				<ele>488.8</ele>
				<time>2026-08-06T18:14:47.315Z</time>
			</trkpt>
			<trkpt lat="39.94212" lon="20.68071">
				<ele>487.66</ele>
				<time>2026-08-06T18:14:47.862Z</time>
			</trkpt>
			<trkpt lat="39.94255" lon="20.68085">
				<ele>478.4</ele>
				<time>2026-08-06T18:14:50.112Z</time>
			</trkpt>
			<trkpt lat="39.94267" lon="20.68085">
				<ele>476</ele>
				<time>2026-08-06T18:14:50.735Z</time>
			</trkpt>
			<trkpt lat="39.94276" lon="20.6808">
				<ele>474.69</ele>
				<time>2026-08-06T18:14:51.248Z</time>
			</trkpt>
			<trkpt lat="39.94281" lon="20.68069">
				<ele>474.94</ele>
				<time>2026-08-06T18:14:51.766Z</time>
			</trkpt>
			<trkpt lat="39.94289" lon="20.6804">
				<ele>477.7</ele>
				<time>2026-08-06T18:14:53.032Z</time>
			</trkpt>
			<trkpt lat="39.94293" lon="20.68035">
				<ele>477.36</ele>
				<time>2026-08-06T18:14:53.332Z</time>
			</trkpt>
			<trkpt lat="39.94298" lon="20.68036">
				<ele>476.43</ele>
				<time>2026-08-06T18:14:53.608Z</time>
			</trkpt>
			<trkpt lat="39.94302" lon="20.68044">
				<ele>475.51</ele>
				<time>2026-08-06T18:14:54.009Z</time>
			</trkpt>
			<trkpt lat="39.94301" lon="20.68062">
				<ele>473.92</ele>
				<time>2026-08-06T18:14:54.775Z</time>
			</trkpt>
			<trkpt lat="39.94295" lon="20.68084">
				<ele>470.71</ele>
				<time>2026-08-06T18:14:55.780Z</time>
			</trkpt>
			<trkpt lat="39.94283" lon="20.68109">
				<ele>470.21</ele>
				<time>2026-08-06T18:14:57.074Z</time>
			</trkpt>
			<trkpt lat="39.94281" lon="20.68125">
				<ele>471.77</ele>
				<time>2026-08-06T18:14:57.796Z</time>
			</trkpt>
			<trkpt lat="39.94283" lon="20.68132">
				<ele>471.87</ele>
				<time>2026-08-06T18:14:58.132Z</time>
			</trkpt>
			<trkpt lat="39.94291" lon="20.68138">
				<ele>470.55</ele>
				<time>2026-08-06T18:14:58.678Z</time>
			</trkpt>
			<trkpt lat="39.94331" lon="20.68151">
				<ele>466.64</ele>
				<time>2026-08-06T18:15:01.174Z</time>
			</trkpt>
			<trkpt lat="39.94352" lon="20.68166">
				<ele>464.92</ele>
				<time>2026-08-06T18:15:02.671Z</time>
			</trkpt>
			<trkpt lat="39.94371" lon="20.68185">
				<ele>461.97</ele>
				<time>2026-08-06T18:15:04.205Z</time>
			</trkpt>
			<trkpt lat="39.9445" lon="20.6829">
				<ele>457.7</ele>
				<time>2026-08-06T18:15:11.965Z</time>
			</trkpt>
			<trkpt lat="39.94469" lon="20.68309">
				<ele>456.78</ele>
				<time>2026-08-06T18:15:13.735Z</time>
			</trkpt>
			<trkpt lat="39.9449" lon="20.68327">
				<ele>454.01</ele>
				<time>2026-08-06T18:15:15.641Z</time>
			</trkpt>
			<trkpt lat="39.94578" lon="20.68389">
				<ele>449.49</ele>
				<time>2026-08-06T18:15:23.761Z</time>
			</trkpt>
			<trkpt lat="39.94637" lon="20.68445">
				<ele>448.12</ele>
				<time>2026-08-06T18:15:30.263Z</time>
			</trkpt>
			<trkpt lat="39.94642" lon="20.68453">
				<ele>448.03</ele>
				<time>2026-08-06T18:15:30.999Z</time>
			</trkpt>
			<trkpt lat="39.94646" lon="20.68469">
				<ele>448.24</ele>
				<time>2026-08-06T18:15:32.213Z</time>
			</trkpt>
			<trkpt lat="39.94645" lon="20.68485">
				<ele>448.34</ele>
				<time>2026-08-06T18:15:33.387Z</time>
			</trkpt>
			<trkpt lat="39.94639" lon="20.68496">
				<ele>448.07</ele>
				<time>2026-08-06T18:15:34.386Z</time>
			</trkpt>
			<trkpt lat="39.94631" lon="20.68507">
				<ele>447.79</ele>
				<time>2026-08-06T18:15:35.522Z</time>
			</trkpt>
			<trkpt lat="39.94597" lon="20.68538">
				<ele>447.75</ele>
				<time>2026-08-06T18:15:39.692Z</time>
			</trkpt>
			<trkpt lat="39.94575" lon="20.68562">
				<ele>445.12</ele>
				<time>2026-08-06T18:15:42.685Z</time>
			</trkpt>
			<trkpt lat="39.94529" lon="20.68632">
				<ele>441.69</ele>
				<time>2026-08-06T18:15:50.460Z</time>
			</trkpt>
			<trkpt lat="39.94513" lon="20.68652">
				<ele>441.27</ele>
				<time>2026-08-06T18:15:53.019Z</time>
			</trkpt>
			<trkpt lat="39.94464" lon="20.68694">
				<ele>444.82</ele>
				<time>2026-08-06T18:16:00.080Z</time>
			</trkpt>
			<trkpt lat="39.94451" lon="20.68705">
				<ele>449.32</ele>
				<time>2026-08-06T18:16:02.019Z</time>
			</trkpt>
			<trkpt lat="39.94448" lon="20.68711">
				<ele>449.93</ele>
				<time>2026-08-06T18:16:02.713Z</time>
			</trkpt>
			<trkpt lat="39.94446" lon="20.6872">
				<ele>448.88</ele>
				<time>2026-08-06T18:16:03.628Z</time>
			</trkpt>
			<trkpt lat="39.9445" lon="20.68731">
				<ele>446.02</ele>
				<time>2026-08-06T18:16:04.826Z</time>
			</trkpt>
			<trkpt lat="39.9447" lon="20.68759">
				<ele>439.08</ele>
				<time>2026-08-06T18:16:08.667Z</time>
			</trkpt>
			<trkpt lat="39.94491" lon="20.68794">
				<ele>438.42</ele>
				<time>2026-08-06T18:16:13.272Z</time>
			</trkpt>
			<trkpt lat="39.94483" lon="20.68805">
				<ele>438.41</ele>
				<time>2026-08-06T18:16:14.880Z</time>
			</trkpt>
			<trkpt lat="39.94483" lon="20.68811">
				<ele>438.4</ele>
				<time>2026-08-06T18:16:15.521Z</time>
			</trkpt>
			<trkpt lat="39.94487" lon="20.68818">
				<ele>438.55</ele>
				<time>2026-08-06T18:16:16.460Z</time>
			</trkpt>
			<trkpt lat="39.94483" lon="20.68811">
				<ele>438.4</ele>
				<time>2026-08-06T18:16:17.404Z</time>
			</trkpt>
			<trkpt lat="39.94483" lon="20.68805">
				<ele>438.41</ele>
				<time>2026-08-06T18:16:18.057Z</time>
			</trkpt>
			<trkpt lat="39.94491" lon="20.68794">
				<ele>438.42</ele>
				<time>2026-08-06T18:16:19.720Z</time>
			</trkpt>
			<trkpt lat="39.9447" lon="20.68759">
				<ele>439.08</ele>
				<time>2026-08-06T18:16:24.707Z</time>
			</trkpt>
			<trkpt lat="39.9445" lon="20.68731">
				<ele>446.02</ele>
				<time>2026-08-06T18:16:29.136Z</time>
			</trkpt>
			<trkpt lat="39.94446" lon="20.6872">
				<ele>448.88</ele>
				<time>2026-08-06T18:16:30.572Z</time>
			</trkpt>
			<trkpt lat="39.94448" lon="20.68711">
				<ele>449.93</ele>
				<time>2026-08-06T18:16:31.686Z</time>
			</trkpt>
			<trkpt lat="39.94451" lon="20.68705">
				<ele>449.32</ele>
				<time>2026-08-06T18:16:32.543Z</time>
			</trkpt>
			<trkpt lat="39.94464" lon="20.68694">
				<ele>444.82</ele>
				<time>2026-08-06T18:16:34.985Z</time>
			</trkpt>
			<trkpt lat="39.94513" lon="20.68652">
				<ele>441.27</ele>
				<time>2026-08-06T18:16:44.559Z</time>
			</trkpt>
			<trkpt lat="39.94529" lon="20.68632">
				<ele>441.69</ele>
				<time>2026-08-06T18:16:48.318Z</time>
			</trkpt>
			<trkpt lat="39.94575" lon="20.68562">
				<ele>445.12</ele>
				<time>2026-08-06T18:17:00.840Z</time>
			</trkpt>
			<trkpt lat="39.94597" lon="20.68538">
				<ele>447.75</ele>
				<time>2026-08-06T18:17:06.158Z</time>
			</trkpt>
			<trkpt lat="39.94631" lon="20.68507">
				<ele>447.79</ele>
				<time>2026-08-06T18:17:14.098Z</time>
			</trkpt>
			<trkpt lat="39.94639" lon="20.68496">
				<ele>448.07</ele>
				<time>2026-08-06T18:17:16.376Z</time>
			</trkpt>
			<trkpt lat="39.94645" lon="20.68485">
				<ele>448.34</ele>
				<time>2026-08-06T18:17:18.424Z</time>
			</trkpt>
			<trkpt lat="39.94646" lon="20.68469">
				<ele>448.24</ele>
				<time>2026-08-06T18:17:20.885Z</time>
			</trkpt>
			<trkpt lat="39.94642" lon="20.68453">
				<ele>448.03</ele>
				<time>2026-08-06T18:17:23.494Z</time>
			</trkpt>
			<trkpt lat="39.94637" lon="20.68445">
				<ele>448.12</ele>
				<time>2026-08-06T18:17:25.108Z</time>
			</trkpt>
			<trkpt lat="39.94578" lon="20.68389">
				<ele>449.49</ele>
				<time>2026-08-06T18:17:40.535Z</time>
			</trkpt>
			<trkpt lat="39.9449" lon="20.68327">
				<ele>454.01</ele>
				<time>2026-08-06T18:18:03.308Z</time>
			</trkpt>
			<trkpt lat="39.94469" lon="20.68309">
				<ele>456.78</ele>
				<time>2026-08-06T18:18:09.336Z</time>
			</trkpt>
			<trkpt lat="39.9445" lon="20.6829">
				<ele>457.7</ele>
				<time>2026-08-06T18:18:15.197Z</time>
			</trkpt>
			<trkpt lat="39.94371" lon="20.68185">
				<ele>461.97</ele>
				<time>2026-08-06T18:19:09.386Z</time>
			</trkpt>
			<trkpt lat="39.94352" lon="20.68166">
				<ele>464.92</ele>
				<time>2026-08-06T18:19:13.065Z</time>
			</trkpt>
			<trkpt lat="39.94331" lon="20.68151">
				<ele>466.64</ele>
				<time>2026-08-06T18:19:16.711Z</time>
			</trkpt>
			<trkpt lat="39.94291" lon="20.68138">
				<ele>470.55</ele>
				<time>2026-08-06T18:19:22.907Z</time>
			</trkpt>
			<trkpt lat="39.94283" lon="20.68132">
				<ele>471.87</ele>
				<time>2026-08-06T18:19:24.280Z</time>
			</trkpt>
			<trkpt lat="39.94281" lon="20.68125">
				<ele>471.77</ele>
				<time>2026-08-06T18:19:25.130Z</time>
			</trkpt>
			<trkpt lat="39.94283" lon="20.68109">
				<ele>470.21</ele>
				<time>2026-08-06T18:19:26.968Z</time>
			</trkpt>
			<trkpt lat="39.94295" lon="20.68084">
				<ele>470.71</ele>
				<time>2026-08-06T18:19:30.289Z</time>
			</trkpt>
			<trkpt lat="39.94301" lon="20.68062">
				<ele>473.92</ele>
				<time>2026-08-06T18:19:32.896Z</time>
			</trkpt>
			<trkpt lat="39.94302" lon="20.68044">
				<ele>475.51</ele>
				<time>2026-08-06T18:19:34.899Z</time>
			</trkpt>
			<trkpt lat="39.94298" lon="20.68036">
				<ele>476.43</ele>
				<time>2026-08-06T18:19:35.955Z</time>
			</trkpt>
			<trkpt lat="39.94293" lon="20.68035">
				<ele>477.36</ele>
				<time>2026-08-06T18:19:36.682Z</time>
			</trkpt>
			<trkpt lat="39.94289" lon="20.6804">
				<ele>477.7</ele>
				<time>2026-08-06T18:19:37.477Z</time>
			</trkpt>
			<trkpt lat="39.94281" lon="20.68069">
				<ele>474.94</ele>
				<time>2026-08-06T18:19:40.849Z</time>
			</trkpt>
			<trkpt lat="39.94276" lon="20.6808">
				<ele>474.69</ele>
				<time>2026-08-06T18:19:42.238Z</time>
			</trkpt>
			<trkpt lat="39.94267" lon="20.68085">
				<ele>476</ele>
				<time>2026-08-06T18:19:43.619Z</time>
			</trkpt>
			<trkpt lat="39.94255" lon="20.68085">
				<ele>478.4</ele>
				<time>2026-08-06T18:19:45.306Z</time>
			</trkpt>
			<trkpt lat="39.94212" lon="20.68071">
				<ele>487.66</ele>
				<time>2026-08-06T18:19:51.468Z</time>
			</trkpt>
			<trkpt lat="39.94202" lon="20.68065">
				<ele>488.8</ele>
				<time>2026-08-06T18:19:52.982Z</time>
			</trkpt>
			<trkpt lat="39.94195" lon="20.68059">
				<ele>490.04</ele>
				<time>2026-08-06T18:19:54.129Z</time>
			</trkpt>
			<trkpt lat="39.9418" lon="20.68038">
				<ele>493.17</ele>
				<time>2026-08-06T18:19:57.126Z</time>
			</trkpt>
			<trkpt lat="39.94152" lon="20.68021">
				<ele>493.19</ele>
				<time>2026-08-06T18:20:01.288Z</time>
			</trkpt>
			<trkpt lat="39.94137" lon="20.6801">
				<ele>494.85</ele>
				<time>2026-08-06T18:20:03.584Z</time>
			</trkpt>
			<trkpt lat="39.94123" lon="20.67997">
				<ele>497.58</ele>
				<time>2026-08-06T18:20:05.863Z</time>
			</trkpt>
			<trkpt lat="39.94117" lon="20.67987">
				<ele>499.52</ele>
				<time>2026-08-06T18:20:07.147Z</time>
			</trkpt>
			<trkpt lat="39.94104" lon="20.67956">
				<ele>505.31</ele>
				<time>2026-08-06T18:20:10.693Z</time>
			</trkpt>
			<trkpt lat="39.94088" lon="20.67934">
				<ele>505.63</ele>
				<time>2026-08-06T18:20:13.707Z</time>
			</trkpt>
			<trkpt lat="39.94081" lon="20.6792">
				<ele>506.55</ele>
				<time>2026-08-06T18:20:15.356Z</time>
			</trkpt>
			<trkpt lat="39.94078" lon="20.6791">
				<ele>507.57</ele>
				<time>2026-08-06T18:20:16.412Z</time>
			</trkpt>
			<trkpt lat="39.94075" lon="20.67877">
				<ele>512.02</ele>
				<time>2026-08-06T18:20:19.656Z</time>
			</trkpt>
			<trkpt lat="39.9407" lon="20.67865">
				<ele>513.46</ele>
				<time>2026-08-06T18:20:20.980Z</time>
			</trkpt>
			<trkpt lat="39.94043" lon="20.67834">
				<ele>513.36</ele>
				<time>2026-08-06T18:20:25.486Z</time>
			</trkpt>
			<trkpt lat="39.94036" lon="20.67825">
				<ele>513.28</ele>
				<time>2026-08-06T18:20:26.707Z</time>
			</trkpt>
			<trkpt lat="39.94027" lon="20.67806">
				<ele>514.51</ele>
				<time>2026-08-06T18:20:28.821Z</time>
			</trkpt>
			<trkpt lat="39.94014" lon="20.6775">
				<ele>521.15</ele>
				<time>2026-08-06T18:20:34.295Z</time>
			</trkpt>
			<trkpt lat="39.94008" lon="20.67737">
				<ele>521.65</ele>
				<time>2026-08-06T18:20:35.699Z</time>
			</trkpt>
			<trkpt lat="39.93991" lon="20.67711">
				<ele>523.17</ele>
				<time>2026-08-06T18:20:38.837Z</time>
			</trkpt>
			<trkpt lat="39.93988" lon="20.67702">
				<ele>524.45</ele>
				<time>2026-08-06T18:20:39.733Z</time>
			</trkpt>
			<trkpt lat="39.93981" lon="20.67662">
				<ele>530.46</ele>
				<time>2026-08-06T18:20:43.448Z</time>
			</trkpt>
			<trkpt lat="39.93978" lon="20.67655">
				<ele>531.34</ele>
				<time>2026-08-06T18:20:44.169Z</time>
			</trkpt>
			<trkpt lat="39.93965" lon="20.67631">
				<ele>533.75</ele>
				<time>2026-08-06T18:20:46.795Z</time>
			</trkpt>
			<trkpt lat="39.93935" lon="20.676">
				<ele>537.11</ele>
				<time>2026-08-06T18:20:51.205Z</time>
			</trkpt>
			<trkpt lat="39.93934" lon="20.67593">
				<ele>538.29</ele>
				<time>2026-08-06T18:20:51.829Z</time>
			</trkpt>
			<trkpt lat="39.93936" lon="20.67587">
				<ele>539.35</ele>
				<time>2026-08-06T18:20:52.401Z</time>
			</trkpt>
			<trkpt lat="39.93939" lon="20.67584">
				<ele>539.78</ele>
				<time>2026-08-06T18:20:52.831Z</time>
			</trkpt>
			<trkpt lat="39.93944" lon="20.67584">
				<ele>539.79</ele>
				<time>2026-08-06T18:20:53.400Z</time>
			</trkpt>
			<trkpt lat="39.93961" lon="20.67593">
				<ele>540.52</ele>
				<time>2026-08-06T18:20:55.475Z</time>
			</trkpt>
			<trkpt lat="39.94041" lon="20.67652">
				<ele>545.3</ele>
				<time>2026-08-06T18:21:05.655Z</time>
			</trkpt>
			<trkpt lat="39.94049" lon="20.67661">
				<ele>546.16</ele>
				<time>2026-08-06T18:21:06.802Z</time>
			</trkpt>
			<trkpt lat="39.94056" lon="20.67672">
				<ele>546.14</ele>
				<time>2026-08-06T18:21:07.988Z</time>
			</trkpt>
			<trkpt lat="39.94067" lon="20.67707">
				<ele>544.48</ele>
				<time>2026-08-06T18:21:11.102Z</time>
			</trkpt>
			<trkpt lat="39.9408" lon="20.67729">
				<ele>545.39</ele>
				<time>2026-08-06T18:21:13.366Z</time>
			</trkpt>
			<trkpt lat="39.94115" lon="20.67755">
				<ele>550.69</ele>
				<time>2026-08-06T18:21:17.601Z</time>
			</trkpt>
			<trkpt lat="39.94129" lon="20.67763">
				<ele>552.46</ele>
				<time>2026-08-06T18:21:19.191Z</time>
			</trkpt>
			<trkpt lat="39.94143" lon="20.67766">
				<ele>555.17</ele>
				<time>2026-08-06T18:21:20.659Z</time>
			</trkpt>
			<trkpt lat="39.94151" lon="20.67772">
				<ele>556.32</ele>
				<time>2026-08-06T18:21:21.609Z</time>
			</trkpt>
			<trkpt lat="39.94156" lon="20.67777">
				<ele>556.78</ele>
				<time>2026-08-06T18:21:22.257Z</time>
			</trkpt>
			<trkpt lat="39.9417" lon="20.67807">
				<ele>556.1</ele>
				<time>2026-08-06T18:21:25.006Z</time>
			</trkpt>
			<trkpt lat="39.94175" lon="20.6781">
				<ele>555.82</ele>
				<time>2026-08-06T18:21:25.564Z</time>
			</trkpt>
			<trkpt lat="39.94185" lon="20.67812">
				<ele>556.51</ele>
				<time>2026-08-06T18:21:26.588Z</time>
			</trkpt>
			<trkpt lat="39.94194" lon="20.67807">
				<ele>558.45</ele>
				<time>2026-08-06T18:21:27.574Z</time>
			</trkpt>
			<trkpt lat="39.94218" lon="20.67775">
				<ele>557.76</ele>
				<time>2026-08-06T18:21:31.007Z</time>
			</trkpt>
			<trkpt lat="39.94222" lon="20.67768">
				<ele>557.35</ele>
				<time>2026-08-06T18:21:31.672Z</time>
			</trkpt>
			<trkpt lat="39.94223" lon="20.6776">
				<ele>557.01</ele>
				<time>2026-08-06T18:21:32.287Z</time>
			</trkpt>
			<trkpt lat="39.94221" lon="20.67746">
				<ele>558.12</ele>
				<time>2026-08-06T18:21:33.365Z</time>
			</trkpt>
			<trkpt lat="39.94213" lon="20.67735">
				<ele>559.69</ele>
				<time>2026-08-06T18:21:34.509Z</time>
			</trkpt>
			<trkpt lat="39.94171" lon="20.67705">
				<ele>566.83</ele>
				<time>2026-08-06T18:21:39.168Z</time>
			</trkpt>
			<trkpt lat="39.94162" lon="20.67696">
				<ele>567.52</ele>
				<time>2026-08-06T18:21:40.259Z</time>
			</trkpt>
			<trkpt lat="39.94143" lon="20.67669">
				<ele>569.46</ele>
				<time>2026-08-06T18:21:42.946Z</time>
			</trkpt>
			<trkpt lat="39.94138" lon="20.67656">
				<ele>570.68</ele>
				<time>2026-08-06T18:21:44.005Z</time>
			</trkpt>
			<trkpt lat="39.94135" lon="20.67639">
				<ele>571.53</ele>
				<time>2026-08-06T18:21:45.269Z</time>
			</trkpt>
			<trkpt lat="39.94129" lon="20.67588">
				<ele>571.58</ele>
				<time>2026-08-06T18:21:48.975Z</time>
			</trkpt>
			<trkpt lat="39.94118" lon="20.67549">
				<ele>577.23</ele>
				<time>2026-08-06T18:21:51.923Z</time>
			</trkpt>
			<trkpt lat="39.9411" lon="20.67528">
				<ele>580.75</ele>
				<time>2026-08-06T18:21:53.572Z</time>
			</trkpt>
			<trkpt lat="39.94092" lon="20.67489">
				<ele>581.6</ele>
				<time>2026-08-06T18:21:56.746Z</time>
			</trkpt>
			<trkpt lat="39.94076" lon="20.67461">
				<ele>583.19</ele>
				<time>2026-08-06T18:21:59.156Z</time>
			</trkpt>
			<trkpt lat="39.94064" lon="20.67443">
				<ele>584.7</ele>
				<time>2026-08-06T18:22:00.789Z</time>
			</trkpt>
			<trkpt lat="39.94013" lon="20.67378">
				<ele>586.34</ele>
				<time>2026-08-06T18:22:07.067Z</time>
			</trkpt>
			<trkpt lat="39.93978" lon="20.67328">
				<ele>588.59</ele>
				<time>2026-08-06T18:22:11.548Z</time>
			</trkpt>
			<trkpt lat="39.93918" lon="20.67264">
				<ele>595.83</ele>
				<time>2026-08-06T18:22:18.108Z</time>
			</trkpt>
			<trkpt lat="39.93875" lon="20.67213">
				<ele>601.46</ele>
				<time>2026-08-06T18:22:22.927Z</time>
			</trkpt>
			<trkpt lat="39.93842" lon="20.67183">
				<ele>606.49</ele>
				<time>2026-08-06T18:22:26.216Z</time>
			</trkpt>
			<trkpt lat="39.93805" lon="20.67155">
				<ele>610.02</ele>
				<time>2026-08-06T18:22:29.674Z</time>
			</trkpt>
			<trkpt lat="39.93791" lon="20.67148">
				<ele>611.25</ele>
				<time>2026-08-06T18:22:30.876Z</time>
			</trkpt>
			<trkpt lat="39.93739" lon="20.67144">
				<ele>615.45</ele>
				<time>2026-08-06T18:22:35.016Z</time>
			</trkpt>
			<trkpt lat="39.93727" lon="20.67147">
				<ele>617.38</ele>
				<time>2026-08-06T18:22:35.979Z</time>
			</trkpt>
			<trkpt lat="39.93723" lon="20.67155">
				<ele>617.49</ele>
				<time>2026-08-06T18:22:36.554Z</time>
			</trkpt>
			<trkpt lat="39.93723" lon="20.67166">
				<ele>616.5</ele>
				<time>2026-08-06T18:22:37.216Z</time>
			</trkpt>
			<trkpt lat="39.93732" lon="20.67207">
				<ele>611.34</ele>
				<time>2026-08-06T18:22:39.768Z</time>
			</trkpt>
			<trkpt lat="39.93732" lon="20.67224">
				<ele>611.45</ele>
				<time>2026-08-06T18:22:40.780Z</time>
			</trkpt>
			<trkpt lat="39.93727" lon="20.67242">
				<ele>612.14</ele>
				<time>2026-08-06T18:22:41.916Z</time>
			</trkpt>
			<trkpt lat="39.93715" lon="20.67257">
				<ele>613.37</ele>
				<time>2026-08-06T18:22:43.197Z</time>
			</trkpt>
			<trkpt lat="39.93683" lon="20.67287">
				<ele>616.83</ele>
				<time>2026-08-06T18:22:46.214Z</time>
			</trkpt>
			<trkpt lat="39.9367" lon="20.67293">
				<ele>618.41</ele>
				<time>2026-08-06T18:22:47.264Z</time>
			</trkpt>
			<trkpt lat="39.93622" lon="20.67297">
				<ele>622.4</ele>
				<time>2026-08-06T18:22:50.899Z</time>
			</trkpt>
			<trkpt lat="39.93608" lon="20.67291">
				<ele>623.31</ele>
				<time>2026-08-06T18:22:52.006Z</time>
			</trkpt>
			<trkpt lat="39.93588" lon="20.6728">
				<ele>623.87</ele>
				<time>2026-08-06T18:22:53.630Z</time>
			</trkpt>
			<trkpt lat="39.93555" lon="20.67257">
				<ele>627.44</ele>
				<time>2026-08-06T18:22:56.412Z</time>
			</trkpt>
			<trkpt lat="39.93518" lon="20.67243">
				<ele>626.73</ele>
				<time>2026-08-06T18:22:59.256Z</time>
			</trkpt>
			<trkpt lat="39.93465" lon="20.67214">
				<ele>629.01</ele>
				<time>2026-08-06T18:23:03.462Z</time>
			</trkpt>
			<trkpt lat="39.93456" lon="20.67212">
				<ele>629.88</ele>
				<time>2026-08-06T18:23:04.126Z</time>
			</trkpt>
			<trkpt lat="39.93419" lon="20.6722">
				<ele>632.78</ele>
				<time>2026-08-06T18:23:06.845Z</time>
			</trkpt>
			<trkpt lat="39.93414" lon="20.67224">
				<ele>633.37</ele>
				<time>2026-08-06T18:23:07.269Z</time>
			</trkpt>
			<trkpt lat="39.93411" lon="20.67234">
				<ele>634.04</ele>
				<time>2026-08-06T18:23:07.863Z</time>
			</trkpt>
			<trkpt lat="39.93412" lon="20.67257">
				<ele>633.31</ele>
				<time>2026-08-06T18:23:09.135Z</time>
			</trkpt>
			<trkpt lat="39.93408" lon="20.67262">
				<ele>634.24</ele>
				<time>2026-08-06T18:23:09.534Z</time>
			</trkpt>
			<trkpt lat="39.93402" lon="20.67263">
				<ele>636.17</ele>
				<time>2026-08-06T18:23:09.968Z</time>
			</trkpt>
			<trkpt lat="39.93398" lon="20.6726">
				<ele>637.19</ele>
				<time>2026-08-06T18:23:10.300Z</time>
			</trkpt>
			<trkpt lat="39.93396" lon="20.67255">
				<ele>637.75</ele>
				<time>2026-08-06T18:23:10.610Z</time>
			</trkpt>
			<trkpt lat="39.93385" lon="20.67183">
				<ele>644.25</ele>
				<time>2026-08-06T18:23:14.632Z</time>
			</trkpt>
			<trkpt lat="39.93379" lon="20.67197">
				<ele>644.17</ele>
				<time>2026-08-06T18:23:15.507Z</time>
			</trkpt>
			<trkpt lat="39.93374" lon="20.67225">
				<ele>644.75</ele>
				<time>2026-08-06T18:23:17.072Z</time>
			</trkpt>
			<trkpt lat="39.93361" lon="20.67263">
				<ele>648.45</ele>
				<time>2026-08-06T18:23:19.330Z</time>
			</trkpt>
			<trkpt lat="39.9334" lon="20.67306">
				<ele>644.73</ele>
				<time>2026-08-06T18:23:22.087Z</time>
			</trkpt>
			<trkpt lat="39.93329" lon="20.67319">
				<ele>642.58</ele>
				<time>2026-08-06T18:23:23.131Z</time>
			</trkpt>
			<trkpt lat="39.93323" lon="20.67324">
				<ele>641.83</ele>
				<time>2026-08-06T18:23:23.631Z</time>
			</trkpt>
			<trkpt lat="39.93311" lon="20.67327">
				<ele>641.75</ele>
				<time>2026-08-06T18:23:24.489Z</time>
			</trkpt>
			<trkpt lat="39.93303" lon="20.67327">
				<ele>641.8</ele>
				<time>2026-08-06T18:23:25.050Z</time>
			</trkpt>
			<trkpt lat="39.93295" lon="20.67324">
				<ele>641.4</ele>
				<time>2026-08-06T18:23:25.634Z</time>
			</trkpt>
			<trkpt lat="39.93281" lon="20.67316">
				<ele>641.56</ele>
				<time>2026-08-06T18:23:26.704Z</time>
			</trkpt>
			<trkpt lat="39.93257" lon="20.67297">
				<ele>644</ele>
				<time>2026-08-06T18:23:28.668Z</time>
			</trkpt>
			<trkpt lat="39.93236" lon="20.67287">
				<ele>645.63</ele>
				<time>2026-08-06T18:23:30.229Z</time>
			</trkpt>
			<trkpt lat="39.93226" lon="20.67285">
				<ele>645.85</ele>
				<time>2026-08-06T18:23:30.934Z</time>
			</trkpt>
			<trkpt lat="39.93205" lon="20.67286">
				<ele>645.6</ele>
				<time>2026-08-06T18:23:32.399Z</time>
			</trkpt>
			<trkpt lat="39.9316" lon="20.67299">
				<ele>643.57</ele>
				<time>2026-08-06T18:23:35.606Z</time>
			</trkpt>
			<trkpt lat="39.93151" lon="20.67299">
				<ele>643.34</ele>
				<time>2026-08-06T18:23:36.232Z</time>
			</trkpt>
			<trkpt lat="39.93132" lon="20.67294">
				<ele>643.68</ele>
				<time>2026-08-06T18:23:37.579Z</time>
			</trkpt>
			<trkpt lat="39.9311" lon="20.67279">
				<ele>645.47</ele>
				<time>2026-08-06T18:23:39.303Z</time>
			</trkpt>
			<trkpt lat="39.93097" lon="20.67275">
				<ele>646.14</ele>
				<time>2026-08-06T18:23:40.230Z</time>
			</trkpt>
			<trkpt lat="39.93084" lon="20.67279">
				<ele>644.62</ele>
				<time>2026-08-06T18:23:41.158Z</time>
			</trkpt>
			<trkpt lat="39.93057" lon="20.67296">
				<ele>642.81</ele>
				<time>2026-08-06T18:23:43.239Z</time>
			</trkpt>
			<trkpt lat="39.93052" lon="20.673">
				<ele>642.78</ele>
				<time>2026-08-06T18:23:43.646Z</time>
			</trkpt>
			<trkpt lat="39.93048" lon="20.67309">
				<ele>643.51</ele>
				<time>2026-08-06T18:23:44.199Z</time>
			</trkpt>
			<trkpt lat="39.93047" lon="20.67317">
				<ele>644.32</ele>
				<time>2026-08-06T18:23:44.631Z</time>
			</trkpt>
			<trkpt lat="39.93049" lon="20.67323">
				<ele>644.26</ele>
				<time>2026-08-06T18:23:44.979Z</time>
			</trkpt>
			<trkpt lat="39.93087" lon="20.67409">
				<ele>646.08</ele>
				<time>2026-08-06T18:23:50.265Z</time>
			</trkpt>
			<trkpt lat="39.93097" lon="20.67427">
				<ele>647.13</ele>
				<time>2026-08-06T18:23:51.451Z</time>
			</trkpt>
			<trkpt lat="39.93117" lon="20.67457">
				<ele>647.43</ele>
				<time>2026-08-06T18:23:53.572Z</time>
			</trkpt>
			<trkpt lat="39.93114" lon="20.67461">
				<ele>649.92</ele>
				<time>2026-08-06T18:23:53.871Z</time>
			</trkpt>
			<trkpt lat="39.93111" lon="20.67463">
				<ele>651.84</ele>
				<time>2026-08-06T18:23:54.106Z</time>
			</trkpt>
			<trkpt lat="39.93101" lon="20.67457">
				<ele>653.83</ele>
				<time>2026-08-06T18:23:54.873Z</time>
			</trkpt>
			<trkpt lat="39.93084" lon="20.67438">
				<ele>654.96</ele>
				<time>2026-08-06T18:23:56.435Z</time>
			</trkpt>
			<trkpt lat="39.93059" lon="20.67401">
				<ele>654.51</ele>
				<time>2026-08-06T18:23:59.078Z</time>
			</trkpt>
			<trkpt lat="39.93034" lon="20.67369">
				<ele>658.22</ele>
				<time>2026-08-06T18:24:01.532Z</time>
			</trkpt>
			<trkpt lat="39.93015" lon="20.6735">
				<ele>661.85</ele>
				<time>2026-08-06T18:24:03.214Z</time>
			</trkpt>
			<trkpt lat="39.92983" lon="20.67325">
				<ele>669.69</ele>
				<time>2026-08-06T18:24:05.746Z</time>
			</trkpt>
			<trkpt lat="39.92915" lon="20.67264">
				<ele>679.88</ele>
				<time>2026-08-06T18:24:10.839Z</time>
			</trkpt>
			<trkpt lat="39.92906" lon="20.67248">
				<ele>681.84</ele>
				<time>2026-08-06T18:24:11.719Z</time>
			</trkpt>
			<trkpt lat="39.92901" lon="20.67234">
				<ele>684.98</ele>
				<time>2026-08-06T18:24:12.394Z</time>
			</trkpt>
			<trkpt lat="39.92901" lon="20.67218">
				<ele>687.58</ele>
				<time>2026-08-06T18:24:13.085Z</time>
			</trkpt>
			<trkpt lat="39.92905" lon="20.67206">
				<ele>690.28</ele>
				<time>2026-08-06T18:24:13.644Z</time>
			</trkpt>
			<trkpt lat="39.92911" lon="20.67199">
				<ele>691.55</ele>
				<time>2026-08-06T18:24:14.090Z</time>
			</trkpt>
			<trkpt lat="39.9293" lon="20.67193">
				<ele>690.94</ele>
				<time>2026-08-06T18:24:15.162Z</time>
			</trkpt>
			<trkpt lat="39.92983" lon="20.67183">
				<ele>685.51</ele>
				<time>2026-08-06T18:24:18.052Z</time>
			</trkpt>
			<trkpt lat="39.93006" lon="20.67176">
				<ele>686.89</ele>
				<time>2026-08-06T18:24:19.320Z</time>
			</trkpt>
			<trkpt lat="39.93045" lon="20.67156">
				<ele>692.8</ele>
				<time>2026-08-06T18:24:21.585Z</time>
			</trkpt>
			<trkpt lat="39.93047" lon="20.67151">
				<ele>694.58</ele>
				<time>2026-08-06T18:24:21.821Z</time>
			</trkpt>
			<trkpt lat="39.93045" lon="20.67146">
				<ele>696.36</ele>
				<time>2026-08-06T18:24:22.058Z</time>
			</trkpt>
			<trkpt lat="39.93042" lon="20.67143">
				<ele>698.21</ele>
				<time>2026-08-06T18:24:22.266Z</time>
			</trkpt>
			<trkpt lat="39.93038" lon="20.67141">
				<ele>699.27</ele>
				<time>2026-08-06T18:24:22.501Z</time>
			</trkpt>
			<trkpt lat="39.92998" lon="20.67154">
				<ele>697.27</ele>
				<time>2026-08-06T18:24:24.812Z</time>
			</trkpt>
			<trkpt lat="39.92977" lon="20.67157">
				<ele>697.35</ele>
				<time>2026-08-06T18:24:26.034Z</time>
			</trkpt>
			<trkpt lat="39.92938" lon="20.67152">
				<ele>704.84</ele>
				<time>2026-08-06T18:24:28.385Z</time>
			</trkpt>
			<trkpt lat="39.92913" lon="20.67138">
				<ele>712.33</ele>
				<time>2026-08-06T18:24:30.098Z</time>
			</trkpt>
			<trkpt lat="39.92905" lon="20.67135">
				<ele>713.71</ele>
				<time>2026-08-06T18:24:30.636Z</time>
			</trkpt>
			<trkpt lat="39.92883" lon="20.67135">
				<ele>715.39</ele>
				<time>2026-08-06T18:24:32.097Z</time>
			</trkpt>
			<trkpt lat="39.92848" lon="20.67138">
				<ele>719.15</ele>
				<time>2026-08-06T18:24:34.546Z</time>
			</trkpt>
			<trkpt lat="39.9277" lon="20.67148">
				<ele>730.22</ele>
				<time>2026-08-06T18:24:40.545Z</time>
			</trkpt>
			<trkpt lat="39.92757" lon="20.67156">
				<ele>729.77</ele>
				<time>2026-08-06T18:24:41.694Z</time>
			</trkpt>
			<trkpt lat="39.92729" lon="20.67181">
				<ele>725.15</ele>
				<time>2026-08-06T18:24:44.455Z</time>
			</trkpt>
			<trkpt lat="39.92707" lon="20.67192">
				<ele>724.91</ele>
				<time>2026-08-06T18:24:46.412Z</time>
			</trkpt>
			<trkpt lat="39.92652" lon="20.67194">
				<ele>736.1</ele>
				<time>2026-08-06T18:24:51.112Z</time>
			</trkpt>
			<trkpt lat="39.92646" lon="20.67196">
				<ele>737.49</ele>
				<time>2026-08-06T18:24:51.653Z</time>
			</trkpt>
			<trkpt lat="39.92642" lon="20.67204">
				<ele>737.49</ele>
				<time>2026-08-06T18:24:52.294Z</time>
			</trkpt>
			<trkpt lat="39.92642" lon="20.6721">
				<ele>736.5</ele>
				<time>2026-08-06T18:24:52.699Z</time>
			</trkpt>
			<trkpt lat="39.92646" lon="20.67219">
				<ele>734.32</ele>
				<time>2026-08-06T18:24:53.404Z</time>
			</trkpt>
			<trkpt lat="39.92673" lon="20.67252">
				<ele>729.15</ele>
				<time>2026-08-06T18:24:56.721Z</time>
			</trkpt>
			<trkpt lat="39.92681" lon="20.67266">
				<ele>729.4</ele>
				<time>2026-08-06T18:24:57.941Z</time>
			</trkpt>
			<trkpt lat="39.92697" lon="20.67302">
				<ele>732.09</ele>
				<time>2026-08-06T18:25:00.889Z</time>
			</trkpt>
			<trkpt lat="39.9271" lon="20.67321">
				<ele>737.17</ele>
				<time>2026-08-06T18:25:02.722Z</time>
			</trkpt>
			<trkpt lat="39.9272" lon="20.67328">
				<ele>738.7</ele>
				<time>2026-08-06T18:25:03.797Z</time>
			</trkpt>
			<trkpt lat="39.9275" lon="20.67341">
				<ele>739.81</ele>
				<time>2026-08-06T18:25:06.829Z</time>
			</trkpt>
			<trkpt lat="39.92758" lon="20.67346">
				<ele>739.73</ele>
				<time>2026-08-06T18:25:07.690Z</time>
			</trkpt>
			<trkpt lat="39.92766" lon="20.67352">
				<ele>740.17</ele>
				<time>2026-08-06T18:25:08.590Z</time>
			</trkpt>
			<trkpt lat="39.92781" lon="20.67372">
				<ele>743.08</ele>
				<time>2026-08-06T18:25:10.701Z</time>
			</trkpt>
			<trkpt lat="39.92794" lon="20.67385">
				<ele>745.05</ele>
				<time>2026-08-06T18:25:12.329Z</time>
			</trkpt>
			<trkpt lat="39.9283" lon="20.67405">
				<ele>746.08</ele>
				<time>2026-08-06T18:25:16.279Z</time>
			</trkpt>
			<trkpt lat="39.9284" lon="20.67413">
				<ele>746.3</ele>
				<time>2026-08-06T18:25:17.479Z</time>
			</trkpt>
			<trkpt lat="39.92854" lon="20.67429">
				<ele>746.16</ele>
				<time>2026-08-06T18:25:19.398Z</time>
			</trkpt>
			<trkpt lat="39.92863" lon="20.67445">
				<ele>746.76</ele>
				<time>2026-08-06T18:25:20.981Z</time>
			</trkpt>
			<trkpt lat="39.92867" lon="20.67458">
				<ele>748.03</ele>
				<time>2026-08-06T18:25:22.105Z</time>
			</trkpt>
			<trkpt lat="39.92871" lon="20.675">
				<ele>752.86</ele>
				<time>2026-08-06T18:25:25.540Z</time>
			</trkpt>
			<trkpt lat="39.92878" lon="20.67549">
				<ele>757.85</ele>
				<time>2026-08-06T18:25:29.655Z</time>
			</trkpt>
			<trkpt lat="39.92877" lon="20.67553">
				<ele>758.69</ele>
				<time>2026-08-06T18:25:30.006Z</time>
			</trkpt>
			<trkpt lat="39.92873" lon="20.67558">
				<ele>760.45</ele>
				<time>2026-08-06T18:25:30.609Z</time>
			</trkpt>
			<trkpt lat="39.92866" lon="20.67555">
				<ele>761.04</ele>
				<time>2026-08-06T18:25:31.414Z</time>
			</trkpt>
			<trkpt lat="39.92862" lon="20.67549">
				<ele>760.39</ele>
				<time>2026-08-06T18:25:32.083Z</time>
			</trkpt>
			<trkpt lat="39.9285" lon="20.67512">
				<ele>760.35</ele>
				<time>2026-08-06T18:25:35.489Z</time>
			</trkpt>
			<trkpt lat="39.92841" lon="20.67494">
				<ele>761.89</ele>
				<time>2026-08-06T18:25:37.330Z</time>
			</trkpt>
			<trkpt lat="39.92837" lon="20.67488">
				<ele>762.86</ele>
				<time>2026-08-06T18:25:38.015Z</time>
			</trkpt>
			<trkpt lat="39.92826" lon="20.6748">
				<ele>765.5</ele>
				<time>2026-08-06T18:25:39.435Z</time>
			</trkpt>
			<trkpt lat="39.92802" lon="20.67478">
				<ele>771.39</ele>
				<time>2026-08-06T18:25:42.169Z</time>
			</trkpt>
			<trkpt lat="39.9275" lon="20.67488">
				<ele>780.77</ele>
				<time>2026-08-06T18:25:48.244Z</time>
			</trkpt>
			<trkpt lat="39.92721" lon="20.6748">
				<ele>785.08</ele>
				<time>2026-08-06T18:25:51.728Z</time>
			</trkpt>
			<trkpt lat="39.9266" lon="20.6747">
				<ele>794.11</ele>
				<time>2026-08-06T18:25:59.087Z</time>
			</trkpt>
			<trkpt lat="39.92644" lon="20.67464">
				<ele>796.96</ele>
				<time>2026-08-06T18:26:01.111Z</time>
			</trkpt>
			<trkpt lat="39.92639" lon="20.6746">
				<ele>797.23</ele>
				<time>2026-08-06T18:26:01.827Z</time>
			</trkpt>
			<trkpt lat="39.92629" lon="20.6745">
				<ele>797.97</ele>
				<time>2026-08-06T18:26:03.370Z</time>
			</trkpt>
			<trkpt lat="39.92616" lon="20.6743">
				<ele>798.46</ele>
				<time>2026-08-06T18:26:05.848Z</time>
			</trkpt>
			<trkpt lat="39.92607" lon="20.67409">
				<ele>797.93</ele>
				<time>2026-08-06T18:26:08.137Z</time>
			</trkpt>
			<trkpt lat="39.926" lon="20.67381">
				<ele>798.25</ele>
				<time>2026-08-06T18:26:10.961Z</time>
			</trkpt>
			<trkpt lat="39.92595" lon="20.67368">
				<ele>798.28</ele>
				<time>2026-08-06T18:26:12.364Z</time>
			</trkpt>
			<trkpt lat="39.92583" lon="20.67344">
				<ele>799.14</ele>
				<time>2026-08-06T18:26:15.143Z</time>
			</trkpt>
			<trkpt lat="39.92567" lon="20.67324">
				<ele>800.46</ele>
				<time>2026-08-06T18:26:17.969Z</time>
			</trkpt>
			<trkpt lat="39.9255" lon="20.67311">
				<ele>801.08</ele>
				<time>2026-08-06T18:26:20.499Z</time>
			</trkpt>
			<trkpt lat="39.92517" lon="20.673">
				<ele>806.24</ele>
				<time>2026-08-06T18:26:24.912Z</time>
			</trkpt>
			<trkpt lat="39.92497" lon="20.6729">
				<ele>812.56</ele>
				<time>2026-08-06T18:26:27.712Z</time>
			</trkpt>
			<trkpt lat="39.9244" lon="20.67237">
				<ele>816.5</ele>
				<time>2026-08-06T18:26:36.999Z</time>
			</trkpt>
			<trkpt lat="39.92379" lon="20.67194">
				<ele>820.59</ele>
				<time>2026-08-06T18:26:46.395Z</time>
			</trkpt>
			<trkpt lat="39.92374" lon="20.67198">
				<ele>823.03</ele>
				<time>2026-08-06T18:26:47.199Z</time>
			</trkpt>
			<trkpt lat="39.92373" lon="20.67203">
				<ele>824.55</ele>
				<time>2026-08-06T18:26:47.743Z</time>
			</trkpt>
			<trkpt lat="39.92374" lon="20.67211">
				<ele>825.97</ele>
				<time>2026-08-06T18:26:48.597Z</time>
			</trkpt>
			<trkpt lat="39.92434" lon="20.67291">
				<ele>833.43</ele>
				<time>2026-08-06T18:27:00.540Z</time>
			</trkpt>
			<trkpt lat="39.92442" lon="20.67305">
				<ele>835.55</ele>
				<time>2026-08-06T18:27:02.429Z</time>
			</trkpt>
			<trkpt lat="39.92442" lon="20.67316">
				<ele>838.19</ele>
				<time>2026-08-06T18:27:03.623Z</time>
			</trkpt>
			<trkpt lat="39.9244" lon="20.6732">
				<ele>839.84</ele>
				<time>2026-08-06T18:27:04.142Z</time>
			</trkpt>
			<trkpt lat="39.92436" lon="20.67321">
				<ele>841.36</ele>
				<time>2026-08-06T18:27:04.719Z</time>
			</trkpt>
			<trkpt lat="39.92429" lon="20.67319">
				<ele>842.59</ele>
				<time>2026-08-06T18:27:05.737Z</time>
			</trkpt>
			<trkpt lat="39.92384" lon="20.6729">
				<ele>844.13</ele>
				<time>2026-08-06T18:27:12.921Z</time>
			</trkpt>
			<trkpt lat="39.92294" lon="20.67226">
				<ele>852.94</ele>
				<time>2026-08-06T18:27:27.870Z</time>
			</trkpt>
			<trkpt lat="39.92274" lon="20.67214">
				<ele>854.79</ele>
				<time>2026-08-06T18:27:31.128Z</time>
			</trkpt>
			<trkpt lat="39.9224" lon="20.67201">
				<ele>858.65</ele>
				<time>2026-08-06T18:27:36.406Z</time>
			</trkpt>
			<trkpt lat="39.92208" lon="20.67184">
				<ele>860.07</ele>
				<time>2026-08-06T18:27:41.592Z</time>
			</trkpt>
			<trkpt lat="39.92171" lon="20.67157">
				<ele>861.07</ele>
				<time>2026-08-06T18:27:48.010Z</time>
			</trkpt>
			<trkpt lat="39.92122" lon="20.67138">
				<ele>870.68</ele>
				<time>2026-08-06T18:27:55.822Z</time>
			</trkpt>
			<trkpt lat="39.92053" lon="20.67098">
				<ele>876.49</ele>
				<time>2026-08-06T18:28:07.507Z</time>
			</trkpt>
			<trkpt lat="39.92024" lon="20.67084">
				<ele>881.93</ele>
				<time>2026-08-06T18:28:12.341Z</time>
			</trkpt>
			<trkpt lat="39.91991" lon="20.6706">
				<ele>884.16</ele>
				<time>2026-08-06T18:28:18.284Z</time>
			</trkpt>
			<trkpt lat="39.91977" lon="20.67053">
				<ele>886.2</ele>
				<time>2026-08-06T18:28:20.654Z</time>
			</trkpt>
			<trkpt lat="39.91965" lon="20.6705">
				<ele>887.72</ele>
				<time>2026-08-06T18:28:22.589Z</time>
			</trkpt>
			<trkpt lat="39.91944" lon="20.67049">
				<ele>890.63</ele>
				<time>2026-08-06T18:28:25.927Z</time>
			</trkpt>
			<trkpt lat="39.91916" lon="20.67043">
				<ele>894.12</ele>
				<time>2026-08-06T18:28:30.454Z</time>
			</trkpt>
			<trkpt lat="39.919" lon="20.67037">
				<ele>896.04</ele>
				<time>2026-08-06T18:28:33.120Z</time>
			</trkpt>
			<trkpt lat="39.91869" lon="20.67018">
				<ele>897.16</ele>
				<time>2026-08-06T18:28:38.627Z</time>
			</trkpt>
			<trkpt lat="39.9185" lon="20.67011">
				<ele>898.41</ele>
				<time>2026-08-06T18:28:41.815Z</time>
			</trkpt>
			<trkpt lat="39.91833" lon="20.67007">
				<ele>899.56</ele>
				<time>2026-08-06T18:28:44.613Z</time>
			</trkpt>
			<trkpt lat="39.91796" lon="20.67009">
				<ele>905.9</ele>
				<time>2026-08-06T18:28:50.634Z</time>
			</trkpt>
			<trkpt lat="39.91765" lon="20.67013">
				<ele>909.22</ele>
				<time>2026-08-06T18:28:55.725Z</time>
			</trkpt>
			<trkpt lat="39.91747" lon="20.6701">
				<ele>909.4</ele>
				<time>2026-08-06T18:28:58.701Z</time>
			</trkpt>
			<trkpt lat="39.91727" lon="20.67003">
				<ele>912.74</ele>
				<time>2026-08-06T18:29:02.107Z</time>
			</trkpt>
			<trkpt lat="39.91708" lon="20.67">
				<ele>915.05</ele>
				<time>2026-08-06T18:29:05.263Z</time>
			</trkpt>
			<trkpt lat="39.91685" lon="20.67">
				<ele>917.7</ele>
				<time>2026-08-06T18:29:09.067Z</time>
			</trkpt>
			<trkpt lat="39.9164" lon="20.67003">
				<ele>923.93</ele>
				<time>2026-08-06T18:29:16.553Z</time>
			</trkpt>
			<trkpt lat="39.91612" lon="20.67001">
				<ele>928.7</ele>
				<time>2026-08-06T18:29:21.233Z</time>
			</trkpt>
			<trkpt lat="39.91581" lon="20.66993">
				<ele>930.45</ele>
				<time>2026-08-06T18:29:26.526Z</time>
			</trkpt>
			<trkpt lat="39.91533" lon="20.66985">
				<ele>940.4</ele>
				<time>2026-08-06T18:29:34.671Z</time>
			</trkpt>
			<trkpt lat="39.91496" lon="20.66982">
				<ele>942.95</ele>
				<time>2026-08-06T18:29:40.941Z</time>
			</trkpt>
			<trkpt lat="39.91407" lon="20.66979">
				<ele>957.43</ele>
				<time>2026-08-06T18:29:56.100Z</time>
			</trkpt>
			<trkpt lat="39.91396" lon="20.66977">
				<ele>958.45</ele>
				<time>2026-08-06T18:29:58.000Z</time>
			</trkpt>
			<trkpt lat="39.91383" lon="20.66971">
				<ele>958.79</ele>
				<time>2026-08-06T18:30:00.363Z</time>
			</trkpt>
			<trkpt lat="39.91373" lon="20.66964">
				<ele>959</ele>
				<time>2026-08-06T18:30:02.310Z</time>
			</trkpt>
			<trkpt lat="39.91357" lon="20.66942">
				<ele>958.94</ele>
				<time>2026-08-06T18:30:06.305Z</time>
			</trkpt>
			<trkpt lat="39.91349" lon="20.66916">
				<ele>958.85</ele>
				<time>2026-08-06T18:30:10.005Z</time>
			</trkpt>
			<trkpt lat="39.91342" lon="20.66884">
				<ele>960</ele>
				<time>2026-08-06T18:30:14.408Z</time>
			</trkpt>
			<trkpt lat="39.91337" lon="20.66821">
				<ele>964.38</ele>
				<time>2026-08-06T18:30:22.815Z</time>
			</trkpt>
			<trkpt lat="39.91332" lon="20.66784">
				<ele>968.02</ele>
				<time>2026-08-06T18:30:27.818Z</time>
			</trkpt>
			<trkpt lat="39.91327" lon="20.6676">
				<ele>971.73</ele>
				<time>2026-08-06T18:30:31.135Z</time>
			</trkpt>
			<trkpt lat="39.91309" lon="20.66695">
				<ele>975.75</ele>
				<time>2026-08-06T18:30:40.378Z</time>
			</trkpt>
			<trkpt lat="39.91285" lon="20.66589">
				<ele>982.16</ele>
				<time>2026-08-06T18:30:55.228Z</time>
			</trkpt>
			<trkpt lat="39.91283" lon="20.66555">
				<ele>982.65</ele>
				<time>2026-08-06T18:30:59.825Z</time>
			</trkpt>
			<trkpt lat="39.91292" lon="20.66437">
				<ele>995</ele>
				<time>2026-08-06T18:31:15.862Z</time>
			</trkpt>
			<trkpt lat="39.91291" lon="20.6641">
				<ele>996.7</ele>
				<time>2026-08-06T18:31:19.528Z</time>
			</trkpt>
			<trkpt lat="39.91287" lon="20.66396">
				<ele>997.05</ele>
				<time>2026-08-06T18:31:21.555Z</time>
			</trkpt>
			<trkpt lat="39.91282" lon="20.6639">
				<ele>997.1</ele>
				<time>2026-08-06T18:31:22.758Z</time>
			</trkpt>
			<trkpt lat="39.91271" lon="20.66385">
				<ele>996.51</ele>
				<time>2026-08-06T18:31:24.820Z</time>
			</trkpt>
			<trkpt lat="39.91256" lon="20.66385">
				<ele>995.78</ele>
				<time>2026-08-06T18:31:27.478Z</time>
			</trkpt>
			<trkpt lat="39.91238" lon="20.6639">
				<ele>996.17</ele>
				<time>2026-08-06T18:31:30.740Z</time>
			</trkpt>
			<trkpt lat="39.91223" lon="20.66399">
				<ele>997.5</ele>
				<time>2026-08-06T18:31:33.669Z</time>
			</trkpt>
			<trkpt lat="39.91213" lon="20.66408">
				<ele>998.3</ele>
				<time>2026-08-06T18:31:35.825Z</time>
			</trkpt>
			<trkpt lat="39.91209" lon="20.66414">
				<ele>999.11</ele>
				<time>2026-08-06T18:31:36.908Z</time>
			</trkpt>
			<trkpt lat="39.91202" lon="20.66432">
				<ele>1001.45</ele>
				<time>2026-08-06T18:31:39.657Z</time>
			</trkpt>
			<trkpt lat="39.912" lon="20.66442">
				<ele>1002.76</ele>
				<time>2026-08-06T18:31:41.065Z</time>
			</trkpt>
			<trkpt lat="39.91203" lon="20.66553">
				<ele>1009.59</ele>
				<time>2026-08-06T18:31:56.219Z</time>
			</trkpt>
			<trkpt lat="39.91201" lon="20.66569">
				<ele>1009.84</ele>
				<time>2026-08-06T18:31:58.434Z</time>
			</trkpt>
			<trkpt lat="39.91194" lon="20.66584">
				<ele>1012</ele>
				<time>2026-08-06T18:32:00.833Z</time>
			</trkpt>
			<trkpt lat="39.91164" lon="20.6662">
				<ele>1019.04</ele>
				<time>2026-08-06T18:32:08.099Z</time>
			</trkpt>
			<trkpt lat="39.91159" lon="20.66628">
				<ele>1020.05</ele>
				<time>2026-08-06T18:32:09.511Z</time>
			</trkpt>
			<trkpt lat="39.91154" lon="20.66651">
				<ele>1022.51</ele>
				<time>2026-08-06T18:32:12.780Z</time>
			</trkpt>
			<trkpt lat="39.91154" lon="20.66679">
				<ele>1025.31</ele>
				<time>2026-08-06T18:32:16.611Z</time>
			</trkpt>
			<trkpt lat="39.91159" lon="20.66701">
				<ele>1026.86</ele>
				<time>2026-08-06T18:32:19.751Z</time>
			</trkpt>
			<trkpt lat="39.91162" lon="20.66711">
				<ele>1027.34</ele>
				<time>2026-08-06T18:32:21.220Z</time>
			</trkpt>
			<trkpt lat="39.9119" lon="20.66751">
				<ele>1027.31</ele>
				<time>2026-08-06T18:32:28.632Z</time>
			</trkpt>
			<trkpt lat="39.91199" lon="20.66769">
				<ele>1027.38</ele>
				<time>2026-08-06T18:32:31.573Z</time>
			</trkpt>
			<trkpt lat="39.91206" lon="20.668">
				<ele>1026.98</ele>
				<time>2026-08-06T18:32:35.996Z</time>
			</trkpt>
			<trkpt lat="39.91207" lon="20.66827">
				<ele>1026.68</ele>
				<time>2026-08-06T18:32:39.696Z</time>
			</trkpt>
			<trkpt lat="39.91205" lon="20.66851">
				<ele>1027.81</ele>
				<time>2026-08-06T18:32:43.000Z</time>
			</trkpt>
			<trkpt lat="39.91197" lon="20.669">
				<ele>1029.56</ele>
				<time>2026-08-06T18:32:49.854Z</time>
			</trkpt>
			<trkpt lat="39.91191" lon="20.66926">
				<ele>1028.22</ele>
				<time>2026-08-06T18:32:53.569Z</time>
			</trkpt>
			<trkpt lat="39.91185" lon="20.66944">
				<ele>1026.63</ele>
				<time>2026-08-06T18:32:56.253Z</time>
			</trkpt>
			<trkpt lat="39.91177" lon="20.66959">
				<ele>1026.14</ele>
				<time>2026-08-06T18:32:58.751Z</time>
			</trkpt>
			<trkpt lat="39.91157" lon="20.6699">
				<ele>1025.18</ele>
				<time>2026-08-06T18:33:04.287Z</time>
			</trkpt>
			<trkpt lat="39.91133" lon="20.67015">
				<ele>1025.15</ele>
				<time>2026-08-06T18:33:09.758Z</time>
			</trkpt>
			<trkpt lat="39.91088" lon="20.67039">
				<ele>1023.61</ele>
				<time>2026-08-06T18:33:18.409Z</time>
			</trkpt>
			<trkpt lat="39.91043" lon="20.67072">
				<ele>1022.79</ele>
				<time>2026-08-06T18:33:27.584Z</time>
			</trkpt>
			<trkpt lat="39.91027" lon="20.67081">
				<ele>1022.75</ele>
				<time>2026-08-06T18:33:30.677Z</time>
			</trkpt>
			<trkpt lat="39.9102" lon="20.67083">
				<ele>1023.31</ele>
				<time>2026-08-06T18:33:31.948Z</time>
			</trkpt>
			<trkpt lat="39.91006" lon="20.6708">
				<ele>1023.26</ele>
				<time>2026-08-06T18:33:34.464Z</time>
			</trkpt>
			<trkpt lat="39.90968" lon="20.67059">
				<ele>1021.21</ele>
				<time>2026-08-06T18:33:41.776Z</time>
			</trkpt>
			<trkpt lat="39.90924" lon="20.67027">
				<ele>1019.4</ele>
				<time>2026-08-06T18:33:50.685Z</time>
			</trkpt>
			<trkpt lat="39.90911" lon="20.67021">
				<ele>1018.36</ele>
				<time>2026-08-06T18:33:53.120Z</time>
			</trkpt>
			<trkpt lat="39.90903" lon="20.67019">
				<ele>1017.55</ele>
				<time>2026-08-06T18:33:54.558Z</time>
			</trkpt>
			<trkpt lat="39.90896" lon="20.6702">
				<ele>1017.44</ele>
				<time>2026-08-06T18:33:55.800Z</time>
			</trkpt>
			<trkpt lat="39.90857" lon="20.67039">
				<ele>1019</ele>
				<time>2026-08-06T18:34:03.135Z</time>
			</trkpt>
			<trkpt lat="39.90842" lon="20.6704">
				<ele>1018.09</ele>
				<time>2026-08-06T18:34:05.777Z</time>
			</trkpt>
			<trkpt lat="39.90808" lon="20.67037">
				<ele>1013.4</ele>
				<time>2026-08-06T18:34:11.764Z</time>
			</trkpt>
			<trkpt lat="39.90791" lon="20.67044">
				<ele>1012.05</ele>
				<time>2026-08-06T18:34:14.891Z</time>
			</trkpt>
			<trkpt lat="39.90779" lon="20.67058">
				<ele>1013.92</ele>
				<time>2026-08-06T18:34:17.713Z</time>
			</trkpt>
			<trkpt lat="39.90748" lon="20.67109">
				<ele>1013.31</ele>
				<time>2026-08-06T18:34:26.440Z</time>
			</trkpt>
			<trkpt lat="39.9074" lon="20.67128">
				<ele>1011.96</ele>
				<time>2026-08-06T18:34:29.340Z</time>
			</trkpt>
			<trkpt lat="39.90739" lon="20.67139">
				<ele>1012.08</ele>
				<time>2026-08-06T18:34:30.821Z</time>
			</trkpt>
			<trkpt lat="39.90741" lon="20.67149">
				<ele>1011.82</ele>
				<time>2026-08-06T18:34:32.202Z</time>
			</trkpt>
			<trkpt lat="39.90762" lon="20.67197">
				<ele>1016.38</ele>
				<time>2026-08-06T18:34:39.571Z</time>
			</trkpt>
			<trkpt lat="39.90767" lon="20.67215">
				<ele>1017.58</ele>
				<time>2026-08-06T18:34:42.118Z</time>
			</trkpt>
			<trkpt lat="39.9077" lon="20.67235">
				<ele>1017.9</ele>
				<time>2026-08-06T18:34:44.827Z</time>
			</trkpt>
			<trkpt lat="39.9077" lon="20.67256">
				<ele>1017.52</ele>
				<time>2026-08-06T18:34:47.614Z</time>
			</trkpt>
			<trkpt lat="39.90767" lon="20.67276">
				<ele>1016.67</ele>
				<time>2026-08-06T18:34:50.316Z</time>
			</trkpt>
			<trkpt lat="39.90764" lon="20.67286">
				<ele>1015.45</ele>
				<time>2026-08-06T18:34:51.738Z</time>
			</trkpt>
			<trkpt lat="39.90742" lon="20.67329">
				<ele>1010.01</ele>
				<time>2026-08-06T18:34:58.568Z</time>
			</trkpt>
			<trkpt lat="39.90735" lon="20.67345">
				<ele>1009.05</ele>
				<time>2026-08-06T18:35:00.997Z</time>
			</trkpt>
			<trkpt lat="39.90725" lon="20.67386">
				<ele>1006.46</ele>
				<time>2026-08-06T18:35:06.656Z</time>
			</trkpt>
			<trkpt lat="39.90724" lon="20.67402">
				<ele>1005.45</ele>
				<time>2026-08-06T18:35:08.763Z</time>
			</trkpt>
			<trkpt lat="39.90726" lon="20.67416">
				<ele>1005.39</ele>
				<time>2026-08-06T18:35:10.630Z</time>
			</trkpt>
			<trkpt lat="39.90731" lon="20.67435">
				<ele>1004.67</ele>
				<time>2026-08-06T18:35:13.260Z</time>
			</trkpt>
			<trkpt lat="39.9074" lon="20.67449">
				<ele>1005.92</ele>
				<time>2026-08-06T18:35:15.649Z</time>
			</trkpt>
			<trkpt lat="39.9076" lon="20.67472">
				<ele>1008.49</ele>
				<time>2026-08-06T18:35:20.185Z</time>
			</trkpt>
			<trkpt lat="39.90765" lon="20.67486">
				<ele>1008.56</ele>
				<time>2026-08-06T18:35:22.195Z</time>
			</trkpt>
			<trkpt lat="39.90765" lon="20.67499">
				<ele>1007.53</ele>
				<time>2026-08-06T18:35:23.886Z</time>
			</trkpt>
			<trkpt lat="39.90756" lon="20.67534">
				<ele>1004.69</ele>
				<time>2026-08-06T18:35:28.677Z</time>
			</trkpt>
			<trkpt lat="39.90755" lon="20.67546">
				<ele>1004.37</ele>
				<time>2026-08-06T18:35:30.240Z</time>
			</trkpt>
			<trkpt lat="39.90758" lon="20.67566">
				<ele>1005.11</ele>
				<time>2026-08-06T18:35:32.876Z</time>
			</trkpt>
			<trkpt lat="39.90769" lon="20.67599">
				<ele>1007.21</ele>
				<time>2026-08-06T18:35:37.517Z</time>
			</trkpt>
			<trkpt lat="39.90769" lon="20.67606">
				<ele>1007.12</ele>
				<time>2026-08-06T18:35:38.419Z</time>
			</trkpt>
			<trkpt lat="39.90766" lon="20.67614">
				<ele>1007.21</ele>
				<time>2026-08-06T18:35:39.564Z</time>
			</trkpt>
			<trkpt lat="39.90759" lon="20.67621">
				<ele>1007.71</ele>
				<time>2026-08-06T18:35:41.043Z</time>
			</trkpt>
			<trkpt lat="39.90749" lon="20.67623">
				<ele>1007.21</ele>
				<time>2026-08-06T18:35:42.736Z</time>
			</trkpt>
			<trkpt lat="39.90732" lon="20.67618">
				<ele>1006.09</ele>
				<time>2026-08-06T18:35:45.648Z</time>
			</trkpt>
			<trkpt lat="39.9071" lon="20.67603">
				<ele>1004</ele>
				<time>2026-08-06T18:35:49.786Z</time>
			</trkpt>
			<trkpt lat="39.90656" lon="20.6755">
				<ele>999.8</ele>
				<time>2026-08-06T18:36:00.983Z</time>
			</trkpt>
			<trkpt lat="39.90643" lon="20.67535">
				<ele>998.77</ele>
				<time>2026-08-06T18:36:03.842Z</time>
			</trkpt>
			<trkpt lat="39.90621" lon="20.67506">
				<ele>994.95</ele>
				<time>2026-08-06T18:36:08.978Z</time>
			</trkpt>
			<trkpt lat="39.90606" lon="20.67493">
				<ele>994.24</ele>
				<time>2026-08-06T18:36:11.924Z</time>
			</trkpt>
			<trkpt lat="39.90573" lon="20.67471">
				<ele>994.44</ele>
				<time>2026-08-06T18:36:17.963Z</time>
			</trkpt>
			<trkpt lat="39.90564" lon="20.67463">
				<ele>993.63</ele>
				<time>2026-08-06T18:36:19.731Z</time>
			</trkpt>
			<trkpt lat="39.90546" lon="20.67439">
				<ele>988.99</ele>
				<time>2026-08-06T18:36:23.899Z</time>
			</trkpt>
			<trkpt lat="39.90543" lon="20.6743">
				<ele>986.97</ele>
				<time>2026-08-06T18:36:25.114Z</time>
			</trkpt>
			<trkpt lat="39.90544" lon="20.67416">
				<ele>982.99</ele>
				<time>2026-08-06T18:36:26.853Z</time>
			</trkpt>
			<trkpt lat="39.90547" lon="20.67411">
				<ele>982.21</ele>
				<time>2026-08-06T18:36:27.637Z</time>
			</trkpt>
			<trkpt lat="39.90574" lon="20.67384">
				<ele>976.74</ele>
				<time>2026-08-06T18:36:33.100Z</time>
			</trkpt>
			<trkpt lat="39.90579" lon="20.67375">
				<ele>975.49</ele>
				<time>2026-08-06T18:36:34.463Z</time>
			</trkpt>
			<trkpt lat="39.90582" lon="20.67356">
				<ele>973.63</ele>
				<time>2026-08-06T18:36:36.839Z</time>
			</trkpt>
			<trkpt lat="39.9058" lon="20.67338">
				<ele>972.46</ele>
				<time>2026-08-06T18:36:39.061Z</time>
			</trkpt>
			<trkpt lat="39.90575" lon="20.6732">
				<ele>973.53</ele>
				<time>2026-08-06T18:36:41.394Z</time>
			</trkpt>
			<trkpt lat="39.90566" lon="20.673">
				<ele>973.9</ele>
				<time>2026-08-06T18:36:44.213Z</time>
			</trkpt>
			<trkpt lat="39.90546" lon="20.67271">
				<ele>968.73</ele>
				<time>2026-08-06T18:36:48.932Z</time>
			</trkpt>
			<trkpt lat="39.90529" lon="20.67259">
				<ele>965</ele>
				<time>2026-08-06T18:36:51.969Z</time>
			</trkpt>
			<trkpt lat="39.9051" lon="20.67254">
				<ele>961.34</ele>
				<time>2026-08-06T18:36:55.003Z</time>
			</trkpt>
			<trkpt lat="39.90472" lon="20.67254">
				<ele>961.03</ele>
				<time>2026-08-06T18:37:00.920Z</time>
			</trkpt>
			<trkpt lat="39.90445" lon="20.67237">
				<ele>954.38</ele>
				<time>2026-08-06T18:37:05.559Z</time>
			</trkpt>
			<trkpt lat="39.90434" lon="20.67234">
				<ele>952.33</ele>
				<time>2026-08-06T18:37:07.290Z</time>
			</trkpt>
			<trkpt lat="39.90422" lon="20.67237">
				<ele>951.46</ele>
				<time>2026-08-06T18:37:09.169Z</time>
			</trkpt>
			<trkpt lat="39.90417" lon="20.6724">
				<ele>951.39</ele>
				<time>2026-08-06T18:37:10.013Z</time>
			</trkpt>
			<trkpt lat="39.90397" lon="20.6726">
				<ele>953.91</ele>
				<time>2026-08-06T18:37:13.869Z</time>
			</trkpt>
			<trkpt lat="39.90389" lon="20.67263">
				<ele>953.97</ele>
				<time>2026-08-06T18:37:15.138Z</time>
			</trkpt>
			<trkpt lat="39.90384" lon="20.67261">
				<ele>953.32</ele>
				<time>2026-08-06T18:37:15.935Z</time>
			</trkpt>
			<trkpt lat="39.90378" lon="20.67253">
				<ele>951.06</ele>
				<time>2026-08-06T18:37:17.239Z</time>
			</trkpt>
			<trkpt lat="39.90369" lon="20.67231">
				<ele>946.71</ele>
				<time>2026-08-06T18:37:20.139Z</time>
			</trkpt>
			<trkpt lat="39.90362" lon="20.67219">
				<ele>944.63</ele>
				<time>2026-08-06T18:37:21.886Z</time>
			</trkpt>
			<trkpt lat="39.90351" lon="20.67214">
				<ele>941.96</ele>
				<time>2026-08-06T18:37:23.642Z</time>
			</trkpt>
			<trkpt lat="39.90339" lon="20.67212">
				<ele>939.72</ele>
				<time>2026-08-06T18:37:25.461Z</time>
			</trkpt>
			<trkpt lat="39.90327" lon="20.67218">
				<ele>938.53</ele>
				<time>2026-08-06T18:37:27.388Z</time>
			</trkpt>
			<trkpt lat="39.90287" lon="20.67247">
				<ele>939.13</ele>
				<time>2026-08-06T18:37:34.206Z</time>
			</trkpt>
			<trkpt lat="39.90275" lon="20.67251">
				<ele>938.77</ele>
				<time>2026-08-06T18:37:36.039Z</time>
			</trkpt>
			<trkpt lat="39.90264" lon="20.6725">
				<ele>939.27</ele>
				<time>2026-08-06T18:37:37.666Z</time>
			</trkpt>
			<trkpt lat="39.90256" lon="20.67243">
				<ele>938.15</ele>
				<time>2026-08-06T18:37:39.085Z</time>
			</trkpt>
			<trkpt lat="39.90242" lon="20.67215">
				<ele>933.98</ele>
				<time>2026-08-06T18:37:42.844Z</time>
			</trkpt>
			<trkpt lat="39.90235" lon="20.67205">
				<ele>932.54</ele>
				<time>2026-08-06T18:37:44.360Z</time>
			</trkpt>
			<trkpt lat="39.90206" lon="20.67181">
				<ele>930.17</ele>
				<time>2026-08-06T18:37:49.348Z</time>
			</trkpt>
			<trkpt lat="39.90178" lon="20.67149">
				<ele>926.08</ele>
				<time>2026-08-06T18:37:54.708Z</time>
			</trkpt>
			<trkpt lat="39.90163" lon="20.67136">
				<ele>924.33</ele>
				<time>2026-08-06T18:37:57.283Z</time>
			</trkpt>
			<trkpt lat="39.9013" lon="20.67122">
				<ele>921.67</ele>
				<time>2026-08-06T18:38:02.209Z</time>
			</trkpt>
			<trkpt lat="39.90121" lon="20.67113">
				<ele>921.48</ele>
				<time>2026-08-06T18:38:03.810Z</time>
			</trkpt>
			<trkpt lat="39.90116" lon="20.67106">
				<ele>920.95</ele>
				<time>2026-08-06T18:38:04.843Z</time>
			</trkpt>
			<trkpt lat="39.9011" lon="20.67077">
				<ele>915.84</ele>
				<time>2026-08-06T18:38:08.073Z</time>
			</trkpt>
			<trkpt lat="39.90105" lon="20.67063">
				<ele>913.96</ele>
				<time>2026-08-06T18:38:09.726Z</time>
			</trkpt>
			<trkpt lat="39.90093" lon="20.67049">
				<ele>912.58</ele>
				<time>2026-08-06T18:38:11.964Z</time>
			</trkpt>
			<trkpt lat="39.90071" lon="20.67031">
				<ele>910</ele>
				<time>2026-08-06T18:38:15.552Z</time>
			</trkpt>
			<trkpt lat="39.90029" lon="20.67008">
				<ele>900.66</ele>
				<time>2026-08-06T18:38:21.782Z</time>
			</trkpt>
			<trkpt lat="39.90015" lon="20.67006">
				<ele>898.23</ele>
				<time>2026-08-06T18:38:23.692Z</time>
			</trkpt>
			<trkpt lat="39.90008" lon="20.67007">
				<ele>897.55</ele>
				<time>2026-08-06T18:38:24.643Z</time>
			</trkpt>
			<trkpt lat="39.89994" lon="20.67014">
				<ele>896.58</ele>
				<time>2026-08-06T18:38:26.663Z</time>
			</trkpt>
			<trkpt lat="39.89981" lon="20.67027">
				<ele>895.92</ele>
				<time>2026-08-06T18:38:28.860Z</time>
			</trkpt>
			<trkpt lat="39.89956" lon="20.67069">
				<ele>897.78</ele>
				<time>2026-08-06T18:38:34.279Z</time>
			</trkpt>
			<trkpt lat="39.89948" lon="20.67074">
				<ele>897.29</ele>
				<time>2026-08-06T18:38:35.449Z</time>
			</trkpt>
			<trkpt lat="39.89938" lon="20.67072">
				<ele>895.9</ele>
				<time>2026-08-06T18:38:36.778Z</time>
			</trkpt>
			<trkpt lat="39.89932" lon="20.67066">
				<ele>894.22</ele>
				<time>2026-08-06T18:38:37.770Z</time>
			</trkpt>
			<trkpt lat="39.89927" lon="20.67052">
				<ele>891.8</ele>
				<time>2026-08-06T18:38:39.318Z</time>
			</trkpt>
			<trkpt lat="39.89931" lon="20.67037">
				<ele>890.3</ele>
				<time>2026-08-06T18:38:40.903Z</time>
			</trkpt>
			<trkpt lat="39.89954" lon="20.67013">
				<ele>889.71</ele>
				<time>2026-08-06T18:38:44.712Z</time>
			</trkpt>
			<trkpt lat="39.89962" lon="20.66994">
				<ele>888.18</ele>
				<time>2026-08-06T18:38:46.844Z</time>
			</trkpt>
			<trkpt lat="39.89966" lon="20.66971">
				<ele>885.32</ele>
				<time>2026-08-06T18:38:49.151Z</time>
			</trkpt>
			<trkpt lat="39.8997" lon="20.66943">
				<ele>882.92</ele>
				<time>2026-08-06T18:38:51.918Z</time>
			</trkpt>
			<trkpt lat="39.8997" lon="20.66926">
				<ele>882.93</ele>
				<time>2026-08-06T18:38:53.560Z</time>
			</trkpt>
			<trkpt lat="39.8993" lon="20.66934">
				<ele>881.18</ele>
				<time>2026-08-06T18:38:58.604Z</time>
			</trkpt>
			<trkpt lat="39.89896" lon="20.6695">
				<ele>880.84</ele>
				<time>2026-08-06T18:39:03.048Z</time>
			</trkpt>
			<trkpt lat="39.89877" lon="20.6696">
				<ele>880.92</ele>
				<time>2026-08-06T18:39:05.540Z</time>
			</trkpt>
			<trkpt lat="39.89815" lon="20.67013">
				<ele>875.86</ele>
				<time>2026-08-06T18:39:14.393Z</time>
			</trkpt>
			<trkpt lat="39.89737" lon="20.67063">
				<ele>873.72</ele>
				<time>2026-08-06T18:39:24.436Z</time>
			</trkpt>
			<trkpt lat="39.89713" lon="20.67071">
				<ele>872.94</ele>
				<time>2026-08-06T18:39:27.231Z</time>
			</trkpt>
			<trkpt lat="39.89689" lon="20.67074">
				<ele>871.09</ele>
				<time>2026-08-06T18:39:29.921Z</time>
			</trkpt>
			<trkpt lat="39.89627" lon="20.67093">
				<ele>864.56</ele>
				<time>2026-08-06T18:39:36.886Z</time>
			</trkpt>
			<trkpt lat="39.89592" lon="20.67105">
				<ele>864.3</ele>
				<time>2026-08-06T18:39:40.751Z</time>
			</trkpt>
			<trkpt lat="39.89554" lon="20.67114">
				<ele>863.78</ele>
				<time>2026-08-06T18:39:44.800Z</time>
			</trkpt>
			<trkpt lat="39.89537" lon="20.67115">
				<ele>863.7</ele>
				<time>2026-08-06T18:39:46.559Z</time>
			</trkpt>
			<trkpt lat="39.89364" lon="20.67073">
				<ele>861.31</ele>
				<time>2026-08-06T18:40:03.827Z</time>
			</trkpt>
			<trkpt lat="39.8932" lon="20.67067">
				<ele>862.29</ele>
				<time>2026-08-06T18:40:07.896Z</time>
			</trkpt>
			<trkpt lat="39.89283" lon="20.67068">
				<ele>862.13</ele>
				<time>2026-08-06T18:40:11.214Z</time>
			</trkpt>
			<trkpt lat="39.8921" lon="20.6708">
				<ele>858.97</ele>
				<time>2026-08-06T18:40:17.641Z</time>
			</trkpt>
			<trkpt lat="39.89189" lon="20.67086">
				<ele>858.4</ele>
				<time>2026-08-06T18:40:19.496Z</time>
			</trkpt>
			<trkpt lat="39.89156" lon="20.67103">
				<ele>856.5</ele>
				<time>2026-08-06T18:40:22.538Z</time>
			</trkpt>
			<trkpt lat="39.89029" lon="20.67146">
				<ele>856.03</ele>
				<time>2026-08-06T18:40:33.565Z</time>
			</trkpt>
			<trkpt lat="39.88962" lon="20.67178">
				<ele>852.74</ele>
				<time>2026-08-06T18:40:39.421Z</time>
			</trkpt>
			<trkpt lat="39.88904" lon="20.67191">
				<ele>851.04</ele>
				<time>2026-08-06T18:40:44.179Z</time>
			</trkpt>
			<trkpt lat="39.88884" lon="20.672">
				<ele>849.09</ele>
				<time>2026-08-06T18:40:45.873Z</time>
			</trkpt>
			<trkpt lat="39.88867" lon="20.67212">
				<ele>847.41</ele>
				<time>2026-08-06T18:40:47.415Z</time>
			</trkpt>
			<trkpt lat="39.88853" lon="20.67224">
				<ele>847.34</ele>
				<time>2026-08-06T18:40:48.745Z</time>
			</trkpt>
			<trkpt lat="39.88843" lon="20.67238">
				<ele>847.89</ele>
				<time>2026-08-06T18:40:49.906Z</time>
			</trkpt>
			<trkpt lat="39.88824" lon="20.67271">
				<ele>847.87</ele>
				<time>2026-08-06T18:40:52.398Z</time>
			</trkpt>
			<trkpt lat="39.88813" lon="20.67285">
				<ele>848.22</ele>
				<time>2026-08-06T18:40:53.602Z</time>
			</trkpt>
			<trkpt lat="39.88803" lon="20.67294">
				<ele>848.09</ele>
				<time>2026-08-06T18:40:54.550Z</time>
			</trkpt>
			<trkpt lat="39.88792" lon="20.67299">
				<ele>847.14</ele>
				<time>2026-08-06T18:40:55.457Z</time>
			</trkpt>
			<trkpt lat="39.88777" lon="20.67302">
				<ele>846.76</ele>
				<time>2026-08-06T18:40:56.635Z</time>
			</trkpt>
			<trkpt lat="39.88763" lon="20.673">
				<ele>846</ele>
				<time>2026-08-06T18:40:57.725Z</time>
			</trkpt>
			<trkpt lat="39.88701" lon="20.6729">
				<ele>839.76</ele>
				<time>2026-08-06T18:41:02.517Z</time>
			</trkpt>
			<trkpt lat="39.88651" lon="20.67286">
				<ele>838.54</ele>
				<time>2026-08-06T18:41:06.313Z</time>
			</trkpt>
			<trkpt lat="39.88636" lon="20.67286">
				<ele>840.27</ele>
				<time>2026-08-06T18:41:07.442Z</time>
			</trkpt>
			<trkpt lat="39.886" lon="20.67292">
				<ele>841.39</ele>
				<time>2026-08-06T18:41:10.158Z</time>
			</trkpt>
			<trkpt lat="39.88443" lon="20.6737">
				<ele>838.09</ele>
				<time>2026-08-06T18:41:22.465Z</time>
			</trkpt>
			<trkpt lat="39.88422" lon="20.67385">
				<ele>840.55</ele>
				<time>2026-08-06T18:41:24.185Z</time>
			</trkpt>
			<trkpt lat="39.88413" lon="20.67394">
				<ele>841.67</ele>
				<time>2026-08-06T18:41:24.997Z</time>
			</trkpt>
			<trkpt lat="39.88403" lon="20.67413">
				<ele>843.89</ele>
				<time>2026-08-06T18:41:26.259Z</time>
			</trkpt>
			<trkpt lat="39.88395" lon="20.67442">
				<ele>844.58</ele>
				<time>2026-08-06T18:41:27.939Z</time>
			</trkpt>
			<trkpt lat="39.8837" lon="20.67519">
				<ele>845.28</ele>
				<time>2026-08-06T18:41:32.459Z</time>
			</trkpt>
			<trkpt lat="39.88359" lon="20.67549">
				<ele>843.95</ele>
				<time>2026-08-06T18:41:34.241Z</time>
			</trkpt>
			<trkpt lat="39.88352" lon="20.67561">
				<ele>843.6</ele>
				<time>2026-08-06T18:41:35.047Z</time>
			</trkpt>
			<trkpt lat="39.88343" lon="20.67573">
				<ele>843.08</ele>
				<time>2026-08-06T18:41:35.941Z</time>
			</trkpt>
			<trkpt lat="39.88333" lon="20.67581">
				<ele>842.32</ele>
				<time>2026-08-06T18:41:36.754Z</time>
			</trkpt>
			<trkpt lat="39.88288" lon="20.67607">
				<ele>841.8</ele>
				<time>2026-08-06T18:41:40.144Z</time>
			</trkpt>
			<trkpt lat="39.88264" lon="20.67624">
				<ele>842.25</ele>
				<time>2026-08-06T18:41:42.013Z</time>
			</trkpt>
			<trkpt lat="39.8824" lon="20.67645">
				<ele>843.6</ele>
				<time>2026-08-06T18:41:43.980Z</time>
			</trkpt>
			<trkpt lat="39.8819" lon="20.67694">
				<ele>845.1</ele>
				<time>2026-08-06T18:41:48.202Z</time>
			</trkpt>
			<trkpt lat="39.88175" lon="20.67706">
				<ele>844.53</ele>
				<time>2026-08-06T18:41:49.382Z</time>
			</trkpt>
			<trkpt lat="39.88167" lon="20.67709">
				<ele>844.34</ele>
				<time>2026-08-06T18:41:49.938Z</time>
			</trkpt>
			<trkpt lat="39.88154" lon="20.6771">
				<ele>844.25</ele>
				<time>2026-08-06T18:41:50.807Z</time>
			</trkpt>
			<trkpt lat="39.88123" lon="20.67704">
				<ele>844.91</ele>
				<time>2026-08-06T18:41:52.891Z</time>
			</trkpt>
			<trkpt lat="39.8811" lon="20.67704">
				<ele>844.86</ele>
				<time>2026-08-06T18:41:53.752Z</time>
			</trkpt>
			<trkpt lat="39.88094" lon="20.6771">
				<ele>843.78</ele>
				<time>2026-08-06T18:41:54.852Z</time>
			</trkpt>
			<trkpt lat="39.88079" lon="20.67719">
				<ele>843.08</ele>
				<time>2026-08-06T18:41:55.941Z</time>
			</trkpt>
			<trkpt lat="39.88059" lon="20.67736">
				<ele>843</ele>
				<time>2026-08-06T18:41:57.509Z</time>
			</trkpt>
			<trkpt lat="39.8805" lon="20.67747">
				<ele>843.6</ele>
				<time>2026-08-06T18:41:58.317Z</time>
			</trkpt>
			<trkpt lat="39.88027" lon="20.67786">
				<ele>842.02</ele>
				<time>2026-08-06T18:42:00.778Z</time>
			</trkpt>
			<trkpt lat="39.88021" lon="20.67795">
				<ele>841.28</ele>
				<time>2026-08-06T18:42:01.373Z</time>
			</trkpt>
			<trkpt lat="39.88008" lon="20.67807">
				<ele>839.9</ele>
				<time>2026-08-06T18:42:02.406Z</time>
			</trkpt>
			<trkpt lat="39.87966" lon="20.67849">
				<ele>840.4</ele>
				<time>2026-08-06T18:42:05.821Z</time>
			</trkpt>
			<trkpt lat="39.87949" lon="20.67863">
				<ele>840</ele>
				<time>2026-08-06T18:42:07.111Z</time>
			</trkpt>
			<trkpt lat="39.87904" lon="20.67915">
				<ele>839.91</ele>
				<time>2026-08-06T18:42:10.946Z</time>
			</trkpt>
			<trkpt lat="39.87894" lon="20.67929">
				<ele>841.25</ele>
				<time>2026-08-06T18:42:11.876Z</time>
			</trkpt>
			<trkpt lat="39.87882" lon="20.67955">
				<ele>844.08</ele>
				<time>2026-08-06T18:42:13.349Z</time>
			</trkpt>
			<trkpt lat="39.87868" lon="20.68001">
				<ele>844.28</ele>
				<time>2026-08-06T18:42:15.741Z</time>
			</trkpt>
			<trkpt lat="39.87846" lon="20.68043">
				<ele>843.5</ele>
				<time>2026-08-06T18:42:18.186Z</time>
			</trkpt>
			<trkpt lat="39.87825" lon="20.68095">
				<ele>840.15</ele>
				<time>2026-08-06T18:42:20.995Z</time>
			</trkpt>
			<trkpt lat="39.87801" lon="20.68142">
				<ele>840.19</ele>
				<time>2026-08-06T18:42:23.680Z</time>
			</trkpt>
			<trkpt lat="39.87713" lon="20.68264">
				<ele>841.08</ele>
				<time>2026-08-06T18:42:31.560Z</time>
			</trkpt>
			<trkpt lat="39.87683" lon="20.6831">
				<ele>839.83</ele>
				<time>2026-08-06T18:42:34.373Z</time>
			</trkpt>
			<trkpt lat="39.87648" lon="20.68361">
				<ele>844.31</ele>
				<time>2026-08-06T18:42:37.546Z</time>
			</trkpt>
			<trkpt lat="39.87608" lon="20.68411">
				<ele>842.81</ele>
				<time>2026-08-06T18:42:40.878Z</time>
			</trkpt>
			<trkpt lat="39.87592" lon="20.68438">
				<ele>844.34</ele>
				<time>2026-08-06T18:42:42.446Z</time>
			</trkpt>
			<trkpt lat="39.87583" lon="20.6846">
				<ele>846.61</ele>
				<time>2026-08-06T18:42:43.589Z</time>
			</trkpt>
			<trkpt lat="39.87575" lon="20.68486">
				<ele>849.19</ele>
				<time>2026-08-06T18:42:44.872Z</time>
			</trkpt>
			<trkpt lat="39.87571" lon="20.68516">
				<ele>849.61</ele>
				<time>2026-08-06T18:42:46.264Z</time>
			</trkpt>
			<trkpt lat="39.87573" lon="20.68583">
				<ele>844.8</ele>
				<time>2026-08-06T18:42:49.320Z</time>
			</trkpt>
			<trkpt lat="39.87572" lon="20.68599">
				<ele>845.07</ele>
				<time>2026-08-06T18:42:50.049Z</time>
			</trkpt>
			<trkpt lat="39.87569" lon="20.68617">
				<ele>845.67</ele>
				<time>2026-08-06T18:42:50.886Z</time>
			</trkpt>
			<trkpt lat="39.87557" lon="20.68646">
				<ele>846.61</ele>
				<time>2026-08-06T18:42:52.381Z</time>
			</trkpt>
			<trkpt lat="39.87546" lon="20.68657">
				<ele>848.67</ele>
				<time>2026-08-06T18:42:53.199Z</time>
			</trkpt>
			<trkpt lat="39.87538" lon="20.68675">
				<ele>849.71</ele>
				<time>2026-08-06T18:42:54.140Z</time>
			</trkpt>
			<trkpt lat="39.87534" lon="20.68691">
				<ele>849.53</ele>
				<time>2026-08-06T18:42:54.901Z</time>
			</trkpt>
			<trkpt lat="39.87528" lon="20.68733">
				<ele>848.49</ele>
				<time>2026-08-06T18:42:56.830Z</time>
			</trkpt>
			<trkpt lat="39.87519" lon="20.68765">
				<ele>847.4</ele>
				<time>2026-08-06T18:42:58.366Z</time>
			</trkpt>
			<trkpt lat="39.87516" lon="20.68772">
				<ele>847.28</ele>
				<time>2026-08-06T18:42:58.728Z</time>
			</trkpt>
			<trkpt lat="39.87506" lon="20.68783">
				<ele>847.37</ele>
				<time>2026-08-06T18:42:59.495Z</time>
			</trkpt>
			<trkpt lat="39.87477" lon="20.68826">
				<ele>844.54</ele>
				<time>2026-08-06T18:43:02.068Z</time>
			</trkpt>
			<trkpt lat="39.8747" lon="20.68839">
				<ele>843.38</ele>
				<time>2026-08-06T18:43:02.781Z</time>
			</trkpt>
			<trkpt lat="39.87466" lon="20.68849">
				<ele>842.65</ele>
				<time>2026-08-06T18:43:03.287Z</time>
			</trkpt>
			<trkpt lat="39.87457" lon="20.68888">
				<ele>840.16</ele>
				<time>2026-08-06T18:43:05.113Z</time>
			</trkpt>
			<trkpt lat="39.87444" lon="20.68918">
				<ele>842.79</ele>
				<time>2026-08-06T18:43:06.656Z</time>
			</trkpt>
			<trkpt lat="39.87437" lon="20.68944">
				<ele>843.34</ele>
				<time>2026-08-06T18:43:07.888Z</time>
			</trkpt>
			<trkpt lat="39.87437" lon="20.6896">
				<ele>841.17</ele>
				<time>2026-08-06T18:43:08.604Z</time>
			</trkpt>
			<trkpt lat="39.87439" lon="20.68969">
				<ele>839.11</ele>
				<time>2026-08-06T18:43:09.023Z</time>
			</trkpt>
			<trkpt lat="39.87447" lon="20.68985">
				<ele>836.43</ele>
				<time>2026-08-06T18:43:09.876Z</time>
			</trkpt>
			<trkpt lat="39.87528" lon="20.69061">
				<ele>835.18</ele>
				<time>2026-08-06T18:43:15.680Z</time>
			</trkpt>
			<trkpt lat="39.87543" lon="20.69079">
				<ele>834.81</ele>
				<time>2026-08-06T18:43:16.864Z</time>
			</trkpt>
			<trkpt lat="39.87567" lon="20.69113">
				<ele>835.82</ele>
				<time>2026-08-06T18:43:18.922Z</time>
			</trkpt>
			<trkpt lat="39.87629" lon="20.69219">
				<ele>839.1</ele>
				<time>2026-08-06T18:43:24.858Z</time>
			</trkpt>
			<trkpt lat="39.87643" lon="20.69251">
				<ele>840.72</ele>
				<time>2026-08-06T18:43:26.499Z</time>
			</trkpt>
			<trkpt lat="39.87649" lon="20.69275">
				<ele>841.49</ele>
				<time>2026-08-06T18:43:27.623Z</time>
			</trkpt>
			<trkpt lat="39.87651" lon="20.69295">
				<ele>843.5</ele>
				<time>2026-08-06T18:43:28.522Z</time>
			</trkpt>
			<trkpt lat="39.87651" lon="20.69325">
				<ele>847.33</ele>
				<time>2026-08-06T18:43:29.859Z</time>
			</trkpt>
			<trkpt lat="39.87649" lon="20.69337">
				<ele>849.19</ele>
				<time>2026-08-06T18:43:30.407Z</time>
			</trkpt>
			<trkpt lat="39.87577" lon="20.6941">
				<ele>850.23</ele>
				<time>2026-08-06T18:43:35.712Z</time>
			</trkpt>
			<trkpt lat="39.87553" lon="20.69438">
				<ele>850.12</ele>
				<time>2026-08-06T18:43:37.589Z</time>
			</trkpt>
			<trkpt lat="39.87518" lon="20.69486">
				<ele>850.41</ele>
				<time>2026-08-06T18:43:40.553Z</time>
			</trkpt>
			<trkpt lat="39.87497" lon="20.69533">
				<ele>853.63</ele>
				<time>2026-08-06T18:43:42.992Z</time>
			</trkpt>
			<trkpt lat="39.87467" lon="20.69622">
				<ele>852.44</ele>
				<time>2026-08-06T18:43:47.363Z</time>
			</trkpt>
			<trkpt lat="39.87462" lon="20.69633">
				<ele>851.67</ele>
				<time>2026-08-06T18:43:47.939Z</time>
			</trkpt>
			<trkpt lat="39.87456" lon="20.69641">
				<ele>850.72</ele>
				<time>2026-08-06T18:43:48.444Z</time>
			</trkpt>
			<trkpt lat="39.87446" lon="20.69649">
				<ele>849.24</ele>
				<time>2026-08-06T18:43:49.134Z</time>
			</trkpt>
			<trkpt lat="39.87397" lon="20.69672">
				<ele>848.44</ele>
				<time>2026-08-06T18:43:52.202Z</time>
			</trkpt>
			<trkpt lat="39.87379" lon="20.6969">
				<ele>848.21</ele>
				<time>2026-08-06T18:43:53.541Z</time>
			</trkpt>
			<trkpt lat="39.87368" lon="20.69709">
				<ele>847.94</ele>
				<time>2026-08-06T18:43:54.621Z</time>
			</trkpt>
			<trkpt lat="39.87329" lon="20.69808">
				<ele>848.11</ele>
				<time>2026-08-06T18:43:59.690Z</time>
			</trkpt>
			<trkpt lat="39.87264" lon="20.6992">
				<ele>851.34</ele>
				<time>2026-08-06T18:44:06.137Z</time>
			</trkpt>
			<trkpt lat="39.87254" lon="20.69943">
				<ele>852.19</ele>
				<time>2026-08-06T18:44:07.357Z</time>
			</trkpt>
			<trkpt lat="39.87228" lon="20.70017">
				<ele>850.8</ele>
				<time>2026-08-06T18:44:11.130Z</time>
			</trkpt>
			<trkpt lat="39.87215" lon="20.7004">
				<ele>849.91</ele>
				<time>2026-08-06T18:44:12.460Z</time>
			</trkpt>
			<trkpt lat="39.87186" lon="20.70081">
				<ele>848.67</ele>
				<time>2026-08-06T18:44:15.063Z</time>
			</trkpt>
			<trkpt lat="39.87176" lon="20.70099">
				<ele>848.53</ele>
				<time>2026-08-06T18:44:16.098Z</time>
			</trkpt>
			<trkpt lat="39.87168" lon="20.70105">
				<ele>848.13</ele>
				<time>2026-08-06T18:44:16.658Z</time>
			</trkpt>
			<trkpt lat="39.87157" lon="20.70119">
				<ele>848.29</ele>
				<time>2026-08-06T18:44:17.588Z</time>
			</trkpt>
			<trkpt lat="39.87147" lon="20.70137">
				<ele>848.94</ele>
				<time>2026-08-06T18:44:18.618Z</time>
			</trkpt>
			<trkpt lat="39.87139" lon="20.70161">
				<ele>848.17</ele>
				<time>2026-08-06T18:44:19.828Z</time>
			</trkpt>
			<trkpt lat="39.87124" lon="20.70192">
				<ele>847.06</ele>
				<time>2026-08-06T18:44:21.518Z</time>
			</trkpt>
			<trkpt lat="39.87056" lon="20.70289">
				<ele>842.47</ele>
				<time>2026-08-06T18:44:27.530Z</time>
			</trkpt>
			<trkpt lat="39.87009" lon="20.70347">
				<ele>842.54</ele>
				<time>2026-08-06T18:44:31.356Z</time>
			</trkpt>
			<trkpt lat="39.86994" lon="20.70373">
				<ele>842.4</ele>
				<time>2026-08-06T18:44:32.824Z</time>
			</trkpt>
			<trkpt lat="39.86979" lon="20.7041">
				<ele>839.8</ele>
				<time>2026-08-06T18:44:34.709Z</time>
			</trkpt>
			<trkpt lat="39.86956" lon="20.7048">
				<ele>839.12</ele>
				<time>2026-08-06T18:44:38.123Z</time>
			</trkpt>
			<trkpt lat="39.8694" lon="20.70556">
				<ele>838.71</ele>
				<time>2026-08-06T18:44:41.638Z</time>
			</trkpt>
			<trkpt lat="39.86927" lon="20.70595">
				<ele>838.04</ele>
				<time>2026-08-06T18:44:43.527Z</time>
			</trkpt>
			<trkpt lat="39.86895" lon="20.70677">
				<ele>838.99</ele>
				<time>2026-08-06T18:44:47.599Z</time>
			</trkpt>
			<trkpt lat="39.86863" lon="20.70751">
				<ele>840.07</ele>
				<time>2026-08-06T18:44:51.342Z</time>
			</trkpt>
			<trkpt lat="39.86835" lon="20.70885">
				<ele>840</ele>
				<time>2026-08-06T18:44:57.429Z</time>
			</trkpt>
			<trkpt lat="39.86832" lon="20.70906">
				<ele>839.24</ele>
				<time>2026-08-06T18:44:58.363Z</time>
			</trkpt>
			<trkpt lat="39.86832" lon="20.70915">
				<ele>839.02</ele>
				<time>2026-08-06T18:44:58.756Z</time>
			</trkpt>
			<trkpt lat="39.86835" lon="20.70923">
				<ele>839.1</ele>
				<time>2026-08-06T18:44:59.144Z</time>
			</trkpt>
			<trkpt lat="39.86839" lon="20.70928">
				<ele>839.33</ele>
				<time>2026-08-06T18:44:59.460Z</time>
			</trkpt>
			<trkpt lat="39.86852" lon="20.70934">
				<ele>840.12</ele>
				<time>2026-08-06T18:45:00.244Z</time>
			</trkpt>
			<trkpt lat="39.86937" lon="20.70937">
				<ele>840.68</ele>
				<time>2026-08-06T18:45:05.068Z</time>
			</trkpt>
			<trkpt lat="39.86999" lon="20.70945">
				<ele>843.89</ele>
				<time>2026-08-06T18:45:08.594Z</time>
			</trkpt>
			<trkpt lat="39.87008" lon="20.70951">
				<ele>843.57</ele>
				<time>2026-08-06T18:45:09.166Z</time>
			</trkpt>
			<trkpt lat="39.87016" lon="20.70964">
				<ele>842.99</ele>
				<time>2026-08-06T18:45:09.889Z</time>
			</trkpt>
			<trkpt lat="39.86965" lon="20.71035">
				<ele>840.06</ele>
				<time>2026-08-06T18:45:14.104Z</time>
			</trkpt>
			<trkpt lat="39.86932" lon="20.71086">
				<ele>842.56</ele>
				<time>2026-08-06T18:45:16.994Z</time>
			</trkpt>
			<trkpt lat="39.86908" lon="20.71153">
				<ele>840.92</ele>
				<time>2026-08-06T18:45:20.195Z</time>
			</trkpt>
			<trkpt lat="39.86898" lon="20.71174">
				<ele>841.53</ele>
				<time>2026-08-06T18:45:21.265Z</time>
			</trkpt>
			<trkpt lat="39.86882" lon="20.71192">
				<ele>841</ele>
				<time>2026-08-06T18:45:22.458Z</time>
			</trkpt>
			<trkpt lat="39.86807" lon="20.71262">
				<ele>840.05</ele>
				<time>2026-08-06T18:45:27.666Z</time>
			</trkpt>
			<trkpt lat="39.86795" lon="20.71279">
				<ele>839.69</ele>
				<time>2026-08-06T18:45:28.668Z</time>
			</trkpt>
			<trkpt lat="39.86782" lon="20.71301">
				<ele>839.77</ele>
				<time>2026-08-06T18:45:29.872Z</time>
			</trkpt>
			<trkpt lat="39.86739" lon="20.71393">
				<ele>840.53</ele>
				<time>2026-08-06T18:45:34.551Z</time>
			</trkpt>
			<trkpt lat="39.86735" lon="20.71416">
				<ele>841.4</ele>
				<time>2026-08-06T18:45:35.577Z</time>
			</trkpt>
			<trkpt lat="39.86733" lon="20.71449">
				<ele>841.84</ele>
				<time>2026-08-06T18:45:37.019Z</time>
			</trkpt>
			<trkpt lat="39.86724" lon="20.71845">
				<ele>837.03</ele>
				<time>2026-08-06T18:45:54.381Z</time>
			</trkpt>
			<trkpt lat="39.86726" lon="20.71867">
				<ele>836.72</ele>
				<time>2026-08-06T18:45:55.340Z</time>
			</trkpt>
			<trkpt lat="39.86731" lon="20.7189">
				<ele>837.32</ele>
				<time>2026-08-06T18:45:56.369Z</time>
			</trkpt>
			<trkpt lat="39.86769" lon="20.7202">
				<ele>835.97</ele>
				<time>2026-08-06T18:46:02.256Z</time>
			</trkpt>
			<trkpt lat="39.86788" lon="20.721">
				<ele>840.7</ele>
				<time>2026-08-06T18:46:05.735Z</time>
			</trkpt>
			<trkpt lat="39.86791" lon="20.72118">
				<ele>841.61</ele>
				<time>2026-08-06T18:46:06.496Z</time>
			</trkpt>
			<trkpt lat="39.86793" lon="20.72151">
				<ele>844.71</ele>
				<time>2026-08-06T18:46:07.861Z</time>
			</trkpt>
			<trkpt lat="39.8679" lon="20.72195">
				<ele>848.24</ele>
				<time>2026-08-06T18:46:09.678Z</time>
			</trkpt>
			<trkpt lat="39.86788" lon="20.72206">
				<ele>847.72</ele>
				<time>2026-08-06T18:46:10.142Z</time>
			</trkpt>
			<trkpt lat="39.86784" lon="20.72216">
				<ele>845.4</ele>
				<time>2026-08-06T18:46:10.605Z</time>
			</trkpt>
			<trkpt lat="39.86772" lon="20.72235">
				<ele>842.62</ele>
				<time>2026-08-06T18:46:11.615Z</time>
			</trkpt>
			<trkpt lat="39.86716" lon="20.72333">
				<ele>837.28</ele>
				<time>2026-08-06T18:46:16.638Z</time>
			</trkpt>
			<trkpt lat="39.86693" lon="20.72363">
				<ele>838.23</ele>
				<time>2026-08-06T18:46:18.389Z</time>
			</trkpt>
			<trkpt lat="39.86678" lon="20.72376">
				<ele>837.93</ele>
				<time>2026-08-06T18:46:19.362Z</time>
			</trkpt>
			<trkpt lat="39.86666" lon="20.72381">
				<ele>836.5</ele>
				<time>2026-08-06T18:46:20.044Z</time>
			</trkpt>
			<trkpt lat="39.86637" lon="20.72386">
				<ele>838.17</ele>
				<time>2026-08-06T18:46:21.633Z</time>
			</trkpt>
			<trkpt lat="39.86591" lon="20.72365">
				<ele>841.34</ele>
				<time>2026-08-06T18:46:24.303Z</time>
			</trkpt>
			<trkpt lat="39.86489" lon="20.72298">
				<ele>843.08</ele>
				<time>2026-08-06T18:46:30.700Z</time>
			</trkpt>
			<trkpt lat="39.86475" lon="20.72282">
				<ele>844.45</ele>
				<time>2026-08-06T18:46:31.766Z</time>
			</trkpt>
			<trkpt lat="39.86459" lon="20.72254">
				<ele>842.98</ele>
				<time>2026-08-06T18:46:33.314Z</time>
			</trkpt>
			<trkpt lat="39.86446" lon="20.7224">
				<ele>843.44</ele>
				<time>2026-08-06T18:46:34.296Z</time>
			</trkpt>
			<trkpt lat="39.86437" lon="20.72235">
				<ele>843.35</ele>
				<time>2026-08-06T18:46:34.870Z</time>
			</trkpt>
			<trkpt lat="39.86425" lon="20.72233">
				<ele>843.71</ele>
				<time>2026-08-06T18:46:35.582Z</time>
			</trkpt>
			<trkpt lat="39.86414" lon="20.72235">
				<ele>844.65</ele>
				<time>2026-08-06T18:46:36.239Z</time>
			</trkpt>
			<trkpt lat="39.86401" lon="20.72244">
				<ele>845.21</ele>
				<time>2026-08-06T18:46:37.115Z</time>
			</trkpt>
			<trkpt lat="39.86301" lon="20.72371">
				<ele>861.86</ele>
				<time>2026-08-06T18:46:45.748Z</time>
			</trkpt>
			<trkpt lat="39.8628" lon="20.72388">
				<ele>860.88</ele>
				<time>2026-08-06T18:46:47.344Z</time>
			</trkpt>
			<trkpt lat="39.86234" lon="20.72416">
				<ele>859.73</ele>
				<time>2026-08-06T18:46:50.695Z</time>
			</trkpt>
			<trkpt lat="39.86217" lon="20.72431">
				<ele>859.37</ele>
				<time>2026-08-06T18:46:52.079Z</time>
			</trkpt>
			<trkpt lat="39.8617" lon="20.72481">
				<ele>856.34</ele>
				<time>2026-08-06T18:46:56.273Z</time>
			</trkpt>
			<trkpt lat="39.86144" lon="20.72517">
				<ele>855</ele>
				<time>2026-08-06T18:46:58.968Z</time>
			</trkpt>
			<trkpt lat="39.86136" lon="20.72533">
				<ele>853.95</ele>
				<time>2026-08-06T18:47:00.023Z</time>
			</trkpt>
			<trkpt lat="39.86125" lon="20.72562">
				<ele>853.05</ele>
				<time>2026-08-06T18:47:01.828Z</time>
			</trkpt>
			<trkpt lat="39.86119" lon="20.72593">
				<ele>853.1</ele>
				<time>2026-08-06T18:47:03.634Z</time>
			</trkpt>
			<trkpt lat="39.86118" lon="20.72609">
				<ele>853.17</ele>
				<time>2026-08-06T18:47:04.549Z</time>
			</trkpt>
			<trkpt lat="39.86119" lon="20.72656">
				<ele>854.51</ele>
				<time>2026-08-06T18:47:07.258Z</time>
			</trkpt>
			<trkpt lat="39.86126" lon="20.72725">
				<ele>853.35</ele>
				<time>2026-08-06T18:47:11.351Z</time>
			</trkpt>
			<trkpt lat="39.86126" lon="20.72749">
				<ele>853.69</ele>
				<time>2026-08-06T18:47:12.785Z</time>
			</trkpt>
			<trkpt lat="39.86124" lon="20.72766">
				<ele>854.14</ele>
				<time>2026-08-06T18:47:13.819Z</time>
			</trkpt>
			<trkpt lat="39.8612" lon="20.7278">
				<ele>853.99</ele>
				<time>2026-08-06T18:47:14.722Z</time>
			</trkpt>
			<trkpt lat="39.86116" lon="20.72787">
				<ele>854.25</ele>
				<time>2026-08-06T18:47:15.251Z</time>
			</trkpt>
			<trkpt lat="39.86089" lon="20.72819">
				<ele>854.1</ele>
				<time>2026-08-06T18:47:18.162Z</time>
			</trkpt>
			<trkpt lat="39.86025" lon="20.72872">
				<ele>855.57</ele>
				<time>2026-08-06T18:47:24.345Z</time>
			</trkpt>
			<trkpt lat="39.8601" lon="20.72882">
				<ele>857.01</ele>
				<time>2026-08-06T18:47:25.743Z</time>
			</trkpt>
			<trkpt lat="39.85987" lon="20.72888">
				<ele>858.89</ele>
				<time>2026-08-06T18:47:27.703Z</time>
			</trkpt>
			<trkpt lat="39.85971" lon="20.72889">
				<ele>860.26</ele>
				<time>2026-08-06T18:47:29.051Z</time>
			</trkpt>
			<trkpt lat="39.85954" lon="20.72885">
				<ele>860.01</ele>
				<time>2026-08-06T18:47:30.514Z</time>
			</trkpt>
			<trkpt lat="39.85929" lon="20.72869">
				<ele>859.32</ele>
				<time>2026-08-06T18:47:32.890Z</time>
			</trkpt>
			<trkpt lat="39.85716" lon="20.72668">
				<ele>850.5</ele>
				<time>2026-08-06T18:47:56.389Z</time>
			</trkpt>
			<trkpt lat="39.85613" lon="20.72566">
				<ele>847.07</ele>
				<time>2026-08-06T18:48:08.589Z</time>
			</trkpt>
			<trkpt lat="39.85572" lon="20.72531">
				<ele>849.54</ele>
				<time>2026-08-06T18:48:13.311Z</time>
			</trkpt>
			<trkpt lat="39.85543" lon="20.72515">
				<ele>848.67</ele>
				<time>2026-08-06T18:48:16.372Z</time>
			</trkpt>
			<trkpt lat="39.85514" lon="20.72504">
				<ele>846.76</ele>
				<time>2026-08-06T18:48:19.327Z</time>
			</trkpt>
			<trkpt lat="39.85489" lon="20.72497">
				<ele>844.97</ele>
				<time>2026-08-06T18:48:21.843Z</time>
			</trkpt>
			<trkpt lat="39.85468" lon="20.72494">
				<ele>843.86</ele>
				<time>2026-08-06T18:48:23.932Z</time>
			</trkpt>
			<trkpt lat="39.85368" lon="20.725">
				<ele>844.77</ele>
				<time>2026-08-06T18:48:33.946Z</time>
			</trkpt>
			<trkpt lat="39.85304" lon="20.72509">
				<ele>848.64</ele>
				<time>2026-08-06T18:48:40.481Z</time>
			</trkpt>
			<trkpt lat="39.85234" lon="20.72525">
				<ele>848.69</ele>
				<time>2026-08-06T18:48:47.778Z</time>
			</trkpt>
			<trkpt lat="39.85206" lon="20.72534">
				<ele>847.97</ele>
				<time>2026-08-06T18:48:50.761Z</time>
			</trkpt>
			<trkpt lat="39.85131" lon="20.72566">
				<ele>847.31</ele>
				<time>2026-08-06T18:48:58.989Z</time>
			</trkpt>
			<trkpt lat="39.85084" lon="20.7259">
				<ele>849.51</ele>
				<time>2026-08-06T18:49:04.297Z</time>
			</trkpt>
			<trkpt lat="39.84866" lon="20.7275">
				<ele>852.3</ele>
				<time>2026-08-06T18:49:31.053Z</time>
			</trkpt>
			<trkpt lat="39.84827" lon="20.72783">
				<ele>856.47</ele>
				<time>2026-08-06T18:49:36.094Z</time>
			</trkpt>
			<trkpt lat="39.84761" lon="20.72849">
				<ele>857.68</ele>
				<time>2026-08-06T18:49:45.154Z</time>
			</trkpt>
			<trkpt lat="39.84721" lon="20.72894">
				<ele>859.34</ele>
				<time>2026-08-06T18:49:50.932Z</time>
			</trkpt>
			<trkpt lat="39.84652" lon="20.72995">
				<ele>863.09</ele>
				<time>2026-08-06T18:50:02.324Z</time>
			</trkpt>
			<trkpt lat="39.84553" lon="20.73132">
				<ele>867.19</ele>
				<time>2026-08-06T18:50:18.240Z</time>
			</trkpt>
			<trkpt lat="39.84499" lon="20.73193">
				<ele>868.93</ele>
				<time>2026-08-06T18:50:26.130Z</time>
			</trkpt>
			<trkpt lat="39.84414" lon="20.73278">
				<ele>877.12</ele>
				<time>2026-08-06T18:50:37.958Z</time>
			</trkpt>
			<trkpt lat="39.84392" lon="20.73296">
				<ele>879.67</ele>
				<time>2026-08-06T18:50:40.823Z</time>
			</trkpt>
			<trkpt lat="39.84346" lon="20.73318">
				<ele>880.48</ele>
				<time>2026-08-06T18:50:46.224Z</time>
			</trkpt>
			<trkpt lat="39.84148" lon="20.73455">
				<ele>878.54</ele>
				<time>2026-08-06T18:51:10.811Z</time>
			</trkpt>
			<trkpt lat="39.84121" lon="20.7347">
				<ele>877.18</ele>
				<time>2026-08-06T18:51:14.009Z</time>
			</trkpt>
			<trkpt lat="39.83901" lon="20.73554">
				<ele>870.99</ele>
				<time>2026-08-06T18:51:38.736Z</time>
			</trkpt>
			<trkpt lat="39.83912" lon="20.73596">
				<ele>866.36</ele>
				<time>2026-08-06T18:51:42.366Z</time>
			</trkpt>
			<trkpt lat="39.8391" lon="20.73611">
				<ele>867.58</ele>
				<time>2026-08-06T18:51:43.609Z</time>
			</trkpt>
			<trkpt lat="39.83903" lon="20.73627">
				<ele>868.84</ele>
				<time>2026-08-06T18:51:45.109Z</time>
			</trkpt>
			<trkpt lat="39.83832" lon="20.73748">
				<ele>858.81</ele>
				<time>2026-08-06T18:51:57.419Z</time>
			</trkpt>
			<trkpt lat="39.83785" lon="20.73816">
				<ele>854.9</ele>
				<time>2026-08-06T18:52:04.723Z</time>
			</trkpt>
			<trkpt lat="39.83757" lon="20.73869">
				<ele>853.38</ele>
				<time>2026-08-06T18:52:09.814Z</time>
			</trkpt>
			<trkpt lat="39.83739" lon="20.73917">
				<ele>851.83</ele>
				<time>2026-08-06T18:52:14.012Z</time>
			</trkpt>
			<trkpt lat="39.83652" lon="20.74203">
				<ele>845.99</ele>
				<time>2026-08-06T18:52:37.593Z</time>
			</trkpt>
			<trkpt lat="39.83649" lon="20.74216">
				<ele>845.62</ele>
				<time>2026-08-06T18:52:38.609Z</time>
			</trkpt>
			<trkpt lat="39.83648" lon="20.74245">
				<ele>845.87</ele>
				<time>2026-08-06T18:52:40.772Z</time>
			</trkpt>
			<trkpt lat="39.83649" lon="20.74262">
				<ele>847.84</ele>
				<time>2026-08-06T18:52:42.038Z</time>
			</trkpt>
			<trkpt lat="39.83652" lon="20.74275">
				<ele>849.79</ele>
				<time>2026-08-06T18:52:43.043Z</time>
			</trkpt>
			<trkpt lat="39.83701" lon="20.74433">
				<ele>840.15</ele>
				<time>2026-08-06T18:52:55.458Z</time>
			</trkpt>
			<trkpt lat="39.83744" lon="20.74565">
				<ele>842.58</ele>
				<time>2026-08-06T18:53:05.847Z</time>
			</trkpt>
			<trkpt lat="39.83782" lon="20.74652">
				<ele>838.14</ele>
				<time>2026-08-06T18:53:13.154Z</time>
			</trkpt>
			<trkpt lat="39.83794" lon="20.74681">
				<ele>836.89</ele>
				<time>2026-08-06T18:53:15.568Z</time>
			</trkpt>
			<trkpt lat="39.83801" lon="20.74711">
				<ele>835.24</ele>
				<time>2026-08-06T18:53:17.870Z</time>
			</trkpt>
			<trkpt lat="39.83803" lon="20.74727">
				<ele>834.16</ele>
				<time>2026-08-06T18:53:19.062Z</time>
			</trkpt>
			<trkpt lat="39.83803" lon="20.74758">
				<ele>833.77</ele>
				<time>2026-08-06T18:53:21.343Z</time>
			</trkpt>
			<trkpt lat="39.83801" lon="20.75015">
				<ele>827.64</ele>
				<time>2026-08-06T18:53:40.388Z</time>
			</trkpt>
			<trkpt lat="39.83798" lon="20.75051">
				<ele>829.22</ele>
				<time>2026-08-06T18:53:43.088Z</time>
			</trkpt>
			<trkpt lat="39.83792" lon="20.75074">
				<ele>830.64</ele>
				<time>2026-08-06T18:53:44.901Z</time>
			</trkpt>
			<trkpt lat="39.83782" lon="20.75096">
				<ele>830.28</ele>
				<time>2026-08-06T18:53:46.811Z</time>
			</trkpt>
			<trkpt lat="39.83737" lon="20.75171">
				<ele>825.4</ele>
				<time>2026-08-06T18:53:53.937Z</time>
			</trkpt>
			<trkpt lat="39.83727" lon="20.7519">
				<ele>823.98</ele>
				<time>2026-08-06T18:53:55.665Z</time>
			</trkpt>
			<trkpt lat="39.8372" lon="20.75212">
				<ele>822.45</ele>
				<time>2026-08-06T18:53:57.453Z</time>
			</trkpt>
			<trkpt lat="39.83718" lon="20.75234">
				<ele>821.34</ele>
				<time>2026-08-06T18:53:59.117Z</time>
			</trkpt>
			<trkpt lat="39.83719" lon="20.75254">
				<ele>820.36</ele>
				<time>2026-08-06T18:54:00.623Z</time>
			</trkpt>
			<trkpt lat="39.83723" lon="20.75273">
				<ele>820.91</ele>
				<time>2026-08-06T18:54:02.105Z</time>
			</trkpt>
			<trkpt lat="39.8374" lon="20.7532">
				<ele>819.08</ele>
				<time>2026-08-06T18:54:06.015Z</time>
			</trkpt>
			<trkpt lat="39.83746" lon="20.75349">
				<ele>816.96</ele>
				<time>2026-08-06T18:54:08.278Z</time>
			</trkpt>
			<trkpt lat="39.83747" lon="20.75391">
				<ele>813.99</ele>
				<time>2026-08-06T18:54:11.447Z</time>
			</trkpt>
			<trkpt lat="39.83738" lon="20.75544">
				<ele>806.33</ele>
				<time>2026-08-06T18:54:23.039Z</time>
			</trkpt>
			<trkpt lat="39.83741" lon="20.75588">
				<ele>806.42</ele>
				<time>2026-08-06T18:54:26.381Z</time>
			</trkpt>
			<trkpt lat="39.83745" lon="20.7561">
				<ele>806.67</ele>
				<time>2026-08-06T18:54:28.092Z</time>
			</trkpt>
			<trkpt lat="39.83752" lon="20.75643">
				<ele>808.81</ele>
				<time>2026-08-06T18:54:30.684Z</time>
			</trkpt>
			<trkpt lat="39.83763" lon="20.75673">
				<ele>811.5</ele>
				<time>2026-08-06T18:54:33.202Z</time>
			</trkpt>
			<trkpt lat="39.83777" lon="20.75701">
				<ele>811.78</ele>
				<time>2026-08-06T18:54:35.733Z</time>
			</trkpt>
			<trkpt lat="39.83857" lon="20.75816">
				<ele>800.78</ele>
				<time>2026-08-06T18:54:47.495Z</time>
			</trkpt>
			<trkpt lat="39.83873" lon="20.75837">
				<ele>798.52</ele>
				<time>2026-08-06T18:54:49.738Z</time>
			</trkpt>
			<trkpt lat="39.83898" lon="20.75862">
				<ele>795.9</ele>
				<time>2026-08-06T18:54:52.849Z</time>
			</trkpt>
			<trkpt lat="39.83963" lon="20.7591">
				<ele>794.75</ele>
				<time>2026-08-06T18:55:00.224Z</time>
			</trkpt>
			<trkpt lat="39.83997" lon="20.75943">
				<ele>793.05</ele>
				<time>2026-08-06T18:55:04.407Z</time>
			</trkpt>
			<trkpt lat="39.84032" lon="20.75989">
				<ele>794.61</ele>
				<time>2026-08-06T18:55:09.309Z</time>
			</trkpt>
			<trkpt lat="39.84089" lon="20.76069">
				<ele>796.27</ele>
				<time>2026-08-06T18:55:17.561Z</time>
			</trkpt>
			<trkpt lat="39.8411" lon="20.76109">
				<ele>797.02</ele>
				<time>2026-08-06T18:55:21.220Z</time>
			</trkpt>
			<trkpt lat="39.84118" lon="20.76128">
				<ele>797.07</ele>
				<time>2026-08-06T18:55:22.855Z</time>
			</trkpt>
			<trkpt lat="39.84176" lon="20.76299">
				<ele>786.94</ele>
				<time>2026-08-06T18:55:36.929Z</time>
			</trkpt>
			<trkpt lat="39.84187" lon="20.76327">
				<ele>784.16</ele>
				<time>2026-08-06T18:55:39.291Z</time>
			</trkpt>
			<trkpt lat="39.842" lon="20.76353">
				<ele>783.35</ele>
				<time>2026-08-06T18:55:41.618Z</time>
			</trkpt>
			<trkpt lat="39.8422" lon="20.76379">
				<ele>785.52</ele>
				<time>2026-08-06T18:55:44.375Z</time>
			</trkpt>
			<trkpt lat="39.84386" lon="20.7654">
				<ele>783.22</ele>
				<time>2026-08-06T18:56:04.458Z</time>
			</trkpt>
			<trkpt lat="39.84447" lon="20.76602">
				<ele>781.57</ele>
				<time>2026-08-06T18:56:11.908Z</time>
			</trkpt>
			<trkpt lat="39.84463" lon="20.76622">
				<ele>780.24</ele>
				<time>2026-08-06T18:56:14.036Z</time>
			</trkpt>
			<trkpt lat="39.84505" lon="20.76683">
				<ele>778.85</ele>
				<time>2026-08-06T18:56:20.056Z</time>
			</trkpt>
			<trkpt lat="39.84516" lon="20.76697">
				<ele>779.29</ele>
				<time>2026-08-06T18:56:21.523Z</time>
			</trkpt>
			<trkpt lat="39.84532" lon="20.76709">
				<ele>780.11</ele>
				<time>2026-08-06T18:56:23.283Z</time>
			</trkpt>
			<trkpt lat="39.846" lon="20.7674">
				<ele>774.45</ele>
				<time>2026-08-06T18:56:30.126Z</time>
			</trkpt>
			<trkpt lat="39.84622" lon="20.76755">
				<ele>775.19</ele>
				<time>2026-08-06T18:56:32.476Z</time>
			</trkpt>
			<trkpt lat="39.84639" lon="20.76778">
				<ele>776.91</ele>
				<time>2026-08-06T18:56:34.791Z</time>
			</trkpt>
			<trkpt lat="39.84663" lon="20.7683">
				<ele>773.81</ele>
				<time>2026-08-06T18:56:39.176Z</time>
			</trkpt>
			<trkpt lat="39.84683" lon="20.76861">
				<ele>775.56</ele>
				<time>2026-08-06T18:56:42.093Z</time>
			</trkpt>
			<trkpt lat="39.84693" lon="20.76871">
				<ele>775.22</ele>
				<time>2026-08-06T18:56:43.273Z</time>
			</trkpt>
			<trkpt lat="39.84735" lon="20.76898">
				<ele>773.32</ele>
				<time>2026-08-06T18:56:47.647Z</time>
			</trkpt>
			<trkpt lat="39.84751" lon="20.76917">
				<ele>772.13</ele>
				<time>2026-08-06T18:56:49.662Z</time>
			</trkpt>
			<trkpt lat="39.84755" lon="20.76924">
				<ele>772.18</ele>
				<time>2026-08-06T18:56:50.285Z</time>
			</trkpt>
			<trkpt lat="39.84761" lon="20.76942">
				<ele>771.75</ele>
				<time>2026-08-06T18:56:51.684Z</time>
			</trkpt>
			<trkpt lat="39.84763" lon="20.76961">
				<ele>771.27</ele>
				<time>2026-08-06T18:56:53.049Z</time>
			</trkpt>
			<trkpt lat="39.84759" lon="20.76991">
				<ele>769.39</ele>
				<time>2026-08-06T18:56:55.212Z</time>
			</trkpt>
			<trkpt lat="39.8474" lon="20.77073">
				<ele>768.16</ele>
				<time>2026-08-06T18:57:01.268Z</time>
			</trkpt>
			<trkpt lat="39.84739" lon="20.77089">
				<ele>768.15</ele>
				<time>2026-08-06T18:57:02.399Z</time>
			</trkpt>
			<trkpt lat="39.8474" lon="20.77099">
				<ele>767.86</ele>
				<time>2026-08-06T18:57:03.108Z</time>
			</trkpt>
			<trkpt lat="39.84745" lon="20.77115">
				<ele>766.32</ele>
				<time>2026-08-06T18:57:04.322Z</time>
			</trkpt>
			<trkpt lat="39.84758" lon="20.77131">
				<ele>765.81</ele>
				<time>2026-08-06T18:57:05.955Z</time>
			</trkpt>
			<trkpt lat="39.84771" lon="20.77141">
				<ele>766.37</ele>
				<time>2026-08-06T18:57:07.332Z</time>
			</trkpt>
			<trkpt lat="39.84806" lon="20.77157">
				<ele>765.66</ele>
				<time>2026-08-06T18:57:10.703Z</time>
			</trkpt>
			<trkpt lat="39.84819" lon="20.77164">
				<ele>765.22</ele>
				<time>2026-08-06T18:57:11.978Z</time>
			</trkpt>
			<trkpt lat="39.8492" lon="20.77213">
				<ele>760.15</ele>
				<time>2026-08-06T18:57:21.673Z</time>
			</trkpt>
			<trkpt lat="39.8495" lon="20.77231">
				<ele>762.5</ele>
				<time>2026-08-06T18:57:24.617Z</time>
			</trkpt>
			<trkpt lat="39.84981" lon="20.77262">
				<ele>760.8</ele>
				<time>2026-08-06T18:57:28.084Z</time>
			</trkpt>
			<trkpt lat="39.85104" lon="20.7742">
				<ele>756.01</ele>
				<time>2026-08-06T18:57:43.180Z</time>
			</trkpt>
			<trkpt lat="39.85133" lon="20.77453">
				<ele>754.66</ele>
				<time>2026-08-06T18:57:46.492Z</time>
			</trkpt>
			<trkpt lat="39.85165" lon="20.77481">
				<ele>754.15</ele>
				<time>2026-08-06T18:57:49.787Z</time>
			</trkpt>
			<trkpt lat="39.85225" lon="20.77517">
				<ele>754.4</ele>
				<time>2026-08-06T18:57:55.385Z</time>
			</trkpt>
			<trkpt lat="39.85242" lon="20.77525">
				<ele>754.35</ele>
				<time>2026-08-06T18:57:56.906Z</time>
			</trkpt>
			<trkpt lat="39.85259" lon="20.7753">
				<ele>753.03</ele>
				<time>2026-08-06T18:57:58.368Z</time>
			</trkpt>
			<trkpt lat="39.85294" lon="20.77535">
				<ele>747.06</ele>
				<time>2026-08-06T18:58:01.308Z</time>
			</trkpt>
			<trkpt lat="39.85529" lon="20.77498">
				<ele>745.98</ele>
				<time>2026-08-06T18:58:20.574Z</time>
			</trkpt>
			<trkpt lat="39.85547" lon="20.77492">
				<ele>747.07</ele>
				<time>2026-08-06T18:58:22.048Z</time>
			</trkpt>
			<trkpt lat="39.85571" lon="20.77479">
				<ele>747.59</ele>
				<time>2026-08-06T18:58:24.100Z</time>
			</trkpt>
			<trkpt lat="39.85611" lon="20.77445">
				<ele>746.14</ele>
				<time>2026-08-06T18:58:27.841Z</time>
			</trkpt>
			<trkpt lat="39.85629" lon="20.77434">
				<ele>745.37</ele>
				<time>2026-08-06T18:58:29.387Z</time>
			</trkpt>
			<trkpt lat="39.85648" lon="20.77429">
				<ele>745.22</ele>
				<time>2026-08-06T18:58:30.887Z</time>
			</trkpt>
			<trkpt lat="39.85662" lon="20.7743">
				<ele>745.02</ele>
				<time>2026-08-06T18:58:31.968Z</time>
			</trkpt>
			<trkpt lat="39.85676" lon="20.77435">
				<ele>744.65</ele>
				<time>2026-08-06T18:58:33.084Z</time>
			</trkpt>
			<trkpt lat="39.85683" lon="20.77439">
				<ele>744.21</ele>
				<time>2026-08-06T18:58:33.670Z</time>
			</trkpt>
			<trkpt lat="39.85726" lon="20.77479">
				<ele>742.36</ele>
				<time>2026-08-06T18:58:37.691Z</time>
			</trkpt>
			<trkpt lat="39.85737" lon="20.77487">
				<ele>743.33</ele>
				<time>2026-08-06T18:58:38.643Z</time>
			</trkpt>
			<trkpt lat="39.85754" lon="20.77492">
				<ele>743.52</ele>
				<time>2026-08-06T18:58:39.954Z</time>
			</trkpt>
			<trkpt lat="39.85774" lon="20.77487">
				<ele>741.64</ele>
				<time>2026-08-06T18:58:41.479Z</time>
			</trkpt>
			<trkpt lat="39.85786" lon="20.77481">
				<ele>740.73</ele>
				<time>2026-08-06T18:58:42.438Z</time>
			</trkpt>
			<trkpt lat="39.85823" lon="20.77451">
				<ele>740.7</ele>
				<time>2026-08-06T18:58:45.665Z</time>
			</trkpt>
			<trkpt lat="39.85843" lon="20.77444">
				<ele>739.95</ele>
				<time>2026-08-06T18:58:47.186Z</time>
			</trkpt>
			<trkpt lat="39.85857" lon="20.77445">
				<ele>739</ele>
				<time>2026-08-06T18:58:48.211Z</time>
			</trkpt>
			<trkpt lat="39.85866" lon="20.77446">
				<ele>738.05</ele>
				<time>2026-08-06T18:58:48.870Z</time>
			</trkpt>
			<trkpt lat="39.85906" lon="20.77458">
				<ele>740.26</ele>
				<time>2026-08-06T18:58:51.841Z</time>
			</trkpt>
			<trkpt lat="39.85916" lon="20.77459">
				<ele>740.9</ele>
				<time>2026-08-06T18:58:52.562Z</time>
			</trkpt>
			<trkpt lat="39.85928" lon="20.77458">
				<ele>741.12</ele>
				<time>2026-08-06T18:58:53.424Z</time>
			</trkpt>
			<trkpt lat="39.85946" lon="20.77449">
				<ele>739.28</ele>
				<time>2026-08-06T18:58:54.800Z</time>
			</trkpt>
			<trkpt lat="39.86007" lon="20.77405">
				<ele>744.68</ele>
				<time>2026-08-06T18:58:59.715Z</time>
			</trkpt>
			<trkpt lat="39.86022" lon="20.77396">
				<ele>742.97</ele>
				<time>2026-08-06T18:59:00.864Z</time>
			</trkpt>
			<trkpt lat="39.86042" lon="20.77387">
				<ele>739.41</ele>
				<time>2026-08-06T18:59:02.329Z</time>
			</trkpt>
			<trkpt lat="39.86073" lon="20.77377">
				<ele>738.71</ele>
				<time>2026-08-06T18:59:04.522Z</time>
			</trkpt>
			<trkpt lat="39.8608" lon="20.77376">
				<ele>738.61</ele>
				<time>2026-08-06T18:59:05.002Z</time>
			</trkpt>
			<trkpt lat="39.86093" lon="20.7738">
				<ele>738.31</ele>
				<time>2026-08-06T18:59:05.911Z</time>
			</trkpt>
			<trkpt lat="39.86105" lon="20.77391">
				<ele>737.52</ele>
				<time>2026-08-06T18:59:06.905Z</time>
			</trkpt>
			<trkpt lat="39.86116" lon="20.7741">
				<ele>738.13</ele>
				<time>2026-08-06T18:59:08.136Z</time>
			</trkpt>
			<trkpt lat="39.86127" lon="20.77439">
				<ele>751.69</ele>
				<time>2026-08-06T18:59:09.798Z</time>
			</trkpt>
			<trkpt lat="39.86145" lon="20.77465">
				<ele>764.33</ele>
				<time>2026-08-06T18:59:11.582Z</time>
			</trkpt>
			<trkpt lat="39.86161" lon="20.7748">
				<ele>761.32</ele>
				<time>2026-08-06T18:59:12.881Z</time>
			</trkpt>
			<trkpt lat="39.86186" lon="20.77492">
				<ele>750.61</ele>
				<time>2026-08-06T18:59:14.622Z</time>
			</trkpt>
			<trkpt lat="39.86196" lon="20.77494">
				<ele>746.78</ele>
				<time>2026-08-06T18:59:15.280Z</time>
			</trkpt>
			<trkpt lat="39.86238" lon="20.77493">
				<ele>737.67</ele>
				<time>2026-08-06T18:59:17.984Z</time>
			</trkpt>
			<trkpt lat="39.86261" lon="20.77487">
				<ele>733.32</ele>
				<time>2026-08-06T18:59:19.477Z</time>
			</trkpt>
			<trkpt lat="39.86276" lon="20.77486">
				<ele>731.15</ele>
				<time>2026-08-06T18:59:20.427Z</time>
			</trkpt>
			<trkpt lat="39.86281" lon="20.77492">
				<ele>731.86</ele>
				<time>2026-08-06T18:59:20.855Z</time>
			</trkpt>
			<trkpt lat="39.86291" lon="20.77499">
				<ele>733.83</ele>
				<time>2026-08-06T18:59:21.567Z</time>
			</trkpt>
			<trkpt lat="39.86351" lon="20.7756">
				<ele>736.22</ele>
				<time>2026-08-06T18:59:26.268Z</time>
			</trkpt>
			<trkpt lat="39.86374" lon="20.77576">
				<ele>740.41</ele>
				<time>2026-08-06T18:59:27.847Z</time>
			</trkpt>
			<trkpt lat="39.86421" lon="20.77624">
				<ele>746.02</ele>
				<time>2026-08-06T18:59:31.403Z</time>
			</trkpt>
			<trkpt lat="39.86435" lon="20.77634">
				<ele>745.57</ele>
				<time>2026-08-06T18:59:32.340Z</time>
			</trkpt>
			<trkpt lat="39.8645" lon="20.7764">
				<ele>745.1</ele>
				<time>2026-08-06T18:59:33.254Z</time>
			</trkpt>
			<trkpt lat="39.86467" lon="20.77641">
				<ele>745.18</ele>
				<time>2026-08-06T18:59:34.239Z</time>
			</trkpt>
			<trkpt lat="39.86489" lon="20.77636">
				<ele>746.54</ele>
				<time>2026-08-06T18:59:35.521Z</time>
			</trkpt>
			<trkpt lat="39.86502" lon="20.77628">
				<ele>747.16</ele>
				<time>2026-08-06T18:59:36.339Z</time>
			</trkpt>
			<trkpt lat="39.86544" lon="20.77598">
				<ele>746.03</ele>
				<time>2026-08-06T18:59:39.016Z</time>
			</trkpt>
			<trkpt lat="39.86554" lon="20.77592">
				<ele>745.95</ele>
				<time>2026-08-06T18:59:39.617Z</time>
			</trkpt>
			<trkpt lat="39.86572" lon="20.77587">
				<ele>747.14</ele>
				<time>2026-08-06T18:59:40.612Z</time>
			</trkpt>
			<trkpt lat="39.86592" lon="20.77583">
				<ele>749.33</ele>
				<time>2026-08-06T18:59:41.691Z</time>
			</trkpt>
			<trkpt lat="39.86602" lon="20.77585">
				<ele>750.88</ele>
				<time>2026-08-06T18:59:42.224Z</time>
			</trkpt>
			<trkpt lat="39.86622" lon="20.77592">
				<ele>754.65</ele>
				<time>2026-08-06T18:59:43.305Z</time>
			</trkpt>
			<trkpt lat="39.86628" lon="20.77595">
				<ele>755.82</ele>
				<time>2026-08-06T18:59:43.637Z</time>
			</trkpt>
			<trkpt lat="39.86636" lon="20.77604">
				<ele>756.86</ele>
				<time>2026-08-06T18:59:44.180Z</time>
			</trkpt>
			<trkpt lat="39.86645" lon="20.77624">
				<ele>757.85</ele>
				<time>2026-08-06T18:59:45.086Z</time>
			</trkpt>
			<trkpt lat="39.86644" lon="20.7765">
				<ele>757.16</ele>
				<time>2026-08-06T18:59:46.090Z</time>
			</trkpt>
			<trkpt lat="39.86643" lon="20.77658">
				<ele>757.18</ele>
				<time>2026-08-06T18:59:46.401Z</time>
			</trkpt>
			<trkpt lat="39.86635" lon="20.77673">
				<ele>757.77</ele>
				<time>2026-08-06T18:59:47.095Z</time>
			</trkpt>
			<trkpt lat="39.86633" lon="20.7768">
				<ele>758.71</ele>
				<time>2026-08-06T18:59:47.377Z</time>
			</trkpt>
			<trkpt lat="39.86634" lon="20.77689">
				<ele>760</ele>
				<time>2026-08-06T18:59:47.720Z</time>
			</trkpt>
			<trkpt lat="39.86643" lon="20.77695">
				<ele>761.59</ele>
				<time>2026-08-06T18:59:48.213Z</time>
			</trkpt>
			<trkpt lat="39.86671" lon="20.77694">
				<ele>765.34</ele>
				<time>2026-08-06T18:59:49.564Z</time>
			</trkpt>
			<trkpt lat="39.8668" lon="20.77688">
				<ele>767.52</ele>
				<time>2026-08-06T18:59:50.047Z</time>
			</trkpt>
			<trkpt lat="39.86687" lon="20.77675">
				<ele>768.61</ele>
				<time>2026-08-06T18:59:50.625Z</time>
			</trkpt>
			<trkpt lat="39.86689" lon="20.7766">
				<ele>768.82</ele>
				<time>2026-08-06T18:59:51.176Z</time>
			</trkpt>
			<trkpt lat="39.8668" lon="20.7762">
				<ele>768.5</ele>
				<time>2026-08-06T18:59:52.667Z</time>
			</trkpt>
			<trkpt lat="39.86678" lon="20.776">
				<ele>768.66</ele>
				<time>2026-08-06T18:59:53.379Z</time>
			</trkpt>
			<trkpt lat="39.86678" lon="20.77589">
				<ele>769.12</ele>
				<time>2026-08-06T18:59:53.766Z</time>
			</trkpt>
			<trkpt lat="39.86681" lon="20.77575">
				<ele>769.86</ele>
				<time>2026-08-06T18:59:54.275Z</time>
			</trkpt>
			<trkpt lat="39.86693" lon="20.77547">
				<ele>771.82</ele>
				<time>2026-08-06T18:59:55.388Z</time>
			</trkpt>
			<trkpt lat="39.86702" lon="20.7753">
				<ele>772.72</ele>
				<time>2026-08-06T18:59:56.100Z</time>
			</trkpt>
			<trkpt lat="39.86744" lon="20.77469">
				<ele>778.96</ele>
				<time>2026-08-06T18:59:58.881Z</time>
			</trkpt>
			<trkpt lat="39.86754" lon="20.77448">
				<ele>781.29</ele>
				<time>2026-08-06T18:59:59.709Z</time>
			</trkpt>
			<trkpt lat="39.86759" lon="20.77433">
				<ele>782.32</ele>
				<time>2026-08-06T19:00:00.255Z</time>
			</trkpt>
			<trkpt lat="39.8676" lon="20.77419">
				<ele>782.46</ele>
				<time>2026-08-06T19:00:00.722Z</time>
			</trkpt>
			<trkpt lat="39.86754" lon="20.7735">
				<ele>785.52</ele>
				<time>2026-08-06T19:00:03.016Z</time>
			</trkpt>
			<trkpt lat="39.86755" lon="20.77332">
				<ele>785.3</ele>
				<time>2026-08-06T19:00:03.609Z</time>
			</trkpt>
			<trkpt lat="39.86758" lon="20.77314">
				<ele>782.93</ele>
				<time>2026-08-06T19:00:04.213Z</time>
			</trkpt>
			<trkpt lat="39.86862" lon="20.77081">
				<ele>801.96</ele>
				<time>2026-08-06T19:00:13.043Z</time>
			</trkpt>
			<trkpt lat="39.86888" lon="20.77015">
				<ele>808.63</ele>
				<time>2026-08-06T19:00:15.519Z</time>
			</trkpt>
			<trkpt lat="39.86896" lon="20.76984">
				<ele>810.69</ele>
				<time>2026-08-06T19:00:16.623Z</time>
			</trkpt>
			<trkpt lat="39.86901" lon="20.76955">
				<ele>810.63</ele>
				<time>2026-08-06T19:00:17.635Z</time>
			</trkpt>
			<trkpt lat="39.86912" lon="20.7686">
				<ele>817.11</ele>
				<time>2026-08-06T19:00:20.970Z</time>
			</trkpt>
			<trkpt lat="39.86931" lon="20.76739">
				<ele>822.07</ele>
				<time>2026-08-06T19:00:25.338Z</time>
			</trkpt>
			<trkpt lat="39.86937" lon="20.76711">
				<ele>821</ele>
				<time>2026-08-06T19:00:26.367Z</time>
			</trkpt>
			<trkpt lat="39.86949" lon="20.76677">
				<ele>819.69</ele>
				<time>2026-08-06T19:00:27.691Z</time>
			</trkpt>
			<trkpt lat="39.8696" lon="20.76658">
				<ele>819.7</ele>
				<time>2026-08-06T19:00:28.533Z</time>
			</trkpt>
			<trkpt lat="39.86976" lon="20.76642">
				<ele>821.37</ele>
				<time>2026-08-06T19:00:29.462Z</time>
			</trkpt>
			<trkpt lat="39.86994" lon="20.76632">
				<ele>825.12</ele>
				<time>2026-08-06T19:00:30.364Z</time>
			</trkpt>
			<trkpt lat="39.87068" lon="20.76616">
				<ele>832.56</ele>
				<time>2026-08-06T19:00:33.822Z</time>
			</trkpt>
			<trkpt lat="39.87087" lon="20.76615">
				<ele>833.21</ele>
				<time>2026-08-06T19:00:34.698Z</time>
			</trkpt>
			<trkpt lat="39.87115" lon="20.7662">
				<ele>837.8</ele>
				<time>2026-08-06T19:00:36.001Z</time>
			</trkpt>
			<trkpt lat="39.8713" lon="20.76629">
				<ele>841.83</ele>
				<time>2026-08-06T19:00:36.762Z</time>
			</trkpt>
			<trkpt lat="39.87138" lon="20.76636">
				<ele>843.71</ele>
				<time>2026-08-06T19:00:37.206Z</time>
			</trkpt>
			<trkpt lat="39.8715" lon="20.76658">
				<ele>844.68</ele>
				<time>2026-08-06T19:00:38.161Z</time>
			</trkpt>
			<trkpt lat="39.87154" lon="20.76671">
				<ele>845.07</ele>
				<time>2026-08-06T19:00:38.657Z</time>
			</trkpt>
			<trkpt lat="39.87158" lon="20.76687">
				<ele>845.57</ele>
				<time>2026-08-06T19:00:39.252Z</time>
			</trkpt>
			<trkpt lat="39.8716" lon="20.76718">
				<ele>846.95</ele>
				<time>2026-08-06T19:00:40.352Z</time>
			</trkpt>
			<trkpt lat="39.87126" lon="20.76982">
				<ele>856.9</ele>
				<time>2026-08-06T19:00:49.823Z</time>
			</trkpt>
			<trkpt lat="39.87125" lon="20.77002">
				<ele>859.65</ele>
				<time>2026-08-06T19:00:50.532Z</time>
			</trkpt>
			<trkpt lat="39.87126" lon="20.7702">
				<ele>861.04</ele>
				<time>2026-08-06T19:00:51.171Z</time>
			</trkpt>
			<trkpt lat="39.87131" lon="20.77038">
				<ele>862.9</ele>
				<time>2026-08-06T19:00:51.848Z</time>
			</trkpt>
			<trkpt lat="39.87138" lon="20.77048">
				<ele>864.96</ele>
				<time>2026-08-06T19:00:52.327Z</time>
			</trkpt>
			<trkpt lat="39.8715" lon="20.77055">
				<ele>867.2</ele>
				<time>2026-08-06T19:00:52.933Z</time>
			</trkpt>
			<trkpt lat="39.87159" lon="20.77054">
				<ele>868.14</ele>
				<time>2026-08-06T19:00:53.350Z</time>
			</trkpt>
			<trkpt lat="39.87177" lon="20.77047">
				<ele>870.04</ele>
				<time>2026-08-06T19:00:54.216Z</time>
			</trkpt>
			<trkpt lat="39.87244" lon="20.77004">
				<ele>878.69</ele>
				<time>2026-08-06T19:00:57.659Z</time>
			</trkpt>
			<trkpt lat="39.8727" lon="20.76982">
				<ele>882.6</ele>
				<time>2026-08-06T19:00:59.088Z</time>
			</trkpt>
			<trkpt lat="39.87296" lon="20.76963">
				<ele>885.07</ele>
				<time>2026-08-06T19:01:00.462Z</time>
			</trkpt>
			<trkpt lat="39.87312" lon="20.76955">
				<ele>885.36</ele>
				<time>2026-08-06T19:01:01.253Z</time>
			</trkpt>
			<trkpt lat="39.87334" lon="20.76948">
				<ele>884.99</ele>
				<time>2026-08-06T19:01:02.297Z</time>
			</trkpt>
			<trkpt lat="39.87349" lon="20.76947">
				<ele>885.33</ele>
				<time>2026-08-06T19:01:02.989Z</time>
			</trkpt>
			<trkpt lat="39.87362" lon="20.76951">
				<ele>886.32</ele>
				<time>2026-08-06T19:01:03.605Z</time>
			</trkpt>
			<trkpt lat="39.87382" lon="20.76964">
				<ele>886.3</ele>
				<time>2026-08-06T19:01:04.636Z</time>
			</trkpt>
			<trkpt lat="39.87388" lon="20.76971">
				<ele>886.87</ele>
				<time>2026-08-06T19:01:05.007Z</time>
			</trkpt>
			<trkpt lat="39.87398" lon="20.76988">
				<ele>886.14</ele>
				<time>2026-08-06T19:01:05.765Z</time>
			</trkpt>
			<trkpt lat="39.8742" lon="20.77042">
				<ele>885.03</ele>
				<time>2026-08-06T19:01:07.928Z</time>
			</trkpt>
			<trkpt lat="39.87545" lon="20.77318">
				<ele>904.04</ele>
				<time>2026-08-06T19:01:19.269Z</time>
			</trkpt>
			<trkpt lat="39.87558" lon="20.77353">
				<ele>903.81</ele>
				<time>2026-08-06T19:01:20.645Z</time>
			</trkpt>
			<trkpt lat="39.87571" lon="20.77414">
				<ele>910.04</ele>
				<time>2026-08-06T19:01:22.885Z</time>
			</trkpt>
			<trkpt lat="39.87578" lon="20.77436">
				<ele>912.91</ele>
				<time>2026-08-06T19:01:23.728Z</time>
			</trkpt>
			<trkpt lat="39.87582" lon="20.77443">
				<ele>913.69</ele>
				<time>2026-08-06T19:01:24.037Z</time>
			</trkpt>
			<trkpt lat="39.8759" lon="20.77451">
				<ele>915.2</ele>
				<time>2026-08-06T19:01:24.502Z</time>
			</trkpt>
			<trkpt lat="39.87603" lon="20.77453">
				<ele>915.65</ele>
				<time>2026-08-06T19:01:25.106Z</time>
			</trkpt>
			<trkpt lat="39.87613" lon="20.7745">
				<ele>915.88</ele>
				<time>2026-08-06T19:01:25.579Z</time>
			</trkpt>
			<trkpt lat="39.87622" lon="20.77443">
				<ele>917.05</ele>
				<time>2026-08-06T19:01:26.062Z</time>
			</trkpt>
			<trkpt lat="39.87646" lon="20.77397">
				<ele>917.75</ele>
				<time>2026-08-06T19:01:28.031Z</time>
			</trkpt>
			<trkpt lat="39.87656" lon="20.77385">
				<ele>918.36</ele>
				<time>2026-08-06T19:01:28.658Z</time>
			</trkpt>
			<trkpt lat="39.87674" lon="20.77372">
				<ele>919.88</ele>
				<time>2026-08-06T19:01:29.607Z</time>
			</trkpt>
			<trkpt lat="39.87701" lon="20.77361">
				<ele>922.98</ele>
				<time>2026-08-06T19:01:30.911Z</time>
			</trkpt>
			<trkpt lat="39.87709" lon="20.77353">
				<ele>924.71</ele>
				<time>2026-08-06T19:01:31.376Z</time>
			</trkpt>
			<trkpt lat="39.87714" lon="20.77342">
				<ele>925.66</ele>
				<time>2026-08-06T19:01:31.829Z</time>
			</trkpt>
			<trkpt lat="39.87715" lon="20.77325">
				<ele>926.21</ele>
				<time>2026-08-06T19:01:32.432Z</time>
			</trkpt>
			<trkpt lat="39.87713" lon="20.77315">
				<ele>926.55</ele>
				<time>2026-08-06T19:01:32.798Z</time>
			</trkpt>
			<trkpt lat="39.87686" lon="20.7724">
				<ele>927.53</ele>
				<time>2026-08-06T19:01:35.730Z</time>
			</trkpt>
			<trkpt lat="39.87677" lon="20.77208">
				<ele>929.1</ele>
				<time>2026-08-06T19:01:36.936Z</time>
			</trkpt>
			<trkpt lat="39.87674" lon="20.77175">
				<ele>930.22</ele>
				<time>2026-08-06T19:01:38.112Z</time>
			</trkpt>
			<trkpt lat="39.87679" lon="20.77109">
				<ele>934.25</ele>
				<time>2026-08-06T19:01:40.460Z</time>
			</trkpt>
			<trkpt lat="39.87677" lon="20.77087">
				<ele>935.3</ele>
				<time>2026-08-06T19:01:41.244Z</time>
			</trkpt>
			<trkpt lat="39.87672" lon="20.77068">
				<ele>935.08</ele>
				<time>2026-08-06T19:01:41.955Z</time>
			</trkpt>
			<trkpt lat="39.87656" lon="20.77027">
				<ele>932.22</ele>
				<time>2026-08-06T19:01:43.583Z</time>
			</trkpt>
			<trkpt lat="39.87654" lon="20.77017">
				<ele>930.43</ele>
				<time>2026-08-06T19:01:43.949Z</time>
			</trkpt>
			<trkpt lat="39.87655" lon="20.77007">
				<ele>929.52</ele>
				<time>2026-08-06T19:01:44.305Z</time>
			</trkpt>
			<trkpt lat="39.87658" lon="20.76998">
				<ele>929.27</ele>
				<time>2026-08-06T19:01:44.653Z</time>
			</trkpt>
			<trkpt lat="39.87667" lon="20.76988">
				<ele>929.48</ele>
				<time>2026-08-06T19:01:45.198Z</time>
			</trkpt>
			<trkpt lat="39.87678" lon="20.76985">
				<ele>929.16</ele>
				<time>2026-08-06T19:01:45.717Z</time>
			</trkpt>
			<trkpt lat="39.87685" lon="20.76986">
				<ele>929.91</ele>
				<time>2026-08-06T19:01:46.041Z</time>
			</trkpt>
			<trkpt lat="39.87692" lon="20.76991">
				<ele>931.54</ele>
				<time>2026-08-06T19:01:46.410Z</time>
			</trkpt>
			<trkpt lat="39.87761" lon="20.77075">
				<ele>946.59</ele>
				<time>2026-08-06T19:01:50.765Z</time>
			</trkpt>
			<trkpt lat="39.87769" lon="20.77091">
				<ele>948.43</ele>
				<time>2026-08-06T19:01:51.441Z</time>
			</trkpt>
			<trkpt lat="39.87771" lon="20.77099">
				<ele>948.6</ele>
				<time>2026-08-06T19:01:51.739Z</time>
			</trkpt>
			<trkpt lat="39.87775" lon="20.77117">
				<ele>948.18</ele>
				<time>2026-08-06T19:01:52.402Z</time>
			</trkpt>
			<trkpt lat="39.8778" lon="20.77194">
				<ele>947.25</ele>
				<time>2026-08-06T19:01:55.138Z</time>
			</trkpt>
			<trkpt lat="39.87784" lon="20.77221">
				<ele>947.46</ele>
				<time>2026-08-06T19:01:56.111Z</time>
			</trkpt>
			<trkpt lat="39.87797" lon="20.77259">
				<ele>952.66</ele>
				<time>2026-08-06T19:01:57.584Z</time>
			</trkpt>
			<trkpt lat="39.8783" lon="20.77339">
				<ele>958.77</ele>
				<time>2026-08-06T19:02:00.799Z</time>
			</trkpt>
			<trkpt lat="39.87835" lon="20.77356">
				<ele>959.35</ele>
				<time>2026-08-06T19:02:01.443Z</time>
			</trkpt>
			<trkpt lat="39.87836" lon="20.77377">
				<ele>958.65</ele>
				<time>2026-08-06T19:02:02.188Z</time>
			</trkpt>
			<trkpt lat="39.87835" lon="20.77389">
				<ele>959.06</ele>
				<time>2026-08-06T19:02:02.615Z</time>
			</trkpt>
			<trkpt lat="39.87818" lon="20.77479">
				<ele>965.29</ele>
				<time>2026-08-06T19:02:05.897Z</time>
			</trkpt>
			<trkpt lat="39.87818" lon="20.77489">
				<ele>967.6</ele>
				<time>2026-08-06T19:02:06.251Z</time>
			</trkpt>
			<trkpt lat="39.8782" lon="20.77506">
				<ele>971.87</ele>
				<time>2026-08-06T19:02:06.859Z</time>
			</trkpt>
			<trkpt lat="39.87826" lon="20.77518">
				<ele>975.11</ele>
				<time>2026-08-06T19:02:07.367Z</time>
			</trkpt>
			<trkpt lat="39.87837" lon="20.77527">
				<ele>975.22</ele>
				<time>2026-08-06T19:02:07.966Z</time>
			</trkpt>
			<trkpt lat="39.87861" lon="20.77542">
				<ele>969.1</ele>
				<time>2026-08-06T19:02:09.194Z</time>
			</trkpt>
			<trkpt lat="39.87871" lon="20.77556">
				<ele>965.54</ele>
				<time>2026-08-06T19:02:09.871Z</time>
			</trkpt>
			<trkpt lat="39.87874" lon="20.77576">
				<ele>965.48</ele>
				<time>2026-08-06T19:02:10.592Z</time>
			</trkpt>
			<trkpt lat="39.87874" lon="20.77629">
				<ele>968.99</ele>
				<time>2026-08-06T19:02:12.469Z</time>
			</trkpt>
			<trkpt lat="39.87868" lon="20.77679">
				<ele>974.9</ele>
				<time>2026-08-06T19:02:14.260Z</time>
			</trkpt>
			<trkpt lat="39.87869" lon="20.77689">
				<ele>975.93</ele>
				<time>2026-08-06T19:02:14.617Z</time>
			</trkpt>
			<trkpt lat="39.87872" lon="20.77699">
				<ele>977.42</ele>
				<time>2026-08-06T19:02:14.997Z</time>
			</trkpt>
			<trkpt lat="39.87878" lon="20.77706">
				<ele>978.89</ele>
				<time>2026-08-06T19:02:15.369Z</time>
			</trkpt>
			<trkpt lat="39.87885" lon="20.77711">
				<ele>979.18</ele>
				<time>2026-08-06T19:02:15.737Z</time>
			</trkpt>
			<trkpt lat="39.87925" lon="20.77717">
				<ele>978.6</ele>
				<time>2026-08-06T19:02:17.595Z</time>
			</trkpt>
			<trkpt lat="39.87934" lon="20.7772">
				<ele>978.97</ele>
				<time>2026-08-06T19:02:18.023Z</time>
			</trkpt>
			<trkpt lat="39.8795" lon="20.7773">
				<ele>980.89</ele>
				<time>2026-08-06T19:02:18.842Z</time>
			</trkpt>
			<trkpt lat="39.87969" lon="20.7775">
				<ele>985.23</ele>
				<time>2026-08-06T19:02:19.969Z</time>
			</trkpt>
			<trkpt lat="39.88041" lon="20.77844">
				<ele>990.55</ele>
				<time>2026-08-06T19:02:24.671Z</time>
			</trkpt>
			<trkpt lat="39.88054" lon="20.77855">
				<ele>989.2</ele>
				<time>2026-08-06T19:02:25.386Z</time>
			</trkpt>
			<trkpt lat="39.88061" lon="20.77858">
				<ele>989.44</ele>
				<time>2026-08-06T19:02:25.726Z</time>
			</trkpt>
			<trkpt lat="39.88076" lon="20.77861">
				<ele>990.06</ele>
				<time>2026-08-06T19:02:26.427Z</time>
			</trkpt>
			<trkpt lat="39.88135" lon="20.77864">
				<ele>993.49</ele>
				<time>2026-08-06T19:02:29.151Z</time>
			</trkpt>
			<trkpt lat="39.88142" lon="20.77867">
				<ele>993.35</ele>
				<time>2026-08-06T19:02:29.491Z</time>
			</trkpt>
			<trkpt lat="39.88147" lon="20.77872">
				<ele>993.34</ele>
				<time>2026-08-06T19:02:29.782Z</time>
			</trkpt>
			<trkpt lat="39.88152" lon="20.7788">
				<ele>994.11</ele>
				<time>2026-08-06T19:02:30.147Z</time>
			</trkpt>
			<trkpt lat="39.88153" lon="20.77889">
				<ele>995.4</ele>
				<time>2026-08-06T19:02:30.469Z</time>
			</trkpt>
			<trkpt lat="39.88153" lon="20.77898">
				<ele>995.78</ele>
				<time>2026-08-06T19:02:30.788Z</time>
			</trkpt>
			<trkpt lat="39.8815" lon="20.77907">
				<ele>996.38</ele>
				<time>2026-08-06T19:02:31.135Z</time>
			</trkpt>
			<trkpt lat="39.88146" lon="20.77914">
				<ele>997.14</ele>
				<time>2026-08-06T19:02:31.444Z</time>
			</trkpt>
			<trkpt lat="39.88139" lon="20.77919">
				<ele>998.23</ele>
				<time>2026-08-06T19:02:31.812Z</time>
			</trkpt>
			<trkpt lat="39.88132" lon="20.7792">
				<ele>998.85</ele>
				<time>2026-08-06T19:02:32.137Z</time>
			</trkpt>
			<trkpt lat="39.88125" lon="20.77919">
				<ele>998.93</ele>
				<time>2026-08-06T19:02:32.462Z</time>
			</trkpt>
			<trkpt lat="39.88049" lon="20.77889">
				<ele>999.5</ele>
				<time>2026-08-06T19:02:36.127Z</time>
			</trkpt>
			<trkpt lat="39.88036" lon="20.77882">
				<ele>1000.67</ele>
				<time>2026-08-06T19:02:36.776Z</time>
			</trkpt>
			<trkpt lat="39.88025" lon="20.77875">
				<ele>1001.92</ele>
				<time>2026-08-06T19:02:37.340Z</time>
			</trkpt>
			<trkpt lat="39.87988" lon="20.77837">
				<ele>1004.15</ele>
				<time>2026-08-06T19:02:39.514Z</time>
			</trkpt>
			<trkpt lat="39.87975" lon="20.77826">
				<ele>1003.55</ele>
				<time>2026-08-06T19:02:40.230Z</time>
			</trkpt>
			<trkpt lat="39.87962" lon="20.77818">
				<ele>1004.28</ele>
				<time>2026-08-06T19:02:40.893Z</time>
			</trkpt>
			<trkpt lat="39.87948" lon="20.77814">
				<ele>1006.45</ele>
				<time>2026-08-06T19:02:41.554Z</time>
			</trkpt>
			<trkpt lat="39.8793" lon="20.77816">
				<ele>1008.42</ele>
				<time>2026-08-06T19:02:42.388Z</time>
			</trkpt>
			<trkpt lat="39.87919" lon="20.7782">
				<ele>1010.13</ele>
				<time>2026-08-06T19:02:42.915Z</time>
			</trkpt>
			<trkpt lat="39.87824" lon="20.77873">
				<ele>1014.56</ele>
				<time>2026-08-06T19:02:47.684Z</time>
			</trkpt>
			<trkpt lat="39.87813" lon="20.77875">
				<ele>1015.28</ele>
				<time>2026-08-06T19:02:48.196Z</time>
			</trkpt>
			<trkpt lat="39.87802" lon="20.77869">
				<ele>1015.68</ele>
				<time>2026-08-06T19:02:48.747Z</time>
			</trkpt>
			<trkpt lat="39.87794" lon="20.77857">
				<ele>1016.45</ele>
				<time>2026-08-06T19:02:49.310Z</time>
			</trkpt>
			<trkpt lat="39.87778" lon="20.77806">
				<ele>1016.66</ele>
				<time>2026-08-06T19:02:51.261Z</time>
			</trkpt>
			<trkpt lat="39.87769" lon="20.77791">
				<ele>1018.55</ele>
				<time>2026-08-06T19:02:51.935Z</time>
			</trkpt>
			<trkpt lat="39.8776" lon="20.77782">
				<ele>1020.96</ele>
				<time>2026-08-06T19:02:52.459Z</time>
			</trkpt>
			<trkpt lat="39.87753" lon="20.77778">
				<ele>1022.84</ele>
				<time>2026-08-06T19:02:52.812Z</time>
			</trkpt>
			<trkpt lat="39.87742" lon="20.77775">
				<ele>1022.92</ele>
				<time>2026-08-06T19:02:53.330Z</time>
			</trkpt>
			<trkpt lat="39.87734" lon="20.77776">
				<ele>1022.21</ele>
				<time>2026-08-06T19:02:53.701Z</time>
			</trkpt>
			<trkpt lat="39.8772" lon="20.77789">
				<ele>1023.01</ele>
				<time>2026-08-06T19:02:54.494Z</time>
			</trkpt>
			<trkpt lat="39.87688" lon="20.77833">
				<ele>1027.18</ele>
				<time>2026-08-06T19:02:56.641Z</time>
			</trkpt>
			<trkpt lat="39.8768" lon="20.77851">
				<ele>1029.25</ele>
				<time>2026-08-06T19:02:57.378Z</time>
			</trkpt>
			<trkpt lat="39.87679" lon="20.77859">
				<ele>1030.61</ele>
				<time>2026-08-06T19:02:57.665Z</time>
			</trkpt>
			<trkpt lat="39.8768" lon="20.77878">
				<ele>1031.93</ele>
				<time>2026-08-06T19:02:58.340Z</time>
			</trkpt>
			<trkpt lat="39.87686" lon="20.77895">
				<ele>1032.72</ele>
				<time>2026-08-06T19:02:59.003Z</time>
			</trkpt>
			<trkpt lat="39.8769" lon="20.77904">
				<ele>1033.2</ele>
				<time>2026-08-06T19:02:59.371Z</time>
			</trkpt>
			<trkpt lat="39.87709" lon="20.77925">
				<ele>1036.17</ele>
				<time>2026-08-06T19:03:00.521Z</time>
			</trkpt>
			<trkpt lat="39.87723" lon="20.77935">
				<ele>1037.64</ele>
				<time>2026-08-06T19:03:01.258Z</time>
			</trkpt>
			<trkpt lat="39.8777" lon="20.77958">
				<ele>1036.11</ele>
				<time>2026-08-06T19:03:03.575Z</time>
			</trkpt>
			<trkpt lat="39.87788" lon="20.77972">
				<ele>1035.77</ele>
				<time>2026-08-06T19:03:04.542Z</time>
			</trkpt>
			<trkpt lat="39.87822" lon="20.78007">
				<ele>1042.68</ele>
				<time>2026-08-06T19:03:06.542Z</time>
			</trkpt>
			<trkpt lat="39.8788" lon="20.78052">
				<ele>1052.84</ele>
				<time>2026-08-06T19:03:09.658Z</time>
			</trkpt>
			<trkpt lat="39.87893" lon="20.78069">
				<ele>1052.97</ele>
				<time>2026-08-06T19:03:10.508Z</time>
			</trkpt>
			<trkpt lat="39.87901" lon="20.78092">
				<ele>1053.53</ele>
				<time>2026-08-06T19:03:11.402Z</time>
			</trkpt>
			<trkpt lat="39.87931" lon="20.7819">
				<ele>1056.2</ele>
				<time>2026-08-06T19:03:15.140Z</time>
			</trkpt>
			<trkpt lat="39.8794" lon="20.78208">
				<ele>1055.79</ele>
				<time>2026-08-06T19:03:15.901Z</time>
			</trkpt>
			<trkpt lat="39.87948" lon="20.78214">
				<ele>1055.95</ele>
				<time>2026-08-06T19:03:16.327Z</time>
			</trkpt>
			<trkpt lat="39.87958" lon="20.78218">
				<ele>1056.73</ele>
				<time>2026-08-06T19:03:16.810Z</time>
			</trkpt>
			<trkpt lat="39.88022" lon="20.78218">
				<ele>1064.76</ele>
				<time>2026-08-06T19:03:19.764Z</time>
			</trkpt>
			<trkpt lat="39.88032" lon="20.7822">
				<ele>1066.13</ele>
				<time>2026-08-06T19:03:20.231Z</time>
			</trkpt>
			<trkpt lat="39.88042" lon="20.78224">
				<ele>1067.11</ele>
				<time>2026-08-06T19:03:20.714Z</time>
			</trkpt>
			<trkpt lat="39.88053" lon="20.78237">
				<ele>1066.62</ele>
				<time>2026-08-06T19:03:21.399Z</time>
			</trkpt>
			<trkpt lat="39.88064" lon="20.78264">
				<ele>1065.62</ele>
				<time>2026-08-06T19:03:22.482Z</time>
			</trkpt>
			<trkpt lat="39.88078" lon="20.78286">
				<ele>1069.35</ele>
				<time>2026-08-06T19:03:23.494Z</time>
			</trkpt>
			<trkpt lat="39.88085" lon="20.78295">
				<ele>1071.95</ele>
				<time>2026-08-06T19:03:23.948Z</time>
			</trkpt>
			<trkpt lat="39.88141" lon="20.78345">
				<ele>1075.8</ele>
				<time>2026-08-06T19:03:27.082Z</time>
			</trkpt>
			<trkpt lat="39.88152" lon="20.78356">
				<ele>1075.88</ele>
				<time>2026-08-06T19:03:27.722Z</time>
			</trkpt>
			<trkpt lat="39.88159" lon="20.78368">
				<ele>1075.22</ele>
				<time>2026-08-06T19:03:28.256Z</time>
			</trkpt>
			<trkpt lat="39.88167" lon="20.78386">
				<ele>1073.04</ele>
				<time>2026-08-06T19:03:28.993Z</time>
			</trkpt>
			<trkpt lat="39.88178" lon="20.78419">
				<ele>1074.71</ele>
				<time>2026-08-06T19:03:30.268Z</time>
			</trkpt>
			<trkpt lat="39.88194" lon="20.78477">
				<ele>1077.27</ele>
				<time>2026-08-06T19:03:32.451Z</time>
			</trkpt>
			<trkpt lat="39.88201" lon="20.78492">
				<ele>1077.38</ele>
				<time>2026-08-06T19:03:33.073Z</time>
			</trkpt>
			<trkpt lat="39.8821" lon="20.78503">
				<ele>1078</ele>
				<time>2026-08-06T19:03:33.643Z</time>
			</trkpt>
			<trkpt lat="39.88224" lon="20.78513">
				<ele>1079.39</ele>
				<time>2026-08-06T19:03:34.380Z</time>
			</trkpt>
			<trkpt lat="39.88283" lon="20.78541">
				<ele>1082.7</ele>
				<time>2026-08-06T19:03:37.279Z</time>
			</trkpt>
			<trkpt lat="39.88303" lon="20.78554">
				<ele>1083.81</ele>
				<time>2026-08-06T19:03:38.310Z</time>
			</trkpt>
			<trkpt lat="39.88322" lon="20.78573">
				<ele>1086.46</ele>
				<time>2026-08-06T19:03:39.416Z</time>
			</trkpt>
			<trkpt lat="39.88335" lon="20.7859">
				<ele>1088.58</ele>
				<time>2026-08-06T19:03:40.266Z</time>
			</trkpt>
			<trkpt lat="39.8835" lon="20.78622">
				<ele>1093.18</ele>
				<time>2026-08-06T19:03:41.595Z</time>
			</trkpt>
			<trkpt lat="39.8837" lon="20.78694">
				<ele>1095.61</ele>
				<time>2026-08-06T19:03:44.308Z</time>
			</trkpt>
			<trkpt lat="39.8838" lon="20.78713">
				<ele>1095.8</ele>
				<time>2026-08-06T19:03:45.124Z</time>
			</trkpt>
			<trkpt lat="39.88389" lon="20.78722">
				<ele>1096.98</ele>
				<time>2026-08-06T19:03:45.648Z</time>
			</trkpt>
			<trkpt lat="39.88398" lon="20.78724">
				<ele>1096.5</ele>
				<time>2026-08-06T19:03:46.069Z</time>
			</trkpt>
			<trkpt lat="39.88406" lon="20.78721">
				<ele>1096.41</ele>
				<time>2026-08-06T19:03:46.454Z</time>
			</trkpt>
			<trkpt lat="39.88412" lon="20.78715">
				<ele>1096.81</ele>
				<time>2026-08-06T19:03:46.803Z</time>
			</trkpt>
			<trkpt lat="39.88417" lon="20.78701">
				<ele>1098.04</ele>
				<time>2026-08-06T19:03:47.350Z</time>
			</trkpt>
			<trkpt lat="39.88428" lon="20.78607">
				<ele>1108.38</ele>
				<time>2026-08-06T19:03:50.719Z</time>
			</trkpt>
			<trkpt lat="39.88432" lon="20.7858">
				<ele>1110.57</ele>
				<time>2026-08-06T19:03:51.693Z</time>
			</trkpt>
			<trkpt lat="39.88435" lon="20.78572">
				<ele>1109.45</ele>
				<time>2026-08-06T19:03:52.009Z</time>
			</trkpt>
			<trkpt lat="39.88443" lon="20.78559">
				<ele>1107.46</ele>
				<time>2026-08-06T19:03:52.599Z</time>
			</trkpt>
			<trkpt lat="39.88452" lon="20.7855">
				<ele>1106.52</ele>
				<time>2026-08-06T19:03:53.123Z</time>
			</trkpt>
			<trkpt lat="39.88464" lon="20.78546">
				<ele>1106.35</ele>
				<time>2026-08-06T19:03:53.695Z</time>
			</trkpt>
			<trkpt lat="39.88479" lon="20.78547">
				<ele>1107.51</ele>
				<time>2026-08-06T19:03:54.388Z</time>
			</trkpt>
			<trkpt lat="39.88518" lon="20.78563">
				<ele>1111.88</ele>
				<time>2026-08-06T19:03:56.276Z</time>
			</trkpt>
			<trkpt lat="39.8853" lon="20.78566">
				<ele>1113.19</ele>
				<time>2026-08-06T19:03:56.840Z</time>
			</trkpt>
			<trkpt lat="39.88542" lon="20.78562">
				<ele>1116.3</ele>
				<time>2026-08-06T19:03:57.412Z</time>
			</trkpt>
			<trkpt lat="39.88556" lon="20.78552">
				<ele>1120</ele>
				<time>2026-08-06T19:03:58.150Z</time>
			</trkpt>
			<trkpt lat="39.88568" lon="20.78535">
				<ele>1122.43</ele>
				<time>2026-08-06T19:03:58.968Z</time>
			</trkpt>
			<trkpt lat="39.88583" lon="20.78495">
				<ele>1124.83</ele>
				<time>2026-08-06T19:04:00.546Z</time>
			</trkpt>
			<trkpt lat="39.88598" lon="20.78427">
				<ele>1123.95</ele>
				<time>2026-08-06T19:04:03.053Z</time>
			</trkpt>
			<trkpt lat="39.88604" lon="20.78415">
				<ele>1123.62</ele>
				<time>2026-08-06T19:04:03.560Z</time>
			</trkpt>
			<trkpt lat="39.88619" lon="20.78402">
				<ele>1120.35</ele>
				<time>2026-08-06T19:04:04.392Z</time>
			</trkpt>
			<trkpt lat="39.88625" lon="20.78401">
				<ele>1119.61</ele>
				<time>2026-08-06T19:04:04.671Z</time>
			</trkpt>
			<trkpt lat="39.8865" lon="20.7841">
				<ele>1121.03</ele>
				<time>2026-08-06T19:04:05.869Z</time>
			</trkpt>
			<trkpt lat="39.88718" lon="20.78425">
				<ele>1128.72</ele>
				<time>2026-08-06T19:04:09.054Z</time>
			</trkpt>
			<trkpt lat="39.88734" lon="20.78426">
				<ele>1131.48</ele>
				<time>2026-08-06T19:04:09.794Z</time>
			</trkpt>
			<trkpt lat="39.88751" lon="20.78419">
				<ele>1132.68</ele>
				<time>2026-08-06T19:04:10.617Z</time>
			</trkpt>
			<trkpt lat="39.88759" lon="20.78413">
				<ele>1131.95</ele>
				<time>2026-08-06T19:04:11.043Z</time>
			</trkpt>
			<trkpt lat="39.88766" lon="20.78402">
				<ele>1130.77</ele>
				<time>2026-08-06T19:04:11.550Z</time>
			</trkpt>
			<trkpt lat="39.88795" lon="20.7834">
				<ele>1126.33</ele>
				<time>2026-08-06T19:04:14.123Z</time>
			</trkpt>
			<trkpt lat="39.88818" lon="20.78296">
				<ele>1124.37</ele>
				<time>2026-08-06T19:04:16.009Z</time>
			</trkpt>
			<trkpt lat="39.8883" lon="20.78276">
				<ele>1123.39</ele>
				<time>2026-08-06T19:04:16.909Z</time>
			</trkpt>
			<trkpt lat="39.88844" lon="20.78274">
				<ele>1123.06</ele>
				<time>2026-08-06T19:04:17.559Z</time>
			</trkpt>
			<trkpt lat="39.88855" lon="20.78278">
				<ele>1123.33</ele>
				<time>2026-08-06T19:04:18.087Z</time>
			</trkpt>
			<trkpt lat="39.88859" lon="20.78283">
				<ele>1123.9</ele>
				<time>2026-08-06T19:04:18.343Z</time>
			</trkpt>
			<trkpt lat="39.88864" lon="20.78296">
				<ele>1124.75</ele>
				<time>2026-08-06T19:04:18.858Z</time>
			</trkpt>
			<trkpt lat="39.88865" lon="20.78305">
				<ele>1125.78</ele>
				<time>2026-08-06T19:04:19.180Z</time>
			</trkpt>
			<trkpt lat="39.88864" lon="20.78325">
				<ele>1129.84</ele>
				<time>2026-08-06T19:04:19.891Z</time>
			</trkpt>
			<trkpt lat="39.8886" lon="20.78345">
				<ele>1133.81</ele>
				<time>2026-08-06T19:04:20.623Z</time>
			</trkpt>
			<trkpt lat="39.88849" lon="20.78367">
				<ele>1134.83</ele>
				<time>2026-08-06T19:04:21.554Z</time>
			</trkpt>
			<trkpt lat="39.88813" lon="20.78459">
				<ele>1139.52</ele>
				<time>2026-08-06T19:04:25.213Z</time>
			</trkpt>
			<trkpt lat="39.88809" lon="20.78496">
				<ele>1141.63</ele>
				<time>2026-08-06T19:04:26.538Z</time>
			</trkpt>
			<trkpt lat="39.8881" lon="20.78513">
				<ele>1142.71</ele>
				<time>2026-08-06T19:04:27.142Z</time>
			</trkpt>
			<trkpt lat="39.88812" lon="20.78523">
				<ele>1143.1</ele>
				<time>2026-08-06T19:04:27.508Z</time>
			</trkpt>
			<trkpt lat="39.8882" lon="20.7854">
				<ele>1142.69</ele>
				<time>2026-08-06T19:04:28.215Z</time>
			</trkpt>
			<trkpt lat="39.8883" lon="20.78553">
				<ele>1142.18</ele>
				<time>2026-08-06T19:04:28.867Z</time>
			</trkpt>
			<trkpt lat="39.8886" lon="20.78585">
				<ele>1143.42</ele>
				<time>2026-08-06T19:04:30.658Z</time>
			</trkpt>
			<trkpt lat="39.8891" lon="20.78654">
				<ele>1143.32</ele>
				<time>2026-08-06T19:04:34.021Z</time>
			</trkpt>
			<trkpt lat="39.88928" lon="20.78668">
				<ele>1143.94</ele>
				<time>2026-08-06T19:04:34.990Z</time>
			</trkpt>
			<trkpt lat="39.88971" lon="20.78685">
				<ele>1145.22</ele>
				<time>2026-08-06T19:04:37.065Z</time>
			</trkpt>
			<trkpt lat="39.88991" lon="20.78697">
				<ele>1144.66</ele>
				<time>2026-08-06T19:04:38.082Z</time>
			</trkpt>
			<trkpt lat="39.88993" lon="20.78706">
				<ele>1144.06</ele>
				<time>2026-08-06T19:04:38.414Z</time>
			</trkpt>
			<trkpt lat="39.88993" lon="20.78716">
				<ele>1143.01</ele>
				<time>2026-08-06T19:04:38.769Z</time>
			</trkpt>
			<trkpt lat="39.88988" lon="20.78734">
				<ele>1141.3</ele>
				<time>2026-08-06T19:04:39.447Z</time>
			</trkpt>
			<trkpt lat="39.88977" lon="20.78751">
				<ele>1137.65</ele>
				<time>2026-08-06T19:04:40.235Z</time>
			</trkpt>
			<trkpt lat="39.88968" lon="20.78761">
				<ele>1135.34</ele>
				<time>2026-08-06T19:04:40.782Z</time>
			</trkpt>
			<trkpt lat="39.88909" lon="20.78812">
				<ele>1126.75</ele>
				<time>2026-08-06T19:04:44.052Z</time>
			</trkpt>
			<trkpt lat="39.88877" lon="20.78843">
				<ele>1124.15</ele>
				<time>2026-08-06T19:04:45.894Z</time>
			</trkpt>
			<trkpt lat="39.88873" lon="20.78849">
				<ele>1123.49</ele>
				<time>2026-08-06T19:04:46.176Z</time>
			</trkpt>
			<trkpt lat="39.88867" lon="20.7886">
				<ele>1122.43</ele>
				<time>2026-08-06T19:04:46.654Z</time>
			</trkpt>
			<trkpt lat="39.88863" lon="20.78875">
				<ele>1120.94</ele>
				<time>2026-08-06T19:04:47.217Z</time>
			</trkpt>
			<trkpt lat="39.88863" lon="20.78894">
				<ele>1120.23</ele>
				<time>2026-08-06T19:04:47.890Z</time>
			</trkpt>
			<trkpt lat="39.88866" lon="20.7891">
				<ele>1119.17</ele>
				<time>2026-08-06T19:04:48.474Z</time>
			</trkpt>
			<trkpt lat="39.88869" lon="20.78916">
				<ele>1119.18</ele>
				<time>2026-08-06T19:04:48.728Z</time>
			</trkpt>
			<trkpt lat="39.8888" lon="20.78926">
				<ele>1119.99</ele>
				<time>2026-08-06T19:04:49.347Z</time>
			</trkpt>
			<trkpt lat="39.88889" lon="20.78928">
				<ele>1121.92</ele>
				<time>2026-08-06T19:04:49.769Z</time>
			</trkpt>
			<trkpt lat="39.88927" lon="20.78919">
				<ele>1126.33</ele>
				<time>2026-08-06T19:04:51.553Z</time>
			</trkpt>
			<trkpt lat="39.88972" lon="20.78917">
				<ele>1121.46</ele>
				<time>2026-08-06T19:04:53.634Z</time>
			</trkpt>
			<trkpt lat="39.88982" lon="20.78919">
				<ele>1122.53</ele>
				<time>2026-08-06T19:04:54.101Z</time>
			</trkpt>
			<trkpt lat="39.88988" lon="20.78922">
				<ele>1122.36</ele>
				<time>2026-08-06T19:04:54.398Z</time>
			</trkpt>
			<trkpt lat="39.88994" lon="20.78928">
				<ele>1121.52</ele>
				<time>2026-08-06T19:04:54.747Z</time>
			</trkpt>
			<trkpt lat="39.89014" lon="20.78958">
				<ele>1113.3</ele>
				<time>2026-08-06T19:04:56.156Z</time>
			</trkpt>
			<trkpt lat="39.89062" lon="20.79">
				<ele>1106.95</ele>
				<time>2026-08-06T19:04:58.827Z</time>
			</trkpt>
			<trkpt lat="39.8907" lon="20.79018">
				<ele>1106.63</ele>
				<time>2026-08-06T19:04:59.564Z</time>
			</trkpt>
			<trkpt lat="39.89073" lon="20.79036">
				<ele>1105.08</ele>
				<time>2026-08-06T19:05:00.217Z</time>
			</trkpt>
			<trkpt lat="39.89069" lon="20.7905">
				<ele>1103.28</ele>
				<time>2026-08-06T19:05:00.747Z</time>
			</trkpt>
			<trkpt lat="39.89064" lon="20.79059">
				<ele>1101.7</ele>
				<time>2026-08-06T19:05:01.141Z</time>
			</trkpt>
			<trkpt lat="39.89038" lon="20.79075">
				<ele>1095.87</ele>
				<time>2026-08-06T19:05:02.469Z</time>
			</trkpt>
			<trkpt lat="39.89031" lon="20.79082">
				<ele>1095.65</ele>
				<time>2026-08-06T19:05:02.877Z</time>
			</trkpt>
			<trkpt lat="39.89025" lon="20.79092">
				<ele>1095.77</ele>
				<time>2026-08-06T19:05:03.327Z</time>
			</trkpt>
			<trkpt lat="39.89021" lon="20.79103">
				<ele>1095.9</ele>
				<time>2026-08-06T19:05:03.758Z</time>
			</trkpt>
			<trkpt lat="39.89016" lon="20.7913">
				<ele>1100.4</ele>
				<time>2026-08-06T19:05:04.743Z</time>
			</trkpt>
			<trkpt lat="39.89011" lon="20.79146">
				<ele>1102.23</ele>
				<time>2026-08-06T19:05:05.355Z</time>
			</trkpt>
			<trkpt lat="39.89007" lon="20.79155">
				<ele>1101.84</ele>
				<time>2026-08-06T19:05:05.724Z</time>
			</trkpt>
			<trkpt lat="39.88991" lon="20.7918">
				<ele>1098.73</ele>
				<time>2026-08-06T19:05:06.878Z</time>
			</trkpt>
			<trkpt lat="39.88978" lon="20.79206">
				<ele>1097.68</ele>
				<time>2026-08-06T19:05:07.978Z</time>
			</trkpt>
			<trkpt lat="39.88968" lon="20.79242">
				<ele>1097</ele>
				<time>2026-08-06T19:05:09.336Z</time>
			</trkpt>
			<trkpt lat="39.88964" lon="20.79265">
				<ele>1096.96</ele>
				<time>2026-08-06T19:05:10.172Z</time>
			</trkpt>
			<trkpt lat="39.88965" lon="20.79288">
				<ele>1097.2</ele>
				<time>2026-08-06T19:05:10.988Z</time>
			</trkpt>
			<trkpt lat="39.8897" lon="20.79302">
				<ele>1097.06</ele>
				<time>2026-08-06T19:05:11.536Z</time>
			</trkpt>
			<trkpt lat="39.88974" lon="20.79309">
				<ele>1096.41</ele>
				<time>2026-08-06T19:05:11.845Z</time>
			</trkpt>
			<trkpt lat="39.88983" lon="20.79315">
				<ele>1095.89</ele>
				<time>2026-08-06T19:05:12.312Z</time>
			</trkpt>
			<trkpt lat="39.88993" lon="20.79319">
				<ele>1096.79</ele>
				<time>2026-08-06T19:05:12.796Z</time>
			</trkpt>
			<trkpt lat="39.89016" lon="20.79321">
				<ele>1103.22</ele>
				<time>2026-08-06T19:05:13.861Z</time>
			</trkpt>
			<trkpt lat="39.89023" lon="20.79324">
				<ele>1104.38</ele>
				<time>2026-08-06T19:05:14.201Z</time>
			</trkpt>
			<trkpt lat="39.89027" lon="20.7933">
				<ele>1104.1</ele>
				<time>2026-08-06T19:05:14.483Z</time>
			</trkpt>
			<trkpt lat="39.8903" lon="20.7934">
				<ele>1103.18</ele>
				<time>2026-08-06T19:05:14.864Z</time>
			</trkpt>
			<trkpt lat="39.89033" lon="20.79362">
				<ele>1101.08</ele>
				<time>2026-08-06T19:05:15.656Z</time>
			</trkpt>
			<trkpt lat="39.89033" lon="20.79374">
				<ele>1101.24</ele>
				<time>2026-08-06T19:05:16.081Z</time>
			</trkpt>
			<trkpt lat="39.89031" lon="20.79382">
				<ele>1100.7</ele>
				<time>2026-08-06T19:05:16.380Z</time>
			</trkpt>
			<trkpt lat="39.89026" lon="20.79394">
				<ele>1099.16</ele>
				<time>2026-08-06T19:05:16.864Z</time>
			</trkpt>
			<trkpt lat="39.89011" lon="20.79413">
				<ele>1094.28</ele>
				<time>2026-08-06T19:05:17.830Z</time>
			</trkpt>
			<trkpt lat="39.88998" lon="20.79436">
				<ele>1089.27</ele>
				<time>2026-08-06T19:05:18.843Z</time>
			</trkpt>
			<trkpt lat="39.88995" lon="20.79447">
				<ele>1088.52</ele>
				<time>2026-08-06T19:05:19.257Z</time>
			</trkpt>
			<trkpt lat="39.88989" lon="20.79485">
				<ele>1093.47</ele>
				<time>2026-08-06T19:05:20.632Z</time>
			</trkpt>
			<trkpt lat="39.88982" lon="20.79497">
				<ele>1094.7</ele>
				<time>2026-08-06T19:05:21.167Z</time>
			</trkpt>
			<trkpt lat="39.88976" lon="20.79502">
				<ele>1094.19</ele>
				<time>2026-08-06T19:05:21.496Z</time>
			</trkpt>
			<trkpt lat="39.88952" lon="20.79511">
				<ele>1089.52</ele>
				<time>2026-08-06T19:05:22.650Z</time>
			</trkpt>
			<trkpt lat="39.88939" lon="20.7952">
				<ele>1088.27</ele>
				<time>2026-08-06T19:05:23.330Z</time>
			</trkpt>
			<trkpt lat="39.88907" lon="20.79558">
				<ele>1089.23</ele>
				<time>2026-08-06T19:05:25.331Z</time>
			</trkpt>
			<trkpt lat="39.88869" lon="20.79585">
				<ele>1086.63</ele>
				<time>2026-08-06T19:05:27.331Z</time>
			</trkpt>
			<trkpt lat="39.88863" lon="20.79591">
				<ele>1086.61</ele>
				<time>2026-08-06T19:05:27.680Z</time>
			</trkpt>
			<trkpt lat="39.88853" lon="20.79607">
				<ele>1086.97</ele>
				<time>2026-08-06T19:05:28.412Z</time>
			</trkpt>
			<trkpt lat="39.88843" lon="20.7963">
				<ele>1086.96</ele>
				<time>2026-08-06T19:05:29.349Z</time>
			</trkpt>
			<trkpt lat="39.88808" lon="20.79727">
				<ele>1079.35</ele>
				<time>2026-08-06T19:05:33.150Z</time>
			</trkpt>
			<trkpt lat="39.88803" lon="20.79748">
				<ele>1079.2</ele>
				<time>2026-08-06T19:05:33.930Z</time>
			</trkpt>
			<trkpt lat="39.88802" lon="20.79764">
				<ele>1078.53</ele>
				<time>2026-08-06T19:05:34.499Z</time>
			</trkpt>
			<trkpt lat="39.88804" lon="20.79782">
				<ele>1077.88</ele>
				<time>2026-08-06T19:05:35.144Z</time>
			</trkpt>
			<trkpt lat="39.8881" lon="20.79799">
				<ele>1077.56</ele>
				<time>2026-08-06T19:05:35.807Z</time>
			</trkpt>
			<trkpt lat="39.88819" lon="20.7982">
				<ele>1079</ele>
				<time>2026-08-06T19:05:36.660Z</time>
			</trkpt>
			<trkpt lat="39.88835" lon="20.79847">
				<ele>1081.08</ele>
				<time>2026-08-06T19:05:37.870Z</time>
			</trkpt>
			<trkpt lat="39.88856" lon="20.79868">
				<ele>1081.4</ele>
				<time>2026-08-06T19:05:39.093Z</time>
			</trkpt>
			<trkpt lat="39.88884" lon="20.79889">
				<ele>1080.43</ele>
				<time>2026-08-06T19:05:40.586Z</time>
			</trkpt>
			<trkpt lat="39.88896" lon="20.79893">
				<ele>1080.47</ele>
				<time>2026-08-06T19:05:41.159Z</time>
			</trkpt>
			<trkpt lat="39.88907" lon="20.79894">
				<ele>1081.63</ele>
				<time>2026-08-06T19:05:41.668Z</time>
			</trkpt>
			<trkpt lat="39.88963" lon="20.79886">
				<ele>1085.52</ele>
				<time>2026-08-06T19:05:44.272Z</time>
			</trkpt>
			<trkpt lat="39.88977" lon="20.79886">
				<ele>1087.16</ele>
				<time>2026-08-06T19:05:44.919Z</time>
			</trkpt>
			<trkpt lat="39.88992" lon="20.7989">
				<ele>1088.62</ele>
				<time>2026-08-06T19:05:45.627Z</time>
			</trkpt>
			<trkpt lat="39.88998" lon="20.79895">
				<ele>1088.6</ele>
				<time>2026-08-06T19:05:45.956Z</time>
			</trkpt>
			<trkpt lat="39.89" lon="20.79899">
				<ele>1088.22</ele>
				<time>2026-08-06T19:05:46.125Z</time>
			</trkpt>
			<trkpt lat="39.89001" lon="20.79908">
				<ele>1086.79</ele>
				<time>2026-08-06T19:05:46.448Z</time>
			</trkpt>
			<trkpt lat="39.88991" lon="20.79937">
				<ele>1083.82</ele>
				<time>2026-08-06T19:05:47.575Z</time>
			</trkpt>
			<trkpt lat="39.88987" lon="20.79957">
				<ele>1081.58</ele>
				<time>2026-08-06T19:05:48.308Z</time>
			</trkpt>
			<trkpt lat="39.88983" lon="20.79999">
				<ele>1077.97</ele>
				<time>2026-08-06T19:05:49.809Z</time>
			</trkpt>
			<trkpt lat="39.88984" lon="20.8002">
				<ele>1078.32</ele>
				<time>2026-08-06T19:05:50.555Z</time>
			</trkpt>
			<trkpt lat="39.88989" lon="20.80036">
				<ele>1080.6</ele>
				<time>2026-08-06T19:05:51.168Z</time>
			</trkpt>
			<trkpt lat="39.89001" lon="20.80055">
				<ele>1085.17</ele>
				<time>2026-08-06T19:05:52.041Z</time>
			</trkpt>
			<trkpt lat="39.89015" lon="20.80065">
				<ele>1086.99</ele>
				<time>2026-08-06T19:05:52.778Z</time>
			</trkpt>
			<trkpt lat="39.89044" lon="20.80068">
				<ele>1087.66</ele>
				<time>2026-08-06T19:05:54.123Z</time>
			</trkpt>
			<trkpt lat="39.89048" lon="20.80071">
				<ele>1087.04</ele>
				<time>2026-08-06T19:05:54.336Z</time>
			</trkpt>
			<trkpt lat="39.89053" lon="20.80078">
				<ele>1085.41</ele>
				<time>2026-08-06T19:05:54.676Z</time>
			</trkpt>
			<trkpt lat="39.89054" lon="20.80086">
				<ele>1083.61</ele>
				<time>2026-08-06T19:05:54.963Z</time>
			</trkpt>
			<trkpt lat="39.89049" lon="20.80121">
				<ele>1079.7</ele>
				<time>2026-08-06T19:05:56.226Z</time>
			</trkpt>
			<trkpt lat="39.89048" lon="20.80144">
				<ele>1079.76</ele>
				<time>2026-08-06T19:05:57.043Z</time>
			</trkpt>
			<trkpt lat="39.89055" lon="20.80186">
				<ele>1082.86</ele>
				<time>2026-08-06T19:05:58.567Z</time>
			</trkpt>
			<trkpt lat="39.89065" lon="20.80216">
				<ele>1083.42</ele>
				<time>2026-08-06T19:05:59.727Z</time>
			</trkpt>
			<trkpt lat="39.89081" lon="20.80245">
				<ele>1082.61</ele>
				<time>2026-08-06T19:06:00.994Z</time>
			</trkpt>
			<trkpt lat="39.89092" lon="20.8026">
				<ele>1082.54</ele>
				<time>2026-08-06T19:06:01.730Z</time>
			</trkpt>
			<trkpt lat="39.89126" lon="20.80296">
				<ele>1085.23</ele>
				<time>2026-08-06T19:06:03.755Z</time>
			</trkpt>
			<trkpt lat="39.8916" lon="20.80328">
				<ele>1085.78</ele>
				<time>2026-08-06T19:06:05.693Z</time>
			</trkpt>
			<trkpt lat="39.8918" lon="20.80352">
				<ele>1085.57</ele>
				<time>2026-08-06T19:06:06.950Z</time>
			</trkpt>
			<trkpt lat="39.89192" lon="20.80374">
				<ele>1085.43</ele>
				<time>2026-08-06T19:06:07.907Z</time>
			</trkpt>
			<trkpt lat="39.89202" lon="20.80394">
				<ele>1085.87</ele>
				<time>2026-08-06T19:06:08.754Z</time>
			</trkpt>
			<trkpt lat="39.89214" lon="20.80444">
				<ele>1085.82</ele>
				<time>2026-08-06T19:06:10.612Z</time>
			</trkpt>
			<trkpt lat="39.89224" lon="20.8047">
				<ele>1085.23</ele>
				<time>2026-08-06T19:06:11.644Z</time>
			</trkpt>
			<trkpt lat="39.89241" lon="20.80494">
				<ele>1087.93</ele>
				<time>2026-08-06T19:06:12.802Z</time>
			</trkpt>
			<trkpt lat="39.8925" lon="20.80503">
				<ele>1090.62</ele>
				<time>2026-08-06T19:06:13.327Z</time>
			</trkpt>
			<trkpt lat="39.89258" lon="20.80511">
				<ele>1092.98</ele>
				<time>2026-08-06T19:06:13.793Z</time>
			</trkpt>
			<trkpt lat="39.89281" lon="20.80526">
				<ele>1097.81</ele>
				<time>2026-08-06T19:06:14.982Z</time>
			</trkpt>
			<trkpt lat="39.89285" lon="20.80537">
				<ele>1098.32</ele>
				<time>2026-08-06T19:06:15.413Z</time>
			</trkpt>
			<trkpt lat="39.89283" lon="20.80548">
				<ele>1098.42</ele>
				<time>2026-08-06T19:06:15.814Z</time>
			</trkpt>
			<trkpt lat="39.89276" lon="20.80556">
				<ele>1097.88</ele>
				<time>2026-08-06T19:06:16.245Z</time>
			</trkpt>
			<trkpt lat="39.89254" lon="20.80562">
				<ele>1091.85</ele>
				<time>2026-08-06T19:06:17.284Z</time>
			</trkpt>
			<trkpt lat="39.89212" lon="20.80582">
				<ele>1090.18</ele>
				<time>2026-08-06T19:06:19.351Z</time>
			</trkpt>
			<trkpt lat="39.89192" lon="20.80585">
				<ele>1088.78</ele>
				<time>2026-08-06T19:06:20.282Z</time>
			</trkpt>
			<trkpt lat="39.89109" lon="20.8058">
				<ele>1081.84</ele>
				<time>2026-08-06T19:06:24.123Z</time>
			</trkpt>
			<trkpt lat="39.89068" lon="20.80582">
				<ele>1078.56</ele>
				<time>2026-08-06T19:06:26.020Z</time>
			</trkpt>
			<trkpt lat="39.89042" lon="20.80591">
				<ele>1077.58</ele>
				<time>2026-08-06T19:06:27.264Z</time>
			</trkpt>
			<trkpt lat="39.8903" lon="20.806">
				<ele>1078.2</ele>
				<time>2026-08-06T19:06:27.904Z</time>
			</trkpt>
			<trkpt lat="39.89023" lon="20.8061">
				<ele>1079.64</ele>
				<time>2026-08-06T19:06:28.384Z</time>
			</trkpt>
			<trkpt lat="39.88979" lon="20.80732">
				<ele>1086.48</ele>
				<time>2026-08-06T19:06:33.166Z</time>
			</trkpt>
			<trkpt lat="39.88975" lon="20.80749">
				<ele>1085.06</ele>
				<time>2026-08-06T19:06:33.797Z</time>
			</trkpt>
			<trkpt lat="39.88972" lon="20.80797">
				<ele>1084.56</ele>
				<time>2026-08-06T19:06:35.506Z</time>
			</trkpt>
			<trkpt lat="39.88976" lon="20.80895">
				<ele>1080.49</ele>
				<time>2026-08-06T19:06:38.987Z</time>
			</trkpt>
			<trkpt lat="39.88976" lon="20.8093">
				<ele>1078.57</ele>
				<time>2026-08-06T19:06:40.229Z</time>
			</trkpt>
			<trkpt lat="39.88971" lon="20.81042">
				<ele>1069.01</ele>
				<time>2026-08-06T19:06:44.209Z</time>
			</trkpt>
			<trkpt lat="39.88966" lon="20.81077">
				<ele>1070.85</ele>
				<time>2026-08-06T19:06:45.473Z</time>
			</trkpt>
			<trkpt lat="39.88954" lon="20.81123">
				<ele>1074.54</ele>
				<time>2026-08-06T19:06:47.196Z</time>
			</trkpt>
			<trkpt lat="39.88949" lon="20.81147">
				<ele>1075.4</ele>
				<time>2026-08-06T19:06:48.079Z</time>
			</trkpt>
			<trkpt lat="39.88943" lon="20.81202">
				<ele>1072.82</ele>
				<time>2026-08-06T19:06:50.050Z</time>
			</trkpt>
			<trkpt lat="39.88934" lon="20.81265">
				<ele>1065.5</ele>
				<time>2026-08-06T19:06:52.324Z</time>
			</trkpt>
			<trkpt lat="39.88932" lon="20.81292">
				<ele>1064.61</ele>
				<time>2026-08-06T19:06:53.286Z</time>
			</trkpt>
			<trkpt lat="39.88932" lon="20.81331">
				<ele>1061.8</ele>
				<time>2026-08-06T19:06:54.670Z</time>
			</trkpt>
			<trkpt lat="39.88935" lon="20.81357">
				<ele>1059.05</ele>
				<time>2026-08-06T19:06:55.603Z</time>
			</trkpt>
			<trkpt lat="39.88943" lon="20.8138">
				<ele>1057.14</ele>
				<time>2026-08-06T19:06:56.499Z</time>
			</trkpt>
			<trkpt lat="39.88969" lon="20.81444">
				<ele>1058.22</ele>
				<time>2026-08-06T19:06:59.068Z</time>
			</trkpt>
			<trkpt lat="39.88975" lon="20.8146">
				<ele>1059.22</ele>
				<time>2026-08-06T19:06:59.700Z</time>
			</trkpt>
			<trkpt lat="39.88979" lon="20.81485">
				<ele>1057.69</ele>
				<time>2026-08-06T19:07:00.607Z</time>
			</trkpt>
			<trkpt lat="39.88978" lon="20.81498">
				<ele>1055.11</ele>
				<time>2026-08-06T19:07:01.070Z</time>
			</trkpt>
			<trkpt lat="39.88973" lon="20.81529">
				<ele>1049.76</ele>
				<time>2026-08-06T19:07:02.194Z</time>
			</trkpt>
			<trkpt lat="39.88954" lon="20.8158">
				<ele>1049.33</ele>
				<time>2026-08-06T19:07:04.206Z</time>
			</trkpt>
			<trkpt lat="39.88946" lon="20.81611">
				<ele>1048.03</ele>
				<time>2026-08-06T19:07:05.367Z</time>
			</trkpt>
			<trkpt lat="39.88945" lon="20.8163">
				<ele>1045.91</ele>
				<time>2026-08-06T19:07:06.042Z</time>
			</trkpt>
			<trkpt lat="39.88945" lon="20.81639">
				<ele>1045.46</ele>
				<time>2026-08-06T19:07:06.362Z</time>
			</trkpt>
			<trkpt lat="39.8895" lon="20.81658">
				<ele>1044.5</ele>
				<time>2026-08-06T19:07:07.075Z</time>
			</trkpt>
			<trkpt lat="39.88959" lon="20.81673">
				<ele>1044.95</ele>
				<time>2026-08-06T19:07:07.750Z</time>
			</trkpt>
			<trkpt lat="39.88964" lon="20.8168">
				<ele>1045.11</ele>
				<time>2026-08-06T19:07:08.090Z</time>
			</trkpt>
			<trkpt lat="39.88975" lon="20.81688">
				<ele>1045.03</ele>
				<time>2026-08-06T19:07:08.672Z</time>
			</trkpt>
			<trkpt lat="39.89007" lon="20.81699">
				<ele>1041.62</ele>
				<time>2026-08-06T19:07:10.203Z</time>
			</trkpt>
			<trkpt lat="39.89053" lon="20.81707">
				<ele>1041.39</ele>
				<time>2026-08-06T19:07:12.349Z</time>
			</trkpt>
			<trkpt lat="39.89086" lon="20.81709">
				<ele>1039.72</ele>
				<time>2026-08-06T19:07:13.877Z</time>
			</trkpt>
			<trkpt lat="39.89145" lon="20.81701">
				<ele>1036</ele>
				<time>2026-08-06T19:07:16.621Z</time>
			</trkpt>
			<trkpt lat="39.89189" lon="20.81693">
				<ele>1031.61</ele>
				<time>2026-08-06T19:07:18.676Z</time>
			</trkpt>
			<trkpt lat="39.89234" lon="20.81679">
				<ele>1031.06</ele>
				<time>2026-08-06T19:07:20.816Z</time>
			</trkpt>
			<trkpt lat="39.89245" lon="20.8168">
				<ele>1030.01</ele>
				<time>2026-08-06T19:07:21.326Z</time>
			</trkpt>
			<trkpt lat="39.89271" lon="20.81695">
				<ele>1027.27</ele>
				<time>2026-08-06T19:07:22.641Z</time>
			</trkpt>
			<trkpt lat="39.89287" lon="20.81701">
				<ele>1024.24</ele>
				<time>2026-08-06T19:07:23.411Z</time>
			</trkpt>
			<trkpt lat="39.89311" lon="20.81701">
				<ele>1019.25</ele>
				<time>2026-08-06T19:07:24.521Z</time>
			</trkpt>
			<trkpt lat="39.89341" lon="20.81698">
				<ele>1013.79</ele>
				<time>2026-08-06T19:07:25.913Z</time>
			</trkpt>
			<trkpt lat="39.89391" lon="20.81686">
				<ele>1020.9</ele>
				<time>2026-08-06T19:07:28.265Z</time>
			</trkpt>
			<trkpt lat="39.89565" lon="20.81671">
				<ele>1013.45</ele>
				<time>2026-08-06T19:07:36.331Z</time>
			</trkpt>
			<trkpt lat="39.89581" lon="20.81667">
				<ele>1011.08</ele>
				<time>2026-08-06T19:07:37.085Z</time>
			</trkpt>
			<trkpt lat="39.89627" lon="20.81644">
				<ele>1023.42</ele>
				<time>2026-08-06T19:07:39.364Z</time>
			</trkpt>
			<trkpt lat="39.89641" lon="20.81641">
				<ele>1030.32</ele>
				<time>2026-08-06T19:07:40.020Z</time>
			</trkpt>
			<trkpt lat="39.89653" lon="20.81643">
				<ele>1028.91</ele>
				<time>2026-08-06T19:07:40.580Z</time>
			</trkpt>
			<trkpt lat="39.89684" lon="20.81654">
				<ele>1023.71</ele>
				<time>2026-08-06T19:07:42.066Z</time>
			</trkpt>
			<trkpt lat="39.89696" lon="20.81656">
				<ele>1024.31</ele>
				<time>2026-08-06T19:07:42.626Z</time>
			</trkpt>
			<trkpt lat="39.89707" lon="20.81655">
				<ele>1020.58</ele>
				<time>2026-08-06T19:07:43.136Z</time>
			</trkpt>
			<trkpt lat="39.89756" lon="20.81643">
				<ele>1014.43</ele>
				<time>2026-08-06T19:07:45.443Z</time>
			</trkpt>
			<trkpt lat="39.89846" lon="20.81608">
				<ele>1017.49</ele>
				<time>2026-08-06T19:07:49.788Z</time>
			</trkpt>
			<trkpt lat="39.89872" lon="20.81602">
				<ele>1027.68</ele>
				<time>2026-08-06T19:07:51.009Z</time>
			</trkpt>
			<trkpt lat="39.89885" lon="20.816">
				<ele>1033.89</ele>
				<time>2026-08-06T19:07:51.615Z</time>
			</trkpt>
			<trkpt lat="39.89975" lon="20.81602">
				<ele>1026.21</ele>
				<time>2026-08-06T19:07:55.780Z</time>
			</trkpt>
			<trkpt lat="39.90028" lon="20.816">
				<ele>1026.91</ele>
				<time>2026-08-06T19:07:58.233Z</time>
			</trkpt>
			<trkpt lat="39.90174" lon="20.81612">
				<ele>1034.93</ele>
				<time>2026-08-06T19:08:05.002Z</time>
			</trkpt>
			<trkpt lat="39.90257" lon="20.81631">
				<ele>1036.88</ele>
				<time>2026-08-06T19:08:08.901Z</time>
			</trkpt>
			<trkpt lat="39.90292" lon="20.81641">
				<ele>1034.62</ele>
				<time>2026-08-06T19:08:10.559Z</time>
			</trkpt>
			<trkpt lat="39.90327" lon="20.81656">
				<ele>1034.71</ele>
				<time>2026-08-06T19:08:12.264Z</time>
			</trkpt>
			<trkpt lat="39.90373" lon="20.81681">
				<ele>1040.58</ele>
				<time>2026-08-06T19:08:14.570Z</time>
			</trkpt>
			<trkpt lat="39.90399" lon="20.81698">
				<ele>1044.21</ele>
				<time>2026-08-06T19:08:15.916Z</time>
			</trkpt>
			<trkpt lat="39.90418" lon="20.81715">
				<ele>1044.18</ele>
				<time>2026-08-06T19:08:16.982Z</time>
			</trkpt>
			<trkpt lat="39.90428" lon="20.81734">
				<ele>1043.59</ele>
				<time>2026-08-06T19:08:17.800Z</time>
			</trkpt>
			<trkpt lat="39.9043" lon="20.81747">
				<ele>1042.79</ele>
				<time>2026-08-06T19:08:18.271Z</time>
			</trkpt>
			<trkpt lat="39.90428" lon="20.81756">
				<ele>1042.74</ele>
				<time>2026-08-06T19:08:18.604Z</time>
			</trkpt>
			<trkpt lat="39.9043" lon="20.81747">
				<ele>1042.79</ele>
				<time>2026-08-06T19:08:18.936Z</time>
			</trkpt>
			<trkpt lat="39.90428" lon="20.81734">
				<ele>1043.59</ele>
				<time>2026-08-06T19:08:19.407Z</time>
			</trkpt>
			<trkpt lat="39.90418" lon="20.81715">
				<ele>1044.18</ele>
				<time>2026-08-06T19:08:20.225Z</time>
			</trkpt>
			<trkpt lat="39.90399" lon="20.81698">
				<ele>1044.21</ele>
				<time>2026-08-06T19:08:21.291Z</time>
			</trkpt>
			<trkpt lat="39.90373" lon="20.81681">
				<ele>1040.58</ele>
				<time>2026-08-06T19:08:22.638Z</time>
			</trkpt>
			<trkpt lat="39.90327" lon="20.81656">
				<ele>1034.71</ele>
				<time>2026-08-06T19:08:24.944Z</time>
			</trkpt>
			<trkpt lat="39.90292" lon="20.81641">
				<ele>1034.62</ele>
				<time>2026-08-06T19:08:26.649Z</time>
			</trkpt>
			<trkpt lat="39.90257" lon="20.81631">
				<ele>1036.88</ele>
				<time>2026-08-06T19:08:28.307Z</time>
			</trkpt>
			<trkpt lat="39.90174" lon="20.81612">
				<ele>1034.93</ele>
				<time>2026-08-06T19:08:32.207Z</time>
			</trkpt>
			<trkpt lat="39.90028" lon="20.816">
				<ele>1026.91</ele>
				<time>2026-08-06T19:08:38.978Z</time>
			</trkpt>
			<trkpt lat="39.89975" lon="20.81602">
				<ele>1026.21</ele>
				<time>2026-08-06T19:08:41.432Z</time>
			</trkpt>
			<trkpt lat="39.89885" lon="20.816">
				<ele>1033.89</ele>
				<time>2026-08-06T19:08:45.598Z</time>
			</trkpt>
			<trkpt lat="39.89872" lon="20.81602">
				<ele>1027.68</ele>
				<time>2026-08-06T19:08:46.204Z</time>
			</trkpt>
			<trkpt lat="39.89846" lon="20.81608">
				<ele>1017.49</ele>
				<time>2026-08-06T19:08:47.426Z</time>
			</trkpt>
			<trkpt lat="39.89756" lon="20.81643">
				<ele>1014.43</ele>
				<time>2026-08-06T19:08:51.774Z</time>
			</trkpt>
			<trkpt lat="39.89707" lon="20.81655">
				<ele>1020.58</ele>
				<time>2026-08-06T19:08:54.082Z</time>
			</trkpt>
			<trkpt lat="39.89696" lon="20.81656">
				<ele>1024.31</ele>
				<time>2026-08-06T19:08:54.592Z</time>
			</trkpt>
			<trkpt lat="39.89684" lon="20.81654">
				<ele>1023.71</ele>
				<time>2026-08-06T19:08:55.152Z</time>
			</trkpt>
			<trkpt lat="39.89653" lon="20.81643">
				<ele>1028.91</ele>
				<time>2026-08-06T19:08:56.639Z</time>
			</trkpt>
			<trkpt lat="39.89641" lon="20.81641">
				<ele>1030.32</ele>
				<time>2026-08-06T19:08:57.199Z</time>
			</trkpt>
			<trkpt lat="39.89627" lon="20.81644">
				<ele>1023.42</ele>
				<time>2026-08-06T19:08:57.856Z</time>
			</trkpt>
			<trkpt lat="39.89581" lon="20.81667">
				<ele>1011.08</ele>
				<time>2026-08-06T19:09:00.137Z</time>
			</trkpt>
			<trkpt lat="39.89565" lon="20.81671">
				<ele>1013.45</ele>
				<time>2026-08-06T19:09:00.891Z</time>
			</trkpt>
			<trkpt lat="39.89391" lon="20.81686">
				<ele>1020.9</ele>
				<time>2026-08-06T19:09:08.967Z</time>
			</trkpt>
			<trkpt lat="39.89341" lon="20.81698">
				<ele>1013.79</ele>
				<time>2026-08-06T19:09:11.323Z</time>
			</trkpt>
			<trkpt lat="39.89311" lon="20.81701">
				<ele>1019.25</ele>
				<time>2026-08-06T19:09:12.717Z</time>
			</trkpt>
			<trkpt lat="39.89287" lon="20.81701">
				<ele>1024.24</ele>
				<time>2026-08-06T19:09:13.828Z</time>
			</trkpt>
			<trkpt lat="39.89271" lon="20.81695">
				<ele>1027.27</ele>
				<time>2026-08-06T19:09:14.600Z</time>
			</trkpt>
			<trkpt lat="39.89245" lon="20.8168">
				<ele>1030.01</ele>
				<time>2026-08-06T19:09:15.917Z</time>
			</trkpt>
			<trkpt lat="39.89234" lon="20.81679">
				<ele>1031.06</ele>
				<time>2026-08-06T19:09:16.428Z</time>
			</trkpt>
			<trkpt lat="39.89189" lon="20.81693">
				<ele>1031.61</ele>
				<time>2026-08-06T19:09:18.572Z</time>
			</trkpt>
			<trkpt lat="39.89145" lon="20.81701">
				<ele>1036</ele>
				<time>2026-08-06T19:09:20.631Z</time>
			</trkpt>
			<trkpt lat="39.89086" lon="20.81709">
				<ele>1039.72</ele>
				<time>2026-08-06T19:09:23.381Z</time>
			</trkpt>
			<trkpt lat="39.89053" lon="20.81707">
				<ele>1041.39</ele>
				<time>2026-08-06T19:09:24.912Z</time>
			</trkpt>
			<trkpt lat="39.89007" lon="20.81699">
				<ele>1041.62</ele>
				<time>2026-08-06T19:09:27.063Z</time>
			</trkpt>
			<trkpt lat="39.88975" lon="20.81688">
				<ele>1045.03</ele>
				<time>2026-08-06T19:09:28.598Z</time>
			</trkpt>
			<trkpt lat="39.88964" lon="20.8168">
				<ele>1045.11</ele>
				<time>2026-08-06T19:09:29.182Z</time>
			</trkpt>
			<trkpt lat="39.88959" lon="20.81673">
				<ele>1044.95</ele>
				<time>2026-08-06T19:09:29.522Z</time>
			</trkpt>
			<trkpt lat="39.8895" lon="20.81658">
				<ele>1044.5</ele>
				<time>2026-08-06T19:09:30.199Z</time>
			</trkpt>
			<trkpt lat="39.88945" lon="20.81639">
				<ele>1045.46</ele>
				<time>2026-08-06T19:09:30.914Z</time>
			</trkpt>
			<trkpt lat="39.88945" lon="20.8163">
				<ele>1045.91</ele>
				<time>2026-08-06T19:09:31.234Z</time>
			</trkpt>
			<trkpt lat="39.88946" lon="20.81611">
				<ele>1048.03</ele>
				<time>2026-08-06T19:09:31.912Z</time>
			</trkpt>
			<trkpt lat="39.88954" lon="20.8158">
				<ele>1049.33</ele>
				<time>2026-08-06T19:09:33.075Z</time>
			</trkpt>
			<trkpt lat="39.88973" lon="20.81529">
				<ele>1049.76</ele>
				<time>2026-08-06T19:09:35.093Z</time>
			</trkpt>
			<trkpt lat="39.88978" lon="20.81498">
				<ele>1055.11</ele>
				<time>2026-08-06T19:09:36.220Z</time>
			</trkpt>
			<trkpt lat="39.88979" lon="20.81485">
				<ele>1057.69</ele>
				<time>2026-08-06T19:09:36.685Z</time>
			</trkpt>
			<trkpt lat="39.88975" lon="20.8146">
				<ele>1059.22</ele>
				<time>2026-08-06T19:09:37.593Z</time>
			</trkpt>
			<trkpt lat="39.88969" lon="20.81444">
				<ele>1058.22</ele>
				<time>2026-08-06T19:09:38.227Z</time>
			</trkpt>
			<trkpt lat="39.88943" lon="20.8138">
				<ele>1057.14</ele>
				<time>2026-08-06T19:09:40.804Z</time>
			</trkpt>
			<trkpt lat="39.88935" lon="20.81357">
				<ele>1059.05</ele>
				<time>2026-08-06T19:09:41.703Z</time>
			</trkpt>
			<trkpt lat="39.88932" lon="20.81331">
				<ele>1061.8</ele>
				<time>2026-08-06T19:09:42.639Z</time>
			</trkpt>
			<trkpt lat="39.88932" lon="20.81292">
				<ele>1064.61</ele>
				<time>2026-08-06T19:09:44.027Z</time>
			</trkpt>
			<trkpt lat="39.88934" lon="20.81265">
				<ele>1065.5</ele>
				<time>2026-08-06T19:09:44.993Z</time>
			</trkpt>
			<trkpt lat="39.88943" lon="20.81202">
				<ele>1072.82</ele>
				<time>2026-08-06T19:09:47.274Z</time>
			</trkpt>
			<trkpt lat="39.88949" lon="20.81147">
				<ele>1075.4</ele>
				<time>2026-08-06T19:09:49.251Z</time>
			</trkpt>
			<trkpt lat="39.88954" lon="20.81123">
				<ele>1074.54</ele>
				<time>2026-08-06T19:09:50.136Z</time>
			</trkpt>
			<trkpt lat="39.88966" lon="20.81077">
				<ele>1070.85</ele>
				<time>2026-08-06T19:09:51.866Z</time>
			</trkpt>
			<trkpt lat="39.88971" lon="20.81042">
				<ele>1069.01</ele>
				<time>2026-08-06T19:09:53.134Z</time>
			</trkpt>
			<trkpt lat="39.88976" lon="20.8093">
				<ele>1078.57</ele>
				<time>2026-08-06T19:09:57.128Z</time>
			</trkpt>
			<trkpt lat="39.88976" lon="20.80895">
				<ele>1080.49</ele>
				<time>2026-08-06T19:09:58.374Z</time>
			</trkpt>
			<trkpt lat="39.88972" lon="20.80797">
				<ele>1084.56</ele>
				<time>2026-08-06T19:10:01.869Z</time>
			</trkpt>
			<trkpt lat="39.88975" lon="20.80749">
				<ele>1085.06</ele>
				<time>2026-08-06T19:10:03.584Z</time>
			</trkpt>
			<trkpt lat="39.88979" lon="20.80732">
				<ele>1086.48</ele>
				<time>2026-08-06T19:10:04.217Z</time>
			</trkpt>
			<trkpt lat="39.89023" lon="20.8061">
				<ele>1079.64</ele>
				<time>2026-08-06T19:10:09.018Z</time>
			</trkpt>
			<trkpt lat="39.8903" lon="20.806">
				<ele>1078.2</ele>
				<time>2026-08-06T19:10:09.500Z</time>
			</trkpt>
			<trkpt lat="39.89042" lon="20.80591">
				<ele>1077.58</ele>
				<time>2026-08-06T19:10:10.143Z</time>
			</trkpt>
			<trkpt lat="39.89068" lon="20.80582">
				<ele>1078.56</ele>
				<time>2026-08-06T19:10:11.391Z</time>
			</trkpt>
			<trkpt lat="39.89109" lon="20.8058">
				<ele>1081.84</ele>
				<time>2026-08-06T19:10:13.296Z</time>
			</trkpt>
			<trkpt lat="39.89192" lon="20.80585">
				<ele>1088.78</ele>
				<time>2026-08-06T19:10:17.153Z</time>
			</trkpt>
			<trkpt lat="39.89212" lon="20.80582">
				<ele>1090.18</ele>
				<time>2026-08-06T19:10:18.088Z</time>
			</trkpt>
			<trkpt lat="39.89254" lon="20.80562">
				<ele>1091.85</ele>
				<time>2026-08-06T19:10:20.163Z</time>
			</trkpt>
			<trkpt lat="39.89276" lon="20.80556">
				<ele>1097.88</ele>
				<time>2026-08-06T19:10:21.207Z</time>
			</trkpt>
			<trkpt lat="39.89283" lon="20.80548">
				<ele>1098.42</ele>
				<time>2026-08-06T19:10:21.639Z</time>
			</trkpt>
			<trkpt lat="39.89285" lon="20.80537">
				<ele>1098.32</ele>
				<time>2026-08-06T19:10:22.042Z</time>
			</trkpt>
			<trkpt lat="39.89281" lon="20.80526">
				<ele>1097.81</ele>
				<time>2026-08-06T19:10:22.475Z</time>
			</trkpt>
			<trkpt lat="39.89258" lon="20.80511">
				<ele>1092.98</ele>
				<time>2026-08-06T19:10:23.669Z</time>
			</trkpt>
			<trkpt lat="39.8925" lon="20.80503">
				<ele>1090.62</ele>
				<time>2026-08-06T19:10:24.138Z</time>
			</trkpt>
			<trkpt lat="39.89241" lon="20.80494">
				<ele>1087.93</ele>
				<time>2026-08-06T19:10:24.664Z</time>
			</trkpt>
			<trkpt lat="39.89224" lon="20.8047">
				<ele>1085.23</ele>
				<time>2026-08-06T19:10:25.828Z</time>
			</trkpt>
			<trkpt lat="39.89214" lon="20.80444">
				<ele>1085.82</ele>
				<time>2026-08-06T19:10:26.864Z</time>
			</trkpt>
			<trkpt lat="39.89202" lon="20.80394">
				<ele>1085.87</ele>
				<time>2026-08-06T19:10:28.730Z</time>
			</trkpt>
			<trkpt lat="39.89192" lon="20.80374">
				<ele>1085.43</ele>
				<time>2026-08-06T19:10:29.580Z</time>
			</trkpt>
			<trkpt lat="39.8918" lon="20.80352">
				<ele>1085.57</ele>
				<time>2026-08-06T19:10:30.542Z</time>
			</trkpt>
			<trkpt lat="39.8916" lon="20.80328">
				<ele>1085.78</ele>
				<time>2026-08-06T19:10:31.804Z</time>
			</trkpt>
			<trkpt lat="39.89126" lon="20.80296">
				<ele>1085.23</ele>
				<time>2026-08-06T19:10:33.751Z</time>
			</trkpt>
			<trkpt lat="39.89092" lon="20.8026">
				<ele>1082.54</ele>
				<time>2026-08-06T19:10:35.785Z</time>
			</trkpt>
			<trkpt lat="39.89081" lon="20.80245">
				<ele>1082.61</ele>
				<time>2026-08-06T19:10:36.525Z</time>
			</trkpt>
			<trkpt lat="39.89065" lon="20.80216">
				<ele>1083.42</ele>
				<time>2026-08-06T19:10:37.797Z</time>
			</trkpt>
			<trkpt lat="39.89055" lon="20.80186">
				<ele>1082.86</ele>
				<time>2026-08-06T19:10:38.962Z</time>
			</trkpt>
			<trkpt lat="39.89048" lon="20.80144">
				<ele>1079.76</ele>
				<time>2026-08-06T19:10:40.494Z</time>
			</trkpt>
			<trkpt lat="39.89049" lon="20.80121">
				<ele>1079.7</ele>
				<time>2026-08-06T19:10:41.314Z</time>
			</trkpt>
			<trkpt lat="39.89054" lon="20.80086">
				<ele>1083.61</ele>
				<time>2026-08-06T19:10:42.583Z</time>
			</trkpt>
			<trkpt lat="39.89053" lon="20.80078">
				<ele>1085.41</ele>
				<time>2026-08-06T19:10:42.871Z</time>
			</trkpt>
			<trkpt lat="39.89048" lon="20.80071">
				<ele>1087.04</ele>
				<time>2026-08-06T19:10:43.212Z</time>
			</trkpt>
			<trkpt lat="39.89044" lon="20.80068">
				<ele>1087.66</ele>
				<time>2026-08-06T19:10:43.426Z</time>
			</trkpt>
			<trkpt lat="39.89015" lon="20.80065">
				<ele>1086.99</ele>
				<time>2026-08-06T19:10:44.777Z</time>
			</trkpt>
			<trkpt lat="39.89001" lon="20.80055">
				<ele>1085.17</ele>
				<time>2026-08-06T19:10:45.518Z</time>
			</trkpt>
			<trkpt lat="39.88989" lon="20.80036">
				<ele>1080.6</ele>
				<time>2026-08-06T19:10:46.395Z</time>
			</trkpt>
			<trkpt lat="39.88984" lon="20.8002">
				<ele>1078.32</ele>
				<time>2026-08-06T19:10:47.011Z</time>
			</trkpt>
			<trkpt lat="39.88983" lon="20.79999">
				<ele>1077.97</ele>
				<time>2026-08-06T19:10:47.760Z</time>
			</trkpt>
			<trkpt lat="39.88987" lon="20.79957">
				<ele>1081.58</ele>
				<time>2026-08-06T19:10:49.268Z</time>
			</trkpt>
			<trkpt lat="39.88991" lon="20.79937">
				<ele>1083.82</ele>
				<time>2026-08-06T19:10:50.004Z</time>
			</trkpt>
			<trkpt lat="39.89001" lon="20.79908">
				<ele>1086.79</ele>
				<time>2026-08-06T19:10:51.137Z</time>
			</trkpt>
			<trkpt lat="39.89" lon="20.79899">
				<ele>1088.22</ele>
				<time>2026-08-06T19:10:51.461Z</time>
			</trkpt>
			<trkpt lat="39.88998" lon="20.79895">
				<ele>1088.6</ele>
				<time>2026-08-06T19:10:51.631Z</time>
			</trkpt>
			<trkpt lat="39.88992" lon="20.7989">
				<ele>1088.62</ele>
				<time>2026-08-06T19:10:51.962Z</time>
			</trkpt>
			<trkpt lat="39.88977" lon="20.79886">
				<ele>1087.16</ele>
				<time>2026-08-06T19:10:52.672Z</time>
			</trkpt>
			<trkpt lat="39.88963" lon="20.79886">
				<ele>1085.52</ele>
				<time>2026-08-06T19:10:53.322Z</time>
			</trkpt>
			<trkpt lat="39.88907" lon="20.79894">
				<ele>1081.63</ele>
				<time>2026-08-06T19:10:55.938Z</time>
			</trkpt>
			<trkpt lat="39.88896" lon="20.79893">
				<ele>1080.47</ele>
				<time>2026-08-06T19:10:56.450Z</time>
			</trkpt>
			<trkpt lat="39.88884" lon="20.79889">
				<ele>1080.43</ele>
				<time>2026-08-06T19:10:57.025Z</time>
			</trkpt>
			<trkpt lat="39.88856" lon="20.79868">
				<ele>1081.4</ele>
				<time>2026-08-06T19:10:58.525Z</time>
			</trkpt>
			<trkpt lat="39.88835" lon="20.79847">
				<ele>1081.08</ele>
				<time>2026-08-06T19:10:59.754Z</time>
			</trkpt>
			<trkpt lat="39.88819" lon="20.7982">
				<ele>1079</ele>
				<time>2026-08-06T19:11:00.969Z</time>
			</trkpt>
			<trkpt lat="39.8881" lon="20.79799">
				<ele>1077.56</ele>
				<time>2026-08-06T19:11:01.826Z</time>
			</trkpt>
			<trkpt lat="39.88804" lon="20.79782">
				<ele>1077.88</ele>
				<time>2026-08-06T19:11:02.493Z</time>
			</trkpt>
			<trkpt lat="39.88802" lon="20.79764">
				<ele>1078.53</ele>
				<time>2026-08-06T19:11:03.141Z</time>
			</trkpt>
			<trkpt lat="39.88803" lon="20.79748">
				<ele>1079.2</ele>
				<time>2026-08-06T19:11:03.713Z</time>
			</trkpt>
			<trkpt lat="39.88808" lon="20.79727">
				<ele>1079.35</ele>
				<time>2026-08-06T19:11:04.496Z</time>
			</trkpt>
			<trkpt lat="39.88843" lon="20.7963">
				<ele>1086.96</ele>
				<time>2026-08-06T19:11:08.314Z</time>
			</trkpt>
			<trkpt lat="39.88853" lon="20.79607">
				<ele>1086.97</ele>
				<time>2026-08-06T19:11:09.256Z</time>
			</trkpt>
			<trkpt lat="39.88863" lon="20.79591">
				<ele>1086.61</ele>
				<time>2026-08-06T19:11:09.991Z</time>
			</trkpt>
			<trkpt lat="39.88869" lon="20.79585">
				<ele>1086.63</ele>
				<time>2026-08-06T19:11:10.342Z</time>
			</trkpt>
			<trkpt lat="39.88907" lon="20.79558">
				<ele>1089.23</ele>
				<time>2026-08-06T19:11:12.351Z</time>
			</trkpt>
			<trkpt lat="39.88939" lon="20.7952">
				<ele>1088.27</ele>
				<time>2026-08-06T19:11:14.361Z</time>
			</trkpt>
			<trkpt lat="39.88952" lon="20.79511">
				<ele>1089.52</ele>
				<time>2026-08-06T19:11:15.044Z</time>
			</trkpt>
			<trkpt lat="39.88976" lon="20.79502">
				<ele>1094.19</ele>
				<time>2026-08-06T19:11:16.203Z</time>
			</trkpt>
			<trkpt lat="39.88982" lon="20.79497">
				<ele>1094.7</ele>
				<time>2026-08-06T19:11:16.534Z</time>
			</trkpt>
			<trkpt lat="39.88989" lon="20.79485">
				<ele>1093.47</ele>
				<time>2026-08-06T19:11:17.071Z</time>
			</trkpt>
			<trkpt lat="39.88995" lon="20.79447">
				<ele>1088.52</ele>
				<time>2026-08-06T19:11:18.452Z</time>
			</trkpt>
			<trkpt lat="39.88998" lon="20.79436">
				<ele>1089.27</ele>
				<time>2026-08-06T19:11:18.868Z</time>
			</trkpt>
			<trkpt lat="39.89011" lon="20.79413">
				<ele>1094.28</ele>
				<time>2026-08-06T19:11:19.886Z</time>
			</trkpt>
			<trkpt lat="39.89026" lon="20.79394">
				<ele>1099.16</ele>
				<time>2026-08-06T19:11:20.856Z</time>
			</trkpt>
			<trkpt lat="39.89031" lon="20.79382">
				<ele>1100.7</ele>
				<time>2026-08-06T19:11:21.343Z</time>
			</trkpt>
			<trkpt lat="39.89033" lon="20.79374">
				<ele>1101.24</ele>
				<time>2026-08-06T19:11:21.642Z</time>
			</trkpt>
			<trkpt lat="39.89033" lon="20.79362">
				<ele>1101.08</ele>
				<time>2026-08-06T19:11:22.070Z</time>
			</trkpt>
			<trkpt lat="39.8903" lon="20.7934">
				<ele>1103.18</ele>
				<time>2026-08-06T19:11:22.865Z</time>
			</trkpt>
			<trkpt lat="39.89027" lon="20.7933">
				<ele>1104.1</ele>
				<time>2026-08-06T19:11:23.248Z</time>
			</trkpt>
			<trkpt lat="39.89023" lon="20.79324">
				<ele>1104.38</ele>
				<time>2026-08-06T19:11:23.531Z</time>
			</trkpt>
			<trkpt lat="39.89016" lon="20.79321">
				<ele>1103.22</ele>
				<time>2026-08-06T19:11:23.873Z</time>
			</trkpt>
			<trkpt lat="39.88993" lon="20.79319">
				<ele>1096.79</ele>
				<time>2026-08-06T19:11:24.943Z</time>
			</trkpt>
			<trkpt lat="39.88983" lon="20.79315">
				<ele>1095.89</ele>
				<time>2026-08-06T19:11:25.428Z</time>
			</trkpt>
			<trkpt lat="39.88974" lon="20.79309">
				<ele>1096.41</ele>
				<time>2026-08-06T19:11:25.897Z</time>
			</trkpt>
			<trkpt lat="39.8897" lon="20.79302">
				<ele>1097.06</ele>
				<time>2026-08-06T19:11:26.208Z</time>
			</trkpt>
			<trkpt lat="39.88965" lon="20.79288">
				<ele>1097.2</ele>
				<time>2026-08-06T19:11:26.758Z</time>
			</trkpt>
			<trkpt lat="39.88964" lon="20.79265">
				<ele>1096.96</ele>
				<time>2026-08-06T19:11:27.578Z</time>
			</trkpt>
			<trkpt lat="39.88968" lon="20.79242">
				<ele>1097</ele>
				<time>2026-08-06T19:11:28.418Z</time>
			</trkpt>
			<trkpt lat="39.88978" lon="20.79206">
				<ele>1097.68</ele>
				<time>2026-08-06T19:11:29.781Z</time>
			</trkpt>
			<trkpt lat="39.88991" lon="20.7918">
				<ele>1098.73</ele>
				<time>2026-08-06T19:11:30.886Z</time>
			</trkpt>
			<trkpt lat="39.89007" lon="20.79155">
				<ele>1101.84</ele>
				<time>2026-08-06T19:11:32.045Z</time>
			</trkpt>
			<trkpt lat="39.89011" lon="20.79146">
				<ele>1102.23</ele>
				<time>2026-08-06T19:11:32.416Z</time>
			</trkpt>
			<trkpt lat="39.89016" lon="20.7913">
				<ele>1100.4</ele>
				<time>2026-08-06T19:11:33.031Z</time>
			</trkpt>
			<trkpt lat="39.89021" lon="20.79103">
				<ele>1095.9</ele>
				<time>2026-08-06T19:11:34.020Z</time>
			</trkpt>
			<trkpt lat="39.89025" lon="20.79092">
				<ele>1095.77</ele>
				<time>2026-08-06T19:11:34.453Z</time>
			</trkpt>
			<trkpt lat="39.89031" lon="20.79082">
				<ele>1095.65</ele>
				<time>2026-08-06T19:11:34.905Z</time>
			</trkpt>
			<trkpt lat="39.89038" lon="20.79075">
				<ele>1095.87</ele>
				<time>2026-08-06T19:11:35.314Z</time>
			</trkpt>
			<trkpt lat="39.89064" lon="20.79059">
				<ele>1101.7</ele>
				<time>2026-08-06T19:11:36.648Z</time>
			</trkpt>
			<trkpt lat="39.89069" lon="20.7905">
				<ele>1103.28</ele>
				<time>2026-08-06T19:11:37.044Z</time>
			</trkpt>
			<trkpt lat="39.89073" lon="20.79036">
				<ele>1105.08</ele>
				<time>2026-08-06T19:11:37.576Z</time>
			</trkpt>
			<trkpt lat="39.8907" lon="20.79018">
				<ele>1106.63</ele>
				<time>2026-08-06T19:11:38.231Z</time>
			</trkpt>
			<trkpt lat="39.89062" lon="20.79">
				<ele>1106.95</ele>
				<time>2026-08-06T19:11:38.972Z</time>
			</trkpt>
			<trkpt lat="39.89014" lon="20.78958">
				<ele>1113.3</ele>
				<time>2026-08-06T19:11:41.654Z</time>
			</trkpt>
			<trkpt lat="39.88994" lon="20.78928">
				<ele>1121.52</ele>
				<time>2026-08-06T19:11:43.068Z</time>
			</trkpt>
			<trkpt lat="39.88988" lon="20.78922">
				<ele>1122.36</ele>
				<time>2026-08-06T19:11:43.419Z</time>
			</trkpt>
			<trkpt lat="39.88982" lon="20.78919">
				<ele>1122.53</ele>
				<time>2026-08-06T19:11:43.717Z</time>
			</trkpt>
			<trkpt lat="39.88972" lon="20.78917">
				<ele>1121.46</ele>
				<time>2026-08-06T19:11:44.187Z</time>
			</trkpt>
			<trkpt lat="39.88927" lon="20.78919">
				<ele>1126.33</ele>
				<time>2026-08-06T19:11:46.275Z</time>
			</trkpt>
			<trkpt lat="39.88889" lon="20.78928">
				<ele>1121.92</ele>
				<time>2026-08-06T19:11:48.067Z</time>
			</trkpt>
			<trkpt lat="39.8888" lon="20.78926">
				<ele>1119.99</ele>
				<time>2026-08-06T19:11:48.490Z</time>
			</trkpt>
			<trkpt lat="39.88876" lon="20.78924">
				<ele>1119.52</ele>
				<time>2026-08-06T19:11:48.689Z</time>
			</trkpt>
			<trkpt lat="39.88869" lon="20.78916">
				<ele>1119.18</ele>
				<time>2026-08-06T19:11:49.120Z</time>
			</trkpt>
			<trkpt lat="39.88866" lon="20.7891">
				<ele>1119.17</ele>
				<time>2026-08-06T19:11:49.375Z</time>
			</trkpt>
			<trkpt lat="39.88863" lon="20.78894">
				<ele>1120.23</ele>
				<time>2026-08-06T19:11:49.961Z</time>
			</trkpt>
			<trkpt lat="39.88863" lon="20.78875">
				<ele>1120.94</ele>
				<time>2026-08-06T19:11:50.638Z</time>
			</trkpt>
			<trkpt lat="39.88867" lon="20.7886">
				<ele>1122.43</ele>
				<time>2026-08-06T19:11:51.203Z</time>
			</trkpt>
			<trkpt lat="39.88873" lon="20.78849">
				<ele>1123.49</ele>
				<time>2026-08-06T19:11:51.683Z</time>
			</trkpt>
			<trkpt lat="39.88877" lon="20.78843">
				<ele>1124.15</ele>
				<time>2026-08-06T19:11:51.966Z</time>
			</trkpt>
			<trkpt lat="39.88909" lon="20.78812">
				<ele>1126.75</ele>
				<time>2026-08-06T19:11:53.815Z</time>
			</trkpt>
			<trkpt lat="39.88968" lon="20.78761">
				<ele>1135.34</ele>
				<time>2026-08-06T19:11:57.097Z</time>
			</trkpt>
			<trkpt lat="39.88977" lon="20.78751">
				<ele>1137.65</ele>
				<time>2026-08-06T19:11:57.646Z</time>
			</trkpt>
			<trkpt lat="39.88988" lon="20.78734">
				<ele>1141.3</ele>
				<time>2026-08-06T19:11:58.437Z</time>
			</trkpt>
			<trkpt lat="39.88993" lon="20.78716">
				<ele>1143.01</ele>
				<time>2026-08-06T19:11:59.118Z</time>
			</trkpt>
			<trkpt lat="39.88993" lon="20.78706">
				<ele>1144.06</ele>
				<time>2026-08-06T19:11:59.473Z</time>
			</trkpt>
			<trkpt lat="39.88991" lon="20.78697">
				<ele>1144.66</ele>
				<time>2026-08-06T19:11:59.807Z</time>
			</trkpt>
			<trkpt lat="39.88971" lon="20.78685">
				<ele>1145.22</ele>
				<time>2026-08-06T19:12:00.827Z</time>
			</trkpt>
			<trkpt lat="39.88928" lon="20.78668">
				<ele>1143.94</ele>
				<time>2026-08-06T19:12:02.910Z</time>
			</trkpt>
			<trkpt lat="39.8891" lon="20.78654">
				<ele>1143.32</ele>
				<time>2026-08-06T19:12:03.882Z</time>
			</trkpt>
			<trkpt lat="39.8886" lon="20.78585">
				<ele>1143.42</ele>
				<time>2026-08-06T19:12:07.257Z</time>
			</trkpt>
			<trkpt lat="39.8883" lon="20.78553">
				<ele>1142.18</ele>
				<time>2026-08-06T19:12:09.054Z</time>
			</trkpt>
			<trkpt lat="39.8882" lon="20.7854">
				<ele>1142.69</ele>
				<time>2026-08-06T19:12:09.708Z</time>
			</trkpt>
			<trkpt lat="39.88812" lon="20.78523">
				<ele>1143.1</ele>
				<time>2026-08-06T19:12:10.417Z</time>
			</trkpt>
			<trkpt lat="39.8881" lon="20.78513">
				<ele>1142.71</ele>
				<time>2026-08-06T19:12:10.785Z</time>
			</trkpt>
			<trkpt lat="39.88809" lon="20.78496">
				<ele>1141.63</ele>
				<time>2026-08-06T19:12:11.391Z</time>
			</trkpt>
			<trkpt lat="39.88813" lon="20.78459">
				<ele>1139.52</ele>
				<time>2026-08-06T19:12:12.719Z</time>
			</trkpt>
			<trkpt lat="39.88849" lon="20.78367">
				<ele>1134.83</ele>
				<time>2026-08-06T19:12:16.391Z</time>
			</trkpt>
			<trkpt lat="39.8886" lon="20.78345">
				<ele>1133.81</ele>
				<time>2026-08-06T19:12:17.324Z</time>
			</trkpt>
			<trkpt lat="39.88864" lon="20.78325">
				<ele>1129.84</ele>
				<time>2026-08-06T19:12:18.059Z</time>
			</trkpt>
			<trkpt lat="39.88865" lon="20.78305">
				<ele>1125.78</ele>
				<time>2026-08-06T19:12:18.771Z</time>
			</trkpt>
			<trkpt lat="39.88864" lon="20.78296">
				<ele>1124.75</ele>
				<time>2026-08-06T19:12:19.094Z</time>
			</trkpt>
			<trkpt lat="39.88859" lon="20.78283">
				<ele>1123.9</ele>
				<time>2026-08-06T19:12:19.611Z</time>
			</trkpt>
			<trkpt lat="39.88855" lon="20.78278">
				<ele>1123.33</ele>
				<time>2026-08-06T19:12:19.868Z</time>
			</trkpt>
			<trkpt lat="39.88844" lon="20.78274">
				<ele>1123.06</ele>
				<time>2026-08-06T19:12:20.397Z</time>
			</trkpt>
			<trkpt lat="39.8883" lon="20.78276">
				<ele>1123.39</ele>
				<time>2026-08-06T19:12:21.049Z</time>
			</trkpt>
			<trkpt lat="39.88818" lon="20.78296">
				<ele>1124.37</ele>
				<time>2026-08-06T19:12:21.951Z</time>
			</trkpt>
			<trkpt lat="39.88795" lon="20.7834">
				<ele>1126.33</ele>
				<time>2026-08-06T19:12:23.843Z</time>
			</trkpt>
			<trkpt lat="39.88766" lon="20.78402">
				<ele>1130.77</ele>
				<time>2026-08-06T19:12:26.423Z</time>
			</trkpt>
			<trkpt lat="39.88759" lon="20.78413">
				<ele>1131.95</ele>
				<time>2026-08-06T19:12:26.930Z</time>
			</trkpt>
			<trkpt lat="39.88751" lon="20.78419">
				<ele>1132.68</ele>
				<time>2026-08-06T19:12:27.358Z</time>
			</trkpt>
			<trkpt lat="39.88734" lon="20.78426">
				<ele>1131.48</ele>
				<time>2026-08-06T19:12:28.183Z</time>
			</trkpt>
			<trkpt lat="39.88718" lon="20.78425">
				<ele>1128.72</ele>
				<time>2026-08-06T19:12:28.925Z</time>
			</trkpt>
			<trkpt lat="39.8865" lon="20.7841">
				<ele>1121.03</ele>
				<time>2026-08-06T19:12:32.117Z</time>
			</trkpt>
			<trkpt lat="39.88625" lon="20.78401">
				<ele>1119.61</ele>
				<time>2026-08-06T19:12:33.318Z</time>
			</trkpt>
			<trkpt lat="39.88619" lon="20.78402">
				<ele>1120.35</ele>
				<time>2026-08-06T19:12:33.598Z</time>
			</trkpt>
			<trkpt lat="39.88604" lon="20.78415">
				<ele>1123.62</ele>
				<time>2026-08-06T19:12:34.431Z</time>
			</trkpt>
			<trkpt lat="39.88598" lon="20.78427">
				<ele>1123.95</ele>
				<time>2026-08-06T19:12:34.940Z</time>
			</trkpt>
			<trkpt lat="39.88583" lon="20.78495">
				<ele>1124.83</ele>
				<time>2026-08-06T19:12:37.452Z</time>
			</trkpt>
			<trkpt lat="39.88568" lon="20.78535">
				<ele>1122.43</ele>
				<time>2026-08-06T19:12:39.033Z</time>
			</trkpt>
			<trkpt lat="39.88556" lon="20.78552">
				<ele>1120</ele>
				<time>2026-08-06T19:12:39.853Z</time>
			</trkpt>
			<trkpt lat="39.88542" lon="20.78562">
				<ele>1116.3</ele>
				<time>2026-08-06T19:12:40.592Z</time>
			</trkpt>
			<trkpt lat="39.8853" lon="20.78566">
				<ele>1113.19</ele>
				<time>2026-08-06T19:12:41.165Z</time>
			</trkpt>
			<trkpt lat="39.88518" lon="20.78563">
				<ele>1111.88</ele>
				<time>2026-08-06T19:12:41.730Z</time>
			</trkpt>
			<trkpt lat="39.88479" lon="20.78547">
				<ele>1107.51</ele>
				<time>2026-08-06T19:12:43.621Z</time>
			</trkpt>
			<trkpt lat="39.88464" lon="20.78546">
				<ele>1106.35</ele>
				<time>2026-08-06T19:12:44.316Z</time>
			</trkpt>
			<trkpt lat="39.88452" lon="20.7855">
				<ele>1106.52</ele>
				<time>2026-08-06T19:12:44.889Z</time>
			</trkpt>
			<trkpt lat="39.88443" lon="20.78559">
				<ele>1107.46</ele>
				<time>2026-08-06T19:12:45.413Z</time>
			</trkpt>
			<trkpt lat="39.88435" lon="20.78572">
				<ele>1109.45</ele>
				<time>2026-08-06T19:12:46.005Z</time>
			</trkpt>
			<trkpt lat="39.88432" lon="20.7858">
				<ele>1110.57</ele>
				<time>2026-08-06T19:12:46.321Z</time>
			</trkpt>
			<trkpt lat="39.88428" lon="20.78607">
				<ele>1108.38</ele>
				<time>2026-08-06T19:12:47.297Z</time>
			</trkpt>
			<trkpt lat="39.88417" lon="20.78701">
				<ele>1098.04</ele>
				<time>2026-08-06T19:12:50.670Z</time>
			</trkpt>
			<trkpt lat="39.88412" lon="20.78715">
				<ele>1096.81</ele>
				<time>2026-08-06T19:12:51.218Z</time>
			</trkpt>
			<trkpt lat="39.88406" lon="20.78721">
				<ele>1096.41</ele>
				<time>2026-08-06T19:12:51.568Z</time>
			</trkpt>
			<trkpt lat="39.88398" lon="20.78724">
				<ele>1096.5</ele>
				<time>2026-08-06T19:12:51.953Z</time>
			</trkpt>
			<trkpt lat="39.88389" lon="20.78722">
				<ele>1096.98</ele>
				<time>2026-08-06T19:12:52.375Z</time>
			</trkpt>
			<trkpt lat="39.8838" lon="20.78713">
				<ele>1095.8</ele>
				<time>2026-08-06T19:12:52.899Z</time>
			</trkpt>
			<trkpt lat="39.8837" lon="20.78694">
				<ele>1095.61</ele>
				<time>2026-08-06T19:12:53.716Z</time>
			</trkpt>
			<trkpt lat="39.88366" lon="20.78683">
				<ele>1095.86</ele>
				<time>2026-08-06T19:12:54.148Z</time>
			</trkpt>
			<trkpt lat="39.8835" lon="20.78622">
				<ele>1093.18</ele>
				<time>2026-08-06T19:12:56.434Z</time>
			</trkpt>
			<trkpt lat="39.88335" lon="20.7859">
				<ele>1088.58</ele>
				<time>2026-08-06T19:12:57.764Z</time>
			</trkpt>
			<trkpt lat="39.88322" lon="20.78573">
				<ele>1086.46</ele>
				<time>2026-08-06T19:12:58.615Z</time>
			</trkpt>
			<trkpt lat="39.88303" lon="20.78554">
				<ele>1083.81</ele>
				<time>2026-08-06T19:12:59.721Z</time>
			</trkpt>
			<trkpt lat="39.88283" lon="20.78541">
				<ele>1082.7</ele>
				<time>2026-08-06T19:13:00.753Z</time>
			</trkpt>
			<trkpt lat="39.88224" lon="20.78513">
				<ele>1079.39</ele>
				<time>2026-08-06T19:13:03.639Z</time>
			</trkpt>
			<trkpt lat="39.8821" lon="20.78503">
				<ele>1078</ele>
				<time>2026-08-06T19:13:04.370Z</time>
			</trkpt>
			<trkpt lat="39.88201" lon="20.78492">
				<ele>1077.38</ele>
				<time>2026-08-06T19:13:04.934Z</time>
			</trkpt>
			<trkpt lat="39.88194" lon="20.78477">
				<ele>1077.27</ele>
				<time>2026-08-06T19:13:05.550Z</time>
			</trkpt>
			<trkpt lat="39.88178" lon="20.78419">
				<ele>1074.71</ele>
				<time>2026-08-06T19:13:07.704Z</time>
			</trkpt>
			<trkpt lat="39.88167" lon="20.78386">
				<ele>1073.04</ele>
				<time>2026-08-06T19:13:08.958Z</time>
			</trkpt>
			<trkpt lat="39.88159" lon="20.78368">
				<ele>1075.22</ele>
				<time>2026-08-06T19:13:09.681Z</time>
			</trkpt>
			<trkpt lat="39.88152" lon="20.78356">
				<ele>1075.88</ele>
				<time>2026-08-06T19:13:10.205Z</time>
			</trkpt>
			<trkpt lat="39.88141" lon="20.78345">
				<ele>1075.8</ele>
				<time>2026-08-06T19:13:10.832Z</time>
			</trkpt>
			<trkpt lat="39.88085" lon="20.78295">
				<ele>1071.95</ele>
				<time>2026-08-06T19:13:13.890Z</time>
			</trkpt>
			<trkpt lat="39.88078" lon="20.78286">
				<ele>1069.35</ele>
				<time>2026-08-06T19:13:14.332Z</time>
			</trkpt>
			<trkpt lat="39.88064" lon="20.78264">
				<ele>1065.62</ele>
				<time>2026-08-06T19:13:15.315Z</time>
			</trkpt>
			<trkpt lat="39.88053" lon="20.78237">
				<ele>1066.62</ele>
				<time>2026-08-06T19:13:16.365Z</time>
			</trkpt>
			<trkpt lat="39.88042" lon="20.78224">
				<ele>1067.11</ele>
				<time>2026-08-06T19:13:17.029Z</time>
			</trkpt>
			<trkpt lat="39.88032" lon="20.7822">
				<ele>1066.13</ele>
				<time>2026-08-06T19:13:17.496Z</time>
			</trkpt>
			<trkpt lat="39.88022" lon="20.78218">
				<ele>1064.76</ele>
				<time>2026-08-06T19:13:17.948Z</time>
			</trkpt>
			<trkpt lat="39.87958" lon="20.78218">
				<ele>1056.73</ele>
				<time>2026-08-06T19:13:20.795Z</time>
			</trkpt>
			<trkpt lat="39.87948" lon="20.78214">
				<ele>1055.95</ele>
				<time>2026-08-06T19:13:21.259Z</time>
			</trkpt>
			<trkpt lat="39.8794" lon="20.78208">
				<ele>1055.79</ele>
				<time>2026-08-06T19:13:21.668Z</time>
			</trkpt>
			<trkpt lat="39.87931" lon="20.7819">
				<ele>1056.2</ele>
				<time>2026-08-06T19:13:22.398Z</time>
			</trkpt>
			<trkpt lat="39.87901" lon="20.78092">
				<ele>1053.53</ele>
				<time>2026-08-06T19:13:25.970Z</time>
			</trkpt>
			<trkpt lat="39.87893" lon="20.78069">
				<ele>1052.97</ele>
				<time>2026-08-06T19:13:26.822Z</time>
			</trkpt>
			<trkpt lat="39.8788" lon="20.78052">
				<ele>1052.84</ele>
				<time>2026-08-06T19:13:27.631Z</time>
			</trkpt>
			<trkpt lat="39.87822" lon="20.78007">
				<ele>1042.68</ele>
				<time>2026-08-06T19:13:30.586Z</time>
			</trkpt>
			<trkpt lat="39.87788" lon="20.77972">
				<ele>1035.77</ele>
				<time>2026-08-06T19:13:32.475Z</time>
			</trkpt>
			<trkpt lat="39.8777" lon="20.77958">
				<ele>1036.11</ele>
				<time>2026-08-06T19:13:33.388Z</time>
			</trkpt>
			<trkpt lat="39.87723" lon="20.77935">
				<ele>1037.64</ele>
				<time>2026-08-06T19:13:35.568Z</time>
			</trkpt>
			<trkpt lat="39.87709" lon="20.77925">
				<ele>1036.17</ele>
				<time>2026-08-06T19:13:36.260Z</time>
			</trkpt>
			<trkpt lat="39.8769" lon="20.77904">
				<ele>1033.2</ele>
				<time>2026-08-06T19:13:37.338Z</time>
			</trkpt>
			<trkpt lat="39.87686" lon="20.77895">
				<ele>1032.72</ele>
				<time>2026-08-06T19:13:37.683Z</time>
			</trkpt>
			<trkpt lat="39.8768" lon="20.77878">
				<ele>1031.93</ele>
				<time>2026-08-06T19:13:38.304Z</time>
			</trkpt>
			<trkpt lat="39.87679" lon="20.77859">
				<ele>1030.61</ele>
				<time>2026-08-06T19:13:38.935Z</time>
			</trkpt>
			<trkpt lat="39.8768" lon="20.77851">
				<ele>1029.25</ele>
				<time>2026-08-06T19:13:39.203Z</time>
			</trkpt>
			<trkpt lat="39.87688" lon="20.77833">
				<ele>1027.18</ele>
				<time>2026-08-06T19:13:39.892Z</time>
			</trkpt>
			<trkpt lat="39.8772" lon="20.77789">
				<ele>1023.01</ele>
				<time>2026-08-06T19:13:41.894Z</time>
			</trkpt>
			<trkpt lat="39.87734" lon="20.77776">
				<ele>1022.21</ele>
				<time>2026-08-06T19:13:42.633Z</time>
			</trkpt>
			<trkpt lat="39.87742" lon="20.77775">
				<ele>1022.92</ele>
				<time>2026-08-06T19:13:42.978Z</time>
			</trkpt>
			<trkpt lat="39.87753" lon="20.77778">
				<ele>1022.84</ele>
				<time>2026-08-06T19:13:43.461Z</time>
			</trkpt>
			<trkpt lat="39.8776" lon="20.77782">
				<ele>1020.96</ele>
				<time>2026-08-06T19:13:43.788Z</time>
			</trkpt>
			<trkpt lat="39.87769" lon="20.77791">
				<ele>1018.55</ele>
				<time>2026-08-06T19:13:44.275Z</time>
			</trkpt>
			<trkpt lat="39.87778" lon="20.77806">
				<ele>1016.66</ele>
				<time>2026-08-06T19:13:44.901Z</time>
			</trkpt>
			<trkpt lat="39.87794" lon="20.77857">
				<ele>1016.45</ele>
				<time>2026-08-06T19:13:46.711Z</time>
			</trkpt>
			<trkpt lat="39.87802" lon="20.77869">
				<ele>1015.68</ele>
				<time>2026-08-06T19:13:47.232Z</time>
			</trkpt>
			<trkpt lat="39.87813" lon="20.77875">
				<ele>1015.28</ele>
				<time>2026-08-06T19:13:47.741Z</time>
			</trkpt>
			<trkpt lat="39.87824" lon="20.77873">
				<ele>1014.56</ele>
				<time>2026-08-06T19:13:48.215Z</time>
			</trkpt>
			<trkpt lat="39.87919" lon="20.7782">
				<ele>1010.13</ele>
				<time>2026-08-06T19:13:52.615Z</time>
			</trkpt>
			<trkpt lat="39.8793" lon="20.77816">
				<ele>1008.42</ele>
				<time>2026-08-06T19:13:53.101Z</time>
			</trkpt>
			<trkpt lat="39.87948" lon="20.77814">
				<ele>1006.45</ele>
				<time>2026-08-06T19:13:53.867Z</time>
			</trkpt>
			<trkpt lat="39.87962" lon="20.77818">
				<ele>1004.28</ele>
				<time>2026-08-06T19:13:54.475Z</time>
			</trkpt>
			<trkpt lat="39.87975" lon="20.77826">
				<ele>1003.55</ele>
				<time>2026-08-06T19:13:55.085Z</time>
			</trkpt>
			<trkpt lat="39.87988" lon="20.77837">
				<ele>1004.15</ele>
				<time>2026-08-06T19:13:55.742Z</time>
			</trkpt>
			<trkpt lat="39.88025" lon="20.77875">
				<ele>1001.92</ele>
				<time>2026-08-06T19:13:57.736Z</time>
			</trkpt>
			<trkpt lat="39.88049" lon="20.77889">
				<ele>999.5</ele>
				<time>2026-08-06T19:13:58.847Z</time>
			</trkpt>
			<trkpt lat="39.88125" lon="20.77919">
				<ele>998.93</ele>
				<time>2026-08-06T19:14:02.198Z</time>
			</trkpt>
			<trkpt lat="39.88132" lon="20.7792">
				<ele>998.85</ele>
				<time>2026-08-06T19:14:02.495Z</time>
			</trkpt>
			<trkpt lat="39.88139" lon="20.77919">
				<ele>998.23</ele>
				<time>2026-08-06T19:14:02.791Z</time>
			</trkpt>
			<trkpt lat="39.88146" lon="20.77914">
				<ele>997.14</ele>
				<time>2026-08-06T19:14:03.128Z</time>
			</trkpt>
			<trkpt lat="39.8815" lon="20.77907">
				<ele>996.38</ele>
				<time>2026-08-06T19:14:03.410Z</time>
			</trkpt>
			<trkpt lat="39.88153" lon="20.77898">
				<ele>995.78</ele>
				<time>2026-08-06T19:14:03.727Z</time>
			</trkpt>
			<trkpt lat="39.88153" lon="20.77889">
				<ele>995.4</ele>
				<time>2026-08-06T19:14:04.017Z</time>
			</trkpt>
			<trkpt lat="39.88152" lon="20.7788">
				<ele>994.11</ele>
				<time>2026-08-06T19:14:04.311Z</time>
			</trkpt>
			<trkpt lat="39.88147" lon="20.77872">
				<ele>993.34</ele>
				<time>2026-08-06T19:14:04.644Z</time>
			</trkpt>
			<trkpt lat="39.88142" lon="20.77867">
				<ele>993.35</ele>
				<time>2026-08-06T19:14:04.909Z</time>
			</trkpt>
			<trkpt lat="39.88135" lon="20.77864">
				<ele>993.49</ele>
				<time>2026-08-06T19:14:05.219Z</time>
			</trkpt>
			<trkpt lat="39.88076" lon="20.77861">
				<ele>990.06</ele>
				<time>2026-08-06T19:14:07.701Z</time>
			</trkpt>
			<trkpt lat="39.88061" lon="20.77858">
				<ele>989.44</ele>
				<time>2026-08-06T19:14:08.338Z</time>
			</trkpt>
			<trkpt lat="39.88054" lon="20.77855">
				<ele>989.2</ele>
				<time>2026-08-06T19:14:08.648Z</time>
			</trkpt>
			<trkpt lat="39.88041" lon="20.77844">
				<ele>990.55</ele>
				<time>2026-08-06T19:14:09.298Z</time>
			</trkpt>
			<trkpt lat="39.87969" lon="20.7775">
				<ele>985.23</ele>
				<time>2026-08-06T19:14:13.571Z</time>
			</trkpt>
			<trkpt lat="39.8795" lon="20.7773">
				<ele>980.89</ele>
				<time>2026-08-06T19:14:14.594Z</time>
			</trkpt>
			<trkpt lat="39.87934" lon="20.7772">
				<ele>978.97</ele>
				<time>2026-08-06T19:14:15.337Z</time>
			</trkpt>
			<trkpt lat="39.87925" lon="20.77717">
				<ele>978.6</ele>
				<time>2026-08-06T19:14:15.726Z</time>
			</trkpt>
			<trkpt lat="39.87885" lon="20.77711">
				<ele>979.18</ele>
				<time>2026-08-06T19:14:17.411Z</time>
			</trkpt>
			<trkpt lat="39.87878" lon="20.77706">
				<ele>978.89</ele>
				<time>2026-08-06T19:14:17.745Z</time>
			</trkpt>
			<trkpt lat="39.87872" lon="20.77699">
				<ele>977.42</ele>
				<time>2026-08-06T19:14:18.081Z</time>
			</trkpt>
			<trkpt lat="39.87869" lon="20.77689">
				<ele>975.93</ele>
				<time>2026-08-06T19:14:18.426Z</time>
			</trkpt>
			<trkpt lat="39.87868" lon="20.77679">
				<ele>974.9</ele>
				<time>2026-08-06T19:14:18.750Z</time>
			</trkpt>
			<trkpt lat="39.87874" lon="20.77629">
				<ele>968.99</ele>
				<time>2026-08-06T19:14:20.374Z</time>
			</trkpt>
			<trkpt lat="39.87875" lon="20.77612">
				<ele>967.37</ele>
				<time>2026-08-06T19:14:20.921Z</time>
			</trkpt>
			<trkpt lat="39.87874" lon="20.77576">
				<ele>965.48</ele>
				<time>2026-08-06T19:14:22.077Z</time>
			</trkpt>
			<trkpt lat="39.87871" lon="20.77556">
				<ele>965.54</ele>
				<time>2026-08-06T19:14:22.730Z</time>
			</trkpt>
			<trkpt lat="39.87861" lon="20.77542">
				<ele>969.1</ele>
				<time>2026-08-06T19:14:23.344Z</time>
			</trkpt>
			<trkpt lat="39.87837" lon="20.77527">
				<ele>975.22</ele>
				<time>2026-08-06T19:14:24.456Z</time>
			</trkpt>
			<trkpt lat="39.87826" lon="20.77518">
				<ele>975.11</ele>
				<time>2026-08-06T19:14:24.999Z</time>
			</trkpt>
			<trkpt lat="39.8782" lon="20.77506">
				<ele>971.87</ele>
				<time>2026-08-06T19:14:25.459Z</time>
			</trkpt>
			<trkpt lat="39.87818" lon="20.77489">
				<ele>967.6</ele>
				<time>2026-08-06T19:14:26.010Z</time>
			</trkpt>
			<trkpt lat="39.87818" lon="20.77479">
				<ele>965.29</ele>
				<time>2026-08-06T19:14:26.331Z</time>
			</trkpt>
			<trkpt lat="39.87835" lon="20.77389">
				<ele>959.06</ele>
				<time>2026-08-06T19:14:29.304Z</time>
			</trkpt>
			<trkpt lat="39.87836" lon="20.77377">
				<ele>958.65</ele>
				<time>2026-08-06T19:14:29.691Z</time>
			</trkpt>
			<trkpt lat="39.87835" lon="20.77356">
				<ele>959.35</ele>
				<time>2026-08-06T19:14:30.366Z</time>
			</trkpt>
			<trkpt lat="39.8783" lon="20.77339">
				<ele>958.77</ele>
				<time>2026-08-06T19:14:30.950Z</time>
			</trkpt>
			<trkpt lat="39.87797" lon="20.77259">
				<ele>952.66</ele>
				<time>2026-08-06T19:14:33.865Z</time>
			</trkpt>
			<trkpt lat="39.87784" lon="20.77221">
				<ele>947.46</ele>
				<time>2026-08-06T19:14:35.201Z</time>
			</trkpt>
			<trkpt lat="39.8778" lon="20.77194">
				<ele>947.25</ele>
				<time>2026-08-06T19:14:36.085Z</time>
			</trkpt>
			<trkpt lat="39.87775" lon="20.77117">
				<ele>948.18</ele>
				<time>2026-08-06T19:14:38.568Z</time>
			</trkpt>
			<trkpt lat="39.87769" lon="20.77091">
				<ele>948.43</ele>
				<time>2026-08-06T19:14:39.441Z</time>
			</trkpt>
			<trkpt lat="39.87761" lon="20.77075">
				<ele>946.59</ele>
				<time>2026-08-06T19:14:40.056Z</time>
			</trkpt>
			<trkpt lat="39.87692" lon="20.76991">
				<ele>931.54</ele>
				<time>2026-08-06T19:14:44.018Z</time>
			</trkpt>
			<trkpt lat="39.87685" lon="20.76986">
				<ele>929.91</ele>
				<time>2026-08-06T19:14:44.354Z</time>
			</trkpt>
			<trkpt lat="39.87678" lon="20.76985">
				<ele>929.16</ele>
				<time>2026-08-06T19:14:44.650Z</time>
			</trkpt>
			<trkpt lat="39.87667" lon="20.76988">
				<ele>929.48</ele>
				<time>2026-08-06T19:14:45.122Z</time>
			</trkpt>
			<trkpt lat="39.87658" lon="20.76998">
				<ele>929.27</ele>
				<time>2026-08-06T19:14:45.619Z</time>
			</trkpt>
			<trkpt lat="39.87655" lon="20.77007">
				<ele>929.52</ele>
				<time>2026-08-06T19:14:45.936Z</time>
			</trkpt>
			<trkpt lat="39.87654" lon="20.77017">
				<ele>930.43</ele>
				<time>2026-08-06T19:14:46.261Z</time>
			</trkpt>
			<trkpt lat="39.87656" lon="20.77027">
				<ele>932.22</ele>
				<time>2026-08-06T19:14:46.595Z</time>
			</trkpt>
			<trkpt lat="39.87672" lon="20.77068">
				<ele>935.08</ele>
				<time>2026-08-06T19:14:48.081Z</time>
			</trkpt>
			<trkpt lat="39.87677" lon="20.77087">
				<ele>935.3</ele>
				<time>2026-08-06T19:14:48.730Z</time>
			</trkpt>
			<trkpt lat="39.87679" lon="20.77109">
				<ele>934.25</ele>
				<time>2026-08-06T19:14:49.447Z</time>
			</trkpt>
			<trkpt lat="39.87674" lon="20.77175">
				<ele>930.22</ele>
				<time>2026-08-06T19:14:51.594Z</time>
			</trkpt>
			<trkpt lat="39.87677" lon="20.77208">
				<ele>929.1</ele>
				<time>2026-08-06T19:14:52.671Z</time>
			</trkpt>
			<trkpt lat="39.87686" lon="20.7724">
				<ele>927.53</ele>
				<time>2026-08-06T19:14:53.777Z</time>
			</trkpt>
			<trkpt lat="39.87713" lon="20.77315">
				<ele>926.55</ele>
				<time>2026-08-06T19:14:56.469Z</time>
			</trkpt>
			<trkpt lat="39.87715" lon="20.77325">
				<ele>926.21</ele>
				<time>2026-08-06T19:14:56.805Z</time>
			</trkpt>
			<trkpt lat="39.87714" lon="20.77342">
				<ele>925.66</ele>
				<time>2026-08-06T19:14:57.360Z</time>
			</trkpt>
			<trkpt lat="39.87709" lon="20.77353">
				<ele>924.71</ele>
				<time>2026-08-06T19:14:57.776Z</time>
			</trkpt>
			<trkpt lat="39.87701" lon="20.77361">
				<ele>922.98</ele>
				<time>2026-08-06T19:14:58.204Z</time>
			</trkpt>
			<trkpt lat="39.87674" lon="20.77372">
				<ele>919.88</ele>
				<time>2026-08-06T19:14:59.406Z</time>
			</trkpt>
			<trkpt lat="39.87656" lon="20.77385">
				<ele>918.36</ele>
				<time>2026-08-06T19:15:00.282Z</time>
			</trkpt>
			<trkpt lat="39.87646" lon="20.77397">
				<ele>917.75</ele>
				<time>2026-08-06T19:15:00.860Z</time>
			</trkpt>
			<trkpt lat="39.87622" lon="20.77443">
				<ele>917.05</ele>
				<time>2026-08-06T19:15:02.679Z</time>
			</trkpt>
			<trkpt lat="39.87613" lon="20.7745">
				<ele>915.88</ele>
				<time>2026-08-06T19:15:03.127Z</time>
			</trkpt>
			<trkpt lat="39.87603" lon="20.77453">
				<ele>915.65</ele>
				<time>2026-08-06T19:15:03.565Z</time>
			</trkpt>
			<trkpt lat="39.8759" lon="20.77451">
				<ele>915.2</ele>
				<time>2026-08-06T19:15:04.124Z</time>
			</trkpt>
			<trkpt lat="39.87582" lon="20.77443">
				<ele>913.69</ele>
				<time>2026-08-06T19:15:04.555Z</time>
			</trkpt>
			<trkpt lat="39.87578" lon="20.77436">
				<ele>912.91</ele>
				<time>2026-08-06T19:15:04.841Z</time>
			</trkpt>
			<trkpt lat="39.87571" lon="20.77414">
				<ele>910.04</ele>
				<time>2026-08-06T19:15:05.623Z</time>
			</trkpt>
			<trkpt lat="39.87558" lon="20.77353">
				<ele>903.81</ele>
				<time>2026-08-06T19:15:07.705Z</time>
			</trkpt>
			<trkpt lat="39.87545" lon="20.77318">
				<ele>904.04</ele>
				<time>2026-08-06T19:15:08.986Z</time>
			</trkpt>
			<trkpt lat="39.8742" lon="20.77042">
				<ele>885.03</ele>
				<time>2026-08-06T19:15:19.629Z</time>
			</trkpt>
			<trkpt lat="39.87398" lon="20.76988">
				<ele>886.14</ele>
				<time>2026-08-06T19:15:21.678Z</time>
			</trkpt>
			<trkpt lat="39.87388" lon="20.76971">
				<ele>886.87</ele>
				<time>2026-08-06T19:15:22.397Z</time>
			</trkpt>
			<trkpt lat="39.87382" lon="20.76964">
				<ele>886.3</ele>
				<time>2026-08-06T19:15:22.750Z</time>
			</trkpt>
			<trkpt lat="39.87362" lon="20.76951">
				<ele>886.32</ele>
				<time>2026-08-06T19:15:23.730Z</time>
			</trkpt>
			<trkpt lat="39.87349" lon="20.76947">
				<ele>885.33</ele>
				<time>2026-08-06T19:15:24.316Z</time>
			</trkpt>
			<trkpt lat="39.87334" lon="20.76948">
				<ele>884.99</ele>
				<time>2026-08-06T19:15:24.976Z</time>
			</trkpt>
			<trkpt lat="39.87312" lon="20.76955">
				<ele>885.36</ele>
				<time>2026-08-06T19:15:25.973Z</time>
			</trkpt>
			<trkpt lat="39.87296" lon="20.76963">
				<ele>885.07</ele>
				<time>2026-08-06T19:15:26.728Z</time>
			</trkpt>
			<trkpt lat="39.8727" lon="20.76982">
				<ele>882.6</ele>
				<time>2026-08-06T19:15:28.044Z</time>
			</trkpt>
			<trkpt lat="39.87244" lon="20.77004">
				<ele>878.69</ele>
				<time>2026-08-06T19:15:29.415Z</time>
			</trkpt>
			<trkpt lat="39.87177" lon="20.77047">
				<ele>870.04</ele>
				<time>2026-08-06T19:15:32.732Z</time>
			</trkpt>
			<trkpt lat="39.87159" lon="20.77054">
				<ele>868.14</ele>
				<time>2026-08-06T19:15:33.570Z</time>
			</trkpt>
			<trkpt lat="39.8715" lon="20.77055">
				<ele>867.2</ele>
				<time>2026-08-06T19:15:33.973Z</time>
			</trkpt>
			<trkpt lat="39.87138" lon="20.77048">
				<ele>864.96</ele>
				<time>2026-08-06T19:15:34.560Z</time>
			</trkpt>
			<trkpt lat="39.87131" lon="20.77038">
				<ele>862.9</ele>
				<time>2026-08-06T19:15:35.024Z</time>
			</trkpt>
			<trkpt lat="39.87126" lon="20.7702">
				<ele>861.04</ele>
				<time>2026-08-06T19:15:35.682Z</time>
			</trkpt>
			<trkpt lat="39.87125" lon="20.77002">
				<ele>859.65</ele>
				<time>2026-08-06T19:15:36.302Z</time>
			</trkpt>
			<trkpt lat="39.87126" lon="20.76982">
				<ele>856.9</ele>
				<time>2026-08-06T19:15:36.992Z</time>
			</trkpt>
			<trkpt lat="39.8716" lon="20.76718">
				<ele>846.95</ele>
				<time>2026-08-06T19:15:46.296Z</time>
			</trkpt>
			<trkpt lat="39.87158" lon="20.76687">
				<ele>845.57</ele>
				<time>2026-08-06T19:15:47.388Z</time>
			</trkpt>
			<trkpt lat="39.87154" lon="20.76671">
				<ele>845.07</ele>
				<time>2026-08-06T19:15:47.980Z</time>
			</trkpt>
			<trkpt lat="39.8715" lon="20.76658">
				<ele>844.68</ele>
				<time>2026-08-06T19:15:48.473Z</time>
			</trkpt>
			<trkpt lat="39.87138" lon="20.76636">
				<ele>843.71</ele>
				<time>2026-08-06T19:15:49.425Z</time>
			</trkpt>
			<trkpt lat="39.8713" lon="20.76629">
				<ele>841.83</ele>
				<time>2026-08-06T19:15:49.868Z</time>
			</trkpt>
			<trkpt lat="39.87115" lon="20.7662">
				<ele>837.8</ele>
				<time>2026-08-06T19:15:50.629Z</time>
			</trkpt>
			<trkpt lat="39.87106" lon="20.76618">
				<ele>835.98</ele>
				<time>2026-08-06T19:15:51.050Z</time>
			</trkpt>
			<trkpt lat="39.87087" lon="20.76615">
				<ele>833.21</ele>
				<time>2026-08-06T19:15:51.934Z</time>
			</trkpt>
			<trkpt lat="39.87068" lon="20.76616">
				<ele>832.56</ele>
				<time>2026-08-06T19:15:52.814Z</time>
			</trkpt>
			<trkpt lat="39.86994" lon="20.76632">
				<ele>825.12</ele>
				<time>2026-08-06T19:15:56.301Z</time>
			</trkpt>
			<trkpt lat="39.86976" lon="20.76642">
				<ele>821.37</ele>
				<time>2026-08-06T19:15:57.214Z</time>
			</trkpt>
			<trkpt lat="39.8696" lon="20.76658">
				<ele>819.7</ele>
				<time>2026-08-06T19:15:58.158Z</time>
			</trkpt>
			<trkpt lat="39.86949" lon="20.76677">
				<ele>819.69</ele>
				<time>2026-08-06T19:15:59.015Z</time>
			</trkpt>
			<trkpt lat="39.86937" lon="20.76711">
				<ele>821</ele>
				<time>2026-08-06T19:16:00.365Z</time>
			</trkpt>
			<trkpt lat="39.86931" lon="20.76739">
				<ele>822.07</ele>
				<time>2026-08-06T19:16:01.416Z</time>
			</trkpt>
			<trkpt lat="39.86912" lon="20.7686">
				<ele>817.11</ele>
				<time>2026-08-06T19:16:05.910Z</time>
			</trkpt>
			<trkpt lat="39.86901" lon="20.76955">
				<ele>810.63</ele>
				<time>2026-08-06T19:16:09.438Z</time>
			</trkpt>
			<trkpt lat="39.86896" lon="20.76984">
				<ele>810.69</ele>
				<time>2026-08-06T19:16:10.535Z</time>
			</trkpt>
			<trkpt lat="39.86888" lon="20.77015">
				<ele>808.63</ele>
				<time>2026-08-06T19:16:11.745Z</time>
			</trkpt>
			<trkpt lat="39.86862" lon="20.77081">
				<ele>801.96</ele>
				<time>2026-08-06T19:16:14.504Z</time>
			</trkpt>
			<trkpt lat="39.86758" lon="20.77314">
				<ele>782.93</ele>
				<time>2026-08-06T19:16:24.679Z</time>
			</trkpt>
			<trkpt lat="39.86755" lon="20.77332">
				<ele>785.3</ele>
				<time>2026-08-06T19:16:25.383Z</time>
			</trkpt>
			<trkpt lat="39.86754" lon="20.7735">
				<ele>785.52</ele>
				<time>2026-08-06T19:16:26.074Z</time>
			</trkpt>
			<trkpt lat="39.8676" lon="20.77419">
				<ele>782.46</ele>
				<time>2026-08-06T19:16:28.746Z</time>
			</trkpt>
			<trkpt lat="39.86759" lon="20.77433">
				<ele>782.32</ele>
				<time>2026-08-06T19:16:29.289Z</time>
			</trkpt>
			<trkpt lat="39.86754" lon="20.77448">
				<ele>781.29</ele>
				<time>2026-08-06T19:16:29.921Z</time>
			</trkpt>
			<trkpt lat="39.86744" lon="20.77469">
				<ele>778.96</ele>
				<time>2026-08-06T19:16:30.879Z</time>
			</trkpt>
			<trkpt lat="39.86702" lon="20.7753">
				<ele>772.72</ele>
				<time>2026-08-06T19:16:34.070Z</time>
			</trkpt>
			<trkpt lat="39.86693" lon="20.77547">
				<ele>771.82</ele>
				<time>2026-08-06T19:16:34.878Z</time>
			</trkpt>
			<trkpt lat="39.86681" lon="20.77575">
				<ele>769.86</ele>
				<time>2026-08-06T19:16:36.136Z</time>
			</trkpt>
			<trkpt lat="39.86678" lon="20.77589">
				<ele>769.12</ele>
				<time>2026-08-06T19:16:36.708Z</time>
			</trkpt>
			<trkpt lat="39.86678" lon="20.776">
				<ele>768.66</ele>
				<time>2026-08-06T19:16:37.141Z</time>
			</trkpt>
			<trkpt lat="39.8668" lon="20.7762">
				<ele>768.5</ele>
				<time>2026-08-06T19:16:37.936Z</time>
			</trkpt>
			<trkpt lat="39.86689" lon="20.7766">
				<ele>768.82</ele>
				<time>2026-08-06T19:16:39.585Z</time>
			</trkpt>
			<trkpt lat="39.86687" lon="20.77675">
				<ele>768.61</ele>
				<time>2026-08-06T19:16:40.189Z</time>
			</trkpt>
			<trkpt lat="39.8668" lon="20.77688">
				<ele>767.52</ele>
				<time>2026-08-06T19:16:40.820Z</time>
			</trkpt>
			<trkpt lat="39.86671" lon="20.77694">
				<ele>765.34</ele>
				<time>2026-08-06T19:16:41.344Z</time>
			</trkpt>
			<trkpt lat="39.86643" lon="20.77695">
				<ele>761.59</ele>
				<time>2026-08-06T19:16:42.799Z</time>
			</trkpt>
			<trkpt lat="39.86634" lon="20.77689">
				<ele>760</ele>
				<time>2026-08-06T19:16:43.326Z</time>
			</trkpt>
			<trkpt lat="39.86633" lon="20.7768">
				<ele>758.71</ele>
				<time>2026-08-06T19:16:43.690Z</time>
			</trkpt>
			<trkpt lat="39.86635" lon="20.77673">
				<ele>757.77</ele>
				<time>2026-08-06T19:16:43.989Z</time>
			</trkpt>
			<trkpt lat="39.86643" lon="20.77658">
				<ele>757.18</ele>
				<time>2026-08-06T19:16:44.722Z</time>
			</trkpt>
			<trkpt lat="39.86644" lon="20.7765">
				<ele>757.16</ele>
				<time>2026-08-06T19:16:45.047Z</time>
			</trkpt>
			<trkpt lat="39.86645" lon="20.77624">
				<ele>757.85</ele>
				<time>2026-08-06T19:16:46.094Z</time>
			</trkpt>
			<trkpt lat="39.86636" lon="20.77604">
				<ele>756.86</ele>
				<time>2026-08-06T19:16:47.030Z</time>
			</trkpt>
			<trkpt lat="39.86628" lon="20.77595">
				<ele>755.82</ele>
				<time>2026-08-06T19:16:47.586Z</time>
			</trkpt>
			<trkpt lat="39.86622" lon="20.77592">
				<ele>754.65</ele>
				<time>2026-08-06T19:16:47.925Z</time>
			</trkpt>
			<trkpt lat="39.86602" lon="20.77585">
				<ele>750.88</ele>
				<time>2026-08-06T19:16:49.018Z</time>
			</trkpt>
			<trkpt lat="39.86592" lon="20.77583">
				<ele>749.33</ele>
				<time>2026-08-06T19:16:49.553Z</time>
			</trkpt>
			<trkpt lat="39.86572" lon="20.77587">
				<ele>747.14</ele>
				<time>2026-08-06T19:16:50.626Z</time>
			</trkpt>
			<trkpt lat="39.86554" lon="20.77592">
				<ele>745.95</ele>
				<time>2026-08-06T19:16:51.604Z</time>
			</trkpt>
			<trkpt lat="39.86544" lon="20.77598">
				<ele>746.03</ele>
				<time>2026-08-06T19:16:52.191Z</time>
			</trkpt>
			<trkpt lat="39.86502" lon="20.77628">
				<ele>747.16</ele>
				<time>2026-08-06T19:16:54.752Z</time>
			</trkpt>
			<trkpt lat="39.86489" lon="20.77636">
				<ele>746.54</ele>
				<time>2026-08-06T19:16:55.524Z</time>
			</trkpt>
			<trkpt lat="39.86467" lon="20.77641">
				<ele>745.18</ele>
				<time>2026-08-06T19:16:56.726Z</time>
			</trkpt>
			<trkpt lat="39.8645" lon="20.7764">
				<ele>745.1</ele>
				<time>2026-08-06T19:16:57.644Z</time>
			</trkpt>
			<trkpt lat="39.86435" lon="20.77634">
				<ele>745.57</ele>
				<time>2026-08-06T19:16:58.493Z</time>
			</trkpt>
			<trkpt lat="39.86421" lon="20.77624">
				<ele>746.02</ele>
				<time>2026-08-06T19:16:59.358Z</time>
			</trkpt>
			<trkpt lat="39.86374" lon="20.77576">
				<ele>740.41</ele>
				<time>2026-08-06T19:17:02.613Z</time>
			</trkpt>
			<trkpt lat="39.86351" lon="20.7756">
				<ele>736.22</ele>
				<time>2026-08-06T19:17:04.042Z</time>
			</trkpt>
			<trkpt lat="39.86291" lon="20.77499">
				<ele>733.83</ele>
				<time>2026-08-06T19:17:08.244Z</time>
			</trkpt>
			<trkpt lat="39.86281" lon="20.77492">
				<ele>731.86</ele>
				<time>2026-08-06T19:17:08.875Z</time>
			</trkpt>
			<trkpt lat="39.86276" lon="20.77486">
				<ele>731.15</ele>
				<time>2026-08-06T19:17:09.253Z</time>
			</trkpt>
			<trkpt lat="39.86261" lon="20.77487">
				<ele>733.32</ele>
				<time>2026-08-06T19:17:10.090Z</time>
			</trkpt>
			<trkpt lat="39.86238" lon="20.77493">
				<ele>737.67</ele>
				<time>2026-08-06T19:17:11.400Z</time>
			</trkpt>
			<trkpt lat="39.86196" lon="20.77494">
				<ele>746.78</ele>
				<time>2026-08-06T19:17:13.757Z</time>
			</trkpt>
			<trkpt lat="39.86186" lon="20.77492">
				<ele>750.61</ele>
				<time>2026-08-06T19:17:14.327Z</time>
			</trkpt>
			<trkpt lat="39.86161" lon="20.7748">
				<ele>761.32</ele>
				<time>2026-08-06T19:17:15.832Z</time>
			</trkpt>
			<trkpt lat="39.86145" lon="20.77465">
				<ele>764.33</ele>
				<time>2026-08-06T19:17:16.949Z</time>
			</trkpt>
			<trkpt lat="39.86127" lon="20.77439">
				<ele>751.69</ele>
				<time>2026-08-06T19:17:18.477Z</time>
			</trkpt>
			<trkpt lat="39.86116" lon="20.7741">
				<ele>738.13</ele>
				<time>2026-08-06T19:17:19.894Z</time>
			</trkpt>
			<trkpt lat="39.86105" lon="20.77391">
				<ele>737.52</ele>
				<time>2026-08-06T19:17:20.940Z</time>
			</trkpt>
			<trkpt lat="39.86093" lon="20.7738">
				<ele>738.31</ele>
				<time>2026-08-06T19:17:21.782Z</time>
			</trkpt>
			<trkpt lat="39.8608" lon="20.77376">
				<ele>738.61</ele>
				<time>2026-08-06T19:17:22.550Z</time>
			</trkpt>
			<trkpt lat="39.86073" lon="20.77377">
				<ele>738.71</ele>
				<time>2026-08-06T19:17:22.956Z</time>
			</trkpt>
			<trkpt lat="39.86042" lon="20.77387">
				<ele>739.41</ele>
				<time>2026-08-06T19:17:24.800Z</time>
			</trkpt>
			<trkpt lat="39.86022" lon="20.77396">
				<ele>742.97</ele>
				<time>2026-08-06T19:17:26.027Z</time>
			</trkpt>
			<trkpt lat="39.86007" lon="20.77405">
				<ele>744.68</ele>
				<time>2026-08-06T19:17:26.987Z</time>
			</trkpt>
			<trkpt lat="39.85946" lon="20.77449">
				<ele>739.28</ele>
				<time>2026-08-06T19:17:31.066Z</time>
			</trkpt>
			<trkpt lat="39.85928" lon="20.77458">
				<ele>741.12</ele>
				<time>2026-08-06T19:17:32.203Z</time>
			</trkpt>
			<trkpt lat="39.85916" lon="20.77459">
				<ele>740.9</ele>
				<time>2026-08-06T19:17:32.914Z</time>
			</trkpt>
			<trkpt lat="39.85906" lon="20.77458">
				<ele>740.26</ele>
				<time>2026-08-06T19:17:33.508Z</time>
			</trkpt>
			<trkpt lat="39.85866" lon="20.77446">
				<ele>738.05</ele>
				<time>2026-08-06T19:17:35.953Z</time>
			</trkpt>
			<trkpt lat="39.85843" lon="20.77444">
				<ele>739.95</ele>
				<time>2026-08-06T19:17:37.335Z</time>
			</trkpt>
			<trkpt lat="39.85823" lon="20.77451">
				<ele>740.7</ele>
				<time>2026-08-06T19:17:38.582Z</time>
			</trkpt>
			<trkpt lat="39.85786" lon="20.77481">
				<ele>740.73</ele>
				<time>2026-08-06T19:17:41.222Z</time>
			</trkpt>
			<trkpt lat="39.85774" lon="20.77487">
				<ele>741.64</ele>
				<time>2026-08-06T19:17:42.005Z</time>
			</trkpt>
			<trkpt lat="39.85754" lon="20.77492">
				<ele>743.52</ele>
				<time>2026-08-06T19:17:43.249Z</time>
			</trkpt>
			<trkpt lat="39.85737" lon="20.77487">
				<ele>743.33</ele>
				<time>2026-08-06T19:17:44.318Z</time>
			</trkpt>
			<trkpt lat="39.85726" lon="20.77479">
				<ele>742.36</ele>
				<time>2026-08-06T19:17:45.092Z</time>
			</trkpt>
			<trkpt lat="39.85683" lon="20.77439">
				<ele>744.21</ele>
				<time>2026-08-06T19:17:48.360Z</time>
			</trkpt>
			<trkpt lat="39.85676" lon="20.77435">
				<ele>744.65</ele>
				<time>2026-08-06T19:17:48.836Z</time>
			</trkpt>
			<trkpt lat="39.85662" lon="20.7743">
				<ele>745.02</ele>
				<time>2026-08-06T19:17:49.741Z</time>
			</trkpt>
			<trkpt lat="39.85648" lon="20.77429">
				<ele>745.22</ele>
				<time>2026-08-06T19:17:50.617Z</time>
			</trkpt>
			<trkpt lat="39.85629" lon="20.77434">
				<ele>745.37</ele>
				<time>2026-08-06T19:17:51.832Z</time>
			</trkpt>
			<trkpt lat="39.85611" lon="20.77445">
				<ele>746.14</ele>
				<time>2026-08-06T19:17:53.082Z</time>
			</trkpt>
			<trkpt lat="39.85571" lon="20.77479">
				<ele>747.59</ele>
				<time>2026-08-06T19:17:56.104Z</time>
			</trkpt>
			<trkpt lat="39.85547" lon="20.77492">
				<ele>747.07</ele>
				<time>2026-08-06T19:17:57.759Z</time>
			</trkpt>
			<trkpt lat="39.85529" lon="20.77498">
				<ele>745.98</ele>
				<time>2026-08-06T19:17:58.947Z</time>
			</trkpt>
			<trkpt lat="39.85294" lon="20.77535">
				<ele>747.06</ele>
				<time>2026-08-06T19:18:14.403Z</time>
			</trkpt>
			<trkpt lat="39.85259" lon="20.7753">
				<ele>753.03</ele>
				<time>2026-08-06T19:18:16.753Z</time>
			</trkpt>
			<trkpt lat="39.85242" lon="20.77525">
				<ele>754.35</ele>
				<time>2026-08-06T19:18:17.921Z</time>
			</trkpt>
			<trkpt lat="39.85225" lon="20.77517">
				<ele>754.4</ele>
				<time>2026-08-06T19:18:19.135Z</time>
			</trkpt>
			<trkpt lat="39.85165" lon="20.77481">
				<ele>754.15</ele>
				<time>2026-08-06T19:18:23.602Z</time>
			</trkpt>
			<trkpt lat="39.85133" lon="20.77453">
				<ele>754.66</ele>
				<time>2026-08-06T19:18:26.229Z</time>
			</trkpt>
			<trkpt lat="39.85104" lon="20.7742">
				<ele>756.01</ele>
				<time>2026-08-06T19:18:28.868Z</time>
			</trkpt>
			<trkpt lat="39.84981" lon="20.77262">
				<ele>760.8</ele>
				<time>2026-08-06T19:18:40.887Z</time>
			</trkpt>
			<trkpt lat="39.8495" lon="20.77231">
				<ele>762.5</ele>
				<time>2026-08-06T19:18:43.646Z</time>
			</trkpt>
			<trkpt lat="39.8492" lon="20.77213">
				<ele>760.15</ele>
				<time>2026-08-06T19:18:45.989Z</time>
			</trkpt>
			<trkpt lat="39.84819" lon="20.77164">
				<ele>765.22</ele>
				<time>2026-08-06T19:18:53.706Z</time>
			</trkpt>
			<trkpt lat="39.84806" lon="20.77157">
				<ele>765.66</ele>
				<time>2026-08-06T19:18:54.721Z</time>
			</trkpt>
			<trkpt lat="39.84771" lon="20.77141">
				<ele>766.37</ele>
				<time>2026-08-06T19:18:57.406Z</time>
			</trkpt>
			<trkpt lat="39.84758" lon="20.77131">
				<ele>765.81</ele>
				<time>2026-08-06T19:18:58.502Z</time>
			</trkpt>
			<trkpt lat="39.84745" lon="20.77115">
				<ele>766.32</ele>
				<time>2026-08-06T19:18:59.804Z</time>
			</trkpt>
			<trkpt lat="39.8474" lon="20.77099">
				<ele>767.86</ele>
				<time>2026-08-06T19:19:00.771Z</time>
			</trkpt>
			<trkpt lat="39.84739" lon="20.77089">
				<ele>768.15</ele>
				<time>2026-08-06T19:19:01.336Z</time>
			</trkpt>
			<trkpt lat="39.8474" lon="20.77073">
				<ele>768.16</ele>
				<time>2026-08-06T19:19:02.237Z</time>
			</trkpt>
			<trkpt lat="39.84759" lon="20.76991">
				<ele>769.39</ele>
				<time>2026-08-06T19:19:07.067Z</time>
			</trkpt>
			<trkpt lat="39.84763" lon="20.76961">
				<ele>771.27</ele>
				<time>2026-08-06T19:19:08.793Z</time>
			</trkpt>
			<trkpt lat="39.84761" lon="20.76942">
				<ele>771.75</ele>
				<time>2026-08-06T19:19:09.883Z</time>
			</trkpt>
			<trkpt lat="39.84755" lon="20.76924">
				<ele>772.18</ele>
				<time>2026-08-06T19:19:11.000Z</time>
			</trkpt>
			<trkpt lat="39.84751" lon="20.76917">
				<ele>772.13</ele>
				<time>2026-08-06T19:19:11.497Z</time>
			</trkpt>
			<trkpt lat="39.84735" lon="20.76898">
				<ele>773.32</ele>
				<time>2026-08-06T19:19:13.107Z</time>
			</trkpt>
			<trkpt lat="39.84693" lon="20.76871">
				<ele>775.22</ele>
				<time>2026-08-06T19:19:16.603Z</time>
			</trkpt>
			<trkpt lat="39.84683" lon="20.76861">
				<ele>775.56</ele>
				<time>2026-08-06T19:19:17.547Z</time>
			</trkpt>
			<trkpt lat="39.84663" lon="20.7683">
				<ele>773.81</ele>
				<time>2026-08-06T19:19:19.881Z</time>
			</trkpt>
			<trkpt lat="39.84639" lon="20.76778">
				<ele>776.91</ele>
				<time>2026-08-06T19:19:23.393Z</time>
			</trkpt>
			<trkpt lat="39.84622" lon="20.76755">
				<ele>775.19</ele>
				<time>2026-08-06T19:19:25.249Z</time>
			</trkpt>
			<trkpt lat="39.846" lon="20.7674">
				<ele>774.45</ele>
				<time>2026-08-06T19:19:27.134Z</time>
			</trkpt>
			<trkpt lat="39.84532" lon="20.76709">
				<ele>780.11</ele>
				<time>2026-08-06T19:19:32.630Z</time>
			</trkpt>
			<trkpt lat="39.84516" lon="20.76697">
				<ele>779.29</ele>
				<time>2026-08-06T19:19:34.046Z</time>
			</trkpt>
			<trkpt lat="39.84505" lon="20.76683">
				<ele>778.85</ele>
				<time>2026-08-06T19:19:35.227Z</time>
			</trkpt>
			<trkpt lat="39.84463" lon="20.76622">
				<ele>780.24</ele>
				<time>2026-08-06T19:19:40.077Z</time>
			</trkpt>
			<trkpt lat="39.84447" lon="20.76602">
				<ele>781.57</ele>
				<time>2026-08-06T19:19:41.794Z</time>
			</trkpt>
			<trkpt lat="39.84386" lon="20.7654">
				<ele>783.22</ele>
				<time>2026-08-06T19:19:47.815Z</time>
			</trkpt>
			<trkpt lat="39.8422" lon="20.76379">
				<ele>785.52</ele>
				<time>2026-08-06T19:20:04.141Z</time>
			</trkpt>
			<trkpt lat="39.842" lon="20.76353">
				<ele>783.35</ele>
				<time>2026-08-06T19:20:06.394Z</time>
			</trkpt>
			<trkpt lat="39.84187" lon="20.76327">
				<ele>784.16</ele>
				<time>2026-08-06T19:20:08.298Z</time>
			</trkpt>
			<trkpt lat="39.84176" lon="20.76299">
				<ele>786.94</ele>
				<time>2026-08-06T19:20:10.232Z</time>
			</trkpt>
			<trkpt lat="39.84118" lon="20.76128">
				<ele>797.07</ele>
				<time>2026-08-06T19:20:21.809Z</time>
			</trkpt>
			<trkpt lat="39.8411" lon="20.76109">
				<ele>797.02</ele>
				<time>2026-08-06T19:20:23.160Z</time>
			</trkpt>
			<trkpt lat="39.84089" lon="20.76069">
				<ele>796.27</ele>
				<time>2026-08-06T19:20:26.187Z</time>
			</trkpt>
			<trkpt lat="39.84032" lon="20.75989">
				<ele>794.61</ele>
				<time>2026-08-06T19:20:33.039Z</time>
			</trkpt>
			<trkpt lat="39.83997" lon="20.75943">
				<ele>793.05</ele>
				<time>2026-08-06T19:20:37.126Z</time>
			</trkpt>
			<trkpt lat="39.83963" lon="20.7591">
				<ele>794.75</ele>
				<time>2026-08-06T19:20:40.623Z</time>
			</trkpt>
			<trkpt lat="39.83898" lon="20.75862">
				<ele>795.9</ele>
				<time>2026-08-06T19:20:46.812Z</time>
			</trkpt>
			<trkpt lat="39.83873" lon="20.75837">
				<ele>798.52</ele>
				<time>2026-08-06T19:20:49.432Z</time>
			</trkpt>
			<trkpt lat="39.83857" lon="20.75816">
				<ele>800.78</ele>
				<time>2026-08-06T19:20:51.325Z</time>
			</trkpt>
			<trkpt lat="39.83777" lon="20.75701">
				<ele>811.78</ele>
				<time>2026-08-06T19:21:01.300Z</time>
			</trkpt>
			<trkpt lat="39.83763" lon="20.75673">
				<ele>811.5</ele>
				<time>2026-08-06T19:21:03.458Z</time>
			</trkpt>
			<trkpt lat="39.83752" lon="20.75643">
				<ele>808.81</ele>
				<time>2026-08-06T19:21:05.609Z</time>
			</trkpt>
			<trkpt lat="39.83745" lon="20.7561">
				<ele>806.67</ele>
				<time>2026-08-06T19:21:07.828Z</time>
			</trkpt>
			<trkpt lat="39.83741" lon="20.75588">
				<ele>806.42</ele>
				<time>2026-08-06T19:21:09.295Z</time>
			</trkpt>
			<trkpt lat="39.83738" lon="20.75544">
				<ele>806.33</ele>
				<time>2026-08-06T19:21:12.167Z</time>
			</trkpt>
			<trkpt lat="39.83747" lon="20.75391">
				<ele>813.99</ele>
				<time>2026-08-06T19:21:22.188Z</time>
			</trkpt>
			<trkpt lat="39.83746" lon="20.75349">
				<ele>816.96</ele>
				<time>2026-08-06T19:21:24.945Z</time>
			</trkpt>
			<trkpt lat="39.8374" lon="20.7532">
				<ele>819.08</ele>
				<time>2026-08-06T19:21:26.918Z</time>
			</trkpt>
			<trkpt lat="39.83723" lon="20.75273">
				<ele>820.91</ele>
				<time>2026-08-06T19:21:30.338Z</time>
			</trkpt>
			<trkpt lat="39.83719" lon="20.75254">
				<ele>820.36</ele>
				<time>2026-08-06T19:21:31.637Z</time>
			</trkpt>
			<trkpt lat="39.83718" lon="20.75234">
				<ele>821.34</ele>
				<time>2026-08-06T19:21:32.960Z</time>
			</trkpt>
			<trkpt lat="39.8372" lon="20.75212">
				<ele>822.45</ele>
				<time>2026-08-06T19:21:34.423Z</time>
			</trkpt>
			<trkpt lat="39.83727" lon="20.7519">
				<ele>823.98</ele>
				<time>2026-08-06T19:21:35.997Z</time>
			</trkpt>
			<trkpt lat="39.83737" lon="20.75171">
				<ele>825.4</ele>
				<time>2026-08-06T19:21:37.521Z</time>
			</trkpt>
			<trkpt lat="39.83782" lon="20.75096">
				<ele>830.28</ele>
				<time>2026-08-06T19:21:43.835Z</time>
			</trkpt>
			<trkpt lat="39.83792" lon="20.75074">
				<ele>830.64</ele>
				<time>2026-08-06T19:21:45.534Z</time>
			</trkpt>
			<trkpt lat="39.83798" lon="20.75051">
				<ele>829.22</ele>
				<time>2026-08-06T19:21:47.151Z</time>
			</trkpt>
			<trkpt lat="39.83801" lon="20.75015">
				<ele>827.64</ele>
				<time>2026-08-06T19:21:49.564Z</time>
			</trkpt>
			<trkpt lat="39.83803" lon="20.74758">
				<ele>833.77</ele>
				<time>2026-08-06T19:22:06.783Z</time>
			</trkpt>
			<trkpt lat="39.83803" lon="20.74727">
				<ele>834.16</ele>
				<time>2026-08-06T19:22:08.870Z</time>
			</trkpt>
			<trkpt lat="39.83801" lon="20.74711">
				<ele>835.24</ele>
				<time>2026-08-06T19:22:09.962Z</time>
			</trkpt>
			<trkpt lat="39.83794" lon="20.74681">
				<ele>836.89</ele>
				<time>2026-08-06T19:22:12.077Z</time>
			</trkpt>
			<trkpt lat="39.83782" lon="20.74652">
				<ele>838.14</ele>
				<time>2026-08-06T19:22:14.301Z</time>
			</trkpt>
			<trkpt lat="39.83744" lon="20.74565">
				<ele>842.58</ele>
				<time>2026-08-06T19:22:21.073Z</time>
			</trkpt>
			<trkpt lat="39.83701" lon="20.74433">
				<ele>840.15</ele>
				<time>2026-08-06T19:22:30.810Z</time>
			</trkpt>
			<trkpt lat="39.83652" lon="20.74275">
				<ele>849.79</ele>
				<time>2026-08-06T19:22:42.432Z</time>
			</trkpt>
			<trkpt lat="39.83649" lon="20.74262">
				<ele>847.84</ele>
				<time>2026-08-06T19:22:43.361Z</time>
			</trkpt>
			<trkpt lat="39.83648" lon="20.74245">
				<ele>845.87</ele>
				<time>2026-08-06T19:22:44.527Z</time>
			</trkpt>
			<trkpt lat="39.83649" lon="20.74216">
				<ele>845.62</ele>
				<time>2026-08-06T19:22:46.514Z</time>
			</trkpt>
			<trkpt lat="39.83652" lon="20.74203">
				<ele>845.99</ele>
				<time>2026-08-06T19:22:47.443Z</time>
			</trkpt>
			<trkpt lat="39.83739" lon="20.73917">
				<ele>851.83</ele>
				<time>2026-08-06T19:23:08.587Z</time>
			</trkpt>
			<trkpt lat="39.83757" lon="20.73869">
				<ele>853.38</ele>
				<time>2026-08-06T19:23:12.273Z</time>
			</trkpt>
			<trkpt lat="39.83785" lon="20.73816">
				<ele>854.9</ele>
				<time>2026-08-06T19:23:16.716Z</time>
			</trkpt>
			<trkpt lat="39.83832" lon="20.73748">
				<ele>858.81</ele>
				<time>2026-08-06T19:23:23.045Z</time>
			</trkpt>
			<trkpt lat="39.83903" lon="20.73627">
				<ele>868.84</ele>
				<time>2026-08-06T19:23:33.600Z</time>
			</trkpt>
			<trkpt lat="39.8391" lon="20.73611">
				<ele>867.58</ele>
				<time>2026-08-06T19:23:34.878Z</time>
			</trkpt>
			<trkpt lat="39.83912" lon="20.73596">
				<ele>866.36</ele>
				<time>2026-08-06T19:23:35.935Z</time>
			</trkpt>
			<trkpt lat="39.83901" lon="20.73554">
				<ele>870.99</ele>
				<time>2026-08-06T19:23:39.016Z</time>
			</trkpt>
			<trkpt lat="39.84121" lon="20.7347">
				<ele>877.18</ele>
				<time>2026-08-06T19:23:59.794Z</time>
			</trkpt>
			<trkpt lat="39.84148" lon="20.73455">
				<ele>878.54</ele>
				<time>2026-08-06T19:24:02.459Z</time>
			</trkpt>
			<trkpt lat="39.84346" lon="20.73318">
				<ele>880.48</ele>
				<time>2026-08-06T19:24:22.840Z</time>
			</trkpt>
			<trkpt lat="39.84392" lon="20.73296">
				<ele>879.67</ele>
				<time>2026-08-06T19:24:27.299Z</time>
			</trkpt>
			<trkpt lat="39.84414" lon="20.73278">
				<ele>877.12</ele>
				<time>2026-08-06T19:24:29.663Z</time>
			</trkpt>
			<trkpt lat="39.84499" lon="20.73193">
				<ele>868.93</ele>
				<time>2026-08-06T19:24:39.418Z</time>
			</trkpt>
			<trkpt lat="39.84553" lon="20.73132">
				<ele>867.19</ele>
				<time>2026-08-06T19:24:45.925Z</time>
			</trkpt>
			<trkpt lat="39.84652" lon="20.72995">
				<ele>863.09</ele>
				<time>2026-08-06T19:24:59.075Z</time>
			</trkpt>
			<trkpt lat="39.84721" lon="20.72894">
				<ele>859.34</ele>
				<time>2026-08-06T19:25:08.720Z</time>
			</trkpt>
			<trkpt lat="39.84761" lon="20.72849">
				<ele>857.68</ele>
				<time>2026-08-06T19:25:13.755Z</time>
			</trkpt>
			<trkpt lat="39.84827" lon="20.72783">
				<ele>856.47</ele>
				<time>2026-08-06T19:25:21.838Z</time>
			</trkpt>
			<trkpt lat="39.84866" lon="20.7275">
				<ele>852.3</ele>
				<time>2026-08-06T19:25:26.437Z</time>
			</trkpt>
			<trkpt lat="39.85084" lon="20.7259">
				<ele>849.51</ele>
				<time>2026-08-06T19:25:52.060Z</time>
			</trkpt>
			<trkpt lat="39.85131" lon="20.72566">
				<ele>847.31</ele>
				<time>2026-08-06T19:25:57.391Z</time>
			</trkpt>
			<trkpt lat="39.85206" lon="20.72534">
				<ele>847.97</ele>
				<time>2026-08-06T19:26:05.818Z</time>
			</trkpt>
			<trkpt lat="39.85234" lon="20.72525">
				<ele>848.69</ele>
				<time>2026-08-06T19:26:08.924Z</time>
			</trkpt>
			<trkpt lat="39.85304" lon="20.72509">
				<ele>848.64</ele>
				<time>2026-08-06T19:26:16.635Z</time>
			</trkpt>
			<trkpt lat="39.85368" lon="20.725">
				<ele>844.77</ele>
				<time>2026-08-06T19:26:23.683Z</time>
			</trkpt>
			<trkpt lat="39.85468" lon="20.72494">
				<ele>843.86</ele>
				<time>2026-08-06T19:26:34.750Z</time>
			</trkpt>
			<trkpt lat="39.85489" lon="20.72497">
				<ele>844.97</ele>
				<time>2026-08-06T19:26:37.100Z</time>
			</trkpt>
			<trkpt lat="39.85514" lon="20.72504">
				<ele>846.76</ele>
				<time>2026-08-06T19:26:39.951Z</time>
			</trkpt>
			<trkpt lat="39.85543" lon="20.72515">
				<ele>848.67</ele>
				<time>2026-08-06T19:26:43.327Z</time>
			</trkpt>
			<trkpt lat="39.85572" lon="20.72531">
				<ele>849.54</ele>
				<time>2026-08-06T19:26:46.856Z</time>
			</trkpt>
			<trkpt lat="39.85613" lon="20.72566">
				<ele>847.07</ele>
				<time>2026-08-06T19:26:52.365Z</time>
			</trkpt>
			<trkpt lat="39.85716" lon="20.72668">
				<ele>850.5</ele>
				<time>2026-08-06T19:27:06.986Z</time>
			</trkpt>
			<trkpt lat="39.85929" lon="20.72869">
				<ele>859.32</ele>
				<time>2026-08-06T19:27:36.891Z</time>
			</trkpt>
			<trkpt lat="39.85954" lon="20.72885">
				<ele>860.01</ele>
				<time>2026-08-06T19:27:40.060Z</time>
			</trkpt>
			<trkpt lat="39.85971" lon="20.72889">
				<ele>860.26</ele>
				<time>2026-08-06T19:27:42.025Z</time>
			</trkpt>
			<trkpt lat="39.85987" lon="20.72888">
				<ele>858.89</ele>
				<time>2026-08-06T19:27:43.846Z</time>
			</trkpt>
			<trkpt lat="39.8601" lon="20.72882">
				<ele>857.01</ele>
				<time>2026-08-06T19:27:46.511Z</time>
			</trkpt>
			<trkpt lat="39.86025" lon="20.72872">
				<ele>855.57</ele>
				<time>2026-08-06T19:27:48.425Z</time>
			</trkpt>
			<trkpt lat="39.86089" lon="20.72819">
				<ele>854.1</ele>
				<time>2026-08-06T19:27:57.023Z</time>
			</trkpt>
			<trkpt lat="39.86116" lon="20.72787">
				<ele>854.25</ele>
				<time>2026-08-06T19:28:01.152Z</time>
			</trkpt>
			<trkpt lat="39.8612" lon="20.7278">
				<ele>853.99</ele>
				<time>2026-08-06T19:28:01.909Z</time>
			</trkpt>
			<trkpt lat="39.86124" lon="20.72766">
				<ele>854.14</ele>
				<time>2026-08-06T19:28:03.204Z</time>
			</trkpt>
			<trkpt lat="39.86126" lon="20.72749">
				<ele>853.69</ele>
				<time>2026-08-06T19:28:04.693Z</time>
			</trkpt>
			<trkpt lat="39.86126" lon="20.72725">
				<ele>853.35</ele>
				<time>2026-08-06T19:28:06.770Z</time>
			</trkpt>
			<trkpt lat="39.86119" lon="20.72656">
				<ele>854.51</ele>
				<time>2026-08-06T19:28:12.779Z</time>
			</trkpt>
			<trkpt lat="39.86118" lon="20.72609">
				<ele>853.17</ele>
				<time>2026-08-06T19:28:16.825Z</time>
			</trkpt>
			<trkpt lat="39.86119" lon="20.72593">
				<ele>853.1</ele>
				<time>2026-08-06T19:28:18.204Z</time>
			</trkpt>
			<trkpt lat="39.86125" lon="20.72562">
				<ele>853.05</ele>
				<time>2026-08-06T19:28:20.945Z</time>
			</trkpt>
			<trkpt lat="39.86136" lon="20.72533">
				<ele>853.95</ele>
				<time>2026-08-06T19:28:23.712Z</time>
			</trkpt>
			<trkpt lat="39.86144" lon="20.72517">
				<ele>855</ele>
				<time>2026-08-06T19:28:25.343Z</time>
			</trkpt>
			<trkpt lat="39.8617" lon="20.72481">
				<ele>856.34</ele>
				<time>2026-08-06T19:28:29.553Z</time>
			</trkpt>
			<trkpt lat="39.86217" lon="20.72431">
				<ele>859.37</ele>
				<time>2026-08-06T19:28:36.251Z</time>
			</trkpt>
			<trkpt lat="39.86234" lon="20.72416">
				<ele>859.73</ele>
				<time>2026-08-06T19:28:38.507Z</time>
			</trkpt>
			<trkpt lat="39.8628" lon="20.72388">
				<ele>860.88</ele>
				<time>2026-08-06T19:28:44.060Z</time>
			</trkpt>
			<trkpt lat="39.86301" lon="20.72371">
				<ele>861.86</ele>
				<time>2026-08-06T19:28:46.751Z</time>
			</trkpt>
			<trkpt lat="39.86401" lon="20.72244">
				<ele>845.21</ele>
				<time>2026-08-06T19:29:01.765Z</time>
			</trkpt>
			<trkpt lat="39.86414" lon="20.72235">
				<ele>844.65</ele>
				<time>2026-08-06T19:29:03.327Z</time>
			</trkpt>
			<trkpt lat="39.86425" lon="20.72233">
				<ele>843.71</ele>
				<time>2026-08-06T19:29:04.504Z</time>
			</trkpt>
			<trkpt lat="39.86437" lon="20.72235">
				<ele>843.35</ele>
				<time>2026-08-06T19:29:05.783Z</time>
			</trkpt>
			<trkpt lat="39.86446" lon="20.7224">
				<ele>843.44</ele>
				<time>2026-08-06T19:29:06.815Z</time>
			</trkpt>
			<trkpt lat="39.86459" lon="20.72254">
				<ele>842.98</ele>
				<time>2026-08-06T19:29:08.590Z</time>
			</trkpt>
			<trkpt lat="39.86475" lon="20.72282">
				<ele>844.45</ele>
				<time>2026-08-06T19:29:11.398Z</time>
			</trkpt>
			<trkpt lat="39.86489" lon="20.72298">
				<ele>843.08</ele>
				<time>2026-08-06T19:29:13.341Z</time>
			</trkpt>
			<trkpt lat="39.86591" lon="20.72365">
				<ele>841.34</ele>
				<time>2026-08-06T19:29:25.098Z</time>
			</trkpt>
			<trkpt lat="39.86637" lon="20.72386">
				<ele>838.17</ele>
				<time>2026-08-06T19:29:30.024Z</time>
			</trkpt>
			<trkpt lat="39.86666" lon="20.72381">
				<ele>836.5</ele>
				<time>2026-08-06T19:29:32.953Z</time>
			</trkpt>
			<trkpt lat="39.86678" lon="20.72376">
				<ele>837.93</ele>
				<time>2026-08-06T19:29:34.208Z</time>
			</trkpt>
			<trkpt lat="39.86693" lon="20.72363">
				<ele>838.23</ele>
				<time>2026-08-06T19:29:35.995Z</time>
			</trkpt>
			<trkpt lat="39.86716" lon="20.72333">
				<ele>837.28</ele>
				<time>2026-08-06T19:29:39.202Z</time>
			</trkpt>
			<trkpt lat="39.86784" lon="20.72216">
				<ele>845.4</ele>
				<time>2026-08-06T19:29:50.083Z</time>
			</trkpt>
			<trkpt lat="39.86788" lon="20.72206">
				<ele>847.72</ele>
				<time>2026-08-06T19:29:50.904Z</time>
			</trkpt>
			<trkpt lat="39.8679" lon="20.72195">
				<ele>848.24</ele>
				<time>2026-08-06T19:29:51.725Z</time>
			</trkpt>
			<trkpt lat="39.86793" lon="20.72151">
				<ele>844.71</ele>
				<time>2026-08-06T19:29:54.912Z</time>
			</trkpt>
			<trkpt lat="39.86791" lon="20.72118">
				<ele>841.61</ele>
				<time>2026-08-06T19:29:57.278Z</time>
			</trkpt>
			<trkpt lat="39.86788" lon="20.721">
				<ele>840.7</ele>
				<time>2026-08-06T19:29:58.586Z</time>
			</trkpt>
			<trkpt lat="39.86769" lon="20.7202">
				<ele>835.97</ele>
				<time>2026-08-06T19:30:04.453Z</time>
			</trkpt>
			<trkpt lat="39.86731" lon="20.7189">
				<ele>837.32</ele>
				<time>2026-08-06T19:30:13.900Z</time>
			</trkpt>
			<trkpt lat="39.86726" lon="20.71867">
				<ele>836.72</ele>
				<time>2026-08-06T19:30:15.484Z</time>
			</trkpt>
			<trkpt lat="39.86724" lon="20.71845">
				<ele>837.03</ele>
				<time>2026-08-06T19:30:16.942Z</time>
			</trkpt>
			<trkpt lat="39.86733" lon="20.71449">
				<ele>841.84</ele>
				<time>2026-08-06T19:30:41.168Z</time>
			</trkpt>
			<trkpt lat="39.86735" lon="20.71416">
				<ele>841.4</ele>
				<time>2026-08-06T19:30:43.024Z</time>
			</trkpt>
			<trkpt lat="39.86739" lon="20.71393">
				<ele>840.53</ele>
				<time>2026-08-06T19:30:44.329Z</time>
			</trkpt>
			<trkpt lat="39.86782" lon="20.71301">
				<ele>839.77</ele>
				<time>2026-08-06T19:30:50.116Z</time>
			</trkpt>
			<trkpt lat="39.86795" lon="20.71279">
				<ele>839.69</ele>
				<time>2026-08-06T19:30:51.564Z</time>
			</trkpt>
			<trkpt lat="39.86807" lon="20.71262">
				<ele>840.05</ele>
				<time>2026-08-06T19:30:52.756Z</time>
			</trkpt>
			<trkpt lat="39.86882" lon="20.71192">
				<ele>841</ele>
				<time>2026-08-06T19:30:58.782Z</time>
			</trkpt>
			<trkpt lat="39.86898" lon="20.71174">
				<ele>841.53</ele>
				<time>2026-08-06T19:31:00.123Z</time>
			</trkpt>
			<trkpt lat="39.86908" lon="20.71153">
				<ele>840.92</ele>
				<time>2026-08-06T19:31:01.315Z</time>
			</trkpt>
			<trkpt lat="39.86932" lon="20.71086">
				<ele>842.56</ele>
				<time>2026-08-06T19:31:04.818Z</time>
			</trkpt>
			<trkpt lat="39.86965" lon="20.71035">
				<ele>840.06</ele>
				<time>2026-08-06T19:31:07.903Z</time>
			</trkpt>
			<trkpt lat="39.87016" lon="20.70964">
				<ele>842.99</ele>
				<time>2026-08-06T19:31:12.285Z</time>
			</trkpt>
			<trkpt lat="39.87008" lon="20.70951">
				<ele>843.57</ele>
				<time>2026-08-06T19:31:13.024Z</time>
			</trkpt>
			<trkpt lat="39.86999" lon="20.70945">
				<ele>843.89</ele>
				<time>2026-08-06T19:31:13.605Z</time>
			</trkpt>
			<trkpt lat="39.86937" lon="20.70937">
				<ele>840.68</ele>
				<time>2026-08-06T19:31:17.145Z</time>
			</trkpt>
			<trkpt lat="39.86852" lon="20.70934">
				<ele>840.12</ele>
				<time>2026-08-06T19:31:21.871Z</time>
			</trkpt>
			<trkpt lat="39.86839" lon="20.70928">
				<ele>839.33</ele>
				<time>2026-08-06T19:31:22.628Z</time>
			</trkpt>
			<trkpt lat="39.86835" lon="20.70923">
				<ele>839.1</ele>
				<time>2026-08-06T19:31:22.932Z</time>
			</trkpt>
			<trkpt lat="39.86832" lon="20.70915">
				<ele>839.02</ele>
				<time>2026-08-06T19:31:23.305Z</time>
			</trkpt>
			<trkpt lat="39.86832" lon="20.70906">
				<ele>839.24</ele>
				<time>2026-08-06T19:31:23.683Z</time>
			</trkpt>
			<trkpt lat="39.86835" lon="20.70885">
				<ele>840</ele>
				<time>2026-08-06T19:31:24.575Z</time>
			</trkpt>
			<trkpt lat="39.86863" lon="20.70751">
				<ele>840.07</ele>
				<time>2026-08-06T19:31:30.320Z</time>
			</trkpt>
			<trkpt lat="39.86895" lon="20.70677">
				<ele>838.99</ele>
				<time>2026-08-06T19:31:33.798Z</time>
			</trkpt>
			<trkpt lat="39.86927" lon="20.70595">
				<ele>838.04</ele>
				<time>2026-08-06T19:31:37.553Z</time>
			</trkpt>
			<trkpt lat="39.8694" lon="20.70556">
				<ele>838.71</ele>
				<time>2026-08-06T19:31:39.289Z</time>
			</trkpt>
			<trkpt lat="39.86956" lon="20.7048">
				<ele>839.12</ele>
				<time>2026-08-06T19:31:42.513Z</time>
			</trkpt>
			<trkpt lat="39.86979" lon="20.7041">
				<ele>839.8</ele>
				<time>2026-08-06T19:31:45.647Z</time>
			</trkpt>
			<trkpt lat="39.86994" lon="20.70373">
				<ele>842.4</ele>
				<time>2026-08-06T19:31:47.380Z</time>
			</trkpt>
			<trkpt lat="39.87009" lon="20.70347">
				<ele>842.54</ele>
				<time>2026-08-06T19:31:48.734Z</time>
			</trkpt>
			<trkpt lat="39.87056" lon="20.70289">
				<ele>842.47</ele>
				<time>2026-08-06T19:31:52.278Z</time>
			</trkpt>
			<trkpt lat="39.87124" lon="20.70192">
				<ele>847.06</ele>
				<time>2026-08-06T19:31:57.917Z</time>
			</trkpt>
			<trkpt lat="39.87139" lon="20.70161">
				<ele>848.17</ele>
				<time>2026-08-06T19:31:59.521Z</time>
			</trkpt>
			<trkpt lat="39.87147" lon="20.70137">
				<ele>848.94</ele>
				<time>2026-08-06T19:32:00.675Z</time>
			</trkpt>
			<trkpt lat="39.87157" lon="20.70119">
				<ele>848.29</ele>
				<time>2026-08-06T19:32:01.656Z</time>
			</trkpt>
			<trkpt lat="39.87168" lon="20.70105">
				<ele>848.13</ele>
				<time>2026-08-06T19:32:02.538Z</time>
			</trkpt>
			<trkpt lat="39.87176" lon="20.70099">
				<ele>848.53</ele>
				<time>2026-08-06T19:32:03.068Z</time>
			</trkpt>
			<trkpt lat="39.87186" lon="20.70081">
				<ele>848.67</ele>
				<time>2026-08-06T19:32:04.045Z</time>
			</trkpt>
			<trkpt lat="39.87215" lon="20.7004">
				<ele>849.91</ele>
				<time>2026-08-06T19:32:06.494Z</time>
			</trkpt>
			<trkpt lat="39.87228" lon="20.70017">
				<ele>850.8</ele>
				<time>2026-08-06T19:32:07.746Z</time>
			</trkpt>
			<trkpt lat="39.87254" lon="20.69943">
				<ele>852.19</ele>
				<time>2026-08-06T19:32:11.305Z</time>
			</trkpt>
			<trkpt lat="39.87264" lon="20.6992">
				<ele>851.34</ele>
				<time>2026-08-06T19:32:12.459Z</time>
			</trkpt>
			<trkpt lat="39.87329" lon="20.69808">
				<ele>848.11</ele>
				<time>2026-08-06T19:32:18.572Z</time>
			</trkpt>
			<trkpt lat="39.87368" lon="20.69709">
				<ele>847.94</ele>
				<time>2026-08-06T19:32:23.403Z</time>
			</trkpt>
			<trkpt lat="39.87379" lon="20.6969">
				<ele>848.21</ele>
				<time>2026-08-06T19:32:24.435Z</time>
			</trkpt>
			<trkpt lat="39.87397" lon="20.69672">
				<ele>848.44</ele>
				<time>2026-08-06T19:32:25.716Z</time>
			</trkpt>
			<trkpt lat="39.87446" lon="20.69649">
				<ele>849.24</ele>
				<time>2026-08-06T19:32:28.656Z</time>
			</trkpt>
			<trkpt lat="39.87456" lon="20.69641">
				<ele>850.72</ele>
				<time>2026-08-06T19:32:29.318Z</time>
			</trkpt>
			<trkpt lat="39.87462" lon="20.69633">
				<ele>851.67</ele>
				<time>2026-08-06T19:32:29.803Z</time>
			</trkpt>
			<trkpt lat="39.87467" lon="20.69622">
				<ele>852.44</ele>
				<time>2026-08-06T19:32:30.356Z</time>
			</trkpt>
			<trkpt lat="39.87497" lon="20.69533">
				<ele>853.63</ele>
				<time>2026-08-06T19:32:34.565Z</time>
			</trkpt>
			<trkpt lat="39.87518" lon="20.69486">
				<ele>850.41</ele>
				<time>2026-08-06T19:32:36.921Z</time>
			</trkpt>
			<trkpt lat="39.87553" lon="20.69438">
				<ele>850.12</ele>
				<time>2026-08-06T19:32:39.789Z</time>
			</trkpt>
			<trkpt lat="39.87577" lon="20.6941">
				<ele>850.23</ele>
				<time>2026-08-06T19:32:41.609Z</time>
			</trkpt>
			<trkpt lat="39.87649" lon="20.69337">
				<ele>849.19</ele>
				<time>2026-08-06T19:32:46.771Z</time>
			</trkpt>
			<trkpt lat="39.87651" lon="20.69325">
				<ele>847.33</ele>
				<time>2026-08-06T19:32:47.305Z</time>
			</trkpt>
			<trkpt lat="39.87651" lon="20.69295">
				<ele>843.5</ele>
				<time>2026-08-06T19:32:48.610Z</time>
			</trkpt>
			<trkpt lat="39.87649" lon="20.69275">
				<ele>841.49</ele>
				<time>2026-08-06T19:32:49.488Z</time>
			</trkpt>
			<trkpt lat="39.87643" lon="20.69251">
				<ele>840.72</ele>
				<time>2026-08-06T19:32:50.587Z</time>
			</trkpt>
			<trkpt lat="39.87629" lon="20.69219">
				<ele>839.1</ele>
				<time>2026-08-06T19:32:52.193Z</time>
			</trkpt>
			<trkpt lat="39.87567" lon="20.69113">
				<ele>835.82</ele>
				<time>2026-08-06T19:32:58.022Z</time>
			</trkpt>
			<trkpt lat="39.87543" lon="20.69079">
				<ele>834.81</ele>
				<time>2026-08-06T19:33:00.050Z</time>
			</trkpt>
			<trkpt lat="39.87528" lon="20.69061">
				<ele>835.18</ele>
				<time>2026-08-06T19:33:01.218Z</time>
			</trkpt>
			<trkpt lat="39.87447" lon="20.68985">
				<ele>836.43</ele>
				<time>2026-08-06T19:33:06.959Z</time>
			</trkpt>
			<trkpt lat="39.87439" lon="20.68969">
				<ele>839.11</ele>
				<time>2026-08-06T19:33:07.806Z</time>
			</trkpt>
			<trkpt lat="39.87437" lon="20.6896">
				<ele>841.17</ele>
				<time>2026-08-06T19:33:08.221Z</time>
			</trkpt>
			<trkpt lat="39.87437" lon="20.68944">
				<ele>843.34</ele>
				<time>2026-08-06T19:33:08.931Z</time>
			</trkpt>
			<trkpt lat="39.87444" lon="20.68918">
				<ele>842.79</ele>
				<time>2026-08-06T19:33:10.156Z</time>
			</trkpt>
			<trkpt lat="39.87457" lon="20.68888">
				<ele>840.16</ele>
				<time>2026-08-06T19:33:11.690Z</time>
			</trkpt>
			<trkpt lat="39.87466" lon="20.68849">
				<ele>842.65</ele>
				<time>2026-08-06T19:33:13.508Z</time>
			</trkpt>
			<trkpt lat="39.8747" lon="20.68839">
				<ele>843.38</ele>
				<time>2026-08-06T19:33:14.013Z</time>
			</trkpt>
			<trkpt lat="39.87477" lon="20.68826">
				<ele>844.54</ele>
				<time>2026-08-06T19:33:14.723Z</time>
			</trkpt>
			<trkpt lat="39.87506" lon="20.68783">
				<ele>847.37</ele>
				<time>2026-08-06T19:33:17.292Z</time>
			</trkpt>
			<trkpt lat="39.87516" lon="20.68772">
				<ele>847.28</ele>
				<time>2026-08-06T19:33:18.059Z</time>
			</trkpt>
			<trkpt lat="39.87519" lon="20.68765">
				<ele>847.4</ele>
				<time>2026-08-06T19:33:18.420Z</time>
			</trkpt>
			<trkpt lat="39.87528" lon="20.68733">
				<ele>848.49</ele>
				<time>2026-08-06T19:33:19.958Z</time>
			</trkpt>
			<trkpt lat="39.87534" lon="20.68691">
				<ele>849.53</ele>
				<time>2026-08-06T19:33:21.890Z</time>
			</trkpt>
			<trkpt lat="39.87538" lon="20.68675">
				<ele>849.71</ele>
				<time>2026-08-06T19:33:22.653Z</time>
			</trkpt>
			<trkpt lat="39.87546" lon="20.68657">
				<ele>848.67</ele>
				<time>2026-08-06T19:33:23.597Z</time>
			</trkpt>
			<trkpt lat="39.87557" lon="20.68646">
				<ele>846.61</ele>
				<time>2026-08-06T19:33:24.419Z</time>
			</trkpt>
			<trkpt lat="39.87569" lon="20.68617">
				<ele>845.67</ele>
				<time>2026-08-06T19:33:25.921Z</time>
			</trkpt>
			<trkpt lat="39.87572" lon="20.68599">
				<ele>845.07</ele>
				<time>2026-08-06T19:33:26.762Z</time>
			</trkpt>
			<trkpt lat="39.87573" lon="20.68583">
				<ele>844.8</ele>
				<time>2026-08-06T19:33:27.496Z</time>
			</trkpt>
			<trkpt lat="39.87571" lon="20.68516">
				<ele>849.61</ele>
				<time>2026-08-06T19:33:30.575Z</time>
			</trkpt>
			<trkpt lat="39.87575" lon="20.68486">
				<ele>849.19</ele>
				<time>2026-08-06T19:33:31.979Z</time>
			</trkpt>
			<trkpt lat="39.87583" lon="20.6846">
				<ele>846.61</ele>
				<time>2026-08-06T19:33:33.274Z</time>
			</trkpt>
			<trkpt lat="39.87592" lon="20.68438">
				<ele>844.34</ele>
				<time>2026-08-06T19:33:34.429Z</time>
			</trkpt>
			<trkpt lat="39.87608" lon="20.68411">
				<ele>842.81</ele>
				<time>2026-08-06T19:33:36.015Z</time>
			</trkpt>
			<trkpt lat="39.87648" lon="20.68361">
				<ele>844.31</ele>
				<time>2026-08-06T19:33:39.385Z</time>
			</trkpt>
			<trkpt lat="39.87683" lon="20.6831">
				<ele>839.83</ele>
				<time>2026-08-06T19:33:42.566Z</time>
			</trkpt>
			<trkpt lat="39.87713" lon="20.68264">
				<ele>841.08</ele>
				<time>2026-08-06T19:33:45.358Z</time>
			</trkpt>
			<trkpt lat="39.87801" lon="20.68142">
				<ele>840.19</ele>
				<time>2026-08-06T19:33:53.042Z</time>
			</trkpt>
			<trkpt lat="39.87825" lon="20.68095">
				<ele>840.15</ele>
				<time>2026-08-06T19:33:55.614Z</time>
			</trkpt>
			<trkpt lat="39.87846" lon="20.68043">
				<ele>843.5</ele>
				<time>2026-08-06T19:33:58.283Z</time>
			</trkpt>
			<trkpt lat="39.87868" lon="20.68001">
				<ele>844.28</ele>
				<time>2026-08-06T19:34:00.586Z</time>
			</trkpt>
			<trkpt lat="39.87882" lon="20.67955">
				<ele>844.08</ele>
				<time>2026-08-06T19:34:02.822Z</time>
			</trkpt>
			<trkpt lat="39.87894" lon="20.67929">
				<ele>841.25</ele>
				<time>2026-08-06T19:34:04.190Z</time>
			</trkpt>
			<trkpt lat="39.87904" lon="20.67915">
				<ele>839.91</ele>
				<time>2026-08-06T19:34:05.052Z</time>
			</trkpt>
			<trkpt lat="39.87949" lon="20.67863">
				<ele>840</ele>
				<time>2026-08-06T19:34:08.576Z</time>
			</trkpt>
			<trkpt lat="39.87966" lon="20.67849">
				<ele>840.4</ele>
				<time>2026-08-06T19:34:09.752Z</time>
			</trkpt>
			<trkpt lat="39.88008" lon="20.67807">
				<ele>839.9</ele>
				<time>2026-08-06T19:34:12.843Z</time>
			</trkpt>
			<trkpt lat="39.88021" lon="20.67795">
				<ele>841.28</ele>
				<time>2026-08-06T19:34:13.772Z</time>
			</trkpt>
			<trkpt lat="39.88027" lon="20.67786">
				<ele>842.02</ele>
				<time>2026-08-06T19:34:14.306Z</time>
			</trkpt>
			<trkpt lat="39.8805" lon="20.67747">
				<ele>843.6</ele>
				<time>2026-08-06T19:34:16.504Z</time>
			</trkpt>
			<trkpt lat="39.88059" lon="20.67736">
				<ele>843</ele>
				<time>2026-08-06T19:34:17.222Z</time>
			</trkpt>
			<trkpt lat="39.88079" lon="20.67719">
				<ele>843.08</ele>
				<time>2026-08-06T19:34:18.611Z</time>
			</trkpt>
			<trkpt lat="39.88094" lon="20.6771">
				<ele>843.78</ele>
				<time>2026-08-06T19:34:19.572Z</time>
			</trkpt>
			<trkpt lat="39.8811" lon="20.67704">
				<ele>844.86</ele>
				<time>2026-08-06T19:34:20.539Z</time>
			</trkpt>
			<trkpt lat="39.88123" lon="20.67704">
				<ele>844.91</ele>
				<time>2026-08-06T19:34:21.295Z</time>
			</trkpt>
			<trkpt lat="39.88154" lon="20.6771">
				<ele>844.25</ele>
				<time>2026-08-06T19:34:23.115Z</time>
			</trkpt>
			<trkpt lat="39.88167" lon="20.67709">
				<ele>844.34</ele>
				<time>2026-08-06T19:34:23.871Z</time>
			</trkpt>
			<trkpt lat="39.88175" lon="20.67706">
				<ele>844.53</ele>
				<time>2026-08-06T19:34:24.355Z</time>
			</trkpt>
			<trkpt lat="39.8819" lon="20.67694">
				<ele>845.1</ele>
				<time>2026-08-06T19:34:25.376Z</time>
			</trkpt>
			<trkpt lat="39.8824" lon="20.67645">
				<ele>843.6</ele>
				<time>2026-08-06T19:34:29.007Z</time>
			</trkpt>
			<trkpt lat="39.88264" lon="20.67624">
				<ele>842.25</ele>
				<time>2026-08-06T19:34:30.685Z</time>
			</trkpt>
			<trkpt lat="39.88288" lon="20.67607">
				<ele>841.8</ele>
				<time>2026-08-06T19:34:32.270Z</time>
			</trkpt>
			<trkpt lat="39.88333" lon="20.67581">
				<ele>842.32</ele>
				<time>2026-08-06T19:34:35.128Z</time>
			</trkpt>
			<trkpt lat="39.88343" lon="20.67573">
				<ele>843.08</ele>
				<time>2026-08-06T19:34:35.809Z</time>
			</trkpt>
			<trkpt lat="39.88352" lon="20.67561">
				<ele>843.6</ele>
				<time>2026-08-06T19:34:36.557Z</time>
			</trkpt>
			<trkpt lat="39.88359" lon="20.67549">
				<ele>843.95</ele>
				<time>2026-08-06T19:34:37.229Z</time>
			</trkpt>
			<trkpt lat="39.8837" lon="20.67519">
				<ele>845.28</ele>
				<time>2026-08-06T19:34:38.712Z</time>
			</trkpt>
			<trkpt lat="39.88395" lon="20.67442">
				<ele>844.58</ele>
				<time>2026-08-06T19:34:42.445Z</time>
			</trkpt>
			<trkpt lat="39.88403" lon="20.67413">
				<ele>843.89</ele>
				<time>2026-08-06T19:34:43.822Z</time>
			</trkpt>
			<trkpt lat="39.88413" lon="20.67394">
				<ele>841.67</ele>
				<time>2026-08-06T19:34:44.853Z</time>
			</trkpt>
			<trkpt lat="39.88422" lon="20.67385">
				<ele>840.55</ele>
				<time>2026-08-06T19:34:45.514Z</time>
			</trkpt>
			<trkpt lat="39.88443" lon="20.6737">
				<ele>838.09</ele>
				<time>2026-08-06T19:34:46.912Z</time>
			</trkpt>
			<trkpt lat="39.886" lon="20.67292">
				<ele>841.39</ele>
				<time>2026-08-06T19:34:56.760Z</time>
			</trkpt>
			<trkpt lat="39.88636" lon="20.67286">
				<ele>840.27</ele>
				<time>2026-08-06T19:34:58.900Z</time>
			</trkpt>
			<trkpt lat="39.88651" lon="20.67286">
				<ele>838.54</ele>
				<time>2026-08-06T19:34:59.785Z</time>
			</trkpt>
			<trkpt lat="39.88701" lon="20.6729">
				<ele>839.76</ele>
				<time>2026-08-06T19:35:02.750Z</time>
			</trkpt>
			<trkpt lat="39.88763" lon="20.673">
				<ele>846</ele>
				<time>2026-08-06T19:35:06.462Z</time>
			</trkpt>
			<trkpt lat="39.88777" lon="20.67302">
				<ele>846.76</ele>
				<time>2026-08-06T19:35:07.301Z</time>
			</trkpt>
			<trkpt lat="39.88792" lon="20.67299">
				<ele>847.14</ele>
				<time>2026-08-06T19:35:08.207Z</time>
			</trkpt>
			<trkpt lat="39.88803" lon="20.67294">
				<ele>848.09</ele>
				<time>2026-08-06T19:35:08.903Z</time>
			</trkpt>
			<trkpt lat="39.88813" lon="20.67285">
				<ele>848.22</ele>
				<time>2026-08-06T19:35:09.630Z</time>
			</trkpt>
			<trkpt lat="39.88824" lon="20.67271">
				<ele>847.87</ele>
				<time>2026-08-06T19:35:10.551Z</time>
			</trkpt>
			<trkpt lat="39.88843" lon="20.67238">
				<ele>847.89</ele>
				<time>2026-08-06T19:35:12.450Z</time>
			</trkpt>
			<trkpt lat="39.88853" lon="20.67224">
				<ele>847.34</ele>
				<time>2026-08-06T19:35:13.333Z</time>
			</trkpt>
			<trkpt lat="39.88867" lon="20.67212">
				<ele>847.41</ele>
				<time>2026-08-06T19:35:14.342Z</time>
			</trkpt>
			<trkpt lat="39.88884" lon="20.672">
				<ele>849.09</ele>
				<time>2026-08-06T19:35:15.508Z</time>
			</trkpt>
			<trkpt lat="39.88904" lon="20.67191">
				<ele>851.04</ele>
				<time>2026-08-06T19:35:16.787Z</time>
			</trkpt>
			<trkpt lat="39.88962" lon="20.67178">
				<ele>852.74</ele>
				<time>2026-08-06T19:35:20.359Z</time>
			</trkpt>
			<trkpt lat="39.89029" lon="20.67146">
				<ele>856.03</ele>
				<time>2026-08-06T19:35:24.721Z</time>
			</trkpt>
			<trkpt lat="39.89156" lon="20.67103">
				<ele>856.5</ele>
				<time>2026-08-06T19:35:32.839Z</time>
			</trkpt>
			<trkpt lat="39.89189" lon="20.67086">
				<ele>858.4</ele>
				<time>2026-08-06T19:35:35.058Z</time>
			</trkpt>
			<trkpt lat="39.8921" lon="20.6708">
				<ele>858.97</ele>
				<time>2026-08-06T19:35:36.407Z</time>
			</trkpt>
			<trkpt lat="39.89283" lon="20.67068">
				<ele>862.13</ele>
				<time>2026-08-06T19:35:41.055Z</time>
			</trkpt>
			<trkpt lat="39.8932" lon="20.67067">
				<ele>862.29</ele>
				<time>2026-08-06T19:35:43.412Z</time>
			</trkpt>
			<trkpt lat="39.89364" lon="20.67073">
				<ele>861.31</ele>
				<time>2026-08-06T19:35:46.245Z</time>
			</trkpt>
			<trkpt lat="39.89537" lon="20.67115">
				<ele>863.7</ele>
				<time>2026-08-06T19:35:57.713Z</time>
			</trkpt>
			<trkpt lat="39.89554" lon="20.67114">
				<ele>863.78</ele>
				<time>2026-08-06T19:35:58.839Z</time>
			</trkpt>
			<trkpt lat="39.89592" lon="20.67105">
				<ele>864.3</ele>
				<time>2026-08-06T19:36:01.408Z</time>
			</trkpt>
			<trkpt lat="39.89627" lon="20.67093">
				<ele>864.56</ele>
				<time>2026-08-06T19:36:03.830Z</time>
			</trkpt>
			<trkpt lat="39.89689" lon="20.67074">
				<ele>871.09</ele>
				<time>2026-08-06T19:36:08.131Z</time>
			</trkpt>
			<trkpt lat="39.89713" lon="20.67071">
				<ele>872.94</ele>
				<time>2026-08-06T19:36:09.772Z</time>
			</trkpt>
			<trkpt lat="39.89737" lon="20.67063">
				<ele>873.72</ele>
				<time>2026-08-06T19:36:11.465Z</time>
			</trkpt>
			<trkpt lat="39.89815" lon="20.67013">
				<ele>875.86</ele>
				<time>2026-08-06T19:36:17.469Z</time>
			</trkpt>
			<trkpt lat="39.89877" lon="20.6696">
				<ele>880.92</ele>
				<time>2026-08-06T19:36:22.670Z</time>
			</trkpt>
			<trkpt lat="39.89896" lon="20.6695">
				<ele>880.84</ele>
				<time>2026-08-06T19:36:24.121Z</time>
			</trkpt>
			<trkpt lat="39.8993" lon="20.66934">
				<ele>881.18</ele>
				<time>2026-08-06T19:36:26.694Z</time>
			</trkpt>
			<trkpt lat="39.8997" lon="20.66926">
				<ele>882.93</ele>
				<time>2026-08-06T19:36:29.597Z</time>
			</trkpt>
			<trkpt lat="39.8997" lon="20.66943">
				<ele>882.92</ele>
				<time>2026-08-06T19:36:30.537Z</time>
			</trkpt>
			<trkpt lat="39.89966" lon="20.66971">
				<ele>885.32</ele>
				<time>2026-08-06T19:36:32.119Z</time>
			</trkpt>
			<trkpt lat="39.89962" lon="20.66994">
				<ele>888.18</ele>
				<time>2026-08-06T19:36:33.434Z</time>
			</trkpt>
			<trkpt lat="39.89954" lon="20.67013">
				<ele>889.71</ele>
				<time>2026-08-06T19:36:34.647Z</time>
			</trkpt>
			<trkpt lat="39.89931" lon="20.67037">
				<ele>890.3</ele>
				<time>2026-08-06T19:36:36.806Z</time>
			</trkpt>
			<trkpt lat="39.89927" lon="20.67052">
				<ele>891.8</ele>
				<time>2026-08-06T19:36:37.702Z</time>
			</trkpt>
			<trkpt lat="39.89932" lon="20.67066">
				<ele>894.22</ele>
				<time>2026-08-06T19:36:38.577Z</time>
			</trkpt>
			<trkpt lat="39.89938" lon="20.67072">
				<ele>895.9</ele>
				<time>2026-08-06T19:36:39.136Z</time>
			</trkpt>
			<trkpt lat="39.89948" lon="20.67074">
				<ele>897.29</ele>
				<time>2026-08-06T19:36:39.885Z</time>
			</trkpt>
			<trkpt lat="39.89956" lon="20.67069">
				<ele>897.78</ele>
				<time>2026-08-06T19:36:40.544Z</time>
			</trkpt>
			<trkpt lat="39.89981" lon="20.67027">
				<ele>895.92</ele>
				<time>2026-08-06T19:36:43.587Z</time>
			</trkpt>
			<trkpt lat="39.89994" lon="20.67014">
				<ele>896.58</ele>
				<time>2026-08-06T19:36:44.817Z</time>
			</trkpt>
			<trkpt lat="39.90008" lon="20.67007">
				<ele>897.55</ele>
				<time>2026-08-06T19:36:45.946Z</time>
			</trkpt>
			<trkpt lat="39.90015" lon="20.67006">
				<ele>898.23</ele>
				<time>2026-08-06T19:36:46.478Z</time>
			</trkpt>
			<trkpt lat="39.90029" lon="20.67008">
				<ele>900.66</ele>
				<time>2026-08-06T19:36:47.544Z</time>
			</trkpt>
			<trkpt lat="39.90071" lon="20.67031">
				<ele>910</ele>
				<time>2026-08-06T19:36:51.014Z</time>
			</trkpt>
			<trkpt lat="39.90093" lon="20.67049">
				<ele>912.58</ele>
				<time>2026-08-06T19:36:53.008Z</time>
			</trkpt>
			<trkpt lat="39.90105" lon="20.67063">
				<ele>913.96</ele>
				<time>2026-08-06T19:36:54.250Z</time>
			</trkpt>
			<trkpt lat="39.9011" lon="20.67077">
				<ele>915.84</ele>
				<time>2026-08-06T19:36:55.166Z</time>
			</trkpt>
			<trkpt lat="39.90116" lon="20.67106">
				<ele>920.95</ele>
				<time>2026-08-06T19:36:56.956Z</time>
			</trkpt>
			<trkpt lat="39.90121" lon="20.67113">
				<ele>921.48</ele>
				<time>2026-08-06T19:36:57.528Z</time>
			</trkpt>
			<trkpt lat="39.9013" lon="20.67122">
				<ele>921.67</ele>
				<time>2026-08-06T19:36:58.414Z</time>
			</trkpt>
			<trkpt lat="39.90163" lon="20.67136">
				<ele>924.33</ele>
				<time>2026-08-06T19:37:01.138Z</time>
			</trkpt>
			<trkpt lat="39.90178" lon="20.67149">
				<ele>926.08</ele>
				<time>2026-08-06T19:37:02.560Z</time>
			</trkpt>
			<trkpt lat="39.90206" lon="20.67181">
				<ele>930.17</ele>
				<time>2026-08-06T19:37:05.519Z</time>
			</trkpt>
			<trkpt lat="39.90235" lon="20.67205">
				<ele>932.54</ele>
				<time>2026-08-06T19:37:08.270Z</time>
			</trkpt>
			<trkpt lat="39.90242" lon="20.67215">
				<ele>933.98</ele>
				<time>2026-08-06T19:37:09.106Z</time>
			</trkpt>
			<trkpt lat="39.90256" lon="20.67243">
				<ele>938.15</ele>
				<time>2026-08-06T19:37:11.179Z</time>
			</trkpt>
			<trkpt lat="39.90264" lon="20.6725">
				<ele>939.27</ele>
				<time>2026-08-06T19:37:11.962Z</time>
			</trkpt>
			<trkpt lat="39.90275" lon="20.67251">
				<ele>938.77</ele>
				<time>2026-08-06T19:37:12.859Z</time>
			</trkpt>
			<trkpt lat="39.90287" lon="20.67247">
				<ele>939.13</ele>
				<time>2026-08-06T19:37:13.869Z</time>
			</trkpt>
			<trkpt lat="39.90327" lon="20.67218">
				<ele>938.53</ele>
				<time>2026-08-06T19:37:17.629Z</time>
			</trkpt>
			<trkpt lat="39.90339" lon="20.67212">
				<ele>939.72</ele>
				<time>2026-08-06T19:37:18.693Z</time>
			</trkpt>
			<trkpt lat="39.90351" lon="20.67214">
				<ele>941.96</ele>
				<time>2026-08-06T19:37:19.696Z</time>
			</trkpt>
			<trkpt lat="39.90362" lon="20.67219">
				<ele>944.63</ele>
				<time>2026-08-06T19:37:20.665Z</time>
			</trkpt>
			<trkpt lat="39.90369" lon="20.67231">
				<ele>946.71</ele>
				<time>2026-08-06T19:37:21.630Z</time>
			</trkpt>
			<trkpt lat="39.90378" lon="20.67253">
				<ele>951.06</ele>
				<time>2026-08-06T19:37:23.231Z</time>
			</trkpt>
			<trkpt lat="39.90384" lon="20.67261">
				<ele>953.32</ele>
				<time>2026-08-06T19:37:23.952Z</time>
			</trkpt>
			<trkpt lat="39.90389" lon="20.67263">
				<ele>953.97</ele>
				<time>2026-08-06T19:37:24.392Z</time>
			</trkpt>
			<trkpt lat="39.90397" lon="20.6726">
				<ele>953.91</ele>
				<time>2026-08-06T19:37:25.093Z</time>
			</trkpt>
			<trkpt lat="39.90417" lon="20.6724">
				<ele>951.39</ele>
				<time>2026-08-06T19:37:27.226Z</time>
			</trkpt>
			<trkpt lat="39.90422" lon="20.67237">
				<ele>951.46</ele>
				<time>2026-08-06T19:37:27.693Z</time>
			</trkpt>
			<trkpt lat="39.90434" lon="20.67234">
				<ele>952.33</ele>
				<time>2026-08-06T19:37:28.733Z</time>
			</trkpt>
			<trkpt lat="39.90445" lon="20.67237">
				<ele>954.38</ele>
				<time>2026-08-06T19:37:29.692Z</time>
			</trkpt>
			<trkpt lat="39.90472" lon="20.67254">
				<ele>961.03</ele>
				<time>2026-08-06T19:37:32.263Z</time>
			</trkpt>
			<trkpt lat="39.9051" lon="20.67254">
				<ele>961.34</ele>
				<time>2026-08-06T19:37:35.548Z</time>
			</trkpt>
			<trkpt lat="39.90529" lon="20.67259">
				<ele>965</ele>
				<time>2026-08-06T19:37:37.235Z</time>
			</trkpt>
			<trkpt lat="39.90546" lon="20.67271">
				<ele>968.73</ele>
				<time>2026-08-06T19:37:38.925Z</time>
			</trkpt>
			<trkpt lat="39.90566" lon="20.673">
				<ele>973.9</ele>
				<time>2026-08-06T19:37:41.566Z</time>
			</trkpt>
			<trkpt lat="39.90575" lon="20.6732">
				<ele>973.53</ele>
				<time>2026-08-06T19:37:43.160Z</time>
			</trkpt>
			<trkpt lat="39.9058" lon="20.67338">
				<ele>972.46</ele>
				<time>2026-08-06T19:37:44.488Z</time>
			</trkpt>
			<trkpt lat="39.90582" lon="20.67356">
				<ele>973.63</ele>
				<time>2026-08-06T19:37:45.760Z</time>
			</trkpt>
			<trkpt lat="39.90579" lon="20.67375">
				<ele>975.49</ele>
				<time>2026-08-06T19:37:47.129Z</time>
			</trkpt>
			<trkpt lat="39.90574" lon="20.67384">
				<ele>976.74</ele>
				<time>2026-08-06T19:37:47.919Z</time>
			</trkpt>
			<trkpt lat="39.90547" lon="20.67411">
				<ele>982.21</ele>
				<time>2026-08-06T19:37:51.109Z</time>
			</trkpt>
			<trkpt lat="39.90544" lon="20.67416">
				<ele>982.99</ele>
				<time>2026-08-06T19:37:51.570Z</time>
			</trkpt>
			<trkpt lat="39.90543" lon="20.6743">
				<ele>986.97</ele>
				<time>2026-08-06T19:37:52.597Z</time>
			</trkpt>
			<trkpt lat="39.90546" lon="20.67439">
				<ele>988.99</ele>
				<time>2026-08-06T19:37:53.317Z</time>
			</trkpt>
			<trkpt lat="39.90564" lon="20.67463">
				<ele>993.63</ele>
				<time>2026-08-06T19:37:55.803Z</time>
			</trkpt>
			<trkpt lat="39.90573" lon="20.67471">
				<ele>994.44</ele>
				<time>2026-08-06T19:37:56.864Z</time>
			</trkpt>
			<trkpt lat="39.90606" lon="20.67493">
				<ele>994.24</ele>
				<time>2026-08-06T19:38:00.524Z</time>
			</trkpt>
			<trkpt lat="39.90621" lon="20.67506">
				<ele>994.95</ele>
				<time>2026-08-06T19:38:02.327Z</time>
			</trkpt>
			<trkpt lat="39.90643" lon="20.67535">
				<ele>998.77</ele>
				<time>2026-08-06T19:38:05.499Z</time>
			</trkpt>
			<trkpt lat="39.90656" lon="20.6755">
				<ele>999.8</ele>
				<time>2026-08-06T19:38:07.280Z</time>
			</trkpt>
			<trkpt lat="39.9071" lon="20.67603">
				<ele>1004</ele>
				<time>2026-08-06T19:38:14.358Z</time>
			</trkpt>
			<trkpt lat="39.90732" lon="20.67618">
				<ele>1006.09</ele>
				<time>2026-08-06T19:38:17.013Z</time>
			</trkpt>
			<trkpt lat="39.90749" lon="20.67623">
				<ele>1007.21</ele>
				<time>2026-08-06T19:38:18.895Z</time>
			</trkpt>
			<trkpt lat="39.90759" lon="20.67621">
				<ele>1007.71</ele>
				<time>2026-08-06T19:38:19.995Z</time>
			</trkpt>
			<trkpt lat="39.90766" lon="20.67614">
				<ele>1007.21</ele>
				<time>2026-08-06T19:38:20.957Z</time>
			</trkpt>
			<trkpt lat="39.90769" lon="20.67606">
				<ele>1007.12</ele>
				<time>2026-08-06T19:38:21.705Z</time>
			</trkpt>
			<trkpt lat="39.90769" lon="20.67599">
				<ele>1007.21</ele>
				<time>2026-08-06T19:38:22.294Z</time>
			</trkpt>
			<trkpt lat="39.90758" lon="20.67566">
				<ele>1005.11</ele>
				<time>2026-08-06T19:38:25.346Z</time>
			</trkpt>
			<trkpt lat="39.90755" lon="20.67546">
				<ele>1004.37</ele>
				<time>2026-08-06T19:38:27.090Z</time>
			</trkpt>
			<trkpt lat="39.90756" lon="20.67534">
				<ele>1004.69</ele>
				<time>2026-08-06T19:38:28.128Z</time>
			</trkpt>
			<trkpt lat="39.90765" lon="20.67499">
				<ele>1007.53</ele>
				<time>2026-08-06T19:38:31.328Z</time>
			</trkpt>
			<trkpt lat="39.90765" lon="20.67486">
				<ele>1008.56</ele>
				<time>2026-08-06T19:38:32.464Z</time>
			</trkpt>
			<trkpt lat="39.9076" lon="20.67472">
				<ele>1008.49</ele>
				<time>2026-08-06T19:38:33.819Z</time>
			</trkpt>
			<trkpt lat="39.9074" lon="20.67449">
				<ele>1005.92</ele>
				<time>2026-08-06T19:38:36.894Z</time>
			</trkpt>
			<trkpt lat="39.90731" lon="20.67435">
				<ele>1004.67</ele>
				<time>2026-08-06T19:38:38.522Z</time>
			</trkpt>
			<trkpt lat="39.90726" lon="20.67416">
				<ele>1005.39</ele>
				<time>2026-08-06T19:38:40.323Z</time>
			</trkpt>
			<trkpt lat="39.90724" lon="20.67402">
				<ele>1005.45</ele>
				<time>2026-08-06T19:38:41.606Z</time>
			</trkpt>
			<trkpt lat="39.90725" lon="20.67386">
				<ele>1006.46</ele>
				<time>2026-08-06T19:38:43.059Z</time>
			</trkpt>
			<trkpt lat="39.90735" lon="20.67345">
				<ele>1009.05</ele>
				<time>2026-08-06T19:38:46.985Z</time>
			</trkpt>
			<trkpt lat="39.90742" lon="20.67329">
				<ele>1010.01</ele>
				<time>2026-08-06T19:38:48.681Z</time>
			</trkpt>
			<trkpt lat="39.90764" lon="20.67286">
				<ele>1015.45</ele>
				<time>2026-08-06T19:38:53.486Z</time>
			</trkpt>
			<trkpt lat="39.90767" lon="20.67276">
				<ele>1016.67</ele>
				<time>2026-08-06T19:38:54.492Z</time>
			</trkpt>
			<trkpt lat="39.9077" lon="20.67256">
				<ele>1017.52</ele>
				<time>2026-08-06T19:38:56.411Z</time>
			</trkpt>
			<trkpt lat="39.9077" lon="20.67235">
				<ele>1017.9</ele>
				<time>2026-08-06T19:38:58.398Z</time>
			</trkpt>
			<trkpt lat="39.90767" lon="20.67215">
				<ele>1017.58</ele>
				<time>2026-08-06T19:39:00.338Z</time>
			</trkpt>
			<trkpt lat="39.90762" lon="20.67197">
				<ele>1016.38</ele>
				<time>2026-08-06T19:39:02.169Z</time>
			</trkpt>
			<trkpt lat="39.90741" lon="20.67149">
				<ele>1011.82</ele>
				<time>2026-08-06T19:39:07.504Z</time>
			</trkpt>
			<trkpt lat="39.90739" lon="20.67139">
				<ele>1012.08</ele>
				<time>2026-08-06T19:39:08.511Z</time>
			</trkpt>
			<trkpt lat="39.9074" lon="20.67128">
				<ele>1011.96</ele>
				<time>2026-08-06T19:39:09.592Z</time>
			</trkpt>
			<trkpt lat="39.90748" lon="20.67109">
				<ele>1013.31</ele>
				<time>2026-08-06T19:39:11.716Z</time>
			</trkpt>
			<trkpt lat="39.90779" lon="20.67058">
				<ele>1013.92</ele>
				<time>2026-08-06T19:39:18.160Z</time>
			</trkpt>
			<trkpt lat="39.90791" lon="20.67044">
				<ele>1012.05</ele>
				<time>2026-08-06T19:39:20.260Z</time>
			</trkpt>
			<trkpt lat="39.90808" lon="20.67037">
				<ele>1013.4</ele>
				<time>2026-08-06T19:39:22.596Z</time>
			</trkpt>
			<trkpt lat="39.90842" lon="20.6704">
				<ele>1018.09</ele>
				<time>2026-08-06T19:39:27.097Z</time>
			</trkpt>
			<trkpt lat="39.90857" lon="20.67039">
				<ele>1019</ele>
				<time>2026-08-06T19:39:29.095Z</time>
			</trkpt>
			<trkpt lat="39.90896" lon="20.6702">
				<ele>1017.44</ele>
				<time>2026-08-06T19:39:34.678Z</time>
			</trkpt>
			<trkpt lat="39.90903" lon="20.67019">
				<ele>1017.55</ele>
				<time>2026-08-06T19:39:35.629Z</time>
			</trkpt>
			<trkpt lat="39.90911" lon="20.67021">
				<ele>1018.36</ele>
				<time>2026-08-06T19:39:36.731Z</time>
			</trkpt>
			<trkpt lat="39.90924" lon="20.67027">
				<ele>1019.4</ele>
				<time>2026-08-06T19:39:38.602Z</time>
			</trkpt>
			<trkpt lat="39.90968" lon="20.67059">
				<ele>1021.21</ele>
				<time>2026-08-06T19:39:45.499Z</time>
			</trkpt>
			<trkpt lat="39.91006" lon="20.6708">
				<ele>1023.26</ele>
				<time>2026-08-06T19:39:51.216Z</time>
			</trkpt>
			<trkpt lat="39.9102" lon="20.67083">
				<ele>1023.31</ele>
				<time>2026-08-06T19:39:53.196Z</time>
			</trkpt>
			<trkpt lat="39.91027" lon="20.67081">
				<ele>1022.75</ele>
				<time>2026-08-06T19:39:54.198Z</time>
			</trkpt>
			<trkpt lat="39.91043" lon="20.67072">
				<ele>1022.79</ele>
				<time>2026-08-06T19:39:56.643Z</time>
			</trkpt>
			<trkpt lat="39.91088" lon="20.67039">
				<ele>1023.61</ele>
				<time>2026-08-06T19:40:03.949Z</time>
			</trkpt>
			<trkpt lat="39.91133" lon="20.67015">
				<ele>1025.15</ele>
				<time>2026-08-06T19:40:10.911Z</time>
			</trkpt>
			<trkpt lat="39.91157" lon="20.6699">
				<ele>1025.18</ele>
				<time>2026-08-06T19:40:15.350Z</time>
			</trkpt>
			<trkpt lat="39.91177" lon="20.66959">
				<ele>1026.14</ele>
				<time>2026-08-06T19:40:19.871Z</time>
			</trkpt>
			<trkpt lat="39.91185" lon="20.66944">
				<ele>1026.63</ele>
				<time>2026-08-06T19:40:21.920Z</time>
			</trkpt>
			<trkpt lat="39.91191" lon="20.66926">
				<ele>1028.22</ele>
				<time>2026-08-06T19:40:24.128Z</time>
			</trkpt>
			<trkpt lat="39.91197" lon="20.669">
				<ele>1029.56</ele>
				<time>2026-08-06T19:40:27.195Z</time>
			</trkpt>
			<trkpt lat="39.91205" lon="20.66851">
				<ele>1027.81</ele>
				<time>2026-08-06T19:40:32.888Z</time>
			</trkpt>
			<trkpt lat="39.91207" lon="20.66827">
				<ele>1026.68</ele>
				<time>2026-08-06T19:40:35.648Z</time>
			</trkpt>
			<trkpt lat="39.91206" lon="20.668">
				<ele>1026.98</ele>
				<time>2026-08-06T19:40:38.750Z</time>
			</trkpt>
			<trkpt lat="39.91199" lon="20.66769">
				<ele>1027.38</ele>
				<time>2026-08-06T19:40:42.475Z</time>
			</trkpt>
			<trkpt lat="39.9119" lon="20.66751">
				<ele>1027.31</ele>
				<time>2026-08-06T19:40:44.962Z</time>
			</trkpt>
			<trkpt lat="39.91162" lon="20.66711">
				<ele>1027.34</ele>
				<time>2026-08-06T19:40:51.264Z</time>
			</trkpt>
			<trkpt lat="39.91159" lon="20.66701">
				<ele>1026.86</ele>
				<time>2026-08-06T19:40:52.520Z</time>
			</trkpt>
			<trkpt lat="39.91154" lon="20.66679">
				<ele>1025.31</ele>
				<time>2026-08-06T19:40:55.209Z</time>
			</trkpt>
			<trkpt lat="39.91154" lon="20.66651">
				<ele>1022.51</ele>
				<time>2026-08-06T19:40:58.502Z</time>
			</trkpt>
			<trkpt lat="39.91159" lon="20.66628">
				<ele>1020.05</ele>
				<time>2026-08-06T19:41:01.324Z</time>
			</trkpt>
			<trkpt lat="39.91164" lon="20.6662">
				<ele>1019.04</ele>
				<time>2026-08-06T19:41:02.545Z</time>
			</trkpt>
			<trkpt lat="39.91194" lon="20.66584">
				<ele>1012</ele>
				<time>2026-08-06T19:41:08.861Z</time>
			</trkpt>
			<trkpt lat="39.91201" lon="20.66569">
				<ele>1009.84</ele>
				<time>2026-08-06T19:41:10.956Z</time>
			</trkpt>
			<trkpt lat="39.91203" lon="20.66553">
				<ele>1009.59</ele>
				<time>2026-08-06T19:41:12.896Z</time>
			</trkpt>
			<trkpt lat="39.912" lon="20.66442">
				<ele>1002.76</ele>
				<time>2026-08-06T19:41:26.287Z</time>
			</trkpt>
			<trkpt lat="39.91202" lon="20.66432">
				<ele>1001.45</ele>
				<time>2026-08-06T19:41:27.542Z</time>
			</trkpt>
			<trkpt lat="39.91209" lon="20.66414">
				<ele>999.11</ele>
				<time>2026-08-06T19:41:29.998Z</time>
			</trkpt>
			<trkpt lat="39.91213" lon="20.66408">
				<ele>998.3</ele>
				<time>2026-08-06T19:41:30.967Z</time>
			</trkpt>
			<trkpt lat="39.91223" lon="20.66399">
				<ele>997.5</ele>
				<time>2026-08-06T19:41:32.900Z</time>
			</trkpt>
			<trkpt lat="39.91238" lon="20.6639">
				<ele>996.17</ele>
				<time>2026-08-06T19:41:35.533Z</time>
			</trkpt>
			<trkpt lat="39.91256" lon="20.66385">
				<ele>995.78</ele>
				<time>2026-08-06T19:41:38.475Z</time>
			</trkpt>
			<trkpt lat="39.91271" lon="20.66385">
				<ele>996.51</ele>
				<time>2026-08-06T19:41:40.878Z</time>
			</trkpt>
			<trkpt lat="39.91282" lon="20.6639">
				<ele>997.1</ele>
				<time>2026-08-06T19:41:42.748Z</time>
			</trkpt>
			<trkpt lat="39.91287" lon="20.66396">
				<ele>997.05</ele>
				<time>2026-08-06T19:41:43.841Z</time>
			</trkpt>
			<trkpt lat="39.91291" lon="20.6641">
				<ele>996.7</ele>
				<time>2026-08-06T19:41:45.685Z</time>
			</trkpt>
			<trkpt lat="39.91292" lon="20.66437">
				<ele>995</ele>
				<time>2026-08-06T19:41:49.030Z</time>
			</trkpt>
			<trkpt lat="39.91283" lon="20.66555">
				<ele>982.65</ele>
				<time>2026-08-06T19:42:03.811Z</time>
			</trkpt>
			<trkpt lat="39.91285" lon="20.66589">
				<ele>982.16</ele>
				<time>2026-08-06T19:42:08.093Z</time>
			</trkpt>
			<trkpt lat="39.91309" lon="20.66695">
				<ele>975.75</ele>
				<time>2026-08-06T19:42:22.065Z</time>
			</trkpt>
			<trkpt lat="39.91327" lon="20.6676">
				<ele>971.73</ele>
				<time>2026-08-06T19:42:30.869Z</time>
			</trkpt>
			<trkpt lat="39.91332" lon="20.66784">
				<ele>968.02</ele>
				<time>2026-08-06T19:42:34.050Z</time>
			</trkpt>
			<trkpt lat="39.91337" lon="20.66821">
				<ele>964.38</ele>
				<time>2026-08-06T19:42:38.866Z</time>
			</trkpt>
			<trkpt lat="39.91342" lon="20.66884">
				<ele>960</ele>
				<time>2026-08-06T19:42:47.017Z</time>
			</trkpt>
			<trkpt lat="39.91349" lon="20.66916">
				<ele>958.85</ele>
				<time>2026-08-06T19:42:51.315Z</time>
			</trkpt>
			<trkpt lat="39.91357" lon="20.66942">
				<ele>958.94</ele>
				<time>2026-08-06T19:42:54.941Z</time>
			</trkpt>
			<trkpt lat="39.91373" lon="20.66964">
				<ele>959</ele>
				<time>2026-08-06T19:42:58.873Z</time>
			</trkpt>
			<trkpt lat="39.91383" lon="20.66971">
				<ele>958.79</ele>
				<time>2026-08-06T19:43:00.795Z</time>
			</trkpt>
			<trkpt lat="39.91396" lon="20.66977">
				<ele>958.45</ele>
				<time>2026-08-06T19:43:03.133Z</time>
			</trkpt>
			<trkpt lat="39.91407" lon="20.66979">
				<ele>957.43</ele>
				<time>2026-08-06T19:43:05.017Z</time>
			</trkpt>
			<trkpt lat="39.91496" lon="20.66982">
				<ele>942.95</ele>
				<time>2026-08-06T19:43:20.186Z</time>
			</trkpt>
			<trkpt lat="39.91533" lon="20.66985">
				<ele>940.4</ele>
				<time>2026-08-06T19:43:26.533Z</time>
			</trkpt>
			<trkpt lat="39.91581" lon="20.66993">
				<ele>930.45</ele>
				<time>2026-08-06T19:43:34.841Z</time>
			</trkpt>
			<trkpt lat="39.91612" lon="20.67001">
				<ele>928.7</ele>
				<time>2026-08-06T19:43:40.281Z</time>
			</trkpt>
			<trkpt lat="39.9164" lon="20.67003">
				<ele>923.93</ele>
				<time>2026-08-06T19:43:45.117Z</time>
			</trkpt>
			<trkpt lat="39.91685" lon="20.67">
				<ele>917.7</ele>
				<time>2026-08-06T19:43:52.904Z</time>
			</trkpt>
			<trkpt lat="39.91708" lon="20.67">
				<ele>915.05</ele>
				<time>2026-08-06T19:43:56.886Z</time>
			</trkpt>
			<trkpt lat="39.91727" lon="20.67003">
				<ele>912.74</ele>
				<time>2026-08-06T19:44:00.204Z</time>
			</trkpt>
			<trkpt lat="39.91747" lon="20.6701">
				<ele>909.4</ele>
				<time>2026-08-06T19:44:03.797Z</time>
			</trkpt>
			<trkpt lat="39.91765" lon="20.67013">
				<ele>909.22</ele>
				<time>2026-08-06T19:44:06.948Z</time>
			</trkpt>
			<trkpt lat="39.91796" lon="20.67009">
				<ele>905.9</ele>
				<time>2026-08-06T19:44:12.364Z</time>
			</trkpt>
			<trkpt lat="39.91833" lon="20.67007">
				<ele>899.56</ele>
				<time>2026-08-06T19:44:18.811Z</time>
			</trkpt>
			<trkpt lat="39.9185" lon="20.67011">
				<ele>898.41</ele>
				<time>2026-08-06T19:44:21.821Z</time>
			</trkpt>
			<trkpt lat="39.91869" lon="20.67018">
				<ele>897.16</ele>
				<time>2026-08-06T19:44:25.265Z</time>
			</trkpt>
			<trkpt lat="39.919" lon="20.67037">
				<ele>896.04</ele>
				<time>2026-08-06T19:44:31.244Z</time>
			</trkpt>
			<trkpt lat="39.91916" lon="20.67043">
				<ele>894.12</ele>
				<time>2026-08-06T19:44:34.153Z</time>
			</trkpt>
			<trkpt lat="39.91944" lon="20.67049">
				<ele>890.63</ele>
				<time>2026-08-06T19:44:39.114Z</time>
			</trkpt>
			<trkpt lat="39.91965" lon="20.6705">
				<ele>887.72</ele>
				<time>2026-08-06T19:44:42.790Z</time>
			</trkpt>
			<trkpt lat="39.91977" lon="20.67053">
				<ele>886.2</ele>
				<time>2026-08-06T19:44:44.928Z</time>
			</trkpt>
			<trkpt lat="39.91991" lon="20.6706">
				<ele>884.16</ele>
				<time>2026-08-06T19:44:47.553Z</time>
			</trkpt>
			<trkpt lat="39.92024" lon="20.67084">
				<ele>881.93</ele>
				<time>2026-08-06T19:44:54.172Z</time>
			</trkpt>
			<trkpt lat="39.92053" lon="20.67098">
				<ele>876.49</ele>
				<time>2026-08-06T19:44:59.593Z</time>
			</trkpt>
			<trkpt lat="39.92122" lon="20.67138">
				<ele>870.68</ele>
				<time>2026-08-06T19:45:12.839Z</time>
			</trkpt>
			<trkpt lat="39.92171" lon="20.67157">
				<ele>861.07</ele>
				<time>2026-08-06T19:45:21.811Z</time>
			</trkpt>
			<trkpt lat="39.92208" lon="20.67184">
				<ele>860.07</ele>
				<time>2026-08-06T19:45:29.254Z</time>
			</trkpt>
			<trkpt lat="39.9224" lon="20.67201">
				<ele>858.65</ele>
				<time>2026-08-06T19:45:35.319Z</time>
			</trkpt>
			<trkpt lat="39.92274" lon="20.67214">
				<ele>854.79</ele>
				<time>2026-08-06T19:45:41.537Z</time>
			</trkpt>
			<trkpt lat="39.92294" lon="20.67226">
				<ele>852.94</ele>
				<time>2026-08-06T19:45:45.400Z</time>
			</trkpt>
			<trkpt lat="39.92384" lon="20.6729">
				<ele>844.13</ele>
				<time>2026-08-06T19:46:03.374Z</time>
			</trkpt>
			<trkpt lat="39.92429" lon="20.67319">
				<ele>842.59</ele>
				<time>2026-08-06T19:46:12.162Z</time>
			</trkpt>
			<trkpt lat="39.92436" lon="20.67321">
				<ele>841.36</ele>
				<time>2026-08-06T19:46:13.416Z</time>
			</trkpt>
			<trkpt lat="39.9244" lon="20.6732">
				<ele>839.84</ele>
				<time>2026-08-06T19:46:14.129Z</time>
			</trkpt>
			<trkpt lat="39.92442" lon="20.67316">
				<ele>838.19</ele>
				<time>2026-08-06T19:46:14.769Z</time>
			</trkpt>
			<trkpt lat="39.92442" lon="20.67305">
				<ele>835.55</ele>
				<time>2026-08-06T19:46:16.245Z</time>
			</trkpt>
			<trkpt lat="39.92434" lon="20.67291">
				<ele>833.43</ele>
				<time>2026-08-06T19:46:18.586Z</time>
			</trkpt>
			<trkpt lat="39.92374" lon="20.67211">
				<ele>825.97</ele>
				<time>2026-08-06T19:46:33.566Z</time>
			</trkpt>
			<trkpt lat="39.92373" lon="20.67203">
				<ele>824.55</ele>
				<time>2026-08-06T19:46:34.649Z</time>
			</trkpt>
			<trkpt lat="39.92374" lon="20.67198">
				<ele>823.03</ele>
				<time>2026-08-06T19:46:35.340Z</time>
			</trkpt>
			<trkpt lat="39.92379" lon="20.67194">
				<ele>820.59</ele>
				<time>2026-08-06T19:46:36.362Z</time>
			</trkpt>
			<trkpt lat="39.9244" lon="20.67237">
				<ele>816.5</ele>
				<time>2026-08-06T19:46:48.425Z</time>
			</trkpt>
			<trkpt lat="39.92497" lon="20.6729">
				<ele>812.56</ele>
				<time>2026-08-06T19:47:00.564Z</time>
			</trkpt>
			<trkpt lat="39.92517" lon="20.673">
				<ele>806.24</ele>
				<time>2026-08-06T19:47:04.270Z</time>
			</trkpt>
			<trkpt lat="39.9255" lon="20.67311">
				<ele>801.08</ele>
				<time>2026-08-06T19:47:10.153Z</time>
			</trkpt>
			<trkpt lat="39.92567" lon="20.67324">
				<ele>800.46</ele>
				<time>2026-08-06T19:47:13.552Z</time>
			</trkpt>
			<trkpt lat="39.92583" lon="20.67344">
				<ele>799.14</ele>
				<time>2026-08-06T19:47:17.369Z</time>
			</trkpt>
			<trkpt lat="39.92595" lon="20.67368">
				<ele>798.28</ele>
				<time>2026-08-06T19:47:21.148Z</time>
			</trkpt>
			<trkpt lat="39.926" lon="20.67381">
				<ele>798.25</ele>
				<time>2026-08-06T19:47:23.065Z</time>
			</trkpt>
			<trkpt lat="39.92607" lon="20.67409">
				<ele>797.93</ele>
				<time>2026-08-06T19:47:26.941Z</time>
			</trkpt>
			<trkpt lat="39.92616" lon="20.6743">
				<ele>798.46</ele>
				<time>2026-08-06T19:47:30.102Z</time>
			</trkpt>
			<trkpt lat="39.92629" lon="20.6745">
				<ele>797.97</ele>
				<time>2026-08-06T19:47:33.544Z</time>
			</trkpt>
			<trkpt lat="39.92639" lon="20.6746">
				<ele>797.23</ele>
				<time>2026-08-06T19:47:35.698Z</time>
			</trkpt>
			<trkpt lat="39.92644" lon="20.67464">
				<ele>796.96</ele>
				<time>2026-08-06T19:47:36.700Z</time>
			</trkpt>
			<trkpt lat="39.9266" lon="20.6747">
				<ele>794.11</ele>
				<time>2026-08-06T19:47:39.542Z</time>
			</trkpt>
			<trkpt lat="39.92721" lon="20.6748">
				<ele>785.08</ele>
				<time>2026-08-06T19:47:50.003Z</time>
			</trkpt>
			<trkpt lat="39.9275" lon="20.67488">
				<ele>780.77</ele>
				<time>2026-08-06T19:47:55.029Z</time>
			</trkpt>
			<trkpt lat="39.92802" lon="20.67478">
				<ele>771.39</ele>
				<time>2026-08-06T19:48:03.908Z</time>
			</trkpt>
			<trkpt lat="39.92826" lon="20.6748">
				<ele>765.5</ele>
				<time>2026-08-06T19:48:07.956Z</time>
			</trkpt>
			<trkpt lat="39.92837" lon="20.67488">
				<ele>762.86</ele>
				<time>2026-08-06T19:48:10.072Z</time>
			</trkpt>
			<trkpt lat="39.92841" lon="20.67494">
				<ele>761.89</ele>
				<time>2026-08-06T19:48:11.096Z</time>
			</trkpt>
			<trkpt lat="39.9285" lon="20.67512">
				<ele>760.35</ele>
				<time>2026-08-06T19:48:13.860Z</time>
			</trkpt>
			<trkpt lat="39.92862" lon="20.67549">
				<ele>760.39</ele>
				<time>2026-08-06T19:48:19.014Z</time>
			</trkpt>
			<trkpt lat="39.92866" lon="20.67555">
				<ele>761.04</ele>
				<time>2026-08-06T19:48:20.032Z</time>
			</trkpt>
			<trkpt lat="39.92873" lon="20.67558">
				<ele>760.45</ele>
				<time>2026-08-06T19:48:21.262Z</time>
			</trkpt>
			<trkpt lat="39.92877" lon="20.67553">
				<ele>758.69</ele>
				<time>2026-08-06T19:48:22.186Z</time>
			</trkpt>
			<trkpt lat="39.92878" lon="20.67549">
				<ele>757.85</ele>
				<time>2026-08-06T19:48:22.724Z</time>
			</trkpt>
			<trkpt lat="39.92871" lon="20.675">
				<ele>752.86</ele>
				<time>2026-08-06T19:48:29.082Z</time>
			</trkpt>
			<trkpt lat="39.92867" lon="20.67458">
				<ele>748.03</ele>
				<time>2026-08-06T19:48:34.459Z</time>
			</trkpt>
			<trkpt lat="39.92863" lon="20.67445">
				<ele>746.76</ele>
				<time>2026-08-06T19:48:36.235Z</time>
			</trkpt>
			<trkpt lat="39.92854" lon="20.67429">
				<ele>746.16</ele>
				<time>2026-08-06T19:48:38.746Z</time>
			</trkpt>
			<trkpt lat="39.9284" lon="20.67413">
				<ele>746.3</ele>
				<time>2026-08-06T19:48:41.813Z</time>
			</trkpt>
			<trkpt lat="39.9283" lon="20.67405">
				<ele>746.08</ele>
				<time>2026-08-06T19:48:43.742Z</time>
			</trkpt>
			<trkpt lat="39.92794" lon="20.67385">
				<ele>745.05</ele>
				<time>2026-08-06T19:48:50.157Z</time>
			</trkpt>
			<trkpt lat="39.92781" lon="20.67372">
				<ele>743.08</ele>
				<time>2026-08-06T19:48:52.833Z</time>
			</trkpt>
			<trkpt lat="39.92766" lon="20.67352">
				<ele>740.17</ele>
				<time>2026-08-06T19:48:56.330Z</time>
			</trkpt>
			<trkpt lat="39.92758" lon="20.67346">
				<ele>739.73</ele>
				<time>2026-08-06T19:48:57.831Z</time>
			</trkpt>
			<trkpt lat="39.9275" lon="20.67341">
				<ele>739.81</ele>
				<time>2026-08-06T19:48:59.272Z</time>
			</trkpt>
			<trkpt lat="39.9272" lon="20.67328">
				<ele>738.7</ele>
				<time>2026-08-06T19:49:04.395Z</time>
			</trkpt>
			<trkpt lat="39.9271" lon="20.67321">
				<ele>737.17</ele>
				<time>2026-08-06T19:49:06.229Z</time>
			</trkpt>
			<trkpt lat="39.92697" lon="20.67302">
				<ele>732.09</ele>
				<time>2026-08-06T19:49:09.377Z</time>
			</trkpt>
			<trkpt lat="39.92681" lon="20.67266">
				<ele>729.4</ele>
				<time>2026-08-06T19:49:14.504Z</time>
			</trkpt>
			<trkpt lat="39.92673" lon="20.67252">
				<ele>729.15</ele>
				<time>2026-08-06T19:49:16.648Z</time>
			</trkpt>
			<trkpt lat="39.92646" lon="20.67219">
				<ele>734.32</ele>
				<time>2026-08-06T19:49:22.552Z</time>
			</trkpt>
			<trkpt lat="39.92642" lon="20.6721">
				<ele>736.5</ele>
				<time>2026-08-06T19:49:23.821Z</time>
			</trkpt>
			<trkpt lat="39.92642" lon="20.67204">
				<ele>737.49</ele>
				<time>2026-08-06T19:49:24.552Z</time>
			</trkpt>
			<trkpt lat="39.92646" lon="20.67196">
				<ele>737.49</ele>
				<time>2026-08-06T19:49:25.714Z</time>
			</trkpt>
			<trkpt lat="39.92652" lon="20.67194">
				<ele>736.1</ele>
				<time>2026-08-06T19:49:26.696Z</time>
			</trkpt>
			<trkpt lat="39.92707" lon="20.67192">
				<ele>724.91</ele>
				<time>2026-08-06T19:49:35.380Z</time>
			</trkpt>
			<trkpt lat="39.92729" lon="20.67181">
				<ele>725.15</ele>
				<time>2026-08-06T19:49:39.075Z</time>
			</trkpt>
			<trkpt lat="39.92757" lon="20.67156">
				<ele>729.77</ele>
				<time>2026-08-06T19:49:44.373Z</time>
			</trkpt>
			<trkpt lat="39.9277" lon="20.67148">
				<ele>730.22</ele>
				<time>2026-08-06T19:49:46.608Z</time>
			</trkpt>
			<trkpt lat="39.92848" lon="20.67138">
				<ele>719.15</ele>
				<time>2026-08-06T19:49:58.696Z</time>
			</trkpt>
			<trkpt lat="39.92883" lon="20.67135">
				<ele>715.39</ele>
				<time>2026-08-06T19:50:04.051Z</time>
			</trkpt>
			<trkpt lat="39.92905" lon="20.67135">
				<ele>713.71</ele>
				<time>2026-08-06T19:50:07.393Z</time>
			</trkpt>
			<trkpt lat="39.92913" lon="20.67138">
				<ele>712.33</ele>
				<time>2026-08-06T19:50:08.653Z</time>
			</trkpt>
			<trkpt lat="39.92938" lon="20.67152">
				<ele>704.84</ele>
				<time>2026-08-06T19:50:12.759Z</time>
			</trkpt>
			<trkpt lat="39.92977" lon="20.67157">
				<ele>697.35</ele>
				<time>2026-08-06T19:50:18.636Z</time>
			</trkpt>
			<trkpt lat="39.92998" lon="20.67154">
				<ele>697.27</ele>
				<time>2026-08-06T19:50:21.785Z</time>
			</trkpt>
			<trkpt lat="39.93038" lon="20.67141">
				<ele>699.27</ele>
				<time>2026-08-06T19:50:27.890Z</time>
			</trkpt>
			<trkpt lat="39.93042" lon="20.67143">
				<ele>698.21</ele>
				<time>2026-08-06T19:50:28.521Z</time>
			</trkpt>
			<trkpt lat="39.93045" lon="20.67146">
				<ele>696.36</ele>
				<time>2026-08-06T19:50:29.078Z</time>
			</trkpt>
			<trkpt lat="39.93047" lon="20.67151">
				<ele>694.58</ele>
				<time>2026-08-06T19:50:29.714Z</time>
			</trkpt>
			<trkpt lat="39.93045" lon="20.67156">
				<ele>692.8</ele>
				<time>2026-08-06T19:50:30.350Z</time>
			</trkpt>
			<trkpt lat="39.93006" lon="20.67176">
				<ele>686.89</ele>
				<time>2026-08-06T19:50:36.480Z</time>
			</trkpt>
			<trkpt lat="39.92983" lon="20.67183">
				<ele>685.51</ele>
				<time>2026-08-06T19:50:39.911Z</time>
			</trkpt>
			<trkpt lat="39.9293" lon="20.67193">
				<ele>690.94</ele>
				<time>2026-08-06T19:50:47.621Z</time>
			</trkpt>
			<trkpt lat="39.92911" lon="20.67199">
				<ele>691.55</ele>
				<time>2026-08-06T19:50:50.412Z</time>
			</trkpt>
			<trkpt lat="39.92905" lon="20.67206">
				<ele>690.28</ele>
				<time>2026-08-06T19:50:51.557Z</time>
			</trkpt>
			<trkpt lat="39.92901" lon="20.67218">
				<ele>687.58</ele>
				<time>2026-08-06T19:50:52.982Z</time>
			</trkpt>
			<trkpt lat="39.92901" lon="20.67234">
				<ele>684.98</ele>
				<time>2026-08-06T19:50:54.720Z</time>
			</trkpt>
			<trkpt lat="39.92906" lon="20.67248">
				<ele>681.84</ele>
				<time>2026-08-06T19:50:56.392Z</time>
			</trkpt>
			<trkpt lat="39.92915" lon="20.67264">
				<ele>679.88</ele>
				<time>2026-08-06T19:50:58.533Z</time>
			</trkpt>
			<trkpt lat="39.92983" lon="20.67325">
				<ele>669.69</ele>
				<time>2026-08-06T19:51:10.008Z</time>
			</trkpt>
			<trkpt lat="39.93015" lon="20.6735">
				<ele>661.85</ele>
				<time>2026-08-06T19:51:15.113Z</time>
			</trkpt>
			<trkpt lat="39.93034" lon="20.67369">
				<ele>658.22</ele>
				<time>2026-08-06T19:51:18.364Z</time>
			</trkpt>
			<trkpt lat="39.93059" lon="20.67401">
				<ele>654.51</ele>
				<time>2026-08-06T19:51:23.081Z</time>
			</trkpt>
			<trkpt lat="39.93084" lon="20.67438">
				<ele>654.96</ele>
				<time>2026-08-06T19:51:28.120Z</time>
			</trkpt>
			<trkpt lat="39.93101" lon="20.67457">
				<ele>653.83</ele>
				<time>2026-08-06T19:51:31.079Z</time>
			</trkpt>
			<trkpt lat="39.93111" lon="20.67463">
				<ele>651.84</ele>
				<time>2026-08-06T19:51:32.526Z</time>
			</trkpt>
			<trkpt lat="39.93114" lon="20.67461">
				<ele>649.92</ele>
				<time>2026-08-06T19:51:32.968Z</time>
			</trkpt>
			<trkpt lat="39.93117" lon="20.67457">
				<ele>647.43</ele>
				<time>2026-08-06T19:51:33.530Z</time>
			</trkpt>
			<trkpt lat="39.93097" lon="20.67427">
				<ele>647.13</ele>
				<time>2026-08-06T19:51:37.504Z</time>
			</trkpt>
			<trkpt lat="39.93087" lon="20.67409">
				<ele>646.08</ele>
				<time>2026-08-06T19:51:39.710Z</time>
			</trkpt>
			<trkpt lat="39.93049" lon="20.67323">
				<ele>644.26</ele>
				<time>2026-08-06T19:51:49.418Z</time>
			</trkpt>
			<trkpt lat="39.93047" lon="20.67317">
				<ele>644.32</ele>
				<time>2026-08-06T19:51:50.049Z</time>
			</trkpt>
			<trkpt lat="39.93048" lon="20.67309">
				<ele>643.51</ele>
				<time>2026-08-06T19:51:50.831Z</time>
			</trkpt>
			<trkpt lat="39.93052" lon="20.673">
				<ele>642.78</ele>
				<time>2026-08-06T19:51:51.831Z</time>
			</trkpt>
			<trkpt lat="39.93057" lon="20.67296">
				<ele>642.81</ele>
				<time>2026-08-06T19:51:52.564Z</time>
			</trkpt>
			<trkpt lat="39.93084" lon="20.67279">
				<ele>644.62</ele>
				<time>2026-08-06T19:51:56.292Z</time>
			</trkpt>
			<trkpt lat="39.93097" lon="20.67275">
				<ele>646.14</ele>
				<time>2026-08-06T19:51:57.940Z</time>
			</trkpt>
			<trkpt lat="39.9311" lon="20.67279">
				<ele>645.47</ele>
				<time>2026-08-06T19:51:59.581Z</time>
			</trkpt>
			<trkpt lat="39.93132" lon="20.67294">
				<ele>643.68</ele>
				<time>2026-08-06T19:52:02.611Z</time>
			</trkpt>
			<trkpt lat="39.93151" lon="20.67299">
				<ele>643.34</ele>
				<time>2026-08-06T19:52:04.958Z</time>
			</trkpt>
			<trkpt lat="39.9316" lon="20.67299">
				<ele>643.57</ele>
				<time>2026-08-06T19:52:06.042Z</time>
			</trkpt>
			<trkpt lat="39.93205" lon="20.67286">
				<ele>645.6</ele>
				<time>2026-08-06T19:52:11.539Z</time>
			</trkpt>
			<trkpt lat="39.93226" lon="20.67285">
				<ele>645.85</ele>
				<time>2026-08-06T19:52:14.014Z</time>
			</trkpt>
			<trkpt lat="39.93236" lon="20.67287">
				<ele>645.63</ele>
				<time>2026-08-06T19:52:15.199Z</time>
			</trkpt>
			<trkpt lat="39.93257" lon="20.67297">
				<ele>644</ele>
				<time>2026-08-06T19:52:17.800Z</time>
			</trkpt>
			<trkpt lat="39.93281" lon="20.67316">
				<ele>641.56</ele>
				<time>2026-08-06T19:52:21.035Z</time>
			</trkpt>
			<trkpt lat="39.93295" lon="20.67324">
				<ele>641.4</ele>
				<time>2026-08-06T19:52:22.780Z</time>
			</trkpt>
			<trkpt lat="39.93303" lon="20.67327">
				<ele>641.8</ele>
				<time>2026-08-06T19:52:23.727Z</time>
			</trkpt>
			<trkpt lat="39.93311" lon="20.67327">
				<ele>641.75</ele>
				<time>2026-08-06T19:52:24.633Z</time>
			</trkpt>
			<trkpt lat="39.93323" lon="20.67324">
				<ele>641.83</ele>
				<time>2026-08-06T19:52:26.012Z</time>
			</trkpt>
			<trkpt lat="39.93329" lon="20.67319">
				<ele>642.58</ele>
				<time>2026-08-06T19:52:26.812Z</time>
			</trkpt>
			<trkpt lat="39.9334" lon="20.67306">
				<ele>644.73</ele>
				<time>2026-08-06T19:52:28.473Z</time>
			</trkpt>
			<trkpt lat="39.93361" lon="20.67263">
				<ele>648.45</ele>
				<time>2026-08-06T19:52:32.797Z</time>
			</trkpt>
			<trkpt lat="39.93374" lon="20.67225">
				<ele>644.75</ele>
				<time>2026-08-06T19:52:36.272Z</time>
			</trkpt>
			<trkpt lat="39.93379" lon="20.67197">
				<ele>644.17</ele>
				<time>2026-08-06T19:52:38.644Z</time>
			</trkpt>
			<trkpt lat="39.93385" lon="20.67183">
				<ele>644.25</ele>
				<time>2026-08-06T19:52:39.958Z</time>
			</trkpt>
			<trkpt lat="39.93393" lon="20.67171">
				<ele>643.78</ele>
				<time>2026-08-06T19:52:41.253Z</time>
			</trkpt>
			<trkpt lat="39.93408" lon="20.67156">
				<ele>643.6</ele>
				<time>2026-08-06T19:52:43.246Z</time>
			</trkpt>
			<trkpt lat="39.93416" lon="20.67153">
				<ele>642.93</ele>
				<time>2026-08-06T19:52:44.118Z</time>
			</trkpt>
			<trkpt lat="39.93425" lon="20.67146">
				<ele>643.73</ele>
				<time>2026-08-06T19:52:45.211Z</time>
			</trkpt>
			<trkpt lat="39.93455" lon="20.67134">
				<ele>646.73</ele>
				<time>2026-08-06T19:52:48.451Z</time>
			</trkpt>
			<trkpt lat="39.93464" lon="20.67127">
				<ele>648.77</ele>
				<time>2026-08-06T19:52:49.522Z</time>
			</trkpt>
			<trkpt lat="39.93486" lon="20.67116">
				<ele>651.98</ele>
				<time>2026-08-06T19:52:51.910Z</time>
			</trkpt>
			<trkpt lat="39.9349" lon="20.67117">
				<ele>651.98</ele>
				<time>2026-08-06T19:52:52.320Z</time>
			</trkpt>
			<trkpt lat="39.93495" lon="20.67126">
				<ele>650.55</ele>
				<time>2026-08-06T19:52:53.175Z</time>
			</trkpt>
			<trkpt lat="39.935" lon="20.67128">
				<ele>650.19</ele>
				<time>2026-08-06T19:52:53.698Z</time>
			</trkpt>
			<trkpt lat="39.93525" lon="20.67133">
				<ele>651.03</ele>
				<time>2026-08-06T19:52:56.208Z</time>
			</trkpt>
			<trkpt lat="39.93556" lon="20.67148">
				<ele>647.52</ele>
				<time>2026-08-06T19:52:59.439Z</time>
			</trkpt>
			<trkpt lat="39.9356" lon="20.67148">
				<ele>647.42</ele>
				<time>2026-08-06T19:52:59.826Z</time>
			</trkpt>
			<trkpt lat="39.93567" lon="20.67145">
				<ele>647.76</ele>
				<time>2026-08-06T19:53:00.536Z</time>
			</trkpt>
			<trkpt lat="39.93572" lon="20.67132">
				<ele>649.59</ele>
				<time>2026-08-06T19:53:01.607Z</time>
			</trkpt>
			<trkpt lat="39.93576" lon="20.67108">
				<ele>653.61</ele>
				<time>2026-08-06T19:53:03.399Z</time>
			</trkpt>
			<trkpt lat="39.93575" lon="20.67078">
				<ele>659.81</ele>
				<time>2026-08-06T19:53:05.565Z</time>
			</trkpt>
			<trkpt lat="39.93567" lon="20.67006">
				<ele>663.18</ele>
				<time>2026-08-06T19:53:10.697Z</time>
			</trkpt>
			<trkpt lat="39.93566" lon="20.66984">
				<ele>664.76</ele>
				<time>2026-08-06T19:53:12.218Z</time>
			</trkpt>
			<trkpt lat="39.9357" lon="20.66966">
				<ele>665.41</ele>
				<time>2026-08-06T19:53:13.500Z</time>
			</trkpt>
			<trkpt lat="39.93575" lon="20.6696">
				<ele>665.05</ele>
				<time>2026-08-06T19:53:14.102Z</time>
			</trkpt>
			<trkpt lat="39.93602" lon="20.66936">
				<ele>664.24</ele>
				<time>2026-08-06T19:53:16.968Z</time>
			</trkpt>
			<trkpt lat="39.93611" lon="20.66925">
				<ele>665.47</ele>
				<time>2026-08-06T19:53:18.042Z</time>
			</trkpt>
			<trkpt lat="39.93617" lon="20.66911">
				<ele>667.64</ele>
				<time>2026-08-06T19:53:19.110Z</time>
			</trkpt>
			<trkpt lat="39.93625" lon="20.66886">
				<ele>670.66</ele>
				<time>2026-08-06T19:53:20.904Z</time>
			</trkpt>
			<trkpt lat="39.93633" lon="20.66792">
				<ele>668.57</ele>
				<time>2026-08-06T19:53:27.083Z</time>
			</trkpt>
			<trkpt lat="39.93636" lon="20.66779">
				<ele>668.7</ele>
				<time>2026-08-06T19:53:27.959Z</time>
			</trkpt>
			<trkpt lat="39.93642" lon="20.66762">
				<ele>669</ele>
				<time>2026-08-06T19:53:29.163Z</time>
			</trkpt>
			<trkpt lat="39.93654" lon="20.66747">
				<ele>667.31</ele>
				<time>2026-08-06T19:53:30.551Z</time>
			</trkpt>
			<trkpt lat="39.93666" lon="20.66738">
				<ele>664.81</ele>
				<time>2026-08-06T19:53:31.702Z</time>
			</trkpt>
			<trkpt lat="39.93675" lon="20.66724">
				<ele>663.46</ele>
				<time>2026-08-06T19:53:32.863Z</time>
			</trkpt>
			<trkpt lat="39.93677" lon="20.66715">
				<ele>662.77</ele>
				<time>2026-08-06T19:53:33.456Z</time>
			</trkpt>
			<trkpt lat="39.93676" lon="20.66687">
				<ele>662.49</ele>
				<time>2026-08-06T19:53:35.224Z</time>
			</trkpt>
			<trkpt lat="39.93665" lon="20.66644">
				<ele>664.71</ele>
				<time>2026-08-06T19:53:38.060Z</time>
			</trkpt>
			<trkpt lat="39.93664" lon="20.66632">
				<ele>665.99</ele>
				<time>2026-08-06T19:53:38.811Z</time>
			</trkpt>
			<trkpt lat="39.93666" lon="20.66611">
				<ele>665.83</ele>
				<time>2026-08-06T19:53:40.122Z</time>
			</trkpt>
			<trkpt lat="39.93671" lon="20.66602">
				<ele>665.72</ele>
				<time>2026-08-06T19:53:40.809Z</time>
			</trkpt>
			<trkpt lat="39.93677" lon="20.66592">
				<ele>665.16</ele>
				<time>2026-08-06T19:53:41.591Z</time>
			</trkpt>
			<trkpt lat="39.93709" lon="20.66559">
				<ele>662.31</ele>
				<time>2026-08-06T19:53:44.846Z</time>
			</trkpt>
			<trkpt lat="39.93746" lon="20.66518">
				<ele>661.26</ele>
				<time>2026-08-06T19:53:48.673Z</time>
			</trkpt>
			<trkpt lat="39.93794" lon="20.66476">
				<ele>661.89</ele>
				<time>2026-08-06T19:53:53.164Z</time>
			</trkpt>
			<trkpt lat="39.93822" lon="20.66445">
				<ele>660.96</ele>
				<time>2026-08-06T19:53:55.982Z</time>
			</trkpt>
			<trkpt lat="39.93827" lon="20.66442">
				<ele>660.84</ele>
				<time>2026-08-06T19:53:56.402Z</time>
			</trkpt>
			<trkpt lat="39.93836" lon="20.66441">
				<ele>659.98</ele>
				<time>2026-08-06T19:53:57.090Z</time>
			</trkpt>
			<trkpt lat="39.93856" lon="20.66449">
				<ele>657.32</ele>
				<time>2026-08-06T19:53:58.678Z</time>
			</trkpt>
			<trkpt lat="39.93879" lon="20.66455">
				<ele>656.94</ele>
				<time>2026-08-06T19:54:00.447Z</time>
			</trkpt>
			<trkpt lat="39.93909" lon="20.66456">
				<ele>656.55</ele>
				<time>2026-08-06T19:54:02.696Z</time>
			</trkpt>
			<trkpt lat="39.93928" lon="20.66453">
				<ele>655.52</ele>
				<time>2026-08-06T19:54:04.121Z</time>
			</trkpt>
			<trkpt lat="39.94048" lon="20.66429">
				<ele>654.47</ele>
				<time>2026-08-06T19:54:13.006Z</time>
			</trkpt>
			<trkpt lat="39.94064" lon="20.6643">
				<ele>652.4</ele>
				<time>2026-08-06T19:54:14.159Z</time>
			</trkpt>
			<trkpt lat="39.94082" lon="20.66435">
				<ele>649.28</ele>
				<time>2026-08-06T19:54:15.478Z</time>
			</trkpt>
			<trkpt lat="39.94097" lon="20.66435">
				<ele>648.53</ele>
				<time>2026-08-06T19:54:16.549Z</time>
			</trkpt>
			<trkpt lat="39.94122" lon="20.66424">
				<ele>649.17</ele>
				<time>2026-08-06T19:54:18.424Z</time>
			</trkpt>
			<trkpt lat="39.94163" lon="20.66395">
				<ele>652.28</ele>
				<time>2026-08-06T19:54:21.711Z</time>
			</trkpt>
			<trkpt lat="39.94178" lon="20.66389">
				<ele>651.54</ele>
				<time>2026-08-06T19:54:22.809Z</time>
			</trkpt>
			<trkpt lat="39.94239" lon="20.66375">
				<ele>652.38</ele>
				<time>2026-08-06T19:54:27.106Z</time>
			</trkpt>
			<trkpt lat="39.94285" lon="20.66369">
				<ele>652.02</ele>
				<time>2026-08-06T19:54:30.276Z</time>
			</trkpt>
			<trkpt lat="39.94315" lon="20.66369">
				<ele>652.58</ele>
				<time>2026-08-06T19:54:32.317Z</time>
			</trkpt>
			<trkpt lat="39.94334" lon="20.66365">
				<ele>653.26</ele>
				<time>2026-08-06T19:54:33.619Z</time>
			</trkpt>
			<trkpt lat="39.94378" lon="20.66344">
				<ele>655.24</ele>
				<time>2026-08-06T19:54:36.770Z</time>
			</trkpt>
			<trkpt lat="39.9442" lon="20.6632">
				<ele>659.4</ele>
				<time>2026-08-06T19:54:39.825Z</time>
			</trkpt>
			<trkpt lat="39.94433" lon="20.66315">
				<ele>659.34</ele>
				<time>2026-08-06T19:54:40.723Z</time>
			</trkpt>
			<trkpt lat="39.94458" lon="20.6631">
				<ele>658.28</ele>
				<time>2026-08-06T19:54:42.392Z</time>
			</trkpt>
			<trkpt lat="39.94535" lon="20.66309">
				<ele>656.81</ele>
				<time>2026-08-06T19:54:47.429Z</time>
			</trkpt>
			<trkpt lat="39.94554" lon="20.66313">
				<ele>654.66</ele>
				<time>2026-08-06T19:54:48.677Z</time>
			</trkpt>
			<trkpt lat="39.94568" lon="20.66319">
				<ele>651.5</ele>
				<time>2026-08-06T19:54:49.630Z</time>
			</trkpt>
			<trkpt lat="39.94582" lon="20.66331">
				<ele>646.6</ele>
				<time>2026-08-06T19:54:50.711Z</time>
			</trkpt>
			<trkpt lat="39.94612" lon="20.66373">
				<ele>639.54</ele>
				<time>2026-08-06T19:54:53.535Z</time>
			</trkpt>
			<trkpt lat="39.94622" lon="20.6638">
				<ele>639.64</ele>
				<time>2026-08-06T19:54:54.260Z</time>
			</trkpt>
			<trkpt lat="39.9463" lon="20.66381">
				<ele>640.57</ele>
				<time>2026-08-06T19:54:54.773Z</time>
			</trkpt>
			<trkpt lat="39.94638" lon="20.6638">
				<ele>642.17</ele>
				<time>2026-08-06T19:54:55.285Z</time>
			</trkpt>
			<trkpt lat="39.94647" lon="20.66377">
				<ele>642.26</ele>
				<time>2026-08-06T19:54:55.876Z</time>
			</trkpt>
			<trkpt lat="39.94669" lon="20.66363">
				<ele>644.03</ele>
				<time>2026-08-06T19:54:57.430Z</time>
			</trkpt>
			<trkpt lat="39.94693" lon="20.66339">
				<ele>645.78</ele>
				<time>2026-08-06T19:54:59.342Z</time>
			</trkpt>
			<trkpt lat="39.94738" lon="20.66289">
				<ele>648.83</ele>
				<time>2026-08-06T19:55:03.056Z</time>
			</trkpt>
			<trkpt lat="39.94753" lon="20.66276">
				<ele>648.99</ele>
				<time>2026-08-06T19:55:04.182Z</time>
			</trkpt>
			<trkpt lat="39.94782" lon="20.66263">
				<ele>650.98</ele>
				<time>2026-08-06T19:55:06.093Z</time>
			</trkpt>
			<trkpt lat="39.94833" lon="20.66247">
				<ele>652.63</ele>
				<time>2026-08-06T19:55:09.345Z</time>
			</trkpt>
			<trkpt lat="39.94864" lon="20.66229">
				<ele>659.95</ele>
				<time>2026-08-06T19:55:11.438Z</time>
			</trkpt>
			<trkpt lat="39.94982" lon="20.66143">
				<ele>669.3</ele>
				<time>2026-08-06T19:55:19.704Z</time>
			</trkpt>
			<trkpt lat="39.95024" lon="20.66104">
				<ele>672.28</ele>
				<time>2026-08-06T19:55:22.831Z</time>
			</trkpt>
			<trkpt lat="39.95043" lon="20.66097">
				<ele>673.63</ele>
				<time>2026-08-06T19:55:24.026Z</time>
			</trkpt>
			<trkpt lat="39.95084" lon="20.6609">
				<ele>676.89</ele>
				<time>2026-08-06T19:55:26.522Z</time>
			</trkpt>
			<trkpt lat="39.95097" lon="20.66082">
				<ele>677.01</ele>
				<time>2026-08-06T19:55:27.388Z</time>
			</trkpt>
			<trkpt lat="39.95117" lon="20.66165">
				<ele>667.01</ele>
				<time>2026-08-06T19:55:31.398Z</time>
			</trkpt>
			<trkpt lat="39.9512" lon="20.66172">
				<ele>665.23</ele>
				<time>2026-08-06T19:55:31.767Z</time>
			</trkpt>
			<trkpt lat="39.95126" lon="20.66176">
				<ele>664.32</ele>
				<time>2026-08-06T19:55:32.172Z</time>
			</trkpt>
			<trkpt lat="39.95133" lon="20.66177">
				<ele>664.11</ele>
				<time>2026-08-06T19:55:32.594Z</time>
			</trkpt>
			<trkpt lat="39.9514" lon="20.66173">
				<ele>664.54</ele>
				<time>2026-08-06T19:55:33.052Z</time>
			</trkpt>
			<trkpt lat="39.95143" lon="20.66168">
				<ele>664.97</ele>
				<time>2026-08-06T19:55:33.344Z</time>
			</trkpt>
			<trkpt lat="39.95148" lon="20.6615">
				<ele>666.39</ele>
				<time>2026-08-06T19:55:34.224Z</time>
			</trkpt>
			<trkpt lat="39.95148" lon="20.66098">
				<ele>666.44</ele>
				<time>2026-08-06T19:55:36.610Z</time>
			</trkpt>
			<trkpt lat="39.9515" lon="20.6609">
				<ele>665.59</ele>
				<time>2026-08-06T19:55:36.996Z</time>
			</trkpt>
			<trkpt lat="39.95153" lon="20.66083">
				<ele>664.42</ele>
				<time>2026-08-06T19:55:37.364Z</time>
			</trkpt>
			<trkpt lat="39.95159" lon="20.66075">
				<ele>663.44</ele>
				<time>2026-08-06T19:55:37.877Z</time>
			</trkpt>
			<trkpt lat="39.95189" lon="20.66049">
				<ele>660.43</ele>
				<time>2026-08-06T19:55:40.030Z</time>
			</trkpt>
			<trkpt lat="39.95234" lon="20.65997">
				<ele>657.79</ele>
				<time>2026-08-06T19:55:43.621Z</time>
			</trkpt>
			<trkpt lat="39.95266" lon="20.65973">
				<ele>653.4</ele>
				<time>2026-08-06T19:55:45.825Z</time>
			</trkpt>
			<trkpt lat="39.95287" lon="20.65952">
				<ele>654.72</ele>
				<time>2026-08-06T19:55:47.405Z</time>
			</trkpt>
			<trkpt lat="39.95293" lon="20.65948">
				<ele>655.06</ele>
				<time>2026-08-06T19:55:47.808Z</time>
			</trkpt>
			<trkpt lat="39.95308" lon="20.65943">
				<ele>654.71</ele>
				<time>2026-08-06T19:55:48.732Z</time>
			</trkpt>
			<trkpt lat="39.95324" lon="20.65942">
				<ele>652.09</ele>
				<time>2026-08-06T19:55:49.689Z</time>
			</trkpt>
			<trkpt lat="39.95335" lon="20.65945">
				<ele>649.41</ele>
				<time>2026-08-06T19:55:50.361Z</time>
			</trkpt>
			<trkpt lat="39.95362" lon="20.65945">
				<ele>646.44</ele>
				<time>2026-08-06T19:55:51.975Z</time>
			</trkpt>
			<trkpt lat="39.95382" lon="20.65941">
				<ele>646.38</ele>
				<time>2026-08-06T19:55:53.185Z</time>
			</trkpt>
			<trkpt lat="39.95412" lon="20.65919">
				<ele>649.69</ele>
				<time>2026-08-06T19:55:55.245Z</time>
			</trkpt>
			<trkpt lat="39.95423" lon="20.65916">
				<ele>649.24</ele>
				<time>2026-08-06T19:55:55.918Z</time>
			</trkpt>
			<trkpt lat="39.95438" lon="20.65922">
				<ele>644.83</ele>
				<time>2026-08-06T19:55:56.858Z</time>
			</trkpt>
			<trkpt lat="39.95453" lon="20.65934">
				<ele>639.41</ele>
				<time>2026-08-06T19:55:57.913Z</time>
			</trkpt>
			<trkpt lat="39.95459" lon="20.65937">
				<ele>638.33</ele>
				<time>2026-08-06T19:55:58.298Z</time>
			</trkpt>
			<trkpt lat="39.95475" lon="20.65937">
				<ele>637.26</ele>
				<time>2026-08-06T19:55:59.259Z</time>
			</trkpt>
			<trkpt lat="39.95485" lon="20.65934">
				<ele>635.81</ele>
				<time>2026-08-06T19:55:59.875Z</time>
			</trkpt>
			<trkpt lat="39.95492" lon="20.65927">
				<ele>636.21</ele>
				<time>2026-08-06T19:56:00.405Z</time>
			</trkpt>
			<trkpt lat="39.95512" lon="20.65898">
				<ele>639</ele>
				<time>2026-08-06T19:56:02.203Z</time>
			</trkpt>
			<trkpt lat="39.95521" lon="20.65888">
				<ele>638.72</ele>
				<time>2026-08-06T19:56:02.915Z</time>
			</trkpt>
			<trkpt lat="39.95535" lon="20.65879">
				<ele>637.72</ele>
				<time>2026-08-06T19:56:03.856Z</time>
			</trkpt>
			<trkpt lat="39.95551" lon="20.65872">
				<ele>635.32</ele>
				<time>2026-08-06T19:56:04.874Z</time>
			</trkpt>
			<trkpt lat="39.95598" lon="20.65865">
				<ele>628.42</ele>
				<time>2026-08-06T19:56:07.734Z</time>
			</trkpt>
			<trkpt lat="39.9562" lon="20.65864">
				<ele>623.97</ele>
				<time>2026-08-06T19:56:09.068Z</time>
			</trkpt>
			<trkpt lat="39.95635" lon="20.65858">
				<ele>621.66</ele>
				<time>2026-08-06T19:56:10.020Z</time>
			</trkpt>
			<trkpt lat="39.9564" lon="20.65854">
				<ele>621.25</ele>
				<time>2026-08-06T19:56:10.377Z</time>
			</trkpt>
			<trkpt lat="39.95643" lon="20.65848">
				<ele>621.71</ele>
				<time>2026-08-06T19:56:10.710Z</time>
			</trkpt>
			<trkpt lat="39.95651" lon="20.6582">
				<ele>625.8</ele>
				<time>2026-08-06T19:56:12.104Z</time>
			</trkpt>
			<trkpt lat="39.95655" lon="20.65809">
				<ele>627.12</ele>
				<time>2026-08-06T19:56:12.673Z</time>
			</trkpt>
			<trkpt lat="39.9566" lon="20.65802">
				<ele>626.77</ele>
				<time>2026-08-06T19:56:13.120Z</time>
			</trkpt>
			<trkpt lat="39.95673" lon="20.65789">
				<ele>625</ele>
				<time>2026-08-06T19:56:14.120Z</time>
			</trkpt>
			<trkpt lat="39.95686" lon="20.65784">
				<ele>621.15</ele>
				<time>2026-08-06T19:56:14.948Z</time>
			</trkpt>
			<trkpt lat="39.95697" lon="20.65783">
				<ele>617.26</ele>
				<time>2026-08-06T19:56:15.623Z</time>
			</trkpt>
			<trkpt lat="39.95704" lon="20.65777">
				<ele>615.82</ele>
				<time>2026-08-06T19:56:16.136Z</time>
			</trkpt>
			<trkpt lat="39.95707" lon="20.65771">
				<ele>616.05</ele>
				<time>2026-08-06T19:56:16.473Z</time>
			</trkpt>
			<trkpt lat="39.95709" lon="20.65749">
				<ele>620.18</ele>
				<time>2026-08-06T19:56:17.515Z</time>
			</trkpt>
			<trkpt lat="39.95713" lon="20.65731">
				<ele>622.42</ele>
				<time>2026-08-06T19:56:18.398Z</time>
			</trkpt>
			<trkpt lat="39.95718" lon="20.65723">
				<ele>622.24</ele>
				<time>2026-08-06T19:56:18.885Z</time>
			</trkpt>
			<trkpt lat="39.95729" lon="20.6571">
				<ele>620.06</ele>
				<time>2026-08-06T19:56:19.800Z</time>
			</trkpt>
			<trkpt lat="39.95744" lon="20.65686">
				<ele>618.62</ele>
				<time>2026-08-06T19:56:21.266Z</time>
			</trkpt>
			<trkpt lat="39.95758" lon="20.65672">
				<ele>614.29</ele>
				<time>2026-08-06T19:56:22.358Z</time>
			</trkpt>
			<trkpt lat="39.95771" lon="20.65664">
				<ele>609.18</ele>
				<time>2026-08-06T19:56:23.249Z</time>
			</trkpt>
			<trkpt lat="39.95777" lon="20.65657">
				<ele>607.68</ele>
				<time>2026-08-06T19:56:23.749Z</time>
			</trkpt>
			<trkpt lat="39.95791" lon="20.65636">
				<ele>608.62</ele>
				<time>2026-08-06T19:56:25.070Z</time>
			</trkpt>
			<trkpt lat="39.95804" lon="20.65604">
				<ele>609.34</ele>
				<time>2026-08-06T19:56:26.786Z</time>
			</trkpt>
			<trkpt lat="39.95811" lon="20.65596">
				<ele>607.34</ele>
				<time>2026-08-06T19:56:27.360Z</time>
			</trkpt>
			<trkpt lat="39.95815" lon="20.65596">
				<ele>605.52</ele>
				<time>2026-08-06T19:56:27.607Z</time>
			</trkpt>
			<trkpt lat="39.95819" lon="20.65599">
				<ele>603.04</ele>
				<time>2026-08-06T19:56:27.891Z</time>
			</trkpt>
			<trkpt lat="39.95821" lon="20.65605">
				<ele>601.33</ele>
				<time>2026-08-06T19:56:28.200Z</time>
			</trkpt>
			<trkpt lat="39.9582" lon="20.65612">
				<ele>600.64</ele>
				<time>2026-08-06T19:56:28.536Z</time>
			</trkpt>
			<trkpt lat="39.9579" lon="20.65679">
				<ele>598.86</ele>
				<time>2026-08-06T19:56:32.188Z</time>
			</trkpt>
			<trkpt lat="39.95789" lon="20.65687">
				<ele>597.43</ele>
				<time>2026-08-06T19:56:32.569Z</time>
			</trkpt>
			<trkpt lat="39.95792" lon="20.65691">
				<ele>595.78</ele>
				<time>2026-08-06T19:56:32.831Z</time>
			</trkpt>
			<trkpt lat="39.95797" lon="20.6569">
				<ele>594.49</ele>
				<time>2026-08-06T19:56:33.141Z</time>
			</trkpt>
			<trkpt lat="39.95799" lon="20.65687">
				<ele>594.26</ele>
				<time>2026-08-06T19:56:33.327Z</time>
			</trkpt>
			<trkpt lat="39.95825" lon="20.65648">
				<ele>592.9</ele>
				<time>2026-08-06T19:56:35.745Z</time>
			</trkpt>
			<trkpt lat="39.95847" lon="20.65609">
				<ele>589.6</ele>
				<time>2026-08-06T19:56:38.003Z</time>
			</trkpt>
			<trkpt lat="39.95853" lon="20.65606">
				<ele>587.36</ele>
				<time>2026-08-06T19:56:38.394Z</time>
			</trkpt>
			<trkpt lat="39.95856" lon="20.65608">
				<ele>585.69</ele>
				<time>2026-08-06T19:56:38.598Z</time>
			</trkpt>
			<trkpt lat="39.9586" lon="20.65612">
				<ele>584.31</ele>
				<time>2026-08-06T19:56:38.904Z</time>
			</trkpt>
			<trkpt lat="39.95861" lon="20.65619">
				<ele>583.35</ele>
				<time>2026-08-06T19:56:39.235Z</time>
			</trkpt>
			<trkpt lat="39.95856" lon="20.65636">
				<ele>583.7</ele>
				<time>2026-08-06T19:56:40.081Z</time>
			</trkpt>
			<trkpt lat="39.9583" lon="20.65696">
				<ele>581.5</ele>
				<time>2026-08-06T19:56:43.274Z</time>
			</trkpt>
			<trkpt lat="39.95812" lon="20.65732">
				<ele>578.15</ele>
				<time>2026-08-06T19:56:45.258Z</time>
			</trkpt>
			<trkpt lat="39.9581" lon="20.65737">
				<ele>577.13</ele>
				<time>2026-08-06T19:56:45.518Z</time>
			</trkpt>
			<trkpt lat="39.95813" lon="20.65743">
				<ele>574.49</ele>
				<time>2026-08-06T19:56:45.848Z</time>
			</trkpt>
			<trkpt lat="39.95819" lon="20.65744">
				<ele>571.88</ele>
				<time>2026-08-06T19:56:46.211Z</time>
			</trkpt>
			<trkpt lat="39.95823" lon="20.65741">
				<ele>571.29</ele>
				<time>2026-08-06T19:56:46.488Z</time>
			</trkpt>
			<trkpt lat="39.95851" lon="20.65702">
				<ele>573.18</ele>
				<time>2026-08-06T19:56:48.944Z</time>
			</trkpt>
			<trkpt lat="39.95868" lon="20.65687">
				<ele>571.27</ele>
				<time>2026-08-06T19:56:50.171Z</time>
			</trkpt>
			<trkpt lat="39.95883" lon="20.65676">
				<ele>568.66</ele>
				<time>2026-08-06T19:56:51.199Z</time>
			</trkpt>
			<trkpt lat="39.9589" lon="20.65672">
				<ele>567.39</ele>
				<time>2026-08-06T19:56:51.655Z</time>
			</trkpt>
			<trkpt lat="39.95903" lon="20.65671">
				<ele>563.51</ele>
				<time>2026-08-06T19:56:52.432Z</time>
			</trkpt>
			<trkpt lat="39.95906" lon="20.65674">
				<ele>561.87</ele>
				<time>2026-08-06T19:56:52.657Z</time>
			</trkpt>
			<trkpt lat="39.95908" lon="20.65679">
				<ele>560.45</ele>
				<time>2026-08-06T19:56:52.914Z</time>
			</trkpt>
			<trkpt lat="39.95908" lon="20.65685">
				<ele>559.57</ele>
				<time>2026-08-06T19:56:53.188Z</time>
			</trkpt>
			<trkpt lat="39.95905" lon="20.65691">
				<ele>559.24</ele>
				<time>2026-08-06T19:56:53.515Z</time>
			</trkpt>
			<trkpt lat="39.95885" lon="20.65708">
				<ele>561.54</ele>
				<time>2026-08-06T19:56:54.934Z</time>
			</trkpt>
			<trkpt lat="39.95881" lon="20.65714">
				<ele>561.49</ele>
				<time>2026-08-06T19:56:55.296Z</time>
			</trkpt>
			<trkpt lat="39.95876" lon="20.65738">
				<ele>557.83</ele>
				<time>2026-08-06T19:56:56.428Z</time>
			</trkpt>
			<trkpt lat="39.95873" lon="20.65745">
				<ele>557.26</ele>
				<time>2026-08-06T19:56:56.792Z</time>
			</trkpt>
			<trkpt lat="39.95869" lon="20.6575">
				<ele>557.61</ele>
				<time>2026-08-06T19:56:57.120Z</time>
			</trkpt>
			<trkpt lat="39.9584" lon="20.6577">
				<ele>560.3</ele>
				<time>2026-08-06T19:56:59.062Z</time>
			</trkpt>
			<trkpt lat="39.95838" lon="20.65774">
				<ele>560.04</ele>
				<time>2026-08-06T19:56:59.278Z</time>
			</trkpt>
			<trkpt lat="39.95839" lon="20.65777">
				<ele>559.28</ele>
				<time>2026-08-06T19:56:59.426Z</time>
			</trkpt>
			<trkpt lat="39.95843" lon="20.65777">
				<ele>558.03</ele>
				<time>2026-08-06T19:56:59.662Z</time>
			</trkpt>
			<trkpt lat="39.95874" lon="20.65771">
				<ele>550.81</ele>
				<time>2026-08-06T19:57:01.512Z</time>
			</trkpt>
			<trkpt lat="39.95909" lon="20.65775">
				<ele>543.96</ele>
				<time>2026-08-06T19:57:03.580Z</time>
			</trkpt>
			<trkpt lat="39.95918" lon="20.65779">
				<ele>542.74</ele>
				<time>2026-08-06T19:57:04.139Z</time>
			</trkpt>
			<trkpt lat="39.95939" lon="20.65797">
				<ele>541.03</ele>
				<time>2026-08-06T19:57:05.614Z</time>
			</trkpt>
			<trkpt lat="39.95958" lon="20.6581">
				<ele>538.82</ele>
				<time>2026-08-06T19:57:06.872Z</time>
			</trkpt>
			<trkpt lat="39.96004" lon="20.65837">
				<ele>533.17</ele>
				<time>2026-08-06T19:57:09.822Z</time>
			</trkpt>
			<trkpt lat="39.9604" lon="20.6586">
				<ele>530.15</ele>
				<time>2026-08-06T19:57:12.161Z</time>
			</trkpt>
			<trkpt lat="39.96049" lon="20.65862">
				<ele>529.27</ele>
				<time>2026-08-06T19:57:12.692Z</time>
			</trkpt>
			<trkpt lat="39.96057" lon="20.65863">
				<ele>528.23</ele>
				<time>2026-08-06T19:57:13.160Z</time>
			</trkpt>
			<trkpt lat="39.96067" lon="20.65861">
				<ele>526.46</ele>
				<time>2026-08-06T19:57:13.749Z</time>
			</trkpt>
			<trkpt lat="39.96076" lon="20.65852">
				<ele>525.09</ele>
				<time>2026-08-06T19:57:14.408Z</time>
			</trkpt>
			<trkpt lat="39.9608" lon="20.65839">
				<ele>525.06</ele>
				<time>2026-08-06T19:57:15.032Z</time>
			</trkpt>
			<trkpt lat="39.96083" lon="20.65835">
				<ele>524.71</ele>
				<time>2026-08-06T19:57:15.281Z</time>
			</trkpt>
			<trkpt lat="39.96092" lon="20.65831">
				<ele>522.26</ele>
				<time>2026-08-06T19:57:15.833Z</time>
			</trkpt>
			<trkpt lat="39.96096" lon="20.65832">
				<ele>521.29</ele>
				<time>2026-08-06T19:57:16.069Z</time>
			</trkpt>
			<trkpt lat="39.96101" lon="20.65842">
				<ele>519.13</ele>
				<time>2026-08-06T19:57:16.600Z</time>
			</trkpt>
			<trkpt lat="39.96103" lon="20.65881">
				<ele>515.21</ele>
				<time>2026-08-06T19:57:18.336Z</time>
			</trkpt>
			<trkpt lat="39.96106" lon="20.65884">
				<ele>514.31</ele>
				<time>2026-08-06T19:57:18.555Z</time>
			</trkpt>
			<trkpt lat="39.9611" lon="20.65884">
				<ele>513.37</ele>
				<time>2026-08-06T19:57:18.787Z</time>
			</trkpt>
			<trkpt lat="39.9612" lon="20.65878">
				<ele>512.13</ele>
				<time>2026-08-06T19:57:19.423Z</time>
			</trkpt>
			<trkpt lat="39.96135" lon="20.65843">
				<ele>509.79</ele>
				<time>2026-08-06T19:57:21.200Z</time>
			</trkpt>
			<trkpt lat="39.96136" lon="20.6583">
				<ele>508.55</ele>
				<time>2026-08-06T19:57:21.778Z</time>
			</trkpt>
			<trkpt lat="39.96134" lon="20.65821">
				<ele>508.17</ele>
				<time>2026-08-06T19:57:22.192Z</time>
			</trkpt>
			<trkpt lat="39.96111" lon="20.65769">
				<ele>507.51</ele>
				<time>2026-08-06T19:57:24.844Z</time>
			</trkpt>
			<trkpt lat="39.96093" lon="20.65724">
				<ele>507.64</ele>
				<time>2026-08-06T19:57:27.080Z</time>
			</trkpt>
			<trkpt lat="39.96091" lon="20.65699">
				<ele>506.57</ele>
				<time>2026-08-06T19:57:28.187Z</time>
			</trkpt>
			<trkpt lat="39.96093" lon="20.6569">
				<ele>506.29</ele>
				<time>2026-08-06T19:57:28.599Z</time>
			</trkpt>
			<trkpt lat="39.96103" lon="20.65673">
				<ele>505.85</ele>
				<time>2026-08-06T19:57:29.541Z</time>
			</trkpt>
			<trkpt lat="39.9611" lon="20.65667">
				<ele>505.04</ele>
				<time>2026-08-06T19:57:30.021Z</time>
			</trkpt>
			<trkpt lat="39.96122" lon="20.65661">
				<ele>505.38</ele>
				<time>2026-08-06T19:57:30.757Z</time>
			</trkpt>
			<trkpt lat="39.96132" lon="20.6566">
				<ele>504.42</ele>
				<time>2026-08-06T19:57:31.331Z</time>
			</trkpt>
			<trkpt lat="39.96175" lon="20.65673">
				<ele>498.6</ele>
				<time>2026-08-06T19:57:33.855Z</time>
			</trkpt>
			<trkpt lat="39.96209" lon="20.6568">
				<ele>496.66</ele>
				<time>2026-08-06T19:57:35.820Z</time>
			</trkpt>
			<trkpt lat="39.9623" lon="20.65683">
				<ele>493.87</ele>
				<time>2026-08-06T19:57:37.025Z</time>
			</trkpt>
			<trkpt lat="39.96259" lon="20.65683">
				<ele>491.35</ele>
				<time>2026-08-06T19:57:38.677Z</time>
			</trkpt>
			<trkpt lat="39.96303" lon="20.65693">
				<ele>486.56</ele>
				<time>2026-08-06T19:57:41.217Z</time>
			</trkpt>
			<trkpt lat="39.96316" lon="20.65692">
				<ele>485.8</ele>
				<time>2026-08-06T19:57:41.957Z</time>
			</trkpt>
			<trkpt lat="39.96363" lon="20.65685">
				<ele>484.9</ele>
				<time>2026-08-06T19:57:44.642Z</time>
			</trkpt>
			<trkpt lat="39.96379" lon="20.65688">
				<ele>480.33</ele>
				<time>2026-08-06T19:57:45.558Z</time>
			</trkpt>
			<trkpt lat="39.96401" lon="20.65689">
				<ele>476.03</ele>
				<time>2026-08-06T19:57:46.806Z</time>
			</trkpt>
			<trkpt lat="39.96425" lon="20.6568">
				<ele>474.95</ele>
				<time>2026-08-06T19:57:48.219Z</time>
			</trkpt>
			<trkpt lat="39.96443" lon="20.65677">
				<ele>474.78</ele>
				<time>2026-08-06T19:57:49.246Z</time>
			</trkpt>
			<trkpt lat="39.96499" lon="20.65677">
				<ele>464.16</ele>
				<time>2026-08-06T19:57:52.411Z</time>
			</trkpt>
			<trkpt lat="39.96517" lon="20.65667">
				<ele>462.69</ele>
				<time>2026-08-06T19:57:53.515Z</time>
			</trkpt>
			<trkpt lat="39.96531" lon="20.65654">
				<ele>461.78</ele>
				<time>2026-08-06T19:57:54.485Z</time>
			</trkpt>
			<trkpt lat="39.96548" lon="20.6563">
				<ele>460.57</ele>
				<time>2026-08-06T19:57:55.898Z</time>
			</trkpt>
			<trkpt lat="39.96562" lon="20.656">
				<ele>462.47</ele>
				<time>2026-08-06T19:57:57.415Z</time>
			</trkpt>
			<trkpt lat="39.96567" lon="20.65593">
				<ele>462.38</ele>
				<time>2026-08-06T19:57:57.828Z</time>
			</trkpt>
			<trkpt lat="39.96573" lon="20.6559">
				<ele>461.18</ele>
				<time>2026-08-06T19:57:58.190Z</time>
			</trkpt>
			<trkpt lat="39.96589" lon="20.65589">
				<ele>457.63</ele>
				<time>2026-08-06T19:57:59.092Z</time>
			</trkpt>
			<trkpt lat="39.96617" lon="20.65594">
				<ele>452.86</ele>
				<time>2026-08-06T19:58:00.683Z</time>
			</trkpt>
			<trkpt lat="39.9663" lon="20.65594">
				<ele>452.2</ele>
				<time>2026-08-06T19:58:01.414Z</time>
			</trkpt>
			<trkpt lat="39.96658" lon="20.65589">
				<ele>453.13</ele>
				<time>2026-08-06T19:58:03.004Z</time>
			</trkpt>
			<trkpt lat="39.967" lon="20.65576">
				<ele>452.65</ele>
				<time>2026-08-06T19:58:05.430Z</time>
			</trkpt>
			<trkpt lat="39.9671" lon="20.65576">
				<ele>449.79</ele>
				<time>2026-08-06T19:58:05.992Z</time>
			</trkpt>
			<trkpt lat="39.96733" lon="20.6558">
				<ele>442.17</ele>
				<time>2026-08-06T19:58:07.295Z</time>
			</trkpt>
			<trkpt lat="39.96749" lon="20.65579">
				<ele>437.97</ele>
				<time>2026-08-06T19:58:08.194Z</time>
			</trkpt>
			<trkpt lat="39.9677" lon="20.6557">
				<ele>437.5</ele>
				<time>2026-08-06T19:58:09.435Z</time>
			</trkpt>
			<trkpt lat="39.96793" lon="20.65545">
				<ele>443.03</ele>
				<time>2026-08-06T19:58:11.115Z</time>
			</trkpt>
			<trkpt lat="39.96798" lon="20.65541">
				<ele>444.15</ele>
				<time>2026-08-06T19:58:11.444Z</time>
			</trkpt>
			<trkpt lat="39.96803" lon="20.6554">
				<ele>444.46</ele>
				<time>2026-08-06T19:58:11.728Z</time>
			</trkpt>
			<trkpt lat="39.96812" lon="20.65546">
				<ele>441.55</ele>
				<time>2026-08-06T19:58:12.295Z</time>
			</trkpt>
			<trkpt lat="39.96814" lon="20.65551">
				<ele>439.58</ele>
				<time>2026-08-06T19:58:12.537Z</time>
			</trkpt>
			<trkpt lat="39.96814" lon="20.65557">
				<ele>437.77</ele>
				<time>2026-08-06T19:58:12.795Z</time>
			</trkpt>
			<trkpt lat="39.96805" lon="20.6559">
				<ele>429.55</ele>
				<time>2026-08-06T19:58:14.301Z</time>
			</trkpt>
			<trkpt lat="39.96807" lon="20.65598">
				<ele>426.98</ele>
				<time>2026-08-06T19:58:14.662Z</time>
			</trkpt>
			<trkpt lat="39.9681" lon="20.65603">
				<ele>424.76</ele>
				<time>2026-08-06T19:58:14.935Z</time>
			</trkpt>
			<trkpt lat="39.96818" lon="20.65608">
				<ele>421.92</ele>
				<time>2026-08-06T19:58:15.432Z</time>
			</trkpt>
			<trkpt lat="39.96829" lon="20.65611">
				<ele>419.44</ele>
				<time>2026-08-06T19:58:16.062Z</time>
			</trkpt>
			<trkpt lat="39.96847" lon="20.6561">
				<ele>418.16</ele>
				<time>2026-08-06T19:58:17.072Z</time>
			</trkpt>
			<trkpt lat="39.96857" lon="20.65605">
				<ele>418.3</ele>
				<time>2026-08-06T19:58:17.673Z</time>
			</trkpt>
			<trkpt lat="39.96865" lon="20.65596">
				<ele>418.85</ele>
				<time>2026-08-06T19:58:18.265Z</time>
			</trkpt>
			<trkpt lat="39.96869" lon="20.65588">
				<ele>419.55</ele>
				<time>2026-08-06T19:58:18.675Z</time>
			</trkpt>
			<trkpt lat="39.96879" lon="20.65546">
				<ele>424.21</ele>
				<time>2026-08-06T19:58:20.564Z</time>
			</trkpt>
			<trkpt lat="39.96884" lon="20.65533">
				<ele>423.32</ele>
				<time>2026-08-06T19:58:21.189Z</time>
			</trkpt>
			<trkpt lat="39.96935" lon="20.65481">
				<ele>423.13</ele>
				<time>2026-08-06T19:58:24.816Z</time>
			</trkpt>
			<trkpt lat="39.96939" lon="20.65479">
				<ele>423.02</ele>
				<time>2026-08-06T19:58:25.056Z</time>
			</trkpt>
			<trkpt lat="39.96945" lon="20.65482">
				<ele>420.59</ele>
				<time>2026-08-06T19:58:25.416Z</time>
			</trkpt>
			<trkpt lat="39.96945" lon="20.65491">
				<ele>418.23</ele>
				<time>2026-08-06T19:58:25.802Z</time>
			</trkpt>
			<trkpt lat="39.96922" lon="20.65527">
				<ele>412.77</ele>
				<time>2026-08-06T19:58:27.815Z</time>
			</trkpt>
			<trkpt lat="39.9692" lon="20.65536">
				<ele>411.7</ele>
				<time>2026-08-06T19:58:28.218Z</time>
			</trkpt>
			<trkpt lat="39.96923" lon="20.65545">
				<ele>410.45</ele>
				<time>2026-08-06T19:58:28.639Z</time>
			</trkpt>
			<trkpt lat="39.9695" lon="20.6551">
				<ele>413.19</ele>
				<time>2026-08-06T19:58:30.772Z</time>
			</trkpt>
			<trkpt lat="39.96974" lon="20.65486">
				<ele>413.71</ele>
				<time>2026-08-06T19:58:32.467Z</time>
			</trkpt>
			<trkpt lat="39.96992" lon="20.65473">
				<ele>413.7</ele>
				<time>2026-08-06T19:58:33.621Z</time>
			</trkpt>
			<trkpt lat="39.97005" lon="20.65469">
				<ele>413.74</ele>
				<time>2026-08-06T19:58:34.370Z</time>
			</trkpt>
			<trkpt lat="39.97069" lon="20.65465">
				<ele>413.54</ele>
				<time>2026-08-06T19:58:37.965Z</time>
			</trkpt>
			<trkpt lat="39.97108" lon="20.65452">
				<ele>416.58</ele>
				<time>2026-08-06T19:58:40.225Z</time>
			</trkpt>
			<trkpt lat="39.97118" lon="20.65455">
				<ele>417.09</ele>
				<time>2026-08-06T19:58:40.801Z</time>
			</trkpt>
			<trkpt lat="39.97124" lon="20.65459">
				<ele>416.95</ele>
				<time>2026-08-06T19:58:41.179Z</time>
			</trkpt>
			<trkpt lat="39.97141" lon="20.65479">
				<ele>414.65</ele>
				<time>2026-08-06T19:58:42.465Z</time>
			</trkpt>
			<trkpt lat="39.97158" lon="20.65493">
				<ele>412.16</ele>
				<time>2026-08-06T19:58:43.595Z</time>
			</trkpt>
			<trkpt lat="39.97235" lon="20.65541">
				<ele>407.24</ele>
				<time>2026-08-06T19:58:48.395Z</time>
			</trkpt>
			<trkpt lat="39.9729" lon="20.65572">
				<ele>403.93</ele>
				<time>2026-08-06T19:58:51.771Z</time>
			</trkpt>
			<trkpt lat="39.97409" lon="20.65623">
				<ele>405.8</ele>
				<time>2026-08-06T19:58:58.844Z</time>
			</trkpt>
			<trkpt lat="39.97446" lon="20.65634">
				<ele>405.35</ele>
				<time>2026-08-06T19:59:00.993Z</time>
			</trkpt>
			<trkpt lat="39.97457" lon="20.6564">
				<ele>403.92</ele>
				<time>2026-08-06T19:59:01.668Z</time>
			</trkpt>
			<trkpt lat="39.97466" lon="20.65653">
				<ele>402.33</ele>
				<time>2026-08-06T19:59:02.429Z</time>
			</trkpt>
			<trkpt lat="39.97329" lon="20.65836">
				<ele>401.1</ele>
				<time>2026-08-06T19:59:13.584Z</time>
			</trkpt>
			<trkpt lat="39.97316" lon="20.65861">
				<ele>402.1</ele>
				<time>2026-08-06T19:59:14.907Z</time>
			</trkpt>
			<trkpt lat="39.97301" lon="20.65903">
				<ele>403.65</ele>
				<time>2026-08-06T19:59:16.939Z</time>
			</trkpt>
			<trkpt lat="39.97299" lon="20.65912">
				<ele>404.07</ele>
				<time>2026-08-06T19:59:17.350Z</time>
			</trkpt>
			<trkpt lat="39.97297" lon="20.65935">
				<ele>405.43</ele>
				<time>2026-08-06T19:59:18.367Z</time>
			</trkpt>
			<trkpt lat="39.97301" lon="20.6597">
				<ele>406.95</ele>
				<time>2026-08-06T19:59:19.923Z</time>
			</trkpt>
			<trkpt lat="39.97307" lon="20.66001">
				<ele>407.04</ele>
				<time>2026-08-06T19:59:21.331Z</time>
			</trkpt>
			<trkpt lat="39.97314" lon="20.66018">
				<ele>407.66</ele>
				<time>2026-08-06T19:59:22.181Z</time>
			</trkpt>
			<trkpt lat="39.97329" lon="20.66041">
				<ele>408</ele>
				<time>2026-08-06T19:59:23.507Z</time>
			</trkpt>
			<trkpt lat="39.97351" lon="20.66064">
				<ele>408</ele>
				<time>2026-08-06T19:59:25.094Z</time>
			</trkpt>
			<trkpt lat="39.97378" lon="20.66085">
				<ele>407.41</ele>
				<time>2026-08-06T19:59:26.832Z</time>
			</trkpt>
			<trkpt lat="39.97573" lon="20.66222">
				<ele>410.37</ele>
				<time>2026-08-06T19:59:38.704Z</time>
			</trkpt>
			<trkpt lat="39.97781" lon="20.66364">
				<ele>417.23</ele>
				<time>2026-08-06T19:59:52.477Z</time>
			</trkpt>
			<trkpt lat="39.97826" lon="20.66404">
				<ele>418.07</ele>
				<time>2026-08-06T19:59:56.140Z</time>
			</trkpt>
			<trkpt lat="39.979" lon="20.66489">
				<ele>418.5</ele>
				<time>2026-08-06T20:00:03.495Z</time>
			</trkpt>
			<trkpt lat="39.97929" lon="20.66518">
				<ele>418.54</ele>
				<time>2026-08-06T20:00:06.481Z</time>
			</trkpt>
			<trkpt lat="39.97957" lon="20.66539">
				<ele>418.48</ele>
				<time>2026-08-06T20:00:09.228Z</time>
			</trkpt>
			<trkpt lat="39.97965" lon="20.66544">
				<ele>418.71</ele>
				<time>2026-08-06T20:00:09.999Z</time>
			</trkpt>
			<trkpt lat="39.98091" lon="20.666">
				<ele>418.87</ele>
				<time>2026-08-06T20:00:22.347Z</time>
			</trkpt>
			<trkpt lat="39.98335" lon="20.66714">
				<ele>409.89</ele>
				<time>2026-08-06T20:00:49.423Z</time>
			</trkpt>
			<trkpt lat="39.9837" lon="20.66725">
				<ele>409.22</ele>
				<time>2026-08-06T20:00:53.373Z</time>
			</trkpt>
			<trkpt lat="39.98389" lon="20.66729">
				<ele>409.26</ele>
				<time>2026-08-06T20:00:55.494Z</time>
			</trkpt>
			<trkpt lat="39.98457" lon="20.66729">
				<ele>406.63</ele>
				<time>2026-08-06T20:01:03.022Z</time>
			</trkpt>
			<trkpt lat="39.98507" lon="20.66733">
				<ele>405.43</ele>
				<time>2026-08-06T20:01:08.577Z</time>
			</trkpt>
			<trkpt lat="39.98534" lon="20.6674">
				<ele>404.35</ele>
				<time>2026-08-06T20:01:11.625Z</time>
			</trkpt>
			<trkpt lat="39.98607" lon="20.6678">
				<ele>403.4</ele>
				<time>2026-08-06T20:01:20.332Z</time>
			</trkpt>
			<trkpt lat="39.98725" lon="20.66835">
				<ele>401.41</ele>
				<time>2026-08-06T20:01:33.769Z</time>
			</trkpt>
			<trkpt lat="39.98798" lon="20.66859">
				<ele>405.72</ele>
				<time>2026-08-06T20:01:41.521Z</time>
			</trkpt>
			<trkpt lat="39.98876" lon="20.66879">
				<ele>402.86</ele>
				<time>2026-08-06T20:01:49.349Z</time>
			</trkpt>
			<trkpt lat="39.98947" lon="20.66895">
				<ele>404.1</ele>
				<time>2026-08-06T20:01:56.057Z</time>
			</trkpt>
			<trkpt lat="39.99009" lon="20.66903">
				<ele>403.83</ele>
				<time>2026-08-06T20:02:01.510Z</time>
			</trkpt>
			<trkpt lat="39.99136" lon="20.66925">
				<ele>401.79</ele>
				<time>2026-08-06T20:02:12.261Z</time>
			</trkpt>
			<trkpt lat="39.9916" lon="20.66931">
				<ele>402.09</ele>
				<time>2026-08-06T20:02:14.291Z</time>
			</trkpt>
			<trkpt lat="39.99211" lon="20.6695">
				<ele>401.89</ele>
				<time>2026-08-06T20:02:18.673Z</time>
			</trkpt>
			<trkpt lat="39.99254" lon="20.66972">
				<ele>401.88</ele>
				<time>2026-08-06T20:02:22.464Z</time>
			</trkpt>
			<trkpt lat="39.99612" lon="20.672">
				<ele>398.83</ele>
				<time>2026-08-06T20:02:54.220Z</time>
			</trkpt>
			<trkpt lat="39.99726" lon="20.67281">
				<ele>400.18</ele>
				<time>2026-08-06T20:03:04.221Z</time>
			</trkpt>
			<trkpt lat="39.99753" lon="20.67308">
				<ele>399.97</ele>
				<time>2026-08-06T20:03:06.815Z</time>
			</trkpt>
			<trkpt lat="39.99776" lon="20.6734">
				<ele>396.13</ele>
				<time>2026-08-06T20:03:09.368Z</time>
			</trkpt>
			<trkpt lat="39.99793" lon="20.67371">
				<ele>394.25</ele>
				<time>2026-08-06T20:03:11.577Z</time>
			</trkpt>
			<trkpt lat="39.9989" lon="20.67585">
				<ele>404.01</ele>
				<time>2026-08-06T20:03:25.796Z</time>
			</trkpt>
			<trkpt lat="39.99908" lon="20.67622">
				<ele>403.27</ele>
				<time>2026-08-06T20:03:28.268Z</time>
			</trkpt>
			<trkpt lat="39.99933" lon="20.67666">
				<ele>401.95</ele>
				<time>2026-08-06T20:03:31.345Z</time>
			</trkpt>
			<trkpt lat="39.99968" lon="20.67718">
				<ele>403.5</ele>
				<time>2026-08-06T20:03:35.211Z</time>
			</trkpt>
			<trkpt lat="40.00028" lon="20.67797">
				<ele>411.42</ele>
				<time>2026-08-06T20:03:41.374Z</time>
			</trkpt>
			<trkpt lat="40.00086" lon="20.67862">
				<ele>411.04</ele>
				<time>2026-08-06T20:03:46.851Z</time>
			</trkpt>
			<trkpt lat="40.00295" lon="20.68048">
				<ele>401.9</ele>
				<time>2026-08-06T20:04:04.645Z</time>
			</trkpt>
			<trkpt lat="40.00405" lon="20.68141">
				<ele>402.75</ele>
				<time>2026-08-06T20:04:13.675Z</time>
			</trkpt>
			<trkpt lat="40.00444" lon="20.68163">
				<ele>401.55</ele>
				<time>2026-08-06T20:04:16.576Z</time>
			</trkpt>
			<trkpt lat="40.00487" lon="20.6818">
				<ele>402.17</ele>
				<time>2026-08-06T20:04:19.630Z</time>
			</trkpt>
			<trkpt lat="40.00534" lon="20.68191">
				<ele>402.88</ele>
				<time>2026-08-06T20:04:22.861Z</time>
			</trkpt>
			<trkpt lat="40.00639" lon="20.68196">
				<ele>400.22</ele>
				<time>2026-08-06T20:04:29.916Z</time>
			</trkpt>
			<trkpt lat="40.00666" lon="20.68201">
				<ele>400.46</ele>
				<time>2026-08-06T20:04:31.735Z</time>
			</trkpt>
			<trkpt lat="40.00697" lon="20.68211">
				<ele>399.45</ele>
				<time>2026-08-06T20:04:33.859Z</time>
			</trkpt>
			<trkpt lat="40.00905" lon="20.68306">
				<ele>398.83</ele>
				<time>2026-08-06T20:04:48.348Z</time>
			</trkpt>
			<trkpt lat="40.00942" lon="20.68329">
				<ele>397.91</ele>
				<time>2026-08-06T20:04:51.010Z</time>
			</trkpt>
			<trkpt lat="40.00971" lon="20.68353">
				<ele>397.79</ele>
				<time>2026-08-06T20:04:53.234Z</time>
			</trkpt>
			<trkpt lat="40.00988" lon="20.68371">
				<ele>398.38</ele>
				<time>2026-08-06T20:04:54.648Z</time>
			</trkpt>
			<trkpt lat="40.0101" lon="20.684">
				<ele>399.37</ele>
				<time>2026-08-06T20:04:56.663Z</time>
			</trkpt>
			<trkpt lat="40.01042" lon="20.68463">
				<ele>399.9</ele>
				<time>2026-08-06T20:05:00.382Z</time>
			</trkpt>
			<trkpt lat="40.01062" lon="20.68496">
				<ele>398.15</ele>
				<time>2026-08-06T20:05:02.444Z</time>
			</trkpt>
			<trkpt lat="40.01071" lon="20.68508">
				<ele>399.51</ele>
				<time>2026-08-06T20:05:03.265Z</time>
			</trkpt>
			<trkpt lat="40.01088" lon="20.68527">
				<ele>401.26</ele>
				<time>2026-08-06T20:05:04.692Z</time>
			</trkpt>
			<trkpt lat="40.01106" lon="20.68541">
				<ele>401.22</ele>
				<time>2026-08-06T20:05:06.026Z</time>
			</trkpt>
			<trkpt lat="40.01165" lon="20.68574">
				<ele>402.22</ele>
				<time>2026-08-06T20:05:10.099Z</time>
			</trkpt>
			<trkpt lat="40.01203" lon="20.68603">
				<ele>403.76</ele>
				<time>2026-08-06T20:05:12.880Z</time>
			</trkpt>
			<trkpt lat="40.01224" lon="20.68623">
				<ele>403.17</ele>
				<time>2026-08-06T20:05:14.518Z</time>
			</trkpt>
			<trkpt lat="40.01247" lon="20.68652">
				<ele>403.68</ele>
				<time>2026-08-06T20:05:16.528Z</time>
			</trkpt>
			<trkpt lat="40.01261" lon="20.68675">
				<ele>404.85</ele>
				<time>2026-08-06T20:05:17.940Z</time>
			</trkpt>
			<trkpt lat="40.01281" lon="20.68725">
				<ele>404.38</ele>
				<time>2026-08-06T20:05:20.645Z</time>
			</trkpt>
			<trkpt lat="40.01291" lon="20.68764">
				<ele>403.99</ele>
				<time>2026-08-06T20:05:22.611Z</time>
			</trkpt>
			<trkpt lat="40.01303" lon="20.68833">
				<ele>401.42</ele>
				<time>2026-08-06T20:05:25.985Z</time>
			</trkpt>
			<trkpt lat="40.01323" lon="20.68906">
				<ele>403.75</ele>
				<time>2026-08-06T20:05:29.667Z</time>
			</trkpt>
			<trkpt lat="40.0134" lon="20.68942">
				<ele>404.7</ele>
				<time>2026-08-06T20:05:31.669Z</time>
			</trkpt>
			<trkpt lat="40.01366" lon="20.68984">
				<ele>400.64</ele>
				<time>2026-08-06T20:05:34.220Z</time>
			</trkpt>
			<trkpt lat="40.01385" lon="20.69005">
				<ele>399.36</ele>
				<time>2026-08-06T20:05:35.752Z</time>
			</trkpt>
			<trkpt lat="40.01411" lon="20.69028">
				<ele>400.48</ele>
				<time>2026-08-06T20:05:37.681Z</time>
			</trkpt>
			<trkpt lat="40.01455" lon="20.69056">
				<ele>401.1</ele>
				<time>2026-08-06T20:05:40.681Z</time>
			</trkpt>
			<trkpt lat="40.01572" lon="20.69123">
				<ele>404.27</ele>
				<time>2026-08-06T20:05:48.470Z</time>
			</trkpt>
			<trkpt lat="40.01586" lon="20.69134">
				<ele>405.18</ele>
				<time>2026-08-06T20:05:49.462Z</time>
			</trkpt>
			<trkpt lat="40.01611" lon="20.69158">
				<ele>405.08</ele>
				<time>2026-08-06T20:05:51.344Z</time>
			</trkpt>
			<trkpt lat="40.01635" lon="20.69188">
				<ele>406.04</ele>
				<time>2026-08-06T20:05:53.356Z</time>
			</trkpt>
			<trkpt lat="40.01657" lon="20.69221">
				<ele>407.49</ele>
				<time>2026-08-06T20:05:55.381Z</time>
			</trkpt>
			<trkpt lat="40.01677" lon="20.69258">
				<ele>407.35</ele>
				<time>2026-08-06T20:05:57.473Z</time>
			</trkpt>
			<trkpt lat="40.01768" lon="20.69484">
				<ele>408.42</ele>
				<time>2026-08-06T20:06:09.210Z</time>
			</trkpt>
			<trkpt lat="40.02033" lon="20.701">
				<ele>418.72</ele>
				<time>2026-08-06T20:06:41.259Z</time>
			</trkpt>
			<trkpt lat="40.02075" lon="20.70205">
				<ele>415.62</ele>
				<time>2026-08-06T20:06:46.592Z</time>
			</trkpt>
			<trkpt lat="40.02088" lon="20.70242">
				<ele>414.56</ele>
				<time>2026-08-06T20:06:48.423Z</time>
			</trkpt>
			<trkpt lat="40.02122" lon="20.70368">
				<ele>415.88</ele>
				<time>2026-08-06T20:06:54.426Z</time>
			</trkpt>
			<trkpt lat="40.02205" lon="20.70713">
				<ele>417.46</ele>
				<time>2026-08-06T20:07:10.661Z</time>
			</trkpt>
			<trkpt lat="40.02213" lon="20.7074">
				<ele>417.39</ele>
				<time>2026-08-06T20:07:11.961Z</time>
			</trkpt>
			<trkpt lat="40.02222" lon="20.70762">
				<ele>418.4</ele>
				<time>2026-08-06T20:07:13.081Z</time>
			</trkpt>
			<trkpt lat="40.02249" lon="20.70821">
				<ele>420.81</ele>
				<time>2026-08-06T20:07:16.168Z</time>
			</trkpt>
			<trkpt lat="40.0227" lon="20.70857">
				<ele>423</ele>
				<time>2026-08-06T20:07:18.201Z</time>
			</trkpt>
			<trkpt lat="40.02291" lon="20.70885">
				<ele>424.52</ele>
				<time>2026-08-06T20:07:19.962Z</time>
			</trkpt>
			<trkpt lat="40.02429" lon="20.71022">
				<ele>434.31</ele>
				<time>2026-08-06T20:07:30.149Z</time>
			</trkpt>
			<trkpt lat="40.02468" lon="20.71068">
				<ele>436.24</ele>
				<time>2026-08-06T20:07:33.243Z</time>
			</trkpt>
			<trkpt lat="40.02499" lon="20.7111">
				<ele>438.96</ele>
				<time>2026-08-06T20:07:35.875Z</time>
			</trkpt>
			<trkpt lat="40.02522" lon="20.71146">
				<ele>440.17</ele>
				<time>2026-08-06T20:07:37.993Z</time>
			</trkpt>
			<trkpt lat="40.02532" lon="20.71163">
				<ele>440.02</ele>
				<time>2026-08-06T20:07:38.962Z</time>
			</trkpt>
			<trkpt lat="40.02552" lon="20.7121">
				<ele>440.8</ele>
				<time>2026-08-06T20:07:41.394Z</time>
			</trkpt>
			<trkpt lat="40.0257" lon="20.71267">
				<ele>441.87</ele>
				<time>2026-08-06T20:07:44.186Z</time>
			</trkpt>
			<trkpt lat="40.0258" lon="20.71321">
				<ele>440.8</ele>
				<time>2026-08-06T20:07:46.705Z</time>
			</trkpt>
			<trkpt lat="40.02586" lon="20.71373">
				<ele>442.13</ele>
				<time>2026-08-06T20:07:49.092Z</time>
			</trkpt>
			<trkpt lat="40.02589" lon="20.71471">
				<ele>443.13</ele>
				<time>2026-08-06T20:07:53.554Z</time>
			</trkpt>
			<trkpt lat="40.02598" lon="20.71654">
				<ele>450</ele>
				<time>2026-08-06T20:08:01.927Z</time>
			</trkpt>
			<trkpt lat="40.02603" lon="20.71692">
				<ele>449.6</ele>
				<time>2026-08-06T20:08:03.694Z</time>
			</trkpt>
			<trkpt lat="40.02625" lon="20.71787">
				<ele>455.97</ele>
				<time>2026-08-06T20:08:08.251Z</time>
			</trkpt>
			<trkpt lat="40.02641" lon="20.71836">
				<ele>452.83</ele>
				<time>2026-08-06T20:08:10.704Z</time>
			</trkpt>
			<trkpt lat="40.02648" lon="20.7185">
				<ele>452.56</ele>
				<time>2026-08-06T20:08:11.475Z</time>
			</trkpt>
			<trkpt lat="40.0267" lon="20.71887">
				<ele>450.83</ele>
				<time>2026-08-06T20:08:13.637Z</time>
			</trkpt>
			<trkpt lat="40.02723" lon="20.71956">
				<ele>449.98</ele>
				<time>2026-08-06T20:08:18.160Z</time>
			</trkpt>
			<trkpt lat="40.02757" lon="20.71993">
				<ele>452.08</ele>
				<time>2026-08-06T20:08:20.843Z</time>
			</trkpt>
			<trkpt lat="40.0291" lon="20.72138">
				<ele>450.89</ele>
				<time>2026-08-06T20:08:32.378Z</time>
			</trkpt>
			<trkpt lat="40.02936" lon="20.72171">
				<ele>452.01</ele>
				<time>2026-08-06T20:08:34.605Z</time>
			</trkpt>
			<trkpt lat="40.02948" lon="20.72189">
				<ele>451.6</ele>
				<time>2026-08-06T20:08:35.729Z</time>
			</trkpt>
			<trkpt lat="40.02984" lon="20.72251">
				<ele>451.93</ele>
				<time>2026-08-06T20:08:39.404Z</time>
			</trkpt>
			<trkpt lat="40.03004" lon="20.72296">
				<ele>449.87</ele>
				<time>2026-08-06T20:08:41.869Z</time>
			</trkpt>
			<trkpt lat="40.03028" lon="20.72345">
				<ele>453.07</ele>
				<time>2026-08-06T20:08:44.633Z</time>
			</trkpt>
			<trkpt lat="40.03067" lon="20.72419">
				<ele>455.67</ele>
				<time>2026-08-06T20:08:48.919Z</time>
			</trkpt>
			<trkpt lat="40.03163" lon="20.72618">
				<ele>464.48</ele>
				<time>2026-08-06T20:09:00.240Z</time>
			</trkpt>
			<trkpt lat="40.0318" lon="20.72664">
				<ele>464.7</ele>
				<time>2026-08-06T20:09:02.719Z</time>
			</trkpt>
			<trkpt lat="40.0324" lon="20.7285">
				<ele>465.11</ele>
				<time>2026-08-06T20:09:12.590Z</time>
			</trkpt>
			<trkpt lat="40.03272" lon="20.72961">
				<ele>460.21</ele>
				<time>2026-08-06T20:09:18.451Z</time>
			</trkpt>
			<trkpt lat="40.03329" lon="20.73134">
				<ele>465.48</ele>
				<time>2026-08-06T20:09:27.852Z</time>
			</trkpt>
			<trkpt lat="40.03366" lon="20.73263">
				<ele>459.68</ele>
				<time>2026-08-06T20:09:34.807Z</time>
			</trkpt>
			<trkpt lat="40.03386" lon="20.73326">
				<ele>461.48</ele>
				<time>2026-08-06T20:09:38.276Z</time>
			</trkpt>
			<trkpt lat="40.03396" lon="20.73368">
				<ele>463.06</ele>
				<time>2026-08-06T20:09:40.523Z</time>
			</trkpt>
			<trkpt lat="40.0341" lon="20.7346">
				<ele>462.76</ele>
				<time>2026-08-06T20:09:45.338Z</time>
			</trkpt>
			<trkpt lat="40.03411" lon="20.73506">
				<ele>461.07</ele>
				<time>2026-08-06T20:09:47.713Z</time>
			</trkpt>
			<trkpt lat="40.0341" lon="20.73527">
				<ele>459.65</ele>
				<time>2026-08-06T20:09:48.801Z</time>
			</trkpt>
			<trkpt lat="40.03397" lon="20.73607">
				<ele>456.84</ele>
				<time>2026-08-06T20:09:53.049Z</time>
			</trkpt>
			<trkpt lat="40.03393" lon="20.73645">
				<ele>456.22</ele>
				<time>2026-08-06T20:09:55.051Z</time>
			</trkpt>
			<trkpt lat="40.03394" lon="20.73698">
				<ele>457.01</ele>
				<time>2026-08-06T20:09:57.828Z</time>
			</trkpt>
			<trkpt lat="40.03396" lon="20.73713">
				<ele>457.64</ele>
				<time>2026-08-06T20:09:58.628Z</time>
			</trkpt>
			<trkpt lat="40.03402" lon="20.73732">
				<ele>457.54</ele>
				<time>2026-08-06T20:09:59.709Z</time>
			</trkpt>
			<trkpt lat="40.03418" lon="20.73778">
				<ele>452.67</ele>
				<time>2026-08-06T20:10:02.374Z</time>
			</trkpt>
			<trkpt lat="40.03426" lon="20.73796">
				<ele>450.42</ele>
				<time>2026-08-06T20:10:03.474Z</time>
			</trkpt>
			<trkpt lat="40.03518" lon="20.73976">
				<ele>451.98</ele>
				<time>2026-08-06T20:10:15.035Z</time>
			</trkpt>
			<trkpt lat="40.03536" lon="20.74015">
				<ele>450.54</ele>
				<time>2026-08-06T20:10:17.494Z</time>
			</trkpt>
			<trkpt lat="40.03576" lon="20.74101">
				<ele>443.73</ele>
				<time>2026-08-06T20:10:22.962Z</time>
			</trkpt>
			<trkpt lat="40.03608" lon="20.74148">
				<ele>442.51</ele>
				<time>2026-08-06T20:10:26.404Z</time>
			</trkpt>
			<trkpt lat="40.03624" lon="20.74168">
				<ele>441.95</ele>
				<time>2026-08-06T20:10:27.993Z</time>
			</trkpt>
			<trkpt lat="40.03672" lon="20.74216">
				<ele>440.51</ele>
				<time>2026-08-06T20:10:32.352Z</time>
			</trkpt>
			<trkpt lat="40.03719" lon="20.74251">
				<ele>440.55</ele>
				<time>2026-08-06T20:10:36.279Z</time>
			</trkpt>
			<trkpt lat="40.03742" lon="20.74264">
				<ele>442.81</ele>
				<time>2026-08-06T20:10:38.106Z</time>
			</trkpt>
			<trkpt lat="40.03758" lon="20.7427">
				<ele>444.1</ele>
				<time>2026-08-06T20:10:39.323Z</time>
			</trkpt>
			<trkpt lat="40.03809" lon="20.74287">
				<ele>444</ele>
				<time>2026-08-06T20:10:43.186Z</time>
			</trkpt>
			<trkpt lat="40.0383" lon="20.7429">
				<ele>444</ele>
				<time>2026-08-06T20:10:44.744Z</time>
			</trkpt>
			<trkpt lat="40.03865" lon="20.74292">
				<ele>445.21</ele>
				<time>2026-08-06T20:10:47.335Z</time>
			</trkpt>
			<trkpt lat="40.03897" lon="20.7429">
				<ele>446.62</ele>
				<time>2026-08-06T20:10:49.714Z</time>
			</trkpt>
			<trkpt lat="40.03936" lon="20.74284">
				<ele>446.45</ele>
				<time>2026-08-06T20:10:52.643Z</time>
			</trkpt>
			<trkpt lat="40.03959" lon="20.74278">
				<ele>446.55</ele>
				<time>2026-08-06T20:10:54.400Z</time>
			</trkpt>
			<trkpt lat="40.04078" lon="20.74224">
				<ele>453.64</ele>
				<time>2026-08-06T20:11:03.919Z</time>
			</trkpt>
			<trkpt lat="40.04086" lon="20.74225">
				<ele>454.22</ele>
				<time>2026-08-06T20:11:04.531Z</time>
			</trkpt>
			<trkpt lat="40.04102" lon="20.74241">
				<ele>455.34</ele>
				<time>2026-08-06T20:11:06.069Z</time>
			</trkpt>
			<trkpt lat="40.04113" lon="20.74268">
				<ele>456.08</ele>
				<time>2026-08-06T20:11:07.861Z</time>
			</trkpt>
			<trkpt lat="40.04131" lon="20.74303">
				<ele>456.72</ele>
				<time>2026-08-06T20:11:10.340Z</time>
			</trkpt>
			<trkpt lat="40.04168" lon="20.74346">
				<ele>458.67</ele>
				<time>2026-08-06T20:11:14.163Z</time>
			</trkpt>
			<trkpt lat="40.0418" lon="20.74362">
				<ele>460.04</ele>
				<time>2026-08-06T20:11:15.492Z</time>
			</trkpt>
			<trkpt lat="40.04183" lon="20.74378">
				<ele>460.81</ele>
				<time>2026-08-06T20:11:16.472Z</time>
			</trkpt>
			<trkpt lat="40.04181" lon="20.7439">
				<ele>461.19</ele>
				<time>2026-08-06T20:11:17.203Z</time>
			</trkpt>
			<trkpt lat="40.0416" lon="20.74463">
				<ele>466</ele>
				<time>2026-08-06T20:11:21.867Z</time>
			</trkpt>
			<trkpt lat="40.0416" lon="20.74476">
				<ele>467.51</ele>
				<time>2026-08-06T20:11:22.648Z</time>
			</trkpt>
			<trkpt lat="40.04163" lon="20.74484">
				<ele>468.37</ele>
				<time>2026-08-06T20:11:23.184Z</time>
			</trkpt>
			<trkpt lat="40.04168" lon="20.7449">
				<ele>469.1</ele>
				<time>2026-08-06T20:11:23.718Z</time>
			</trkpt>
			<trkpt lat="40.04224" lon="20.74523">
				<ele>475.03</ele>
				<time>2026-08-06T20:11:28.569Z</time>
			</trkpt>
			<trkpt lat="40.04237" lon="20.74527">
				<ele>476.06</ele>
				<time>2026-08-06T20:11:29.629Z</time>
			</trkpt>
			<trkpt lat="40.04251" lon="20.74525">
				<ele>477.26</ele>
				<time>2026-08-06T20:11:30.749Z</time>
			</trkpt>
			<trkpt lat="40.04292" lon="20.74514">
				<ele>483.67</ele>
				<time>2026-08-06T20:11:34.088Z</time>
			</trkpt>
			<trkpt lat="40.04364" lon="20.74498">
				<ele>489.23</ele>
				<time>2026-08-06T20:11:39.960Z</time>
			</trkpt>
			<trkpt lat="40.04385" lon="20.74498">
				<ele>491.49</ele>
				<time>2026-08-06T20:11:41.658Z</time>
			</trkpt>
			<trkpt lat="40.04465" lon="20.74506">
				<ele>496.01</ele>
				<time>2026-08-06T20:11:48.192Z</time>
			</trkpt>
			<trkpt lat="40.04584" lon="20.74504">
				<ele>505.22</ele>
				<time>2026-08-06T20:11:58.012Z</time>
			</trkpt>
			<trkpt lat="40.04592" lon="20.74505">
				<ele>506.18</ele>
				<time>2026-08-06T20:11:58.681Z</time>
			</trkpt>
			<trkpt lat="40.04599" lon="20.74509">
				<ele>507.13</ele>
				<time>2026-08-06T20:11:59.318Z</time>
			</trkpt>
			<trkpt lat="40.04603" lon="20.74518">
				<ele>507.8</ele>
				<time>2026-08-06T20:11:59.982Z</time>
			</trkpt>
			<trkpt lat="40.04629" lon="20.74502">
				<ele>508.78</ele>
				<time>2026-08-06T20:12:02.385Z</time>
			</trkpt>
			<trkpt lat="40.04663" lon="20.74549">
				<ele>513.21</ele>
				<time>2026-08-06T20:12:06.546Z</time>
			</trkpt>
			<trkpt lat="40.04669" lon="20.7456">
				<ele>514.8</ele>
				<time>2026-08-06T20:12:07.419Z</time>
			</trkpt>
			<trkpt lat="40.04676" lon="20.74578">
				<ele>517.11</ele>
				<time>2026-08-06T20:12:08.725Z</time>
			</trkpt>
			<trkpt lat="40.04688" lon="20.74624">
				<ele>523.12</ele>
				<time>2026-08-06T20:12:11.882Z</time>
			</trkpt>
			<trkpt lat="40.04697" lon="20.74641">
				<ele>525.78</ele>
				<time>2026-08-06T20:12:13.229Z</time>
			</trkpt>
			<trkpt lat="40.04726" lon="20.74666">
				<ele>532.4</ele>
				<time>2026-08-06T20:12:16.199Z</time>
			</trkpt>
			<trkpt lat="40.0475" lon="20.7469">
				<ele>537.55</ele>
				<time>2026-08-06T20:12:18.793Z</time>
			</trkpt>
			<trkpt lat="40.04759" lon="20.74707">
				<ele>540.75</ele>
				<time>2026-08-06T20:12:20.155Z</time>
			</trkpt>
			<trkpt lat="40.04763" lon="20.74718">
				<ele>542.53</ele>
				<time>2026-08-06T20:12:20.959Z</time>
			</trkpt>
			<trkpt lat="40.04764" lon="20.74731">
				<ele>544.22</ele>
				<time>2026-08-06T20:12:21.823Z</time>
			</trkpt>
			<trkpt lat="40.04762" lon="20.7476">
				<ele>547.45</ele>
				<time>2026-08-06T20:12:23.771Z</time>
			</trkpt>
			<trkpt lat="40.04764" lon="20.74773">
				<ele>549.06</ele>
				<time>2026-08-06T20:12:24.673Z</time>
			</trkpt>
			<trkpt lat="40.04785" lon="20.74857">
				<ele>559.92</ele>
				<time>2026-08-06T20:12:30.890Z</time>
			</trkpt>
			<trkpt lat="40.04795" lon="20.74897">
				<ele>565.29</ele>
				<time>2026-08-06T20:12:33.968Z</time>
			</trkpt>
			<trkpt lat="40.048" lon="20.74937">
				<ele>570.27</ele>
				<time>2026-08-06T20:12:36.996Z</time>
			</trkpt>
			<trkpt lat="40.04808" lon="20.7498">
				<ele>575.31</ele>
				<time>2026-08-06T20:12:40.366Z</time>
			</trkpt>
			<trkpt lat="40.0481" lon="20.74982">
				<ele>575.93</ele>
				<time>2026-08-06T20:12:40.619Z</time>
			</trkpt>
			<trkpt lat="40.04816" lon="20.74984">
				<ele>577.29</ele>
				<time>2026-08-06T20:12:41.243Z</time>
			</trkpt>
			<trkpt lat="40.0484" lon="20.74982">
				<ele>581.02</ele>
				<time>2026-08-06T20:12:43.683Z</time>
			</trkpt>
			<trkpt lat="40.04844" lon="20.74986">
				<ele>582.41</ele>
				<time>2026-08-06T20:12:44.197Z</time>
			</trkpt>
			<trkpt lat="40.0485" lon="20.75009">
				<ele>586.92</ele>
				<time>2026-08-06T20:12:46.107Z</time>
			</trkpt>
			<trkpt lat="40.0489" lon="20.75074">
				<ele>596.08</ele>
				<time>2026-08-06T20:12:52.762Z</time>
			</trkpt>
			<trkpt lat="40.04834" lon="20.75169">
				<ele>612.18</ele>
				<time>2026-08-06T20:13:02.526Z</time>
			</trkpt>
			<trkpt lat="40.04815" lon="20.75188">
				<ele>612</ele>
				<time>2026-08-06T20:13:05.094Z</time>
			</trkpt>
			<trkpt lat="40.04809" lon="20.7519">
				<ele>611.76</ele>
				<time>2026-08-06T20:13:05.759Z</time>
			</trkpt>
			<trkpt lat="40.04792" lon="20.7519">
				<ele>611.79</ele>
				<time>2026-08-06T20:13:07.587Z</time>
			</trkpt>
			<trkpt lat="40.04775" lon="20.75184">
				<ele>611.31</ele>
				<time>2026-08-06T20:13:09.480Z</time>
			</trkpt>
			<trkpt lat="40.04761" lon="20.75188">
				<ele>612.45</ele>
				<time>2026-08-06T20:13:11.021Z</time>
			</trkpt>
			<trkpt lat="40.04703" lon="20.75183">
				<ele>610.11</ele>
				<time>2026-08-06T20:13:17.259Z</time>
			</trkpt>
			<trkpt lat="40.0468" lon="20.75192">
				<ele>612.53</ele>
				<time>2026-08-06T20:13:19.823Z</time>
			</trkpt>
			<trkpt lat="40.04642" lon="20.75232">
				<ele>618.69</ele>
				<time>2026-08-06T20:13:24.999Z</time>
			</trkpt>
			<trkpt lat="40.0462" lon="20.75261">
				<ele>620.42</ele>
				<time>2026-08-06T20:13:28.280Z</time>
			</trkpt>
			<trkpt lat="40.04616" lon="20.75268">
				<ele>620.83</ele>
				<time>2026-08-06T20:13:28.978Z</time>
			</trkpt>
			<trkpt lat="40.04602" lon="20.75285">
				<ele>622.88</ele>
				<time>2026-08-06T20:13:30.963Z</time>
			</trkpt>
			<trkpt lat="40.04554" lon="20.7532">
				<ele>633.35</ele>
				<time>2026-08-06T20:13:36.604Z</time>
			</trkpt>
			<trkpt lat="40.04533" lon="20.7534">
				<ele>639.18</ele>
				<time>2026-08-06T20:13:39.262Z</time>
			</trkpt>
			<trkpt lat="40.04514" lon="20.7536">
				<ele>644.4</ele>
				<time>2026-08-06T20:13:41.757Z</time>
			</trkpt>
			<trkpt lat="40.04497" lon="20.75374">
				<ele>647.88</ele>
				<time>2026-08-06T20:13:43.812Z</time>
			</trkpt>
			<trkpt lat="40.04482" lon="20.75381">
				<ele>649.2</ele>
				<time>2026-08-06T20:13:45.441Z</time>
			</trkpt>
			<trkpt lat="40.04465" lon="20.75385">
				<ele>649.63</ele>
				<time>2026-08-06T20:13:47.208Z</time>
			</trkpt>
			<trkpt lat="40.04442" lon="20.75387">
				<ele>649.35</ele>
				<time>2026-08-06T20:13:49.565Z</time>
			</trkpt>
			<trkpt lat="40.04438" lon="20.75392">
				<ele>652.14</ele>
				<time>2026-08-06T20:13:50.131Z</time>
			</trkpt>
			<trkpt lat="40.04439" lon="20.75402">
				<ele>655.69</ele>
				<time>2026-08-06T20:13:50.920Z</time>
			</trkpt>
			<trkpt lat="40.04441" lon="20.75404">
				<ele>656.44</ele>
				<time>2026-08-06T20:13:51.178Z</time>
			</trkpt>
			<trkpt lat="40.04466" lon="20.75404">
				<ele>656.71</ele>
				<time>2026-08-06T20:13:53.735Z</time>
			</trkpt>
			<trkpt lat="40.04476" lon="20.75406">
				<ele>657.75</ele>
				<time>2026-08-06T20:13:54.769Z</time>
			</trkpt>
			<trkpt lat="40.04493" lon="20.75415">
				<ele>658.55</ele>
				<time>2026-08-06T20:13:56.645Z</time>
			</trkpt>
			<trkpt lat="40.04573" lon="20.75472">
				<ele>670.11</ele>
				<time>2026-08-06T20:14:05.964Z</time>
			</trkpt>
			<trkpt lat="40.04654" lon="20.75507">
				<ele>675.6</ele>
				<time>2026-08-06T20:14:14.688Z</time>
			</trkpt>
			<trkpt lat="40.04689" lon="20.75513">
				<ele>676.7</ele>
				<time>2026-08-06T20:14:18.298Z</time>
			</trkpt>
			<trkpt lat="40.04703" lon="20.75519">
				<ele>676.51</ele>
				<time>2026-08-06T20:14:19.805Z</time>
			</trkpt>
			<trkpt lat="40.04725" lon="20.75536">
				<ele>676.59</ele>
				<time>2026-08-06T20:14:22.419Z</time>
			</trkpt>
			<trkpt lat="40.04731" lon="20.75545">
				<ele>677.6</ele>
				<time>2026-08-06T20:14:23.354Z</time>
			</trkpt>
			<trkpt lat="40.04735" lon="20.75556">
				<ele>679.32</ele>
				<time>2026-08-06T20:14:24.307Z</time>
			</trkpt>
			<trkpt lat="40.04734" lon="20.75566">
				<ele>681.96</ele>
				<time>2026-08-06T20:14:25.085Z</time>
			</trkpt>
			<trkpt lat="40.04732" lon="20.7557">
				<ele>683.5</ele>
				<time>2026-08-06T20:14:25.443Z</time>
			</trkpt>
			<trkpt lat="40.04726" lon="20.75575">
				<ele>685.86</ele>
				<time>2026-08-06T20:14:26.127Z</time>
			</trkpt>
			<trkpt lat="40.04717" lon="20.75574">
				<ele>687.63</ele>
				<time>2026-08-06T20:14:26.979Z</time>
			</trkpt>
			<trkpt lat="40.04698" lon="20.75563">
				<ele>688.09</ele>
				<time>2026-08-06T20:14:28.945Z</time>
			</trkpt>
			<trkpt lat="40.04681" lon="20.75561">
				<ele>687.49</ele>
				<time>2026-08-06T20:14:30.668Z</time>
			</trkpt>
			<trkpt lat="40.04644" lon="20.75575">
				<ele>689.29</ele>
				<time>2026-08-06T20:14:35.518Z</time>
			</trkpt>
			<trkpt lat="40.04607" lon="20.75576">
				<ele>690.59</ele>
				<time>2026-08-06T20:14:42.137Z</time>
			</trkpt>
			<trkpt lat="40.04569" lon="20.75583">
				<ele>696.68</ele>
				<time>2026-08-06T20:14:50.037Z</time>
			</trkpt>
			<trkpt lat="40.04557" lon="20.75582">
				<ele>697.72</ele>
				<time>2026-08-06T20:14:52.518Z</time>
			</trkpt>
			<trkpt lat="40.04537" lon="20.75575">
				<ele>699.39</ele>
				<time>2026-08-06T20:14:56.607Z</time>
			</trkpt>
			<trkpt lat="40.04531" lon="20.75579">
				<ele>701.12</ele>
				<time>2026-08-06T20:14:57.858Z</time>
			</trkpt>
			<trkpt lat="40.04529" lon="20.75586">
				<ele>703.21</ele>
				<time>2026-08-06T20:14:58.880Z</time>
			</trkpt>
			<trkpt lat="40.04533" lon="20.75593">
				<ele>703.69</ele>
				<time>2026-08-06T20:15:00.022Z</time>
			</trkpt>
			<trkpt lat="40.04576" lon="20.75617">
				<ele>704.88</ele>
				<time>2026-08-06T20:15:06.783Z</time>
			</trkpt>
			<trkpt lat="40.04595" lon="20.75626">
				<ele>705.21</ele>
				<time>2026-08-06T20:15:09.543Z</time>
			</trkpt>
			<trkpt lat="40.04606" lon="20.75634">
				<ele>706.24</ele>
				<time>2026-08-06T20:15:11.237Z</time>
			</trkpt>
			<trkpt lat="40.04617" lon="20.75649">
				<ele>708.42</ele>
				<time>2026-08-06T20:15:13.349Z</time>
			</trkpt>
			<trkpt lat="40.04627" lon="20.75685">
				<ele>714.13</ele>
				<time>2026-08-06T20:15:17.164Z</time>
			</trkpt>
			<trkpt lat="40.04632" lon="20.75694">
				<ele>714.93</ele>
				<time>2026-08-06T20:15:18.254Z</time>
			</trkpt>
			<trkpt lat="40.04638" lon="20.75697">
				<ele>714.76</ele>
				<time>2026-08-06T20:15:19.071Z</time>
			</trkpt>
			<trkpt lat="40.04654" lon="20.75699">
				<ele>716.09</ele>
				<time>2026-08-06T20:15:21.094Z</time>
			</trkpt>
			<trkpt lat="40.04667" lon="20.75705">
				<ele>717.92</ele>
				<time>2026-08-06T20:15:22.808Z</time>
			</trkpt>
			<trkpt lat="40.04707" lon="20.75738">
				<ele>722.52</ele>
				<time>2026-08-06T20:15:28.536Z</time>
			</trkpt>
			<trkpt lat="40.04712" lon="20.75744">
				<ele>722.62</ele>
				<time>2026-08-06T20:15:29.340Z</time>
			</trkpt>
			<trkpt lat="40.04715" lon="20.75752">
				<ele>723.21</ele>
				<time>2026-08-06T20:15:30.142Z</time>
			</trkpt>
			<trkpt lat="40.04716" lon="20.75757">
				<ele>723.88</ele>
				<time>2026-08-06T20:15:30.606Z</time>
			</trkpt>
			<trkpt lat="40.04713" lon="20.75764">
				<ele>725.25</ele>
				<time>2026-08-06T20:15:31.323Z</time>
			</trkpt>
			<trkpt lat="40.04707" lon="20.75766">
				<ele>726.18</ele>
				<time>2026-08-06T20:15:32.042Z</time>
			</trkpt>
			<trkpt lat="40.04664" lon="20.75744">
				<ele>726.68</ele>
				<time>2026-08-06T20:15:37.293Z</time>
			</trkpt>
			<trkpt lat="40.04655" lon="20.75742">
				<ele>726.99</ele>
				<time>2026-08-06T20:15:38.309Z</time>
			</trkpt>
			<trkpt lat="40.04649" lon="20.75747">
				<ele>728.99</ele>
				<time>2026-08-06T20:15:39.096Z</time>
			</trkpt>
			<trkpt lat="40.04649" lon="20.75753">
				<ele>731.02</ele>
				<time>2026-08-06T20:15:39.602Z</time>
			</trkpt>
			<trkpt lat="40.04651" lon="20.75759">
				<ele>732.41</ele>
				<time>2026-08-06T20:15:40.152Z</time>
			</trkpt>
			<trkpt lat="40.04665" lon="20.7577">
				<ele>734.19</ele>
				<time>2026-08-06T20:15:41.930Z</time>
			</trkpt>
			<trkpt lat="40.04676" lon="20.75785">
				<ele>734.91</ele>
				<time>2026-08-06T20:15:43.640Z</time>
			</trkpt>
			<trkpt lat="40.04708" lon="20.75876">
				<ele>744.37</ele>
				<time>2026-08-06T20:15:51.627Z</time>
			</trkpt>
			<trkpt lat="40.04719" lon="20.75886">
				<ele>744.22</ele>
				<time>2026-08-06T20:15:52.983Z</time>
			</trkpt>
			<trkpt lat="40.04739" lon="20.75899">
				<ele>744.64</ele>
				<time>2026-08-06T20:15:55.218Z</time>
			</trkpt>
			<trkpt lat="40.04748" lon="20.75907">
				<ele>745.31</ele>
				<time>2026-08-06T20:15:56.296Z</time>
			</trkpt>
			<trkpt lat="40.04802" lon="20.75974">
				<ele>758.78</ele>
				<time>2026-08-06T20:16:03.507Z</time>
			</trkpt>
			<trkpt lat="40.04824" lon="20.76008">
				<ele>764.2</ele>
				<time>2026-08-06T20:16:06.721Z</time>
			</trkpt>
			<trkpt lat="40.0483" lon="20.76014">
				<ele>763.76</ele>
				<time>2026-08-06T20:16:07.427Z</time>
			</trkpt>
		</trkseg>
	</trk>
</gpx>