<?xml version="1.0" encoding="UTF-8"?>
<gpx version="1.1" creator="Kurviger" xmlns="http://www.topografix.com/GPX/1/1" xmlns:xsi="http://www.w3.org/2001/XMLSchema-instance" xsi:schemaLocation="http://www.topografix.com/GPX/1/1 http://www.topografix.com/GPX/1/1/gpx.xsd http://www.garmin.com/xmlschemas/GpxExtensions/v3 http://www.garmin.com/xmlschemas/GpxExtensionsv3.xsd http://www.garmin.com/xmlschemas/TripExtensions/v1 http://www.garmin.com/xmlschemas/TripExtensionsv1.xsd" xmlns:gpxx="http://www.garmin.com/xmlschemas/GpxExtensions/v3" xmlns:trp="http://www.garmin.com/xmlschemas/TripExtensions/v1">
	<metadata>
		<name>DAY 5 - Rancho Relaxo - Mparos From Xaliki - Kalaritres - Pramanta</name>
		<copyright author="OpenStreetMap contributors"/>
		<link href="https://kurviger.com">
			<text>Kurviger.com GPX</text>
		</link>
		<time>2026-08-06T16:20:59.153Z</time>
	</metadata>
	<wpt lat="39.772118" lon="20.679652">
		<name>The Rancho Relaxo</name>
		<sym>Flag, Green</sym>
		<type>start</type>
	</wpt>
	<wpt lat="39.774769" lon="20.751972">
		<name>Shaping Point 1</name>
		<sym>Waypoint</sym>
		<type>shaping</type>
	</wpt>
	<wpt lat="39.718477" lon="21.023841">
		<name>Shaping Point 2</name>
		<sym>Waypoint</sym>
		<type>shaping</type>
	</wpt>
	<wpt lat="39.736531" lon="21.047058">
		<name>Shaping Point 3</name>
		<sym>Waypoint</sym>
		<type>shaping</type>
	</wpt>
	<wpt lat="39.756593" lon="21.084695">
		<name>Via Point 4</name>
		<sym>Flag, Blue</sym>
		<type>via</type>
	</wpt>
	<wpt lat="39.754317" lon="21.089501">
		<name>Via Point 5</name>
		<sym>Flag, Blue</sym>
		<type>via</type>
	</wpt>
	<wpt lat="39.76482" lon="21.20076">
		<name>Shell</name>
		<sym>Flag, Blue</sym>
		<type>via</type>
	</wpt>
	<wpt lat="39.614516" lon="21.170114">
		<name>Μπάρος</name>
		<sym>Flag, Blue</sym>
		<type>via</type>
	</wpt>
	<wpt lat="39.583097" lon="21.125185">
		<name>Kalarites</name>
		<sym>Flag, Blue</sym>
		<type>via</type>
	</wpt>
	<wpt lat="39.574072" lon="21.083343">
		<name>Pramanta</name>
		<sym>Flag, Blue</sym>
		<type>via</type>
	</wpt>
	<wpt lat="39.5615" lon="21.007404">
		<name>Via Point 10</name>
		<sym>Flag, Blue</sym>
		<type>via</type>
	</wpt>
	<wpt lat="39.772118" lon="20.679652">
		<name>The Rancho Relaxo</name>
		<sym>Flag, Red</sym>
		<type>destination</type>
	</wpt>
	<trk>
		<name>DAY 5 - Rancho Relaxo - Mparos From Xaliki - Kalaritres - Pramanta</name>
		<trkseg>
			<trkpt lat="39.77181" lon="20.67963">
				<ele>621.11</ele>
				<time>2026-08-06T16:20:59.152Z</time>
			</trkpt>
			<trkpt lat="39.77181" lon="20.67953">
				<ele>620.48</ele>
				<time>2026-08-06T16:21:01.380Z</time>
			</trkpt>
			<trkpt lat="39.77191" lon="20.67915">
				<ele>619.14</ele>
				<time>2026-08-06T16:21:10.388Z</time>
			</trkpt>
			<trkpt lat="39.77192" lon="20.67876">
				<ele>619.6</ele>
				<time>2026-08-06T16:21:18.982Z</time>
			</trkpt>
			<trkpt lat="39.77197" lon="20.67857">
				<ele>618.65</ele>
				<time>2026-08-06T16:21:23.242Z</time>
			</trkpt>
			<trkpt lat="39.77245" lon="20.67733">
				<ele>616.45</ele>
				<time>2026-08-06T16:21:45.832Z</time>
			</trkpt>
			<trkpt lat="39.77259" lon="20.6771">
				<ele>615.06</ele>
				<time>2026-08-06T16:21:48.257Z</time>
			</trkpt>
			<trkpt lat="39.77286" lon="20.67766">
				<ele>616.6</ele>
				<time>2026-08-06T16:21:52.055Z</time>
			</trkpt>
			<trkpt lat="39.773" lon="20.67785">
				<ele>617.29</ele>
				<time>2026-08-06T16:21:53.344Z</time>
			</trkpt>
			<trkpt lat="39.77333" lon="20.67807">
				<ele>617.99</ele>
				<time>2026-08-06T16:21:55.425Z</time>
			</trkpt>
			<trkpt lat="39.77387" lon="20.67862">
				<ele>618.16</ele>
				<time>2026-08-06T16:21:58.521Z</time>
			</trkpt>
			<trkpt lat="39.77434" lon="20.67913">
				<ele>617.68</ele>
				<time>2026-08-06T16:22:00.749Z</time>
			</trkpt>
			<trkpt lat="39.77482" lon="20.6795">
				<ele>616.58</ele>
				<time>2026-08-06T16:22:02.608Z</time>
			</trkpt>
			<trkpt lat="39.77506" lon="20.67963">
				<ele>617.97</ele>
				<time>2026-08-06T16:22:03.486Z</time>
			</trkpt>
			<trkpt lat="39.77518" lon="20.67974">
				<ele>618.7</ele>
				<time>2026-08-06T16:22:03.997Z</time>
			</trkpt>
			<trkpt lat="39.77547" lon="20.68007">
				<ele>618.75</ele>
				<time>2026-08-06T16:22:05.429Z</time>
			</trkpt>
			<trkpt lat="39.77564" lon="20.68032">
				<ele>620.05</ele>
				<time>2026-08-06T16:22:06.484Z</time>
			</trkpt>
			<trkpt lat="39.77589" lon="20.68048">
				<ele>621.03</ele>
				<time>2026-08-06T16:22:07.751Z</time>
			</trkpt>
			<trkpt lat="39.77608" lon="20.68073">
				<ele>622.51</ele>
				<time>2026-08-06T16:22:09.127Z</time>
			</trkpt>
			<trkpt lat="39.77603" lon="20.68103">
				<ele>622.11</ele>
				<time>2026-08-06T16:22:10.423Z</time>
			</trkpt>
			<trkpt lat="39.77605" lon="20.68116">
				<ele>622.14</ele>
				<time>2026-08-06T16:22:10.994Z</time>
			</trkpt>
			<trkpt lat="39.7761" lon="20.68129">
				<ele>622.65</ele>
				<time>2026-08-06T16:22:11.629Z</time>
			</trkpt>
			<trkpt lat="39.77643" lon="20.68187">
				<ele>625.47</ele>
				<time>2026-08-06T16:22:14.897Z</time>
			</trkpt>
			<trkpt lat="39.77648" lon="20.682">
				<ele>625.89</ele>
				<time>2026-08-06T16:22:15.578Z</time>
			</trkpt>
			<trkpt lat="39.7765" lon="20.68241">
				<ele>624.58</ele>
				<time>2026-08-06T16:22:17.539Z</time>
			</trkpt>
			<trkpt lat="39.77653" lon="20.68251">
				<ele>624.55</ele>
				<time>2026-08-06T16:22:18.060Z</time>
			</trkpt>
			<trkpt lat="39.7766" lon="20.68262">
				<ele>625.03</ele>
				<time>2026-08-06T16:22:18.759Z</time>
			</trkpt>
			<trkpt lat="39.77748" lon="20.68369">
				<ele>630.65</ele>
				<time>2026-08-06T16:22:26.777Z</time>
			</trkpt>
			<trkpt lat="39.77779" lon="20.68397">
				<ele>629.39</ele>
				<time>2026-08-06T16:22:29.399Z</time>
			</trkpt>
			<trkpt lat="39.77872" lon="20.68466">
				<ele>627.86</ele>
				<time>2026-08-06T16:22:37.023Z</time>
			</trkpt>
			<trkpt lat="39.77899" lon="20.68506">
				<ele>625.14</ele>
				<time>2026-08-06T16:22:39.985Z</time>
			</trkpt>
			<trkpt lat="39.77927" lon="20.68568">
				<ele>618.21</ele>
				<time>2026-08-06T16:22:44.002Z</time>
			</trkpt>
			<trkpt lat="39.77942" lon="20.68594">
				<ele>617.11</ele>
				<time>2026-08-06T16:22:45.819Z</time>
			</trkpt>
			<trkpt lat="39.77961" lon="20.6861">
				<ele>616.05</ele>
				<time>2026-08-06T16:22:47.463Z</time>
			</trkpt>
			<trkpt lat="39.77983" lon="20.68662">
				<ele>613.13</ele>
				<time>2026-08-06T16:22:50.763Z</time>
			</trkpt>
			<trkpt lat="39.77993" lon="20.68693">
				<ele>613</ele>
				<time>2026-08-06T16:22:52.620Z</time>
			</trkpt>
			<trkpt lat="39.78" lon="20.6871">
				<ele>614.12</ele>
				<time>2026-08-06T16:22:53.681Z</time>
			</trkpt>
			<trkpt lat="39.7801" lon="20.68725">
				<ele>614.84</ele>
				<time>2026-08-06T16:22:54.768Z</time>
			</trkpt>
			<trkpt lat="39.78032" lon="20.68747">
				<ele>615.8</ele>
				<time>2026-08-06T16:22:56.732Z</time>
			</trkpt>
			<trkpt lat="39.7792" lon="20.68788">
				<ele>613.97</ele>
				<time>2026-08-06T16:23:05.020Z</time>
			</trkpt>
			<trkpt lat="39.77751" lon="20.68841">
				<ele>621.24</ele>
				<time>2026-08-06T16:23:17.748Z</time>
			</trkpt>
			<trkpt lat="39.77694" lon="20.68861">
				<ele>619.07</ele>
				<time>2026-08-06T16:23:22.156Z</time>
			</trkpt>
			<trkpt lat="39.77569" lon="20.68909">
				<ele>612.61</ele>
				<time>2026-08-06T16:23:32.024Z</time>
			</trkpt>
			<trkpt lat="39.77546" lon="20.68923">
				<ele>612.38</ele>
				<time>2026-08-06T16:23:33.967Z</time>
			</trkpt>
			<trkpt lat="39.77527" lon="20.68939">
				<ele>613.42</ele>
				<time>2026-08-06T16:23:35.704Z</time>
			</trkpt>
			<trkpt lat="39.775" lon="20.68966">
				<ele>614.46</ele>
				<time>2026-08-06T16:23:38.327Z</time>
			</trkpt>
			<trkpt lat="39.77459" lon="20.69004">
				<ele>613.06</ele>
				<time>2026-08-06T16:23:42.224Z</time>
			</trkpt>
			<trkpt lat="39.77365" lon="20.69103">
				<ele>613.68</ele>
				<time>2026-08-06T16:23:51.673Z</time>
			</trkpt>
			<trkpt lat="39.77329" lon="20.69136">
				<ele>616.05</ele>
				<time>2026-08-06T16:23:55.141Z</time>
			</trkpt>
			<trkpt lat="39.77296" lon="20.69183">
				<ele>616.05</ele>
				<time>2026-08-06T16:23:59.010Z</time>
			</trkpt>
			<trkpt lat="39.77279" lon="20.69219">
				<ele>617.88</ele>
				<time>2026-08-06T16:24:01.587Z</time>
			</trkpt>
			<trkpt lat="39.77271" lon="20.69232">
				<ele>618.61</ele>
				<time>2026-08-06T16:24:02.604Z</time>
			</trkpt>
			<trkpt lat="39.77241" lon="20.69267">
				<ele>619.84</ele>
				<time>2026-08-06T16:24:05.813Z</time>
			</trkpt>
			<trkpt lat="39.77233" lon="20.69287">
				<ele>621.24</ele>
				<time>2026-08-06T16:24:07.196Z</time>
			</trkpt>
			<trkpt lat="39.77235" lon="20.69306">
				<ele>622.97</ele>
				<time>2026-08-06T16:24:08.373Z</time>
			</trkpt>
			<trkpt lat="39.77243" lon="20.69338">
				<ele>624.23</ele>
				<time>2026-08-06T16:24:10.441Z</time>
			</trkpt>
			<trkpt lat="39.7728" lon="20.69408">
				<ele>625.11</ele>
				<time>2026-08-06T16:24:15.678Z</time>
			</trkpt>
			<trkpt lat="39.77288" lon="20.69418">
				<ele>625.19</ele>
				<time>2026-08-06T16:24:16.569Z</time>
			</trkpt>
			<trkpt lat="39.77301" lon="20.69427">
				<ele>624.7</ele>
				<time>2026-08-06T16:24:17.754Z</time>
			</trkpt>
			<trkpt lat="39.7731" lon="20.69435">
				<ele>624.36</ele>
				<time>2026-08-06T16:24:18.631Z</time>
			</trkpt>
			<trkpt lat="39.77316" lon="20.69449">
				<ele>623.8</ele>
				<time>2026-08-06T16:24:19.623Z</time>
			</trkpt>
			<trkpt lat="39.77335" lon="20.6951">
				<ele>618.72</ele>
				<time>2026-08-06T16:24:23.701Z</time>
			</trkpt>
			<trkpt lat="39.77358" lon="20.69556">
				<ele>615.33</ele>
				<time>2026-08-06T16:24:27.107Z</time>
			</trkpt>
			<trkpt lat="39.7738" lon="20.69588">
				<ele>614.95</ele>
				<time>2026-08-06T16:24:29.776Z</time>
			</trkpt>
			<trkpt lat="39.77397" lon="20.69616">
				<ele>611.57</ele>
				<time>2026-08-06T16:24:31.996Z</time>
			</trkpt>
			<trkpt lat="39.7742" lon="20.69662">
				<ele>609.07</ele>
				<time>2026-08-06T16:24:35.412Z</time>
			</trkpt>
			<trkpt lat="39.7744" lon="20.69683">
				<ele>608.83</ele>
				<time>2026-08-06T16:24:37.496Z</time>
			</trkpt>
			<trkpt lat="39.77521" lon="20.69737">
				<ele>601.55</ele>
				<time>2026-08-06T16:24:44.880Z</time>
			</trkpt>
			<trkpt lat="39.77549" lon="20.69748">
				<ele>601.87</ele>
				<time>2026-08-06T16:24:47.254Z</time>
			</trkpt>
			<trkpt lat="39.7758" lon="20.69752">
				<ele>601.77</ele>
				<time>2026-08-06T16:24:49.782Z</time>
			</trkpt>
			<trkpt lat="39.7759" lon="20.69756">
				<ele>601.34</ele>
				<time>2026-08-06T16:24:50.631Z</time>
			</trkpt>
			<trkpt lat="39.77597" lon="20.69764">
				<ele>600.38</ele>
				<time>2026-08-06T16:24:51.387Z</time>
			</trkpt>
			<trkpt lat="39.77599" lon="20.6977">
				<ele>599.77</ele>
				<time>2026-08-06T16:24:51.795Z</time>
			</trkpt>
			<trkpt lat="39.77596" lon="20.69782">
				<ele>598.25</ele>
				<time>2026-08-06T16:24:52.582Z</time>
			</trkpt>
			<trkpt lat="39.77589" lon="20.6979">
				<ele>596.99</ele>
				<time>2026-08-06T16:24:53.338Z</time>
			</trkpt>
			<trkpt lat="39.77579" lon="20.69794">
				<ele>596.44</ele>
				<time>2026-08-06T16:24:54.187Z</time>
			</trkpt>
			<trkpt lat="39.77564" lon="20.69797">
				<ele>595.65</ele>
				<time>2026-08-06T16:24:55.419Z</time>
			</trkpt>
			<trkpt lat="39.77493" lon="20.698">
				<ele>589.73</ele>
				<time>2026-08-06T16:25:01.178Z</time>
			</trkpt>
			<trkpt lat="39.77465" lon="20.69797">
				<ele>589.38</ele>
				<time>2026-08-06T16:25:03.454Z</time>
			</trkpt>
			<trkpt lat="39.77409" lon="20.69772">
				<ele>588.34</ele>
				<time>2026-08-06T16:25:08.244Z</time>
			</trkpt>
			<trkpt lat="39.7733" lon="20.69754">
				<ele>583.86</ele>
				<time>2026-08-06T16:25:14.717Z</time>
			</trkpt>
			<trkpt lat="39.77289" lon="20.69731">
				<ele>583.48</ele>
				<time>2026-08-06T16:25:18.312Z</time>
			</trkpt>
			<trkpt lat="39.77281" lon="20.69731">
				<ele>582.91</ele>
				<time>2026-08-06T16:25:18.955Z</time>
			</trkpt>
			<trkpt lat="39.77267" lon="20.69738">
				<ele>581.78</ele>
				<time>2026-08-06T16:25:20.160Z</time>
			</trkpt>
			<trkpt lat="39.77229" lon="20.69804">
				<ele>574</ele>
				<time>2026-08-06T16:25:25.242Z</time>
			</trkpt>
			<trkpt lat="39.77224" lon="20.69821">
				<ele>573.3</ele>
				<time>2026-08-06T16:25:26.361Z</time>
			</trkpt>
			<trkpt lat="39.77222" lon="20.69846">
				<ele>571.19</ele>
				<time>2026-08-06T16:25:27.905Z</time>
			</trkpt>
			<trkpt lat="39.77226" lon="20.6986">
				<ele>570.07</ele>
				<time>2026-08-06T16:25:28.822Z</time>
			</trkpt>
			<trkpt lat="39.77231" lon="20.69871">
				<ele>569.07</ele>
				<time>2026-08-06T16:25:29.605Z</time>
			</trkpt>
			<trkpt lat="39.77244" lon="20.6989">
				<ele>569</ele>
				<time>2026-08-06T16:25:31.164Z</time>
			</trkpt>
			<trkpt lat="39.77267" lon="20.69914">
				<ele>568.57</ele>
				<time>2026-08-06T16:25:33.509Z</time>
			</trkpt>
			<trkpt lat="39.77311" lon="20.69944">
				<ele>564.14</ele>
				<time>2026-08-06T16:25:37.450Z</time>
			</trkpt>
			<trkpt lat="39.77374" lon="20.69974">
				<ele>555.77</ele>
				<time>2026-08-06T16:25:42.745Z</time>
			</trkpt>
			<trkpt lat="39.77398" lon="20.69972">
				<ele>554.96</ele>
				<time>2026-08-06T16:25:44.636Z</time>
			</trkpt>
			<trkpt lat="39.77403" lon="20.69974">
				<ele>554.24</ele>
				<time>2026-08-06T16:25:45.047Z</time>
			</trkpt>
			<trkpt lat="39.77408" lon="20.69978">
				<ele>553.39</ele>
				<time>2026-08-06T16:25:45.507Z</time>
			</trkpt>
			<trkpt lat="39.77411" lon="20.69985">
				<ele>552.5</ele>
				<time>2026-08-06T16:25:45.990Z</time>
			</trkpt>
			<trkpt lat="39.77412" lon="20.69991">
				<ele>551.95</ele>
				<time>2026-08-06T16:25:46.360Z</time>
			</trkpt>
			<trkpt lat="39.7741" lon="20.69999">
				<ele>551.45</ele>
				<time>2026-08-06T16:25:46.867Z</time>
			</trkpt>
			<trkpt lat="39.77405" lon="20.70005">
				<ele>551.48</ele>
				<time>2026-08-06T16:25:47.399Z</time>
			</trkpt>
			<trkpt lat="39.77399" lon="20.70006">
				<ele>551.67</ele>
				<time>2026-08-06T16:25:47.872Z</time>
			</trkpt>
			<trkpt lat="39.77392" lon="20.70006">
				<ele>552.13</ele>
				<time>2026-08-06T16:25:48.420Z</time>
			</trkpt>
			<trkpt lat="39.77375" lon="20.7">
				<ele>552.51</ele>
				<time>2026-08-06T16:25:49.795Z</time>
			</trkpt>
			<trkpt lat="39.77351" lon="20.69996">
				<ele>552.25</ele>
				<time>2026-08-06T16:25:51.680Z</time>
			</trkpt>
			<trkpt lat="39.77275" lon="20.69991">
				<ele>548.19</ele>
				<time>2026-08-06T16:25:57.577Z</time>
			</trkpt>
			<trkpt lat="39.77219" lon="20.69977">
				<ele>543.22</ele>
				<time>2026-08-06T16:26:01.960Z</time>
			</trkpt>
			<trkpt lat="39.77196" lon="20.69969">
				<ele>541.94</ele>
				<time>2026-08-06T16:26:03.781Z</time>
			</trkpt>
			<trkpt lat="39.77162" lon="20.69948">
				<ele>539.82</ele>
				<time>2026-08-06T16:26:06.648Z</time>
			</trkpt>
			<trkpt lat="39.77148" lon="20.69944">
				<ele>537.35</ele>
				<time>2026-08-06T16:26:07.736Z</time>
			</trkpt>
			<trkpt lat="39.7713" lon="20.69945">
				<ele>533.2</ele>
				<time>2026-08-06T16:26:09.101Z</time>
			</trkpt>
			<trkpt lat="39.77102" lon="20.69955">
				<ele>527.93</ele>
				<time>2026-08-06T16:26:11.292Z</time>
			</trkpt>
			<trkpt lat="39.77093" lon="20.69956">
				<ele>527.93</ele>
				<time>2026-08-06T16:26:11.972Z</time>
			</trkpt>
			<trkpt lat="39.76993" lon="20.69954">
				<ele>525.9</ele>
				<time>2026-08-06T16:26:19.437Z</time>
			</trkpt>
			<trkpt lat="39.76941" lon="20.69949">
				<ele>525.45</ele>
				<time>2026-08-06T16:26:23.281Z</time>
			</trkpt>
			<trkpt lat="39.76834" lon="20.69947">
				<ele>513.29</ele>
				<time>2026-08-06T16:26:31.059Z</time>
			</trkpt>
			<trkpt lat="39.76803" lon="20.69956">
				<ele>511.99</ele>
				<time>2026-08-06T16:26:33.338Z</time>
			</trkpt>
			<trkpt lat="39.76761" lon="20.69975">
				<ele>506.4</ele>
				<time>2026-08-06T16:26:36.504Z</time>
			</trkpt>
			<trkpt lat="39.7673" lon="20.69982">
				<ele>503.7</ele>
				<time>2026-08-06T16:26:38.726Z</time>
			</trkpt>
			<trkpt lat="39.76657" lon="20.69993">
				<ele>502.3</ele>
				<time>2026-08-06T16:26:43.858Z</time>
			</trkpt>
			<trkpt lat="39.76585" lon="20.70017">
				<ele>497.32</ele>
				<time>2026-08-06T16:26:48.962Z</time>
			</trkpt>
			<trkpt lat="39.76538" lon="20.70026">
				<ele>493.15</ele>
				<time>2026-08-06T16:26:52.177Z</time>
			</trkpt>
			<trkpt lat="39.76511" lon="20.70038">
				<ele>493.65</ele>
				<time>2026-08-06T16:26:54.089Z</time>
			</trkpt>
			<trkpt lat="39.76459" lon="20.70079">
				<ele>486.59</ele>
				<time>2026-08-06T16:26:58.116Z</time>
			</trkpt>
			<trkpt lat="39.76443" lon="20.70089">
				<ele>484.05</ele>
				<time>2026-08-06T16:26:59.279Z</time>
			</trkpt>
			<trkpt lat="39.76365" lon="20.70129">
				<ele>480.63</ele>
				<time>2026-08-06T16:27:04.695Z</time>
			</trkpt>
			<trkpt lat="39.76352" lon="20.70139">
				<ele>479.16</ele>
				<time>2026-08-06T16:27:05.656Z</time>
			</trkpt>
			<trkpt lat="39.76341" lon="20.70158">
				<ele>476.65</ele>
				<time>2026-08-06T16:27:06.814Z</time>
			</trkpt>
			<trkpt lat="39.76339" lon="20.7017">
				<ele>475.02</ele>
				<time>2026-08-06T16:27:07.410Z</time>
			</trkpt>
			<trkpt lat="39.7634" lon="20.70191">
				<ele>474.13</ele>
				<time>2026-08-06T16:27:08.426Z</time>
			</trkpt>
			<trkpt lat="39.76365" lon="20.7029">
				<ele>472.38</ele>
				<time>2026-08-06T16:27:13.380Z</time>
			</trkpt>
			<trkpt lat="39.76386" lon="20.70382">
				<ele>469.01</ele>
				<time>2026-08-06T16:27:17.826Z</time>
			</trkpt>
			<trkpt lat="39.76423" lon="20.70572">
				<ele>469.39</ele>
				<time>2026-08-06T16:27:26.542Z</time>
			</trkpt>
			<trkpt lat="39.76439" lon="20.70568">
				<ele>469.51</ele>
				<time>2026-08-06T16:27:27.453Z</time>
			</trkpt>
			<trkpt lat="39.76495" lon="20.70567">
				<ele>465.23</ele>
				<time>2026-08-06T16:27:30.516Z</time>
			</trkpt>
			<trkpt lat="39.76569" lon="20.70568">
				<ele>466.23</ele>
				<time>2026-08-06T16:27:34.400Z</time>
			</trkpt>
			<trkpt lat="39.76578" lon="20.7057">
				<ele>466.72</ele>
				<time>2026-08-06T16:27:34.867Z</time>
			</trkpt>
			<trkpt lat="39.76625" lon="20.70588">
				<ele>467</ele>
				<time>2026-08-06T16:27:37.328Z</time>
			</trkpt>
			<trkpt lat="39.76696" lon="20.7062">
				<ele>467.69</ele>
				<time>2026-08-06T16:27:40.968Z</time>
			</trkpt>
			<trkpt lat="39.76906" lon="20.70706">
				<ele>468.4</ele>
				<time>2026-08-06T16:27:50.823Z</time>
			</trkpt>
			<trkpt lat="39.76953" lon="20.70731">
				<ele>468.66</ele>
				<time>2026-08-06T16:27:52.954Z</time>
			</trkpt>
			<trkpt lat="39.76962" lon="20.70738">
				<ele>468.33</ele>
				<time>2026-08-06T16:27:53.389Z</time>
			</trkpt>
			<trkpt lat="39.76971" lon="20.70749">
				<ele>468.03</ele>
				<time>2026-08-06T16:27:53.898Z</time>
			</trkpt>
			<trkpt lat="39.7701" lon="20.70806">
				<ele>469.71</ele>
				<time>2026-08-06T16:27:56.287Z</time>
			</trkpt>
			<trkpt lat="39.77028" lon="20.70828">
				<ele>469.36</ele>
				<time>2026-08-06T16:27:57.278Z</time>
			</trkpt>
			<trkpt lat="39.77053" lon="20.70832">
				<ele>469</ele>
				<time>2026-08-06T16:27:58.280Z</time>
			</trkpt>
			<trkpt lat="39.77105" lon="20.70822">
				<ele>468</ele>
				<time>2026-08-06T16:28:00.350Z</time>
			</trkpt>
			<trkpt lat="39.77152" lon="20.70807">
				<ele>467.93</ele>
				<time>2026-08-06T16:28:02.230Z</time>
			</trkpt>
			<trkpt lat="39.77198" lon="20.70797">
				<ele>469.39</ele>
				<time>2026-08-06T16:28:04.025Z</time>
			</trkpt>
			<trkpt lat="39.77215" lon="20.708">
				<ele>469.79</ele>
				<time>2026-08-06T16:28:04.681Z</time>
			</trkpt>
			<trkpt lat="39.77223" lon="20.7081">
				<ele>469.89</ele>
				<time>2026-08-06T16:28:05.104Z</time>
			</trkpt>
			<trkpt lat="39.77242" lon="20.7084">
				<ele>470.04</ele>
				<time>2026-08-06T16:28:06.242Z</time>
			</trkpt>
			<trkpt lat="39.77327" lon="20.71018">
				<ele>471.45</ele>
				<time>2026-08-06T16:28:12.333Z</time>
			</trkpt>
			<trkpt lat="39.77399" lon="20.71162">
				<ele>469.31</ele>
				<time>2026-08-06T16:28:17.351Z</time>
			</trkpt>
			<trkpt lat="39.77411" lon="20.71174">
				<ele>468.38</ele>
				<time>2026-08-06T16:28:17.931Z</time>
			</trkpt>
			<trkpt lat="39.77421" lon="20.71181">
				<ele>468.17</ele>
				<time>2026-08-06T16:28:18.368Z</time>
			</trkpt>
			<trkpt lat="39.7745" lon="20.71192">
				<ele>469</ele>
				<time>2026-08-06T16:28:19.535Z</time>
			</trkpt>
			<trkpt lat="39.77599" lon="20.71238">
				<ele>469.59</ele>
				<time>2026-08-06T16:28:25.593Z</time>
			</trkpt>
			<trkpt lat="39.77645" lon="20.71256">
				<ele>469.05</ele>
				<time>2026-08-06T16:28:27.556Z</time>
			</trkpt>
			<trkpt lat="39.7773" lon="20.71317">
				<ele>469.28</ele>
				<time>2026-08-06T16:28:31.639Z</time>
			</trkpt>
			<trkpt lat="39.77764" lon="20.71352">
				<ele>470.36</ele>
				<time>2026-08-06T16:28:33.520Z</time>
			</trkpt>
			<trkpt lat="39.77775" lon="20.71373">
				<ele>470.9</ele>
				<time>2026-08-06T16:28:34.380Z</time>
			</trkpt>
			<trkpt lat="39.77797" lon="20.71438">
				<ele>470.16</ele>
				<time>2026-08-06T16:28:36.829Z</time>
			</trkpt>
			<trkpt lat="39.77808" lon="20.71464">
				<ele>469.4</ele>
				<time>2026-08-06T16:28:37.874Z</time>
			</trkpt>
			<trkpt lat="39.77815" lon="20.71475">
				<ele>469.27</ele>
				<time>2026-08-06T16:28:38.381Z</time>
			</trkpt>
			<trkpt lat="39.77825" lon="20.71487">
				<ele>469.54</ele>
				<time>2026-08-06T16:28:39.013Z</time>
			</trkpt>
			<trkpt lat="39.77843" lon="20.71501">
				<ele>470.06</ele>
				<time>2026-08-06T16:28:39.998Z</time>
			</trkpt>
			<trkpt lat="39.77853" lon="20.71507">
				<ele>470.26</ele>
				<time>2026-08-06T16:28:40.520Z</time>
			</trkpt>
			<trkpt lat="39.77979" lon="20.71561">
				<ele>469.84</ele>
				<time>2026-08-06T16:28:47.074Z</time>
			</trkpt>
			<trkpt lat="39.78026" lon="20.7159">
				<ele>469.98</ele>
				<time>2026-08-06T16:28:49.791Z</time>
			</trkpt>
			<trkpt lat="39.78061" lon="20.71617">
				<ele>469.78</ele>
				<time>2026-08-06T16:28:51.979Z</time>
			</trkpt>
			<trkpt lat="39.78109" lon="20.71657">
				<ele>469.62</ele>
				<time>2026-08-06T16:28:55.144Z</time>
			</trkpt>
			<trkpt lat="39.78132" lon="20.71681">
				<ele>469.87</ele>
				<time>2026-08-06T16:28:56.827Z</time>
			</trkpt>
			<trkpt lat="39.78166" lon="20.71723">
				<ele>471.05</ele>
				<time>2026-08-06T16:28:59.573Z</time>
			</trkpt>
			<trkpt lat="39.78189" lon="20.71747">
				<ele>471.92</ele>
				<time>2026-08-06T16:29:01.345Z</time>
			</trkpt>
			<trkpt lat="39.78212" lon="20.71766">
				<ele>471.95</ele>
				<time>2026-08-06T16:29:03.014Z</time>
			</trkpt>
			<trkpt lat="39.7832" lon="20.71844">
				<ele>473</ele>
				<time>2026-08-06T16:29:10.984Z</time>
			</trkpt>
			<trkpt lat="39.78382" lon="20.7188">
				<ele>474.23</ele>
				<time>2026-08-06T16:29:15.879Z</time>
			</trkpt>
			<trkpt lat="39.78455" lon="20.71941">
				<ele>476.03</ele>
				<time>2026-08-06T16:29:23.189Z</time>
			</trkpt>
			<trkpt lat="39.78468" lon="20.71948">
				<ele>476.14</ele>
				<time>2026-08-06T16:29:24.472Z</time>
			</trkpt>
			<trkpt lat="39.78488" lon="20.71954">
				<ele>476.73</ele>
				<time>2026-08-06T16:29:26.388Z</time>
			</trkpt>
			<trkpt lat="39.78728" lon="20.71994">
				<ele>483.14</ele>
				<time>2026-08-06T16:29:51.860Z</time>
			</trkpt>
			<trkpt lat="39.78747" lon="20.71999">
				<ele>483</ele>
				<time>2026-08-06T16:29:54.046Z</time>
			</trkpt>
			<trkpt lat="39.78778" lon="20.72018">
				<ele>485.74</ele>
				<time>2026-08-06T16:29:57.930Z</time>
			</trkpt>
			<trkpt lat="39.78792" lon="20.72023">
				<ele>487.38</ele>
				<time>2026-08-06T16:29:59.580Z</time>
			</trkpt>
			<trkpt lat="39.78814" lon="20.72028">
				<ele>489</ele>
				<time>2026-08-06T16:30:02.122Z</time>
			</trkpt>
			<trkpt lat="39.78855" lon="20.72033">
				<ele>488.83</ele>
				<time>2026-08-06T16:30:06.802Z</time>
			</trkpt>
			<trkpt lat="39.78879" lon="20.72038">
				<ele>489.5</ele>
				<time>2026-08-06T16:30:09.554Z</time>
			</trkpt>
			<trkpt lat="39.78903" lon="20.72049">
				<ele>490.96</ele>
				<time>2026-08-06T16:30:12.418Z</time>
			</trkpt>
			<trkpt lat="39.78949" lon="20.72076">
				<ele>494.66</ele>
				<time>2026-08-06T16:30:18.028Z</time>
			</trkpt>
			<trkpt lat="39.78986" lon="20.72092">
				<ele>495.81</ele>
				<time>2026-08-06T16:30:22.274Z</time>
			</trkpt>
			<trkpt lat="39.79005" lon="20.72097">
				<ele>495.69</ele>
				<time>2026-08-06T16:30:24.349Z</time>
			</trkpt>
			<trkpt lat="39.7903" lon="20.721">
				<ele>496.68</ele>
				<time>2026-08-06T16:30:26.996Z</time>
			</trkpt>
			<trkpt lat="39.79038" lon="20.72096">
				<ele>496.84</ele>
				<time>2026-08-06T16:30:27.888Z</time>
			</trkpt>
			<trkpt lat="39.79042" lon="20.7209">
				<ele>496.78</ele>
				<time>2026-08-06T16:30:28.519Z</time>
			</trkpt>
			<trkpt lat="39.79101" lon="20.72176">
				<ele>499</ele>
				<time>2026-08-06T16:30:37.937Z</time>
			</trkpt>
			<trkpt lat="39.79154" lon="20.72266">
				<ele>501.37</ele>
				<time>2026-08-06T16:30:47.117Z</time>
			</trkpt>
			<trkpt lat="39.79176" lon="20.72297">
				<ele>502.35</ele>
				<time>2026-08-06T16:30:50.195Z</time>
			</trkpt>
			<trkpt lat="39.79183" lon="20.72313">
				<ele>502.73</ele>
				<time>2026-08-06T16:30:51.446Z</time>
			</trkpt>
			<trkpt lat="39.79182" lon="20.72325">
				<ele>502.88</ele>
				<time>2026-08-06T16:30:52.231Z</time>
			</trkpt>
			<trkpt lat="39.79176" lon="20.72341">
				<ele>503</ele>
				<time>2026-08-06T16:30:53.354Z</time>
			</trkpt>
			<trkpt lat="39.79121" lon="20.72446">
				<ele>504.39</ele>
				<time>2026-08-06T16:31:00.910Z</time>
			</trkpt>
			<trkpt lat="39.79109" lon="20.72475">
				<ele>505</ele>
				<time>2026-08-06T16:31:02.747Z</time>
			</trkpt>
			<trkpt lat="39.79106" lon="20.72487">
				<ele>505.08</ele>
				<time>2026-08-06T16:31:03.439Z</time>
			</trkpt>
			<trkpt lat="39.79105" lon="20.72522">
				<ele>506.03</ele>
				<time>2026-08-06T16:31:05.325Z</time>
			</trkpt>
			<trkpt lat="39.79109" lon="20.72654">
				<ele>514.64</ele>
				<time>2026-08-06T16:31:12.044Z</time>
			</trkpt>
			<trkpt lat="39.79108" lon="20.72669">
				<ele>515.38</ele>
				<time>2026-08-06T16:31:12.775Z</time>
			</trkpt>
			<trkpt lat="39.79095" lon="20.72724">
				<ele>518.67</ele>
				<time>2026-08-06T16:31:15.511Z</time>
			</trkpt>
			<trkpt lat="39.79091" lon="20.7279">
				<ele>525.04</ele>
				<time>2026-08-06T16:31:18.563Z</time>
			</trkpt>
			<trkpt lat="39.7904" lon="20.72911">
				<ele>536</ele>
				<time>2026-08-06T16:31:24.677Z</time>
			</trkpt>
			<trkpt lat="39.7903" lon="20.72944">
				<ele>537.08</ele>
				<time>2026-08-06T16:31:26.211Z</time>
			</trkpt>
			<trkpt lat="39.79029" lon="20.72957">
				<ele>537.94</ele>
				<time>2026-08-06T16:31:26.774Z</time>
			</trkpt>
			<trkpt lat="39.79038" lon="20.73057">
				<ele>547.95</ele>
				<time>2026-08-06T16:31:31.088Z</time>
			</trkpt>
			<trkpt lat="39.79048" lon="20.7312">
				<ele>556.57</ele>
				<time>2026-08-06T16:31:33.845Z</time>
			</trkpt>
			<trkpt lat="39.79047" lon="20.73133">
				<ele>557.38</ele>
				<time>2026-08-06T16:31:34.407Z</time>
			</trkpt>
			<trkpt lat="39.79043" lon="20.73146">
				<ele>557.85</ele>
				<time>2026-08-06T16:31:35.010Z</time>
			</trkpt>
			<trkpt lat="39.78985" lon="20.73219">
				<ele>559.31</ele>
				<time>2026-08-06T16:31:39.595Z</time>
			</trkpt>
			<trkpt lat="39.78975" lon="20.73244">
				<ele>559.13</ele>
				<time>2026-08-06T16:31:40.850Z</time>
			</trkpt>
			<trkpt lat="39.78971" lon="20.73263">
				<ele>559.91</ele>
				<time>2026-08-06T16:31:41.734Z</time>
			</trkpt>
			<trkpt lat="39.78968" lon="20.73282">
				<ele>561.69</ele>
				<time>2026-08-06T16:31:42.612Z</time>
			</trkpt>
			<trkpt lat="39.78967" lon="20.73292">
				<ele>563.36</ele>
				<time>2026-08-06T16:31:43.072Z</time>
			</trkpt>
			<trkpt lat="39.7897" lon="20.73301">
				<ele>565.08</ele>
				<time>2026-08-06T16:31:43.521Z</time>
			</trkpt>
			<trkpt lat="39.78974" lon="20.73306">
				<ele>566.26</ele>
				<time>2026-08-06T16:31:43.852Z</time>
			</trkpt>
			<trkpt lat="39.78987" lon="20.7331">
				<ele>567.62</ele>
				<time>2026-08-06T16:31:44.655Z</time>
			</trkpt>
			<trkpt lat="39.79013" lon="20.73309">
				<ele>568.45</ele>
				<time>2026-08-06T16:31:46.238Z</time>
			</trkpt>
			<trkpt lat="39.79021" lon="20.73311">
				<ele>568.68</ele>
				<time>2026-08-06T16:31:46.740Z</time>
			</trkpt>
			<trkpt lat="39.79027" lon="20.73317">
				<ele>569.33</ele>
				<time>2026-08-06T16:31:47.208Z</time>
			</trkpt>
			<trkpt lat="39.7903" lon="20.73329">
				<ele>570.72</ele>
				<time>2026-08-06T16:31:47.812Z</time>
			</trkpt>
			<trkpt lat="39.79031" lon="20.73342">
				<ele>571.44</ele>
				<time>2026-08-06T16:31:48.442Z</time>
			</trkpt>
			<trkpt lat="39.79025" lon="20.73362">
				<ele>572.11</ele>
				<time>2026-08-06T16:31:49.488Z</time>
			</trkpt>
			<trkpt lat="39.79008" lon="20.73406">
				<ele>574.57</ele>
				<time>2026-08-06T16:31:51.939Z</time>
			</trkpt>
			<trkpt lat="39.79006" lon="20.73424">
				<ele>575.5</ele>
				<time>2026-08-06T16:31:52.865Z</time>
			</trkpt>
			<trkpt lat="39.79014" lon="20.73435">
				<ele>576.2</ele>
				<time>2026-08-06T16:31:53.644Z</time>
			</trkpt>
			<trkpt lat="39.79022" lon="20.73442">
				<ele>576.76</ele>
				<time>2026-08-06T16:31:54.295Z</time>
			</trkpt>
			<trkpt lat="39.7905" lon="20.73446">
				<ele>579.54</ele>
				<time>2026-08-06T16:31:56.232Z</time>
			</trkpt>
			<trkpt lat="39.79062" lon="20.7345">
				<ele>580.8</ele>
				<time>2026-08-06T16:31:57.100Z</time>
			</trkpt>
			<trkpt lat="39.79076" lon="20.73459">
				<ele>582.43</ele>
				<time>2026-08-06T16:31:58.209Z</time>
			</trkpt>
			<trkpt lat="39.79101" lon="20.73493">
				<ele>586.03</ele>
				<time>2026-08-06T16:32:00.843Z</time>
			</trkpt>
			<trkpt lat="39.79072" lon="20.73522">
				<ele>585.4</ele>
				<time>2026-08-06T16:32:03.600Z</time>
			</trkpt>
			<trkpt lat="39.79036" lon="20.73566">
				<ele>586.11</ele>
				<time>2026-08-06T16:32:07.418Z</time>
			</trkpt>
			<trkpt lat="39.79023" lon="20.73585">
				<ele>586.56</ele>
				<time>2026-08-06T16:32:08.958Z</time>
			</trkpt>
			<trkpt lat="39.78996" lon="20.73631">
				<ele>588.55</ele>
				<time>2026-08-06T16:32:12.522Z</time>
			</trkpt>
			<trkpt lat="39.78966" lon="20.73687">
				<ele>587.73</ele>
				<time>2026-08-06T16:32:16.827Z</time>
			</trkpt>
			<trkpt lat="39.7892" lon="20.73782">
				<ele>586.58</ele>
				<time>2026-08-06T16:32:24.138Z</time>
			</trkpt>
			<trkpt lat="39.78896" lon="20.73822">
				<ele>582.22</ele>
				<time>2026-08-06T16:32:27.531Z</time>
			</trkpt>
			<trkpt lat="39.78881" lon="20.73843">
				<ele>580.53</ele>
				<time>2026-08-06T16:32:29.471Z</time>
			</trkpt>
			<trkpt lat="39.7886" lon="20.73863">
				<ele>579.1</ele>
				<time>2026-08-06T16:32:31.784Z</time>
			</trkpt>
			<trkpt lat="39.7883" lon="20.73881">
				<ele>577.65</ele>
				<time>2026-08-06T16:32:34.752Z</time>
			</trkpt>
			<trkpt lat="39.788" lon="20.73891">
				<ele>580.11</ele>
				<time>2026-08-06T16:32:37.567Z</time>
			</trkpt>
			<trkpt lat="39.78765" lon="20.73898">
				<ele>578.95</ele>
				<time>2026-08-06T16:32:40.822Z</time>
			</trkpt>
			<trkpt lat="39.78739" lon="20.73896">
				<ele>577.05</ele>
				<time>2026-08-06T16:32:43.239Z</time>
			</trkpt>
			<trkpt lat="39.78699" lon="20.73886">
				<ele>576.13</ele>
				<time>2026-08-06T16:32:47.060Z</time>
			</trkpt>
			<trkpt lat="39.78658" lon="20.73872">
				<ele>571.46</ele>
				<time>2026-08-06T16:32:51.084Z</time>
			</trkpt>
			<trkpt lat="39.78626" lon="20.73864">
				<ele>568.05</ele>
				<time>2026-08-06T16:32:54.210Z</time>
			</trkpt>
			<trkpt lat="39.78565" lon="20.7385">
				<ele>570.42</ele>
				<time>2026-08-06T16:33:00.226Z</time>
			</trkpt>
			<trkpt lat="39.78532" lon="20.73847">
				<ele>568.76</ele>
				<time>2026-08-06T16:33:03.476Z</time>
			</trkpt>
			<trkpt lat="39.78517" lon="20.73849">
				<ele>567.69</ele>
				<time>2026-08-06T16:33:04.965Z</time>
			</trkpt>
			<trkpt lat="39.78486" lon="20.73858">
				<ele>563.84</ele>
				<time>2026-08-06T16:33:08.119Z</time>
			</trkpt>
			<trkpt lat="39.78467" lon="20.7387">
				<ele>561.73</ele>
				<time>2026-08-06T16:33:10.228Z</time>
			</trkpt>
			<trkpt lat="39.7845" lon="20.73884">
				<ele>560.91</ele>
				<time>2026-08-06T16:33:12.244Z</time>
			</trkpt>
			<trkpt lat="39.78386" lon="20.7395">
				<ele>559.44</ele>
				<time>2026-08-06T16:33:20.509Z</time>
			</trkpt>
			<trkpt lat="39.78332" lon="20.74003">
				<ele>552.35</ele>
				<time>2026-08-06T16:33:27.440Z</time>
			</trkpt>
			<trkpt lat="39.78304" lon="20.74024">
				<ele>550.47</ele>
				<time>2026-08-06T16:33:30.776Z</time>
			</trkpt>
			<trkpt lat="39.78234" lon="20.74067">
				<ele>546.61</ele>
				<time>2026-08-06T16:33:38.822Z</time>
			</trkpt>
			<trkpt lat="39.78205" lon="20.74087">
				<ele>547.53</ele>
				<time>2026-08-06T16:33:42.254Z</time>
			</trkpt>
			<trkpt lat="39.78189" lon="20.74102">
				<ele>548.1</ele>
				<time>2026-08-06T16:33:44.322Z</time>
			</trkpt>
			<trkpt lat="39.78168" lon="20.7413">
				<ele>543.79</ele>
				<time>2026-08-06T16:33:47.481Z</time>
			</trkpt>
			<trkpt lat="39.78157" lon="20.7415">
				<ele>541.9</ele>
				<time>2026-08-06T16:33:49.471Z</time>
			</trkpt>
			<trkpt lat="39.78138" lon="20.7419">
				<ele>541.94</ele>
				<time>2026-08-06T16:33:53.284Z</time>
			</trkpt>
			<trkpt lat="39.78103" lon="20.74289">
				<ele>539.86</ele>
				<time>2026-08-06T16:34:02.149Z</time>
			</trkpt>
			<trkpt lat="39.7809" lon="20.74317">
				<ele>538.07</ele>
				<time>2026-08-06T16:34:04.817Z</time>
			</trkpt>
			<trkpt lat="39.78081" lon="20.74333">
				<ele>535.4</ele>
				<time>2026-08-06T16:34:06.435Z</time>
			</trkpt>
			<trkpt lat="39.78067" lon="20.74348">
				<ele>532.23</ele>
				<time>2026-08-06T16:34:08.361Z</time>
			</trkpt>
			<trkpt lat="39.78054" lon="20.74359">
				<ele>529.62</ele>
				<time>2026-08-06T16:34:10.009Z</time>
			</trkpt>
			<trkpt lat="39.78026" lon="20.7438">
				<ele>525.41</ele>
				<time>2026-08-06T16:34:13.444Z</time>
			</trkpt>
			<trkpt lat="39.77994" lon="20.74411">
				<ele>527.07</ele>
				<time>2026-08-06T16:34:17.686Z</time>
			</trkpt>
			<trkpt lat="39.77978" lon="20.74435">
				<ele>525.64</ele>
				<time>2026-08-06T16:34:20.281Z</time>
			</trkpt>
			<trkpt lat="39.77959" lon="20.74476">
				<ele>522.07</ele>
				<time>2026-08-06T16:34:24.190Z</time>
			</trkpt>
			<trkpt lat="39.7795" lon="20.74502">
				<ele>521.44</ele>
				<time>2026-08-06T16:34:26.517Z</time>
			</trkpt>
			<trkpt lat="39.77943" lon="20.74531">
				<ele>521.99</ele>
				<time>2026-08-06T16:34:28.995Z</time>
			</trkpt>
			<trkpt lat="39.77907" lon="20.74717">
				<ele>523.34</ele>
				<time>2026-08-06T16:34:44.564Z</time>
			</trkpt>
			<trkpt lat="39.7788" lon="20.7487">
				<ele>530.95</ele>
				<time>2026-08-06T16:34:57.168Z</time>
			</trkpt>
			<trkpt lat="39.7787" lon="20.74915">
				<ele>529.89</ele>
				<time>2026-08-06T16:35:00.895Z</time>
			</trkpt>
			<trkpt lat="39.77854" lon="20.74965">
				<ele>530.35</ele>
				<time>2026-08-06T16:35:05.182Z</time>
			</trkpt>
			<trkpt lat="39.7783" lon="20.75016">
				<ele>531.78</ele>
				<time>2026-08-06T16:35:09.884Z</time>
			</trkpt>
			<trkpt lat="39.77815" lon="20.7504">
				<ele>532.38</ele>
				<time>2026-08-06T16:35:12.303Z</time>
			</trkpt>
			<trkpt lat="39.77792" lon="20.75072">
				<ele>536.6</ele>
				<time>2026-08-06T16:35:15.712Z</time>
			</trkpt>
			<trkpt lat="39.77761" lon="20.75104">
				<ele>541.91</ele>
				<time>2026-08-06T16:35:19.691Z</time>
			</trkpt>
			<trkpt lat="39.77747" lon="20.75114">
				<ele>543.29</ele>
				<time>2026-08-06T16:35:21.289Z</time>
			</trkpt>
			<trkpt lat="39.77715" lon="20.75134">
				<ele>541.15</ele>
				<time>2026-08-06T16:35:24.820Z</time>
			</trkpt>
			<trkpt lat="39.77697" lon="20.75142">
				<ele>538.87</ele>
				<time>2026-08-06T16:35:26.701Z</time>
			</trkpt>
			<trkpt lat="39.77523" lon="20.75193">
				<ele>529.71</ele>
				<time>2026-08-06T16:35:43.921Z</time>
			</trkpt>
			<trkpt lat="39.77477" lon="20.75201">
				<ele>528.92</ele>
				<time>2026-08-06T16:35:48.263Z</time>
			</trkpt>
			<trkpt lat="39.77465" lon="20.75203">
				<ele>528.13</ele>
				<time>2026-08-06T16:35:49.385Z</time>
			</trkpt>
			<trkpt lat="39.77436" lon="20.75195">
				<ele>524.18</ele>
				<time>2026-08-06T16:35:52.120Z</time>
			</trkpt>
			<trkpt lat="39.77417" lon="20.75186">
				<ele>522.05</ele>
				<time>2026-08-06T16:35:53.979Z</time>
			</trkpt>
			<trkpt lat="39.77392" lon="20.75169">
				<ele>520.33</ele>
				<time>2026-08-06T16:35:56.566Z</time>
			</trkpt>
			<trkpt lat="39.77332" lon="20.75115">
				<ele>511.76</ele>
				<time>2026-08-06T16:36:03.214Z</time>
			</trkpt>
			<trkpt lat="39.77307" lon="20.75098">
				<ele>510.53</ele>
				<time>2026-08-06T16:36:05.768Z</time>
			</trkpt>
			<trkpt lat="39.77286" lon="20.75088">
				<ele>508.23</ele>
				<time>2026-08-06T16:36:07.788Z</time>
			</trkpt>
			<trkpt lat="39.77263" lon="20.75083">
				<ele>504.91</ele>
				<time>2026-08-06T16:36:09.888Z</time>
			</trkpt>
			<trkpt lat="39.77237" lon="20.75082">
				<ele>502.04</ele>
				<time>2026-08-06T16:36:12.224Z</time>
			</trkpt>
			<trkpt lat="39.77212" lon="20.75085">
				<ele>501.08</ele>
				<time>2026-08-06T16:36:14.472Z</time>
			</trkpt>
			<trkpt lat="39.77177" lon="20.75099">
				<ele>500.7</ele>
				<time>2026-08-06T16:36:17.740Z</time>
			</trkpt>
			<trkpt lat="39.77151" lon="20.75117">
				<ele>500.47</ele>
				<time>2026-08-06T16:36:20.359Z</time>
			</trkpt>
			<trkpt lat="39.77136" lon="20.7513">
				<ele>501.03</ele>
				<time>2026-08-06T16:36:21.957Z</time>
			</trkpt>
			<trkpt lat="39.77109" lon="20.75159">
				<ele>503.76</ele>
				<time>2026-08-06T16:36:25.054Z</time>
			</trkpt>
			<trkpt lat="39.77066" lon="20.75218">
				<ele>504.82</ele>
				<time>2026-08-06T16:36:30.554Z</time>
			</trkpt>
			<trkpt lat="39.77036" lon="20.75261">
				<ele>504.4</ele>
				<time>2026-08-06T16:36:34.462Z</time>
			</trkpt>
			<trkpt lat="39.77002" lon="20.75318">
				<ele>511.07</ele>
				<time>2026-08-06T16:36:39.293Z</time>
			</trkpt>
			<trkpt lat="39.76973" lon="20.75376">
				<ele>516.13</ele>
				<time>2026-08-06T16:36:43.903Z</time>
			</trkpt>
			<trkpt lat="39.76932" lon="20.75471">
				<ele>517.61</ele>
				<time>2026-08-06T16:36:51.120Z</time>
			</trkpt>
			<trkpt lat="39.76916" lon="20.75513">
				<ele>518.19</ele>
				<time>2026-08-06T16:36:54.209Z</time>
			</trkpt>
			<trkpt lat="39.76842" lon="20.75723">
				<ele>522.55</ele>
				<time>2026-08-06T16:37:09.310Z</time>
			</trkpt>
			<trkpt lat="39.76812" lon="20.75797">
				<ele>520.96</ele>
				<time>2026-08-06T16:37:14.734Z</time>
			</trkpt>
			<trkpt lat="39.76776" lon="20.75868">
				<ele>522.91</ele>
				<time>2026-08-06T16:37:20.226Z</time>
			</trkpt>
			<trkpt lat="39.76467" lon="20.76387">
				<ele>502.24</ele>
				<time>2026-08-06T16:38:02.084Z</time>
			</trkpt>
			<trkpt lat="39.76443" lon="20.76422">
				<ele>498.87</ele>
				<time>2026-08-06T16:38:05.052Z</time>
			</trkpt>
			<trkpt lat="39.7641" lon="20.76464">
				<ele>498.41</ele>
				<time>2026-08-06T16:38:08.851Z</time>
			</trkpt>
			<trkpt lat="39.7635" lon="20.76529">
				<ele>495.37</ele>
				<time>2026-08-06T16:38:15.273Z</time>
			</trkpt>
			<trkpt lat="39.76271" lon="20.76605">
				<ele>491.32</ele>
				<time>2026-08-06T16:38:23.353Z</time>
			</trkpt>
			<trkpt lat="39.76189" lon="20.76682">
				<ele>485.33</ele>
				<time>2026-08-06T16:38:31.676Z</time>
			</trkpt>
			<trkpt lat="39.76152" lon="20.76714">
				<ele>481.41</ele>
				<time>2026-08-06T16:38:35.336Z</time>
			</trkpt>
			<trkpt lat="39.75629" lon="20.77202">
				<ele>472.47</ele>
				<time>2026-08-06T16:39:29.002Z</time>
			</trkpt>
			<trkpt lat="39.75556" lon="20.77269">
				<ele>473.7</ele>
				<time>2026-08-06T16:39:36.605Z</time>
			</trkpt>
			<trkpt lat="39.75486" lon="20.77338">
				<ele>473.68</ele>
				<time>2026-08-06T16:39:44.131Z</time>
			</trkpt>
			<trkpt lat="39.75462" lon="20.77364">
				<ele>475.45</ele>
				<time>2026-08-06T16:39:46.820Z</time>
			</trkpt>
			<trkpt lat="39.75437" lon="20.77395">
				<ele>474.82</ele>
				<time>2026-08-06T16:39:49.802Z</time>
			</trkpt>
			<trkpt lat="39.75408" lon="20.77435">
				<ele>473.3</ele>
				<time>2026-08-06T16:39:53.465Z</time>
			</trkpt>
			<trkpt lat="39.75374" lon="20.77493">
				<ele>473.28</ele>
				<time>2026-08-06T16:39:58.345Z</time>
			</trkpt>
			<trkpt lat="39.75357" lon="20.77526">
				<ele>470.66</ele>
				<time>2026-08-06T16:40:01.014Z</time>
			</trkpt>
			<trkpt lat="39.75336" lon="20.77574">
				<ele>470.6</ele>
				<time>2026-08-06T16:40:04.737Z</time>
			</trkpt>
			<trkpt lat="39.7531" lon="20.7764">
				<ele>470.36</ele>
				<time>2026-08-06T16:40:09.763Z</time>
			</trkpt>
			<trkpt lat="39.75244" lon="20.77838">
				<ele>472.47</ele>
				<time>2026-08-06T16:40:24.561Z</time>
			</trkpt>
			<trkpt lat="39.7521" lon="20.7793">
				<ele>471.23</ele>
				<time>2026-08-06T16:40:31.659Z</time>
			</trkpt>
			<trkpt lat="39.75188" lon="20.77976">
				<ele>472.51</ele>
				<time>2026-08-06T16:40:35.452Z</time>
			</trkpt>
			<trkpt lat="39.75155" lon="20.78028">
				<ele>472.58</ele>
				<time>2026-08-06T16:40:40.201Z</time>
			</trkpt>
			<trkpt lat="39.75118" lon="20.7807">
				<ele>472.77</ele>
				<time>2026-08-06T16:40:44.728Z</time>
			</trkpt>
			<trkpt lat="39.75095" lon="20.7809">
				<ele>471.99</ele>
				<time>2026-08-06T16:40:47.291Z</time>
			</trkpt>
			<trkpt lat="39.75046" lon="20.78122">
				<ele>471.95</ele>
				<time>2026-08-06T16:40:52.398Z</time>
			</trkpt>
			<trkpt lat="39.74953" lon="20.78159">
				<ele>469.79</ele>
				<time>2026-08-06T16:41:01.549Z</time>
			</trkpt>
			<trkpt lat="39.74862" lon="20.78188">
				<ele>472.77</ele>
				<time>2026-08-06T16:41:10.481Z</time>
			</trkpt>
			<trkpt lat="39.74863" lon="20.78202">
				<ele>473</ele>
				<time>2026-08-06T16:41:11.520Z</time>
			</trkpt>
			<trkpt lat="39.74847" lon="20.78204">
				<ele>472.5</ele>
				<time>2026-08-06T16:41:13.088Z</time>
			</trkpt>
			<trkpt lat="39.74786" lon="20.78221">
				<ele>471.27</ele>
				<time>2026-08-06T16:41:19.548Z</time>
			</trkpt>
			<trkpt lat="39.74747" lon="20.78228">
				<ele>472.1</ele>
				<time>2026-08-06T16:41:23.676Z</time>
			</trkpt>
			<trkpt lat="39.74713" lon="20.78229">
				<ele>470.51</ele>
				<time>2026-08-06T16:41:27.243Z</time>
			</trkpt>
			<trkpt lat="39.74577" lon="20.78211">
				<ele>470.78</ele>
				<time>2026-08-06T16:41:41.117Z</time>
			</trkpt>
			<trkpt lat="39.74548" lon="20.78231">
				<ele>470.32</ele>
				<time>2026-08-06T16:41:44.231Z</time>
			</trkpt>
			<trkpt lat="39.7453" lon="20.78259">
				<ele>471.31</ele>
				<time>2026-08-06T16:41:46.867Z</time>
			</trkpt>
			<trkpt lat="39.74445" lon="20.78443">
				<ele>476.01</ele>
				<time>2026-08-06T16:42:02.314Z</time>
			</trkpt>
			<trkpt lat="39.74429" lon="20.78469">
				<ele>475.9</ele>
				<time>2026-08-06T16:42:04.701Z</time>
			</trkpt>
			<trkpt lat="39.74411" lon="20.7849">
				<ele>476.67</ele>
				<time>2026-08-06T16:42:06.954Z</time>
			</trkpt>
			<trkpt lat="39.74389" lon="20.78514">
				<ele>477.53</ele>
				<time>2026-08-06T16:42:09.626Z</time>
			</trkpt>
			<trkpt lat="39.74289" lon="20.78611">
				<ele>476</ele>
				<time>2026-08-06T16:42:21.200Z</time>
			</trkpt>
			<trkpt lat="39.74263" lon="20.78643">
				<ele>476.24</ele>
				<time>2026-08-06T16:42:24.511Z</time>
			</trkpt>
			<trkpt lat="39.74242" lon="20.78673">
				<ele>476.67</ele>
				<time>2026-08-06T16:42:27.393Z</time>
			</trkpt>
			<trkpt lat="39.74218" lon="20.7871">
				<ele>476.46</ele>
				<time>2026-08-06T16:42:30.826Z</time>
			</trkpt>
			<trkpt lat="39.74198" lon="20.78753">
				<ele>475.5</ele>
				<time>2026-08-06T16:42:34.386Z</time>
			</trkpt>
			<trkpt lat="39.74176" lon="20.7881">
				<ele>475.4</ele>
				<time>2026-08-06T16:42:38.896Z</time>
			</trkpt>
			<trkpt lat="39.7407" lon="20.79134">
				<ele>471.35</ele>
				<time>2026-08-06T16:43:03.643Z</time>
			</trkpt>
			<trkpt lat="39.74054" lon="20.79177">
				<ele>468.71</ele>
				<time>2026-08-06T16:43:06.981Z</time>
			</trkpt>
			<trkpt lat="39.74001" lon="20.79289">
				<ele>468.64</ele>
				<time>2026-08-06T16:43:16.146Z</time>
			</trkpt>
			<trkpt lat="39.73974" lon="20.79344">
				<ele>468.57</ele>
				<time>2026-08-06T16:43:20.681Z</time>
			</trkpt>
			<trkpt lat="39.73942" lon="20.79415">
				<ele>468.89</ele>
				<time>2026-08-06T16:43:26.388Z</time>
			</trkpt>
			<trkpt lat="39.73927" lon="20.79459">
				<ele>469.94</ele>
				<time>2026-08-06T16:43:29.720Z</time>
			</trkpt>
			<trkpt lat="39.73914" lon="20.79505">
				<ele>470.13</ele>
				<time>2026-08-06T16:43:33.108Z</time>
			</trkpt>
			<trkpt lat="39.73878" lon="20.79645">
				<ele>468.61</ele>
				<time>2026-08-06T16:43:43.283Z</time>
			</trkpt>
			<trkpt lat="39.73855" lon="20.79702">
				<ele>469.08</ele>
				<time>2026-08-06T16:43:47.707Z</time>
			</trkpt>
			<trkpt lat="39.73809" lon="20.79794">
				<ele>468.29</ele>
				<time>2026-08-06T16:43:55.230Z</time>
			</trkpt>
			<trkpt lat="39.73784" lon="20.79852">
				<ele>468.39</ele>
				<time>2026-08-06T16:43:59.777Z</time>
			</trkpt>
			<trkpt lat="39.73772" lon="20.7989">
				<ele>466.79</ele>
				<time>2026-08-06T16:44:02.582Z</time>
			</trkpt>
			<trkpt lat="39.73757" lon="20.79969">
				<ele>468.06</ele>
				<time>2026-08-06T16:44:08.129Z</time>
			</trkpt>
			<trkpt lat="39.73738" lon="20.8013">
				<ele>471.85</ele>
				<time>2026-08-06T16:44:19.195Z</time>
			</trkpt>
			<trkpt lat="39.73726" lon="20.80187">
				<ele>473.5</ele>
				<time>2026-08-06T16:44:23.197Z</time>
			</trkpt>
			<trkpt lat="39.73715" lon="20.8023">
				<ele>473.04</ele>
				<time>2026-08-06T16:44:26.262Z</time>
			</trkpt>
			<trkpt lat="39.737" lon="20.8027">
				<ele>470.9</ele>
				<time>2026-08-06T16:44:29.268Z</time>
			</trkpt>
			<trkpt lat="39.7368" lon="20.80314">
				<ele>469.63</ele>
				<time>2026-08-06T16:44:32.716Z</time>
			</trkpt>
			<trkpt lat="39.73606" lon="20.80455">
				<ele>470.28</ele>
				<time>2026-08-06T16:44:44.196Z</time>
			</trkpt>
			<trkpt lat="39.73569" lon="20.80522">
				<ele>471.22</ele>
				<time>2026-08-06T16:44:49.724Z</time>
			</trkpt>
			<trkpt lat="39.73521" lon="20.80598">
				<ele>471.65</ele>
				<time>2026-08-06T16:44:56.299Z</time>
			</trkpt>
			<trkpt lat="39.73498" lon="20.80628">
				<ele>470.92</ele>
				<time>2026-08-06T16:44:59.126Z</time>
			</trkpt>
			<trkpt lat="39.73474" lon="20.80655">
				<ele>469.75</ele>
				<time>2026-08-06T16:45:01.877Z</time>
			</trkpt>
			<trkpt lat="39.73431" lon="20.80692">
				<ele>469.49</ele>
				<time>2026-08-06T16:45:06.339Z</time>
			</trkpt>
			<trkpt lat="39.73303" lon="20.80795">
				<ele>469.79</ele>
				<time>2026-08-06T16:45:19.321Z</time>
			</trkpt>
			<trkpt lat="39.73226" lon="20.80866">
				<ele>471.76</ele>
				<time>2026-08-06T16:45:27.428Z</time>
			</trkpt>
			<trkpt lat="39.73146" lon="20.80962">
				<ele>472.88</ele>
				<time>2026-08-06T16:45:36.745Z</time>
			</trkpt>
			<trkpt lat="39.73057" lon="20.81082">
				<ele>470.05</ele>
				<time>2026-08-06T16:45:47.673Z</time>
			</trkpt>
			<trkpt lat="39.73026" lon="20.81121">
				<ele>471.72</ele>
				<time>2026-08-06T16:45:51.339Z</time>
			</trkpt>
			<trkpt lat="39.72985" lon="20.81159">
				<ele>471.48</ele>
				<time>2026-08-06T16:45:55.612Z</time>
			</trkpt>
			<trkpt lat="39.72958" lon="20.81178">
				<ele>471.92</ele>
				<time>2026-08-06T16:45:58.213Z</time>
			</trkpt>
			<trkpt lat="39.72918" lon="20.81197">
				<ele>474.02</ele>
				<time>2026-08-06T16:46:01.818Z</time>
			</trkpt>
			<trkpt lat="39.72879" lon="20.81209">
				<ele>474.89</ele>
				<time>2026-08-06T16:46:05.205Z</time>
			</trkpt>
			<trkpt lat="39.7273" lon="20.81238">
				<ele>472.98</ele>
				<time>2026-08-06T16:46:17.899Z</time>
			</trkpt>
			<trkpt lat="39.7265" lon="20.81259">
				<ele>474.72</ele>
				<time>2026-08-06T16:46:24.750Z</time>
			</trkpt>
			<trkpt lat="39.72445" lon="20.81321">
				<ele>475.01</ele>
				<time>2026-08-06T16:46:42.332Z</time>
			</trkpt>
			<trkpt lat="39.72394" lon="20.81344">
				<ele>475.87</ele>
				<time>2026-08-06T16:46:46.822Z</time>
			</trkpt>
			<trkpt lat="39.72353" lon="20.81373">
				<ele>475.44</ele>
				<time>2026-08-06T16:46:50.699Z</time>
			</trkpt>
			<trkpt lat="39.72331" lon="20.81394">
				<ele>473.94</ele>
				<time>2026-08-06T16:46:52.962Z</time>
			</trkpt>
			<trkpt lat="39.72215" lon="20.81516">
				<ele>475.46</ele>
				<time>2026-08-06T16:47:05.304Z</time>
			</trkpt>
			<trkpt lat="39.72076" lon="20.81657">
				<ele>479.27</ele>
				<time>2026-08-06T16:47:19.814Z</time>
			</trkpt>
			<trkpt lat="39.72034" lon="20.81708">
				<ele>477.56</ele>
				<time>2026-08-06T16:47:24.526Z</time>
			</trkpt>
			<trkpt lat="39.71999" lon="20.81755">
				<ele>477.62</ele>
				<time>2026-08-06T16:47:28.646Z</time>
			</trkpt>
			<trkpt lat="39.7197" lon="20.81799">
				<ele>481.35</ele>
				<time>2026-08-06T16:47:32.289Z</time>
			</trkpt>
			<trkpt lat="39.71945" lon="20.81844">
				<ele>477.68</ele>
				<time>2026-08-06T16:47:35.775Z</time>
			</trkpt>
			<trkpt lat="39.71899" lon="20.81933">
				<ele>478.63</ele>
				<time>2026-08-06T16:47:42.495Z</time>
			</trkpt>
			<trkpt lat="39.71872" lon="20.81983">
				<ele>477.39</ele>
				<time>2026-08-06T16:47:46.317Z</time>
			</trkpt>
			<trkpt lat="39.7186" lon="20.82013">
				<ele>476.93</ele>
				<time>2026-08-06T16:47:48.430Z</time>
			</trkpt>
			<trkpt lat="39.71848" lon="20.82048">
				<ele>476.85</ele>
				<time>2026-08-06T16:47:50.822Z</time>
			</trkpt>
			<trkpt lat="39.71838" lon="20.82097">
				<ele>476.37</ele>
				<time>2026-08-06T16:47:53.984Z</time>
			</trkpt>
			<trkpt lat="39.71836" lon="20.82121">
				<ele>475.47</ele>
				<time>2026-08-06T16:47:55.488Z</time>
			</trkpt>
			<trkpt lat="39.71836" lon="20.8216">
				<ele>473.65</ele>
				<time>2026-08-06T16:47:57.917Z</time>
			</trkpt>
			<trkpt lat="39.71838" lon="20.82208">
				<ele>474.68</ele>
				<time>2026-08-06T16:48:00.907Z</time>
			</trkpt>
			<trkpt lat="39.71844" lon="20.82256">
				<ele>474.16</ele>
				<time>2026-08-06T16:48:03.929Z</time>
			</trkpt>
			<trkpt lat="39.71851" lon="20.82299">
				<ele>475</ele>
				<time>2026-08-06T16:48:06.658Z</time>
			</trkpt>
			<trkpt lat="39.71866" lon="20.82395">
				<ele>474.36</ele>
				<time>2026-08-06T16:48:12.729Z</time>
			</trkpt>
			<trkpt lat="39.71881" lon="20.82474">
				<ele>474.72</ele>
				<time>2026-08-06T16:48:17.762Z</time>
			</trkpt>
			<trkpt lat="39.71955" lon="20.82739">
				<ele>474</ele>
				<time>2026-08-06T16:48:35.130Z</time>
			</trkpt>
			<trkpt lat="39.72" lon="20.82902">
				<ele>472.55</ele>
				<time>2026-08-06T16:48:45.747Z</time>
			</trkpt>
			<trkpt lat="39.72033" lon="20.83037">
				<ele>474.35</ele>
				<time>2026-08-06T16:48:54.401Z</time>
			</trkpt>
			<trkpt lat="39.72037" lon="20.83061">
				<ele>474.2</ele>
				<time>2026-08-06T16:48:55.898Z</time>
			</trkpt>
			<trkpt lat="39.72041" lon="20.83104">
				<ele>473.61</ele>
				<time>2026-08-06T16:48:58.538Z</time>
			</trkpt>
			<trkpt lat="39.72042" lon="20.83162">
				<ele>472.26</ele>
				<time>2026-08-06T16:49:02.070Z</time>
			</trkpt>
			<trkpt lat="39.72035" lon="20.83226">
				<ele>471.58</ele>
				<time>2026-08-06T16:49:06.000Z</time>
			</trkpt>
			<trkpt lat="39.72006" lon="20.83372">
				<ele>473.36</ele>
				<time>2026-08-06T16:49:15.148Z</time>
			</trkpt>
			<trkpt lat="39.71995" lon="20.83426">
				<ele>472.47</ele>
				<time>2026-08-06T16:49:18.530Z</time>
			</trkpt>
			<trkpt lat="39.7199" lon="20.83442">
				<ele>472.95</ele>
				<time>2026-08-06T16:49:19.574Z</time>
			</trkpt>
			<trkpt lat="39.71971" lon="20.8349">
				<ele>473.6</ele>
				<time>2026-08-06T16:49:22.837Z</time>
			</trkpt>
			<trkpt lat="39.71945" lon="20.83533">
				<ele>474.22</ele>
				<time>2026-08-06T16:49:26.140Z</time>
			</trkpt>
			<trkpt lat="39.71927" lon="20.83554">
				<ele>474.32</ele>
				<time>2026-08-06T16:49:28.037Z</time>
			</trkpt>
			<trkpt lat="39.71803" lon="20.83669">
				<ele>478.1</ele>
				<time>2026-08-06T16:49:39.956Z</time>
			</trkpt>
			<trkpt lat="39.71567" lon="20.83909">
				<ele>478.3</ele>
				<time>2026-08-06T16:50:03.268Z</time>
			</trkpt>
			<trkpt lat="39.71403" lon="20.84077">
				<ele>482.09</ele>
				<time>2026-08-06T16:50:19.411Z</time>
			</trkpt>
			<trkpt lat="39.71315" lon="20.84159">
				<ele>480.35</ele>
				<time>2026-08-06T16:50:27.750Z</time>
			</trkpt>
			<trkpt lat="39.7128" lon="20.84188">
				<ele>482.33</ele>
				<time>2026-08-06T16:50:30.941Z</time>
			</trkpt>
			<trkpt lat="39.71201" lon="20.84245">
				<ele>484.93</ele>
				<time>2026-08-06T16:50:37.877Z</time>
			</trkpt>
			<trkpt lat="39.71153" lon="20.84284">
				<ele>485.76</ele>
				<time>2026-08-06T16:50:42.214Z</time>
			</trkpt>
			<trkpt lat="39.71113" lon="20.84321">
				<ele>486.55</ele>
				<time>2026-08-06T16:50:45.972Z</time>
			</trkpt>
			<trkpt lat="39.71052" lon="20.84385">
				<ele>487.61</ele>
				<time>2026-08-06T16:50:51.963Z</time>
			</trkpt>
			<trkpt lat="39.71006" lon="20.84436">
				<ele>485.45</ele>
				<time>2026-08-06T16:50:56.577Z</time>
			</trkpt>
			<trkpt lat="39.70991" lon="20.8445">
				<ele>485.32</ele>
				<time>2026-08-06T16:50:57.985Z</time>
			</trkpt>
			<trkpt lat="39.70961" lon="20.84472">
				<ele>488</ele>
				<time>2026-08-06T16:51:00.609Z</time>
			</trkpt>
			<trkpt lat="39.70858" lon="20.84541">
				<ele>485.98</ele>
				<time>2026-08-06T16:51:09.424Z</time>
			</trkpt>
			<trkpt lat="39.70794" lon="20.84581">
				<ele>486.01</ele>
				<time>2026-08-06T16:51:14.815Z</time>
			</trkpt>
			<trkpt lat="39.7077" lon="20.84593">
				<ele>486.08</ele>
				<time>2026-08-06T16:51:16.765Z</time>
			</trkpt>
			<trkpt lat="39.70705" lon="20.84614">
				<ele>484.11</ele>
				<time>2026-08-06T16:51:21.839Z</time>
			</trkpt>
			<trkpt lat="39.70643" lon="20.8463">
				<ele>482.05</ele>
				<time>2026-08-06T16:51:26.621Z</time>
			</trkpt>
			<trkpt lat="39.70494" lon="20.84673">
				<ele>478.16</ele>
				<time>2026-08-06T16:51:38.143Z</time>
			</trkpt>
			<trkpt lat="39.7046" lon="20.8469">
				<ele>476.09</ele>
				<time>2026-08-06T16:51:40.888Z</time>
			</trkpt>
			<trkpt lat="39.70449" lon="20.84699">
				<ele>476</ele>
				<time>2026-08-06T16:51:41.866Z</time>
			</trkpt>
			<trkpt lat="39.70438" lon="20.84711">
				<ele>475.87</ele>
				<time>2026-08-06T16:51:42.947Z</time>
			</trkpt>
			<trkpt lat="39.70427" lon="20.8473">
				<ele>475.2</ele>
				<time>2026-08-06T16:51:44.324Z</time>
			</trkpt>
			<trkpt lat="39.70422" lon="20.84744">
				<ele>474.59</ele>
				<time>2026-08-06T16:51:45.218Z</time>
			</trkpt>
			<trkpt lat="39.70415" lon="20.84775">
				<ele>474</ele>
				<time>2026-08-06T16:51:47.087Z</time>
			</trkpt>
			<trkpt lat="39.70415" lon="20.84811">
				<ele>475</ele>
				<time>2026-08-06T16:51:49.169Z</time>
			</trkpt>
			<trkpt lat="39.70421" lon="20.84838">
				<ele>475</ele>
				<time>2026-08-06T16:51:50.793Z</time>
			</trkpt>
			<trkpt lat="39.70426" lon="20.84852">
				<ele>475</ele>
				<time>2026-08-06T16:51:51.685Z</time>
			</trkpt>
			<trkpt lat="39.70437" lon="20.84871">
				<ele>474.9</ele>
				<time>2026-08-06T16:51:53.059Z</time>
			</trkpt>
			<trkpt lat="39.70449" lon="20.84887">
				<ele>475.18</ele>
				<time>2026-08-06T16:51:54.349Z</time>
			</trkpt>
			<trkpt lat="39.70499" lon="20.84935">
				<ele>475.97</ele>
				<time>2026-08-06T16:51:59.011Z</time>
			</trkpt>
			<trkpt lat="39.7051" lon="20.84952">
				<ele>476.28</ele>
				<time>2026-08-06T16:52:00.292Z</time>
			</trkpt>
			<trkpt lat="39.70525" lon="20.84983">
				<ele>476.35</ele>
				<time>2026-08-06T16:52:02.402Z</time>
			</trkpt>
			<trkpt lat="39.7053" lon="20.85002">
				<ele>477.41</ele>
				<time>2026-08-06T16:52:03.559Z</time>
			</trkpt>
			<trkpt lat="39.70531" lon="20.85034">
				<ele>478.41</ele>
				<time>2026-08-06T16:52:05.403Z</time>
			</trkpt>
			<trkpt lat="39.70527" lon="20.85071">
				<ele>477.95</ele>
				<time>2026-08-06T16:52:07.554Z</time>
			</trkpt>
			<trkpt lat="39.70519" lon="20.8511">
				<ele>478.69</ele>
				<time>2026-08-06T16:52:09.875Z</time>
			</trkpt>
			<trkpt lat="39.7051" lon="20.85141">
				<ele>479.92</ele>
				<time>2026-08-06T16:52:11.780Z</time>
			</trkpt>
			<trkpt lat="39.70494" lon="20.85173">
				<ele>480.65</ele>
				<time>2026-08-06T16:52:13.973Z</time>
			</trkpt>
			<trkpt lat="39.7046" lon="20.85224">
				<ele>477.15</ele>
				<time>2026-08-06T16:52:17.848Z</time>
			</trkpt>
			<trkpt lat="39.70408" lon="20.85294">
				<ele>478.01</ele>
				<time>2026-08-06T16:52:23.429Z</time>
			</trkpt>
			<trkpt lat="39.70262" lon="20.85538">
				<ele>476.59</ele>
				<time>2026-08-06T16:52:41.107Z</time>
			</trkpt>
			<trkpt lat="39.7024" lon="20.85572">
				<ele>478</ele>
				<time>2026-08-06T16:52:43.642Z</time>
			</trkpt>
			<trkpt lat="39.70222" lon="20.85611">
				<ele>474.01</ele>
				<time>2026-08-06T16:52:46.235Z</time>
			</trkpt>
			<trkpt lat="39.70214" lon="20.85633">
				<ele>473.07</ele>
				<time>2026-08-06T16:52:47.622Z</time>
			</trkpt>
			<trkpt lat="39.70209" lon="20.8566">
				<ele>474.11</ele>
				<time>2026-08-06T16:52:49.204Z</time>
			</trkpt>
			<trkpt lat="39.70206" lon="20.85688">
				<ele>475.03</ele>
				<time>2026-08-06T16:52:50.815Z</time>
			</trkpt>
			<trkpt lat="39.70203" lon="20.85717">
				<ele>474.69</ele>
				<time>2026-08-06T16:52:52.481Z</time>
			</trkpt>
			<trkpt lat="39.70206" lon="20.85787">
				<ele>473.96</ele>
				<time>2026-08-06T16:52:56.470Z</time>
			</trkpt>
			<trkpt lat="39.70203" lon="20.85804">
				<ele>474</ele>
				<time>2026-08-06T16:52:57.462Z</time>
			</trkpt>
			<trkpt lat="39.70197" lon="20.85819">
				<ele>473.99</ele>
				<time>2026-08-06T16:52:58.423Z</time>
			</trkpt>
			<trkpt lat="39.7019" lon="20.8583">
				<ele>473.91</ele>
				<time>2026-08-06T16:52:59.234Z</time>
			</trkpt>
			<trkpt lat="39.70162" lon="20.85858">
				<ele>473.47</ele>
				<time>2026-08-06T16:53:01.843Z</time>
			</trkpt>
			<trkpt lat="39.70142" lon="20.85872">
				<ele>473.95</ele>
				<time>2026-08-06T16:53:03.520Z</time>
			</trkpt>
			<trkpt lat="39.70114" lon="20.85884">
				<ele>472.73</ele>
				<time>2026-08-06T16:53:05.696Z</time>
			</trkpt>
			<trkpt lat="39.70034" lon="20.85912">
				<ele>472.84</ele>
				<time>2026-08-06T16:53:11.804Z</time>
			</trkpt>
			<trkpt lat="39.70002" lon="20.85926">
				<ele>473.64</ele>
				<time>2026-08-06T16:53:14.291Z</time>
			</trkpt>
			<trkpt lat="39.69949" lon="20.85954">
				<ele>471.63</ele>
				<time>2026-08-06T16:53:18.502Z</time>
			</trkpt>
			<trkpt lat="39.69896" lon="20.85987">
				<ele>472.07</ele>
				<time>2026-08-06T16:53:22.823Z</time>
			</trkpt>
			<trkpt lat="39.6986" lon="20.86002">
				<ele>473.07</ele>
				<time>2026-08-06T16:53:25.601Z</time>
			</trkpt>
			<trkpt lat="39.69826" lon="20.8601">
				<ele>473.13</ele>
				<time>2026-08-06T16:53:28.139Z</time>
			</trkpt>
			<trkpt lat="39.69786" lon="20.86014">
				<ele>472.16</ele>
				<time>2026-08-06T16:53:31.084Z</time>
			</trkpt>
			<trkpt lat="39.69684" lon="20.86001">
				<ele>472.97</ele>
				<time>2026-08-06T16:53:38.599Z</time>
			</trkpt>
			<trkpt lat="39.69646" lon="20.85999">
				<ele>472.26</ele>
				<time>2026-08-06T16:53:41.385Z</time>
			</trkpt>
			<trkpt lat="39.69621" lon="20.86001">
				<ele>472</ele>
				<time>2026-08-06T16:53:43.219Z</time>
			</trkpt>
			<trkpt lat="39.69583" lon="20.86008">
				<ele>471.68</ele>
				<time>2026-08-06T16:53:46.028Z</time>
			</trkpt>
			<trkpt lat="39.69486" lon="20.86043">
				<ele>474.97</ele>
				<time>2026-08-06T16:53:53.389Z</time>
			</trkpt>
			<trkpt lat="39.69474" lon="20.86041">
				<ele>475.82</ele>
				<time>2026-08-06T16:53:54.273Z</time>
			</trkpt>
			<trkpt lat="39.69467" lon="20.86038">
				<ele>476</ele>
				<time>2026-08-06T16:53:54.811Z</time>
			</trkpt>
			<trkpt lat="39.69463" lon="20.86033">
				<ele>476</ele>
				<time>2026-08-06T16:53:55.217Z</time>
			</trkpt>
			<trkpt lat="39.69459" lon="20.86025">
				<ele>475.96</ele>
				<time>2026-08-06T16:53:55.753Z</time>
			</trkpt>
			<trkpt lat="39.6945" lon="20.86019">
				<ele>475.77</ele>
				<time>2026-08-06T16:53:56.491Z</time>
			</trkpt>
			<trkpt lat="39.69441" lon="20.86022">
				<ele>475.56</ele>
				<time>2026-08-06T16:53:57.170Z</time>
			</trkpt>
			<trkpt lat="39.69437" lon="20.86026">
				<ele>475.48</ele>
				<time>2026-08-06T16:53:57.538Z</time>
			</trkpt>
			<trkpt lat="39.69428" lon="20.86087">
				<ele>476.16</ele>
				<time>2026-08-06T16:54:01.027Z</time>
			</trkpt>
			<trkpt lat="39.69419" lon="20.8612">
				<ele>477.34</ele>
				<time>2026-08-06T16:54:02.992Z</time>
			</trkpt>
			<trkpt lat="39.69413" lon="20.86135">
				<ele>477.74</ele>
				<time>2026-08-06T16:54:03.941Z</time>
			</trkpt>
			<trkpt lat="39.69398" lon="20.8616">
				<ele>477.83</ele>
				<time>2026-08-06T16:54:05.720Z</time>
			</trkpt>
			<trkpt lat="39.69356" lon="20.8622">
				<ele>479.26</ele>
				<time>2026-08-06T16:54:10.268Z</time>
			</trkpt>
			<trkpt lat="39.69266" lon="20.86329">
				<ele>486.63</ele>
				<time>2026-08-06T16:54:19.223Z</time>
			</trkpt>
			<trkpt lat="39.69177" lon="20.86446">
				<ele>492.36</ele>
				<time>2026-08-06T16:54:28.425Z</time>
			</trkpt>
			<trkpt lat="39.69158" lon="20.86475">
				<ele>493.68</ele>
				<time>2026-08-06T16:54:30.553Z</time>
			</trkpt>
			<trkpt lat="39.69133" lon="20.86505">
				<ele>496.16</ele>
				<time>2026-08-06T16:54:33.023Z</time>
			</trkpt>
			<trkpt lat="39.69109" lon="20.86537">
				<ele>497.34</ele>
				<time>2026-08-06T16:54:35.518Z</time>
			</trkpt>
			<trkpt lat="39.69068" lon="20.86604">
				<ele>499.21</ele>
				<time>2026-08-06T16:54:40.295Z</time>
			</trkpt>
			<trkpt lat="39.69003" lon="20.86715">
				<ele>505.81</ele>
				<time>2026-08-06T16:54:48.072Z</time>
			</trkpt>
			<trkpt lat="39.68989" lon="20.86751">
				<ele>507.11</ele>
				<time>2026-08-06T16:54:50.320Z</time>
			</trkpt>
			<trkpt lat="39.68979" lon="20.86787">
				<ele>509.73</ele>
				<time>2026-08-06T16:54:52.451Z</time>
			</trkpt>
			<trkpt lat="39.68976" lon="20.86805">
				<ele>510.3</ele>
				<time>2026-08-06T16:54:53.477Z</time>
			</trkpt>
			<trkpt lat="39.68975" lon="20.86844">
				<ele>512.32</ele>
				<time>2026-08-06T16:54:55.649Z</time>
			</trkpt>
			<trkpt lat="39.68978" lon="20.86871">
				<ele>514.57</ele>
				<time>2026-08-06T16:54:57.168Z</time>
			</trkpt>
			<trkpt lat="39.68992" lon="20.86949">
				<ele>520.12</ele>
				<time>2026-08-06T16:55:01.623Z</time>
			</trkpt>
			<trkpt lat="39.68996" lon="20.8701">
				<ele>520.49</ele>
				<time>2026-08-06T16:55:05.028Z</time>
			</trkpt>
			<trkpt lat="39.68994" lon="20.87041">
				<ele>521.41</ele>
				<time>2026-08-06T16:55:06.757Z</time>
			</trkpt>
			<trkpt lat="39.68991" lon="20.87055">
				<ele>521.61</ele>
				<time>2026-08-06T16:55:07.565Z</time>
			</trkpt>
			<trkpt lat="39.68981" lon="20.87086">
				<ele>524.28</ele>
				<time>2026-08-06T16:55:09.432Z</time>
			</trkpt>
			<trkpt lat="39.68971" lon="20.87109">
				<ele>525.46</ele>
				<time>2026-08-06T16:55:10.900Z</time>
			</trkpt>
			<trkpt lat="39.68952" lon="20.87143">
				<ele>527.05</ele>
				<time>2026-08-06T16:55:13.234Z</time>
			</trkpt>
			<trkpt lat="39.68849" lon="20.87293">
				<ele>531.98</ele>
				<time>2026-08-06T16:55:24.391Z</time>
			</trkpt>
			<trkpt lat="39.68829" lon="20.87319">
				<ele>530.83</ele>
				<time>2026-08-06T16:55:26.429Z</time>
			</trkpt>
			<trkpt lat="39.68807" lon="20.8734">
				<ele>530.59</ele>
				<time>2026-08-06T16:55:28.396Z</time>
			</trkpt>
			<trkpt lat="39.68786" lon="20.87356">
				<ele>534.28</ele>
				<time>2026-08-06T16:55:30.150Z</time>
			</trkpt>
			<trkpt lat="39.6872" lon="20.87396">
				<ele>541.76</ele>
				<time>2026-08-06T16:55:35.393Z</time>
			</trkpt>
			<trkpt lat="39.68696" lon="20.87415">
				<ele>542.01</ele>
				<time>2026-08-06T16:55:37.416Z</time>
			</trkpt>
			<trkpt lat="39.68663" lon="20.87453">
				<ele>542.96</ele>
				<time>2026-08-06T16:55:40.588Z</time>
			</trkpt>
			<trkpt lat="39.68641" lon="20.87483">
				<ele>543.62</ele>
				<time>2026-08-06T16:55:42.882Z</time>
			</trkpt>
			<trkpt lat="39.6857" lon="20.876">
				<ele>551.61</ele>
				<time>2026-08-06T16:55:51.126Z</time>
			</trkpt>
			<trkpt lat="39.68558" lon="20.87621">
				<ele>554.19</ele>
				<time>2026-08-06T16:55:52.573Z</time>
			</trkpt>
			<trkpt lat="39.68547" lon="20.87644">
				<ele>555.42</ele>
				<time>2026-08-06T16:55:54.070Z</time>
			</trkpt>
			<trkpt lat="39.68517" lon="20.87719">
				<ele>557.72</ele>
				<time>2026-08-06T16:55:58.743Z</time>
			</trkpt>
			<trkpt lat="39.68505" lon="20.878">
				<ele>558.17</ele>
				<time>2026-08-06T16:56:03.301Z</time>
			</trkpt>
			<trkpt lat="39.68497" lon="20.87913">
				<ele>566.21</ele>
				<time>2026-08-06T16:56:09.568Z</time>
			</trkpt>
			<trkpt lat="39.68487" lon="20.88096">
				<ele>573.63</ele>
				<time>2026-08-06T16:56:19.694Z</time>
			</trkpt>
			<trkpt lat="39.68481" lon="20.88267">
				<ele>581.74</ele>
				<time>2026-08-06T16:56:29.136Z</time>
			</trkpt>
			<trkpt lat="39.68482" lon="20.88331">
				<ele>584.06</ele>
				<time>2026-08-06T16:56:32.665Z</time>
			</trkpt>
			<trkpt lat="39.68492" lon="20.88462">
				<ele>581.23</ele>
				<time>2026-08-06T16:56:39.920Z</time>
			</trkpt>
			<trkpt lat="39.68492" lon="20.88531">
				<ele>585.73</ele>
				<time>2026-08-06T16:56:43.722Z</time>
			</trkpt>
			<trkpt lat="39.68489" lon="20.88558">
				<ele>587.84</ele>
				<time>2026-08-06T16:56:45.225Z</time>
			</trkpt>
			<trkpt lat="39.68483" lon="20.88582">
				<ele>590.24</ele>
				<time>2026-08-06T16:56:46.615Z</time>
			</trkpt>
			<trkpt lat="39.68472" lon="20.88616">
				<ele>594.29</ele>
				<time>2026-08-06T16:56:48.646Z</time>
			</trkpt>
			<trkpt lat="39.68463" lon="20.88634">
				<ele>595.11</ele>
				<time>2026-08-06T16:56:49.829Z</time>
			</trkpt>
			<trkpt lat="39.68434" lon="20.88683">
				<ele>599.51</ele>
				<time>2026-08-06T16:56:53.233Z</time>
			</trkpt>
			<trkpt lat="39.68373" lon="20.8876">
				<ele>597.85</ele>
				<time>2026-08-06T16:56:59.317Z</time>
			</trkpt>
			<trkpt lat="39.68318" lon="20.88825">
				<ele>597.53</ele>
				<time>2026-08-06T16:57:04.635Z</time>
			</trkpt>
			<trkpt lat="39.68294" lon="20.88856">
				<ele>597.65</ele>
				<time>2026-08-06T16:57:07.055Z</time>
			</trkpt>
			<trkpt lat="39.68248" lon="20.88933">
				<ele>598.5</ele>
				<time>2026-08-06T16:57:12.420Z</time>
			</trkpt>
			<trkpt lat="39.68191" lon="20.89021">
				<ele>597.91</ele>
				<time>2026-08-06T16:57:18.748Z</time>
			</trkpt>
			<trkpt lat="39.68127" lon="20.89113">
				<ele>602.32</ele>
				<time>2026-08-06T16:57:25.571Z</time>
			</trkpt>
			<trkpt lat="39.68091" lon="20.89172">
				<ele>604.85</ele>
				<time>2026-08-06T16:57:29.713Z</time>
			</trkpt>
			<trkpt lat="39.68074" lon="20.89202">
				<ele>602.77</ele>
				<time>2026-08-06T16:57:31.762Z</time>
			</trkpt>
			<trkpt lat="39.68045" lon="20.89271">
				<ele>606.79</ele>
				<time>2026-08-06T16:57:36.087Z</time>
			</trkpt>
			<trkpt lat="39.68039" lon="20.89294">
				<ele>606.69</ele>
				<time>2026-08-06T16:57:37.423Z</time>
			</trkpt>
			<trkpt lat="39.68034" lon="20.8932">
				<ele>607.12</ele>
				<time>2026-08-06T16:57:38.897Z</time>
			</trkpt>
			<trkpt lat="39.68032" lon="20.89354">
				<ele>606.89</ele>
				<time>2026-08-06T16:57:40.772Z</time>
			</trkpt>
			<trkpt lat="39.68034" lon="20.89388">
				<ele>607.59</ele>
				<time>2026-08-06T16:57:42.648Z</time>
			</trkpt>
			<trkpt lat="39.68041" lon="20.89435">
				<ele>608.45</ele>
				<time>2026-08-06T16:57:45.281Z</time>
			</trkpt>
			<trkpt lat="39.68121" lon="20.89788">
				<ele>613.41</ele>
				<time>2026-08-06T16:58:05.522Z</time>
			</trkpt>
			<trkpt lat="39.68126" lon="20.89819">
				<ele>614.46</ele>
				<time>2026-08-06T16:58:07.264Z</time>
			</trkpt>
			<trkpt lat="39.6813" lon="20.89853">
				<ele>616.08</ele>
				<time>2026-08-06T16:58:09.156Z</time>
			</trkpt>
			<trkpt lat="39.68132" lon="20.89911">
				<ele>620.96</ele>
				<time>2026-08-06T16:58:12.350Z</time>
			</trkpt>
			<trkpt lat="39.6813" lon="20.89983">
				<ele>626.79</ele>
				<time>2026-08-06T16:58:16.314Z</time>
			</trkpt>
			<trkpt lat="39.68125" lon="20.90054">
				<ele>623.52</ele>
				<time>2026-08-06T16:58:20.237Z</time>
			</trkpt>
			<trkpt lat="39.68118" lon="20.90131">
				<ele>628.25</ele>
				<time>2026-08-06T16:58:24.504Z</time>
			</trkpt>
			<trkpt lat="39.6811" lon="20.90176">
				<ele>628.93</ele>
				<time>2026-08-06T16:58:27.046Z</time>
			</trkpt>
			<trkpt lat="39.68099" lon="20.90222">
				<ele>632.81</ele>
				<time>2026-08-06T16:58:29.697Z</time>
			</trkpt>
			<trkpt lat="39.6806" lon="20.90333">
				<ele>636.62</ele>
				<time>2026-08-06T16:58:36.414Z</time>
			</trkpt>
			<trkpt lat="39.68047" lon="20.90375">
				<ele>637.61</ele>
				<time>2026-08-06T16:58:38.906Z</time>
			</trkpt>
			<trkpt lat="39.68035" lon="20.90429">
				<ele>635.68</ele>
				<time>2026-08-06T16:58:42.001Z</time>
			</trkpt>
			<trkpt lat="39.68027" lon="20.90475">
				<ele>634.27</ele>
				<time>2026-08-06T16:58:44.599Z</time>
			</trkpt>
			<trkpt lat="39.68019" lon="20.90528">
				<ele>640.53</ele>
				<time>2026-08-06T16:58:47.574Z</time>
			</trkpt>
			<trkpt lat="39.68013" lon="20.90578">
				<ele>636.7</ele>
				<time>2026-08-06T16:58:50.361Z</time>
			</trkpt>
			<trkpt lat="39.68014" lon="20.90604">
				<ele>634.04</ele>
				<time>2026-08-06T16:58:51.795Z</time>
			</trkpt>
			<trkpt lat="39.68016" lon="20.90625">
				<ele>632.98</ele>
				<time>2026-08-06T16:58:52.961Z</time>
			</trkpt>
			<trkpt lat="39.68021" lon="20.90644">
				<ele>632.84</ele>
				<time>2026-08-06T16:58:54.068Z</time>
			</trkpt>
			<trkpt lat="39.68028" lon="20.90656">
				<ele>633.66</ele>
				<time>2026-08-06T16:58:54.898Z</time>
			</trkpt>
			<trkpt lat="39.68049" lon="20.90673">
				<ele>638.32</ele>
				<time>2026-08-06T16:58:56.669Z</time>
			</trkpt>
			<trkpt lat="39.68066" lon="20.90682">
				<ele>642.8</ele>
				<time>2026-08-06T16:58:57.984Z</time>
			</trkpt>
			<trkpt lat="39.68074" lon="20.90691">
				<ele>644.46</ele>
				<time>2026-08-06T16:58:58.742Z</time>
			</trkpt>
			<trkpt lat="39.68078" lon="20.907">
				<ele>645.01</ele>
				<time>2026-08-06T16:58:59.314Z</time>
			</trkpt>
			<trkpt lat="39.68081" lon="20.90713">
				<ele>644.64</ele>
				<time>2026-08-06T16:59:00.063Z</time>
			</trkpt>
			<trkpt lat="39.68083" lon="20.90729">
				<ele>644.22</ele>
				<time>2026-08-06T16:59:00.956Z</time>
			</trkpt>
			<trkpt lat="39.68082" lon="20.90754">
				<ele>644.59</ele>
				<time>2026-08-06T16:59:02.336Z</time>
			</trkpt>
			<trkpt lat="39.68059" lon="20.90844">
				<ele>639.66</ele>
				<time>2026-08-06T16:59:07.565Z</time>
			</trkpt>
			<trkpt lat="39.68056" lon="20.90859">
				<ele>639.42</ele>
				<time>2026-08-06T16:59:08.420Z</time>
			</trkpt>
			<trkpt lat="39.68055" lon="20.90878">
				<ele>638.73</ele>
				<time>2026-08-06T16:59:09.470Z</time>
			</trkpt>
			<trkpt lat="39.68055" lon="20.90893">
				<ele>638.69</ele>
				<time>2026-08-06T16:59:10.297Z</time>
			</trkpt>
			<trkpt lat="39.68066" lon="20.90937">
				<ele>645.68</ele>
				<time>2026-08-06T16:59:12.849Z</time>
			</trkpt>
			<trkpt lat="39.68066" lon="20.90952">
				<ele>647.92</ele>
				<time>2026-08-06T16:59:13.677Z</time>
			</trkpt>
			<trkpt lat="39.68063" lon="20.90964">
				<ele>648.24</ele>
				<time>2026-08-06T16:59:14.373Z</time>
			</trkpt>
			<trkpt lat="39.68058" lon="20.90976">
				<ele>647.76</ele>
				<time>2026-08-06T16:59:15.126Z</time>
			</trkpt>
			<trkpt lat="39.68051" lon="20.90986">
				<ele>647.85</ele>
				<time>2026-08-06T16:59:15.872Z</time>
			</trkpt>
			<trkpt lat="39.6804" lon="20.90996">
				<ele>647.4</ele>
				<time>2026-08-06T16:59:16.834Z</time>
			</trkpt>
			<trkpt lat="39.68001" lon="20.91017">
				<ele>645.8</ele>
				<time>2026-08-06T16:59:19.862Z</time>
			</trkpt>
			<trkpt lat="39.67986" lon="20.91027">
				<ele>643.68</ele>
				<time>2026-08-06T16:59:21.071Z</time>
			</trkpt>
			<trkpt lat="39.67973" lon="20.91039">
				<ele>640.57</ele>
				<time>2026-08-06T16:59:22.215Z</time>
			</trkpt>
			<trkpt lat="39.67963" lon="20.91056">
				<ele>640.36</ele>
				<time>2026-08-06T16:59:23.396Z</time>
			</trkpt>
			<trkpt lat="39.67939" lon="20.91129">
				<ele>644.57</ele>
				<time>2026-08-06T16:59:27.780Z</time>
			</trkpt>
			<trkpt lat="39.67934" lon="20.91151">
				<ele>647.95</ele>
				<time>2026-08-06T16:59:29.047Z</time>
			</trkpt>
			<trkpt lat="39.67926" lon="20.91239">
				<ele>655.02</ele>
				<time>2026-08-06T16:59:33.942Z</time>
			</trkpt>
			<trkpt lat="39.67921" lon="20.9126">
				<ele>656.11</ele>
				<time>2026-08-06T16:59:35.157Z</time>
			</trkpt>
			<trkpt lat="39.67889" lon="20.91324">
				<ele>653.17</ele>
				<time>2026-08-06T16:59:39.376Z</time>
			</trkpt>
			<trkpt lat="39.67888" lon="20.91334">
				<ele>654.7</ele>
				<time>2026-08-06T16:59:39.934Z</time>
			</trkpt>
			<trkpt lat="39.67888" lon="20.91362">
				<ele>655.28</ele>
				<time>2026-08-06T16:59:41.482Z</time>
			</trkpt>
			<trkpt lat="39.67893" lon="20.91383">
				<ele>655.09</ele>
				<time>2026-08-06T16:59:42.697Z</time>
			</trkpt>
			<trkpt lat="39.67903" lon="20.91406">
				<ele>657.45</ele>
				<time>2026-08-06T16:59:44.158Z</time>
			</trkpt>
			<trkpt lat="39.6793" lon="20.91448">
				<ele>666.86</ele>
				<time>2026-08-06T16:59:47.186Z</time>
			</trkpt>
			<trkpt lat="39.67944" lon="20.91474">
				<ele>670.42</ele>
				<time>2026-08-06T16:59:48.942Z</time>
			</trkpt>
			<trkpt lat="39.67948" lon="20.9149">
				<ele>668.49</ele>
				<time>2026-08-06T16:59:49.873Z</time>
			</trkpt>
			<trkpt lat="39.67949" lon="20.91512">
				<ele>665.45</ele>
				<time>2026-08-06T16:59:51.092Z</time>
			</trkpt>
			<trkpt lat="39.67947" lon="20.91526">
				<ele>663.39</ele>
				<time>2026-08-06T16:59:51.881Z</time>
			</trkpt>
			<trkpt lat="39.67942" lon="20.91541">
				<ele>662.39</ele>
				<time>2026-08-06T16:59:52.785Z</time>
			</trkpt>
			<trkpt lat="39.67928" lon="20.91563">
				<ele>660.97</ele>
				<time>2026-08-06T16:59:54.366Z</time>
			</trkpt>
			<trkpt lat="39.67878" lon="20.91607">
				<ele>660.89</ele>
				<time>2026-08-06T16:59:58.711Z</time>
			</trkpt>
			<trkpt lat="39.67869" lon="20.91617">
				<ele>661.3</ele>
				<time>2026-08-06T16:59:59.564Z</time>
			</trkpt>
			<trkpt lat="39.67864" lon="20.91627">
				<ele>661.43</ele>
				<time>2026-08-06T17:00:00.224Z</time>
			</trkpt>
			<trkpt lat="39.6786" lon="20.91639">
				<ele>661.73</ele>
				<time>2026-08-06T17:00:00.949Z</time>
			</trkpt>
			<trkpt lat="39.67857" lon="20.91657">
				<ele>661.95</ele>
				<time>2026-08-06T17:00:01.969Z</time>
			</trkpt>
			<trkpt lat="39.67857" lon="20.91678">
				<ele>663.72</ele>
				<time>2026-08-06T17:00:03.133Z</time>
			</trkpt>
			<trkpt lat="39.67861" lon="20.91706">
				<ele>667.51</ele>
				<time>2026-08-06T17:00:04.712Z</time>
			</trkpt>
			<trkpt lat="39.67862" lon="20.91724">
				<ele>668.81</ele>
				<time>2026-08-06T17:00:05.712Z</time>
			</trkpt>
			<trkpt lat="39.6786" lon="20.91737">
				<ele>670.12</ele>
				<time>2026-08-06T17:00:06.447Z</time>
			</trkpt>
			<trkpt lat="39.67854" lon="20.91758">
				<ele>670.03</ele>
				<time>2026-08-06T17:00:07.689Z</time>
			</trkpt>
			<trkpt lat="39.67817" lon="20.91841">
				<ele>668.93</ele>
				<time>2026-08-06T17:00:13.009Z</time>
			</trkpt>
			<trkpt lat="39.67805" lon="20.91863">
				<ele>669.63</ele>
				<time>2026-08-06T17:00:14.505Z</time>
			</trkpt>
			<trkpt lat="39.67794" lon="20.91873">
				<ele>670.21</ele>
				<time>2026-08-06T17:00:15.473Z</time>
			</trkpt>
			<trkpt lat="39.67673" lon="20.91954">
				<ele>676.84</ele>
				<time>2026-08-06T17:00:25.295Z</time>
			</trkpt>
			<trkpt lat="39.67642" lon="20.91976">
				<ele>678</ele>
				<time>2026-08-06T17:00:27.846Z</time>
			</trkpt>
			<trkpt lat="39.67631" lon="20.9199">
				<ele>679.19</ele>
				<time>2026-08-06T17:00:28.958Z</time>
			</trkpt>
			<trkpt lat="39.67624" lon="20.92002">
				<ele>680.08</ele>
				<time>2026-08-06T17:00:29.795Z</time>
			</trkpt>
			<trkpt lat="39.67614" lon="20.92027">
				<ele>679.94</ele>
				<time>2026-08-06T17:00:31.362Z</time>
			</trkpt>
			<trkpt lat="39.6761" lon="20.92066">
				<ele>681.96</ele>
				<time>2026-08-06T17:00:33.550Z</time>
			</trkpt>
			<trkpt lat="39.67611" lon="20.92129">
				<ele>689.07</ele>
				<time>2026-08-06T17:00:37.056Z</time>
			</trkpt>
			<trkpt lat="39.67613" lon="20.92148">
				<ele>690.04</ele>
				<time>2026-08-06T17:00:38.124Z</time>
			</trkpt>
			<trkpt lat="39.67622" lon="20.92178">
				<ele>690.26</ele>
				<time>2026-08-06T17:00:39.916Z</time>
			</trkpt>
			<trkpt lat="39.67631" lon="20.92199">
				<ele>692.27</ele>
				<time>2026-08-06T17:00:41.255Z</time>
			</trkpt>
			<trkpt lat="39.67678" lon="20.9229">
				<ele>699.44</ele>
				<time>2026-08-06T17:00:47.360Z</time>
			</trkpt>
			<trkpt lat="39.67698" lon="20.92341">
				<ele>705.84</ele>
				<time>2026-08-06T17:00:50.551Z</time>
			</trkpt>
			<trkpt lat="39.6771" lon="20.92375">
				<ele>704.26</ele>
				<time>2026-08-06T17:00:52.637Z</time>
			</trkpt>
			<trkpt lat="39.67712" lon="20.92386">
				<ele>702.36</ele>
				<time>2026-08-06T17:00:53.268Z</time>
			</trkpt>
			<trkpt lat="39.67713" lon="20.92405">
				<ele>701.11</ele>
				<time>2026-08-06T17:00:54.330Z</time>
			</trkpt>
			<trkpt lat="39.6771" lon="20.92421">
				<ele>700.88</ele>
				<time>2026-08-06T17:00:55.249Z</time>
			</trkpt>
			<trkpt lat="39.67704" lon="20.92433">
				<ele>702.83</ele>
				<time>2026-08-06T17:00:56.048Z</time>
			</trkpt>
			<trkpt lat="39.67696" lon="20.92441">
				<ele>704.32</ele>
				<time>2026-08-06T17:00:56.780Z</time>
			</trkpt>
			<trkpt lat="39.67677" lon="20.9245">
				<ele>707.41</ele>
				<time>2026-08-06T17:00:58.246Z</time>
			</trkpt>
			<trkpt lat="39.6766" lon="20.9245">
				<ele>707.38</ele>
				<time>2026-08-06T17:00:59.480Z</time>
			</trkpt>
			<trkpt lat="39.67587" lon="20.92439">
				<ele>705.7</ele>
				<time>2026-08-06T17:01:04.813Z</time>
			</trkpt>
			<trkpt lat="39.67565" lon="20.92438">
				<ele>706.55</ele>
				<time>2026-08-06T17:01:06.412Z</time>
			</trkpt>
			<trkpt lat="39.67542" lon="20.92444">
				<ele>708.73</ele>
				<time>2026-08-06T17:01:08.116Z</time>
			</trkpt>
			<trkpt lat="39.67517" lon="20.92459">
				<ele>711.38</ele>
				<time>2026-08-06T17:01:10.117Z</time>
			</trkpt>
			<trkpt lat="39.67509" lon="20.92466">
				<ele>712.91</ele>
				<time>2026-08-06T17:01:10.818Z</time>
			</trkpt>
			<trkpt lat="39.67492" lon="20.92488">
				<ele>716.98</ele>
				<time>2026-08-06T17:01:12.562Z</time>
			</trkpt>
			<trkpt lat="39.67483" lon="20.92511">
				<ele>718.44</ele>
				<time>2026-08-06T17:01:14.006Z</time>
			</trkpt>
			<trkpt lat="39.6748" lon="20.92538">
				<ele>720.36</ele>
				<time>2026-08-06T17:01:15.533Z</time>
			</trkpt>
			<trkpt lat="39.67477" lon="20.92629">
				<ele>727.15</ele>
				<time>2026-08-06T17:01:20.634Z</time>
			</trkpt>
			<trkpt lat="39.67474" lon="20.92642">
				<ele>728.98</ele>
				<time>2026-08-06T17:01:21.394Z</time>
			</trkpt>
			<trkpt lat="39.67466" lon="20.92656">
				<ele>729.33</ele>
				<time>2026-08-06T17:01:22.372Z</time>
			</trkpt>
			<trkpt lat="39.6745" lon="20.9267">
				<ele>729.32</ele>
				<time>2026-08-06T17:01:23.776Z</time>
			</trkpt>
			<trkpt lat="39.6738" lon="20.92713">
				<ele>728.3</ele>
				<time>2026-08-06T17:01:29.419Z</time>
			</trkpt>
			<trkpt lat="39.67361" lon="20.92734">
				<ele>729.15</ele>
				<time>2026-08-06T17:01:31.238Z</time>
			</trkpt>
			<trkpt lat="39.67347" lon="20.92758">
				<ele>730.19</ele>
				<time>2026-08-06T17:01:32.929Z</time>
			</trkpt>
			<trkpt lat="39.67335" lon="20.92786">
				<ele>730.56</ele>
				<time>2026-08-06T17:01:34.728Z</time>
			</trkpt>
			<trkpt lat="39.67324" lon="20.92822">
				<ele>733.39</ele>
				<time>2026-08-06T17:01:36.904Z</time>
			</trkpt>
			<trkpt lat="39.67315" lon="20.92859">
				<ele>735.95</ele>
				<time>2026-08-06T17:01:39.085Z</time>
			</trkpt>
			<trkpt lat="39.67309" lon="20.92903">
				<ele>736.82</ele>
				<time>2026-08-06T17:01:41.598Z</time>
			</trkpt>
			<trkpt lat="39.67303" lon="20.93131">
				<ele>752.09</ele>
				<time>2026-08-06T17:01:54.443Z</time>
			</trkpt>
			<trkpt lat="39.67304" lon="20.93156">
				<ele>751.86</ele>
				<time>2026-08-06T17:01:55.855Z</time>
			</trkpt>
			<trkpt lat="39.67312" lon="20.93208">
				<ele>751.32</ele>
				<time>2026-08-06T17:01:58.846Z</time>
			</trkpt>
			<trkpt lat="39.6732" lon="20.93238">
				<ele>752.18</ele>
				<time>2026-08-06T17:02:00.638Z</time>
			</trkpt>
			<trkpt lat="39.67338" lon="20.9329">
				<ele>757.11</ele>
				<time>2026-08-06T17:02:03.857Z</time>
			</trkpt>
			<trkpt lat="39.6736" lon="20.93342">
				<ele>761.51</ele>
				<time>2026-08-06T17:02:07.210Z</time>
			</trkpt>
			<trkpt lat="39.67391" lon="20.93423">
				<ele>764.18</ele>
				<time>2026-08-06T17:02:12.325Z</time>
			</trkpt>
			<trkpt lat="39.67396" lon="20.9344">
				<ele>766.18</ele>
				<time>2026-08-06T17:02:13.355Z</time>
			</trkpt>
			<trkpt lat="39.67419" lon="20.93575">
				<ele>774.56</ele>
				<time>2026-08-06T17:02:21.186Z</time>
			</trkpt>
			<trkpt lat="39.67451" lon="20.93688">
				<ele>775.78</ele>
				<time>2026-08-06T17:02:28.015Z</time>
			</trkpt>
			<trkpt lat="39.67493" lon="20.9381">
				<ele>789.91</ele>
				<time>2026-08-06T17:02:35.608Z</time>
			</trkpt>
			<trkpt lat="39.675" lon="20.93847">
				<ele>792.65</ele>
				<time>2026-08-06T17:02:37.775Z</time>
			</trkpt>
			<trkpt lat="39.67501" lon="20.93917">
				<ele>794.51</ele>
				<time>2026-08-06T17:02:41.760Z</time>
			</trkpt>
			<trkpt lat="39.67491" lon="20.93965">
				<ele>797.36</ele>
				<time>2026-08-06T17:02:44.592Z</time>
			</trkpt>
			<trkpt lat="39.67482" lon="20.93991">
				<ele>799.17</ele>
				<time>2026-08-06T17:02:46.216Z</time>
			</trkpt>
			<trkpt lat="39.67471" lon="20.94015">
				<ele>801.55</ele>
				<time>2026-08-06T17:02:47.809Z</time>
			</trkpt>
			<trkpt lat="39.6736" lon="20.9421">
				<ele>811.17</ele>
				<time>2026-08-06T17:03:01.659Z</time>
			</trkpt>
			<trkpt lat="39.67343" lon="20.94243">
				<ele>811.53</ele>
				<time>2026-08-06T17:03:03.931Z</time>
			</trkpt>
			<trkpt lat="39.67328" lon="20.94278">
				<ele>813.18</ele>
				<time>2026-08-06T17:03:06.224Z</time>
			</trkpt>
			<trkpt lat="39.67323" lon="20.94299">
				<ele>815.2</ele>
				<time>2026-08-06T17:03:07.483Z</time>
			</trkpt>
			<trkpt lat="39.67323" lon="20.9432">
				<ele>818.02</ele>
				<time>2026-08-06T17:03:08.686Z</time>
			</trkpt>
			<trkpt lat="39.67325" lon="20.94335">
				<ele>820.52</ele>
				<time>2026-08-06T17:03:09.559Z</time>
			</trkpt>
			<trkpt lat="39.6734" lon="20.94403">
				<ele>823.29</ele>
				<time>2026-08-06T17:03:13.615Z</time>
			</trkpt>
			<trkpt lat="39.67349" lon="20.94458">
				<ele>821.41</ele>
				<time>2026-08-06T17:03:16.842Z</time>
			</trkpt>
			<trkpt lat="39.67349" lon="20.94483">
				<ele>823.82</ele>
				<time>2026-08-06T17:03:18.277Z</time>
			</trkpt>
			<trkpt lat="39.67347" lon="20.94506">
				<ele>826.07</ele>
				<time>2026-08-06T17:03:19.607Z</time>
			</trkpt>
			<trkpt lat="39.6734" lon="20.94539">
				<ele>827.23</ele>
				<time>2026-08-06T17:03:21.574Z</time>
			</trkpt>
			<trkpt lat="39.6732" lon="20.94583">
				<ele>830.34</ele>
				<time>2026-08-06T17:03:24.512Z</time>
			</trkpt>
			<trkpt lat="39.67304" lon="20.94605">
				<ele>834.66</ele>
				<time>2026-08-06T17:03:26.254Z</time>
			</trkpt>
			<trkpt lat="39.67294" lon="20.94614">
				<ele>835.8</ele>
				<time>2026-08-06T17:03:27.163Z</time>
			</trkpt>
			<trkpt lat="39.67242" lon="20.9465">
				<ele>837.43</ele>
				<time>2026-08-06T17:03:31.572Z</time>
			</trkpt>
			<trkpt lat="39.67227" lon="20.94666">
				<ele>839.16</ele>
				<time>2026-08-06T17:03:33.025Z</time>
			</trkpt>
			<trkpt lat="39.67216" lon="20.94688">
				<ele>840.22</ele>
				<time>2026-08-06T17:03:34.538Z</time>
			</trkpt>
			<trkpt lat="39.67214" lon="20.947">
				<ele>840.65</ele>
				<time>2026-08-06T17:03:35.246Z</time>
			</trkpt>
			<trkpt lat="39.67214" lon="20.94727">
				<ele>841.25</ele>
				<time>2026-08-06T17:03:36.804Z</time>
			</trkpt>
			<trkpt lat="39.67223" lon="20.94751">
				<ele>843.12</ele>
				<time>2026-08-06T17:03:38.345Z</time>
			</trkpt>
			<trkpt lat="39.67232" lon="20.94764">
				<ele>843.16</ele>
				<time>2026-08-06T17:03:39.354Z</time>
			</trkpt>
			<trkpt lat="39.67244" lon="20.94776">
				<ele>844.03</ele>
				<time>2026-08-06T17:03:40.490Z</time>
			</trkpt>
			<trkpt lat="39.67357" lon="20.94835">
				<ele>850.15</ele>
				<time>2026-08-06T17:03:49.640Z</time>
			</trkpt>
			<trkpt lat="39.67385" lon="20.94852">
				<ele>849.14</ele>
				<time>2026-08-06T17:03:51.966Z</time>
			</trkpt>
			<trkpt lat="39.67392" lon="20.94861">
				<ele>848.74</ele>
				<time>2026-08-06T17:03:52.707Z</time>
			</trkpt>
			<trkpt lat="39.67397" lon="20.94869">
				<ele>848.92</ele>
				<time>2026-08-06T17:03:53.304Z</time>
			</trkpt>
			<trkpt lat="39.67401" lon="20.9488">
				<ele>848.58</ele>
				<time>2026-08-06T17:03:54.009Z</time>
			</trkpt>
			<trkpt lat="39.67404" lon="20.94895">
				<ele>848.6</ele>
				<time>2026-08-06T17:03:54.908Z</time>
			</trkpt>
			<trkpt lat="39.67404" lon="20.94907">
				<ele>849.34</ele>
				<time>2026-08-06T17:03:55.603Z</time>
			</trkpt>
			<trkpt lat="39.67402" lon="20.94924">
				<ele>851.17</ele>
				<time>2026-08-06T17:03:56.601Z</time>
			</trkpt>
			<trkpt lat="39.67395" lon="20.94942">
				<ele>853.1</ele>
				<time>2026-08-06T17:03:57.771Z</time>
			</trkpt>
			<trkpt lat="39.67386" lon="20.94956">
				<ele>853.31</ele>
				<time>2026-08-06T17:03:58.829Z</time>
			</trkpt>
			<trkpt lat="39.67357" lon="20.94992">
				<ele>854.43</ele>
				<time>2026-08-06T17:04:01.855Z</time>
			</trkpt>
			<trkpt lat="39.67337" lon="20.95015">
				<ele>857.06</ele>
				<time>2026-08-06T17:04:03.872Z</time>
			</trkpt>
			<trkpt lat="39.67304" lon="20.95062">
				<ele>859.84</ele>
				<time>2026-08-06T17:04:07.571Z</time>
			</trkpt>
			<trkpt lat="39.67298" lon="20.95073">
				<ele>860.26</ele>
				<time>2026-08-06T17:04:08.355Z</time>
			</trkpt>
			<trkpt lat="39.67293" lon="20.95089">
				<ele>861.44</ele>
				<time>2026-08-06T17:04:09.361Z</time>
			</trkpt>
			<trkpt lat="39.67291" lon="20.95101">
				<ele>862.3</ele>
				<time>2026-08-06T17:04:10.075Z</time>
			</trkpt>
			<trkpt lat="39.6729" lon="20.95118">
				<ele>863.78</ele>
				<time>2026-08-06T17:04:11.068Z</time>
			</trkpt>
			<trkpt lat="39.67291" lon="20.95131">
				<ele>864.93</ele>
				<time>2026-08-06T17:04:11.829Z</time>
			</trkpt>
			<trkpt lat="39.67295" lon="20.95147">
				<ele>864.92</ele>
				<time>2026-08-06T17:04:12.809Z</time>
			</trkpt>
			<trkpt lat="39.67308" lon="20.95169">
				<ele>863.29</ele>
				<time>2026-08-06T17:04:14.425Z</time>
			</trkpt>
			<trkpt lat="39.67318" lon="20.95178">
				<ele>861.13</ele>
				<time>2026-08-06T17:04:15.347Z</time>
			</trkpt>
			<trkpt lat="39.67327" lon="20.95183">
				<ele>860.39</ele>
				<time>2026-08-06T17:04:16.088Z</time>
			</trkpt>
			<trkpt lat="39.67337" lon="20.95186">
				<ele>861.39</ele>
				<time>2026-08-06T17:04:16.866Z</time>
			</trkpt>
			<trkpt lat="39.67357" lon="20.95187">
				<ele>866.55</ele>
				<time>2026-08-06T17:04:18.383Z</time>
			</trkpt>
			<trkpt lat="39.67402" lon="20.95178">
				<ele>870.13</ele>
				<time>2026-08-06T17:04:21.837Z</time>
			</trkpt>
			<trkpt lat="39.67433" lon="20.95169">
				<ele>870.55</ele>
				<time>2026-08-06T17:04:24.249Z</time>
			</trkpt>
			<trkpt lat="39.6745" lon="20.95169">
				<ele>871.48</ele>
				<time>2026-08-06T17:04:25.540Z</time>
			</trkpt>
			<trkpt lat="39.67465" lon="20.95177">
				<ele>872.26</ele>
				<time>2026-08-06T17:04:26.772Z</time>
			</trkpt>
			<trkpt lat="39.67473" lon="20.95183">
				<ele>871.98</ele>
				<time>2026-08-06T17:04:27.474Z</time>
			</trkpt>
			<trkpt lat="39.67481" lon="20.95192">
				<ele>871.71</ele>
				<time>2026-08-06T17:04:28.278Z</time>
			</trkpt>
			<trkpt lat="39.67489" lon="20.95209">
				<ele>874.01</ele>
				<time>2026-08-06T17:04:29.445Z</time>
			</trkpt>
			<trkpt lat="39.67491" lon="20.95229">
				<ele>876.9</ele>
				<time>2026-08-06T17:04:30.626Z</time>
			</trkpt>
			<trkpt lat="39.67487" lon="20.9525">
				<ele>878.71</ele>
				<time>2026-08-06T17:04:31.893Z</time>
			</trkpt>
			<trkpt lat="39.67483" lon="20.95264">
				<ele>879.42</ele>
				<time>2026-08-06T17:04:32.768Z</time>
			</trkpt>
			<trkpt lat="39.67455" lon="20.95323">
				<ele>877.37</ele>
				<time>2026-08-06T17:04:36.832Z</time>
			</trkpt>
			<trkpt lat="39.67448" lon="20.95354">
				<ele>877.84</ele>
				<time>2026-08-06T17:04:38.727Z</time>
			</trkpt>
			<trkpt lat="39.67447" lon="20.95381">
				<ele>879.05</ele>
				<time>2026-08-06T17:04:40.314Z</time>
			</trkpt>
			<trkpt lat="39.6745" lon="20.95397">
				<ele>880.1</ele>
				<time>2026-08-06T17:04:41.282Z</time>
			</trkpt>
			<trkpt lat="39.67459" lon="20.95417">
				<ele>883.46</ele>
				<time>2026-08-06T17:04:42.643Z</time>
			</trkpt>
			<trkpt lat="39.67465" lon="20.95425">
				<ele>884.89</ele>
				<time>2026-08-06T17:04:43.299Z</time>
			</trkpt>
			<trkpt lat="39.67481" lon="20.95439">
				<ele>887.86</ele>
				<time>2026-08-06T17:04:44.773Z</time>
			</trkpt>
			<trkpt lat="39.67533" lon="20.95462">
				<ele>892.13</ele>
				<time>2026-08-06T17:04:48.972Z</time>
			</trkpt>
			<trkpt lat="39.67605" lon="20.9549">
				<ele>895.93</ele>
				<time>2026-08-06T17:04:54.726Z</time>
			</trkpt>
			<trkpt lat="39.67631" lon="20.95504">
				<ele>899.64</ele>
				<time>2026-08-06T17:04:56.883Z</time>
			</trkpt>
			<trkpt lat="39.67646" lon="20.95519">
				<ele>900.46</ele>
				<time>2026-08-06T17:04:58.335Z</time>
			</trkpt>
			<trkpt lat="39.67655" lon="20.95531">
				<ele>901.27</ele>
				<time>2026-08-06T17:04:59.324Z</time>
			</trkpt>
			<trkpt lat="39.67665" lon="20.95557">
				<ele>904.25</ele>
				<time>2026-08-06T17:05:01.041Z</time>
			</trkpt>
			<trkpt lat="39.67682" lon="20.95625">
				<ele>914.84</ele>
				<time>2026-08-06T17:05:05.269Z</time>
			</trkpt>
			<trkpt lat="39.67692" lon="20.95668">
				<ele>908.9</ele>
				<time>2026-08-06T17:05:07.928Z</time>
			</trkpt>
			<trkpt lat="39.67693" lon="20.95689">
				<ele>905.67</ele>
				<time>2026-08-06T17:05:09.174Z</time>
			</trkpt>
			<trkpt lat="39.67693" lon="20.95716">
				<ele>903.92</ele>
				<time>2026-08-06T17:05:10.773Z</time>
			</trkpt>
			<trkpt lat="39.67688" lon="20.95742">
				<ele>907.59</ele>
				<time>2026-08-06T17:05:12.362Z</time>
			</trkpt>
			<trkpt lat="39.67681" lon="20.95757">
				<ele>909.72</ele>
				<time>2026-08-06T17:05:13.402Z</time>
			</trkpt>
			<trkpt lat="39.67664" lon="20.95786">
				<ele>911.5</ele>
				<time>2026-08-06T17:05:15.565Z</time>
			</trkpt>
			<trkpt lat="39.67646" lon="20.95808">
				<ele>909.83</ele>
				<time>2026-08-06T17:05:17.472Z</time>
			</trkpt>
			<trkpt lat="39.67629" lon="20.95818">
				<ele>910.29</ele>
				<time>2026-08-06T17:05:18.912Z</time>
			</trkpt>
			<trkpt lat="39.67616" lon="20.95823">
				<ele>910.73</ele>
				<time>2026-08-06T17:05:19.959Z</time>
			</trkpt>
			<trkpt lat="39.67541" lon="20.95831">
				<ele>914.52</ele>
				<time>2026-08-06T17:05:25.775Z</time>
			</trkpt>
			<trkpt lat="39.67527" lon="20.9584">
				<ele>914.09</ele>
				<time>2026-08-06T17:05:26.984Z</time>
			</trkpt>
			<trkpt lat="39.67519" lon="20.95848">
				<ele>913.86</ele>
				<time>2026-08-06T17:05:27.765Z</time>
			</trkpt>
			<trkpt lat="39.67515" lon="20.95856">
				<ele>913.83</ele>
				<time>2026-08-06T17:05:28.334Z</time>
			</trkpt>
			<trkpt lat="39.67508" lon="20.95879">
				<ele>914.14</ele>
				<time>2026-08-06T17:05:29.808Z</time>
			</trkpt>
			<trkpt lat="39.67509" lon="20.95904">
				<ele>915.7</ele>
				<time>2026-08-06T17:05:31.301Z</time>
			</trkpt>
			<trkpt lat="39.67517" lon="20.95932">
				<ele>919.33</ele>
				<time>2026-08-06T17:05:33.083Z</time>
			</trkpt>
			<trkpt lat="39.67553" lon="20.9602">
				<ele>926.14</ele>
				<time>2026-08-06T17:05:39.036Z</time>
			</trkpt>
			<trkpt lat="39.6756" lon="20.96043">
				<ele>926.73</ele>
				<time>2026-08-06T17:05:40.516Z</time>
			</trkpt>
			<trkpt lat="39.67562" lon="20.96054">
				<ele>926.49</ele>
				<time>2026-08-06T17:05:41.192Z</time>
			</trkpt>
			<trkpt lat="39.67561" lon="20.96083">
				<ele>924.59</ele>
				<time>2026-08-06T17:05:42.930Z</time>
			</trkpt>
			<trkpt lat="39.67554" lon="20.96192">
				<ele>922.48</ele>
				<time>2026-08-06T17:05:49.485Z</time>
			</trkpt>
			<trkpt lat="39.67559" lon="20.9624">
				<ele>920.07</ele>
				<time>2026-08-06T17:05:52.393Z</time>
			</trkpt>
			<trkpt lat="39.67563" lon="20.96252">
				<ele>919.32</ele>
				<time>2026-08-06T17:05:53.178Z</time>
			</trkpt>
			<trkpt lat="39.67571" lon="20.96267">
				<ele>918.23</ele>
				<time>2026-08-06T17:05:54.275Z</time>
			</trkpt>
			<trkpt lat="39.6759" lon="20.96284">
				<ele>916.32</ele>
				<time>2026-08-06T17:05:56.077Z</time>
			</trkpt>
			<trkpt lat="39.67598" lon="20.96289">
				<ele>915.49</ele>
				<time>2026-08-06T17:05:56.770Z</time>
			</trkpt>
			<trkpt lat="39.67608" lon="20.96292">
				<ele>915.39</ele>
				<time>2026-08-06T17:05:57.572Z</time>
			</trkpt>
			<trkpt lat="39.67619" lon="20.96293">
				<ele>915.43</ele>
				<time>2026-08-06T17:05:58.434Z</time>
			</trkpt>
			<trkpt lat="39.67644" lon="20.96287">
				<ele>914.75</ele>
				<time>2026-08-06T17:06:00.423Z</time>
			</trkpt>
			<trkpt lat="39.67712" lon="20.96248">
				<ele>912.9</ele>
				<time>2026-08-06T17:06:06.243Z</time>
			</trkpt>
			<trkpt lat="39.67756" lon="20.96217">
				<ele>911.88</ele>
				<time>2026-08-06T17:06:10.170Z</time>
			</trkpt>
			<trkpt lat="39.67779" lon="20.96192">
				<ele>912.95</ele>
				<time>2026-08-06T17:06:12.524Z</time>
			</trkpt>
			<trkpt lat="39.67803" lon="20.96153">
				<ele>914.95</ele>
				<time>2026-08-06T17:06:15.545Z</time>
			</trkpt>
			<trkpt lat="39.6782" lon="20.96134">
				<ele>913.43</ele>
				<time>2026-08-06T17:06:17.308Z</time>
			</trkpt>
			<trkpt lat="39.6783" lon="20.96129">
				<ele>911.78</ele>
				<time>2026-08-06T17:06:18.151Z</time>
			</trkpt>
			<trkpt lat="39.67839" lon="20.96126">
				<ele>911.05</ele>
				<time>2026-08-06T17:06:18.883Z</time>
			</trkpt>
			<trkpt lat="39.67859" lon="20.96127">
				<ele>908.91</ele>
				<time>2026-08-06T17:06:20.459Z</time>
			</trkpt>
			<trkpt lat="39.67876" lon="20.96135">
				<ele>908.09</ele>
				<time>2026-08-06T17:06:21.883Z</time>
			</trkpt>
			<trkpt lat="39.67893" lon="20.96152">
				<ele>906.29</ele>
				<time>2026-08-06T17:06:23.574Z</time>
			</trkpt>
			<trkpt lat="39.67901" lon="20.96162">
				<ele>905.49</ele>
				<time>2026-08-06T17:06:24.450Z</time>
			</trkpt>
			<trkpt lat="39.67933" lon="20.9621">
				<ele>904.58</ele>
				<time>2026-08-06T17:06:28.307Z</time>
			</trkpt>
			<trkpt lat="39.67958" lon="20.96252">
				<ele>903.14</ele>
				<time>2026-08-06T17:06:31.536Z</time>
			</trkpt>
			<trkpt lat="39.68012" lon="20.96333">
				<ele>898.53</ele>
				<time>2026-08-06T17:06:38.064Z</time>
			</trkpt>
			<trkpt lat="39.68035" lon="20.96375">
				<ele>898.2</ele>
				<time>2026-08-06T17:06:41.209Z</time>
			</trkpt>
			<trkpt lat="39.68041" lon="20.96395">
				<ele>898.6</ele>
				<time>2026-08-06T17:06:42.520Z</time>
			</trkpt>
			<trkpt lat="39.68053" lon="20.96442">
				<ele>899.32</ele>
				<time>2026-08-06T17:06:45.546Z</time>
			</trkpt>
			<trkpt lat="39.68056" lon="20.96485">
				<ele>895.75</ele>
				<time>2026-08-06T17:06:48.187Z</time>
			</trkpt>
			<trkpt lat="39.68056" lon="20.96511">
				<ele>891.94</ele>
				<time>2026-08-06T17:06:49.778Z</time>
			</trkpt>
			<trkpt lat="39.68052" lon="20.9654">
				<ele>890.33</ele>
				<time>2026-08-06T17:06:51.583Z</time>
			</trkpt>
			<trkpt lat="39.68043" lon="20.9659">
				<ele>885.32</ele>
				<time>2026-08-06T17:06:54.731Z</time>
			</trkpt>
			<trkpt lat="39.6804" lon="20.96614">
				<ele>882.33</ele>
				<time>2026-08-06T17:06:56.223Z</time>
			</trkpt>
			<trkpt lat="39.68041" lon="20.96636">
				<ele>880.01</ele>
				<time>2026-08-06T17:06:57.576Z</time>
			</trkpt>
			<trkpt lat="39.68049" lon="20.96666">
				<ele>878.84</ele>
				<time>2026-08-06T17:06:59.526Z</time>
			</trkpt>
			<trkpt lat="39.68056" lon="20.96676">
				<ele>877.34</ele>
				<time>2026-08-06T17:07:00.356Z</time>
			</trkpt>
			<trkpt lat="39.68064" lon="20.96683">
				<ele>875.37</ele>
				<time>2026-08-06T17:07:01.127Z</time>
			</trkpt>
			<trkpt lat="39.68075" lon="20.96689">
				<ele>874.11</ele>
				<time>2026-08-06T17:07:02.080Z</time>
			</trkpt>
			<trkpt lat="39.68116" lon="20.96691">
				<ele>869.99</ele>
				<time>2026-08-06T17:07:05.360Z</time>
			</trkpt>
			<trkpt lat="39.68138" lon="20.96685">
				<ele>870.98</ele>
				<time>2026-08-06T17:07:07.159Z</time>
			</trkpt>
			<trkpt lat="39.68194" lon="20.96657">
				<ele>880.77</ele>
				<time>2026-08-06T17:07:11.966Z</time>
			</trkpt>
			<trkpt lat="39.68207" lon="20.96654">
				<ele>878.59</ele>
				<time>2026-08-06T17:07:13.025Z</time>
			</trkpt>
			<trkpt lat="39.68246" lon="20.96656">
				<ele>870.76</ele>
				<time>2026-08-06T17:07:16.158Z</time>
			</trkpt>
			<trkpt lat="39.68263" lon="20.96653">
				<ele>868.28</ele>
				<time>2026-08-06T17:07:17.536Z</time>
			</trkpt>
			<trkpt lat="39.68274" lon="20.96647">
				<ele>867.05</ele>
				<time>2026-08-06T17:07:18.495Z</time>
			</trkpt>
			<trkpt lat="39.68285" lon="20.96639">
				<ele>866.55</ele>
				<time>2026-08-06T17:07:19.508Z</time>
			</trkpt>
			<trkpt lat="39.68292" lon="20.96627">
				<ele>864.59</ele>
				<time>2026-08-06T17:07:20.440Z</time>
			</trkpt>
			<trkpt lat="39.68297" lon="20.966">
				<ele>861.7</ele>
				<time>2026-08-06T17:07:22.160Z</time>
			</trkpt>
			<trkpt lat="39.68296" lon="20.96573">
				<ele>861.42</ele>
				<time>2026-08-06T17:07:23.835Z</time>
			</trkpt>
			<trkpt lat="39.68287" lon="20.96535">
				<ele>863.09</ele>
				<time>2026-08-06T17:07:26.300Z</time>
			</trkpt>
			<trkpt lat="39.68276" lon="20.96493">
				<ele>863.76</ele>
				<time>2026-08-06T17:07:29.053Z</time>
			</trkpt>
			<trkpt lat="39.68267" lon="20.96449">
				<ele>862.74</ele>
				<time>2026-08-06T17:07:31.882Z</time>
			</trkpt>
			<trkpt lat="39.68269" lon="20.96399">
				<ele>859.25</ele>
				<time>2026-08-06T17:07:34.996Z</time>
			</trkpt>
			<trkpt lat="39.68273" lon="20.96359">
				<ele>856.59</ele>
				<time>2026-08-06T17:07:37.507Z</time>
			</trkpt>
			<trkpt lat="39.68281" lon="20.96324">
				<ele>853.76</ele>
				<time>2026-08-06T17:07:39.782Z</time>
			</trkpt>
			<trkpt lat="39.68302" lon="20.96271">
				<ele>846.67</ele>
				<time>2026-08-06T17:07:43.500Z</time>
			</trkpt>
			<trkpt lat="39.68307" lon="20.96254">
				<ele>845.19</ele>
				<time>2026-08-06T17:07:44.637Z</time>
			</trkpt>
			<trkpt lat="39.68309" lon="20.96235">
				<ele>842.15</ele>
				<time>2026-08-06T17:07:45.834Z</time>
			</trkpt>
			<trkpt lat="39.68307" lon="20.96216">
				<ele>840.69</ele>
				<time>2026-08-06T17:07:47.033Z</time>
			</trkpt>
			<trkpt lat="39.68297" lon="20.9617">
				<ele>843.52</ele>
				<time>2026-08-06T17:07:50.022Z</time>
			</trkpt>
			<trkpt lat="39.68277" lon="20.96116">
				<ele>842.99</ele>
				<time>2026-08-06T17:07:53.774Z</time>
			</trkpt>
			<trkpt lat="39.68265" lon="20.96075">
				<ele>845.97</ele>
				<time>2026-08-06T17:07:56.524Z</time>
			</trkpt>
			<trkpt lat="39.68262" lon="20.9605">
				<ele>845.77</ele>
				<time>2026-08-06T17:07:58.112Z</time>
			</trkpt>
			<trkpt lat="39.68263" lon="20.96027">
				<ele>841.38</ele>
				<time>2026-08-06T17:07:59.558Z</time>
			</trkpt>
			<trkpt lat="39.68273" lon="20.96007">
				<ele>834.76</ele>
				<time>2026-08-06T17:08:01.056Z</time>
			</trkpt>
			<trkpt lat="39.68292" lon="20.95989">
				<ele>832.31</ele>
				<time>2026-08-06T17:08:02.976Z</time>
			</trkpt>
			<trkpt lat="39.68314" lon="20.95985">
				<ele>834.18</ele>
				<time>2026-08-06T17:08:04.792Z</time>
			</trkpt>
			<trkpt lat="39.68329" lon="20.95988">
				<ele>836.48</ele>
				<time>2026-08-06T17:08:06.033Z</time>
			</trkpt>
			<trkpt lat="39.68344" lon="20.95995">
				<ele>839.04</ele>
				<time>2026-08-06T17:08:07.337Z</time>
			</trkpt>
			<trkpt lat="39.68406" lon="20.96056">
				<ele>840.97</ele>
				<time>2026-08-06T17:08:13.708Z</time>
			</trkpt>
			<trkpt lat="39.68423" lon="20.96079">
				<ele>838.57</ele>
				<time>2026-08-06T17:08:15.722Z</time>
			</trkpt>
			<trkpt lat="39.68435" lon="20.96105">
				<ele>839.55</ele>
				<time>2026-08-06T17:08:17.638Z</time>
			</trkpt>
			<trkpt lat="39.68448" lon="20.96158">
				<ele>838.19</ele>
				<time>2026-08-06T17:08:21.157Z</time>
			</trkpt>
			<trkpt lat="39.68456" lon="20.96181">
				<ele>835.84</ele>
				<time>2026-08-06T17:08:22.755Z</time>
			</trkpt>
			<trkpt lat="39.68466" lon="20.96199">
				<ele>835.39</ele>
				<time>2026-08-06T17:08:24.162Z</time>
			</trkpt>
			<trkpt lat="39.68489" lon="20.96226">
				<ele>839.44</ele>
				<time>2026-08-06T17:08:26.716Z</time>
			</trkpt>
			<trkpt lat="39.68497" lon="20.9624">
				<ele>839.53</ele>
				<time>2026-08-06T17:08:27.822Z</time>
			</trkpt>
			<trkpt lat="39.68502" lon="20.96261">
				<ele>838.36</ele>
				<time>2026-08-06T17:08:29.217Z</time>
			</trkpt>
			<trkpt lat="39.68521" lon="20.96353">
				<ele>829.54</ele>
				<time>2026-08-06T17:08:35.273Z</time>
			</trkpt>
			<trkpt lat="39.68529" lon="20.96405">
				<ele>824.63</ele>
				<time>2026-08-06T17:08:38.650Z</time>
			</trkpt>
			<trkpt lat="39.68537" lon="20.96439">
				<ele>822.83</ele>
				<time>2026-08-06T17:08:40.916Z</time>
			</trkpt>
			<trkpt lat="39.68547" lon="20.96461">
				<ele>822.04</ele>
				<time>2026-08-06T17:08:42.546Z</time>
			</trkpt>
			<trkpt lat="39.68552" lon="20.96469">
				<ele>822.18</ele>
				<time>2026-08-06T17:08:43.204Z</time>
			</trkpt>
			<trkpt lat="39.68559" lon="20.96477">
				<ele>822.33</ele>
				<time>2026-08-06T17:08:43.978Z</time>
			</trkpt>
			<trkpt lat="39.68575" lon="20.9649">
				<ele>821.24</ele>
				<time>2026-08-06T17:08:45.544Z</time>
			</trkpt>
			<trkpt lat="39.6859" lon="20.96498">
				<ele>820.02</ele>
				<time>2026-08-06T17:08:46.890Z</time>
			</trkpt>
			<trkpt lat="39.68696" lon="20.96545">
				<ele>817.13</ele>
				<time>2026-08-06T17:08:56.211Z</time>
			</trkpt>
			<trkpt lat="39.68707" lon="20.96548">
				<ele>817.6</ele>
				<time>2026-08-06T17:08:57.148Z</time>
			</trkpt>
			<trkpt lat="39.68732" lon="20.96549">
				<ele>816.55</ele>
				<time>2026-08-06T17:08:59.235Z</time>
			</trkpt>
			<trkpt lat="39.68758" lon="20.96548">
				<ele>810.33</ele>
				<time>2026-08-06T17:09:01.406Z</time>
			</trkpt>
			<trkpt lat="39.68765" lon="20.96546">
				<ele>808.57</ele>
				<time>2026-08-06T17:09:02.005Z</time>
			</trkpt>
			<trkpt lat="39.68778" lon="20.96537">
				<ele>806.08</ele>
				<time>2026-08-06T17:09:03.236Z</time>
			</trkpt>
			<trkpt lat="39.6879" lon="20.9652">
				<ele>805.18</ele>
				<time>2026-08-06T17:09:04.721Z</time>
			</trkpt>
			<trkpt lat="39.68795" lon="20.96508">
				<ele>803.99</ele>
				<time>2026-08-06T17:09:05.599Z</time>
			</trkpt>
			<trkpt lat="39.68799" lon="20.96492">
				<ele>802.41</ele>
				<time>2026-08-06T17:09:06.683Z</time>
			</trkpt>
			<trkpt lat="39.68809" lon="20.96423">
				<ele>794.15</ele>
				<time>2026-08-06T17:09:11.209Z</time>
			</trkpt>
			<trkpt lat="39.68815" lon="20.96405">
				<ele>792.97</ele>
				<time>2026-08-06T17:09:12.475Z</time>
			</trkpt>
			<trkpt lat="39.68827" lon="20.96388">
				<ele>786.84</ele>
				<time>2026-08-06T17:09:13.965Z</time>
			</trkpt>
			<trkpt lat="39.68836" lon="20.9638">
				<ele>782.93</ele>
				<time>2026-08-06T17:09:14.881Z</time>
			</trkpt>
			<trkpt lat="39.68848" lon="20.96375">
				<ele>782.1</ele>
				<time>2026-08-06T17:09:15.939Z</time>
			</trkpt>
			<trkpt lat="39.68864" lon="20.96373">
				<ele>782.66</ele>
				<time>2026-08-06T17:09:17.290Z</time>
			</trkpt>
			<trkpt lat="39.68879" lon="20.96374">
				<ele>787.45</ele>
				<time>2026-08-06T17:09:18.552Z</time>
			</trkpt>
			<trkpt lat="39.68896" lon="20.96383">
				<ele>789.55</ele>
				<time>2026-08-06T17:09:20.097Z</time>
			</trkpt>
			<trkpt lat="39.68919" lon="20.96398">
				<ele>790.32</ele>
				<time>2026-08-06T17:09:22.263Z</time>
			</trkpt>
			<trkpt lat="39.68944" lon="20.96403">
				<ele>790.33</ele>
				<time>2026-08-06T17:09:24.394Z</time>
			</trkpt>
			<trkpt lat="39.68953" lon="20.96401">
				<ele>790.78</ele>
				<time>2026-08-06T17:09:25.164Z</time>
			</trkpt>
			<trkpt lat="39.68965" lon="20.96394">
				<ele>792.45</ele>
				<time>2026-08-06T17:09:26.273Z</time>
			</trkpt>
			<trkpt lat="39.6899" lon="20.96371">
				<ele>796.03</ele>
				<time>2026-08-06T17:09:28.858Z</time>
			</trkpt>
			<trkpt lat="39.69021" lon="20.96347">
				<ele>798.3</ele>
				<time>2026-08-06T17:09:31.906Z</time>
			</trkpt>
			<trkpt lat="39.69038" lon="20.96343">
				<ele>796.78</ele>
				<time>2026-08-06T17:09:33.367Z</time>
			</trkpt>
			<trkpt lat="39.69051" lon="20.96342">
				<ele>794.34</ele>
				<time>2026-08-06T17:09:34.469Z</time>
			</trkpt>
			<trkpt lat="39.69064" lon="20.96345">
				<ele>789.43</ele>
				<time>2026-08-06T17:09:35.587Z</time>
			</trkpt>
			<trkpt lat="39.69104" lon="20.96357">
				<ele>778.98</ele>
				<time>2026-08-06T17:09:39.064Z</time>
			</trkpt>
			<trkpt lat="39.69114" lon="20.96366">
				<ele>776.51</ele>
				<time>2026-08-06T17:09:40.096Z</time>
			</trkpt>
			<trkpt lat="39.69121" lon="20.96374">
				<ele>774.6</ele>
				<time>2026-08-06T17:09:40.886Z</time>
			</trkpt>
			<trkpt lat="39.6913" lon="20.96388">
				<ele>772.14</ele>
				<time>2026-08-06T17:09:42.078Z</time>
			</trkpt>
			<trkpt lat="39.69134" lon="20.96403">
				<ele>771.24</ele>
				<time>2026-08-06T17:09:43.115Z</time>
			</trkpt>
			<trkpt lat="39.69134" lon="20.9642">
				<ele>770.47</ele>
				<time>2026-08-06T17:09:44.226Z</time>
			</trkpt>
			<trkpt lat="39.6913" lon="20.96441">
				<ele>771.42</ele>
				<time>2026-08-06T17:09:45.640Z</time>
			</trkpt>
			<trkpt lat="39.69123" lon="20.96455">
				<ele>772.05</ele>
				<time>2026-08-06T17:09:46.732Z</time>
			</trkpt>
			<trkpt lat="39.69112" lon="20.9647">
				<ele>771.21</ele>
				<time>2026-08-06T17:09:48.089Z</time>
			</trkpt>
			<trkpt lat="39.69086" lon="20.96498">
				<ele>769.88</ele>
				<time>2026-08-06T17:09:50.963Z</time>
			</trkpt>
			<trkpt lat="39.69079" lon="20.96508">
				<ele>769.36</ele>
				<time>2026-08-06T17:09:51.849Z</time>
			</trkpt>
			<trkpt lat="39.69072" lon="20.96519">
				<ele>769.14</ele>
				<time>2026-08-06T17:09:52.785Z</time>
			</trkpt>
			<trkpt lat="39.69059" lon="20.96552">
				<ele>768.58</ele>
				<time>2026-08-06T17:09:55.218Z</time>
			</trkpt>
			<trkpt lat="39.69056" lon="20.96567">
				<ele>767.37</ele>
				<time>2026-08-06T17:09:56.236Z</time>
			</trkpt>
			<trkpt lat="39.69054" lon="20.96591">
				<ele>766.16</ele>
				<time>2026-08-06T17:09:57.822Z</time>
			</trkpt>
			<trkpt lat="39.69054" lon="20.96701">
				<ele>764.9</ele>
				<time>2026-08-06T17:10:05.062Z</time>
			</trkpt>
			<trkpt lat="39.69052" lon="20.96791">
				<ele>763.88</ele>
				<time>2026-08-06T17:10:11.003Z</time>
			</trkpt>
			<trkpt lat="39.6905" lon="20.96828">
				<ele>759.48</ele>
				<time>2026-08-06T17:10:13.455Z</time>
			</trkpt>
			<trkpt lat="39.69051" lon="20.9688">
				<ele>758.46</ele>
				<time>2026-08-06T17:10:16.897Z</time>
			</trkpt>
			<trkpt lat="39.69056" lon="20.96898">
				<ele>758.16</ele>
				<time>2026-08-06T17:10:18.165Z</time>
			</trkpt>
			<trkpt lat="39.69072" lon="20.96924">
				<ele>755.31</ele>
				<time>2026-08-06T17:10:20.372Z</time>
			</trkpt>
			<trkpt lat="39.69091" lon="20.96936">
				<ele>751.87</ele>
				<time>2026-08-06T17:10:22.193Z</time>
			</trkpt>
			<trkpt lat="39.69149" lon="20.96952">
				<ele>743.09</ele>
				<time>2026-08-06T17:10:27.312Z</time>
			</trkpt>
			<trkpt lat="39.69162" lon="20.96952">
				<ele>743.51</ele>
				<time>2026-08-06T17:10:28.436Z</time>
			</trkpt>
			<trkpt lat="39.69191" lon="20.96943">
				<ele>744.37</ele>
				<time>2026-08-06T17:10:31.015Z</time>
			</trkpt>
			<trkpt lat="39.69206" lon="20.96935">
				<ele>743.41</ele>
				<time>2026-08-06T17:10:32.419Z</time>
			</trkpt>
			<trkpt lat="39.69226" lon="20.96918">
				<ele>743.45</ele>
				<time>2026-08-06T17:10:34.489Z</time>
			</trkpt>
			<trkpt lat="39.69237" lon="20.96905">
				<ele>743.91</ele>
				<time>2026-08-06T17:10:35.778Z</time>
			</trkpt>
			<trkpt lat="39.69279" lon="20.96845">
				<ele>747.08</ele>
				<time>2026-08-06T17:10:41.197Z</time>
			</trkpt>
			<trkpt lat="39.6931" lon="20.96805">
				<ele>744.39</ele>
				<time>2026-08-06T17:10:44.996Z</time>
			</trkpt>
			<trkpt lat="39.69317" lon="20.96798">
				<ele>742.08</ele>
				<time>2026-08-06T17:10:45.765Z</time>
			</trkpt>
			<trkpt lat="39.6933" lon="20.96791">
				<ele>738.19</ele>
				<time>2026-08-06T17:10:46.991Z</time>
			</trkpt>
			<trkpt lat="39.69356" lon="20.96788">
				<ele>735.28</ele>
				<time>2026-08-06T17:10:49.266Z</time>
			</trkpt>
			<trkpt lat="39.69377" lon="20.96793">
				<ele>734.61</ele>
				<time>2026-08-06T17:10:51.128Z</time>
			</trkpt>
			<trkpt lat="39.69411" lon="20.96807">
				<ele>729.11</ele>
				<time>2026-08-06T17:10:54.242Z</time>
			</trkpt>
			<trkpt lat="39.69424" lon="20.96807">
				<ele>727.19</ele>
				<time>2026-08-06T17:10:55.378Z</time>
			</trkpt>
			<trkpt lat="39.69438" lon="20.96803">
				<ele>725.42</ele>
				<time>2026-08-06T17:10:56.631Z</time>
			</trkpt>
			<trkpt lat="39.69448" lon="20.96796">
				<ele>723.74</ele>
				<time>2026-08-06T17:10:57.625Z</time>
			</trkpt>
			<trkpt lat="39.69456" lon="20.96786">
				<ele>720.98</ele>
				<time>2026-08-06T17:10:58.596Z</time>
			</trkpt>
			<trkpt lat="39.69463" lon="20.96775">
				<ele>718.16</ele>
				<time>2026-08-06T17:10:59.558Z</time>
			</trkpt>
			<trkpt lat="39.69481" lon="20.96712">
				<ele>715.33</ele>
				<time>2026-08-06T17:11:04.090Z</time>
			</trkpt>
			<trkpt lat="39.69488" lon="20.96691">
				<ele>714.89</ele>
				<time>2026-08-06T17:11:05.635Z</time>
			</trkpt>
			<trkpt lat="39.69501" lon="20.96672">
				<ele>715.78</ele>
				<time>2026-08-06T17:11:07.353Z</time>
			</trkpt>
			<trkpt lat="39.69509" lon="20.96666">
				<ele>717.45</ele>
				<time>2026-08-06T17:11:08.164Z</time>
			</trkpt>
			<trkpt lat="39.69518" lon="20.96662">
				<ele>718.88</ele>
				<time>2026-08-06T17:11:09.000Z</time>
			</trkpt>
			<trkpt lat="39.69527" lon="20.96662">
				<ele>719.31</ele>
				<time>2026-08-06T17:11:09.791Z</time>
			</trkpt>
			<trkpt lat="39.69537" lon="20.96664">
				<ele>719.96</ele>
				<time>2026-08-06T17:11:10.681Z</time>
			</trkpt>
			<trkpt lat="39.69547" lon="20.96669">
				<ele>720.02</ele>
				<time>2026-08-06T17:11:11.624Z</time>
			</trkpt>
			<trkpt lat="39.69581" lon="20.9669">
				<ele>715.45</ele>
				<time>2026-08-06T17:11:14.938Z</time>
			</trkpt>
			<trkpt lat="39.69592" lon="20.96695">
				<ele>713.55</ele>
				<time>2026-08-06T17:11:15.965Z</time>
			</trkpt>
			<trkpt lat="39.69602" lon="20.96695">
				<ele>713.13</ele>
				<time>2026-08-06T17:11:16.847Z</time>
			</trkpt>
			<trkpt lat="39.69618" lon="20.9669">
				<ele>712.34</ele>
				<time>2026-08-06T17:11:18.298Z</time>
			</trkpt>
			<trkpt lat="39.69633" lon="20.96677">
				<ele>710.52</ele>
				<time>2026-08-06T17:11:19.890Z</time>
			</trkpt>
			<trkpt lat="39.69664" lon="20.9664">
				<ele>707.26</ele>
				<time>2026-08-06T17:11:23.608Z</time>
			</trkpt>
			<trkpt lat="39.69686" lon="20.96624">
				<ele>708.92</ele>
				<time>2026-08-06T17:11:25.839Z</time>
			</trkpt>
			<trkpt lat="39.69725" lon="20.96609">
				<ele>707.91</ele>
				<time>2026-08-06T17:11:29.441Z</time>
			</trkpt>
			<trkpt lat="39.7004" lon="20.96531">
				<ele>685.42</ele>
				<time>2026-08-06T17:11:58.031Z</time>
			</trkpt>
			<trkpt lat="39.70078" lon="20.96525">
				<ele>682.67</ele>
				<time>2026-08-06T17:12:01.467Z</time>
			</trkpt>
			<trkpt lat="39.70107" lon="20.96524">
				<ele>678.72</ele>
				<time>2026-08-06T17:12:04.073Z</time>
			</trkpt>
			<trkpt lat="39.70131" lon="20.9653">
				<ele>677.5</ele>
				<time>2026-08-06T17:12:06.272Z</time>
			</trkpt>
			<trkpt lat="39.70165" lon="20.96546">
				<ele>678.31</ele>
				<time>2026-08-06T17:12:09.528Z</time>
			</trkpt>
			<trkpt lat="39.70211" lon="20.96586">
				<ele>671.59</ele>
				<time>2026-08-06T17:12:14.521Z</time>
			</trkpt>
			<trkpt lat="39.70338" lon="20.96714">
				<ele>655.39</ele>
				<time>2026-08-06T17:12:29.076Z</time>
			</trkpt>
			<trkpt lat="39.70369" lon="20.96748">
				<ele>650.64</ele>
				<time>2026-08-06T17:12:32.764Z</time>
			</trkpt>
			<trkpt lat="39.70391" lon="20.96765">
				<ele>645.99</ele>
				<time>2026-08-06T17:12:35.094Z</time>
			</trkpt>
			<trkpt lat="39.70411" lon="20.96778">
				<ele>644.37</ele>
				<time>2026-08-06T17:12:37.131Z</time>
			</trkpt>
			<trkpt lat="39.70447" lon="20.96792">
				<ele>647.55</ele>
				<time>2026-08-06T17:12:40.559Z</time>
			</trkpt>
			<trkpt lat="39.70467" lon="20.96804">
				<ele>644.46</ele>
				<time>2026-08-06T17:12:42.570Z</time>
			</trkpt>
			<trkpt lat="39.70485" lon="20.96821">
				<ele>636.96</ele>
				<time>2026-08-06T17:12:44.604Z</time>
			</trkpt>
			<trkpt lat="39.70492" lon="20.96831">
				<ele>633.6</ele>
				<time>2026-08-06T17:12:45.555Z</time>
			</trkpt>
			<trkpt lat="39.70499" lon="20.96851">
				<ele>631.12</ele>
				<time>2026-08-06T17:12:47.102Z</time>
			</trkpt>
			<trkpt lat="39.70501" lon="20.96867">
				<ele>630.48</ele>
				<time>2026-08-06T17:12:48.244Z</time>
			</trkpt>
			<trkpt lat="39.705" lon="20.96879">
				<ele>630.27</ele>
				<time>2026-08-06T17:12:49.094Z</time>
			</trkpt>
			<trkpt lat="39.70497" lon="20.96891">
				<ele>631.32</ele>
				<time>2026-08-06T17:12:49.983Z</time>
			</trkpt>
			<trkpt lat="39.70485" lon="20.96916">
				<ele>635.19</ele>
				<time>2026-08-06T17:12:52.062Z</time>
			</trkpt>
			<trkpt lat="39.70469" lon="20.96935">
				<ele>639.22</ele>
				<time>2026-08-06T17:12:54.050Z</time>
			</trkpt>
			<trkpt lat="39.7045" lon="20.96965">
				<ele>640.21</ele>
				<time>2026-08-06T17:12:56.796Z</time>
			</trkpt>
			<trkpt lat="39.7044" lon="20.96987">
				<ele>638.9</ele>
				<time>2026-08-06T17:12:58.603Z</time>
			</trkpt>
			<trkpt lat="39.70434" lon="20.97015">
				<ele>632.62</ele>
				<time>2026-08-06T17:13:00.661Z</time>
			</trkpt>
			<trkpt lat="39.70434" lon="20.97037">
				<ele>627.78</ele>
				<time>2026-08-06T17:13:02.219Z</time>
			</trkpt>
			<trkpt lat="39.70435" lon="20.97054">
				<ele>625.14</ele>
				<time>2026-08-06T17:13:03.428Z</time>
			</trkpt>
			<trkpt lat="39.70442" lon="20.97091">
				<ele>619.28</ele>
				<time>2026-08-06T17:13:06.131Z</time>
			</trkpt>
			<trkpt lat="39.70453" lon="20.97122">
				<ele>617.85</ele>
				<time>2026-08-06T17:13:08.555Z</time>
			</trkpt>
			<trkpt lat="39.70512" lon="20.97262">
				<ele>620.81</ele>
				<time>2026-08-06T17:13:19.924Z</time>
			</trkpt>
			<trkpt lat="39.7064" lon="20.97552">
				<ele>594.1</ele>
				<time>2026-08-06T17:13:43.910Z</time>
			</trkpt>
			<trkpt lat="39.70654" lon="20.97597">
				<ele>595.72</ele>
				<time>2026-08-06T17:13:47.413Z</time>
			</trkpt>
			<trkpt lat="39.70666" lon="20.97659">
				<ele>589.42</ele>
				<time>2026-08-06T17:13:52.034Z</time>
			</trkpt>
			<trkpt lat="39.70678" lon="20.9775">
				<ele>581.16</ele>
				<time>2026-08-06T17:13:58.723Z</time>
			</trkpt>
			<trkpt lat="39.70678" lon="20.97777">
				<ele>580.83</ele>
				<time>2026-08-06T17:14:00.683Z</time>
			</trkpt>
			<trkpt lat="39.70675" lon="20.97789">
				<ele>580.66</ele>
				<time>2026-08-06T17:14:01.599Z</time>
			</trkpt>
			<trkpt lat="39.7067" lon="20.97807">
				<ele>580.09</ele>
				<time>2026-08-06T17:14:02.990Z</time>
			</trkpt>
			<trkpt lat="39.70658" lon="20.97827">
				<ele>577.8</ele>
				<time>2026-08-06T17:14:04.834Z</time>
			</trkpt>
			<trkpt lat="39.70634" lon="20.97851">
				<ele>574.96</ele>
				<time>2026-08-06T17:14:07.699Z</time>
			</trkpt>
			<trkpt lat="39.70526" lon="20.97938">
				<ele>569.09</ele>
				<time>2026-08-06T17:14:19.757Z</time>
			</trkpt>
			<trkpt lat="39.70493" lon="20.97968">
				<ele>569.26</ele>
				<time>2026-08-06T17:14:23.591Z</time>
			</trkpt>
			<trkpt lat="39.70475" lon="20.97993">
				<ele>561.98</ele>
				<time>2026-08-06T17:14:26.103Z</time>
			</trkpt>
			<trkpt lat="39.70438" lon="20.98078">
				<ele>548.7</ele>
				<time>2026-08-06T17:14:33.281Z</time>
			</trkpt>
			<trkpt lat="39.70416" lon="20.98111">
				<ele>549.96</ele>
				<time>2026-08-06T17:14:36.497Z</time>
			</trkpt>
			<trkpt lat="39.70391" lon="20.98128">
				<ele>545.89</ele>
				<time>2026-08-06T17:14:39.202Z</time>
			</trkpt>
			<trkpt lat="39.70347" lon="20.98152">
				<ele>536.74</ele>
				<time>2026-08-06T17:14:43.783Z</time>
			</trkpt>
			<trkpt lat="39.70336" lon="20.98161">
				<ele>535.62</ele>
				<time>2026-08-06T17:14:45.033Z</time>
			</trkpt>
			<trkpt lat="39.70324" lon="20.98175">
				<ele>533.61</ele>
				<time>2026-08-06T17:14:46.584Z</time>
			</trkpt>
			<trkpt lat="39.70319" lon="20.98182">
				<ele>533.13</ele>
				<time>2026-08-06T17:14:47.291Z</time>
			</trkpt>
			<trkpt lat="39.70308" lon="20.98215">
				<ele>533.32</ele>
				<time>2026-08-06T17:14:49.955Z</time>
			</trkpt>
			<trkpt lat="39.70299" lon="20.98269">
				<ele>531.32</ele>
				<time>2026-08-06T17:14:54.055Z</time>
			</trkpt>
			<trkpt lat="39.70293" lon="20.98297">
				<ele>534.81</ele>
				<time>2026-08-06T17:14:56.214Z</time>
			</trkpt>
			<trkpt lat="39.70288" lon="20.98311">
				<ele>536.1</ele>
				<time>2026-08-06T17:14:57.361Z</time>
			</trkpt>
			<trkpt lat="39.7028" lon="20.98324">
				<ele>536.21</ele>
				<time>2026-08-06T17:14:58.599Z</time>
			</trkpt>
			<trkpt lat="39.70265" lon="20.98342">
				<ele>537.61</ele>
				<time>2026-08-06T17:15:00.574Z</time>
			</trkpt>
			<trkpt lat="39.70244" lon="20.98358">
				<ele>540.01</ele>
				<time>2026-08-06T17:15:02.931Z</time>
			</trkpt>
			<trkpt lat="39.70125" lon="20.98442">
				<ele>539.06</ele>
				<time>2026-08-06T17:15:16.086Z</time>
			</trkpt>
			<trkpt lat="39.70007" lon="20.98532">
				<ele>529.89</ele>
				<time>2026-08-06T17:15:29.450Z</time>
			</trkpt>
			<trkpt lat="39.69937" lon="20.98583">
				<ele>523.01</ele>
				<time>2026-08-06T17:15:37.323Z</time>
			</trkpt>
			<trkpt lat="39.69898" lon="20.9862">
				<ele>519.3</ele>
				<time>2026-08-06T17:15:42.073Z</time>
			</trkpt>
			<trkpt lat="39.6986" lon="20.98679">
				<ele>515.07</ele>
				<time>2026-08-06T17:15:47.910Z</time>
			</trkpt>
			<trkpt lat="39.69842" lon="20.98719">
				<ele>520.3</ele>
				<time>2026-08-06T17:15:51.432Z</time>
			</trkpt>
			<trkpt lat="39.69649" lon="20.99274">
				<ele>506.23</ele>
				<time>2026-08-06T17:16:38.210Z</time>
			</trkpt>
			<trkpt lat="39.69609" lon="20.99356">
				<ele>500.36</ele>
				<time>2026-08-06T17:16:45.752Z</time>
			</trkpt>
			<trkpt lat="39.69601" lon="20.99367">
				<ele>499.17</ele>
				<time>2026-08-06T17:16:46.930Z</time>
			</trkpt>
			<trkpt lat="39.69584" lon="20.99384">
				<ele>496.91</ele>
				<time>2026-08-06T17:16:49.101Z</time>
			</trkpt>
			<trkpt lat="39.69529" lon="20.99424">
				<ele>490.18</ele>
				<time>2026-08-06T17:16:55.491Z</time>
			</trkpt>
			<trkpt lat="39.69512" lon="20.99442">
				<ele>486.51</ele>
				<time>2026-08-06T17:16:57.718Z</time>
			</trkpt>
			<trkpt lat="39.69499" lon="20.99464">
				<ele>482.83</ele>
				<time>2026-08-06T17:16:59.888Z</time>
			</trkpt>
			<trkpt lat="39.69489" lon="20.99491">
				<ele>479.36</ele>
				<time>2026-08-06T17:17:02.234Z</time>
			</trkpt>
			<trkpt lat="39.69484" lon="20.99517">
				<ele>478.11</ele>
				<time>2026-08-06T17:17:04.334Z</time>
			</trkpt>
			<trkpt lat="39.69484" lon="20.99545">
				<ele>476.84</ele>
				<time>2026-08-06T17:17:06.530Z</time>
			</trkpt>
			<trkpt lat="39.69488" lon="20.99573">
				<ele>475.42</ele>
				<time>2026-08-06T17:17:08.766Z</time>
			</trkpt>
			<trkpt lat="39.69497" lon="20.99603">
				<ele>474.42</ele>
				<time>2026-08-06T17:17:11.297Z</time>
			</trkpt>
			<trkpt lat="39.69509" lon="20.99622">
				<ele>475.48</ele>
				<time>2026-08-06T17:17:13.230Z</time>
			</trkpt>
			<trkpt lat="39.6953" lon="20.99646">
				<ele>477.16</ele>
				<time>2026-08-06T17:17:16.092Z</time>
			</trkpt>
			<trkpt lat="39.69634" lon="20.99771">
				<ele>482.24</ele>
				<time>2026-08-06T17:17:30.640Z</time>
			</trkpt>
			<trkpt lat="39.69773" lon="20.9998">
				<ele>491.75</ele>
				<time>2026-08-06T17:17:52.634Z</time>
			</trkpt>
			<trkpt lat="39.69791" lon="21.00001">
				<ele>491.66</ele>
				<time>2026-08-06T17:17:55.149Z</time>
			</trkpt>
			<trkpt lat="39.69803" lon="21.00011">
				<ele>491.55</ele>
				<time>2026-08-06T17:17:56.633Z</time>
			</trkpt>
			<trkpt lat="39.69819" lon="21.00018">
				<ele>492.48</ele>
				<time>2026-08-06T17:17:58.391Z</time>
			</trkpt>
			<trkpt lat="39.69851" lon="21.00025">
				<ele>494.55</ele>
				<time>2026-08-06T17:18:01.774Z</time>
			</trkpt>
			<trkpt lat="39.69917" lon="21.00034">
				<ele>500.85</ele>
				<time>2026-08-06T17:18:08.708Z</time>
			</trkpt>
			<trkpt lat="39.69949" lon="21.00037">
				<ele>505.1</ele>
				<time>2026-08-06T17:18:12.067Z</time>
			</trkpt>
			<trkpt lat="39.69996" lon="21.00029">
				<ele>505.24</ele>
				<time>2026-08-06T17:18:17.039Z</time>
			</trkpt>
			<trkpt lat="39.7002" lon="21.00019">
				<ele>505.79</ele>
				<time>2026-08-06T17:18:19.686Z</time>
			</trkpt>
			<trkpt lat="39.70065" lon="20.99988">
				<ele>504.15</ele>
				<time>2026-08-06T17:18:25.045Z</time>
			</trkpt>
			<trkpt lat="39.70072" lon="20.99985">
				<ele>504.05</ele>
				<time>2026-08-06T17:18:25.821Z</time>
			</trkpt>
			<trkpt lat="39.7008" lon="20.99985">
				<ele>504.3</ele>
				<time>2026-08-06T17:18:26.664Z</time>
			</trkpt>
			<trkpt lat="39.7009" lon="20.99992">
				<ele>506.83</ele>
				<time>2026-08-06T17:18:27.862Z</time>
			</trkpt>
			<trkpt lat="39.70093" lon="21.00002">
				<ele>509.69</ele>
				<time>2026-08-06T17:18:28.733Z</time>
			</trkpt>
			<trkpt lat="39.70091" lon="21.00012">
				<ele>511.69</ele>
				<time>2026-08-06T17:18:29.571Z</time>
			</trkpt>
			<trkpt lat="39.70077" lon="21.00029">
				<ele>512.84</ele>
				<time>2026-08-06T17:18:31.594Z</time>
			</trkpt>
			<trkpt lat="39.6995" lon="21.00137">
				<ele>527.66</ele>
				<time>2026-08-06T17:18:47.764Z</time>
			</trkpt>
			<trkpt lat="39.69927" lon="21.00153">
				<ele>529.15</ele>
				<time>2026-08-06T17:18:50.591Z</time>
			</trkpt>
			<trkpt lat="39.69906" lon="21.00162">
				<ele>530.61</ele>
				<time>2026-08-06T17:18:53.000Z</time>
			</trkpt>
			<trkpt lat="39.6987" lon="21.00173">
				<ele>533.83</ele>
				<time>2026-08-06T17:18:57.051Z</time>
			</trkpt>
			<trkpt lat="39.69851" lon="21.00174">
				<ele>534.42</ele>
				<time>2026-08-06T17:18:59.146Z</time>
			</trkpt>
			<trkpt lat="39.69826" lon="21.00166">
				<ele>531.11</ele>
				<time>2026-08-06T17:19:01.995Z</time>
			</trkpt>
			<trkpt lat="39.69811" lon="21.00163">
				<ele>532.69</ele>
				<time>2026-08-06T17:19:03.681Z</time>
			</trkpt>
			<trkpt lat="39.69803" lon="21.00167">
				<ele>536.36</ele>
				<time>2026-08-06T17:19:04.635Z</time>
			</trkpt>
			<trkpt lat="39.698" lon="21.00172">
				<ele>539.05</ele>
				<time>2026-08-06T17:19:05.179Z</time>
			</trkpt>
			<trkpt lat="39.69799" lon="21.00179">
				<ele>543.03</ele>
				<time>2026-08-06T17:19:05.790Z</time>
			</trkpt>
			<trkpt lat="39.698" lon="21.00183">
				<ele>544.95</ele>
				<time>2026-08-06T17:19:06.151Z</time>
			</trkpt>
			<trkpt lat="39.69804" lon="21.00185">
				<ele>545.82</ele>
				<time>2026-08-06T17:19:06.630Z</time>
			</trkpt>
			<trkpt lat="39.69814" lon="21.00189">
				<ele>545.99</ele>
				<time>2026-08-06T17:19:07.801Z</time>
			</trkpt>
			<trkpt lat="39.69831" lon="21.00188">
				<ele>542.91</ele>
				<time>2026-08-06T17:19:09.710Z</time>
			</trkpt>
			<trkpt lat="39.69881" lon="21.00196">
				<ele>542.69</ele>
				<time>2026-08-06T17:19:15.397Z</time>
			</trkpt>
			<trkpt lat="39.69905" lon="21.00192">
				<ele>542.81</ele>
				<time>2026-08-06T17:19:18.146Z</time>
			</trkpt>
			<trkpt lat="39.69954" lon="21.00178">
				<ele>542.63</ele>
				<time>2026-08-06T17:19:23.885Z</time>
			</trkpt>
			<trkpt lat="39.69985" lon="21.00165">
				<ele>544.66</ele>
				<time>2026-08-06T17:19:27.637Z</time>
			</trkpt>
			<trkpt lat="39.70037" lon="21.00137">
				<ele>544.83</ele>
				<time>2026-08-06T17:19:34.169Z</time>
			</trkpt>
			<trkpt lat="39.70078" lon="21.00125">
				<ele>550.69</ele>
				<time>2026-08-06T17:19:39.085Z</time>
			</trkpt>
			<trkpt lat="39.70146" lon="21.00087">
				<ele>556.09</ele>
				<time>2026-08-06T17:19:47.823Z</time>
			</trkpt>
			<trkpt lat="39.70167" lon="21.00083">
				<ele>557.15</ele>
				<time>2026-08-06T17:19:50.346Z</time>
			</trkpt>
			<trkpt lat="39.7019" lon="21.00086">
				<ele>559.64</ele>
				<time>2026-08-06T17:19:53.104Z</time>
			</trkpt>
			<trkpt lat="39.70204" lon="21.00091">
				<ele>559.77</ele>
				<time>2026-08-06T17:19:54.841Z</time>
			</trkpt>
			<trkpt lat="39.70227" lon="21.00106">
				<ele>559.64</ele>
				<time>2026-08-06T17:19:57.928Z</time>
			</trkpt>
			<trkpt lat="39.70267" lon="21.00135">
				<ele>564.12</ele>
				<time>2026-08-06T17:20:03.452Z</time>
			</trkpt>
			<trkpt lat="39.70296" lon="21.00154">
				<ele>569.54</ele>
				<time>2026-08-06T17:20:07.390Z</time>
			</trkpt>
			<trkpt lat="39.70312" lon="21.00158">
				<ele>570.79</ele>
				<time>2026-08-06T17:20:09.372Z</time>
			</trkpt>
			<trkpt lat="39.70319" lon="21.00159">
				<ele>570.55</ele>
				<time>2026-08-06T17:20:10.231Z</time>
			</trkpt>
			<trkpt lat="39.70334" lon="21.00156">
				<ele>570.36</ele>
				<time>2026-08-06T17:20:12.083Z</time>
			</trkpt>
			<trkpt lat="39.70375" lon="21.00143">
				<ele>568.98</ele>
				<time>2026-08-06T17:20:17.253Z</time>
			</trkpt>
			<trkpt lat="39.70398" lon="21.00145">
				<ele>571.78</ele>
				<time>2026-08-06T17:20:20.089Z</time>
			</trkpt>
			<trkpt lat="39.70417" lon="21.00154">
				<ele>575.42</ele>
				<time>2026-08-06T17:20:22.583Z</time>
			</trkpt>
			<trkpt lat="39.7043" lon="21.00168">
				<ele>574.75</ele>
				<time>2026-08-06T17:20:24.671Z</time>
			</trkpt>
			<trkpt lat="39.70473" lon="21.00239">
				<ele>580.3</ele>
				<time>2026-08-06T17:20:33.313Z</time>
			</trkpt>
			<trkpt lat="39.70502" lon="21.0028">
				<ele>588.9</ele>
				<time>2026-08-06T17:20:38.676Z</time>
			</trkpt>
			<trkpt lat="39.70516" lon="21.00294">
				<ele>589.03</ele>
				<time>2026-08-06T17:20:40.895Z</time>
			</trkpt>
			<trkpt lat="39.70616" lon="21.0034">
				<ele>590.47</ele>
				<time>2026-08-06T17:20:54.310Z</time>
			</trkpt>
			<trkpt lat="39.70641" lon="21.00347">
				<ele>590.8</ele>
				<time>2026-08-06T17:20:57.568Z</time>
			</trkpt>
			<trkpt lat="39.70681" lon="21.00353">
				<ele>590.24</ele>
				<time>2026-08-06T17:21:02.714Z</time>
			</trkpt>
			<trkpt lat="39.70701" lon="21.00359">
				<ele>590.66</ele>
				<time>2026-08-06T17:21:05.346Z</time>
			</trkpt>
			<trkpt lat="39.70725" lon="21.00378">
				<ele>588.8</ele>
				<time>2026-08-06T17:21:08.957Z</time>
			</trkpt>
			<trkpt lat="39.70771" lon="21.00428">
				<ele>586.88</ele>
				<time>2026-08-06T17:21:16.697Z</time>
			</trkpt>
			<trkpt lat="39.70786" lon="21.00442">
				<ele>587.64</ele>
				<time>2026-08-06T17:21:19.089Z</time>
			</trkpt>
			<trkpt lat="39.70871" lon="21.0046">
				<ele>580.98</ele>
				<time>2026-08-06T17:21:30.298Z</time>
			</trkpt>
			<trkpt lat="39.70902" lon="21.00475">
				<ele>582.02</ele>
				<time>2026-08-06T17:21:34.626Z</time>
			</trkpt>
			<trkpt lat="39.70926" lon="21.00484">
				<ele>583.35</ele>
				<time>2026-08-06T17:21:37.902Z</time>
			</trkpt>
			<trkpt lat="39.70943" lon="21.00484">
				<ele>585.39</ele>
				<time>2026-08-06T17:21:40.136Z</time>
			</trkpt>
			<trkpt lat="39.70964" lon="21.00479">
				<ele>583.65</ele>
				<time>2026-08-06T17:21:42.945Z</time>
			</trkpt>
			<trkpt lat="39.70976" lon="21.00479">
				<ele>582.49</ele>
				<time>2026-08-06T17:21:44.526Z</time>
			</trkpt>
			<trkpt lat="39.71004" lon="21.00486">
				<ele>579.49</ele>
				<time>2026-08-06T17:21:48.289Z</time>
			</trkpt>
			<trkpt lat="39.71015" lon="21.00493">
				<ele>579.81</ele>
				<time>2026-08-06T17:21:49.908Z</time>
			</trkpt>
			<trkpt lat="39.71023" lon="21.00501">
				<ele>580.67</ele>
				<time>2026-08-06T17:21:51.243Z</time>
			</trkpt>
			<trkpt lat="39.71045" lon="21.00543">
				<ele>584.89</ele>
				<time>2026-08-06T17:21:56.423Z</time>
			</trkpt>
			<trkpt lat="39.71063" lon="21.00568">
				<ele>587.17</ele>
				<time>2026-08-06T17:21:59.923Z</time>
			</trkpt>
			<trkpt lat="39.71078" lon="21.00579">
				<ele>587.88</ele>
				<time>2026-08-06T17:22:02.214Z</time>
			</trkpt>
			<trkpt lat="39.71096" lon="21.00589">
				<ele>589.54</ele>
				<time>2026-08-06T17:22:04.822Z</time>
			</trkpt>
			<trkpt lat="39.71164" lon="21.00606">
				<ele>600.36</ele>
				<time>2026-08-06T17:22:14.074Z</time>
			</trkpt>
			<trkpt lat="39.71185" lon="21.00613">
				<ele>599.19</ele>
				<time>2026-08-06T17:22:16.979Z</time>
			</trkpt>
			<trkpt lat="39.71247" lon="21.00651">
				<ele>596.36</ele>
				<time>2026-08-06T17:22:26.190Z</time>
			</trkpt>
			<trkpt lat="39.71305" lon="21.00692">
				<ele>590.69</ele>
				<time>2026-08-06T17:22:35.096Z</time>
			</trkpt>
			<trkpt lat="39.71324" lon="21.00699">
				<ele>591.62</ele>
				<time>2026-08-06T17:22:37.767Z</time>
			</trkpt>
			<trkpt lat="39.71453" lon="21.00725">
				<ele>586.98</ele>
				<time>2026-08-06T17:22:55.484Z</time>
			</trkpt>
			<trkpt lat="39.7146" lon="21.00728">
				<ele>586.41</ele>
				<time>2026-08-06T17:22:56.488Z</time>
			</trkpt>
			<trkpt lat="39.71472" lon="21.00738">
				<ele>585.78</ele>
				<time>2026-08-06T17:22:58.429Z</time>
			</trkpt>
			<trkpt lat="39.71485" lon="21.00757">
				<ele>585.29</ele>
				<time>2026-08-06T17:23:01.096Z</time>
			</trkpt>
			<trkpt lat="39.71496" lon="21.00782">
				<ele>585.26</ele>
				<time>2026-08-06T17:23:04.119Z</time>
			</trkpt>
			<trkpt lat="39.715" lon="21.00797">
				<ele>584.3</ele>
				<time>2026-08-06T17:23:05.786Z</time>
			</trkpt>
			<trkpt lat="39.715" lon="21.00811">
				<ele>583.59</ele>
				<time>2026-08-06T17:23:07.257Z</time>
			</trkpt>
			<trkpt lat="39.71498" lon="21.00826">
				<ele>582.64</ele>
				<time>2026-08-06T17:23:08.857Z</time>
			</trkpt>
			<trkpt lat="39.71491" lon="21.00837">
				<ele>582.95</ele>
				<time>2026-08-06T17:23:10.359Z</time>
			</trkpt>
			<trkpt lat="39.71443" lon="21.0088">
				<ele>592.09</ele>
				<time>2026-08-06T17:23:18.338Z</time>
			</trkpt>
			<trkpt lat="39.71382" lon="21.00925">
				<ele>593.71</ele>
				<time>2026-08-06T17:23:27.960Z</time>
			</trkpt>
			<trkpt lat="39.71349" lon="21.00952">
				<ele>595.67</ele>
				<time>2026-08-06T17:23:33.318Z</time>
			</trkpt>
			<trkpt lat="39.71325" lon="21.00975">
				<ele>596.97</ele>
				<time>2026-08-06T17:23:37.418Z</time>
			</trkpt>
			<trkpt lat="39.71307" lon="21.01001">
				<ele>596.47</ele>
				<time>2026-08-06T17:23:41.122Z</time>
			</trkpt>
			<trkpt lat="39.713" lon="21.01016">
				<ele>595.31</ele>
				<time>2026-08-06T17:23:42.980Z</time>
			</trkpt>
			<trkpt lat="39.71293" lon="21.01047">
				<ele>594.95</ele>
				<time>2026-08-06T17:23:46.404Z</time>
			</trkpt>
			<trkpt lat="39.71292" lon="21.01056">
				<ele>595.13</ele>
				<time>2026-08-06T17:23:47.368Z</time>
			</trkpt>
			<trkpt lat="39.71291" lon="21.01081">
				<ele>595.44</ele>
				<time>2026-08-06T17:23:50.023Z</time>
			</trkpt>
			<trkpt lat="39.71293" lon="21.01159">
				<ele>591.14</ele>
				<time>2026-08-06T17:23:58.305Z</time>
			</trkpt>
			<trkpt lat="39.71289" lon="21.01187">
				<ele>586.48</ele>
				<time>2026-08-06T17:24:01.329Z</time>
			</trkpt>
			<trkpt lat="39.71281" lon="21.01214">
				<ele>585.07</ele>
				<time>2026-08-06T17:24:04.402Z</time>
			</trkpt>
			<trkpt lat="39.71274" lon="21.01231">
				<ele>586.22</ele>
				<time>2026-08-06T17:24:06.451Z</time>
			</trkpt>
			<trkpt lat="39.71258" lon="21.01255">
				<ele>591.01</ele>
				<time>2026-08-06T17:24:09.827Z</time>
			</trkpt>
			<trkpt lat="39.71223" lon="21.01294">
				<ele>601.63</ele>
				<time>2026-08-06T17:24:16.198Z</time>
			</trkpt>
			<trkpt lat="39.71212" lon="21.01309">
				<ele>604.08</ele>
				<time>2026-08-06T17:24:18.402Z</time>
			</trkpt>
			<trkpt lat="39.71203" lon="21.01324">
				<ele>606.19</ele>
				<time>2026-08-06T17:24:20.425Z</time>
			</trkpt>
			<trkpt lat="39.71196" lon="21.01339">
				<ele>607.7</ele>
				<time>2026-08-06T17:24:22.292Z</time>
			</trkpt>
			<trkpt lat="39.71179" lon="21.01401">
				<ele>603.82</ele>
				<time>2026-08-06T17:24:29.295Z</time>
			</trkpt>
			<trkpt lat="39.71176" lon="21.01419">
				<ele>602.42</ele>
				<time>2026-08-06T17:24:31.254Z</time>
			</trkpt>
			<trkpt lat="39.71176" lon="21.01447">
				<ele>602.67</ele>
				<time>2026-08-06T17:24:34.234Z</time>
			</trkpt>
			<trkpt lat="39.71178" lon="21.01457">
				<ele>602.97</ele>
				<time>2026-08-06T17:24:35.333Z</time>
			</trkpt>
			<trkpt lat="39.71184" lon="21.0147">
				<ele>603.66</ele>
				<time>2026-08-06T17:24:36.947Z</time>
			</trkpt>
			<trkpt lat="39.71193" lon="21.01485">
				<ele>604.35</ele>
				<time>2026-08-06T17:24:38.971Z</time>
			</trkpt>
			<trkpt lat="39.71198" lon="21.01501">
				<ele>604.67</ele>
				<time>2026-08-06T17:24:40.808Z</time>
			</trkpt>
			<trkpt lat="39.71197" lon="21.01517">
				<ele>603.19</ele>
				<time>2026-08-06T17:24:42.517Z</time>
			</trkpt>
			<trkpt lat="39.71191" lon="21.0154">
				<ele>600.97</ele>
				<time>2026-08-06T17:24:45.101Z</time>
			</trkpt>
			<trkpt lat="39.71189" lon="21.01552">
				<ele>601</ele>
				<time>2026-08-06T17:24:46.407Z</time>
			</trkpt>
			<trkpt lat="39.71189" lon="21.01561">
				<ele>601.62</ele>
				<time>2026-08-06T17:24:47.365Z</time>
			</trkpt>
			<trkpt lat="39.712" lon="21.01591">
				<ele>607.11</ele>
				<time>2026-08-06T17:24:50.900Z</time>
			</trkpt>
			<trkpt lat="39.71204" lon="21.0161">
				<ele>608.83</ele>
				<time>2026-08-06T17:24:52.995Z</time>
			</trkpt>
			<trkpt lat="39.71203" lon="21.01617">
				<ele>608.66</ele>
				<time>2026-08-06T17:24:53.753Z</time>
			</trkpt>
			<trkpt lat="39.71199" lon="21.01623">
				<ele>607.48</ele>
				<time>2026-08-06T17:24:54.597Z</time>
			</trkpt>
			<trkpt lat="39.71194" lon="21.01628">
				<ele>605.94</ele>
				<time>2026-08-06T17:24:55.469Z</time>
			</trkpt>
			<trkpt lat="39.71161" lon="21.01636">
				<ele>598.59</ele>
				<time>2026-08-06T17:25:00.109Z</time>
			</trkpt>
			<trkpt lat="39.71149" lon="21.01642">
				<ele>596.4</ele>
				<time>2026-08-06T17:25:01.886Z</time>
			</trkpt>
			<trkpt lat="39.71145" lon="21.01646">
				<ele>595.82</ele>
				<time>2026-08-06T17:25:02.584Z</time>
			</trkpt>
			<trkpt lat="39.71143" lon="21.01658">
				<ele>595.7</ele>
				<time>2026-08-06T17:25:03.889Z</time>
			</trkpt>
			<trkpt lat="39.71144" lon="21.01673">
				<ele>595.99</ele>
				<time>2026-08-06T17:25:05.489Z</time>
			</trkpt>
			<trkpt lat="39.71148" lon="21.0168">
				<ele>596.72</ele>
				<time>2026-08-06T17:25:06.415Z</time>
			</trkpt>
			<trkpt lat="39.71154" lon="21.01685">
				<ele>598.54</ele>
				<time>2026-08-06T17:25:07.400Z</time>
			</trkpt>
			<trkpt lat="39.71166" lon="21.0169">
				<ele>602.69</ele>
				<time>2026-08-06T17:25:09.140Z</time>
			</trkpt>
			<trkpt lat="39.71178" lon="21.01695">
				<ele>607.06</ele>
				<time>2026-08-06T17:25:10.880Z</time>
			</trkpt>
			<trkpt lat="39.71186" lon="21.01703">
				<ele>610.12</ele>
				<time>2026-08-06T17:25:12.274Z</time>
			</trkpt>
			<trkpt lat="39.71191" lon="21.01711">
				<ele>611.68</ele>
				<time>2026-08-06T17:25:13.368Z</time>
			</trkpt>
			<trkpt lat="39.71193" lon="21.01719">
				<ele>612.72</ele>
				<time>2026-08-06T17:25:14.261Z</time>
			</trkpt>
			<trkpt lat="39.71194" lon="21.01729">
				<ele>613.41</ele>
				<time>2026-08-06T17:25:15.332Z</time>
			</trkpt>
			<trkpt lat="39.71195" lon="21.01771">
				<ele>614.93</ele>
				<time>2026-08-06T17:25:19.791Z</time>
			</trkpt>
			<trkpt lat="39.71196" lon="21.01779">
				<ele>615.08</ele>
				<time>2026-08-06T17:25:20.651Z</time>
			</trkpt>
			<trkpt lat="39.71205" lon="21.01792">
				<ele>613.26</ele>
				<time>2026-08-06T17:25:22.506Z</time>
			</trkpt>
			<trkpt lat="39.71212" lon="21.01796">
				<ele>612.91</ele>
				<time>2026-08-06T17:25:23.560Z</time>
			</trkpt>
			<trkpt lat="39.71233" lon="21.018">
				<ele>615.54</ele>
				<time>2026-08-06T17:25:26.485Z</time>
			</trkpt>
			<trkpt lat="39.71272" lon="21.01801">
				<ele>624.28</ele>
				<time>2026-08-06T17:25:31.858Z</time>
			</trkpt>
			<trkpt lat="39.71288" lon="21.01805">
				<ele>626.82</ele>
				<time>2026-08-06T17:25:34.100Z</time>
			</trkpt>
			<trkpt lat="39.71299" lon="21.01814">
				<ele>627.62</ele>
				<time>2026-08-06T17:25:35.888Z</time>
			</trkpt>
			<trkpt lat="39.71308" lon="21.01831">
				<ele>627.96</ele>
				<time>2026-08-06T17:25:38.072Z</time>
			</trkpt>
			<trkpt lat="39.71315" lon="21.01857">
				<ele>626.44</ele>
				<time>2026-08-06T17:25:40.985Z</time>
			</trkpt>
			<trkpt lat="39.71328" lon="21.01929">
				<ele>628.71</ele>
				<time>2026-08-06T17:25:48.796Z</time>
			</trkpt>
			<trkpt lat="39.71331" lon="21.01952">
				<ele>629.37</ele>
				<time>2026-08-06T17:25:51.257Z</time>
			</trkpt>
			<trkpt lat="39.71332" lon="21.01976">
				<ele>629.64</ele>
				<time>2026-08-06T17:25:53.792Z</time>
			</trkpt>
			<trkpt lat="39.71328" lon="21.0202">
				<ele>627.08</ele>
				<time>2026-08-06T17:25:58.459Z</time>
			</trkpt>
			<trkpt lat="39.71329" lon="21.02035">
				<ele>626.58</ele>
				<time>2026-08-06T17:26:00.044Z</time>
			</trkpt>
			<trkpt lat="39.71333" lon="21.02046">
				<ele>626.78</ele>
				<time>2026-08-06T17:26:01.324Z</time>
			</trkpt>
			<trkpt lat="39.71343" lon="21.02061">
				<ele>627.52</ele>
				<time>2026-08-06T17:26:03.412Z</time>
			</trkpt>
			<trkpt lat="39.71357" lon="21.02071">
				<ele>628.63</ele>
				<time>2026-08-06T17:26:05.595Z</time>
			</trkpt>
			<trkpt lat="39.71371" lon="21.02073">
				<ele>629.06</ele>
				<time>2026-08-06T17:26:07.518Z</time>
			</trkpt>
			<trkpt lat="39.71446" lon="21.0207">
				<ele>627.75</ele>
				<time>2026-08-06T17:26:17.746Z</time>
			</trkpt>
			<trkpt lat="39.71475" lon="21.02064">
				<ele>629.2</ele>
				<time>2026-08-06T17:26:21.740Z</time>
			</trkpt>
			<trkpt lat="39.71509" lon="21.0204">
				<ele>634.75</ele>
				<time>2026-08-06T17:26:26.993Z</time>
			</trkpt>
			<trkpt lat="39.71521" lon="21.02035">
				<ele>635.28</ele>
				<time>2026-08-06T17:26:28.702Z</time>
			</trkpt>
			<trkpt lat="39.71525" lon="21.02036">
				<ele>634.66</ele>
				<time>2026-08-06T17:26:29.254Z</time>
			</trkpt>
			<trkpt lat="39.71533" lon="21.02044">
				<ele>633.65</ele>
				<time>2026-08-06T17:26:30.622Z</time>
			</trkpt>
			<trkpt lat="39.7154" lon="21.02061">
				<ele>632.36</ele>
				<time>2026-08-06T17:26:32.631Z</time>
			</trkpt>
			<trkpt lat="39.71547" lon="21.02086">
				<ele>631.27</ele>
				<time>2026-08-06T17:26:35.400Z</time>
			</trkpt>
			<trkpt lat="39.71551" lon="21.0211">
				<ele>628.38</ele>
				<time>2026-08-06T17:26:37.953Z</time>
			</trkpt>
			<trkpt lat="39.71552" lon="21.02135">
				<ele>626.1</ele>
				<time>2026-08-06T17:26:40.553Z</time>
			</trkpt>
			<trkpt lat="39.71533" lon="21.02259">
				<ele>619.19</ele>
				<time>2026-08-06T17:26:53.642Z</time>
			</trkpt>
			<trkpt lat="39.71534" lon="21.02278">
				<ele>618.59</ele>
				<time>2026-08-06T17:26:55.607Z</time>
			</trkpt>
			<trkpt lat="39.71538" lon="21.02285">
				<ele>618.55</ele>
				<time>2026-08-06T17:26:56.506Z</time>
			</trkpt>
			<trkpt lat="39.71543" lon="21.02291">
				<ele>619.61</ele>
				<time>2026-08-06T17:26:57.418Z</time>
			</trkpt>
			<trkpt lat="39.71552" lon="21.02294">
				<ele>622.58</ele>
				<time>2026-08-06T17:26:58.662Z</time>
			</trkpt>
			<trkpt lat="39.7157" lon="21.02296">
				<ele>623.67</ele>
				<time>2026-08-06T17:27:01.079Z</time>
			</trkpt>
			<trkpt lat="39.71603" lon="21.02292">
				<ele>619</ele>
				<time>2026-08-06T17:27:05.507Z</time>
			</trkpt>
			<trkpt lat="39.71643" lon="21.02271">
				<ele>616.77</ele>
				<time>2026-08-06T17:27:11.254Z</time>
			</trkpt>
			<trkpt lat="39.71689" lon="21.02276">
				<ele>616.02</ele>
				<time>2026-08-06T17:27:17.385Z</time>
			</trkpt>
			<trkpt lat="39.71708" lon="21.02274">
				<ele>612.42</ele>
				<time>2026-08-06T17:27:19.911Z</time>
			</trkpt>
			<trkpt lat="39.71717" lon="21.02271">
				<ele>610.37</ele>
				<time>2026-08-06T17:27:21.141Z</time>
			</trkpt>
			<trkpt lat="39.71726" lon="21.02265">
				<ele>608.87</ele>
				<time>2026-08-06T17:27:22.479Z</time>
			</trkpt>
			<trkpt lat="39.71734" lon="21.0225">
				<ele>608.45</ele>
				<time>2026-08-06T17:27:24.334Z</time>
			</trkpt>
			<trkpt lat="39.71746" lon="21.02185">
				<ele>616.2</ele>
				<time>2026-08-06T17:27:31.112Z</time>
			</trkpt>
			<trkpt lat="39.71749" lon="21.02174">
				<ele>616.73</ele>
				<time>2026-08-06T17:27:32.292Z</time>
			</trkpt>
			<trkpt lat="39.71755" lon="21.02164">
				<ele>618.09</ele>
				<time>2026-08-06T17:27:33.574Z</time>
			</trkpt>
			<trkpt lat="39.71764" lon="21.02158">
				<ele>619</ele>
				<time>2026-08-06T17:27:34.902Z</time>
			</trkpt>
			<trkpt lat="39.71768" lon="21.02157">
				<ele>618.94</ele>
				<time>2026-08-06T17:27:35.436Z</time>
			</trkpt>
			<trkpt lat="39.71779" lon="21.02161">
				<ele>617.96</ele>
				<time>2026-08-06T17:27:36.934Z</time>
			</trkpt>
			<trkpt lat="39.71811" lon="21.02187">
				<ele>619.28</ele>
				<time>2026-08-06T17:27:41.872Z</time>
			</trkpt>
			<trkpt lat="39.71819" lon="21.02198">
				<ele>618.54</ele>
				<time>2026-08-06T17:27:43.393Z</time>
			</trkpt>
			<trkpt lat="39.71822" lon="21.02211">
				<ele>614.78</ele>
				<time>2026-08-06T17:27:44.755Z</time>
			</trkpt>
			<trkpt lat="39.71819" lon="21.02284">
				<ele>602.44</ele>
				<time>2026-08-06T17:27:52.070Z</time>
			</trkpt>
			<trkpt lat="39.71825" lon="21.02354">
				<ele>618.03</ele>
				<time>2026-08-06T17:27:59.081Z</time>
			</trkpt>
			<trkpt lat="39.71832" lon="21.02369">
				<ele>619.78</ele>
				<time>2026-08-06T17:28:00.822Z</time>
			</trkpt>
			<trkpt lat="39.71848" lon="21.02383">
				<ele>622.61</ele>
				<time>2026-08-06T17:28:03.307Z</time>
			</trkpt>
			<trkpt lat="39.71858" lon="21.02391">
				<ele>624.03</ele>
				<time>2026-08-06T17:28:04.817Z</time>
			</trkpt>
			<trkpt lat="39.71868" lon="21.02396">
				<ele>623.31</ele>
				<time>2026-08-06T17:28:06.193Z</time>
			</trkpt>
			<trkpt lat="39.71905" lon="21.024">
				<ele>628.1</ele>
				<time>2026-08-06T17:28:10.952Z</time>
			</trkpt>
			<trkpt lat="39.71912" lon="21.02405">
				<ele>627.98</ele>
				<time>2026-08-06T17:28:11.973Z</time>
			</trkpt>
			<trkpt lat="39.71916" lon="21.02414">
				<ele>625.8</ele>
				<time>2026-08-06T17:28:12.994Z</time>
			</trkpt>
			<trkpt lat="39.71917" lon="21.02426">
				<ele>625.38</ele>
				<time>2026-08-06T17:28:14.180Z</time>
			</trkpt>
			<trkpt lat="39.71915" lon="21.02433">
				<ele>624.57</ele>
				<time>2026-08-06T17:28:14.912Z</time>
			</trkpt>
			<trkpt lat="39.71875" lon="21.02478">
				<ele>617.4</ele>
				<time>2026-08-06T17:28:21.643Z</time>
			</trkpt>
			<trkpt lat="39.71862" lon="21.02495">
				<ele>613.99</ele>
				<time>2026-08-06T17:28:23.986Z</time>
			</trkpt>
			<trkpt lat="39.71859" lon="21.02502">
				<ele>613.72</ele>
				<time>2026-08-06T17:28:24.768Z</time>
			</trkpt>
			<trkpt lat="39.71859" lon="21.02518">
				<ele>615.82</ele>
				<time>2026-08-06T17:28:26.331Z</time>
			</trkpt>
			<trkpt lat="39.71861" lon="21.02525">
				<ele>617.72</ele>
				<time>2026-08-06T17:28:27.060Z</time>
			</trkpt>
			<trkpt lat="39.71865" lon="21.02533">
				<ele>619.98</ele>
				<time>2026-08-06T17:28:27.991Z</time>
			</trkpt>
			<trkpt lat="39.71879" lon="21.02555">
				<ele>626.13</ele>
				<time>2026-08-06T17:28:30.777Z</time>
			</trkpt>
			<trkpt lat="39.7188" lon="21.02569">
				<ele>627.56</ele>
				<time>2026-08-06T17:28:32.147Z</time>
			</trkpt>
			<trkpt lat="39.71879" lon="21.02577">
				<ele>627.42</ele>
				<time>2026-08-06T17:28:32.937Z</time>
			</trkpt>
			<trkpt lat="39.71874" lon="21.02585">
				<ele>627</ele>
				<time>2026-08-06T17:28:33.942Z</time>
			</trkpt>
			<trkpt lat="39.71868" lon="21.02592">
				<ele>627.09</ele>
				<time>2026-08-06T17:28:34.963Z</time>
			</trkpt>
			<trkpt lat="39.71851" lon="21.02602">
				<ele>626.08</ele>
				<time>2026-08-06T17:28:37.325Z</time>
			</trkpt>
			<trkpt lat="39.71823" lon="21.02613">
				<ele>624.5</ele>
				<time>2026-08-06T17:28:41.026Z</time>
			</trkpt>
			<trkpt lat="39.71796" lon="21.02621">
				<ele>623.28</ele>
				<time>2026-08-06T17:28:44.526Z</time>
			</trkpt>
			<trkpt lat="39.71786" lon="21.02625">
				<ele>622.95</ele>
				<time>2026-08-06T17:28:45.848Z</time>
			</trkpt>
			<trkpt lat="39.71776" lon="21.02632">
				<ele>622.86</ele>
				<time>2026-08-06T17:28:47.282Z</time>
			</trkpt>
			<trkpt lat="39.71768" lon="21.0264">
				<ele>622.42</ele>
				<time>2026-08-06T17:28:48.556Z</time>
			</trkpt>
			<trkpt lat="39.7169" lon="21.02741">
				<ele>621.79</ele>
				<time>2026-08-06T17:29:02.428Z</time>
			</trkpt>
			<trkpt lat="39.71665" lon="21.02783">
				<ele>619.72</ele>
				<time>2026-08-06T17:29:07.564Z</time>
			</trkpt>
			<trkpt lat="39.71663" lon="21.02789">
				<ele>619.18</ele>
				<time>2026-08-06T17:29:08.196Z</time>
			</trkpt>
			<trkpt lat="39.71663" lon="21.02796">
				<ele>619.24</ele>
				<time>2026-08-06T17:29:08.872Z</time>
			</trkpt>
			<trkpt lat="39.71665" lon="21.0281">
				<ele>618.98</ele>
				<time>2026-08-06T17:29:10.248Z</time>
			</trkpt>
			<trkpt lat="39.71669" lon="21.02816">
				<ele>618.3</ele>
				<time>2026-08-06T17:29:11.015Z</time>
			</trkpt>
			<trkpt lat="39.71674" lon="21.02821">
				<ele>618</ele>
				<time>2026-08-06T17:29:11.807Z</time>
			</trkpt>
			<trkpt lat="39.71682" lon="21.02823">
				<ele>618.23</ele>
				<time>2026-08-06T17:29:12.829Z</time>
			</trkpt>
			<trkpt lat="39.71689" lon="21.02824">
				<ele>618.85</ele>
				<time>2026-08-06T17:29:13.713Z</time>
			</trkpt>
			<trkpt lat="39.717" lon="21.0282">
				<ele>620.41</ele>
				<time>2026-08-06T17:29:15.146Z</time>
			</trkpt>
			<trkpt lat="39.71728" lon="21.02808">
				<ele>625.58</ele>
				<time>2026-08-06T17:29:18.843Z</time>
			</trkpt>
			<trkpt lat="39.71747" lon="21.02806">
				<ele>625.67</ele>
				<time>2026-08-06T17:29:21.231Z</time>
			</trkpt>
			<trkpt lat="39.71772" lon="21.02811">
				<ele>623.9</ele>
				<time>2026-08-06T17:29:24.399Z</time>
			</trkpt>
			<trkpt lat="39.71795" lon="21.02819">
				<ele>621.25</ele>
				<time>2026-08-06T17:29:27.379Z</time>
			</trkpt>
			<trkpt lat="39.71811" lon="21.02827">
				<ele>619.49</ele>
				<time>2026-08-06T17:29:29.523Z</time>
			</trkpt>
			<trkpt lat="39.71821" lon="21.02835">
				<ele>618.52</ele>
				<time>2026-08-06T17:29:30.991Z</time>
			</trkpt>
			<trkpt lat="39.71825" lon="21.02846">
				<ele>618.36</ele>
				<time>2026-08-06T17:29:32.161Z</time>
			</trkpt>
			<trkpt lat="39.71825" lon="21.0286">
				<ele>617.63</ele>
				<time>2026-08-06T17:29:33.507Z</time>
			</trkpt>
			<trkpt lat="39.71812" lon="21.02926">
				<ele>609.96</ele>
				<time>2026-08-06T17:29:40.051Z</time>
			</trkpt>
			<trkpt lat="39.71811" lon="21.02944">
				<ele>607.7</ele>
				<time>2026-08-06T17:29:41.783Z</time>
			</trkpt>
			<trkpt lat="39.71814" lon="21.02954">
				<ele>606.92</ele>
				<time>2026-08-06T17:29:42.813Z</time>
			</trkpt>
			<trkpt lat="39.71817" lon="21.02963">
				<ele>606.6</ele>
				<time>2026-08-06T17:29:43.754Z</time>
			</trkpt>
			<trkpt lat="39.71822" lon="21.0297">
				<ele>607.39</ele>
				<time>2026-08-06T17:29:44.670Z</time>
			</trkpt>
			<trkpt lat="39.71845" lon="21.02995">
				<ele>607.11</ele>
				<time>2026-08-06T17:29:48.406Z</time>
			</trkpt>
			<trkpt lat="39.71865" lon="21.03021">
				<ele>604.92</ele>
				<time>2026-08-06T17:29:51.929Z</time>
			</trkpt>
			<trkpt lat="39.71872" lon="21.03033">
				<ele>603.3</ele>
				<time>2026-08-06T17:29:53.371Z</time>
			</trkpt>
			<trkpt lat="39.71875" lon="21.03045">
				<ele>602.17</ele>
				<time>2026-08-06T17:29:54.579Z</time>
			</trkpt>
			<trkpt lat="39.71874" lon="21.03061">
				<ele>599.67</ele>
				<time>2026-08-06T17:29:56.116Z</time>
			</trkpt>
			<trkpt lat="39.71866" lon="21.03078">
				<ele>597.3</ele>
				<time>2026-08-06T17:29:58.023Z</time>
			</trkpt>
			<trkpt lat="39.7185" lon="21.0309">
				<ele>593.77</ele>
				<time>2026-08-06T17:30:00.319Z</time>
			</trkpt>
			<trkpt lat="39.71824" lon="21.03103">
				<ele>589.68</ele>
				<time>2026-08-06T17:30:03.782Z</time>
			</trkpt>
			<trkpt lat="39.7177" lon="21.03126">
				<ele>582.88</ele>
				<time>2026-08-06T17:30:10.838Z</time>
			</trkpt>
			<trkpt lat="39.71763" lon="21.03135">
				<ele>581.3</ele>
				<time>2026-08-06T17:30:12.059Z</time>
			</trkpt>
			<trkpt lat="39.71761" lon="21.0314">
				<ele>580.38</ele>
				<time>2026-08-06T17:30:12.597Z</time>
			</trkpt>
			<trkpt lat="39.71762" lon="21.03158">
				<ele>576.84</ele>
				<time>2026-08-06T17:30:14.319Z</time>
			</trkpt>
			<trkpt lat="39.71769" lon="21.03173">
				<ele>574.89</ele>
				<time>2026-08-06T17:30:15.993Z</time>
			</trkpt>
			<trkpt lat="39.71774" lon="21.03179">
				<ele>574.22</ele>
				<time>2026-08-06T17:30:16.836Z</time>
			</trkpt>
			<trkpt lat="39.71785" lon="21.03186">
				<ele>573.21</ele>
				<time>2026-08-06T17:30:18.355Z</time>
			</trkpt>
			<trkpt lat="39.71812" lon="21.03187">
				<ele>572.67</ele>
				<time>2026-08-06T17:30:21.702Z</time>
			</trkpt>
			<trkpt lat="39.71865" lon="21.03183">
				<ele>569.25</ele>
				<time>2026-08-06T17:30:28.275Z</time>
			</trkpt>
			<trkpt lat="39.71878" lon="21.03182">
				<ele>568.76</ele>
				<time>2026-08-06T17:30:29.887Z</time>
			</trkpt>
			<trkpt lat="39.71912" lon="21.03174">
				<ele>569.08</ele>
				<time>2026-08-06T17:30:34.161Z</time>
			</trkpt>
			<trkpt lat="39.71931" lon="21.03176">
				<ele>569.77</ele>
				<time>2026-08-06T17:30:36.517Z</time>
			</trkpt>
			<trkpt lat="39.71952" lon="21.03188">
				<ele>566.99</ele>
				<time>2026-08-06T17:30:39.352Z</time>
			</trkpt>
			<trkpt lat="39.71965" lon="21.0319">
				<ele>566.4</ele>
				<time>2026-08-06T17:30:40.970Z</time>
			</trkpt>
			<trkpt lat="39.71974" lon="21.03188">
				<ele>566.43</ele>
				<time>2026-08-06T17:30:42.098Z</time>
			</trkpt>
			<trkpt lat="39.71985" lon="21.03181">
				<ele>565.73</ele>
				<time>2026-08-06T17:30:43.610Z</time>
			</trkpt>
			<trkpt lat="39.71993" lon="21.03172">
				<ele>565.11</ele>
				<time>2026-08-06T17:30:44.917Z</time>
			</trkpt>
			<trkpt lat="39.7203" lon="21.03119">
				<ele>568.49</ele>
				<time>2026-08-06T17:30:51.712Z</time>
			</trkpt>
			<trkpt lat="39.72039" lon="21.03112">
				<ele>570.8</ele>
				<time>2026-08-06T17:30:53.005Z</time>
			</trkpt>
			<trkpt lat="39.72047" lon="21.03111">
				<ele>571.99</ele>
				<time>2026-08-06T17:30:53.997Z</time>
			</trkpt>
			<trkpt lat="39.72055" lon="21.03115">
				<ele>571.95</ele>
				<time>2026-08-06T17:30:55.054Z</time>
			</trkpt>
			<trkpt lat="39.72061" lon="21.03125">
				<ele>571.89</ele>
				<time>2026-08-06T17:30:56.257Z</time>
			</trkpt>
			<trkpt lat="39.7207" lon="21.03148">
				<ele>572.88</ele>
				<time>2026-08-06T17:30:58.704Z</time>
			</trkpt>
			<trkpt lat="39.72068" lon="21.0318">
				<ele>570.97</ele>
				<time>2026-08-06T17:31:01.747Z</time>
			</trkpt>
			<trkpt lat="39.72043" lon="21.03247">
				<ele>571.92</ele>
				<time>2026-08-06T17:31:08.802Z</time>
			</trkpt>
			<trkpt lat="39.72035" lon="21.0326">
				<ele>573.51</ele>
				<time>2026-08-06T17:31:10.379Z</time>
			</trkpt>
			<trkpt lat="39.71997" lon="21.03304">
				<ele>573.3</ele>
				<time>2026-08-06T17:31:16.642Z</time>
			</trkpt>
			<trkpt lat="39.71987" lon="21.03318">
				<ele>575.5</ele>
				<time>2026-08-06T17:31:18.449Z</time>
			</trkpt>
			<trkpt lat="39.71978" lon="21.03336">
				<ele>579.35</ele>
				<time>2026-08-06T17:31:20.480Z</time>
			</trkpt>
			<trkpt lat="39.71964" lon="21.03352">
				<ele>580.58</ele>
				<time>2026-08-06T17:31:22.773Z</time>
			</trkpt>
			<trkpt lat="39.71902" lon="21.03394">
				<ele>573.56</ele>
				<time>2026-08-06T17:31:31.366Z</time>
			</trkpt>
			<trkpt lat="39.71885" lon="21.03408">
				<ele>571.9</ele>
				<time>2026-08-06T17:31:33.838Z</time>
			</trkpt>
			<trkpt lat="39.71869" lon="21.03426">
				<ele>570.86</ele>
				<time>2026-08-06T17:31:36.437Z</time>
			</trkpt>
			<trkpt lat="39.71867" lon="21.03437">
				<ele>572.1</ele>
				<time>2026-08-06T17:31:37.505Z</time>
			</trkpt>
			<trkpt lat="39.7187" lon="21.03455">
				<ele>574.88</ele>
				<time>2026-08-06T17:31:39.245Z</time>
			</trkpt>
			<trkpt lat="39.71876" lon="21.03471">
				<ele>577.47</ele>
				<time>2026-08-06T17:31:40.926Z</time>
			</trkpt>
			<trkpt lat="39.71888" lon="21.03486">
				<ele>580.14</ele>
				<time>2026-08-06T17:31:42.970Z</time>
			</trkpt>
			<trkpt lat="39.71899" lon="21.03493">
				<ele>580.34</ele>
				<time>2026-08-06T17:31:44.473Z</time>
			</trkpt>
			<trkpt lat="39.71924" lon="21.03494">
				<ele>582.1</ele>
				<time>2026-08-06T17:31:47.543Z</time>
			</trkpt>
			<trkpt lat="39.71941" lon="21.03492">
				<ele>584.63</ele>
				<time>2026-08-06T17:31:49.638Z</time>
			</trkpt>
			<trkpt lat="39.71949" lon="21.03491">
				<ele>586.01</ele>
				<time>2026-08-06T17:31:50.624Z</time>
			</trkpt>
			<trkpt lat="39.7196" lon="21.03493">
				<ele>587.67</ele>
				<time>2026-08-06T17:31:51.987Z</time>
			</trkpt>
			<trkpt lat="39.71971" lon="21.035">
				<ele>588.89</ele>
				<time>2026-08-06T17:31:53.490Z</time>
			</trkpt>
			<trkpt lat="39.71998" lon="21.03532">
				<ele>585.08</ele>
				<time>2026-08-06T17:31:57.972Z</time>
			</trkpt>
			<trkpt lat="39.72005" lon="21.03535">
				<ele>585.12</ele>
				<time>2026-08-06T17:31:58.876Z</time>
			</trkpt>
			<trkpt lat="39.72014" lon="21.03537">
				<ele>585.82</ele>
				<time>2026-08-06T17:31:59.995Z</time>
			</trkpt>
			<trkpt lat="39.72056" lon="21.03536">
				<ele>592.2</ele>
				<time>2026-08-06T17:32:05.147Z</time>
			</trkpt>
			<trkpt lat="39.72062" lon="21.03539">
				<ele>592.2</ele>
				<time>2026-08-06T17:32:05.935Z</time>
			</trkpt>
			<trkpt lat="39.72091" lon="21.03575">
				<ele>589.27</ele>
				<time>2026-08-06T17:32:10.850Z</time>
			</trkpt>
			<trkpt lat="39.72106" lon="21.03588">
				<ele>589.4</ele>
				<time>2026-08-06T17:32:13.060Z</time>
			</trkpt>
			<trkpt lat="39.72125" lon="21.03597">
				<ele>591.82</ele>
				<time>2026-08-06T17:32:15.539Z</time>
			</trkpt>
			<trkpt lat="39.72247" lon="21.03637">
				<ele>589.54</ele>
				<time>2026-08-06T17:32:30.957Z</time>
			</trkpt>
			<trkpt lat="39.72284" lon="21.03644">
				<ele>593.4</ele>
				<time>2026-08-06T17:32:35.538Z</time>
			</trkpt>
			<trkpt lat="39.72297" lon="21.03643">
				<ele>595.76</ele>
				<time>2026-08-06T17:32:37.133Z</time>
			</trkpt>
			<trkpt lat="39.72308" lon="21.0364">
				<ele>598.03</ele>
				<time>2026-08-06T17:32:38.510Z</time>
			</trkpt>
			<trkpt lat="39.72391" lon="21.03591">
				<ele>618.51</ele>
				<time>2026-08-06T17:32:49.677Z</time>
			</trkpt>
			<trkpt lat="39.72409" lon="21.03587">
				<ele>616.32</ele>
				<time>2026-08-06T17:32:51.914Z</time>
			</trkpt>
			<trkpt lat="39.72424" lon="21.03588">
				<ele>613.39</ele>
				<time>2026-08-06T17:32:53.754Z</time>
			</trkpt>
			<trkpt lat="39.7244" lon="21.036">
				<ele>609.94</ele>
				<time>2026-08-06T17:32:56.017Z</time>
			</trkpt>
			<trkpt lat="39.72482" lon="21.03673">
				<ele>613.28</ele>
				<time>2026-08-06T17:33:04.608Z</time>
			</trkpt>
			<trkpt lat="39.72506" lon="21.03706">
				<ele>616.69</ele>
				<time>2026-08-06T17:33:08.889Z</time>
			</trkpt>
			<trkpt lat="39.72524" lon="21.03725">
				<ele>616.11</ele>
				<time>2026-08-06T17:33:11.730Z</time>
			</trkpt>
			<trkpt lat="39.72536" lon="21.03733">
				<ele>615.1</ele>
				<time>2026-08-06T17:33:13.383Z</time>
			</trkpt>
			<trkpt lat="39.72555" lon="21.0374">
				<ele>614.4</ele>
				<time>2026-08-06T17:33:15.803Z</time>
			</trkpt>
			<trkpt lat="39.72596" lon="21.03742">
				<ele>619.4</ele>
				<time>2026-08-06T17:33:20.833Z</time>
			</trkpt>
			<trkpt lat="39.72611" lon="21.03748">
				<ele>622.35</ele>
				<time>2026-08-06T17:33:22.757Z</time>
			</trkpt>
			<trkpt lat="39.72623" lon="21.03758">
				<ele>625.78</ele>
				<time>2026-08-06T17:33:24.505Z</time>
			</trkpt>
			<trkpt lat="39.72636" lon="21.03777">
				<ele>627.1</ele>
				<time>2026-08-06T17:33:26.903Z</time>
			</trkpt>
			<trkpt lat="39.72669" lon="21.03831">
				<ele>626.44</ele>
				<time>2026-08-06T17:33:33.409Z</time>
			</trkpt>
			<trkpt lat="39.72687" lon="21.03852">
				<ele>627.05</ele>
				<time>2026-08-06T17:33:36.376Z</time>
			</trkpt>
			<trkpt lat="39.72723" lon="21.03881">
				<ele>633.36</ele>
				<time>2026-08-06T17:33:41.572Z</time>
			</trkpt>
			<trkpt lat="39.72739" lon="21.03899">
				<ele>634.92</ele>
				<time>2026-08-06T17:33:44.169Z</time>
			</trkpt>
			<trkpt lat="39.72745" lon="21.03919">
				<ele>635.04</ele>
				<time>2026-08-06T17:33:46.196Z</time>
			</trkpt>
			<trkpt lat="39.72747" lon="21.03939">
				<ele>634.77</ele>
				<time>2026-08-06T17:33:48.100Z</time>
			</trkpt>
			<trkpt lat="39.72728" lon="21.04024">
				<ele>634.7</ele>
				<time>2026-08-06T17:33:56.461Z</time>
			</trkpt>
			<trkpt lat="39.72723" lon="21.04033">
				<ele>635.34</ele>
				<time>2026-08-06T17:33:57.510Z</time>
			</trkpt>
			<trkpt lat="39.72717" lon="21.04042">
				<ele>635.69</ele>
				<time>2026-08-06T17:33:58.636Z</time>
			</trkpt>
			<trkpt lat="39.72707" lon="21.04051">
				<ele>634.45</ele>
				<time>2026-08-06T17:34:00.130Z</time>
			</trkpt>
			<trkpt lat="39.72695" lon="21.04057">
				<ele>632.09</ele>
				<time>2026-08-06T17:34:01.710Z</time>
			</trkpt>
			<trkpt lat="39.72651" lon="21.04073">
				<ele>630.85</ele>
				<time>2026-08-06T17:34:07.327Z</time>
			</trkpt>
			<trkpt lat="39.72626" lon="21.04089">
				<ele>634.48</ele>
				<time>2026-08-06T17:34:10.754Z</time>
			</trkpt>
			<trkpt lat="39.72584" lon="21.04128">
				<ele>636.76</ele>
				<time>2026-08-06T17:34:17.105Z</time>
			</trkpt>
			<trkpt lat="39.72557" lon="21.04161">
				<ele>636.92</ele>
				<time>2026-08-06T17:34:21.667Z</time>
			</trkpt>
			<trkpt lat="39.72542" lon="21.0419">
				<ele>638.4</ele>
				<time>2026-08-06T17:34:24.977Z</time>
			</trkpt>
			<trkpt lat="39.72541" lon="21.04208">
				<ele>640.39</ele>
				<time>2026-08-06T17:34:26.687Z</time>
			</trkpt>
			<trkpt lat="39.72544" lon="21.04224">
				<ele>642.33</ele>
				<time>2026-08-06T17:34:28.248Z</time>
			</trkpt>
			<trkpt lat="39.72552" lon="21.04238">
				<ele>643.01</ele>
				<time>2026-08-06T17:34:29.901Z</time>
			</trkpt>
			<trkpt lat="39.72588" lon="21.0428">
				<ele>643.48</ele>
				<time>2026-08-06T17:34:35.865Z</time>
			</trkpt>
			<trkpt lat="39.72633" lon="21.04319">
				<ele>643.58</ele>
				<time>2026-08-06T17:34:42.538Z</time>
			</trkpt>
			<trkpt lat="39.72665" lon="21.04336">
				<ele>644.35</ele>
				<time>2026-08-06T17:34:46.806Z</time>
			</trkpt>
			<trkpt lat="39.72685" lon="21.04341">
				<ele>649.06</ele>
				<time>2026-08-06T17:34:49.322Z</time>
			</trkpt>
			<trkpt lat="39.72707" lon="21.04339">
				<ele>651.57</ele>
				<time>2026-08-06T17:34:52.048Z</time>
			</trkpt>
			<trkpt lat="39.72739" lon="21.0433">
				<ele>650.65</ele>
				<time>2026-08-06T17:34:56.095Z</time>
			</trkpt>
			<trkpt lat="39.72762" lon="21.04313">
				<ele>652.14</ele>
				<time>2026-08-06T17:34:59.368Z</time>
			</trkpt>
			<trkpt lat="39.72825" lon="21.04247">
				<ele>662.77</ele>
				<time>2026-08-06T17:35:09.386Z</time>
			</trkpt>
			<trkpt lat="39.72854" lon="21.04213">
				<ele>655.22</ele>
				<time>2026-08-06T17:35:14.226Z</time>
			</trkpt>
			<trkpt lat="39.7287" lon="21.04186">
				<ele>653.44</ele>
				<time>2026-08-06T17:35:17.478Z</time>
			</trkpt>
			<trkpt lat="39.7289" lon="21.04136">
				<ele>660.49</ele>
				<time>2026-08-06T17:35:22.858Z</time>
			</trkpt>
			<trkpt lat="39.72904" lon="21.04117">
				<ele>658.64</ele>
				<time>2026-08-06T17:35:25.372Z</time>
			</trkpt>
			<trkpt lat="39.72916" lon="21.04109">
				<ele>655.41</ele>
				<time>2026-08-06T17:35:27.048Z</time>
			</trkpt>
			<trkpt lat="39.72928" lon="21.04106">
				<ele>654.24</ele>
				<time>2026-08-06T17:35:28.567Z</time>
			</trkpt>
			<trkpt lat="39.72993" lon="21.04105">
				<ele>645.09</ele>
				<time>2026-08-06T17:35:36.653Z</time>
			</trkpt>
			<trkpt lat="39.7302" lon="21.041">
				<ele>646.01</ele>
				<time>2026-08-06T17:35:40.049Z</time>
			</trkpt>
			<trkpt lat="39.7306" lon="21.04089">
				<ele>649.34</ele>
				<time>2026-08-06T17:35:45.145Z</time>
			</trkpt>
			<trkpt lat="39.73086" lon="21.04089">
				<ele>648.64</ele>
				<time>2026-08-06T17:35:48.388Z</time>
			</trkpt>
			<trkpt lat="39.73095" lon="21.04091">
				<ele>647.35</ele>
				<time>2026-08-06T17:35:49.527Z</time>
			</trkpt>
			<trkpt lat="39.73113" lon="21.04102">
				<ele>643.68</ele>
				<time>2026-08-06T17:35:52.010Z</time>
			</trkpt>
			<trkpt lat="39.73116" lon="21.04106">
				<ele>642.74</ele>
				<time>2026-08-06T17:35:52.546Z</time>
			</trkpt>
			<trkpt lat="39.73122" lon="21.0412">
				<ele>640.35</ele>
				<time>2026-08-06T17:35:54.085Z</time>
			</trkpt>
			<trkpt lat="39.73122" lon="21.04152">
				<ele>637.84</ele>
				<time>2026-08-06T17:35:57.160Z</time>
			</trkpt>
			<trkpt lat="39.73118" lon="21.04169">
				<ele>636.88</ele>
				<time>2026-08-06T17:35:58.869Z</time>
			</trkpt>
			<trkpt lat="39.73101" lon="21.0423">
				<ele>632.47</ele>
				<time>2026-08-06T17:36:05.112Z</time>
			</trkpt>
			<trkpt lat="39.73095" lon="21.04277">
				<ele>631.99</ele>
				<time>2026-08-06T17:36:09.701Z</time>
			</trkpt>
			<trkpt lat="39.73094" lon="21.04292">
				<ele>632.1</ele>
				<time>2026-08-06T17:36:11.153Z</time>
			</trkpt>
			<trkpt lat="39.73095" lon="21.04328">
				<ele>632.78</ele>
				<time>2026-08-06T17:36:14.627Z</time>
			</trkpt>
			<trkpt lat="39.731" lon="21.04349">
				<ele>630.75</ele>
				<time>2026-08-06T17:36:16.748Z</time>
			</trkpt>
			<trkpt lat="39.73104" lon="21.04361">
				<ele>628.41</ele>
				<time>2026-08-06T17:36:18.011Z</time>
			</trkpt>
			<trkpt lat="39.73118" lon="21.0438">
				<ele>626.06</ele>
				<time>2026-08-06T17:36:20.552Z</time>
			</trkpt>
			<trkpt lat="39.73137" lon="21.04396">
				<ele>621.85</ele>
				<time>2026-08-06T17:36:23.396Z</time>
			</trkpt>
			<trkpt lat="39.73197" lon="21.0441">
				<ele>623.76</ele>
				<time>2026-08-06T17:36:31.065Z</time>
			</trkpt>
			<trkpt lat="39.73207" lon="21.04417">
				<ele>620.65</ele>
				<time>2026-08-06T17:36:32.496Z</time>
			</trkpt>
			<trkpt lat="39.73223" lon="21.04435">
				<ele>612.57</ele>
				<time>2026-08-06T17:36:35.161Z</time>
			</trkpt>
			<trkpt lat="39.73231" lon="21.0444">
				<ele>610.74</ele>
				<time>2026-08-06T17:36:36.280Z</time>
			</trkpt>
			<trkpt lat="39.7324" lon="21.04443">
				<ele>610.03</ele>
				<time>2026-08-06T17:36:37.452Z</time>
			</trkpt>
			<trkpt lat="39.73249" lon="21.04442">
				<ele>610.47</ele>
				<time>2026-08-06T17:36:38.591Z</time>
			</trkpt>
			<trkpt lat="39.73255" lon="21.04441">
				<ele>612.57</ele>
				<time>2026-08-06T17:36:39.354Z</time>
			</trkpt>
			<trkpt lat="39.73276" lon="21.04429">
				<ele>622.01</ele>
				<time>2026-08-06T17:36:42.249Z</time>
			</trkpt>
			<trkpt lat="39.7328" lon="21.04428">
				<ele>623.54</ele>
				<time>2026-08-06T17:36:42.764Z</time>
			</trkpt>
			<trkpt lat="39.7329" lon="21.04431">
				<ele>625.72</ele>
				<time>2026-08-06T17:36:44.060Z</time>
			</trkpt>
			<trkpt lat="39.73294" lon="21.04435">
				<ele>625.76</ele>
				<time>2026-08-06T17:36:44.697Z</time>
			</trkpt>
			<trkpt lat="39.73298" lon="21.04445">
				<ele>624.57</ele>
				<time>2026-08-06T17:36:45.792Z</time>
			</trkpt>
			<trkpt lat="39.73305" lon="21.04475">
				<ele>620.33</ele>
				<time>2026-08-06T17:36:48.840Z</time>
			</trkpt>
			<trkpt lat="39.73317" lon="21.04513">
				<ele>616.64</ele>
				<time>2026-08-06T17:36:52.837Z</time>
			</trkpt>
			<trkpt lat="39.73328" lon="21.04538">
				<ele>614.99</ele>
				<time>2026-08-06T17:36:55.642Z</time>
			</trkpt>
			<trkpt lat="39.73333" lon="21.04544">
				<ele>614.72</ele>
				<time>2026-08-06T17:36:56.504Z</time>
			</trkpt>
			<trkpt lat="39.73342" lon="21.0455">
				<ele>615.52</ele>
				<time>2026-08-06T17:36:57.786Z</time>
			</trkpt>
			<trkpt lat="39.73353" lon="21.04554">
				<ele>617.28</ele>
				<time>2026-08-06T17:36:59.234Z</time>
			</trkpt>
			<trkpt lat="39.73375" lon="21.04553">
				<ele>621.07</ele>
				<time>2026-08-06T17:37:02.026Z</time>
			</trkpt>
			<trkpt lat="39.73393" lon="21.04555">
				<ele>622.49</ele>
				<time>2026-08-06T17:37:04.320Z</time>
			</trkpt>
			<trkpt lat="39.7341" lon="21.04561">
				<ele>623.76</ele>
				<time>2026-08-06T17:37:06.557Z</time>
			</trkpt>
			<trkpt lat="39.73416" lon="21.04566">
				<ele>624.13</ele>
				<time>2026-08-06T17:37:07.462Z</time>
			</trkpt>
			<trkpt lat="39.73526" lon="21.04738">
				<ele>614.28</ele>
				<time>2026-08-06T17:37:29.389Z</time>
			</trkpt>
			<trkpt lat="39.73534" lon="21.04746">
				<ele>612.24</ele>
				<time>2026-08-06T17:37:30.679Z</time>
			</trkpt>
			<trkpt lat="39.73545" lon="21.04751">
				<ele>611.31</ele>
				<time>2026-08-06T17:37:32.170Z</time>
			</trkpt>
			<trkpt lat="39.73554" lon="21.04752">
				<ele>611.32</ele>
				<time>2026-08-06T17:37:33.326Z</time>
			</trkpt>
			<trkpt lat="39.73563" lon="21.04749">
				<ele>611.38</ele>
				<time>2026-08-06T17:37:34.515Z</time>
			</trkpt>
			<trkpt lat="39.73572" lon="21.04741">
				<ele>613.03</ele>
				<time>2026-08-06T17:37:35.911Z</time>
			</trkpt>
			<trkpt lat="39.73604" lon="21.04703">
				<ele>626.8</ele>
				<time>2026-08-06T17:37:41.467Z</time>
			</trkpt>
			<trkpt lat="39.73615" lon="21.04709">
				<ele>624.7</ele>
				<time>2026-08-06T17:37:42.997Z</time>
			</trkpt>
			<trkpt lat="39.73639" lon="21.04727">
				<ele>619.87</ele>
				<time>2026-08-06T17:37:46.555Z</time>
			</trkpt>
			<trkpt lat="39.73649" lon="21.04743">
				<ele>625.17</ele>
				<time>2026-08-06T17:37:48.593Z</time>
			</trkpt>
			<trkpt lat="39.7365" lon="21.0472">
				<ele>623.2</ele>
				<time>2026-08-06T17:37:50.872Z</time>
			</trkpt>
			<trkpt lat="39.73648" lon="21.04706">
				<ele>624.33</ele>
				<time>2026-08-06T17:37:52.281Z</time>
			</trkpt>
			<trkpt lat="39.73645" lon="21.04693">
				<ele>626.85</ele>
				<time>2026-08-06T17:37:53.624Z</time>
			</trkpt>
			<trkpt lat="39.7364" lon="21.04688">
				<ele>627.98</ele>
				<time>2026-08-06T17:37:54.437Z</time>
			</trkpt>
			<trkpt lat="39.73633" lon="21.04685">
				<ele>629.18</ele>
				<time>2026-08-06T17:37:55.386Z</time>
			</trkpt>
			<trkpt lat="39.73627" lon="21.04686">
				<ele>629.49</ele>
				<time>2026-08-06T17:37:56.166Z</time>
			</trkpt>
			<trkpt lat="39.7361" lon="21.04697">
				<ele>628.22</ele>
				<time>2026-08-06T17:37:58.613Z</time>
			</trkpt>
			<trkpt lat="39.73604" lon="21.04703">
				<ele>626.8</ele>
				<time>2026-08-06T17:37:59.590Z</time>
			</trkpt>
			<trkpt lat="39.73615" lon="21.04709">
				<ele>624.7</ele>
				<time>2026-08-06T17:38:01.143Z</time>
			</trkpt>
			<trkpt lat="39.73639" lon="21.04727">
				<ele>619.87</ele>
				<time>2026-08-06T17:38:04.797Z</time>
			</trkpt>
			<trkpt lat="39.73649" lon="21.04743">
				<ele>625.17</ele>
				<time>2026-08-06T17:38:06.889Z</time>
			</trkpt>
			<trkpt lat="39.73642" lon="21.04763">
				<ele>624.8</ele>
				<time>2026-08-06T17:38:09.111Z</time>
			</trkpt>
			<trkpt lat="39.73633" lon="21.04781">
				<ele>621.14</ele>
				<time>2026-08-06T17:38:11.282Z</time>
			</trkpt>
			<trkpt lat="39.73627" lon="21.04801">
				<ele>617.63</ele>
				<time>2026-08-06T17:38:13.453Z</time>
			</trkpt>
			<trkpt lat="39.73627" lon="21.04826">
				<ele>616.82</ele>
				<time>2026-08-06T17:38:15.981Z</time>
			</trkpt>
			<trkpt lat="39.73633" lon="21.04848">
				<ele>618.79</ele>
				<time>2026-08-06T17:38:18.340Z</time>
			</trkpt>
			<trkpt lat="39.73638" lon="21.04868">
				<ele>621.52</ele>
				<time>2026-08-06T17:38:20.444Z</time>
			</trkpt>
			<trkpt lat="39.73638" lon="21.0488">
				<ele>622.36</ele>
				<time>2026-08-06T17:38:21.641Z</time>
			</trkpt>
			<trkpt lat="39.73636" lon="21.04891">
				<ele>622.76</ele>
				<time>2026-08-06T17:38:22.775Z</time>
			</trkpt>
			<trkpt lat="39.73631" lon="21.04905">
				<ele>623.63</ele>
				<time>2026-08-06T17:38:24.349Z</time>
			</trkpt>
			<trkpt lat="39.73609" lon="21.04949">
				<ele>621.9</ele>
				<time>2026-08-06T17:38:29.890Z</time>
			</trkpt>
			<trkpt lat="39.73604" lon="21.04965">
				<ele>620.55</ele>
				<time>2026-08-06T17:38:31.728Z</time>
			</trkpt>
			<trkpt lat="39.736" lon="21.04997">
				<ele>618.48</ele>
				<time>2026-08-06T17:38:35.193Z</time>
			</trkpt>
			<trkpt lat="39.73604" lon="21.05084">
				<ele>616.24</ele>
				<time>2026-08-06T17:38:44.598Z</time>
			</trkpt>
			<trkpt lat="39.73616" lon="21.05221">
				<ele>617.55</ele>
				<time>2026-08-06T17:38:59.734Z</time>
			</trkpt>
			<trkpt lat="39.73621" lon="21.05258">
				<ele>618.25</ele>
				<time>2026-08-06T17:39:03.910Z</time>
			</trkpt>
			<trkpt lat="39.73627" lon="21.05281">
				<ele>617.97</ele>
				<time>2026-08-06T17:39:06.621Z</time>
			</trkpt>
			<trkpt lat="39.73642" lon="21.05315">
				<ele>615.9</ele>
				<time>2026-08-06T17:39:11.016Z</time>
			</trkpt>
			<trkpt lat="39.7367" lon="21.05355">
				<ele>615.28</ele>
				<time>2026-08-06T17:39:17.118Z</time>
			</trkpt>
			<trkpt lat="39.73718" lon="21.05416">
				<ele>620.2</ele>
				<time>2026-08-06T17:39:27.050Z</time>
			</trkpt>
			<trkpt lat="39.73729" lon="21.0543">
				<ele>620.41</ele>
				<time>2026-08-06T17:39:29.343Z</time>
			</trkpt>
			<trkpt lat="39.73747" lon="21.05463">
				<ele>620.22</ele>
				<time>2026-08-06T17:39:33.993Z</time>
			</trkpt>
			<trkpt lat="39.73761" lon="21.05503">
				<ele>618.46</ele>
				<time>2026-08-06T17:39:39.069Z</time>
			</trkpt>
			<trkpt lat="39.73781" lon="21.0557">
				<ele>614.6</ele>
				<time>2026-08-06T17:39:47.422Z</time>
			</trkpt>
			<trkpt lat="39.73822" lon="21.05691">
				<ele>616.98</ele>
				<time>2026-08-06T17:40:02.951Z</time>
			</trkpt>
			<trkpt lat="39.73856" lon="21.0578">
				<ele>625.36</ele>
				<time>2026-08-06T17:40:14.750Z</time>
			</trkpt>
			<trkpt lat="39.73861" lon="21.05797">
				<ele>626.54</ele>
				<time>2026-08-06T17:40:16.922Z</time>
			</trkpt>
			<trkpt lat="39.73863" lon="21.05821">
				<ele>626.26</ele>
				<time>2026-08-06T17:40:19.808Z</time>
			</trkpt>
			<trkpt lat="39.73859" lon="21.059">
				<ele>621.32</ele>
				<time>2026-08-06T17:40:29.313Z</time>
			</trkpt>
			<trkpt lat="39.73861" lon="21.05928">
				<ele>618.7</ele>
				<time>2026-08-06T17:40:32.703Z</time>
			</trkpt>
			<trkpt lat="39.73865" lon="21.05948">
				<ele>617.79</ele>
				<time>2026-08-06T17:40:35.198Z</time>
			</trkpt>
			<trkpt lat="39.73873" lon="21.05975">
				<ele>618.2</ele>
				<time>2026-08-06T17:40:38.699Z</time>
			</trkpt>
			<trkpt lat="39.73901" lon="21.06038">
				<ele>623.34</ele>
				<time>2026-08-06T17:40:47.534Z</time>
			</trkpt>
			<trkpt lat="39.73911" lon="21.06064">
				<ele>625.33</ele>
				<time>2026-08-06T17:40:51.075Z</time>
			</trkpt>
			<trkpt lat="39.73917" lon="21.06089">
				<ele>627.42</ele>
				<time>2026-08-06T17:40:54.271Z</time>
			</trkpt>
			<trkpt lat="39.7392" lon="21.06121">
				<ele>628.4</ele>
				<time>2026-08-06T17:40:58.212Z</time>
			</trkpt>
			<trkpt lat="39.7392" lon="21.0616">
				<ele>625.46</ele>
				<time>2026-08-06T17:41:02.990Z</time>
			</trkpt>
			<trkpt lat="39.73919" lon="21.06215">
				<ele>629.09</ele>
				<time>2026-08-06T17:41:09.747Z</time>
			</trkpt>
			<trkpt lat="39.73921" lon="21.06239">
				<ele>633.05</ele>
				<time>2026-08-06T17:41:12.718Z</time>
			</trkpt>
			<trkpt lat="39.73927" lon="21.06273">
				<ele>636.44</ele>
				<time>2026-08-06T17:41:17.018Z</time>
			</trkpt>
			<trkpt lat="39.7401" lon="21.06534">
				<ele>630.86</ele>
				<time>2026-08-06T17:41:52.067Z</time>
			</trkpt>
			<trkpt lat="39.74022" lon="21.06572">
				<ele>626.55</ele>
				<time>2026-08-06T17:41:57.193Z</time>
			</trkpt>
			<trkpt lat="39.74043" lon="21.06611">
				<ele>624.8</ele>
				<time>2026-08-06T17:42:03.141Z</time>
			</trkpt>
			<trkpt lat="39.74063" lon="21.06635">
				<ele>626.84</ele>
				<time>2026-08-06T17:42:07.566Z</time>
			</trkpt>
			<trkpt lat="39.74215" lon="21.06724">
				<ele>624.49</ele>
				<time>2026-08-06T17:42:34.729Z</time>
			</trkpt>
			<trkpt lat="39.74243" lon="21.06732">
				<ele>626.38</ele>
				<time>2026-08-06T17:42:39.406Z</time>
			</trkpt>
			<trkpt lat="39.74255" lon="21.06733">
				<ele>626.53</ele>
				<time>2026-08-06T17:42:41.368Z</time>
			</trkpt>
			<trkpt lat="39.74279" lon="21.06732">
				<ele>625.98</ele>
				<time>2026-08-06T17:42:45.286Z</time>
			</trkpt>
			<trkpt lat="39.7429" lon="21.06727">
				<ele>625.17</ele>
				<time>2026-08-06T17:42:47.188Z</time>
			</trkpt>
			<trkpt lat="39.74369" lon="21.06676">
				<ele>620.26</ele>
				<time>2026-08-06T17:43:01.577Z</time>
			</trkpt>
			<trkpt lat="39.74385" lon="21.06672">
				<ele>621.01</ele>
				<time>2026-08-06T17:43:04.234Z</time>
			</trkpt>
			<trkpt lat="39.744" lon="21.06671">
				<ele>623.51</ele>
				<time>2026-08-06T17:43:06.683Z</time>
			</trkpt>
			<trkpt lat="39.74417" lon="21.06675">
				<ele>625.57</ele>
				<time>2026-08-06T17:43:09.499Z</time>
			</trkpt>
			<trkpt lat="39.74428" lon="21.0668">
				<ele>623.94</ele>
				<time>2026-08-06T17:43:11.398Z</time>
			</trkpt>
			<trkpt lat="39.74443" lon="21.06694">
				<ele>618.03</ele>
				<time>2026-08-06T17:43:14.406Z</time>
			</trkpt>
			<trkpt lat="39.74465" lon="21.06722">
				<ele>614.46</ele>
				<time>2026-08-06T17:43:19.419Z</time>
			</trkpt>
			<trkpt lat="39.74484" lon="21.06752">
				<ele>614.46</ele>
				<time>2026-08-06T17:43:24.283Z</time>
			</trkpt>
			<trkpt lat="39.74504" lon="21.06795">
				<ele>615.96</ele>
				<time>2026-08-06T17:43:30.565Z</time>
			</trkpt>
			<trkpt lat="39.74525" lon="21.06868">
				<ele>619.52</ele>
				<time>2026-08-06T17:43:40.294Z</time>
			</trkpt>
			<trkpt lat="39.7453" lon="21.06881">
				<ele>620.85</ele>
				<time>2026-08-06T17:43:42.106Z</time>
			</trkpt>
			<trkpt lat="39.74536" lon="21.0689">
				<ele>622.03</ele>
				<time>2026-08-06T17:43:43.590Z</time>
			</trkpt>
			<trkpt lat="39.74549" lon="21.06901">
				<ele>623.7</ele>
				<time>2026-08-06T17:43:46.102Z</time>
			</trkpt>
			<trkpt lat="39.74566" lon="21.06905">
				<ele>625.56</ele>
				<time>2026-08-06T17:43:48.899Z</time>
			</trkpt>
			<trkpt lat="39.74578" lon="21.06903">
				<ele>627.02</ele>
				<time>2026-08-06T17:43:50.856Z</time>
			</trkpt>
			<trkpt lat="39.74641" lon="21.06862">
				<ele>628.72</ele>
				<time>2026-08-06T17:44:02.230Z</time>
			</trkpt>
			<trkpt lat="39.74653" lon="21.06858">
				<ele>629.69</ele>
				<time>2026-08-06T17:44:04.226Z</time>
			</trkpt>
			<trkpt lat="39.74669" lon="21.06861">
				<ele>628.25</ele>
				<time>2026-08-06T17:44:06.828Z</time>
			</trkpt>
			<trkpt lat="39.74683" lon="21.06869">
				<ele>623.96</ele>
				<time>2026-08-06T17:44:09.288Z</time>
			</trkpt>
			<trkpt lat="39.74691" lon="21.06877">
				<ele>622.08</ele>
				<time>2026-08-06T17:44:10.910Z</time>
			</trkpt>
			<trkpt lat="39.74697" lon="21.06889">
				<ele>621.9</ele>
				<time>2026-08-06T17:44:12.677Z</time>
			</trkpt>
			<trkpt lat="39.74699" lon="21.06897">
				<ele>621.8</ele>
				<time>2026-08-06T17:44:13.716Z</time>
			</trkpt>
			<trkpt lat="39.74709" lon="21.06985">
				<ele>627</ele>
				<time>2026-08-06T17:44:24.670Z</time>
			</trkpt>
			<trkpt lat="39.74716" lon="21.07022">
				<ele>626.84</ele>
				<time>2026-08-06T17:44:29.346Z</time>
			</trkpt>
			<trkpt lat="39.7473" lon="21.07062">
				<ele>626.54</ele>
				<time>2026-08-06T17:44:34.728Z</time>
			</trkpt>
			<trkpt lat="39.74738" lon="21.07076">
				<ele>627.15</ele>
				<time>2026-08-06T17:44:36.860Z</time>
			</trkpt>
			<trkpt lat="39.74785" lon="21.07155">
				<ele>629.43</ele>
				<time>2026-08-06T17:44:49.024Z</time>
			</trkpt>
			<trkpt lat="39.74847" lon="21.07272">
				<ele>626.88</ele>
				<time>2026-08-06T17:45:06.184Z</time>
			</trkpt>
			<trkpt lat="39.74881" lon="21.07316">
				<ele>630.29</ele>
				<time>2026-08-06T17:45:13.659Z</time>
			</trkpt>
			<trkpt lat="39.7508" lon="21.07528">
				<ele>635.45</ele>
				<time>2026-08-06T17:45:53.039Z</time>
			</trkpt>
			<trkpt lat="39.7511" lon="21.07563">
				<ele>638.36</ele>
				<time>2026-08-06T17:45:59.088Z</time>
			</trkpt>
			<trkpt lat="39.75206" lon="21.07705">
				<ele>634.7</ele>
				<time>2026-08-06T17:46:20.598Z</time>
			</trkpt>
			<trkpt lat="39.75346" lon="21.07925">
				<ele>633.38</ele>
				<time>2026-08-06T17:46:52.070Z</time>
			</trkpt>
			<trkpt lat="39.75354" lon="21.07942">
				<ele>634.25</ele>
				<time>2026-08-06T17:46:54.217Z</time>
			</trkpt>
			<trkpt lat="39.7537" lon="21.07984">
				<ele>632.35</ele>
				<time>2026-08-06T17:46:59.238Z</time>
			</trkpt>
			<trkpt lat="39.75383" lon="21.08062">
				<ele>633.71</ele>
				<time>2026-08-06T17:47:07.698Z</time>
			</trkpt>
			<trkpt lat="39.754" lon="21.08183">
				<ele>642.09</ele>
				<time>2026-08-06T17:47:20.507Z</time>
			</trkpt>
			<trkpt lat="39.75408" lon="21.0822">
				<ele>643.9</ele>
				<time>2026-08-06T17:47:24.450Z</time>
			</trkpt>
			<trkpt lat="39.75422" lon="21.08266">
				<ele>645.31</ele>
				<time>2026-08-06T17:47:29.483Z</time>
			</trkpt>
			<trkpt lat="39.75446" lon="21.08318">
				<ele>642.93</ele>
				<time>2026-08-06T17:47:35.585Z</time>
			</trkpt>
			<trkpt lat="39.75472" lon="21.08367">
				<ele>644.58</ele>
				<time>2026-08-06T17:47:41.502Z</time>
			</trkpt>
			<trkpt lat="39.75488" lon="21.08392">
				<ele>644.39</ele>
				<time>2026-08-06T17:47:44.704Z</time>
			</trkpt>
			<trkpt lat="39.75514" lon="21.08424">
				<ele>644.57</ele>
				<time>2026-08-06T17:47:49.247Z</time>
			</trkpt>
			<trkpt lat="39.75528" lon="21.08435">
				<ele>645.29</ele>
				<time>2026-08-06T17:47:51.307Z</time>
			</trkpt>
			<trkpt lat="39.75564" lon="21.08451">
				<ele>644.52</ele>
				<time>2026-08-06T17:47:56.061Z</time>
			</trkpt>
			<trkpt lat="39.75598" lon="21.08458">
				<ele>647.57</ele>
				<time>2026-08-06T17:48:00.315Z</time>
			</trkpt>
			<trkpt lat="39.75619" lon="21.08464">
				<ele>648.21</ele>
				<time>2026-08-06T17:48:02.949Z</time>
			</trkpt>
			<trkpt lat="39.75659" lon="21.0847">
				<ele>648.85</ele>
				<time>2026-08-06T17:48:07.834Z</time>
			</trkpt>
			<trkpt lat="39.75671" lon="21.08471">
				<ele>649.16</ele>
				<time>2026-08-06T17:48:09.281Z</time>
			</trkpt>
			<trkpt lat="39.75665" lon="21.08518">
				<ele>644.03</ele>
				<time>2026-08-06T17:48:13.651Z</time>
			</trkpt>
			<trkpt lat="39.75643" lon="21.08571">
				<ele>645.4</ele>
				<time>2026-08-06T17:48:19.098Z</time>
			</trkpt>
			<trkpt lat="39.75622" lon="21.08617">
				<ele>638.49</ele>
				<time>2026-08-06T17:48:23.863Z</time>
			</trkpt>
			<trkpt lat="39.75608" lon="21.08641">
				<ele>638.19</ele>
				<time>2026-08-06T17:48:26.400Z</time>
			</trkpt>
			<trkpt lat="39.75582" lon="21.08701">
				<ele>637.46</ele>
				<time>2026-08-06T17:48:32.285Z</time>
			</trkpt>
			<trkpt lat="39.75533" lon="21.08826">
				<ele>642.64</ele>
				<time>2026-08-06T17:48:44.805Z</time>
			</trkpt>
			<trkpt lat="39.75518" lon="21.08861">
				<ele>644.03</ele>
				<time>2026-08-06T17:48:48.513Z</time>
			</trkpt>
			<trkpt lat="39.75502" lon="21.08887">
				<ele>647.51</ele>
				<time>2026-08-06T17:48:51.643Z</time>
			</trkpt>
			<trkpt lat="39.75494" lon="21.08898">
				<ele>649.27</ele>
				<time>2026-08-06T17:48:53.080Z</time>
			</trkpt>
			<trkpt lat="39.75475" lon="21.08916">
				<ele>651.63</ele>
				<time>2026-08-06T17:48:56.013Z</time>
			</trkpt>
			<trkpt lat="39.75464" lon="21.08924">
				<ele>650.9</ele>
				<time>2026-08-06T17:48:57.601Z</time>
			</trkpt>
			<trkpt lat="39.75447" lon="21.08935">
				<ele>649.15</ele>
				<time>2026-08-06T17:49:00.016Z</time>
			</trkpt>
			<trkpt lat="39.75429" lon="21.08944">
				<ele>647.45</ele>
				<time>2026-08-06T17:49:02.497Z</time>
			</trkpt>
			<trkpt lat="39.75402" lon="21.08946">
				<ele>649.52</ele>
				<time>2026-08-06T17:49:06.023Z</time>
			</trkpt>
			<trkpt lat="39.75389" lon="21.08944">
				<ele>651.84</ele>
				<time>2026-08-06T17:49:07.750Z</time>
			</trkpt>
			<trkpt lat="39.75363" lon="21.08937">
				<ele>653.2</ele>
				<time>2026-08-06T17:49:11.296Z</time>
			</trkpt>
			<trkpt lat="39.75351" lon="21.08931">
				<ele>653.65</ele>
				<time>2026-08-06T17:49:13.034Z</time>
			</trkpt>
			<trkpt lat="39.75333" lon="21.08918">
				<ele>653.99</ele>
				<time>2026-08-06T17:49:15.845Z</time>
			</trkpt>
			<trkpt lat="39.75292" lon="21.08901">
				<ele>655.35</ele>
				<time>2026-08-06T17:49:21.837Z</time>
			</trkpt>
			<trkpt lat="39.7529" lon="21.08911">
				<ele>656.44</ele>
				<time>2026-08-06T17:49:22.961Z</time>
			</trkpt>
			<trkpt lat="39.75297" lon="21.08913">
				<ele>656.67</ele>
				<time>2026-08-06T17:49:23.980Z</time>
			</trkpt>
			<trkpt lat="39.75389" lon="21.08944">
				<ele>651.84</ele>
				<time>2026-08-06T17:49:37.937Z</time>
			</trkpt>
			<trkpt lat="39.75402" lon="21.08946">
				<ele>649.52</ele>
				<time>2026-08-06T17:49:39.927Z</time>
			</trkpt>
			<trkpt lat="39.75429" lon="21.08944">
				<ele>647.45</ele>
				<time>2026-08-06T17:49:44.091Z</time>
			</trkpt>
			<trkpt lat="39.75431" lon="21.08944">
				<ele>648.23</ele>
				<time>2026-08-06T17:49:44.402Z</time>
			</trkpt>
			<trkpt lat="39.75449" lon="21.08941">
				<ele>649.01</ele>
				<time>2026-08-06T17:49:47.249Z</time>
			</trkpt>
			<trkpt lat="39.75468" lon="21.08932">
				<ele>650.63</ele>
				<time>2026-08-06T17:49:50.496Z</time>
			</trkpt>
			<trkpt lat="39.75488" lon="21.08916">
				<ele>650.22</ele>
				<time>2026-08-06T17:49:54.400Z</time>
			</trkpt>
			<trkpt lat="39.75514" lon="21.08884">
				<ele>645.74</ele>
				<time>2026-08-06T17:50:00.722Z</time>
			</trkpt>
			<trkpt lat="39.75528" lon="21.08857">
				<ele>643.03</ele>
				<time>2026-08-06T17:50:05.483Z</time>
			</trkpt>
			<trkpt lat="39.75548" lon="21.08806">
				<ele>641.12</ele>
				<time>2026-08-06T17:50:14.803Z</time>
			</trkpt>
			<trkpt lat="39.75551" lon="21.08799">
				<ele>640.12</ele>
				<time>2026-08-06T17:50:16.299Z</time>
			</trkpt>
			<trkpt lat="39.75544" lon="21.08794">
				<ele>639.7</ele>
				<time>2026-08-06T17:50:18.322Z</time>
			</trkpt>
			<trkpt lat="39.75533" lon="21.08826">
				<ele>642.64</ele>
				<time>2026-08-06T17:50:25.711Z</time>
			</trkpt>
			<trkpt lat="39.75518" lon="21.08861">
				<ele>644.03</ele>
				<time>2026-08-06T17:50:34.800Z</time>
			</trkpt>
			<trkpt lat="39.75502" lon="21.08887">
				<ele>647.51</ele>
				<time>2026-08-06T17:50:42.440Z</time>
			</trkpt>
			<trkpt lat="39.75494" lon="21.08898">
				<ele>649.27</ele>
				<time>2026-08-06T17:50:45.833Z</time>
			</trkpt>
			<trkpt lat="39.75475" lon="21.08916">
				<ele>651.63</ele>
				<time>2026-08-06T17:50:52.352Z</time>
			</trkpt>
			<trkpt lat="39.75464" lon="21.08924">
				<ele>650.9</ele>
				<time>2026-08-06T17:50:55.585Z</time>
			</trkpt>
			<trkpt lat="39.75447" lon="21.08935">
				<ele>649.15</ele>
				<time>2026-08-06T17:51:00.001Z</time>
			</trkpt>
			<trkpt lat="39.75429" lon="21.08944">
				<ele>647.45</ele>
				<time>2026-08-06T17:51:04.247Z</time>
			</trkpt>
			<trkpt lat="39.75402" lon="21.08946">
				<ele>649.52</ele>
				<time>2026-08-06T17:51:10.125Z</time>
			</trkpt>
			<trkpt lat="39.75389" lon="21.08944">
				<ele>651.84</ele>
				<time>2026-08-06T17:51:12.927Z</time>
			</trkpt>
			<trkpt lat="39.75363" lon="21.08937">
				<ele>653.2</ele>
				<time>2026-08-06T17:51:18.498Z</time>
			</trkpt>
			<trkpt lat="39.75351" lon="21.08931">
				<ele>653.65</ele>
				<time>2026-08-06T17:51:21.131Z</time>
			</trkpt>
			<trkpt lat="39.75333" lon="21.08918">
				<ele>653.99</ele>
				<time>2026-08-06T17:51:25.248Z</time>
			</trkpt>
			<trkpt lat="39.75321" lon="21.08912">
				<ele>655.05</ele>
				<time>2026-08-06T17:51:27.749Z</time>
			</trkpt>
			<trkpt lat="39.75308" lon="21.08892">
				<ele>654.27</ele>
				<time>2026-08-06T17:51:31.544Z</time>
			</trkpt>
			<trkpt lat="39.75306" lon="21.08878">
				<ele>652.93</ele>
				<time>2026-08-06T17:51:33.540Z</time>
			</trkpt>
			<trkpt lat="39.75307" lon="21.08869">
				<ele>652.05</ele>
				<time>2026-08-06T17:51:34.788Z</time>
			</trkpt>
			<trkpt lat="39.75315" lon="21.0885">
				<ele>651.8</ele>
				<time>2026-08-06T17:51:37.672Z</time>
			</trkpt>
			<trkpt lat="39.75327" lon="21.08838">
				<ele>652.06</ele>
				<time>2026-08-06T17:51:40.179Z</time>
			</trkpt>
			<trkpt lat="39.75341" lon="21.08831">
				<ele>652.64</ele>
				<time>2026-08-06T17:51:42.549Z</time>
			</trkpt>
			<trkpt lat="39.75354" lon="21.0883">
				<ele>653.65</ele>
				<time>2026-08-06T17:51:44.507Z</time>
			</trkpt>
			<trkpt lat="39.75369" lon="21.08834">
				<ele>653.91</ele>
				<time>2026-08-06T17:51:46.685Z</time>
			</trkpt>
			<trkpt lat="39.75378" lon="21.08838">
				<ele>653.3</ele>
				<time>2026-08-06T17:51:47.968Z</time>
			</trkpt>
			<trkpt lat="39.75404" lon="21.08871">
				<ele>653.1</ele>
				<time>2026-08-06T17:51:52.335Z</time>
			</trkpt>
			<trkpt lat="39.75427" lon="21.08927">
				<ele>648.62</ele>
				<time>2026-08-06T17:51:57.691Z</time>
			</trkpt>
			<trkpt lat="39.75446" lon="21.08966">
				<ele>648.1</ele>
				<time>2026-08-06T17:52:01.553Z</time>
			</trkpt>
			<trkpt lat="39.75471" lon="21.09011">
				<ele>651.66</ele>
				<time>2026-08-06T17:52:06.161Z</time>
			</trkpt>
			<trkpt lat="39.75522" lon="21.09095">
				<ele>654.72</ele>
				<time>2026-08-06T17:52:14.934Z</time>
			</trkpt>
			<trkpt lat="39.7555" lon="21.09134">
				<ele>656.52</ele>
				<time>2026-08-06T17:52:19.254Z</time>
			</trkpt>
			<trkpt lat="39.75605" lon="21.09203">
				<ele>657.46</ele>
				<time>2026-08-06T17:52:27.205Z</time>
			</trkpt>
			<trkpt lat="39.75636" lon="21.0924">
				<ele>654.97</ele>
				<time>2026-08-06T17:52:31.531Z</time>
			</trkpt>
			<trkpt lat="39.75662" lon="21.09267">
				<ele>655.71</ele>
				<time>2026-08-06T17:52:34.926Z</time>
			</trkpt>
			<trkpt lat="39.75758" lon="21.09354">
				<ele>661.91</ele>
				<time>2026-08-06T17:52:46.686Z</time>
			</trkpt>
			<trkpt lat="39.75802" lon="21.09386">
				<ele>661.55</ele>
				<time>2026-08-06T17:52:51.667Z</time>
			</trkpt>
			<trkpt lat="39.75886" lon="21.0944">
				<ele>670.91</ele>
				<time>2026-08-06T17:53:00.792Z</time>
			</trkpt>
			<trkpt lat="39.76022" lon="21.09518">
				<ele>670.62</ele>
				<time>2026-08-06T17:53:14.914Z</time>
			</trkpt>
			<trkpt lat="39.7607" lon="21.09551">
				<ele>674.34</ele>
				<time>2026-08-06T17:53:19.967Z</time>
			</trkpt>
			<trkpt lat="39.76089" lon="21.09565">
				<ele>673.16</ele>
				<time>2026-08-06T17:53:21.984Z</time>
			</trkpt>
			<trkpt lat="39.76109" lon="21.09583">
				<ele>675.15</ele>
				<time>2026-08-06T17:53:24.220Z</time>
			</trkpt>
			<trkpt lat="39.7613" lon="21.09603">
				<ele>682.41</ele>
				<time>2026-08-06T17:53:26.600Z</time>
			</trkpt>
			<trkpt lat="39.7615" lon="21.09626">
				<ele>687.25</ele>
				<time>2026-08-06T17:53:29.028Z</time>
			</trkpt>
			<trkpt lat="39.76194" lon="21.09675">
				<ele>688.72</ele>
				<time>2026-08-06T17:53:34.252Z</time>
			</trkpt>
			<trkpt lat="39.76207" lon="21.09694">
				<ele>689.23</ele>
				<time>2026-08-06T17:53:36.002Z</time>
			</trkpt>
			<trkpt lat="39.76248" lon="21.09755">
				<ele>690.86</ele>
				<time>2026-08-06T17:53:41.529Z</time>
			</trkpt>
			<trkpt lat="39.76278" lon="21.09811">
				<ele>692.28</ele>
				<time>2026-08-06T17:53:46.131Z</time>
			</trkpt>
			<trkpt lat="39.76307" lon="21.09879">
				<ele>693.9</ele>
				<time>2026-08-06T17:53:51.315Z</time>
			</trkpt>
			<trkpt lat="39.76328" lon="21.09947">
				<ele>695.48</ele>
				<time>2026-08-06T17:53:56.142Z</time>
			</trkpt>
			<trkpt lat="39.7634" lon="21.10004">
				<ele>696.78</ele>
				<time>2026-08-06T17:53:59.995Z</time>
			</trkpt>
			<trkpt lat="39.76351" lon="21.10061">
				<ele>692.94</ele>
				<time>2026-08-06T17:54:03.792Z</time>
			</trkpt>
			<trkpt lat="39.76363" lon="21.10145">
				<ele>683.77</ele>
				<time>2026-08-06T17:54:09.250Z</time>
			</trkpt>
			<trkpt lat="39.76366" lon="21.10209">
				<ele>686.66</ele>
				<time>2026-08-06T17:54:13.298Z</time>
			</trkpt>
			<trkpt lat="39.76365" lon="21.10238">
				<ele>692.1</ele>
				<time>2026-08-06T17:54:15.118Z</time>
			</trkpt>
			<trkpt lat="39.76361" lon="21.10297">
				<ele>697.43</ele>
				<time>2026-08-06T17:54:18.805Z</time>
			</trkpt>
			<trkpt lat="39.76351" lon="21.10376">
				<ele>706.36</ele>
				<time>2026-08-06T17:54:23.736Z</time>
			</trkpt>
			<trkpt lat="39.76344" lon="21.10415">
				<ele>706.04</ele>
				<time>2026-08-06T17:54:26.179Z</time>
			</trkpt>
			<trkpt lat="39.76332" lon="21.10461">
				<ele>710.76</ele>
				<time>2026-08-06T17:54:29.123Z</time>
			</trkpt>
			<trkpt lat="39.76308" lon="21.10539">
				<ele>715.58</ele>
				<time>2026-08-06T17:54:34.163Z</time>
			</trkpt>
			<trkpt lat="39.76268" lon="21.10636">
				<ele>722.19</ele>
				<time>2026-08-06T17:54:40.667Z</time>
			</trkpt>
			<trkpt lat="39.7625" lon="21.10671">
				<ele>718.1</ele>
				<time>2026-08-06T17:54:43.127Z</time>
			</trkpt>
			<trkpt lat="39.76158" lon="21.10831">
				<ele>740.53</ele>
				<time>2026-08-06T17:54:54.583Z</time>
			</trkpt>
			<trkpt lat="39.76081" lon="21.10962">
				<ele>743</ele>
				<time>2026-08-06T17:55:03.779Z</time>
			</trkpt>
			<trkpt lat="39.76018" lon="21.11076">
				<ele>728.02</ele>
				<time>2026-08-06T17:55:11.430Z</time>
			</trkpt>
			<trkpt lat="39.75987" lon="21.11126">
				<ele>728.92</ele>
				<time>2026-08-06T17:55:14.877Z</time>
			</trkpt>
			<trkpt lat="39.75932" lon="21.11208">
				<ele>748.29</ele>
				<time>2026-08-06T17:55:20.642Z</time>
			</trkpt>
			<trkpt lat="39.75876" lon="21.11302">
				<ele>753.4</ele>
				<time>2026-08-06T17:55:26.837Z</time>
			</trkpt>
			<trkpt lat="39.75829" lon="21.11385">
				<ele>757.79</ele>
				<time>2026-08-06T17:55:32.120Z</time>
			</trkpt>
			<trkpt lat="39.75754" lon="21.11556">
				<ele>766.4</ele>
				<time>2026-08-06T17:55:41.993Z</time>
			</trkpt>
			<trkpt lat="39.75736" lon="21.11618">
				<ele>769.33</ele>
				<time>2026-08-06T17:55:45.254Z</time>
			</trkpt>
			<trkpt lat="39.75719" lon="21.11682">
				<ele>772.39</ele>
				<time>2026-08-06T17:55:48.555Z</time>
			</trkpt>
			<trkpt lat="39.75703" lon="21.1176">
				<ele>776.05</ele>
				<time>2026-08-06T17:55:52.449Z</time>
			</trkpt>
			<trkpt lat="39.75691" lon="21.11851">
				<ele>780.3</ele>
				<time>2026-08-06T17:55:56.849Z</time>
			</trkpt>
			<trkpt lat="39.75683" lon="21.11963">
				<ele>785.5</ele>
				<time>2026-08-06T17:56:02.134Z</time>
			</trkpt>
			<trkpt lat="39.75684" lon="21.12044">
				<ele>782.79</ele>
				<time>2026-08-06T17:56:05.891Z</time>
			</trkpt>
			<trkpt lat="39.757" lon="21.12219">
				<ele>770.76</ele>
				<time>2026-08-06T17:56:13.923Z</time>
			</trkpt>
			<trkpt lat="39.75705" lon="21.1229">
				<ele>775.51</ele>
				<time>2026-08-06T17:56:17.119Z</time>
			</trkpt>
			<trkpt lat="39.75708" lon="21.12396">
				<ele>782.52</ele>
				<time>2026-08-06T17:56:21.821Z</time>
			</trkpt>
			<trkpt lat="39.75707" lon="21.12441">
				<ele>785.47</ele>
				<time>2026-08-06T17:56:23.797Z</time>
			</trkpt>
			<trkpt lat="39.75699" lon="21.12546">
				<ele>792.44</ele>
				<time>2026-08-06T17:56:28.385Z</time>
			</trkpt>
			<trkpt lat="39.75692" lon="21.12602">
				<ele>796.15</ele>
				<time>2026-08-06T17:56:30.827Z</time>
			</trkpt>
			<trkpt lat="39.75678" lon="21.12681">
				<ele>801.47</ele>
				<time>2026-08-06T17:56:34.288Z</time>
			</trkpt>
			<trkpt lat="39.75665" lon="21.12731">
				<ele>804.84</ele>
				<time>2026-08-06T17:56:36.523Z</time>
			</trkpt>
			<trkpt lat="39.75648" lon="21.12785">
				<ele>808.66</ele>
				<time>2026-08-06T17:56:38.977Z</time>
			</trkpt>
			<trkpt lat="39.75622" lon="21.12861">
				<ele>813.77</ele>
				<time>2026-08-06T17:56:42.447Z</time>
			</trkpt>
			<trkpt lat="39.75591" lon="21.12939">
				<ele>819.19</ele>
				<time>2026-08-06T17:56:46.073Z</time>
			</trkpt>
			<trkpt lat="39.75563" lon="21.13002">
				<ele>823.57</ele>
				<time>2026-08-06T17:56:49.051Z</time>
			</trkpt>
			<trkpt lat="39.75506" lon="21.13122">
				<ele>832.08</ele>
				<time>2026-08-06T17:56:54.757Z</time>
			</trkpt>
			<trkpt lat="39.75413" lon="21.133">
				<ele>844.97</ele>
				<time>2026-08-06T17:57:03.299Z</time>
			</trkpt>
			<trkpt lat="39.75347" lon="21.1345">
				<ele>857.55</ele>
				<time>2026-08-06T17:57:10.027Z</time>
			</trkpt>
			<trkpt lat="39.75325" lon="21.13505">
				<ele>862.16</ele>
				<time>2026-08-06T17:57:12.413Z</time>
			</trkpt>
			<trkpt lat="39.75312" lon="21.13545">
				<ele>865.36</ele>
				<time>2026-08-06T17:57:14.077Z</time>
			</trkpt>
			<trkpt lat="39.75288" lon="21.13642">
				<ele>873.03</ele>
				<time>2026-08-06T17:57:17.955Z</time>
			</trkpt>
			<trkpt lat="39.75263" lon="21.13761">
				<ele>882.35</ele>
				<time>2026-08-06T17:57:22.605Z</time>
			</trkpt>
			<trkpt lat="39.75254" lon="21.13817">
				<ele>886.76</ele>
				<time>2026-08-06T17:57:24.745Z</time>
			</trkpt>
			<trkpt lat="39.75249" lon="21.1387">
				<ele>890.85</ele>
				<time>2026-08-06T17:57:26.734Z</time>
			</trkpt>
			<trkpt lat="39.75236" lon="21.14004">
				<ele>894.16</ele>
				<time>2026-08-06T17:57:31.729Z</time>
			</trkpt>
			<trkpt lat="39.75233" lon="21.14055">
				<ele>895.4</ele>
				<time>2026-08-06T17:57:33.607Z</time>
			</trkpt>
			<trkpt lat="39.75228" lon="21.14738">
				<ele>912.2</ele>
				<time>2026-08-06T17:57:58.142Z</time>
			</trkpt>
			<trkpt lat="39.75225" lon="21.14825">
				<ele>902.95</ele>
				<time>2026-08-06T17:58:01.212Z</time>
			</trkpt>
			<trkpt lat="39.75219" lon="21.15243">
				<ele>925.61</ele>
				<time>2026-08-06T17:58:15.837Z</time>
			</trkpt>
			<trkpt lat="39.75224" lon="21.1534">
				<ele>930.78</ele>
				<time>2026-08-06T17:58:19.219Z</time>
			</trkpt>
			<trkpt lat="39.75231" lon="21.15429">
				<ele>935.46</ele>
				<time>2026-08-06T17:58:22.329Z</time>
			</trkpt>
			<trkpt lat="39.75243" lon="21.15518">
				<ele>940.1</ele>
				<time>2026-08-06T17:58:25.468Z</time>
			</trkpt>
			<trkpt lat="39.75265" lon="21.15604">
				<ele>944.71</ele>
				<time>2026-08-06T17:58:28.616Z</time>
			</trkpt>
			<trkpt lat="39.75302" lon="21.157">
				<ele>950.1</ele>
				<time>2026-08-06T17:58:32.347Z</time>
			</trkpt>
			<trkpt lat="39.75343" lon="21.15777">
				<ele>954.7</ele>
				<time>2026-08-06T17:58:35.603Z</time>
			</trkpt>
			<trkpt lat="39.7539" lon="21.15853">
				<ele>959.4</ele>
				<time>2026-08-06T17:58:38.998Z</time>
			</trkpt>
			<trkpt lat="39.75449" lon="21.15936">
				<ele>964.9</ele>
				<time>2026-08-06T17:58:42.940Z</time>
			</trkpt>
			<trkpt lat="39.75504" lon="21.15994">
				<ele>969.25</ele>
				<time>2026-08-06T17:58:46.158Z</time>
			</trkpt>
			<trkpt lat="39.75545" lon="21.16046">
				<ele>967.48</ele>
				<time>2026-08-06T17:58:48.767Z</time>
			</trkpt>
			<trkpt lat="39.75704" lon="21.16241">
				<ele>975</ele>
				<time>2026-08-06T17:58:58.783Z</time>
			</trkpt>
			<trkpt lat="39.75745" lon="21.16295">
				<ele>976.97</ele>
				<time>2026-08-06T17:59:01.477Z</time>
			</trkpt>
			<trkpt lat="39.75779" lon="21.16341">
				<ele>978.65</ele>
				<time>2026-08-06T17:59:03.749Z</time>
			</trkpt>
			<trkpt lat="39.75809" lon="21.16386">
				<ele>980.23</ele>
				<time>2026-08-06T17:59:05.877Z</time>
			</trkpt>
			<trkpt lat="39.75829" lon="21.1642">
				<ele>981.39</ele>
				<time>2026-08-06T17:59:07.410Z</time>
			</trkpt>
			<trkpt lat="39.75847" lon="21.16453">
				<ele>982.48</ele>
				<time>2026-08-06T17:59:08.863Z</time>
			</trkpt>
			<trkpt lat="39.75884" lon="21.16543">
				<ele>985.35</ele>
				<time>2026-08-06T17:59:12.541Z</time>
			</trkpt>
			<trkpt lat="39.75902" lon="21.16596">
				<ele>987.03</ele>
				<time>2026-08-06T17:59:14.640Z</time>
			</trkpt>
			<trkpt lat="39.75937" lon="21.16719">
				<ele>990.84</ele>
				<time>2026-08-06T17:59:19.419Z</time>
			</trkpt>
			<trkpt lat="39.75945" lon="21.16766">
				<ele>992.26</ele>
				<time>2026-08-06T17:59:21.183Z</time>
			</trkpt>
			<trkpt lat="39.75953" lon="21.16821">
				<ele>977.84</ele>
				<time>2026-08-06T17:59:23.243Z</time>
			</trkpt>
			<trkpt lat="39.7596" lon="21.16897">
				<ele>981.06</ele>
				<time>2026-08-06T17:59:26.073Z</time>
			</trkpt>
			<trkpt lat="39.75966" lon="21.16991">
				<ele>1002.67</ele>
				<time>2026-08-06T17:59:29.584Z</time>
			</trkpt>
			<trkpt lat="39.75965" lon="21.17067">
				<ele>1016.31</ele>
				<time>2026-08-06T17:59:32.432Z</time>
			</trkpt>
			<trkpt lat="39.7596" lon="21.17174">
				<ele>1022.4</ele>
				<time>2026-08-06T17:59:36.479Z</time>
			</trkpt>
			<trkpt lat="39.75956" lon="21.17217">
				<ele>1024.86</ele>
				<time>2026-08-06T17:59:38.125Z</time>
			</trkpt>
			<trkpt lat="39.75937" lon="21.17318">
				<ele>1030.77</ele>
				<time>2026-08-06T17:59:42.103Z</time>
			</trkpt>
			<trkpt lat="39.75909" lon="21.17421">
				<ele>1036.83</ele>
				<time>2026-08-06T17:59:46.324Z</time>
			</trkpt>
			<trkpt lat="39.75893" lon="21.1747">
				<ele>1039.78</ele>
				<time>2026-08-06T17:59:48.396Z</time>
			</trkpt>
			<trkpt lat="39.75749" lon="21.17866">
				<ele>1034.75</ele>
				<time>2026-08-06T18:00:05.887Z</time>
			</trkpt>
			<trkpt lat="39.75673" lon="21.18093">
				<ele>1039.39</ele>
				<time>2026-08-06T18:00:16.152Z</time>
			</trkpt>
			<trkpt lat="39.75626" lon="21.1822">
				<ele>1042.48</ele>
				<time>2026-08-06T18:00:22.130Z</time>
			</trkpt>
			<trkpt lat="39.75609" lon="21.18281">
				<ele>1043.91</ele>
				<time>2026-08-06T18:00:24.917Z</time>
			</trkpt>
			<trkpt lat="39.75583" lon="21.18383">
				<ele>1046.27</ele>
				<time>2026-08-06T18:00:29.582Z</time>
			</trkpt>
			<trkpt lat="39.75575" lon="21.18422">
				<ele>1047.15</ele>
				<time>2026-08-06T18:00:31.350Z</time>
			</trkpt>
			<trkpt lat="39.75561" lon="21.1851">
				<ele>1049.09</ele>
				<time>2026-08-06T18:00:35.321Z</time>
			</trkpt>
			<trkpt lat="39.75558" lon="21.18553">
				<ele>1050.02</ele>
				<time>2026-08-06T18:00:37.245Z</time>
			</trkpt>
			<trkpt lat="39.75558" lon="21.18592">
				<ele>1050.86</ele>
				<time>2026-08-06T18:00:38.992Z</time>
			</trkpt>
			<trkpt lat="39.75559" lon="21.18682">
				<ele>1052.81</ele>
				<time>2026-08-06T18:00:43.059Z</time>
			</trkpt>
			<trkpt lat="39.75564" lon="21.1876">
				<ele>1054.5</ele>
				<time>2026-08-06T18:00:46.635Z</time>
			</trkpt>
			<trkpt lat="39.75569" lon="21.18798">
				<ele>1055.32</ele>
				<time>2026-08-06T18:00:48.411Z</time>
			</trkpt>
			<trkpt lat="39.75582" lon="21.18885">
				<ele>1057.2</ele>
				<time>2026-08-06T18:00:52.527Z</time>
			</trkpt>
			<trkpt lat="39.75601" lon="21.18961">
				<ele>1058.89</ele>
				<time>2026-08-06T18:00:56.282Z</time>
			</trkpt>
			<trkpt lat="39.75631" lon="21.19052">
				<ele>1060.93</ele>
				<time>2026-08-06T18:01:00.992Z</time>
			</trkpt>
			<trkpt lat="39.75644" lon="21.1908">
				<ele>1061.58</ele>
				<time>2026-08-06T18:01:02.563Z</time>
			</trkpt>
			<trkpt lat="39.75697" lon="21.19177">
				<ele>1063.89</ele>
				<time>2026-08-06T18:01:08.337Z</time>
			</trkpt>
			<trkpt lat="39.75875" lon="21.19481">
				<ele>1071.54</ele>
				<time>2026-08-06T18:01:27.558Z</time>
			</trkpt>
			<trkpt lat="39.76118" lon="21.19877">
				<ele>1081.96</ele>
				<time>2026-08-06T18:01:54.770Z</time>
			</trkpt>
			<trkpt lat="39.76157" lon="21.19947">
				<ele>1083.8</ele>
				<time>2026-08-06T18:01:59.623Z</time>
			</trkpt>
			<trkpt lat="39.76186" lon="21.20005">
				<ele>1085.27</ele>
				<time>2026-08-06T18:02:03.554Z</time>
			</trkpt>
			<trkpt lat="39.76213" lon="21.20064">
				<ele>1086.77</ele>
				<time>2026-08-06T18:02:07.496Z</time>
			</trkpt>
			<trkpt lat="39.76235" lon="21.20123">
				<ele>1088.23</ele>
				<time>2026-08-06T18:02:11.299Z</time>
			</trkpt>
			<trkpt lat="39.76249" lon="21.20167">
				<ele>1089.29</ele>
				<time>2026-08-06T18:02:14.086Z</time>
			</trkpt>
			<trkpt lat="39.76278" lon="21.20276">
				<ele>1091.9</ele>
				<time>2026-08-06T18:02:20.919Z</time>
			</trkpt>
			<trkpt lat="39.76289" lon="21.20328">
				<ele>1093.13</ele>
				<time>2026-08-06T18:02:24.157Z</time>
			</trkpt>
			<trkpt lat="39.76294" lon="21.20357">
				<ele>1095.51</ele>
				<time>2026-08-06T18:02:25.952Z</time>
			</trkpt>
			<trkpt lat="39.76298" lon="21.20418">
				<ele>1100.35</ele>
				<time>2026-08-06T18:02:29.677Z</time>
			</trkpt>
			<trkpt lat="39.76298" lon="21.20487">
				<ele>1090.87</ele>
				<time>2026-08-06T18:02:33.917Z</time>
			</trkpt>
			<trkpt lat="39.76295" lon="21.20526">
				<ele>1100.8</ele>
				<time>2026-08-06T18:02:36.346Z</time>
			</trkpt>
			<trkpt lat="39.76284" lon="21.20575">
				<ele>1113.53</ele>
				<time>2026-08-06T18:02:39.532Z</time>
			</trkpt>
			<trkpt lat="39.76256" lon="21.20645">
				<ele>1090.18</ele>
				<time>2026-08-06T18:02:44.507Z</time>
			</trkpt>
			<trkpt lat="39.76252" lon="21.20661">
				<ele>1088.48</ele>
				<time>2026-08-06T18:02:45.575Z</time>
			</trkpt>
			<trkpt lat="39.7625" lon="21.20687">
				<ele>1087.24</ele>
				<time>2026-08-06T18:02:47.241Z</time>
			</trkpt>
			<trkpt lat="39.76253" lon="21.20711">
				<ele>1087.69</ele>
				<time>2026-08-06T18:02:48.796Z</time>
			</trkpt>
			<trkpt lat="39.76256" lon="21.2072">
				<ele>1088.14</ele>
				<time>2026-08-06T18:02:49.426Z</time>
			</trkpt>
			<trkpt lat="39.76261" lon="21.20728">
				<ele>1089.27</ele>
				<time>2026-08-06T18:02:50.088Z</time>
			</trkpt>
			<trkpt lat="39.76269" lon="21.20735">
				<ele>1090.59</ele>
				<time>2026-08-06T18:02:50.895Z</time>
			</trkpt>
			<trkpt lat="39.76279" lon="21.2074">
				<ele>1092.06</ele>
				<time>2026-08-06T18:02:51.794Z</time>
			</trkpt>
			<trkpt lat="39.76295" lon="21.20743">
				<ele>1096.81</ele>
				<time>2026-08-06T18:02:53.168Z</time>
			</trkpt>
			<trkpt lat="39.76309" lon="21.20739">
				<ele>1098.54</ele>
				<time>2026-08-06T18:02:54.408Z</time>
			</trkpt>
			<trkpt lat="39.76322" lon="21.2073">
				<ele>1097.91</ele>
				<time>2026-08-06T18:02:55.701Z</time>
			</trkpt>
			<trkpt lat="39.76328" lon="21.20725">
				<ele>1098.19</ele>
				<time>2026-08-06T18:02:56.334Z</time>
			</trkpt>
			<trkpt lat="39.76337" lon="21.2071">
				<ele>1099.67</ele>
				<time>2026-08-06T18:02:57.648Z</time>
			</trkpt>
			<trkpt lat="39.76349" lon="21.20676">
				<ele>1103.38</ele>
				<time>2026-08-06T18:03:00.284Z</time>
			</trkpt>
			<trkpt lat="39.76359" lon="21.20656">
				<ele>1105.02</ele>
				<time>2026-08-06T18:03:02.001Z</time>
			</trkpt>
			<trkpt lat="39.76369" lon="21.20634">
				<ele>1105.16</ele>
				<time>2026-08-06T18:03:03.869Z</time>
			</trkpt>
			<trkpt lat="39.76383" lon="21.20611">
				<ele>1102.52</ele>
				<time>2026-08-06T18:03:06.048Z</time>
			</trkpt>
			<trkpt lat="39.76393" lon="21.20587">
				<ele>1098.17</ele>
				<time>2026-08-06T18:03:08.108Z</time>
			</trkpt>
			<trkpt lat="39.76399" lon="21.20567">
				<ele>1094.68</ele>
				<time>2026-08-06T18:03:09.748Z</time>
			</trkpt>
			<trkpt lat="39.76404" lon="21.20541">
				<ele>1094.2</ele>
				<time>2026-08-06T18:03:11.819Z</time>
			</trkpt>
			<trkpt lat="39.76409" lon="21.20464">
				<ele>1099.9</ele>
				<time>2026-08-06T18:03:17.923Z</time>
			</trkpt>
			<trkpt lat="39.76415" lon="21.20445">
				<ele>1089.01</ele>
				<time>2026-08-06T18:03:19.574Z</time>
			</trkpt>
			<trkpt lat="39.76425" lon="21.20425">
				<ele>1083.4</ele>
				<time>2026-08-06T18:03:21.506Z</time>
			</trkpt>
			<trkpt lat="39.76435" lon="21.20408">
				<ele>1081.31</ele>
				<time>2026-08-06T18:03:23.251Z</time>
			</trkpt>
			<trkpt lat="39.76445" lon="21.20386">
				<ele>1081.25</ele>
				<time>2026-08-06T18:03:25.348Z</time>
			</trkpt>
			<trkpt lat="39.76448" lon="21.20363">
				<ele>1082.2</ele>
				<time>2026-08-06T18:03:27.272Z</time>
			</trkpt>
			<trkpt lat="39.76445" lon="21.20324">
				<ele>1079.54</ele>
				<time>2026-08-06T18:03:30.526Z</time>
			</trkpt>
			<trkpt lat="39.76449" lon="21.20315">
				<ele>1079.43</ele>
				<time>2026-08-06T18:03:31.393Z</time>
			</trkpt>
			<trkpt lat="39.7645" lon="21.20305">
				<ele>1078.62</ele>
				<time>2026-08-06T18:03:32.235Z</time>
			</trkpt>
			<trkpt lat="39.76447" lon="21.20295">
				<ele>1077.22</ele>
				<time>2026-08-06T18:03:33.133Z</time>
			</trkpt>
			<trkpt lat="39.76441" lon="21.20288">
				<ele>1076.43</ele>
				<time>2026-08-06T18:03:34.011Z</time>
			</trkpt>
			<trkpt lat="39.76434" lon="21.20285">
				<ele>1077.07</ele>
				<time>2026-08-06T18:03:34.815Z</time>
			</trkpt>
			<trkpt lat="39.76418" lon="21.20262">
				<ele>1081.25</ele>
				<time>2026-08-06T18:03:37.422Z</time>
			</trkpt>
			<trkpt lat="39.76414" lon="21.20253">
				<ele>1083.39</ele>
				<time>2026-08-06T18:03:38.297Z</time>
			</trkpt>
			<trkpt lat="39.76412" lon="21.2023">
				<ele>1084.58</ele>
				<time>2026-08-06T18:03:40.248Z</time>
			</trkpt>
			<trkpt lat="39.76414" lon="21.20221">
				<ele>1083.81</ele>
				<time>2026-08-06T18:03:41.038Z</time>
			</trkpt>
			<trkpt lat="39.76442" lon="21.20161">
				<ele>1075.25</ele>
				<time>2026-08-06T18:03:46.960Z</time>
			</trkpt>
			<trkpt lat="39.76452" lon="21.20127">
				<ele>1076.89</ele>
				<time>2026-08-06T18:03:50.027Z</time>
			</trkpt>
			<trkpt lat="39.76467" lon="21.20089">
				<ele>1076.88</ele>
				<time>2026-08-06T18:03:53.625Z</time>
			</trkpt>
			<trkpt lat="39.76469" lon="21.20073">
				<ele>1077.32</ele>
				<time>2026-08-06T18:03:55.013Z</time>
			</trkpt>
			<trkpt lat="39.76468" lon="21.20011">
				<ele>1079.4</ele>
				<time>2026-08-06T18:04:00.453Z</time>
			</trkpt>
			<trkpt lat="39.7647" lon="21.19984">
				<ele>1078.05</ele>
				<time>2026-08-06T18:04:02.878Z</time>
			</trkpt>
			<trkpt lat="39.76492" lon="21.1988">
				<ele>1069.95</ele>
				<time>2026-08-06T18:04:12.563Z</time>
			</trkpt>
			<trkpt lat="39.76496" lon="21.19825">
				<ele>1067.61</ele>
				<time>2026-08-06T18:04:17.415Z</time>
			</trkpt>
			<trkpt lat="39.765" lon="21.19787">
				<ele>1066.66</ele>
				<time>2026-08-06T18:04:20.711Z</time>
			</trkpt>
			<trkpt lat="39.76499" lon="21.19773">
				<ele>1067.11</ele>
				<time>2026-08-06T18:04:21.919Z</time>
			</trkpt>
			<trkpt lat="39.76474" lon="21.1973">
				<ele>1074.3</ele>
				<time>2026-08-06T18:04:26.548Z</time>
			</trkpt>
			<trkpt lat="39.7647" lon="21.19719">
				<ele>1075.87</ele>
				<time>2026-08-06T18:04:27.592Z</time>
			</trkpt>
			<trkpt lat="39.76468" lon="21.1971">
				<ele>1077</ele>
				<time>2026-08-06T18:04:28.396Z</time>
			</trkpt>
			<trkpt lat="39.7647" lon="21.19688">
				<ele>1077.84</ele>
				<time>2026-08-06T18:04:30.297Z</time>
			</trkpt>
			<trkpt lat="39.76476" lon="21.19675">
				<ele>1076.25</ele>
				<time>2026-08-06T18:04:31.598Z</time>
			</trkpt>
			<trkpt lat="39.76489" lon="21.19656">
				<ele>1071.25</ele>
				<time>2026-08-06T18:04:33.780Z</time>
			</trkpt>
			<trkpt lat="39.76493" lon="21.19637">
				<ele>1070.33</ele>
				<time>2026-08-06T18:04:35.470Z</time>
			</trkpt>
			<trkpt lat="39.76493" lon="21.19626">
				<ele>1070.58</ele>
				<time>2026-08-06T18:04:36.413Z</time>
			</trkpt>
			<trkpt lat="39.7649" lon="21.19594">
				<ele>1071.09</ele>
				<time>2026-08-06T18:04:39.176Z</time>
			</trkpt>
			<trkpt lat="39.76485" lon="21.19573">
				<ele>1071.61</ele>
				<time>2026-08-06T18:04:41.060Z</time>
			</trkpt>
			<trkpt lat="39.76476" lon="21.19558">
				<ele>1073.61</ele>
				<time>2026-08-06T18:04:42.691Z</time>
			</trkpt>
			<trkpt lat="39.76447" lon="21.19542">
				<ele>1085</ele>
				<time>2026-08-06T18:04:46.200Z</time>
			</trkpt>
			<trkpt lat="39.76444" lon="21.19539">
				<ele>1086.51</ele>
				<time>2026-08-06T18:04:46.622Z</time>
			</trkpt>
			<trkpt lat="39.7644" lon="21.1953">
				<ele>1087.4</ele>
				<time>2026-08-06T18:04:47.512Z</time>
			</trkpt>
			<trkpt lat="39.76435" lon="21.195">
				<ele>1090.87</ele>
				<time>2026-08-06T18:04:50.139Z</time>
			</trkpt>
			<trkpt lat="39.76426" lon="21.1946">
				<ele>1097.27</ele>
				<time>2026-08-06T18:04:53.704Z</time>
			</trkpt>
			<trkpt lat="39.76424" lon="21.19376">
				<ele>1094.31</ele>
				<time>2026-08-06T18:05:00.886Z</time>
			</trkpt>
			<trkpt lat="39.76422" lon="21.19362">
				<ele>1093.76</ele>
				<time>2026-08-06T18:05:02.102Z</time>
			</trkpt>
			<trkpt lat="39.76418" lon="21.19347">
				<ele>1091.67</ele>
				<time>2026-08-06T18:05:03.457Z</time>
			</trkpt>
			<trkpt lat="39.76412" lon="21.19336">
				<ele>1090.51</ele>
				<time>2026-08-06T18:05:04.608Z</time>
			</trkpt>
			<trkpt lat="39.76401" lon="21.19325">
				<ele>1087.88</ele>
				<time>2026-08-06T18:05:06.148Z</time>
			</trkpt>
			<trkpt lat="39.7636" lon="21.19301">
				<ele>1094.17</ele>
				<time>2026-08-06T18:05:11.135Z</time>
			</trkpt>
			<trkpt lat="39.76336" lon="21.19277">
				<ele>1097.81</ele>
				<time>2026-08-06T18:05:14.489Z</time>
			</trkpt>
			<trkpt lat="39.76329" lon="21.19265">
				<ele>1099.09</ele>
				<time>2026-08-06T18:05:15.772Z</time>
			</trkpt>
			<trkpt lat="39.76327" lon="21.19259">
				<ele>1098.46</ele>
				<time>2026-08-06T18:05:16.328Z</time>
			</trkpt>
			<trkpt lat="39.76323" lon="21.19238">
				<ele>1094.69</ele>
				<time>2026-08-06T18:05:18.169Z</time>
			</trkpt>
			<trkpt lat="39.7632" lon="21.19208">
				<ele>1088.44</ele>
				<time>2026-08-06T18:05:20.742Z</time>
			</trkpt>
			<trkpt lat="39.76314" lon="21.19193">
				<ele>1087.04</ele>
				<time>2026-08-06T18:05:22.179Z</time>
			</trkpt>
			<trkpt lat="39.76305" lon="21.19185">
				<ele>1087.87</ele>
				<time>2026-08-06T18:05:23.384Z</time>
			</trkpt>
			<trkpt lat="39.76287" lon="21.19182">
				<ele>1087.03</ele>
				<time>2026-08-06T18:05:25.389Z</time>
			</trkpt>
			<trkpt lat="39.76269" lon="21.19189">
				<ele>1087.96</ele>
				<time>2026-08-06T18:05:27.464Z</time>
			</trkpt>
			<trkpt lat="39.76242" lon="21.19207">
				<ele>1088</ele>
				<time>2026-08-06T18:05:30.812Z</time>
			</trkpt>
			<trkpt lat="39.76231" lon="21.19212">
				<ele>1087.73</ele>
				<time>2026-08-06T18:05:32.097Z</time>
			</trkpt>
			<trkpt lat="39.76221" lon="21.19214">
				<ele>1087.13</ele>
				<time>2026-08-06T18:05:33.212Z</time>
			</trkpt>
			<trkpt lat="39.76214" lon="21.19211">
				<ele>1089.09</ele>
				<time>2026-08-06T18:05:34.024Z</time>
			</trkpt>
			<trkpt lat="39.76192" lon="21.19193">
				<ele>1089.96</ele>
				<time>2026-08-06T18:05:36.887Z</time>
			</trkpt>
			<trkpt lat="39.76174" lon="21.1919">
				<ele>1091.19</ele>
				<time>2026-08-06T18:05:38.884Z</time>
			</trkpt>
			<trkpt lat="39.76151" lon="21.19202">
				<ele>1094.71</ele>
				<time>2026-08-06T18:05:41.609Z</time>
			</trkpt>
			<trkpt lat="39.7614" lon="21.19205">
				<ele>1094.77</ele>
				<time>2026-08-06T18:05:42.845Z</time>
			</trkpt>
			<trkpt lat="39.76121" lon="21.19208">
				<ele>1094.66</ele>
				<time>2026-08-06T18:05:44.947Z</time>
			</trkpt>
			<trkpt lat="39.76114" lon="21.19214">
				<ele>1094.84</ele>
				<time>2026-08-06T18:05:45.867Z</time>
			</trkpt>
			<trkpt lat="39.76112" lon="21.19218">
				<ele>1094.96</ele>
				<time>2026-08-06T18:05:46.270Z</time>
			</trkpt>
			<trkpt lat="39.76113" lon="21.19224">
				<ele>1095.48</ele>
				<time>2026-08-06T18:05:46.788Z</time>
			</trkpt>
			<trkpt lat="39.76116" lon="21.19231">
				<ele>1096.56</ele>
				<time>2026-08-06T18:05:47.464Z</time>
			</trkpt>
			<trkpt lat="39.76121" lon="21.19235">
				<ele>1097.58</ele>
				<time>2026-08-06T18:05:48.108Z</time>
			</trkpt>
			<trkpt lat="39.76131" lon="21.19241">
				<ele>1099.43</ele>
				<time>2026-08-06T18:05:49.316Z</time>
			</trkpt>
			<trkpt lat="39.76156" lon="21.19249">
				<ele>1106.91</ele>
				<time>2026-08-06T18:05:52.137Z</time>
			</trkpt>
			<trkpt lat="39.76163" lon="21.19252">
				<ele>1109.97</ele>
				<time>2026-08-06T18:05:52.945Z</time>
			</trkpt>
			<trkpt lat="39.7617" lon="21.19261">
				<ele>1113.48</ele>
				<time>2026-08-06T18:05:54.022Z</time>
			</trkpt>
			<trkpt lat="39.7617" lon="21.19265">
				<ele>1114.83</ele>
				<time>2026-08-06T18:05:54.359Z</time>
			</trkpt>
			<trkpt lat="39.76166" lon="21.1927">
				<ele>1115.83</ele>
				<time>2026-08-06T18:05:54.966Z</time>
			</trkpt>
			<trkpt lat="39.76144" lon="21.19275">
				<ele>1106.7</ele>
				<time>2026-08-06T18:05:57.409Z</time>
			</trkpt>
			<trkpt lat="39.76111" lon="21.19272">
				<ele>1100.51</ele>
				<time>2026-08-06T18:06:01.023Z</time>
			</trkpt>
			<trkpt lat="39.76101" lon="21.1927">
				<ele>1115.99</ele>
				<time>2026-08-06T18:06:02.128Z</time>
			</trkpt>
			<trkpt lat="39.76073" lon="21.19254">
				<ele>1139.68</ele>
				<time>2026-08-06T18:06:05.463Z</time>
			</trkpt>
			<trkpt lat="39.76047" lon="21.19225">
				<ele>1140.41</ele>
				<time>2026-08-06T18:06:09.193Z</time>
			</trkpt>
			<trkpt lat="39.76034" lon="21.19206">
				<ele>1136.39</ele>
				<time>2026-08-06T18:06:11.320Z</time>
			</trkpt>
			<trkpt lat="39.76014" lon="21.19161">
				<ele>1131.42</ele>
				<time>2026-08-06T18:06:15.661Z</time>
			</trkpt>
			<trkpt lat="39.76" lon="21.19107">
				<ele>1125.13</ele>
				<time>2026-08-06T18:06:20.411Z</time>
			</trkpt>
			<trkpt lat="39.75994" lon="21.19098">
				<ele>1123.73</ele>
				<time>2026-08-06T18:06:21.403Z</time>
			</trkpt>
			<trkpt lat="39.75989" lon="21.19095">
				<ele>1123.18</ele>
				<time>2026-08-06T18:06:21.999Z</time>
			</trkpt>
			<trkpt lat="39.75981" lon="21.19095">
				<ele>1123.42</ele>
				<time>2026-08-06T18:06:22.865Z</time>
			</trkpt>
			<trkpt lat="39.75961" lon="21.19102">
				<ele>1127.11</ele>
				<time>2026-08-06T18:06:25.104Z</time>
			</trkpt>
			<trkpt lat="39.75948" lon="21.19104">
				<ele>1128.28</ele>
				<time>2026-08-06T18:06:26.519Z</time>
			</trkpt>
			<trkpt lat="39.75935" lon="21.19103">
				<ele>1125.63</ele>
				<time>2026-08-06T18:06:27.925Z</time>
			</trkpt>
			<trkpt lat="39.759" lon="21.19092">
				<ele>1118.89</ele>
				<time>2026-08-06T18:06:31.808Z</time>
			</trkpt>
			<trkpt lat="39.75893" lon="21.19087">
				<ele>1118.23</ele>
				<time>2026-08-06T18:06:32.668Z</time>
			</trkpt>
			<trkpt lat="39.75884" lon="21.19074">
				<ele>1116.31</ele>
				<time>2026-08-06T18:06:34.116Z</time>
			</trkpt>
			<trkpt lat="39.75853" lon="21.19026">
				<ele>1114.47</ele>
				<time>2026-08-06T18:06:39.295Z</time>
			</trkpt>
			<trkpt lat="39.75842" lon="21.19012">
				<ele>1117.03</ele>
				<time>2026-08-06T18:06:40.946Z</time>
			</trkpt>
			<trkpt lat="39.75779" lon="21.18961">
				<ele>1118.89</ele>
				<time>2026-08-06T18:06:48.887Z</time>
			</trkpt>
			<trkpt lat="39.7577" lon="21.18958">
				<ele>1119.31</ele>
				<time>2026-08-06T18:06:49.879Z</time>
			</trkpt>
			<trkpt lat="39.75758" lon="21.18958">
				<ele>1121.55</ele>
				<time>2026-08-06T18:06:51.159Z</time>
			</trkpt>
			<trkpt lat="39.75687" lon="21.18967">
				<ele>1112.31</ele>
				<time>2026-08-06T18:06:58.751Z</time>
			</trkpt>
			<trkpt lat="39.75669" lon="21.1896">
				<ele>1110.21</ele>
				<time>2026-08-06T18:07:00.745Z</time>
			</trkpt>
			<trkpt lat="39.75659" lon="21.18947">
				<ele>1113.3</ele>
				<time>2026-08-06T18:07:02.244Z</time>
			</trkpt>
			<trkpt lat="39.75657" lon="21.18938">
				<ele>1113.6</ele>
				<time>2026-08-06T18:07:03.007Z</time>
			</trkpt>
			<trkpt lat="39.75655" lon="21.1892">
				<ele>1112.87</ele>
				<time>2026-08-06T18:07:04.487Z</time>
			</trkpt>
			<trkpt lat="39.75655" lon="21.18887">
				<ele>1112.79</ele>
				<time>2026-08-06T18:07:07.170Z</time>
			</trkpt>
			<trkpt lat="39.75659" lon="21.18805">
				<ele>1117.33</ele>
				<time>2026-08-06T18:07:13.829Z</time>
			</trkpt>
			<trkpt lat="39.75662" lon="21.18768">
				<ele>1113.03</ele>
				<time>2026-08-06T18:07:16.835Z</time>
			</trkpt>
			<trkpt lat="39.75666" lon="21.18751">
				<ele>1110.21</ele>
				<time>2026-08-06T18:07:18.270Z</time>
			</trkpt>
			<trkpt lat="39.7567" lon="21.18738">
				<ele>1108.12</ele>
				<time>2026-08-06T18:07:19.398Z</time>
			</trkpt>
			<trkpt lat="39.75689" lon="21.18715">
				<ele>1097.77</ele>
				<time>2026-08-06T18:07:22.116Z</time>
			</trkpt>
			<trkpt lat="39.75697" lon="21.18699">
				<ele>1095.7</ele>
				<time>2026-08-06T18:07:23.651Z</time>
			</trkpt>
			<trkpt lat="39.75715" lon="21.18621">
				<ele>1095.98</ele>
				<time>2026-08-06T18:07:30.179Z</time>
			</trkpt>
			<trkpt lat="39.75716" lon="21.18604">
				<ele>1093.01</ele>
				<time>2026-08-06T18:07:31.542Z</time>
			</trkpt>
			<trkpt lat="39.75712" lon="21.1859">
				<ele>1092.3</ele>
				<time>2026-08-06T18:07:32.735Z</time>
			</trkpt>
			<trkpt lat="39.75706" lon="21.18576">
				<ele>1090.96</ele>
				<time>2026-08-06T18:07:34.014Z</time>
			</trkpt>
			<trkpt lat="39.75674" lon="21.18537">
				<ele>1085.59</ele>
				<time>2026-08-06T18:07:38.556Z</time>
			</trkpt>
			<trkpt lat="39.7567" lon="21.18528">
				<ele>1084.16</ele>
				<time>2026-08-06T18:07:39.382Z</time>
			</trkpt>
			<trkpt lat="39.75649" lon="21.18467">
				<ele>1092.4</ele>
				<time>2026-08-06T18:07:44.680Z</time>
			</trkpt>
			<trkpt lat="39.75639" lon="21.18442">
				<ele>1095.66</ele>
				<time>2026-08-06T18:07:46.908Z</time>
			</trkpt>
			<trkpt lat="39.75624" lon="21.18412">
				<ele>1097.78</ele>
				<time>2026-08-06T18:07:49.731Z</time>
			</trkpt>
			<trkpt lat="39.75618" lon="21.18394">
				<ele>1094.93</ele>
				<time>2026-08-06T18:07:51.276Z</time>
			</trkpt>
			<trkpt lat="39.7561" lon="21.18329">
				<ele>1094.86</ele>
				<time>2026-08-06T18:07:56.445Z</time>
			</trkpt>
			<trkpt lat="39.75609" lon="21.183">
				<ele>1100.12</ele>
				<time>2026-08-06T18:07:58.718Z</time>
			</trkpt>
			<trkpt lat="39.7561" lon="21.18273">
				<ele>1101.37</ele>
				<time>2026-08-06T18:08:00.830Z</time>
			</trkpt>
			<trkpt lat="39.75608" lon="21.18259">
				<ele>1099.16</ele>
				<time>2026-08-06T18:08:01.941Z</time>
			</trkpt>
			<trkpt lat="39.75603" lon="21.18246">
				<ele>1099.55</ele>
				<time>2026-08-06T18:08:03.074Z</time>
			</trkpt>
			<trkpt lat="39.75577" lon="21.1822">
				<ele>1107.95</ele>
				<time>2026-08-06T18:08:06.393Z</time>
			</trkpt>
			<trkpt lat="39.75521" lon="21.18183">
				<ele>1107.19</ele>
				<time>2026-08-06T18:08:12.721Z</time>
			</trkpt>
			<trkpt lat="39.75514" lon="21.18176">
				<ele>1105.97</ele>
				<time>2026-08-06T18:08:13.608Z</time>
			</trkpt>
			<trkpt lat="39.75506" lon="21.18165">
				<ele>1104.84</ele>
				<time>2026-08-06T18:08:14.776Z</time>
			</trkpt>
			<trkpt lat="39.755" lon="21.18148">
				<ele>1103.95</ele>
				<time>2026-08-06T18:08:16.217Z</time>
			</trkpt>
			<trkpt lat="39.75495" lon="21.1813">
				<ele>1102.45</ele>
				<time>2026-08-06T18:08:17.689Z</time>
			</trkpt>
			<trkpt lat="39.75495" lon="21.18109">
				<ele>1098.66</ele>
				<time>2026-08-06T18:08:19.302Z</time>
			</trkpt>
			<trkpt lat="39.7546" lon="21.18112">
				<ele>1095.8</ele>
				<time>2026-08-06T18:08:22.798Z</time>
			</trkpt>
			<trkpt lat="39.75438" lon="21.18111">
				<ele>1088.2</ele>
				<time>2026-08-06T18:08:24.986Z</time>
			</trkpt>
			<trkpt lat="39.75405" lon="21.18097">
				<ele>1087.93</ele>
				<time>2026-08-06T18:08:28.427Z</time>
			</trkpt>
			<trkpt lat="39.75386" lon="21.18079">
				<ele>1092.72</ele>
				<time>2026-08-06T18:08:30.750Z</time>
			</trkpt>
			<trkpt lat="39.75355" lon="21.18039">
				<ele>1078.06</ele>
				<time>2026-08-06T18:08:35.050Z</time>
			</trkpt>
			<trkpt lat="39.75339" lon="21.18024">
				<ele>1074.84</ele>
				<time>2026-08-06T18:08:36.986Z</time>
			</trkpt>
			<trkpt lat="39.75325" lon="21.18014">
				<ele>1077.5</ele>
				<time>2026-08-06T18:08:38.551Z</time>
			</trkpt>
			<trkpt lat="39.75313" lon="21.18011">
				<ele>1083.11</ele>
				<time>2026-08-06T18:08:39.746Z</time>
			</trkpt>
			<trkpt lat="39.75301" lon="21.18011">
				<ele>1093.29</ele>
				<time>2026-08-06T18:08:40.918Z</time>
			</trkpt>
			<trkpt lat="39.7529" lon="21.18009">
				<ele>1102.79</ele>
				<time>2026-08-06T18:08:42.002Z</time>
			</trkpt>
			<trkpt lat="39.75278" lon="21.18002">
				<ele>1115.66</ele>
				<time>2026-08-06T18:08:43.284Z</time>
			</trkpt>
			<trkpt lat="39.7524" lon="21.17961">
				<ele>1102.89</ele>
				<time>2026-08-06T18:08:48.095Z</time>
			</trkpt>
			<trkpt lat="39.7522" lon="21.17943">
				<ele>1088.72</ele>
				<time>2026-08-06T18:08:50.463Z</time>
			</trkpt>
			<trkpt lat="39.7519" lon="21.17922">
				<ele>1086.29</ele>
				<time>2026-08-06T18:08:53.779Z</time>
			</trkpt>
			<trkpt lat="39.75164" lon="21.17909">
				<ele>1079.26</ele>
				<time>2026-08-06T18:08:56.488Z</time>
			</trkpt>
			<trkpt lat="39.75159" lon="21.17902">
				<ele>1076.22</ele>
				<time>2026-08-06T18:08:57.203Z</time>
			</trkpt>
			<trkpt lat="39.75154" lon="21.17879">
				<ele>1068.56</ele>
				<time>2026-08-06T18:08:58.990Z</time>
			</trkpt>
			<trkpt lat="39.7515" lon="21.17868">
				<ele>1066.83</ele>
				<time>2026-08-06T18:08:59.899Z</time>
			</trkpt>
			<trkpt lat="39.75144" lon="21.17857">
				<ele>1065.61</ele>
				<time>2026-08-06T18:09:00.907Z</time>
			</trkpt>
			<trkpt lat="39.75131" lon="21.17842">
				<ele>1064.4</ele>
				<time>2026-08-06T18:09:02.596Z</time>
			</trkpt>
			<trkpt lat="39.75117" lon="21.17837">
				<ele>1064.39</ele>
				<time>2026-08-06T18:09:04.007Z</time>
			</trkpt>
			<trkpt lat="39.75108" lon="21.17838">
				<ele>1064.75</ele>
				<time>2026-08-06T18:09:04.884Z</time>
			</trkpt>
			<trkpt lat="39.75093" lon="21.17846">
				<ele>1066.08</ele>
				<time>2026-08-06T18:09:06.459Z</time>
			</trkpt>
			<trkpt lat="39.75085" lon="21.17847">
				<ele>1066.61</ele>
				<time>2026-08-06T18:09:07.239Z</time>
			</trkpt>
			<trkpt lat="39.75046" lon="21.17847">
				<ele>1064.99</ele>
				<time>2026-08-06T18:09:11.025Z</time>
			</trkpt>
			<trkpt lat="39.75029" lon="21.17845">
				<ele>1065.13</ele>
				<time>2026-08-06T18:09:12.681Z</time>
			</trkpt>
			<trkpt lat="39.75019" lon="21.17841">
				<ele>1069.28</ele>
				<time>2026-08-06T18:09:13.696Z</time>
			</trkpt>
			<trkpt lat="39.75009" lon="21.17834">
				<ele>1071.89</ele>
				<time>2026-08-06T18:09:14.798Z</time>
			</trkpt>
			<trkpt lat="39.74991" lon="21.17811">
				<ele>1079.4</ele>
				<time>2026-08-06T18:09:17.244Z</time>
			</trkpt>
			<trkpt lat="39.74989" lon="21.17802">
				<ele>1079.67</ele>
				<time>2026-08-06T18:09:17.943Z</time>
			</trkpt>
			<trkpt lat="39.74987" lon="21.1778">
				<ele>1071.14</ele>
				<time>2026-08-06T18:09:19.594Z</time>
			</trkpt>
			<trkpt lat="39.74973" lon="21.17749">
				<ele>1055.03</ele>
				<time>2026-08-06T18:09:22.272Z</time>
			</trkpt>
			<trkpt lat="39.74968" lon="21.17733">
				<ele>1059.19</ele>
				<time>2026-08-06T18:09:23.558Z</time>
			</trkpt>
			<trkpt lat="39.74961" lon="21.17697">
				<ele>1066.29</ele>
				<time>2026-08-06T18:09:26.323Z</time>
			</trkpt>
			<trkpt lat="39.74957" lon="21.17687">
				<ele>1069.54</ele>
				<time>2026-08-06T18:09:27.161Z</time>
			</trkpt>
			<trkpt lat="39.74945" lon="21.17668">
				<ele>1076.74</ele>
				<time>2026-08-06T18:09:28.991Z</time>
			</trkpt>
			<trkpt lat="39.74938" lon="21.17637">
				<ele>1073.82</ele>
				<time>2026-08-06T18:09:31.395Z</time>
			</trkpt>
			<trkpt lat="39.74928" lon="21.17579">
				<ele>1079.25</ele>
				<time>2026-08-06T18:09:35.814Z</time>
			</trkpt>
			<trkpt lat="39.7491" lon="21.17538">
				<ele>1058.76</ele>
				<time>2026-08-06T18:09:39.322Z</time>
			</trkpt>
			<trkpt lat="39.7487" lon="21.17491">
				<ele>1038.16</ele>
				<time>2026-08-06T18:09:44.528Z</time>
			</trkpt>
			<trkpt lat="39.74854" lon="21.17478">
				<ele>1034.49</ele>
				<time>2026-08-06T18:09:46.348Z</time>
			</trkpt>
			<trkpt lat="39.74834" lon="21.17464">
				<ele>1034.07</ele>
				<time>2026-08-06T18:09:48.540Z</time>
			</trkpt>
			<trkpt lat="39.74812" lon="21.17466">
				<ele>1027.18</ele>
				<time>2026-08-06T18:09:50.667Z</time>
			</trkpt>
			<trkpt lat="39.74803" lon="21.17474">
				<ele>1025.67</ele>
				<time>2026-08-06T18:09:51.718Z</time>
			</trkpt>
			<trkpt lat="39.74796" lon="21.17484">
				<ele>1024.74</ele>
				<time>2026-08-06T18:09:52.721Z</time>
			</trkpt>
			<trkpt lat="39.74783" lon="21.17525">
				<ele>1024.93</ele>
				<time>2026-08-06T18:09:56.007Z</time>
			</trkpt>
			<trkpt lat="39.74781" lon="21.17534">
				<ele>1024.99</ele>
				<time>2026-08-06T18:09:56.701Z</time>
			</trkpt>
			<trkpt lat="39.74781" lon="21.17547">
				<ele>1027.83</ele>
				<time>2026-08-06T18:09:57.664Z</time>
			</trkpt>
			<trkpt lat="39.74762" lon="21.1759">
				<ele>1029.18</ele>
				<time>2026-08-06T18:10:01.337Z</time>
			</trkpt>
			<trkpt lat="39.74755" lon="21.17601">
				<ele>1030.59</ele>
				<time>2026-08-06T18:10:02.394Z</time>
			</trkpt>
			<trkpt lat="39.74744" lon="21.17607">
				<ele>1025.3</ele>
				<time>2026-08-06T18:10:03.542Z</time>
			</trkpt>
			<trkpt lat="39.74735" lon="21.17626">
				<ele>1029.96</ele>
				<time>2026-08-06T18:10:05.193Z</time>
			</trkpt>
			<trkpt lat="39.74718" lon="21.17639">
				<ele>1022.88</ele>
				<time>2026-08-06T18:10:07.090Z</time>
			</trkpt>
			<trkpt lat="39.74692" lon="21.17653">
				<ele>1010.12</ele>
				<time>2026-08-06T18:10:09.796Z</time>
			</trkpt>
			<trkpt lat="39.74686" lon="21.17659">
				<ele>1009.02</ele>
				<time>2026-08-06T18:10:10.524Z</time>
			</trkpt>
			<trkpt lat="39.74681" lon="21.1767">
				<ele>1010.74</ele>
				<time>2026-08-06T18:10:11.468Z</time>
			</trkpt>
			<trkpt lat="39.74674" lon="21.177">
				<ele>1021.23</ele>
				<time>2026-08-06T18:10:13.785Z</time>
			</trkpt>
			<trkpt lat="39.7467" lon="21.17712">
				<ele>1023.72</ele>
				<time>2026-08-06T18:10:14.751Z</time>
			</trkpt>
			<trkpt lat="39.74663" lon="21.17721">
				<ele>1024.34</ele>
				<time>2026-08-06T18:10:15.697Z</time>
			</trkpt>
			<trkpt lat="39.74657" lon="21.17727">
				<ele>1023.43</ele>
				<time>2026-08-06T18:10:16.424Z</time>
			</trkpt>
			<trkpt lat="39.74651" lon="21.17731">
				<ele>1020.94</ele>
				<time>2026-08-06T18:10:17.071Z</time>
			</trkpt>
			<trkpt lat="39.74582" lon="21.17745">
				<ele>1006.4</ele>
				<time>2026-08-06T18:10:23.775Z</time>
			</trkpt>
			<trkpt lat="39.74567" lon="21.17744">
				<ele>1004.46</ele>
				<time>2026-08-06T18:10:25.215Z</time>
			</trkpt>
			<trkpt lat="39.74558" lon="21.17746">
				<ele>1005.01</ele>
				<time>2026-08-06T18:10:26.091Z</time>
			</trkpt>
			<trkpt lat="39.74547" lon="21.17754">
				<ele>1005.91</ele>
				<time>2026-08-06T18:10:27.300Z</time>
			</trkpt>
			<trkpt lat="39.74518" lon="21.17795">
				<ele>1001.15</ele>
				<time>2026-08-06T18:10:31.405Z</time>
			</trkpt>
			<trkpt lat="39.74517" lon="21.17803">
				<ele>1000.76</ele>
				<time>2026-08-06T18:10:32.002Z</time>
			</trkpt>
			<trkpt lat="39.74519" lon="21.1782">
				<ele>1001.53</ele>
				<time>2026-08-06T18:10:33.269Z</time>
			</trkpt>
			<trkpt lat="39.74531" lon="21.17858">
				<ele>1009.11</ele>
				<time>2026-08-06T18:10:36.294Z</time>
			</trkpt>
			<trkpt lat="39.74529" lon="21.17871">
				<ele>1009</ele>
				<time>2026-08-06T18:10:37.270Z</time>
			</trkpt>
			<trkpt lat="39.745" lon="21.17914">
				<ele>999.41</ele>
				<time>2026-08-06T18:10:41.479Z</time>
			</trkpt>
			<trkpt lat="39.74487" lon="21.17945">
				<ele>1006.26</ele>
				<time>2026-08-06T18:10:44.075Z</time>
			</trkpt>
			<trkpt lat="39.74477" lon="21.17955">
				<ele>1003.91</ele>
				<time>2026-08-06T18:10:45.282Z</time>
			</trkpt>
			<trkpt lat="39.74451" lon="21.17967">
				<ele>996.2</ele>
				<time>2026-08-06T18:10:47.919Z</time>
			</trkpt>
			<trkpt lat="39.74445" lon="21.17972">
				<ele>995.71</ele>
				<time>2026-08-06T18:10:48.600Z</time>
			</trkpt>
			<trkpt lat="39.7443" lon="21.17997">
				<ele>999.08</ele>
				<time>2026-08-06T18:10:50.929Z</time>
			</trkpt>
			<trkpt lat="39.74426" lon="21.18001">
				<ele>999.51</ele>
				<time>2026-08-06T18:10:51.411Z</time>
			</trkpt>
			<trkpt lat="39.74399" lon="21.18009">
				<ele>990.01</ele>
				<time>2026-08-06T18:10:54.056Z</time>
			</trkpt>
			<trkpt lat="39.74381" lon="21.18021">
				<ele>986.14</ele>
				<time>2026-08-06T18:10:55.986Z</time>
			</trkpt>
			<trkpt lat="39.74367" lon="21.18037">
				<ele>992.09</ele>
				<time>2026-08-06T18:10:57.765Z</time>
			</trkpt>
			<trkpt lat="39.74354" lon="21.18058">
				<ele>998.44</ele>
				<time>2026-08-06T18:10:59.743Z</time>
			</trkpt>
			<trkpt lat="39.74349" lon="21.18073">
				<ele>999.7</ele>
				<time>2026-08-06T18:11:00.942Z</time>
			</trkpt>
			<trkpt lat="39.74319" lon="21.1811">
				<ele>985.95</ele>
				<time>2026-08-06T18:11:04.883Z</time>
			</trkpt>
			<trkpt lat="39.74313" lon="21.18124">
				<ele>983.65</ele>
				<time>2026-08-06T18:11:06.058Z</time>
			</trkpt>
			<trkpt lat="39.74313" lon="21.18132">
				<ele>984.77</ele>
				<time>2026-08-06T18:11:06.644Z</time>
			</trkpt>
			<trkpt lat="39.74322" lon="21.1818">
				<ele>996.09</ele>
				<time>2026-08-06T18:11:10.263Z</time>
			</trkpt>
			<trkpt lat="39.74329" lon="21.18199">
				<ele>999.26</ele>
				<time>2026-08-06T18:11:11.805Z</time>
			</trkpt>
			<trkpt lat="39.74356" lon="21.18223">
				<ele>1001.65</ele>
				<time>2026-08-06T18:11:14.918Z</time>
			</trkpt>
			<trkpt lat="39.74362" lon="21.18231">
				<ele>1000.91</ele>
				<time>2026-08-06T18:11:15.736Z</time>
			</trkpt>
			<trkpt lat="39.74369" lon="21.18246">
				<ele>995.89</ele>
				<time>2026-08-06T18:11:17.019Z</time>
			</trkpt>
			<trkpt lat="39.74379" lon="21.1826">
				<ele>994.94</ele>
				<time>2026-08-06T18:11:18.417Z</time>
			</trkpt>
			<trkpt lat="39.74393" lon="21.18276">
				<ele>997.61</ele>
				<time>2026-08-06T18:11:20.189Z</time>
			</trkpt>
			<trkpt lat="39.74395" lon="21.18285">
				<ele>998</ele>
				<time>2026-08-06T18:11:20.874Z</time>
			</trkpt>
			<trkpt lat="39.74396" lon="21.18292">
				<ele>997.51</ele>
				<time>2026-08-06T18:11:21.394Z</time>
			</trkpt>
			<trkpt lat="39.74393" lon="21.1831">
				<ele>995.84</ele>
				<time>2026-08-06T18:11:22.740Z</time>
			</trkpt>
			<trkpt lat="39.7439" lon="21.18317">
				<ele>995.33</ele>
				<time>2026-08-06T18:11:23.326Z</time>
			</trkpt>
			<trkpt lat="39.74384" lon="21.18323">
				<ele>995.11</ele>
				<time>2026-08-06T18:11:24.045Z</time>
			</trkpt>
			<trkpt lat="39.74378" lon="21.18327">
				<ele>995.22</ele>
				<time>2026-08-06T18:11:24.685Z</time>
			</trkpt>
			<trkpt lat="39.74355" lon="21.18331">
				<ele>994.23</ele>
				<time>2026-08-06T18:11:26.890Z</time>
			</trkpt>
			<trkpt lat="39.74338" lon="21.18341">
				<ele>992.57</ele>
				<time>2026-08-06T18:11:28.661Z</time>
			</trkpt>
			<trkpt lat="39.74328" lon="21.18351">
				<ele>991.58</ele>
				<time>2026-08-06T18:11:29.859Z</time>
			</trkpt>
			<trkpt lat="39.74318" lon="21.18357">
				<ele>988.78</ele>
				<time>2026-08-06T18:11:30.904Z</time>
			</trkpt>
			<trkpt lat="39.74299" lon="21.18363">
				<ele>982.57</ele>
				<time>2026-08-06T18:11:32.760Z</time>
			</trkpt>
			<trkpt lat="39.74263" lon="21.18388">
				<ele>980.78</ele>
				<time>2026-08-06T18:11:36.631Z</time>
			</trkpt>
			<trkpt lat="39.74256" lon="21.18395">
				<ele>981.78</ele>
				<time>2026-08-06T18:11:37.468Z</time>
			</trkpt>
			<trkpt lat="39.74228" lon="21.184">
				<ele>973.28</ele>
				<time>2026-08-06T18:11:40.147Z</time>
			</trkpt>
			<trkpt lat="39.74212" lon="21.18416">
				<ele>972.14</ele>
				<time>2026-08-06T18:11:42.060Z</time>
			</trkpt>
			<trkpt lat="39.74195" lon="21.18444">
				<ele>971.38</ele>
				<time>2026-08-06T18:11:44.658Z</time>
			</trkpt>
			<trkpt lat="39.74173" lon="21.18471">
				<ele>970.98</ele>
				<time>2026-08-06T18:11:47.522Z</time>
			</trkpt>
			<trkpt lat="39.7417" lon="21.18477">
				<ele>971.86</ele>
				<time>2026-08-06T18:11:48.043Z</time>
			</trkpt>
			<trkpt lat="39.74164" lon="21.18499">
				<ele>977.15</ele>
				<time>2026-08-06T18:11:49.742Z</time>
			</trkpt>
			<trkpt lat="39.74161" lon="21.18504">
				<ele>977.97</ele>
				<time>2026-08-06T18:11:50.203Z</time>
			</trkpt>
			<trkpt lat="39.7414" lon="21.18516">
				<ele>973.89</ele>
				<time>2026-08-06T18:11:52.373Z</time>
			</trkpt>
			<trkpt lat="39.7413" lon="21.18525">
				<ele>971.8</ele>
				<time>2026-08-06T18:11:53.523Z</time>
			</trkpt>
			<trkpt lat="39.74117" lon="21.18554">
				<ele>975.15</ele>
				<time>2026-08-06T18:11:55.964Z</time>
			</trkpt>
			<trkpt lat="39.74112" lon="21.1859">
				<ele>986.05</ele>
				<time>2026-08-06T18:11:58.622Z</time>
			</trkpt>
			<trkpt lat="39.74106" lon="21.18594">
				<ele>984.98</ele>
				<time>2026-08-06T18:11:59.259Z</time>
			</trkpt>
			<trkpt lat="39.74095" lon="21.18597">
				<ele>980.25</ele>
				<time>2026-08-06T18:12:00.321Z</time>
			</trkpt>
			<trkpt lat="39.74089" lon="21.18602">
				<ele>978.91</ele>
				<time>2026-08-06T18:12:00.994Z</time>
			</trkpt>
			<trkpt lat="39.74085" lon="21.18608">
				<ele>979.43</ele>
				<time>2026-08-06T18:12:01.571Z</time>
			</trkpt>
			<trkpt lat="39.7408" lon="21.18625">
				<ele>983.62</ele>
				<time>2026-08-06T18:12:02.893Z</time>
			</trkpt>
			<trkpt lat="39.7407" lon="21.18665">
				<ele>991.5</ele>
				<time>2026-08-06T18:12:05.946Z</time>
			</trkpt>
			<trkpt lat="39.74062" lon="21.18673">
				<ele>991.36</ele>
				<time>2026-08-06T18:12:06.898Z</time>
			</trkpt>
			<trkpt lat="39.74028" lon="21.18674">
				<ele>979.72</ele>
				<time>2026-08-06T18:12:10.106Z</time>
			</trkpt>
			<trkpt lat="39.74023" lon="21.18675">
				<ele>977.77</ele>
				<time>2026-08-06T18:12:10.583Z</time>
			</trkpt>
			<trkpt lat="39.74019" lon="21.18679">
				<ele>977.06</ele>
				<time>2026-08-06T18:12:11.059Z</time>
			</trkpt>
			<trkpt lat="39.74013" lon="21.18689">
				<ele>977.2</ele>
				<time>2026-08-06T18:12:11.979Z</time>
			</trkpt>
			<trkpt lat="39.74009" lon="21.18699">
				<ele>978.64</ele>
				<time>2026-08-06T18:12:12.796Z</time>
			</trkpt>
			<trkpt lat="39.74" lon="21.18736">
				<ele>989.66</ele>
				<time>2026-08-06T18:12:15.609Z</time>
			</trkpt>
			<trkpt lat="39.73985" lon="21.18772">
				<ele>999.9</ele>
				<time>2026-08-06T18:12:18.575Z</time>
			</trkpt>
			<trkpt lat="39.73978" lon="21.18792">
				<ele>1006.58</ele>
				<time>2026-08-06T18:12:20.166Z</time>
			</trkpt>
			<trkpt lat="39.73971" lon="21.188">
				<ele>1007.99</ele>
				<time>2026-08-06T18:12:21.043Z</time>
			</trkpt>
			<trkpt lat="39.73964" lon="21.18804">
				<ele>1003.94</ele>
				<time>2026-08-06T18:12:21.763Z</time>
			</trkpt>
			<trkpt lat="39.73946" lon="21.1882">
				<ele>997.13</ele>
				<time>2026-08-06T18:12:23.815Z</time>
			</trkpt>
			<trkpt lat="39.73939" lon="21.18828">
				<ele>996.52</ele>
				<time>2026-08-06T18:12:24.692Z</time>
			</trkpt>
			<trkpt lat="39.73912" lon="21.18886">
				<ele>1008.83</ele>
				<time>2026-08-06T18:12:29.596Z</time>
			</trkpt>
			<trkpt lat="39.73903" lon="21.18914">
				<ele>1015.24</ele>
				<time>2026-08-06T18:12:31.789Z</time>
			</trkpt>
			<trkpt lat="39.73897" lon="21.18922">
				<ele>1015.01</ele>
				<time>2026-08-06T18:12:32.597Z</time>
			</trkpt>
			<trkpt lat="39.7389" lon="21.18927">
				<ele>1011.68</ele>
				<time>2026-08-06T18:12:33.347Z</time>
			</trkpt>
			<trkpt lat="39.7388" lon="21.18937">
				<ele>1006.94</ele>
				<time>2026-08-06T18:12:34.533Z</time>
			</trkpt>
			<trkpt lat="39.73876" lon="21.18946">
				<ele>1007.83</ele>
				<time>2026-08-06T18:12:35.283Z</time>
			</trkpt>
			<trkpt lat="39.73876" lon="21.18955">
				<ele>1012.43</ele>
				<time>2026-08-06T18:12:35.933Z</time>
			</trkpt>
			<trkpt lat="39.73871" lon="21.18964">
				<ele>1014.03</ele>
				<time>2026-08-06T18:12:36.735Z</time>
			</trkpt>
			<trkpt lat="39.73864" lon="21.18972">
				<ele>1013.08</ele>
				<time>2026-08-06T18:12:37.610Z</time>
			</trkpt>
			<trkpt lat="39.73849" lon="21.18983">
				<ele>1007.86</ele>
				<time>2026-08-06T18:12:39.227Z</time>
			</trkpt>
			<trkpt lat="39.73832" lon="21.18998">
				<ele>1004.6</ele>
				<time>2026-08-06T18:12:41.155Z</time>
			</trkpt>
			<trkpt lat="39.73801" lon="21.19037">
				<ele>1006.85</ele>
				<time>2026-08-06T18:12:45.201Z</time>
			</trkpt>
			<trkpt lat="39.73799" lon="21.19044">
				<ele>1008.02</ele>
				<time>2026-08-06T18:12:45.740Z</time>
			</trkpt>
			<trkpt lat="39.73798" lon="21.19055">
				<ele>1011.43</ele>
				<time>2026-08-06T18:12:46.538Z</time>
			</trkpt>
			<trkpt lat="39.73802" lon="21.19065">
				<ele>1015.72</ele>
				<time>2026-08-06T18:12:47.351Z</time>
			</trkpt>
			<trkpt lat="39.73827" lon="21.19096">
				<ele>1032.69</ele>
				<time>2026-08-06T18:12:50.588Z</time>
			</trkpt>
			<trkpt lat="39.73861" lon="21.19129">
				<ele>1045.26</ele>
				<time>2026-08-06T18:12:54.562Z</time>
			</trkpt>
			<trkpt lat="39.73871" lon="21.19144">
				<ele>1044.71</ele>
				<time>2026-08-06T18:12:55.991Z</time>
			</trkpt>
			<trkpt lat="39.73874" lon="21.19151">
				<ele>1042.52</ele>
				<time>2026-08-06T18:12:56.568Z</time>
			</trkpt>
			<trkpt lat="39.73876" lon="21.19162">
				<ele>1038.02</ele>
				<time>2026-08-06T18:12:57.382Z</time>
			</trkpt>
			<trkpt lat="39.7387" lon="21.1917">
				<ele>1032.11</ele>
				<time>2026-08-06T18:12:58.186Z</time>
			</trkpt>
			<trkpt lat="39.73869" lon="21.19179">
				<ele>1030.38</ele>
				<time>2026-08-06T18:12:58.840Z</time>
			</trkpt>
			<trkpt lat="39.73873" lon="21.19208">
				<ele>1030.47</ele>
				<time>2026-08-06T18:13:00.960Z</time>
			</trkpt>
			<trkpt lat="39.73876" lon="21.19219">
				<ele>1030.25</ele>
				<time>2026-08-06T18:13:01.799Z</time>
			</trkpt>
			<trkpt lat="39.73881" lon="21.19226">
				<ele>1030.38</ele>
				<time>2026-08-06T18:13:02.486Z</time>
			</trkpt>
			<trkpt lat="39.73884" lon="21.19237">
				<ele>1031.08</ele>
				<time>2026-08-06T18:13:03.326Z</time>
			</trkpt>
			<trkpt lat="39.73881" lon="21.19249">
				<ele>1032.56</ele>
				<time>2026-08-06T18:13:04.233Z</time>
			</trkpt>
			<trkpt lat="39.7388" lon="21.19268">
				<ele>1033.18</ele>
				<time>2026-08-06T18:13:05.602Z</time>
			</trkpt>
			<trkpt lat="39.73872" lon="21.19297">
				<ele>1031.3</ele>
				<time>2026-08-06T18:13:07.816Z</time>
			</trkpt>
			<trkpt lat="39.73874" lon="21.19312">
				<ele>1031.47</ele>
				<time>2026-08-06T18:13:08.909Z</time>
			</trkpt>
			<trkpt lat="39.73882" lon="21.19325">
				<ele>1034.04</ele>
				<time>2026-08-06T18:13:10.105Z</time>
			</trkpt>
			<trkpt lat="39.73886" lon="21.19339">
				<ele>1036.07</ele>
				<time>2026-08-06T18:13:11.178Z</time>
			</trkpt>
			<trkpt lat="39.73907" lon="21.1937">
				<ele>1041.82</ele>
				<time>2026-08-06T18:13:14.144Z</time>
			</trkpt>
			<trkpt lat="39.73922" lon="21.194">
				<ele>1043.8</ele>
				<time>2026-08-06T18:13:16.711Z</time>
			</trkpt>
			<trkpt lat="39.73934" lon="21.1944">
				<ele>1042.88</ele>
				<time>2026-08-06T18:13:19.791Z</time>
			</trkpt>
			<trkpt lat="39.73936" lon="21.19459">
				<ele>1040.53</ele>
				<time>2026-08-06T18:13:21.166Z</time>
			</trkpt>
			<trkpt lat="39.73935" lon="21.19469">
				<ele>1039.05</ele>
				<time>2026-08-06T18:13:21.889Z</time>
			</trkpt>
			<trkpt lat="39.73941" lon="21.1948">
				<ele>1037.93</ele>
				<time>2026-08-06T18:13:22.855Z</time>
			</trkpt>
			<trkpt lat="39.73949" lon="21.19483">
				<ele>1038.72</ele>
				<time>2026-08-06T18:13:23.631Z</time>
			</trkpt>
			<trkpt lat="39.73957" lon="21.19484">
				<ele>1040.67</ele>
				<time>2026-08-06T18:13:24.380Z</time>
			</trkpt>
			<trkpt lat="39.73964" lon="21.1949">
				<ele>1041.99</ele>
				<time>2026-08-06T18:13:25.161Z</time>
			</trkpt>
			<trkpt lat="39.73967" lon="21.19495">
				<ele>1042.07</ele>
				<time>2026-08-06T18:13:25.616Z</time>
			</trkpt>
			<trkpt lat="39.73966" lon="21.19506">
				<ele>1040.52</ele>
				<time>2026-08-06T18:13:26.409Z</time>
			</trkpt>
			<trkpt lat="39.7396" lon="21.19512">
				<ele>1037.96</ele>
				<time>2026-08-06T18:13:27.114Z</time>
			</trkpt>
			<trkpt lat="39.73937" lon="21.19521">
				<ele>1034.95</ele>
				<time>2026-08-06T18:13:29.351Z</time>
			</trkpt>
			<trkpt lat="39.73935" lon="21.19537">
				<ele>1034.85</ele>
				<time>2026-08-06T18:13:30.511Z</time>
			</trkpt>
			<trkpt lat="39.73945" lon="21.19558">
				<ele>1031.44</ele>
				<time>2026-08-06T18:13:32.279Z</time>
			</trkpt>
			<trkpt lat="39.73951" lon="21.19573">
				<ele>1033.72</ele>
				<time>2026-08-06T18:13:33.489Z</time>
			</trkpt>
			<trkpt lat="39.73951" lon="21.196">
				<ele>1036.13</ele>
				<time>2026-08-06T18:13:35.420Z</time>
			</trkpt>
			<trkpt lat="39.73946" lon="21.19621">
				<ele>1037.44</ele>
				<time>2026-08-06T18:13:36.992Z</time>
			</trkpt>
			<trkpt lat="39.73937" lon="21.19637">
				<ele>1040.33</ele>
				<time>2026-08-06T18:13:38.409Z</time>
			</trkpt>
			<trkpt lat="39.73883" lon="21.19703">
				<ele>1050.57</ele>
				<time>2026-08-06T18:13:45.295Z</time>
			</trkpt>
			<trkpt lat="39.7387" lon="21.19732">
				<ele>1051.82</ele>
				<time>2026-08-06T18:13:47.691Z</time>
			</trkpt>
			<trkpt lat="39.73809" lon="21.19798">
				<ele>1046.63</ele>
				<time>2026-08-06T18:13:55.052Z</time>
			</trkpt>
			<trkpt lat="39.73748" lon="21.19817">
				<ele>1067.82</ele>
				<time>2026-08-06T18:14:00.865Z</time>
			</trkpt>
			<trkpt lat="39.73733" lon="21.1984">
				<ele>1074.98</ele>
				<time>2026-08-06T18:14:03.012Z</time>
			</trkpt>
			<trkpt lat="39.73735" lon="21.19848">
				<ele>1073.94</ele>
				<time>2026-08-06T18:14:03.611Z</time>
			</trkpt>
			<trkpt lat="39.73734" lon="21.19858">
				<ele>1074.63</ele>
				<time>2026-08-06T18:14:04.329Z</time>
			</trkpt>
			<trkpt lat="39.73728" lon="21.19862">
				<ele>1077.37</ele>
				<time>2026-08-06T18:14:04.953Z</time>
			</trkpt>
			<trkpt lat="39.73722" lon="21.19857">
				<ele>1079.86</ele>
				<time>2026-08-06T18:14:05.613Z</time>
			</trkpt>
			<trkpt lat="39.73714" lon="21.19831">
				<ele>1082.56</ele>
				<time>2026-08-06T18:14:07.605Z</time>
			</trkpt>
			<trkpt lat="39.73714" lon="21.19818">
				<ele>1082.44</ele>
				<time>2026-08-06T18:14:08.530Z</time>
			</trkpt>
			<trkpt lat="39.73722" lon="21.19805">
				<ele>1078.98</ele>
				<time>2026-08-06T18:14:09.714Z</time>
			</trkpt>
			<trkpt lat="39.73734" lon="21.19802">
				<ele>1073.91</ele>
				<time>2026-08-06T18:14:10.844Z</time>
			</trkpt>
			<trkpt lat="39.73747" lon="21.19796">
				<ele>1070.05</ele>
				<time>2026-08-06T18:14:12.120Z</time>
			</trkpt>
			<trkpt lat="39.73756" lon="21.19749">
				<ele>1082</ele>
				<time>2026-08-06T18:14:15.562Z</time>
			</trkpt>
			<trkpt lat="39.73767" lon="21.19728">
				<ele>1084.21</ele>
				<time>2026-08-06T18:14:17.367Z</time>
			</trkpt>
			<trkpt lat="39.73784" lon="21.19709">
				<ele>1083.95</ele>
				<time>2026-08-06T18:14:19.437Z</time>
			</trkpt>
			<trkpt lat="39.73805" lon="21.19701">
				<ele>1077.72</ele>
				<time>2026-08-06T18:14:21.457Z</time>
			</trkpt>
			<trkpt lat="39.73847" lon="21.19655">
				<ele>1075.95</ele>
				<time>2026-08-06T18:14:26.524Z</time>
			</trkpt>
			<trkpt lat="39.73852" lon="21.19645">
				<ele>1076.71</ele>
				<time>2026-08-06T18:14:27.370Z</time>
			</trkpt>
			<trkpt lat="39.73857" lon="21.19606">
				<ele>1081.99</ele>
				<time>2026-08-06T18:14:30.173Z</time>
			</trkpt>
			<trkpt lat="39.73856" lon="21.19591">
				<ele>1082.8</ele>
				<time>2026-08-06T18:14:31.240Z</time>
			</trkpt>
			<trkpt lat="39.73852" lon="21.19573">
				<ele>1084.99</ele>
				<time>2026-08-06T18:14:32.567Z</time>
			</trkpt>
			<trkpt lat="39.73846" lon="21.19568">
				<ele>1087</ele>
				<time>2026-08-06T18:14:33.224Z</time>
			</trkpt>
			<trkpt lat="39.7384" lon="21.19571">
				<ele>1089.42</ele>
				<time>2026-08-06T18:14:33.816Z</time>
			</trkpt>
			<trkpt lat="39.73834" lon="21.19619">
				<ele>1093.36</ele>
				<time>2026-08-06T18:14:37.260Z</time>
			</trkpt>
			<trkpt lat="39.73825" lon="21.19639">
				<ele>1091.66</ele>
				<time>2026-08-06T18:14:38.900Z</time>
			</trkpt>
			<trkpt lat="39.73818" lon="21.19645">
				<ele>1091</ele>
				<time>2026-08-06T18:14:39.672Z</time>
			</trkpt>
			<trkpt lat="39.73804" lon="21.19651">
				<ele>1093.1</ele>
				<time>2026-08-06T18:14:41.028Z</time>
			</trkpt>
			<trkpt lat="39.73786" lon="21.19655">
				<ele>1096.91</ele>
				<time>2026-08-06T18:14:42.708Z</time>
			</trkpt>
			<trkpt lat="39.73763" lon="21.19655">
				<ele>1103.29</ele>
				<time>2026-08-06T18:14:44.823Z</time>
			</trkpt>
			<trkpt lat="39.73742" lon="21.19667">
				<ele>1104.64</ele>
				<time>2026-08-06T18:14:46.932Z</time>
			</trkpt>
			<trkpt lat="39.73711" lon="21.19691">
				<ele>1107.6</ele>
				<time>2026-08-06T18:14:50.247Z</time>
			</trkpt>
			<trkpt lat="39.73687" lon="21.19705">
				<ele>1114.9</ele>
				<time>2026-08-06T18:14:52.663Z</time>
			</trkpt>
			<trkpt lat="39.7366" lon="21.19727">
				<ele>1123.35</ele>
				<time>2026-08-06T18:14:55.588Z</time>
			</trkpt>
			<trkpt lat="39.73644" lon="21.19796">
				<ele>1122.92</ele>
				<time>2026-08-06T18:15:00.672Z</time>
			</trkpt>
			<trkpt lat="39.73654" lon="21.19828">
				<ele>1114.3</ele>
				<time>2026-08-06T18:15:03.108Z</time>
			</trkpt>
			<trkpt lat="39.73664" lon="21.19849">
				<ele>1105.67</ele>
				<time>2026-08-06T18:15:04.849Z</time>
			</trkpt>
			<trkpt lat="39.73674" lon="21.1989">
				<ele>1097.65</ele>
				<time>2026-08-06T18:15:07.879Z</time>
			</trkpt>
			<trkpt lat="39.73675" lon="21.19908">
				<ele>1094.77</ele>
				<time>2026-08-06T18:15:09.150Z</time>
			</trkpt>
			<trkpt lat="39.73665" lon="21.19916">
				<ele>1096.65</ele>
				<time>2026-08-06T18:15:10.225Z</time>
			</trkpt>
			<trkpt lat="39.73642" lon="21.19924">
				<ele>1103.65</ele>
				<time>2026-08-06T18:15:12.404Z</time>
			</trkpt>
			<trkpt lat="39.7361" lon="21.1994">
				<ele>1111.57</ele>
				<time>2026-08-06T18:15:15.541Z</time>
			</trkpt>
			<trkpt lat="39.736" lon="21.19948">
				<ele>1115.68</ele>
				<time>2026-08-06T18:15:16.615Z</time>
			</trkpt>
			<trkpt lat="39.73573" lon="21.19972">
				<ele>1121.34</ele>
				<time>2026-08-06T18:15:19.606Z</time>
			</trkpt>
			<trkpt lat="39.73553" lon="21.19998">
				<ele>1115.17</ele>
				<time>2026-08-06T18:15:22.190Z</time>
			</trkpt>
			<trkpt lat="39.73547" lon="21.2">
				<ele>1114.21</ele>
				<time>2026-08-06T18:15:22.756Z</time>
			</trkpt>
			<trkpt lat="39.73535" lon="21.19997">
				<ele>1116.67</ele>
				<time>2026-08-06T18:15:23.873Z</time>
			</trkpt>
			<trkpt lat="39.73511" lon="21.19984">
				<ele>1125.43</ele>
				<time>2026-08-06T18:15:26.247Z</time>
			</trkpt>
			<trkpt lat="39.73472" lon="21.19957">
				<ele>1131.8</ele>
				<time>2026-08-06T18:15:30.280Z</time>
			</trkpt>
			<trkpt lat="39.73458" lon="21.19939">
				<ele>1138.64</ele>
				<time>2026-08-06T18:15:32.076Z</time>
			</trkpt>
			<trkpt lat="39.73431" lon="21.19912">
				<ele>1138.67</ele>
				<time>2026-08-06T18:15:35.183Z</time>
			</trkpt>
			<trkpt lat="39.73414" lon="21.19904">
				<ele>1134.49</ele>
				<time>2026-08-06T18:15:36.831Z</time>
			</trkpt>
			<trkpt lat="39.734" lon="21.19895">
				<ele>1137.59</ele>
				<time>2026-08-06T18:15:38.254Z</time>
			</trkpt>
			<trkpt lat="39.73392" lon="21.19884">
				<ele>1143.7</ele>
				<time>2026-08-06T18:15:39.315Z</time>
			</trkpt>
			<trkpt lat="39.7338" lon="21.19859">
				<ele>1155.75</ele>
				<time>2026-08-06T18:15:41.380Z</time>
			</trkpt>
			<trkpt lat="39.73365" lon="21.19852">
				<ele>1158.29</ele>
				<time>2026-08-06T18:15:42.831Z</time>
			</trkpt>
			<trkpt lat="39.73347" lon="21.19849">
				<ele>1158.95</ele>
				<time>2026-08-06T18:15:44.483Z</time>
			</trkpt>
			<trkpt lat="39.73335" lon="21.19853">
				<ele>1157.41</ele>
				<time>2026-08-06T18:15:45.611Z</time>
			</trkpt>
			<trkpt lat="39.73334" lon="21.19869">
				<ele>1153.26</ele>
				<time>2026-08-06T18:15:46.734Z</time>
			</trkpt>
			<trkpt lat="39.73336" lon="21.19902">
				<ele>1145.39</ele>
				<time>2026-08-06T18:15:49.050Z</time>
			</trkpt>
			<trkpt lat="39.73332" lon="21.19911">
				<ele>1144.43</ele>
				<time>2026-08-06T18:15:49.777Z</time>
			</trkpt>
			<trkpt lat="39.73322" lon="21.19921">
				<ele>1148.13</ele>
				<time>2026-08-06T18:15:50.925Z</time>
			</trkpt>
			<trkpt lat="39.73314" lon="21.1995">
				<ele>1142.88</ele>
				<time>2026-08-06T18:15:53.079Z</time>
			</trkpt>
			<trkpt lat="39.73296" lon="21.19985">
				<ele>1134.33</ele>
				<time>2026-08-06T18:15:56.021Z</time>
			</trkpt>
			<trkpt lat="39.73282" lon="21.19994">
				<ele>1135.88</ele>
				<time>2026-08-06T18:15:57.440Z</time>
			</trkpt>
			<trkpt lat="39.73265" lon="21.19995">
				<ele>1139.71</ele>
				<time>2026-08-06T18:15:58.986Z</time>
			</trkpt>
			<trkpt lat="39.73249" lon="21.19989">
				<ele>1144.91</ele>
				<time>2026-08-06T18:16:00.498Z</time>
			</trkpt>
			<trkpt lat="39.73234" lon="21.19973">
				<ele>1152.45</ele>
				<time>2026-08-06T18:16:02.259Z</time>
			</trkpt>
			<trkpt lat="39.73225" lon="21.19967">
				<ele>1156.63</ele>
				<time>2026-08-06T18:16:03.177Z</time>
			</trkpt>
			<trkpt lat="39.73217" lon="21.19964">
				<ele>1159.11</ele>
				<time>2026-08-06T18:16:03.932Z</time>
			</trkpt>
			<trkpt lat="39.73211" lon="21.19965">
				<ele>1159.71</ele>
				<time>2026-08-06T18:16:04.481Z</time>
			</trkpt>
			<trkpt lat="39.73203" lon="21.19973">
				<ele>1158.88</ele>
				<time>2026-08-06T18:16:05.397Z</time>
			</trkpt>
			<trkpt lat="39.73194" lon="21.19994">
				<ele>1149.91</ele>
				<time>2026-08-06T18:16:07.073Z</time>
			</trkpt>
			<trkpt lat="39.73182" lon="21.20015">
				<ele>1141.58</ele>
				<time>2026-08-06T18:16:08.898Z</time>
			</trkpt>
			<trkpt lat="39.73175" lon="21.20021">
				<ele>1141.65</ele>
				<time>2026-08-06T18:16:09.658Z</time>
			</trkpt>
			<trkpt lat="39.73169" lon="21.20021">
				<ele>1145.39</ele>
				<time>2026-08-06T18:16:10.202Z</time>
			</trkpt>
			<trkpt lat="39.73166" lon="21.20014">
				<ele>1150.27</ele>
				<time>2026-08-06T18:16:10.760Z</time>
			</trkpt>
			<trkpt lat="39.73168" lon="21.19995">
				<ele>1158.23</ele>
				<time>2026-08-06T18:16:12.097Z</time>
			</trkpt>
			<trkpt lat="39.73187" lon="21.19921">
				<ele>1175.16</ele>
				<time>2026-08-06T18:16:17.530Z</time>
			</trkpt>
			<trkpt lat="39.73188" lon="21.19909">
				<ele>1178.54</ele>
				<time>2026-08-06T18:16:18.371Z</time>
			</trkpt>
			<trkpt lat="39.73191" lon="21.19898">
				<ele>1180.93</ele>
				<time>2026-08-06T18:16:19.183Z</time>
			</trkpt>
			<trkpt lat="39.73198" lon="21.19894">
				<ele>1181.25</ele>
				<time>2026-08-06T18:16:19.875Z</time>
			</trkpt>
			<trkpt lat="39.73207" lon="21.19895">
				<ele>1181.06</ele>
				<time>2026-08-06T18:16:20.692Z</time>
			</trkpt>
			<trkpt lat="39.73237" lon="21.1992">
				<ele>1171.82</ele>
				<time>2026-08-06T18:16:23.915Z</time>
			</trkpt>
			<trkpt lat="39.73251" lon="21.19935">
				<ele>1163.04</ele>
				<time>2026-08-06T18:16:25.555Z</time>
			</trkpt>
			<trkpt lat="39.73266" lon="21.19934">
				<ele>1158.13</ele>
				<time>2026-08-06T18:16:26.913Z</time>
			</trkpt>
			<trkpt lat="39.73273" lon="21.19928">
				<ele>1158.06</ele>
				<time>2026-08-06T18:16:27.671Z</time>
			</trkpt>
			<trkpt lat="39.73281" lon="21.19916">
				<ele>1160.6</ele>
				<time>2026-08-06T18:16:28.774Z</time>
			</trkpt>
			<trkpt lat="39.73286" lon="21.19901">
				<ele>1166.28</ele>
				<time>2026-08-06T18:16:29.910Z</time>
			</trkpt>
			<trkpt lat="39.73283" lon="21.19827">
				<ele>1203.58</ele>
				<time>2026-08-06T18:16:35.056Z</time>
			</trkpt>
			<trkpt lat="39.73288" lon="21.19795">
				<ele>1204.65</ele>
				<time>2026-08-06T18:16:37.322Z</time>
			</trkpt>
			<trkpt lat="39.73296" lon="21.19779">
				<ele>1199.47</ele>
				<time>2026-08-06T18:16:38.646Z</time>
			</trkpt>
			<trkpt lat="39.73304" lon="21.19772">
				<ele>1194.74</ele>
				<time>2026-08-06T18:16:39.516Z</time>
			</trkpt>
			<trkpt lat="39.73312" lon="21.1977">
				<ele>1192.34</ele>
				<time>2026-08-06T18:16:40.250Z</time>
			</trkpt>
			<trkpt lat="39.73322" lon="21.1977">
				<ele>1189.18</ele>
				<time>2026-08-06T18:16:41.152Z</time>
			</trkpt>
			<trkpt lat="39.7336" lon="21.19779">
				<ele>1181.51</ele>
				<time>2026-08-06T18:16:44.634Z</time>
			</trkpt>
			<trkpt lat="39.7338" lon="21.19779">
				<ele>1178.47</ele>
				<time>2026-08-06T18:16:46.436Z</time>
			</trkpt>
			<trkpt lat="39.73404" lon="21.19769">
				<ele>1181.47</ele>
				<time>2026-08-06T18:16:48.705Z</time>
			</trkpt>
			<trkpt lat="39.73414" lon="21.19767">
				<ele>1181.78</ele>
				<time>2026-08-06T18:16:49.616Z</time>
			</trkpt>
			<trkpt lat="39.73431" lon="21.1977">
				<ele>1181.15</ele>
				<time>2026-08-06T18:16:51.161Z</time>
			</trkpt>
			<trkpt lat="39.73435" lon="21.19768">
				<ele>1181.94</ele>
				<time>2026-08-06T18:16:51.546Z</time>
			</trkpt>
			<trkpt lat="39.7344" lon="21.19763">
				<ele>1184.36</ele>
				<time>2026-08-06T18:16:52.114Z</time>
			</trkpt>
			<trkpt lat="39.73442" lon="21.19755">
				<ele>1188.35</ele>
				<time>2026-08-06T18:16:52.696Z</time>
			</trkpt>
			<trkpt lat="39.73441" lon="21.19746">
				<ele>1193.01</ele>
				<time>2026-08-06T18:16:53.325Z</time>
			</trkpt>
			<trkpt lat="39.73436" lon="21.19739">
				<ele>1196.75</ele>
				<time>2026-08-06T18:16:53.986Z</time>
			</trkpt>
			<trkpt lat="39.73422" lon="21.19741">
				<ele>1194.99</ele>
				<time>2026-08-06T18:16:55.253Z</time>
			</trkpt>
			<trkpt lat="39.7339" lon="21.19751">
				<ele>1190.04</ele>
				<time>2026-08-06T18:16:58.213Z</time>
			</trkpt>
			<trkpt lat="39.73366" lon="21.19749">
				<ele>1194.42</ele>
				<time>2026-08-06T18:17:00.375Z</time>
			</trkpt>
			<trkpt lat="39.73354" lon="21.19744">
				<ele>1196.3</ele>
				<time>2026-08-06T18:17:01.507Z</time>
			</trkpt>
			<trkpt lat="39.73291" lon="21.19711">
				<ele>1219.73</ele>
				<time>2026-08-06T18:17:07.606Z</time>
			</trkpt>
			<trkpt lat="39.73279" lon="21.19713">
				<ele>1222.78</ele>
				<time>2026-08-06T18:17:08.692Z</time>
			</trkpt>
			<trkpt lat="39.73271" lon="21.19719">
				<ele>1224.21</ele>
				<time>2026-08-06T18:17:09.521Z</time>
			</trkpt>
			<trkpt lat="39.73263" lon="21.19728">
				<ele>1224.31</ele>
				<time>2026-08-06T18:17:10.470Z</time>
			</trkpt>
			<trkpt lat="39.73244" lon="21.19777">
				<ele>1224.01</ele>
				<time>2026-08-06T18:17:14.255Z</time>
			</trkpt>
			<trkpt lat="39.73238" lon="21.19781">
				<ele>1223.05</ele>
				<time>2026-08-06T18:17:14.859Z</time>
			</trkpt>
			<trkpt lat="39.73229" lon="21.19782">
				<ele>1222.24</ele>
				<time>2026-08-06T18:17:15.669Z</time>
			</trkpt>
			<trkpt lat="39.73199" lon="21.19763">
				<ele>1229.24</ele>
				<time>2026-08-06T18:17:18.659Z</time>
			</trkpt>
			<trkpt lat="39.73181" lon="21.19755">
				<ele>1234.02</ele>
				<time>2026-08-06T18:17:20.363Z</time>
			</trkpt>
			<trkpt lat="39.73156" lon="21.19753">
				<ele>1235.61</ele>
				<time>2026-08-06T18:17:22.606Z</time>
			</trkpt>
			<trkpt lat="39.73138" lon="21.19756">
				<ele>1232.71</ele>
				<time>2026-08-06T18:17:24.230Z</time>
			</trkpt>
			<trkpt lat="39.73123" lon="21.19764">
				<ele>1233.6</ele>
				<time>2026-08-06T18:17:25.681Z</time>
			</trkpt>
			<trkpt lat="39.7311" lon="21.19784">
				<ele>1234.01</ele>
				<time>2026-08-06T18:17:27.483Z</time>
			</trkpt>
			<trkpt lat="39.73107" lon="21.19823">
				<ele>1237.93</ele>
				<time>2026-08-06T18:17:30.178Z</time>
			</trkpt>
			<trkpt lat="39.73097" lon="21.19883">
				<ele>1241.74</ele>
				<time>2026-08-06T18:17:34.398Z</time>
			</trkpt>
			<trkpt lat="39.73083" lon="21.19908">
				<ele>1238.46</ele>
				<time>2026-08-06T18:17:36.523Z</time>
			</trkpt>
			<trkpt lat="39.73062" lon="21.19933">
				<ele>1233.05</ele>
				<time>2026-08-06T18:17:39.065Z</time>
			</trkpt>
			<trkpt lat="39.73" lon="21.19959">
				<ele>1247.92</ele>
				<time>2026-08-06T18:17:44.878Z</time>
			</trkpt>
			<trkpt lat="39.7296" lon="21.19964">
				<ele>1248.61</ele>
				<time>2026-08-06T18:17:48.461Z</time>
			</trkpt>
			<trkpt lat="39.72932" lon="21.20006">
				<ele>1235.19</ele>
				<time>2026-08-06T18:17:52.269Z</time>
			</trkpt>
			<trkpt lat="39.72913" lon="21.20019">
				<ele>1236.15</ele>
				<time>2026-08-06T18:17:54.181Z</time>
			</trkpt>
			<trkpt lat="39.72893" lon="21.2002">
				<ele>1240.57</ele>
				<time>2026-08-06T18:17:55.963Z</time>
			</trkpt>
			<trkpt lat="39.72884" lon="21.20026">
				<ele>1240.82</ele>
				<time>2026-08-06T18:17:56.863Z</time>
			</trkpt>
			<trkpt lat="39.72871" lon="21.20044">
				<ele>1245.4</ele>
				<time>2026-08-06T18:17:58.553Z</time>
			</trkpt>
			<trkpt lat="39.72857" lon="21.2006">
				<ele>1253.33</ele>
				<time>2026-08-06T18:18:00.212Z</time>
			</trkpt>
			<trkpt lat="39.72856" lon="21.20074">
				<ele>1257.38</ele>
				<time>2026-08-06T18:18:01.173Z</time>
			</trkpt>
			<trkpt lat="39.72859" lon="21.20084">
				<ele>1257.72</ele>
				<time>2026-08-06T18:18:01.907Z</time>
			</trkpt>
			<trkpt lat="39.7288" lon="21.20105">
				<ele>1255.23</ele>
				<time>2026-08-06T18:18:04.263Z</time>
			</trkpt>
			<trkpt lat="39.72913" lon="21.20205">
				<ele>1257.6</ele>
				<time>2026-08-06T18:18:11.697Z</time>
			</trkpt>
			<trkpt lat="39.72909" lon="21.20213">
				<ele>1261.86</ele>
				<time>2026-08-06T18:18:12.348Z</time>
			</trkpt>
			<trkpt lat="39.72898" lon="21.20214">
				<ele>1270.11</ele>
				<time>2026-08-06T18:18:13.327Z</time>
			</trkpt>
			<trkpt lat="39.72852" lon="21.20126">
				<ele>1274.66</ele>
				<time>2026-08-06T18:18:20.584Z</time>
			</trkpt>
			<trkpt lat="39.7283" lon="21.20112">
				<ele>1277.4</ele>
				<time>2026-08-06T18:18:22.755Z</time>
			</trkpt>
			<trkpt lat="39.72805" lon="21.20108">
				<ele>1294.59</ele>
				<time>2026-08-06T18:18:24.986Z</time>
			</trkpt>
			<trkpt lat="39.72763" lon="21.20069">
				<ele>1312.82</ele>
				<time>2026-08-06T18:18:29.555Z</time>
			</trkpt>
			<trkpt lat="39.72751" lon="21.20046">
				<ele>1316.52</ele>
				<time>2026-08-06T18:18:31.447Z</time>
			</trkpt>
			<trkpt lat="39.72753" lon="21.20027">
				<ele>1310.72</ele>
				<time>2026-08-06T18:18:32.751Z</time>
			</trkpt>
			<trkpt lat="39.72767" lon="21.2002">
				<ele>1298.53</ele>
				<time>2026-08-06T18:18:34.078Z</time>
			</trkpt>
			<trkpt lat="39.72797" lon="21.20016">
				<ele>1280.59</ele>
				<time>2026-08-06T18:18:36.744Z</time>
			</trkpt>
			<trkpt lat="39.72819" lon="21.20009">
				<ele>1268.36</ele>
				<time>2026-08-06T18:18:38.746Z</time>
			</trkpt>
			<trkpt lat="39.72832" lon="21.20001">
				<ele>1263.2</ele>
				<time>2026-08-06T18:18:40.016Z</time>
			</trkpt>
			<trkpt lat="39.72846" lon="21.19987">
				<ele>1267.65</ele>
				<time>2026-08-06T18:18:41.576Z</time>
			</trkpt>
			<trkpt lat="39.7285" lon="21.19964">
				<ele>1277.66</ele>
				<time>2026-08-06T18:18:43.178Z</time>
			</trkpt>
			<trkpt lat="39.7286" lon="21.19956">
				<ele>1279.66</ele>
				<time>2026-08-06T18:18:44.214Z</time>
			</trkpt>
			<trkpt lat="39.72892" lon="21.19945">
				<ele>1273.75</ele>
				<time>2026-08-06T18:18:47.135Z</time>
			</trkpt>
			<trkpt lat="39.72903" lon="21.19936">
				<ele>1272.76</ele>
				<time>2026-08-06T18:18:48.282Z</time>
			</trkpt>
			<trkpt lat="39.72908" lon="21.19915">
				<ele>1282.21</ele>
				<time>2026-08-06T18:18:49.773Z</time>
			</trkpt>
			<trkpt lat="39.72921" lon="21.19894">
				<ele>1291.44</ele>
				<time>2026-08-06T18:18:51.601Z</time>
			</trkpt>
			<trkpt lat="39.72936" lon="21.19881">
				<ele>1295.07</ele>
				<time>2026-08-06T18:18:53.190Z</time>
			</trkpt>
			<trkpt lat="39.72956" lon="21.19878">
				<ele>1289.54</ele>
				<time>2026-08-06T18:18:54.964Z</time>
			</trkpt>
			<trkpt lat="39.72983" lon="21.1988">
				<ele>1280.21</ele>
				<time>2026-08-06T18:18:57.346Z</time>
			</trkpt>
			<trkpt lat="39.73006" lon="21.19875">
				<ele>1274.7</ele>
				<time>2026-08-06T18:18:59.399Z</time>
			</trkpt>
			<trkpt lat="39.73015" lon="21.19868">
				<ele>1274.43</ele>
				<time>2026-08-06T18:19:00.322Z</time>
			</trkpt>
			<trkpt lat="39.73023" lon="21.19854">
				<ele>1277.59</ele>
				<time>2026-08-06T18:19:01.503Z</time>
			</trkpt>
			<trkpt lat="39.73023" lon="21.19835">
				<ele>1285.04</ele>
				<time>2026-08-06T18:19:02.789Z</time>
			</trkpt>
			<trkpt lat="39.7302" lon="21.19783">
				<ele>1303.71</ele>
				<time>2026-08-06T18:19:06.316Z</time>
			</trkpt>
			<trkpt lat="39.7302" lon="21.19719">
				<ele>1306.29</ele>
				<time>2026-08-06T18:19:10.643Z</time>
			</trkpt>
			<trkpt lat="39.73026" lon="21.19679">
				<ele>1315.56</ele>
				<time>2026-08-06T18:19:13.396Z</time>
			</trkpt>
			<trkpt lat="39.73036" lon="21.19662">
				<ele>1318.15</ele>
				<time>2026-08-06T18:19:14.841Z</time>
			</trkpt>
			<trkpt lat="39.73091" lon="21.19611">
				<ele>1322.58</ele>
				<time>2026-08-06T18:19:20.769Z</time>
			</trkpt>
			<trkpt lat="39.73109" lon="21.19602">
				<ele>1317.93</ele>
				<time>2026-08-06T18:19:22.460Z</time>
			</trkpt>
			<trkpt lat="39.73141" lon="21.19598">
				<ele>1312.21</ele>
				<time>2026-08-06T18:19:25.278Z</time>
			</trkpt>
			<trkpt lat="39.7319" lon="21.19596">
				<ele>1310.95</ele>
				<time>2026-08-06T18:19:29.573Z</time>
			</trkpt>
			<trkpt lat="39.73225" lon="21.19573">
				<ele>1322.19</ele>
				<time>2026-08-06T18:19:33.006Z</time>
			</trkpt>
			<trkpt lat="39.73262" lon="21.19558">
				<ele>1326.24</ele>
				<time>2026-08-06T18:19:36.397Z</time>
			</trkpt>
			<trkpt lat="39.73307" lon="21.19551">
				<ele>1320.96</ele>
				<time>2026-08-06T18:19:40.360Z</time>
			</trkpt>
			<trkpt lat="39.7334" lon="21.19535">
				<ele>1324.26</ele>
				<time>2026-08-06T18:19:43.438Z</time>
			</trkpt>
			<trkpt lat="39.73385" lon="21.19496">
				<ele>1329.49</ele>
				<time>2026-08-06T18:19:48.160Z</time>
			</trkpt>
			<trkpt lat="39.73396" lon="21.19471">
				<ele>1332.79</ele>
				<time>2026-08-06T18:19:50.093Z</time>
			</trkpt>
			<trkpt lat="39.73404" lon="21.1942">
				<ele>1334.5</ele>
				<time>2026-08-06T18:19:53.585Z</time>
			</trkpt>
			<trkpt lat="39.73403" lon="21.19408">
				<ele>1331.94</ele>
				<time>2026-08-06T18:19:54.394Z</time>
			</trkpt>
			<trkpt lat="39.73384" lon="21.19378">
				<ele>1333</ele>
				<time>2026-08-06T18:19:56.999Z</time>
			</trkpt>
			<trkpt lat="39.73357" lon="21.19351">
				<ele>1350.78</ele>
				<time>2026-08-06T18:19:59.967Z</time>
			</trkpt>
			<trkpt lat="39.73338" lon="21.19342">
				<ele>1351.45</ele>
				<time>2026-08-06T18:20:01.728Z</time>
			</trkpt>
			<trkpt lat="39.73328" lon="21.1933">
				<ele>1347.83</ele>
				<time>2026-08-06T18:20:02.913Z</time>
			</trkpt>
			<trkpt lat="39.73323" lon="21.19316">
				<ele>1343.14</ele>
				<time>2026-08-06T18:20:03.946Z</time>
			</trkpt>
			<trkpt lat="39.73312" lon="21.19307">
				<ele>1337.71</ele>
				<time>2026-08-06T18:20:05.077Z</time>
			</trkpt>
			<trkpt lat="39.7329" lon="21.19311">
				<ele>1333.9</ele>
				<time>2026-08-06T18:20:07.010Z</time>
			</trkpt>
			<trkpt lat="39.73226" lon="21.19335">
				<ele>1355.46</ele>
				<time>2026-08-06T18:20:12.802Z</time>
			</trkpt>
			<trkpt lat="39.73199" lon="21.19341">
				<ele>1364.59</ele>
				<time>2026-08-06T18:20:15.182Z</time>
			</trkpt>
			<trkpt lat="39.73176" lon="21.19336">
				<ele>1365.45</ele>
				<time>2026-08-06T18:20:17.207Z</time>
			</trkpt>
			<trkpt lat="39.73163" lon="21.19329">
				<ele>1362.43</ele>
				<time>2026-08-06T18:20:18.429Z</time>
			</trkpt>
			<trkpt lat="39.7312" lon="21.19326">
				<ele>1358.57</ele>
				<time>2026-08-06T18:20:22.167Z</time>
			</trkpt>
			<trkpt lat="39.73086" lon="21.19333">
				<ele>1365.77</ele>
				<time>2026-08-06T18:20:25.152Z</time>
			</trkpt>
			<trkpt lat="39.73032" lon="21.19358">
				<ele>1372.67</ele>
				<time>2026-08-06T18:20:30.121Z</time>
			</trkpt>
			<trkpt lat="39.72999" lon="21.19369">
				<ele>1380.86</ele>
				<time>2026-08-06T18:20:33.072Z</time>
			</trkpt>
			<trkpt lat="39.72906" lon="21.19387">
				<ele>1379.59</ele>
				<time>2026-08-06T18:20:41.208Z</time>
			</trkpt>
			<trkpt lat="39.72878" lon="21.19391">
				<ele>1383.93</ele>
				<time>2026-08-06T18:20:43.643Z</time>
			</trkpt>
			<trkpt lat="39.72842" lon="21.19411">
				<ele>1400.68</ele>
				<time>2026-08-06T18:20:47.026Z</time>
			</trkpt>
			<trkpt lat="39.72773" lon="21.19439">
				<ele>1415.89</ele>
				<time>2026-08-06T18:20:53.266Z</time>
			</trkpt>
			<trkpt lat="39.72734" lon="21.19451">
				<ele>1420.3</ele>
				<time>2026-08-06T18:20:56.723Z</time>
			</trkpt>
			<trkpt lat="39.72698" lon="21.19455">
				<ele>1414.47</ele>
				<time>2026-08-06T18:20:59.838Z</time>
			</trkpt>
			<trkpt lat="39.72687" lon="21.19454">
				<ele>1416.08</ele>
				<time>2026-08-06T18:21:00.788Z</time>
			</trkpt>
			<trkpt lat="39.72681" lon="21.19445">
				<ele>1416.72</ele>
				<time>2026-08-06T18:21:01.577Z</time>
			</trkpt>
			<trkpt lat="39.72673" lon="21.1939">
				<ele>1419.79</ele>
				<time>2026-08-06T18:21:05.285Z</time>
			</trkpt>
			<trkpt lat="39.72662" lon="21.1937">
				<ele>1421.57</ele>
				<time>2026-08-06T18:21:06.913Z</time>
			</trkpt>
			<trkpt lat="39.72644" lon="21.19358">
				<ele>1422.07</ele>
				<time>2026-08-06T18:21:08.654Z</time>
			</trkpt>
			<trkpt lat="39.72623" lon="21.19353">
				<ele>1423.75</ele>
				<time>2026-08-06T18:21:10.490Z</time>
			</trkpt>
			<trkpt lat="39.72609" lon="21.19321">
				<ele>1424.69</ele>
				<time>2026-08-06T18:21:12.925Z</time>
			</trkpt>
			<trkpt lat="39.72587" lon="21.19259">
				<ele>1428.68</ele>
				<time>2026-08-06T18:21:17.439Z</time>
			</trkpt>
			<trkpt lat="39.72577" lon="21.19259">
				<ele>1432.02</ele>
				<time>2026-08-06T18:21:18.298Z</time>
			</trkpt>
			<trkpt lat="39.72572" lon="21.19273">
				<ele>1435.58</ele>
				<time>2026-08-06T18:21:19.318Z</time>
			</trkpt>
			<trkpt lat="39.72577" lon="21.19291">
				<ele>1436.23</ele>
				<time>2026-08-06T18:21:20.582Z</time>
			</trkpt>
			<trkpt lat="39.72581" lon="21.19318">
				<ele>1436.16</ele>
				<time>2026-08-06T18:21:22.397Z</time>
			</trkpt>
			<trkpt lat="39.72593" lon="21.1936">
				<ele>1430.59</ele>
				<time>2026-08-06T18:21:25.354Z</time>
			</trkpt>
			<trkpt lat="39.726" lon="21.19388">
				<ele>1431.05</ele>
				<time>2026-08-06T18:21:27.296Z</time>
			</trkpt>
			<trkpt lat="39.72602" lon="21.19411">
				<ele>1437.02</ele>
				<time>2026-08-06T18:21:28.823Z</time>
			</trkpt>
			<trkpt lat="39.72611" lon="21.1944">
				<ele>1439.94</ele>
				<time>2026-08-06T18:21:30.884Z</time>
			</trkpt>
			<trkpt lat="39.7261" lon="21.19471">
				<ele>1443.22</ele>
				<time>2026-08-06T18:21:32.929Z</time>
			</trkpt>
			<trkpt lat="39.72599" lon="21.19487">
				<ele>1447.22</ele>
				<time>2026-08-06T18:21:34.343Z</time>
			</trkpt>
			<trkpt lat="39.72586" lon="21.19514">
				<ele>1452.46</ele>
				<time>2026-08-06T18:21:36.441Z</time>
			</trkpt>
			<trkpt lat="39.72571" lon="21.19528">
				<ele>1459.38</ele>
				<time>2026-08-06T18:21:38.022Z</time>
			</trkpt>
			<trkpt lat="39.72555" lon="21.19538">
				<ele>1464.92</ele>
				<time>2026-08-06T18:21:39.541Z</time>
			</trkpt>
			<trkpt lat="39.72549" lon="21.19522">
				<ele>1465.99</ele>
				<time>2026-08-06T18:21:40.713Z</time>
			</trkpt>
			<trkpt lat="39.72558" lon="21.19493">
				<ele>1462.39</ele>
				<time>2026-08-06T18:21:42.770Z</time>
			</trkpt>
			<trkpt lat="39.72554" lon="21.19466">
				<ele>1462.8</ele>
				<time>2026-08-06T18:21:44.578Z</time>
			</trkpt>
			<trkpt lat="39.72538" lon="21.19443">
				<ele>1465.01</ele>
				<time>2026-08-06T18:21:46.617Z</time>
			</trkpt>
			<trkpt lat="39.72525" lon="21.19431">
				<ele>1465.9</ele>
				<time>2026-08-06T18:21:47.979Z</time>
			</trkpt>
			<trkpt lat="39.72491" lon="21.19408">
				<ele>1468.72</ele>
				<time>2026-08-06T18:21:51.253Z</time>
			</trkpt>
			<trkpt lat="39.72476" lon="21.19405">
				<ele>1473.52</ele>
				<time>2026-08-06T18:21:52.549Z</time>
			</trkpt>
			<trkpt lat="39.72467" lon="21.19419">
				<ele>1479.91</ele>
				<time>2026-08-06T18:21:53.747Z</time>
			</trkpt>
			<trkpt lat="39.7248" lon="21.19453">
				<ele>1480.06</ele>
				<time>2026-08-06T18:21:56.238Z</time>
			</trkpt>
			<trkpt lat="39.72486" lon="21.19521">
				<ele>1476.15</ele>
				<time>2026-08-06T18:22:00.728Z</time>
			</trkpt>
			<trkpt lat="39.72477" lon="21.1954">
				<ele>1476.65</ele>
				<time>2026-08-06T18:22:02.191Z</time>
			</trkpt>
			<trkpt lat="39.72465" lon="21.19546">
				<ele>1479.12</ele>
				<time>2026-08-06T18:22:03.286Z</time>
			</trkpt>
			<trkpt lat="39.72452" lon="21.19564">
				<ele>1483.6</ele>
				<time>2026-08-06T18:22:04.904Z</time>
			</trkpt>
			<trkpt lat="39.72436" lon="21.19591">
				<ele>1491.99</ele>
				<time>2026-08-06T18:22:07.137Z</time>
			</trkpt>
			<trkpt lat="39.72437" lon="21.19621">
				<ele>1494.83</ele>
				<time>2026-08-06T18:22:09.103Z</time>
			</trkpt>
			<trkpt lat="39.72446" lon="21.19642">
				<ele>1494.82</ele>
				<time>2026-08-06T18:22:10.676Z</time>
			</trkpt>
			<trkpt lat="39.72471" lon="21.19661">
				<ele>1497.45</ele>
				<time>2026-08-06T18:22:13.140Z</time>
			</trkpt>
			<trkpt lat="39.72517" lon="21.19674">
				<ele>1488.7</ele>
				<time>2026-08-06T18:22:17.142Z</time>
			</trkpt>
			<trkpt lat="39.72526" lon="21.19688">
				<ele>1487.91</ele>
				<time>2026-08-06T18:22:18.334Z</time>
			</trkpt>
			<trkpt lat="39.72524" lon="21.19704">
				<ele>1489.26</ele>
				<time>2026-08-06T18:22:19.394Z</time>
			</trkpt>
			<trkpt lat="39.72517" lon="21.1972">
				<ele>1492.85</ele>
				<time>2026-08-06T18:22:20.596Z</time>
			</trkpt>
			<trkpt lat="39.72507" lon="21.19732">
				<ele>1494.46</ele>
				<time>2026-08-06T18:22:21.752Z</time>
			</trkpt>
			<trkpt lat="39.72492" lon="21.19741">
				<ele>1496.9</ele>
				<time>2026-08-06T18:22:23.155Z</time>
			</trkpt>
			<trkpt lat="39.72457" lon="21.19751">
				<ele>1501.38</ele>
				<time>2026-08-06T18:22:26.196Z</time>
			</trkpt>
			<trkpt lat="39.7243" lon="21.19765">
				<ele>1500.29</ele>
				<time>2026-08-06T18:22:28.662Z</time>
			</trkpt>
			<trkpt lat="39.72416" lon="21.19768">
				<ele>1501.7</ele>
				<time>2026-08-06T18:22:29.865Z</time>
			</trkpt>
			<trkpt lat="39.72399" lon="21.19769">
				<ele>1503.42</ele>
				<time>2026-08-06T18:22:31.308Z</time>
			</trkpt>
			<trkpt lat="39.72374" lon="21.19763">
				<ele>1508.84</ele>
				<time>2026-08-06T18:22:33.463Z</time>
			</trkpt>
			<trkpt lat="39.72346" lon="21.19759">
				<ele>1511.39</ele>
				<time>2026-08-06T18:22:35.849Z</time>
			</trkpt>
			<trkpt lat="39.72329" lon="21.19751">
				<ele>1513.87</ele>
				<time>2026-08-06T18:22:37.380Z</time>
			</trkpt>
			<trkpt lat="39.72286" lon="21.19717">
				<ele>1517.81</ele>
				<time>2026-08-06T18:22:41.640Z</time>
			</trkpt>
			<trkpt lat="39.7228" lon="21.19707">
				<ele>1517.09</ele>
				<time>2026-08-06T18:22:42.466Z</time>
			</trkpt>
			<trkpt lat="39.72275" lon="21.19678">
				<ele>1518.63</ele>
				<time>2026-08-06T18:22:44.399Z</time>
			</trkpt>
			<trkpt lat="39.72267" lon="21.19603">
				<ele>1534.41</ele>
				<time>2026-08-06T18:22:49.322Z</time>
			</trkpt>
			<trkpt lat="39.72267" lon="21.19562">
				<ele>1528.99</ele>
				<time>2026-08-06T18:22:51.986Z</time>
			</trkpt>
			<trkpt lat="39.72258" lon="21.19551">
				<ele>1530.95</ele>
				<time>2026-08-06T18:22:53.029Z</time>
			</trkpt>
			<trkpt lat="39.72244" lon="21.19565">
				<ele>1537.57</ele>
				<time>2026-08-06T18:22:54.520Z</time>
			</trkpt>
			<trkpt lat="39.72236" lon="21.19619">
				<ele>1546.33</ele>
				<time>2026-08-06T18:22:58.089Z</time>
			</trkpt>
			<trkpt lat="39.72236" lon="21.19678">
				<ele>1540.38</ele>
				<time>2026-08-06T18:23:01.916Z</time>
			</trkpt>
			<trkpt lat="39.72229" lon="21.19708">
				<ele>1538.96</ele>
				<time>2026-08-06T18:23:03.948Z</time>
			</trkpt>
			<trkpt lat="39.72222" lon="21.19717">
				<ele>1539.93</ele>
				<time>2026-08-06T18:23:04.778Z</time>
			</trkpt>
			<trkpt lat="39.72217" lon="21.19701">
				<ele>1545.36</ele>
				<time>2026-08-06T18:23:05.897Z</time>
			</trkpt>
			<trkpt lat="39.7222" lon="21.19672">
				<ele>1548.32</ele>
				<time>2026-08-06T18:23:07.793Z</time>
			</trkpt>
			<trkpt lat="39.7221" lon="21.196">
				<ele>1555.05</ele>
				<time>2026-08-06T18:23:12.529Z</time>
			</trkpt>
			<trkpt lat="39.72186" lon="21.19545">
				<ele>1555.76</ele>
				<time>2026-08-06T18:23:16.620Z</time>
			</trkpt>
			<trkpt lat="39.72151" lon="21.19492">
				<ele>1568.35</ele>
				<time>2026-08-06T18:23:21.135Z</time>
			</trkpt>
			<trkpt lat="39.72125" lon="21.19433">
				<ele>1600.82</ele>
				<time>2026-08-06T18:23:25.527Z</time>
			</trkpt>
			<trkpt lat="39.72048" lon="21.1932">
				<ele>1594.16</ele>
				<time>2026-08-06T18:23:35.264Z</time>
			</trkpt>
			<trkpt lat="39.72021" lon="21.19288">
				<ele>1599.7</ele>
				<time>2026-08-06T18:23:38.324Z</time>
			</trkpt>
			<trkpt lat="39.71993" lon="21.19252">
				<ele>1596.36</ele>
				<time>2026-08-06T18:23:41.621Z</time>
			</trkpt>
			<trkpt lat="39.71968" lon="21.1921">
				<ele>1590.69</ele>
				<time>2026-08-06T18:23:45.038Z</time>
			</trkpt>
			<trkpt lat="39.71957" lon="21.19197">
				<ele>1587.43</ele>
				<time>2026-08-06T18:23:46.281Z</time>
			</trkpt>
			<trkpt lat="39.71952" lon="21.19195">
				<ele>1587.47</ele>
				<time>2026-08-06T18:23:46.719Z</time>
			</trkpt>
			<trkpt lat="39.71944" lon="21.19196">
				<ele>1588.76</ele>
				<time>2026-08-06T18:23:47.391Z</time>
			</trkpt>
			<trkpt lat="39.7193" lon="21.192">
				<ele>1591.58</ele>
				<time>2026-08-06T18:23:48.589Z</time>
			</trkpt>
			<trkpt lat="39.71843" lon="21.1926">
				<ele>1610.67</ele>
				<time>2026-08-06T18:23:56.814Z</time>
			</trkpt>
			<trkpt lat="39.7183" lon="21.19272">
				<ele>1611.82</ele>
				<time>2026-08-06T18:23:58.144Z</time>
			</trkpt>
			<trkpt lat="39.71802" lon="21.19305">
				<ele>1608.33</ele>
				<time>2026-08-06T18:24:01.296Z</time>
			</trkpt>
			<trkpt lat="39.71773" lon="21.19331">
				<ele>1625.78</ele>
				<time>2026-08-06T18:24:04.233Z</time>
			</trkpt>
			<trkpt lat="39.71763" lon="21.19335">
				<ele>1625.93</ele>
				<time>2026-08-06T18:24:05.104Z</time>
			</trkpt>
			<trkpt lat="39.71718" lon="21.19337">
				<ele>1622.55</ele>
				<time>2026-08-06T18:24:08.855Z</time>
			</trkpt>
			<trkpt lat="39.71687" lon="21.19342">
				<ele>1631.91</ele>
				<time>2026-08-06T18:24:11.455Z</time>
			</trkpt>
			<trkpt lat="39.71673" lon="21.19349">
				<ele>1630.54</ele>
				<time>2026-08-06T18:24:12.703Z</time>
			</trkpt>
			<trkpt lat="39.71661" lon="21.19362">
				<ele>1627.19</ele>
				<time>2026-08-06T18:24:14.003Z</time>
			</trkpt>
			<trkpt lat="39.71568" lon="21.19486">
				<ele>1634.78</ele>
				<time>2026-08-06T18:24:25.073Z</time>
			</trkpt>
			<trkpt lat="39.71551" lon="21.19506">
				<ele>1630.12</ele>
				<time>2026-08-06T18:24:26.976Z</time>
			</trkpt>
			<trkpt lat="39.71542" lon="21.19513">
				<ele>1628.57</ele>
				<time>2026-08-06T18:24:27.847Z</time>
			</trkpt>
			<trkpt lat="39.71533" lon="21.19517">
				<ele>1628.4</ele>
				<time>2026-08-06T18:24:28.636Z</time>
			</trkpt>
			<trkpt lat="39.71524" lon="21.19519">
				<ele>1628.99</ele>
				<time>2026-08-06T18:24:29.393Z</time>
			</trkpt>
			<trkpt lat="39.71514" lon="21.19518">
				<ele>1630.69</ele>
				<time>2026-08-06T18:24:30.225Z</time>
			</trkpt>
			<trkpt lat="39.71499" lon="21.19512">
				<ele>1632.41</ele>
				<time>2026-08-06T18:24:31.526Z</time>
			</trkpt>
			<trkpt lat="39.71474" lon="21.19494">
				<ele>1637.92</ele>
				<time>2026-08-06T18:24:33.895Z</time>
			</trkpt>
			<trkpt lat="39.71463" lon="21.19482">
				<ele>1637.8</ele>
				<time>2026-08-06T18:24:35.085Z</time>
			</trkpt>
			<trkpt lat="39.71447" lon="21.19451">
				<ele>1637.34</ele>
				<time>2026-08-06T18:24:37.464Z</time>
			</trkpt>
			<trkpt lat="39.714" lon="21.19296">
				<ele>1644.71</ele>
				<time>2026-08-06T18:24:48.069Z</time>
			</trkpt>
			<trkpt lat="39.71383" lon="21.19271">
				<ele>1636.58</ele>
				<time>2026-08-06T18:24:50.190Z</time>
			</trkpt>
			<trkpt lat="39.71364" lon="21.19236">
				<ele>1628.29</ele>
				<time>2026-08-06T18:24:52.912Z</time>
			</trkpt>
			<trkpt lat="39.71354" lon="21.19221">
				<ele>1628.17</ele>
				<time>2026-08-06T18:24:54.173Z</time>
			</trkpt>
			<trkpt lat="39.71339" lon="21.1921">
				<ele>1629.09</ele>
				<time>2026-08-06T18:24:55.594Z</time>
			</trkpt>
			<trkpt lat="39.71321" lon="21.19203">
				<ele>1629.89</ele>
				<time>2026-08-06T18:24:57.145Z</time>
			</trkpt>
			<trkpt lat="39.71287" lon="21.19204">
				<ele>1631.41</ele>
				<time>2026-08-06T18:24:59.951Z</time>
			</trkpt>
			<trkpt lat="39.7127" lon="21.19206">
				<ele>1632.3</ele>
				<time>2026-08-06T18:25:01.358Z</time>
			</trkpt>
			<trkpt lat="39.71257" lon="21.1921">
				<ele>1633.29</ele>
				<time>2026-08-06T18:25:02.460Z</time>
			</trkpt>
			<trkpt lat="39.71245" lon="21.19217">
				<ele>1633.19</ele>
				<time>2026-08-06T18:25:03.544Z</time>
			</trkpt>
			<trkpt lat="39.71233" lon="21.19228">
				<ele>1633.44</ele>
				<time>2026-08-06T18:25:04.754Z</time>
			</trkpt>
			<trkpt lat="39.71205" lon="21.19261">
				<ele>1629.79</ele>
				<time>2026-08-06T18:25:07.867Z</time>
			</trkpt>
			<trkpt lat="39.71186" lon="21.19302">
				<ele>1626.87</ele>
				<time>2026-08-06T18:25:10.899Z</time>
			</trkpt>
			<trkpt lat="39.71178" lon="21.19318">
				<ele>1629.46</ele>
				<time>2026-08-06T18:25:12.107Z</time>
			</trkpt>
			<trkpt lat="39.71153" lon="21.19347">
				<ele>1631.23</ele>
				<time>2026-08-06T18:25:14.863Z</time>
			</trkpt>
			<trkpt lat="39.71112" lon="21.19387">
				<ele>1620.9</ele>
				<time>2026-08-06T18:25:19.078Z</time>
			</trkpt>
			<trkpt lat="39.71072" lon="21.19408">
				<ele>1617.71</ele>
				<time>2026-08-06T18:25:22.622Z</time>
			</trkpt>
			<trkpt lat="39.7105" lon="21.19422">
				<ele>1617.62</ele>
				<time>2026-08-06T18:25:24.633Z</time>
			</trkpt>
			<trkpt lat="39.71033" lon="21.19437">
				<ele>1615.47</ele>
				<time>2026-08-06T18:25:26.319Z</time>
			</trkpt>
			<trkpt lat="39.70989" lon="21.1948">
				<ele>1602.33</ele>
				<time>2026-08-06T18:25:30.835Z</time>
			</trkpt>
			<trkpt lat="39.70944" lon="21.19518">
				<ele>1603.41</ele>
				<time>2026-08-06T18:25:35.234Z</time>
			</trkpt>
			<trkpt lat="39.70901" lon="21.19569">
				<ele>1601.41</ele>
				<time>2026-08-06T18:25:40.000Z</time>
			</trkpt>
			<trkpt lat="39.70877" lon="21.19586">
				<ele>1598.11</ele>
				<time>2026-08-06T18:25:42.237Z</time>
			</trkpt>
			<trkpt lat="39.70864" lon="21.19598">
				<ele>1598.89</ele>
				<time>2026-08-06T18:25:43.542Z</time>
			</trkpt>
			<trkpt lat="39.70792" lon="21.19672">
				<ele>1579.37</ele>
				<time>2026-08-06T18:25:51.045Z</time>
			</trkpt>
			<trkpt lat="39.70774" lon="21.19692">
				<ele>1575.25</ele>
				<time>2026-08-06T18:25:52.979Z</time>
			</trkpt>
			<trkpt lat="39.70746" lon="21.19731">
				<ele>1575.83</ele>
				<time>2026-08-06T18:25:56.329Z</time>
			</trkpt>
			<trkpt lat="39.70671" lon="21.19816">
				<ele>1562.55</ele>
				<time>2026-08-06T18:26:04.442Z</time>
			</trkpt>
			<trkpt lat="39.70664" lon="21.19832">
				<ele>1561.64</ele>
				<time>2026-08-06T18:26:05.596Z</time>
			</trkpt>
			<trkpt lat="39.70658" lon="21.19865">
				<ele>1564.62</ele>
				<time>2026-08-06T18:26:07.721Z</time>
			</trkpt>
			<trkpt lat="39.70654" lon="21.19877">
				<ele>1564.75</ele>
				<time>2026-08-06T18:26:08.540Z</time>
			</trkpt>
			<trkpt lat="39.70626" lon="21.19915">
				<ele>1560.14</ele>
				<time>2026-08-06T18:26:11.835Z</time>
			</trkpt>
			<trkpt lat="39.70608" lon="21.1996">
				<ele>1560.75</ele>
				<time>2026-08-06T18:26:15.008Z</time>
			</trkpt>
			<trkpt lat="39.70583" lon="21.20006">
				<ele>1545.27</ele>
				<time>2026-08-06T18:26:18.531Z</time>
			</trkpt>
			<trkpt lat="39.70579" lon="21.20012">
				<ele>1543.56</ele>
				<time>2026-08-06T18:26:19.027Z</time>
			</trkpt>
			<trkpt lat="39.70575" lon="21.20014">
				<ele>1541.32</ele>
				<time>2026-08-06T18:26:19.375Z</time>
			</trkpt>
			<trkpt lat="39.70571" lon="21.20013">
				<ele>1538.86</ele>
				<time>2026-08-06T18:26:19.706Z</time>
			</trkpt>
			<trkpt lat="39.70568" lon="21.20008">
				<ele>1536.98</ele>
				<time>2026-08-06T18:26:20.102Z</time>
			</trkpt>
			<trkpt lat="39.70568" lon="21.20001">
				<ele>1536.47</ele>
				<time>2026-08-06T18:26:20.540Z</time>
			</trkpt>
			<trkpt lat="39.70569" lon="21.19992">
				<ele>1537.28</ele>
				<time>2026-08-06T18:26:21.108Z</time>
			</trkpt>
			<trkpt lat="39.70587" lon="21.19951">
				<ele>1545.26</ele>
				<time>2026-08-06T18:26:24.057Z</time>
			</trkpt>
			<trkpt lat="39.7059" lon="21.19923">
				<ele>1541.95</ele>
				<time>2026-08-06T18:26:25.822Z</time>
			</trkpt>
			<trkpt lat="39.70596" lon="21.19899">
				<ele>1539.85</ele>
				<time>2026-08-06T18:26:27.397Z</time>
			</trkpt>
			<trkpt lat="39.70613" lon="21.1986">
				<ele>1542.1</ele>
				<time>2026-08-06T18:26:30.194Z</time>
			</trkpt>
			<trkpt lat="39.70614" lon="21.19852">
				<ele>1541.46</ele>
				<time>2026-08-06T18:26:30.700Z</time>
			</trkpt>
			<trkpt lat="39.70611" lon="21.19823">
				<ele>1535.53</ele>
				<time>2026-08-06T18:26:32.524Z</time>
			</trkpt>
			<trkpt lat="39.70611" lon="21.1981">
				<ele>1533.93</ele>
				<time>2026-08-06T18:26:33.335Z</time>
			</trkpt>
			<trkpt lat="39.70613" lon="21.19798">
				<ele>1533.72</ele>
				<time>2026-08-06T18:26:34.100Z</time>
			</trkpt>
			<trkpt lat="39.70626" lon="21.1976">
				<ele>1536.9</ele>
				<time>2026-08-06T18:26:36.692Z</time>
			</trkpt>
			<trkpt lat="39.70629" lon="21.19752">
				<ele>1537.65</ele>
				<time>2026-08-06T18:26:37.246Z</time>
			</trkpt>
			<trkpt lat="39.70629" lon="21.19744">
				<ele>1537.8</ele>
				<time>2026-08-06T18:26:37.745Z</time>
			</trkpt>
			<trkpt lat="39.70629" lon="21.19738">
				<ele>1537.66</ele>
				<time>2026-08-06T18:26:38.118Z</time>
			</trkpt>
			<trkpt lat="39.70626" lon="21.19735">
				<ele>1537.19</ele>
				<time>2026-08-06T18:26:38.425Z</time>
			</trkpt>
			<trkpt lat="39.70624" lon="21.19735">
				<ele>1536.59</ele>
				<time>2026-08-06T18:26:38.587Z</time>
			</trkpt>
			<trkpt lat="39.70619" lon="21.19737">
				<ele>1535.51</ele>
				<time>2026-08-06T18:26:39.010Z</time>
			</trkpt>
			<trkpt lat="39.70613" lon="21.19743">
				<ele>1533.74</ele>
				<time>2026-08-06T18:26:39.623Z</time>
			</trkpt>
			<trkpt lat="39.70585" lon="21.19778">
				<ele>1525.45</ele>
				<time>2026-08-06T18:26:42.766Z</time>
			</trkpt>
			<trkpt lat="39.70565" lon="21.19806">
				<ele>1525.33</ele>
				<time>2026-08-06T18:26:45.143Z</time>
			</trkpt>
			<trkpt lat="39.70556" lon="21.19817">
				<ele>1524.63</ele>
				<time>2026-08-06T18:26:46.142Z</time>
			</trkpt>
			<trkpt lat="39.70532" lon="21.19834">
				<ele>1523.05</ele>
				<time>2026-08-06T18:26:48.351Z</time>
			</trkpt>
			<trkpt lat="39.70498" lon="21.19863">
				<ele>1514.05</ele>
				<time>2026-08-06T18:26:51.635Z</time>
			</trkpt>
			<trkpt lat="39.70485" lon="21.19877">
				<ele>1509.84</ele>
				<time>2026-08-06T18:26:52.998Z</time>
			</trkpt>
			<trkpt lat="39.70477" lon="21.19881">
				<ele>1509.15</ele>
				<time>2026-08-06T18:26:53.690Z</time>
			</trkpt>
			<trkpt lat="39.70468" lon="21.19874">
				<ele>1507.61</ele>
				<time>2026-08-06T18:26:54.537Z</time>
			</trkpt>
			<trkpt lat="39.70467" lon="21.19861">
				<ele>1507.13</ele>
				<time>2026-08-06T18:26:55.348Z</time>
			</trkpt>
			<trkpt lat="39.7048" lon="21.19801">
				<ele>1505.12</ele>
				<time>2026-08-06T18:26:59.216Z</time>
			</trkpt>
			<trkpt lat="39.70489" lon="21.1978">
				<ele>1503.96</ele>
				<time>2026-08-06T18:27:00.707Z</time>
			</trkpt>
			<trkpt lat="39.70518" lon="21.1974">
				<ele>1508.47</ele>
				<time>2026-08-06T18:27:04.115Z</time>
			</trkpt>
			<trkpt lat="39.70523" lon="21.1973">
				<ele>1509.03</ele>
				<time>2026-08-06T18:27:04.854Z</time>
			</trkpt>
			<trkpt lat="39.70538" lon="21.19689">
				<ele>1507.09</ele>
				<time>2026-08-06T18:27:07.666Z</time>
			</trkpt>
			<trkpt lat="39.70559" lon="21.19622">
				<ele>1498.11</ele>
				<time>2026-08-06T18:27:12.145Z</time>
			</trkpt>
			<trkpt lat="39.70574" lon="21.1958">
				<ele>1498.73</ele>
				<time>2026-08-06T18:27:15.009Z</time>
			</trkpt>
			<trkpt lat="39.70583" lon="21.19532">
				<ele>1500.22</ele>
				<time>2026-08-06T18:27:18.064Z</time>
			</trkpt>
			<trkpt lat="39.70582" lon="21.19517">
				<ele>1499.79</ele>
				<time>2026-08-06T18:27:18.994Z</time>
			</trkpt>
			<trkpt lat="39.7058" lon="21.19506">
				<ele>1498.73</ele>
				<time>2026-08-06T18:27:19.693Z</time>
			</trkpt>
			<trkpt lat="39.7057" lon="21.19487">
				<ele>1495.93</ele>
				<time>2026-08-06T18:27:21.115Z</time>
			</trkpt>
			<trkpt lat="39.70565" lon="21.19466">
				<ele>1495.67</ele>
				<time>2026-08-06T18:27:22.473Z</time>
			</trkpt>
			<trkpt lat="39.70564" lon="21.19446">
				<ele>1494.91</ele>
				<time>2026-08-06T18:27:23.711Z</time>
			</trkpt>
			<trkpt lat="39.70566" lon="21.19422">
				<ele>1490.79</ele>
				<time>2026-08-06T18:27:25.201Z</time>
			</trkpt>
			<trkpt lat="39.70568" lon="21.19406">
				<ele>1487.74</ele>
				<time>2026-08-06T18:27:26.201Z</time>
			</trkpt>
			<trkpt lat="39.70572" lon="21.1939">
				<ele>1484.55</ele>
				<time>2026-08-06T18:27:27.239Z</time>
			</trkpt>
			<trkpt lat="39.70595" lon="21.19318">
				<ele>1487.64</ele>
				<time>2026-08-06T18:27:32.047Z</time>
			</trkpt>
			<trkpt lat="39.706" lon="21.19297">
				<ele>1485.49</ele>
				<time>2026-08-06T18:27:33.402Z</time>
			</trkpt>
			<trkpt lat="39.70599" lon="21.19292">
				<ele>1483.71</ele>
				<time>2026-08-06T18:27:33.720Z</time>
			</trkpt>
			<trkpt lat="39.70597" lon="21.19289">
				<ele>1482.14</ele>
				<time>2026-08-06T18:27:33.965Z</time>
			</trkpt>
			<trkpt lat="39.70594" lon="21.19289">
				<ele>1481.11</ele>
				<time>2026-08-06T18:27:34.205Z</time>
			</trkpt>
			<trkpt lat="39.70588" lon="21.19296">
				<ele>1480.67</ele>
				<time>2026-08-06T18:27:34.851Z</time>
			</trkpt>
			<trkpt lat="39.70578" lon="21.1932">
				<ele>1480.52</ele>
				<time>2026-08-06T18:27:36.532Z</time>
			</trkpt>
			<trkpt lat="39.70537" lon="21.19408">
				<ele>1473.75</ele>
				<time>2026-08-06T18:27:42.865Z</time>
			</trkpt>
			<trkpt lat="39.70522" lon="21.19434">
				<ele>1471.72</ele>
				<time>2026-08-06T18:27:44.863Z</time>
			</trkpt>
			<trkpt lat="39.7051" lon="21.1945">
				<ele>1466.1</ele>
				<time>2026-08-06T18:27:46.237Z</time>
			</trkpt>
			<trkpt lat="39.70496" lon="21.19461">
				<ele>1459.32</ele>
				<time>2026-08-06T18:27:47.544Z</time>
			</trkpt>
			<trkpt lat="39.7048" lon="21.19478">
				<ele>1451.73</ele>
				<time>2026-08-06T18:27:49.195Z</time>
			</trkpt>
			<trkpt lat="39.70475" lon="21.19487">
				<ele>1450.53</ele>
				<time>2026-08-06T18:27:49.877Z</time>
			</trkpt>
			<trkpt lat="39.70473" lon="21.195">
				<ele>1451.69</ele>
				<time>2026-08-06T18:27:50.691Z</time>
			</trkpt>
			<trkpt lat="39.70474" lon="21.19513">
				<ele>1451.86</ele>
				<time>2026-08-06T18:27:51.493Z</time>
			</trkpt>
			<trkpt lat="39.70488" lon="21.19549">
				<ele>1453.16</ele>
				<time>2026-08-06T18:27:53.970Z</time>
			</trkpt>
			<trkpt lat="39.70487" lon="21.19561">
				<ele>1452.69</ele>
				<time>2026-08-06T18:27:54.711Z</time>
			</trkpt>
			<trkpt lat="39.70476" lon="21.19585">
				<ele>1451.07</ele>
				<time>2026-08-06T18:27:56.425Z</time>
			</trkpt>
			<trkpt lat="39.70467" lon="21.19599">
				<ele>1450.77</ele>
				<time>2026-08-06T18:27:57.544Z</time>
			</trkpt>
			<trkpt lat="39.70394" lon="21.19666">
				<ele>1445.88</ele>
				<time>2026-08-06T18:28:04.664Z</time>
			</trkpt>
			<trkpt lat="39.7037" lon="21.19679">
				<ele>1442.01</ele>
				<time>2026-08-06T18:28:06.734Z</time>
			</trkpt>
			<trkpt lat="39.7035" lon="21.19687">
				<ele>1438.28</ele>
				<time>2026-08-06T18:28:08.399Z</time>
			</trkpt>
			<trkpt lat="39.7032" lon="21.19702">
				<ele>1431.13</ele>
				<time>2026-08-06T18:28:10.956Z</time>
			</trkpt>
			<trkpt lat="39.70278" lon="21.19736">
				<ele>1421.35</ele>
				<time>2026-08-06T18:28:14.889Z</time>
			</trkpt>
			<trkpt lat="39.70274" lon="21.19747">
				<ele>1421.34</ele>
				<time>2026-08-06T18:28:15.633Z</time>
			</trkpt>
			<trkpt lat="39.70274" lon="21.19759">
				<ele>1421.06</ele>
				<time>2026-08-06T18:28:16.367Z</time>
			</trkpt>
			<trkpt lat="39.70278" lon="21.19769">
				<ele>1421.72</ele>
				<time>2026-08-06T18:28:17.055Z</time>
			</trkpt>
			<trkpt lat="39.70287" lon="21.19778">
				<ele>1421.64</ele>
				<time>2026-08-06T18:28:17.957Z</time>
			</trkpt>
			<trkpt lat="39.70296" lon="21.19784">
				<ele>1421.58</ele>
				<time>2026-08-06T18:28:18.760Z</time>
			</trkpt>
			<trkpt lat="39.70301" lon="21.19792">
				<ele>1421.07</ele>
				<time>2026-08-06T18:28:19.390Z</time>
			</trkpt>
			<trkpt lat="39.70306" lon="21.19804">
				<ele>1420.3</ele>
				<time>2026-08-06T18:28:20.223Z</time>
			</trkpt>
			<trkpt lat="39.70325" lon="21.19854">
				<ele>1422.3</ele>
				<time>2026-08-06T18:28:23.628Z</time>
			</trkpt>
			<trkpt lat="39.70324" lon="21.19862">
				<ele>1421.65</ele>
				<time>2026-08-06T18:28:24.123Z</time>
			</trkpt>
			<trkpt lat="39.70319" lon="21.19868">
				<ele>1418.8</ele>
				<time>2026-08-06T18:28:24.662Z</time>
			</trkpt>
			<trkpt lat="39.70314" lon="21.19871">
				<ele>1415.42</ele>
				<time>2026-08-06T18:28:25.099Z</time>
			</trkpt>
			<trkpt lat="39.70308" lon="21.19869">
				<ele>1412.35</ele>
				<time>2026-08-06T18:28:25.590Z</time>
			</trkpt>
			<trkpt lat="39.70303" lon="21.19863">
				<ele>1411.15</ele>
				<time>2026-08-06T18:28:26.130Z</time>
			</trkpt>
			<trkpt lat="39.70288" lon="21.19843">
				<ele>1411.45</ele>
				<time>2026-08-06T18:28:27.833Z</time>
			</trkpt>
			<trkpt lat="39.7028" lon="21.19835">
				<ele>1411.88</ele>
				<time>2026-08-06T18:28:28.633Z</time>
			</trkpt>
			<trkpt lat="39.70255" lon="21.19823">
				<ele>1408.94</ele>
				<time>2026-08-06T18:28:30.745Z</time>
			</trkpt>
			<trkpt lat="39.70245" lon="21.19814">
				<ele>1407.28</ele>
				<time>2026-08-06T18:28:31.708Z</time>
			</trkpt>
			<trkpt lat="39.70239" lon="21.19803">
				<ele>1405.98</ele>
				<time>2026-08-06T18:28:32.530Z</time>
			</trkpt>
			<trkpt lat="39.70234" lon="21.1978">
				<ele>1403.31</ele>
				<time>2026-08-06T18:28:33.986Z</time>
			</trkpt>
			<trkpt lat="39.70214" lon="21.19739">
				<ele>1393.3</ele>
				<time>2026-08-06T18:28:36.942Z</time>
			</trkpt>
			<trkpt lat="39.70207" lon="21.19721">
				<ele>1390.33</ele>
				<time>2026-08-06T18:28:38.170Z</time>
			</trkpt>
			<trkpt lat="39.70205" lon="21.19706">
				<ele>1388.29</ele>
				<time>2026-08-06T18:28:39.096Z</time>
			</trkpt>
			<trkpt lat="39.70206" lon="21.19694">
				<ele>1387.17</ele>
				<time>2026-08-06T18:28:39.830Z</time>
			</trkpt>
			<trkpt lat="39.7021" lon="21.19679">
				<ele>1385.88</ele>
				<time>2026-08-06T18:28:40.796Z</time>
			</trkpt>
			<trkpt lat="39.70216" lon="21.19668">
				<ele>1385.43</ele>
				<time>2026-08-06T18:28:41.616Z</time>
			</trkpt>
			<trkpt lat="39.70223" lon="21.1966">
				<ele>1385.16</ele>
				<time>2026-08-06T18:28:42.353Z</time>
			</trkpt>
			<trkpt lat="39.70245" lon="21.19643">
				<ele>1387.8</ele>
				<time>2026-08-06T18:28:44.376Z</time>
			</trkpt>
			<trkpt lat="39.7029" lon="21.19575">
				<ele>1383.77</ele>
				<time>2026-08-06T18:28:49.825Z</time>
			</trkpt>
			<trkpt lat="39.70303" lon="21.19553">
				<ele>1385.93</ele>
				<time>2026-08-06T18:28:51.509Z</time>
			</trkpt>
			<trkpt lat="39.70311" lon="21.19534">
				<ele>1385.33</ele>
				<time>2026-08-06T18:28:52.823Z</time>
			</trkpt>
			<trkpt lat="39.70322" lon="21.19497">
				<ele>1387.11</ele>
				<time>2026-08-06T18:28:55.230Z</time>
			</trkpt>
			<trkpt lat="39.70324" lon="21.19486">
				<ele>1388.62</ele>
				<time>2026-08-06T18:28:55.915Z</time>
			</trkpt>
			<trkpt lat="39.70322" lon="21.19478">
				<ele>1388.87</ele>
				<time>2026-08-06T18:28:56.425Z</time>
			</trkpt>
			<trkpt lat="39.7032" lon="21.19472">
				<ele>1388.61</ele>
				<time>2026-08-06T18:28:56.822Z</time>
			</trkpt>
			<trkpt lat="39.70315" lon="21.19468">
				<ele>1388.79</ele>
				<time>2026-08-06T18:28:57.285Z</time>
			</trkpt>
			<trkpt lat="39.70294" lon="21.19472">
				<ele>1386.08</ele>
				<time>2026-08-06T18:28:58.957Z</time>
			</trkpt>
			<trkpt lat="39.7025" lon="21.19495">
				<ele>1381.33</ele>
				<time>2026-08-06T18:29:02.692Z</time>
			</trkpt>
			<trkpt lat="39.70194" lon="21.19515">
				<ele>1378.1</ele>
				<time>2026-08-06T18:29:07.261Z</time>
			</trkpt>
			<trkpt lat="39.70171" lon="21.19527">
				<ele>1370.7</ele>
				<time>2026-08-06T18:29:09.210Z</time>
			</trkpt>
			<trkpt lat="39.70147" lon="21.19529">
				<ele>1367.42</ele>
				<time>2026-08-06T18:29:11.101Z</time>
			</trkpt>
			<trkpt lat="39.70102" lon="21.19545">
				<ele>1357.78</ele>
				<time>2026-08-06T18:29:14.766Z</time>
			</trkpt>
			<trkpt lat="39.70066" lon="21.1954">
				<ele>1353.83</ele>
				<time>2026-08-06T18:29:17.609Z</time>
			</trkpt>
			<trkpt lat="39.7005" lon="21.19541">
				<ele>1351.24</ele>
				<time>2026-08-06T18:29:18.866Z</time>
			</trkpt>
			<trkpt lat="39.70016" lon="21.1955">
				<ele>1342.6</ele>
				<time>2026-08-06T18:29:21.588Z</time>
			</trkpt>
			<trkpt lat="39.69994" lon="21.19553">
				<ele>1337.24</ele>
				<time>2026-08-06T18:29:23.323Z</time>
			</trkpt>
			<trkpt lat="39.69966" lon="21.1955">
				<ele>1341.31</ele>
				<time>2026-08-06T18:29:25.525Z</time>
			</trkpt>
			<trkpt lat="39.69941" lon="21.19554">
				<ele>1335.26</ele>
				<time>2026-08-06T18:29:27.498Z</time>
			</trkpt>
			<trkpt lat="39.69925" lon="21.19554">
				<ele>1328.4</ele>
				<time>2026-08-06T18:29:28.752Z</time>
			</trkpt>
			<trkpt lat="39.69912" lon="21.19549">
				<ele>1327.05</ele>
				<time>2026-08-06T18:29:29.813Z</time>
			</trkpt>
			<trkpt lat="39.69889" lon="21.19532">
				<ele>1332.24</ele>
				<time>2026-08-06T18:29:31.885Z</time>
			</trkpt>
			<trkpt lat="39.69864" lon="21.19521">
				<ele>1329.29</ele>
				<time>2026-08-06T18:29:33.950Z</time>
			</trkpt>
			<trkpt lat="39.69854" lon="21.19512">
				<ele>1328.1</ele>
				<time>2026-08-06T18:29:34.902Z</time>
			</trkpt>
			<trkpt lat="39.69829" lon="21.19474">
				<ele>1335.94</ele>
				<time>2026-08-06T18:29:37.910Z</time>
			</trkpt>
			<trkpt lat="39.69807" lon="21.19448">
				<ele>1334.75</ele>
				<time>2026-08-06T18:29:40.234Z</time>
			</trkpt>
			<trkpt lat="39.69776" lon="21.19418">
				<ele>1326.07</ele>
				<time>2026-08-06T18:29:43.253Z</time>
			</trkpt>
			<trkpt lat="39.69766" lon="21.19405">
				<ele>1328.59</ele>
				<time>2026-08-06T18:29:44.358Z</time>
			</trkpt>
			<trkpt lat="39.69758" lon="21.19387">
				<ele>1333.78</ele>
				<time>2026-08-06T18:29:45.607Z</time>
			</trkpt>
			<trkpt lat="39.69754" lon="21.19364">
				<ele>1331.7</ele>
				<time>2026-08-06T18:29:47.023Z</time>
			</trkpt>
			<trkpt lat="39.69753" lon="21.19352">
				<ele>1331.63</ele>
				<time>2026-08-06T18:29:47.747Z</time>
			</trkpt>
			<trkpt lat="39.69756" lon="21.19285">
				<ele>1329.6</ele>
				<time>2026-08-06T18:29:51.775Z</time>
			</trkpt>
			<trkpt lat="39.69755" lon="21.19262">
				<ele>1327.86</ele>
				<time>2026-08-06T18:29:53.157Z</time>
			</trkpt>
			<trkpt lat="39.69745" lon="21.19219">
				<ele>1325.15</ele>
				<time>2026-08-06T18:29:55.850Z</time>
			</trkpt>
			<trkpt lat="39.69736" lon="21.19189">
				<ele>1323.13</ele>
				<time>2026-08-06T18:29:57.779Z</time>
			</trkpt>
			<trkpt lat="39.69733" lon="21.19174">
				<ele>1323.52</ele>
				<time>2026-08-06T18:29:58.708Z</time>
			</trkpt>
			<trkpt lat="39.69731" lon="21.19155">
				<ele>1323.63</ele>
				<time>2026-08-06T18:29:59.857Z</time>
			</trkpt>
			<trkpt lat="39.69731" lon="21.19113">
				<ele>1324.02</ele>
				<time>2026-08-06T18:30:02.371Z</time>
			</trkpt>
			<trkpt lat="39.69729" lon="21.19104">
				<ele>1323.63</ele>
				<time>2026-08-06T18:30:02.932Z</time>
			</trkpt>
			<trkpt lat="39.69726" lon="21.19097">
				<ele>1322.72</ele>
				<time>2026-08-06T18:30:03.412Z</time>
			</trkpt>
			<trkpt lat="39.69719" lon="21.19089">
				<ele>1321.15</ele>
				<time>2026-08-06T18:30:04.137Z</time>
			</trkpt>
			<trkpt lat="39.69706" lon="21.19081">
				<ele>1319.31</ele>
				<time>2026-08-06T18:30:05.255Z</time>
			</trkpt>
			<trkpt lat="39.69694" lon="21.19081">
				<ele>1316.99</ele>
				<time>2026-08-06T18:30:06.188Z</time>
			</trkpt>
			<trkpt lat="39.69626" lon="21.19101">
				<ele>1294.15</ele>
				<time>2026-08-06T18:30:11.605Z</time>
			</trkpt>
			<trkpt lat="39.69585" lon="21.19118">
				<ele>1280.1</ele>
				<time>2026-08-06T18:30:14.946Z</time>
			</trkpt>
			<trkpt lat="39.69565" lon="21.19123">
				<ele>1279.73</ele>
				<time>2026-08-06T18:30:16.526Z</time>
			</trkpt>
			<trkpt lat="39.69557" lon="21.19121">
				<ele>1279.95</ele>
				<time>2026-08-06T18:30:17.158Z</time>
			</trkpt>
			<trkpt lat="39.69554" lon="21.19117">
				<ele>1279.83</ele>
				<time>2026-08-06T18:30:17.492Z</time>
			</trkpt>
			<trkpt lat="39.69554" lon="21.19109">
				<ele>1279.69</ele>
				<time>2026-08-06T18:30:17.969Z</time>
			</trkpt>
			<trkpt lat="39.69558" lon="21.19104">
				<ele>1279.55</ele>
				<time>2026-08-06T18:30:18.400Z</time>
			</trkpt>
			<trkpt lat="39.69564" lon="21.191">
				<ele>1279.85</ele>
				<time>2026-08-06T18:30:18.923Z</time>
			</trkpt>
			<trkpt lat="39.69582" lon="21.19085">
				<ele>1283.58</ele>
				<time>2026-08-06T18:30:20.580Z</time>
			</trkpt>
			<trkpt lat="39.69599" lon="21.19067">
				<ele>1287.83</ele>
				<time>2026-08-06T18:30:22.280Z</time>
			</trkpt>
			<trkpt lat="39.69613" lon="21.19046">
				<ele>1289.48</ele>
				<time>2026-08-06T18:30:23.936Z</time>
			</trkpt>
			<trkpt lat="39.69626" lon="21.19021">
				<ele>1290.53</ele>
				<time>2026-08-06T18:30:25.735Z</time>
			</trkpt>
			<trkpt lat="39.69631" lon="21.18997">
				<ele>1287.11</ele>
				<time>2026-08-06T18:30:27.216Z</time>
			</trkpt>
			<trkpt lat="39.69632" lon="21.18956">
				<ele>1275.48</ele>
				<time>2026-08-06T18:30:29.659Z</time>
			</trkpt>
			<trkpt lat="39.69635" lon="21.18947">
				<ele>1274</ele>
				<time>2026-08-06T18:30:30.243Z</time>
			</trkpt>
			<trkpt lat="39.6964" lon="21.18935">
				<ele>1272.63</ele>
				<time>2026-08-06T18:30:31.055Z</time>
			</trkpt>
			<trkpt lat="39.69661" lon="21.18908">
				<ele>1270.27</ele>
				<time>2026-08-06T18:30:33.340Z</time>
			</trkpt>
			<trkpt lat="39.69689" lon="21.18886">
				<ele>1275.94</ele>
				<time>2026-08-06T18:30:35.869Z</time>
			</trkpt>
			<trkpt lat="39.69705" lon="21.18868">
				<ele>1278.71</ele>
				<time>2026-08-06T18:30:37.504Z</time>
			</trkpt>
			<trkpt lat="39.69709" lon="21.18855">
				<ele>1276.26</ele>
				<time>2026-08-06T18:30:38.336Z</time>
			</trkpt>
			<trkpt lat="39.69705" lon="21.1882">
				<ele>1263.14</ele>
				<time>2026-08-06T18:30:40.439Z</time>
			</trkpt>
			<trkpt lat="39.69707" lon="21.18814">
				<ele>1261.26</ele>
				<time>2026-08-06T18:30:40.827Z</time>
			</trkpt>
			<trkpt lat="39.69711" lon="21.18807">
				<ele>1260.28</ele>
				<time>2026-08-06T18:30:41.345Z</time>
			</trkpt>
			<trkpt lat="39.69716" lon="21.18801">
				<ele>1260.45</ele>
				<time>2026-08-06T18:30:41.870Z</time>
			</trkpt>
			<trkpt lat="39.69742" lon="21.18787">
				<ele>1267.03</ele>
				<time>2026-08-06T18:30:44.042Z</time>
			</trkpt>
			<trkpt lat="39.69749" lon="21.18782">
				<ele>1268.38</ele>
				<time>2026-08-06T18:30:44.658Z</time>
			</trkpt>
			<trkpt lat="39.69753" lon="21.18776">
				<ele>1268.17</ele>
				<time>2026-08-06T18:30:45.130Z</time>
			</trkpt>
			<trkpt lat="39.69757" lon="21.18765">
				<ele>1266.33</ele>
				<time>2026-08-06T18:30:45.852Z</time>
			</trkpt>
			<trkpt lat="39.69758" lon="21.18699">
				<ele>1253.08</ele>
				<time>2026-08-06T18:30:49.768Z</time>
			</trkpt>
			<trkpt lat="39.6976" lon="21.18677">
				<ele>1250.09</ele>
				<time>2026-08-06T18:30:51.081Z</time>
			</trkpt>
			<trkpt lat="39.69763" lon="21.18665">
				<ele>1249.44</ele>
				<time>2026-08-06T18:30:51.829Z</time>
			</trkpt>
			<trkpt lat="39.69776" lon="21.18643">
				<ele>1247.42</ele>
				<time>2026-08-06T18:30:53.473Z</time>
			</trkpt>
			<trkpt lat="39.69788" lon="21.18629">
				<ele>1249.44</ele>
				<time>2026-08-06T18:30:54.715Z</time>
			</trkpt>
			<trkpt lat="39.69809" lon="21.18612">
				<ele>1255.66</ele>
				<time>2026-08-06T18:30:56.619Z</time>
			</trkpt>
			<trkpt lat="39.6982" lon="21.18601">
				<ele>1255.68</ele>
				<time>2026-08-06T18:30:57.687Z</time>
			</trkpt>
			<trkpt lat="39.69822" lon="21.18593">
				<ele>1253.98</ele>
				<time>2026-08-06T18:30:58.185Z</time>
			</trkpt>
			<trkpt lat="39.69823" lon="21.18572">
				<ele>1249.37</ele>
				<time>2026-08-06T18:30:59.430Z</time>
			</trkpt>
			<trkpt lat="39.69823" lon="21.18556">
				<ele>1246.65</ele>
				<time>2026-08-06T18:31:00.377Z</time>
			</trkpt>
			<trkpt lat="39.69825" lon="21.18542">
				<ele>1244.89</ele>
				<time>2026-08-06T18:31:01.220Z</time>
			</trkpt>
			<trkpt lat="39.69836" lon="21.18498">
				<ele>1241.25</ele>
				<time>2026-08-06T18:31:03.956Z</time>
			</trkpt>
			<trkpt lat="39.69837" lon="21.18489">
				<ele>1241.41</ele>
				<time>2026-08-06T18:31:04.493Z</time>
			</trkpt>
			<trkpt lat="39.69836" lon="21.18455">
				<ele>1238.17</ele>
				<time>2026-08-06T18:31:06.505Z</time>
			</trkpt>
			<trkpt lat="39.69837" lon="21.1844">
				<ele>1236.8</ele>
				<time>2026-08-06T18:31:07.394Z</time>
			</trkpt>
			<trkpt lat="39.6984" lon="21.18421">
				<ele>1235.05</ele>
				<time>2026-08-06T18:31:08.540Z</time>
			</trkpt>
			<trkpt lat="39.6985" lon="21.18383">
				<ele>1234.67</ele>
				<time>2026-08-06T18:31:10.912Z</time>
			</trkpt>
			<trkpt lat="39.6985" lon="21.18356">
				<ele>1239.44</ele>
				<time>2026-08-06T18:31:12.506Z</time>
			</trkpt>
			<trkpt lat="39.69847" lon="21.18343">
				<ele>1242.52</ele>
				<time>2026-08-06T18:31:13.307Z</time>
			</trkpt>
			<trkpt lat="39.69841" lon="21.18334">
				<ele>1243.5</ele>
				<time>2026-08-06T18:31:14.010Z</time>
			</trkpt>
			<trkpt lat="39.69834" lon="21.18332">
				<ele>1242.56</ele>
				<time>2026-08-06T18:31:14.560Z</time>
			</trkpt>
			<trkpt lat="39.69828" lon="21.18333">
				<ele>1241.18</ele>
				<time>2026-08-06T18:31:15.023Z</time>
			</trkpt>
			<trkpt lat="39.69822" lon="21.18337">
				<ele>1238.92</ele>
				<time>2026-08-06T18:31:15.540Z</time>
			</trkpt>
			<trkpt lat="39.69799" lon="21.18359">
				<ele>1230.85</ele>
				<time>2026-08-06T18:31:17.729Z</time>
			</trkpt>
			<trkpt lat="39.69759" lon="21.18388">
				<ele>1233.71</ele>
				<time>2026-08-06T18:31:21.238Z</time>
			</trkpt>
			<trkpt lat="39.69742" lon="21.18397">
				<ele>1237.21</ele>
				<time>2026-08-06T18:31:22.644Z</time>
			</trkpt>
			<trkpt lat="39.69714" lon="21.184">
				<ele>1244.85</ele>
				<time>2026-08-06T18:31:24.794Z</time>
			</trkpt>
			<trkpt lat="39.69707" lon="21.18404">
				<ele>1244.72</ele>
				<time>2026-08-06T18:31:25.379Z</time>
			</trkpt>
			<trkpt lat="39.697" lon="21.18413">
				<ele>1243.6</ele>
				<time>2026-08-06T18:31:26.133Z</time>
			</trkpt>
			<trkpt lat="39.69694" lon="21.18425">
				<ele>1240.49</ele>
				<time>2026-08-06T18:31:26.975Z</time>
			</trkpt>
			<trkpt lat="39.69681" lon="21.18465">
				<ele>1232.04</ele>
				<time>2026-08-06T18:31:29.530Z</time>
			</trkpt>
			<trkpt lat="39.69673" lon="21.18476">
				<ele>1231.21</ele>
				<time>2026-08-06T18:31:30.420Z</time>
			</trkpt>
			<trkpt lat="39.69624" lon="21.18526">
				<ele>1226.79</ele>
				<time>2026-08-06T18:31:35.180Z</time>
			</trkpt>
			<trkpt lat="39.69603" lon="21.18564">
				<ele>1223.8</ele>
				<time>2026-08-06T18:31:37.928Z</time>
			</trkpt>
			<trkpt lat="39.69571" lon="21.18602">
				<ele>1226.29</ele>
				<time>2026-08-06T18:31:41.235Z</time>
			</trkpt>
			<trkpt lat="39.69552" lon="21.1864">
				<ele>1219.07</ele>
				<time>2026-08-06T18:31:43.894Z</time>
			</trkpt>
			<trkpt lat="39.69543" lon="21.18647">
				<ele>1220.75</ele>
				<time>2026-08-06T18:31:44.694Z</time>
			</trkpt>
			<trkpt lat="39.6953" lon="21.18652">
				<ele>1226.51</ele>
				<time>2026-08-06T18:31:45.727Z</time>
			</trkpt>
			<trkpt lat="39.69513" lon="21.18662">
				<ele>1226.24</ele>
				<time>2026-08-06T18:31:47.149Z</time>
			</trkpt>
			<trkpt lat="39.69508" lon="21.18669">
				<ele>1223.65</ele>
				<time>2026-08-06T18:31:47.709Z</time>
			</trkpt>
			<trkpt lat="39.69496" lon="21.18703">
				<ele>1211.49</ele>
				<time>2026-08-06T18:31:49.900Z</time>
			</trkpt>
			<trkpt lat="39.69489" lon="21.18714">
				<ele>1210.63</ele>
				<time>2026-08-06T18:31:50.737Z</time>
			</trkpt>
			<trkpt lat="39.69481" lon="21.18721">
				<ele>1211.89</ele>
				<time>2026-08-06T18:31:51.471Z</time>
			</trkpt>
			<trkpt lat="39.6946" lon="21.18731">
				<ele>1217.4</ele>
				<time>2026-08-06T18:31:53.173Z</time>
			</trkpt>
			<trkpt lat="39.69455" lon="21.18737">
				<ele>1218.53</ele>
				<time>2026-08-06T18:31:53.690Z</time>
			</trkpt>
			<trkpt lat="39.69449" lon="21.18748">
				<ele>1219.55</ele>
				<time>2026-08-06T18:31:54.480Z</time>
			</trkpt>
			<trkpt lat="39.69439" lon="21.18777">
				<ele>1215.65</ele>
				<time>2026-08-06T18:31:56.339Z</time>
			</trkpt>
			<trkpt lat="39.69433" lon="21.18791">
				<ele>1213.94</ele>
				<time>2026-08-06T18:31:57.277Z</time>
			</trkpt>
			<trkpt lat="39.69426" lon="21.18801">
				<ele>1213.96</ele>
				<time>2026-08-06T18:31:58.068Z</time>
			</trkpt>
			<trkpt lat="39.69417" lon="21.18808">
				<ele>1215.71</ele>
				<time>2026-08-06T18:31:58.865Z</time>
			</trkpt>
			<trkpt lat="39.69399" lon="21.18819">
				<ele>1214.57</ele>
				<time>2026-08-06T18:32:00.376Z</time>
			</trkpt>
			<trkpt lat="39.69391" lon="21.18827">
				<ele>1213.22</ele>
				<time>2026-08-06T18:32:01.143Z</time>
			</trkpt>
			<trkpt lat="39.69386" lon="21.18836">
				<ele>1211.13</ele>
				<time>2026-08-06T18:32:01.792Z</time>
			</trkpt>
			<trkpt lat="39.69376" lon="21.18863">
				<ele>1202.05</ele>
				<time>2026-08-06T18:32:03.543Z</time>
			</trkpt>
			<trkpt lat="39.69371" lon="21.1887">
				<ele>1200.24</ele>
				<time>2026-08-06T18:32:04.101Z</time>
			</trkpt>
			<trkpt lat="39.69348" lon="21.18889">
				<ele>1197.47</ele>
				<time>2026-08-06T18:32:06.169Z</time>
			</trkpt>
			<trkpt lat="39.69342" lon="21.18896">
				<ele>1195.56</ele>
				<time>2026-08-06T18:32:06.781Z</time>
			</trkpt>
			<trkpt lat="39.69317" lon="21.18952">
				<ele>1185.31</ele>
				<time>2026-08-06T18:32:10.560Z</time>
			</trkpt>
			<trkpt lat="39.69255" lon="21.18994">
				<ele>1188.18</ele>
				<time>2026-08-06T18:32:15.858Z</time>
			</trkpt>
			<trkpt lat="39.69246" lon="21.19002">
				<ele>1186.23</ele>
				<time>2026-08-06T18:32:16.684Z</time>
			</trkpt>
			<trkpt lat="39.69223" lon="21.19033">
				<ele>1176.98</ele>
				<time>2026-08-06T18:32:19.192Z</time>
			</trkpt>
			<trkpt lat="39.69213" lon="21.19041">
				<ele>1178.32</ele>
				<time>2026-08-06T18:32:20.081Z</time>
			</trkpt>
			<trkpt lat="39.69145" lon="21.19074">
				<ele>1175.64</ele>
				<time>2026-08-06T18:32:25.571Z</time>
			</trkpt>
			<trkpt lat="39.69112" lon="21.19101">
				<ele>1171.68</ele>
				<time>2026-08-06T18:32:28.517Z</time>
			</trkpt>
			<trkpt lat="39.69104" lon="21.19105">
				<ele>1171.73</ele>
				<time>2026-08-06T18:32:29.165Z</time>
			</trkpt>
			<trkpt lat="39.69094" lon="21.19108">
				<ele>1172.29</ele>
				<time>2026-08-06T18:32:29.940Z</time>
			</trkpt>
			<trkpt lat="39.69058" lon="21.1911">
				<ele>1177.74</ele>
				<time>2026-08-06T18:32:32.660Z</time>
			</trkpt>
			<trkpt lat="39.69036" lon="21.19116">
				<ele>1176.09</ele>
				<time>2026-08-06T18:32:34.357Z</time>
			</trkpt>
			<trkpt lat="39.69007" lon="21.19134">
				<ele>1167.87</ele>
				<time>2026-08-06T18:32:36.781Z</time>
			</trkpt>
			<trkpt lat="39.6899" lon="21.1915">
				<ele>1163.76</ele>
				<time>2026-08-06T18:32:38.364Z</time>
			</trkpt>
			<trkpt lat="39.68983" lon="21.19154">
				<ele>1163.48</ele>
				<time>2026-08-06T18:32:38.940Z</time>
			</trkpt>
			<trkpt lat="39.68964" lon="21.19156">
				<ele>1164.3</ele>
				<time>2026-08-06T18:32:40.377Z</time>
			</trkpt>
			<trkpt lat="39.68936" lon="21.19165">
				<ele>1160.66</ele>
				<time>2026-08-06T18:32:42.550Z</time>
			</trkpt>
			<trkpt lat="39.68884" lon="21.19169">
				<ele>1156.55</ele>
				<time>2026-08-06T18:32:46.472Z</time>
			</trkpt>
			<trkpt lat="39.68847" lon="21.19174">
				<ele>1160.37</ele>
				<time>2026-08-06T18:32:49.271Z</time>
			</trkpt>
			<trkpt lat="39.68819" lon="21.19185">
				<ele>1161.13</ele>
				<time>2026-08-06T18:32:51.471Z</time>
			</trkpt>
			<trkpt lat="39.68794" lon="21.19201">
				<ele>1157.92</ele>
				<time>2026-08-06T18:32:53.565Z</time>
			</trkpt>
			<trkpt lat="39.68741" lon="21.19229">
				<ele>1143.6</ele>
				<time>2026-08-06T18:32:57.863Z</time>
			</trkpt>
			<trkpt lat="39.68721" lon="21.19232">
				<ele>1142.26</ele>
				<time>2026-08-06T18:32:59.375Z</time>
			</trkpt>
			<trkpt lat="39.68692" lon="21.19228">
				<ele>1141.72</ele>
				<time>2026-08-06T18:33:01.563Z</time>
			</trkpt>
			<trkpt lat="39.68672" lon="21.19217">
				<ele>1144.63</ele>
				<time>2026-08-06T18:33:03.193Z</time>
			</trkpt>
			<trkpt lat="39.68619" lon="21.19194">
				<ele>1142.83</ele>
				<time>2026-08-06T18:33:07.382Z</time>
			</trkpt>
			<trkpt lat="39.68592" lon="21.19191">
				<ele>1135.64</ele>
				<time>2026-08-06T18:33:09.412Z</time>
			</trkpt>
			<trkpt lat="39.68539" lon="21.19188">
				<ele>1130.65</ele>
				<time>2026-08-06T18:33:13.385Z</time>
			</trkpt>
			<trkpt lat="39.68507" lon="21.19189">
				<ele>1132.42</ele>
				<time>2026-08-06T18:33:15.780Z</time>
			</trkpt>
			<trkpt lat="39.68483" lon="21.19194">
				<ele>1131.57</ele>
				<time>2026-08-06T18:33:17.598Z</time>
			</trkpt>
			<trkpt lat="39.68459" lon="21.19196">
				<ele>1131.9</ele>
				<time>2026-08-06T18:33:19.396Z</time>
			</trkpt>
			<trkpt lat="39.68438" lon="21.19203">
				<ele>1129.69</ele>
				<time>2026-08-06T18:33:21.016Z</time>
			</trkpt>
			<trkpt lat="39.68435" lon="21.19215">
				<ele>1125.39</ele>
				<time>2026-08-06T18:33:21.742Z</time>
			</trkpt>
			<trkpt lat="39.68433" lon="21.19233">
				<ele>1121.46</ele>
				<time>2026-08-06T18:33:22.788Z</time>
			</trkpt>
			<trkpt lat="39.68422" lon="21.19244">
				<ele>1118.29</ele>
				<time>2026-08-06T18:33:23.824Z</time>
			</trkpt>
			<trkpt lat="39.68405" lon="21.19255">
				<ele>1116.55</ele>
				<time>2026-08-06T18:33:25.243Z</time>
			</trkpt>
			<trkpt lat="39.68368" lon="21.19263">
				<ele>1120.59</ele>
				<time>2026-08-06T18:33:28.042Z</time>
			</trkpt>
			<trkpt lat="39.68351" lon="21.19263">
				<ele>1120.46</ele>
				<time>2026-08-06T18:33:29.311Z</time>
			</trkpt>
			<trkpt lat="39.68329" lon="21.19258">
				<ele>1117.68</ele>
				<time>2026-08-06T18:33:30.977Z</time>
			</trkpt>
			<trkpt lat="39.68269" lon="21.19269">
				<ele>1121.45</ele>
				<time>2026-08-06T18:33:35.493Z</time>
			</trkpt>
			<trkpt lat="39.68258" lon="21.19275">
				<ele>1122.21</ele>
				<time>2026-08-06T18:33:36.382Z</time>
			</trkpt>
			<trkpt lat="39.68237" lon="21.19295">
				<ele>1123.49</ele>
				<time>2026-08-06T18:33:38.321Z</time>
			</trkpt>
			<trkpt lat="39.68229" lon="21.19309">
				<ele>1125</ele>
				<time>2026-08-06T18:33:39.321Z</time>
			</trkpt>
			<trkpt lat="39.68225" lon="21.19329">
				<ele>1127.24</ele>
				<time>2026-08-06T18:33:40.504Z</time>
			</trkpt>
			<trkpt lat="39.6822" lon="21.19405">
				<ele>1137.03</ele>
				<time>2026-08-06T18:33:44.872Z</time>
			</trkpt>
			<trkpt lat="39.68217" lon="21.19416">
				<ele>1137.92</ele>
				<time>2026-08-06T18:33:45.539Z</time>
			</trkpt>
			<trkpt lat="39.68208" lon="21.19433">
				<ele>1139.65</ele>
				<time>2026-08-06T18:33:46.720Z</time>
			</trkpt>
			<trkpt lat="39.68172" lon="21.1948">
				<ele>1143.65</ele>
				<time>2026-08-06T18:33:50.512Z</time>
			</trkpt>
			<trkpt lat="39.68148" lon="21.19504">
				<ele>1148.22</ele>
				<time>2026-08-06T18:33:52.761Z</time>
			</trkpt>
			<trkpt lat="39.68119" lon="21.19524">
				<ele>1146.81</ele>
				<time>2026-08-06T18:33:55.198Z</time>
			</trkpt>
			<trkpt lat="39.68072" lon="21.19552">
				<ele>1147.38</ele>
				<time>2026-08-06T18:33:59.033Z</time>
			</trkpt>
			<trkpt lat="39.68034" lon="21.19568">
				<ele>1145.76</ele>
				<time>2026-08-06T18:34:01.994Z</time>
			</trkpt>
			<trkpt lat="39.68008" lon="21.19588">
				<ele>1156.31</ele>
				<time>2026-08-06T18:34:04.231Z</time>
			</trkpt>
			<trkpt lat="39.67971" lon="21.19604">
				<ele>1156.29</ele>
				<time>2026-08-06T18:34:07.101Z</time>
			</trkpt>
			<trkpt lat="39.67958" lon="21.19612">
				<ele>1154.35</ele>
				<time>2026-08-06T18:34:08.154Z</time>
			</trkpt>
			<trkpt lat="39.67925" lon="21.19644">
				<ele>1160.6</ele>
				<time>2026-08-06T18:34:11.150Z</time>
			</trkpt>
			<trkpt lat="39.67903" lon="21.19677">
				<ele>1168.74</ele>
				<time>2026-08-06T18:34:13.577Z</time>
			</trkpt>
			<trkpt lat="39.67891" lon="21.19683">
				<ele>1168.71</ele>
				<time>2026-08-06T18:34:14.501Z</time>
			</trkpt>
			<trkpt lat="39.67881" lon="21.19683">
				<ele>1168.12</ele>
				<time>2026-08-06T18:34:15.218Z</time>
			</trkpt>
			<trkpt lat="39.67822" lon="21.19673">
				<ele>1170.82</ele>
				<time>2026-08-06T18:34:19.455Z</time>
			</trkpt>
			<trkpt lat="39.67813" lon="21.19674">
				<ele>1171.65</ele>
				<time>2026-08-06T18:34:20.094Z</time>
			</trkpt>
			<trkpt lat="39.67795" lon="21.19682">
				<ele>1170.84</ele>
				<time>2026-08-06T18:34:21.436Z</time>
			</trkpt>
			<trkpt lat="39.67747" lon="21.19682">
				<ele>1165.02</ele>
				<time>2026-08-06T18:34:24.801Z</time>
			</trkpt>
			<trkpt lat="39.67737" lon="21.19683">
				<ele>1165.56</ele>
				<time>2026-08-06T18:34:25.500Z</time>
			</trkpt>
			<trkpt lat="39.67727" lon="21.19687">
				<ele>1167.16</ele>
				<time>2026-08-06T18:34:26.229Z</time>
			</trkpt>
			<trkpt lat="39.67683" lon="21.19717">
				<ele>1171.47</ele>
				<time>2026-08-06T18:34:29.668Z</time>
			</trkpt>
			<trkpt lat="39.67677" lon="21.19723">
				<ele>1171.62</ele>
				<time>2026-08-06T18:34:30.189Z</time>
			</trkpt>
			<trkpt lat="39.67668" lon="21.19742">
				<ele>1174.99</ele>
				<time>2026-08-06T18:34:31.369Z</time>
			</trkpt>
			<trkpt lat="39.67665" lon="21.19797">
				<ele>1185.44</ele>
				<time>2026-08-06T18:34:34.271Z</time>
			</trkpt>
			<trkpt lat="39.67667" lon="21.19837">
				<ele>1185.46</ele>
				<time>2026-08-06T18:34:36.367Z</time>
			</trkpt>
			<trkpt lat="39.67684" lon="21.19904">
				<ele>1192.21</ele>
				<time>2026-08-06T18:34:40.030Z</time>
			</trkpt>
			<trkpt lat="39.67683" lon="21.19911">
				<ele>1192.61</ele>
				<time>2026-08-06T18:34:40.398Z</time>
			</trkpt>
			<trkpt lat="39.67681" lon="21.19916">
				<ele>1192.96</ele>
				<time>2026-08-06T18:34:40.689Z</time>
			</trkpt>
			<trkpt lat="39.67677" lon="21.19918">
				<ele>1193.6</ele>
				<time>2026-08-06T18:34:40.977Z</time>
			</trkpt>
			<trkpt lat="39.67617" lon="21.19927">
				<ele>1188.34</ele>
				<time>2026-08-06T18:34:45.007Z</time>
			</trkpt>
			<trkpt lat="39.67609" lon="21.19932">
				<ele>1187.8</ele>
				<time>2026-08-06T18:34:45.596Z</time>
			</trkpt>
			<trkpt lat="39.67603" lon="21.1994">
				<ele>1189.12</ele>
				<time>2026-08-06T18:34:46.166Z</time>
			</trkpt>
			<trkpt lat="39.67598" lon="21.19952">
				<ele>1190.73</ele>
				<time>2026-08-06T18:34:46.861Z</time>
			</trkpt>
			<trkpt lat="39.67584" lon="21.20027">
				<ele>1193.29</ele>
				<time>2026-08-06T18:34:50.774Z</time>
			</trkpt>
			<trkpt lat="39.67574" lon="21.20062">
				<ele>1196.18</ele>
				<time>2026-08-06T18:34:52.656Z</time>
			</trkpt>
			<trkpt lat="39.67569" lon="21.20072">
				<ele>1196.9</ele>
				<time>2026-08-06T18:34:53.255Z</time>
			</trkpt>
			<trkpt lat="39.67561" lon="21.20079">
				<ele>1195.9</ele>
				<time>2026-08-06T18:34:53.884Z</time>
			</trkpt>
			<trkpt lat="39.67526" lon="21.20083">
				<ele>1195.03</ele>
				<time>2026-08-06T18:34:56.170Z</time>
			</trkpt>
			<trkpt lat="39.67487" lon="21.20083">
				<ele>1193.85</ele>
				<time>2026-08-06T18:34:58.695Z</time>
			</trkpt>
			<trkpt lat="39.67433" lon="21.20069">
				<ele>1191.48</ele>
				<time>2026-08-06T18:35:02.242Z</time>
			</trkpt>
			<trkpt lat="39.67422" lon="21.20071">
				<ele>1191.5</ele>
				<time>2026-08-06T18:35:02.954Z</time>
			</trkpt>
			<trkpt lat="39.67413" lon="21.20076">
				<ele>1191.5</ele>
				<time>2026-08-06T18:35:03.582Z</time>
			</trkpt>
			<trkpt lat="39.67401" lon="21.20086">
				<ele>1192.04</ele>
				<time>2026-08-06T18:35:04.494Z</time>
			</trkpt>
			<trkpt lat="39.67353" lon="21.20144">
				<ele>1200.87</ele>
				<time>2026-08-06T18:35:08.673Z</time>
			</trkpt>
			<trkpt lat="39.67344" lon="21.2015">
				<ele>1200.89</ele>
				<time>2026-08-06T18:35:09.316Z</time>
			</trkpt>
			<trkpt lat="39.67314" lon="21.20163">
				<ele>1196.93</ele>
				<time>2026-08-06T18:35:11.321Z</time>
			</trkpt>
			<trkpt lat="39.67306" lon="21.20169">
				<ele>1196.29</ele>
				<time>2026-08-06T18:35:11.905Z</time>
			</trkpt>
			<trkpt lat="39.6728" lon="21.202">
				<ele>1199.29</ele>
				<time>2026-08-06T18:35:14.134Z</time>
			</trkpt>
			<trkpt lat="39.67175" lon="21.20269">
				<ele>1193.05</ele>
				<time>2026-08-06T18:35:21.523Z</time>
			</trkpt>
			<trkpt lat="39.6717" lon="21.20276">
				<ele>1192.7</ele>
				<time>2026-08-06T18:35:21.983Z</time>
			</trkpt>
			<trkpt lat="39.67149" lon="21.20312">
				<ele>1194.5</ele>
				<time>2026-08-06T18:35:24.154Z</time>
			</trkpt>
			<trkpt lat="39.67142" lon="21.2032">
				<ele>1194.92</ele>
				<time>2026-08-06T18:35:24.736Z</time>
			</trkpt>
			<trkpt lat="39.67133" lon="21.20327">
				<ele>1194.54</ele>
				<time>2026-08-06T18:35:25.390Z</time>
			</trkpt>
			<trkpt lat="39.6709" lon="21.20345">
				<ele>1192.12</ele>
				<time>2026-08-06T18:35:28.203Z</time>
			</trkpt>
			<trkpt lat="39.67023" lon="21.20349">
				<ele>1185.86</ele>
				<time>2026-08-06T18:35:32.369Z</time>
			</trkpt>
			<trkpt lat="39.66956" lon="21.20372">
				<ele>1189.1</ele>
				<time>2026-08-06T18:35:36.664Z</time>
			</trkpt>
			<trkpt lat="39.66946" lon="21.20374">
				<ele>1188.54</ele>
				<time>2026-08-06T18:35:37.290Z</time>
			</trkpt>
			<trkpt lat="39.66934" lon="21.20373">
				<ele>1186.31</ele>
				<time>2026-08-06T18:35:38.034Z</time>
			</trkpt>
			<trkpt lat="39.66902" lon="21.20357">
				<ele>1175.05</ele>
				<time>2026-08-06T18:35:40.156Z</time>
			</trkpt>
			<trkpt lat="39.66893" lon="21.20354">
				<ele>1173.28</ele>
				<time>2026-08-06T18:35:40.731Z</time>
			</trkpt>
			<trkpt lat="39.66886" lon="21.20355">
				<ele>1172.77</ele>
				<time>2026-08-06T18:35:41.167Z</time>
			</trkpt>
			<trkpt lat="39.66877" lon="21.20359">
				<ele>1174.56</ele>
				<time>2026-08-06T18:35:41.755Z</time>
			</trkpt>
			<trkpt lat="39.66856" lon="21.20378">
				<ele>1180.15</ele>
				<time>2026-08-06T18:35:43.338Z</time>
			</trkpt>
			<trkpt lat="39.66842" lon="21.20383">
				<ele>1177.83</ele>
				<time>2026-08-06T18:35:44.236Z</time>
			</trkpt>
			<trkpt lat="39.66805" lon="21.20391">
				<ele>1165.15</ele>
				<time>2026-08-06T18:35:46.555Z</time>
			</trkpt>
			<trkpt lat="39.66778" lon="21.2041">
				<ele>1165.49</ele>
				<time>2026-08-06T18:35:48.455Z</time>
			</trkpt>
			<trkpt lat="39.66767" lon="21.20413">
				<ele>1165.7</ele>
				<time>2026-08-06T18:35:49.150Z</time>
			</trkpt>
			<trkpt lat="39.66754" lon="21.20414">
				<ele>1164.31</ele>
				<time>2026-08-06T18:35:49.956Z</time>
			</trkpt>
			<trkpt lat="39.66705" lon="21.20405">
				<ele>1158.15</ele>
				<time>2026-08-06T18:35:53.020Z</time>
			</trkpt>
			<trkpt lat="39.66694" lon="21.20406">
				<ele>1157.68</ele>
				<time>2026-08-06T18:35:53.703Z</time>
			</trkpt>
			<trkpt lat="39.66675" lon="21.20413">
				<ele>1158.09</ele>
				<time>2026-08-06T18:35:54.927Z</time>
			</trkpt>
			<trkpt lat="39.66656" lon="21.20424">
				<ele>1159.55</ele>
				<time>2026-08-06T18:35:56.217Z</time>
			</trkpt>
			<trkpt lat="39.66643" lon="21.20429">
				<ele>1160.12</ele>
				<time>2026-08-06T18:35:57.058Z</time>
			</trkpt>
			<trkpt lat="39.66609" lon="21.20434">
				<ele>1152.76</ele>
				<time>2026-08-06T18:35:59.183Z</time>
			</trkpt>
			<trkpt lat="39.66581" lon="21.20435">
				<ele>1149.01</ele>
				<time>2026-08-06T18:36:00.925Z</time>
			</trkpt>
			<trkpt lat="39.6654" lon="21.20442">
				<ele>1152.75</ele>
				<time>2026-08-06T18:36:03.500Z</time>
			</trkpt>
			<trkpt lat="39.66516" lon="21.2045">
				<ele>1152.94</ele>
				<time>2026-08-06T18:36:05.046Z</time>
			</trkpt>
			<trkpt lat="39.66497" lon="21.20453">
				<ele>1150.02</ele>
				<time>2026-08-06T18:36:06.241Z</time>
			</trkpt>
			<trkpt lat="39.66473" lon="21.2045">
				<ele>1146.65</ele>
				<time>2026-08-06T18:36:07.749Z</time>
			</trkpt>
			<trkpt lat="39.66459" lon="21.20451">
				<ele>1146.66</ele>
				<time>2026-08-06T18:36:08.627Z</time>
			</trkpt>
			<trkpt lat="39.66427" lon="21.20463">
				<ele>1151.43</ele>
				<time>2026-08-06T18:36:10.716Z</time>
			</trkpt>
			<trkpt lat="39.66407" lon="21.20473">
				<ele>1153</ele>
				<time>2026-08-06T18:36:12.062Z</time>
			</trkpt>
			<trkpt lat="39.66378" lon="21.2048">
				<ele>1151.51</ele>
				<time>2026-08-06T18:36:13.919Z</time>
			</trkpt>
			<trkpt lat="39.66368" lon="21.20479">
				<ele>1151.06</ele>
				<time>2026-08-06T18:36:14.552Z</time>
			</trkpt>
			<trkpt lat="39.66329" lon="21.20464">
				<ele>1139.87</ele>
				<time>2026-08-06T18:36:17.121Z</time>
			</trkpt>
			<trkpt lat="39.66321" lon="21.20464">
				<ele>1137.82</ele>
				<time>2026-08-06T18:36:17.628Z</time>
			</trkpt>
			<trkpt lat="39.6631" lon="21.20465">
				<ele>1135.79</ele>
				<time>2026-08-06T18:36:18.326Z</time>
			</trkpt>
			<trkpt lat="39.66284" lon="21.20483">
				<ele>1137.42</ele>
				<time>2026-08-06T18:36:20.197Z</time>
			</trkpt>
			<trkpt lat="39.66268" lon="21.20489">
				<ele>1136.88</ele>
				<time>2026-08-06T18:36:21.256Z</time>
			</trkpt>
			<trkpt lat="39.6626" lon="21.20488">
				<ele>1134.48</ele>
				<time>2026-08-06T18:36:21.768Z</time>
			</trkpt>
			<trkpt lat="39.66243" lon="21.20481">
				<ele>1128.59</ele>
				<time>2026-08-06T18:36:22.905Z</time>
			</trkpt>
			<trkpt lat="39.6622" lon="21.20467">
				<ele>1121.84</ele>
				<time>2026-08-06T18:36:24.529Z</time>
			</trkpt>
			<trkpt lat="39.66208" lon="21.2047">
				<ele>1121.58</ele>
				<time>2026-08-06T18:36:25.311Z</time>
			</trkpt>
			<trkpt lat="39.66201" lon="21.20475">
				<ele>1122.97</ele>
				<time>2026-08-06T18:36:25.824Z</time>
			</trkpt>
			<trkpt lat="39.66181" lon="21.20498">
				<ele>1129.96</ele>
				<time>2026-08-06T18:36:27.539Z</time>
			</trkpt>
			<trkpt lat="39.66169" lon="21.20504">
				<ele>1130.38</ele>
				<time>2026-08-06T18:36:28.367Z</time>
			</trkpt>
			<trkpt lat="39.66155" lon="21.20506">
				<ele>1128.28</ele>
				<time>2026-08-06T18:36:29.275Z</time>
			</trkpt>
			<trkpt lat="39.66101" lon="21.20507">
				<ele>1119.15</ele>
				<time>2026-08-06T18:36:32.771Z</time>
			</trkpt>
			<trkpt lat="39.6605" lon="21.2052">
				<ele>1114.5</ele>
				<time>2026-08-06T18:36:36.157Z</time>
			</trkpt>
			<trkpt lat="39.66032" lon="21.20522">
				<ele>1107.64</ele>
				<time>2026-08-06T18:36:37.340Z</time>
			</trkpt>
			<trkpt lat="39.66003" lon="21.20521">
				<ele>1104.46</ele>
				<time>2026-08-06T18:36:39.245Z</time>
			</trkpt>
			<trkpt lat="39.65981" lon="21.20517">
				<ele>1103.45</ele>
				<time>2026-08-06T18:36:40.709Z</time>
			</trkpt>
			<trkpt lat="39.6596" lon="21.20515">
				<ele>1100.61</ele>
				<time>2026-08-06T18:36:42.100Z</time>
			</trkpt>
			<trkpt lat="39.65947" lon="21.20516">
				<ele>1097.72</ele>
				<time>2026-08-06T18:36:42.963Z</time>
			</trkpt>
			<trkpt lat="39.65931" lon="21.20521">
				<ele>1095.96</ele>
				<time>2026-08-06T18:36:44.056Z</time>
			</trkpt>
			<trkpt lat="39.65911" lon="21.20532">
				<ele>1094.36</ele>
				<time>2026-08-06T18:36:45.502Z</time>
			</trkpt>
			<trkpt lat="39.65896" lon="21.20544">
				<ele>1089.67</ele>
				<time>2026-08-06T18:36:46.679Z</time>
			</trkpt>
			<trkpt lat="39.65889" lon="21.20557">
				<ele>1088</ele>
				<time>2026-08-06T18:36:47.496Z</time>
			</trkpt>
			<trkpt lat="39.65885" lon="21.20582">
				<ele>1084.09</ele>
				<time>2026-08-06T18:36:48.815Z</time>
			</trkpt>
			<trkpt lat="39.65887" lon="21.206">
				<ele>1083.42</ele>
				<time>2026-08-06T18:36:49.757Z</time>
			</trkpt>
			<trkpt lat="39.65893" lon="21.20625">
				<ele>1083.42</ele>
				<time>2026-08-06T18:36:51.118Z</time>
			</trkpt>
			<trkpt lat="39.65897" lon="21.20657">
				<ele>1080.33</ele>
				<time>2026-08-06T18:36:52.808Z</time>
			</trkpt>
			<trkpt lat="39.65896" lon="21.20665">
				<ele>1078.32</ele>
				<time>2026-08-06T18:36:53.231Z</time>
			</trkpt>
			<trkpt lat="39.65892" lon="21.2067">
				<ele>1075.7</ele>
				<time>2026-08-06T18:36:53.609Z</time>
			</trkpt>
			<trkpt lat="39.65888" lon="21.20671">
				<ele>1074.07</ele>
				<time>2026-08-06T18:36:53.886Z</time>
			</trkpt>
			<trkpt lat="39.65882" lon="21.20668">
				<ele>1072.84</ele>
				<time>2026-08-06T18:36:54.323Z</time>
			</trkpt>
			<trkpt lat="39.65879" lon="21.20663">
				<ele>1073.05</ele>
				<time>2026-08-06T18:36:54.656Z</time>
			</trkpt>
			<trkpt lat="39.65871" lon="21.20626">
				<ele>1077.96</ele>
				<time>2026-08-06T18:36:56.677Z</time>
			</trkpt>
			<trkpt lat="39.65865" lon="21.20611">
				<ele>1078.79</ele>
				<time>2026-08-06T18:36:57.570Z</time>
			</trkpt>
			<trkpt lat="39.65841" lon="21.20574">
				<ele>1070.65</ele>
				<time>2026-08-06T18:37:00.136Z</time>
			</trkpt>
			<trkpt lat="39.65836" lon="21.20564">
				<ele>1068.05</ele>
				<time>2026-08-06T18:37:00.771Z</time>
			</trkpt>
			<trkpt lat="39.65835" lon="21.20556">
				<ele>1067.12</ele>
				<time>2026-08-06T18:37:01.203Z</time>
			</trkpt>
			<trkpt lat="39.65838" lon="21.20544">
				<ele>1068.52</ele>
				<time>2026-08-06T18:37:01.877Z</time>
			</trkpt>
			<trkpt lat="39.65851" lon="21.20529">
				<ele>1073.54</ele>
				<time>2026-08-06T18:37:03.086Z</time>
			</trkpt>
			<trkpt lat="39.65866" lon="21.20516">
				<ele>1077.77</ele>
				<time>2026-08-06T18:37:04.344Z</time>
			</trkpt>
			<trkpt lat="39.65868" lon="21.20513">
				<ele>1078</ele>
				<time>2026-08-06T18:37:04.557Z</time>
			</trkpt>
			<trkpt lat="39.65867" lon="21.20505">
				<ele>1077.02</ele>
				<time>2026-08-06T18:37:04.994Z</time>
			</trkpt>
			<trkpt lat="39.65862" lon="21.20501">
				<ele>1075.58</ele>
				<time>2026-08-06T18:37:05.405Z</time>
			</trkpt>
			<trkpt lat="39.65849" lon="21.20504">
				<ele>1073.3</ele>
				<time>2026-08-06T18:37:06.332Z</time>
			</trkpt>
			<trkpt lat="39.65818" lon="21.20522">
				<ele>1063.53</ele>
				<time>2026-08-06T18:37:08.725Z</time>
			</trkpt>
			<trkpt lat="39.6581" lon="21.20529">
				<ele>1060.22</ele>
				<time>2026-08-06T18:37:09.408Z</time>
			</trkpt>
			<trkpt lat="39.65802" lon="21.2054">
				<ele>1057.8</ele>
				<time>2026-08-06T18:37:10.234Z</time>
			</trkpt>
			<trkpt lat="39.65799" lon="21.20553">
				<ele>1056.27</ele>
				<time>2026-08-06T18:37:10.976Z</time>
			</trkpt>
			<trkpt lat="39.65797" lon="21.20565">
				<ele>1056.34</ele>
				<time>2026-08-06T18:37:11.649Z</time>
			</trkpt>
			<trkpt lat="39.65798" lon="21.20617">
				<ele>1057.09</ele>
				<time>2026-08-06T18:37:14.515Z</time>
			</trkpt>
			<trkpt lat="39.65796" lon="21.20647">
				<ele>1054.64</ele>
				<time>2026-08-06T18:37:16.185Z</time>
			</trkpt>
			<trkpt lat="39.65792" lon="21.20666">
				<ele>1051.62</ele>
				<time>2026-08-06T18:37:17.281Z</time>
			</trkpt>
			<trkpt lat="39.65792" lon="21.20682">
				<ele>1049.3</ele>
				<time>2026-08-06T18:37:18.174Z</time>
			</trkpt>
			<trkpt lat="39.65794" lon="21.20689">
				<ele>1048.62</ele>
				<time>2026-08-06T18:37:18.592Z</time>
			</trkpt>
			<trkpt lat="39.65798" lon="21.20694">
				<ele>1048.21</ele>
				<time>2026-08-06T18:37:18.995Z</time>
			</trkpt>
			<trkpt lat="39.65825" lon="21.20712">
				<ele>1049.28</ele>
				<time>2026-08-06T18:37:21.211Z</time>
			</trkpt>
			<trkpt lat="39.65833" lon="21.2072">
				<ele>1049.27</ele>
				<time>2026-08-06T18:37:21.951Z</time>
			</trkpt>
			<trkpt lat="39.65839" lon="21.20732">
				<ele>1049.11</ele>
				<time>2026-08-06T18:37:22.760Z</time>
			</trkpt>
			<trkpt lat="39.65842" lon="21.20746">
				<ele>1048.58</ele>
				<time>2026-08-06T18:37:23.584Z</time>
			</trkpt>
			<trkpt lat="39.65848" lon="21.2076">
				<ele>1049.55</ele>
				<time>2026-08-06T18:37:24.495Z</time>
			</trkpt>
			<trkpt lat="39.6588" lon="21.208">
				<ele>1058.72</ele>
				<time>2026-08-06T18:37:27.794Z</time>
			</trkpt>
			<trkpt lat="39.65862" lon="21.20797">
				<ele>1050.65</ele>
				<time>2026-08-06T18:37:29.151Z</time>
			</trkpt>
			<trkpt lat="39.65844" lon="21.2078">
				<ele>1046.14</ele>
				<time>2026-08-06T18:37:30.823Z</time>
			</trkpt>
			<trkpt lat="39.65821" lon="21.20741">
				<ele>1046.01</ele>
				<time>2026-08-06T18:37:33.683Z</time>
			</trkpt>
			<trkpt lat="39.65797" lon="21.20725">
				<ele>1045.1</ele>
				<time>2026-08-06T18:37:35.739Z</time>
			</trkpt>
			<trkpt lat="39.65767" lon="21.20714">
				<ele>1043.31</ele>
				<time>2026-08-06T18:37:38.129Z</time>
			</trkpt>
			<trkpt lat="39.65752" lon="21.207">
				<ele>1041.81</ele>
				<time>2026-08-06T18:37:39.554Z</time>
			</trkpt>
			<trkpt lat="39.65746" lon="21.20675">
				<ele>1044.9</ele>
				<time>2026-08-06T18:37:41.116Z</time>
			</trkpt>
			<trkpt lat="39.65748" lon="21.20639">
				<ele>1045.59</ele>
				<time>2026-08-06T18:37:43.281Z</time>
			</trkpt>
			<trkpt lat="39.65753" lon="21.20599">
				<ele>1045.06</ele>
				<time>2026-08-06T18:37:45.729Z</time>
			</trkpt>
			<trkpt lat="39.65755" lon="21.20541">
				<ele>1047.03</ele>
				<time>2026-08-06T18:37:49.269Z</time>
			</trkpt>
			<trkpt lat="39.65751" lon="21.20446">
				<ele>1039.4</ele>
				<time>2026-08-06T18:37:55.152Z</time>
			</trkpt>
			<trkpt lat="39.65741" lon="21.20421">
				<ele>1044.71</ele>
				<time>2026-08-06T18:37:56.915Z</time>
			</trkpt>
			<trkpt lat="39.65736" lon="21.20418">
				<ele>1045.34</ele>
				<time>2026-08-06T18:37:57.364Z</time>
			</trkpt>
			<trkpt lat="39.65732" lon="21.20413">
				<ele>1047.33</ele>
				<time>2026-08-06T18:37:57.817Z</time>
			</trkpt>
			<trkpt lat="39.65723" lon="21.20406">
				<ele>1049.74</ele>
				<time>2026-08-06T18:37:58.675Z</time>
			</trkpt>
			<trkpt lat="39.65715" lon="21.20403">
				<ele>1050.58</ele>
				<time>2026-08-06T18:37:59.358Z</time>
			</trkpt>
			<trkpt lat="39.65661" lon="21.20398">
				<ele>1053.51</ele>
				<time>2026-08-06T18:38:03.833Z</time>
			</trkpt>
			<trkpt lat="39.65631" lon="21.204">
				<ele>1055.35</ele>
				<time>2026-08-06T18:38:06.342Z</time>
			</trkpt>
			<trkpt lat="39.65611" lon="21.20404">
				<ele>1055.5</ele>
				<time>2026-08-06T18:38:08.044Z</time>
			</trkpt>
			<trkpt lat="39.65589" lon="21.20415">
				<ele>1051.35</ele>
				<time>2026-08-06T18:38:10.037Z</time>
			</trkpt>
			<trkpt lat="39.65564" lon="21.20419">
				<ele>1050.91</ele>
				<time>2026-08-06T18:38:12.181Z</time>
			</trkpt>
			<trkpt lat="39.6554" lon="21.2042">
				<ele>1051.05</ele>
				<time>2026-08-06T18:38:14.237Z</time>
			</trkpt>
			<trkpt lat="39.65519" lon="21.20418">
				<ele>1051.63</ele>
				<time>2026-08-06T18:38:16.051Z</time>
			</trkpt>
			<trkpt lat="39.65501" lon="21.20415">
				<ele>1053.45</ele>
				<time>2026-08-06T18:38:17.622Z</time>
			</trkpt>
			<trkpt lat="39.65457" lon="21.20419">
				<ele>1062.16</ele>
				<time>2026-08-06T18:38:21.474Z</time>
			</trkpt>
			<trkpt lat="39.65441" lon="21.20425">
				<ele>1063.22</ele>
				<time>2026-08-06T18:38:22.939Z</time>
			</trkpt>
			<trkpt lat="39.65414" lon="21.2043">
				<ele>1062.02</ele>
				<time>2026-08-06T18:38:25.354Z</time>
			</trkpt>
			<trkpt lat="39.654" lon="21.2045">
				<ele>1055.34</ele>
				<time>2026-08-06T18:38:27.208Z</time>
			</trkpt>
			<trkpt lat="39.65391" lon="21.2046">
				<ele>1052.43</ele>
				<time>2026-08-06T18:38:28.268Z</time>
			</trkpt>
			<trkpt lat="39.65371" lon="21.20462">
				<ele>1052.14</ele>
				<time>2026-08-06T18:38:30.069Z</time>
			</trkpt>
			<trkpt lat="39.65342" lon="21.20458">
				<ele>1050.42</ele>
				<time>2026-08-06T18:38:32.705Z</time>
			</trkpt>
			<trkpt lat="39.65298" lon="21.20445">
				<ele>1048.56</ele>
				<time>2026-08-06T18:38:36.822Z</time>
			</trkpt>
			<trkpt lat="39.65237" lon="21.20431">
				<ele>1050.27</ele>
				<time>2026-08-06T18:38:42.548Z</time>
			</trkpt>
			<trkpt lat="39.6522" lon="21.20424">
				<ele>1052.76</ele>
				<time>2026-08-06T18:38:44.212Z</time>
			</trkpt>
			<trkpt lat="39.65157" lon="21.20386">
				<ele>1077.85</ele>
				<time>2026-08-06T18:38:50.762Z</time>
			</trkpt>
			<trkpt lat="39.65137" lon="21.20387">
				<ele>1077.13</ele>
				<time>2026-08-06T18:38:52.669Z</time>
			</trkpt>
			<trkpt lat="39.65105" lon="21.20391">
				<ele>1076.16</ele>
				<time>2026-08-06T18:38:55.751Z</time>
			</trkpt>
			<trkpt lat="39.65027" lon="21.20436">
				<ele>1061.03</ele>
				<time>2026-08-06T18:39:04.040Z</time>
			</trkpt>
			<trkpt lat="39.65007" lon="21.20438">
				<ele>1055.65</ele>
				<time>2026-08-06T18:39:06.011Z</time>
			</trkpt>
			<trkpt lat="39.64999" lon="21.20435">
				<ele>1056.11</ele>
				<time>2026-08-06T18:39:06.831Z</time>
			</trkpt>
			<trkpt lat="39.6499" lon="21.20425">
				<ele>1058.4</ele>
				<time>2026-08-06T18:39:08.001Z</time>
			</trkpt>
			<trkpt lat="39.64978" lon="21.20405">
				<ele>1063.11</ele>
				<time>2026-08-06T18:39:09.936Z</time>
			</trkpt>
			<trkpt lat="39.64957" lon="21.20372">
				<ele>1065.43</ele>
				<time>2026-08-06T18:39:13.221Z</time>
			</trkpt>
			<trkpt lat="39.64912" lon="21.2032">
				<ele>1062.09</ele>
				<time>2026-08-06T18:39:19.282Z</time>
			</trkpt>
			<trkpt lat="39.64907" lon="21.20307">
				<ele>1063.37</ele>
				<time>2026-08-06T18:39:20.417Z</time>
			</trkpt>
			<trkpt lat="39.64902" lon="21.20291">
				<ele>1064.24</ele>
				<time>2026-08-06T18:39:21.768Z</time>
			</trkpt>
			<trkpt lat="39.64896" lon="21.20263">
				<ele>1063.53</ele>
				<time>2026-08-06T18:39:24.051Z</time>
			</trkpt>
			<trkpt lat="39.64896" lon="21.2024">
				<ele>1062.51</ele>
				<time>2026-08-06T18:39:25.864Z</time>
			</trkpt>
			<trkpt lat="39.64898" lon="21.20206">
				<ele>1065.73</ele>
				<time>2026-08-06T18:39:28.565Z</time>
			</trkpt>
			<trkpt lat="39.64902" lon="21.20189">
				<ele>1070.78</ele>
				<time>2026-08-06T18:39:29.979Z</time>
			</trkpt>
			<trkpt lat="39.64904" lon="21.20172">
				<ele>1074.3</ele>
				<time>2026-08-06T18:39:31.350Z</time>
			</trkpt>
			<trkpt lat="39.64888" lon="21.20123">
				<ele>1070.03</ele>
				<time>2026-08-06T18:39:35.616Z</time>
			</trkpt>
			<trkpt lat="39.64884" lon="21.20097">
				<ele>1066.98</ele>
				<time>2026-08-06T18:39:37.754Z</time>
			</trkpt>
			<trkpt lat="39.64886" lon="21.20071">
				<ele>1065.61</ele>
				<time>2026-08-06T18:39:39.869Z</time>
			</trkpt>
			<trkpt lat="39.64892" lon="21.2005">
				<ele>1065.68</ele>
				<time>2026-08-06T18:39:41.688Z</time>
			</trkpt>
			<trkpt lat="39.64899" lon="21.20039">
				<ele>1068.31</ele>
				<time>2026-08-06T18:39:42.850Z</time>
			</trkpt>
			<trkpt lat="39.64905" lon="21.20014">
				<ele>1070.05</ele>
				<time>2026-08-06T18:39:44.989Z</time>
			</trkpt>
			<trkpt lat="39.64906" lon="21.20006">
				<ele>1070.64</ele>
				<time>2026-08-06T18:39:45.653Z</time>
			</trkpt>
			<trkpt lat="39.64905" lon="21.2">
				<ele>1070.53</ele>
				<time>2026-08-06T18:39:46.156Z</time>
			</trkpt>
			<trkpt lat="39.64895" lon="21.1999">
				<ele>1072.73</ele>
				<time>2026-08-06T18:39:47.502Z</time>
			</trkpt>
			<trkpt lat="39.64874" lon="21.20001">
				<ele>1067.13</ele>
				<time>2026-08-06T18:39:49.924Z</time>
			</trkpt>
			<trkpt lat="39.64869" lon="21.19999">
				<ele>1068.02</ele>
				<time>2026-08-06T18:39:50.485Z</time>
			</trkpt>
			<trkpt lat="39.64864" lon="21.19991">
				<ele>1070.88</ele>
				<time>2026-08-06T18:39:51.337Z</time>
			</trkpt>
			<trkpt lat="39.64837" lon="21.19926">
				<ele>1077.04</ele>
				<time>2026-08-06T18:39:57.479Z</time>
			</trkpt>
			<trkpt lat="39.648" lon="21.1986">
				<ele>1083.04</ele>
				<time>2026-08-06T18:40:04.342Z</time>
			</trkpt>
			<trkpt lat="39.64779" lon="21.19827">
				<ele>1088.89</ele>
				<time>2026-08-06T18:40:07.971Z</time>
			</trkpt>
			<trkpt lat="39.64756" lon="21.19785">
				<ele>1095.15</ele>
				<time>2026-08-06T18:40:12.367Z</time>
			</trkpt>
			<trkpt lat="39.64737" lon="21.1974">
				<ele>1101.54</ele>
				<time>2026-08-06T18:40:16.773Z</time>
			</trkpt>
			<trkpt lat="39.64723" lon="21.19695">
				<ele>1110.17</ele>
				<time>2026-08-06T18:40:20.968Z</time>
			</trkpt>
			<trkpt lat="39.64712" lon="21.1967">
				<ele>1108.02</ele>
				<time>2026-08-06T18:40:23.468Z</time>
			</trkpt>
			<trkpt lat="39.64686" lon="21.19626">
				<ele>1106.42</ele>
				<time>2026-08-06T18:40:28.310Z</time>
			</trkpt>
			<trkpt lat="39.64669" lon="21.19584">
				<ele>1112.58</ele>
				<time>2026-08-06T18:40:32.479Z</time>
			</trkpt>
			<trkpt lat="39.64664" lon="21.19574">
				<ele>1112.03</ele>
				<time>2026-08-06T18:40:33.530Z</time>
			</trkpt>
			<trkpt lat="39.64655" lon="21.19564">
				<ele>1110.59</ele>
				<time>2026-08-06T18:40:34.889Z</time>
			</trkpt>
			<trkpt lat="39.64639" lon="21.19547">
				<ele>1110.65</ele>
				<time>2026-08-06T18:40:37.266Z</time>
			</trkpt>
			<trkpt lat="39.64633" lon="21.19526">
				<ele>1115.29</ele>
				<time>2026-08-06T18:40:39.255Z</time>
			</trkpt>
			<trkpt lat="39.64616" lon="21.19499">
				<ele>1114.04</ele>
				<time>2026-08-06T18:40:42.363Z</time>
			</trkpt>
			<trkpt lat="39.64611" lon="21.19493">
				<ele>1114.14</ele>
				<time>2026-08-06T18:40:43.153Z</time>
			</trkpt>
			<trkpt lat="39.6456" lon="21.19468">
				<ele>1115.32</ele>
				<time>2026-08-06T18:40:49.508Z</time>
			</trkpt>
			<trkpt lat="39.64517" lon="21.1944">
				<ele>1105.21</ele>
				<time>2026-08-06T18:40:55.158Z</time>
			</trkpt>
			<trkpt lat="39.64463" lon="21.19378">
				<ele>1116.89</ele>
				<time>2026-08-06T18:41:03.700Z</time>
			</trkpt>
			<trkpt lat="39.64452" lon="21.19361">
				<ele>1121.31</ele>
				<time>2026-08-06T18:41:05.740Z</time>
			</trkpt>
			<trkpt lat="39.64446" lon="21.19346">
				<ele>1125.42</ele>
				<time>2026-08-06T18:41:07.295Z</time>
			</trkpt>
			<trkpt lat="39.64441" lon="21.19328">
				<ele>1129.61</ele>
				<time>2026-08-06T18:41:09.060Z</time>
			</trkpt>
			<trkpt lat="39.64431" lon="21.1926">
				<ele>1138.16</ele>
				<time>2026-08-06T18:41:15.474Z</time>
			</trkpt>
			<trkpt lat="39.64425" lon="21.19251">
				<ele>1136.3</ele>
				<time>2026-08-06T18:41:16.582Z</time>
			</trkpt>
			<trkpt lat="39.64353" lon="21.19182">
				<ele>1135.59</ele>
				<time>2026-08-06T18:41:27.469Z</time>
			</trkpt>
			<trkpt lat="39.64335" lon="21.19157">
				<ele>1133.18</ele>
				<time>2026-08-06T18:41:30.700Z</time>
			</trkpt>
			<trkpt lat="39.64324" lon="21.19118">
				<ele>1135.39</ele>
				<time>2026-08-06T18:41:34.637Z</time>
			</trkpt>
			<trkpt lat="39.64316" lon="21.19074">
				<ele>1135.69</ele>
				<time>2026-08-06T18:41:38.940Z</time>
			</trkpt>
			<trkpt lat="39.64308" lon="21.1904">
				<ele>1131.3</ele>
				<time>2026-08-06T18:41:42.338Z</time>
			</trkpt>
			<trkpt lat="39.64314" lon="21.18977">
				<ele>1133.11</ele>
				<time>2026-08-06T18:41:48.434Z</time>
			</trkpt>
			<trkpt lat="39.64321" lon="21.18939">
				<ele>1133.55</ele>
				<time>2026-08-06T18:41:52.205Z</time>
			</trkpt>
			<trkpt lat="39.64326" lon="21.18884">
				<ele>1135.34</ele>
				<time>2026-08-06T18:41:57.573Z</time>
			</trkpt>
			<trkpt lat="39.64341" lon="21.18834">
				<ele>1143.41</ele>
				<time>2026-08-06T18:42:02.801Z</time>
			</trkpt>
			<trkpt lat="39.64352" lon="21.18806">
				<ele>1150.37</ele>
				<time>2026-08-06T18:42:05.876Z</time>
			</trkpt>
			<trkpt lat="39.64352" lon="21.1878">
				<ele>1150.52</ele>
				<time>2026-08-06T18:42:08.425Z</time>
			</trkpt>
			<trkpt lat="39.64349" lon="21.1875">
				<ele>1147.48</ele>
				<time>2026-08-06T18:42:11.400Z</time>
			</trkpt>
			<trkpt lat="39.64342" lon="21.18729">
				<ele>1143.63</ele>
				<time>2026-08-06T18:42:13.655Z</time>
			</trkpt>
			<trkpt lat="39.64333" lon="21.18714">
				<ele>1141.42</ele>
				<time>2026-08-06T18:42:15.532Z</time>
			</trkpt>
			<trkpt lat="39.64312" lon="21.18685">
				<ele>1147.2</ele>
				<time>2026-08-06T18:42:19.473Z</time>
			</trkpt>
			<trkpt lat="39.6428" lon="21.18651">
				<ele>1160.38</ele>
				<time>2026-08-06T18:42:24.810Z</time>
			</trkpt>
			<trkpt lat="39.64272" lon="21.18644">
				<ele>1161.34</ele>
				<time>2026-08-06T18:42:26.058Z</time>
			</trkpt>
			<trkpt lat="39.6426" lon="21.18633">
				<ele>1163.54</ele>
				<time>2026-08-06T18:42:27.962Z</time>
			</trkpt>
			<trkpt lat="39.64237" lon="21.18631">
				<ele>1156.79</ele>
				<time>2026-08-06T18:42:30.956Z</time>
			</trkpt>
			<trkpt lat="39.64228" lon="21.18634">
				<ele>1151.4</ele>
				<time>2026-08-06T18:42:32.165Z</time>
			</trkpt>
			<trkpt lat="39.64222" lon="21.18631">
				<ele>1150.18</ele>
				<time>2026-08-06T18:42:33.003Z</time>
			</trkpt>
			<trkpt lat="39.64217" lon="21.18625">
				<ele>1152.18</ele>
				<time>2026-08-06T18:42:33.890Z</time>
			</trkpt>
			<trkpt lat="39.64207" lon="21.18609">
				<ele>1156.32</ele>
				<time>2026-08-06T18:42:35.961Z</time>
			</trkpt>
			<trkpt lat="39.64198" lon="21.18583">
				<ele>1159.65</ele>
				<time>2026-08-06T18:42:38.831Z</time>
			</trkpt>
			<trkpt lat="39.64192" lon="21.18556">
				<ele>1162.03</ele>
				<time>2026-08-06T18:42:41.667Z</time>
			</trkpt>
			<trkpt lat="39.64191" lon="21.18506">
				<ele>1167.04</ele>
				<time>2026-08-06T18:42:46.731Z</time>
			</trkpt>
			<trkpt lat="39.64185" lon="21.18487">
				<ele>1167.45</ele>
				<time>2026-08-06T18:42:48.816Z</time>
			</trkpt>
			<trkpt lat="39.64173" lon="21.18463">
				<ele>1169.11</ele>
				<time>2026-08-06T18:42:51.727Z</time>
			</trkpt>
			<trkpt lat="39.6416" lon="21.18441">
				<ele>1173.15</ele>
				<time>2026-08-06T18:42:54.554Z</time>
			</trkpt>
			<trkpt lat="39.64147" lon="21.1841">
				<ele>1177.4</ele>
				<time>2026-08-06T18:42:58.162Z</time>
			</trkpt>
			<trkpt lat="39.64132" lon="21.18386">
				<ele>1177.61</ele>
				<time>2026-08-06T18:43:01.330Z</time>
			</trkpt>
			<trkpt lat="39.64127" lon="21.18359">
				<ele>1178.81</ele>
				<time>2026-08-06T18:43:04.182Z</time>
			</trkpt>
			<trkpt lat="39.64118" lon="21.18335">
				<ele>1178.51</ele>
				<time>2026-08-06T18:43:06.929Z</time>
			</trkpt>
			<trkpt lat="39.64105" lon="21.18316">
				<ele>1176.39</ele>
				<time>2026-08-06T18:43:09.550Z</time>
			</trkpt>
			<trkpt lat="39.64101" lon="21.18303">
				<ele>1176.7</ele>
				<time>2026-08-06T18:43:10.996Z</time>
			</trkpt>
			<trkpt lat="39.641" lon="21.18289">
				<ele>1177.58</ele>
				<time>2026-08-06T18:43:12.450Z</time>
			</trkpt>
			<trkpt lat="39.64102" lon="21.18277">
				<ele>1178.75</ele>
				<time>2026-08-06T18:43:13.720Z</time>
			</trkpt>
			<trkpt lat="39.64115" lon="21.18243">
				<ele>1191.36</ele>
				<time>2026-08-06T18:43:17.656Z</time>
			</trkpt>
			<trkpt lat="39.64118" lon="21.18232">
				<ele>1195.04</ele>
				<time>2026-08-06T18:43:18.868Z</time>
			</trkpt>
			<trkpt lat="39.64117" lon="21.18223">
				<ele>1197.46</ele>
				<time>2026-08-06T18:43:19.813Z</time>
			</trkpt>
			<trkpt lat="39.64109" lon="21.18207">
				<ele>1200.58</ele>
				<time>2026-08-06T18:43:21.798Z</time>
			</trkpt>
			<trkpt lat="39.64097" lon="21.18196">
				<ele>1203.47</ele>
				<time>2026-08-06T18:43:23.786Z</time>
			</trkpt>
			<trkpt lat="39.64075" lon="21.18182">
				<ele>1205.05</ele>
				<time>2026-08-06T18:43:27.107Z</time>
			</trkpt>
			<trkpt lat="39.64035" lon="21.18171">
				<ele>1199.83</ele>
				<time>2026-08-06T18:43:32.666Z</time>
			</trkpt>
			<trkpt lat="39.64022" lon="21.18165">
				<ele>1197.69</ele>
				<time>2026-08-06T18:43:34.547Z</time>
			</trkpt>
			<trkpt lat="39.64014" lon="21.18158">
				<ele>1196.85</ele>
				<time>2026-08-06T18:43:35.863Z</time>
			</trkpt>
			<trkpt lat="39.64006" lon="21.18146">
				<ele>1196.89</ele>
				<time>2026-08-06T18:43:37.532Z</time>
			</trkpt>
			<trkpt lat="39.64003" lon="21.1813">
				<ele>1198.76</ele>
				<time>2026-08-06T18:43:39.266Z</time>
			</trkpt>
			<trkpt lat="39.64004" lon="21.18107">
				<ele>1202.19</ele>
				<time>2026-08-06T18:43:41.695Z</time>
			</trkpt>
			<trkpt lat="39.64012" lon="21.18073">
				<ele>1205.08</ele>
				<time>2026-08-06T18:43:45.452Z</time>
			</trkpt>
			<trkpt lat="39.64023" lon="21.18033">
				<ele>1208.51</ele>
				<time>2026-08-06T18:43:49.951Z</time>
			</trkpt>
			<trkpt lat="39.64034" lon="21.18002">
				<ele>1211.34</ele>
				<time>2026-08-06T18:43:53.576Z</time>
			</trkpt>
			<trkpt lat="39.64082" lon="21.17924">
				<ele>1230.72</ele>
				<time>2026-08-06T18:44:04.226Z</time>
			</trkpt>
			<trkpt lat="39.64103" lon="21.17894">
				<ele>1234.82</ele>
				<time>2026-08-06T18:44:08.570Z</time>
			</trkpt>
			<trkpt lat="39.64123" lon="21.17873">
				<ele>1239.38</ele>
				<time>2026-08-06T18:44:12.157Z</time>
			</trkpt>
			<trkpt lat="39.64126" lon="21.17862">
				<ele>1240.36</ele>
				<time>2026-08-06T18:44:13.412Z</time>
			</trkpt>
			<trkpt lat="39.64121" lon="21.1785">
				<ele>1242.91</ele>
				<time>2026-08-06T18:44:14.880Z</time>
			</trkpt>
			<trkpt lat="39.64103" lon="21.17847">
				<ele>1247.65</ele>
				<time>2026-08-06T18:44:17.419Z</time>
			</trkpt>
			<trkpt lat="39.64083" lon="21.17852">
				<ele>1249.02</ele>
				<time>2026-08-06T18:44:20.274Z</time>
			</trkpt>
			<trkpt lat="39.64061" lon="21.17864">
				<ele>1243.8</ele>
				<time>2026-08-06T18:44:23.624Z</time>
			</trkpt>
			<trkpt lat="39.64046" lon="21.17875">
				<ele>1240.1</ele>
				<time>2026-08-06T18:44:26.046Z</time>
			</trkpt>
			<trkpt lat="39.64028" lon="21.17882">
				<ele>1237.92</ele>
				<time>2026-08-06T18:44:28.691Z</time>
			</trkpt>
			<trkpt lat="39.64014" lon="21.17879">
				<ele>1239.71</ele>
				<time>2026-08-06T18:44:30.692Z</time>
			</trkpt>
			<trkpt lat="39.64" lon="21.17869">
				<ele>1244.13</ele>
				<time>2026-08-06T18:44:32.947Z</time>
			</trkpt>
			<trkpt lat="39.63989" lon="21.17869">
				<ele>1246.39</ele>
				<time>2026-08-06T18:44:34.501Z</time>
			</trkpt>
			<trkpt lat="39.63949" lon="21.17894">
				<ele>1242.75</ele>
				<time>2026-08-06T18:44:40.786Z</time>
			</trkpt>
			<trkpt lat="39.6394" lon="21.17894">
				<ele>1243.14</ele>
				<time>2026-08-06T18:44:42.063Z</time>
			</trkpt>
			<trkpt lat="39.63932" lon="21.1789">
				<ele>1244.63</ele>
				<time>2026-08-06T18:44:43.280Z</time>
			</trkpt>
			<trkpt lat="39.63916" lon="21.17868">
				<ele>1248.88</ele>
				<time>2026-08-06T18:44:46.592Z</time>
			</trkpt>
			<trkpt lat="39.63893" lon="21.1783">
				<ele>1253.83</ele>
				<time>2026-08-06T18:44:51.893Z</time>
			</trkpt>
			<trkpt lat="39.63885" lon="21.17812">
				<ele>1255.38</ele>
				<time>2026-08-06T18:44:54.177Z</time>
			</trkpt>
			<trkpt lat="39.63876" lon="21.17804">
				<ele>1254.86</ele>
				<time>2026-08-06T18:44:55.734Z</time>
			</trkpt>
			<trkpt lat="39.63867" lon="21.17802">
				<ele>1253.79</ele>
				<time>2026-08-06T18:44:57.040Z</time>
			</trkpt>
			<trkpt lat="39.63852" lon="21.17788">
				<ele>1254.56</ele>
				<time>2026-08-06T18:44:59.682Z</time>
			</trkpt>
			<trkpt lat="39.63847" lon="21.17773">
				<ele>1257.68</ele>
				<time>2026-08-06T18:45:01.485Z</time>
			</trkpt>
			<trkpt lat="39.63841" lon="21.17733">
				<ele>1269.43</ele>
				<time>2026-08-06T18:45:05.987Z</time>
			</trkpt>
			<trkpt lat="39.63829" lon="21.17706">
				<ele>1274.71</ele>
				<time>2026-08-06T18:45:09.437Z</time>
			</trkpt>
			<trkpt lat="39.63822" lon="21.17698">
				<ele>1274.69</ele>
				<time>2026-08-06T18:45:10.778Z</time>
			</trkpt>
			<trkpt lat="39.63807" lon="21.17688">
				<ele>1272.2</ele>
				<time>2026-08-06T18:45:13.206Z</time>
			</trkpt>
			<trkpt lat="39.63789" lon="21.17682">
				<ele>1265.8</ele>
				<time>2026-08-06T18:45:15.886Z</time>
			</trkpt>
			<trkpt lat="39.63782" lon="21.17668">
				<ele>1264.7</ele>
				<time>2026-08-06T18:45:17.741Z</time>
			</trkpt>
			<trkpt lat="39.63781" lon="21.17601">
				<ele>1270.36</ele>
				<time>2026-08-06T18:45:25.204Z</time>
			</trkpt>
			<trkpt lat="39.63789" lon="21.17575">
				<ele>1277.34</ele>
				<time>2026-08-06T18:45:28.329Z</time>
			</trkpt>
			<trkpt lat="39.63832" lon="21.17469">
				<ele>1288.55</ele>
				<time>2026-08-06T18:45:41.751Z</time>
			</trkpt>
			<trkpt lat="39.63835" lon="21.17442">
				<ele>1284.08</ele>
				<time>2026-08-06T18:45:44.817Z</time>
			</trkpt>
			<trkpt lat="39.63842" lon="21.17421">
				<ele>1284.44</ele>
				<time>2026-08-06T18:45:47.393Z</time>
			</trkpt>
			<trkpt lat="39.63855" lon="21.17407">
				<ele>1287</ele>
				<time>2026-08-06T18:45:49.863Z</time>
			</trkpt>
			<trkpt lat="39.63902" lon="21.17389">
				<ele>1311.7</ele>
				<time>2026-08-06T18:45:57.045Z</time>
			</trkpt>
			<trkpt lat="39.63909" lon="21.17374">
				<ele>1311.25</ele>
				<time>2026-08-06T18:45:59.028Z</time>
			</trkpt>
			<trkpt lat="39.63904" lon="21.1736">
				<ele>1305.8</ele>
				<time>2026-08-06T18:46:00.775Z</time>
			</trkpt>
			<trkpt lat="39.63889" lon="21.17347">
				<ele>1301.15</ele>
				<time>2026-08-06T18:46:03.427Z</time>
			</trkpt>
			<trkpt lat="39.6387" lon="21.17345">
				<ele>1299.89</ele>
				<time>2026-08-06T18:46:06.233Z</time>
			</trkpt>
			<trkpt lat="39.63822" lon="21.17345">
				<ele>1300.41</ele>
				<time>2026-08-06T18:46:13.312Z</time>
			</trkpt>
			<trkpt lat="39.63802" lon="21.17339">
				<ele>1304.56</ele>
				<time>2026-08-06T18:46:16.345Z</time>
			</trkpt>
			<trkpt lat="39.6373" lon="21.17363">
				<ele>1309.3</ele>
				<time>2026-08-06T18:46:27.355Z</time>
			</trkpt>
			<trkpt lat="39.63716" lon="21.17359">
				<ele>1312.85</ele>
				<time>2026-08-06T18:46:29.483Z</time>
			</trkpt>
			<trkpt lat="39.63715" lon="21.17347">
				<ele>1317.99</ele>
				<time>2026-08-06T18:46:30.864Z</time>
			</trkpt>
			<trkpt lat="39.63729" lon="21.17332">
				<ele>1322.41</ele>
				<time>2026-08-06T18:46:33.562Z</time>
			</trkpt>
			<trkpt lat="39.63787" lon="21.17284">
				<ele>1333.42</ele>
				<time>2026-08-06T18:46:43.807Z</time>
			</trkpt>
			<trkpt lat="39.63802" lon="21.17277">
				<ele>1333.76</ele>
				<time>2026-08-06T18:46:46.186Z</time>
			</trkpt>
			<trkpt lat="39.6383" lon="21.17275">
				<ele>1332.48</ele>
				<time>2026-08-06T18:46:50.376Z</time>
			</trkpt>
			<trkpt lat="39.63841" lon="21.17272">
				<ele>1332.85</ele>
				<time>2026-08-06T18:46:52.057Z</time>
			</trkpt>
			<trkpt lat="39.63869" lon="21.17253">
				<ele>1338.56</ele>
				<time>2026-08-06T18:46:56.787Z</time>
			</trkpt>
			<trkpt lat="39.63886" lon="21.17235">
				<ele>1340.52</ele>
				<time>2026-08-06T18:47:00.075Z</time>
			</trkpt>
			<trkpt lat="39.63905" lon="21.17223">
				<ele>1335.27</ele>
				<time>2026-08-06T18:47:03.244Z</time>
			</trkpt>
			<trkpt lat="39.6393" lon="21.17223">
				<ele>1325.53</ele>
				<time>2026-08-06T18:47:06.999Z</time>
			</trkpt>
			<trkpt lat="39.63936" lon="21.17221">
				<ele>1324.43</ele>
				<time>2026-08-06T18:47:07.930Z</time>
			</trkpt>
			<trkpt lat="39.63941" lon="21.17215">
				<ele>1326.36</ele>
				<time>2026-08-06T18:47:08.953Z</time>
			</trkpt>
			<trkpt lat="39.63942" lon="21.17206">
				<ele>1330.32</ele>
				<time>2026-08-06T18:47:10.006Z</time>
			</trkpt>
			<trkpt lat="39.63939" lon="21.17193">
				<ele>1337.52</ele>
				<time>2026-08-06T18:47:11.578Z</time>
			</trkpt>
			<trkpt lat="39.6393" lon="21.17189">
				<ele>1342.44</ele>
				<time>2026-08-06T18:47:13.010Z</time>
			</trkpt>
			<trkpt lat="39.63912" lon="21.1719">
				<ele>1349.45</ele>
				<time>2026-08-06T18:47:15.722Z</time>
			</trkpt>
			<trkpt lat="39.63893" lon="21.17198">
				<ele>1356.62</ele>
				<time>2026-08-06T18:47:18.732Z</time>
			</trkpt>
			<trkpt lat="39.6387" lon="21.17206">
				<ele>1356.17</ele>
				<time>2026-08-06T18:47:22.323Z</time>
			</trkpt>
			<trkpt lat="39.63843" lon="21.17212">
				<ele>1353.05</ele>
				<time>2026-08-06T18:47:26.459Z</time>
			</trkpt>
			<trkpt lat="39.63797" lon="21.17191">
				<ele>1362.9</ele>
				<time>2026-08-06T18:47:33.832Z</time>
			</trkpt>
			<trkpt lat="39.63776" lon="21.17187">
				<ele>1373.25</ele>
				<time>2026-08-06T18:47:37.045Z</time>
			</trkpt>
			<trkpt lat="39.63757" lon="21.17189">
				<ele>1378.49</ele>
				<time>2026-08-06T18:47:39.934Z</time>
			</trkpt>
			<trkpt lat="39.6374" lon="21.17199">
				<ele>1377.15</ele>
				<time>2026-08-06T18:47:42.763Z</time>
			</trkpt>
			<trkpt lat="39.63728" lon="21.17213">
				<ele>1370.97</ele>
				<time>2026-08-06T18:47:45.211Z</time>
			</trkpt>
			<trkpt lat="39.6371" lon="21.17226">
				<ele>1365.41</ele>
				<time>2026-08-06T18:47:48.338Z</time>
			</trkpt>
			<trkpt lat="39.63704" lon="21.17226">
				<ele>1365.45</ele>
				<time>2026-08-06T18:47:49.249Z</time>
			</trkpt>
			<trkpt lat="39.63694" lon="21.17223">
				<ele>1366.43</ele>
				<time>2026-08-06T18:47:50.809Z</time>
			</trkpt>
			<trkpt lat="39.63685" lon="21.17216">
				<ele>1372.72</ele>
				<time>2026-08-06T18:47:52.403Z</time>
			</trkpt>
			<trkpt lat="39.63661" lon="21.17211">
				<ele>1381.19</ele>
				<time>2026-08-06T18:47:56.100Z</time>
			</trkpt>
			<trkpt lat="39.63643" lon="21.17224">
				<ele>1377.33</ele>
				<time>2026-08-06T18:47:59.235Z</time>
			</trkpt>
			<trkpt lat="39.63602" lon="21.17248">
				<ele>1378.03</ele>
				<time>2026-08-06T18:48:06.087Z</time>
			</trkpt>
			<trkpt lat="39.63579" lon="21.17256">
				<ele>1383.49</ele>
				<time>2026-08-06T18:48:09.719Z</time>
			</trkpt>
			<trkpt lat="39.63563" lon="21.17255">
				<ele>1385.02</ele>
				<time>2026-08-06T18:48:12.164Z</time>
			</trkpt>
			<trkpt lat="39.63536" lon="21.1725">
				<ele>1385.14</ele>
				<time>2026-08-06T18:48:16.330Z</time>
			</trkpt>
			<trkpt lat="39.63512" lon="21.17235">
				<ele>1391.25</ele>
				<time>2026-08-06T18:48:20.402Z</time>
			</trkpt>
			<trkpt lat="39.63492" lon="21.17216">
				<ele>1397.6</ele>
				<time>2026-08-06T18:48:24.193Z</time>
			</trkpt>
			<trkpt lat="39.63471" lon="21.17186">
				<ele>1401.07</ele>
				<time>2026-08-06T18:48:28.973Z</time>
			</trkpt>
			<trkpt lat="39.63459" lon="21.17164">
				<ele>1405.36</ele>
				<time>2026-08-06T18:48:32.154Z</time>
			</trkpt>
			<trkpt lat="39.63439" lon="21.17111">
				<ele>1412.25</ele>
				<time>2026-08-06T18:48:39.124Z</time>
			</trkpt>
			<trkpt lat="39.63415" lon="21.17075">
				<ele>1419.13</ele>
				<time>2026-08-06T18:48:44.754Z</time>
			</trkpt>
			<trkpt lat="39.63407" lon="21.17067">
				<ele>1421.99</ele>
				<time>2026-08-06T18:48:46.305Z</time>
			</trkpt>
			<trkpt lat="39.63396" lon="21.17061">
				<ele>1422.96</ele>
				<time>2026-08-06T18:48:48.138Z</time>
			</trkpt>
			<trkpt lat="39.63369" lon="21.17043">
				<ele>1428.13</ele>
				<time>2026-08-06T18:48:52.804Z</time>
			</trkpt>
			<trkpt lat="39.63351" lon="21.1704">
				<ele>1428.34</ele>
				<time>2026-08-06T18:48:55.596Z</time>
			</trkpt>
			<trkpt lat="39.63338" lon="21.17045">
				<ele>1426.22</ele>
				<time>2026-08-06T18:48:57.682Z</time>
			</trkpt>
			<trkpt lat="39.63335" lon="21.17051">
				<ele>1424.23</ele>
				<time>2026-08-06T18:48:58.530Z</time>
			</trkpt>
			<trkpt lat="39.63329" lon="21.17066">
				<ele>1423.02</ele>
				<time>2026-08-06T18:49:00.534Z</time>
			</trkpt>
			<trkpt lat="39.63334" lon="21.1715">
				<ele>1414.61</ele>
				<time>2026-08-06T18:49:10.532Z</time>
			</trkpt>
			<trkpt lat="39.63324" lon="21.17172">
				<ele>1418.66</ele>
				<time>2026-08-06T18:49:13.566Z</time>
			</trkpt>
			<trkpt lat="39.63317" lon="21.17178">
				<ele>1420.61</ele>
				<time>2026-08-06T18:49:14.860Z</time>
			</trkpt>
			<trkpt lat="39.63311" lon="21.17179">
				<ele>1423.24</ele>
				<time>2026-08-06T18:49:15.793Z</time>
			</trkpt>
			<trkpt lat="39.63296" lon="21.17173">
				<ele>1428.95</ele>
				<time>2026-08-06T18:49:18.215Z</time>
			</trkpt>
			<trkpt lat="39.63259" lon="21.17146">
				<ele>1446.99</ele>
				<time>2026-08-06T18:49:24.769Z</time>
			</trkpt>
			<trkpt lat="39.63238" lon="21.17129">
				<ele>1454.58</ele>
				<time>2026-08-06T18:49:28.593Z</time>
			</trkpt>
			<trkpt lat="39.63216" lon="21.17106">
				<ele>1461.46</ele>
				<time>2026-08-06T18:49:32.959Z</time>
			</trkpt>
			<trkpt lat="39.63194" lon="21.17087">
				<ele>1466.36</ele>
				<time>2026-08-06T18:49:37.045Z</time>
			</trkpt>
			<trkpt lat="39.63187" lon="21.17085">
				<ele>1465.95</ele>
				<time>2026-08-06T18:49:38.154Z</time>
			</trkpt>
			<trkpt lat="39.63179" lon="21.17086">
				<ele>1464.22</ele>
				<time>2026-08-06T18:49:39.397Z</time>
			</trkpt>
			<trkpt lat="39.6317" lon="21.17091">
				<ele>1459.29</ele>
				<time>2026-08-06T18:49:40.912Z</time>
			</trkpt>
			<trkpt lat="39.63156" lon="21.17105">
				<ele>1450.58</ele>
				<time>2026-08-06T18:49:43.647Z</time>
			</trkpt>
			<trkpt lat="39.63153" lon="21.17113">
				<ele>1447.53</ele>
				<time>2026-08-06T18:49:44.708Z</time>
			</trkpt>
			<trkpt lat="39.63146" lon="21.17155">
				<ele>1433.17</ele>
				<time>2026-08-06T18:49:49.833Z</time>
			</trkpt>
			<trkpt lat="39.6314" lon="21.17159">
				<ele>1434.68</ele>
				<time>2026-08-06T18:49:50.877Z</time>
			</trkpt>
			<trkpt lat="39.63133" lon="21.17158">
				<ele>1437.62</ele>
				<time>2026-08-06T18:49:51.968Z</time>
			</trkpt>
			<trkpt lat="39.6313" lon="21.1715">
				<ele>1440.13</ele>
				<time>2026-08-06T18:49:53.030Z</time>
			</trkpt>
			<trkpt lat="39.6313" lon="21.1713">
				<ele>1445.15</ele>
				<time>2026-08-06T18:49:55.417Z</time>
			</trkpt>
			<trkpt lat="39.63133" lon="21.17112">
				<ele>1454.27</ele>
				<time>2026-08-06T18:49:57.615Z</time>
			</trkpt>
			<trkpt lat="39.63134" lon="21.17097">
				<ele>1460.2</ele>
				<time>2026-08-06T18:49:59.412Z</time>
			</trkpt>
			<trkpt lat="39.63133" lon="21.17082">
				<ele>1465.46</ele>
				<time>2026-08-06T18:50:01.210Z</time>
			</trkpt>
			<trkpt lat="39.63129" lon="21.17077">
				<ele>1466.36</ele>
				<time>2026-08-06T18:50:02.071Z</time>
			</trkpt>
			<trkpt lat="39.63124" lon="21.17079">
				<ele>1465</ele>
				<time>2026-08-06T18:50:02.882Z</time>
			</trkpt>
			<trkpt lat="39.63121" lon="21.17087">
				<ele>1462.35</ele>
				<time>2026-08-06T18:50:03.945Z</time>
			</trkpt>
			<trkpt lat="39.63113" lon="21.17127">
				<ele>1452.55</ele>
				<time>2026-08-06T18:50:08.881Z</time>
			</trkpt>
			<trkpt lat="39.63109" lon="21.17134">
				<ele>1453.08</ele>
				<time>2026-08-06T18:50:09.923Z</time>
			</trkpt>
			<trkpt lat="39.63104" lon="21.17136">
				<ele>1454.36</ele>
				<time>2026-08-06T18:50:10.734Z</time>
			</trkpt>
			<trkpt lat="39.63097" lon="21.17132">
				<ele>1457.33</ele>
				<time>2026-08-06T18:50:11.921Z</time>
			</trkpt>
			<trkpt lat="39.63096" lon="21.17117">
				<ele>1460.51</ele>
				<time>2026-08-06T18:50:13.720Z</time>
			</trkpt>
			<trkpt lat="39.63103" lon="21.17085">
				<ele>1464.38</ele>
				<time>2026-08-06T18:50:17.697Z</time>
			</trkpt>
			<trkpt lat="39.63102" lon="21.1705">
				<ele>1475.39</ele>
				<time>2026-08-06T18:50:21.884Z</time>
			</trkpt>
			<trkpt lat="39.63097" lon="21.17029">
				<ele>1482.13</ele>
				<time>2026-08-06T18:50:24.513Z</time>
			</trkpt>
			<trkpt lat="39.63098" lon="21.17021">
				<ele>1486.29</ele>
				<time>2026-08-06T18:50:25.482Z</time>
			</trkpt>
			<trkpt lat="39.63102" lon="21.17017">
				<ele>1488.58</ele>
				<time>2026-08-06T18:50:26.266Z</time>
			</trkpt>
			<trkpt lat="39.63106" lon="21.17015">
				<ele>1489.22</ele>
				<time>2026-08-06T18:50:26.932Z</time>
			</trkpt>
			<trkpt lat="39.63124" lon="21.17017">
				<ele>1486.76</ele>
				<time>2026-08-06T18:50:29.738Z</time>
			</trkpt>
			<trkpt lat="39.63142" lon="21.17022">
				<ele>1483.79</ele>
				<time>2026-08-06T18:50:32.597Z</time>
			</trkpt>
			<trkpt lat="39.63148" lon="21.17021">
				<ele>1484.21</ele>
				<time>2026-08-06T18:50:33.537Z</time>
			</trkpt>
			<trkpt lat="39.63155" lon="21.17017">
				<ele>1486.35</ele>
				<time>2026-08-06T18:50:34.725Z</time>
			</trkpt>
			<trkpt lat="39.63158" lon="21.17008">
				<ele>1490.46</ele>
				<time>2026-08-06T18:50:35.899Z</time>
			</trkpt>
			<trkpt lat="39.63159" lon="21.16999">
				<ele>1494.75</ele>
				<time>2026-08-06T18:50:36.987Z</time>
			</trkpt>
			<trkpt lat="39.63158" lon="21.16991">
				<ele>1498.63</ele>
				<time>2026-08-06T18:50:37.957Z</time>
			</trkpt>
			<trkpt lat="39.63153" lon="21.16984">
				<ele>1501.03</ele>
				<time>2026-08-06T18:50:39.099Z</time>
			</trkpt>
			<trkpt lat="39.63145" lon="21.16979">
				<ele>1501.68</ele>
				<time>2026-08-06T18:50:40.479Z</time>
			</trkpt>
			<trkpt lat="39.63107" lon="21.16971">
				<ele>1512.3</ele>
				<time>2026-08-06T18:50:46.462Z</time>
			</trkpt>
			<trkpt lat="39.631" lon="21.16968">
				<ele>1514.78</ele>
				<time>2026-08-06T18:50:47.608Z</time>
			</trkpt>
			<trkpt lat="39.6307" lon="21.16949">
				<ele>1516.94</ele>
				<time>2026-08-06T18:50:52.797Z</time>
			</trkpt>
			<trkpt lat="39.63053" lon="21.16947">
				<ele>1516.34</ele>
				<time>2026-08-06T18:50:55.450Z</time>
			</trkpt>
			<trkpt lat="39.63037" lon="21.16954">
				<ele>1517.85</ele>
				<time>2026-08-06T18:50:58.075Z</time>
			</trkpt>
			<trkpt lat="39.63034" lon="21.16959">
				<ele>1516.77</ele>
				<time>2026-08-06T18:50:58.834Z</time>
			</trkpt>
			<trkpt lat="39.63032" lon="21.16967">
				<ele>1514.8</ele>
				<time>2026-08-06T18:50:59.842Z</time>
			</trkpt>
			<trkpt lat="39.63033" lon="21.17002">
				<ele>1505.13</ele>
				<time>2026-08-06T18:51:04.036Z</time>
			</trkpt>
			<trkpt lat="39.63031" lon="21.17018">
				<ele>1504.33</ele>
				<time>2026-08-06T18:51:05.977Z</time>
			</trkpt>
			<trkpt lat="39.63023" lon="21.17026">
				<ele>1505.26</ele>
				<time>2026-08-06T18:51:07.547Z</time>
			</trkpt>
			<trkpt lat="39.63012" lon="21.17024">
				<ele>1506.19</ele>
				<time>2026-08-06T18:51:09.275Z</time>
			</trkpt>
			<trkpt lat="39.63003" lon="21.17019">
				<ele>1508.35</ele>
				<time>2026-08-06T18:51:10.797Z</time>
			</trkpt>
			<trkpt lat="39.62994" lon="21.17008">
				<ele>1513.63</ele>
				<time>2026-08-06T18:51:12.719Z</time>
			</trkpt>
			<trkpt lat="39.62992" lon="21.16997">
				<ele>1517.51</ele>
				<time>2026-08-06T18:51:14.073Z</time>
			</trkpt>
			<trkpt lat="39.62998" lon="21.16982">
				<ele>1520.32</ele>
				<time>2026-08-06T18:51:16.097Z</time>
			</trkpt>
			<trkpt lat="39.63003" lon="21.16963">
				<ele>1523.72</ele>
				<time>2026-08-06T18:51:18.502Z</time>
			</trkpt>
			<trkpt lat="39.6301" lon="21.16934">
				<ele>1528.81</ele>
				<time>2026-08-06T18:51:22.142Z</time>
			</trkpt>
			<trkpt lat="39.63014" lon="21.16927">
				<ele>1529.29</ele>
				<time>2026-08-06T18:51:23.186Z</time>
			</trkpt>
			<trkpt lat="39.63021" lon="21.16922">
				<ele>1528.45</ele>
				<time>2026-08-06T18:51:24.428Z</time>
			</trkpt>
			<trkpt lat="39.63063" lon="21.16903">
				<ele>1531.22</ele>
				<time>2026-08-06T18:51:31.344Z</time>
			</trkpt>
			<trkpt lat="39.63076" lon="21.16905">
				<ele>1532.76</ele>
				<time>2026-08-06T18:51:33.380Z</time>
			</trkpt>
			<trkpt lat="39.63092" lon="21.1691">
				<ele>1531.8</ele>
				<time>2026-08-06T18:51:35.939Z</time>
			</trkpt>
			<trkpt lat="39.63103" lon="21.1691">
				<ele>1531.36</ele>
				<time>2026-08-06T18:51:37.649Z</time>
			</trkpt>
			<trkpt lat="39.63108" lon="21.16905">
				<ele>1533</ele>
				<time>2026-08-06T18:51:38.630Z</time>
			</trkpt>
			<trkpt lat="39.63121" lon="21.16885">
				<ele>1538.59</ele>
				<time>2026-08-06T18:51:41.764Z</time>
			</trkpt>
			<trkpt lat="39.63137" lon="21.16871">
				<ele>1537.17</ele>
				<time>2026-08-06T18:51:44.763Z</time>
			</trkpt>
			<trkpt lat="39.63143" lon="21.16863">
				<ele>1536.81</ele>
				<time>2026-08-06T18:51:46.100Z</time>
			</trkpt>
			<trkpt lat="39.6315" lon="21.16846">
				<ele>1536.82</ele>
				<time>2026-08-06T18:51:48.407Z</time>
			</trkpt>
			<trkpt lat="39.63152" lon="21.1683">
				<ele>1538.44</ele>
				<time>2026-08-06T18:51:50.348Z</time>
			</trkpt>
			<trkpt lat="39.63152" lon="21.16796">
				<ele>1545.51</ele>
				<time>2026-08-06T18:51:54.417Z</time>
			</trkpt>
			<trkpt lat="39.63163" lon="21.1674">
				<ele>1557.98</ele>
				<time>2026-08-06T18:52:01.333Z</time>
			</trkpt>
			<trkpt lat="39.63177" lon="21.16695">
				<ele>1554.91</ele>
				<time>2026-08-06T18:52:07.138Z</time>
			</trkpt>
			<trkpt lat="39.63193" lon="21.16639">
				<ele>1575.64</ele>
				<time>2026-08-06T18:52:14.281Z</time>
			</trkpt>
			<trkpt lat="39.63189" lon="21.16627">
				<ele>1588.2</ele>
				<time>2026-08-06T18:52:15.844Z</time>
			</trkpt>
			<trkpt lat="39.6318" lon="21.16627">
				<ele>1593.43</ele>
				<time>2026-08-06T18:52:17.241Z</time>
			</trkpt>
			<trkpt lat="39.63163" lon="21.16667">
				<ele>1571.49</ele>
				<time>2026-08-06T18:52:22.701Z</time>
			</trkpt>
			<trkpt lat="39.63119" lon="21.16758">
				<ele>1570.5</ele>
				<time>2026-08-06T18:52:35.534Z</time>
			</trkpt>
			<trkpt lat="39.63106" lon="21.1677">
				<ele>1573.9</ele>
				<time>2026-08-06T18:52:38.006Z</time>
			</trkpt>
			<trkpt lat="39.63088" lon="21.16798">
				<ele>1574.27</ele>
				<time>2026-08-06T18:52:42.358Z</time>
			</trkpt>
			<trkpt lat="39.6308" lon="21.16808">
				<ele>1573.53</ele>
				<time>2026-08-06T18:52:44.078Z</time>
			</trkpt>
			<trkpt lat="39.63073" lon="21.16813">
				<ele>1572.33</ele>
				<time>2026-08-06T18:52:45.316Z</time>
			</trkpt>
			<trkpt lat="39.63055" lon="21.16815">
				<ele>1575.03</ele>
				<time>2026-08-06T18:52:48.113Z</time>
			</trkpt>
			<trkpt lat="39.63049" lon="21.16814">
				<ele>1575.2</ele>
				<time>2026-08-06T18:52:49.050Z</time>
			</trkpt>
			<trkpt lat="39.63034" lon="21.16802">
				<ele>1577.82</ele>
				<time>2026-08-06T18:52:51.777Z</time>
			</trkpt>
			<trkpt lat="39.63015" lon="21.16785">
				<ele>1580.14</ele>
				<time>2026-08-06T18:52:55.347Z</time>
			</trkpt>
			<trkpt lat="39.63008" lon="21.1678">
				<ele>1580.84</ele>
				<time>2026-08-06T18:52:56.583Z</time>
			</trkpt>
			<trkpt lat="39.6299" lon="21.16773">
				<ele>1588.02</ele>
				<time>2026-08-06T18:52:59.489Z</time>
			</trkpt>
			<trkpt lat="39.6296" lon="21.16768">
				<ele>1602.12</ele>
				<time>2026-08-06T18:53:04.165Z</time>
			</trkpt>
			<trkpt lat="39.62933" lon="21.16765">
				<ele>1608.98</ele>
				<time>2026-08-06T18:53:08.352Z</time>
			</trkpt>
			<trkpt lat="39.62915" lon="21.16769">
				<ele>1608.59</ele>
				<time>2026-08-06T18:53:11.173Z</time>
			</trkpt>
			<trkpt lat="39.62881" lon="21.16779">
				<ele>1591.25</ele>
				<time>2026-08-06T18:53:16.555Z</time>
			</trkpt>
			<trkpt lat="39.6287" lon="21.1678">
				<ele>1589.44</ele>
				<time>2026-08-06T18:53:18.256Z</time>
			</trkpt>
			<trkpt lat="39.62852" lon="21.16777">
				<ele>1588.61</ele>
				<time>2026-08-06T18:53:21.056Z</time>
			</trkpt>
			<trkpt lat="39.62837" lon="21.16767">
				<ele>1591.08</ele>
				<time>2026-08-06T18:53:23.656Z</time>
			</trkpt>
			<trkpt lat="39.62831" lon="21.1676">
				<ele>1592.64</ele>
				<time>2026-08-06T18:53:24.900Z</time>
			</trkpt>
			<trkpt lat="39.62802" lon="21.16716">
				<ele>1601.63</ele>
				<time>2026-08-06T18:53:31.772Z</time>
			</trkpt>
			<trkpt lat="39.62741" lon="21.16634">
				<ele>1614.94</ele>
				<time>2026-08-06T18:53:45.280Z</time>
			</trkpt>
			<trkpt lat="39.62737" lon="21.16608">
				<ele>1627.83</ele>
				<time>2026-08-06T18:53:48.418Z</time>
			</trkpt>
			<trkpt lat="39.62737" lon="21.16588">
				<ele>1631.99</ele>
				<time>2026-08-06T18:53:50.783Z</time>
			</trkpt>
			<trkpt lat="39.62731" lon="21.16577">
				<ele>1636.39</ele>
				<time>2026-08-06T18:53:52.377Z</time>
			</trkpt>
			<trkpt lat="39.62715" lon="21.16571">
				<ele>1635.51</ele>
				<time>2026-08-06T18:53:54.933Z</time>
			</trkpt>
			<trkpt lat="39.62696" lon="21.16569">
				<ele>1632.8</ele>
				<time>2026-08-06T18:53:57.857Z</time>
			</trkpt>
			<trkpt lat="39.62679" lon="21.16557">
				<ele>1632.22</ele>
				<time>2026-08-06T18:54:00.824Z</time>
			</trkpt>
			<trkpt lat="39.62662" lon="21.16542">
				<ele>1632</ele>
				<time>2026-08-06T18:54:03.973Z</time>
			</trkpt>
			<trkpt lat="39.62637" lon="21.16489">
				<ele>1627.48</ele>
				<time>2026-08-06T18:54:11.301Z</time>
			</trkpt>
			<trkpt lat="39.62624" lon="21.16438">
				<ele>1641.15</ele>
				<time>2026-08-06T18:54:17.627Z</time>
			</trkpt>
			<trkpt lat="39.62607" lon="21.1641">
				<ele>1644.34</ele>
				<time>2026-08-06T18:54:21.820Z</time>
			</trkpt>
			<trkpt lat="39.62583" lon="21.16389">
				<ele>1635.95</ele>
				<time>2026-08-06T18:54:26.237Z</time>
			</trkpt>
			<trkpt lat="39.62562" lon="21.16379">
				<ele>1642.54</ele>
				<time>2026-08-06T18:54:29.647Z</time>
			</trkpt>
			<trkpt lat="39.62532" lon="21.16367">
				<ele>1648.82</ele>
				<time>2026-08-06T18:54:34.429Z</time>
			</trkpt>
			<trkpt lat="39.62471" lon="21.16348">
				<ele>1666.9</ele>
				<time>2026-08-06T18:54:43.969Z</time>
			</trkpt>
			<trkpt lat="39.62404" lon="21.16345">
				<ele>1657.33</ele>
				<time>2026-08-06T18:54:54.142Z</time>
			</trkpt>
			<trkpt lat="39.6237" lon="21.16318">
				<ele>1669.38</ele>
				<time>2026-08-06T18:55:00.178Z</time>
			</trkpt>
			<trkpt lat="39.6234" lon="21.16292">
				<ele>1676.44</ele>
				<time>2026-08-06T18:55:05.632Z</time>
			</trkpt>
			<trkpt lat="39.62309" lon="21.16277">
				<ele>1678.29</ele>
				<time>2026-08-06T18:55:10.629Z</time>
			</trkpt>
			<trkpt lat="39.62282" lon="21.16267">
				<ele>1680.46</ele>
				<time>2026-08-06T18:55:14.864Z</time>
			</trkpt>
			<trkpt lat="39.62237" lon="21.1626">
				<ele>1678.16</ele>
				<time>2026-08-06T18:55:21.689Z</time>
			</trkpt>
			<trkpt lat="39.62214" lon="21.16258">
				<ele>1682.37</ele>
				<time>2026-08-06T18:55:25.156Z</time>
			</trkpt>
			<trkpt lat="39.62205" lon="21.1626">
				<ele>1685.46</ele>
				<time>2026-08-06T18:55:26.528Z</time>
			</trkpt>
			<trkpt lat="39.62196" lon="21.16266">
				<ele>1688.43</ele>
				<time>2026-08-06T18:55:28.048Z</time>
			</trkpt>
			<trkpt lat="39.62186" lon="21.16279">
				<ele>1691.15</ele>
				<time>2026-08-06T18:55:30.173Z</time>
			</trkpt>
			<trkpt lat="39.62184" lon="21.16299">
				<ele>1692.96</ele>
				<time>2026-08-06T18:55:32.504Z</time>
			</trkpt>
			<trkpt lat="39.62193" lon="21.16315">
				<ele>1688.33</ele>
				<time>2026-08-06T18:55:34.792Z</time>
			</trkpt>
			<trkpt lat="39.62205" lon="21.16332">
				<ele>1680.63</ele>
				<time>2026-08-06T18:55:37.454Z</time>
			</trkpt>
			<trkpt lat="39.62254" lon="21.16387">
				<ele>1699.54</ele>
				<time>2026-08-06T18:55:47.141Z</time>
			</trkpt>
			<trkpt lat="39.62318" lon="21.16447">
				<ele>1682.27</ele>
				<time>2026-08-06T18:55:58.907Z</time>
			</trkpt>
			<trkpt lat="39.62352" lon="21.16469">
				<ele>1690.75</ele>
				<time>2026-08-06T18:56:04.554Z</time>
			</trkpt>
			<trkpt lat="39.62357" lon="21.16488">
				<ele>1699.11</ele>
				<time>2026-08-06T18:56:06.849Z</time>
			</trkpt>
			<trkpt lat="39.62411" lon="21.16516">
				<ele>1700.73</ele>
				<time>2026-08-06T18:56:15.463Z</time>
			</trkpt>
			<trkpt lat="39.62424" lon="21.16524">
				<ele>1700.91</ele>
				<time>2026-08-06T18:56:17.591Z</time>
			</trkpt>
			<trkpt lat="39.62439" lon="21.1654">
				<ele>1704.57</ele>
				<time>2026-08-06T18:56:20.459Z</time>
			</trkpt>
			<trkpt lat="39.62443" lon="21.16561">
				<ele>1710.15</ele>
				<time>2026-08-06T18:56:22.918Z</time>
			</trkpt>
			<trkpt lat="39.62443" lon="21.16623">
				<ele>1707.64</ele>
				<time>2026-08-06T18:56:29.954Z</time>
			</trkpt>
			<trkpt lat="39.62433" lon="21.16653">
				<ele>1707.78</ele>
				<time>2026-08-06T18:56:33.656Z</time>
			</trkpt>
			<trkpt lat="39.62415" lon="21.16664">
				<ele>1714.94</ele>
				<time>2026-08-06T18:56:36.577Z</time>
			</trkpt>
			<trkpt lat="39.62405" lon="21.16668">
				<ele>1715.34</ele>
				<time>2026-08-06T18:56:38.113Z</time>
			</trkpt>
			<trkpt lat="39.6239" lon="21.1667">
				<ele>1717.18</ele>
				<time>2026-08-06T18:56:40.324Z</time>
			</trkpt>
			<trkpt lat="39.62375" lon="21.16666">
				<ele>1722.63</ele>
				<time>2026-08-06T18:56:42.567Z</time>
			</trkpt>
			<trkpt lat="39.62344" lon="21.16652">
				<ele>1731.14</ele>
				<time>2026-08-06T18:56:47.368Z</time>
			</trkpt>
			<trkpt lat="39.62318" lon="21.16645">
				<ele>1732.96</ele>
				<time>2026-08-06T18:56:51.246Z</time>
			</trkpt>
			<trkpt lat="39.62302" lon="21.16639">
				<ele>1734.95</ele>
				<time>2026-08-06T18:56:53.674Z</time>
			</trkpt>
			<trkpt lat="39.62284" lon="21.16631">
				<ele>1737.7</ele>
				<time>2026-08-06T18:56:56.446Z</time>
			</trkpt>
			<trkpt lat="39.62273" lon="21.16629">
				<ele>1739.01</ele>
				<time>2026-08-06T18:56:58.063Z</time>
			</trkpt>
			<trkpt lat="39.62262" lon="21.16634">
				<ele>1738.43</ele>
				<time>2026-08-06T18:56:59.758Z</time>
			</trkpt>
			<trkpt lat="39.62237" lon="21.1666">
				<ele>1732.82</ele>
				<time>2026-08-06T18:57:04.411Z</time>
			</trkpt>
			<trkpt lat="39.62227" lon="21.16664">
				<ele>1734.17</ele>
				<time>2026-08-06T18:57:05.928Z</time>
			</trkpt>
			<trkpt lat="39.62216" lon="21.16663">
				<ele>1737.06</ele>
				<time>2026-08-06T18:57:07.527Z</time>
			</trkpt>
			<trkpt lat="39.62201" lon="21.16657">
				<ele>1742</ele>
				<time>2026-08-06T18:57:09.800Z</time>
			</trkpt>
			<trkpt lat="39.62164" lon="21.1663">
				<ele>1750.81</ele>
				<time>2026-08-06T18:57:15.936Z</time>
			</trkpt>
			<trkpt lat="39.62077" lon="21.16599">
				<ele>1761.38</ele>
				<time>2026-08-06T18:57:28.922Z</time>
			</trkpt>
			<trkpt lat="39.62064" lon="21.16596">
				<ele>1763.29</ele>
				<time>2026-08-06T18:57:30.816Z</time>
			</trkpt>
			<trkpt lat="39.62015" lon="21.16599">
				<ele>1769.46</ele>
				<time>2026-08-06T18:57:37.837Z</time>
			</trkpt>
			<trkpt lat="39.6199" lon="21.16603">
				<ele>1771.3</ele>
				<time>2026-08-06T18:57:41.433Z</time>
			</trkpt>
			<trkpt lat="39.61979" lon="21.16613">
				<ele>1770.99</ele>
				<time>2026-08-06T18:57:43.347Z</time>
			</trkpt>
			<trkpt lat="39.61974" lon="21.16636">
				<ele>1769.74</ele>
				<time>2026-08-06T18:57:45.969Z</time>
			</trkpt>
			<trkpt lat="39.61972" lon="21.16659">
				<ele>1765.47</ele>
				<time>2026-08-06T18:57:48.504Z</time>
			</trkpt>
			<trkpt lat="39.61965" lon="21.16684">
				<ele>1772.07</ele>
				<time>2026-08-06T18:57:51.414Z</time>
			</trkpt>
			<trkpt lat="39.61959" lon="21.16715">
				<ele>1783.75</ele>
				<time>2026-08-06T18:57:54.905Z</time>
			</trkpt>
			<trkpt lat="39.61948" lon="21.16733">
				<ele>1796.7</ele>
				<time>2026-08-06T18:57:57.411Z</time>
			</trkpt>
			<trkpt lat="39.61931" lon="21.1675">
				<ele>1798.44</ele>
				<time>2026-08-06T18:58:00.444Z</time>
			</trkpt>
			<trkpt lat="39.61916" lon="21.1676">
				<ele>1794.36</ele>
				<time>2026-08-06T18:58:02.824Z</time>
			</trkpt>
			<trkpt lat="39.61905" lon="21.16773">
				<ele>1791.93</ele>
				<time>2026-08-06T18:58:04.921Z</time>
			</trkpt>
			<trkpt lat="39.61904" lon="21.16806">
				<ele>1784.79</ele>
				<time>2026-08-06T18:58:08.502Z</time>
			</trkpt>
			<trkpt lat="39.61889" lon="21.16846">
				<ele>1784.57</ele>
				<time>2026-08-06T18:58:13.315Z</time>
			</trkpt>
			<trkpt lat="39.61883" lon="21.16865">
				<ele>1784.73</ele>
				<time>2026-08-06T18:58:15.532Z</time>
			</trkpt>
			<trkpt lat="39.61882" lon="21.16907">
				<ele>1786.31</ele>
				<time>2026-08-06T18:58:20.060Z</time>
			</trkpt>
			<trkpt lat="39.61875" lon="21.16936">
				<ele>1792.73</ele>
				<time>2026-08-06T18:58:23.327Z</time>
			</trkpt>
			<trkpt lat="39.61874" lon="21.16961">
				<ele>1794.71</ele>
				<time>2026-08-06T18:58:26.014Z</time>
			</trkpt>
			<trkpt lat="39.61883" lon="21.17013">
				<ele>1791.72</ele>
				<time>2026-08-06T18:58:31.721Z</time>
			</trkpt>
			<trkpt lat="39.61879" lon="21.17028">
				<ele>1791.33</ele>
				<time>2026-08-06T18:58:33.416Z</time>
			</trkpt>
			<trkpt lat="39.61869" lon="21.1703">
				<ele>1794.64</ele>
				<time>2026-08-06T18:58:34.818Z</time>
			</trkpt>
			<trkpt lat="39.61861" lon="21.17014">
				<ele>1798.32</ele>
				<time>2026-08-06T18:58:36.852Z</time>
			</trkpt>
			<trkpt lat="39.61847" lon="21.16979">
				<ele>1804.36</ele>
				<time>2026-08-06T18:58:41.049Z</time>
			</trkpt>
			<trkpt lat="39.61842" lon="21.16957">
				<ele>1809.34</ele>
				<time>2026-08-06T18:58:43.485Z</time>
			</trkpt>
			<trkpt lat="39.61841" lon="21.16923">
				<ele>1809.72</ele>
				<time>2026-08-06T18:58:47.092Z</time>
			</trkpt>
			<trkpt lat="39.61843" lon="21.16899">
				<ele>1802.59</ele>
				<time>2026-08-06T18:58:49.645Z</time>
			</trkpt>
			<trkpt lat="39.61839" lon="21.16879">
				<ele>1798.88</ele>
				<time>2026-08-06T18:58:51.828Z</time>
			</trkpt>
			<trkpt lat="39.61831" lon="21.16853">
				<ele>1800.55</ele>
				<time>2026-08-06T18:58:54.781Z</time>
			</trkpt>
			<trkpt lat="39.61817" lon="21.16825">
				<ele>1812.44</ele>
				<time>2026-08-06T18:58:58.294Z</time>
			</trkpt>
			<trkpt lat="39.61804" lon="21.16809">
				<ele>1809.78</ele>
				<time>2026-08-06T18:59:00.736Z</time>
			</trkpt>
			<trkpt lat="39.61794" lon="21.16794">
				<ele>1817.3</ele>
				<time>2026-08-06T18:59:02.816Z</time>
			</trkpt>
			<trkpt lat="39.61791" lon="21.1678">
				<ele>1820.36</ele>
				<time>2026-08-06T18:59:04.338Z</time>
			</trkpt>
			<trkpt lat="39.61797" lon="21.1676">
				<ele>1822.74</ele>
				<time>2026-08-06T18:59:06.584Z</time>
			</trkpt>
			<trkpt lat="39.61807" lon="21.16744">
				<ele>1824.77</ele>
				<time>2026-08-06T18:59:08.736Z</time>
			</trkpt>
			<trkpt lat="39.61819" lon="21.16731">
				<ele>1829.02</ele>
				<time>2026-08-06T18:59:10.852Z</time>
			</trkpt>
			<trkpt lat="39.61825" lon="21.16721">
				<ele>1829.91</ele>
				<time>2026-08-06T18:59:12.173Z</time>
			</trkpt>
			<trkpt lat="39.61828" lon="21.16712">
				<ele>1830.08</ele>
				<time>2026-08-06T18:59:13.193Z</time>
			</trkpt>
			<trkpt lat="39.61823" lon="21.16702">
				<ele>1832.28</ele>
				<time>2026-08-06T18:59:14.433Z</time>
			</trkpt>
			<trkpt lat="39.61811" lon="21.16706">
				<ele>1835.61</ele>
				<time>2026-08-06T18:59:16.104Z</time>
			</trkpt>
			<trkpt lat="39.61794" lon="21.16722">
				<ele>1839.64</ele>
				<time>2026-08-06T18:59:18.932Z</time>
			</trkpt>
			<trkpt lat="39.61759" lon="21.16767">
				<ele>1839.9</ele>
				<time>2026-08-06T18:59:25.543Z</time>
			</trkpt>
			<trkpt lat="39.61757" lon="21.16779">
				<ele>1837.11</ele>
				<time>2026-08-06T18:59:26.809Z</time>
			</trkpt>
			<trkpt lat="39.6176" lon="21.16794">
				<ele>1834.58</ele>
				<time>2026-08-06T18:59:28.405Z</time>
			</trkpt>
			<trkpt lat="39.61782" lon="21.16839">
				<ele>1829.34</ele>
				<time>2026-08-06T18:59:33.880Z</time>
			</trkpt>
			<trkpt lat="39.61788" lon="21.16859">
				<ele>1827.75</ele>
				<time>2026-08-06T18:59:36.078Z</time>
			</trkpt>
			<trkpt lat="39.6179" lon="21.16875">
				<ele>1829.88</ele>
				<time>2026-08-06T18:59:37.735Z</time>
			</trkpt>
			<trkpt lat="39.61789" lon="21.16899">
				<ele>1833.77</ele>
				<time>2026-08-06T18:59:40.189Z</time>
			</trkpt>
			<trkpt lat="39.61783" lon="21.16925">
				<ele>1838.37</ele>
				<time>2026-08-06T18:59:42.955Z</time>
			</trkpt>
			<trkpt lat="39.61773" lon="21.16955">
				<ele>1845.68</ele>
				<time>2026-08-06T18:59:46.278Z</time>
			</trkpt>
			<trkpt lat="39.61747" lon="21.17013">
				<ele>1856.98</ele>
				<time>2026-08-06T18:59:53.073Z</time>
			</trkpt>
			<trkpt lat="39.61731" lon="21.17064">
				<ele>1861.15</ele>
				<time>2026-08-06T18:59:58.620Z</time>
			</trkpt>
			<trkpt lat="39.6173" lon="21.17084">
				<ele>1859.92</ele>
				<time>2026-08-06T19:00:00.633Z</time>
			</trkpt>
			<trkpt lat="39.61737" lon="21.17106">
				<ele>1858.6</ele>
				<time>2026-08-06T19:00:03.019Z</time>
			</trkpt>
			<trkpt lat="39.61734" lon="21.17129">
				<ele>1853.21</ele>
				<time>2026-08-06T19:00:05.353Z</time>
			</trkpt>
			<trkpt lat="39.61733" lon="21.17148">
				<ele>1852.14</ele>
				<time>2026-08-06T19:00:07.255Z</time>
			</trkpt>
			<trkpt lat="39.61738" lon="21.17172">
				<ele>1859.54</ele>
				<time>2026-08-06T19:00:09.733Z</time>
			</trkpt>
			<trkpt lat="39.61737" lon="21.1719">
				<ele>1863.31</ele>
				<time>2026-08-06T19:00:11.529Z</time>
			</trkpt>
			<trkpt lat="39.6172" lon="21.17219">
				<ele>1862.08</ele>
				<time>2026-08-06T19:00:15.146Z</time>
			</trkpt>
			<trkpt lat="39.61698" lon="21.17247">
				<ele>1877.12</ele>
				<time>2026-08-06T19:00:19.103Z</time>
			</trkpt>
			<trkpt lat="39.61656" lon="21.17284">
				<ele>1891.07</ele>
				<time>2026-08-06T19:00:25.591Z</time>
			</trkpt>
			<trkpt lat="39.61618" lon="21.17305">
				<ele>1896.33</ele>
				<time>2026-08-06T19:00:30.842Z</time>
			</trkpt>
			<trkpt lat="39.61596" lon="21.17322">
				<ele>1899.5</ele>
				<time>2026-08-06T19:00:34.084Z</time>
			</trkpt>
			<trkpt lat="39.61584" lon="21.17325">
				<ele>1902.4</ele>
				<time>2026-08-06T19:00:35.628Z</time>
			</trkpt>
			<trkpt lat="39.61557" lon="21.17342">
				<ele>1904.03</ele>
				<time>2026-08-06T19:00:39.410Z</time>
			</trkpt>
			<trkpt lat="39.6153" lon="21.17366">
				<ele>1899.27</ele>
				<time>2026-08-06T19:00:43.518Z</time>
			</trkpt>
			<trkpt lat="39.61521" lon="21.17365">
				<ele>1897.08</ele>
				<time>2026-08-06T19:00:44.649Z</time>
			</trkpt>
			<trkpt lat="39.61514" lon="21.17361">
				<ele>1895.31</ele>
				<time>2026-08-06T19:00:45.605Z</time>
			</trkpt>
			<trkpt lat="39.61513" lon="21.17345">
				<ele>1896.1</ele>
				<time>2026-08-06T19:00:47.150Z</time>
			</trkpt>
			<trkpt lat="39.61514" lon="21.17335">
				<ele>1897.42</ele>
				<time>2026-08-06T19:00:48.120Z</time>
			</trkpt>
			<trkpt lat="39.61519" lon="21.17313">
				<ele>1898.64</ele>
				<time>2026-08-06T19:00:50.321Z</time>
			</trkpt>
			<trkpt lat="39.6153" lon="21.17284">
				<ele>1900.36</ele>
				<time>2026-08-06T19:00:53.414Z</time>
			</trkpt>
			<trkpt lat="39.61533" lon="21.17263">
				<ele>1899.26</ele>
				<time>2026-08-06T19:00:55.453Z</time>
			</trkpt>
			<trkpt lat="39.61537" lon="21.17195">
				<ele>1890.21</ele>
				<time>2026-08-06T19:01:01.934Z</time>
			</trkpt>
			<trkpt lat="39.61538" lon="21.17146">
				<ele>1883.2</ele>
				<time>2026-08-06T19:01:06.565Z</time>
			</trkpt>
			<trkpt lat="39.61543" lon="21.17126">
				<ele>1881.97</ele>
				<time>2026-08-06T19:01:08.544Z</time>
			</trkpt>
			<trkpt lat="39.61567" lon="21.17048">
				<ele>1883.23</ele>
				<time>2026-08-06T19:01:16.408Z</time>
			</trkpt>
			<trkpt lat="39.6157" lon="21.17032">
				<ele>1884.11</ele>
				<time>2026-08-06T19:01:17.941Z</time>
			</trkpt>
			<trkpt lat="39.61568" lon="21.17015">
				<ele>1883.91</ele>
				<time>2026-08-06T19:01:19.540Z</time>
			</trkpt>
			<trkpt lat="39.61566" lon="21.17009">
				<ele>1883.57</ele>
				<time>2026-08-06T19:01:20.147Z</time>
			</trkpt>
			<trkpt lat="39.61547" lon="21.16978">
				<ele>1880.86</ele>
				<time>2026-08-06T19:01:23.816Z</time>
			</trkpt>
			<trkpt lat="39.615" lon="21.16938">
				<ele>1877.64</ele>
				<time>2026-08-06T19:01:30.532Z</time>
			</trkpt>
			<trkpt lat="39.61483" lon="21.16917">
				<ele>1875.21</ele>
				<time>2026-08-06T19:01:33.321Z</time>
			</trkpt>
			<trkpt lat="39.61473" lon="21.16911">
				<ele>1873.1</ele>
				<time>2026-08-06T19:01:34.626Z</time>
			</trkpt>
			<trkpt lat="39.61463" lon="21.16909">
				<ele>1869.07</ele>
				<time>2026-08-06T19:01:35.824Z</time>
			</trkpt>
			<trkpt lat="39.61457" lon="21.16907">
				<ele>1866.86</ele>
				<time>2026-08-06T19:01:36.556Z</time>
			</trkpt>
			<trkpt lat="39.61434" lon="21.16895">
				<ele>1863.65</ele>
				<time>2026-08-06T19:01:39.479Z</time>
			</trkpt>
			<trkpt lat="39.61423" lon="21.16891">
				<ele>1863.03</ele>
				<time>2026-08-06T19:01:40.823Z</time>
			</trkpt>
			<trkpt lat="39.61346" lon="21.16884">
				<ele>1845.5</ele>
				<time>2026-08-06T19:01:49.843Z</time>
			</trkpt>
			<trkpt lat="39.61337" lon="21.16883">
				<ele>1842.84</ele>
				<time>2026-08-06T19:01:50.891Z</time>
			</trkpt>
			<trkpt lat="39.6133" lon="21.16879">
				<ele>1842.13</ele>
				<time>2026-08-06T19:01:51.778Z</time>
			</trkpt>
			<trkpt lat="39.61325" lon="21.16872">
				<ele>1842.76</ele>
				<time>2026-08-06T19:01:52.630Z</time>
			</trkpt>
			<trkpt lat="39.61322" lon="21.16864">
				<ele>1844.3</ele>
				<time>2026-08-06T19:01:53.423Z</time>
			</trkpt>
			<trkpt lat="39.61322" lon="21.16857">
				<ele>1845.46</ele>
				<time>2026-08-06T19:01:54.046Z</time>
			</trkpt>
			<trkpt lat="39.61323" lon="21.16848">
				<ele>1846.71</ele>
				<time>2026-08-06T19:01:54.855Z</time>
			</trkpt>
			<trkpt lat="39.61336" lon="21.16816">
				<ele>1855.55</ele>
				<time>2026-08-06T19:01:58.064Z</time>
			</trkpt>
			<trkpt lat="39.61348" lon="21.16778">
				<ele>1857.02</ele>
				<time>2026-08-06T19:02:01.690Z</time>
			</trkpt>
			<trkpt lat="39.61349" lon="21.16769">
				<ele>1856.44</ele>
				<time>2026-08-06T19:02:02.491Z</time>
			</trkpt>
			<trkpt lat="39.61345" lon="21.16732">
				<ele>1853.45</ele>
				<time>2026-08-06T19:02:05.770Z</time>
			</trkpt>
			<trkpt lat="39.61347" lon="21.16697">
				<ele>1855.86</ele>
				<time>2026-08-06T19:02:08.837Z</time>
			</trkpt>
			<trkpt lat="39.61349" lon="21.1667">
				<ele>1857.39</ele>
				<time>2026-08-06T19:02:11.198Z</time>
			</trkpt>
			<trkpt lat="39.61355" lon="21.16647">
				<ele>1856.07</ele>
				<time>2026-08-06T19:02:13.305Z</time>
			</trkpt>
			<trkpt lat="39.61356" lon="21.16639">
				<ele>1854.88</ele>
				<time>2026-08-06T19:02:14.007Z</time>
			</trkpt>
			<trkpt lat="39.61354" lon="21.16631">
				<ele>1851.06</ele>
				<time>2026-08-06T19:02:14.734Z</time>
			</trkpt>
			<trkpt lat="39.61344" lon="21.16617">
				<ele>1842.31</ele>
				<time>2026-08-06T19:02:16.383Z</time>
			</trkpt>
			<trkpt lat="39.6134" lon="21.16608">
				<ele>1839.25</ele>
				<time>2026-08-06T19:02:17.278Z</time>
			</trkpt>
			<trkpt lat="39.61338" lon="21.1659">
				<ele>1838.2</ele>
				<time>2026-08-06T19:02:18.843Z</time>
			</trkpt>
			<trkpt lat="39.61338" lon="21.16514">
				<ele>1840.15</ele>
				<time>2026-08-06T19:02:24.935Z</time>
			</trkpt>
			<trkpt lat="39.61356" lon="21.16435">
				<ele>1834.08</ele>
				<time>2026-08-06T19:02:31.675Z</time>
			</trkpt>
			<trkpt lat="39.61362" lon="21.1639">
				<ele>1829.06</ele>
				<time>2026-08-06T19:02:35.452Z</time>
			</trkpt>
			<trkpt lat="39.61371" lon="21.1636">
				<ele>1831.82</ele>
				<time>2026-08-06T19:02:38.129Z</time>
			</trkpt>
			<trkpt lat="39.61383" lon="21.16332">
				<ele>1837.66</ele>
				<time>2026-08-06T19:02:40.804Z</time>
			</trkpt>
			<trkpt lat="39.61388" lon="21.16316">
				<ele>1840.63</ele>
				<time>2026-08-06T19:02:42.250Z</time>
			</trkpt>
			<trkpt lat="39.61387" lon="21.16306">
				<ele>1840.5</ele>
				<time>2026-08-06T19:02:43.096Z</time>
			</trkpt>
			<trkpt lat="39.61382" lon="21.16302">
				<ele>1839.25</ele>
				<time>2026-08-06T19:02:43.735Z</time>
			</trkpt>
			<trkpt lat="39.61378" lon="21.16302">
				<ele>1838.04</ele>
				<time>2026-08-06T19:02:44.172Z</time>
			</trkpt>
			<trkpt lat="39.61344" lon="21.16311">
				<ele>1824.03</ele>
				<time>2026-08-06T19:02:47.963Z</time>
			</trkpt>
			<trkpt lat="39.61336" lon="21.16307">
				<ele>1821.05</ele>
				<time>2026-08-06T19:02:48.902Z</time>
			</trkpt>
			<trkpt lat="39.61328" lon="21.16294">
				<ele>1820.46</ele>
				<time>2026-08-06T19:02:50.308Z</time>
			</trkpt>
			<trkpt lat="39.61323" lon="21.16276">
				<ele>1821.79</ele>
				<time>2026-08-06T19:02:51.926Z</time>
			</trkpt>
			<trkpt lat="39.61319" lon="21.16268">
				<ele>1821.04</ele>
				<time>2026-08-06T19:02:52.733Z</time>
			</trkpt>
			<trkpt lat="39.61299" lon="21.16246">
				<ele>1814.91</ele>
				<time>2026-08-06T19:02:55.617Z</time>
			</trkpt>
			<trkpt lat="39.61297" lon="21.16242">
				<ele>1814.54</ele>
				<time>2026-08-06T19:02:56.021Z</time>
			</trkpt>
			<trkpt lat="39.61296" lon="21.16231">
				<ele>1814.96</ele>
				<time>2026-08-06T19:02:56.961Z</time>
			</trkpt>
			<trkpt lat="39.61303" lon="21.1617">
				<ele>1825.21</ele>
				<time>2026-08-06T19:03:02.197Z</time>
			</trkpt>
			<trkpt lat="39.61309" lon="21.16148">
				<ele>1829.65</ele>
				<time>2026-08-06T19:03:04.170Z</time>
			</trkpt>
			<trkpt lat="39.61311" lon="21.16133">
				<ele>1830.2</ele>
				<time>2026-08-06T19:03:05.453Z</time>
			</trkpt>
			<trkpt lat="39.6131" lon="21.16097">
				<ele>1825.97</ele>
				<time>2026-08-06T19:03:08.477Z</time>
			</trkpt>
			<trkpt lat="39.61311" lon="21.16084">
				<ele>1825.14</ele>
				<time>2026-08-06T19:03:09.570Z</time>
			</trkpt>
			<trkpt lat="39.6132" lon="21.1603">
				<ele>1824.52</ele>
				<time>2026-08-06T19:03:14.166Z</time>
			</trkpt>
			<trkpt lat="39.61321" lon="21.15979">
				<ele>1822.97</ele>
				<time>2026-08-06T19:03:18.375Z</time>
			</trkpt>
			<trkpt lat="39.6132" lon="21.15951">
				<ele>1821.3</ele>
				<time>2026-08-06T19:03:20.673Z</time>
			</trkpt>
			<trkpt lat="39.61308" lon="21.159">
				<ele>1809.01</ele>
				<time>2026-08-06T19:03:25.018Z</time>
			</trkpt>
			<trkpt lat="39.61308" lon="21.1587">
				<ele>1806.91</ele>
				<time>2026-08-06T19:03:27.447Z</time>
			</trkpt>
			<trkpt lat="39.61313" lon="21.15845">
				<ele>1807.77</ele>
				<time>2026-08-06T19:03:29.530Z</time>
			</trkpt>
			<trkpt lat="39.61318" lon="21.15832">
				<ele>1809.92</ele>
				<time>2026-08-06T19:03:30.698Z</time>
			</trkpt>
			<trkpt lat="39.61331" lon="21.15811">
				<ele>1813.33</ele>
				<time>2026-08-06T19:03:32.856Z</time>
			</trkpt>
			<trkpt lat="39.61368" lon="21.1576">
				<ele>1820.59</ele>
				<time>2026-08-06T19:03:38.428Z</time>
			</trkpt>
			<trkpt lat="39.61377" lon="21.15746">
				<ele>1819.72</ele>
				<time>2026-08-06T19:03:39.869Z</time>
			</trkpt>
			<trkpt lat="39.61388" lon="21.15718">
				<ele>1818.03</ele>
				<time>2026-08-06T19:03:42.343Z</time>
			</trkpt>
			<trkpt lat="39.61401" lon="21.1569">
				<ele>1820.07</ele>
				<time>2026-08-06T19:03:44.904Z</time>
			</trkpt>
			<trkpt lat="39.61421" lon="21.15637">
				<ele>1822.6</ele>
				<time>2026-08-06T19:03:49.495Z</time>
			</trkpt>
			<trkpt lat="39.61432" lon="21.15618">
				<ele>1826.37</ele>
				<time>2026-08-06T19:03:51.333Z</time>
			</trkpt>
			<trkpt lat="39.61452" lon="21.15593">
				<ele>1831.32</ele>
				<time>2026-08-06T19:03:54.108Z</time>
			</trkpt>
			<trkpt lat="39.61456" lon="21.15583">
				<ele>1829.76</ele>
				<time>2026-08-06T19:03:54.972Z</time>
			</trkpt>
			<trkpt lat="39.61459" lon="21.15566">
				<ele>1827.34</ele>
				<time>2026-08-06T19:03:56.307Z</time>
			</trkpt>
			<trkpt lat="39.61463" lon="21.15545">
				<ele>1826.06</ele>
				<time>2026-08-06T19:03:57.959Z</time>
			</trkpt>
			<trkpt lat="39.61463" lon="21.15512">
				<ele>1823.07</ele>
				<time>2026-08-06T19:04:00.468Z</time>
			</trkpt>
			<trkpt lat="39.61471" lon="21.15491">
				<ele>1824.7</ele>
				<time>2026-08-06T19:04:02.242Z</time>
			</trkpt>
			<trkpt lat="39.6149" lon="21.15458">
				<ele>1831.2</ele>
				<time>2026-08-06T19:04:05.347Z</time>
			</trkpt>
			<trkpt lat="39.61494" lon="21.15446">
				<ele>1832.33</ele>
				<time>2026-08-06T19:04:06.329Z</time>
			</trkpt>
			<trkpt lat="39.61493" lon="21.15438">
				<ele>1832.39</ele>
				<time>2026-08-06T19:04:06.937Z</time>
			</trkpt>
			<trkpt lat="39.6149" lon="21.1543">
				<ele>1830.93</ele>
				<time>2026-08-06T19:04:07.603Z</time>
			</trkpt>
			<trkpt lat="39.61484" lon="21.15425">
				<ele>1827.99</ele>
				<time>2026-08-06T19:04:08.295Z</time>
			</trkpt>
			<trkpt lat="39.61453" lon="21.15413">
				<ele>1812.58</ele>
				<time>2026-08-06T19:04:11.424Z</time>
			</trkpt>
			<trkpt lat="39.61442" lon="21.15404">
				<ele>1810.71</ele>
				<time>2026-08-06T19:04:12.676Z</time>
			</trkpt>
			<trkpt lat="39.61399" lon="21.1536">
				<ele>1816.31</ele>
				<time>2026-08-06T19:04:17.917Z</time>
			</trkpt>
			<trkpt lat="39.61377" lon="21.15334">
				<ele>1820.71</ele>
				<time>2026-08-06T19:04:20.742Z</time>
			</trkpt>
			<trkpt lat="39.61353" lon="21.15317">
				<ele>1815.69</ele>
				<time>2026-08-06T19:04:23.326Z</time>
			</trkpt>
			<trkpt lat="39.61347" lon="21.15311">
				<ele>1815.14</ele>
				<time>2026-08-06T19:04:24.039Z</time>
			</trkpt>
			<trkpt lat="39.61339" lon="21.15297">
				<ele>1815.02</ele>
				<time>2026-08-06T19:04:25.302Z</time>
			</trkpt>
			<trkpt lat="39.61337" lon="21.15286">
				<ele>1816.06</ele>
				<time>2026-08-06T19:04:26.119Z</time>
			</trkpt>
			<trkpt lat="39.6134" lon="21.1524">
				<ele>1817.06</ele>
				<time>2026-08-06T19:04:29.443Z</time>
			</trkpt>
			<trkpt lat="39.61337" lon="21.15182">
				<ele>1809.94</ele>
				<time>2026-08-06T19:04:33.599Z</time>
			</trkpt>
			<trkpt lat="39.61334" lon="21.15158">
				<ele>1808.33</ele>
				<time>2026-08-06T19:04:35.328Z</time>
			</trkpt>
			<trkpt lat="39.61324" lon="21.15137">
				<ele>1806.15</ele>
				<time>2026-08-06T19:04:37.078Z</time>
			</trkpt>
			<trkpt lat="39.61317" lon="21.15132">
				<ele>1806.01</ele>
				<time>2026-08-06T19:04:37.811Z</time>
			</trkpt>
			<trkpt lat="39.61299" lon="21.15127">
				<ele>1803.41</ele>
				<time>2026-08-06T19:04:39.496Z</time>
			</trkpt>
			<trkpt lat="39.6125" lon="21.15126">
				<ele>1797.34</ele>
				<time>2026-08-06T19:04:43.958Z</time>
			</trkpt>
			<trkpt lat="39.61199" lon="21.15137">
				<ele>1795.25</ele>
				<time>2026-08-06T19:04:48.625Z</time>
			</trkpt>
			<trkpt lat="39.61116" lon="21.15141">
				<ele>1789.4</ele>
				<time>2026-08-06T19:04:56.039Z</time>
			</trkpt>
			<trkpt lat="39.61095" lon="21.15141">
				<ele>1788.83</ele>
				<time>2026-08-06T19:04:57.898Z</time>
			</trkpt>
			<trkpt lat="39.61051" lon="21.15143">
				<ele>1782.05</ele>
				<time>2026-08-06T19:05:01.774Z</time>
			</trkpt>
			<trkpt lat="39.61042" lon="21.15145">
				<ele>1778.16</ele>
				<time>2026-08-06T19:05:02.575Z</time>
			</trkpt>
			<trkpt lat="39.61026" lon="21.15147">
				<ele>1772.57</ele>
				<time>2026-08-06T19:05:03.981Z</time>
			</trkpt>
			<trkpt lat="39.61013" lon="21.15144">
				<ele>1771.27</ele>
				<time>2026-08-06T19:05:05.134Z</time>
			</trkpt>
			<trkpt lat="39.61009" lon="21.15142">
				<ele>1771.05</ele>
				<time>2026-08-06T19:05:05.507Z</time>
			</trkpt>
			<trkpt lat="39.61003" lon="21.15131">
				<ele>1770.82</ele>
				<time>2026-08-06T19:05:06.411Z</time>
			</trkpt>
			<trkpt lat="39.60998" lon="21.15114">
				<ele>1770.63</ele>
				<time>2026-08-06T19:05:07.630Z</time>
			</trkpt>
			<trkpt lat="39.60996" lon="21.15095">
				<ele>1769.95</ele>
				<time>2026-08-06T19:05:08.911Z</time>
			</trkpt>
			<trkpt lat="39.61" lon="21.1506">
				<ele>1771.1</ele>
				<time>2026-08-06T19:05:11.267Z</time>
			</trkpt>
			<trkpt lat="39.60996" lon="21.15045">
				<ele>1771.76</ele>
				<time>2026-08-06T19:05:12.321Z</time>
			</trkpt>
			<trkpt lat="39.60989" lon="21.15037">
				<ele>1771.74</ele>
				<time>2026-08-06T19:05:13.123Z</time>
			</trkpt>
			<trkpt lat="39.60967" lon="21.15029">
				<ele>1769.22</ele>
				<time>2026-08-06T19:05:15.084Z</time>
			</trkpt>
			<trkpt lat="39.60956" lon="21.15029">
				<ele>1768.12</ele>
				<time>2026-08-06T19:05:16.026Z</time>
			</trkpt>
			<trkpt lat="39.60947" lon="21.15031">
				<ele>1766.79</ele>
				<time>2026-08-06T19:05:16.806Z</time>
			</trkpt>
			<trkpt lat="39.6094" lon="21.15035">
				<ele>1765.12</ele>
				<time>2026-08-06T19:05:17.459Z</time>
			</trkpt>
			<trkpt lat="39.60927" lon="21.15047">
				<ele>1761.75</ele>
				<time>2026-08-06T19:05:18.818Z</time>
			</trkpt>
			<trkpt lat="39.60909" lon="21.15052">
				<ele>1758.22</ele>
				<time>2026-08-06T19:05:20.383Z</time>
			</trkpt>
			<trkpt lat="39.60897" lon="21.15049">
				<ele>1755.23</ele>
				<time>2026-08-06T19:05:21.420Z</time>
			</trkpt>
			<trkpt lat="39.60888" lon="21.15043">
				<ele>1752.9</ele>
				<time>2026-08-06T19:05:22.276Z</time>
			</trkpt>
			<trkpt lat="39.60882" lon="21.15032">
				<ele>1751.59</ele>
				<time>2026-08-06T19:05:23.154Z</time>
			</trkpt>
			<trkpt lat="39.60882" lon="21.15021">
				<ele>1751.43</ele>
				<time>2026-08-06T19:05:23.870Z</time>
			</trkpt>
			<trkpt lat="39.609" lon="21.14993">
				<ele>1758.77</ele>
				<time>2026-08-06T19:05:26.235Z</time>
			</trkpt>
			<trkpt lat="39.60902" lon="21.14985">
				<ele>1760.5</ele>
				<time>2026-08-06T19:05:26.780Z</time>
			</trkpt>
			<trkpt lat="39.60898" lon="21.14961">
				<ele>1761.69</ele>
				<time>2026-08-06T19:05:28.366Z</time>
			</trkpt>
			<trkpt lat="39.60891" lon="21.14945">
				<ele>1760.82</ele>
				<time>2026-08-06T19:05:29.552Z</time>
			</trkpt>
			<trkpt lat="39.60881" lon="21.14934">
				<ele>1758.42</ele>
				<time>2026-08-06T19:05:30.646Z</time>
			</trkpt>
			<trkpt lat="39.60869" lon="21.14924">
				<ele>1754.54</ele>
				<time>2026-08-06T19:05:31.835Z</time>
			</trkpt>
			<trkpt lat="39.60838" lon="21.14902">
				<ele>1749.1</ele>
				<time>2026-08-06T19:05:34.769Z</time>
			</trkpt>
			<trkpt lat="39.60805" lon="21.14885">
				<ele>1744.82</ele>
				<time>2026-08-06T19:05:37.703Z</time>
			</trkpt>
			<trkpt lat="39.60772" lon="21.1486">
				<ele>1739.87</ele>
				<time>2026-08-06T19:05:40.846Z</time>
			</trkpt>
			<trkpt lat="39.60735" lon="21.14837">
				<ele>1733.13</ele>
				<time>2026-08-06T19:05:44.203Z</time>
			</trkpt>
			<trkpt lat="39.6072" lon="21.14824">
				<ele>1729.08</ele>
				<time>2026-08-06T19:05:45.673Z</time>
			</trkpt>
			<trkpt lat="39.60701" lon="21.14795">
				<ele>1721.52</ele>
				<time>2026-08-06T19:05:48.056Z</time>
			</trkpt>
			<trkpt lat="39.60697" lon="21.14783">
				<ele>1720.02</ele>
				<time>2026-08-06T19:05:48.873Z</time>
			</trkpt>
			<trkpt lat="39.60693" lon="21.14758">
				<ele>1718.5</ele>
				<time>2026-08-06T19:05:50.464Z</time>
			</trkpt>
			<trkpt lat="39.60693" lon="21.14744">
				<ele>1718.81</ele>
				<time>2026-08-06T19:05:51.335Z</time>
			</trkpt>
			<trkpt lat="39.60693" lon="21.14717">
				<ele>1719.97</ele>
				<time>2026-08-06T19:05:53.012Z</time>
			</trkpt>
			<trkpt lat="39.60692" lon="21.14709">
				<ele>1719.68</ele>
				<time>2026-08-06T19:05:53.515Z</time>
			</trkpt>
			<trkpt lat="39.60682" lon="21.14682">
				<ele>1715.31</ele>
				<time>2026-08-06T19:05:55.369Z</time>
			</trkpt>
			<trkpt lat="39.60679" lon="21.14673">
				<ele>1713.32</ele>
				<time>2026-08-06T19:05:55.975Z</time>
			</trkpt>
			<trkpt lat="39.60678" lon="21.1463">
				<ele>1705.6</ele>
				<time>2026-08-06T19:05:58.626Z</time>
			</trkpt>
			<trkpt lat="39.60682" lon="21.14608">
				<ele>1703.9</ele>
				<time>2026-08-06T19:06:00.015Z</time>
			</trkpt>
			<trkpt lat="39.60702" lon="21.14561">
				<ele>1716.73</ele>
				<time>2026-08-06T19:06:03.303Z</time>
			</trkpt>
			<trkpt lat="39.60705" lon="21.14546">
				<ele>1716.72</ele>
				<time>2026-08-06T19:06:04.250Z</time>
			</trkpt>
			<trkpt lat="39.60706" lon="21.14516">
				<ele>1711.16</ele>
				<time>2026-08-06T19:06:06.080Z</time>
			</trkpt>
			<trkpt lat="39.60702" lon="21.14495">
				<ele>1704.38</ele>
				<time>2026-08-06T19:06:07.395Z</time>
			</trkpt>
			<trkpt lat="39.60701" lon="21.14482">
				<ele>1699.16</ele>
				<time>2026-08-06T19:06:08.189Z</time>
			</trkpt>
			<trkpt lat="39.60703" lon="21.14471">
				<ele>1696.63</ele>
				<time>2026-08-06T19:06:08.874Z</time>
			</trkpt>
			<trkpt lat="39.60713" lon="21.14452">
				<ele>1698.07</ele>
				<time>2026-08-06T19:06:10.268Z</time>
			</trkpt>
			<trkpt lat="39.60735" lon="21.14421">
				<ele>1698.11</ele>
				<time>2026-08-06T19:06:12.815Z</time>
			</trkpt>
			<trkpt lat="39.60762" lon="21.144">
				<ele>1704.95</ele>
				<time>2026-08-06T19:06:15.276Z</time>
			</trkpt>
			<trkpt lat="39.60849" lon="21.14354">
				<ele>1707.73</ele>
				<time>2026-08-06T19:06:22.574Z</time>
			</trkpt>
			<trkpt lat="39.60928" lon="21.14321">
				<ele>1695.34</ele>
				<time>2026-08-06T19:06:28.969Z</time>
			</trkpt>
			<trkpt lat="39.60982" lon="21.14281">
				<ele>1689.23</ele>
				<time>2026-08-06T19:06:33.731Z</time>
			</trkpt>
			<trkpt lat="39.61029" lon="21.14241">
				<ele>1678.72</ele>
				<time>2026-08-06T19:06:38.014Z</time>
			</trkpt>
			<trkpt lat="39.61073" lon="21.142">
				<ele>1678.84</ele>
				<time>2026-08-06T19:06:42.126Z</time>
			</trkpt>
			<trkpt lat="39.61121" lon="21.14161">
				<ele>1678.69</ele>
				<time>2026-08-06T19:06:46.407Z</time>
			</trkpt>
			<trkpt lat="39.61138" lon="21.14139">
				<ele>1670.4</ele>
				<time>2026-08-06T19:06:48.217Z</time>
			</trkpt>
			<trkpt lat="39.61175" lon="21.14075">
				<ele>1653.94</ele>
				<time>2026-08-06T19:06:52.853Z</time>
			</trkpt>
			<trkpt lat="39.61194" lon="21.14055">
				<ele>1653.06</ele>
				<time>2026-08-06T19:06:54.688Z</time>
			</trkpt>
			<trkpt lat="39.61199" lon="21.14048">
				<ele>1656.02</ele>
				<time>2026-08-06T19:06:55.239Z</time>
			</trkpt>
			<trkpt lat="39.61201" lon="21.14041">
				<ele>1657.43</ele>
				<time>2026-08-06T19:06:55.670Z</time>
			</trkpt>
			<trkpt lat="39.612" lon="21.14023">
				<ele>1658.78</ele>
				<time>2026-08-06T19:06:56.711Z</time>
			</trkpt>
			<trkpt lat="39.61197" lon="21.14015">
				<ele>1658.23</ele>
				<time>2026-08-06T19:06:57.224Z</time>
			</trkpt>
			<trkpt lat="39.61177" lon="21.13983">
				<ele>1655.4</ele>
				<time>2026-08-06T19:06:59.598Z</time>
			</trkpt>
			<trkpt lat="39.61172" lon="21.1396">
				<ele>1653.19</ele>
				<time>2026-08-06T19:07:00.972Z</time>
			</trkpt>
			<trkpt lat="39.61172" lon="21.13936">
				<ele>1651.43</ele>
				<time>2026-08-06T19:07:02.352Z</time>
			</trkpt>
			<trkpt lat="39.61173" lon="21.13929">
				<ele>1651.24</ele>
				<time>2026-08-06T19:07:02.760Z</time>
			</trkpt>
			<trkpt lat="39.61193" lon="21.13906">
				<ele>1652.35</ele>
				<time>2026-08-06T19:07:04.751Z</time>
			</trkpt>
			<trkpt lat="39.61216" lon="21.13881">
				<ele>1647.04</ele>
				<time>2026-08-06T19:07:06.984Z</time>
			</trkpt>
			<trkpt lat="39.61233" lon="21.13852">
				<ele>1640.64</ele>
				<time>2026-08-06T19:07:09.070Z</time>
			</trkpt>
			<trkpt lat="39.61256" lon="21.13823">
				<ele>1637.74</ele>
				<time>2026-08-06T19:07:11.450Z</time>
			</trkpt>
			<trkpt lat="39.61266" lon="21.13807">
				<ele>1636.8</ele>
				<time>2026-08-06T19:07:12.628Z</time>
			</trkpt>
			<trkpt lat="39.6132" lon="21.13678">
				<ele>1623.8</ele>
				<time>2026-08-06T19:07:21.000Z</time>
			</trkpt>
			<trkpt lat="39.61335" lon="21.13613">
				<ele>1624.83</ele>
				<time>2026-08-06T19:07:24.862Z</time>
			</trkpt>
			<trkpt lat="39.61379" lon="21.13549">
				<ele>1627.41</ele>
				<time>2026-08-06T19:07:29.738Z</time>
			</trkpt>
			<trkpt lat="39.61384" lon="21.13532">
				<ele>1626.2</ele>
				<time>2026-08-06T19:07:30.772Z</time>
			</trkpt>
			<trkpt lat="39.61386" lon="21.13391">
				<ele>1614.66</ele>
				<time>2026-08-06T19:07:38.780Z</time>
			</trkpt>
			<trkpt lat="39.61389" lon="21.13354">
				<ele>1610.61</ele>
				<time>2026-08-06T19:07:40.893Z</time>
			</trkpt>
			<trkpt lat="39.61401" lon="21.13317">
				<ele>1608.01</ele>
				<time>2026-08-06T19:07:43.172Z</time>
			</trkpt>
			<trkpt lat="39.61405" lon="21.13296">
				<ele>1605.92</ele>
				<time>2026-08-06T19:07:44.401Z</time>
			</trkpt>
			<trkpt lat="39.61404" lon="21.13291">
				<ele>1605.27</ele>
				<time>2026-08-06T19:07:44.694Z</time>
			</trkpt>
			<trkpt lat="39.61401" lon="21.13289">
				<ele>1604.89</ele>
				<time>2026-08-06T19:07:44.942Z</time>
			</trkpt>
			<trkpt lat="39.61395" lon="21.13289">
				<ele>1604.81</ele>
				<time>2026-08-06T19:07:45.385Z</time>
			</trkpt>
			<trkpt lat="39.61383" lon="21.13306">
				<ele>1606.23</ele>
				<time>2026-08-06T19:07:46.694Z</time>
			</trkpt>
			<trkpt lat="39.61364" lon="21.13347">
				<ele>1606.02</ele>
				<time>2026-08-06T19:07:49.413Z</time>
			</trkpt>
			<trkpt lat="39.61343" lon="21.13406">
				<ele>1602.77</ele>
				<time>2026-08-06T19:07:53.107Z</time>
			</trkpt>
			<trkpt lat="39.61319" lon="21.13448">
				<ele>1599.02</ele>
				<time>2026-08-06T19:07:56.082Z</time>
			</trkpt>
			<trkpt lat="39.61291" lon="21.13485">
				<ele>1592.13</ele>
				<time>2026-08-06T19:07:59.035Z</time>
			</trkpt>
			<trkpt lat="39.61266" lon="21.13508">
				<ele>1593.68</ele>
				<time>2026-08-06T19:08:01.302Z</time>
			</trkpt>
			<trkpt lat="39.6126" lon="21.1351">
				<ele>1594.18</ele>
				<time>2026-08-06T19:08:01.760Z</time>
			</trkpt>
			<trkpt lat="39.61254" lon="21.1351">
				<ele>1594.29</ele>
				<time>2026-08-06T19:08:02.205Z</time>
			</trkpt>
			<trkpt lat="39.61232" lon="21.13495">
				<ele>1587.28</ele>
				<time>2026-08-06T19:08:04.045Z</time>
			</trkpt>
			<trkpt lat="39.61209" lon="21.13477">
				<ele>1578.73</ele>
				<time>2026-08-06T19:08:06.036Z</time>
			</trkpt>
			<trkpt lat="39.61193" lon="21.13471">
				<ele>1578.97</ele>
				<time>2026-08-06T19:08:07.271Z</time>
			</trkpt>
			<trkpt lat="39.61184" lon="21.13472">
				<ele>1580.06</ele>
				<time>2026-08-06T19:08:07.941Z</time>
			</trkpt>
			<trkpt lat="39.61126" lon="21.13487">
				<ele>1576.81</ele>
				<time>2026-08-06T19:08:12.335Z</time>
			</trkpt>
			<trkpt lat="39.61117" lon="21.13492">
				<ele>1577.37</ele>
				<time>2026-08-06T19:08:13.064Z</time>
			</trkpt>
			<trkpt lat="39.61109" lon="21.13504">
				<ele>1577.93</ele>
				<time>2026-08-06T19:08:13.974Z</time>
			</trkpt>
			<trkpt lat="39.6111" lon="21.13519">
				<ele>1579.21</ele>
				<time>2026-08-06T19:08:14.838Z</time>
			</trkpt>
			<trkpt lat="39.61122" lon="21.13542">
				<ele>1581.04</ele>
				<time>2026-08-06T19:08:16.433Z</time>
			</trkpt>
			<trkpt lat="39.61122" lon="21.13553">
				<ele>1581.15</ele>
				<time>2026-08-06T19:08:17.065Z</time>
			</trkpt>
			<trkpt lat="39.61096" lon="21.1362">
				<ele>1570.89</ele>
				<time>2026-08-06T19:08:21.382Z</time>
			</trkpt>
			<trkpt lat="39.61076" lon="21.1366">
				<ele>1569.17</ele>
				<time>2026-08-06T19:08:24.133Z</time>
			</trkpt>
			<trkpt lat="39.61054" lon="21.13747">
				<ele>1561.52</ele>
				<time>2026-08-06T19:08:29.432Z</time>
			</trkpt>
			<trkpt lat="39.61045" lon="21.1376">
				<ele>1560.94</ele>
				<time>2026-08-06T19:08:30.446Z</time>
			</trkpt>
			<trkpt lat="39.61028" lon="21.13771">
				<ele>1558.21</ele>
				<time>2026-08-06T19:08:31.878Z</time>
			</trkpt>
			<trkpt lat="39.61009" lon="21.1378">
				<ele>1560.05</ele>
				<time>2026-08-06T19:08:33.405Z</time>
			</trkpt>
			<trkpt lat="39.60997" lon="21.13782">
				<ele>1560.18</ele>
				<time>2026-08-06T19:08:34.319Z</time>
			</trkpt>
			<trkpt lat="39.60991" lon="21.13774">
				<ele>1556.1</ele>
				<time>2026-08-06T19:08:34.970Z</time>
			</trkpt>
			<trkpt lat="39.60992" lon="21.13747">
				<ele>1550.41</ele>
				<time>2026-08-06T19:08:36.546Z</time>
			</trkpt>
			<trkpt lat="39.60992" lon="21.13704">
				<ele>1557.76</ele>
				<time>2026-08-06T19:08:39.058Z</time>
			</trkpt>
			<trkpt lat="39.60986" lon="21.13653">
				<ele>1549.78</ele>
				<time>2026-08-06T19:08:42.081Z</time>
			</trkpt>
			<trkpt lat="39.60986" lon="21.1363">
				<ele>1548.38</ele>
				<time>2026-08-06T19:08:43.431Z</time>
			</trkpt>
			<trkpt lat="39.60992" lon="21.13605">
				<ele>1551.05</ele>
				<time>2026-08-06T19:08:44.971Z</time>
			</trkpt>
			<trkpt lat="39.60988" lon="21.13552">
				<ele>1547.83</ele>
				<time>2026-08-06T19:08:48.110Z</time>
			</trkpt>
			<trkpt lat="39.6097" lon="21.13525">
				<ele>1540.75</ele>
				<time>2026-08-06T19:08:50.220Z</time>
			</trkpt>
			<trkpt lat="39.60964" lon="21.13508">
				<ele>1539.48</ele>
				<time>2026-08-06T19:08:51.328Z</time>
			</trkpt>
			<trkpt lat="39.60967" lon="21.13491">
				<ele>1538.97</ele>
				<time>2026-08-06T19:08:52.362Z</time>
			</trkpt>
			<trkpt lat="39.6099" lon="21.1343">
				<ele>1543.56</ele>
				<time>2026-08-06T19:08:56.400Z</time>
			</trkpt>
			<trkpt lat="39.60992" lon="21.13416">
				<ele>1544.12</ele>
				<time>2026-08-06T19:08:57.249Z</time>
			</trkpt>
			<trkpt lat="39.60983" lon="21.13355">
				<ele>1536.42</ele>
				<time>2026-08-06T19:09:00.963Z</time>
			</trkpt>
			<trkpt lat="39.60984" lon="21.13347">
				<ele>1534.9</ele>
				<time>2026-08-06T19:09:01.449Z</time>
			</trkpt>
			<trkpt lat="39.60988" lon="21.1334">
				<ele>1534.25</ele>
				<time>2026-08-06T19:09:01.972Z</time>
			</trkpt>
			<trkpt lat="39.61017" lon="21.13296">
				<ele>1534.64</ele>
				<time>2026-08-06T19:09:05.455Z</time>
			</trkpt>
			<trkpt lat="39.61024" lon="21.13286">
				<ele>1534.9</ele>
				<time>2026-08-06T19:09:06.269Z</time>
			</trkpt>
			<trkpt lat="39.61031" lon="21.13272">
				<ele>1534.71</ele>
				<time>2026-08-06T19:09:07.277Z</time>
			</trkpt>
			<trkpt lat="39.61031" lon="21.13265">
				<ele>1534.41</ele>
				<time>2026-08-06T19:09:07.700Z</time>
			</trkpt>
			<trkpt lat="39.61028" lon="21.13257">
				<ele>1533.51</ele>
				<time>2026-08-06T19:09:08.238Z</time>
			</trkpt>
			<trkpt lat="39.6102" lon="21.13246">
				<ele>1530.82</ele>
				<time>2026-08-06T19:09:09.154Z</time>
			</trkpt>
			<trkpt lat="39.60949" lon="21.13153">
				<ele>1522.85</ele>
				<time>2026-08-06T19:09:17.128Z</time>
			</trkpt>
			<trkpt lat="39.6091" lon="21.13119">
				<ele>1517.78</ele>
				<time>2026-08-06T19:09:20.873Z</time>
			</trkpt>
			<trkpt lat="39.609" lon="21.13104">
				<ele>1516.88</ele>
				<time>2026-08-06T19:09:22.096Z</time>
			</trkpt>
			<trkpt lat="39.60898" lon="21.13096">
				<ele>1516.01</ele>
				<time>2026-08-06T19:09:22.615Z</time>
			</trkpt>
			<trkpt lat="39.60899" lon="21.13087">
				<ele>1515.32</ele>
				<time>2026-08-06T19:09:23.176Z</time>
			</trkpt>
			<trkpt lat="39.60903" lon="21.13077">
				<ele>1515.09</ele>
				<time>2026-08-06T19:09:23.873Z</time>
			</trkpt>
			<trkpt lat="39.60919" lon="21.13041">
				<ele>1517.44</ele>
				<time>2026-08-06T19:09:26.448Z</time>
			</trkpt>
			<trkpt lat="39.60924" lon="21.13023">
				<ele>1520.16</ele>
				<time>2026-08-06T19:09:27.637Z</time>
			</trkpt>
			<trkpt lat="39.60922" lon="21.13012">
				<ele>1519.3</ele>
				<time>2026-08-06T19:09:28.341Z</time>
			</trkpt>
			<trkpt lat="39.60913" lon="21.13006">
				<ele>1516.7</ele>
				<time>2026-08-06T19:09:29.159Z</time>
			</trkpt>
			<trkpt lat="39.60895" lon="21.13003">
				<ele>1512.36</ele>
				<time>2026-08-06T19:09:30.629Z</time>
			</trkpt>
			<trkpt lat="39.60859" lon="21.13001">
				<ele>1507.62</ele>
				<time>2026-08-06T19:09:33.558Z</time>
			</trkpt>
			<trkpt lat="39.60846" lon="21.12999">
				<ele>1506.03</ele>
				<time>2026-08-06T19:09:34.626Z</time>
			</trkpt>
			<trkpt lat="39.60835" lon="21.12991">
				<ele>1504.7</ele>
				<time>2026-08-06T19:09:35.655Z</time>
			</trkpt>
			<trkpt lat="39.60826" lon="21.12982">
				<ele>1503.17</ele>
				<time>2026-08-06T19:09:36.585Z</time>
			</trkpt>
			<trkpt lat="39.60821" lon="21.1297">
				<ele>1502.43</ele>
				<time>2026-08-06T19:09:37.446Z</time>
			</trkpt>
			<trkpt lat="39.60817" lon="21.12928">
				<ele>1500.5</ele>
				<time>2026-08-06T19:09:40.124Z</time>
			</trkpt>
			<trkpt lat="39.60811" lon="21.12921">
				<ele>1498.3</ele>
				<time>2026-08-06T19:09:40.789Z</time>
			</trkpt>
			<trkpt lat="39.6079" lon="21.12911">
				<ele>1492.54</ele>
				<time>2026-08-06T19:09:42.635Z</time>
			</trkpt>
			<trkpt lat="39.60776" lon="21.12901">
				<ele>1490.9</ele>
				<time>2026-08-06T19:09:43.958Z</time>
			</trkpt>
			<trkpt lat="39.60768" lon="21.12892">
				<ele>1491.24</ele>
				<time>2026-08-06T19:09:44.835Z</time>
			</trkpt>
			<trkpt lat="39.60752" lon="21.12858">
				<ele>1496.45</ele>
				<time>2026-08-06T19:09:47.387Z</time>
			</trkpt>
			<trkpt lat="39.60744" lon="21.1285">
				<ele>1497.13</ele>
				<time>2026-08-06T19:09:48.229Z</time>
			</trkpt>
			<trkpt lat="39.60731" lon="21.12853">
				<ele>1494.71</ele>
				<time>2026-08-06T19:09:49.332Z</time>
			</trkpt>
			<trkpt lat="39.6072" lon="21.12859">
				<ele>1491.51</ele>
				<time>2026-08-06T19:09:50.330Z</time>
			</trkpt>
			<trkpt lat="39.60614" lon="21.12917">
				<ele>1486.78</ele>
				<time>2026-08-06T19:10:00.041Z</time>
			</trkpt>
			<trkpt lat="39.60576" lon="21.12935">
				<ele>1479.42</ele>
				<time>2026-08-06T19:10:03.496Z</time>
			</trkpt>
			<trkpt lat="39.6057" lon="21.12935">
				<ele>1479.73</ele>
				<time>2026-08-06T19:10:04.010Z</time>
			</trkpt>
			<trkpt lat="39.60547" lon="21.12924">
				<ele>1480.42</ele>
				<time>2026-08-06T19:10:06.115Z</time>
			</trkpt>
			<trkpt lat="39.60539" lon="21.12924">
				<ele>1478.96</ele>
				<time>2026-08-06T19:10:06.803Z</time>
			</trkpt>
			<trkpt lat="39.60484" lon="21.12939">
				<ele>1468.78</ele>
				<time>2026-08-06T19:10:11.666Z</time>
			</trkpt>
			<trkpt lat="39.60408" lon="21.12952">
				<ele>1460.66</ele>
				<time>2026-08-06T19:10:18.368Z</time>
			</trkpt>
			<trkpt lat="39.60357" lon="21.12974">
				<ele>1459.13</ele>
				<time>2026-08-06T19:10:23.115Z</time>
			</trkpt>
			<trkpt lat="39.60289" lon="21.13016">
				<ele>1454.15</ele>
				<time>2026-08-06T19:10:29.838Z</time>
			</trkpt>
			<trkpt lat="39.60277" lon="21.1303">
				<ele>1447.71</ele>
				<time>2026-08-06T19:10:31.289Z</time>
			</trkpt>
			<trkpt lat="39.60267" lon="21.13046">
				<ele>1439.41</ele>
				<time>2026-08-06T19:10:32.721Z</time>
			</trkpt>
			<trkpt lat="39.60199" lon="21.13077">
				<ele>1442.96</ele>
				<time>2026-08-06T19:10:39.270Z</time>
			</trkpt>
			<trkpt lat="39.60193" lon="21.13083">
				<ele>1442.17</ele>
				<time>2026-08-06T19:10:39.963Z</time>
			</trkpt>
			<trkpt lat="39.60156" lon="21.13144">
				<ele>1422.6</ele>
				<time>2026-08-06T19:10:45.467Z</time>
			</trkpt>
			<trkpt lat="39.60048" lon="21.1323">
				<ele>1420.94</ele>
				<time>2026-08-06T19:10:57.319Z</time>
			</trkpt>
			<trkpt lat="39.59986" lon="21.1325">
				<ele>1411.88</ele>
				<time>2026-08-06T19:11:03.398Z</time>
			</trkpt>
			<trkpt lat="39.5993" lon="21.13253">
				<ele>1410.23</ele>
				<time>2026-08-06T19:11:08.789Z</time>
			</trkpt>
			<trkpt lat="39.59823" lon="21.13292">
				<ele>1393.85</ele>
				<time>2026-08-06T19:11:19.648Z</time>
			</trkpt>
			<trkpt lat="39.59809" lon="21.13293">
				<ele>1391.78</ele>
				<time>2026-08-06T19:11:21.034Z</time>
			</trkpt>
			<trkpt lat="39.59775" lon="21.13285">
				<ele>1392.24</ele>
				<time>2026-08-06T19:11:24.465Z</time>
			</trkpt>
			<trkpt lat="39.59769" lon="21.13285">
				<ele>1393.4</ele>
				<time>2026-08-06T19:11:25.063Z</time>
			</trkpt>
			<trkpt lat="39.59703" lon="21.1333">
				<ele>1385.52</ele>
				<time>2026-08-06T19:11:32.554Z</time>
			</trkpt>
			<trkpt lat="39.59666" lon="21.13349">
				<ele>1376.3</ele>
				<time>2026-08-06T19:11:36.595Z</time>
			</trkpt>
			<trkpt lat="39.59624" lon="21.13362">
				<ele>1377.15</ele>
				<time>2026-08-06T19:11:41.017Z</time>
			</trkpt>
			<trkpt lat="39.59576" lon="21.1337">
				<ele>1373.58</ele>
				<time>2026-08-06T19:11:46.017Z</time>
			</trkpt>
			<trkpt lat="39.59534" lon="21.13374">
				<ele>1372.06</ele>
				<time>2026-08-06T19:11:50.407Z</time>
			</trkpt>
			<trkpt lat="39.59458" lon="21.13414">
				<ele>1362.91</ele>
				<time>2026-08-06T19:11:59.063Z</time>
			</trkpt>
			<trkpt lat="39.59427" lon="21.13424">
				<ele>1358.26</ele>
				<time>2026-08-06T19:12:02.472Z</time>
			</trkpt>
			<trkpt lat="39.59405" lon="21.13427">
				<ele>1356.35</ele>
				<time>2026-08-06T19:12:04.847Z</time>
			</trkpt>
			<trkpt lat="39.59353" lon="21.1342">
				<ele>1354.33</ele>
				<time>2026-08-06T19:12:10.500Z</time>
			</trkpt>
			<trkpt lat="39.59336" lon="21.13415">
				<ele>1352.06</ele>
				<time>2026-08-06T19:12:12.398Z</time>
			</trkpt>
			<trkpt lat="39.59288" lon="21.13391">
				<ele>1349.43</ele>
				<time>2026-08-06T19:12:18.039Z</time>
			</trkpt>
			<trkpt lat="39.59279" lon="21.13388">
				<ele>1349.41</ele>
				<time>2026-08-06T19:12:19.065Z</time>
			</trkpt>
			<trkpt lat="39.59259" lon="21.13385">
				<ele>1348.6</ele>
				<time>2026-08-06T19:12:21.293Z</time>
			</trkpt>
			<trkpt lat="39.59196" lon="21.13399">
				<ele>1335.98</ele>
				<time>2026-08-06T19:12:28.429Z</time>
			</trkpt>
			<trkpt lat="39.59164" lon="21.13404">
				<ele>1331.3</ele>
				<time>2026-08-06T19:12:32.063Z</time>
			</trkpt>
			<trkpt lat="39.59128" lon="21.13394">
				<ele>1335.4</ele>
				<time>2026-08-06T19:12:36.244Z</time>
			</trkpt>
			<trkpt lat="39.59113" lon="21.13397">
				<ele>1334.76</ele>
				<time>2026-08-06T19:12:37.977Z</time>
			</trkpt>
			<trkpt lat="39.59094" lon="21.13405">
				<ele>1332.58</ele>
				<time>2026-08-06T19:12:40.266Z</time>
			</trkpt>
			<trkpt lat="39.59074" lon="21.13406">
				<ele>1329.81</ele>
				<time>2026-08-06T19:12:42.569Z</time>
			</trkpt>
			<trkpt lat="39.59035" lon="21.13394">
				<ele>1325.03</ele>
				<time>2026-08-06T19:12:47.210Z</time>
			</trkpt>
			<trkpt lat="39.59008" lon="21.1339">
				<ele>1321.77</ele>
				<time>2026-08-06T19:12:50.379Z</time>
			</trkpt>
			<trkpt lat="39.58985" lon="21.1339">
				<ele>1320.52</ele>
				<time>2026-08-06T19:12:53.075Z</time>
			</trkpt>
			<trkpt lat="39.58938" lon="21.13397">
				<ele>1321.67</ele>
				<time>2026-08-06T19:12:58.662Z</time>
			</trkpt>
			<trkpt lat="39.58913" lon="21.13404">
				<ele>1321.94</ele>
				<time>2026-08-06T19:13:01.706Z</time>
			</trkpt>
			<trkpt lat="39.58892" lon="21.13415">
				<ele>1321.02</ele>
				<time>2026-08-06T19:13:04.414Z</time>
			</trkpt>
			<trkpt lat="39.5888" lon="21.13424">
				<ele>1319.35</ele>
				<time>2026-08-06T19:13:06.079Z</time>
			</trkpt>
			<trkpt lat="39.58836" lon="21.13467">
				<ele>1308.39</ele>
				<time>2026-08-06T19:13:12.741Z</time>
			</trkpt>
			<trkpt lat="39.58818" lon="21.13481">
				<ele>1302.76</ele>
				<time>2026-08-06T19:13:15.300Z</time>
			</trkpt>
			<trkpt lat="39.58788" lon="21.13489">
				<ele>1300.17</ele>
				<time>2026-08-06T19:13:19.055Z</time>
			</trkpt>
			<trkpt lat="39.5875" lon="21.13486">
				<ele>1302.45</ele>
				<time>2026-08-06T19:13:23.756Z</time>
			</trkpt>
			<trkpt lat="39.58729" lon="21.13489">
				<ele>1301.22</ele>
				<time>2026-08-06T19:13:26.382Z</time>
			</trkpt>
			<trkpt lat="39.5872" lon="21.13492">
				<ele>1300.35</ele>
				<time>2026-08-06T19:13:27.540Z</time>
			</trkpt>
			<trkpt lat="39.58671" lon="21.13529">
				<ele>1296.46</ele>
				<time>2026-08-06T19:13:34.659Z</time>
			</trkpt>
			<trkpt lat="39.58652" lon="21.13541">
				<ele>1292.56</ele>
				<time>2026-08-06T19:13:37.335Z</time>
			</trkpt>
			<trkpt lat="39.58643" lon="21.13546">
				<ele>1290.61</ele>
				<time>2026-08-06T19:13:38.578Z</time>
			</trkpt>
			<trkpt lat="39.58618" lon="21.13553">
				<ele>1290.44</ele>
				<time>2026-08-06T19:13:41.840Z</time>
			</trkpt>
			<trkpt lat="39.58612" lon="21.13556">
				<ele>1290.03</ele>
				<time>2026-08-06T19:13:42.663Z</time>
			</trkpt>
			<trkpt lat="39.58594" lon="21.13574">
				<ele>1279.64</ele>
				<time>2026-08-06T19:13:45.579Z</time>
			</trkpt>
			<trkpt lat="39.58578" lon="21.13584">
				<ele>1272.76</ele>
				<time>2026-08-06T19:13:47.869Z</time>
			</trkpt>
			<trkpt lat="39.58569" lon="21.13588">
				<ele>1272.39</ele>
				<time>2026-08-06T19:13:49.099Z</time>
			</trkpt>
			<trkpt lat="39.58542" lon="21.1359">
				<ele>1275.52</ele>
				<time>2026-08-06T19:13:52.609Z</time>
			</trkpt>
			<trkpt lat="39.58526" lon="21.13594">
				<ele>1278.42</ele>
				<time>2026-08-06T19:13:54.734Z</time>
			</trkpt>
			<trkpt lat="39.58506" lon="21.13603">
				<ele>1280.14</ele>
				<time>2026-08-06T19:13:57.506Z</time>
			</trkpt>
			<trkpt lat="39.58498" lon="21.13604">
				<ele>1280.31</ele>
				<time>2026-08-06T19:13:58.562Z</time>
			</trkpt>
			<trkpt lat="39.58474" lon="21.13598">
				<ele>1278.55</ele>
				<time>2026-08-06T19:14:01.783Z</time>
			</trkpt>
			<trkpt lat="39.58453" lon="21.13595">
				<ele>1273.93</ele>
				<time>2026-08-06T19:14:04.582Z</time>
			</trkpt>
			<trkpt lat="39.58436" lon="21.13599">
				<ele>1268.81</ele>
				<time>2026-08-06T19:14:06.880Z</time>
			</trkpt>
			<trkpt lat="39.58407" lon="21.13614">
				<ele>1257.7</ele>
				<time>2026-08-06T19:14:11.054Z</time>
			</trkpt>
			<trkpt lat="39.58402" lon="21.13614">
				<ele>1258.11</ele>
				<time>2026-08-06T19:14:11.725Z</time>
			</trkpt>
			<trkpt lat="39.58391" lon="21.13609">
				<ele>1260.32</ele>
				<time>2026-08-06T19:14:13.292Z</time>
			</trkpt>
			<trkpt lat="39.58382" lon="21.136">
				<ele>1261.73</ele>
				<time>2026-08-06T19:14:14.824Z</time>
			</trkpt>
			<trkpt lat="39.58376" lon="21.13585">
				<ele>1263.49</ele>
				<time>2026-08-06T19:14:16.585Z</time>
			</trkpt>
			<trkpt lat="39.58375" lon="21.13572">
				<ele>1265.33</ele>
				<time>2026-08-06T19:14:17.949Z</time>
			</trkpt>
			<trkpt lat="39.58376" lon="21.13535">
				<ele>1267.89</ele>
				<time>2026-08-06T19:14:21.831Z</time>
			</trkpt>
			<trkpt lat="39.58387" lon="21.13475">
				<ele>1262.94</ele>
				<time>2026-08-06T19:14:28.352Z</time>
			</trkpt>
			<trkpt lat="39.58391" lon="21.13444">
				<ele>1262.27</ele>
				<time>2026-08-06T19:14:31.701Z</time>
			</trkpt>
			<trkpt lat="39.58398" lon="21.13416">
				<ele>1266.38</ele>
				<time>2026-08-06T19:14:34.854Z</time>
			</trkpt>
			<trkpt lat="39.58399" lon="21.13403">
				<ele>1267.76</ele>
				<time>2026-08-06T19:14:36.258Z</time>
			</trkpt>
			<trkpt lat="39.584" lon="21.13374">
				<ele>1267.92</ele>
				<time>2026-08-06T19:14:39.389Z</time>
			</trkpt>
			<trkpt lat="39.58396" lon="21.133">
				<ele>1260.76</ele>
				<time>2026-08-06T19:14:47.460Z</time>
			</trkpt>
			<trkpt lat="39.58398" lon="21.13255">
				<ele>1256.14</ele>
				<time>2026-08-06T19:14:52.413Z</time>
			</trkpt>
			<trkpt lat="39.58398" lon="21.13103">
				<ele>1247.08</ele>
				<time>2026-08-06T19:15:09.393Z</time>
			</trkpt>
			<trkpt lat="39.58396" lon="21.13089">
				<ele>1245.41</ele>
				<time>2026-08-06T19:15:11.005Z</time>
			</trkpt>
			<trkpt lat="39.58394" lon="21.13084">
				<ele>1244.9</ele>
				<time>2026-08-06T19:15:11.644Z</time>
			</trkpt>
			<trkpt lat="39.58391" lon="21.13082">
				<ele>1244.81</ele>
				<time>2026-08-06T19:15:12.141Z</time>
			</trkpt>
			<trkpt lat="39.58385" lon="21.13085">
				<ele>1243.96</ele>
				<time>2026-08-06T19:15:13.090Z</time>
			</trkpt>
			<trkpt lat="39.58382" lon="21.13089">
				<ele>1243.3</ele>
				<time>2026-08-06T19:15:13.725Z</time>
			</trkpt>
			<trkpt lat="39.58381" lon="21.13097">
				<ele>1243.66</ele>
				<time>2026-08-06T19:15:14.648Z</time>
			</trkpt>
			<trkpt lat="39.58374" lon="21.13156">
				<ele>1244.59</ele>
				<time>2026-08-06T19:15:21.489Z</time>
			</trkpt>
			<trkpt lat="39.5837" lon="21.13167">
				<ele>1242.73</ele>
				<time>2026-08-06T19:15:22.891Z</time>
			</trkpt>
			<trkpt lat="39.58364" lon="21.13171">
				<ele>1239.75</ele>
				<time>2026-08-06T19:15:23.902Z</time>
			</trkpt>
			<trkpt lat="39.58361" lon="21.1317">
				<ele>1238.68</ele>
				<time>2026-08-06T19:15:24.366Z</time>
			</trkpt>
			<trkpt lat="39.58358" lon="21.13162">
				<ele>1237.53</ele>
				<time>2026-08-06T19:15:25.396Z</time>
			</trkpt>
			<trkpt lat="39.58352" lon="21.13144">
				<ele>1234.83</ele>
				<time>2026-08-06T19:15:27.671Z</time>
			</trkpt>
			<trkpt lat="39.58334" lon="21.13118">
				<ele>1222.99</ele>
				<time>2026-08-06T19:15:31.744Z</time>
			</trkpt>
			<trkpt lat="39.58332" lon="21.13112">
				<ele>1221.6</ele>
				<time>2026-08-06T19:15:32.508Z</time>
			</trkpt>
			<trkpt lat="39.58336" lon="21.13055">
				<ele>1216.39</ele>
				<time>2026-08-06T19:15:39.237Z</time>
			</trkpt>
			<trkpt lat="39.58339" lon="21.1304">
				<ele>1216.54</ele>
				<time>2026-08-06T19:15:41.070Z</time>
			</trkpt>
			<trkpt lat="39.58344" lon="21.13026">
				<ele>1217.47</ele>
				<time>2026-08-06T19:15:42.900Z</time>
			</trkpt>
			<trkpt lat="39.58374" lon="21.12974">
				<ele>1216.84</ele>
				<time>2026-08-06T19:15:50.654Z</time>
			</trkpt>
			<trkpt lat="39.58394" lon="21.1295">
				<ele>1214.83</ele>
				<time>2026-08-06T19:15:54.910Z</time>
			</trkpt>
			<trkpt lat="39.58405" lon="21.12932">
				<ele>1212.79</ele>
				<time>2026-08-06T19:15:57.689Z</time>
			</trkpt>
			<trkpt lat="39.58407" lon="21.12926">
				<ele>1211.72</ele>
				<time>2026-08-06T19:15:58.482Z</time>
			</trkpt>
			<trkpt lat="39.58415" lon="21.12858">
				<ele>1201.11</ele>
				<time>2026-08-06T19:16:06.877Z</time>
			</trkpt>
			<trkpt lat="39.58423" lon="21.1282">
				<ele>1198.35</ele>
				<time>2026-08-06T19:16:11.728Z</time>
			</trkpt>
			<trkpt lat="39.58452" lon="21.12736">
				<ele>1195.13</ele>
				<time>2026-08-06T19:16:23.187Z</time>
			</trkpt>
			<trkpt lat="39.58461" lon="21.12719">
				<ele>1193.83</ele>
				<time>2026-08-06T19:16:25.779Z</time>
			</trkpt>
			<trkpt lat="39.5847" lon="21.12706">
				<ele>1193.71</ele>
				<time>2026-08-06T19:16:27.982Z</time>
			</trkpt>
			<trkpt lat="39.58479" lon="21.12696">
				<ele>1193.68</ele>
				<time>2026-08-06T19:16:29.926Z</time>
			</trkpt>
			<trkpt lat="39.58486" lon="21.12685">
				<ele>1193.56</ele>
				<time>2026-08-06T19:16:31.734Z</time>
			</trkpt>
			<trkpt lat="39.58497" lon="21.12651">
				<ele>1189.95</ele>
				<time>2026-08-06T19:16:36.427Z</time>
			</trkpt>
			<trkpt lat="39.58505" lon="21.12631">
				<ele>1187.01</ele>
				<time>2026-08-06T19:16:39.309Z</time>
			</trkpt>
			<trkpt lat="39.58505" lon="21.12616">
				<ele>1183.83</ele>
				<time>2026-08-06T19:16:41.233Z</time>
			</trkpt>
			<trkpt lat="39.58503" lon="21.12611">
				<ele>1182.1</ele>
				<time>2026-08-06T19:16:41.957Z</time>
			</trkpt>
			<trkpt lat="39.58492" lon="21.12601">
				<ele>1179.18</ele>
				<time>2026-08-06T19:16:44.202Z</time>
			</trkpt>
			<trkpt lat="39.58485" lon="21.12592">
				<ele>1177.35</ele>
				<time>2026-08-06T19:16:45.852Z</time>
			</trkpt>
			<trkpt lat="39.58474" lon="21.12553">
				<ele>1172.2</ele>
				<time>2026-08-06T19:16:51.237Z</time>
			</trkpt>
			<trkpt lat="39.58469" lon="21.12538">
				<ele>1170.41</ele>
				<time>2026-08-06T19:16:53.367Z</time>
			</trkpt>
			<trkpt lat="39.58454" lon="21.12513">
				<ele>1166.57</ele>
				<time>2026-08-06T19:16:57.512Z</time>
			</trkpt>
			<trkpt lat="39.58438" lon="21.125">
				<ele>1164.4</ele>
				<time>2026-08-06T19:17:00.731Z</time>
			</trkpt>
			<trkpt lat="39.5842" lon="21.1249">
				<ele>1162.01</ele>
				<time>2026-08-06T19:17:04.084Z</time>
			</trkpt>
			<trkpt lat="39.58417" lon="21.12492">
				<ele>1161.81</ele>
				<time>2026-08-06T19:17:04.663Z</time>
			</trkpt>
			<trkpt lat="39.58406" lon="21.12514">
				<ele>1159.08</ele>
				<time>2026-08-06T19:17:08.141Z</time>
			</trkpt>
			<trkpt lat="39.58399" lon="21.12536">
				<ele>1155.82</ele>
				<time>2026-08-06T19:17:11.311Z</time>
			</trkpt>
			<trkpt lat="39.58394" lon="21.12562">
				<ele>1153.17</ele>
				<time>2026-08-06T19:17:14.895Z</time>
			</trkpt>
			<trkpt lat="39.58393" lon="21.12597">
				<ele>1152.72</ele>
				<time>2026-08-06T19:17:19.604Z</time>
			</trkpt>
			<trkpt lat="39.5839" lon="21.12611">
				<ele>1151.8</ele>
				<time>2026-08-06T19:17:21.565Z</time>
			</trkpt>
			<trkpt lat="39.58377" lon="21.12648">
				<ele>1148.13</ele>
				<time>2026-08-06T19:17:27.079Z</time>
			</trkpt>
			<trkpt lat="39.58375" lon="21.12659">
				<ele>1147.54</ele>
				<time>2026-08-06T19:17:28.618Z</time>
			</trkpt>
			<trkpt lat="39.58357" lon="21.12717">
				<ele>1144.46</ele>
				<time>2026-08-06T19:17:37.185Z</time>
			</trkpt>
			<trkpt lat="39.5835" lon="21.12753">
				<ele>1148.51</ele>
				<time>2026-08-06T19:17:42.314Z</time>
			</trkpt>
			<trkpt lat="39.58347" lon="21.12761">
				<ele>1149.18</ele>
				<time>2026-08-06T19:17:43.547Z</time>
			</trkpt>
			<trkpt lat="39.58341" lon="21.12767">
				<ele>1148.53</ele>
				<time>2026-08-06T19:17:44.912Z</time>
			</trkpt>
			<trkpt lat="39.58303" lon="21.12789">
				<ele>1136.38</ele>
				<time>2026-08-06T19:17:52.450Z</time>
			</trkpt>
			<trkpt lat="39.58279" lon="21.12808">
				<ele>1130.66</ele>
				<time>2026-08-06T19:17:57.581Z</time>
			</trkpt>
			<trkpt lat="39.58247" lon="21.12841">
				<ele>1129.19</ele>
				<time>2026-08-06T19:18:05.096Z</time>
			</trkpt>
			<trkpt lat="39.58231" lon="21.12861">
				<ele>1130.56</ele>
				<time>2026-08-06T19:18:09.208Z</time>
			</trkpt>
			<trkpt lat="39.58218" lon="21.12871">
				<ele>1127.28</ele>
				<time>2026-08-06T19:18:12.016Z</time>
			</trkpt>
			<trkpt lat="39.58203" lon="21.1288">
				<ele>1122.27</ele>
				<time>2026-08-06T19:18:15.097Z</time>
			</trkpt>
			<trkpt lat="39.58192" lon="21.12881">
				<ele>1117.61</ele>
				<time>2026-08-06T19:18:17.159Z</time>
			</trkpt>
			<trkpt lat="39.58191" lon="21.12876">
				<ele>1115.52</ele>
				<time>2026-08-06T19:18:17.905Z</time>
			</trkpt>
			<trkpt lat="39.58193" lon="21.12872">
				<ele>1115.65</ele>
				<time>2026-08-06T19:18:18.593Z</time>
			</trkpt>
			<trkpt lat="39.58206" lon="21.12856">
				<ele>1118.33</ele>
				<time>2026-08-06T19:18:21.960Z</time>
			</trkpt>
			<trkpt lat="39.58222" lon="21.12833">
				<ele>1119.13</ele>
				<time>2026-08-06T19:18:26.466Z</time>
			</trkpt>
			<trkpt lat="39.58237" lon="21.12805">
				<ele>1115.38</ele>
				<time>2026-08-06T19:18:31.451Z</time>
			</trkpt>
			<trkpt lat="39.5825" lon="21.12776">
				<ele>1112.54</ele>
				<time>2026-08-06T19:18:36.383Z</time>
			</trkpt>
			<trkpt lat="39.58256" lon="21.12768">
				<ele>1111.73</ele>
				<time>2026-08-06T19:18:38.030Z</time>
			</trkpt>
			<trkpt lat="39.58268" lon="21.12756">
				<ele>1112.58</ele>
				<time>2026-08-06T19:18:40.938Z</time>
			</trkpt>
			<trkpt lat="39.58296" lon="21.12739">
				<ele>1118.17</ele>
				<time>2026-08-06T19:18:46.900Z</time>
			</trkpt>
			<trkpt lat="39.58304" lon="21.12729">
				<ele>1117.83</ele>
				<time>2026-08-06T19:18:49.052Z</time>
			</trkpt>
			<trkpt lat="39.58309" lon="21.12714">
				<ele>1116.46</ele>
				<time>2026-08-06T19:18:51.498Z</time>
			</trkpt>
			<trkpt lat="39.58322" lon="21.12656">
				<ele>1115.48</ele>
				<time>2026-08-06T19:19:00.596Z</time>
			</trkpt>
			<trkpt lat="39.58322" lon="21.12648">
				<ele>1115.52</ele>
				<time>2026-08-06T19:19:01.807Z</time>
			</trkpt>
			<trkpt lat="39.58321" lon="21.12636">
				<ele>1114.04</ele>
				<time>2026-08-06T19:19:03.638Z</time>
			</trkpt>
			<trkpt lat="39.58318" lon="21.12631">
				<ele>1111.9</ele>
				<time>2026-08-06T19:19:04.601Z</time>
			</trkpt>
			<trkpt lat="39.58316" lon="21.12632">
				<ele>1110.09</ele>
				<time>2026-08-06T19:19:05.023Z</time>
			</trkpt>
			<trkpt lat="39.58313" lon="21.12607">
				<ele>1108.88</ele>
				<time>2026-08-06T19:19:08.879Z</time>
			</trkpt>
			<trkpt lat="39.58314" lon="21.12546">
				<ele>1115.12</ele>
				<time>2026-08-06T19:19:18.241Z</time>
			</trkpt>
			<trkpt lat="39.58312" lon="21.1253">
				<ele>1116.88</ele>
				<time>2026-08-06T19:19:20.744Z</time>
			</trkpt>
			<trkpt lat="39.58308" lon="21.12518">
				<ele>1117.42</ele>
				<time>2026-08-06T19:19:22.767Z</time>
			</trkpt>
			<trkpt lat="39.58312" lon="21.1253">
				<ele>1116.88</ele>
				<time>2026-08-06T19:19:24.795Z</time>
			</trkpt>
			<trkpt lat="39.58314" lon="21.12546">
				<ele>1115.12</ele>
				<time>2026-08-06T19:19:27.315Z</time>
			</trkpt>
			<trkpt lat="39.58313" lon="21.12607">
				<ele>1108.88</ele>
				<time>2026-08-06T19:19:36.859Z</time>
			</trkpt>
			<trkpt lat="39.58316" lon="21.12632">
				<ele>1110.09</ele>
				<time>2026-08-06T19:19:40.844Z</time>
			</trkpt>
			<trkpt lat="39.58307" lon="21.12674">
				<ele>1106.95</ele>
				<time>2026-08-06T19:19:47.749Z</time>
			</trkpt>
			<trkpt lat="39.58295" lon="21.12708">
				<ele>1107.59</ele>
				<time>2026-08-06T19:19:53.711Z</time>
			</trkpt>
			<trkpt lat="39.5829" lon="21.12715">
				<ele>1107.94</ele>
				<time>2026-08-06T19:19:55.238Z</time>
			</trkpt>
			<trkpt lat="39.58283" lon="21.12722">
				<ele>1107.33</ele>
				<time>2026-08-06T19:19:57.076Z</time>
			</trkpt>
			<trkpt lat="39.58246" lon="21.12741">
				<ele>1096.57</ele>
				<time>2026-08-06T19:20:05.394Z</time>
			</trkpt>
			<trkpt lat="39.58226" lon="21.12758">
				<ele>1093.17</ele>
				<time>2026-08-06T19:20:10.425Z</time>
			</trkpt>
			<trkpt lat="39.58199" lon="21.12793">
				<ele>1095.99</ele>
				<time>2026-08-06T19:20:18.508Z</time>
			</trkpt>
			<trkpt lat="39.58182" lon="21.12811">
				<ele>1093.54</ele>
				<time>2026-08-06T19:20:23.183Z</time>
			</trkpt>
			<trkpt lat="39.58151" lon="21.12838">
				<ele>1083.36</ele>
				<time>2026-08-06T19:20:31.188Z</time>
			</trkpt>
			<trkpt lat="39.58145" lon="21.12852">
				<ele>1082.4</ele>
				<time>2026-08-06T19:20:33.849Z</time>
			</trkpt>
			<trkpt lat="39.5814" lon="21.12869">
				<ele>1083.96</ele>
				<time>2026-08-06T19:20:36.879Z</time>
			</trkpt>
			<trkpt lat="39.5814" lon="21.12888">
				<ele>1089.85</ele>
				<time>2026-08-06T19:20:40.053Z</time>
			</trkpt>
			<trkpt lat="39.58144" lon="21.12927">
				<ele>1090.76</ele>
				<time>2026-08-06T19:20:46.655Z</time>
			</trkpt>
			<trkpt lat="39.58148" lon="21.12954">
				<ele>1090.51</ele>
				<time>2026-08-06T19:20:51.293Z</time>
			</trkpt>
			<trkpt lat="39.58144" lon="21.12977">
				<ele>1083.63</ele>
				<time>2026-08-06T19:20:55.287Z</time>
			</trkpt>
			<trkpt lat="39.58135" lon="21.12993">
				<ele>1074.74</ele>
				<time>2026-08-06T19:20:58.654Z</time>
			</trkpt>
			<trkpt lat="39.58127" lon="21.13014">
				<ele>1066.9</ele>
				<time>2026-08-06T19:21:02.649Z</time>
			</trkpt>
			<trkpt lat="39.58127" lon="21.13052">
				<ele>1075.23</ele>
				<time>2026-08-06T19:21:09.161Z</time>
			</trkpt>
			<trkpt lat="39.58134" lon="21.13079">
				<ele>1084.44</ele>
				<time>2026-08-06T19:21:14.068Z</time>
			</trkpt>
			<trkpt lat="39.58131" lon="21.13097">
				<ele>1084.83</ele>
				<time>2026-08-06T19:21:17.252Z</time>
			</trkpt>
			<trkpt lat="39.58113" lon="21.13138">
				<ele>1081.32</ele>
				<time>2026-08-06T19:21:25.453Z</time>
			</trkpt>
			<trkpt lat="39.581" lon="21.13156">
				<ele>1078.56</ele>
				<time>2026-08-06T19:21:29.764Z</time>
			</trkpt>
			<trkpt lat="39.58086" lon="21.13165">
				<ele>1071.14</ele>
				<time>2026-08-06T19:21:33.320Z</time>
			</trkpt>
			<trkpt lat="39.58077" lon="21.13174">
				<ele>1067.41</ele>
				<time>2026-08-06T19:21:35.913Z</time>
			</trkpt>
			<trkpt lat="39.58067" lon="21.13188">
				<ele>1065.53</ele>
				<time>2026-08-06T19:21:39.279Z</time>
			</trkpt>
			<trkpt lat="39.58047" lon="21.1323">
				<ele>1071.76</ele>
				<time>2026-08-06T19:21:48.032Z</time>
			</trkpt>
			<trkpt lat="39.58039" lon="21.13238">
				<ele>1070.22</ele>
				<time>2026-08-06T19:21:50.366Z</time>
			</trkpt>
			<trkpt lat="39.58004" lon="21.13261">
				<ele>1058.29</ele>
				<time>2026-08-06T19:21:59.480Z</time>
			</trkpt>
			<trkpt lat="39.57994" lon="21.1327">
				<ele>1058.18</ele>
				<time>2026-08-06T19:22:02.322Z</time>
			</trkpt>
			<trkpt lat="39.57974" lon="21.13305">
				<ele>1066.41</ele>
				<time>2026-08-06T19:22:10.200Z</time>
			</trkpt>
			<trkpt lat="39.57965" lon="21.13315">
				<ele>1063.69</ele>
				<time>2026-08-06T19:22:12.993Z</time>
			</trkpt>
			<trkpt lat="39.57954" lon="21.13319">
				<ele>1057.52</ele>
				<time>2026-08-06T19:22:15.691Z</time>
			</trkpt>
			<trkpt lat="39.57931" lon="21.13317">
				<ele>1041.31</ele>
				<time>2026-08-06T19:22:21.156Z</time>
			</trkpt>
			<trkpt lat="39.57918" lon="21.13322">
				<ele>1036.68</ele>
				<time>2026-08-06T19:22:25.562Z</time>
			</trkpt>
			<trkpt lat="39.57889" lon="21.13347">
				<ele>1042.11</ele>
				<time>2026-08-06T19:22:45.741Z</time>
			</trkpt>
			<trkpt lat="39.57856" lon="21.13367">
				<ele>1040.91</ele>
				<time>2026-08-06T19:23:05.997Z</time>
			</trkpt>
			<trkpt lat="39.57843" lon="21.13368">
				<ele>1038.94</ele>
				<time>2026-08-06T19:23:09.784Z</time>
			</trkpt>
			<trkpt lat="39.57828" lon="21.13365">
				<ele>1034.77</ele>
				<time>2026-08-06T19:23:13.298Z</time>
			</trkpt>
			<trkpt lat="39.57814" lon="21.13355">
				<ele>1028.66</ele>
				<time>2026-08-06T19:23:16.437Z</time>
			</trkpt>
			<trkpt lat="39.57795" lon="21.1335">
				<ele>1023.96</ele>
				<time>2026-08-06T19:23:19.694Z</time>
			</trkpt>
			<trkpt lat="39.57782" lon="21.13357">
				<ele>1022.69</ele>
				<time>2026-08-06T19:23:21.828Z</time>
			</trkpt>
			<trkpt lat="39.57769" lon="21.13369">
				<ele>1023.35</ele>
				<time>2026-08-06T19:23:24.163Z</time>
			</trkpt>
			<trkpt lat="39.57752" lon="21.1339">
				<ele>1026.92</ele>
				<time>2026-08-06T19:23:27.613Z</time>
			</trkpt>
			<trkpt lat="39.57727" lon="21.13404">
				<ele>1022.11</ele>
				<time>2026-08-06T19:23:31.609Z</time>
			</trkpt>
			<trkpt lat="39.57707" lon="21.1342">
				<ele>1015.11</ele>
				<time>2026-08-06T19:23:35.049Z</time>
			</trkpt>
			<trkpt lat="39.57696" lon="21.13438">
				<ele>1010.36</ele>
				<time>2026-08-06T19:23:37.638Z</time>
			</trkpt>
			<trkpt lat="39.57695" lon="21.13456">
				<ele>1008.99</ele>
				<time>2026-08-06T19:23:39.669Z</time>
			</trkpt>
			<trkpt lat="39.57701" lon="21.13476">
				<ele>1008.26</ele>
				<time>2026-08-06T19:23:42.081Z</time>
			</trkpt>
			<trkpt lat="39.57713" lon="21.13493">
				<ele>1004.37</ele>
				<time>2026-08-06T19:23:44.668Z</time>
			</trkpt>
			<trkpt lat="39.57724" lon="21.13498">
				<ele>1005.15</ele>
				<time>2026-08-06T19:23:46.364Z</time>
			</trkpt>
			<trkpt lat="39.57778" lon="21.13501">
				<ele>1021.55</ele>
				<time>2026-08-06T19:23:54.205Z</time>
			</trkpt>
			<trkpt lat="39.57785" lon="21.13506">
				<ele>1014.3</ele>
				<time>2026-08-06T19:23:55.361Z</time>
			</trkpt>
			<trkpt lat="39.578" lon="21.13523">
				<ele>997.5</ele>
				<time>2026-08-06T19:23:58.240Z</time>
			</trkpt>
			<trkpt lat="39.57814" lon="21.13533">
				<ele>996.72</ele>
				<time>2026-08-06T19:24:00.547Z</time>
			</trkpt>
			<trkpt lat="39.57834" lon="21.13545">
				<ele>1004.88</ele>
				<time>2026-08-06T19:24:03.723Z</time>
			</trkpt>
			<trkpt lat="39.57843" lon="21.13553">
				<ele>1008.78</ele>
				<time>2026-08-06T19:24:05.293Z</time>
			</trkpt>
			<trkpt lat="39.57852" lon="21.13566">
				<ele>1008.62</ele>
				<time>2026-08-06T19:24:07.229Z</time>
			</trkpt>
			<trkpt lat="39.57866" lon="21.13592">
				<ele>1005.84</ele>
				<time>2026-08-06T19:24:10.739Z</time>
			</trkpt>
			<trkpt lat="39.57872" lon="21.13615">
				<ele>1003.31</ele>
				<time>2026-08-06T19:24:13.421Z</time>
			</trkpt>
			<trkpt lat="39.57879" lon="21.13666">
				<ele>993.91</ele>
				<time>2026-08-06T19:24:19.129Z</time>
			</trkpt>
			<trkpt lat="39.57879" lon="21.13707">
				<ele>984.29</ele>
				<time>2026-08-06T19:24:23.634Z</time>
			</trkpt>
			<trkpt lat="39.57884" lon="21.13731">
				<ele>980.61</ele>
				<time>2026-08-06T19:24:26.360Z</time>
			</trkpt>
			<trkpt lat="39.5789" lon="21.1375">
				<ele>976.14</ele>
				<time>2026-08-06T19:24:28.608Z</time>
			</trkpt>
			<trkpt lat="39.57897" lon="21.1376">
				<ele>972.05</ele>
				<time>2026-08-06T19:24:30.086Z</time>
			</trkpt>
			<trkpt lat="39.57908" lon="21.13762">
				<ele>973.35</ele>
				<time>2026-08-06T19:24:31.661Z</time>
			</trkpt>
			<trkpt lat="39.57927" lon="21.13752">
				<ele>986.13</ele>
				<time>2026-08-06T19:24:34.564Z</time>
			</trkpt>
			<trkpt lat="39.57934" lon="21.13751">
				<ele>988.98</ele>
				<time>2026-08-06T19:24:35.560Z</time>
			</trkpt>
			<trkpt lat="39.57943" lon="21.13754">
				<ele>989.6</ele>
				<time>2026-08-06T19:24:36.874Z</time>
			</trkpt>
			<trkpt lat="39.57956" lon="21.13766">
				<ele>983.31</ele>
				<time>2026-08-06T19:24:39.126Z</time>
			</trkpt>
			<trkpt lat="39.57968" lon="21.13779">
				<ele>977.81</ele>
				<time>2026-08-06T19:24:41.331Z</time>
			</trkpt>
			<trkpt lat="39.58012" lon="21.13805">
				<ele>976.08</ele>
				<time>2026-08-06T19:24:48.131Z</time>
			</trkpt>
			<trkpt lat="39.58027" lon="21.13827">
				<ele>976.6</ele>
				<time>2026-08-06T19:24:51.306Z</time>
			</trkpt>
			<trkpt lat="39.58053" lon="21.1386">
				<ele>972.08</ele>
				<time>2026-08-06T19:24:56.394Z</time>
			</trkpt>
			<trkpt lat="39.58099" lon="21.13906">
				<ele>969.21</ele>
				<time>2026-08-06T19:25:04.487Z</time>
			</trkpt>
			<trkpt lat="39.5815" lon="21.13965">
				<ele>957.24</ele>
				<time>2026-08-06T19:25:13.959Z</time>
			</trkpt>
			<trkpt lat="39.58186" lon="21.14002">
				<ele>958.37</ele>
				<time>2026-08-06T19:25:20.296Z</time>
			</trkpt>
			<trkpt lat="39.58195" lon="21.14019">
				<ele>956.48</ele>
				<time>2026-08-06T19:25:22.483Z</time>
			</trkpt>
			<trkpt lat="39.58197" lon="21.14028">
				<ele>954.75</ele>
				<time>2026-08-06T19:25:23.476Z</time>
			</trkpt>
			<trkpt lat="39.58195" lon="21.14035">
				<ele>952.17</ele>
				<time>2026-08-06T19:25:24.266Z</time>
			</trkpt>
			<trkpt lat="39.5819" lon="21.14042">
				<ele>948.74</ele>
				<time>2026-08-06T19:25:25.277Z</time>
			</trkpt>
			<trkpt lat="39.58182" lon="21.14048">
				<ele>944.42</ele>
				<time>2026-08-06T19:25:26.545Z</time>
			</trkpt>
			<trkpt lat="39.5817" lon="21.1405">
				<ele>939.43</ele>
				<time>2026-08-06T19:25:28.204Z</time>
			</trkpt>
			<trkpt lat="39.58154" lon="21.14048">
				<ele>934.28</ele>
				<time>2026-08-06T19:25:30.405Z</time>
			</trkpt>
			<trkpt lat="39.58146" lon="21.14044">
				<ele>932.05</ele>
				<time>2026-08-06T19:25:31.578Z</time>
			</trkpt>
			<trkpt lat="39.58138" lon="21.14036">
				<ele>929.71</ele>
				<time>2026-08-06T19:25:32.959Z</time>
			</trkpt>
			<trkpt lat="39.58117" lon="21.14006">
				<ele>927.65</ele>
				<time>2026-08-06T19:25:37.222Z</time>
			</trkpt>
			<trkpt lat="39.58107" lon="21.13994">
				<ele>929.75</ele>
				<time>2026-08-06T19:25:39.077Z</time>
			</trkpt>
			<trkpt lat="39.58092" lon="21.13984">
				<ele>935.46</ele>
				<time>2026-08-06T19:25:41.371Z</time>
			</trkpt>
			<trkpt lat="39.58071" lon="21.13975">
				<ele>939.44</ele>
				<time>2026-08-06T19:25:44.375Z</time>
			</trkpt>
			<trkpt lat="39.58047" lon="21.13958">
				<ele>939.78</ele>
				<time>2026-08-06T19:25:48.081Z</time>
			</trkpt>
			<trkpt lat="39.58034" lon="21.13957">
				<ele>934.46</ele>
				<time>2026-08-06T19:25:49.843Z</time>
			</trkpt>
			<trkpt lat="39.58012" lon="21.13975">
				<ele>918.98</ele>
				<time>2026-08-06T19:25:53.357Z</time>
			</trkpt>
			<trkpt lat="39.57997" lon="21.13981">
				<ele>910.42</ele>
				<time>2026-08-06T19:25:55.473Z</time>
			</trkpt>
			<trkpt lat="39.57981" lon="21.1397">
				<ele>905.4</ele>
				<time>2026-08-06T19:25:57.911Z</time>
			</trkpt>
			<trkpt lat="39.57973" lon="21.13961">
				<ele>903.49</ele>
				<time>2026-08-06T19:25:59.336Z</time>
			</trkpt>
			<trkpt lat="39.57948" lon="21.13901">
				<ele>920.07</ele>
				<time>2026-08-06T19:26:06.387Z</time>
			</trkpt>
			<trkpt lat="39.57941" lon="21.13888">
				<ele>924.33</ele>
				<time>2026-08-06T19:26:08.022Z</time>
			</trkpt>
			<trkpt lat="39.57935" lon="21.13882">
				<ele>923.14</ele>
				<time>2026-08-06T19:26:09.034Z</time>
			</trkpt>
			<trkpt lat="39.57925" lon="21.13875">
				<ele>918.76</ele>
				<time>2026-08-06T19:26:10.552Z</time>
			</trkpt>
			<trkpt lat="39.57921" lon="21.13874">
				<ele>916.34</ele>
				<time>2026-08-06T19:26:11.095Z</time>
			</trkpt>
			<trkpt lat="39.57908" lon="21.13876">
				<ele>909.3</ele>
				<time>2026-08-06T19:26:12.841Z</time>
			</trkpt>
			<trkpt lat="39.57892" lon="21.13884">
				<ele>900.25</ele>
				<time>2026-08-06T19:26:15.125Z</time>
			</trkpt>
			<trkpt lat="39.57884" lon="21.13884">
				<ele>897.89</ele>
				<time>2026-08-06T19:26:16.189Z</time>
			</trkpt>
			<trkpt lat="39.57878" lon="21.13881">
				<ele>897.1</ele>
				<time>2026-08-06T19:26:17.044Z</time>
			</trkpt>
			<trkpt lat="39.57872" lon="21.13875">
				<ele>896.97</ele>
				<time>2026-08-06T19:26:18.051Z</time>
			</trkpt>
			<trkpt lat="39.57854" lon="21.13837">
				<ele>905.74</ele>
				<time>2026-08-06T19:26:22.611Z</time>
			</trkpt>
			<trkpt lat="39.57845" lon="21.13822">
				<ele>911.52</ele>
				<time>2026-08-06T19:26:24.551Z</time>
			</trkpt>
			<trkpt lat="39.57825" lon="21.13803">
				<ele>909.61</ele>
				<time>2026-08-06T19:26:27.826Z</time>
			</trkpt>
			<trkpt lat="39.57802" lon="21.13789">
				<ele>894.76</ele>
				<time>2026-08-06T19:26:31.176Z</time>
			</trkpt>
			<trkpt lat="39.57786" lon="21.13774">
				<ele>889.31</ele>
				<time>2026-08-06T19:26:33.774Z</time>
			</trkpt>
			<trkpt lat="39.57774" lon="21.13752">
				<ele>889.67</ele>
				<time>2026-08-06T19:26:36.504Z</time>
			</trkpt>
			<trkpt lat="39.57762" lon="21.13706">
				<ele>904.22</ele>
				<time>2026-08-06T19:26:41.409Z</time>
			</trkpt>
			<trkpt lat="39.57757" lon="21.13692">
				<ele>909.44</ele>
				<time>2026-08-06T19:26:42.964Z</time>
			</trkpt>
			<trkpt lat="39.57748" lon="21.13683">
				<ele>909.92</ele>
				<time>2026-08-06T19:26:44.449Z</time>
			</trkpt>
			<trkpt lat="39.577" lon="21.13679">
				<ele>880.09</ele>
				<time>2026-08-06T19:26:50.717Z</time>
			</trkpt>
			<trkpt lat="39.57681" lon="21.13685">
				<ele>868.66</ele>
				<time>2026-08-06T19:26:53.257Z</time>
			</trkpt>
			<trkpt lat="39.57667" lon="21.1368">
				<ele>866.73</ele>
				<time>2026-08-06T19:26:55.141Z</time>
			</trkpt>
			<trkpt lat="39.57659" lon="21.13675">
				<ele>866.87</ele>
				<time>2026-08-06T19:26:56.292Z</time>
			</trkpt>
			<trkpt lat="39.5765" lon="21.13661">
				<ele>870.63</ele>
				<time>2026-08-06T19:26:58.111Z</time>
			</trkpt>
			<trkpt lat="39.57638" lon="21.13624">
				<ele>882.55</ele>
				<time>2026-08-06T19:27:02.110Z</time>
			</trkpt>
			<trkpt lat="39.57626" lon="21.13595">
				<ele>890.14</ele>
				<time>2026-08-06T19:27:05.380Z</time>
			</trkpt>
			<trkpt lat="39.57621" lon="21.13589">
				<ele>888.89</ele>
				<time>2026-08-06T19:27:06.257Z</time>
			</trkpt>
			<trkpt lat="39.57602" lon="21.13581">
				<ele>877.34</ele>
				<time>2026-08-06T19:27:08.825Z</time>
			</trkpt>
			<trkpt lat="39.57592" lon="21.13573">
				<ele>872.16</ele>
				<time>2026-08-06T19:27:10.334Z</time>
			</trkpt>
			<trkpt lat="39.57586" lon="21.13565">
				<ele>870.58</ele>
				<time>2026-08-06T19:27:11.438Z</time>
			</trkpt>
			<trkpt lat="39.57582" lon="21.13554">
				<ele>872.14</ele>
				<time>2026-08-06T19:27:12.639Z</time>
			</trkpt>
			<trkpt lat="39.57577" lon="21.13516">
				<ele>891.69</ele>
				<time>2026-08-06T19:27:16.442Z</time>
			</trkpt>
			<trkpt lat="39.57572" lon="21.13505">
				<ele>891.84</ele>
				<time>2026-08-06T19:27:17.699Z</time>
			</trkpt>
			<trkpt lat="39.57542" lon="21.13474">
				<ele>856.24</ele>
				<time>2026-08-06T19:27:22.588Z</time>
			</trkpt>
			<trkpt lat="39.57539" lon="21.13459">
				<ele>848.32</ele>
				<time>2026-08-06T19:27:24.108Z</time>
			</trkpt>
			<trkpt lat="39.57542" lon="21.13405">
				<ele>840.73</ele>
				<time>2026-08-06T19:27:29.403Z</time>
			</trkpt>
			<trkpt lat="39.57535" lon="21.13379">
				<ele>827.6</ele>
				<time>2026-08-06T19:27:32.090Z</time>
			</trkpt>
			<trkpt lat="39.5754" lon="21.13362">
				<ele>830.48</ele>
				<time>2026-08-06T19:27:33.862Z</time>
			</trkpt>
			<trkpt lat="39.57563" lon="21.13344">
				<ele>851.59</ele>
				<time>2026-08-06T19:27:37.249Z</time>
			</trkpt>
			<trkpt lat="39.57572" lon="21.13332">
				<ele>856.18</ele>
				<time>2026-08-06T19:27:38.874Z</time>
			</trkpt>
			<trkpt lat="39.57572" lon="21.13316">
				<ele>854.44</ele>
				<time>2026-08-06T19:27:40.425Z</time>
			</trkpt>
			<trkpt lat="39.57565" lon="21.13283">
				<ele>836.33</ele>
				<time>2026-08-06T19:27:43.737Z</time>
			</trkpt>
			<trkpt lat="39.57578" lon="21.13268">
				<ele>839.66</ele>
				<time>2026-08-06T19:27:45.917Z</time>
			</trkpt>
			<trkpt lat="39.57583" lon="21.13252">
				<ele>832.54</ele>
				<time>2026-08-06T19:27:47.583Z</time>
			</trkpt>
			<trkpt lat="39.57585" lon="21.13228">
				<ele>816.12</ele>
				<time>2026-08-06T19:27:49.908Z</time>
			</trkpt>
			<trkpt lat="39.57602" lon="21.1321">
				<ele>820.39</ele>
				<time>2026-08-06T19:27:52.645Z</time>
			</trkpt>
			<trkpt lat="39.57643" lon="21.13194">
				<ele>856.57</ele>
				<time>2026-08-06T19:27:57.970Z</time>
			</trkpt>
			<trkpt lat="39.57649" lon="21.13183">
				<ele>852.52</ele>
				<time>2026-08-06T19:27:59.258Z</time>
			</trkpt>
			<trkpt lat="39.57659" lon="21.1315">
				<ele>837.83</ele>
				<time>2026-08-06T19:28:02.644Z</time>
			</trkpt>
			<trkpt lat="39.57704" lon="21.13112">
				<ele>844.96</ele>
				<time>2026-08-06T19:28:09.271Z</time>
			</trkpt>
			<trkpt lat="39.57724" lon="21.13102">
				<ele>846.1</ele>
				<time>2026-08-06T19:28:11.907Z</time>
			</trkpt>
			<trkpt lat="39.57738" lon="21.13103">
				<ele>852.79</ele>
				<time>2026-08-06T19:28:13.629Z</time>
			</trkpt>
			<trkpt lat="39.5775" lon="21.13101">
				<ele>856.07</ele>
				<time>2026-08-06T19:28:15.113Z</time>
			</trkpt>
			<trkpt lat="39.57757" lon="21.13096">
				<ele>853.74</ele>
				<time>2026-08-06T19:28:16.093Z</time>
			</trkpt>
			<trkpt lat="39.57768" lon="21.13064">
				<ele>839.71</ele>
				<time>2026-08-06T19:28:19.397Z</time>
			</trkpt>
			<trkpt lat="39.57776" lon="21.1305">
				<ele>835.9</ele>
				<time>2026-08-06T19:28:21.038Z</time>
			</trkpt>
			<trkpt lat="39.57783" lon="21.13047">
				<ele>837.14</ele>
				<time>2026-08-06T19:28:21.938Z</time>
			</trkpt>
			<trkpt lat="39.57802" lon="21.13044">
				<ele>843.63</ele>
				<time>2026-08-06T19:28:24.271Z</time>
			</trkpt>
			<trkpt lat="39.57806" lon="21.1304">
				<ele>843.91</ele>
				<time>2026-08-06T19:28:24.885Z</time>
			</trkpt>
			<trkpt lat="39.5781" lon="21.13033">
				<ele>842.64</ele>
				<time>2026-08-06T19:28:25.703Z</time>
			</trkpt>
			<trkpt lat="39.57811" lon="21.13025">
				<ele>840.48</ele>
				<time>2026-08-06T19:28:26.462Z</time>
			</trkpt>
			<trkpt lat="39.5781" lon="21.12983">
				<ele>822.76</ele>
				<time>2026-08-06T19:28:30.394Z</time>
			</trkpt>
			<trkpt lat="39.57812" lon="21.12973">
				<ele>818.99</ele>
				<time>2026-08-06T19:28:31.359Z</time>
			</trkpt>
			<trkpt lat="39.57815" lon="21.12964">
				<ele>817.18</ele>
				<time>2026-08-06T19:28:32.274Z</time>
			</trkpt>
			<trkpt lat="39.57825" lon="21.12955">
				<ele>818.37</ele>
				<time>2026-08-06T19:28:33.747Z</time>
			</trkpt>
			<trkpt lat="39.5784" lon="21.12947">
				<ele>822.16</ele>
				<time>2026-08-06T19:28:35.707Z</time>
			</trkpt>
			<trkpt lat="39.57863" lon="21.12941">
				<ele>830.18</ele>
				<time>2026-08-06T19:28:38.536Z</time>
			</trkpt>
			<trkpt lat="39.57873" lon="21.1293">
				<ele>831.76</ele>
				<time>2026-08-06T19:28:40.115Z</time>
			</trkpt>
			<trkpt lat="39.57874" lon="21.12918">
				<ele>829.23</ele>
				<time>2026-08-06T19:28:41.234Z</time>
			</trkpt>
			<trkpt lat="39.57863" lon="21.129">
				<ele>821.49</ele>
				<time>2026-08-06T19:28:43.361Z</time>
			</trkpt>
			<trkpt lat="39.57857" lon="21.12885">
				<ele>815.71</ele>
				<time>2026-08-06T19:28:44.924Z</time>
			</trkpt>
			<trkpt lat="39.57858" lon="21.12865">
				<ele>814.65</ele>
				<time>2026-08-06T19:28:46.775Z</time>
			</trkpt>
			<trkpt lat="39.57867" lon="21.12841">
				<ele>818.97</ele>
				<time>2026-08-06T19:28:49.235Z</time>
			</trkpt>
			<trkpt lat="39.57869" lon="21.1283">
				<ele>819.67</ele>
				<time>2026-08-06T19:28:50.276Z</time>
			</trkpt>
			<trkpt lat="39.57869" lon="21.12821">
				<ele>819.41</ele>
				<time>2026-08-06T19:28:51.104Z</time>
			</trkpt>
			<trkpt lat="39.57861" lon="21.12792">
				<ele>811.15</ele>
				<time>2026-08-06T19:28:53.934Z</time>
			</trkpt>
			<trkpt lat="39.5786" lon="21.12784">
				<ele>809.98</ele>
				<time>2026-08-06T19:28:54.678Z</time>
			</trkpt>
			<trkpt lat="39.57864" lon="21.1275">
				<ele>804.56</ele>
				<time>2026-08-06T19:28:57.829Z</time>
			</trkpt>
			<trkpt lat="39.57863" lon="21.12722">
				<ele>793.38</ele>
				<time>2026-08-06T19:29:00.391Z</time>
			</trkpt>
			<trkpt lat="39.57871" lon="21.12702">
				<ele>797.23</ele>
				<time>2026-08-06T19:29:02.447Z</time>
			</trkpt>
			<trkpt lat="39.57883" lon="21.12684">
				<ele>803.4</ele>
				<time>2026-08-06T19:29:04.616Z</time>
			</trkpt>
			<trkpt lat="39.57893" lon="21.12648">
				<ele>808.25</ele>
				<time>2026-08-06T19:29:08.094Z</time>
			</trkpt>
			<trkpt lat="39.57892" lon="21.12607">
				<ele>807.19</ele>
				<time>2026-08-06T19:29:11.812Z</time>
			</trkpt>
			<trkpt lat="39.5789" lon="21.12592">
				<ele>809.71</ele>
				<time>2026-08-06T19:29:13.189Z</time>
			</trkpt>
			<trkpt lat="39.57876" lon="21.12553">
				<ele>798</ele>
				<time>2026-08-06T19:29:17.073Z</time>
			</trkpt>
			<trkpt lat="39.5787" lon="21.12525">
				<ele>789.54</ele>
				<time>2026-08-06T19:29:19.690Z</time>
			</trkpt>
			<trkpt lat="39.57871" lon="21.12505">
				<ele>787.79</ele>
				<time>2026-08-06T19:29:21.492Z</time>
			</trkpt>
			<trkpt lat="39.5788" lon="21.12474">
				<ele>795.69</ele>
				<time>2026-08-06T19:29:24.463Z</time>
			</trkpt>
			<trkpt lat="39.57878" lon="21.12465">
				<ele>792.9</ele>
				<time>2026-08-06T19:29:25.302Z</time>
			</trkpt>
			<trkpt lat="39.57874" lon="21.12458">
				<ele>787.6</ele>
				<time>2026-08-06T19:29:26.082Z</time>
			</trkpt>
			<trkpt lat="39.5787" lon="21.12459">
				<ele>784.43</ele>
				<time>2026-08-06T19:29:26.555Z</time>
			</trkpt>
			<trkpt lat="39.57867" lon="21.12467">
				<ele>782.55</ele>
				<time>2026-08-06T19:29:27.351Z</time>
			</trkpt>
			<trkpt lat="39.57855" lon="21.1251">
				<ele>774.32</ele>
				<time>2026-08-06T19:29:31.433Z</time>
			</trkpt>
			<trkpt lat="39.57853" lon="21.12544">
				<ele>776.42</ele>
				<time>2026-08-06T19:29:34.467Z</time>
			</trkpt>
			<trkpt lat="39.57858" lon="21.12585">
				<ele>784.7</ele>
				<time>2026-08-06T19:29:38.152Z</time>
			</trkpt>
			<trkpt lat="39.57857" lon="21.126">
				<ele>783.89</ele>
				<time>2026-08-06T19:29:39.485Z</time>
			</trkpt>
			<trkpt lat="39.57854" lon="21.12615">
				<ele>778.93</ele>
				<time>2026-08-06T19:29:40.856Z</time>
			</trkpt>
			<trkpt lat="39.57836" lon="21.12669">
				<ele>763.78</ele>
				<time>2026-08-06T19:29:46.048Z</time>
			</trkpt>
			<trkpt lat="39.57823" lon="21.12715">
				<ele>755.48</ele>
				<time>2026-08-06T19:29:50.354Z</time>
			</trkpt>
			<trkpt lat="39.57817" lon="21.12763">
				<ele>753.86</ele>
				<time>2026-08-06T19:29:54.613Z</time>
			</trkpt>
			<trkpt lat="39.5781" lon="21.12775">
				<ele>755.85</ele>
				<time>2026-08-06T19:29:55.928Z</time>
			</trkpt>
			<trkpt lat="39.57805" lon="21.12778">
				<ele>754.06</ele>
				<time>2026-08-06T19:29:56.552Z</time>
			</trkpt>
			<trkpt lat="39.57768" lon="21.12774">
				<ele>730.01</ele>
				<time>2026-08-06T19:30:00.749Z</time>
			</trkpt>
			<trkpt lat="39.57757" lon="21.12769">
				<ele>730.31</ele>
				<time>2026-08-06T19:30:02.063Z</time>
			</trkpt>
			<trkpt lat="39.57751" lon="21.12771">
				<ele>729.68</ele>
				<time>2026-08-06T19:30:02.761Z</time>
			</trkpt>
			<trkpt lat="39.57711" lon="21.1282">
				<ele>729.87</ele>
				<time>2026-08-06T19:30:08.943Z</time>
			</trkpt>
			<trkpt lat="39.57694" lon="21.12853">
				<ele>721.54</ele>
				<time>2026-08-06T19:30:12.366Z</time>
			</trkpt>
			<trkpt lat="39.57676" lon="21.12878">
				<ele>706.25</ele>
				<time>2026-08-06T19:30:15.309Z</time>
			</trkpt>
			<trkpt lat="39.57652" lon="21.12895">
				<ele>711.42</ele>
				<time>2026-08-06T19:30:18.353Z</time>
			</trkpt>
			<trkpt lat="39.57626" lon="21.12898">
				<ele>724.66</ele>
				<time>2026-08-06T19:30:21.251Z</time>
			</trkpt>
			<trkpt lat="39.576" lon="21.12892">
				<ele>738.66</ele>
				<time>2026-08-06T19:30:24.175Z</time>
			</trkpt>
			<trkpt lat="39.57584" lon="21.12895">
				<ele>745.53</ele>
				<time>2026-08-06T19:30:25.962Z</time>
			</trkpt>
			<trkpt lat="39.57573" lon="21.12899">
				<ele>753.83</ele>
				<time>2026-08-06T19:30:27.223Z</time>
			</trkpt>
			<trkpt lat="39.57453" lon="21.12997">
				<ele>815.45</ele>
				<time>2026-08-06T19:30:42.758Z</time>
			</trkpt>
			<trkpt lat="39.5743" lon="21.13022">
				<ele>799.07</ele>
				<time>2026-08-06T19:30:46.018Z</time>
			</trkpt>
			<trkpt lat="39.57407" lon="21.13052">
				<ele>793.97</ele>
				<time>2026-08-06T19:30:49.550Z</time>
			</trkpt>
			<trkpt lat="39.5739" lon="21.13079">
				<ele>799.92</ele>
				<time>2026-08-06T19:30:52.453Z</time>
			</trkpt>
			<trkpt lat="39.57385" lon="21.13105">
				<ele>804.62</ele>
				<time>2026-08-06T19:30:54.678Z</time>
			</trkpt>
			<trkpt lat="39.57367" lon="21.13153">
				<ele>765.11</ele>
				<time>2026-08-06T19:30:59.098Z</time>
			</trkpt>
			<trkpt lat="39.57339" lon="21.13204">
				<ele>742.93</ele>
				<time>2026-08-06T19:31:04.260Z</time>
			</trkpt>
			<trkpt lat="39.57313" lon="21.13235">
				<ele>753.03</ele>
				<time>2026-08-06T19:31:08.021Z</time>
			</trkpt>
			<trkpt lat="39.57299" lon="21.13249">
				<ele>756.89</ele>
				<time>2026-08-06T19:31:09.899Z</time>
			</trkpt>
			<trkpt lat="39.57269" lon="21.13265">
				<ele>759.38</ele>
				<time>2026-08-06T19:31:13.337Z</time>
			</trkpt>
			<trkpt lat="39.57137" lon="21.13312">
				<ele>752.67</ele>
				<time>2026-08-06T19:31:27.720Z</time>
			</trkpt>
			<trkpt lat="39.57065" lon="21.13317">
				<ele>774.44</ele>
				<time>2026-08-06T19:31:35.218Z</time>
			</trkpt>
			<trkpt lat="39.57033" lon="21.13314">
				<ele>783.17</ele>
				<time>2026-08-06T19:31:38.537Z</time>
			</trkpt>
			<trkpt lat="39.56992" lon="21.13316">
				<ele>792.55</ele>
				<time>2026-08-06T19:31:42.766Z</time>
			</trkpt>
			<trkpt lat="39.56955" lon="21.13323">
				<ele>746.82</ele>
				<time>2026-08-06T19:31:46.604Z</time>
			</trkpt>
			<trkpt lat="39.56944" lon="21.13319">
				<ele>731.69</ele>
				<time>2026-08-06T19:31:47.774Z</time>
			</trkpt>
			<trkpt lat="39.56933" lon="21.13312">
				<ele>735.67</ele>
				<time>2026-08-06T19:31:49.027Z</time>
			</trkpt>
			<trkpt lat="39.5692" lon="21.13297">
				<ele>743.35</ele>
				<time>2026-08-06T19:31:50.804Z</time>
			</trkpt>
			<trkpt lat="39.56902" lon="21.1327">
				<ele>764.86</ele>
				<time>2026-08-06T19:31:53.608Z</time>
			</trkpt>
			<trkpt lat="39.56887" lon="21.13255">
				<ele>762.45</ele>
				<time>2026-08-06T19:31:55.533Z</time>
			</trkpt>
			<trkpt lat="39.56849" lon="21.13227">
				<ele>728.91</ele>
				<time>2026-08-06T19:31:59.961Z</time>
			</trkpt>
			<trkpt lat="39.56836" lon="21.13211">
				<ele>720.51</ele>
				<time>2026-08-06T19:32:01.771Z</time>
			</trkpt>
			<trkpt lat="39.56831" lon="21.13199">
				<ele>718.46</ele>
				<time>2026-08-06T19:32:02.832Z</time>
			</trkpt>
			<trkpt lat="39.56828" lon="21.13187">
				<ele>722.16</ele>
				<time>2026-08-06T19:32:03.812Z</time>
			</trkpt>
			<trkpt lat="39.56817" lon="21.13124">
				<ele>759.12</ele>
				<time>2026-08-06T19:32:08.813Z</time>
			</trkpt>
			<trkpt lat="39.56807" lon="21.13104">
				<ele>753.71</ele>
				<time>2026-08-06T19:32:10.653Z</time>
			</trkpt>
			<trkpt lat="39.56801" lon="21.13096">
				<ele>746.78</ele>
				<time>2026-08-06T19:32:11.513Z</time>
			</trkpt>
			<trkpt lat="39.5679" lon="21.13089">
				<ele>731.76</ele>
				<time>2026-08-06T19:32:12.736Z</time>
			</trkpt>
			<trkpt lat="39.56763" lon="21.1308">
				<ele>704.9</ele>
				<time>2026-08-06T19:32:15.514Z</time>
			</trkpt>
			<trkpt lat="39.56753" lon="21.13075">
				<ele>699.65</ele>
				<time>2026-08-06T19:32:16.580Z</time>
			</trkpt>
			<trkpt lat="39.56734" lon="21.1305">
				<ele>703.77</ele>
				<time>2026-08-06T19:32:19.266Z</time>
			</trkpt>
			<trkpt lat="39.56715" lon="21.13014">
				<ele>726.28</ele>
				<time>2026-08-06T19:32:22.593Z</time>
			</trkpt>
			<trkpt lat="39.56688" lon="21.12951">
				<ele>733.49</ele>
				<time>2026-08-06T19:32:28.065Z</time>
			</trkpt>
			<trkpt lat="39.56669" lon="21.12919">
				<ele>700.94</ele>
				<time>2026-08-06T19:32:31.118Z</time>
			</trkpt>
			<trkpt lat="39.56647" lon="21.12897">
				<ele>691.14</ele>
				<time>2026-08-06T19:32:33.833Z</time>
			</trkpt>
			<trkpt lat="39.5663" lon="21.12875">
				<ele>698.73</ele>
				<time>2026-08-06T19:32:36.173Z</time>
			</trkpt>
			<trkpt lat="39.5658" lon="21.12798">
				<ele>684.72</ele>
				<time>2026-08-06T19:32:43.697Z</time>
			</trkpt>
			<trkpt lat="39.56566" lon="21.12784">
				<ele>671.21</ele>
				<time>2026-08-06T19:32:45.402Z</time>
			</trkpt>
			<trkpt lat="39.56559" lon="21.1278">
				<ele>662.77</ele>
				<time>2026-08-06T19:32:46.139Z</time>
			</trkpt>
			<trkpt lat="39.56553" lon="21.12772">
				<ele>654.95</ele>
				<time>2026-08-06T19:32:46.967Z</time>
			</trkpt>
			<trkpt lat="39.56548" lon="21.12762">
				<ele>650.7</ele>
				<time>2026-08-06T19:32:47.851Z</time>
			</trkpt>
			<trkpt lat="39.56547" lon="21.12745">
				<ele>653.55</ele>
				<time>2026-08-06T19:32:49.113Z</time>
			</trkpt>
			<trkpt lat="39.56548" lon="21.12725">
				<ele>662.77</ele>
				<time>2026-08-06T19:32:50.595Z</time>
			</trkpt>
			<trkpt lat="39.56554" lon="21.12685">
				<ele>665.97</ele>
				<time>2026-08-06T19:32:53.600Z</time>
			</trkpt>
			<trkpt lat="39.56562" lon="21.12661">
				<ele>666.09</ele>
				<time>2026-08-06T19:32:55.523Z</time>
			</trkpt>
			<trkpt lat="39.56569" lon="21.12645">
				<ele>664.69</ele>
				<time>2026-08-06T19:32:56.874Z</time>
			</trkpt>
			<trkpt lat="39.56571" lon="21.12634">
				<ele>662.05</ele>
				<time>2026-08-06T19:32:57.702Z</time>
			</trkpt>
			<trkpt lat="39.5657" lon="21.12628">
				<ele>658.31</ele>
				<time>2026-08-06T19:32:58.152Z</time>
			</trkpt>
			<trkpt lat="39.56565" lon="21.12627">
				<ele>655.19</ele>
				<time>2026-08-06T19:32:58.632Z</time>
			</trkpt>
			<trkpt lat="39.56558" lon="21.12637">
				<ele>657.84</ele>
				<time>2026-08-06T19:32:59.621Z</time>
			</trkpt>
			<trkpt lat="39.5655" lon="21.12667">
				<ele>662.15</ele>
				<time>2026-08-06T19:33:01.939Z</time>
			</trkpt>
			<trkpt lat="39.56548" lon="21.1267">
				<ele>661.3</ele>
				<time>2026-08-06T19:33:02.228Z</time>
			</trkpt>
			<trkpt lat="39.56545" lon="21.1267">
				<ele>659.98</ele>
				<time>2026-08-06T19:33:02.512Z</time>
			</trkpt>
			<trkpt lat="39.5654" lon="21.12668">
				<ele>657</ele>
				<time>2026-08-06T19:33:03.006Z</time>
			</trkpt>
			<trkpt lat="39.56539" lon="21.1266">
				<ele>653.91</ele>
				<time>2026-08-06T19:33:03.597Z</time>
			</trkpt>
			<trkpt lat="39.5654" lon="21.12654">
				<ele>652.13</ele>
				<time>2026-08-06T19:33:04.043Z</time>
			</trkpt>
			<trkpt lat="39.56546" lon="21.12633">
				<ele>647.21</ele>
				<time>2026-08-06T19:33:05.671Z</time>
			</trkpt>
			<trkpt lat="39.5656" lon="21.12594">
				<ele>637.5</ele>
				<time>2026-08-06T19:33:08.790Z</time>
			</trkpt>
			<trkpt lat="39.56571" lon="21.12583">
				<ele>637.9</ele>
				<time>2026-08-06T19:33:10.093Z</time>
			</trkpt>
			<trkpt lat="39.56579" lon="21.12579">
				<ele>638.31</ele>
				<time>2026-08-06T19:33:10.896Z</time>
			</trkpt>
			<trkpt lat="39.56585" lon="21.12572">
				<ele>635.22</ele>
				<time>2026-08-06T19:33:11.652Z</time>
			</trkpt>
			<trkpt lat="39.56595" lon="21.12543">
				<ele>624.61</ele>
				<time>2026-08-06T19:33:13.940Z</time>
			</trkpt>
			<trkpt lat="39.56601" lon="21.12532">
				<ele>623.18</ele>
				<time>2026-08-06T19:33:14.909Z</time>
			</trkpt>
			<trkpt lat="39.56614" lon="21.12515">
				<ele>627.41</ele>
				<time>2026-08-06T19:33:16.628Z</time>
			</trkpt>
			<trkpt lat="39.56624" lon="21.12496">
				<ele>631.9</ele>
				<time>2026-08-06T19:33:18.276Z</time>
			</trkpt>
			<trkpt lat="39.56634" lon="21.12463">
				<ele>636.67</ele>
				<time>2026-08-06T19:33:20.810Z</time>
			</trkpt>
			<trkpt lat="39.56642" lon="21.12409">
				<ele>635.39</ele>
				<time>2026-08-06T19:33:24.725Z</time>
			</trkpt>
			<trkpt lat="39.56667" lon="21.12356">
				<ele>627.36</ele>
				<time>2026-08-06T19:33:29.127Z</time>
			</trkpt>
			<trkpt lat="39.5669" lon="21.12294">
				<ele>618.51</ele>
				<time>2026-08-06T19:33:33.975Z</time>
			</trkpt>
			<trkpt lat="39.56699" lon="21.12278">
				<ele>623.43</ele>
				<time>2026-08-06T19:33:35.365Z</time>
			</trkpt>
			<trkpt lat="39.56703" lon="21.12266">
				<ele>626.2</ele>
				<time>2026-08-06T19:33:36.282Z</time>
			</trkpt>
			<trkpt lat="39.56704" lon="21.12251">
				<ele>627.73</ele>
				<time>2026-08-06T19:33:37.336Z</time>
			</trkpt>
			<trkpt lat="39.56702" lon="21.12237">
				<ele>628.61</ele>
				<time>2026-08-06T19:33:38.331Z</time>
			</trkpt>
			<trkpt lat="39.56699" lon="21.12229">
				<ele>628.6</ele>
				<time>2026-08-06T19:33:38.953Z</time>
			</trkpt>
			<trkpt lat="39.56686" lon="21.1221">
				<ele>625.8</ele>
				<time>2026-08-06T19:33:40.725Z</time>
			</trkpt>
			<trkpt lat="39.56676" lon="21.12184">
				<ele>622.19</ele>
				<time>2026-08-06T19:33:42.747Z</time>
			</trkpt>
			<trkpt lat="39.56675" lon="21.12158">
				<ele>620.3</ele>
				<time>2026-08-06T19:33:44.554Z</time>
			</trkpt>
			<trkpt lat="39.56679" lon="21.12145">
				<ele>620.42</ele>
				<time>2026-08-06T19:33:45.524Z</time>
			</trkpt>
			<trkpt lat="39.56686" lon="21.12134">
				<ele>622.57</ele>
				<time>2026-08-06T19:33:46.511Z</time>
			</trkpt>
			<trkpt lat="39.56698" lon="21.12122">
				<ele>627.48</ele>
				<time>2026-08-06T19:33:47.870Z</time>
			</trkpt>
			<trkpt lat="39.5672" lon="21.12107">
				<ele>636.42</ele>
				<time>2026-08-06T19:33:50.094Z</time>
			</trkpt>
			<trkpt lat="39.56732" lon="21.12097">
				<ele>639.09</ele>
				<time>2026-08-06T19:33:51.367Z</time>
			</trkpt>
			<trkpt lat="39.56741" lon="21.12085">
				<ele>639.21</ele>
				<time>2026-08-06T19:33:52.517Z</time>
			</trkpt>
			<trkpt lat="39.56745" lon="21.12069">
				<ele>637.58</ele>
				<time>2026-08-06T19:33:53.672Z</time>
			</trkpt>
			<trkpt lat="39.56743" lon="21.12053">
				<ele>634.8</ele>
				<time>2026-08-06T19:33:54.782Z</time>
			</trkpt>
			<trkpt lat="39.56714" lon="21.1198">
				<ele>639.1</ele>
				<time>2026-08-06T19:34:00.385Z</time>
			</trkpt>
			<trkpt lat="39.56705" lon="21.11962">
				<ele>638.9</ele>
				<time>2026-08-06T19:34:01.842Z</time>
			</trkpt>
			<trkpt lat="39.56698" lon="21.11946">
				<ele>639.89</ele>
				<time>2026-08-06T19:34:03.090Z</time>
			</trkpt>
			<trkpt lat="39.56684" lon="21.11886">
				<ele>640.56</ele>
				<time>2026-08-06T19:34:07.325Z</time>
			</trkpt>
			<trkpt lat="39.56675" lon="21.11856">
				<ele>631.32</ele>
				<time>2026-08-06T19:34:09.491Z</time>
			</trkpt>
			<trkpt lat="39.56674" lon="21.11835">
				<ele>628.42</ele>
				<time>2026-08-06T19:34:10.904Z</time>
			</trkpt>
			<trkpt lat="39.56686" lon="21.11812">
				<ele>632.97</ele>
				<time>2026-08-06T19:34:12.764Z</time>
			</trkpt>
			<trkpt lat="39.567" lon="21.11789">
				<ele>638.67</ele>
				<time>2026-08-06T19:34:14.722Z</time>
			</trkpt>
			<trkpt lat="39.56707" lon="21.11776">
				<ele>641.47</ele>
				<time>2026-08-06T19:34:15.780Z</time>
			</trkpt>
			<trkpt lat="39.56708" lon="21.11759">
				<ele>643.39</ele>
				<time>2026-08-06T19:34:16.915Z</time>
			</trkpt>
			<trkpt lat="39.56703" lon="21.11746">
				<ele>641.1</ele>
				<time>2026-08-06T19:34:17.881Z</time>
			</trkpt>
			<trkpt lat="39.56696" lon="21.11737">
				<ele>639.58</ele>
				<time>2026-08-06T19:34:18.730Z</time>
			</trkpt>
			<trkpt lat="39.56656" lon="21.11704">
				<ele>628.14</ele>
				<time>2026-08-06T19:34:22.801Z</time>
			</trkpt>
			<trkpt lat="39.56638" lon="21.11682">
				<ele>621.11</ele>
				<time>2026-08-06T19:34:24.916Z</time>
			</trkpt>
			<trkpt lat="39.56622" lon="21.11654">
				<ele>617.36</ele>
				<time>2026-08-06T19:34:27.207Z</time>
			</trkpt>
			<trkpt lat="39.56606" lon="21.11622">
				<ele>616.71</ele>
				<time>2026-08-06T19:34:29.706Z</time>
			</trkpt>
			<trkpt lat="39.56601" lon="21.11603">
				<ele>615.94</ele>
				<time>2026-08-06T19:34:31.018Z</time>
			</trkpt>
			<trkpt lat="39.566" lon="21.1157">
				<ele>612.15</ele>
				<time>2026-08-06T19:34:33.171Z</time>
			</trkpt>
			<trkpt lat="39.56605" lon="21.11516">
				<ele>606.8</ele>
				<time>2026-08-06T19:34:36.702Z</time>
			</trkpt>
			<trkpt lat="39.56604" lon="21.11452">
				<ele>607.56</ele>
				<time>2026-08-06T19:34:40.837Z</time>
			</trkpt>
			<trkpt lat="39.56601" lon="21.11439">
				<ele>607.95</ele>
				<time>2026-08-06T19:34:41.711Z</time>
			</trkpt>
			<trkpt lat="39.56592" lon="21.11419">
				<ele>606.97</ele>
				<time>2026-08-06T19:34:43.199Z</time>
			</trkpt>
			<trkpt lat="39.56563" lon="21.11373">
				<ele>601.49</ele>
				<time>2026-08-06T19:34:47.003Z</time>
			</trkpt>
			<trkpt lat="39.56553" lon="21.11341">
				<ele>604.82</ele>
				<time>2026-08-06T19:34:49.204Z</time>
			</trkpt>
			<trkpt lat="39.56547" lon="21.11329">
				<ele>605.61</ele>
				<time>2026-08-06T19:34:50.114Z</time>
			</trkpt>
			<trkpt lat="39.56538" lon="21.1132">
				<ele>604.71</ele>
				<time>2026-08-06T19:34:51.051Z</time>
			</trkpt>
			<trkpt lat="39.5651" lon="21.11303">
				<ele>601.22</ele>
				<time>2026-08-06T19:34:53.592Z</time>
			</trkpt>
			<trkpt lat="39.56502" lon="21.11294">
				<ele>599.78</ele>
				<time>2026-08-06T19:34:54.460Z</time>
			</trkpt>
			<trkpt lat="39.56497" lon="21.11282">
				<ele>599.35</ele>
				<time>2026-08-06T19:34:55.321Z</time>
			</trkpt>
			<trkpt lat="39.56487" lon="21.11199">
				<ele>598.23</ele>
				<time>2026-08-06T19:35:00.601Z</time>
			</trkpt>
			<trkpt lat="39.56487" lon="21.11145">
				<ele>599.94</ele>
				<time>2026-08-06T19:35:03.973Z</time>
			</trkpt>
			<trkpt lat="39.56491" lon="21.11065">
				<ele>594.08</ele>
				<time>2026-08-06T19:35:08.949Z</time>
			</trkpt>
			<trkpt lat="39.56488" lon="21.11037">
				<ele>592.34</ele>
				<time>2026-08-06T19:35:10.695Z</time>
			</trkpt>
			<trkpt lat="39.56478" lon="21.11017">
				<ele>591.47</ele>
				<time>2026-08-06T19:35:12.163Z</time>
			</trkpt>
			<trkpt lat="39.56452" lon="21.1099">
				<ele>589.67</ele>
				<time>2026-08-06T19:35:14.817Z</time>
			</trkpt>
			<trkpt lat="39.56445" lon="21.1098">
				<ele>589.55</ele>
				<time>2026-08-06T19:35:15.644Z</time>
			</trkpt>
			<trkpt lat="39.56442" lon="21.10968">
				<ele>588.75</ele>
				<time>2026-08-06T19:35:16.416Z</time>
			</trkpt>
			<trkpt lat="39.56439" lon="21.10942">
				<ele>585.54</ele>
				<time>2026-08-06T19:35:18.021Z</time>
			</trkpt>
			<trkpt lat="39.56438" lon="21.10937">
				<ele>583.97</ele>
				<time>2026-08-06T19:35:18.336Z</time>
			</trkpt>
			<trkpt lat="39.56458" lon="21.10917">
				<ele>587.66</ele>
				<time>2026-08-06T19:35:20.330Z</time>
			</trkpt>
			<trkpt lat="39.56468" lon="21.10903">
				<ele>589.44</ele>
				<time>2026-08-06T19:35:21.489Z</time>
			</trkpt>
			<trkpt lat="39.56476" lon="21.10888">
				<ele>591.49</ele>
				<time>2026-08-06T19:35:22.594Z</time>
			</trkpt>
			<trkpt lat="39.56481" lon="21.10867">
				<ele>593.98</ele>
				<time>2026-08-06T19:35:23.924Z</time>
			</trkpt>
			<trkpt lat="39.56483" lon="21.10842">
				<ele>596.62</ele>
				<time>2026-08-06T19:35:25.441Z</time>
			</trkpt>
			<trkpt lat="39.5648" lon="21.10819">
				<ele>598.08</ele>
				<time>2026-08-06T19:35:26.846Z</time>
			</trkpt>
			<trkpt lat="39.5647" lon="21.1079">
				<ele>596.85</ele>
				<time>2026-08-06T19:35:28.754Z</time>
			</trkpt>
			<trkpt lat="39.56469" lon="21.10783">
				<ele>596.95</ele>
				<time>2026-08-06T19:35:29.181Z</time>
			</trkpt>
			<trkpt lat="39.56472" lon="21.10778">
				<ele>597.93</ele>
				<time>2026-08-06T19:35:29.561Z</time>
			</trkpt>
			<trkpt lat="39.56476" lon="21.10775">
				<ele>599.26</ele>
				<time>2026-08-06T19:35:29.920Z</time>
			</trkpt>
			<trkpt lat="39.56483" lon="21.10776">
				<ele>601.71</ele>
				<time>2026-08-06T19:35:30.466Z</time>
			</trkpt>
			<trkpt lat="39.56497" lon="21.10784">
				<ele>605.87</ele>
				<time>2026-08-06T19:35:31.652Z</time>
			</trkpt>
			<trkpt lat="39.5651" lon="21.10796">
				<ele>611.01</ele>
				<time>2026-08-06T19:35:32.886Z</time>
			</trkpt>
			<trkpt lat="39.56523" lon="21.10818">
				<ele>615.71</ele>
				<time>2026-08-06T19:35:34.536Z</time>
			</trkpt>
			<trkpt lat="39.56532" lon="21.10837">
				<ele>617.93</ele>
				<time>2026-08-06T19:35:35.860Z</time>
			</trkpt>
			<trkpt lat="39.56537" lon="21.10856">
				<ele>616.45</ele>
				<time>2026-08-06T19:35:37.049Z</time>
			</trkpt>
			<trkpt lat="39.5654" lon="21.10879">
				<ele>613.53</ele>
				<time>2026-08-06T19:35:38.428Z</time>
			</trkpt>
			<trkpt lat="39.56545" lon="21.10902">
				<ele>612.5</ele>
				<time>2026-08-06T19:35:39.838Z</time>
			</trkpt>
			<trkpt lat="39.56555" lon="21.10922">
				<ele>613.74</ele>
				<time>2026-08-06T19:35:41.241Z</time>
			</trkpt>
			<trkpt lat="39.56577" lon="21.10949">
				<ele>619.87</ele>
				<time>2026-08-06T19:35:43.546Z</time>
			</trkpt>
			<trkpt lat="39.56583" lon="21.10966">
				<ele>623</ele>
				<time>2026-08-06T19:35:44.639Z</time>
			</trkpt>
			<trkpt lat="39.56589" lon="21.11021">
				<ele>630.94</ele>
				<time>2026-08-06T19:35:47.878Z</time>
			</trkpt>
			<trkpt lat="39.56588" lon="21.11029">
				<ele>631.4</ele>
				<time>2026-08-06T19:35:48.349Z</time>
			</trkpt>
			<trkpt lat="39.56569" lon="21.11079">
				<ele>629.55</ele>
				<time>2026-08-06T19:35:51.579Z</time>
			</trkpt>
			<trkpt lat="39.56569" lon="21.11091">
				<ele>630.26</ele>
				<time>2026-08-06T19:35:52.271Z</time>
			</trkpt>
			<trkpt lat="39.56572" lon="21.11096">
				<ele>631.83</ele>
				<time>2026-08-06T19:35:52.637Z</time>
			</trkpt>
			<trkpt lat="39.5658" lon="21.11097">
				<ele>635.39</ele>
				<time>2026-08-06T19:35:53.238Z</time>
			</trkpt>
			<trkpt lat="39.56596" lon="21.11069">
				<ele>640.28</ele>
				<time>2026-08-06T19:35:55.243Z</time>
			</trkpt>
			<trkpt lat="39.56627" lon="21.11023">
				<ele>652.03</ele>
				<time>2026-08-06T19:35:58.741Z</time>
			</trkpt>
			<trkpt lat="39.56645" lon="21.10978">
				<ele>655.86</ele>
				<time>2026-08-06T19:36:01.627Z</time>
			</trkpt>
			<trkpt lat="39.56653" lon="21.10952">
				<ele>658.83</ele>
				<time>2026-08-06T19:36:03.215Z</time>
			</trkpt>
			<trkpt lat="39.56655" lon="21.10926">
				<ele>661.3</ele>
				<time>2026-08-06T19:36:04.693Z</time>
			</trkpt>
			<trkpt lat="39.56654" lon="21.10897">
				<ele>663.75</ele>
				<time>2026-08-06T19:36:06.331Z</time>
			</trkpt>
			<trkpt lat="39.5665" lon="21.10877">
				<ele>664.45</ele>
				<time>2026-08-06T19:36:07.493Z</time>
			</trkpt>
			<trkpt lat="39.56639" lon="21.10839">
				<ele>664.51</ele>
				<time>2026-08-06T19:36:09.770Z</time>
			</trkpt>
			<trkpt lat="39.56619" lon="21.10809">
				<ele>656.83</ele>
				<time>2026-08-06T19:36:11.987Z</time>
			</trkpt>
			<trkpt lat="39.56605" lon="21.10785">
				<ele>654.07</ele>
				<time>2026-08-06T19:36:13.662Z</time>
			</trkpt>
			<trkpt lat="39.56603" lon="21.10767">
				<ele>655.53</ele>
				<time>2026-08-06T19:36:14.673Z</time>
			</trkpt>
			<trkpt lat="39.56606" lon="21.10752">
				<ele>658.13</ele>
				<time>2026-08-06T19:36:15.532Z</time>
			</trkpt>
			<trkpt lat="39.56614" lon="21.10738">
				<ele>660.34</ele>
				<time>2026-08-06T19:36:16.497Z</time>
			</trkpt>
			<trkpt lat="39.56627" lon="21.10725">
				<ele>663.08</ele>
				<time>2026-08-06T19:36:17.673Z</time>
			</trkpt>
			<trkpt lat="39.56636" lon="21.10719">
				<ele>665.26</ele>
				<time>2026-08-06T19:36:18.397Z</time>
			</trkpt>
			<trkpt lat="39.56652" lon="21.10718">
				<ele>670.04</ele>
				<time>2026-08-06T19:36:19.541Z</time>
			</trkpt>
			<trkpt lat="39.56682" lon="21.10722">
				<ele>678.45</ele>
				<time>2026-08-06T19:36:21.689Z</time>
			</trkpt>
			<trkpt lat="39.56698" lon="21.10717">
				<ele>680.22</ele>
				<time>2026-08-06T19:36:22.857Z</time>
			</trkpt>
			<trkpt lat="39.56711" lon="21.10709">
				<ele>679.71</ele>
				<time>2026-08-06T19:36:23.877Z</time>
			</trkpt>
			<trkpt lat="39.5673" lon="21.10689">
				<ele>678.9</ele>
				<time>2026-08-06T19:36:25.606Z</time>
			</trkpt>
			<trkpt lat="39.56757" lon="21.10652">
				<ele>684.68</ele>
				<time>2026-08-06T19:36:28.370Z</time>
			</trkpt>
			<trkpt lat="39.56786" lon="21.10607">
				<ele>689.54</ele>
				<time>2026-08-06T19:36:31.534Z</time>
			</trkpt>
			<trkpt lat="39.56814" lon="21.10556">
				<ele>696.02</ele>
				<time>2026-08-06T19:36:34.891Z</time>
			</trkpt>
			<trkpt lat="39.56819" lon="21.10544">
				<ele>697.4</ele>
				<time>2026-08-06T19:36:35.619Z</time>
			</trkpt>
			<trkpt lat="39.5682" lon="21.10529">
				<ele>697.97</ele>
				<time>2026-08-06T19:36:36.422Z</time>
			</trkpt>
			<trkpt lat="39.56819" lon="21.10511">
				<ele>699.25</ele>
				<time>2026-08-06T19:36:37.382Z</time>
			</trkpt>
			<trkpt lat="39.5681" lon="21.10474">
				<ele>701.33</ele>
				<time>2026-08-06T19:36:39.441Z</time>
			</trkpt>
			<trkpt lat="39.56812" lon="21.10461">
				<ele>704.35</ele>
				<time>2026-08-06T19:36:40.143Z</time>
			</trkpt>
			<trkpt lat="39.56818" lon="21.10455">
				<ele>707.44</ele>
				<time>2026-08-06T19:36:40.663Z</time>
			</trkpt>
			<trkpt lat="39.56826" lon="21.10455">
				<ele>710.34</ele>
				<time>2026-08-06T19:36:41.211Z</time>
			</trkpt>
			<trkpt lat="39.56836" lon="21.10463">
				<ele>711.7</ele>
				<time>2026-08-06T19:36:42.014Z</time>
			</trkpt>
			<trkpt lat="39.56856" lon="21.10495">
				<ele>712.42</ele>
				<time>2026-08-06T19:36:44.181Z</time>
			</trkpt>
			<trkpt lat="39.56862" lon="21.10515">
				<ele>712.97</ele>
				<time>2026-08-06T19:36:45.306Z</time>
			</trkpt>
			<trkpt lat="39.56869" lon="21.10546">
				<ele>716.15</ele>
				<time>2026-08-06T19:36:46.994Z</time>
			</trkpt>
			<trkpt lat="39.56868" lon="21.10605">
				<ele>719.66</ele>
				<time>2026-08-06T19:36:50.064Z</time>
			</trkpt>
			<trkpt lat="39.56866" lon="21.10624">
				<ele>720.21</ele>
				<time>2026-08-06T19:36:51.057Z</time>
			</trkpt>
			<trkpt lat="39.5686" lon="21.10643">
				<ele>720.77</ele>
				<time>2026-08-06T19:36:52.117Z</time>
			</trkpt>
			<trkpt lat="39.56848" lon="21.1067">
				<ele>722.51</ele>
				<time>2026-08-06T19:36:53.713Z</time>
			</trkpt>
			<trkpt lat="39.56848" lon="21.10677">
				<ele>724.18</ele>
				<time>2026-08-06T19:36:54.068Z</time>
			</trkpt>
			<trkpt lat="39.56852" lon="21.10681">
				<ele>726.33</ele>
				<time>2026-08-06T19:36:54.401Z</time>
			</trkpt>
			<trkpt lat="39.56858" lon="21.1068">
				<ele>728.35</ele>
				<time>2026-08-06T19:36:54.797Z</time>
			</trkpt>
			<trkpt lat="39.56865" lon="21.10677">
				<ele>729.61</ele>
				<time>2026-08-06T19:36:55.279Z</time>
			</trkpt>
			<trkpt lat="39.56899" lon="21.10619">
				<ele>732.32</ele>
				<time>2026-08-06T19:36:58.898Z</time>
			</trkpt>
			<trkpt lat="39.56935" lon="21.10537">
				<ele>742.76</ele>
				<time>2026-08-06T19:37:03.444Z</time>
			</trkpt>
			<trkpt lat="39.56947" lon="21.10478">
				<ele>750.65</ele>
				<time>2026-08-06T19:37:06.305Z</time>
			</trkpt>
			<trkpt lat="39.5695" lon="21.10469">
				<ele>751.83</ele>
				<time>2026-08-06T19:37:06.759Z</time>
			</trkpt>
			<trkpt lat="39.56987" lon="21.1043">
				<ele>758.54</ele>
				<time>2026-08-06T19:37:09.587Z</time>
			</trkpt>
			<trkpt lat="39.57001" lon="21.10409">
				<ele>759.96</ele>
				<time>2026-08-06T19:37:10.837Z</time>
			</trkpt>
			<trkpt lat="39.57005" lon="21.104">
				<ele>761.1</ele>
				<time>2026-08-06T19:37:11.302Z</time>
			</trkpt>
			<trkpt lat="39.57008" lon="21.10388">
				<ele>761.52</ele>
				<time>2026-08-06T19:37:11.864Z</time>
			</trkpt>
			<trkpt lat="39.57008" lon="21.1037">
				<ele>763.2</ele>
				<time>2026-08-06T19:37:12.662Z</time>
			</trkpt>
			<trkpt lat="39.57008" lon="21.10327">
				<ele>764.8</ele>
				<time>2026-08-06T19:37:14.550Z</time>
			</trkpt>
			<trkpt lat="39.57012" lon="21.10298">
				<ele>764.32</ele>
				<time>2026-08-06T19:37:15.827Z</time>
			</trkpt>
			<trkpt lat="39.57021" lon="21.10275">
				<ele>763.95</ele>
				<time>2026-08-06T19:37:16.936Z</time>
			</trkpt>
			<trkpt lat="39.57038" lon="21.10249">
				<ele>765.34</ele>
				<time>2026-08-06T19:37:18.388Z</time>
			</trkpt>
			<trkpt lat="39.57052" lon="21.10234">
				<ele>768.77</ele>
				<time>2026-08-06T19:37:19.381Z</time>
			</trkpt>
			<trkpt lat="39.57069" lon="21.10211">
				<ele>771.12</ele>
				<time>2026-08-06T19:37:20.714Z</time>
			</trkpt>
			<trkpt lat="39.5711" lon="21.10145">
				<ele>781.24</ele>
				<time>2026-08-06T19:37:24.197Z</time>
			</trkpt>
			<trkpt lat="39.57118" lon="21.10129">
				<ele>783.19</ele>
				<time>2026-08-06T19:37:24.968Z</time>
			</trkpt>
			<trkpt lat="39.57123" lon="21.1011">
				<ele>784.42</ele>
				<time>2026-08-06T19:37:25.775Z</time>
			</trkpt>
			<trkpt lat="39.5713" lon="21.10073">
				<ele>785.52</ele>
				<time>2026-08-06T19:37:27.295Z</time>
			</trkpt>
			<trkpt lat="39.5714" lon="21.10034">
				<ele>786.16</ele>
				<time>2026-08-06T19:37:28.915Z</time>
			</trkpt>
			<trkpt lat="39.57156" lon="21.09985">
				<ele>791.68</ele>
				<time>2026-08-06T19:37:30.987Z</time>
			</trkpt>
			<trkpt lat="39.57159" lon="21.09971">
				<ele>793.14</ele>
				<time>2026-08-06T19:37:31.547Z</time>
			</trkpt>
			<trkpt lat="39.57159" lon="21.09956">
				<ele>794.69</ele>
				<time>2026-08-06T19:37:32.124Z</time>
			</trkpt>
			<trkpt lat="39.57152" lon="21.09942">
				<ele>793.7</ele>
				<time>2026-08-06T19:37:32.762Z</time>
			</trkpt>
			<trkpt lat="39.57132" lon="21.09925">
				<ele>788.97</ele>
				<time>2026-08-06T19:37:33.942Z</time>
			</trkpt>
			<trkpt lat="39.57123" lon="21.09907">
				<ele>787.94</ele>
				<time>2026-08-06T19:37:34.752Z</time>
			</trkpt>
			<trkpt lat="39.57123" lon="21.09895">
				<ele>788.7</ele>
				<time>2026-08-06T19:37:35.204Z</time>
			</trkpt>
			<trkpt lat="39.57149" lon="21.09806">
				<ele>797.46</ele>
				<time>2026-08-06T19:37:38.739Z</time>
			</trkpt>
			<trkpt lat="39.57149" lon="21.09793">
				<ele>800.65</ele>
				<time>2026-08-06T19:37:39.216Z</time>
			</trkpt>
			<trkpt lat="39.57142" lon="21.09779">
				<ele>802.39</ele>
				<time>2026-08-06T19:37:39.826Z</time>
			</trkpt>
			<trkpt lat="39.5711" lon="21.09763">
				<ele>802.13</ele>
				<time>2026-08-06T19:37:41.442Z</time>
			</trkpt>
			<trkpt lat="39.57093" lon="21.09747">
				<ele>799.03</ele>
				<time>2026-08-06T19:37:42.424Z</time>
			</trkpt>
			<trkpt lat="39.57076" lon="21.09724">
				<ele>799.33</ele>
				<time>2026-08-06T19:37:43.566Z</time>
			</trkpt>
			<trkpt lat="39.57071" lon="21.09711">
				<ele>800.53</ele>
				<time>2026-08-06T19:37:44.084Z</time>
			</trkpt>
			<trkpt lat="39.5707" lon="21.09699">
				<ele>802.6</ele>
				<time>2026-08-06T19:37:44.514Z</time>
			</trkpt>
			<trkpt lat="39.57071" lon="21.09683">
				<ele>803.6</ele>
				<time>2026-08-06T19:37:45.084Z</time>
			</trkpt>
			<trkpt lat="39.57083" lon="21.09642">
				<ele>809.63</ele>
				<time>2026-08-06T19:37:46.632Z</time>
			</trkpt>
			<trkpt lat="39.571" lon="21.09594">
				<ele>824.19</ele>
				<time>2026-08-06T19:37:48.481Z</time>
			</trkpt>
			<trkpt lat="39.57103" lon="21.09581">
				<ele>827.63</ele>
				<time>2026-08-06T19:37:48.953Z</time>
			</trkpt>
			<trkpt lat="39.57104" lon="21.09568">
				<ele>829.76</ele>
				<time>2026-08-06T19:37:49.407Z</time>
			</trkpt>
			<trkpt lat="39.5709" lon="21.09462">
				<ele>823.46</ele>
				<time>2026-08-06T19:37:53.112Z</time>
			</trkpt>
			<trkpt lat="39.57091" lon="21.09423">
				<ele>823.02</ele>
				<time>2026-08-06T19:37:54.443Z</time>
			</trkpt>
			<trkpt lat="39.57106" lon="21.09354">
				<ele>830.79</ele>
				<time>2026-08-06T19:37:56.875Z</time>
			</trkpt>
			<trkpt lat="39.57112" lon="21.09337">
				<ele>828.63</ele>
				<time>2026-08-06T19:37:57.506Z</time>
			</trkpt>
			<trkpt lat="39.5712" lon="21.09321">
				<ele>829.37</ele>
				<time>2026-08-06T19:37:58.149Z</time>
			</trkpt>
			<trkpt lat="39.57139" lon="21.09291">
				<ele>835.69</ele>
				<time>2026-08-06T19:37:59.455Z</time>
			</trkpt>
			<trkpt lat="39.57148" lon="21.09274">
				<ele>838.57</ele>
				<time>2026-08-06T19:38:00.148Z</time>
			</trkpt>
			<trkpt lat="39.57149" lon="21.09265">
				<ele>838.15</ele>
				<time>2026-08-06T19:38:00.452Z</time>
			</trkpt>
			<trkpt lat="39.57148" lon="21.09232">
				<ele>832.36</ele>
				<time>2026-08-06T19:38:01.559Z</time>
			</trkpt>
			<trkpt lat="39.57149" lon="21.09215">
				<ele>830.57</ele>
				<time>2026-08-06T19:38:02.129Z</time>
			</trkpt>
			<trkpt lat="39.57152" lon="21.09201">
				<ele>830.42</ele>
				<time>2026-08-06T19:38:02.614Z</time>
			</trkpt>
			<trkpt lat="39.5716" lon="21.09187">
				<ele>831.21</ele>
				<time>2026-08-06T19:38:03.197Z</time>
			</trkpt>
			<trkpt lat="39.5717" lon="21.09176">
				<ele>831.81</ele>
				<time>2026-08-06T19:38:03.764Z</time>
			</trkpt>
			<trkpt lat="39.57197" lon="21.09151">
				<ele>834.09</ele>
				<time>2026-08-06T19:38:05.200Z</time>
			</trkpt>
			<trkpt lat="39.57204" lon="21.09138">
				<ele>835.06</ele>
				<time>2026-08-06T19:38:05.728Z</time>
			</trkpt>
			<trkpt lat="39.57207" lon="21.09124">
				<ele>835.12</ele>
				<time>2026-08-06T19:38:06.212Z</time>
			</trkpt>
			<trkpt lat="39.57207" lon="21.09048">
				<ele>830.36</ele>
				<time>2026-08-06T19:38:08.744Z</time>
			</trkpt>
			<trkpt lat="39.57213" lon="21.09031">
				<ele>831.54</ele>
				<time>2026-08-06T19:38:09.368Z</time>
			</trkpt>
			<trkpt lat="39.57223" lon="21.09015">
				<ele>832.53</ele>
				<time>2026-08-06T19:38:10.054Z</time>
			</trkpt>
			<trkpt lat="39.57263" lon="21.08968">
				<ele>829.07</ele>
				<time>2026-08-06T19:38:12.392Z</time>
			</trkpt>
			<trkpt lat="39.57268" lon="21.08958">
				<ele>828.75</ele>
				<time>2026-08-06T19:38:12.790Z</time>
			</trkpt>
			<trkpt lat="39.57268" lon="21.08952">
				<ele>827.21</ele>
				<time>2026-08-06T19:38:12.991Z</time>
			</trkpt>
			<trkpt lat="39.57256" lon="21.08917">
				<ele>818.14</ele>
				<time>2026-08-06T19:38:14.274Z</time>
			</trkpt>
			<trkpt lat="39.57238" lon="21.08874">
				<ele>814.99</ele>
				<time>2026-08-06T19:38:15.918Z</time>
			</trkpt>
			<trkpt lat="39.57223" lon="21.08844">
				<ele>811.45</ele>
				<time>2026-08-06T19:38:17.122Z</time>
			</trkpt>
			<trkpt lat="39.57211" lon="21.08811">
				<ele>809.83</ele>
				<time>2026-08-06T19:38:18.356Z</time>
			</trkpt>
			<trkpt lat="39.57208" lon="21.08789">
				<ele>811.03</ele>
				<time>2026-08-06T19:38:19.113Z</time>
			</trkpt>
			<trkpt lat="39.57205" lon="21.08778">
				<ele>811.14</ele>
				<time>2026-08-06T19:38:19.509Z</time>
			</trkpt>
			<trkpt lat="39.57201" lon="21.08772">
				<ele>810.73</ele>
				<time>2026-08-06T19:38:19.779Z</time>
			</trkpt>
			<trkpt lat="39.57191" lon="21.08764">
				<ele>807.98</ele>
				<time>2026-08-06T19:38:20.298Z</time>
			</trkpt>
			<trkpt lat="39.57186" lon="21.08754">
				<ele>807.45</ele>
				<time>2026-08-06T19:38:20.704Z</time>
			</trkpt>
			<trkpt lat="39.57184" lon="21.08744">
				<ele>807.14</ele>
				<time>2026-08-06T19:38:21.056Z</time>
			</trkpt>
			<trkpt lat="39.57184" lon="21.08732">
				<ele>807.37</ele>
				<time>2026-08-06T19:38:21.467Z</time>
			</trkpt>
			<trkpt lat="39.57197" lon="21.08705">
				<ele>812.73</ele>
				<time>2026-08-06T19:38:22.558Z</time>
			</trkpt>
			<trkpt lat="39.5721" lon="21.08686">
				<ele>817.43</ele>
				<time>2026-08-06T19:38:23.431Z</time>
			</trkpt>
			<trkpt lat="39.57212" lon="21.08679">
				<ele>817.54</ele>
				<time>2026-08-06T19:38:23.689Z</time>
			</trkpt>
			<trkpt lat="39.57214" lon="21.08663">
				<ele>816.34</ele>
				<time>2026-08-06T19:38:24.249Z</time>
			</trkpt>
			<trkpt lat="39.57212" lon="21.08648">
				<ele>814.34</ele>
				<time>2026-08-06T19:38:24.775Z</time>
			</trkpt>
			<trkpt lat="39.57227" lon="21.08631">
				<ele>819</ele>
				<time>2026-08-06T19:38:25.673Z</time>
			</trkpt>
			<trkpt lat="39.57251" lon="21.08613">
				<ele>825.04</ele>
				<time>2026-08-06T19:38:26.927Z</time>
			</trkpt>
			<trkpt lat="39.57268" lon="21.08591">
				<ele>828.9</ele>
				<time>2026-08-06T19:38:28.020Z</time>
			</trkpt>
			<trkpt lat="39.57299" lon="21.08571">
				<ele>836</ele>
				<time>2026-08-06T19:38:29.606Z</time>
			</trkpt>
			<trkpt lat="39.57303" lon="21.08566">
				<ele>836.71</ele>
				<time>2026-08-06T19:38:29.862Z</time>
			</trkpt>
			<trkpt lat="39.57307" lon="21.08558">
				<ele>836.71</ele>
				<time>2026-08-06T19:38:30.201Z</time>
			</trkpt>
			<trkpt lat="39.5731" lon="21.08538">
				<ele>835.9</ele>
				<time>2026-08-06T19:38:30.927Z</time>
			</trkpt>
			<trkpt lat="39.5731" lon="21.08494">
				<ele>837.75</ele>
				<time>2026-08-06T19:38:32.505Z</time>
			</trkpt>
			<trkpt lat="39.57308" lon="21.08482">
				<ele>837.98</ele>
				<time>2026-08-06T19:38:32.947Z</time>
			</trkpt>
			<trkpt lat="39.57291" lon="21.0843">
				<ele>838.02</ele>
				<time>2026-08-06T19:38:34.999Z</time>
			</trkpt>
			<trkpt lat="39.57287" lon="21.08407">
				<ele>836.79</ele>
				<time>2026-08-06T19:38:35.863Z</time>
			</trkpt>
			<trkpt lat="39.57287" lon="21.08389">
				<ele>836.2</ele>
				<time>2026-08-06T19:38:36.526Z</time>
			</trkpt>
			<trkpt lat="39.57294" lon="21.08332">
				<ele>840.29</ele>
				<time>2026-08-06T19:38:38.669Z</time>
			</trkpt>
			<trkpt lat="39.57303" lon="21.08302">
				<ele>841.1</ele>
				<time>2026-08-06T19:38:39.878Z</time>
			</trkpt>
			<trkpt lat="39.57313" lon="21.0828">
				<ele>839.37</ele>
				<time>2026-08-06T19:38:40.844Z</time>
			</trkpt>
			<trkpt lat="39.57322" lon="21.0827">
				<ele>839.15</ele>
				<time>2026-08-06T19:38:41.428Z</time>
			</trkpt>
			<trkpt lat="39.57329" lon="21.08267">
				<ele>839.71</ele>
				<time>2026-08-06T19:38:41.792Z</time>
			</trkpt>
			<trkpt lat="39.57333" lon="21.08268">
				<ele>840.91</ele>
				<time>2026-08-06T19:38:41.994Z</time>
			</trkpt>
			<trkpt lat="39.57335" lon="21.0827">
				<ele>842.13</ele>
				<time>2026-08-06T19:38:42.120Z</time>
			</trkpt>
			<trkpt lat="39.57335" lon="21.083">
				<ele>847.66</ele>
				<time>2026-08-06T19:38:43.272Z</time>
			</trkpt>
			<trkpt lat="39.57345" lon="21.08396">
				<ele>853.33</ele>
				<time>2026-08-06T19:38:47.057Z</time>
			</trkpt>
			<trkpt lat="39.57349" lon="21.08406">
				<ele>853.76</ele>
				<time>2026-08-06T19:38:47.503Z</time>
			</trkpt>
			<trkpt lat="39.57367" lon="21.08428">
				<ele>858.13</ele>
				<time>2026-08-06T19:38:48.784Z</time>
			</trkpt>
			<trkpt lat="39.57387" lon="21.08444">
				<ele>864.57</ele>
				<time>2026-08-06T19:38:50.011Z</time>
			</trkpt>
			<trkpt lat="39.57391" lon="21.08444">
				<ele>865.58</ele>
				<time>2026-08-06T19:38:50.221Z</time>
			</trkpt>
			<trkpt lat="39.57396" lon="21.08442">
				<ele>866.69</ele>
				<time>2026-08-06T19:38:50.497Z</time>
			</trkpt>
			<trkpt lat="39.57398" lon="21.08438">
				<ele>867.55</ele>
				<time>2026-08-06T19:38:50.690Z</time>
			</trkpt>
			<trkpt lat="39.57398" lon="21.08421">
				<ele>868.62</ele>
				<time>2026-08-06T19:38:51.383Z</time>
			</trkpt>
			<trkpt lat="39.57391" lon="21.08399">
				<ele>867.73</ele>
				<time>2026-08-06T19:38:52.359Z</time>
			</trkpt>
			<trkpt lat="39.57391" lon="21.08379">
				<ele>866.84</ele>
				<time>2026-08-06T19:38:53.185Z</time>
			</trkpt>
			<trkpt lat="39.57394" lon="21.0836">
				<ele>866.26</ele>
				<time>2026-08-06T19:38:53.990Z</time>
			</trkpt>
			<trkpt lat="39.57399" lon="21.08347">
				<ele>866.13</ele>
				<time>2026-08-06T19:38:54.597Z</time>
			</trkpt>
			<trkpt lat="39.57408" lon="21.08336">
				<ele>866.38</ele>
				<time>2026-08-06T19:38:55.269Z</time>
			</trkpt>
			<trkpt lat="39.57425" lon="21.08316">
				<ele>865.07</ele>
				<time>2026-08-06T19:38:56.527Z</time>
			</trkpt>
			<trkpt lat="39.57435" lon="21.08309">
				<ele>863.3</ele>
				<time>2026-08-06T19:38:57.155Z</time>
			</trkpt>
			<trkpt lat="39.5744" lon="21.08309">
				<ele>863.19</ele>
				<time>2026-08-06T19:38:57.432Z</time>
			</trkpt>
			<trkpt lat="39.57444" lon="21.08311">
				<ele>863.73</ele>
				<time>2026-08-06T19:38:57.669Z</time>
			</trkpt>
			<trkpt lat="39.5745" lon="21.08321">
				<ele>867.26</ele>
				<time>2026-08-06T19:38:58.213Z</time>
			</trkpt>
			<trkpt lat="39.5747" lon="21.08329">
				<ele>871.93</ele>
				<time>2026-08-06T19:38:59.385Z</time>
			</trkpt>
			<trkpt lat="39.57491" lon="21.08331">
				<ele>876.9</ele>
				<time>2026-08-06T19:39:00.575Z</time>
			</trkpt>
			<trkpt lat="39.57502" lon="21.08324">
				<ele>878.22</ele>
				<time>2026-08-06T19:39:01.273Z</time>
			</trkpt>
			<trkpt lat="39.57505" lon="21.08319">
				<ele>878.21</ele>
				<time>2026-08-06T19:39:01.552Z</time>
			</trkpt>
			<trkpt lat="39.57507" lon="21.0831">
				<ele>877.34</ele>
				<time>2026-08-06T19:39:01.965Z</time>
			</trkpt>
			<trkpt lat="39.5751" lon="21.08276">
				<ele>874.22</ele>
				<time>2026-08-06T19:39:03.487Z</time>
			</trkpt>
			<trkpt lat="39.57509" lon="21.0826">
				<ele>873.31</ele>
				<time>2026-08-06T19:39:04.207Z</time>
			</trkpt>
			<trkpt lat="39.57506" lon="21.08247">
				<ele>872.23</ele>
				<time>2026-08-06T19:39:04.819Z</time>
			</trkpt>
			<trkpt lat="39.57487" lon="21.08208">
				<ele>865.65</ele>
				<time>2026-08-06T19:39:06.920Z</time>
			</trkpt>
			<trkpt lat="39.57486" lon="21.08198">
				<ele>864.76</ele>
				<time>2026-08-06T19:39:07.384Z</time>
			</trkpt>
			<trkpt lat="39.57489" lon="21.08179">
				<ele>863.36</ele>
				<time>2026-08-06T19:39:08.280Z</time>
			</trkpt>
			<trkpt lat="39.57496" lon="21.08171">
				<ele>863.27</ele>
				<time>2026-08-06T19:39:08.843Z</time>
			</trkpt>
			<trkpt lat="39.57524" lon="21.08164">
				<ele>868.16</ele>
				<time>2026-08-06T19:39:10.577Z</time>
			</trkpt>
			<trkpt lat="39.57527" lon="21.08162">
				<ele>868.52</ele>
				<time>2026-08-06T19:39:10.783Z</time>
			</trkpt>
			<trkpt lat="39.57528" lon="21.08155">
				<ele>868.53</ele>
				<time>2026-08-06T19:39:11.120Z</time>
			</trkpt>
			<trkpt lat="39.57528" lon="21.0815">
				<ele>867.95</ele>
				<time>2026-08-06T19:39:11.357Z</time>
			</trkpt>
			<trkpt lat="39.57515" lon="21.08127">
				<ele>864.07</ele>
				<time>2026-08-06T19:39:12.717Z</time>
			</trkpt>
			<trkpt lat="39.57513" lon="21.08117">
				<ele>863.1</ele>
				<time>2026-08-06T19:39:13.213Z</time>
			</trkpt>
			<trkpt lat="39.57516" lon="21.08097">
				<ele>863.13</ele>
				<time>2026-08-06T19:39:14.197Z</time>
			</trkpt>
			<trkpt lat="39.57524" lon="21.08075">
				<ele>864.37</ele>
				<time>2026-08-06T19:39:15.381Z</time>
			</trkpt>
			<trkpt lat="39.57525" lon="21.08058">
				<ele>863.65</ele>
				<time>2026-08-06T19:39:16.217Z</time>
			</trkpt>
			<trkpt lat="39.57519" lon="21.08023">
				<ele>860.57</ele>
				<time>2026-08-06T19:39:17.993Z</time>
			</trkpt>
			<trkpt lat="39.57512" lon="21.08007">
				<ele>859.68</ele>
				<time>2026-08-06T19:39:18.913Z</time>
			</trkpt>
			<trkpt lat="39.57506" lon="21.08003">
				<ele>858.85</ele>
				<time>2026-08-06T19:39:19.352Z</time>
			</trkpt>
			<trkpt lat="39.575" lon="21.08002">
				<ele>857.93</ele>
				<time>2026-08-06T19:39:19.748Z</time>
			</trkpt>
			<trkpt lat="39.57478" lon="21.08007">
				<ele>856.21</ele>
				<time>2026-08-06T19:39:21.218Z</time>
			</trkpt>
			<trkpt lat="39.57384" lon="21.08042">
				<ele>850.31</ele>
				<time>2026-08-06T19:39:27.846Z</time>
			</trkpt>
			<trkpt lat="39.57371" lon="21.08043">
				<ele>848.23</ele>
				<time>2026-08-06T19:39:28.752Z</time>
			</trkpt>
			<trkpt lat="39.57349" lon="21.08039">
				<ele>846.04</ele>
				<time>2026-08-06T19:39:30.311Z</time>
			</trkpt>
			<trkpt lat="39.57343" lon="21.08035">
				<ele>845.73</ele>
				<time>2026-08-06T19:39:30.788Z</time>
			</trkpt>
			<trkpt lat="39.57338" lon="21.08029">
				<ele>845.52</ele>
				<time>2026-08-06T19:39:31.272Z</time>
			</trkpt>
			<trkpt lat="39.57335" lon="21.08017">
				<ele>844.19</ele>
				<time>2026-08-06T19:39:31.964Z</time>
			</trkpt>
			<trkpt lat="39.57334" lon="21.07996">
				<ele>841.34</ele>
				<time>2026-08-06T19:39:33.127Z</time>
			</trkpt>
			<trkpt lat="39.57336" lon="21.07987">
				<ele>839.31</ele>
				<time>2026-08-06T19:39:33.647Z</time>
			</trkpt>
			<trkpt lat="39.5734" lon="21.0798">
				<ele>838.52</ele>
				<time>2026-08-06T19:39:34.133Z</time>
			</trkpt>
			<trkpt lat="39.57357" lon="21.07963">
				<ele>839.96</ele>
				<time>2026-08-06T19:39:35.697Z</time>
			</trkpt>
			<trkpt lat="39.57378" lon="21.07945">
				<ele>842.34</ele>
				<time>2026-08-06T19:39:37.551Z</time>
			</trkpt>
			<trkpt lat="39.57413" lon="21.07921">
				<ele>839.03</ele>
				<time>2026-08-06T19:39:40.561Z</time>
			</trkpt>
			<trkpt lat="39.57466" lon="21.07898">
				<ele>839.14</ele>
				<time>2026-08-06T19:39:45.353Z</time>
			</trkpt>
			<trkpt lat="39.5751" lon="21.07869">
				<ele>834.48</ele>
				<time>2026-08-06T19:39:50.066Z</time>
			</trkpt>
			<trkpt lat="39.57545" lon="21.0786">
				<ele>833.82</ele>
				<time>2026-08-06T19:39:53.703Z</time>
			</trkpt>
			<trkpt lat="39.57573" lon="21.07849">
				<ele>834.9</ele>
				<time>2026-08-06T19:39:56.802Z</time>
			</trkpt>
			<trkpt lat="39.57591" lon="21.07837">
				<ele>835.29</ele>
				<time>2026-08-06T19:39:58.997Z</time>
			</trkpt>
			<trkpt lat="39.57598" lon="21.07828">
				<ele>836.32</ele>
				<time>2026-08-06T19:40:00.079Z</time>
			</trkpt>
			<trkpt lat="39.576" lon="21.07821">
				<ele>836.67</ele>
				<time>2026-08-06T19:40:00.715Z</time>
			</trkpt>
			<trkpt lat="39.576" lon="21.07812">
				<ele>835.26</ele>
				<time>2026-08-06T19:40:01.484Z</time>
			</trkpt>
			<trkpt lat="39.57598" lon="21.07803">
				<ele>833.61</ele>
				<time>2026-08-06T19:40:02.288Z</time>
			</trkpt>
			<trkpt lat="39.57578" lon="21.07761">
				<ele>829.38</ele>
				<time>2026-08-06T19:40:06.574Z</time>
			</trkpt>
			<trkpt lat="39.5757" lon="21.07723">
				<ele>829.24</ele>
				<time>2026-08-06T19:40:10.032Z</time>
			</trkpt>
			<trkpt lat="39.57563" lon="21.07708">
				<ele>827.93</ele>
				<time>2026-08-06T19:40:11.577Z</time>
			</trkpt>
			<trkpt lat="39.5755" lon="21.077">
				<ele>824.84</ele>
				<time>2026-08-06T19:40:13.222Z</time>
			</trkpt>
			<trkpt lat="39.57542" lon="21.07698">
				<ele>822.89</ele>
				<time>2026-08-06T19:40:14.153Z</time>
			</trkpt>
			<trkpt lat="39.57521" lon="21.07689">
				<ele>818.5</ele>
				<time>2026-08-06T19:40:16.675Z</time>
			</trkpt>
			<trkpt lat="39.57515" lon="21.07683">
				<ele>816.96</ele>
				<time>2026-08-06T19:40:17.536Z</time>
			</trkpt>
			<trkpt lat="39.57507" lon="21.07668">
				<ele>815.85</ele>
				<time>2026-08-06T19:40:19.129Z</time>
			</trkpt>
			<trkpt lat="39.57507" lon="21.07655">
				<ele>815.13</ele>
				<time>2026-08-06T19:40:20.258Z</time>
			</trkpt>
			<trkpt lat="39.5751" lon="21.07647">
				<ele>815.35</ele>
				<time>2026-08-06T19:40:21.028Z</time>
			</trkpt>
			<trkpt lat="39.57531" lon="21.07621">
				<ele>815.33</ele>
				<time>2026-08-06T19:40:24.255Z</time>
			</trkpt>
			<trkpt lat="39.57569" lon="21.07581">
				<ele>813.92</ele>
				<time>2026-08-06T19:40:29.535Z</time>
			</trkpt>
			<trkpt lat="39.57571" lon="21.07571">
				<ele>811.21</ele>
				<time>2026-08-06T19:40:30.371Z</time>
			</trkpt>
			<trkpt lat="39.57567" lon="21.07565">
				<ele>808.54</ele>
				<time>2026-08-06T19:40:31.007Z</time>
			</trkpt>
			<trkpt lat="39.57559" lon="21.07566">
				<ele>807.27</ele>
				<time>2026-08-06T19:40:31.837Z</time>
			</trkpt>
			<trkpt lat="39.57517" lon="21.07604">
				<ele>807.15</ele>
				<time>2026-08-06T19:40:36.906Z</time>
			</trkpt>
			<trkpt lat="39.57472" lon="21.07628">
				<ele>803.27</ele>
				<time>2026-08-06T19:40:41.315Z</time>
			</trkpt>
			<trkpt lat="39.5744" lon="21.07637">
				<ele>799.57</ele>
				<time>2026-08-06T19:40:44.035Z</time>
			</trkpt>
			<trkpt lat="39.57431" lon="21.07637">
				<ele>797.02</ele>
				<time>2026-08-06T19:40:44.768Z</time>
			</trkpt>
			<trkpt lat="39.57414" lon="21.07634">
				<ele>792.29</ele>
				<time>2026-08-06T19:40:46.162Z</time>
			</trkpt>
			<trkpt lat="39.57401" lon="21.07629">
				<ele>790.47</ele>
				<time>2026-08-06T19:40:47.260Z</time>
			</trkpt>
			<trkpt lat="39.57377" lon="21.07617">
				<ele>792.04</ele>
				<time>2026-08-06T19:40:49.331Z</time>
			</trkpt>
			<trkpt lat="39.57355" lon="21.07613">
				<ele>794.5</ele>
				<time>2026-08-06T19:40:51.109Z</time>
			</trkpt>
			<trkpt lat="39.5734" lon="21.07619">
				<ele>795.35</ele>
				<time>2026-08-06T19:40:52.359Z</time>
			</trkpt>
			<trkpt lat="39.57298" lon="21.0765">
				<ele>790.06</ele>
				<time>2026-08-06T19:40:56.177Z</time>
			</trkpt>
			<trkpt lat="39.5729" lon="21.07651">
				<ele>789.83</ele>
				<time>2026-08-06T19:40:56.808Z</time>
			</trkpt>
			<trkpt lat="39.57265" lon="21.07649">
				<ele>790.94</ele>
				<time>2026-08-06T19:40:58.765Z</time>
			</trkpt>
			<trkpt lat="39.57239" lon="21.07654">
				<ele>788.96</ele>
				<time>2026-08-06T19:41:00.805Z</time>
			</trkpt>
			<trkpt lat="39.5723" lon="21.07655">
				<ele>788.69</ele>
				<time>2026-08-06T19:41:01.503Z</time>
			</trkpt>
			<trkpt lat="39.57221" lon="21.07652">
				<ele>788.88</ele>
				<time>2026-08-06T19:41:02.220Z</time>
			</trkpt>
			<trkpt lat="39.57209" lon="21.07646">
				<ele>788.01</ele>
				<time>2026-08-06T19:41:03.209Z</time>
			</trkpt>
			<trkpt lat="39.57201" lon="21.07638">
				<ele>788.25</ele>
				<time>2026-08-06T19:41:03.983Z</time>
			</trkpt>
			<trkpt lat="39.57197" lon="21.0763">
				<ele>787.86</ele>
				<time>2026-08-06T19:41:04.545Z</time>
			</trkpt>
			<trkpt lat="39.57194" lon="21.0762">
				<ele>787.7</ele>
				<time>2026-08-06T19:41:05.177Z</time>
			</trkpt>
			<trkpt lat="39.57194" lon="21.07606">
				<ele>787.55</ele>
				<time>2026-08-06T19:41:05.999Z</time>
			</trkpt>
			<trkpt lat="39.57197" lon="21.07597">
				<ele>787.43</ele>
				<time>2026-08-06T19:41:06.573Z</time>
			</trkpt>
			<trkpt lat="39.57216" lon="21.07561">
				<ele>787.36</ele>
				<time>2026-08-06T19:41:09.116Z</time>
			</trkpt>
			<trkpt lat="39.57226" lon="21.07534">
				<ele>782.48</ele>
				<time>2026-08-06T19:41:10.850Z</time>
			</trkpt>
			<trkpt lat="39.57234" lon="21.07521">
				<ele>779.97</ele>
				<time>2026-08-06T19:41:11.809Z</time>
			</trkpt>
			<trkpt lat="39.57252" lon="21.07501">
				<ele>777.2</ele>
				<time>2026-08-06T19:41:13.572Z</time>
			</trkpt>
			<trkpt lat="39.57275" lon="21.07486">
				<ele>777.7</ele>
				<time>2026-08-06T19:41:15.477Z</time>
			</trkpt>
			<trkpt lat="39.57282" lon="21.07478">
				<ele>778.03</ele>
				<time>2026-08-06T19:41:16.164Z</time>
			</trkpt>
			<trkpt lat="39.57289" lon="21.07468">
				<ele>777.46</ele>
				<time>2026-08-06T19:41:16.929Z</time>
			</trkpt>
			<trkpt lat="39.57293" lon="21.07457">
				<ele>776.01</ele>
				<time>2026-08-06T19:41:17.616Z</time>
			</trkpt>
			<trkpt lat="39.57302" lon="21.07425">
				<ele>770.21</ele>
				<time>2026-08-06T19:41:19.532Z</time>
			</trkpt>
			<trkpt lat="39.57307" lon="21.07421">
				<ele>769.5</ele>
				<time>2026-08-06T19:41:19.959Z</time>
			</trkpt>
			<trkpt lat="39.57314" lon="21.07419">
				<ele>768.55</ele>
				<time>2026-08-06T19:41:20.479Z</time>
			</trkpt>
			<trkpt lat="39.57324" lon="21.07419">
				<ele>768.11</ele>
				<time>2026-08-06T19:41:21.204Z</time>
			</trkpt>
			<trkpt lat="39.57335" lon="21.07427">
				<ele>769.02</ele>
				<time>2026-08-06T19:41:22.115Z</time>
			</trkpt>
			<trkpt lat="39.57341" lon="21.07439">
				<ele>768.41</ele>
				<time>2026-08-06T19:41:22.909Z</time>
			</trkpt>
			<trkpt lat="39.5736" lon="21.0749">
				<ele>767.3</ele>
				<time>2026-08-06T19:41:26.033Z</time>
			</trkpt>
			<trkpt lat="39.5737" lon="21.07508">
				<ele>768.42</ele>
				<time>2026-08-06T19:41:27.248Z</time>
			</trkpt>
			<trkpt lat="39.57378" lon="21.07517">
				<ele>768.53</ele>
				<time>2026-08-06T19:41:27.997Z</time>
			</trkpt>
			<trkpt lat="39.57391" lon="21.07526">
				<ele>766.11</ele>
				<time>2026-08-06T19:41:29.037Z</time>
			</trkpt>
			<trkpt lat="39.57412" lon="21.07534">
				<ele>766.92</ele>
				<time>2026-08-06T19:41:30.575Z</time>
			</trkpt>
			<trkpt lat="39.57437" lon="21.07538">
				<ele>766.19</ele>
				<time>2026-08-06T19:41:32.336Z</time>
			</trkpt>
			<trkpt lat="39.57445" lon="21.07537">
				<ele>765.18</ele>
				<time>2026-08-06T19:41:32.895Z</time>
			</trkpt>
			<trkpt lat="39.57453" lon="21.07533">
				<ele>765.05</ele>
				<time>2026-08-06T19:41:33.491Z</time>
			</trkpt>
			<trkpt lat="39.57458" lon="21.07526">
				<ele>763.73</ele>
				<time>2026-08-06T19:41:34.001Z</time>
			</trkpt>
			<trkpt lat="39.5746" lon="21.07518">
				<ele>762.26</ele>
				<time>2026-08-06T19:41:34.450Z</time>
			</trkpt>
			<trkpt lat="39.57474" lon="21.07439">
				<ele>749.27</ele>
				<time>2026-08-06T19:41:38.741Z</time>
			</trkpt>
			<trkpt lat="39.57478" lon="21.07432">
				<ele>747.85</ele>
				<time>2026-08-06T19:41:39.199Z</time>
			</trkpt>
			<trkpt lat="39.57482" lon="21.07426">
				<ele>747.3</ele>
				<time>2026-08-06T19:41:39.615Z</time>
			</trkpt>
			<trkpt lat="39.57489" lon="21.07422">
				<ele>747.55</ele>
				<time>2026-08-06T19:41:40.134Z</time>
			</trkpt>
			<trkpt lat="39.57525" lon="21.07421">
				<ele>750.94</ele>
				<time>2026-08-06T19:41:42.567Z</time>
			</trkpt>
			<trkpt lat="39.57546" lon="21.07415">
				<ele>750.17</ele>
				<time>2026-08-06T19:41:44.011Z</time>
			</trkpt>
			<trkpt lat="39.57592" lon="21.07397">
				<ele>745.4</ele>
				<time>2026-08-06T19:41:47.211Z</time>
			</trkpt>
			<trkpt lat="39.57604" lon="21.0739">
				<ele>744.06</ele>
				<time>2026-08-06T19:41:48.081Z</time>
			</trkpt>
			<trkpt lat="39.57614" lon="21.07381">
				<ele>744.18</ele>
				<time>2026-08-06T19:41:48.884Z</time>
			</trkpt>
			<trkpt lat="39.57625" lon="21.07369">
				<ele>744.94</ele>
				<time>2026-08-06T19:41:49.829Z</time>
			</trkpt>
			<trkpt lat="39.57665" lon="21.07307">
				<ele>743.2</ele>
				<time>2026-08-06T19:41:53.892Z</time>
			</trkpt>
			<trkpt lat="39.57679" lon="21.07298">
				<ele>743.45</ele>
				<time>2026-08-06T19:41:54.902Z</time>
			</trkpt>
			<trkpt lat="39.57693" lon="21.07295">
				<ele>744.7</ele>
				<time>2026-08-06T19:41:55.817Z</time>
			</trkpt>
			<trkpt lat="39.577" lon="21.07291">
				<ele>745.16</ele>
				<time>2026-08-06T19:41:56.308Z</time>
			</trkpt>
			<trkpt lat="39.57704" lon="21.07286">
				<ele>745.12</ele>
				<time>2026-08-06T19:41:56.665Z</time>
			</trkpt>
			<trkpt lat="39.57711" lon="21.07264">
				<ele>744.99</ele>
				<time>2026-08-06T19:41:57.839Z</time>
			</trkpt>
			<trkpt lat="39.57713" lon="21.07246">
				<ele>746.19</ele>
				<time>2026-08-06T19:41:58.733Z</time>
			</trkpt>
			<trkpt lat="39.57711" lon="21.07236">
				<ele>749.15</ele>
				<time>2026-08-06T19:41:59.240Z</time>
			</trkpt>
			<trkpt lat="39.57708" lon="21.07228">
				<ele>750.42</ele>
				<time>2026-08-06T19:41:59.676Z</time>
			</trkpt>
			<trkpt lat="39.57697" lon="21.07214">
				<ele>750.99</ele>
				<time>2026-08-06T19:42:00.653Z</time>
			</trkpt>
			<trkpt lat="39.5765" lon="21.07186">
				<ele>742.99</ele>
				<time>2026-08-06T19:42:03.908Z</time>
			</trkpt>
			<trkpt lat="39.5763" lon="21.07169">
				<ele>741.59</ele>
				<time>2026-08-06T19:42:05.401Z</time>
			</trkpt>
			<trkpt lat="39.57621" lon="21.07159">
				<ele>740.89</ele>
				<time>2026-08-06T19:42:06.138Z</time>
			</trkpt>
			<trkpt lat="39.57613" lon="21.07135">
				<ele>741.14</ele>
				<time>2026-08-06T19:42:07.387Z</time>
			</trkpt>
			<trkpt lat="39.57615" lon="21.07117">
				<ele>743.02</ele>
				<time>2026-08-06T19:42:08.253Z</time>
			</trkpt>
			<trkpt lat="39.57618" lon="21.07109">
				<ele>744.39</ele>
				<time>2026-08-06T19:42:08.676Z</time>
			</trkpt>
			<trkpt lat="39.57628" lon="21.07096">
				<ele>746.7</ele>
				<time>2026-08-06T19:42:09.547Z</time>
			</trkpt>
			<trkpt lat="39.5765" lon="21.07081">
				<ele>750.21</ele>
				<time>2026-08-06T19:42:11.070Z</time>
			</trkpt>
			<trkpt lat="39.57712" lon="21.07047">
				<ele>753.04</ele>
				<time>2026-08-06T19:42:15.156Z</time>
			</trkpt>
			<trkpt lat="39.5777" lon="21.07024">
				<ele>758.46</ele>
				<time>2026-08-06T19:42:18.791Z</time>
			</trkpt>
			<trkpt lat="39.57787" lon="21.07013">
				<ele>761.34</ele>
				<time>2026-08-06T19:42:19.921Z</time>
			</trkpt>
			<trkpt lat="39.57795" lon="21.07006">
				<ele>762.43</ele>
				<time>2026-08-06T19:42:20.493Z</time>
			</trkpt>
			<trkpt lat="39.57804" lon="21.06991">
				<ele>764.3</ele>
				<time>2026-08-06T19:42:21.360Z</time>
			</trkpt>
			<trkpt lat="39.57807" lon="21.06978">
				<ele>765.14</ele>
				<time>2026-08-06T19:42:21.977Z</time>
			</trkpt>
			<trkpt lat="39.57805" lon="21.06959">
				<ele>763.82</ele>
				<time>2026-08-06T19:42:22.848Z</time>
			</trkpt>
			<trkpt lat="39.57795" lon="21.06939">
				<ele>761.85</ele>
				<time>2026-08-06T19:42:23.927Z</time>
			</trkpt>
			<trkpt lat="39.57754" lon="21.06891">
				<ele>756.95</ele>
				<time>2026-08-06T19:42:27.147Z</time>
			</trkpt>
			<trkpt lat="39.57743" lon="21.06876">
				<ele>756.32</ele>
				<time>2026-08-06T19:42:28.072Z</time>
			</trkpt>
			<trkpt lat="39.57736" lon="21.06862">
				<ele>756.47</ele>
				<time>2026-08-06T19:42:28.815Z</time>
			</trkpt>
			<trkpt lat="39.57732" lon="21.06848">
				<ele>758.54</ele>
				<time>2026-08-06T19:42:29.478Z</time>
			</trkpt>
			<trkpt lat="39.57724" lon="21.06811">
				<ele>764.53</ele>
				<time>2026-08-06T19:42:31.180Z</time>
			</trkpt>
			<trkpt lat="39.57722" lon="21.06805">
				<ele>765.09</ele>
				<time>2026-08-06T19:42:31.468Z</time>
			</trkpt>
			<trkpt lat="39.57715" lon="21.06797">
				<ele>766.18</ele>
				<time>2026-08-06T19:42:32.002Z</time>
			</trkpt>
			<trkpt lat="39.57711" lon="21.06795">
				<ele>766.04</ele>
				<time>2026-08-06T19:42:32.247Z</time>
			</trkpt>
			<trkpt lat="39.57703" lon="21.06795">
				<ele>764.79</ele>
				<time>2026-08-06T19:42:32.704Z</time>
			</trkpt>
			<trkpt lat="39.57684" lon="21.06805">
				<ele>760.56</ele>
				<time>2026-08-06T19:42:33.871Z</time>
			</trkpt>
			<trkpt lat="39.57662" lon="21.06821">
				<ele>754.13</ele>
				<time>2026-08-06T19:42:35.301Z</time>
			</trkpt>
			<trkpt lat="39.5765" lon="21.06826">
				<ele>753.51</ele>
				<time>2026-08-06T19:42:36.014Z</time>
			</trkpt>
			<trkpt lat="39.57636" lon="21.06828">
				<ele>754.26</ele>
				<time>2026-08-06T19:42:36.808Z</time>
			</trkpt>
			<trkpt lat="39.57606" lon="21.06824">
				<ele>752.66</ele>
				<time>2026-08-06T19:42:38.503Z</time>
			</trkpt>
			<trkpt lat="39.5759" lon="21.06819">
				<ele>748.68</ele>
				<time>2026-08-06T19:42:39.424Z</time>
			</trkpt>
			<trkpt lat="39.57576" lon="21.06808">
				<ele>748.57</ele>
				<time>2026-08-06T19:42:40.338Z</time>
			</trkpt>
			<trkpt lat="39.57573" lon="21.06798">
				<ele>749.04</ele>
				<time>2026-08-06T19:42:40.799Z</time>
			</trkpt>
			<trkpt lat="39.57573" lon="21.06787">
				<ele>750.2</ele>
				<time>2026-08-06T19:42:41.270Z</time>
			</trkpt>
			<trkpt lat="39.5758" lon="21.06763">
				<ele>753.39</ele>
				<time>2026-08-06T19:42:42.369Z</time>
			</trkpt>
			<trkpt lat="39.57596" lon="21.06731">
				<ele>758.06</ele>
				<time>2026-08-06T19:42:43.995Z</time>
			</trkpt>
			<trkpt lat="39.576" lon="21.06719">
				<ele>759.06</ele>
				<time>2026-08-06T19:42:44.550Z</time>
			</trkpt>
			<trkpt lat="39.57602" lon="21.06659">
				<ele>762.1</ele>
				<time>2026-08-06T19:42:47.092Z</time>
			</trkpt>
			<trkpt lat="39.57605" lon="21.06644">
				<ele>763.08</ele>
				<time>2026-08-06T19:42:47.745Z</time>
			</trkpt>
			<trkpt lat="39.57612" lon="21.06622">
				<ele>763.46</ele>
				<time>2026-08-06T19:42:48.745Z</time>
			</trkpt>
			<trkpt lat="39.57638" lon="21.06582">
				<ele>765.91</ele>
				<time>2026-08-06T19:42:50.936Z</time>
			</trkpt>
			<trkpt lat="39.57641" lon="21.06576">
				<ele>766.3</ele>
				<time>2026-08-06T19:42:51.234Z</time>
			</trkpt>
			<trkpt lat="39.57642" lon="21.06568">
				<ele>766.4</ele>
				<time>2026-08-06T19:42:51.572Z</time>
			</trkpt>
			<trkpt lat="39.5764" lon="21.06533">
				<ele>765.32</ele>
				<time>2026-08-06T19:42:53.032Z</time>
			</trkpt>
			<trkpt lat="39.57642" lon="21.06519">
				<ele>765.99</ele>
				<time>2026-08-06T19:42:53.622Z</time>
			</trkpt>
			<trkpt lat="39.57666" lon="21.0646">
				<ele>770.1</ele>
				<time>2026-08-06T19:42:56.379Z</time>
			</trkpt>
			<trkpt lat="39.57677" lon="21.0642">
				<ele>772.47</ele>
				<time>2026-08-06T19:42:58.123Z</time>
			</trkpt>
			<trkpt lat="39.57677" lon="21.06407">
				<ele>774.37</ele>
				<time>2026-08-06T19:42:58.656Z</time>
			</trkpt>
			<trkpt lat="39.57674" lon="21.06394">
				<ele>776</ele>
				<time>2026-08-06T19:42:59.211Z</time>
			</trkpt>
			<trkpt lat="39.57668" lon="21.0638">
				<ele>776.62</ele>
				<time>2026-08-06T19:42:59.866Z</time>
			</trkpt>
			<trkpt lat="39.57654" lon="21.06358">
				<ele>774.9</ele>
				<time>2026-08-06T19:43:01.029Z</time>
			</trkpt>
			<trkpt lat="39.5765" lon="21.06346">
				<ele>773.91</ele>
				<time>2026-08-06T19:43:01.562Z</time>
			</trkpt>
			<trkpt lat="39.57651" lon="21.06331">
				<ele>773.8</ele>
				<time>2026-08-06T19:43:02.174Z</time>
			</trkpt>
			<trkpt lat="39.57657" lon="21.06302">
				<ele>774</ele>
				<time>2026-08-06T19:43:03.392Z</time>
			</trkpt>
			<trkpt lat="39.57671" lon="21.06264">
				<ele>774.66</ele>
				<time>2026-08-06T19:43:05.095Z</time>
			</trkpt>
			<trkpt lat="39.5768" lon="21.06252">
				<ele>775.44</ele>
				<time>2026-08-06T19:43:05.770Z</time>
			</trkpt>
			<trkpt lat="39.57752" lon="21.06195">
				<ele>778.3</ele>
				<time>2026-08-06T19:43:10.161Z</time>
			</trkpt>
			<trkpt lat="39.57788" lon="21.06162">
				<ele>785.75</ele>
				<time>2026-08-06T19:43:12.440Z</time>
			</trkpt>
			<trkpt lat="39.57803" lon="21.06144">
				<ele>788.49</ele>
				<time>2026-08-06T19:43:13.494Z</time>
			</trkpt>
			<trkpt lat="39.57825" lon="21.06106">
				<ele>788.54</ele>
				<time>2026-08-06T19:43:15.378Z</time>
			</trkpt>
			<trkpt lat="39.57838" lon="21.06078">
				<ele>786.67</ele>
				<time>2026-08-06T19:43:16.670Z</time>
			</trkpt>
			<trkpt lat="39.57847" lon="21.06078">
				<ele>787.84</ele>
				<time>2026-08-06T19:43:17.131Z</time>
			</trkpt>
			<trkpt lat="39.57852" lon="21.06084">
				<ele>789.92</ele>
				<time>2026-08-06T19:43:17.480Z</time>
			</trkpt>
			<trkpt lat="39.57852" lon="21.06094">
				<ele>793.51</ele>
				<time>2026-08-06T19:43:17.874Z</time>
			</trkpt>
			<trkpt lat="39.57828" lon="21.0615">
				<ele>801.74</ele>
				<time>2026-08-06T19:43:20.394Z</time>
			</trkpt>
			<trkpt lat="39.57807" lon="21.06182">
				<ele>801.03</ele>
				<time>2026-08-06T19:43:22.043Z</time>
			</trkpt>
			<trkpt lat="39.57773" lon="21.06223">
				<ele>793.25</ele>
				<time>2026-08-06T19:43:24.398Z</time>
			</trkpt>
			<trkpt lat="39.57751" lon="21.06244">
				<ele>793.6</ele>
				<time>2026-08-06T19:43:25.780Z</time>
			</trkpt>
			<trkpt lat="39.57741" lon="21.06253">
				<ele>793.87</ele>
				<time>2026-08-06T19:43:26.396Z</time>
			</trkpt>
			<trkpt lat="39.57739" lon="21.06261">
				<ele>794.94</ele>
				<time>2026-08-06T19:43:26.723Z</time>
			</trkpt>
			<trkpt lat="39.57743" lon="21.0627">
				<ele>797.72</ele>
				<time>2026-08-06T19:43:27.128Z</time>
			</trkpt>
			<trkpt lat="39.57747" lon="21.0627">
				<ele>798.91</ele>
				<time>2026-08-06T19:43:27.330Z</time>
			</trkpt>
			<trkpt lat="39.57752" lon="21.06268">
				<ele>799.43</ele>
				<time>2026-08-06T19:43:27.594Z</time>
			</trkpt>
			<trkpt lat="39.57825" lon="21.06199">
				<ele>812.49</ele>
				<time>2026-08-06T19:43:32.141Z</time>
			</trkpt>
			<trkpt lat="39.57833" lon="21.06188">
				<ele>813.77</ele>
				<time>2026-08-06T19:43:32.727Z</time>
			</trkpt>
			<trkpt lat="39.57859" lon="21.06144">
				<ele>810.46</ele>
				<time>2026-08-06T19:43:34.871Z</time>
			</trkpt>
			<trkpt lat="39.57863" lon="21.06139">
				<ele>810.69</ele>
				<time>2026-08-06T19:43:35.149Z</time>
			</trkpt>
			<trkpt lat="39.57873" lon="21.06131">
				<ele>810.52</ele>
				<time>2026-08-06T19:43:35.738Z</time>
			</trkpt>
			<trkpt lat="39.57886" lon="21.06124">
				<ele>811.84</ele>
				<time>2026-08-06T19:43:36.443Z</time>
			</trkpt>
			<trkpt lat="39.57903" lon="21.0612">
				<ele>813.1</ele>
				<time>2026-08-06T19:43:37.308Z</time>
			</trkpt>
			<trkpt lat="39.57955" lon="21.06116">
				<ele>814.57</ele>
				<time>2026-08-06T19:43:39.913Z</time>
			</trkpt>
			<trkpt lat="39.58002" lon="21.06118">
				<ele>819.44</ele>
				<time>2026-08-06T19:43:42.263Z</time>
			</trkpt>
			<trkpt lat="39.58013" lon="21.0611">
				<ele>818.12</ele>
				<time>2026-08-06T19:43:42.892Z</time>
			</trkpt>
			<trkpt lat="39.58035" lon="21.06074">
				<ele>811.17</ele>
				<time>2026-08-06T19:43:44.660Z</time>
			</trkpt>
			<trkpt lat="39.58044" lon="21.06067">
				<ele>812.19</ele>
				<time>2026-08-06T19:43:45.183Z</time>
			</trkpt>
			<trkpt lat="39.58056" lon="21.06063">
				<ele>814.86</ele>
				<time>2026-08-06T19:43:45.801Z</time>
			</trkpt>
			<trkpt lat="39.5808" lon="21.06062">
				<ele>818.42</ele>
				<time>2026-08-06T19:43:46.999Z</time>
			</trkpt>
			<trkpt lat="39.58124" lon="21.06069">
				<ele>821.46</ele>
				<time>2026-08-06T19:43:49.211Z</time>
			</trkpt>
			<trkpt lat="39.58186" lon="21.06067">
				<ele>819.96</ele>
				<time>2026-08-06T19:43:52.305Z</time>
			</trkpt>
			<trkpt lat="39.58217" lon="21.06064">
				<ele>821.84</ele>
				<time>2026-08-06T19:43:53.857Z</time>
			</trkpt>
			<trkpt lat="39.58226" lon="21.06061">
				<ele>822.96</ele>
				<time>2026-08-06T19:43:54.321Z</time>
			</trkpt>
			<trkpt lat="39.5823" lon="21.06057">
				<ele>823.6</ele>
				<time>2026-08-06T19:43:54.573Z</time>
			</trkpt>
			<trkpt lat="39.58234" lon="21.06047">
				<ele>824.28</ele>
				<time>2026-08-06T19:43:55.007Z</time>
			</trkpt>
			<trkpt lat="39.58238" lon="21.06019">
				<ele>823.85</ele>
				<time>2026-08-06T19:43:56.103Z</time>
			</trkpt>
			<trkpt lat="39.58242" lon="21.06009">
				<ele>824</ele>
				<time>2026-08-06T19:43:56.537Z</time>
			</trkpt>
			<trkpt lat="39.58265" lon="21.05981">
				<ele>823.56</ele>
				<time>2026-08-06T19:43:58.114Z</time>
			</trkpt>
			<trkpt lat="39.58295" lon="21.05936">
				<ele>818.82</ele>
				<time>2026-08-06T19:44:00.409Z</time>
			</trkpt>
			<trkpt lat="39.58305" lon="21.05925">
				<ele>818.52</ele>
				<time>2026-08-06T19:44:01.066Z</time>
			</trkpt>
			<trkpt lat="39.58319" lon="21.05916">
				<ele>817.39</ele>
				<time>2026-08-06T19:44:01.849Z</time>
			</trkpt>
			<trkpt lat="39.58333" lon="21.05912">
				<ele>817.15</ele>
				<time>2026-08-06T19:44:02.568Z</time>
			</trkpt>
			<trkpt lat="39.58339" lon="21.05912">
				<ele>816.81</ele>
				<time>2026-08-06T19:44:02.869Z</time>
			</trkpt>
			<trkpt lat="39.58353" lon="21.05918">
				<ele>818.05</ele>
				<time>2026-08-06T19:44:03.609Z</time>
			</trkpt>
			<trkpt lat="39.58412" lon="21.05953">
				<ele>813.91</ele>
				<time>2026-08-06T19:44:06.871Z</time>
			</trkpt>
			<trkpt lat="39.58422" lon="21.05967">
				<ele>815.41</ele>
				<time>2026-08-06T19:44:07.612Z</time>
			</trkpt>
			<trkpt lat="39.58435" lon="21.06004">
				<ele>824.82</ele>
				<time>2026-08-06T19:44:09.192Z</time>
			</trkpt>
			<trkpt lat="39.58442" lon="21.06019">
				<ele>827.65</ele>
				<time>2026-08-06T19:44:09.875Z</time>
			</trkpt>
			<trkpt lat="39.58484" lon="21.06073">
				<ele>827</ele>
				<time>2026-08-06T19:44:12.867Z</time>
			</trkpt>
			<trkpt lat="39.58507" lon="21.06094">
				<ele>822.59</ele>
				<time>2026-08-06T19:44:14.294Z</time>
			</trkpt>
			<trkpt lat="39.58544" lon="21.06121">
				<ele>817.57</ele>
				<time>2026-08-06T19:44:16.454Z</time>
			</trkpt>
			<trkpt lat="39.58564" lon="21.06144">
				<ele>821.65</ele>
				<time>2026-08-06T19:44:17.817Z</time>
			</trkpt>
			<trkpt lat="39.58586" lon="21.06163">
				<ele>818.5</ele>
				<time>2026-08-06T19:44:19.168Z</time>
			</trkpt>
			<trkpt lat="39.58592" lon="21.06165">
				<ele>817.74</ele>
				<time>2026-08-06T19:44:19.485Z</time>
			</trkpt>
			<trkpt lat="39.58626" lon="21.06168">
				<ele>811.13</ele>
				<time>2026-08-06T19:44:21.232Z</time>
			</trkpt>
			<trkpt lat="39.58639" lon="21.06172">
				<ele>809.53</ele>
				<time>2026-08-06T19:44:21.919Z</time>
			</trkpt>
			<trkpt lat="39.58658" lon="21.06185">
				<ele>809.97</ele>
				<time>2026-08-06T19:44:23.024Z</time>
			</trkpt>
			<trkpt lat="39.58687" lon="21.06208">
				<ele>814.12</ele>
				<time>2026-08-06T19:44:24.777Z</time>
			</trkpt>
			<trkpt lat="39.58706" lon="21.06216">
				<ele>816.03</ele>
				<time>2026-08-06T19:44:25.810Z</time>
			</trkpt>
			<trkpt lat="39.58748" lon="21.06201">
				<ele>816.32</ele>
				<time>2026-08-06T19:44:28.070Z</time>
			</trkpt>
			<trkpt lat="39.58784" lon="21.06203">
				<ele>813.88</ele>
				<time>2026-08-06T19:44:29.947Z</time>
			</trkpt>
			<trkpt lat="39.58796" lon="21.06199">
				<ele>811.97</ele>
				<time>2026-08-06T19:44:30.594Z</time>
			</trkpt>
			<trkpt lat="39.58801" lon="21.06195">
				<ele>810.65</ele>
				<time>2026-08-06T19:44:30.902Z</time>
			</trkpt>
			<trkpt lat="39.58804" lon="21.0619">
				<ele>810.05</ele>
				<time>2026-08-06T19:44:31.157Z</time>
			</trkpt>
			<trkpt lat="39.58809" lon="21.06175">
				<ele>811.18</ele>
				<time>2026-08-06T19:44:31.816Z</time>
			</trkpt>
			<trkpt lat="39.58824" lon="21.06084">
				<ele>816.66</ele>
				<time>2026-08-06T19:44:35.590Z</time>
			</trkpt>
			<trkpt lat="39.58824" lon="21.06069">
				<ele>818.9</ele>
				<time>2026-08-06T19:44:36.201Z</time>
			</trkpt>
			<trkpt lat="39.58821" lon="21.06061">
				<ele>818.86</ele>
				<time>2026-08-06T19:44:36.564Z</time>
			</trkpt>
			<trkpt lat="39.58773" lon="21.06016">
				<ele>809.85</ele>
				<time>2026-08-06T19:44:39.711Z</time>
			</trkpt>
			<trkpt lat="39.58762" lon="21.05999">
				<ele>813.09</ele>
				<time>2026-08-06T19:44:40.625Z</time>
			</trkpt>
			<trkpt lat="39.58735" lon="21.0594">
				<ele>817.52</ele>
				<time>2026-08-06T19:44:43.462Z</time>
			</trkpt>
			<trkpt lat="39.58711" lon="21.0587">
				<ele>827.19</ele>
				<time>2026-08-06T19:44:46.654Z</time>
			</trkpt>
			<trkpt lat="39.58675" lon="21.05824">
				<ele>824.41</ele>
				<time>2026-08-06T19:44:49.408Z</time>
			</trkpt>
			<trkpt lat="39.5867" lon="21.05815">
				<ele>823.82</ele>
				<time>2026-08-06T19:44:49.876Z</time>
			</trkpt>
			<trkpt lat="39.58662" lon="21.0579">
				<ele>825.37</ele>
				<time>2026-08-06T19:44:51.020Z</time>
			</trkpt>
			<trkpt lat="39.58659" lon="21.05774">
				<ele>827.57</ele>
				<time>2026-08-06T19:44:51.718Z</time>
			</trkpt>
			<trkpt lat="39.58656" lon="21.05706">
				<ele>828.63</ele>
				<time>2026-08-06T19:44:54.619Z</time>
			</trkpt>
			<trkpt lat="39.58651" lon="21.05665">
				<ele>827.45</ele>
				<time>2026-08-06T19:44:56.398Z</time>
			</trkpt>
			<trkpt lat="39.58645" lon="21.0565">
				<ele>828.86</ele>
				<time>2026-08-06T19:44:57.125Z</time>
			</trkpt>
			<trkpt lat="39.58623" lon="21.0561">
				<ele>827.46</ele>
				<time>2026-08-06T19:44:59.249Z</time>
			</trkpt>
			<trkpt lat="39.5862" lon="21.05597">
				<ele>826.34</ele>
				<time>2026-08-06T19:44:59.837Z</time>
			</trkpt>
			<trkpt lat="39.58619" lon="21.05582">
				<ele>826.36</ele>
				<time>2026-08-06T19:45:00.492Z</time>
			</trkpt>
			<trkpt lat="39.58624" lon="21.05571">
				<ele>826.53</ele>
				<time>2026-08-06T19:45:01.048Z</time>
			</trkpt>
			<trkpt lat="39.58653" lon="21.05542">
				<ele>827.35</ele>
				<time>2026-08-06T19:45:03.124Z</time>
			</trkpt>
			<trkpt lat="39.58675" lon="21.05528">
				<ele>827.14</ele>
				<time>2026-08-06T19:45:04.521Z</time>
			</trkpt>
			<trkpt lat="39.58697" lon="21.05519">
				<ele>829.86</ele>
				<time>2026-08-06T19:45:05.842Z</time>
			</trkpt>
			<trkpt lat="39.58704" lon="21.05512">
				<ele>830.35</ele>
				<time>2026-08-06T19:45:06.350Z</time>
			</trkpt>
			<trkpt lat="39.58709" lon="21.055">
				<ele>829.41</ele>
				<time>2026-08-06T19:45:06.954Z</time>
			</trkpt>
			<trkpt lat="39.5871" lon="21.05492">
				<ele>829.05</ele>
				<time>2026-08-06T19:45:07.314Z</time>
			</trkpt>
			<trkpt lat="39.58706" lon="21.0542">
				<ele>821.36</ele>
				<time>2026-08-06T19:45:10.536Z</time>
			</trkpt>
			<trkpt lat="39.58707" lon="21.05412">
				<ele>820.97</ele>
				<time>2026-08-06T19:45:10.900Z</time>
			</trkpt>
			<trkpt lat="39.58714" lon="21.05391">
				<ele>821.24</ele>
				<time>2026-08-06T19:45:11.929Z</time>
			</trkpt>
			<trkpt lat="39.58722" lon="21.05375">
				<ele>820.71</ele>
				<time>2026-08-06T19:45:12.790Z</time>
			</trkpt>
			<trkpt lat="39.58731" lon="21.05368">
				<ele>820.59</ele>
				<time>2026-08-06T19:45:13.405Z</time>
			</trkpt>
			<trkpt lat="39.58747" lon="21.05368">
				<ele>822.64</ele>
				<time>2026-08-06T19:45:14.347Z</time>
			</trkpt>
			<trkpt lat="39.58758" lon="21.05371">
				<ele>826.25</ele>
				<time>2026-08-06T19:45:15.010Z</time>
			</trkpt>
			<trkpt lat="39.58766" lon="21.05368">
				<ele>828.04</ele>
				<time>2026-08-06T19:45:15.502Z</time>
			</trkpt>
			<trkpt lat="39.58772" lon="21.0536">
				<ele>828.26</ele>
				<time>2026-08-06T19:45:16.011Z</time>
			</trkpt>
			<trkpt lat="39.58776" lon="21.05344">
				<ele>826.81</ele>
				<time>2026-08-06T19:45:16.780Z</time>
			</trkpt>
			<trkpt lat="39.5878" lon="21.05313">
				<ele>823.8</ele>
				<time>2026-08-06T19:45:18.222Z</time>
			</trkpt>
			<trkpt lat="39.58785" lon="21.05299">
				<ele>823.76</ele>
				<time>2026-08-06T19:45:18.932Z</time>
			</trkpt>
			<trkpt lat="39.58793" lon="21.05288">
				<ele>824.69</ele>
				<time>2026-08-06T19:45:19.630Z</time>
			</trkpt>
			<trkpt lat="39.58817" lon="21.05268">
				<ele>825.9</ele>
				<time>2026-08-06T19:45:21.344Z</time>
			</trkpt>
			<trkpt lat="39.5883" lon="21.05247">
				<ele>823.63</ele>
				<time>2026-08-06T19:45:22.598Z</time>
			</trkpt>
			<trkpt lat="39.58833" lon="21.05239">
				<ele>823.27</ele>
				<time>2026-08-06T19:45:23.013Z</time>
			</trkpt>
			<trkpt lat="39.58826" lon="21.05216">
				<ele>821.05</ele>
				<time>2026-08-06T19:45:24.170Z</time>
			</trkpt>
			<trkpt lat="39.58818" lon="21.05203">
				<ele>819.84</ele>
				<time>2026-08-06T19:45:24.951Z</time>
			</trkpt>
			<trkpt lat="39.58793" lon="21.0518">
				<ele>819.21</ele>
				<time>2026-08-06T19:45:26.826Z</time>
			</trkpt>
			<trkpt lat="39.58772" lon="21.05163">
				<ele>820.61</ele>
				<time>2026-08-06T19:45:28.349Z</time>
			</trkpt>
			<trkpt lat="39.58745" lon="21.05132">
				<ele>826.97</ele>
				<time>2026-08-06T19:45:30.581Z</time>
			</trkpt>
			<trkpt lat="39.58738" lon="21.05122">
				<ele>829.85</ele>
				<time>2026-08-06T19:45:31.229Z</time>
			</trkpt>
			<trkpt lat="39.58744" lon="21.05107">
				<ele>830.76</ele>
				<time>2026-08-06T19:45:32.041Z</time>
			</trkpt>
			<trkpt lat="39.5876" lon="21.0508">
				<ele>827.79</ele>
				<time>2026-08-06T19:45:33.685Z</time>
			</trkpt>
			<trkpt lat="39.58767" lon="21.05064">
				<ele>826.05</ele>
				<time>2026-08-06T19:45:34.577Z</time>
			</trkpt>
			<trkpt lat="39.5877" lon="21.05045">
				<ele>827.3</ele>
				<time>2026-08-06T19:45:35.520Z</time>
			</trkpt>
			<trkpt lat="39.5877" lon="21.05035">
				<ele>828.97</ele>
				<time>2026-08-06T19:45:36.007Z</time>
			</trkpt>
			<trkpt lat="39.58766" lon="21.05019">
				<ele>833.48</ele>
				<time>2026-08-06T19:45:36.829Z</time>
			</trkpt>
			<trkpt lat="39.58755" lon="21.04998">
				<ele>841.19</ele>
				<time>2026-08-06T19:45:38.073Z</time>
			</trkpt>
			<trkpt lat="39.5875" lon="21.04985">
				<ele>842.49</ele>
				<time>2026-08-06T19:45:38.788Z</time>
			</trkpt>
			<trkpt lat="39.58746" lon="21.04944">
				<ele>837.83</ele>
				<time>2026-08-06T19:45:40.830Z</time>
			</trkpt>
			<trkpt lat="39.58741" lon="21.04923">
				<ele>841.03</ele>
				<time>2026-08-06T19:45:41.922Z</time>
			</trkpt>
			<trkpt lat="39.58735" lon="21.04903">
				<ele>847.72</ele>
				<time>2026-08-06T19:45:42.992Z</time>
			</trkpt>
			<trkpt lat="39.58733" lon="21.04891">
				<ele>850.48</ele>
				<time>2026-08-06T19:45:43.605Z</time>
			</trkpt>
			<trkpt lat="39.58735" lon="21.04878">
				<ele>852.19</ele>
				<time>2026-08-06T19:45:44.270Z</time>
			</trkpt>
			<trkpt lat="39.58744" lon="21.04863">
				<ele>852</ele>
				<time>2026-08-06T19:45:45.225Z</time>
			</trkpt>
			<trkpt lat="39.58756" lon="21.04848">
				<ele>851.1</ele>
				<time>2026-08-06T19:45:46.315Z</time>
			</trkpt>
			<trkpt lat="39.58768" lon="21.04838">
				<ele>850.15</ele>
				<time>2026-08-06T19:45:47.251Z</time>
			</trkpt>
			<trkpt lat="39.58779" lon="21.04832">
				<ele>849.06</ele>
				<time>2026-08-06T19:45:48.037Z</time>
			</trkpt>
			<trkpt lat="39.58805" lon="21.04825">
				<ele>847.84</ele>
				<time>2026-08-06T19:45:49.793Z</time>
			</trkpt>
			<trkpt lat="39.58816" lon="21.04818">
				<ele>848.33</ele>
				<time>2026-08-06T19:45:50.607Z</time>
			</trkpt>
			<trkpt lat="39.58826" lon="21.04809">
				<ele>850.1</ele>
				<time>2026-08-06T19:45:51.417Z</time>
			</trkpt>
			<trkpt lat="39.58836" lon="21.04797">
				<ele>850.92</ele>
				<time>2026-08-06T19:45:52.327Z</time>
			</trkpt>
			<trkpt lat="39.58859" lon="21.04765">
				<ele>846.55</ele>
				<time>2026-08-06T19:45:54.592Z</time>
			</trkpt>
			<trkpt lat="39.5886" lon="21.04754">
				<ele>846.84</ele>
				<time>2026-08-06T19:45:55.168Z</time>
			</trkpt>
			<trkpt lat="39.58856" lon="21.04749">
				<ele>849.18</ele>
				<time>2026-08-06T19:45:55.543Z</time>
			</trkpt>
			<trkpt lat="39.58849" lon="21.04751">
				<ele>852.13</ele>
				<time>2026-08-06T19:45:56.029Z</time>
			</trkpt>
			<trkpt lat="39.5883" lon="21.04776">
				<ele>858.94</ele>
				<time>2026-08-06T19:45:57.868Z</time>
			</trkpt>
			<trkpt lat="39.58818" lon="21.04786">
				<ele>859.44</ele>
				<time>2026-08-06T19:45:58.841Z</time>
			</trkpt>
			<trkpt lat="39.58806" lon="21.04794">
				<ele>860.27</ele>
				<time>2026-08-06T19:45:59.766Z</time>
			</trkpt>
			<trkpt lat="39.58793" lon="21.04798">
				<ele>861.74</ele>
				<time>2026-08-06T19:46:00.684Z</time>
			</trkpt>
			<trkpt lat="39.58762" lon="21.04799">
				<ele>868.33</ele>
				<time>2026-08-06T19:46:02.826Z</time>
			</trkpt>
			<trkpt lat="39.5875" lon="21.04802">
				<ele>870.6</ele>
				<time>2026-08-06T19:46:03.675Z</time>
			</trkpt>
			<trkpt lat="39.58693" lon="21.04844">
				<ele>872.72</ele>
				<time>2026-08-06T19:46:08.268Z</time>
			</trkpt>
			<trkpt lat="39.58671" lon="21.04865">
				<ele>873.99</ele>
				<time>2026-08-06T19:46:10.203Z</time>
			</trkpt>
			<trkpt lat="39.58666" lon="21.04866">
				<ele>874.33</ele>
				<time>2026-08-06T19:46:10.563Z</time>
			</trkpt>
			<trkpt lat="39.58657" lon="21.04865">
				<ele>873.1</ele>
				<time>2026-08-06T19:46:11.207Z</time>
			</trkpt>
			<trkpt lat="39.5865" lon="21.04855">
				<ele>872.06</ele>
				<time>2026-08-06T19:46:11.950Z</time>
			</trkpt>
			<trkpt lat="39.58647" lon="21.04841">
				<ele>872.64</ele>
				<time>2026-08-06T19:46:12.752Z</time>
			</trkpt>
			<trkpt lat="39.58647" lon="21.04806">
				<ele>879.34</ele>
				<time>2026-08-06T19:46:14.692Z</time>
			</trkpt>
			<trkpt lat="39.5864" lon="21.04791">
				<ele>882.63</ele>
				<time>2026-08-06T19:46:15.669Z</time>
			</trkpt>
			<trkpt lat="39.58628" lon="21.04787">
				<ele>884.52</ele>
				<time>2026-08-06T19:46:16.568Z</time>
			</trkpt>
			<trkpt lat="39.5861" lon="21.04789">
				<ele>885.53</ele>
				<time>2026-08-06T19:46:17.882Z</time>
			</trkpt>
			<trkpt lat="39.5857" lon="21.04807">
				<ele>884.25</ele>
				<time>2026-08-06T19:46:20.986Z</time>
			</trkpt>
			<trkpt lat="39.58567" lon="21.04806">
				<ele>884.79</ele>
				<time>2026-08-06T19:46:21.215Z</time>
			</trkpt>
			<trkpt lat="39.58564" lon="21.048">
				<ele>888.45</ele>
				<time>2026-08-06T19:46:21.622Z</time>
			</trkpt>
			<trkpt lat="39.58564" lon="21.04796">
				<ele>890.81</ele>
				<time>2026-08-06T19:46:21.849Z</time>
			</trkpt>
			<trkpt lat="39.58568" lon="21.04791">
				<ele>893.54</ele>
				<time>2026-08-06T19:46:22.260Z</time>
			</trkpt>
			<trkpt lat="39.58589" lon="21.0478">
				<ele>900.08</ele>
				<time>2026-08-06T19:46:23.941Z</time>
			</trkpt>
			<trkpt lat="39.58621" lon="21.04757">
				<ele>899.52</ele>
				<time>2026-08-06T19:46:26.676Z</time>
			</trkpt>
			<trkpt lat="39.58628" lon="21.04754">
				<ele>899.15</ele>
				<time>2026-08-06T19:46:27.230Z</time>
			</trkpt>
			<trkpt lat="39.58638" lon="21.04753">
				<ele>896.84</ele>
				<time>2026-08-06T19:46:27.985Z</time>
			</trkpt>
			<trkpt lat="39.58652" lon="21.04756">
				<ele>897.08</ele>
				<time>2026-08-06T19:46:29.057Z</time>
			</trkpt>
			<trkpt lat="39.5866" lon="21.04761">
				<ele>896.34</ele>
				<time>2026-08-06T19:46:29.730Z</time>
			</trkpt>
			<trkpt lat="39.58675" lon="21.04776">
				<ele>892.34</ele>
				<time>2026-08-06T19:46:31.170Z</time>
			</trkpt>
			<trkpt lat="39.58683" lon="21.04781">
				<ele>890.94</ele>
				<time>2026-08-06T19:46:31.847Z</time>
			</trkpt>
			<trkpt lat="39.5869" lon="21.04782">
				<ele>890.71</ele>
				<time>2026-08-06T19:46:32.386Z</time>
			</trkpt>
			<trkpt lat="39.58698" lon="21.04779">
				<ele>890.82</ele>
				<time>2026-08-06T19:46:33.024Z</time>
			</trkpt>
			<trkpt lat="39.58706" lon="21.04771">
				<ele>891.82</ele>
				<time>2026-08-06T19:46:33.799Z</time>
			</trkpt>
			<trkpt lat="39.5874" lon="21.04711">
				<ele>901.26</ele>
				<time>2026-08-06T19:46:38.242Z</time>
			</trkpt>
			<trkpt lat="39.58742" lon="21.04701">
				<ele>902.66</ele>
				<time>2026-08-06T19:46:38.864Z</time>
			</trkpt>
			<trkpt lat="39.58741" lon="21.04692">
				<ele>904.93</ele>
				<time>2026-08-06T19:46:39.412Z</time>
			</trkpt>
			<trkpt lat="39.58739" lon="21.04688">
				<ele>906.19</ele>
				<time>2026-08-06T19:46:39.700Z</time>
			</trkpt>
			<trkpt lat="39.58733" lon="21.04685">
				<ele>908.79</ele>
				<time>2026-08-06T19:46:40.204Z</time>
			</trkpt>
			<trkpt lat="39.58723" lon="21.04689">
				<ele>910.85</ele>
				<time>2026-08-06T19:46:41.026Z</time>
			</trkpt>
			<trkpt lat="39.58698" lon="21.04724">
				<ele>906.57</ele>
				<time>2026-08-06T19:46:43.933Z</time>
			</trkpt>
			<trkpt lat="39.58693" lon="21.0473">
				<ele>905.82</ele>
				<time>2026-08-06T19:46:44.474Z</time>
			</trkpt>
			<trkpt lat="39.58688" lon="21.04731">
				<ele>905.56</ele>
				<time>2026-08-06T19:46:44.877Z</time>
			</trkpt>
			<trkpt lat="39.58682" lon="21.04731">
				<ele>906.06</ele>
				<time>2026-08-06T19:46:45.355Z</time>
			</trkpt>
			<trkpt lat="39.58672" lon="21.04725">
				<ele>908.51</ele>
				<time>2026-08-06T19:46:46.236Z</time>
			</trkpt>
			<trkpt lat="39.58656" lon="21.04713">
				<ele>913.5</ele>
				<time>2026-08-06T19:46:47.717Z</time>
			</trkpt>
			<trkpt lat="39.58648" lon="21.04709">
				<ele>915.38</ele>
				<time>2026-08-06T19:46:48.407Z</time>
			</trkpt>
			<trkpt lat="39.58633" lon="21.04708">
				<ele>916.94</ele>
				<time>2026-08-06T19:46:49.619Z</time>
			</trkpt>
			<trkpt lat="39.58617" lon="21.04712">
				<ele>916.34</ele>
				<time>2026-08-06T19:46:50.940Z</time>
			</trkpt>
			<trkpt lat="39.58588" lon="21.04727">
				<ele>915.72</ele>
				<time>2026-08-06T19:46:53.484Z</time>
			</trkpt>
			<trkpt lat="39.58575" lon="21.0473">
				<ele>916.3</ele>
				<time>2026-08-06T19:46:54.567Z</time>
			</trkpt>
			<trkpt lat="39.58568" lon="21.04729">
				<ele>916.77</ele>
				<time>2026-08-06T19:46:55.146Z</time>
			</trkpt>
			<trkpt lat="39.58555" lon="21.04725">
				<ele>918.94</ele>
				<time>2026-08-06T19:46:56.247Z</time>
			</trkpt>
			<trkpt lat="39.58537" lon="21.04715">
				<ele>924.05</ele>
				<time>2026-08-06T19:46:57.867Z</time>
			</trkpt>
			<trkpt lat="39.58487" lon="21.04694">
				<ele>929.09</ele>
				<time>2026-08-06T19:47:03.102Z</time>
			</trkpt>
			<trkpt lat="39.58454" lon="21.04677">
				<ele>928.93</ele>
				<time>2026-08-06T19:47:07.049Z</time>
			</trkpt>
			<trkpt lat="39.58441" lon="21.04665">
				<ele>929.09</ele>
				<time>2026-08-06T19:47:08.750Z</time>
			</trkpt>
			<trkpt lat="39.5843" lon="21.04647">
				<ele>928.29</ele>
				<time>2026-08-06T19:47:10.500Z</time>
			</trkpt>
			<trkpt lat="39.58423" lon="21.04624">
				<ele>928.51</ele>
				<time>2026-08-06T19:47:12.158Z</time>
			</trkpt>
			<trkpt lat="39.58422" lon="21.04605">
				<ele>931.74</ele>
				<time>2026-08-06T19:47:13.379Z</time>
			</trkpt>
			<trkpt lat="39.58423" lon="21.04581">
				<ele>940.05</ele>
				<time>2026-08-06T19:47:14.917Z</time>
			</trkpt>
			<trkpt lat="39.58422" lon="21.04568">
				<ele>943.64</ele>
				<time>2026-08-06T19:47:15.752Z</time>
			</trkpt>
			<trkpt lat="39.58417" lon="21.04556">
				<ele>945.99</ele>
				<time>2026-08-06T19:47:16.624Z</time>
			</trkpt>
			<trkpt lat="39.58364" lon="21.04502">
				<ele>937.65</ele>
				<time>2026-08-06T19:47:22.186Z</time>
			</trkpt>
			<trkpt lat="39.58358" lon="21.04488">
				<ele>938.01</ele>
				<time>2026-08-06T19:47:23.202Z</time>
			</trkpt>
			<trkpt lat="39.58358" lon="21.04473">
				<ele>941.16</ele>
				<time>2026-08-06T19:47:24.151Z</time>
			</trkpt>
			<trkpt lat="39.5836" lon="21.04462">
				<ele>943.14</ele>
				<time>2026-08-06T19:47:24.866Z</time>
			</trkpt>
			<trkpt lat="39.5837" lon="21.04416">
				<ele>946.9</ele>
				<time>2026-08-06T19:47:27.882Z</time>
			</trkpt>
			<trkpt lat="39.58372" lon="21.04391">
				<ele>945.82</ele>
				<time>2026-08-06T19:47:29.464Z</time>
			</trkpt>
			<trkpt lat="39.58371" lon="21.04372">
				<ele>944.71</ele>
				<time>2026-08-06T19:47:30.660Z</time>
			</trkpt>
			<trkpt lat="39.58364" lon="21.04356">
				<ele>942.85</ele>
				<time>2026-08-06T19:47:31.814Z</time>
			</trkpt>
			<trkpt lat="39.58342" lon="21.04328">
				<ele>941.64</ele>
				<time>2026-08-06T19:47:34.318Z</time>
			</trkpt>
			<trkpt lat="39.5834" lon="21.04322">
				<ele>941.74</ele>
				<time>2026-08-06T19:47:34.726Z</time>
			</trkpt>
			<trkpt lat="39.58337" lon="21.04308">
				<ele>942.74</ele>
				<time>2026-08-06T19:47:35.634Z</time>
			</trkpt>
			<trkpt lat="39.58336" lon="21.04255">
				<ele>951.05</ele>
				<time>2026-08-06T19:47:38.937Z</time>
			</trkpt>
			<trkpt lat="39.58339" lon="21.04234">
				<ele>957.03</ele>
				<time>2026-08-06T19:47:40.263Z</time>
			</trkpt>
			<trkpt lat="39.58346" lon="21.04213">
				<ele>961.94</ele>
				<time>2026-08-06T19:47:41.682Z</time>
			</trkpt>
			<trkpt lat="39.58398" lon="21.04104">
				<ele>964.95</ele>
				<time>2026-08-06T19:47:49.589Z</time>
			</trkpt>
			<trkpt lat="39.58409" lon="21.04061">
				<ele>981.8</ele>
				<time>2026-08-06T19:47:52.366Z</time>
			</trkpt>
			<trkpt lat="39.58413" lon="21.04053">
				<ele>983.7</ele>
				<time>2026-08-06T19:47:52.949Z</time>
			</trkpt>
			<trkpt lat="39.58429" lon="21.04035">
				<ele>979.43</ele>
				<time>2026-08-06T19:47:54.627Z</time>
			</trkpt>
			<trkpt lat="39.5846" lon="21.04009">
				<ele>969.01</ele>
				<time>2026-08-06T19:47:57.544Z</time>
			</trkpt>
			<trkpt lat="39.58473" lon="21.03994">
				<ele>969.96</ele>
				<time>2026-08-06T19:47:58.916Z</time>
			</trkpt>
			<trkpt lat="39.58502" lon="21.03939">
				<ele>975.27</ele>
				<time>2026-08-06T19:48:02.951Z</time>
			</trkpt>
			<trkpt lat="39.58539" lon="21.03879">
				<ele>981.07</ele>
				<time>2026-08-06T19:48:07.580Z</time>
			</trkpt>
			<trkpt lat="39.58584" lon="21.03818">
				<ele>977.07</ele>
				<time>2026-08-06T19:48:12.636Z</time>
			</trkpt>
			<trkpt lat="39.58595" lon="21.03794">
				<ele>979.3</ele>
				<time>2026-08-06T19:48:14.302Z</time>
			</trkpt>
			<trkpt lat="39.58618" lon="21.03729">
				<ele>983.23</ele>
				<time>2026-08-06T19:48:18.552Z</time>
			</trkpt>
			<trkpt lat="39.58634" lon="21.03688">
				<ele>978.79</ele>
				<time>2026-08-06T19:48:21.271Z</time>
			</trkpt>
			<trkpt lat="39.58639" lon="21.0368">
				<ele>976.81</ele>
				<time>2026-08-06T19:48:21.879Z</time>
			</trkpt>
			<trkpt lat="39.58661" lon="21.03664">
				<ele>977.72</ele>
				<time>2026-08-06T19:48:23.809Z</time>
			</trkpt>
			<trkpt lat="39.58687" lon="21.03652">
				<ele>973.39</ele>
				<time>2026-08-06T19:48:25.915Z</time>
			</trkpt>
			<trkpt lat="39.58696" lon="21.03643">
				<ele>972.59</ele>
				<time>2026-08-06T19:48:26.780Z</time>
			</trkpt>
			<trkpt lat="39.58698" lon="21.03635">
				<ele>972.23</ele>
				<time>2026-08-06T19:48:27.274Z</time>
			</trkpt>
			<trkpt lat="39.58697" lon="21.03618">
				<ele>969.77</ele>
				<time>2026-08-06T19:48:28.273Z</time>
			</trkpt>
			<trkpt lat="39.58694" lon="21.03609">
				<ele>968.55</ele>
				<time>2026-08-06T19:48:28.847Z</time>
			</trkpt>
			<trkpt lat="39.58685" lon="21.03598">
				<ele>966.65</ele>
				<time>2026-08-06T19:48:29.785Z</time>
			</trkpt>
			<trkpt lat="39.58672" lon="21.03588">
				<ele>964.61</ele>
				<time>2026-08-06T19:48:30.931Z</time>
			</trkpt>
			<trkpt lat="39.58665" lon="21.03586">
				<ele>963.85</ele>
				<time>2026-08-06T19:48:31.473Z</time>
			</trkpt>
			<trkpt lat="39.58628" lon="21.03587">
				<ele>963.04</ele>
				<time>2026-08-06T19:48:34.270Z</time>
			</trkpt>
			<trkpt lat="39.58619" lon="21.03585">
				<ele>964.53</ele>
				<time>2026-08-06T19:48:34.959Z</time>
			</trkpt>
			<trkpt lat="39.58609" lon="21.03581">
				<ele>965.77</ele>
				<time>2026-08-06T19:48:35.747Z</time>
			</trkpt>
			<trkpt lat="39.58578" lon="21.03562">
				<ele>964.72</ele>
				<time>2026-08-06T19:48:38.324Z</time>
			</trkpt>
			<trkpt lat="39.58561" lon="21.03562">
				<ele>964.78</ele>
				<time>2026-08-06T19:48:39.599Z</time>
			</trkpt>
			<trkpt lat="39.58551" lon="21.03565">
				<ele>966.36</ele>
				<time>2026-08-06T19:48:40.368Z</time>
			</trkpt>
			<trkpt lat="39.58522" lon="21.0358">
				<ele>974.13</ele>
				<time>2026-08-06T19:48:42.702Z</time>
			</trkpt>
			<trkpt lat="39.5849" lon="21.03589">
				<ele>974.81</ele>
				<time>2026-08-06T19:48:45.143Z</time>
			</trkpt>
			<trkpt lat="39.58451" lon="21.03622">
				<ele>980.13</ele>
				<time>2026-08-06T19:48:48.600Z</time>
			</trkpt>
			<trkpt lat="39.58413" lon="21.03637">
				<ele>971.43</ele>
				<time>2026-08-06T19:48:51.538Z</time>
			</trkpt>
			<trkpt lat="39.58388" lon="21.03649">
				<ele>977.86</ele>
				<time>2026-08-06T19:48:53.504Z</time>
			</trkpt>
			<trkpt lat="39.58378" lon="21.03652">
				<ele>982.58</ele>
				<time>2026-08-06T19:48:54.260Z</time>
			</trkpt>
			<trkpt lat="39.58367" lon="21.03647">
				<ele>984.26</ele>
				<time>2026-08-06T19:48:55.117Z</time>
			</trkpt>
			<trkpt lat="39.58361" lon="21.0364">
				<ele>983.55</ele>
				<time>2026-08-06T19:48:55.710Z</time>
			</trkpt>
			<trkpt lat="39.58356" lon="21.0363">
				<ele>983.32</ele>
				<time>2026-08-06T19:48:56.384Z</time>
			</trkpt>
			<trkpt lat="39.58352" lon="21.03606">
				<ele>978.93</ele>
				<time>2026-08-06T19:48:57.772Z</time>
			</trkpt>
			<trkpt lat="39.58347" lon="21.03594">
				<ele>978.07</ele>
				<time>2026-08-06T19:48:58.542Z</time>
			</trkpt>
			<trkpt lat="39.5834" lon="21.03585">
				<ele>979.07</ele>
				<time>2026-08-06T19:48:59.263Z</time>
			</trkpt>
			<trkpt lat="39.58305" lon="21.03552">
				<ele>984.66</ele>
				<time>2026-08-06T19:49:02.420Z</time>
			</trkpt>
			<trkpt lat="39.58295" lon="21.0354">
				<ele>987.56</ele>
				<time>2026-08-06T19:49:03.412Z</time>
			</trkpt>
			<trkpt lat="39.58287" lon="21.03526">
				<ele>989.88</ele>
				<time>2026-08-06T19:49:04.389Z</time>
			</trkpt>
			<trkpt lat="39.58286" lon="21.03511">
				<ele>992.94</ele>
				<time>2026-08-06T19:49:05.231Z</time>
			</trkpt>
			<trkpt lat="39.58288" lon="21.03504">
				<ele>992.33</ele>
				<time>2026-08-06T19:49:05.649Z</time>
			</trkpt>
			<trkpt lat="39.58296" lon="21.03493">
				<ele>988.98</ele>
				<time>2026-08-06T19:49:06.494Z</time>
			</trkpt>
			<trkpt lat="39.58321" lon="21.03469">
				<ele>983.16</ele>
				<time>2026-08-06T19:49:08.744Z</time>
			</trkpt>
			<trkpt lat="39.58333" lon="21.03453">
				<ele>983.41</ele>
				<time>2026-08-06T19:49:09.987Z</time>
			</trkpt>
			<trkpt lat="39.58356" lon="21.03402">
				<ele>979.97</ele>
				<time>2026-08-06T19:49:13.266Z</time>
			</trkpt>
			<trkpt lat="39.58358" lon="21.03393">
				<ele>979.19</ele>
				<time>2026-08-06T19:49:13.784Z</time>
			</trkpt>
			<trkpt lat="39.58358" lon="21.0338">
				<ele>980.08</ele>
				<time>2026-08-06T19:49:14.503Z</time>
			</trkpt>
			<trkpt lat="39.58344" lon="21.03336">
				<ele>993.14</ele>
				<time>2026-08-06T19:49:17.131Z</time>
			</trkpt>
			<trkpt lat="39.58343" lon="21.03329">
				<ele>994.84</ele>
				<time>2026-08-06T19:49:17.523Z</time>
			</trkpt>
			<trkpt lat="39.58344" lon="21.03319">
				<ele>995.74</ele>
				<time>2026-08-06T19:49:18.078Z</time>
			</trkpt>
			<trkpt lat="39.58363" lon="21.03255">
				<ele>994.92</ele>
				<time>2026-08-06T19:49:21.844Z</time>
			</trkpt>
			<trkpt lat="39.58372" lon="21.03219">
				<ele>998</ele>
				<time>2026-08-06T19:49:23.915Z</time>
			</trkpt>
			<trkpt lat="39.58385" lon="21.03185">
				<ele>993.78</ele>
				<time>2026-08-06T19:49:25.986Z</time>
			</trkpt>
			<trkpt lat="39.58411" lon="21.0314">
				<ele>987.6</ele>
				<time>2026-08-06T19:49:29.045Z</time>
			</trkpt>
			<trkpt lat="39.58413" lon="21.03133">
				<ele>986.88</ele>
				<time>2026-08-06T19:49:29.450Z</time>
			</trkpt>
			<trkpt lat="39.58413" lon="21.03118">
				<ele>986.23</ele>
				<time>2026-08-06T19:49:30.263Z</time>
			</trkpt>
			<trkpt lat="39.58407" lon="21.03109">
				<ele>987.14</ele>
				<time>2026-08-06T19:49:30.908Z</time>
			</trkpt>
			<trkpt lat="39.58402" lon="21.03106">
				<ele>987.78</ele>
				<time>2026-08-06T19:49:31.295Z</time>
			</trkpt>
			<trkpt lat="39.58357" lon="21.03101">
				<ele>999.21</ele>
				<time>2026-08-06T19:49:34.461Z</time>
			</trkpt>
			<trkpt lat="39.58338" lon="21.03097">
				<ele>1002.03</ele>
				<time>2026-08-06T19:49:35.806Z</time>
			</trkpt>
			<trkpt lat="39.5832" lon="21.03087">
				<ele>1003.9</ele>
				<time>2026-08-06T19:49:37.173Z</time>
			</trkpt>
			<trkpt lat="39.58296" lon="21.03065">
				<ele>1004.29</ele>
				<time>2026-08-06T19:49:39.219Z</time>
			</trkpt>
			<trkpt lat="39.5828" lon="21.03058">
				<ele>1005.29</ele>
				<time>2026-08-06T19:49:40.392Z</time>
			</trkpt>
			<trkpt lat="39.58241" lon="21.03049">
				<ele>1006.56</ele>
				<time>2026-08-06T19:49:43.137Z</time>
			</trkpt>
			<trkpt lat="39.582" lon="21.03037">
				<ele>1010.03</ele>
				<time>2026-08-06T19:49:46.040Z</time>
			</trkpt>
			<trkpt lat="39.58169" lon="21.03026">
				<ele>1014.94</ele>
				<time>2026-08-06T19:49:48.252Z</time>
			</trkpt>
			<trkpt lat="39.58151" lon="21.03016">
				<ele>1016.01</ele>
				<time>2026-08-06T19:49:49.597Z</time>
			</trkpt>
			<trkpt lat="39.5814" lon="21.03007">
				<ele>1016.82</ele>
				<time>2026-08-06T19:49:50.489Z</time>
			</trkpt>
			<trkpt lat="39.58132" lon="21.02999">
				<ele>1017.04</ele>
				<time>2026-08-06T19:49:51.181Z</time>
			</trkpt>
			<trkpt lat="39.58125" lon="21.02982">
				<ele>1015.61</ele>
				<time>2026-08-06T19:49:52.198Z</time>
			</trkpt>
			<trkpt lat="39.58115" lon="21.02948">
				<ele>1012.03</ele>
				<time>2026-08-06T19:49:54.114Z</time>
			</trkpt>
			<trkpt lat="39.58113" lon="21.0293">
				<ele>1011.44</ele>
				<time>2026-08-06T19:49:55.070Z</time>
			</trkpt>
			<trkpt lat="39.58114" lon="21.02917">
				<ele>1011.19</ele>
				<time>2026-08-06T19:49:55.756Z</time>
			</trkpt>
			<trkpt lat="39.58118" lon="21.02889">
				<ele>1008.69</ele>
				<time>2026-08-06T19:49:57.249Z</time>
			</trkpt>
			<trkpt lat="39.58114" lon="21.02843">
				<ele>1015.88</ele>
				<time>2026-08-06T19:49:59.670Z</time>
			</trkpt>
			<trkpt lat="39.58119" lon="21.02817">
				<ele>1016.41</ele>
				<time>2026-08-06T19:50:01.068Z</time>
			</trkpt>
			<trkpt lat="39.58123" lon="21.02777">
				<ele>1016.13</ele>
				<time>2026-08-06T19:50:03.167Z</time>
			</trkpt>
			<trkpt lat="39.58135" lon="21.02736">
				<ele>1012.6</ele>
				<time>2026-08-06T19:50:05.444Z</time>
			</trkpt>
			<trkpt lat="39.58147" lon="21.02681">
				<ele>1011.22</ele>
				<time>2026-08-06T19:50:08.401Z</time>
			</trkpt>
			<trkpt lat="39.58149" lon="21.02602">
				<ele>1019.79</ele>
				<time>2026-08-06T19:50:12.473Z</time>
			</trkpt>
			<trkpt lat="39.58152" lon="21.0259">
				<ele>1020.39</ele>
				<time>2026-08-06T19:50:13.120Z</time>
			</trkpt>
			<trkpt lat="39.58168" lon="21.02557">
				<ele>1019.15</ele>
				<time>2026-08-06T19:50:15.119Z</time>
			</trkpt>
			<trkpt lat="39.58173" lon="21.02541">
				<ele>1018.81</ele>
				<time>2026-08-06T19:50:16.003Z</time>
			</trkpt>
			<trkpt lat="39.58182" lon="21.02491">
				<ele>1021.42</ele>
				<time>2026-08-06T19:50:18.624Z</time>
			</trkpt>
			<trkpt lat="39.58181" lon="21.02467">
				<ele>1023.85</ele>
				<time>2026-08-06T19:50:19.849Z</time>
			</trkpt>
			<trkpt lat="39.58184" lon="21.02444">
				<ele>1025.48</ele>
				<time>2026-08-06T19:50:21.035Z</time>
			</trkpt>
			<trkpt lat="39.58188" lon="21.02434">
				<ele>1027.06</ele>
				<time>2026-08-06T19:50:21.607Z</time>
			</trkpt>
			<trkpt lat="39.58207" lon="21.0241">
				<ele>1026.72</ele>
				<time>2026-08-06T19:50:23.353Z</time>
			</trkpt>
			<trkpt lat="39.58216" lon="21.02393">
				<ele>1027.01</ele>
				<time>2026-08-06T19:50:24.397Z</time>
			</trkpt>
			<trkpt lat="39.58227" lon="21.02355">
				<ele>1030.82</ele>
				<time>2026-08-06T19:50:26.448Z</time>
			</trkpt>
			<trkpt lat="39.58229" lon="21.02343">
				<ele>1032.75</ele>
				<time>2026-08-06T19:50:27.068Z</time>
			</trkpt>
			<trkpt lat="39.58227" lon="21.02336">
				<ele>1034.15</ele>
				<time>2026-08-06T19:50:27.444Z</time>
			</trkpt>
			<trkpt lat="39.58225" lon="21.02334">
				<ele>1035.16</ele>
				<time>2026-08-06T19:50:27.609Z</time>
			</trkpt>
			<trkpt lat="39.58218" lon="21.02335">
				<ele>1036.12</ele>
				<time>2026-08-06T19:50:28.070Z</time>
			</trkpt>
			<trkpt lat="39.58209" lon="21.02341">
				<ele>1036.57</ele>
				<time>2026-08-06T19:50:28.731Z</time>
			</trkpt>
			<trkpt lat="39.58192" lon="21.02364">
				<ele>1037.48</ele>
				<time>2026-08-06T19:50:30.333Z</time>
			</trkpt>
			<trkpt lat="39.58173" lon="21.02396">
				<ele>1038.83</ele>
				<time>2026-08-06T19:50:32.359Z</time>
			</trkpt>
			<trkpt lat="39.58151" lon="21.02418">
				<ele>1040.24</ele>
				<time>2026-08-06T19:50:34.162Z</time>
			</trkpt>
			<trkpt lat="39.58128" lon="21.02457">
				<ele>1038.4</ele>
				<time>2026-08-06T19:50:36.613Z</time>
			</trkpt>
			<trkpt lat="39.58109" lon="21.02484">
				<ele>1044.04</ele>
				<time>2026-08-06T19:50:38.433Z</time>
			</trkpt>
			<trkpt lat="39.58073" lon="21.02523">
				<ele>1056.45</ele>
				<time>2026-08-06T19:50:41.452Z</time>
			</trkpt>
			<trkpt lat="39.58047" lon="21.02566">
				<ele>1060.45</ele>
				<time>2026-08-06T19:50:44.154Z</time>
			</trkpt>
			<trkpt lat="39.58013" lon="21.026">
				<ele>1059.2</ele>
				<time>2026-08-06T19:50:46.898Z</time>
			</trkpt>
			<trkpt lat="39.58006" lon="21.02611">
				<ele>1058.51</ele>
				<time>2026-08-06T19:50:47.599Z</time>
			</trkpt>
			<trkpt lat="39.58003" lon="21.02621">
				<ele>1059.27</ele>
				<time>2026-08-06T19:50:48.127Z</time>
			</trkpt>
			<trkpt lat="39.57995" lon="21.02645">
				<ele>1063.05</ele>
				<time>2026-08-06T19:50:49.410Z</time>
			</trkpt>
			<trkpt lat="39.57988" lon="21.02677">
				<ele>1066.75</ele>
				<time>2026-08-06T19:50:51.039Z</time>
			</trkpt>
			<trkpt lat="39.57983" lon="21.02685">
				<ele>1067.73</ele>
				<time>2026-08-06T19:50:51.543Z</time>
			</trkpt>
			<trkpt lat="39.5798" lon="21.02685">
				<ele>1068.51</ele>
				<time>2026-08-06T19:50:51.733Z</time>
			</trkpt>
			<trkpt lat="39.57976" lon="21.02678">
				<ele>1069.58</ele>
				<time>2026-08-06T19:50:52.159Z</time>
			</trkpt>
			<trkpt lat="39.57978" lon="21.02637">
				<ele>1067.13</ele>
				<time>2026-08-06T19:50:54.164Z</time>
			</trkpt>
			<trkpt lat="39.57976" lon="21.02596">
				<ele>1066.47</ele>
				<time>2026-08-06T19:50:56.164Z</time>
			</trkpt>
			<trkpt lat="39.57978" lon="21.02577">
				<ele>1066.77</ele>
				<time>2026-08-06T19:50:57.096Z</time>
			</trkpt>
			<trkpt lat="39.57997" lon="21.02538">
				<ele>1066.27</ele>
				<time>2026-08-06T19:50:59.333Z</time>
			</trkpt>
			<trkpt lat="39.58028" lon="21.02456">
				<ele>1070.46</ele>
				<time>2026-08-06T19:51:03.744Z</time>
			</trkpt>
			<trkpt lat="39.58039" lon="21.02432">
				<ele>1069.64</ele>
				<time>2026-08-06T19:51:05.088Z</time>
			</trkpt>
			<trkpt lat="39.58047" lon="21.024">
				<ele>1072.33</ele>
				<time>2026-08-06T19:51:06.704Z</time>
			</trkpt>
			<trkpt lat="39.58056" lon="21.0235">
				<ele>1074.5</ele>
				<time>2026-08-06T19:51:09.164Z</time>
			</trkpt>
			<trkpt lat="39.58067" lon="21.02314">
				<ele>1074.75</ele>
				<time>2026-08-06T19:51:11.014Z</time>
			</trkpt>
			<trkpt lat="39.58102" lon="21.02228">
				<ele>1078.04</ele>
				<time>2026-08-06T19:51:15.643Z</time>
			</trkpt>
			<trkpt lat="39.58118" lon="21.02198">
				<ele>1080.46</ele>
				<time>2026-08-06T19:51:17.372Z</time>
			</trkpt>
			<trkpt lat="39.58123" lon="21.02184">
				<ele>1080.88</ele>
				<time>2026-08-06T19:51:18.103Z</time>
			</trkpt>
			<trkpt lat="39.58127" lon="21.02164">
				<ele>1081.43</ele>
				<time>2026-08-06T19:51:19.080Z</time>
			</trkpt>
			<trkpt lat="39.58145" lon="21.02102">
				<ele>1083.11</ele>
				<time>2026-08-06T19:51:22.205Z</time>
			</trkpt>
			<trkpt lat="39.58151" lon="21.02063">
				<ele>1085.76</ele>
				<time>2026-08-06T19:51:24.075Z</time>
			</trkpt>
			<trkpt lat="39.58157" lon="21.02043">
				<ele>1086.33</ele>
				<time>2026-08-06T19:51:25.082Z</time>
			</trkpt>
			<trkpt lat="39.58169" lon="21.02024">
				<ele>1085.95</ele>
				<time>2026-08-06T19:51:26.234Z</time>
			</trkpt>
			<trkpt lat="39.58192" lon="21.01995">
				<ele>1086.13</ele>
				<time>2026-08-06T19:51:28.181Z</time>
			</trkpt>
			<trkpt lat="39.58201" lon="21.01982">
				<ele>1086.28</ele>
				<time>2026-08-06T19:51:28.998Z</time>
			</trkpt>
			<trkpt lat="39.58207" lon="21.01968">
				<ele>1086.8</ele>
				<time>2026-08-06T19:51:29.745Z</time>
			</trkpt>
			<trkpt lat="39.58214" lon="21.01935">
				<ele>1090.09</ele>
				<time>2026-08-06T19:51:31.340Z</time>
			</trkpt>
			<trkpt lat="39.58216" lon="21.01908">
				<ele>1093.55</ele>
				<time>2026-08-06T19:51:32.602Z</time>
			</trkpt>
			<trkpt lat="39.58214" lon="21.01884">
				<ele>1094.86</ele>
				<time>2026-08-06T19:51:33.724Z</time>
			</trkpt>
			<trkpt lat="39.58207" lon="21.01865">
				<ele>1096.28</ele>
				<time>2026-08-06T19:51:34.701Z</time>
			</trkpt>
			<trkpt lat="39.58197" lon="21.01847">
				<ele>1097.53</ele>
				<time>2026-08-06T19:51:35.729Z</time>
			</trkpt>
			<trkpt lat="39.58168" lon="21.01802">
				<ele>1100.55</ele>
				<time>2026-08-06T19:51:38.441Z</time>
			</trkpt>
			<trkpt lat="39.58142" lon="21.01755">
				<ele>1103.12</ele>
				<time>2026-08-06T19:51:41.108Z</time>
			</trkpt>
			<trkpt lat="39.58129" lon="21.01745">
				<ele>1104.77</ele>
				<time>2026-08-06T19:51:42.010Z</time>
			</trkpt>
			<trkpt lat="39.58105" lon="21.01735">
				<ele>1107.93</ele>
				<time>2026-08-06T19:51:43.512Z</time>
			</trkpt>
			<trkpt lat="39.58089" lon="21.0173">
				<ele>1109.28</ele>
				<time>2026-08-06T19:51:44.491Z</time>
			</trkpt>
			<trkpt lat="39.58074" lon="21.01732">
				<ele>1109.9</ele>
				<time>2026-08-06T19:51:45.387Z</time>
			</trkpt>
			<trkpt lat="39.58057" lon="21.01743">
				<ele>1109.73</ele>
				<time>2026-08-06T19:51:46.515Z</time>
			</trkpt>
			<trkpt lat="39.58045" lon="21.01761">
				<ele>1108.29</ele>
				<time>2026-08-06T19:51:47.603Z</time>
			</trkpt>
			<trkpt lat="39.5804" lon="21.01779">
				<ele>1107.75</ele>
				<time>2026-08-06T19:51:48.476Z</time>
			</trkpt>
			<trkpt lat="39.58036" lon="21.01823">
				<ele>1110.97</ele>
				<time>2026-08-06T19:51:50.495Z</time>
			</trkpt>
			<trkpt lat="39.5803" lon="21.01863">
				<ele>1110.38</ele>
				<time>2026-08-06T19:51:52.347Z</time>
			</trkpt>
			<trkpt lat="39.58021" lon="21.01894">
				<ele>1106.68</ele>
				<time>2026-08-06T19:51:53.850Z</time>
			</trkpt>
			<trkpt lat="39.58009" lon="21.01914">
				<ele>1105.34</ele>
				<time>2026-08-06T19:51:54.999Z</time>
			</trkpt>
			<trkpt lat="39.57986" lon="21.0194">
				<ele>1104.93</ele>
				<time>2026-08-06T19:51:56.789Z</time>
			</trkpt>
			<trkpt lat="39.5797" lon="21.01955">
				<ele>1102.19</ele>
				<time>2026-08-06T19:51:57.945Z</time>
			</trkpt>
			<trkpt lat="39.57944" lon="21.0197">
				<ele>1095.59</ele>
				<time>2026-08-06T19:51:59.609Z</time>
			</trkpt>
			<trkpt lat="39.57936" lon="21.01978">
				<ele>1095.13</ele>
				<time>2026-08-06T19:52:00.199Z</time>
			</trkpt>
			<trkpt lat="39.57926" lon="21.02008">
				<ele>1097.4</ele>
				<time>2026-08-06T19:52:01.669Z</time>
			</trkpt>
			<trkpt lat="39.57921" lon="21.02018">
				<ele>1097.21</ele>
				<time>2026-08-06T19:52:02.204Z</time>
			</trkpt>
			<trkpt lat="39.57898" lon="21.02038">
				<ele>1096.75</ele>
				<time>2026-08-06T19:52:03.816Z</time>
			</trkpt>
			<trkpt lat="39.57893" lon="21.02045">
				<ele>1097.76</ele>
				<time>2026-08-06T19:52:04.243Z</time>
			</trkpt>
			<trkpt lat="39.57884" lon="21.02063">
				<ele>1102.49</ele>
				<time>2026-08-06T19:52:05.204Z</time>
			</trkpt>
			<trkpt lat="39.57876" lon="21.02068">
				<ele>1102.51</ele>
				<time>2026-08-06T19:52:05.719Z</time>
			</trkpt>
			<trkpt lat="39.57867" lon="21.02068">
				<ele>1100.42</ele>
				<time>2026-08-06T19:52:06.241Z</time>
			</trkpt>
			<trkpt lat="39.57849" lon="21.02064">
				<ele>1095.21</ele>
				<time>2026-08-06T19:52:07.300Z</time>
			</trkpt>
			<trkpt lat="39.57839" lon="21.02065">
				<ele>1093.66</ele>
				<time>2026-08-06T19:52:07.880Z</time>
			</trkpt>
			<trkpt lat="39.57829" lon="21.0207">
				<ele>1093.02</ele>
				<time>2026-08-06T19:52:08.500Z</time>
			</trkpt>
			<trkpt lat="39.57795" lon="21.02102">
				<ele>1095.58</ele>
				<time>2026-08-06T19:52:10.927Z</time>
			</trkpt>
			<trkpt lat="39.57787" lon="21.02105">
				<ele>1095.11</ele>
				<time>2026-08-06T19:52:11.407Z</time>
			</trkpt>
			<trkpt lat="39.57769" lon="21.02106">
				<ele>1093.92</ele>
				<time>2026-08-06T19:52:12.445Z</time>
			</trkpt>
			<trkpt lat="39.57759" lon="21.02108">
				<ele>1095.01</ele>
				<time>2026-08-06T19:52:13.027Z</time>
			</trkpt>
			<trkpt lat="39.57722" lon="21.02132">
				<ele>1102.61</ele>
				<time>2026-08-06T19:52:15.405Z</time>
			</trkpt>
			<trkpt lat="39.57709" lon="21.02135">
				<ele>1102.52</ele>
				<time>2026-08-06T19:52:16.162Z</time>
			</trkpt>
			<trkpt lat="39.57695" lon="21.02136">
				<ele>1101.44</ele>
				<time>2026-08-06T19:52:16.966Z</time>
			</trkpt>
			<trkpt lat="39.57687" lon="21.02134">
				<ele>1101.06</ele>
				<time>2026-08-06T19:52:17.433Z</time>
			</trkpt>
			<trkpt lat="39.57683" lon="21.02131">
				<ele>1100.5</ele>
				<time>2026-08-06T19:52:17.697Z</time>
			</trkpt>
			<trkpt lat="39.57679" lon="21.02123">
				<ele>1099.25</ele>
				<time>2026-08-06T19:52:18.118Z</time>
			</trkpt>
			<trkpt lat="39.57677" lon="21.02113">
				<ele>1097.84</ele>
				<time>2026-08-06T19:52:18.573Z</time>
			</trkpt>
			<trkpt lat="39.57678" lon="21.02107">
				<ele>1097.47</ele>
				<time>2026-08-06T19:52:18.844Z</time>
			</trkpt>
			<trkpt lat="39.57689" lon="21.02086">
				<ele>1095.38</ele>
				<time>2026-08-06T19:52:19.962Z</time>
			</trkpt>
			<trkpt lat="39.57699" lon="21.02061">
				<ele>1096.72</ele>
				<time>2026-08-06T19:52:21.201Z</time>
			</trkpt>
			<trkpt lat="39.57705" lon="21.02038">
				<ele>1098.68</ele>
				<time>2026-08-06T19:52:22.268Z</time>
			</trkpt>
			<trkpt lat="39.57714" lon="21.02012">
				<ele>1100.3</ele>
				<time>2026-08-06T19:52:23.518Z</time>
			</trkpt>
			<trkpt lat="39.57735" lon="21.0197">
				<ele>1099.95</ele>
				<time>2026-08-06T19:52:25.711Z</time>
			</trkpt>
			<trkpt lat="39.57737" lon="21.01954">
				<ele>1101.65</ele>
				<time>2026-08-06T19:52:26.420Z</time>
			</trkpt>
			<trkpt lat="39.57734" lon="21.01943">
				<ele>1104</ele>
				<time>2026-08-06T19:52:26.929Z</time>
			</trkpt>
			<trkpt lat="39.57697" lon="21.01857">
				<ele>1111.56</ele>
				<time>2026-08-06T19:52:31.222Z</time>
			</trkpt>
			<trkpt lat="39.57676" lon="21.01823">
				<ele>1112.29</ele>
				<time>2026-08-06T19:52:33.115Z</time>
			</trkpt>
			<trkpt lat="39.57619" lon="21.01739">
				<ele>1114.85</ele>
				<time>2026-08-06T19:52:37.959Z</time>
			</trkpt>
			<trkpt lat="39.57599" lon="21.01721">
				<ele>1117.76</ele>
				<time>2026-08-06T19:52:39.322Z</time>
			</trkpt>
			<trkpt lat="39.57581" lon="21.01712">
				<ele>1118.13</ele>
				<time>2026-08-06T19:52:40.400Z</time>
			</trkpt>
			<trkpt lat="39.57543" lon="21.01704">
				<ele>1118.82</ele>
				<time>2026-08-06T19:52:42.549Z</time>
			</trkpt>
			<trkpt lat="39.57524" lon="21.01695">
				<ele>1116.44</ele>
				<time>2026-08-06T19:52:43.676Z</time>
			</trkpt>
			<trkpt lat="39.57512" lon="21.01684">
				<ele>1112.69</ele>
				<time>2026-08-06T19:52:44.494Z</time>
			</trkpt>
			<trkpt lat="39.57493" lon="21.01651">
				<ele>1101.59</ele>
				<time>2026-08-06T19:52:46.259Z</time>
			</trkpt>
			<trkpt lat="39.57481" lon="21.0164">
				<ele>1098.98</ele>
				<time>2026-08-06T19:52:47.075Z</time>
			</trkpt>
			<trkpt lat="39.57467" lon="21.01633">
				<ele>1099.46</ele>
				<time>2026-08-06T19:52:47.908Z</time>
			</trkpt>
			<trkpt lat="39.57446" lon="21.0163">
				<ele>1103.87</ele>
				<time>2026-08-06T19:52:49.078Z</time>
			</trkpt>
			<trkpt lat="39.57422" lon="21.01632">
				<ele>1108.52</ele>
				<time>2026-08-06T19:52:50.410Z</time>
			</trkpt>
			<trkpt lat="39.57416" lon="21.0163">
				<ele>1108.58</ele>
				<time>2026-08-06T19:52:50.752Z</time>
			</trkpt>
			<trkpt lat="39.5741" lon="21.01622">
				<ele>1108.31</ele>
				<time>2026-08-06T19:52:51.228Z</time>
			</trkpt>
			<trkpt lat="39.57408" lon="21.01613">
				<ele>1106.75</ele>
				<time>2026-08-06T19:52:51.627Z</time>
			</trkpt>
			<trkpt lat="39.5741" lon="21.01602">
				<ele>1104.19</ele>
				<time>2026-08-06T19:52:52.108Z</time>
			</trkpt>
			<trkpt lat="39.57428" lon="21.01539">
				<ele>1093.43</ele>
				<time>2026-08-06T19:52:54.964Z</time>
			</trkpt>
			<trkpt lat="39.57429" lon="21.01528">
				<ele>1094.33</ele>
				<time>2026-08-06T19:52:55.434Z</time>
			</trkpt>
			<trkpt lat="39.57424" lon="21.01506">
				<ele>1098.62</ele>
				<time>2026-08-06T19:52:56.407Z</time>
			</trkpt>
			<trkpt lat="39.57425" lon="21.0149">
				<ele>1099.43</ele>
				<time>2026-08-06T19:52:57.087Z</time>
			</trkpt>
			<trkpt lat="39.57429" lon="21.01484">
				<ele>1098.11</ele>
				<time>2026-08-06T19:52:57.423Z</time>
			</trkpt>
			<trkpt lat="39.57454" lon="21.01462">
				<ele>1089.1</ele>
				<time>2026-08-06T19:52:59.081Z</time>
			</trkpt>
			<trkpt lat="39.57465" lon="21.01445">
				<ele>1084.87</ele>
				<time>2026-08-06T19:53:00.019Z</time>
			</trkpt>
			<trkpt lat="39.57468" lon="21.01431">
				<ele>1083.63</ele>
				<time>2026-08-06T19:53:00.633Z</time>
			</trkpt>
			<trkpt lat="39.57467" lon="21.01409">
				<ele>1083.53</ele>
				<time>2026-08-06T19:53:01.563Z</time>
			</trkpt>
			<trkpt lat="39.57458" lon="21.01372">
				<ele>1085.33</ele>
				<time>2026-08-06T19:53:03.198Z</time>
			</trkpt>
			<trkpt lat="39.57457" lon="21.01359">
				<ele>1084.28</ele>
				<time>2026-08-06T19:53:03.748Z</time>
			</trkpt>
			<trkpt lat="39.57458" lon="21.0134">
				<ele>1080.25</ele>
				<time>2026-08-06T19:53:04.550Z</time>
			</trkpt>
			<trkpt lat="39.57461" lon="21.01331">
				<ele>1077.67</ele>
				<time>2026-08-06T19:53:04.962Z</time>
			</trkpt>
			<trkpt lat="39.57479" lon="21.01298">
				<ele>1071.78</ele>
				<time>2026-08-06T19:53:06.660Z</time>
			</trkpt>
			<trkpt lat="39.57496" lon="21.01249">
				<ele>1072.42</ele>
				<time>2026-08-06T19:53:08.914Z</time>
			</trkpt>
			<trkpt lat="39.57525" lon="21.01147">
				<ele>1061.55</ele>
				<time>2026-08-06T19:53:13.459Z</time>
			</trkpt>
			<trkpt lat="39.57542" lon="21.01077">
				<ele>1058.01</ele>
				<time>2026-08-06T19:53:16.517Z</time>
			</trkpt>
			<trkpt lat="39.57546" lon="21.01049">
				<ele>1055.98</ele>
				<time>2026-08-06T19:53:17.701Z</time>
			</trkpt>
			<trkpt lat="39.57548" lon="21.01012">
				<ele>1054.08</ele>
				<time>2026-08-06T19:53:19.241Z</time>
			</trkpt>
			<trkpt lat="39.57553" lon="21.00993">
				<ele>1053.7</ele>
				<time>2026-08-06T19:53:20.074Z</time>
			</trkpt>
			<trkpt lat="39.57564" lon="21.0096">
				<ele>1051.99</ele>
				<time>2026-08-06T19:53:21.565Z</time>
			</trkpt>
			<trkpt lat="39.57568" lon="21.00943">
				<ele>1050.55</ele>
				<time>2026-08-06T19:53:22.301Z</time>
			</trkpt>
			<trkpt lat="39.57567" lon="21.0093">
				<ele>1049.48</ele>
				<time>2026-08-06T19:53:22.842Z</time>
			</trkpt>
			<trkpt lat="39.57565" lon="21.00918">
				<ele>1048.73</ele>
				<time>2026-08-06T19:53:23.350Z</time>
			</trkpt>
			<trkpt lat="39.57559" lon="21.00905">
				<ele>1047.98</ele>
				<time>2026-08-06T19:53:23.976Z</time>
			</trkpt>
			<trkpt lat="39.57553" lon="21.009">
				<ele>1047.44</ele>
				<time>2026-08-06T19:53:24.359Z</time>
			</trkpt>
			<trkpt lat="39.57546" lon="21.00897">
				<ele>1046.34</ele>
				<time>2026-08-06T19:53:24.754Z</time>
			</trkpt>
			<trkpt lat="39.57538" lon="21.00896">
				<ele>1045.54</ele>
				<time>2026-08-06T19:53:25.185Z</time>
			</trkpt>
			<trkpt lat="39.57528" lon="21.00899">
				<ele>1044.86</ele>
				<time>2026-08-06T19:53:25.734Z</time>
			</trkpt>
			<trkpt lat="39.57521" lon="21.00904">
				<ele>1044.47</ele>
				<time>2026-08-06T19:53:26.162Z</time>
			</trkpt>
			<trkpt lat="39.57516" lon="21.00911">
				<ele>1044.45</ele>
				<time>2026-08-06T19:53:26.556Z</time>
			</trkpt>
			<trkpt lat="39.57506" lon="21.00942">
				<ele>1046.41</ele>
				<time>2026-08-06T19:53:27.942Z</time>
			</trkpt>
			<trkpt lat="39.575" lon="21.00951">
				<ele>1046.89</ele>
				<time>2026-08-06T19:53:28.432Z</time>
			</trkpt>
			<trkpt lat="39.57494" lon="21.00955">
				<ele>1047.33</ele>
				<time>2026-08-06T19:53:28.792Z</time>
			</trkpt>
			<trkpt lat="39.57488" lon="21.00954">
				<ele>1047.36</ele>
				<time>2026-08-06T19:53:29.115Z</time>
			</trkpt>
			<trkpt lat="39.57483" lon="21.0095">
				<ele>1046.83</ele>
				<time>2026-08-06T19:53:29.429Z</time>
			</trkpt>
			<trkpt lat="39.57479" lon="21.00941">
				<ele>1045.62</ele>
				<time>2026-08-06T19:53:29.857Z</time>
			</trkpt>
			<trkpt lat="39.57474" lon="21.00908">
				<ele>1041.47</ele>
				<time>2026-08-06T19:53:31.239Z</time>
			</trkpt>
			<trkpt lat="39.5747" lon="21.00889">
				<ele>1040.14</ele>
				<time>2026-08-06T19:53:32.049Z</time>
			</trkpt>
			<trkpt lat="39.57462" lon="21.00877">
				<ele>1039.92</ele>
				<time>2026-08-06T19:53:32.700Z</time>
			</trkpt>
			<trkpt lat="39.57451" lon="21.00867">
				<ele>1039.95</ele>
				<time>2026-08-06T19:53:33.415Z</time>
			</trkpt>
			<trkpt lat="39.5743" lon="21.00856">
				<ele>1038.68</ele>
				<time>2026-08-06T19:53:34.620Z</time>
			</trkpt>
			<trkpt lat="39.57394" lon="21.0083">
				<ele>1035.91</ele>
				<time>2026-08-06T19:53:36.809Z</time>
			</trkpt>
			<trkpt lat="39.57376" lon="21.00813">
				<ele>1035.56</ele>
				<time>2026-08-06T19:53:37.990Z</time>
			</trkpt>
			<trkpt lat="39.57349" lon="21.00775">
				<ele>1030.47</ele>
				<time>2026-08-06T19:53:40.101Z</time>
			</trkpt>
			<trkpt lat="39.5734" lon="21.00766">
				<ele>1029.59</ele>
				<time>2026-08-06T19:53:40.703Z</time>
			</trkpt>
			<trkpt lat="39.57327" lon="21.00746">
				<ele>1027.94</ele>
				<time>2026-08-06T19:53:41.770Z</time>
			</trkpt>
			<trkpt lat="39.57323" lon="21.00735">
				<ele>1027.28</ele>
				<time>2026-08-06T19:53:42.265Z</time>
			</trkpt>
			<trkpt lat="39.57325" lon="21.00701">
				<ele>1024.34</ele>
				<time>2026-08-06T19:53:43.654Z</time>
			</trkpt>
			<trkpt lat="39.57323" lon="21.00691">
				<ele>1023.53</ele>
				<time>2026-08-06T19:53:44.075Z</time>
			</trkpt>
			<trkpt lat="39.57314" lon="21.0068">
				<ele>1022.43</ele>
				<time>2026-08-06T19:53:44.727Z</time>
			</trkpt>
			<trkpt lat="39.57308" lon="21.00676">
				<ele>1021.87</ele>
				<time>2026-08-06T19:53:45.083Z</time>
			</trkpt>
			<trkpt lat="39.57199" lon="21.00665">
				<ele>1015.27</ele>
				<time>2026-08-06T19:53:50.839Z</time>
			</trkpt>
			<trkpt lat="39.57156" lon="21.00652">
				<ele>1012.22</ele>
				<time>2026-08-06T19:53:53.157Z</time>
			</trkpt>
			<trkpt lat="39.57144" lon="21.00651">
				<ele>1011.27</ele>
				<time>2026-08-06T19:53:53.788Z</time>
			</trkpt>
			<trkpt lat="39.57084" lon="21.00662">
				<ele>1011.49</ele>
				<time>2026-08-06T19:53:56.961Z</time>
			</trkpt>
			<trkpt lat="39.5707" lon="21.00666">
				<ele>1011.08</ele>
				<time>2026-08-06T19:53:57.711Z</time>
			</trkpt>
			<trkpt lat="39.57032" lon="21.00686">
				<ele>1010.86</ele>
				<time>2026-08-06T19:53:59.854Z</time>
			</trkpt>
			<trkpt lat="39.57019" lon="21.00698">
				<ele>1010.86</ele>
				<time>2026-08-06T19:54:00.688Z</time>
			</trkpt>
			<trkpt lat="39.57002" lon="21.00719">
				<ele>1012.67</ele>
				<time>2026-08-06T19:54:01.912Z</time>
			</trkpt>
			<trkpt lat="39.56987" lon="21.00731">
				<ele>1012.7</ele>
				<time>2026-08-06T19:54:02.831Z</time>
			</trkpt>
			<trkpt lat="39.56975" lon="21.00734">
				<ele>1012.49</ele>
				<time>2026-08-06T19:54:03.468Z</time>
			</trkpt>
			<trkpt lat="39.56967" lon="21.00732">
				<ele>1012.43</ele>
				<time>2026-08-06T19:54:03.893Z</time>
			</trkpt>
			<trkpt lat="39.56962" lon="21.00727">
				<ele>1012.23</ele>
				<time>2026-08-06T19:54:04.221Z</time>
			</trkpt>
			<trkpt lat="39.56951" lon="21.00685">
				<ele>1004.86</ele>
				<time>2026-08-06T19:54:06.001Z</time>
			</trkpt>
			<trkpt lat="39.56944" lon="21.00675">
				<ele>1002.33</ele>
				<time>2026-08-06T19:54:06.543Z</time>
			</trkpt>
			<trkpt lat="39.56936" lon="21.0067">
				<ele>1002.83</ele>
				<time>2026-08-06T19:54:07.005Z</time>
			</trkpt>
			<trkpt lat="39.56895" lon="21.00659">
				<ele>1009.07</ele>
				<time>2026-08-06T19:54:09.180Z</time>
			</trkpt>
			<trkpt lat="39.56887" lon="21.0065">
				<ele>1008.89</ele>
				<time>2026-08-06T19:54:09.730Z</time>
			</trkpt>
			<trkpt lat="39.56884" lon="21.00643">
				<ele>1008.45</ele>
				<time>2026-08-06T19:54:10.051Z</time>
			</trkpt>
			<trkpt lat="39.56879" lon="21.00625">
				<ele>1005.93</ele>
				<time>2026-08-06T19:54:10.816Z</time>
			</trkpt>
			<trkpt lat="39.56874" lon="21.00612">
				<ele>1004.58</ele>
				<time>2026-08-06T19:54:11.397Z</time>
			</trkpt>
			<trkpt lat="39.56865" lon="21.00602">
				<ele>1003.96</ele>
				<time>2026-08-06T19:54:12.011Z</time>
			</trkpt>
			<trkpt lat="39.56852" lon="21.00594">
				<ele>1005.11</ele>
				<time>2026-08-06T19:54:12.757Z</time>
			</trkpt>
			<trkpt lat="39.56819" lon="21.00582">
				<ele>1009.12</ele>
				<time>2026-08-06T19:54:14.533Z</time>
			</trkpt>
			<trkpt lat="39.56812" lon="21.00576">
				<ele>1008.89</ele>
				<time>2026-08-06T19:54:14.967Z</time>
			</trkpt>
			<trkpt lat="39.56802" lon="21.0056">
				<ele>1006.04</ele>
				<time>2026-08-06T19:54:15.789Z</time>
			</trkpt>
			<trkpt lat="39.56793" lon="21.00551">
				<ele>1006.26</ele>
				<time>2026-08-06T19:54:16.376Z</time>
			</trkpt>
			<trkpt lat="39.56783" lon="21.00543">
				<ele>1007.14</ele>
				<time>2026-08-06T19:54:16.984Z</time>
			</trkpt>
			<trkpt lat="39.56746" lon="21.00524">
				<ele>1003.72</ele>
				<time>2026-08-06T19:54:19.040Z</time>
			</trkpt>
			<trkpt lat="39.56696" lon="21.00492">
				<ele>1003.26</ele>
				<time>2026-08-06T19:54:21.918Z</time>
			</trkpt>
			<trkpt lat="39.56675" lon="21.00464">
				<ele>1000.49</ele>
				<time>2026-08-06T19:54:23.471Z</time>
			</trkpt>
			<trkpt lat="39.56645" lon="21.00415">
				<ele>994.01</ele>
				<time>2026-08-06T19:54:25.955Z</time>
			</trkpt>
			<trkpt lat="39.56628" lon="21.00395">
				<ele>989.5</ele>
				<time>2026-08-06T19:54:27.136Z</time>
			</trkpt>
			<trkpt lat="39.56619" lon="21.00378">
				<ele>986.8</ele>
				<time>2026-08-06T19:54:27.954Z</time>
			</trkpt>
			<trkpt lat="39.56614" lon="21.0036">
				<ele>984.34</ele>
				<time>2026-08-06T19:54:28.712Z</time>
			</trkpt>
			<trkpt lat="39.56614" lon="21.00352">
				<ele>984.06</ele>
				<time>2026-08-06T19:54:29.029Z</time>
			</trkpt>
			<trkpt lat="39.56619" lon="21.0034">
				<ele>984.33</ele>
				<time>2026-08-06T19:54:29.570Z</time>
			</trkpt>
			<trkpt lat="39.56629" lon="21.00329">
				<ele>985.23</ele>
				<time>2026-08-06T19:54:30.244Z</time>
			</trkpt>
			<trkpt lat="39.56644" lon="21.0032">
				<ele>986.06</ele>
				<time>2026-08-06T19:54:31.092Z</time>
			</trkpt>
			<trkpt lat="39.56662" lon="21.00312">
				<ele>985.93</ele>
				<time>2026-08-06T19:54:32.069Z</time>
			</trkpt>
			<trkpt lat="39.56673" lon="21.00304">
				<ele>984.08</ele>
				<time>2026-08-06T19:54:32.717Z</time>
			</trkpt>
			<trkpt lat="39.56682" lon="21.0029">
				<ele>980.7</ele>
				<time>2026-08-06T19:54:33.438Z</time>
			</trkpt>
			<trkpt lat="39.56687" lon="21.00275">
				<ele>978.83</ele>
				<time>2026-08-06T19:54:34.084Z</time>
			</trkpt>
			<trkpt lat="39.5669" lon="21.00252">
				<ele>977.14</ele>
				<time>2026-08-06T19:54:35.006Z</time>
			</trkpt>
			<trkpt lat="39.56678" lon="21.00252">
				<ele>977.34</ele>
				<time>2026-08-06T19:54:35.621Z</time>
			</trkpt>
			<trkpt lat="39.5667" lon="21.00254">
				<ele>977.78</ele>
				<time>2026-08-06T19:54:36.039Z</time>
			</trkpt>
			<trkpt lat="39.56655" lon="21.00262">
				<ele>979.31</ele>
				<time>2026-08-06T19:54:36.870Z</time>
			</trkpt>
			<trkpt lat="39.5664" lon="21.00275">
				<ele>981.54</ele>
				<time>2026-08-06T19:54:37.794Z</time>
			</trkpt>
			<trkpt lat="39.56597" lon="21.00322">
				<ele>979.91</ele>
				<time>2026-08-06T19:54:40.673Z</time>
			</trkpt>
			<trkpt lat="39.56586" lon="21.00326">
				<ele>979.83</ele>
				<time>2026-08-06T19:54:41.257Z</time>
			</trkpt>
			<trkpt lat="39.56557" lon="21.00324">
				<ele>979.5</ele>
				<time>2026-08-06T19:54:42.742Z</time>
			</trkpt>
			<trkpt lat="39.56546" lon="21.00325">
				<ele>977.8</ele>
				<time>2026-08-06T19:54:43.306Z</time>
			</trkpt>
			<trkpt lat="39.56535" lon="21.0033">
				<ele>976.77</ele>
				<time>2026-08-06T19:54:43.901Z</time>
			</trkpt>
			<trkpt lat="39.56519" lon="21.00347">
				<ele>975.6</ele>
				<time>2026-08-06T19:54:44.958Z</time>
			</trkpt>
			<trkpt lat="39.56506" lon="21.00378">
				<ele>976.92</ele>
				<time>2026-08-06T19:54:46.348Z</time>
			</trkpt>
			<trkpt lat="39.56497" lon="21.00421">
				<ele>978.61</ele>
				<time>2026-08-06T19:54:48.101Z</time>
			</trkpt>
			<trkpt lat="39.56493" lon="21.00454">
				<ele>979.53</ele>
				<time>2026-08-06T19:54:49.415Z</time>
			</trkpt>
			<trkpt lat="39.56492" lon="21.00481">
				<ele>981.35</ele>
				<time>2026-08-06T19:54:50.478Z</time>
			</trkpt>
			<trkpt lat="39.56495" lon="21.00507">
				<ele>983.2</ele>
				<time>2026-08-06T19:54:51.511Z</time>
			</trkpt>
			<trkpt lat="39.56512" lon="21.00566">
				<ele>989.28</ele>
				<time>2026-08-06T19:54:53.986Z</time>
			</trkpt>
			<trkpt lat="39.56519" lon="21.00592">
				<ele>990.19</ele>
				<time>2026-08-06T19:54:55.067Z</time>
			</trkpt>
			<trkpt lat="39.5652" lon="21.00612">
				<ele>989.99</ele>
				<time>2026-08-06T19:54:55.854Z</time>
			</trkpt>
			<trkpt lat="39.56518" lon="21.00627">
				<ele>989.89</ele>
				<time>2026-08-06T19:54:56.452Z</time>
			</trkpt>
			<trkpt lat="39.56512" lon="21.00635">
				<ele>989.28</ele>
				<time>2026-08-06T19:54:56.890Z</time>
			</trkpt>
			<trkpt lat="39.56499" lon="21.00638">
				<ele>988.03</ele>
				<time>2026-08-06T19:54:57.562Z</time>
			</trkpt>
			<trkpt lat="39.5648" lon="21.00637">
				<ele>989.3</ele>
				<time>2026-08-06T19:54:58.530Z</time>
			</trkpt>
			<trkpt lat="39.56457" lon="21.0063">
				<ele>990.68</ele>
				<time>2026-08-06T19:54:59.732Z</time>
			</trkpt>
			<trkpt lat="39.56439" lon="21.00628">
				<ele>990.48</ele>
				<time>2026-08-06T19:55:00.651Z</time>
			</trkpt>
			<trkpt lat="39.56428" lon="21.00629">
				<ele>988.47</ele>
				<time>2026-08-06T19:55:01.212Z</time>
			</trkpt>
			<trkpt lat="39.56417" lon="21.00638">
				<ele>987.16</ele>
				<time>2026-08-06T19:55:01.873Z</time>
			</trkpt>
			<trkpt lat="39.56412" lon="21.00648">
				<ele>987.66</ele>
				<time>2026-08-06T19:55:02.340Z</time>
			</trkpt>
			<trkpt lat="39.56409" lon="21.00671">
				<ele>989.54</ele>
				<time>2026-08-06T19:55:03.255Z</time>
			</trkpt>
			<trkpt lat="39.56411" lon="21.00714">
				<ele>990.75</ele>
				<time>2026-08-06T19:55:04.943Z</time>
			</trkpt>
			<trkpt lat="39.56411" lon="21.00737">
				<ele>991.96</ele>
				<time>2026-08-06T19:55:05.844Z</time>
			</trkpt>
			<trkpt lat="39.56407" lon="21.00755">
				<ele>991.54</ele>
				<time>2026-08-06T19:55:06.578Z</time>
			</trkpt>
			<trkpt lat="39.56398" lon="21.00772">
				<ele>989.43</ele>
				<time>2026-08-06T19:55:07.385Z</time>
			</trkpt>
			<trkpt lat="39.56384" lon="21.00796">
				<ele>985.58</ele>
				<time>2026-08-06T19:55:08.564Z</time>
			</trkpt>
			<trkpt lat="39.56381" lon="21.00809">
				<ele>986.1</ele>
				<time>2026-08-06T19:55:09.095Z</time>
			</trkpt>
			<trkpt lat="39.56382" lon="21.00827">
				<ele>986.76</ele>
				<time>2026-08-06T19:55:09.802Z</time>
			</trkpt>
			<trkpt lat="39.56395" lon="21.00878">
				<ele>988.4</ele>
				<time>2026-08-06T19:55:11.904Z</time>
			</trkpt>
			<trkpt lat="39.56397" lon="21.00901">
				<ele>989.81</ele>
				<time>2026-08-06T19:55:12.810Z</time>
			</trkpt>
			<trkpt lat="39.56397" lon="21.00918">
				<ele>990.81</ele>
				<time>2026-08-06T19:55:13.475Z</time>
			</trkpt>
			<trkpt lat="39.5639" lon="21.00934">
				<ele>991.56</ele>
				<time>2026-08-06T19:55:14.195Z</time>
			</trkpt>
			<trkpt lat="39.56341" lon="21.01029">
				<ele>990.43</ele>
				<time>2026-08-06T19:55:18.666Z</time>
			</trkpt>
			<trkpt lat="39.56332" lon="21.01043">
				<ele>988.09</ele>
				<time>2026-08-06T19:55:19.379Z</time>
			</trkpt>
			<trkpt lat="39.56326" lon="21.01046">
				<ele>988.82</ele>
				<time>2026-08-06T19:55:19.705Z</time>
			</trkpt>
			<trkpt lat="39.5632" lon="21.01045">
				<ele>989.53</ele>
				<time>2026-08-06T19:55:20.012Z</time>
			</trkpt>
			<trkpt lat="39.56317" lon="21.01043">
				<ele>989.97</ele>
				<time>2026-08-06T19:55:20.183Z</time>
			</trkpt>
			<trkpt lat="39.56314" lon="21.01037">
				<ele>990.5</ele>
				<time>2026-08-06T19:55:20.463Z</time>
			</trkpt>
			<trkpt lat="39.56313" lon="21.01028">
				<ele>990.81</ele>
				<time>2026-08-06T19:55:20.818Z</time>
			</trkpt>
			<trkpt lat="39.56328" lon="21.00984">
				<ele>990.34</ele>
				<time>2026-08-06T19:55:22.699Z</time>
			</trkpt>
			<trkpt lat="39.56329" lon="21.00967">
				<ele>990.64</ele>
				<time>2026-08-06T19:55:23.366Z</time>
			</trkpt>
			<trkpt lat="39.56327" lon="21.00953">
				<ele>991.56</ele>
				<time>2026-08-06T19:55:23.923Z</time>
			</trkpt>
			<trkpt lat="39.56322" lon="21.00945">
				<ele>991.98</ele>
				<time>2026-08-06T19:55:24.325Z</time>
			</trkpt>
			<trkpt lat="39.56317" lon="21.00939">
				<ele>991.45</ele>
				<time>2026-08-06T19:55:24.671Z</time>
			</trkpt>
			<trkpt lat="39.56305" lon="21.00931">
				<ele>990.66</ele>
				<time>2026-08-06T19:55:25.355Z</time>
			</trkpt>
			<trkpt lat="39.56296" lon="21.0093">
				<ele>991.52</ele>
				<time>2026-08-06T19:55:25.813Z</time>
			</trkpt>
			<trkpt lat="39.56278" lon="21.00933">
				<ele>993.78</ele>
				<time>2026-08-06T19:55:26.733Z</time>
			</trkpt>
			<trkpt lat="39.56239" lon="21.00949">
				<ele>1002.55</ele>
				<time>2026-08-06T19:55:28.807Z</time>
			</trkpt>
			<trkpt lat="39.5622" lon="21.00951">
				<ele>1010.17</ele>
				<time>2026-08-06T19:55:29.774Z</time>
			</trkpt>
			<trkpt lat="39.562" lon="21.00945">
				<ele>1019.3</ele>
				<time>2026-08-06T19:55:30.815Z</time>
			</trkpt>
			<trkpt lat="39.56197" lon="21.00939">
				<ele>1019.72</ele>
				<time>2026-08-06T19:55:31.095Z</time>
			</trkpt>
			<trkpt lat="39.56196" lon="21.00931">
				<ele>1018.28</ele>
				<time>2026-08-06T19:55:31.411Z</time>
			</trkpt>
			<trkpt lat="39.56197" lon="21.00925">
				<ele>1016.35</ele>
				<time>2026-08-06T19:55:31.651Z</time>
			</trkpt>
			<trkpt lat="39.56209" lon="21.00901">
				<ele>1007.43</ele>
				<time>2026-08-06T19:55:32.770Z</time>
			</trkpt>
			<trkpt lat="39.56213" lon="21.00881">
				<ele>1004.77</ele>
				<time>2026-08-06T19:55:33.577Z</time>
			</trkpt>
			<trkpt lat="39.56212" lon="21.00857">
				<ele>1004.83</ele>
				<time>2026-08-06T19:55:34.517Z</time>
			</trkpt>
			<trkpt lat="39.56207" lon="21.00831">
				<ele>1006.96</ele>
				<time>2026-08-06T19:55:35.565Z</time>
			</trkpt>
			<trkpt lat="39.56202" lon="21.00821">
				<ele>1009.04</ele>
				<time>2026-08-06T19:55:36.031Z</time>
			</trkpt>
			<trkpt lat="39.56193" lon="21.00812">
				<ele>1013.18</ele>
				<time>2026-08-06T19:55:36.607Z</time>
			</trkpt>
			<trkpt lat="39.56177" lon="21.00803">
				<ele>1024.04</ele>
				<time>2026-08-06T19:55:37.492Z</time>
			</trkpt>
			<trkpt lat="39.5617" lon="21.00797">
				<ele>1028.26</ele>
				<time>2026-08-06T19:55:37.917Z</time>
			</trkpt>
			<trkpt lat="39.56166" lon="21.0079">
				<ele>1029.83</ele>
				<time>2026-08-06T19:55:38.258Z</time>
			</trkpt>
			<trkpt lat="39.56165" lon="21.00778">
				<ele>1028.61</ele>
				<time>2026-08-06T19:55:38.730Z</time>
			</trkpt>
			<trkpt lat="39.56168" lon="21.00743">
				<ele>1026.26</ele>
				<time>2026-08-06T19:55:40.107Z</time>
			</trkpt>
			<trkpt lat="39.56165" lon="21.00778">
				<ele>1028.61</ele>
				<time>2026-08-06T19:55:41.485Z</time>
			</trkpt>
			<trkpt lat="39.56166" lon="21.0079">
				<ele>1029.83</ele>
				<time>2026-08-06T19:55:41.957Z</time>
			</trkpt>
			<trkpt lat="39.5617" lon="21.00797">
				<ele>1028.26</ele>
				<time>2026-08-06T19:55:42.298Z</time>
			</trkpt>
			<trkpt lat="39.56177" lon="21.00803">
				<ele>1024.04</ele>
				<time>2026-08-06T19:55:42.723Z</time>
			</trkpt>
			<trkpt lat="39.56193" lon="21.00812">
				<ele>1013.18</ele>
				<time>2026-08-06T19:55:43.608Z</time>
			</trkpt>
			<trkpt lat="39.56202" lon="21.00821">
				<ele>1009.04</ele>
				<time>2026-08-06T19:55:44.185Z</time>
			</trkpt>
			<trkpt lat="39.56207" lon="21.00831">
				<ele>1006.96</ele>
				<time>2026-08-06T19:55:44.652Z</time>
			</trkpt>
			<trkpt lat="39.56212" lon="21.00857">
				<ele>1004.83</ele>
				<time>2026-08-06T19:55:45.700Z</time>
			</trkpt>
			<trkpt lat="39.56213" lon="21.00881">
				<ele>1004.77</ele>
				<time>2026-08-06T19:55:46.641Z</time>
			</trkpt>
			<trkpt lat="39.56209" lon="21.00901">
				<ele>1007.43</ele>
				<time>2026-08-06T19:55:47.445Z</time>
			</trkpt>
			<trkpt lat="39.56197" lon="21.00925">
				<ele>1016.35</ele>
				<time>2026-08-06T19:55:48.547Z</time>
			</trkpt>
			<trkpt lat="39.56196" lon="21.00931">
				<ele>1018.28</ele>
				<time>2026-08-06T19:55:48.781Z</time>
			</trkpt>
			<trkpt lat="39.56197" lon="21.00939">
				<ele>1019.72</ele>
				<time>2026-08-06T19:55:49.091Z</time>
			</trkpt>
			<trkpt lat="39.562" lon="21.00945">
				<ele>1019.3</ele>
				<time>2026-08-06T19:55:49.362Z</time>
			</trkpt>
			<trkpt lat="39.5622" lon="21.00951">
				<ele>1010.17</ele>
				<time>2026-08-06T19:55:50.368Z</time>
			</trkpt>
			<trkpt lat="39.56239" lon="21.00949">
				<ele>1002.55</ele>
				<time>2026-08-06T19:55:51.293Z</time>
			</trkpt>
			<trkpt lat="39.56278" lon="21.00933">
				<ele>993.78</ele>
				<time>2026-08-06T19:55:53.249Z</time>
			</trkpt>
			<trkpt lat="39.56296" lon="21.0093">
				<ele>991.52</ele>
				<time>2026-08-06T19:55:54.105Z</time>
			</trkpt>
			<trkpt lat="39.56305" lon="21.00931">
				<ele>990.66</ele>
				<time>2026-08-06T19:55:54.529Z</time>
			</trkpt>
			<trkpt lat="39.56317" lon="21.00939">
				<ele>991.45</ele>
				<time>2026-08-06T19:55:55.158Z</time>
			</trkpt>
			<trkpt lat="39.56322" lon="21.00945">
				<ele>991.98</ele>
				<time>2026-08-06T19:55:55.475Z</time>
			</trkpt>
			<trkpt lat="39.56327" lon="21.00953">
				<ele>991.56</ele>
				<time>2026-08-06T19:55:55.843Z</time>
			</trkpt>
			<trkpt lat="39.56329" lon="21.00967">
				<ele>990.64</ele>
				<time>2026-08-06T19:55:56.349Z</time>
			</trkpt>
			<trkpt lat="39.56328" lon="21.00984">
				<ele>990.34</ele>
				<time>2026-08-06T19:55:56.953Z</time>
			</trkpt>
			<trkpt lat="39.56313" lon="21.01028">
				<ele>990.81</ele>
				<time>2026-08-06T19:55:58.640Z</time>
			</trkpt>
			<trkpt lat="39.56314" lon="21.01037">
				<ele>990.5</ele>
				<time>2026-08-06T19:55:58.957Z</time>
			</trkpt>
			<trkpt lat="39.56317" lon="21.01043">
				<ele>989.97</ele>
				<time>2026-08-06T19:55:59.205Z</time>
			</trkpt>
			<trkpt lat="39.5632" lon="21.01045">
				<ele>989.53</ele>
				<time>2026-08-06T19:55:59.357Z</time>
			</trkpt>
			<trkpt lat="39.56326" lon="21.01046">
				<ele>988.82</ele>
				<time>2026-08-06T19:55:59.629Z</time>
			</trkpt>
			<trkpt lat="39.56332" lon="21.01043">
				<ele>988.09</ele>
				<time>2026-08-06T19:55:59.917Z</time>
			</trkpt>
			<trkpt lat="39.56341" lon="21.01029">
				<ele>990.43</ele>
				<time>2026-08-06T19:56:00.544Z</time>
			</trkpt>
			<trkpt lat="39.5639" lon="21.00934">
				<ele>991.56</ele>
				<time>2026-08-06T19:56:04.423Z</time>
			</trkpt>
			<trkpt lat="39.56397" lon="21.00918">
				<ele>990.81</ele>
				<time>2026-08-06T19:56:05.040Z</time>
			</trkpt>
			<trkpt lat="39.56397" lon="21.00901">
				<ele>989.81</ele>
				<time>2026-08-06T19:56:05.608Z</time>
			</trkpt>
			<trkpt lat="39.56395" lon="21.00878">
				<ele>988.4</ele>
				<time>2026-08-06T19:56:06.379Z</time>
			</trkpt>
			<trkpt lat="39.56382" lon="21.00827">
				<ele>986.76</ele>
				<time>2026-08-06T19:56:08.160Z</time>
			</trkpt>
			<trkpt lat="39.56381" lon="21.00809">
				<ele>986.1</ele>
				<time>2026-08-06T19:56:08.757Z</time>
			</trkpt>
			<trkpt lat="39.56384" lon="21.00796">
				<ele>985.58</ele>
				<time>2026-08-06T19:56:09.204Z</time>
			</trkpt>
			<trkpt lat="39.56398" lon="21.00772">
				<ele>989.43</ele>
				<time>2026-08-06T19:56:10.196Z</time>
			</trkpt>
			<trkpt lat="39.56407" lon="21.00755">
				<ele>991.54</ele>
				<time>2026-08-06T19:56:10.874Z</time>
			</trkpt>
			<trkpt lat="39.56411" lon="21.00737">
				<ele>991.96</ele>
				<time>2026-08-06T19:56:11.490Z</time>
			</trkpt>
			<trkpt lat="39.56411" lon="21.00714">
				<ele>990.75</ele>
				<time>2026-08-06T19:56:12.245Z</time>
			</trkpt>
			<trkpt lat="39.56409" lon="21.00671">
				<ele>989.54</ele>
				<time>2026-08-06T19:56:13.660Z</time>
			</trkpt>
			<trkpt lat="39.56412" lon="21.00648">
				<ele>987.66</ele>
				<time>2026-08-06T19:56:14.426Z</time>
			</trkpt>
			<trkpt lat="39.56417" lon="21.00638">
				<ele>987.16</ele>
				<time>2026-08-06T19:56:14.817Z</time>
			</trkpt>
			<trkpt lat="39.56428" lon="21.00629">
				<ele>988.47</ele>
				<time>2026-08-06T19:56:15.372Z</time>
			</trkpt>
			<trkpt lat="39.56439" lon="21.00628">
				<ele>990.48</ele>
				<time>2026-08-06T19:56:15.843Z</time>
			</trkpt>
			<trkpt lat="39.56457" lon="21.0063">
				<ele>990.68</ele>
				<time>2026-08-06T19:56:16.615Z</time>
			</trkpt>
			<trkpt lat="39.5648" lon="21.00637">
				<ele>989.3</ele>
				<time>2026-08-06T19:56:17.626Z</time>
			</trkpt>
			<trkpt lat="39.56499" lon="21.00638">
				<ele>988.03</ele>
				<time>2026-08-06T19:56:18.443Z</time>
			</trkpt>
			<trkpt lat="39.56512" lon="21.00635">
				<ele>989.28</ele>
				<time>2026-08-06T19:56:19.011Z</time>
			</trkpt>
			<trkpt lat="39.56518" lon="21.00627">
				<ele>989.89</ele>
				<time>2026-08-06T19:56:19.382Z</time>
			</trkpt>
			<trkpt lat="39.5652" lon="21.00612">
				<ele>989.99</ele>
				<time>2026-08-06T19:56:19.889Z</time>
			</trkpt>
			<trkpt lat="39.56519" lon="21.00592">
				<ele>990.19</ele>
				<time>2026-08-06T19:56:20.557Z</time>
			</trkpt>
			<trkpt lat="39.56512" lon="21.00566">
				<ele>989.28</ele>
				<time>2026-08-06T19:56:21.480Z</time>
			</trkpt>
			<trkpt lat="39.56495" lon="21.00507">
				<ele>983.2</ele>
				<time>2026-08-06T19:56:23.606Z</time>
			</trkpt>
			<trkpt lat="39.56492" lon="21.00481">
				<ele>981.35</ele>
				<time>2026-08-06T19:56:24.502Z</time>
			</trkpt>
			<trkpt lat="39.56493" lon="21.00454">
				<ele>979.53</ele>
				<time>2026-08-06T19:56:25.428Z</time>
			</trkpt>
			<trkpt lat="39.56497" lon="21.00421">
				<ele>978.61</ele>
				<time>2026-08-06T19:56:26.581Z</time>
			</trkpt>
			<trkpt lat="39.56506" lon="21.00378">
				<ele>976.92</ele>
				<time>2026-08-06T19:56:28.135Z</time>
			</trkpt>
			<trkpt lat="39.56519" lon="21.00347">
				<ele>975.6</ele>
				<time>2026-08-06T19:56:29.379Z</time>
			</trkpt>
			<trkpt lat="39.56535" lon="21.0033">
				<ele>976.77</ele>
				<time>2026-08-06T19:56:30.335Z</time>
			</trkpt>
			<trkpt lat="39.56546" lon="21.00325">
				<ele>977.8</ele>
				<time>2026-08-06T19:56:30.876Z</time>
			</trkpt>
			<trkpt lat="39.56557" lon="21.00324">
				<ele>979.5</ele>
				<time>2026-08-06T19:56:31.391Z</time>
			</trkpt>
			<trkpt lat="39.56586" lon="21.00326">
				<ele>979.83</ele>
				<time>2026-08-06T19:56:32.760Z</time>
			</trkpt>
			<trkpt lat="39.56597" lon="21.00322">
				<ele>979.91</ele>
				<time>2026-08-06T19:56:33.303Z</time>
			</trkpt>
			<trkpt lat="39.5664" lon="21.00275">
				<ele>981.54</ele>
				<time>2026-08-06T19:56:36.020Z</time>
			</trkpt>
			<trkpt lat="39.56655" lon="21.00262">
				<ele>979.31</ele>
				<time>2026-08-06T19:56:36.908Z</time>
			</trkpt>
			<trkpt lat="39.56678" lon="21.00252">
				<ele>977.34</ele>
				<time>2026-08-06T19:56:38.115Z</time>
			</trkpt>
			<trkpt lat="39.5669" lon="21.00252">
				<ele>977.14</ele>
				<time>2026-08-06T19:56:38.718Z</time>
			</trkpt>
			<trkpt lat="39.56699" lon="21.00254">
				<ele>976.91</ele>
				<time>2026-08-06T19:56:39.180Z</time>
			</trkpt>
			<trkpt lat="39.56707" lon="21.0026">
				<ele>976.54</ele>
				<time>2026-08-06T19:56:39.649Z</time>
			</trkpt>
			<trkpt lat="39.56714" lon="21.00271">
				<ele>975.95</ele>
				<time>2026-08-06T19:56:40.211Z</time>
			</trkpt>
			<trkpt lat="39.5672" lon="21.00293">
				<ele>973.62</ele>
				<time>2026-08-06T19:56:41.137Z</time>
			</trkpt>
			<trkpt lat="39.56722" lon="21.00313">
				<ele>971.86</ele>
				<time>2026-08-06T19:56:41.946Z</time>
			</trkpt>
			<trkpt lat="39.56728" lon="21.00326">
				<ele>971.19</ele>
				<time>2026-08-06T19:56:42.558Z</time>
			</trkpt>
			<trkpt lat="39.56733" lon="21.0033">
				<ele>970.66</ele>
				<time>2026-08-06T19:56:42.868Z</time>
			</trkpt>
			<trkpt lat="39.5674" lon="21.00331">
				<ele>969.91</ele>
				<time>2026-08-06T19:56:43.240Z</time>
			</trkpt>
			<trkpt lat="39.56746" lon="21.00328">
				<ele>968.91</ele>
				<time>2026-08-06T19:56:43.582Z</time>
			</trkpt>
			<trkpt lat="39.56805" lon="21.00265">
				<ele>961.39</ele>
				<time>2026-08-06T19:56:47.729Z</time>
			</trkpt>
			<trkpt lat="39.56815" lon="21.00252">
				<ele>960.68</ele>
				<time>2026-08-06T19:56:48.506Z</time>
			</trkpt>
			<trkpt lat="39.5682" lon="21.00235">
				<ele>960.39</ele>
				<time>2026-08-06T19:56:49.277Z</time>
			</trkpt>
			<trkpt lat="39.56819" lon="21.0021">
				<ele>959.15</ele>
				<time>2026-08-06T19:56:50.339Z</time>
			</trkpt>
			<trkpt lat="39.56812" lon="21.00179">
				<ele>955.63</ele>
				<time>2026-08-06T19:56:51.713Z</time>
			</trkpt>
			<trkpt lat="39.56803" lon="21.00145">
				<ele>952.43</ele>
				<time>2026-08-06T19:56:53.245Z</time>
			</trkpt>
			<trkpt lat="39.56732" lon="20.99958">
				<ele>938.32</ele>
				<time>2026-08-06T19:57:02.207Z</time>
			</trkpt>
			<trkpt lat="39.56691" lon="20.99874">
				<ele>930.55</ele>
				<time>2026-08-06T19:57:06.527Z</time>
			</trkpt>
			<trkpt lat="39.56688" lon="20.99865">
				<ele>929.32</ele>
				<time>2026-08-06T19:57:06.955Z</time>
			</trkpt>
			<trkpt lat="39.5669" lon="20.99849">
				<ele>929.85</ele>
				<time>2026-08-06T19:57:07.663Z</time>
			</trkpt>
			<trkpt lat="39.56716" lon="20.99792">
				<ele>935.84</ele>
				<time>2026-08-06T19:57:10.563Z</time>
			</trkpt>
			<trkpt lat="39.56723" lon="20.99781">
				<ele>937.43</ele>
				<time>2026-08-06T19:57:11.189Z</time>
			</trkpt>
			<trkpt lat="39.56736" lon="20.99775">
				<ele>935.58</ele>
				<time>2026-08-06T19:57:11.975Z</time>
			</trkpt>
			<trkpt lat="39.56795" lon="20.99763">
				<ele>926.13</ele>
				<time>2026-08-06T19:57:15.391Z</time>
			</trkpt>
			<trkpt lat="39.56842" lon="20.99745">
				<ele>922.58</ele>
				<time>2026-08-06T19:57:18.208Z</time>
			</trkpt>
			<trkpt lat="39.56903" lon="20.99712">
				<ele>915.48</ele>
				<time>2026-08-06T19:57:22.025Z</time>
			</trkpt>
			<trkpt lat="39.56948" lon="20.99703">
				<ele>908.62</ele>
				<time>2026-08-06T19:57:24.667Z</time>
			</trkpt>
			<trkpt lat="39.5696" lon="20.99696">
				<ele>907.33</ele>
				<time>2026-08-06T19:57:25.433Z</time>
			</trkpt>
			<trkpt lat="39.5697" lon="20.99687">
				<ele>907.96</ele>
				<time>2026-08-06T19:57:26.142Z</time>
			</trkpt>
			<trkpt lat="39.57011" lon="20.9962">
				<ele>913.64</ele>
				<time>2026-08-06T19:57:29.995Z</time>
			</trkpt>
			<trkpt lat="39.57054" lon="20.99539">
				<ele>910.05</ele>
				<time>2026-08-06T19:57:34.451Z</time>
			</trkpt>
			<trkpt lat="39.5707" lon="20.99532">
				<ele>909.37</ele>
				<time>2026-08-06T19:57:35.448Z</time>
			</trkpt>
			<trkpt lat="39.57089" lon="20.99531">
				<ele>908.85</ele>
				<time>2026-08-06T19:57:36.571Z</time>
			</trkpt>
			<trkpt lat="39.57148" lon="20.99534">
				<ele>904.25</ele>
				<time>2026-08-06T19:57:40.072Z</time>
			</trkpt>
			<trkpt lat="39.572" lon="20.9955">
				<ele>899.45</ele>
				<time>2026-08-06T19:57:43.255Z</time>
			</trkpt>
			<trkpt lat="39.57234" lon="20.99551">
				<ele>894.3</ele>
				<time>2026-08-06T19:57:45.288Z</time>
			</trkpt>
			<trkpt lat="39.57267" lon="20.99547">
				<ele>888.49</ele>
				<time>2026-08-06T19:57:47.274Z</time>
			</trkpt>
			<trkpt lat="39.57306" lon="20.99538">
				<ele>890.96</ele>
				<time>2026-08-06T19:57:49.655Z</time>
			</trkpt>
			<trkpt lat="39.57318" lon="20.99533">
				<ele>890.79</ele>
				<time>2026-08-06T19:57:50.414Z</time>
			</trkpt>
			<trkpt lat="39.57332" lon="20.99524">
				<ele>890.63</ele>
				<time>2026-08-06T19:57:51.356Z</time>
			</trkpt>
			<trkpt lat="39.57339" lon="20.99515">
				<ele>888.06</ele>
				<time>2026-08-06T19:57:51.951Z</time>
			</trkpt>
			<trkpt lat="39.5734" lon="20.99505">
				<ele>886.5</ele>
				<time>2026-08-06T19:57:52.421Z</time>
			</trkpt>
			<trkpt lat="39.5734" lon="20.99493">
				<ele>885.08</ele>
				<time>2026-08-06T19:57:52.980Z</time>
			</trkpt>
			<trkpt lat="39.57335" lon="20.99478">
				<ele>883.72</ele>
				<time>2026-08-06T19:57:53.742Z</time>
			</trkpt>
			<trkpt lat="39.57325" lon="20.99462">
				<ele>882.83</ele>
				<time>2026-08-06T19:57:54.704Z</time>
			</trkpt>
			<trkpt lat="39.57295" lon="20.99424">
				<ele>881.97</ele>
				<time>2026-08-06T19:57:57.249Z</time>
			</trkpt>
			<trkpt lat="39.57288" lon="20.99409">
				<ele>879.36</ele>
				<time>2026-08-06T19:57:58.071Z</time>
			</trkpt>
			<trkpt lat="39.57287" lon="20.99397">
				<ele>877.18</ele>
				<time>2026-08-06T19:57:58.637Z</time>
			</trkpt>
			<trkpt lat="39.57288" lon="20.99385">
				<ele>875.91</ele>
				<time>2026-08-06T19:57:59.204Z</time>
			</trkpt>
			<trkpt lat="39.57292" lon="20.99377">
				<ele>876.41</ele>
				<time>2026-08-06T19:57:59.652Z</time>
			</trkpt>
			<trkpt lat="39.57302" lon="20.99363">
				<ele>876.98</ele>
				<time>2026-08-06T19:58:00.550Z</time>
			</trkpt>
			<trkpt lat="39.57335" lon="20.99326">
				<ele>875.32</ele>
				<time>2026-08-06T19:58:03.218Z</time>
			</trkpt>
			<trkpt lat="39.57354" lon="20.99311">
				<ele>871.73</ele>
				<time>2026-08-06T19:58:04.582Z</time>
			</trkpt>
			<trkpt lat="39.57359" lon="20.99302">
				<ele>869.94</ele>
				<time>2026-08-06T19:58:05.107Z</time>
			</trkpt>
			<trkpt lat="39.57361" lon="20.99292">
				<ele>869.08</ele>
				<time>2026-08-06T19:58:05.596Z</time>
			</trkpt>
			<trkpt lat="39.5736" lon="20.9928">
				<ele>868.32</ele>
				<time>2026-08-06T19:58:06.168Z</time>
			</trkpt>
			<trkpt lat="39.57353" lon="20.99263">
				<ele>867.94</ele>
				<time>2026-08-06T19:58:07.082Z</time>
			</trkpt>
			<trkpt lat="39.57327" lon="20.99223">
				<ele>867.15</ele>
				<time>2026-08-06T19:58:09.569Z</time>
			</trkpt>
			<trkpt lat="39.57311" lon="20.99179">
				<ele>867.79</ele>
				<time>2026-08-06T19:58:11.888Z</time>
			</trkpt>
			<trkpt lat="39.57302" lon="20.9916">
				<ele>867.85</ele>
				<time>2026-08-06T19:58:12.953Z</time>
			</trkpt>
			<trkpt lat="39.57294" lon="20.99145">
				<ele>867.45</ele>
				<time>2026-08-06T19:58:13.825Z</time>
			</trkpt>
			<trkpt lat="39.57272" lon="20.99117">
				<ele>864.93</ele>
				<time>2026-08-06T19:58:15.741Z</time>
			</trkpt>
			<trkpt lat="39.57226" lon="20.99024">
				<ele>854.5</ele>
				<time>2026-08-06T19:58:21.057Z</time>
			</trkpt>
			<trkpt lat="39.57219" lon="20.99012">
				<ele>855.14</ele>
				<time>2026-08-06T19:58:21.784Z</time>
			</trkpt>
			<trkpt lat="39.57193" lon="20.98986">
				<ele>853.64</ele>
				<time>2026-08-06T19:58:23.843Z</time>
			</trkpt>
			<trkpt lat="39.57185" lon="20.98962">
				<ele>851.66</ele>
				<time>2026-08-06T19:58:25.110Z</time>
			</trkpt>
			<trkpt lat="39.57178" lon="20.98926">
				<ele>847.89</ele>
				<time>2026-08-06T19:58:26.913Z</time>
			</trkpt>
			<trkpt lat="39.57173" lon="20.9891">
				<ele>846.96</ele>
				<time>2026-08-06T19:58:27.752Z</time>
			</trkpt>
			<trkpt lat="39.57163" lon="20.98889">
				<ele>845.74</ele>
				<time>2026-08-06T19:58:28.954Z</time>
			</trkpt>
			<trkpt lat="39.5716" lon="20.9888">
				<ele>844.97</ele>
				<time>2026-08-06T19:58:29.431Z</time>
			</trkpt>
			<trkpt lat="39.5716" lon="20.98872">
				<ele>843.84</ele>
				<time>2026-08-06T19:58:29.821Z</time>
			</trkpt>
			<trkpt lat="39.57162" lon="20.98867">
				<ele>842.79</ele>
				<time>2026-08-06T19:58:30.096Z</time>
			</trkpt>
			<trkpt lat="39.57165" lon="20.98865">
				<ele>841.82</ele>
				<time>2026-08-06T19:58:30.310Z</time>
			</trkpt>
			<trkpt lat="39.5717" lon="20.98867">
				<ele>840.97</ele>
				<time>2026-08-06T19:58:30.641Z</time>
			</trkpt>
			<trkpt lat="39.57174" lon="20.98872">
				<ele>841.02</ele>
				<time>2026-08-06T19:58:30.993Z</time>
			</trkpt>
			<trkpt lat="39.57191" lon="20.9891">
				<ele>843.66</ele>
				<time>2026-08-06T19:58:33.140Z</time>
			</trkpt>
			<trkpt lat="39.572" lon="20.98921">
				<ele>844.13</ele>
				<time>2026-08-06T19:58:33.926Z</time>
			</trkpt>
			<trkpt lat="39.57206" lon="20.98926">
				<ele>844.11</ele>
				<time>2026-08-06T19:58:34.379Z</time>
			</trkpt>
			<trkpt lat="39.57212" lon="20.98926">
				<ele>843.5</ele>
				<time>2026-08-06T19:58:34.761Z</time>
			</trkpt>
			<trkpt lat="39.5722" lon="20.98923">
				<ele>842.21</ele>
				<time>2026-08-06T19:58:35.291Z</time>
			</trkpt>
			<trkpt lat="39.57232" lon="20.98909">
				<ele>837.69</ele>
				<time>2026-08-06T19:58:36.318Z</time>
			</trkpt>
			<trkpt lat="39.57238" lon="20.98905">
				<ele>835.96</ele>
				<time>2026-08-06T19:58:36.748Z</time>
			</trkpt>
			<trkpt lat="39.57244" lon="20.98904">
				<ele>834.73</ele>
				<time>2026-08-06T19:58:37.134Z</time>
			</trkpt>
			<trkpt lat="39.57252" lon="20.98905">
				<ele>833.78</ele>
				<time>2026-08-06T19:58:37.647Z</time>
			</trkpt>
			<trkpt lat="39.57284" lon="20.98927">
				<ele>833.85</ele>
				<time>2026-08-06T19:58:39.961Z</time>
			</trkpt>
			<trkpt lat="39.57307" lon="20.98937">
				<ele>831.67</ele>
				<time>2026-08-06T19:58:41.514Z</time>
			</trkpt>
			<trkpt lat="39.57317" lon="20.98946">
				<ele>830.92</ele>
				<time>2026-08-06T19:58:42.295Z</time>
			</trkpt>
			<trkpt lat="39.57355" lon="20.99001">
				<ele>831.44</ele>
				<time>2026-08-06T19:58:45.954Z</time>
			</trkpt>
			<trkpt lat="39.57362" lon="20.99006">
				<ele>831.09</ele>
				<time>2026-08-06T19:58:46.469Z</time>
			</trkpt>
			<trkpt lat="39.57367" lon="20.99007">
				<ele>830.8</ele>
				<time>2026-08-06T19:58:46.795Z</time>
			</trkpt>
			<trkpt lat="39.57371" lon="20.99006">
				<ele>830.27</ele>
				<time>2026-08-06T19:58:47.058Z</time>
			</trkpt>
			<trkpt lat="39.57373" lon="20.99001">
				<ele>829.29</ele>
				<time>2026-08-06T19:58:47.338Z</time>
			</trkpt>
			<trkpt lat="39.57373" lon="20.98995">
				<ele>828.82</ele>
				<time>2026-08-06T19:58:47.636Z</time>
			</trkpt>
			<trkpt lat="39.5737" lon="20.98989">
				<ele>828.48</ele>
				<time>2026-08-06T19:58:47.992Z</time>
			</trkpt>
			<trkpt lat="39.57357" lon="20.98975">
				<ele>827.69</ele>
				<time>2026-08-06T19:58:49.083Z</time>
			</trkpt>
			<trkpt lat="39.5735" lon="20.98963">
				<ele>827.19</ele>
				<time>2026-08-06T19:58:49.833Z</time>
			</trkpt>
			<trkpt lat="39.57333" lon="20.98918">
				<ele>824.2</ele>
				<time>2026-08-06T19:58:52.334Z</time>
			</trkpt>
			<trkpt lat="39.57308" lon="20.98863">
				<ele>822.65</ele>
				<time>2026-08-06T19:58:55.531Z</time>
			</trkpt>
			<trkpt lat="39.57297" lon="20.98843">
				<ele>819.63</ele>
				<time>2026-08-06T19:58:56.764Z</time>
			</trkpt>
			<trkpt lat="39.57279" lon="20.98824">
				<ele>812.81</ele>
				<time>2026-08-06T19:58:58.277Z</time>
			</trkpt>
			<trkpt lat="39.57277" lon="20.98818">
				<ele>810.68</ele>
				<time>2026-08-06T19:58:58.606Z</time>
			</trkpt>
			<trkpt lat="39.57279" lon="20.9881">
				<ele>807.97</ele>
				<time>2026-08-06T19:58:59.029Z</time>
			</trkpt>
			<trkpt lat="39.57287" lon="20.98809">
				<ele>808.02</ele>
				<time>2026-08-06T19:58:59.554Z</time>
			</trkpt>
			<trkpt lat="39.57296" lon="20.98815">
				<ele>811.06</ele>
				<time>2026-08-06T19:59:00.216Z</time>
			</trkpt>
			<trkpt lat="39.57329" lon="20.98846">
				<ele>816.46</ele>
				<time>2026-08-06T19:59:02.883Z</time>
			</trkpt>
			<trkpt lat="39.57357" lon="20.98868">
				<ele>812.72</ele>
				<time>2026-08-06T19:59:05.032Z</time>
			</trkpt>
			<trkpt lat="39.57417" lon="20.98885">
				<ele>809.28</ele>
				<time>2026-08-06T19:59:09.076Z</time>
			</trkpt>
			<trkpt lat="39.57455" lon="20.98901">
				<ele>807.14</ele>
				<time>2026-08-06T19:59:11.715Z</time>
			</trkpt>
			<trkpt lat="39.57472" lon="20.98903">
				<ele>805.03</ele>
				<time>2026-08-06T19:59:12.845Z</time>
			</trkpt>
			<trkpt lat="39.57477" lon="20.989">
				<ele>802.94</ele>
				<time>2026-08-06T19:59:13.210Z</time>
			</trkpt>
			<trkpt lat="39.5748" lon="20.98897">
				<ele>801.78</ele>
				<time>2026-08-06T19:59:13.461Z</time>
			</trkpt>
			<trkpt lat="39.5748" lon="20.98892">
				<ele>801.06</ele>
				<time>2026-08-06T19:59:13.717Z</time>
			</trkpt>
			<trkpt lat="39.57477" lon="20.98886">
				<ele>800.63</ele>
				<time>2026-08-06T19:59:14.082Z</time>
			</trkpt>
			<trkpt lat="39.5745" lon="20.98871">
				<ele>801.46</ele>
				<time>2026-08-06T19:59:16.032Z</time>
			</trkpt>
			<trkpt lat="39.57354" lon="20.98745">
				<ele>791.92</ele>
				<time>2026-08-06T19:59:25.145Z</time>
			</trkpt>
			<trkpt lat="39.57328" lon="20.98718">
				<ele>788.29</ele>
				<time>2026-08-06T19:59:27.379Z</time>
			</trkpt>
			<trkpt lat="39.57327" lon="20.98708">
				<ele>785.13</ele>
				<time>2026-08-06T19:59:27.902Z</time>
			</trkpt>
			<trkpt lat="39.57329" lon="20.98704">
				<ele>784.69</ele>
				<time>2026-08-06T19:59:28.149Z</time>
			</trkpt>
			<trkpt lat="39.57337" lon="20.98704">
				<ele>785.72</ele>
				<time>2026-08-06T19:59:28.687Z</time>
			</trkpt>
			<trkpt lat="39.57343" lon="20.98708">
				<ele>786.86</ele>
				<time>2026-08-06T19:59:29.140Z</time>
			</trkpt>
			<trkpt lat="39.57375" lon="20.98735">
				<ele>788.65</ele>
				<time>2026-08-06T19:59:31.712Z</time>
			</trkpt>
			<trkpt lat="39.57391" lon="20.98744">
				<ele>787.71</ele>
				<time>2026-08-06T19:59:32.889Z</time>
			</trkpt>
			<trkpt lat="39.57459" lon="20.98766">
				<ele>783.98</ele>
				<time>2026-08-06T19:59:37.631Z</time>
			</trkpt>
			<trkpt lat="39.57472" lon="20.98769">
				<ele>783.28</ele>
				<time>2026-08-06T19:59:38.527Z</time>
			</trkpt>
			<trkpt lat="39.57508" lon="20.98769">
				<ele>777.45</ele>
				<time>2026-08-06T19:59:40.973Z</time>
			</trkpt>
			<trkpt lat="39.57514" lon="20.98767">
				<ele>776.35</ele>
				<time>2026-08-06T19:59:41.395Z</time>
			</trkpt>
			<trkpt lat="39.57515" lon="20.98762">
				<ele>775.55</ele>
				<time>2026-08-06T19:59:41.666Z</time>
			</trkpt>
			<trkpt lat="39.57515" lon="20.98755">
				<ele>774.89</ele>
				<time>2026-08-06T19:59:42.033Z</time>
			</trkpt>
			<trkpt lat="39.57512" lon="20.9875">
				<ele>774.75</ele>
				<time>2026-08-06T19:59:42.366Z</time>
			</trkpt>
			<trkpt lat="39.57507" lon="20.98748">
				<ele>774.71</ele>
				<time>2026-08-06T19:59:42.722Z</time>
			</trkpt>
			<trkpt lat="39.57488" lon="20.98746">
				<ele>776.34</ele>
				<time>2026-08-06T19:59:44.022Z</time>
			</trkpt>
			<trkpt lat="39.57479" lon="20.98742">
				<ele>776.5</ele>
				<time>2026-08-06T19:59:44.671Z</time>
			</trkpt>
			<trkpt lat="39.5747" lon="20.98735">
				<ele>775.37</ele>
				<time>2026-08-06T19:59:45.388Z</time>
			</trkpt>
			<trkpt lat="39.57401" lon="20.98655">
				<ele>765.36</ele>
				<time>2026-08-06T19:59:51.726Z</time>
			</trkpt>
			<trkpt lat="39.57366" lon="20.98628">
				<ele>762.9</ele>
				<time>2026-08-06T19:59:54.527Z</time>
			</trkpt>
			<trkpt lat="39.57364" lon="20.98621">
				<ele>759.79</ele>
				<time>2026-08-06T19:59:54.923Z</time>
			</trkpt>
			<trkpt lat="39.57365" lon="20.98615">
				<ele>756.88</ele>
				<time>2026-08-06T19:59:55.249Z</time>
			</trkpt>
			<trkpt lat="39.57368" lon="20.98611">
				<ele>754.49</ele>
				<time>2026-08-06T19:59:55.545Z</time>
			</trkpt>
			<trkpt lat="39.57374" lon="20.9861">
				<ele>753.38</ele>
				<time>2026-08-06T19:59:55.962Z</time>
			</trkpt>
			<trkpt lat="39.57381" lon="20.98612">
				<ele>753.38</ele>
				<time>2026-08-06T19:59:56.457Z</time>
			</trkpt>
			<trkpt lat="39.57413" lon="20.9863">
				<ele>754.36</ele>
				<time>2026-08-06T19:59:58.865Z</time>
			</trkpt>
			<trkpt lat="39.57437" lon="20.98641">
				<ele>754.29</ele>
				<time>2026-08-06T20:00:00.626Z</time>
			</trkpt>
			<trkpt lat="39.57488" lon="20.98659">
				<ele>751.15</ele>
				<time>2026-08-06T20:00:04.290Z</time>
			</trkpt>
			<trkpt lat="39.57505" lon="20.98662">
				<ele>750.74</ele>
				<time>2026-08-06T20:00:05.482Z</time>
			</trkpt>
			<trkpt lat="39.5754" lon="20.98665">
				<ele>752.07</ele>
				<time>2026-08-06T20:00:07.923Z</time>
			</trkpt>
			<trkpt lat="39.57545" lon="20.98663">
				<ele>751.75</ele>
				<time>2026-08-06T20:00:08.288Z</time>
			</trkpt>
			<trkpt lat="39.57547" lon="20.98658">
				<ele>750.79</ele>
				<time>2026-08-06T20:00:08.590Z</time>
			</trkpt>
			<trkpt lat="39.57546" lon="20.98649">
				<ele>748.31</ele>
				<time>2026-08-06T20:00:09.079Z</time>
			</trkpt>
			<trkpt lat="39.57542" lon="20.98647">
				<ele>747.38</ele>
				<time>2026-08-06T20:00:09.378Z</time>
			</trkpt>
			<trkpt lat="39.57504" lon="20.98639">
				<ele>743.22</ele>
				<time>2026-08-06T20:00:12.066Z</time>
			</trkpt>
			<trkpt lat="39.57492" lon="20.98631">
				<ele>741.16</ele>
				<time>2026-08-06T20:00:13.009Z</time>
			</trkpt>
			<trkpt lat="39.57465" lon="20.98608">
				<ele>737.29</ele>
				<time>2026-08-06T20:00:15.271Z</time>
			</trkpt>
			<trkpt lat="39.57407" lon="20.98554">
				<ele>733.42</ele>
				<time>2026-08-06T20:00:20.285Z</time>
			</trkpt>
			<trkpt lat="39.57387" lon="20.98542">
				<ele>729.6</ele>
				<time>2026-08-06T20:00:21.836Z</time>
			</trkpt>
			<trkpt lat="39.57372" lon="20.98541">
				<ele>723.27</ele>
				<time>2026-08-06T20:00:22.895Z</time>
			</trkpt>
			<trkpt lat="39.5736" lon="20.98544">
				<ele>720.29</ele>
				<time>2026-08-06T20:00:23.757Z</time>
			</trkpt>
			<trkpt lat="39.57318" lon="20.9857">
				<ele>724.49</ele>
				<time>2026-08-06T20:00:27.046Z</time>
			</trkpt>
			<trkpt lat="39.57292" lon="20.98591">
				<ele>731.09</ele>
				<time>2026-08-06T20:00:29.215Z</time>
			</trkpt>
			<trkpt lat="39.57286" lon="20.98593">
				<ele>731.27</ele>
				<time>2026-08-06T20:00:29.654Z</time>
			</trkpt>
			<trkpt lat="39.57278" lon="20.9859">
				<ele>729.93</ele>
				<time>2026-08-06T20:00:30.245Z</time>
			</trkpt>
			<trkpt lat="39.5727" lon="20.98581">
				<ele>728.96</ele>
				<time>2026-08-06T20:00:30.996Z</time>
			</trkpt>
			<trkpt lat="39.57266" lon="20.98571">
				<ele>726.27</ele>
				<time>2026-08-06T20:00:31.613Z</time>
			</trkpt>
			<trkpt lat="39.57254" lon="20.98528">
				<ele>713.22</ele>
				<time>2026-08-06T20:00:34.119Z</time>
			</trkpt>
			<trkpt lat="39.57246" lon="20.98509">
				<ele>711.04</ele>
				<time>2026-08-06T20:00:35.307Z</time>
			</trkpt>
			<trkpt lat="39.57235" lon="20.98494">
				<ele>709.25</ele>
				<time>2026-08-06T20:00:36.444Z</time>
			</trkpt>
			<trkpt lat="39.57221" lon="20.9848">
				<ele>707.26</ele>
				<time>2026-08-06T20:00:37.705Z</time>
			</trkpt>
			<trkpt lat="39.57218" lon="20.98474">
				<ele>705.03</ele>
				<time>2026-08-06T20:00:38.098Z</time>
			</trkpt>
			<trkpt lat="39.57219" lon="20.98468">
				<ele>702.66</ele>
				<time>2026-08-06T20:00:38.436Z</time>
			</trkpt>
			<trkpt lat="39.57222" lon="20.98463">
				<ele>701.22</ele>
				<time>2026-08-06T20:00:38.785Z</time>
			</trkpt>
			<trkpt lat="39.57226" lon="20.98461">
				<ele>700.54</ele>
				<time>2026-08-06T20:00:39.091Z</time>
			</trkpt>
			<trkpt lat="39.5723" lon="20.98462">
				<ele>700.8</ele>
				<time>2026-08-06T20:00:39.382Z</time>
			</trkpt>
			<trkpt lat="39.57235" lon="20.98466">
				<ele>702.23</ele>
				<time>2026-08-06T20:00:39.802Z</time>
			</trkpt>
			<trkpt lat="39.57245" lon="20.98477">
				<ele>704.43</ele>
				<time>2026-08-06T20:00:40.739Z</time>
			</trkpt>
			<trkpt lat="39.57275" lon="20.98538">
				<ele>708.33</ele>
				<time>2026-08-06T20:00:44.735Z</time>
			</trkpt>
			<trkpt lat="39.57283" lon="20.98546">
				<ele>709.71</ele>
				<time>2026-08-06T20:00:45.460Z</time>
			</trkpt>
			<trkpt lat="39.57295" lon="20.98547">
				<ele>708.56</ele>
				<time>2026-08-06T20:00:46.323Z</time>
			</trkpt>
			<trkpt lat="39.57306" lon="20.98542">
				<ele>705.05</ele>
				<time>2026-08-06T20:00:47.161Z</time>
			</trkpt>
			<trkpt lat="39.57319" lon="20.98528">
				<ele>700.64</ele>
				<time>2026-08-06T20:00:48.376Z</time>
			</trkpt>
			<trkpt lat="39.5734" lon="20.98497">
				<ele>691.71</ele>
				<time>2026-08-06T20:00:50.666Z</time>
			</trkpt>
			<trkpt lat="39.57353" lon="20.98483">
				<ele>690.14</ele>
				<time>2026-08-06T20:00:51.885Z</time>
			</trkpt>
			<trkpt lat="39.57362" lon="20.98478">
				<ele>690.83</ele>
				<time>2026-08-06T20:00:52.591Z</time>
			</trkpt>
			<trkpt lat="39.57376" lon="20.98477">
				<ele>691.82</ele>
				<time>2026-08-06T20:00:53.603Z</time>
			</trkpt>
			<trkpt lat="39.5743" lon="20.98486">
				<ele>699.98</ele>
				<time>2026-08-06T20:00:57.541Z</time>
			</trkpt>
			<trkpt lat="39.57472" lon="20.98495">
				<ele>692.21</ele>
				<time>2026-08-06T20:01:00.629Z</time>
			</trkpt>
			<trkpt lat="39.57491" lon="20.98497">
				<ele>691.04</ele>
				<time>2026-08-06T20:01:02.013Z</time>
			</trkpt>
			<trkpt lat="39.57501" lon="20.98493">
				<ele>688.99</ele>
				<time>2026-08-06T20:01:02.774Z</time>
			</trkpt>
			<trkpt lat="39.57508" lon="20.98487">
				<ele>688.08</ele>
				<time>2026-08-06T20:01:03.384Z</time>
			</trkpt>
			<trkpt lat="39.57531" lon="20.98451">
				<ele>682.69</ele>
				<time>2026-08-06T20:01:06.009Z</time>
			</trkpt>
			<trkpt lat="39.57544" lon="20.98437">
				<ele>682.07</ele>
				<time>2026-08-06T20:01:07.241Z</time>
			</trkpt>
			<trkpt lat="39.57571" lon="20.98423">
				<ele>678.02</ele>
				<time>2026-08-06T20:01:09.363Z</time>
			</trkpt>
			<trkpt lat="39.57575" lon="20.98417">
				<ele>675.92</ele>
				<time>2026-08-06T20:01:09.810Z</time>
			</trkpt>
			<trkpt lat="39.57575" lon="20.98412">
				<ele>673.69</ele>
				<time>2026-08-06T20:01:10.092Z</time>
			</trkpt>
			<trkpt lat="39.57572" lon="20.98408">
				<ele>672.05</ele>
				<time>2026-08-06T20:01:10.406Z</time>
			</trkpt>
			<trkpt lat="39.57567" lon="20.98406">
				<ele>671.4</ele>
				<time>2026-08-06T20:01:10.789Z</time>
			</trkpt>
			<trkpt lat="39.5756" lon="20.98407">
				<ele>672.19</ele>
				<time>2026-08-06T20:01:11.304Z</time>
			</trkpt>
			<trkpt lat="39.57544" lon="20.98416">
				<ele>674.49</ele>
				<time>2026-08-06T20:01:12.581Z</time>
			</trkpt>
			<trkpt lat="39.57499" lon="20.98451">
				<ele>674.56</ele>
				<time>2026-08-06T20:01:16.428Z</time>
			</trkpt>
			<trkpt lat="39.57485" lon="20.98454">
				<ele>675.08</ele>
				<time>2026-08-06T20:01:17.470Z</time>
			</trkpt>
			<trkpt lat="39.57472" lon="20.98452">
				<ele>673.35</ele>
				<time>2026-08-06T20:01:18.433Z</time>
			</trkpt>
			<trkpt lat="39.57442" lon="20.98434">
				<ele>671.34</ele>
				<time>2026-08-06T20:01:20.865Z</time>
			</trkpt>
			<trkpt lat="39.57402" lon="20.98407">
				<ele>660.24</ele>
				<time>2026-08-06T20:01:24.190Z</time>
			</trkpt>
			<trkpt lat="39.57383" lon="20.984">
				<ele>656.48</ele>
				<time>2026-08-06T20:01:25.649Z</time>
			</trkpt>
			<trkpt lat="39.57369" lon="20.984">
				<ele>654.23</ele>
				<time>2026-08-06T20:01:26.684Z</time>
			</trkpt>
			<trkpt lat="39.57337" lon="20.9841">
				<ele>656.02</ele>
				<time>2026-08-06T20:01:29.120Z</time>
			</trkpt>
			<trkpt lat="39.57316" lon="20.98419">
				<ele>662.33</ele>
				<time>2026-08-06T20:01:30.759Z</time>
			</trkpt>
			<trkpt lat="39.57305" lon="20.9842">
				<ele>664.57</ele>
				<time>2026-08-06T20:01:31.577Z</time>
			</trkpt>
			<trkpt lat="39.57297" lon="20.98417">
				<ele>670.45</ele>
				<time>2026-08-06T20:01:32.195Z</time>
			</trkpt>
			<trkpt lat="39.57291" lon="20.98407">
				<ele>672.59</ele>
				<time>2026-08-06T20:01:32.920Z</time>
			</trkpt>
			<trkpt lat="39.5729" lon="20.98389">
				<ele>669.05</ele>
				<time>2026-08-06T20:01:33.954Z</time>
			</trkpt>
			<trkpt lat="39.57291" lon="20.98372">
				<ele>661.98</ele>
				<time>2026-08-06T20:01:34.931Z</time>
			</trkpt>
			<trkpt lat="39.57296" lon="20.98346">
				<ele>649.3</ele>
				<time>2026-08-06T20:01:36.467Z</time>
			</trkpt>
			<trkpt lat="39.57297" lon="20.98327">
				<ele>643.65</ele>
				<time>2026-08-06T20:01:37.561Z</time>
			</trkpt>
			<trkpt lat="39.57294" lon="20.98308">
				<ele>640.4</ele>
				<time>2026-08-06T20:01:38.675Z</time>
			</trkpt>
			<trkpt lat="39.57288" lon="20.98286">
				<ele>636.1</ele>
				<time>2026-08-06T20:01:40.016Z</time>
			</trkpt>
			<trkpt lat="39.57287" lon="20.98274">
				<ele>631.79</ele>
				<time>2026-08-06T20:01:40.711Z</time>
			</trkpt>
			<trkpt lat="39.57289" lon="20.98269">
				<ele>628.99</ele>
				<time>2026-08-06T20:01:41.035Z</time>
			</trkpt>
			<trkpt lat="39.57294" lon="20.98266">
				<ele>627.03</ele>
				<time>2026-08-06T20:01:41.446Z</time>
			</trkpt>
			<trkpt lat="39.57303" lon="20.98268">
				<ele>627.17</ele>
				<time>2026-08-06T20:01:42.128Z</time>
			</trkpt>
			<trkpt lat="39.57309" lon="20.98279">
				<ele>629.37</ele>
				<time>2026-08-06T20:01:42.905Z</time>
			</trkpt>
			<trkpt lat="39.57313" lon="20.98298">
				<ele>630.98</ele>
				<time>2026-08-06T20:01:44.040Z</time>
			</trkpt>
			<trkpt lat="39.57314" lon="20.9832">
				<ele>633.54</ele>
				<time>2026-08-06T20:01:45.311Z</time>
			</trkpt>
			<trkpt lat="39.57312" lon="20.98351">
				<ele>640.58</ele>
				<time>2026-08-06T20:01:47.108Z</time>
			</trkpt>
			<trkpt lat="39.57313" lon="20.98362">
				<ele>643.23</ele>
				<time>2026-08-06T20:01:47.748Z</time>
			</trkpt>
			<trkpt lat="39.57319" lon="20.98373">
				<ele>645.35</ele>
				<time>2026-08-06T20:01:48.527Z</time>
			</trkpt>
			<trkpt lat="39.57327" lon="20.98378">
				<ele>644.6</ele>
				<time>2026-08-06T20:01:49.194Z</time>
			</trkpt>
			<trkpt lat="39.57334" lon="20.98378">
				<ele>642</ele>
				<time>2026-08-06T20:01:49.719Z</time>
			</trkpt>
			<trkpt lat="39.57352" lon="20.98371">
				<ele>637.87</ele>
				<time>2026-08-06T20:01:51.131Z</time>
			</trkpt>
			<trkpt lat="39.57393" lon="20.9834">
				<ele>626.65</ele>
				<time>2026-08-06T20:01:54.702Z</time>
			</trkpt>
			<trkpt lat="39.57418" lon="20.98329">
				<ele>623.35</ele>
				<time>2026-08-06T20:01:56.691Z</time>
			</trkpt>
			<trkpt lat="39.57434" lon="20.98327">
				<ele>621.54</ele>
				<time>2026-08-06T20:01:57.904Z</time>
			</trkpt>
			<trkpt lat="39.57477" lon="20.98337">
				<ele>622.21</ele>
				<time>2026-08-06T20:02:01.205Z</time>
			</trkpt>
			<trkpt lat="39.57491" lon="20.98338">
				<ele>625.07</ele>
				<time>2026-08-06T20:02:02.266Z</time>
			</trkpt>
			<trkpt lat="39.57503" lon="20.98334">
				<ele>625.96</ele>
				<time>2026-08-06T20:02:03.204Z</time>
			</trkpt>
			<trkpt lat="39.57528" lon="20.98314">
				<ele>624.52</ele>
				<time>2026-08-06T20:02:05.430Z</time>
			</trkpt>
			<trkpt lat="39.57592" lon="20.98247">
				<ele>613.7</ele>
				<time>2026-08-06T20:02:11.679Z</time>
			</trkpt>
			<trkpt lat="39.57604" lon="20.9824">
				<ele>612.48</ele>
				<time>2026-08-06T20:02:12.681Z</time>
			</trkpt>
			<trkpt lat="39.57635" lon="20.98231">
				<ele>609.99</ele>
				<time>2026-08-06T20:02:15.102Z</time>
			</trkpt>
			<trkpt lat="39.57678" lon="20.98224">
				<ele>604.3</ele>
				<time>2026-08-06T20:02:18.412Z</time>
			</trkpt>
			<trkpt lat="39.57683" lon="20.9822">
				<ele>602.97</ele>
				<time>2026-08-06T20:02:18.861Z</time>
			</trkpt>
			<trkpt lat="39.57685" lon="20.98214">
				<ele>599.98</ele>
				<time>2026-08-06T20:02:19.246Z</time>
			</trkpt>
			<trkpt lat="39.57684" lon="20.9821">
				<ele>597.23</ele>
				<time>2026-08-06T20:02:19.494Z</time>
			</trkpt>
			<trkpt lat="39.57681" lon="20.98206">
				<ele>595.33</ele>
				<time>2026-08-06T20:02:19.823Z</time>
			</trkpt>
			<trkpt lat="39.57675" lon="20.98205">
				<ele>595.1</ele>
				<time>2026-08-06T20:02:20.286Z</time>
			</trkpt>
			<trkpt lat="39.57603" lon="20.9822">
				<ele>599.38</ele>
				<time>2026-08-06T20:02:25.876Z</time>
			</trkpt>
			<trkpt lat="39.57578" lon="20.98227">
				<ele>597.34</ele>
				<time>2026-08-06T20:02:27.841Z</time>
			</trkpt>
			<trkpt lat="39.57497" lon="20.98268">
				<ele>595.02</ele>
				<time>2026-08-06T20:02:34.538Z</time>
			</trkpt>
			<trkpt lat="39.57478" lon="20.98269">
				<ele>593.67</ele>
				<time>2026-08-06T20:02:36.006Z</time>
			</trkpt>
			<trkpt lat="39.57464" lon="20.98265">
				<ele>592.04</ele>
				<time>2026-08-06T20:02:37.113Z</time>
			</trkpt>
			<trkpt lat="39.5745" lon="20.98256">
				<ele>588.58</ele>
				<time>2026-08-06T20:02:38.321Z</time>
			</trkpt>
			<trkpt lat="39.57435" lon="20.9825">
				<ele>586.93</ele>
				<time>2026-08-06T20:02:39.535Z</time>
			</trkpt>
			<trkpt lat="39.57408" lon="20.98248">
				<ele>593.43</ele>
				<time>2026-08-06T20:02:41.630Z</time>
			</trkpt>
			<trkpt lat="39.57398" lon="20.98244">
				<ele>595.82</ele>
				<time>2026-08-06T20:02:42.441Z</time>
			</trkpt>
			<trkpt lat="39.57392" lon="20.98235">
				<ele>595.52</ele>
				<time>2026-08-06T20:02:43.152Z</time>
			</trkpt>
			<trkpt lat="39.5739" lon="20.98226">
				<ele>593.98</ele>
				<time>2026-08-06T20:02:43.712Z</time>
			</trkpt>
			<trkpt lat="39.57393" lon="20.98211">
				<ele>590.96</ele>
				<time>2026-08-06T20:02:44.639Z</time>
			</trkpt>
			<trkpt lat="39.57402" lon="20.98193">
				<ele>584.99</ele>
				<time>2026-08-06T20:02:45.923Z</time>
			</trkpt>
			<trkpt lat="39.57439" lon="20.98138">
				<ele>564.72</ele>
				<time>2026-08-06T20:02:50.299Z</time>
			</trkpt>
			<trkpt lat="39.57443" lon="20.98125">
				<ele>562.12</ele>
				<time>2026-08-06T20:02:51.139Z</time>
			</trkpt>
			<trkpt lat="39.57444" lon="20.98086">
				<ele>558.4</ele>
				<time>2026-08-06T20:02:53.484Z</time>
			</trkpt>
			<trkpt lat="39.57439" lon="20.98072">
				<ele>555.96</ele>
				<time>2026-08-06T20:02:54.411Z</time>
			</trkpt>
			<trkpt lat="39.5743" lon="20.98059">
				<ele>553.2</ele>
				<time>2026-08-06T20:02:55.463Z</time>
			</trkpt>
			<trkpt lat="39.57391" lon="20.98027">
				<ele>552.54</ele>
				<time>2026-08-06T20:02:59.070Z</time>
			</trkpt>
			<trkpt lat="39.57366" lon="20.97994">
				<ele>544.87</ele>
				<time>2026-08-06T20:03:01.862Z</time>
			</trkpt>
			<trkpt lat="39.57361" lon="20.97991">
				<ele>544.43</ele>
				<time>2026-08-06T20:03:02.294Z</time>
			</trkpt>
			<trkpt lat="39.57336" lon="20.97981">
				<ele>542.66</ele>
				<time>2026-08-06T20:03:04.346Z</time>
			</trkpt>
			<trkpt lat="39.57332" lon="20.97976">
				<ele>540.54</ele>
				<time>2026-08-06T20:03:04.781Z</time>
			</trkpt>
			<trkpt lat="39.57332" lon="20.97972">
				<ele>538.96</ele>
				<time>2026-08-06T20:03:05.023Z</time>
			</trkpt>
			<trkpt lat="39.57339" lon="20.97969">
				<ele>535.75</ele>
				<time>2026-08-06T20:03:05.602Z</time>
			</trkpt>
			<trkpt lat="39.57358" lon="20.97973">
				<ele>534.56</ele>
				<time>2026-08-06T20:03:07.114Z</time>
			</trkpt>
			<trkpt lat="39.57371" lon="20.97979">
				<ele>533.39</ele>
				<time>2026-08-06T20:03:08.199Z</time>
			</trkpt>
			<trkpt lat="39.57381" lon="20.97985">
				<ele>533.39</ele>
				<time>2026-08-06T20:03:09.065Z</time>
			</trkpt>
			<trkpt lat="39.57405" lon="20.98012">
				<ele>538.84</ele>
				<time>2026-08-06T20:03:11.566Z</time>
			</trkpt>
			<trkpt lat="39.57418" lon="20.98019">
				<ele>536.83</ele>
				<time>2026-08-06T20:03:12.675Z</time>
			</trkpt>
			<trkpt lat="39.57429" lon="20.98022">
				<ele>536.35</ele>
				<time>2026-08-06T20:03:13.561Z</time>
			</trkpt>
			<trkpt lat="39.57471" lon="20.98025">
				<ele>528.46</ele>
				<time>2026-08-06T20:03:16.880Z</time>
			</trkpt>
			<trkpt lat="39.57478" lon="20.98029">
				<ele>526.71</ele>
				<time>2026-08-06T20:03:17.484Z</time>
			</trkpt>
			<trkpt lat="39.57483" lon="20.98035">
				<ele>526.05</ele>
				<time>2026-08-06T20:03:18.023Z</time>
			</trkpt>
			<trkpt lat="39.57485" lon="20.98047">
				<ele>527.25</ele>
				<time>2026-08-06T20:03:18.771Z</time>
			</trkpt>
			<trkpt lat="39.57487" lon="20.9812">
				<ele>532.11</ele>
				<time>2026-08-06T20:03:23.227Z</time>
			</trkpt>
			<trkpt lat="39.57489" lon="20.98131">
				<ele>534.3</ele>
				<time>2026-08-06T20:03:23.918Z</time>
			</trkpt>
			<trkpt lat="39.57493" lon="20.98143">
				<ele>537.03</ele>
				<time>2026-08-06T20:03:24.717Z</time>
			</trkpt>
			<trkpt lat="39.575" lon="20.98146">
				<ele>536.63</ele>
				<time>2026-08-06T20:03:25.302Z</time>
			</trkpt>
			<trkpt lat="39.5751" lon="20.98146">
				<ele>535.73</ele>
				<time>2026-08-06T20:03:26.095Z</time>
			</trkpt>
			<trkpt lat="39.57516" lon="20.98143">
				<ele>533.24</ele>
				<time>2026-08-06T20:03:26.605Z</time>
			</trkpt>
			<trkpt lat="39.57528" lon="20.9813">
				<ele>525.85</ele>
				<time>2026-08-06T20:03:27.847Z</time>
			</trkpt>
			<trkpt lat="39.57557" lon="20.98094">
				<ele>516.94</ele>
				<time>2026-08-06T20:03:31.038Z</time>
			</trkpt>
			<trkpt lat="39.57582" lon="20.98075">
				<ele>510.37</ele>
				<time>2026-08-06T20:03:33.344Z</time>
			</trkpt>
			<trkpt lat="39.57695" lon="20.98025">
				<ele>499.17</ele>
				<time>2026-08-06T20:03:42.877Z</time>
			</trkpt>
			<trkpt lat="39.57729" lon="20.98024">
				<ele>494.97</ele>
				<time>2026-08-06T20:03:45.601Z</time>
			</trkpt>
			<trkpt lat="39.57735" lon="20.98021">
				<ele>492.22</ele>
				<time>2026-08-06T20:03:46.116Z</time>
			</trkpt>
			<trkpt lat="39.57737" lon="20.98015">
				<ele>489.04</ele>
				<time>2026-08-06T20:03:46.520Z</time>
			</trkpt>
			<trkpt lat="39.57735" lon="20.98009">
				<ele>485.94</ele>
				<time>2026-08-06T20:03:46.924Z</time>
			</trkpt>
			<trkpt lat="39.5773" lon="20.98004">
				<ele>484.75</ele>
				<time>2026-08-06T20:03:47.430Z</time>
			</trkpt>
			<trkpt lat="39.57722" lon="20.98001">
				<ele>485.65</ele>
				<time>2026-08-06T20:03:48.098Z</time>
			</trkpt>
			<trkpt lat="39.57709" lon="20.98">
				<ele>487</ele>
				<time>2026-08-06T20:03:49.143Z</time>
			</trkpt>
			<trkpt lat="39.57691" lon="20.98003">
				<ele>489.83</ele>
				<time>2026-08-06T20:03:50.601Z</time>
			</trkpt>
			<trkpt lat="39.57647" lon="20.98017">
				<ele>490.02</ele>
				<time>2026-08-06T20:03:54.244Z</time>
			</trkpt>
			<trkpt lat="39.57589" lon="20.98026">
				<ele>492.01</ele>
				<time>2026-08-06T20:03:58.950Z</time>
			</trkpt>
			<trkpt lat="39.57572" lon="20.98024">
				<ele>493.41</ele>
				<time>2026-08-06T20:04:00.327Z</time>
			</trkpt>
			<trkpt lat="39.57564" lon="20.98018">
				<ele>493.09</ele>
				<time>2026-08-06T20:04:01.073Z</time>
			</trkpt>
			<trkpt lat="39.57561" lon="20.9801">
				<ele>491.81</ele>
				<time>2026-08-06T20:04:01.627Z</time>
			</trkpt>
			<trkpt lat="39.57561" lon="20.98">
				<ele>489.83</ele>
				<time>2026-08-06T20:04:02.249Z</time>
			</trkpt>
			<trkpt lat="39.57577" lon="20.97965">
				<ele>474.48</ele>
				<time>2026-08-06T20:04:04.784Z</time>
			</trkpt>
			<trkpt lat="39.57578" lon="20.97954">
				<ele>470.35</ele>
				<time>2026-08-06T20:04:05.475Z</time>
			</trkpt>
			<trkpt lat="39.57574" lon="20.97945">
				<ele>467.89</ele>
				<time>2026-08-06T20:04:06.123Z</time>
			</trkpt>
			<trkpt lat="39.57567" lon="20.97937">
				<ele>466.66</ele>
				<time>2026-08-06T20:04:06.878Z</time>
			</trkpt>
			<trkpt lat="39.57552" lon="20.97931">
				<ele>467.24</ele>
				<time>2026-08-06T20:04:08.149Z</time>
			</trkpt>
			<trkpt lat="39.57532" lon="20.97931">
				<ele>468.46</ele>
				<time>2026-08-06T20:04:09.770Z</time>
			</trkpt>
			<trkpt lat="39.57515" lon="20.97933">
				<ele>471.11</ele>
				<time>2026-08-06T20:04:11.154Z</time>
			</trkpt>
			<trkpt lat="39.57509" lon="20.97931">
				<ele>470.52</ele>
				<time>2026-08-06T20:04:11.657Z</time>
			</trkpt>
			<trkpt lat="39.57506" lon="20.97923">
				<ele>465.78</ele>
				<time>2026-08-06T20:04:12.213Z</time>
			</trkpt>
			<trkpt lat="39.57507" lon="20.97919">
				<ele>463.8</ele>
				<time>2026-08-06T20:04:12.476Z</time>
			</trkpt>
			<trkpt lat="39.57512" lon="20.97915">
				<ele>461.23</ele>
				<time>2026-08-06T20:04:12.953Z</time>
			</trkpt>
			<trkpt lat="39.57521" lon="20.97913">
				<ele>459.93</ele>
				<time>2026-08-06T20:04:13.695Z</time>
			</trkpt>
			<trkpt lat="39.57547" lon="20.97911">
				<ele>457.8</ele>
				<time>2026-08-06T20:04:15.811Z</time>
			</trkpt>
			<trkpt lat="39.57583" lon="20.97912">
				<ele>453.09</ele>
				<time>2026-08-06T20:04:18.740Z</time>
			</trkpt>
			<trkpt lat="39.57594" lon="20.97916">
				<ele>452.77</ele>
				<time>2026-08-06T20:04:19.670Z</time>
			</trkpt>
			<trkpt lat="39.57601" lon="20.97923">
				<ele>453.5</ele>
				<time>2026-08-06T20:04:20.390Z</time>
			</trkpt>
			<trkpt lat="39.57605" lon="20.97932">
				<ele>454.87</ele>
				<time>2026-08-06T20:04:21.042Z</time>
			</trkpt>
			<trkpt lat="39.57611" lon="20.97954">
				<ele>459.33</ele>
				<time>2026-08-06T20:04:22.509Z</time>
			</trkpt>
			<trkpt lat="39.57616" lon="20.97963">
				<ele>461.92</ele>
				<time>2026-08-06T20:04:23.206Z</time>
			</trkpt>
			<trkpt lat="39.57621" lon="20.97966">
				<ele>462.63</ele>
				<time>2026-08-06T20:04:23.655Z</time>
			</trkpt>
			<trkpt lat="39.57633" lon="20.97966">
				<ele>461.94</ele>
				<time>2026-08-06T20:04:24.634Z</time>
			</trkpt>
			<trkpt lat="39.57646" lon="20.97958">
				<ele>459.09</ele>
				<time>2026-08-06T20:04:25.809Z</time>
			</trkpt>
			<trkpt lat="39.57666" lon="20.97941">
				<ele>453.04</ele>
				<time>2026-08-06T20:04:27.762Z</time>
			</trkpt>
			<trkpt lat="39.57678" lon="20.97934">
				<ele>451.92</ele>
				<time>2026-08-06T20:04:28.838Z</time>
			</trkpt>
			<trkpt lat="39.57715" lon="20.97924">
				<ele>449.42</ele>
				<time>2026-08-06T20:04:31.931Z</time>
			</trkpt>
			<trkpt lat="39.57747" lon="20.97917">
				<ele>447.22</ele>
				<time>2026-08-06T20:04:34.589Z</time>
			</trkpt>
			<trkpt lat="39.57768" lon="20.97917">
				<ele>436.35</ele>
				<time>2026-08-06T20:04:36.311Z</time>
			</trkpt>
			<trkpt lat="39.57778" lon="20.97919">
				<ele>432.18</ele>
				<time>2026-08-06T20:04:37.142Z</time>
			</trkpt>
			<trkpt lat="39.57804" lon="20.97933">
				<ele>424.2</ele>
				<time>2026-08-06T20:04:39.453Z</time>
			</trkpt>
			<trkpt lat="39.57808" lon="20.97932">
				<ele>422.65</ele>
				<time>2026-08-06T20:04:39.788Z</time>
			</trkpt>
			<trkpt lat="39.57812" lon="20.97928">
				<ele>421.5</ele>
				<time>2026-08-06T20:04:40.203Z</time>
			</trkpt>
			<trkpt lat="39.57813" lon="20.97924">
				<ele>420.76</ele>
				<time>2026-08-06T20:04:40.469Z</time>
			</trkpt>
			<trkpt lat="39.57812" lon="20.97918">
				<ele>420.75</ele>
				<time>2026-08-06T20:04:40.858Z</time>
			</trkpt>
			<trkpt lat="39.57808" lon="20.97912">
				<ele>420.3</ele>
				<time>2026-08-06T20:04:41.361Z</time>
			</trkpt>
			<trkpt lat="39.57797" lon="20.97906">
				<ele>420.87</ele>
				<time>2026-08-06T20:04:42.342Z</time>
			</trkpt>
			<trkpt lat="39.57764" lon="20.97892">
				<ele>426.47</ele>
				<time>2026-08-06T20:04:45.199Z</time>
			</trkpt>
			<trkpt lat="39.57735" lon="20.97882">
				<ele>426.91</ele>
				<time>2026-08-06T20:04:47.672Z</time>
			</trkpt>
			<trkpt lat="39.57684" lon="20.97878">
				<ele>425.7</ele>
				<time>2026-08-06T20:04:51.888Z</time>
			</trkpt>
			<trkpt lat="39.57656" lon="20.97878">
				<ele>428.29</ele>
				<time>2026-08-06T20:04:54.201Z</time>
			</trkpt>
			<trkpt lat="39.57639" lon="20.97873">
				<ele>426.99</ele>
				<time>2026-08-06T20:04:55.643Z</time>
			</trkpt>
			<trkpt lat="39.57631" lon="20.97867">
				<ele>424.32</ele>
				<time>2026-08-06T20:04:56.407Z</time>
			</trkpt>
			<trkpt lat="39.5762" lon="20.97853">
				<ele>419.13</ele>
				<time>2026-08-06T20:04:57.683Z</time>
			</trkpt>
			<trkpt lat="39.57603" lon="20.9784">
				<ele>417.6</ele>
				<time>2026-08-06T20:04:59.317Z</time>
			</trkpt>
			<trkpt lat="39.57591" lon="20.97836">
				<ele>418.41</ele>
				<time>2026-08-06T20:05:00.343Z</time>
			</trkpt>
			<trkpt lat="39.57542" lon="20.97827">
				<ele>414.21</ele>
				<time>2026-08-06T20:05:04.448Z</time>
			</trkpt>
			<trkpt lat="39.57537" lon="20.97824">
				<ele>412.51</ele>
				<time>2026-08-06T20:05:04.906Z</time>
			</trkpt>
			<trkpt lat="39.57534" lon="20.97818">
				<ele>410.3</ele>
				<time>2026-08-06T20:05:05.364Z</time>
			</trkpt>
			<trkpt lat="39.57534" lon="20.97811">
				<ele>407.78</ele>
				<time>2026-08-06T20:05:05.812Z</time>
			</trkpt>
			<trkpt lat="39.57538" lon="20.97802">
				<ele>405.32</ele>
				<time>2026-08-06T20:05:06.477Z</time>
			</trkpt>
			<trkpt lat="39.57553" lon="20.97781">
				<ele>398.32</ele>
				<time>2026-08-06T20:05:08.311Z</time>
			</trkpt>
			<trkpt lat="39.57562" lon="20.97774">
				<ele>395.39</ele>
				<time>2026-08-06T20:05:09.184Z</time>
			</trkpt>
			<trkpt lat="39.57584" lon="20.97771">
				<ele>393.82</ele>
				<time>2026-08-06T20:05:11.025Z</time>
			</trkpt>
			<trkpt lat="39.57618" lon="20.9777">
				<ele>385.49</ele>
				<time>2026-08-06T20:05:13.857Z</time>
			</trkpt>
			<trkpt lat="39.57629" lon="20.97773">
				<ele>385.05</ele>
				<time>2026-08-06T20:05:14.794Z</time>
			</trkpt>
			<trkpt lat="39.57635" lon="20.97778">
				<ele>386.1</ele>
				<time>2026-08-06T20:05:15.389Z</time>
			</trkpt>
			<trkpt lat="39.57642" lon="20.97785">
				<ele>388.53</ele>
				<time>2026-08-06T20:05:16.126Z</time>
			</trkpt>
			<trkpt lat="39.57652" lon="20.97802">
				<ele>395.21</ele>
				<time>2026-08-06T20:05:17.501Z</time>
			</trkpt>
			<trkpt lat="39.57656" lon="20.97815">
				<ele>399.75</ele>
				<time>2026-08-06T20:05:18.401Z</time>
			</trkpt>
			<trkpt lat="39.57663" lon="20.97825">
				<ele>403.03</ele>
				<time>2026-08-06T20:05:19.271Z</time>
			</trkpt>
			<trkpt lat="39.57671" lon="20.97829">
				<ele>404.29</ele>
				<time>2026-08-06T20:05:19.987Z</time>
			</trkpt>
			<trkpt lat="39.57682" lon="20.9783">
				<ele>404.88</ele>
				<time>2026-08-06T20:05:20.908Z</time>
			</trkpt>
			<trkpt lat="39.57729" lon="20.97823">
				<ele>392.36</ele>
				<time>2026-08-06T20:05:24.865Z</time>
			</trkpt>
			<trkpt lat="39.57752" lon="20.97822">
				<ele>388.1</ele>
				<time>2026-08-06T20:05:26.792Z</time>
			</trkpt>
			<trkpt lat="39.57766" lon="20.97825">
				<ele>388.31</ele>
				<time>2026-08-06T20:05:27.981Z</time>
			</trkpt>
			<trkpt lat="39.57801" lon="20.97845">
				<ele>393.44</ele>
				<time>2026-08-06T20:05:31.188Z</time>
			</trkpt>
			<trkpt lat="39.57804" lon="20.97844">
				<ele>392.51</ele>
				<time>2026-08-06T20:05:31.447Z</time>
			</trkpt>
			<trkpt lat="39.57807" lon="20.97841">
				<ele>389.89</ele>
				<time>2026-08-06T20:05:31.765Z</time>
			</trkpt>
			<trkpt lat="39.57807" lon="20.97836">
				<ele>387.59</ele>
				<time>2026-08-06T20:05:32.089Z</time>
			</trkpt>
			<trkpt lat="39.57805" lon="20.97832">
				<ele>386.52</ele>
				<time>2026-08-06T20:05:32.397Z</time>
			</trkpt>
			<trkpt lat="39.57758" lon="20.978">
				<ele>378.31</ele>
				<time>2026-08-06T20:05:36.857Z</time>
			</trkpt>
			<trkpt lat="39.57736" lon="20.97799">
				<ele>382.03</ele>
				<time>2026-08-06T20:05:38.708Z</time>
			</trkpt>
			<trkpt lat="39.57718" lon="20.97803">
				<ele>387.03</ele>
				<time>2026-08-06T20:05:40.245Z</time>
			</trkpt>
			<trkpt lat="39.57711" lon="20.97803">
				<ele>388.38</ele>
				<time>2026-08-06T20:05:40.835Z</time>
			</trkpt>
			<trkpt lat="39.57706" lon="20.97801">
				<ele>388.38</ele>
				<time>2026-08-06T20:05:41.276Z</time>
			</trkpt>
			<trkpt lat="39.57703" lon="20.97796">
				<ele>386.64</ele>
				<time>2026-08-06T20:05:41.687Z</time>
			</trkpt>
			<trkpt lat="39.57702" lon="20.97783">
				<ele>380.55</ele>
				<time>2026-08-06T20:05:42.535Z</time>
			</trkpt>
			<trkpt lat="39.57702" lon="20.97756">
				<ele>368.94</ele>
				<time>2026-08-06T20:05:44.290Z</time>
			</trkpt>
			<trkpt lat="39.57697" lon="20.97744">
				<ele>364.48</ele>
				<time>2026-08-06T20:05:45.176Z</time>
			</trkpt>
			<trkpt lat="39.57688" lon="20.97735">
				<ele>362.08</ele>
				<time>2026-08-06T20:05:46.135Z</time>
			</trkpt>
			<trkpt lat="39.57678" lon="20.97728">
				<ele>362.41</ele>
				<time>2026-08-06T20:05:47.094Z</time>
			</trkpt>
			<trkpt lat="39.57631" lon="20.97718">
				<ele>364.33</ele>
				<time>2026-08-06T20:05:51.117Z</time>
			</trkpt>
			<trkpt lat="39.57626" lon="20.97715">
				<ele>363.8</ele>
				<time>2026-08-06T20:05:51.583Z</time>
			</trkpt>
			<trkpt lat="39.57621" lon="20.97704">
				<ele>362.26</ele>
				<time>2026-08-06T20:05:52.415Z</time>
			</trkpt>
			<trkpt lat="39.5762" lon="20.97695">
				<ele>361.13</ele>
				<time>2026-08-06T20:05:53.008Z</time>
			</trkpt>
			<trkpt lat="39.57622" lon="20.97657">
				<ele>361.32</ele>
				<time>2026-08-06T20:05:55.493Z</time>
			</trkpt>
			<trkpt lat="39.57625" lon="20.97649">
				<ele>362.5</ele>
				<time>2026-08-06T20:05:56.074Z</time>
			</trkpt>
			<trkpt lat="39.57636" lon="20.97637">
				<ele>365.25</ele>
				<time>2026-08-06T20:05:57.291Z</time>
			</trkpt>
			<trkpt lat="39.57643" lon="20.97635">
				<ele>367.12</ele>
				<time>2026-08-06T20:05:57.898Z</time>
			</trkpt>
			<trkpt lat="39.57674" lon="20.97634">
				<ele>374.53</ele>
				<time>2026-08-06T20:06:00.528Z</time>
			</trkpt>
			<trkpt lat="39.57681" lon="20.97632">
				<ele>376.23</ele>
				<time>2026-08-06T20:06:01.136Z</time>
			</trkpt>
			<trkpt lat="39.57689" lon="20.97625">
				<ele>379.65</ele>
				<time>2026-08-06T20:06:01.955Z</time>
			</trkpt>
			<trkpt lat="39.57696" lon="20.97615">
				<ele>383.72</ele>
				<time>2026-08-06T20:06:02.838Z</time>
			</trkpt>
			<trkpt lat="39.57705" lon="20.97554">
				<ele>389.36</ele>
				<time>2026-08-06T20:06:06.906Z</time>
			</trkpt>
			<trkpt lat="39.57715" lon="20.97527">
				<ele>391.39</ele>
				<time>2026-08-06T20:06:08.869Z</time>
			</trkpt>
			<trkpt lat="39.57724" lon="20.97513">
				<ele>393.57</ele>
				<time>2026-08-06T20:06:10.065Z</time>
			</trkpt>
			<trkpt lat="39.5774" lon="20.97499">
				<ele>387.7</ele>
				<time>2026-08-06T20:06:11.708Z</time>
			</trkpt>
			<trkpt lat="39.57768" lon="20.97485">
				<ele>384.98</ele>
				<time>2026-08-06T20:06:14.265Z</time>
			</trkpt>
			<trkpt lat="39.57774" lon="20.97477">
				<ele>385.76</ele>
				<time>2026-08-06T20:06:14.999Z</time>
			</trkpt>
			<trkpt lat="39.57776" lon="20.97471">
				<ele>386.33</ele>
				<time>2026-08-06T20:06:15.428Z</time>
			</trkpt>
			<trkpt lat="39.57779" lon="20.97461">
				<ele>387.85</ele>
				<time>2026-08-06T20:06:16.134Z</time>
			</trkpt>
			<trkpt lat="39.5778" lon="20.9745">
				<ele>389.74</ele>
				<time>2026-08-06T20:06:16.862Z</time>
			</trkpt>
			<trkpt lat="39.57778" lon="20.9742">
				<ele>396.85</ele>
				<time>2026-08-06T20:06:18.843Z</time>
			</trkpt>
			<trkpt lat="39.57778" lon="20.97396">
				<ele>408.86</ele>
				<time>2026-08-06T20:06:20.423Z</time>
			</trkpt>
			<trkpt lat="39.57782" lon="20.97375">
				<ele>419.05</ele>
				<time>2026-08-06T20:06:21.847Z</time>
			</trkpt>
			<trkpt lat="39.57787" lon="20.97371">
				<ele>418.16</ele>
				<time>2026-08-06T20:06:22.349Z</time>
			</trkpt>
			<trkpt lat="39.5782" lon="20.97365">
				<ele>401.51</ele>
				<time>2026-08-06T20:06:25.199Z</time>
			</trkpt>
			<trkpt lat="39.57844" lon="20.97355">
				<ele>400.11</ele>
				<time>2026-08-06T20:06:27.357Z</time>
			</trkpt>
			<trkpt lat="39.57858" lon="20.97344">
				<ele>401.45</ele>
				<time>2026-08-06T20:06:28.759Z</time>
			</trkpt>
			<trkpt lat="39.57872" lon="20.97323">
				<ele>407.52</ele>
				<time>2026-08-06T20:06:30.593Z</time>
			</trkpt>
			<trkpt lat="39.57881" lon="20.97302">
				<ele>412.79</ele>
				<time>2026-08-06T20:06:32.181Z</time>
			</trkpt>
			<trkpt lat="39.57903" lon="20.97228">
				<ele>407.23</ele>
				<time>2026-08-06T20:06:37.429Z</time>
			</trkpt>
			<trkpt lat="39.57909" lon="20.97191">
				<ele>411.2</ele>
				<time>2026-08-06T20:06:39.933Z</time>
			</trkpt>
			<trkpt lat="39.57908" lon="20.97178">
				<ele>417.03</ele>
				<time>2026-08-06T20:06:40.799Z</time>
			</trkpt>
			<trkpt lat="39.57902" lon="20.97169">
				<ele>422.85</ele>
				<time>2026-08-06T20:06:41.588Z</time>
			</trkpt>
			<trkpt lat="39.57896" lon="20.97169">
				<ele>425.75</ele>
				<time>2026-08-06T20:06:42.105Z</time>
			</trkpt>
			<trkpt lat="39.57892" lon="20.97172">
				<ele>426.04</ele>
				<time>2026-08-06T20:06:42.502Z</time>
			</trkpt>
			<trkpt lat="39.5789" lon="20.9718">
				<ele>424.16</ele>
				<time>2026-08-06T20:06:43.060Z</time>
			</trkpt>
			<trkpt lat="39.57888" lon="20.97211">
				<ele>415.33</ele>
				<time>2026-08-06T20:06:45.125Z</time>
			</trkpt>
			<trkpt lat="39.57881" lon="20.97263">
				<ele>413.69</ele>
				<time>2026-08-06T20:06:48.632Z</time>
			</trkpt>
			<trkpt lat="39.5787" lon="20.97303">
				<ele>412.52</ele>
				<time>2026-08-06T20:06:51.456Z</time>
			</trkpt>
			<trkpt lat="39.57858" lon="20.97329">
				<ele>404.06</ele>
				<time>2026-08-06T20:06:53.472Z</time>
			</trkpt>
			<trkpt lat="39.57849" lon="20.97339">
				<ele>403.44</ele>
				<time>2026-08-06T20:06:54.496Z</time>
			</trkpt>
			<trkpt lat="39.5784" lon="20.97342">
				<ele>403.77</ele>
				<time>2026-08-06T20:06:55.299Z</time>
			</trkpt>
			<trkpt lat="39.57799" lon="20.97346">
				<ele>421.68</ele>
				<time>2026-08-06T20:06:58.854Z</time>
			</trkpt>
			<trkpt lat="39.57769" lon="20.97356">
				<ele>439.87</ele>
				<time>2026-08-06T20:07:01.535Z</time>
			</trkpt>
			<trkpt lat="39.57761" lon="20.97354">
				<ele>444.14</ele>
				<time>2026-08-06T20:07:02.241Z</time>
			</trkpt>
			<trkpt lat="39.57762" lon="20.97344">
				<ele>446.56</ele>
				<time>2026-08-06T20:07:02.914Z</time>
			</trkpt>
			<trkpt lat="39.57766" lon="20.97339">
				<ele>446.41</ele>
				<time>2026-08-06T20:07:03.395Z</time>
			</trkpt>
			<trkpt lat="39.57773" lon="20.97335">
				<ele>444.84</ele>
				<time>2026-08-06T20:07:04.058Z</time>
			</trkpt>
			<trkpt lat="39.57783" lon="20.97333">
				<ele>439.87</ele>
				<time>2026-08-06T20:07:04.935Z</time>
			</trkpt>
			<trkpt lat="39.57835" lon="20.97332">
				<ele>408.1</ele>
				<time>2026-08-06T20:07:09.447Z</time>
			</trkpt>
			<trkpt lat="39.57844" lon="20.97327">
				<ele>408.35</ele>
				<time>2026-08-06T20:07:10.297Z</time>
			</trkpt>
			<trkpt lat="39.57851" lon="20.97317">
				<ele>410.4</ele>
				<time>2026-08-06T20:07:11.201Z</time>
			</trkpt>
			<trkpt lat="39.57855" lon="20.97303">
				<ele>414.4</ele>
				<time>2026-08-06T20:07:12.200Z</time>
			</trkpt>
			<trkpt lat="39.57856" lon="20.97289">
				<ele>417.23</ele>
				<time>2026-08-06T20:07:13.142Z</time>
			</trkpt>
			<trkpt lat="39.57856" lon="20.97278">
				<ele>420.35</ele>
				<time>2026-08-06T20:07:13.879Z</time>
			</trkpt>
			<trkpt lat="39.57852" lon="20.97268">
				<ele>425.44</ele>
				<time>2026-08-06T20:07:14.634Z</time>
			</trkpt>
			<trkpt lat="39.57833" lon="20.97247">
				<ele>442.98</ele>
				<time>2026-08-06T20:07:16.805Z</time>
			</trkpt>
			<trkpt lat="39.57832" lon="20.97241">
				<ele>443.31</ele>
				<time>2026-08-06T20:07:17.216Z</time>
			</trkpt>
			<trkpt lat="39.57833" lon="20.97234">
				<ele>442.98</ele>
				<time>2026-08-06T20:07:17.694Z</time>
			</trkpt>
			<trkpt lat="39.57835" lon="20.9723">
				<ele>441.3</ele>
				<time>2026-08-06T20:07:18.014Z</time>
			</trkpt>
			<trkpt lat="39.5784" lon="20.97227">
				<ele>438.09</ele>
				<time>2026-08-06T20:07:18.493Z</time>
			</trkpt>
			<trkpt lat="39.57861" lon="20.97217">
				<ele>426.31</ele>
				<time>2026-08-06T20:07:20.441Z</time>
			</trkpt>
			<trkpt lat="39.57872" lon="20.97207">
				<ele>424.91</ele>
				<time>2026-08-06T20:07:21.611Z</time>
			</trkpt>
			<trkpt lat="39.57879" lon="20.97195">
				<ele>424.7</ele>
				<time>2026-08-06T20:07:22.622Z</time>
			</trkpt>
			<trkpt lat="39.57883" lon="20.97164">
				<ele>433.63</ele>
				<time>2026-08-06T20:07:24.734Z</time>
			</trkpt>
			<trkpt lat="39.57879" lon="20.97139">
				<ele>442.68</ele>
				<time>2026-08-06T20:07:26.451Z</time>
			</trkpt>
			<trkpt lat="39.57878" lon="20.97127">
				<ele>446.96</ele>
				<time>2026-08-06T20:07:27.263Z</time>
			</trkpt>
			<trkpt lat="39.5788" lon="20.97115">
				<ele>450.08</ele>
				<time>2026-08-06T20:07:28.089Z</time>
			</trkpt>
			<trkpt lat="39.57898" lon="20.97067">
				<ele>452.45</ele>
				<time>2026-08-06T20:07:31.682Z</time>
			</trkpt>
			<trkpt lat="39.57906" lon="20.97037">
				<ele>454.61</ele>
				<time>2026-08-06T20:07:33.821Z</time>
			</trkpt>
			<trkpt lat="39.5791" lon="20.97028">
				<ele>454.29</ele>
				<time>2026-08-06T20:07:34.521Z</time>
			</trkpt>
			<trkpt lat="39.57917" lon="20.97024">
				<ele>451.35</ele>
				<time>2026-08-06T20:07:35.191Z</time>
			</trkpt>
			<trkpt lat="39.57948" lon="20.97018">
				<ele>440.29</ele>
				<time>2026-08-06T20:07:37.934Z</time>
			</trkpt>
			<trkpt lat="39.57962" lon="20.97006">
				<ele>440.13</ele>
				<time>2026-08-06T20:07:39.403Z</time>
			</trkpt>
			<trkpt lat="39.57985" lon="20.96962">
				<ele>440.14</ele>
				<time>2026-08-06T20:07:42.994Z</time>
			</trkpt>
			<trkpt lat="39.57984" lon="20.96951">
				<ele>441.08</ele>
				<time>2026-08-06T20:07:43.742Z</time>
			</trkpt>
			<trkpt lat="39.5798" lon="20.96947">
				<ele>442.33</ele>
				<time>2026-08-06T20:07:44.185Z</time>
			</trkpt>
			<trkpt lat="39.57974" lon="20.96948">
				<ele>443.63</ele>
				<time>2026-08-06T20:07:44.716Z</time>
			</trkpt>
			<trkpt lat="39.57952" lon="20.96968">
				<ele>449.31</ele>
				<time>2026-08-06T20:07:47.073Z</time>
			</trkpt>
			<trkpt lat="39.57936" lon="20.96977">
				<ele>454.27</ele>
				<time>2026-08-06T20:07:48.604Z</time>
			</trkpt>
			<trkpt lat="39.57908" lon="20.96987">
				<ele>464.59</ele>
				<time>2026-08-06T20:07:51.156Z</time>
			</trkpt>
			<trkpt lat="39.57898" lon="20.96995">
				<ele>467.22</ele>
				<time>2026-08-06T20:07:52.188Z</time>
			</trkpt>
			<trkpt lat="39.57893" lon="20.97006">
				<ele>467.61</ele>
				<time>2026-08-06T20:07:53.054Z</time>
			</trkpt>
			<trkpt lat="39.57886" lon="20.97033">
				<ele>464.98</ele>
				<time>2026-08-06T20:07:54.985Z</time>
			</trkpt>
			<trkpt lat="39.57879" lon="20.9705">
				<ele>462.92</ele>
				<time>2026-08-06T20:07:56.292Z</time>
			</trkpt>
			<trkpt lat="39.57868" lon="20.9706">
				<ele>463.79</ele>
				<time>2026-08-06T20:07:57.474Z</time>
			</trkpt>
			<trkpt lat="39.57859" lon="20.97057">
				<ele>466.01</ele>
				<time>2026-08-06T20:07:58.293Z</time>
			</trkpt>
			<trkpt lat="39.57857" lon="20.97048">
				<ele>467.17</ele>
				<time>2026-08-06T20:07:58.928Z</time>
			</trkpt>
			<trkpt lat="39.57859" lon="20.97041">
				<ele>467.63</ele>
				<time>2026-08-06T20:07:59.435Z</time>
			</trkpt>
			<trkpt lat="39.57871" lon="20.97022">
				<ele>468.41</ele>
				<time>2026-08-06T20:08:01.103Z</time>
			</trkpt>
			<trkpt lat="39.57875" lon="20.97004">
				<ele>470.46</ele>
				<time>2026-08-06T20:08:02.376Z</time>
			</trkpt>
			<trkpt lat="39.57877" lon="20.96892">
				<ele>476.63</ele>
				<time>2026-08-06T20:08:09.996Z</time>
			</trkpt>
			<trkpt lat="39.57877" lon="20.96885">
				<ele>477.84</ele>
				<time>2026-08-06T20:08:10.473Z</time>
			</trkpt>
			<trkpt lat="39.57875" lon="20.96881">
				<ele>478.85</ele>
				<time>2026-08-06T20:08:10.797Z</time>
			</trkpt>
			<trkpt lat="39.57872" lon="20.96879">
				<ele>480.4</ele>
				<time>2026-08-06T20:08:11.095Z</time>
			</trkpt>
			<trkpt lat="39.57867" lon="20.96879">
				<ele>482.46</ele>
				<time>2026-08-06T20:08:11.537Z</time>
			</trkpt>
			<trkpt lat="39.57863" lon="20.96882">
				<ele>483.9</ele>
				<time>2026-08-06T20:08:11.946Z</time>
			</trkpt>
			<trkpt lat="39.57862" lon="20.96887">
				<ele>484.4</ele>
				<time>2026-08-06T20:08:12.298Z</time>
			</trkpt>
			<trkpt lat="39.57862" lon="20.96926">
				<ele>477.77</ele>
				<time>2026-08-06T20:08:14.956Z</time>
			</trkpt>
			<trkpt lat="39.57859" lon="20.9695">
				<ele>474.7</ele>
				<time>2026-08-06T20:08:16.614Z</time>
			</trkpt>
			<trkpt lat="39.57853" lon="20.96981">
				<ele>472.29</ele>
				<time>2026-08-06T20:08:18.795Z</time>
			</trkpt>
			<trkpt lat="39.57851" lon="20.96987">
				<ele>472.12</ele>
				<time>2026-08-06T20:08:19.241Z</time>
			</trkpt>
			<trkpt lat="39.57847" lon="20.9699">
				<ele>472.17</ele>
				<time>2026-08-06T20:08:19.650Z</time>
			</trkpt>
			<trkpt lat="39.57841" lon="20.96991">
				<ele>472.46</ele>
				<time>2026-08-06T20:08:20.186Z</time>
			</trkpt>
			<trkpt lat="39.57837" lon="20.96988">
				<ele>472.99</ele>
				<time>2026-08-06T20:08:20.595Z</time>
			</trkpt>
			<trkpt lat="39.57836" lon="20.96977">
				<ele>474.16</ele>
				<time>2026-08-06T20:08:21.351Z</time>
			</trkpt>
			<trkpt lat="39.5784" lon="20.96955">
				<ele>477.87</ele>
				<time>2026-08-06T20:08:22.895Z</time>
			</trkpt>
			<trkpt lat="39.57842" lon="20.96929">
				<ele>483.72</ele>
				<time>2026-08-06T20:08:24.681Z</time>
			</trkpt>
			<trkpt lat="39.5784" lon="20.96905">
				<ele>489.23</ele>
				<time>2026-08-06T20:08:26.331Z</time>
			</trkpt>
			<trkpt lat="39.57833" lon="20.9688">
				<ele>491.92</ele>
				<time>2026-08-06T20:08:28.151Z</time>
			</trkpt>
			<trkpt lat="39.57823" lon="20.96857">
				<ele>492.11</ele>
				<time>2026-08-06T20:08:29.958Z</time>
			</trkpt>
			<trkpt lat="39.57802" lon="20.96821">
				<ele>495.39</ele>
				<time>2026-08-06T20:08:33.049Z</time>
			</trkpt>
			<trkpt lat="39.57798" lon="20.96811">
				<ele>495.96</ele>
				<time>2026-08-06T20:08:33.821Z</time>
			</trkpt>
			<trkpt lat="39.57798" lon="20.96799">
				<ele>496.12</ele>
				<time>2026-08-06T20:08:34.644Z</time>
			</trkpt>
			<trkpt lat="39.57801" lon="20.96788">
				<ele>495.98</ele>
				<time>2026-08-06T20:08:35.443Z</time>
			</trkpt>
			<trkpt lat="39.57808" lon="20.96778">
				<ele>495.37</ele>
				<time>2026-08-06T20:08:36.369Z</time>
			</trkpt>
			<trkpt lat="39.57863" lon="20.96729">
				<ele>495.72</ele>
				<time>2026-08-06T20:08:42.309Z</time>
			</trkpt>
			<trkpt lat="39.57872" lon="20.96713">
				<ele>494</ele>
				<time>2026-08-06T20:08:43.669Z</time>
			</trkpt>
			<trkpt lat="39.57875" lon="20.96695">
				<ele>494.24</ele>
				<time>2026-08-06T20:08:44.934Z</time>
			</trkpt>
			<trkpt lat="39.57871" lon="20.96671">
				<ele>495.72</ele>
				<time>2026-08-06T20:08:46.621Z</time>
			</trkpt>
			<trkpt lat="39.57846" lon="20.96617">
				<ele>506.01</ele>
				<time>2026-08-06T20:08:50.954Z</time>
			</trkpt>
			<trkpt lat="39.57832" lon="20.96582">
				<ele>512.66</ele>
				<time>2026-08-06T20:08:53.668Z</time>
			</trkpt>
			<trkpt lat="39.57833" lon="20.96566">
				<ele>516.46</ele>
				<time>2026-08-06T20:08:54.773Z</time>
			</trkpt>
			<trkpt lat="39.57837" lon="20.96548">
				<ele>519.5</ele>
				<time>2026-08-06T20:08:56.064Z</time>
			</trkpt>
			<trkpt lat="39.57866" lon="20.96501">
				<ele>519.43</ele>
				<time>2026-08-06T20:09:00.214Z</time>
			</trkpt>
			<trkpt lat="39.57879" lon="20.96477">
				<ele>523.54</ele>
				<time>2026-08-06T20:09:02.237Z</time>
			</trkpt>
			<trkpt lat="39.57889" lon="20.96445">
				<ele>526.83</ele>
				<time>2026-08-06T20:09:04.620Z</time>
			</trkpt>
			<trkpt lat="39.57892" lon="20.96411">
				<ele>532.86</ele>
				<time>2026-08-06T20:09:06.984Z</time>
			</trkpt>
			<trkpt lat="39.57892" lon="20.96393">
				<ele>536.99</ele>
				<time>2026-08-06T20:09:08.227Z</time>
			</trkpt>
			<trkpt lat="39.57897" lon="20.96379">
				<ele>537.07</ele>
				<time>2026-08-06T20:09:09.293Z</time>
			</trkpt>
			<trkpt lat="39.57907" lon="20.9637">
				<ele>533.07</ele>
				<time>2026-08-06T20:09:10.385Z</time>
			</trkpt>
			<trkpt lat="39.57947" lon="20.9635">
				<ele>518.49</ele>
				<time>2026-08-06T20:09:14.231Z</time>
			</trkpt>
			<trkpt lat="39.57959" lon="20.9634">
				<ele>516.13</ele>
				<time>2026-08-06T20:09:15.512Z</time>
			</trkpt>
			<trkpt lat="39.57968" lon="20.96323">
				<ele>515</ele>
				<time>2026-08-06T20:09:16.940Z</time>
			</trkpt>
			<trkpt lat="39.57969" lon="20.96301">
				<ele>516.14</ele>
				<time>2026-08-06T20:09:18.466Z</time>
			</trkpt>
			<trkpt lat="39.57961" lon="20.96277">
				<ele>519.27</ele>
				<time>2026-08-06T20:09:20.277Z</time>
			</trkpt>
			<trkpt lat="39.57948" lon="20.96248">
				<ele>524.26</ele>
				<time>2026-08-06T20:09:22.602Z</time>
			</trkpt>
			<trkpt lat="39.57947" lon="20.96235">
				<ele>523.68</ele>
				<time>2026-08-06T20:09:23.508Z</time>
			</trkpt>
			<trkpt lat="39.57961" lon="20.96089">
				<ele>510.16</ele>
				<time>2026-08-06T20:09:33.721Z</time>
			</trkpt>
			<trkpt lat="39.5796" lon="20.96073">
				<ele>508.38</ele>
				<time>2026-08-06T20:09:34.837Z</time>
			</trkpt>
			<trkpt lat="39.57954" lon="20.96055">
				<ele>506.91</ele>
				<time>2026-08-06T20:09:36.200Z</time>
			</trkpt>
			<trkpt lat="39.57941" lon="20.9603">
				<ele>507.93</ele>
				<time>2026-08-06T20:09:38.298Z</time>
			</trkpt>
			<trkpt lat="39.57937" lon="20.96014">
				<ele>511.41</ele>
				<time>2026-08-06T20:09:39.468Z</time>
			</trkpt>
			<trkpt lat="39.57939" lon="20.95988">
				<ele>514.69</ele>
				<time>2026-08-06T20:09:41.286Z</time>
			</trkpt>
			<trkpt lat="39.5795" lon="20.95963">
				<ele>516.26</ele>
				<time>2026-08-06T20:09:43.291Z</time>
			</trkpt>
			<trkpt lat="39.57967" lon="20.95937">
				<ele>514.91</ele>
				<time>2026-08-06T20:09:45.666Z</time>
			</trkpt>
			<trkpt lat="39.58019" lon="20.95885">
				<ele>514.02</ele>
				<time>2026-08-06T20:09:51.605Z</time>
			</trkpt>
			<trkpt lat="39.58049" lon="20.95853">
				<ele>517.94</ele>
				<time>2026-08-06T20:09:55.121Z</time>
			</trkpt>
			<trkpt lat="39.58066" lon="20.95831">
				<ele>517.64</ele>
				<time>2026-08-06T20:09:57.297Z</time>
			</trkpt>
			<trkpt lat="39.58075" lon="20.95814">
				<ele>518.65</ele>
				<time>2026-08-06T20:09:58.738Z</time>
			</trkpt>
			<trkpt lat="39.58079" lon="20.95798">
				<ele>518.21</ele>
				<time>2026-08-06T20:09:59.913Z</time>
			</trkpt>
			<trkpt lat="39.5808" lon="20.95781">
				<ele>518.09</ele>
				<time>2026-08-06T20:10:01.105Z</time>
			</trkpt>
			<trkpt lat="39.58077" lon="20.95765">
				<ele>519.79</ele>
				<time>2026-08-06T20:10:02.256Z</time>
			</trkpt>
			<trkpt lat="39.58065" lon="20.95735">
				<ele>522.99</ele>
				<time>2026-08-06T20:10:04.620Z</time>
			</trkpt>
			<trkpt lat="39.58057" lon="20.95708">
				<ele>523.83</ele>
				<time>2026-08-06T20:10:06.644Z</time>
			</trkpt>
			<trkpt lat="39.58053" lon="20.95663">
				<ele>523.82</ele>
				<time>2026-08-06T20:10:09.815Z</time>
			</trkpt>
			<trkpt lat="39.58045" lon="20.95617">
				<ele>525.59</ele>
				<time>2026-08-06T20:10:13.118Z</time>
			</trkpt>
			<trkpt lat="39.58031" lon="20.95553">
				<ele>533.75</ele>
				<time>2026-08-06T20:10:17.782Z</time>
			</trkpt>
			<trkpt lat="39.58032" lon="20.95532">
				<ele>535.27</ele>
				<time>2026-08-06T20:10:19.258Z</time>
			</trkpt>
			<trkpt lat="39.58036" lon="20.95475">
				<ele>537.98</ele>
				<time>2026-08-06T20:10:23.275Z</time>
			</trkpt>
			<trkpt lat="39.58042" lon="20.95446">
				<ele>536.35</ele>
				<time>2026-08-06T20:10:25.384Z</time>
			</trkpt>
			<trkpt lat="39.5805" lon="20.95429">
				<ele>535.52</ele>
				<time>2026-08-06T20:10:26.783Z</time>
			</trkpt>
			<trkpt lat="39.58071" lon="20.95397">
				<ele>534.37</ele>
				<time>2026-08-06T20:10:29.737Z</time>
			</trkpt>
			<trkpt lat="39.58117" lon="20.95333">
				<ele>538.48</ele>
				<time>2026-08-06T20:10:35.892Z</time>
			</trkpt>
			<trkpt lat="39.58175" lon="20.95282">
				<ele>540.83</ele>
				<time>2026-08-06T20:10:42.294Z</time>
			</trkpt>
			<trkpt lat="39.58217" lon="20.95239">
				<ele>541.44</ele>
				<time>2026-08-06T20:10:47.188Z</time>
			</trkpt>
			<trkpt lat="39.58278" lon="20.95162">
				<ele>533.64</ele>
				<time>2026-08-06T20:10:54.982Z</time>
			</trkpt>
			<trkpt lat="39.58298" lon="20.95144">
				<ele>530.78</ele>
				<time>2026-08-06T20:10:57.213Z</time>
			</trkpt>
			<trkpt lat="39.58315" lon="20.95134">
				<ele>529.3</ele>
				<time>2026-08-06T20:10:58.924Z</time>
			</trkpt>
			<trkpt lat="39.58333" lon="20.95128">
				<ele>528.35</ele>
				<time>2026-08-06T20:11:00.628Z</time>
			</trkpt>
			<trkpt lat="39.58342" lon="20.95123">
				<ele>527.88</ele>
				<time>2026-08-06T20:11:01.527Z</time>
			</trkpt>
			<trkpt lat="39.58348" lon="20.95112">
				<ele>527.37</ele>
				<time>2026-08-06T20:11:02.480Z</time>
			</trkpt>
			<trkpt lat="39.58358" lon="20.9506">
				<ele>523.01</ele>
				<time>2026-08-06T20:11:06.271Z</time>
			</trkpt>
			<trkpt lat="39.5839" lon="20.94985">
				<ele>514.74</ele>
				<time>2026-08-06T20:11:12.341Z</time>
			</trkpt>
			<trkpt lat="39.58396" lon="20.94959">
				<ele>511.66</ele>
				<time>2026-08-06T20:11:14.264Z</time>
			</trkpt>
			<trkpt lat="39.58399" lon="20.94937">
				<ele>509.47</ele>
				<time>2026-08-06T20:11:15.847Z</time>
			</trkpt>
			<trkpt lat="39.584" lon="20.94905">
				<ele>508.17</ele>
				<time>2026-08-06T20:11:18.117Z</time>
			</trkpt>
			<trkpt lat="39.58398" lon="20.9488">
				<ele>508.13</ele>
				<time>2026-08-06T20:11:19.900Z</time>
			</trkpt>
			<trkpt lat="39.58398" lon="20.94835">
				<ele>505.73</ele>
				<time>2026-08-06T20:11:23.093Z</time>
			</trkpt>
			<trkpt lat="39.58407" lon="20.94727">
				<ele>501.12</ele>
				<time>2026-08-06T20:11:30.807Z</time>
			</trkpt>
			<trkpt lat="39.58407" lon="20.94705">
				<ele>499.62</ele>
				<time>2026-08-06T20:11:32.370Z</time>
			</trkpt>
			<trkpt lat="39.58404" lon="20.94685">
				<ele>498.39</ele>
				<time>2026-08-06T20:11:33.818Z</time>
			</trkpt>
			<trkpt lat="39.584" lon="20.94673">
				<ele>497.93</ele>
				<time>2026-08-06T20:11:34.748Z</time>
			</trkpt>
			<trkpt lat="39.58383" lon="20.9465">
				<ele>498.95</ele>
				<time>2026-08-06T20:11:37.014Z</time>
			</trkpt>
			<trkpt lat="39.58363" lon="20.94629">
				<ele>500.47</ele>
				<time>2026-08-06T20:11:39.389Z</time>
			</trkpt>
			<trkpt lat="39.58272" lon="20.94553">
				<ele>497.1</ele>
				<time>2026-08-06T20:11:49.388Z</time>
			</trkpt>
			<trkpt lat="39.58213" lon="20.94495">
				<ele>497.27</ele>
				<time>2026-08-06T20:11:56.236Z</time>
			</trkpt>
			<trkpt lat="39.58153" lon="20.94417">
				<ele>496.01</ele>
				<time>2026-08-06T20:12:04.103Z</time>
			</trkpt>
			<trkpt lat="39.58124" lon="20.94375">
				<ele>495.5</ele>
				<time>2026-08-06T20:12:08.131Z</time>
			</trkpt>
			<trkpt lat="39.58115" lon="20.94355">
				<ele>494.93</ele>
				<time>2026-08-06T20:12:09.786Z</time>
			</trkpt>
			<trkpt lat="39.58103" lon="20.94315">
				<ele>494.64</ele>
				<time>2026-08-06T20:12:12.855Z</time>
			</trkpt>
			<trkpt lat="39.58091" lon="20.9424">
				<ele>493.08</ele>
				<time>2026-08-06T20:12:18.335Z</time>
			</trkpt>
			<trkpt lat="39.58089" lon="20.94211">
				<ele>492.83</ele>
				<time>2026-08-06T20:12:20.419Z</time>
			</trkpt>
			<trkpt lat="39.5809" lon="20.94197">
				<ele>493.13</ele>
				<time>2026-08-06T20:12:21.426Z</time>
			</trkpt>
			<trkpt lat="39.58121" lon="20.9404">
				<ele>493.24</ele>
				<time>2026-08-06T20:12:33.039Z</time>
			</trkpt>
			<trkpt lat="39.58121" lon="20.93979">
				<ele>495.38</ele>
				<time>2026-08-06T20:12:37.415Z</time>
			</trkpt>
			<trkpt lat="39.58117" lon="20.93878">
				<ele>496.56</ele>
				<time>2026-08-06T20:12:44.674Z</time>
			</trkpt>
			<trkpt lat="39.58116" lon="20.93742">
				<ele>495.62</ele>
				<time>2026-08-06T20:12:54.448Z</time>
			</trkpt>
			<trkpt lat="39.58119" lon="20.93712">
				<ele>495.03</ele>
				<time>2026-08-06T20:12:56.624Z</time>
			</trkpt>
			<trkpt lat="39.58126" lon="20.93672">
				<ele>493.97</ele>
				<time>2026-08-06T20:12:59.575Z</time>
			</trkpt>
			<trkpt lat="39.58133" lon="20.93645">
				<ele>493.85</ele>
				<time>2026-08-06T20:13:01.625Z</time>
			</trkpt>
			<trkpt lat="39.58154" lon="20.93591">
				<ele>493.42</ele>
				<time>2026-08-06T20:13:05.979Z</time>
			</trkpt>
			<trkpt lat="39.58159" lon="20.93577">
				<ele>493.42</ele>
				<time>2026-08-06T20:13:07.090Z</time>
			</trkpt>
			<trkpt lat="39.58161" lon="20.93558">
				<ele>493.92</ele>
				<time>2026-08-06T20:13:08.471Z</time>
			</trkpt>
			<trkpt lat="39.58154" lon="20.93268">
				<ele>493.06</ele>
				<time>2026-08-06T20:13:29.394Z</time>
			</trkpt>
			<trkpt lat="39.58136" lon="20.92802">
				<ele>495.08</ele>
				<time>2026-08-06T20:14:03.139Z</time>
			</trkpt>
			<trkpt lat="39.58128" lon="20.92532">
				<ele>496.05</ele>
				<time>2026-08-06T20:14:22.730Z</time>
			</trkpt>
			<trkpt lat="39.58127" lon="20.92419">
				<ele>500</ele>
				<time>2026-08-06T20:14:30.934Z</time>
			</trkpt>
			<trkpt lat="39.58131" lon="20.92392">
				<ele>498.27</ele>
				<time>2026-08-06T20:14:32.931Z</time>
			</trkpt>
			<trkpt lat="39.5814" lon="20.92375">
				<ele>498.02</ele>
				<time>2026-08-06T20:14:34.429Z</time>
			</trkpt>
			<trkpt lat="39.58153" lon="20.9236">
				<ele>498.66</ele>
				<time>2026-08-06T20:14:36.069Z</time>
			</trkpt>
			<trkpt lat="39.58163" lon="20.92355">
				<ele>500.11</ele>
				<time>2026-08-06T20:14:37.079Z</time>
			</trkpt>
			<trkpt lat="39.58177" lon="20.92353">
				<ele>501.14</ele>
				<time>2026-08-06T20:14:38.407Z</time>
			</trkpt>
			<trkpt lat="39.58225" lon="20.92353">
				<ele>502.05</ele>
				<time>2026-08-06T20:14:42.933Z</time>
			</trkpt>
			<trkpt lat="39.58275" lon="20.92352">
				<ele>502.26</ele>
				<time>2026-08-06T20:14:47.650Z</time>
			</trkpt>
			<trkpt lat="39.58305" lon="20.92347">
				<ele>502.01</ele>
				<time>2026-08-06T20:14:50.504Z</time>
			</trkpt>
			<trkpt lat="39.58335" lon="20.92337">
				<ele>500.04</ele>
				<time>2026-08-06T20:14:53.428Z</time>
			</trkpt>
			<trkpt lat="39.58376" lon="20.92321">
				<ele>498.32</ele>
				<time>2026-08-06T20:14:57.469Z</time>
			</trkpt>
			<trkpt lat="39.585" lon="20.9225">
				<ele>495.91</ele>
				<time>2026-08-06T20:15:10.272Z</time>
			</trkpt>
			<trkpt lat="39.58563" lon="20.92203">
				<ele>495.37</ele>
				<time>2026-08-06T20:15:17.141Z</time>
			</trkpt>
			<trkpt lat="39.58637" lon="20.92142">
				<ele>500.86</ele>
				<time>2026-08-06T20:15:25.432Z</time>
			</trkpt>
			<trkpt lat="39.58717" lon="20.92083">
				<ele>498.32</ele>
				<time>2026-08-06T20:15:34.138Z</time>
			</trkpt>
			<trkpt lat="39.58738" lon="20.92058">
				<ele>498.34</ele>
				<time>2026-08-06T20:15:36.835Z</time>
			</trkpt>
			<trkpt lat="39.5875" lon="20.92032">
				<ele>495.99</ele>
				<time>2026-08-06T20:15:39.046Z</time>
			</trkpt>
			<trkpt lat="39.58753" lon="20.92018">
				<ele>496.88</ele>
				<time>2026-08-06T20:15:40.106Z</time>
			</trkpt>
			<trkpt lat="39.58753" lon="20.91999">
				<ele>498.77</ele>
				<time>2026-08-06T20:15:41.492Z</time>
			</trkpt>
			<trkpt lat="39.58748" lon="20.91951">
				<ele>500.44</ele>
				<time>2026-08-06T20:15:45.027Z</time>
			</trkpt>
			<trkpt lat="39.58748" lon="20.91921">
				<ele>499.8</ele>
				<time>2026-08-06T20:15:47.216Z</time>
			</trkpt>
			<trkpt lat="39.58749" lon="20.91911">
				<ele>499.23</ele>
				<time>2026-08-06T20:15:47.952Z</time>
			</trkpt>
			<trkpt lat="39.5876" lon="20.9188">
				<ele>499.17</ele>
				<time>2026-08-06T20:15:50.443Z</time>
			</trkpt>
			<trkpt lat="39.58833" lon="20.91713">
				<ele>499.3</ele>
				<time>2026-08-06T20:16:04.463Z</time>
			</trkpt>
			<trkpt lat="39.58846" lon="20.91693">
				<ele>500.1</ele>
				<time>2026-08-06T20:16:06.374Z</time>
			</trkpt>
			<trkpt lat="39.58863" lon="20.91682">
				<ele>500.99</ele>
				<time>2026-08-06T20:16:08.175Z</time>
			</trkpt>
			<trkpt lat="39.58869" lon="20.9168">
				<ele>501.41</ele>
				<time>2026-08-06T20:16:08.762Z</time>
			</trkpt>
			<trkpt lat="39.58884" lon="20.91669">
				<ele>502.05</ele>
				<time>2026-08-06T20:16:10.396Z</time>
			</trkpt>
			<trkpt lat="39.58983" lon="20.91614">
				<ele>501.26</ele>
				<time>2026-08-06T20:16:20.608Z</time>
			</trkpt>
			<trkpt lat="39.59031" lon="20.9159">
				<ele>499.76</ele>
				<time>2026-08-06T20:16:25.488Z</time>
			</trkpt>
			<trkpt lat="39.59151" lon="20.91522">
				<ele>498.77</ele>
				<time>2026-08-06T20:16:37.912Z</time>
			</trkpt>
			<trkpt lat="39.59162" lon="20.91517">
				<ele>497.53</ele>
				<time>2026-08-06T20:16:39.019Z</time>
			</trkpt>
			<trkpt lat="39.59187" lon="20.91512">
				<ele>494.31</ele>
				<time>2026-08-06T20:16:41.419Z</time>
			</trkpt>
			<trkpt lat="39.59331" lon="20.91456">
				<ele>496.2</ele>
				<time>2026-08-06T20:16:55.691Z</time>
			</trkpt>
			<trkpt lat="39.59411" lon="20.91429">
				<ele>497.53</ele>
				<time>2026-08-06T20:17:03.541Z</time>
			</trkpt>
			<trkpt lat="39.59597" lon="20.91374">
				<ele>495.48</ele>
				<time>2026-08-06T20:17:21.661Z</time>
			</trkpt>
			<trkpt lat="39.59662" lon="20.91364">
				<ele>494.9</ele>
				<time>2026-08-06T20:17:27.880Z</time>
			</trkpt>
			<trkpt lat="39.59684" lon="20.91357">
				<ele>494.51</ele>
				<time>2026-08-06T20:17:30.032Z</time>
			</trkpt>
			<trkpt lat="39.59695" lon="20.91351">
				<ele>494.3</ele>
				<time>2026-08-06T20:17:31.166Z</time>
			</trkpt>
			<trkpt lat="39.59741" lon="20.91318">
				<ele>491.98</ele>
				<time>2026-08-06T20:17:36.160Z</time>
			</trkpt>
			<trkpt lat="39.59817" lon="20.91252">
				<ele>492.04</ele>
				<time>2026-08-06T20:17:44.850Z</time>
			</trkpt>
			<trkpt lat="39.59836" lon="20.91163">
				<ele>493.9</ele>
				<time>2026-08-06T20:17:51.612Z</time>
			</trkpt>
			<trkpt lat="39.59845" lon="20.91113">
				<ele>495.07</ele>
				<time>2026-08-06T20:17:55.372Z</time>
			</trkpt>
			<trkpt lat="39.59868" lon="20.90925">
				<ele>494.26</ele>
				<time>2026-08-06T20:18:09.310Z</time>
			</trkpt>
			<trkpt lat="39.59876" lon="20.90896">
				<ele>492.09</ele>
				<time>2026-08-06T20:18:11.566Z</time>
			</trkpt>
			<trkpt lat="39.5988" lon="20.90884">
				<ele>491.38</ele>
				<time>2026-08-06T20:18:12.523Z</time>
			</trkpt>
			<trkpt lat="39.59884" lon="20.90881">
				<ele>491.02</ele>
				<time>2026-08-06T20:18:12.962Z</time>
			</trkpt>
			<trkpt lat="39.59896" lon="20.90877">
				<ele>490.7</ele>
				<time>2026-08-06T20:18:14.139Z</time>
			</trkpt>
			<trkpt lat="39.59922" lon="20.90877">
				<ele>490.75</ele>
				<time>2026-08-06T20:18:16.610Z</time>
			</trkpt>
			<trkpt lat="39.59984" lon="20.90882">
				<ele>492.65</ele>
				<time>2026-08-06T20:18:22.513Z</time>
			</trkpt>
			<trkpt lat="39.5999" lon="20.90867">
				<ele>492.84</ele>
				<time>2026-08-06T20:18:23.750Z</time>
			</trkpt>
			<trkpt lat="39.59992" lon="20.90848">
				<ele>493.63</ele>
				<time>2026-08-06T20:18:25.154Z</time>
			</trkpt>
			<trkpt lat="39.60021" lon="20.90514">
				<ele>497.78</ele>
				<time>2026-08-06T20:18:49.758Z</time>
			</trkpt>
			<trkpt lat="39.60021" lon="20.90502">
				<ele>496.93</ele>
				<time>2026-08-06T20:18:50.637Z</time>
			</trkpt>
			<trkpt lat="39.60018" lon="20.90495">
				<ele>496.14</ele>
				<time>2026-08-06T20:18:51.223Z</time>
			</trkpt>
			<trkpt lat="39.60081" lon="20.8999">
				<ele>493.33</ele>
				<time>2026-08-06T20:19:28.645Z</time>
			</trkpt>
			<trkpt lat="39.60101" lon="20.89879">
				<ele>497.79</ele>
				<time>2026-08-06T20:19:36.978Z</time>
			</trkpt>
			<trkpt lat="39.60266" lon="20.8911">
				<ele>491.26</ele>
				<time>2026-08-06T20:20:36.616Z</time>
			</trkpt>
			<trkpt lat="39.60293" lon="20.88953">
				<ele>487.55</ele>
				<time>2026-08-06T20:20:49.640Z</time>
			</trkpt>
			<trkpt lat="39.60304" lon="20.88855">
				<ele>490.54</ele>
				<time>2026-08-06T20:20:57.166Z</time>
			</trkpt>
			<trkpt lat="39.60315" lon="20.88701">
				<ele>490.64</ele>
				<time>2026-08-06T20:21:05.558Z</time>
			</trkpt>
			<trkpt lat="39.60379" lon="20.87459">
				<ele>477.87</ele>
				<time>2026-08-06T20:21:56.729Z</time>
			</trkpt>
			<trkpt lat="39.6038" lon="20.8741">
				<ele>478</ele>
				<time>2026-08-06T20:21:58.297Z</time>
			</trkpt>
			<trkpt lat="39.60378" lon="20.87329">
				<ele>476.8</ele>
				<time>2026-08-06T20:22:00.839Z</time>
			</trkpt>
			<trkpt lat="39.60369" lon="20.87245">
				<ele>474.28</ele>
				<time>2026-08-06T20:22:03.435Z</time>
			</trkpt>
			<trkpt lat="39.6036" lon="20.87193">
				<ele>474.04</ele>
				<time>2026-08-06T20:22:05.037Z</time>
			</trkpt>
			<trkpt lat="39.6035" lon="20.87149">
				<ele>475.39</ele>
				<time>2026-08-06T20:22:06.398Z</time>
			</trkpt>
			<trkpt lat="39.60336" lon="20.87094">
				<ele>477.48</ele>
				<time>2026-08-06T20:22:08.095Z</time>
			</trkpt>
			<trkpt lat="39.60319" lon="20.87043">
				<ele>476.59</ele>
				<time>2026-08-06T20:22:09.702Z</time>
			</trkpt>
			<trkpt lat="39.60294" lon="20.86979">
				<ele>474.01</ele>
				<time>2026-08-06T20:22:11.750Z</time>
			</trkpt>
			<trkpt lat="39.60275" lon="20.86935">
				<ele>474.68</ele>
				<time>2026-08-06T20:22:13.173Z</time>
			</trkpt>
			<trkpt lat="39.60243" lon="20.86874">
				<ele>474.35</ele>
				<time>2026-08-06T20:22:15.233Z</time>
			</trkpt>
			<trkpt lat="39.60221" lon="20.86838">
				<ele>476.82</ele>
				<time>2026-08-06T20:22:16.504Z</time>
			</trkpt>
			<trkpt lat="39.60175" lon="20.86771">
				<ele>480.45</ele>
				<time>2026-08-06T20:22:18.964Z</time>
			</trkpt>
			<trkpt lat="39.60125" lon="20.86714">
				<ele>477.14</ele>
				<time>2026-08-06T20:22:21.310Z</time>
			</trkpt>
			<trkpt lat="39.60059" lon="20.86654">
				<ele>476.86</ele>
				<time>2026-08-06T20:22:24.131Z</time>
			</trkpt>
			<trkpt lat="39.60026" lon="20.86629">
				<ele>478.76</ele>
				<time>2026-08-06T20:22:25.465Z</time>
			</trkpt>
			<trkpt lat="39.59846" lon="20.8651">
				<ele>477.39</ele>
				<time>2026-08-06T20:22:32.522Z</time>
			</trkpt>
			<trkpt lat="39.59808" lon="20.86482">
				<ele>477</ele>
				<time>2026-08-06T20:22:34.060Z</time>
			</trkpt>
			<trkpt lat="39.59764" lon="20.86432">
				<ele>479.69</ele>
				<time>2026-08-06T20:22:36.134Z</time>
			</trkpt>
			<trkpt lat="39.59732" lon="20.8639">
				<ele>480.61</ele>
				<time>2026-08-06T20:22:37.760Z</time>
			</trkpt>
			<trkpt lat="39.5969" lon="20.86328">
				<ele>477.12</ele>
				<time>2026-08-06T20:22:40.056Z</time>
			</trkpt>
			<trkpt lat="39.59679" lon="20.86305">
				<ele>477.53</ele>
				<time>2026-08-06T20:22:40.816Z</time>
			</trkpt>
			<trkpt lat="39.59674" lon="20.86293">
				<ele>477.72</ele>
				<time>2026-08-06T20:22:41.200Z</time>
			</trkpt>
			<trkpt lat="39.59669" lon="20.86274">
				<ele>477.79</ele>
				<time>2026-08-06T20:22:41.768Z</time>
			</trkpt>
			<trkpt lat="39.59669" lon="20.86267">
				<ele>477.58</ele>
				<time>2026-08-06T20:22:41.966Z</time>
			</trkpt>
			<trkpt lat="39.59672" lon="20.86253">
				<ele>477.1</ele>
				<time>2026-08-06T20:22:42.378Z</time>
			</trkpt>
			<trkpt lat="39.59674" lon="20.86248">
				<ele>477</ele>
				<time>2026-08-06T20:22:42.538Z</time>
			</trkpt>
			<trkpt lat="39.59689" lon="20.86238">
				<ele>477</ele>
				<time>2026-08-06T20:22:43.163Z</time>
			</trkpt>
			<trkpt lat="39.59703" lon="20.86234">
				<ele>477.92</ele>
				<time>2026-08-06T20:22:43.695Z</time>
			</trkpt>
			<trkpt lat="39.59744" lon="20.8623">
				<ele>480.15</ele>
				<time>2026-08-06T20:22:45.235Z</time>
			</trkpt>
			<trkpt lat="39.59871" lon="20.86225">
				<ele>481.61</ele>
				<time>2026-08-06T20:22:50.115Z</time>
			</trkpt>
			<trkpt lat="39.60149" lon="20.86214">
				<ele>479.09</ele>
				<time>2026-08-06T20:23:01.625Z</time>
			</trkpt>
			<trkpt lat="39.60157" lon="20.86214">
				<ele>479.4</ele>
				<time>2026-08-06T20:23:01.976Z</time>
			</trkpt>
			<trkpt lat="39.60183" lon="20.86214">
				<ele>480.91</ele>
				<time>2026-08-06T20:23:03.127Z</time>
			</trkpt>
			<trkpt lat="39.60228" lon="20.8621">
				<ele>481.66</ele>
				<time>2026-08-06T20:23:05.155Z</time>
			</trkpt>
			<trkpt lat="39.6029" lon="20.86198">
				<ele>479.78</ele>
				<time>2026-08-06T20:23:08.046Z</time>
			</trkpt>
			<trkpt lat="39.6061" lon="20.86123">
				<ele>475.03</ele>
				<time>2026-08-06T20:23:24.580Z</time>
			</trkpt>
			<trkpt lat="39.60667" lon="20.86113">
				<ele>474.91</ele>
				<time>2026-08-06T20:23:27.809Z</time>
			</trkpt>
			<trkpt lat="39.60709" lon="20.86108">
				<ele>474.58</ele>
				<time>2026-08-06T20:23:30.240Z</time>
			</trkpt>
			<trkpt lat="39.60751" lon="20.86106">
				<ele>474.23</ele>
				<time>2026-08-06T20:23:32.718Z</time>
			</trkpt>
			<trkpt lat="39.60838" lon="20.86108">
				<ele>478.73</ele>
				<time>2026-08-06T20:23:38.034Z</time>
			</trkpt>
			<trkpt lat="39.60972" lon="20.86125">
				<ele>477.51</ele>
				<time>2026-08-06T20:23:46.776Z</time>
			</trkpt>
			<trkpt lat="39.61075" lon="20.86135">
				<ele>476.96</ele>
				<time>2026-08-06T20:23:54.366Z</time>
			</trkpt>
			<trkpt lat="39.61408" lon="20.86147">
				<ele>476</ele>
				<time>2026-08-06T20:24:25.729Z</time>
			</trkpt>
			<trkpt lat="39.61438" lon="20.86151">
				<ele>476.34</ele>
				<time>2026-08-06T20:24:28.407Z</time>
			</trkpt>
			<trkpt lat="39.61665" lon="20.86196">
				<ele>475.91</ele>
				<time>2026-08-06T20:24:48.547Z</time>
			</trkpt>
			<trkpt lat="39.61738" lon="20.86206">
				<ele>475.16</ele>
				<time>2026-08-06T20:24:54.900Z</time>
			</trkpt>
			<trkpt lat="39.61797" lon="20.86207">
				<ele>476.74</ele>
				<time>2026-08-06T20:24:59.980Z</time>
			</trkpt>
			<trkpt lat="39.61855" lon="20.86201">
				<ele>475.19</ele>
				<time>2026-08-06T20:25:04.966Z</time>
			</trkpt>
			<trkpt lat="39.61899" lon="20.86194">
				<ele>474.99</ele>
				<time>2026-08-06T20:25:08.752Z</time>
			</trkpt>
			<trkpt lat="39.62223" lon="20.86113">
				<ele>477.86</ele>
				<time>2026-08-06T20:25:36.604Z</time>
			</trkpt>
			<trkpt lat="39.62237" lon="20.86113">
				<ele>477.42</ele>
				<time>2026-08-06T20:25:37.775Z</time>
			</trkpt>
			<trkpt lat="39.62244" lon="20.86114">
				<ele>477.18</ele>
				<time>2026-08-06T20:25:38.364Z</time>
			</trkpt>
			<trkpt lat="39.62247" lon="20.86118">
				<ele>477.05</ele>
				<time>2026-08-06T20:25:38.723Z</time>
			</trkpt>
			<trkpt lat="39.62256" lon="20.86121">
				<ele>476.9</ele>
				<time>2026-08-06T20:25:39.500Z</time>
			</trkpt>
			<trkpt lat="39.62265" lon="20.86117">
				<ele>476.86</ele>
				<time>2026-08-06T20:25:40.295Z</time>
			</trkpt>
			<trkpt lat="39.62271" lon="20.86108">
				<ele>477.09</ele>
				<time>2026-08-06T20:25:41.060Z</time>
			</trkpt>
			<trkpt lat="39.62273" lon="20.86096">
				<ele>477.52</ele>
				<time>2026-08-06T20:25:41.850Z</time>
			</trkpt>
			<trkpt lat="39.62272" lon="20.8609">
				<ele>477.74</ele>
				<time>2026-08-06T20:25:42.244Z</time>
			</trkpt>
			<trkpt lat="39.62266" lon="20.8608">
				<ele>478</ele>
				<time>2026-08-06T20:25:43.059Z</time>
			</trkpt>
			<trkpt lat="39.6226" lon="20.86077">
				<ele>478</ele>
				<time>2026-08-06T20:25:43.595Z</time>
			</trkpt>
			<trkpt lat="39.62249" lon="20.86064">
				<ele>478.01</ele>
				<time>2026-08-06T20:25:44.835Z</time>
			</trkpt>
			<trkpt lat="39.62241" lon="20.86046">
				<ele>478.3</ele>
				<time>2026-08-06T20:25:46.169Z</time>
			</trkpt>
			<trkpt lat="39.62208" lon="20.85913">
				<ele>479.45</ele>
				<time>2026-08-06T20:25:55.119Z</time>
			</trkpt>
			<trkpt lat="39.62202" lon="20.85878">
				<ele>479</ele>
				<time>2026-08-06T20:25:57.411Z</time>
			</trkpt>
			<trkpt lat="39.6219" lon="20.85745">
				<ele>478.54</ele>
				<time>2026-08-06T20:26:05.958Z</time>
			</trkpt>
			<trkpt lat="39.62189" lon="20.85692">
				<ele>477.56</ele>
				<time>2026-08-06T20:26:09.337Z</time>
			</trkpt>
			<trkpt lat="39.62194" lon="20.85643">
				<ele>476.15</ele>
				<time>2026-08-06T20:26:12.485Z</time>
			</trkpt>
			<trkpt lat="39.62252" lon="20.85385">
				<ele>476</ele>
				<time>2026-08-06T20:26:29.591Z</time>
			</trkpt>
			<trkpt lat="39.62268" lon="20.85336">
				<ele>475.4</ele>
				<time>2026-08-06T20:26:32.979Z</time>
			</trkpt>
			<trkpt lat="39.62284" lon="20.853">
				<ele>475</ele>
				<time>2026-08-06T20:26:35.625Z</time>
			</trkpt>
			<trkpt lat="39.62288" lon="20.85291">
				<ele>475</ele>
				<time>2026-08-06T20:26:36.287Z</time>
			</trkpt>
			<trkpt lat="39.623" lon="20.85276">
				<ele>475</ele>
				<time>2026-08-06T20:26:37.664Z</time>
			</trkpt>
			<trkpt lat="39.62307" lon="20.85264">
				<ele>475</ele>
				<time>2026-08-06T20:26:38.623Z</time>
			</trkpt>
			<trkpt lat="39.62351" lon="20.85176">
				<ele>475</ele>
				<time>2026-08-06T20:26:45.311Z</time>
			</trkpt>
			<trkpt lat="39.62363" lon="20.85139">
				<ele>475.96</ele>
				<time>2026-08-06T20:26:47.873Z</time>
			</trkpt>
			<trkpt lat="39.62366" lon="20.8512">
				<ele>476</ele>
				<time>2026-08-06T20:26:49.111Z</time>
			</trkpt>
			<trkpt lat="39.62367" lon="20.8509">
				<ele>476.58</ele>
				<time>2026-08-06T20:26:51.029Z</time>
			</trkpt>
			<trkpt lat="39.62356" lon="20.84895">
				<ele>477.95</ele>
				<time>2026-08-06T20:27:03.548Z</time>
			</trkpt>
			<trkpt lat="39.62355" lon="20.84851">
				<ele>479.28</ele>
				<time>2026-08-06T20:27:06.375Z</time>
			</trkpt>
			<trkpt lat="39.62358" lon="20.84808">
				<ele>480.08</ele>
				<time>2026-08-06T20:27:09.152Z</time>
			</trkpt>
			<trkpt lat="39.62368" lon="20.84766">
				<ele>479</ele>
				<time>2026-08-06T20:27:11.983Z</time>
			</trkpt>
			<trkpt lat="39.6238" lon="20.8473">
				<ele>479</ele>
				<time>2026-08-06T20:27:14.512Z</time>
			</trkpt>
			<trkpt lat="39.6239" lon="20.84708">
				<ele>479.05</ele>
				<time>2026-08-06T20:27:16.162Z</time>
			</trkpt>
			<trkpt lat="39.62414" lon="20.84665">
				<ele>479.9</ele>
				<time>2026-08-06T20:27:19.595Z</time>
			</trkpt>
			<trkpt lat="39.62426" lon="20.84648">
				<ele>479.87</ele>
				<time>2026-08-06T20:27:21.088Z</time>
			</trkpt>
			<trkpt lat="39.62448" lon="20.84625">
				<ele>480.49</ele>
				<time>2026-08-06T20:27:23.466Z</time>
			</trkpt>
			<trkpt lat="39.62475" lon="20.84602">
				<ele>481.26</ele>
				<time>2026-08-06T20:27:26.188Z</time>
			</trkpt>
			<trkpt lat="39.62565" lon="20.8454">
				<ele>478.65</ele>
				<time>2026-08-06T20:27:34.812Z</time>
			</trkpt>
			<trkpt lat="39.62644" lon="20.84472">
				<ele>477.57</ele>
				<time>2026-08-06T20:27:42.885Z</time>
			</trkpt>
			<trkpt lat="39.62701" lon="20.84418">
				<ele>477.88</ele>
				<time>2026-08-06T20:27:48.930Z</time>
			</trkpt>
			<trkpt lat="39.62708" lon="20.84402">
				<ele>478.5</ele>
				<time>2026-08-06T20:27:50.148Z</time>
			</trkpt>
			<trkpt lat="39.62818" lon="20.84281">
				<ele>476.22</ele>
				<time>2026-08-06T20:28:02.429Z</time>
			</trkpt>
			<trkpt lat="39.63012" lon="20.8406">
				<ele>477</ele>
				<time>2026-08-06T20:28:23.688Z</time>
			</trkpt>
			<trkpt lat="39.63066" lon="20.84002">
				<ele>479.01</ele>
				<time>2026-08-06T20:28:29.342Z</time>
			</trkpt>
			<trkpt lat="39.63125" lon="20.83941">
				<ele>479.04</ele>
				<time>2026-08-06T20:28:35.388Z</time>
			</trkpt>
			<trkpt lat="39.63174" lon="20.83897">
				<ele>478.62</ele>
				<time>2026-08-06T20:28:40.142Z</time>
			</trkpt>
			<trkpt lat="39.6323" lon="20.83851">
				<ele>478.89</ele>
				<time>2026-08-06T20:28:45.415Z</time>
			</trkpt>
			<trkpt lat="39.63265" lon="20.83827">
				<ele>478.64</ele>
				<time>2026-08-06T20:28:48.560Z</time>
			</trkpt>
			<trkpt lat="39.63342" lon="20.8378">
				<ele>480.35</ele>
				<time>2026-08-06T20:28:55.315Z</time>
			</trkpt>
			<trkpt lat="39.63356" lon="20.83801">
				<ele>479.33</ele>
				<time>2026-08-06T20:28:57.014Z</time>
			</trkpt>
			<trkpt lat="39.63405" lon="20.8382">
				<ele>479.12</ele>
				<time>2026-08-06T20:29:01.079Z</time>
			</trkpt>
			<trkpt lat="39.6341" lon="20.8379">
				<ele>478.57</ele>
				<time>2026-08-06T20:29:02.960Z</time>
			</trkpt>
			<trkpt lat="39.63415" lon="20.83779">
				<ele>478.1</ele>
				<time>2026-08-06T20:29:03.743Z</time>
			</trkpt>
			<trkpt lat="39.63425" lon="20.83766">
				<ele>477.68</ele>
				<time>2026-08-06T20:29:04.870Z</time>
			</trkpt>
			<trkpt lat="39.63432" lon="20.83761">
				<ele>477.44</ele>
				<time>2026-08-06T20:29:05.507Z</time>
			</trkpt>
			<trkpt lat="39.63558" lon="20.8371">
				<ele>475.66</ele>
				<time>2026-08-06T20:29:16.074Z</time>
			</trkpt>
			<trkpt lat="39.63839" lon="20.83606">
				<ele>480.94</ele>
				<time>2026-08-06T20:29:40.000Z</time>
			</trkpt>
			<trkpt lat="39.63945" lon="20.83576">
				<ele>479.25</ele>
				<time>2026-08-06T20:29:49.165Z</time>
			</trkpt>
			<trkpt lat="39.63988" lon="20.83561">
				<ele>479.9</ele>
				<time>2026-08-06T20:29:52.982Z</time>
			</trkpt>
			<trkpt lat="39.64081" lon="20.83525">
				<ele>481.06</ele>
				<time>2026-08-06T20:30:01.431Z</time>
			</trkpt>
			<trkpt lat="39.64445" lon="20.83391">
				<ele>479.88</ele>
				<time>2026-08-06T20:30:36.425Z</time>
			</trkpt>
			<trkpt lat="39.64598" lon="20.83342">
				<ele>479.87</ele>
				<time>2026-08-06T20:30:52.183Z</time>
			</trkpt>
			<trkpt lat="39.64609" lon="20.83341">
				<ele>480.59</ele>
				<time>2026-08-06T20:30:53.316Z</time>
			</trkpt>
			<trkpt lat="39.64614" lon="20.83342">
				<ele>480.57</ele>
				<time>2026-08-06T20:30:53.837Z</time>
			</trkpt>
			<trkpt lat="39.64624" lon="20.83348">
				<ele>480.23</ele>
				<time>2026-08-06T20:30:54.975Z</time>
			</trkpt>
			<trkpt lat="39.64647" lon="20.83367">
				<ele>479.82</ele>
				<time>2026-08-06T20:30:57.808Z</time>
			</trkpt>
			<trkpt lat="39.64659" lon="20.83369">
				<ele>479.92</ele>
				<time>2026-08-06T20:30:59.074Z</time>
			</trkpt>
			<trkpt lat="39.64675" lon="20.83365">
				<ele>480.33</ele>
				<time>2026-08-06T20:31:00.787Z</time>
			</trkpt>
			<trkpt lat="39.64683" lon="20.8336">
				<ele>480.62</ele>
				<time>2026-08-06T20:31:01.724Z</time>
			</trkpt>
			<trkpt lat="39.64694" lon="20.83335">
				<ele>481.92</ele>
				<time>2026-08-06T20:31:04.078Z</time>
			</trkpt>
			<trkpt lat="39.64727" lon="20.83295">
				<ele>480.27</ele>
				<time>2026-08-06T20:31:08.924Z</time>
			</trkpt>
			<trkpt lat="39.64744" lon="20.83282">
				<ele>478.57</ele>
				<time>2026-08-06T20:31:11.066Z</time>
			</trkpt>
			<trkpt lat="39.64866" lon="20.83233">
				<ele>478.96</ele>
				<time>2026-08-06T20:31:26.419Z</time>
			</trkpt>
			<trkpt lat="39.64955" lon="20.83194">
				<ele>478.84</ele>
				<time>2026-08-06T20:31:35.749Z</time>
			</trkpt>
			<trkpt lat="39.6502" lon="20.8316">
				<ele>477.95</ele>
				<time>2026-08-06T20:31:41.701Z</time>
			</trkpt>
			<trkpt lat="39.65131" lon="20.83097">
				<ele>478.77</ele>
				<time>2026-08-06T20:31:51.207Z</time>
			</trkpt>
			<trkpt lat="39.6523" lon="20.83032">
				<ele>480.31</ele>
				<time>2026-08-06T20:31:59.123Z</time>
			</trkpt>
			<trkpt lat="39.6531" lon="20.82973">
				<ele>481</ele>
				<time>2026-08-06T20:32:05.179Z</time>
			</trkpt>
			<trkpt lat="39.65399" lon="20.82901">
				<ele>482.37</ele>
				<time>2026-08-06T20:32:11.584Z</time>
			</trkpt>
			<trkpt lat="39.65411" lon="20.82895">
				<ele>482.8</ele>
				<time>2026-08-06T20:32:12.336Z</time>
			</trkpt>
			<trkpt lat="39.65431" lon="20.8289">
				<ele>482</ele>
				<time>2026-08-06T20:32:13.514Z</time>
			</trkpt>
			<trkpt lat="39.65451" lon="20.82892">
				<ele>480.96</ele>
				<time>2026-08-06T20:32:14.658Z</time>
			</trkpt>
			<trkpt lat="39.6547" lon="20.82902">
				<ele>480.56</ele>
				<time>2026-08-06T20:32:15.811Z</time>
			</trkpt>
			<trkpt lat="39.65495" lon="20.82924">
				<ele>481.02</ele>
				<time>2026-08-06T20:32:17.481Z</time>
			</trkpt>
			<trkpt lat="39.65516" lon="20.82931">
				<ele>481.57</ele>
				<time>2026-08-06T20:32:18.660Z</time>
			</trkpt>
			<trkpt lat="39.6553" lon="20.8293">
				<ele>481.76</ele>
				<time>2026-08-06T20:32:19.414Z</time>
			</trkpt>
			<trkpt lat="39.6554" lon="20.82927">
				<ele>482.37</ele>
				<time>2026-08-06T20:32:19.962Z</time>
			</trkpt>
			<trkpt lat="39.65537" lon="20.82871">
				<ele>481.1</ele>
				<time>2026-08-06T20:32:22.232Z</time>
			</trkpt>
			<trkpt lat="39.65529" lon="20.82827">
				<ele>482.19</ele>
				<time>2026-08-06T20:32:24.019Z</time>
			</trkpt>
			<trkpt lat="39.65526" lon="20.82803">
				<ele>483.02</ele>
				<time>2026-08-06T20:32:24.966Z</time>
			</trkpt>
			<trkpt lat="39.6552" lon="20.82775">
				<ele>483.76</ele>
				<time>2026-08-06T20:32:26.087Z</time>
			</trkpt>
			<trkpt lat="39.65636" lon="20.82677">
				<ele>485</ele>
				<time>2026-08-06T20:32:32.763Z</time>
			</trkpt>
			<trkpt lat="39.65823" lon="20.82524">
				<ele>481.76</ele>
				<time>2026-08-06T20:32:42.843Z</time>
			</trkpt>
			<trkpt lat="39.66229" lon="20.82187">
				<ele>487.81</ele>
				<time>2026-08-06T20:33:05.306Z</time>
			</trkpt>
			<trkpt lat="39.66318" lon="20.82111">
				<ele>485.39</ele>
				<time>2026-08-06T20:33:10.890Z</time>
			</trkpt>
			<trkpt lat="39.66377" lon="20.82054">
				<ele>485.67</ele>
				<time>2026-08-06T20:33:14.966Z</time>
			</trkpt>
			<trkpt lat="39.66399" lon="20.82031">
				<ele>488.51</ele>
				<time>2026-08-06T20:33:16.587Z</time>
			</trkpt>
			<trkpt lat="39.66438" lon="20.81981">
				<ele>489.87</ele>
				<time>2026-08-06T20:33:19.824Z</time>
			</trkpt>
			<trkpt lat="39.66478" lon="20.81919">
				<ele>484.85</ele>
				<time>2026-08-06T20:33:23.664Z</time>
			</trkpt>
			<trkpt lat="39.66519" lon="20.81848">
				<ele>484.71</ele>
				<time>2026-08-06T20:33:28.092Z</time>
			</trkpt>
			<trkpt lat="39.66662" lon="20.8157">
				<ele>483.78</ele>
				<time>2026-08-06T20:33:47.163Z</time>
			</trkpt>
			<trkpt lat="39.66712" lon="20.81485">
				<ele>485.64</ele>
				<time>2026-08-06T20:33:55.831Z</time>
			</trkpt>
			<trkpt lat="39.66763" lon="20.81408">
				<ele>483.72</ele>
				<time>2026-08-06T20:34:03.144Z</time>
			</trkpt>
			<trkpt lat="39.66805" lon="20.81357">
				<ele>484.11</ele>
				<time>2026-08-06T20:34:08.207Z</time>
			</trkpt>
			<trkpt lat="39.66838" lon="20.81321">
				<ele>486.19</ele>
				<time>2026-08-06T20:34:11.914Z</time>
			</trkpt>
			<trkpt lat="39.66903" lon="20.81255">
				<ele>484.34</ele>
				<time>2026-08-06T20:34:18.813Z</time>
			</trkpt>
			<trkpt lat="39.67133" lon="20.8103">
				<ele>489</ele>
				<time>2026-08-06T20:34:41.185Z</time>
			</trkpt>
			<trkpt lat="39.67158" lon="20.8102">
				<ele>489.17</ele>
				<time>2026-08-06T20:34:43.110Z</time>
			</trkpt>
			<trkpt lat="39.67169" lon="20.81021">
				<ele>489.19</ele>
				<time>2026-08-06T20:34:43.917Z</time>
			</trkpt>
			<trkpt lat="39.67175" lon="20.81024">
				<ele>489.07</ele>
				<time>2026-08-06T20:34:44.387Z</time>
			</trkpt>
			<trkpt lat="39.67187" lon="20.81036">
				<ele>488.75</ele>
				<time>2026-08-06T20:34:45.489Z</time>
			</trkpt>
			<trkpt lat="39.672" lon="20.81058">
				<ele>487.77</ele>
				<time>2026-08-06T20:34:47.036Z</time>
			</trkpt>
			<trkpt lat="39.67211" lon="20.81046">
				<ele>487.5</ele>
				<time>2026-08-06T20:34:48.072Z</time>
			</trkpt>
			<trkpt lat="39.67219" lon="20.81035">
				<ele>487.18</ele>
				<time>2026-08-06T20:34:48.909Z</time>
			</trkpt>
			<trkpt lat="39.67223" lon="20.81018">
				<ele>487.74</ele>
				<time>2026-08-06T20:34:49.890Z</time>
			</trkpt>
			<trkpt lat="39.67229" lon="20.80978">
				<ele>490.03</ele>
				<time>2026-08-06T20:34:52.126Z</time>
			</trkpt>
			<trkpt lat="39.67232" lon="20.80969">
				<ele>490.51</ele>
				<time>2026-08-06T20:34:52.662Z</time>
			</trkpt>
			<trkpt lat="39.6724" lon="20.80955">
				<ele>491.07</ele>
				<time>2026-08-06T20:34:53.612Z</time>
			</trkpt>
			<trkpt lat="39.67482" lon="20.80715">
				<ele>489.91</ele>
				<time>2026-08-06T20:35:14.676Z</time>
			</trkpt>
			<trkpt lat="39.67679" lon="20.80527">
				<ele>489.53</ele>
				<time>2026-08-06T20:35:31.458Z</time>
			</trkpt>
			<trkpt lat="39.67714" lon="20.80502">
				<ele>487.11</ele>
				<time>2026-08-06T20:35:34.239Z</time>
			</trkpt>
			<trkpt lat="39.67748" lon="20.80483">
				<ele>488.53</ele>
				<time>2026-08-06T20:35:36.832Z</time>
			</trkpt>
			<trkpt lat="39.67774" lon="20.80473">
				<ele>489.04</ele>
				<time>2026-08-06T20:35:38.743Z</time>
			</trkpt>
			<trkpt lat="39.67797" lon="20.80468">
				<ele>488.85</ele>
				<time>2026-08-06T20:35:40.395Z</time>
			</trkpt>
			<trkpt lat="39.67833" lon="20.80463">
				<ele>488.68</ele>
				<time>2026-08-06T20:35:42.977Z</time>
			</trkpt>
			<trkpt lat="39.67856" lon="20.80463">
				<ele>488.37</ele>
				<time>2026-08-06T20:35:44.629Z</time>
			</trkpt>
			<trkpt lat="39.67884" lon="20.80467">
				<ele>489.67</ele>
				<time>2026-08-06T20:35:46.665Z</time>
			</trkpt>
			<trkpt lat="39.67913" lon="20.80475">
				<ele>489.11</ele>
				<time>2026-08-06T20:35:48.825Z</time>
			</trkpt>
			<trkpt lat="39.67937" lon="20.80484">
				<ele>487.92</ele>
				<time>2026-08-06T20:35:50.658Z</time>
			</trkpt>
			<trkpt lat="39.67966" lon="20.80499">
				<ele>487.08</ele>
				<time>2026-08-06T20:35:52.969Z</time>
			</trkpt>
			<trkpt lat="39.67994" lon="20.80518">
				<ele>487.11</ele>
				<time>2026-08-06T20:35:55.330Z</time>
			</trkpt>
			<trkpt lat="39.68018" lon="20.8054">
				<ele>489.68</ele>
				<time>2026-08-06T20:35:57.547Z</time>
			</trkpt>
			<trkpt lat="39.6804" lon="20.80564">
				<ele>493.74</ele>
				<time>2026-08-06T20:35:59.737Z</time>
			</trkpt>
			<trkpt lat="39.68066" lon="20.806">
				<ele>495.23</ele>
				<time>2026-08-06T20:36:02.669Z</time>
			</trkpt>
			<trkpt lat="39.68096" lon="20.8065">
				<ele>493.33</ele>
				<time>2026-08-06T20:36:06.495Z</time>
			</trkpt>
			<trkpt lat="39.68281" lon="20.80985">
				<ele>498.71</ele>
				<time>2026-08-06T20:36:33.413Z</time>
			</trkpt>
			<trkpt lat="39.68288" lon="20.81007">
				<ele>500.15</ele>
				<time>2026-08-06T20:36:35.092Z</time>
			</trkpt>
			<trkpt lat="39.68289" lon="20.8102">
				<ele>500.89</ele>
				<time>2026-08-06T20:36:36.020Z</time>
			</trkpt>
			<trkpt lat="39.68283" lon="20.81083">
				<ele>500.57</ele>
				<time>2026-08-06T20:36:40.597Z</time>
			</trkpt>
			<trkpt lat="39.68294" lon="20.81082">
				<ele>501.84</ele>
				<time>2026-08-06T20:36:41.649Z</time>
			</trkpt>
			<trkpt lat="39.68313" lon="20.8107">
				<ele>503.29</ele>
				<time>2026-08-06T20:36:43.945Z</time>
			</trkpt>
			<trkpt lat="39.68326" lon="20.81066">
				<ele>503.75</ele>
				<time>2026-08-06T20:36:45.530Z</time>
			</trkpt>
			<trkpt lat="39.6833" lon="20.81067">
				<ele>503.9</ele>
				<time>2026-08-06T20:36:46.016Z</time>
			</trkpt>
			<trkpt lat="39.68351" lon="20.81096">
				<ele>504.66</ele>
				<time>2026-08-06T20:36:49.403Z</time>
			</trkpt>
			<trkpt lat="39.68559" lon="20.8146">
				<ele>520.06</ele>
				<time>2026-08-06T20:37:13.609Z</time>
			</trkpt>
			<trkpt lat="39.68567" lon="20.81475">
				<ele>519.93</ele>
				<time>2026-08-06T20:37:14.405Z</time>
			</trkpt>
			<trkpt lat="39.68575" lon="20.81497">
				<ele>519.74</ele>
				<time>2026-08-06T20:37:15.451Z</time>
			</trkpt>
			<trkpt lat="39.68574" lon="20.81504">
				<ele>519.66</ele>
				<time>2026-08-06T20:37:15.754Z</time>
			</trkpt>
			<trkpt lat="39.68575" lon="20.81515">
				<ele>519.71</ele>
				<time>2026-08-06T20:37:16.221Z</time>
			</trkpt>
			<trkpt lat="39.68578" lon="20.81522">
				<ele>519.83</ele>
				<time>2026-08-06T20:37:16.557Z</time>
			</trkpt>
			<trkpt lat="39.68583" lon="20.81527">
				<ele>520.09</ele>
				<time>2026-08-06T20:37:16.899Z</time>
			</trkpt>
			<trkpt lat="39.6859" lon="20.8153">
				<ele>521.19</ele>
				<time>2026-08-06T20:37:17.297Z</time>
			</trkpt>
			<trkpt lat="39.68596" lon="20.81529">
				<ele>522.07</ele>
				<time>2026-08-06T20:37:17.621Z</time>
			</trkpt>
			<trkpt lat="39.68602" lon="20.81526">
				<ele>522.71</ele>
				<time>2026-08-06T20:37:17.963Z</time>
			</trkpt>
			<trkpt lat="39.68606" lon="20.81521">
				<ele>523.21</ele>
				<time>2026-08-06T20:37:18.258Z</time>
			</trkpt>
			<trkpt lat="39.6861" lon="20.81515">
				<ele>523.41</ele>
				<time>2026-08-06T20:37:18.580Z</time>
			</trkpt>
			<trkpt lat="39.68611" lon="20.81507">
				<ele>523.28</ele>
				<time>2026-08-06T20:37:18.908Z</time>
			</trkpt>
			<trkpt lat="39.68608" lon="20.81493">
				<ele>522.49</ele>
				<time>2026-08-06T20:37:19.491Z</time>
			</trkpt>
			<trkpt lat="39.6861" lon="20.81478">
				<ele>522.21</ele>
				<time>2026-08-06T20:37:20.096Z</time>
			</trkpt>
			<trkpt lat="39.68616" lon="20.81463">
				<ele>522.58</ele>
				<time>2026-08-06T20:37:20.762Z</time>
			</trkpt>
			<trkpt lat="39.68817" lon="20.81091">
				<ele>531.26</ele>
				<time>2026-08-06T20:37:37.177Z</time>
			</trkpt>
			<trkpt lat="39.68888" lon="20.80938">
				<ele>531.78</ele>
				<time>2026-08-06T20:37:43.556Z</time>
			</trkpt>
			<trkpt lat="39.6906" lon="20.80548">
				<ele>523.3</ele>
				<time>2026-08-06T20:38:02.390Z</time>
			</trkpt>
			<trkpt lat="39.69145" lon="20.80363">
				<ele>522.09</ele>
				<time>2026-08-06T20:38:14.003Z</time>
			</trkpt>
			<trkpt lat="39.69162" lon="20.80318">
				<ele>519.22</ele>
				<time>2026-08-06T20:38:17.037Z</time>
			</trkpt>
			<trkpt lat="39.69191" lon="20.80224">
				<ele>517.88</ele>
				<time>2026-08-06T20:38:25.328Z</time>
			</trkpt>
			<trkpt lat="39.69223" lon="20.80092">
				<ele>523.05</ele>
				<time>2026-08-06T20:38:39.310Z</time>
			</trkpt>
			<trkpt lat="39.69287" lon="20.79879">
				<ele>517.57</ele>
				<time>2026-08-06T20:39:03.975Z</time>
			</trkpt>
			<trkpt lat="39.69437" lon="20.79403">
				<ele>512.09</ele>
				<time>2026-08-06T20:39:45.719Z</time>
			</trkpt>
			<trkpt lat="39.69454" lon="20.79338">
				<ele>512.17</ele>
				<time>2026-08-06T20:39:50.822Z</time>
			</trkpt>
			<trkpt lat="39.69476" lon="20.79237">
				<ele>509.07</ele>
				<time>2026-08-06T20:39:58.512Z</time>
			</trkpt>
			<trkpt lat="39.69495" lon="20.7917">
				<ele>508.83</ele>
				<time>2026-08-06T20:40:03.666Z</time>
			</trkpt>
			<trkpt lat="39.69655" lon="20.78702">
				<ele>505.71</ele>
				<time>2026-08-06T20:40:38.932Z</time>
			</trkpt>
			<trkpt lat="39.69688" lon="20.78599">
				<ele>507.46</ele>
				<time>2026-08-06T20:40:46.247Z</time>
			</trkpt>
			<trkpt lat="39.6973" lon="20.78445">
				<ele>506.32</ele>
				<time>2026-08-06T20:40:56.741Z</time>
			</trkpt>
			<trkpt lat="39.69798" lon="20.78151">
				<ele>508.73</ele>
				<time>2026-08-06T20:41:15.806Z</time>
			</trkpt>
			<trkpt lat="39.69813" lon="20.78092">
				<ele>509.08</ele>
				<time>2026-08-06T20:41:19.568Z</time>
			</trkpt>
			<trkpt lat="39.69895" lon="20.77828">
				<ele>510.18</ele>
				<time>2026-08-06T20:41:36.426Z</time>
			</trkpt>
			<trkpt lat="39.69925" lon="20.77749">
				<ele>513.34</ele>
				<time>2026-08-06T20:41:41.524Z</time>
			</trkpt>
			<trkpt lat="39.69974" lon="20.77597">
				<ele>515.44</ele>
				<time>2026-08-06T20:41:50.924Z</time>
			</trkpt>
			<trkpt lat="39.69989" lon="20.77549">
				<ele>514.71</ele>
				<time>2026-08-06T20:41:53.844Z</time>
			</trkpt>
			<trkpt lat="39.7" lon="20.77507">
				<ele>514.07</ele>
				<time>2026-08-06T20:41:56.332Z</time>
			</trkpt>
			<trkpt lat="39.70004" lon="20.7748">
				<ele>515.44</ele>
				<time>2026-08-06T20:41:57.868Z</time>
			</trkpt>
			<trkpt lat="39.70005" lon="20.77453">
				<ele>516.47</ele>
				<time>2026-08-06T20:41:59.374Z</time>
			</trkpt>
			<trkpt lat="39.70001" lon="20.77412">
				<ele>516.31</ele>
				<time>2026-08-06T20:42:01.669Z</time>
			</trkpt>
			<trkpt lat="39.69991" lon="20.77375">
				<ele>516.69</ele>
				<time>2026-08-06T20:42:03.838Z</time>
			</trkpt>
			<trkpt lat="39.69976" lon="20.77289">
				<ele>519.33</ele>
				<time>2026-08-06T20:42:08.685Z</time>
			</trkpt>
			<trkpt lat="39.69963" lon="20.77187">
				<ele>518.83</ele>
				<time>2026-08-06T20:42:14.318Z</time>
			</trkpt>
			<trkpt lat="39.69944" lon="20.76951">
				<ele>522</ele>
				<time>2026-08-06T20:42:27.065Z</time>
			</trkpt>
			<trkpt lat="39.69942" lon="20.76884">
				<ele>523.91</ele>
				<time>2026-08-06T20:42:30.626Z</time>
			</trkpt>
			<trkpt lat="39.69942" lon="20.76389">
				<ele>534</ele>
				<time>2026-08-06T20:42:56.475Z</time>
			</trkpt>
			<trkpt lat="39.69946" lon="20.76308">
				<ele>531.87</ele>
				<time>2026-08-06T20:43:00.657Z</time>
			</trkpt>
			<trkpt lat="39.69962" lon="20.76099">
				<ele>531.33</ele>
				<time>2026-08-06T20:43:11.432Z</time>
			</trkpt>
			<trkpt lat="39.69966" lon="20.76031">
				<ele>531.21</ele>
				<time>2026-08-06T20:43:14.920Z</time>
			</trkpt>
			<trkpt lat="39.69966" lon="20.75954">
				<ele>530.78</ele>
				<time>2026-08-06T20:43:18.854Z</time>
			</trkpt>
			<trkpt lat="39.69956" lon="20.75726">
				<ele>531.59</ele>
				<time>2026-08-06T20:43:30.513Z</time>
			</trkpt>
			<trkpt lat="39.70001" lon="20.75724">
				<ele>528.88</ele>
				<time>2026-08-06T20:43:33.502Z</time>
			</trkpt>
			<trkpt lat="39.70005" lon="20.75718">
				<ele>528.59</ele>
				<time>2026-08-06T20:43:33.907Z</time>
			</trkpt>
			<trkpt lat="39.70011" lon="20.75714">
				<ele>528.16</ele>
				<time>2026-08-06T20:43:34.355Z</time>
			</trkpt>
			<trkpt lat="39.70017" lon="20.75707">
				<ele>527.7</ele>
				<time>2026-08-06T20:43:34.890Z</time>
			</trkpt>
			<trkpt lat="39.70023" lon="20.75695">
				<ele>527.33</ele>
				<time>2026-08-06T20:43:35.622Z</time>
			</trkpt>
			<trkpt lat="39.70074" lon="20.75499">
				<ele>526.63</ele>
				<time>2026-08-06T20:43:46.215Z</time>
			</trkpt>
			<trkpt lat="39.70102" lon="20.75385">
				<ele>522.23</ele>
				<time>2026-08-06T20:43:52.367Z</time>
			</trkpt>
			<trkpt lat="39.70185" lon="20.75055">
				<ele>522.31</ele>
				<time>2026-08-06T20:44:10.379Z</time>
			</trkpt>
			<trkpt lat="39.70234" lon="20.74843">
				<ele>521.82</ele>
				<time>2026-08-06T20:44:22.040Z</time>
			</trkpt>
			<trkpt lat="39.70255" lon="20.74758">
				<ele>522.73</ele>
				<time>2026-08-06T20:44:26.792Z</time>
			</trkpt>
			<trkpt lat="39.70275" lon="20.74712">
				<ele>522.08</ele>
				<time>2026-08-06T20:44:29.619Z</time>
			</trkpt>
			<trkpt lat="39.7034" lon="20.74583">
				<ele>526.76</ele>
				<time>2026-08-06T20:44:37.940Z</time>
			</trkpt>
			<trkpt lat="39.7036" lon="20.74528">
				<ele>529.97</ele>
				<time>2026-08-06T20:44:41.253Z</time>
			</trkpt>
			<trkpt lat="39.7037" lon="20.74489">
				<ele>530.81</ele>
				<time>2026-08-06T20:44:43.502Z</time>
			</trkpt>
			<trkpt lat="39.70377" lon="20.74454">
				<ele>530.47</ele>
				<time>2026-08-06T20:44:45.487Z</time>
			</trkpt>
			<trkpt lat="39.70379" lon="20.74419">
				<ele>532.15</ele>
				<time>2026-08-06T20:44:47.420Z</time>
			</trkpt>
			<trkpt lat="39.70353" lon="20.7419">
				<ele>539.28</ele>
				<time>2026-08-06T20:45:00.342Z</time>
			</trkpt>
			<trkpt lat="39.70352" lon="20.74154">
				<ele>540.54</ele>
				<time>2026-08-06T20:45:02.381Z</time>
			</trkpt>
			<trkpt lat="39.70354" lon="20.74097">
				<ele>539.37</ele>
				<time>2026-08-06T20:45:05.628Z</time>
			</trkpt>
			<trkpt lat="39.70349" lon="20.74063">
				<ele>538.96</ele>
				<time>2026-08-06T20:45:07.607Z</time>
			</trkpt>
			<trkpt lat="39.70334" lon="20.74009">
				<ele>537.48</ele>
				<time>2026-08-06T20:45:10.908Z</time>
			</trkpt>
			<trkpt lat="39.70319" lon="20.73932">
				<ele>537.71</ele>
				<time>2026-08-06T20:45:15.511Z</time>
			</trkpt>
			<trkpt lat="39.70318" lon="20.73884">
				<ele>538.08</ele>
				<time>2026-08-06T20:45:18.316Z</time>
			</trkpt>
			<trkpt lat="39.70325" lon="20.73795">
				<ele>535.49</ele>
				<time>2026-08-06T20:45:23.583Z</time>
			</trkpt>
			<trkpt lat="39.70323" lon="20.73756">
				<ele>534.7</ele>
				<time>2026-08-06T20:45:25.880Z</time>
			</trkpt>
			<trkpt lat="39.70325" lon="20.73716">
				<ele>536.09</ele>
				<time>2026-08-06T20:45:28.220Z</time>
			</trkpt>
			<trkpt lat="39.70329" lon="20.73697">
				<ele>537.13</ele>
				<time>2026-08-06T20:45:29.363Z</time>
			</trkpt>
			<trkpt lat="39.70341" lon="20.73657">
				<ele>536.45</ele>
				<time>2026-08-06T20:45:31.842Z</time>
			</trkpt>
			<trkpt lat="39.7035" lon="20.73614">
				<ele>534.77</ele>
				<time>2026-08-06T20:45:34.396Z</time>
			</trkpt>
			<trkpt lat="39.7036" lon="20.73556">
				<ele>535.05</ele>
				<time>2026-08-06T20:45:37.776Z</time>
			</trkpt>
			<trkpt lat="39.70361" lon="20.73529">
				<ele>534.98</ele>
				<time>2026-08-06T20:45:39.303Z</time>
			</trkpt>
			<trkpt lat="39.7036" lon="20.73498">
				<ele>538.12</ele>
				<time>2026-08-06T20:45:41.049Z</time>
			</trkpt>
			<trkpt lat="39.70354" lon="20.73425">
				<ele>540</ele>
				<time>2026-08-06T20:45:45.151Z</time>
			</trkpt>
			<trkpt lat="39.70357" lon="20.7336">
				<ele>541.26</ele>
				<time>2026-08-06T20:45:48.759Z</time>
			</trkpt>
			<trkpt lat="39.70364" lon="20.7331">
				<ele>539.7</ele>
				<time>2026-08-06T20:45:51.557Z</time>
			</trkpt>
			<trkpt lat="39.70368" lon="20.73295">
				<ele>539.57</ele>
				<time>2026-08-06T20:45:52.428Z</time>
			</trkpt>
			<trkpt lat="39.70387" lon="20.73236">
				<ele>539.58</ele>
				<time>2026-08-06T20:45:55.924Z</time>
			</trkpt>
			<trkpt lat="39.70394" lon="20.73206">
				<ele>539.01</ele>
				<time>2026-08-06T20:45:57.631Z</time>
			</trkpt>
			<trkpt lat="39.7042" lon="20.73088">
				<ele>537.7</ele>
				<time>2026-08-06T20:46:04.277Z</time>
			</trkpt>
			<trkpt lat="39.70427" lon="20.73042">
				<ele>537.13</ele>
				<time>2026-08-06T20:46:06.805Z</time>
			</trkpt>
			<trkpt lat="39.70447" lon="20.72948">
				<ele>535.21</ele>
				<time>2026-08-06T20:46:12.047Z</time>
			</trkpt>
			<trkpt lat="39.70455" lon="20.72929">
				<ele>535.18</ele>
				<time>2026-08-06T20:46:13.210Z</time>
			</trkpt>
			<trkpt lat="39.70481" lon="20.72888">
				<ele>533</ele>
				<time>2026-08-06T20:46:16.060Z</time>
			</trkpt>
			<trkpt lat="39.70488" lon="20.72881">
				<ele>533</ele>
				<time>2026-08-06T20:46:16.676Z</time>
			</trkpt>
			<trkpt lat="39.7055" lon="20.72854">
				<ele>529.71</ele>
				<time>2026-08-06T20:46:21.236Z</time>
			</trkpt>
			<trkpt lat="39.7059" lon="20.72844">
				<ele>522.2</ele>
				<time>2026-08-06T20:46:24.079Z</time>
			</trkpt>
			<trkpt lat="39.7061" lon="20.72827">
				<ele>517.88</ele>
				<time>2026-08-06T20:46:25.749Z</time>
			</trkpt>
			<trkpt lat="39.70633" lon="20.72791">
				<ele>514.46</ele>
				<time>2026-08-06T20:46:28.268Z</time>
			</trkpt>
			<trkpt lat="39.70639" lon="20.72781">
				<ele>513.19</ele>
				<time>2026-08-06T20:46:28.952Z</time>
			</trkpt>
			<trkpt lat="39.70647" lon="20.72763">
				<ele>511.54</ele>
				<time>2026-08-06T20:46:30.074Z</time>
			</trkpt>
			<trkpt lat="39.70753" lon="20.72635">
				<ele>505.88</ele>
				<time>2026-08-06T20:46:40.289Z</time>
			</trkpt>
			<trkpt lat="39.70785" lon="20.72602">
				<ele>504.4</ele>
				<time>2026-08-06T20:46:43.202Z</time>
			</trkpt>
			<trkpt lat="39.70829" lon="20.72562">
				<ele>502.11</ele>
				<time>2026-08-06T20:46:47.055Z</time>
			</trkpt>
			<trkpt lat="39.70857" lon="20.72505">
				<ele>502</ele>
				<time>2026-08-06T20:46:50.818Z</time>
			</trkpt>
			<trkpt lat="39.70898" lon="20.72447">
				<ele>501.04</ele>
				<time>2026-08-06T20:46:55.244Z</time>
			</trkpt>
			<trkpt lat="39.70922" lon="20.72401">
				<ele>499.89</ele>
				<time>2026-08-06T20:46:58.396Z</time>
			</trkpt>
			<trkpt lat="39.70937" lon="20.72366">
				<ele>498.66</ele>
				<time>2026-08-06T20:47:00.686Z</time>
			</trkpt>
			<trkpt lat="39.70957" lon="20.72328">
				<ele>496.82</ele>
				<time>2026-08-06T20:47:03.335Z</time>
			</trkpt>
			<trkpt lat="39.70972" lon="20.72316">
				<ele>496.39</ele>
				<time>2026-08-06T20:47:04.660Z</time>
			</trkpt>
			<trkpt lat="39.7102" lon="20.72286">
				<ele>494.56</ele>
				<time>2026-08-06T20:47:08.699Z</time>
			</trkpt>
			<trkpt lat="39.71027" lon="20.72278">
				<ele>494.03</ele>
				<time>2026-08-06T20:47:09.411Z</time>
			</trkpt>
			<trkpt lat="39.71047" lon="20.72244">
				<ele>491.79</ele>
				<time>2026-08-06T20:47:11.939Z</time>
			</trkpt>
			<trkpt lat="39.71064" lon="20.72218">
				<ele>491.2</ele>
				<time>2026-08-06T20:47:13.970Z</time>
			</trkpt>
			<trkpt lat="39.71064" lon="20.72212">
				<ele>490.96</ele>
				<time>2026-08-06T20:47:14.329Z</time>
			</trkpt>
			<trkpt lat="39.71082" lon="20.72199">
				<ele>491.14</ele>
				<time>2026-08-06T20:47:15.933Z</time>
			</trkpt>
			<trkpt lat="39.71096" lon="20.72193">
				<ele>491.42</ele>
				<time>2026-08-06T20:47:17.088Z</time>
			</trkpt>
			<trkpt lat="39.7112" lon="20.72186">
				<ele>491.2</ele>
				<time>2026-08-06T20:47:19.024Z</time>
			</trkpt>
			<trkpt lat="39.71139" lon="20.72184">
				<ele>490.63</ele>
				<time>2026-08-06T20:47:20.533Z</time>
			</trkpt>
			<trkpt lat="39.71195" lon="20.72172">
				<ele>488.94</ele>
				<time>2026-08-06T20:47:25.076Z</time>
			</trkpt>
			<trkpt lat="39.71265" lon="20.72161">
				<ele>487.08</ele>
				<time>2026-08-06T20:47:30.825Z</time>
			</trkpt>
			<trkpt lat="39.71317" lon="20.72142">
				<ele>486</ele>
				<time>2026-08-06T20:47:35.315Z</time>
			</trkpt>
			<trkpt lat="39.71408" lon="20.72117">
				<ele>481.95</ele>
				<time>2026-08-06T20:47:43.232Z</time>
			</trkpt>
			<trkpt lat="39.71425" lon="20.72106">
				<ele>482.27</ele>
				<time>2026-08-06T20:47:44.878Z</time>
			</trkpt>
			<trkpt lat="39.7154" lon="20.71997">
				<ele>481.55</ele>
				<time>2026-08-06T20:47:57.571Z</time>
			</trkpt>
			<trkpt lat="39.71558" lon="20.71985">
				<ele>482.5</ele>
				<time>2026-08-06T20:47:59.428Z</time>
			</trkpt>
			<trkpt lat="39.71581" lon="20.71973">
				<ele>482.1</ele>
				<time>2026-08-06T20:48:01.723Z</time>
			</trkpt>
			<trkpt lat="39.71681" lon="20.71938">
				<ele>481.21</ele>
				<time>2026-08-06T20:48:11.542Z</time>
			</trkpt>
			<trkpt lat="39.71743" lon="20.71906">
				<ele>479.88</ele>
				<time>2026-08-06T20:48:18.075Z</time>
			</trkpt>
			<trkpt lat="39.71786" lon="20.71891">
				<ele>478.48</ele>
				<time>2026-08-06T20:48:22.531Z</time>
			</trkpt>
			<trkpt lat="39.71839" lon="20.71863">
				<ele>476.9</ele>
				<time>2026-08-06T20:48:28.446Z</time>
			</trkpt>
			<trkpt lat="39.71863" lon="20.71857">
				<ele>477.01</ele>
				<time>2026-08-06T20:48:31.136Z</time>
			</trkpt>
			<trkpt lat="39.72013" lon="20.71838">
				<ele>474</ele>
				<time>2026-08-06T20:48:49.721Z</time>
			</trkpt>
			<trkpt lat="39.72097" lon="20.71829">
				<ele>473</ele>
				<time>2026-08-06T20:49:01.222Z</time>
			</trkpt>
			<trkpt lat="39.72108" lon="20.71827">
				<ele>473</ele>
				<time>2026-08-06T20:49:02.777Z</time>
			</trkpt>
			<trkpt lat="39.72117" lon="20.71822">
				<ele>473</ele>
				<time>2026-08-06T20:49:04.154Z</time>
			</trkpt>
			<trkpt lat="39.72145" lon="20.71799">
				<ele>473</ele>
				<time>2026-08-06T20:49:08.847Z</time>
			</trkpt>
			<trkpt lat="39.72332" lon="20.71611">
				<ele>469.04</ele>
				<time>2026-08-06T20:49:42.592Z</time>
			</trkpt>
			<trkpt lat="39.72531" lon="20.71362">
				<ele>467.19</ele>
				<time>2026-08-06T20:50:16.896Z</time>
			</trkpt>
			<trkpt lat="39.72587" lon="20.71296">
				<ele>464.78</ele>
				<time>2026-08-06T20:50:25.235Z</time>
			</trkpt>
			<trkpt lat="39.72675" lon="20.71209">
				<ele>465.25</ele>
				<time>2026-08-06T20:50:37.312Z</time>
			</trkpt>
			<trkpt lat="39.72739" lon="20.71157">
				<ele>467.63</ele>
				<time>2026-08-06T20:50:45.477Z</time>
			</trkpt>
			<trkpt lat="39.72752" lon="20.71149">
				<ele>467.22</ele>
				<time>2026-08-06T20:50:47.025Z</time>
			</trkpt>
			<trkpt lat="39.72764" lon="20.71144">
				<ele>467.58</ele>
				<time>2026-08-06T20:50:48.380Z</time>
			</trkpt>
			<trkpt lat="39.72773" lon="20.71142">
				<ele>467.72</ele>
				<time>2026-08-06T20:50:49.361Z</time>
			</trkpt>
			<trkpt lat="39.7284" lon="20.71142">
				<ele>467.1</ele>
				<time>2026-08-06T20:50:56.529Z</time>
			</trkpt>
			<trkpt lat="39.72864" lon="20.71146">
				<ele>465.57</ele>
				<time>2026-08-06T20:50:59.106Z</time>
			</trkpt>
			<trkpt lat="39.72968" lon="20.71186">
				<ele>466.32</ele>
				<time>2026-08-06T20:51:10.576Z</time>
			</trkpt>
			<trkpt lat="39.73054" lon="20.71216">
				<ele>464</ele>
				<time>2026-08-06T20:51:19.899Z</time>
			</trkpt>
			<trkpt lat="39.731" lon="20.71227">
				<ele>464.6</ele>
				<time>2026-08-06T20:51:24.762Z</time>
			</trkpt>
			<trkpt lat="39.73392" lon="20.71281">
				<ele>463.14</ele>
				<time>2026-08-06T20:51:54.918Z</time>
			</trkpt>
			<trkpt lat="39.73621" lon="20.71333">
				<ele>463.38</ele>
				<time>2026-08-06T20:52:18.085Z</time>
			</trkpt>
			<trkpt lat="39.73678" lon="20.71342">
				<ele>463.37</ele>
				<time>2026-08-06T20:52:23.730Z</time>
			</trkpt>
			<trkpt lat="39.73699" lon="20.71348">
				<ele>463.07</ele>
				<time>2026-08-06T20:52:25.835Z</time>
			</trkpt>
			<trkpt lat="39.73709" lon="20.71355">
				<ele>463.1</ele>
				<time>2026-08-06T20:52:26.946Z</time>
			</trkpt>
			<trkpt lat="39.73716" lon="20.71363">
				<ele>462.9</ele>
				<time>2026-08-06T20:52:27.857Z</time>
			</trkpt>
			<trkpt lat="39.73895" lon="20.71604">
				<ele>464.5</ele>
				<time>2026-08-06T20:52:52.726Z</time>
			</trkpt>
			<trkpt lat="39.74027" lon="20.71785">
				<ele>464.99</ele>
				<time>2026-08-06T20:53:10.874Z</time>
			</trkpt>
			<trkpt lat="39.74035" lon="20.7179">
				<ele>464.86</ele>
				<time>2026-08-06T20:53:11.707Z</time>
			</trkpt>
			<trkpt lat="39.74044" lon="20.71792">
				<ele>464.66</ele>
				<time>2026-08-06T20:53:12.563Z</time>
			</trkpt>
			<trkpt lat="39.74055" lon="20.71792">
				<ele>464.48</ele>
				<time>2026-08-06T20:53:13.593Z</time>
			</trkpt>
			<trkpt lat="39.74208" lon="20.71765">
				<ele>465.45</ele>
				<time>2026-08-06T20:53:27.951Z</time>
			</trkpt>
			<trkpt lat="39.74219" lon="20.71768">
				<ele>466.14</ele>
				<time>2026-08-06T20:53:28.989Z</time>
			</trkpt>
			<trkpt lat="39.74225" lon="20.71777">
				<ele>466.51</ele>
				<time>2026-08-06T20:53:29.834Z</time>
			</trkpt>
			<trkpt lat="39.74237" lon="20.71806">
				<ele>467.12</ele>
				<time>2026-08-06T20:53:32.167Z</time>
			</trkpt>
			<trkpt lat="39.74267" lon="20.7184">
				<ele>467.22</ele>
				<time>2026-08-06T20:53:35.824Z</time>
			</trkpt>
			<trkpt lat="39.74291" lon="20.71872">
				<ele>466.36</ele>
				<time>2026-08-06T20:53:38.974Z</time>
			</trkpt>
			<trkpt lat="39.74297" lon="20.71883">
				<ele>466.4</ele>
				<time>2026-08-06T20:53:39.922Z</time>
			</trkpt>
			<trkpt lat="39.74302" lon="20.71898">
				<ele>466.63</ele>
				<time>2026-08-06T20:53:41.071Z</time>
			</trkpt>
			<trkpt lat="39.74305" lon="20.7192">
				<ele>467</ele>
				<time>2026-08-06T20:53:42.639Z</time>
			</trkpt>
			<trkpt lat="39.7431" lon="20.72012">
				<ele>463.82</ele>
				<time>2026-08-06T20:53:49.089Z</time>
			</trkpt>
			<trkpt lat="39.74315" lon="20.72029">
				<ele>463.72</ele>
				<time>2026-08-06T20:53:50.357Z</time>
			</trkpt>
			<trkpt lat="39.74327" lon="20.72053">
				<ele>463.85</ele>
				<time>2026-08-06T20:53:52.350Z</time>
			</trkpt>
			<trkpt lat="39.74337" lon="20.72084">
				<ele>463.96</ele>
				<time>2026-08-06T20:53:54.686Z</time>
			</trkpt>
			<trkpt lat="39.74343" lon="20.72094">
				<ele>463.6</ele>
				<time>2026-08-06T20:53:55.566Z</time>
			</trkpt>
			<trkpt lat="39.74347" lon="20.72098">
				<ele>463.44</ele>
				<time>2026-08-06T20:53:56.021Z</time>
			</trkpt>
			<trkpt lat="39.74354" lon="20.72099">
				<ele>463.41</ele>
				<time>2026-08-06T20:53:56.655Z</time>
			</trkpt>
			<trkpt lat="39.74398" lon="20.72074">
				<ele>463.67</ele>
				<time>2026-08-06T20:54:00.974Z</time>
			</trkpt>
			<trkpt lat="39.74451" lon="20.72051">
				<ele>466.89</ele>
				<time>2026-08-06T20:54:05.980Z</time>
			</trkpt>
			<trkpt lat="39.74477" lon="20.72037">
				<ele>466.59</ele>
				<time>2026-08-06T20:54:08.493Z</time>
			</trkpt>
			<trkpt lat="39.74547" lon="20.71981">
				<ele>467.28</ele>
				<time>2026-08-06T20:54:15.803Z</time>
			</trkpt>
			<trkpt lat="39.74558" lon="20.71968">
				<ele>466.91</ele>
				<time>2026-08-06T20:54:17.120Z</time>
			</trkpt>
			<trkpt lat="39.74571" lon="20.71945">
				<ele>466.43</ele>
				<time>2026-08-06T20:54:19.063Z</time>
			</trkpt>
			<trkpt lat="39.74615" lon="20.71818">
				<ele>470.2</ele>
				<time>2026-08-06T20:54:28.499Z</time>
			</trkpt>
			<trkpt lat="39.74631" lon="20.71754">
				<ele>468.11</ele>
				<time>2026-08-06T20:54:33.032Z</time>
			</trkpt>
			<trkpt lat="39.74647" lon="20.71713">
				<ele>466.86</ele>
				<time>2026-08-06T20:54:36.121Z</time>
			</trkpt>
			<trkpt lat="39.74666" lon="20.71681">
				<ele>466.95</ele>
				<time>2026-08-06T20:54:38.830Z</time>
			</trkpt>
			<trkpt lat="39.74676" lon="20.71668">
				<ele>467.18</ele>
				<time>2026-08-06T20:54:40.060Z</time>
			</trkpt>
			<trkpt lat="39.74688" lon="20.71657">
				<ele>466.97</ele>
				<time>2026-08-06T20:54:41.337Z</time>
			</trkpt>
			<trkpt lat="39.74715" lon="20.71641">
				<ele>465.47</ele>
				<time>2026-08-06T20:54:43.912Z</time>
			</trkpt>
			<trkpt lat="39.7479" lon="20.71609">
				<ele>462.95</ele>
				<time>2026-08-06T20:54:50.740Z</time>
			</trkpt>
			<trkpt lat="39.74815" lon="20.71595">
				<ele>463.35</ele>
				<time>2026-08-06T20:54:53.086Z</time>
			</trkpt>
			<trkpt lat="39.74827" lon="20.71587">
				<ele>463.77</ele>
				<time>2026-08-06T20:54:54.247Z</time>
			</trkpt>
			<trkpt lat="39.74858" lon="20.71559">
				<ele>464.91</ele>
				<time>2026-08-06T20:54:57.491Z</time>
			</trkpt>
			<trkpt lat="39.74899" lon="20.71516">
				<ele>463.85</ele>
				<time>2026-08-06T20:55:02.005Z</time>
			</trkpt>
			<trkpt lat="39.74993" lon="20.71409">
				<ele>462.31</ele>
				<time>2026-08-06T20:55:12.653Z</time>
			</trkpt>
			<trkpt lat="39.75045" lon="20.71336">
				<ele>463.96</ele>
				<time>2026-08-06T20:55:19.137Z</time>
			</trkpt>
			<trkpt lat="39.75065" lon="20.71287">
				<ele>465</ele>
				<time>2026-08-06T20:55:22.739Z</time>
			</trkpt>
			<trkpt lat="39.75084" lon="20.71262">
				<ele>465.56</ele>
				<time>2026-08-06T20:55:25.016Z</time>
			</trkpt>
			<trkpt lat="39.75116" lon="20.71224">
				<ele>466.54</ele>
				<time>2026-08-06T20:55:28.661Z</time>
			</trkpt>
			<trkpt lat="39.75279" lon="20.71049">
				<ele>464.25</ele>
				<time>2026-08-06T20:55:46.320Z</time>
			</trkpt>
			<trkpt lat="39.75377" lon="20.70959">
				<ele>466.77</ele>
				<time>2026-08-06T20:55:56.260Z</time>
			</trkpt>
			<trkpt lat="39.75523" lon="20.70811">
				<ele>466</ele>
				<time>2026-08-06T20:56:11.489Z</time>
			</trkpt>
			<trkpt lat="39.75574" lon="20.70768">
				<ele>467.69</ele>
				<time>2026-08-06T20:56:16.464Z</time>
			</trkpt>
			<trkpt lat="39.75617" lon="20.70752">
				<ele>466.74</ele>
				<time>2026-08-06T20:56:20.116Z</time>
			</trkpt>
			<trkpt lat="39.75845" lon="20.70673">
				<ele>466.42</ele>
				<time>2026-08-06T20:56:39.284Z</time>
			</trkpt>
			<trkpt lat="39.75866" lon="20.70667">
				<ele>466</ele>
				<time>2026-08-06T20:56:41.023Z</time>
			</trkpt>
			<trkpt lat="39.75971" lon="20.70651">
				<ele>466.53</ele>
				<time>2026-08-06T20:56:49.555Z</time>
			</trkpt>
			<trkpt lat="39.76024" lon="20.70639">
				<ele>466.86</ele>
				<time>2026-08-06T20:56:53.887Z</time>
			</trkpt>
			<trkpt lat="39.76152" lon="20.70599">
				<ele>466</ele>
				<time>2026-08-06T20:57:04.458Z</time>
			</trkpt>
			<trkpt lat="39.76306" lon="20.70581">
				<ele>467.1</ele>
				<time>2026-08-06T20:57:16.832Z</time>
			</trkpt>
			<trkpt lat="39.76407" lon="20.70576">
				<ele>468.82</ele>
				<time>2026-08-06T20:57:24.898Z</time>
			</trkpt>
			<trkpt lat="39.76423" lon="20.70572">
				<ele>469.39</ele>
				<time>2026-08-06T20:57:26.197Z</time>
			</trkpt>
			<trkpt lat="39.76386" lon="20.70382">
				<ele>469.01</ele>
				<time>2026-08-06T20:57:38.191Z</time>
			</trkpt>
			<trkpt lat="39.76365" lon="20.7029">
				<ele>472.38</ele>
				<time>2026-08-06T20:57:44.055Z</time>
			</trkpt>
			<trkpt lat="39.7634" lon="20.70191">
				<ele>474.13</ele>
				<time>2026-08-06T20:57:50.417Z</time>
			</trkpt>
			<trkpt lat="39.76339" lon="20.7017">
				<ele>475.02</ele>
				<time>2026-08-06T20:57:51.700Z</time>
			</trkpt>
			<trkpt lat="39.76341" lon="20.70158">
				<ele>476.65</ele>
				<time>2026-08-06T20:57:52.450Z</time>
			</trkpt>
			<trkpt lat="39.76352" lon="20.70139">
				<ele>479.16</ele>
				<time>2026-08-06T20:57:53.901Z</time>
			</trkpt>
			<trkpt lat="39.76365" lon="20.70129">
				<ele>480.63</ele>
				<time>2026-08-06T20:57:55.099Z</time>
			</trkpt>
			<trkpt lat="39.76443" lon="20.70089">
				<ele>484.05</ele>
				<time>2026-08-06T20:58:01.750Z</time>
			</trkpt>
			<trkpt lat="39.76459" lon="20.70079">
				<ele>486.59</ele>
				<time>2026-08-06T20:58:03.157Z</time>
			</trkpt>
			<trkpt lat="39.76511" lon="20.70038">
				<ele>493.65</ele>
				<time>2026-08-06T20:58:07.978Z</time>
			</trkpt>
			<trkpt lat="39.76538" lon="20.70026">
				<ele>493.15</ele>
				<time>2026-08-06T20:58:10.240Z</time>
			</trkpt>
			<trkpt lat="39.76585" lon="20.70017">
				<ele>497.32</ele>
				<time>2026-08-06T20:58:14.006Z</time>
			</trkpt>
			<trkpt lat="39.76657" lon="20.69993">
				<ele>502.3</ele>
				<time>2026-08-06T20:58:19.898Z</time>
			</trkpt>
			<trkpt lat="39.7673" lon="20.69982">
				<ele>503.7</ele>
				<time>2026-08-06T20:58:25.724Z</time>
			</trkpt>
			<trkpt lat="39.76761" lon="20.69975">
				<ele>506.4</ele>
				<time>2026-08-06T20:58:28.218Z</time>
			</trkpt>
			<trkpt lat="39.76803" lon="20.69956">
				<ele>511.99</ele>
				<time>2026-08-06T20:58:31.745Z</time>
			</trkpt>
			<trkpt lat="39.76834" lon="20.69947">
				<ele>513.29</ele>
				<time>2026-08-06T20:58:34.264Z</time>
			</trkpt>
			<trkpt lat="39.76941" lon="20.69949">
				<ele>525.45</ele>
				<time>2026-08-06T20:58:42.756Z</time>
			</trkpt>
			<trkpt lat="39.76993" lon="20.69954">
				<ele>525.9</ele>
				<time>2026-08-06T20:58:46.896Z</time>
			</trkpt>
			<trkpt lat="39.77093" lon="20.69956">
				<ele>527.93</ele>
				<time>2026-08-06T20:58:54.845Z</time>
			</trkpt>
			<trkpt lat="39.77102" lon="20.69955">
				<ele>527.93</ele>
				<time>2026-08-06T20:58:55.564Z</time>
			</trkpt>
			<trkpt lat="39.7713" lon="20.69945">
				<ele>533.2</ele>
				<time>2026-08-06T20:58:57.874Z</time>
			</trkpt>
			<trkpt lat="39.77148" lon="20.69944">
				<ele>537.35</ele>
				<time>2026-08-06T20:58:59.307Z</time>
			</trkpt>
			<trkpt lat="39.77162" lon="20.69948">
				<ele>539.82</ele>
				<time>2026-08-06T20:59:00.448Z</time>
			</trkpt>
			<trkpt lat="39.77196" lon="20.69969">
				<ele>541.94</ele>
				<time>2026-08-06T20:59:03.445Z</time>
			</trkpt>
			<trkpt lat="39.77219" lon="20.69977">
				<ele>543.22</ele>
				<time>2026-08-06T20:59:05.342Z</time>
			</trkpt>
			<trkpt lat="39.77275" lon="20.69991">
				<ele>548.19</ele>
				<time>2026-08-06T20:59:09.889Z</time>
			</trkpt>
			<trkpt lat="39.77351" lon="20.69996">
				<ele>552.25</ele>
				<time>2026-08-06T20:59:15.963Z</time>
			</trkpt>
			<trkpt lat="39.77375" lon="20.7">
				<ele>552.51</ele>
				<time>2026-08-06T20:59:17.897Z</time>
			</trkpt>
			<trkpt lat="39.77392" lon="20.70006">
				<ele>552.13</ele>
				<time>2026-08-06T20:59:19.305Z</time>
			</trkpt>
			<trkpt lat="39.77399" lon="20.70006">
				<ele>551.67</ele>
				<time>2026-08-06T20:59:19.865Z</time>
			</trkpt>
			<trkpt lat="39.77405" lon="20.70005">
				<ele>551.48</ele>
				<time>2026-08-06T20:59:20.349Z</time>
			</trkpt>
			<trkpt lat="39.7741" lon="20.69999">
				<ele>551.45</ele>
				<time>2026-08-06T20:59:20.893Z</time>
			</trkpt>
			<trkpt lat="39.77412" lon="20.69991">
				<ele>551.95</ele>
				<time>2026-08-06T20:59:21.410Z</time>
			</trkpt>
			<trkpt lat="39.77411" lon="20.69985">
				<ele>552.5</ele>
				<time>2026-08-06T20:59:21.788Z</time>
			</trkpt>
			<trkpt lat="39.77408" lon="20.69978">
				<ele>553.39</ele>
				<time>2026-08-06T20:59:22.281Z</time>
			</trkpt>
			<trkpt lat="39.77403" lon="20.69974">
				<ele>554.24</ele>
				<time>2026-08-06T20:59:22.750Z</time>
			</trkpt>
			<trkpt lat="39.77398" lon="20.69972">
				<ele>554.96</ele>
				<time>2026-08-06T20:59:23.169Z</time>
			</trkpt>
			<trkpt lat="39.77374" lon="20.69974">
				<ele>555.77</ele>
				<time>2026-08-06T20:59:25.095Z</time>
			</trkpt>
			<trkpt lat="39.77311" lon="20.69944">
				<ele>564.14</ele>
				<time>2026-08-06T20:59:30.472Z</time>
			</trkpt>
			<trkpt lat="39.77267" lon="20.69914">
				<ele>568.57</ele>
				<time>2026-08-06T20:59:34.460Z</time>
			</trkpt>
			<trkpt lat="39.77244" lon="20.6989">
				<ele>569</ele>
				<time>2026-08-06T20:59:36.826Z</time>
			</trkpt>
			<trkpt lat="39.77231" lon="20.69871">
				<ele>569.07</ele>
				<time>2026-08-06T20:59:38.393Z</time>
			</trkpt>
			<trkpt lat="39.77226" lon="20.6986">
				<ele>570.07</ele>
				<time>2026-08-06T20:59:39.180Z</time>
			</trkpt>
			<trkpt lat="39.77222" lon="20.69846">
				<ele>571.19</ele>
				<time>2026-08-06T20:59:40.099Z</time>
			</trkpt>
			<trkpt lat="39.77224" lon="20.69821">
				<ele>573.3</ele>
				<time>2026-08-06T20:59:41.644Z</time>
			</trkpt>
			<trkpt lat="39.77229" lon="20.69804">
				<ele>574</ele>
				<time>2026-08-06T20:59:42.763Z</time>
			</trkpt>
			<trkpt lat="39.77267" lon="20.69738">
				<ele>581.78</ele>
				<time>2026-08-06T20:59:47.820Z</time>
			</trkpt>
			<trkpt lat="39.77281" lon="20.69731">
				<ele>582.91</ele>
				<time>2026-08-06T20:59:49.014Z</time>
			</trkpt>
			<trkpt lat="39.77289" lon="20.69731">
				<ele>583.48</ele>
				<time>2026-08-06T20:59:49.651Z</time>
			</trkpt>
			<trkpt lat="39.7733" lon="20.69754">
				<ele>583.86</ele>
				<time>2026-08-06T20:59:53.200Z</time>
			</trkpt>
			<trkpt lat="39.77409" lon="20.69772">
				<ele>588.34</ele>
				<time>2026-08-06T20:59:59.557Z</time>
			</trkpt>
			<trkpt lat="39.77465" lon="20.69797">
				<ele>589.38</ele>
				<time>2026-08-06T21:00:04.234Z</time>
			</trkpt>
			<trkpt lat="39.77493" lon="20.698">
				<ele>589.73</ele>
				<time>2026-08-06T21:00:06.449Z</time>
			</trkpt>
			<trkpt lat="39.77564" lon="20.69797">
				<ele>595.65</ele>
				<time>2026-08-06T21:00:12.037Z</time>
			</trkpt>
			<trkpt lat="39.77579" lon="20.69794">
				<ele>596.44</ele>
				<time>2026-08-06T21:00:13.229Z</time>
			</trkpt>
			<trkpt lat="39.77589" lon="20.6979">
				<ele>596.99</ele>
				<time>2026-08-06T21:00:14.050Z</time>
			</trkpt>
			<trkpt lat="39.77596" lon="20.69782">
				<ele>598.25</ele>
				<time>2026-08-06T21:00:14.780Z</time>
			</trkpt>
			<trkpt lat="39.77599" lon="20.6977">
				<ele>599.77</ele>
				<time>2026-08-06T21:00:15.540Z</time>
			</trkpt>
			<trkpt lat="39.77597" lon="20.69764">
				<ele>600.38</ele>
				<time>2026-08-06T21:00:15.934Z</time>
			</trkpt>
			<trkpt lat="39.7759" lon="20.69756">
				<ele>601.34</ele>
				<time>2026-08-06T21:00:16.664Z</time>
			</trkpt>
			<trkpt lat="39.7758" lon="20.69752">
				<ele>601.77</ele>
				<time>2026-08-06T21:00:17.483Z</time>
			</trkpt>
			<trkpt lat="39.77549" lon="20.69748">
				<ele>601.87</ele>
				<time>2026-08-06T21:00:19.920Z</time>
			</trkpt>
			<trkpt lat="39.77521" lon="20.69737">
				<ele>601.55</ele>
				<time>2026-08-06T21:00:22.205Z</time>
			</trkpt>
			<trkpt lat="39.7744" lon="20.69683">
				<ele>608.83</ele>
				<time>2026-08-06T21:00:29.297Z</time>
			</trkpt>
			<trkpt lat="39.7742" lon="20.69662">
				<ele>609.07</ele>
				<time>2026-08-06T21:00:31.294Z</time>
			</trkpt>
			<trkpt lat="39.77397" lon="20.69616">
				<ele>611.57</ele>
				<time>2026-08-06T21:00:34.566Z</time>
			</trkpt>
			<trkpt lat="39.7738" lon="20.69588">
				<ele>614.95</ele>
				<time>2026-08-06T21:00:36.691Z</time>
			</trkpt>
			<trkpt lat="39.77358" lon="20.69556">
				<ele>615.33</ele>
				<time>2026-08-06T21:00:39.244Z</time>
			</trkpt>
			<trkpt lat="39.77335" lon="20.6951">
				<ele>618.72</ele>
				<time>2026-08-06T21:00:42.502Z</time>
			</trkpt>
			<trkpt lat="39.77316" lon="20.69449">
				<ele>623.8</ele>
				<time>2026-08-06T21:00:46.402Z</time>
			</trkpt>
			<trkpt lat="39.7731" lon="20.69435">
				<ele>624.36</ele>
				<time>2026-08-06T21:00:47.351Z</time>
			</trkpt>
			<trkpt lat="39.77301" lon="20.69427">
				<ele>624.7</ele>
				<time>2026-08-06T21:00:48.189Z</time>
			</trkpt>
			<trkpt lat="39.77288" lon="20.69418">
				<ele>625.19</ele>
				<time>2026-08-06T21:00:49.322Z</time>
			</trkpt>
			<trkpt lat="39.7728" lon="20.69408">
				<ele>625.11</ele>
				<time>2026-08-06T21:00:50.175Z</time>
			</trkpt>
			<trkpt lat="39.77243" lon="20.69338">
				<ele>624.23</ele>
				<time>2026-08-06T21:00:55.185Z</time>
			</trkpt>
			<trkpt lat="39.77235" lon="20.69306">
				<ele>622.97</ele>
				<time>2026-08-06T21:00:57.166Z</time>
			</trkpt>
			<trkpt lat="39.77233" lon="20.69287">
				<ele>621.24</ele>
				<time>2026-08-06T21:00:58.294Z</time>
			</trkpt>
			<trkpt lat="39.77241" lon="20.69267">
				<ele>619.84</ele>
				<time>2026-08-06T21:00:59.619Z</time>
			</trkpt>
			<trkpt lat="39.77271" lon="20.69232">
				<ele>618.61</ele>
				<time>2026-08-06T21:01:02.697Z</time>
			</trkpt>
			<trkpt lat="39.77279" lon="20.69219">
				<ele>617.88</ele>
				<time>2026-08-06T21:01:03.674Z</time>
			</trkpt>
			<trkpt lat="39.77296" lon="20.69183">
				<ele>616.05</ele>
				<time>2026-08-06T21:01:06.149Z</time>
			</trkpt>
			<trkpt lat="39.77329" lon="20.69136">
				<ele>616.05</ele>
				<time>2026-08-06T21:01:09.872Z</time>
			</trkpt>
			<trkpt lat="39.77365" lon="20.69103">
				<ele>613.68</ele>
				<time>2026-08-06T21:01:13.217Z</time>
			</trkpt>
			<trkpt lat="39.77459" lon="20.69004">
				<ele>613.06</ele>
				<time>2026-08-06T21:01:22.372Z</time>
			</trkpt>
			<trkpt lat="39.775" lon="20.68966">
				<ele>614.46</ele>
				<time>2026-08-06T21:01:26.169Z</time>
			</trkpt>
			<trkpt lat="39.77527" lon="20.68939">
				<ele>613.42</ele>
				<time>2026-08-06T21:01:28.734Z</time>
			</trkpt>
			<trkpt lat="39.77546" lon="20.68923">
				<ele>612.38</ele>
				<time>2026-08-06T21:01:30.437Z</time>
			</trkpt>
			<trkpt lat="39.77569" lon="20.68909">
				<ele>612.61</ele>
				<time>2026-08-06T21:01:32.345Z</time>
			</trkpt>
			<trkpt lat="39.77694" lon="20.68861">
				<ele>619.07</ele>
				<time>2026-08-06T21:01:42.111Z</time>
			</trkpt>
			<trkpt lat="39.77751" lon="20.68841">
				<ele>621.24</ele>
				<time>2026-08-06T21:01:46.519Z</time>
			</trkpt>
			<trkpt lat="39.7792" lon="20.68788">
				<ele>613.97</ele>
				<time>2026-08-06T21:01:59.442Z</time>
			</trkpt>
			<trkpt lat="39.78032" lon="20.68747">
				<ele>615.8</ele>
				<time>2026-08-06T21:02:08.046Z</time>
			</trkpt>
			<trkpt lat="39.7801" lon="20.68725">
				<ele>614.84</ele>
				<time>2026-08-06T21:02:10.093Z</time>
			</trkpt>
			<trkpt lat="39.78" lon="20.6871">
				<ele>614.12</ele>
				<time>2026-08-06T21:02:11.217Z</time>
			</trkpt>
			<trkpt lat="39.77993" lon="20.68693">
				<ele>613</ele>
				<time>2026-08-06T21:02:12.309Z</time>
			</trkpt>
			<trkpt lat="39.77983" lon="20.68662">
				<ele>613.13</ele>
				<time>2026-08-06T21:02:14.211Z</time>
			</trkpt>
			<trkpt lat="39.77961" lon="20.6861">
				<ele>616.05</ele>
				<time>2026-08-06T21:02:17.565Z</time>
			</trkpt>
			<trkpt lat="39.77942" lon="20.68594">
				<ele>617.11</ele>
				<time>2026-08-06T21:02:19.227Z</time>
			</trkpt>
			<trkpt lat="39.77927" lon="20.68568">
				<ele>618.21</ele>
				<time>2026-08-06T21:02:21.060Z</time>
			</trkpt>
			<trkpt lat="39.77899" lon="20.68506">
				<ele>625.14</ele>
				<time>2026-08-06T21:02:25.110Z</time>
			</trkpt>
			<trkpt lat="39.77872" lon="20.68466">
				<ele>627.86</ele>
				<time>2026-08-06T21:02:28.103Z</time>
			</trkpt>
			<trkpt lat="39.77779" lon="20.68397">
				<ele>629.39</ele>
				<time>2026-08-06T21:02:35.915Z</time>
			</trkpt>
			<trkpt lat="39.77748" lon="20.68369">
				<ele>630.65</ele>
				<time>2026-08-06T21:02:38.663Z</time>
			</trkpt>
			<trkpt lat="39.7766" lon="20.68262">
				<ele>625.03</ele>
				<time>2026-08-06T21:02:47.409Z</time>
			</trkpt>
			<trkpt lat="39.77653" lon="20.68251">
				<ele>624.55</ele>
				<time>2026-08-06T21:02:48.204Z</time>
			</trkpt>
			<trkpt lat="39.7765" lon="20.68241">
				<ele>624.58</ele>
				<time>2026-08-06T21:02:48.802Z</time>
			</trkpt>
			<trkpt lat="39.77648" lon="20.682">
				<ele>625.89</ele>
				<time>2026-08-06T21:02:51.088Z</time>
			</trkpt>
			<trkpt lat="39.77643" lon="20.68187">
				<ele>625.47</ele>
				<time>2026-08-06T21:02:51.897Z</time>
			</trkpt>
			<trkpt lat="39.7761" lon="20.68129">
				<ele>622.65</ele>
				<time>2026-08-06T21:02:55.905Z</time>
			</trkpt>
			<trkpt lat="39.77605" lon="20.68116">
				<ele>622.14</ele>
				<time>2026-08-06T21:02:56.712Z</time>
			</trkpt>
			<trkpt lat="39.77603" lon="20.68103">
				<ele>622.11</ele>
				<time>2026-08-06T21:02:57.448Z</time>
			</trkpt>
			<trkpt lat="39.77608" lon="20.68073">
				<ele>622.51</ele>
				<time>2026-08-06T21:02:59.150Z</time>
			</trkpt>
			<trkpt lat="39.77589" lon="20.68048">
				<ele>621.03</ele>
				<time>2026-08-06T21:03:01.098Z</time>
			</trkpt>
			<trkpt lat="39.77564" lon="20.68032">
				<ele>620.05</ele>
				<time>2026-08-06T21:03:03.105Z</time>
			</trkpt>
			<trkpt lat="39.77547" lon="20.68007">
				<ele>618.75</ele>
				<time>2026-08-06T21:03:04.951Z</time>
			</trkpt>
			<trkpt lat="39.77518" lon="20.67974">
				<ele>618.7</ele>
				<time>2026-08-06T21:03:07.721Z</time>
			</trkpt>
			<trkpt lat="39.77506" lon="20.67963">
				<ele>617.97</ele>
				<time>2026-08-06T21:03:08.776Z</time>
			</trkpt>
			<trkpt lat="39.77482" lon="20.6795">
				<ele>616.58</ele>
				<time>2026-08-06T21:03:10.643Z</time>
			</trkpt>
			<trkpt lat="39.77434" lon="20.67913">
				<ele>617.68</ele>
				<time>2026-08-06T21:03:14.645Z</time>
			</trkpt>
			<trkpt lat="39.77387" lon="20.67862">
				<ele>618.16</ele>
				<time>2026-08-06T21:03:19.027Z</time>
			</trkpt>
			<trkpt lat="39.77333" lon="20.67807">
				<ele>617.99</ele>
				<time>2026-08-06T21:03:23.929Z</time>
			</trkpt>
			<trkpt lat="39.773" lon="20.67785">
				<ele>617.29</ele>
				<time>2026-08-06T21:03:26.576Z</time>
			</trkpt>
			<trkpt lat="39.77286" lon="20.67766">
				<ele>616.6</ele>
				<time>2026-08-06T21:03:28.018Z</time>
			</trkpt>
			<trkpt lat="39.77259" lon="20.6771">
				<ele>615.06</ele>
				<time>2026-08-06T21:03:31.639Z</time>
			</trkpt>
			<trkpt lat="39.77245" lon="20.67733">
				<ele>616.45</ele>
				<time>2026-08-06T21:03:33.244Z</time>
			</trkpt>
			<trkpt lat="39.77197" lon="20.67857">
				<ele>618.65</ele>
				<time>2026-08-06T21:03:40.828Z</time>
			</trkpt>
			<trkpt lat="39.77192" lon="20.67876">
				<ele>619.6</ele>
				<time>2026-08-06T21:03:41.923Z</time>
			</trkpt>
			<trkpt lat="39.77191" lon="20.67915">
				<ele>619.14</ele>
				<time>2026-08-06T21:03:44.050Z</time>
			</trkpt>
			<trkpt lat="39.77181" lon="20.67953">
				<ele>620.48</ele>
				<time>2026-08-06T21:03:46.237Z</time>
			</trkpt>
			<trkpt lat="39.77181" lon="20.67963">
				<ele>621.11</ele>
				<time>2026-08-06T21:03:46.782Z</time>
			</trkpt>
		</trkseg>
	</trk>
</gpx>