<?xml version="1.0" encoding="UTF-8"?>
<gpx version="1.1" creator="Kurviger" xmlns="http://www.topografix.com/GPX/1/1" xmlns:xsi="http://www.w3.org/2001/XMLSchema-instance" xsi:schemaLocation="http://www.topografix.com/GPX/1/1 http://www.topografix.com/GPX/1/1/gpx.xsd http://www.garmin.com/xmlschemas/GpxExtensions/v3 http://www.garmin.com/xmlschemas/GpxExtensionsv3.xsd http://www.garmin.com/xmlschemas/TripExtensions/v1 http://www.garmin.com/xmlschemas/TripExtensionsv1.xsd" xmlns:gpxx="http://www.garmin.com/xmlschemas/GpxExtensions/v3" xmlns:trp="http://www.garmin.com/xmlschemas/TripExtensions/v1">
	<metadata>
		<name>DAY 2 - Limni Plastira - Paratiritirio - Pezoulas</name>
		<copyright author="OpenStreetMap contributors"/>
		<link href="https://kurviger.com">
			<text>Kurviger.com GPX</text>
		</link>
		<time>2026-08-06T16:10:16.783Z</time>
	</metadata>
	<wpt lat="39.152981" lon="21.87257">
		<name>Molocha, Kallifono, Thessalia, Greece</name>
		<sym>Flag, Green</sym>
		<type>start</type>
	</wpt>
	<wpt lat="39.345516" lon="21.919999">
		<name>Shaping Point 1</name>
		<sym>Waypoint</sym>
		<type>shaping</type>
	</wpt>
	<wpt lat="39.355405" lon="21.735034">
		<name>Shaping Point 2</name>
		<sym>Waypoint</sym>
		<type>shaping</type>
	</wpt>
	<wpt lat="39.307754" lon="21.732996">
		<name>Φράγμα Λμνης Πλαστήρα</name>
		<sym>Flag, Blue</sym>
		<type>via</type>
	</wpt>
	<wpt lat="39.278502" lon="21.730303">
		<name>Παρατηρητήριο</name>
		<sym>Flag, Blue</sym>
		<type>via</type>
	</wpt>
	<wpt lat="39.27459" lon="21.733028">
		<name>Area</name>
		<sym>Flag, Blue</sym>
		<type>via</type>
	</wpt>
	<wpt lat="39.235673" lon="21.746315">
		<name>Shaping Point 6</name>
		<sym>Waypoint</sym>
		<type>shaping</type>
	</wpt>
	<wpt lat="39.235943" lon="21.849747">
		<name>Shaping Point 7</name>
		<sym>Waypoint</sym>
		<type>shaping</type>
	</wpt>
	<wpt lat="39.284025" lon="21.906009">
		<name>Via Point 8</name>
		<sym>Flag, Blue</sym>
		<type>via</type>
	</wpt>
	<wpt lat="39.152981" lon="21.87257">
		<name>Molocha, Kallifono, Thessalia, Greece</name>
		<sym>Flag, Red</sym>
		<type>destination</type>
	</wpt>
	<trk>
		<name>DAY 2 - Limni Plastira - Paratiritirio - Pezoulas</name>
		<trkseg>
			<trkpt lat="39.15298" lon="21.87256">
				<ele>793.46</ele>
				<time>2026-08-06T16:10:16.783Z</time>
			</trkpt>
			<trkpt lat="39.15338" lon="21.87251">
				<ele>797.36</ele>
				<time>2026-08-06T16:10:17.437Z</time>
			</trkpt>
			<trkpt lat="39.15344" lon="21.87256">
				<ele>797.68</ele>
				<time>2026-08-06T16:10:17.554Z</time>
			</trkpt>
			<trkpt lat="39.15351" lon="21.87265">
				<ele>797.97</ele>
				<time>2026-08-06T16:10:17.718Z</time>
			</trkpt>
			<trkpt lat="39.15362" lon="21.87287">
				<ele>798.43</ele>
				<time>2026-08-06T16:10:18.058Z</time>
			</trkpt>
			<trkpt lat="39.15397" lon="21.87338">
				<ele>802.81</ele>
				<time>2026-08-06T16:10:18.959Z</time>
			</trkpt>
			<trkpt lat="39.15399" lon="21.87345">
				<ele>803.09</ele>
				<time>2026-08-06T16:10:19.059Z</time>
			</trkpt>
			<trkpt lat="39.15399" lon="21.87366">
				<ele>803.18</ele>
				<time>2026-08-06T16:10:19.344Z</time>
			</trkpt>
			<trkpt lat="39.1539" lon="21.87403">
				<ele>802.39</ele>
				<time>2026-08-06T16:10:19.875Z</time>
			</trkpt>
			<trkpt lat="39.15389" lon="21.87421">
				<ele>803.81</ele>
				<time>2026-08-06T16:10:20.125Z</time>
			</trkpt>
			<trkpt lat="39.15396" lon="21.87449">
				<ele>808.3</ele>
				<time>2026-08-06T16:10:20.536Z</time>
			</trkpt>
			<trkpt lat="39.15404" lon="21.87499">
				<ele>811.12</ele>
				<time>2026-08-06T16:10:21.262Z</time>
			</trkpt>
			<trkpt lat="39.15412" lon="21.87539">
				<ele>807.45</ele>
				<time>2026-08-06T16:10:21.860Z</time>
			</trkpt>
			<trkpt lat="39.15417" lon="21.8755">
				<ele>806.54</ele>
				<time>2026-08-06T16:10:22.046Z</time>
			</trkpt>
			<trkpt lat="39.15424" lon="21.87562">
				<ele>806.04</ele>
				<time>2026-08-06T16:10:22.267Z</time>
			</trkpt>
			<trkpt lat="39.15443" lon="21.87585">
				<ele>805.87</ele>
				<time>2026-08-06T16:10:22.766Z</time>
			</trkpt>
			<trkpt lat="39.15472" lon="21.87625">
				<ele>807.49</ele>
				<time>2026-08-06T16:10:23.592Z</time>
			</trkpt>
			<trkpt lat="39.15486" lon="21.87641">
				<ele>808.22</ele>
				<time>2026-08-06T16:10:23.961Z</time>
			</trkpt>
			<trkpt lat="39.15504" lon="21.87657">
				<ele>808.49</ele>
				<time>2026-08-06T16:10:24.396Z</time>
			</trkpt>
			<trkpt lat="39.15519" lon="21.87668">
				<ele>809.21</ele>
				<time>2026-08-06T16:10:24.743Z</time>
			</trkpt>
			<trkpt lat="39.15554" lon="21.87684">
				<ele>813.99</ele>
				<time>2026-08-06T16:10:25.499Z</time>
			</trkpt>
			<trkpt lat="39.15564" lon="21.8769">
				<ele>816.95</ele>
				<time>2026-08-06T16:10:25.725Z</time>
			</trkpt>
			<trkpt lat="39.1557" lon="21.87699">
				<ele>818.4</ele>
				<time>2026-08-06T16:10:25.916Z</time>
			</trkpt>
			<trkpt lat="39.15572" lon="21.87713">
				<ele>818.75</ele>
				<time>2026-08-06T16:10:26.145Z</time>
			</trkpt>
			<trkpt lat="39.15576" lon="21.87753">
				<ele>816.97</ele>
				<time>2026-08-06T16:10:26.800Z</time>
			</trkpt>
			<trkpt lat="39.15579" lon="21.87768">
				<ele>816.53</ele>
				<time>2026-08-06T16:10:27.054Z</time>
			</trkpt>
			<trkpt lat="39.15584" lon="21.87782">
				<ele>816.82</ele>
				<time>2026-08-06T16:10:27.308Z</time>
			</trkpt>
			<trkpt lat="39.15617" lon="21.87848">
				<ele>820.67</ele>
				<time>2026-08-06T16:10:28.622Z</time>
			</trkpt>
			<trkpt lat="39.15633" lon="21.87871">
				<ele>821.25</ele>
				<time>2026-08-06T16:10:29.148Z</time>
			</trkpt>
			<trkpt lat="39.15692" lon="21.87936">
				<ele>819.52</ele>
				<time>2026-08-06T16:10:30.889Z</time>
			</trkpt>
			<trkpt lat="39.15701" lon="21.8794">
				<ele>819.59</ele>
				<time>2026-08-06T16:10:31.106Z</time>
			</trkpt>
			<trkpt lat="39.15712" lon="21.87942">
				<ele>820.42</ele>
				<time>2026-08-06T16:10:31.360Z</time>
			</trkpt>
			<trkpt lat="39.1575" lon="21.87943">
				<ele>822.36</ele>
				<time>2026-08-06T16:10:32.239Z</time>
			</trkpt>
			<trkpt lat="39.15781" lon="21.8794">
				<ele>824.25</ele>
				<time>2026-08-06T16:10:32.968Z</time>
			</trkpt>
			<trkpt lat="39.15792" lon="21.87936">
				<ele>823.64</ele>
				<time>2026-08-06T16:10:33.238Z</time>
			</trkpt>
			<trkpt lat="39.15809" lon="21.87926">
				<ele>823.8</ele>
				<time>2026-08-06T16:10:33.682Z</time>
			</trkpt>
			<trkpt lat="39.15818" lon="21.87925">
				<ele>823.58</ele>
				<time>2026-08-06T16:10:33.898Z</time>
			</trkpt>
			<trkpt lat="39.15829" lon="21.87928">
				<ele>822.6</ele>
				<time>2026-08-06T16:10:34.167Z</time>
			</trkpt>
			<trkpt lat="39.15848" lon="21.87938">
				<ele>823.05</ele>
				<time>2026-08-06T16:10:34.662Z</time>
			</trkpt>
			<trkpt lat="39.15856" lon="21.87939">
				<ele>823.78</ele>
				<time>2026-08-06T16:10:34.857Z</time>
			</trkpt>
			<trkpt lat="39.1593" lon="21.87938">
				<ele>835.74</ele>
				<time>2026-08-06T16:10:36.678Z</time>
			</trkpt>
			<trkpt lat="39.15984" lon="21.87953">
				<ele>842.25</ele>
				<time>2026-08-06T16:10:38.069Z</time>
			</trkpt>
			<trkpt lat="39.16011" lon="21.87964">
				<ele>843.91</ele>
				<time>2026-08-06T16:10:38.792Z</time>
			</trkpt>
			<trkpt lat="39.16018" lon="21.87972">
				<ele>843.31</ele>
				<time>2026-08-06T16:10:39.032Z</time>
			</trkpt>
			<trkpt lat="39.16019" lon="21.87979">
				<ele>843.06</ele>
				<time>2026-08-06T16:10:39.175Z</time>
			</trkpt>
			<trkpt lat="39.1602" lon="21.8803">
				<ele>841.73</ele>
				<time>2026-08-06T16:10:40.202Z</time>
			</trkpt>
			<trkpt lat="39.16024" lon="21.8804">
				<ele>841.7</ele>
				<time>2026-08-06T16:10:40.430Z</time>
			</trkpt>
			<trkpt lat="39.16028" lon="21.88043">
				<ele>842.55</ele>
				<time>2026-08-06T16:10:40.552Z</time>
			</trkpt>
			<trkpt lat="39.16061" lon="21.8805">
				<ele>849.72</ele>
				<time>2026-08-06T16:10:41.435Z</time>
			</trkpt>
			<trkpt lat="39.1607" lon="21.88054">
				<ele>849.88</ele>
				<time>2026-08-06T16:10:41.688Z</time>
			</trkpt>
			<trkpt lat="39.16077" lon="21.88061">
				<ele>848.99</ele>
				<time>2026-08-06T16:10:41.924Z</time>
			</trkpt>
			<trkpt lat="39.16095" lon="21.88092">
				<ele>845.49</ele>
				<time>2026-08-06T16:10:42.730Z</time>
			</trkpt>
			<trkpt lat="39.16118" lon="21.88109">
				<ele>851.1</ele>
				<time>2026-08-06T16:10:43.448Z</time>
			</trkpt>
			<trkpt lat="39.16121" lon="21.88113">
				<ele>852.31</ele>
				<time>2026-08-06T16:10:43.566Z</time>
			</trkpt>
			<trkpt lat="39.16123" lon="21.88119">
				<ele>853.45</ele>
				<time>2026-08-06T16:10:43.704Z</time>
			</trkpt>
			<trkpt lat="39.16121" lon="21.88131">
				<ele>853.12</ele>
				<time>2026-08-06T16:10:43.964Z</time>
			</trkpt>
			<trkpt lat="39.16095" lon="21.88174">
				<ele>843.28</ele>
				<time>2026-08-06T16:10:45.128Z</time>
			</trkpt>
			<trkpt lat="39.16093" lon="21.88184">
				<ele>843.71</ele>
				<time>2026-08-06T16:10:45.350Z</time>
			</trkpt>
			<trkpt lat="39.16093" lon="21.88195">
				<ele>845.28</ele>
				<time>2026-08-06T16:10:45.588Z</time>
			</trkpt>
			<trkpt lat="39.16095" lon="21.882">
				<ele>845.44</ele>
				<time>2026-08-06T16:10:45.709Z</time>
			</trkpt>
			<trkpt lat="39.16102" lon="21.88206">
				<ele>847.18</ele>
				<time>2026-08-06T16:10:45.944Z</time>
			</trkpt>
			<trkpt lat="39.16124" lon="21.8822">
				<ele>853.21</ele>
				<time>2026-08-06T16:10:46.633Z</time>
			</trkpt>
			<trkpt lat="39.16144" lon="21.88235">
				<ele>854.72</ele>
				<time>2026-08-06T16:10:47.288Z</time>
			</trkpt>
			<trkpt lat="39.16155" lon="21.88246">
				<ele>853.95</ele>
				<time>2026-08-06T16:10:47.684Z</time>
			</trkpt>
			<trkpt lat="39.16161" lon="21.88249">
				<ele>854.16</ele>
				<time>2026-08-06T16:10:47.867Z</time>
			</trkpt>
			<trkpt lat="39.16225" lon="21.88262">
				<ele>862.41</ele>
				<time>2026-08-06T16:10:49.735Z</time>
			</trkpt>
			<trkpt lat="39.16251" lon="21.88277">
				<ele>866.98</ele>
				<time>2026-08-06T16:10:50.568Z</time>
			</trkpt>
			<trkpt lat="39.16263" lon="21.88286">
				<ele>868.38</ele>
				<time>2026-08-06T16:10:50.976Z</time>
			</trkpt>
			<trkpt lat="39.16273" lon="21.883">
				<ele>867.47</ele>
				<time>2026-08-06T16:10:51.412Z</time>
			</trkpt>
			<trkpt lat="39.16313" lon="21.88389">
				<ele>872.15</ele>
				<time>2026-08-06T16:10:53.799Z</time>
			</trkpt>
			<trkpt lat="39.1632" lon="21.88398">
				<ele>872.58</ele>
				<time>2026-08-06T16:10:54.099Z</time>
			</trkpt>
			<trkpt lat="39.16329" lon="21.88403">
				<ele>872.7</ele>
				<time>2026-08-06T16:10:54.396Z</time>
			</trkpt>
			<trkpt lat="39.16337" lon="21.88405">
				<ele>872.57</ele>
				<time>2026-08-06T16:10:54.645Z</time>
			</trkpt>
			<trkpt lat="39.16394" lon="21.88413">
				<ele>870.84</ele>
				<time>2026-08-06T16:10:56.407Z</time>
			</trkpt>
			<trkpt lat="39.16403" lon="21.88416">
				<ele>871.57</ele>
				<time>2026-08-06T16:10:56.695Z</time>
			</trkpt>
			<trkpt lat="39.1641" lon="21.88421">
				<ele>872.42</ele>
				<time>2026-08-06T16:10:56.944Z</time>
			</trkpt>
			<trkpt lat="39.16465" lon="21.88466">
				<ele>882.58</ele>
				<time>2026-08-06T16:10:58.989Z</time>
			</trkpt>
			<trkpt lat="39.16474" lon="21.88477">
				<ele>883.16</ele>
				<time>2026-08-06T16:10:59.382Z</time>
			</trkpt>
			<trkpt lat="39.16482" lon="21.88494">
				<ele>884.16</ele>
				<time>2026-08-06T16:10:59.873Z</time>
			</trkpt>
			<trkpt lat="39.16485" lon="21.88513">
				<ele>884.91</ele>
				<time>2026-08-06T16:11:00.353Z</time>
			</trkpt>
			<trkpt lat="39.16488" lon="21.88548">
				<ele>886.23</ele>
				<time>2026-08-06T16:11:01.230Z</time>
			</trkpt>
			<trkpt lat="39.16493" lon="21.88567">
				<ele>888.53</ele>
				<time>2026-08-06T16:11:01.733Z</time>
			</trkpt>
			<trkpt lat="39.16499" lon="21.88579">
				<ele>888.82</ele>
				<time>2026-08-06T16:11:02.091Z</time>
			</trkpt>
			<trkpt lat="39.16507" lon="21.88589">
				<ele>890.42</ele>
				<time>2026-08-06T16:11:02.454Z</time>
			</trkpt>
			<trkpt lat="39.16536" lon="21.88613">
				<ele>891.13</ele>
				<time>2026-08-06T16:11:03.580Z</time>
			</trkpt>
			<trkpt lat="39.16574" lon="21.88646">
				<ele>900.97</ele>
				<time>2026-08-06T16:11:05.093Z</time>
			</trkpt>
			<trkpt lat="39.16607" lon="21.88681">
				<ele>902.04</ele>
				<time>2026-08-06T16:11:06.519Z</time>
			</trkpt>
			<trkpt lat="39.16614" lon="21.88685">
				<ele>901.84</ele>
				<time>2026-08-06T16:11:06.776Z</time>
			</trkpt>
			<trkpt lat="39.16642" lon="21.88691">
				<ele>903.02</ele>
				<time>2026-08-06T16:11:07.733Z</time>
			</trkpt>
			<trkpt lat="39.16676" lon="21.88696">
				<ele>906.07</ele>
				<time>2026-08-06T16:11:08.896Z</time>
			</trkpt>
			<trkpt lat="39.16695" lon="21.88696">
				<ele>906.45</ele>
				<time>2026-08-06T16:11:09.546Z</time>
			</trkpt>
			<trkpt lat="39.16705" lon="21.88693">
				<ele>906.65</ele>
				<time>2026-08-06T16:11:09.898Z</time>
			</trkpt>
			<trkpt lat="39.16719" lon="21.88666">
				<ele>913.69</ele>
				<time>2026-08-06T16:11:10.766Z</time>
			</trkpt>
			<trkpt lat="39.16733" lon="21.88652">
				<ele>918.6</ele>
				<time>2026-08-06T16:11:11.380Z</time>
			</trkpt>
			<trkpt lat="39.16743" lon="21.88652">
				<ele>918.54</ele>
				<time>2026-08-06T16:11:11.727Z</time>
			</trkpt>
			<trkpt lat="39.16767" lon="21.88664">
				<ele>916.21</ele>
				<time>2026-08-06T16:11:12.625Z</time>
			</trkpt>
			<trkpt lat="39.16781" lon="21.88665">
				<ele>917</ele>
				<time>2026-08-06T16:11:13.116Z</time>
			</trkpt>
			<trkpt lat="39.16787" lon="21.88663">
				<ele>917</ele>
				<time>2026-08-06T16:11:13.334Z</time>
			</trkpt>
			<trkpt lat="39.1683" lon="21.88626">
				<ele>921.39</ele>
				<time>2026-08-06T16:11:15.161Z</time>
			</trkpt>
			<trkpt lat="39.16849" lon="21.88586">
				<ele>928.49</ele>
				<time>2026-08-06T16:11:16.460Z</time>
			</trkpt>
			<trkpt lat="39.1687" lon="21.8857">
				<ele>925.04</ele>
				<time>2026-08-06T16:11:17.337Z</time>
			</trkpt>
			<trkpt lat="39.16884" lon="21.88569">
				<ele>921.24</ele>
				<time>2026-08-06T16:11:17.843Z</time>
			</trkpt>
			<trkpt lat="39.16902" lon="21.88575">
				<ele>921.51</ele>
				<time>2026-08-06T16:11:18.516Z</time>
			</trkpt>
			<trkpt lat="39.1692" lon="21.88575">
				<ele>924.75</ele>
				<time>2026-08-06T16:11:19.171Z</time>
			</trkpt>
			<trkpt lat="39.16953" lon="21.88565">
				<ele>933.64</ele>
				<time>2026-08-06T16:11:20.411Z</time>
			</trkpt>
			<trkpt lat="39.16986" lon="21.8855">
				<ele>941.52</ele>
				<time>2026-08-06T16:11:21.700Z</time>
			</trkpt>
			<trkpt lat="39.17018" lon="21.88533">
				<ele>945.44</ele>
				<time>2026-08-06T16:11:22.985Z</time>
			</trkpt>
			<trkpt lat="39.17028" lon="21.88531">
				<ele>943.99</ele>
				<time>2026-08-06T16:11:23.362Z</time>
			</trkpt>
			<trkpt lat="39.17042" lon="21.88536">
				<ele>943.68</ele>
				<time>2026-08-06T16:11:23.905Z</time>
			</trkpt>
			<trkpt lat="39.17068" lon="21.88559">
				<ele>943.53</ele>
				<time>2026-08-06T16:11:25.090Z</time>
			</trkpt>
			<trkpt lat="39.17072" lon="21.88569">
				<ele>944.21</ele>
				<time>2026-08-06T16:11:25.419Z</time>
			</trkpt>
			<trkpt lat="39.17073" lon="21.88579">
				<ele>944.57</ele>
				<time>2026-08-06T16:11:25.714Z</time>
			</trkpt>
			<trkpt lat="39.17072" lon="21.88587">
				<ele>946.02</ele>
				<time>2026-08-06T16:11:25.952Z</time>
			</trkpt>
			<trkpt lat="39.17068" lon="21.88592">
				<ele>947.61</ele>
				<time>2026-08-06T16:11:26.163Z</time>
			</trkpt>
			<trkpt lat="39.17059" lon="21.88596">
				<ele>948.59</ele>
				<time>2026-08-06T16:11:26.524Z</time>
			</trkpt>
			<trkpt lat="39.17037" lon="21.88588">
				<ele>947.35</ele>
				<time>2026-08-06T16:11:27.394Z</time>
			</trkpt>
			<trkpt lat="39.17031" lon="21.88588">
				<ele>947.7</ele>
				<time>2026-08-06T16:11:27.623Z</time>
			</trkpt>
			<trkpt lat="39.17015" lon="21.88593">
				<ele>948.73</ele>
				<time>2026-08-06T16:11:28.254Z</time>
			</trkpt>
			<trkpt lat="39.16952" lon="21.88647">
				<ele>947.8</ele>
				<time>2026-08-06T16:11:31.175Z</time>
			</trkpt>
			<trkpt lat="39.1693" lon="21.88682">
				<ele>955.83</ele>
				<time>2026-08-06T16:11:32.539Z</time>
			</trkpt>
			<trkpt lat="39.16909" lon="21.88711">
				<ele>954.39</ele>
				<time>2026-08-06T16:11:33.748Z</time>
			</trkpt>
			<trkpt lat="39.16905" lon="21.88719">
				<ele>953.74</ele>
				<time>2026-08-06T16:11:34.039Z</time>
			</trkpt>
			<trkpt lat="39.16906" lon="21.88728">
				<ele>953.72</ele>
				<time>2026-08-06T16:11:34.318Z</time>
			</trkpt>
			<trkpt lat="39.16911" lon="21.88735">
				<ele>954.99</ele>
				<time>2026-08-06T16:11:34.610Z</time>
			</trkpt>
			<trkpt lat="39.16939" lon="21.88753">
				<ele>964.54</ele>
				<time>2026-08-06T16:11:35.852Z</time>
			</trkpt>
			<trkpt lat="39.16952" lon="21.88765">
				<ele>967.36</ele>
				<time>2026-08-06T16:11:36.489Z</time>
			</trkpt>
			<trkpt lat="39.16986" lon="21.88832">
				<ele>969.94</ele>
				<time>2026-08-06T16:11:38.983Z</time>
			</trkpt>
			<trkpt lat="39.1699" lon="21.88836">
				<ele>970.82</ele>
				<time>2026-08-06T16:11:39.188Z</time>
			</trkpt>
			<trkpt lat="39.17001" lon="21.88839">
				<ele>974.94</ele>
				<time>2026-08-06T16:11:39.643Z</time>
			</trkpt>
			<trkpt lat="39.17033" lon="21.88838">
				<ele>982.59</ele>
				<time>2026-08-06T16:11:40.944Z</time>
			</trkpt>
			<trkpt lat="39.1704" lon="21.88839">
				<ele>983.48</ele>
				<time>2026-08-06T16:11:41.231Z</time>
			</trkpt>
			<trkpt lat="39.17046" lon="21.88843">
				<ele>983.72</ele>
				<time>2026-08-06T16:11:41.507Z</time>
			</trkpt>
			<trkpt lat="39.1705" lon="21.8885">
				<ele>982.61</ele>
				<time>2026-08-06T16:11:41.783Z</time>
			</trkpt>
			<trkpt lat="39.17051" lon="21.8886">
				<ele>980.19</ele>
				<time>2026-08-06T16:11:42.103Z</time>
			</trkpt>
			<trkpt lat="39.17042" lon="21.88905">
				<ele>976.76</ele>
				<time>2026-08-06T16:11:43.585Z</time>
			</trkpt>
			<trkpt lat="39.17042" lon="21.88917">
				<ele>976.6</ele>
				<time>2026-08-06T16:11:43.969Z</time>
			</trkpt>
			<trkpt lat="39.17047" lon="21.88934">
				<ele>979.02</ele>
				<time>2026-08-06T16:11:44.552Z</time>
			</trkpt>
			<trkpt lat="39.17054" lon="21.88944">
				<ele>982.23</ele>
				<time>2026-08-06T16:11:44.985Z</time>
			</trkpt>
			<trkpt lat="39.1707" lon="21.88957">
				<ele>988.99</ele>
				<time>2026-08-06T16:11:45.771Z</time>
			</trkpt>
			<trkpt lat="39.17076" lon="21.88964">
				<ele>990.51</ele>
				<time>2026-08-06T16:11:46.108Z</time>
			</trkpt>
			<trkpt lat="39.17091" lon="21.88995">
				<ele>988.89</ele>
				<time>2026-08-06T16:11:47.293Z</time>
			</trkpt>
			<trkpt lat="39.17099" lon="21.89005">
				<ele>989.49</ele>
				<time>2026-08-06T16:11:47.760Z</time>
			</trkpt>
			<trkpt lat="39.17135" lon="21.89034">
				<ele>995.65</ele>
				<time>2026-08-06T16:11:49.549Z</time>
			</trkpt>
			<trkpt lat="39.17149" lon="21.8904">
				<ele>997.75</ele>
				<time>2026-08-06T16:11:50.174Z</time>
			</trkpt>
			<trkpt lat="39.17173" lon="21.89042">
				<ele>1001.82</ele>
				<time>2026-08-06T16:11:51.196Z</time>
			</trkpt>
			<trkpt lat="39.17203" lon="21.8904">
				<ele>1007.89</ele>
				<time>2026-08-06T16:11:52.479Z</time>
			</trkpt>
			<trkpt lat="39.1721" lon="21.89043">
				<ele>1009.34</ele>
				<time>2026-08-06T16:11:52.795Z</time>
			</trkpt>
			<trkpt lat="39.17215" lon="21.89049">
				<ele>1010.04</ele>
				<time>2026-08-06T16:11:53.087Z</time>
			</trkpt>
			<trkpt lat="39.17218" lon="21.8906">
				<ele>1010.55</ele>
				<time>2026-08-06T16:11:53.476Z</time>
			</trkpt>
			<trkpt lat="39.17218" lon="21.89071">
				<ele>1010.42</ele>
				<time>2026-08-06T16:11:53.842Z</time>
			</trkpt>
			<trkpt lat="39.17213" lon="21.89083">
				<ele>1007.4</ele>
				<time>2026-08-06T16:11:54.297Z</time>
			</trkpt>
			<trkpt lat="39.1716" lon="21.89154">
				<ele>1007.86</ele>
				<time>2026-08-06T16:11:57.613Z</time>
			</trkpt>
			<trkpt lat="39.17154" lon="21.8917">
				<ele>1010.29</ele>
				<time>2026-08-06T16:11:58.216Z</time>
			</trkpt>
			<trkpt lat="39.17153" lon="21.89187">
				<ele>1014.11</ele>
				<time>2026-08-06T16:11:58.795Z</time>
			</trkpt>
			<trkpt lat="39.17154" lon="21.89233">
				<ele>1021.9</ele>
				<time>2026-08-06T16:12:00.364Z</time>
			</trkpt>
			<trkpt lat="39.17153" lon="21.89242">
				<ele>1022.72</ele>
				<time>2026-08-06T16:12:00.676Z</time>
			</trkpt>
			<trkpt lat="39.17148" lon="21.89248">
				<ele>1022.34</ele>
				<time>2026-08-06T16:12:00.977Z</time>
			</trkpt>
			<trkpt lat="39.17142" lon="21.89252">
				<ele>1021.88</ele>
				<time>2026-08-06T16:12:01.276Z</time>
			</trkpt>
			<trkpt lat="39.1713" lon="21.89254">
				<ele>1021.34</ele>
				<time>2026-08-06T16:12:01.812Z</time>
			</trkpt>
			<trkpt lat="39.17121" lon="21.89253">
				<ele>1020.68</ele>
				<time>2026-08-06T16:12:02.213Z</time>
			</trkpt>
			<trkpt lat="39.17093" lon="21.89243">
				<ele>1012.46</ele>
				<time>2026-08-06T16:12:03.507Z</time>
			</trkpt>
			<trkpt lat="39.17087" lon="21.89244">
				<ele>1011.39</ele>
				<time>2026-08-06T16:12:03.777Z</time>
			</trkpt>
			<trkpt lat="39.17082" lon="21.8925">
				<ele>1011.9</ele>
				<time>2026-08-06T16:12:04.082Z</time>
			</trkpt>
			<trkpt lat="39.17062" lon="21.89306">
				<ele>1021.12</ele>
				<time>2026-08-06T16:12:06.228Z</time>
			</trkpt>
			<trkpt lat="39.17057" lon="21.89332">
				<ele>1025.59</ele>
				<time>2026-08-06T16:12:07.165Z</time>
			</trkpt>
			<trkpt lat="39.17048" lon="21.89399">
				<ele>1033.6</ele>
				<time>2026-08-06T16:12:09.558Z</time>
			</trkpt>
			<trkpt lat="39.17048" lon="21.89427">
				<ele>1032.58</ele>
				<time>2026-08-06T16:12:10.549Z</time>
			</trkpt>
			<trkpt lat="39.17052" lon="21.89446">
				<ele>1032.98</ele>
				<time>2026-08-06T16:12:11.248Z</time>
			</trkpt>
			<trkpt lat="39.17065" lon="21.89481">
				<ele>1035.92</ele>
				<time>2026-08-06T16:12:12.630Z</time>
			</trkpt>
			<trkpt lat="39.17083" lon="21.89509">
				<ele>1039</ele>
				<time>2026-08-06T16:12:13.932Z</time>
			</trkpt>
			<trkpt lat="39.17106" lon="21.89531">
				<ele>1042.56</ele>
				<time>2026-08-06T16:12:15.259Z</time>
			</trkpt>
			<trkpt lat="39.17108" lon="21.89541">
				<ele>1044.91</ele>
				<time>2026-08-06T16:12:15.631Z</time>
			</trkpt>
			<trkpt lat="39.17106" lon="21.89551">
				<ele>1046.04</ele>
				<time>2026-08-06T16:12:16.003Z</time>
			</trkpt>
			<trkpt lat="39.17103" lon="21.89555">
				<ele>1046.11</ele>
				<time>2026-08-06T16:12:16.204Z</time>
			</trkpt>
			<trkpt lat="39.17082" lon="21.89574">
				<ele>1045.66</ele>
				<time>2026-08-06T16:12:17.401Z</time>
			</trkpt>
			<trkpt lat="39.17057" lon="21.89613">
				<ele>1046.38</ele>
				<time>2026-08-06T16:12:19.241Z</time>
			</trkpt>
			<trkpt lat="39.17039" lon="21.89649">
				<ele>1043.91</ele>
				<time>2026-08-06T16:12:20.807Z</time>
			</trkpt>
			<trkpt lat="39.17026" lon="21.8968">
				<ele>1041.49</ele>
				<time>2026-08-06T16:12:22.101Z</time>
			</trkpt>
			<trkpt lat="39.17022" lon="21.89686">
				<ele>1040.84</ele>
				<time>2026-08-06T16:12:22.392Z</time>
			</trkpt>
			<trkpt lat="39.17014" lon="21.89691">
				<ele>1039.97</ele>
				<time>2026-08-06T16:12:22.815Z</time>
			</trkpt>
			<trkpt lat="39.17005" lon="21.89691">
				<ele>1039.68</ele>
				<time>2026-08-06T16:12:23.243Z</time>
			</trkpt>
			<trkpt lat="39.16974" lon="21.89686">
				<ele>1044.76</ele>
				<time>2026-08-06T16:12:24.734Z</time>
			</trkpt>
			<trkpt lat="39.16966" lon="21.89687">
				<ele>1045.62</ele>
				<time>2026-08-06T16:12:25.118Z</time>
			</trkpt>
			<trkpt lat="39.16958" lon="21.8969">
				<ele>1044.89</ele>
				<time>2026-08-06T16:12:25.517Z</time>
			</trkpt>
			<trkpt lat="39.16898" lon="21.89733">
				<ele>1036.57</ele>
				<time>2026-08-06T16:12:28.824Z</time>
			</trkpt>
			<trkpt lat="39.16883" lon="21.89741">
				<ele>1035.68</ele>
				<time>2026-08-06T16:12:29.610Z</time>
			</trkpt>
			<trkpt lat="39.16868" lon="21.89747">
				<ele>1032.05</ele>
				<time>2026-08-06T16:12:30.373Z</time>
			</trkpt>
			<trkpt lat="39.16859" lon="21.89756">
				<ele>1026.42</ele>
				<time>2026-08-06T16:12:30.927Z</time>
			</trkpt>
			<trkpt lat="39.16858" lon="21.89763">
				<ele>1022.69</ele>
				<time>2026-08-06T16:12:31.196Z</time>
			</trkpt>
			<trkpt lat="39.1686" lon="21.89769">
				<ele>1020.25</ele>
				<time>2026-08-06T16:12:31.443Z</time>
			</trkpt>
			<trkpt lat="39.16864" lon="21.89774">
				<ele>1019.27</ele>
				<time>2026-08-06T16:12:31.714Z</time>
			</trkpt>
			<trkpt lat="39.16869" lon="21.89776">
				<ele>1019.81</ele>
				<time>2026-08-06T16:12:31.970Z</time>
			</trkpt>
			<trkpt lat="39.16878" lon="21.89774">
				<ele>1022.71</ele>
				<time>2026-08-06T16:12:32.416Z</time>
			</trkpt>
			<trkpt lat="39.16942" lon="21.89748">
				<ele>1018.39</ele>
				<time>2026-08-06T16:12:35.712Z</time>
			</trkpt>
			<trkpt lat="39.16955" lon="21.89746">
				<ele>1017.71</ele>
				<time>2026-08-06T16:12:36.359Z</time>
			</trkpt>
			<trkpt lat="39.16962" lon="21.89748">
				<ele>1016.42</ele>
				<time>2026-08-06T16:12:36.714Z</time>
			</trkpt>
			<trkpt lat="39.16971" lon="21.89752">
				<ele>1014.09</ele>
				<time>2026-08-06T16:12:37.185Z</time>
			</trkpt>
			<trkpt lat="39.17001" lon="21.89785">
				<ele>1007.32</ele>
				<time>2026-08-06T16:12:39.143Z</time>
			</trkpt>
			<trkpt lat="39.17006" lon="21.89789">
				<ele>1006.46</ele>
				<time>2026-08-06T16:12:39.437Z</time>
			</trkpt>
			<trkpt lat="39.17015" lon="21.89791">
				<ele>1006.01</ele>
				<time>2026-08-06T16:12:39.892Z</time>
			</trkpt>
			<trkpt lat="39.1705" lon="21.89794">
				<ele>1002.69</ele>
				<time>2026-08-06T16:12:41.647Z</time>
			</trkpt>
			<trkpt lat="39.17103" lon="21.89794">
				<ele>998.5</ele>
				<time>2026-08-06T16:12:44.313Z</time>
			</trkpt>
			<trkpt lat="39.17113" lon="21.89797">
				<ele>998.13</ele>
				<time>2026-08-06T16:12:44.832Z</time>
			</trkpt>
			<trkpt lat="39.17133" lon="21.89815">
				<ele>998.86</ele>
				<time>2026-08-06T16:12:46.066Z</time>
			</trkpt>
			<trkpt lat="39.17135" lon="21.89823">
				<ele>997.41</ele>
				<time>2026-08-06T16:12:46.397Z</time>
			</trkpt>
			<trkpt lat="39.17136" lon="21.89829">
				<ele>995.51</ele>
				<time>2026-08-06T16:12:46.639Z</time>
			</trkpt>
			<trkpt lat="39.17134" lon="21.89838">
				<ele>994.19</ele>
				<time>2026-08-06T16:12:47.007Z</time>
			</trkpt>
			<trkpt lat="39.17118" lon="21.89881">
				<ele>986.88</ele>
				<time>2026-08-06T16:12:48.891Z</time>
			</trkpt>
			<trkpt lat="39.17115" lon="21.89929">
				<ele>982.41</ele>
				<time>2026-08-06T16:12:50.802Z</time>
			</trkpt>
			<trkpt lat="39.17115" lon="21.89958">
				<ele>981.66</ele>
				<time>2026-08-06T16:12:51.958Z</time>
			</trkpt>
			<trkpt lat="39.17126" lon="21.90013">
				<ele>981.44</ele>
				<time>2026-08-06T16:12:54.230Z</time>
			</trkpt>
			<trkpt lat="39.17128" lon="21.90029">
				<ele>979.35</ele>
				<time>2026-08-06T16:12:54.880Z</time>
			</trkpt>
			<trkpt lat="39.17128" lon="21.90045">
				<ele>977.33</ele>
				<time>2026-08-06T16:12:55.524Z</time>
			</trkpt>
			<trkpt lat="39.17125" lon="21.90062">
				<ele>974.78</ele>
				<time>2026-08-06T16:12:56.226Z</time>
			</trkpt>
			<trkpt lat="39.17115" lon="21.90099">
				<ele>967.68</ele>
				<time>2026-08-06T16:12:57.808Z</time>
			</trkpt>
			<trkpt lat="39.17114" lon="21.90109">
				<ele>966.28</ele>
				<time>2026-08-06T16:12:58.216Z</time>
			</trkpt>
			<trkpt lat="39.17116" lon="21.90128">
				<ele>964.6</ele>
				<time>2026-08-06T16:12:58.993Z</time>
			</trkpt>
			<trkpt lat="39.17123" lon="21.90161">
				<ele>965.61</ele>
				<time>2026-08-06T16:13:00.383Z</time>
			</trkpt>
			<trkpt lat="39.17139" lon="21.90205">
				<ele>965.91</ele>
				<time>2026-08-06T16:13:02.365Z</time>
			</trkpt>
			<trkpt lat="39.17145" lon="21.90252">
				<ele>959.61</ele>
				<time>2026-08-06T16:13:04.317Z</time>
			</trkpt>
			<trkpt lat="39.1715" lon="21.9026">
				<ele>957.72</ele>
				<time>2026-08-06T16:13:04.739Z</time>
			</trkpt>
			<trkpt lat="39.17156" lon="21.90264">
				<ele>955.89</ele>
				<time>2026-08-06T16:13:05.097Z</time>
			</trkpt>
			<trkpt lat="39.17166" lon="21.90265">
				<ele>954.16</ele>
				<time>2026-08-06T16:13:05.629Z</time>
			</trkpt>
			<trkpt lat="39.17176" lon="21.90261">
				<ele>952.64</ele>
				<time>2026-08-06T16:13:06.186Z</time>
			</trkpt>
			<trkpt lat="39.17181" lon="21.90256">
				<ele>953.04</ele>
				<time>2026-08-06T16:13:06.522Z</time>
			</trkpt>
			<trkpt lat="39.17184" lon="21.9025">
				<ele>954.2</ele>
				<time>2026-08-06T16:13:06.817Z</time>
			</trkpt>
			<trkpt lat="39.17191" lon="21.90224">
				<ele>962.59</ele>
				<time>2026-08-06T16:13:07.955Z</time>
			</trkpt>
			<trkpt lat="39.17217" lon="21.90188">
				<ele>962.01</ele>
				<time>2026-08-06T16:13:09.996Z</time>
			</trkpt>
			<trkpt lat="39.17242" lon="21.90145">
				<ele>958.32</ele>
				<time>2026-08-06T16:13:12.235Z</time>
			</trkpt>
			<trkpt lat="39.17248" lon="21.90138">
				<ele>956.34</ele>
				<time>2026-08-06T16:13:12.672Z</time>
			</trkpt>
			<trkpt lat="39.17254" lon="21.90135">
				<ele>955.85</ele>
				<time>2026-08-06T16:13:13.019Z</time>
			</trkpt>
			<trkpt lat="39.17267" lon="21.90136">
				<ele>953.06</ele>
				<time>2026-08-06T16:13:13.722Z</time>
			</trkpt>
			<trkpt lat="39.17354" lon="21.90171">
				<ele>938.37</ele>
				<time>2026-08-06T16:13:18.674Z</time>
			</trkpt>
			<trkpt lat="39.17366" lon="21.90173">
				<ele>934.72</ele>
				<time>2026-08-06T16:13:19.335Z</time>
			</trkpt>
			<trkpt lat="39.17376" lon="21.90172">
				<ele>930.92</ele>
				<time>2026-08-06T16:13:19.883Z</time>
			</trkpt>
			<trkpt lat="39.17392" lon="21.90164">
				<ele>927.9</ele>
				<time>2026-08-06T16:13:20.824Z</time>
			</trkpt>
			<trkpt lat="39.17414" lon="21.90134">
				<ele>936.06</ele>
				<time>2026-08-06T16:13:22.583Z</time>
			</trkpt>
			<trkpt lat="39.1743" lon="21.90122">
				<ele>937.29</ele>
				<time>2026-08-06T16:13:23.603Z</time>
			</trkpt>
			<trkpt lat="39.17463" lon="21.90109">
				<ele>936.82</ele>
				<time>2026-08-06T16:13:25.509Z</time>
			</trkpt>
			<trkpt lat="39.17472" lon="21.9011">
				<ele>936.12</ele>
				<time>2026-08-06T16:13:26.010Z</time>
			</trkpt>
			<trkpt lat="39.17475" lon="21.90115">
				<ele>936.12</ele>
				<time>2026-08-06T16:13:26.281Z</time>
			</trkpt>
			<trkpt lat="39.17478" lon="21.90122">
				<ele>935.52</ele>
				<time>2026-08-06T16:13:26.625Z</time>
			</trkpt>
			<trkpt lat="39.1748" lon="21.90252">
				<ele>914.82</ele>
				<time>2026-08-06T16:13:32.248Z</time>
			</trkpt>
			<trkpt lat="39.17482" lon="21.90263">
				<ele>913.87</ele>
				<time>2026-08-06T16:13:32.739Z</time>
			</trkpt>
			<trkpt lat="39.17525" lon="21.90372">
				<ele>909.9</ele>
				<time>2026-08-06T16:13:38.088Z</time>
			</trkpt>
			<trkpt lat="39.17526" lon="21.90387">
				<ele>909.55</ele>
				<time>2026-08-06T16:13:38.750Z</time>
			</trkpt>
			<trkpt lat="39.17522" lon="21.90423">
				<ele>906.19</ele>
				<time>2026-08-06T16:13:40.353Z</time>
			</trkpt>
			<trkpt lat="39.17522" lon="21.90433">
				<ele>905.31</ele>
				<time>2026-08-06T16:13:40.794Z</time>
			</trkpt>
			<trkpt lat="39.17524" lon="21.90443">
				<ele>905.28</ele>
				<time>2026-08-06T16:13:41.251Z</time>
			</trkpt>
			<trkpt lat="39.17537" lon="21.9048">
				<ele>903.03</ele>
				<time>2026-08-06T16:13:43.049Z</time>
			</trkpt>
			<trkpt lat="39.17539" lon="21.90495">
				<ele>901.34</ele>
				<time>2026-08-06T16:13:43.724Z</time>
			</trkpt>
			<trkpt lat="39.17538" lon="21.90509">
				<ele>898.83</ele>
				<time>2026-08-06T16:13:44.349Z</time>
			</trkpt>
			<trkpt lat="39.17517" lon="21.90557">
				<ele>890.7</ele>
				<time>2026-08-06T16:13:46.804Z</time>
			</trkpt>
			<trkpt lat="39.17513" lon="21.90575">
				<ele>889.11</ele>
				<time>2026-08-06T16:13:47.640Z</time>
			</trkpt>
			<trkpt lat="39.17512" lon="21.90595">
				<ele>887.65</ele>
				<time>2026-08-06T16:13:48.537Z</time>
			</trkpt>
			<trkpt lat="39.17514" lon="21.90624">
				<ele>885.48</ele>
				<time>2026-08-06T16:13:49.841Z</time>
			</trkpt>
			<trkpt lat="39.17521" lon="21.90649">
				<ele>883.43</ele>
				<time>2026-08-06T16:13:51.035Z</time>
			</trkpt>
			<trkpt lat="39.17548" lon="21.90717">
				<ele>879.8</ele>
				<time>2026-08-06T16:13:54.480Z</time>
			</trkpt>
			<trkpt lat="39.17552" lon="21.90739">
				<ele>880.26</ele>
				<time>2026-08-06T16:13:55.503Z</time>
			</trkpt>
			<trkpt lat="39.1755" lon="21.90766">
				<ele>876.66</ele>
				<time>2026-08-06T16:13:56.733Z</time>
			</trkpt>
			<trkpt lat="39.17537" lon="21.90815">
				<ele>867.54</ele>
				<time>2026-08-06T16:13:59.088Z</time>
			</trkpt>
			<trkpt lat="39.17534" lon="21.90837">
				<ele>869.12</ele>
				<time>2026-08-06T16:14:00.107Z</time>
			</trkpt>
			<trkpt lat="39.17537" lon="21.90885">
				<ele>872.89</ele>
				<time>2026-08-06T16:14:02.308Z</time>
			</trkpt>
			<trkpt lat="39.17535" lon="21.90907">
				<ele>871.75</ele>
				<time>2026-08-06T16:14:03.324Z</time>
			</trkpt>
			<trkpt lat="39.17531" lon="21.90935">
				<ele>870.33</ele>
				<time>2026-08-06T16:14:04.631Z</time>
			</trkpt>
			<trkpt lat="39.17517" lon="21.90975">
				<ele>869.15</ele>
				<time>2026-08-06T16:14:06.652Z</time>
			</trkpt>
			<trkpt lat="39.17503" lon="21.91003">
				<ele>866.04</ele>
				<time>2026-08-06T16:14:08.190Z</time>
			</trkpt>
			<trkpt lat="39.1747" lon="21.91045">
				<ele>850.32</ele>
				<time>2026-08-06T16:14:10.960Z</time>
			</trkpt>
			<trkpt lat="39.1746" lon="21.91061">
				<ele>845.26</ele>
				<time>2026-08-06T16:14:11.915Z</time>
			</trkpt>
			<trkpt lat="39.17458" lon="21.91079">
				<ele>844.74</ele>
				<time>2026-08-06T16:14:12.761Z</time>
			</trkpt>
			<trkpt lat="39.17463" lon="21.91162">
				<ele>847.89</ele>
				<time>2026-08-06T16:14:16.648Z</time>
			</trkpt>
			<trkpt lat="39.17461" lon="21.91206">
				<ele>844.01</ele>
				<time>2026-08-06T16:14:18.715Z</time>
			</trkpt>
			<trkpt lat="39.17455" lon="21.91239">
				<ele>838.7</ele>
				<time>2026-08-06T16:14:20.308Z</time>
			</trkpt>
			<trkpt lat="39.17443" lon="21.91272">
				<ele>834.55</ele>
				<time>2026-08-06T16:14:22.026Z</time>
			</trkpt>
			<trkpt lat="39.17438" lon="21.91296">
				<ele>832.85</ele>
				<time>2026-08-06T16:14:23.200Z</time>
			</trkpt>
			<trkpt lat="39.17438" lon="21.91306">
				<ele>833.17</ele>
				<time>2026-08-06T16:14:23.673Z</time>
			</trkpt>
			<trkpt lat="39.17441" lon="21.91314">
				<ele>832.59</ele>
				<time>2026-08-06T16:14:24.093Z</time>
			</trkpt>
			<trkpt lat="39.1745" lon="21.91325">
				<ele>831.35</ele>
				<time>2026-08-06T16:14:24.851Z</time>
			</trkpt>
			<trkpt lat="39.17476" lon="21.9134">
				<ele>826.3</ele>
				<time>2026-08-06T16:14:26.594Z</time>
			</trkpt>
			<trkpt lat="39.17496" lon="21.91346">
				<ele>825.84</ele>
				<time>2026-08-06T16:14:27.853Z</time>
			</trkpt>
			<trkpt lat="39.17509" lon="21.91346">
				<ele>822.59</ele>
				<time>2026-08-06T16:14:28.651Z</time>
			</trkpt>
			<trkpt lat="39.17519" lon="21.91337">
				<ele>823.08</ele>
				<time>2026-08-06T16:14:29.401Z</time>
			</trkpt>
			<trkpt lat="39.17525" lon="21.91324">
				<ele>825.88</ele>
				<time>2026-08-06T16:14:30.123Z</time>
			</trkpt>
			<trkpt lat="39.1753" lon="21.91306">
				<ele>829.64</ele>
				<time>2026-08-06T16:14:31.036Z</time>
			</trkpt>
			<trkpt lat="39.1754" lon="21.91283">
				<ele>826.59</ele>
				<time>2026-08-06T16:14:32.297Z</time>
			</trkpt>
			<trkpt lat="39.17551" lon="21.91267">
				<ele>825.29</ele>
				<time>2026-08-06T16:14:33.322Z</time>
			</trkpt>
			<trkpt lat="39.17564" lon="21.91258">
				<ele>824.57</ele>
				<time>2026-08-06T16:14:34.235Z</time>
			</trkpt>
			<trkpt lat="39.1758" lon="21.91257">
				<ele>821.67</ele>
				<time>2026-08-06T16:14:35.228Z</time>
			</trkpt>
			<trkpt lat="39.17595" lon="21.91259">
				<ele>820</ele>
				<time>2026-08-06T16:14:36.163Z</time>
			</trkpt>
			<trkpt lat="39.17622" lon="21.91268">
				<ele>813.94</ele>
				<time>2026-08-06T16:14:37.897Z</time>
			</trkpt>
			<trkpt lat="39.17632" lon="21.91268">
				<ele>811.85</ele>
				<time>2026-08-06T16:14:38.519Z</time>
			</trkpt>
			<trkpt lat="39.1764" lon="21.91265">
				<ele>811.15</ele>
				<time>2026-08-06T16:14:39.038Z</time>
			</trkpt>
			<trkpt lat="39.177" lon="21.91235">
				<ele>804.46</ele>
				<time>2026-08-06T16:14:43.059Z</time>
			</trkpt>
			<trkpt lat="39.17721" lon="21.91201">
				<ele>811.16</ele>
				<time>2026-08-06T16:14:45.174Z</time>
			</trkpt>
			<trkpt lat="39.1773" lon="21.91195">
				<ele>809.1</ele>
				<time>2026-08-06T16:14:45.810Z</time>
			</trkpt>
			<trkpt lat="39.17759" lon="21.91186">
				<ele>802.14</ele>
				<time>2026-08-06T16:14:47.688Z</time>
			</trkpt>
			<trkpt lat="39.17777" lon="21.91183">
				<ele>798.18</ele>
				<time>2026-08-06T16:14:48.833Z</time>
			</trkpt>
			<trkpt lat="39.178" lon="21.91177">
				<ele>794.87</ele>
				<time>2026-08-06T16:14:50.315Z</time>
			</trkpt>
			<trkpt lat="39.17812" lon="21.91167">
				<ele>795.55</ele>
				<time>2026-08-06T16:14:51.219Z</time>
			</trkpt>
			<trkpt lat="39.17836" lon="21.91133">
				<ele>799.54</ele>
				<time>2026-08-06T16:14:53.479Z</time>
			</trkpt>
			<trkpt lat="39.17845" lon="21.91124">
				<ele>798.67</ele>
				<time>2026-08-06T16:14:54.202Z</time>
			</trkpt>
			<trkpt lat="39.1789" lon="21.91112">
				<ele>789.94</ele>
				<time>2026-08-06T16:14:57.127Z</time>
			</trkpt>
			<trkpt lat="39.17979" lon="21.91104">
				<ele>786.61</ele>
				<time>2026-08-06T16:15:02.837Z</time>
			</trkpt>
			<trkpt lat="39.1801" lon="21.91088">
				<ele>787.72</ele>
				<time>2026-08-06T16:15:04.983Z</time>
			</trkpt>
			<trkpt lat="39.18032" lon="21.9108">
				<ele>786.01</ele>
				<time>2026-08-06T16:15:06.456Z</time>
			</trkpt>
			<trkpt lat="39.18078" lon="21.91071">
				<ele>784.47</ele>
				<time>2026-08-06T16:15:09.462Z</time>
			</trkpt>
			<trkpt lat="39.18105" lon="21.91074">
				<ele>789.65</ele>
				<time>2026-08-06T16:15:11.217Z</time>
			</trkpt>
			<trkpt lat="39.18152" lon="21.91114">
				<ele>802.45</ele>
				<time>2026-08-06T16:15:14.876Z</time>
			</trkpt>
			<trkpt lat="39.18163" lon="21.91121">
				<ele>800.67</ele>
				<time>2026-08-06T16:15:15.675Z</time>
			</trkpt>
			<trkpt lat="39.18176" lon="21.91124">
				<ele>801.4</ele>
				<time>2026-08-06T16:15:16.536Z</time>
			</trkpt>
			<trkpt lat="39.18186" lon="21.91122">
				<ele>800.78</ele>
				<time>2026-08-06T16:15:17.196Z</time>
			</trkpt>
			<trkpt lat="39.18206" lon="21.91107">
				<ele>796.77</ele>
				<time>2026-08-06T16:15:18.708Z</time>
			</trkpt>
			<trkpt lat="39.18217" lon="21.9109">
				<ele>793.94</ele>
				<time>2026-08-06T16:15:19.831Z</time>
			</trkpt>
			<trkpt lat="39.18226" lon="21.9107">
				<ele>790.77</ele>
				<time>2026-08-06T16:15:21.005Z</time>
			</trkpt>
			<trkpt lat="39.1824" lon="21.91023">
				<ele>780.25</ele>
				<time>2026-08-06T16:15:23.567Z</time>
			</trkpt>
			<trkpt lat="39.18249" lon="21.91009">
				<ele>780.17</ele>
				<time>2026-08-06T16:15:24.494Z</time>
			</trkpt>
			<trkpt lat="39.183" lon="21.90942">
				<ele>777.46</ele>
				<time>2026-08-06T16:15:29.297Z</time>
			</trkpt>
			<trkpt lat="39.18332" lon="21.90908">
				<ele>779.99</ele>
				<time>2026-08-06T16:15:32.043Z</time>
			</trkpt>
			<trkpt lat="39.18352" lon="21.9089">
				<ele>782.15</ele>
				<time>2026-08-06T16:15:33.662Z</time>
			</trkpt>
			<trkpt lat="39.18366" lon="21.90873">
				<ele>780.9</ele>
				<time>2026-08-06T16:15:34.940Z</time>
			</trkpt>
			<trkpt lat="39.18375" lon="21.90859">
				<ele>778.24</ele>
				<time>2026-08-06T16:15:35.878Z</time>
			</trkpt>
			<trkpt lat="39.18385" lon="21.90829">
				<ele>770.19</ele>
				<time>2026-08-06T16:15:37.565Z</time>
			</trkpt>
			<trkpt lat="39.18395" lon="21.9081">
				<ele>765.15</ele>
				<time>2026-08-06T16:15:38.754Z</time>
			</trkpt>
			<trkpt lat="39.18406" lon="21.90799">
				<ele>764.97</ele>
				<time>2026-08-06T16:15:39.684Z</time>
			</trkpt>
			<trkpt lat="39.18421" lon="21.90792">
				<ele>767.73</ele>
				<time>2026-08-06T16:15:40.751Z</time>
			</trkpt>
			<trkpt lat="39.18509" lon="21.90779">
				<ele>772.94</ele>
				<time>2026-08-06T16:15:46.697Z</time>
			</trkpt>
			<trkpt lat="39.18521" lon="21.90774">
				<ele>769.6</ele>
				<time>2026-08-06T16:15:47.546Z</time>
			</trkpt>
			<trkpt lat="39.1856" lon="21.90744">
				<ele>762.35</ele>
				<time>2026-08-06T16:15:50.610Z</time>
			</trkpt>
			<trkpt lat="39.18574" lon="21.90737">
				<ele>759.11</ele>
				<time>2026-08-06T16:15:51.625Z</time>
			</trkpt>
			<trkpt lat="39.18627" lon="21.90729">
				<ele>754.2</ele>
				<time>2026-08-06T16:15:55.241Z</time>
			</trkpt>
			<trkpt lat="39.18644" lon="21.90724">
				<ele>750.55</ele>
				<time>2026-08-06T16:15:56.425Z</time>
			</trkpt>
			<trkpt lat="39.18668" lon="21.9071">
				<ele>751.65</ele>
				<time>2026-08-06T16:15:58.217Z</time>
			</trkpt>
			<trkpt lat="39.18687" lon="21.90704">
				<ele>754.5</ele>
				<time>2026-08-06T16:15:59.549Z</time>
			</trkpt>
			<trkpt lat="39.18695" lon="21.90708">
				<ele>755.71</ele>
				<time>2026-08-06T16:16:00.134Z</time>
			</trkpt>
			<trkpt lat="39.18701" lon="21.90718">
				<ele>754.11</ele>
				<time>2026-08-06T16:16:00.802Z</time>
			</trkpt>
			<trkpt lat="39.18703" lon="21.90735">
				<ele>751.58</ele>
				<time>2026-08-06T16:16:01.712Z</time>
			</trkpt>
			<trkpt lat="39.18702" lon="21.90779">
				<ele>737.94</ele>
				<time>2026-08-06T16:16:04.045Z</time>
			</trkpt>
			<trkpt lat="39.18709" lon="21.90835">
				<ele>742.11</ele>
				<time>2026-08-06T16:16:07.057Z</time>
			</trkpt>
			<trkpt lat="39.18708" lon="21.90847">
				<ele>741.89</ele>
				<time>2026-08-06T16:16:07.700Z</time>
			</trkpt>
			<trkpt lat="39.18702" lon="21.90858">
				<ele>742.43</ele>
				<time>2026-08-06T16:16:08.416Z</time>
			</trkpt>
			<trkpt lat="39.18691" lon="21.90862">
				<ele>743.61</ele>
				<time>2026-08-06T16:16:09.201Z</time>
			</trkpt>
			<trkpt lat="39.18656" lon="21.90864">
				<ele>752.94</ele>
				<time>2026-08-06T16:16:11.612Z</time>
			</trkpt>
			<trkpt lat="39.1864" lon="21.90868">
				<ele>755.92</ele>
				<time>2026-08-06T16:16:12.736Z</time>
			</trkpt>
			<trkpt lat="39.18628" lon="21.90874">
				<ele>759.02</ele>
				<time>2026-08-06T16:16:13.624Z</time>
			</trkpt>
			<trkpt lat="39.18611" lon="21.90893">
				<ele>759.73</ele>
				<time>2026-08-06T16:16:15.177Z</time>
			</trkpt>
			<trkpt lat="39.18596" lon="21.90916">
				<ele>762.2</ele>
				<time>2026-08-06T16:16:16.789Z</time>
			</trkpt>
			<trkpt lat="39.18586" lon="21.9094">
				<ele>759.02</ele>
				<time>2026-08-06T16:16:18.252Z</time>
			</trkpt>
			<trkpt lat="39.18583" lon="21.90954">
				<ele>754.69</ele>
				<time>2026-08-06T16:16:19.032Z</time>
			</trkpt>
			<trkpt lat="39.18586" lon="21.90976">
				<ele>745.93</ele>
				<time>2026-08-06T16:16:20.233Z</time>
			</trkpt>
			<trkpt lat="39.18594" lon="21.90996">
				<ele>739.69</ele>
				<time>2026-08-06T16:16:21.445Z</time>
			</trkpt>
			<trkpt lat="39.18598" lon="21.91015">
				<ele>735.39</ele>
				<time>2026-08-06T16:16:22.506Z</time>
			</trkpt>
			<trkpt lat="39.18597" lon="21.91026">
				<ele>733.57</ele>
				<time>2026-08-06T16:16:23.103Z</time>
			</trkpt>
			<trkpt lat="39.18591" lon="21.91044">
				<ele>731.25</ele>
				<time>2026-08-06T16:16:24.160Z</time>
			</trkpt>
			<trkpt lat="39.18584" lon="21.91051">
				<ele>731.49</ele>
				<time>2026-08-06T16:16:24.777Z</time>
			</trkpt>
			<trkpt lat="39.18572" lon="21.91055">
				<ele>733.73</ele>
				<time>2026-08-06T16:16:25.641Z</time>
			</trkpt>
			<trkpt lat="39.1851" lon="21.91061">
				<ele>749.7</ele>
				<time>2026-08-06T16:16:29.985Z</time>
			</trkpt>
			<trkpt lat="39.18499" lon="21.91068">
				<ele>751.61</ele>
				<time>2026-08-06T16:16:30.844Z</time>
			</trkpt>
			<trkpt lat="39.18492" lon="21.91078">
				<ele>753.74</ele>
				<time>2026-08-06T16:16:31.575Z</time>
			</trkpt>
			<trkpt lat="39.18487" lon="21.91091">
				<ele>752.96</ele>
				<time>2026-08-06T16:16:32.364Z</time>
			</trkpt>
			<trkpt lat="39.18484" lon="21.91111">
				<ele>749.76</ele>
				<time>2026-08-06T16:16:33.472Z</time>
			</trkpt>
			<trkpt lat="39.18486" lon="21.91134">
				<ele>742.7</ele>
				<time>2026-08-06T16:16:34.731Z</time>
			</trkpt>
			<trkpt lat="39.18497" lon="21.91173">
				<ele>728.36</ele>
				<time>2026-08-06T16:16:36.993Z</time>
			</trkpt>
			<trkpt lat="39.18497" lon="21.91188">
				<ele>727.38</ele>
				<time>2026-08-06T16:16:37.812Z</time>
			</trkpt>
			<trkpt lat="39.18493" lon="21.91201">
				<ele>728.76</ele>
				<time>2026-08-06T16:16:38.576Z</time>
			</trkpt>
			<trkpt lat="39.18486" lon="21.91211">
				<ele>731.53</ele>
				<time>2026-08-06T16:16:39.312Z</time>
			</trkpt>
			<trkpt lat="39.18447" lon="21.91239">
				<ele>747.15</ele>
				<time>2026-08-06T16:16:42.463Z</time>
			</trkpt>
			<trkpt lat="39.18439" lon="21.91251">
				<ele>752.69</ele>
				<time>2026-08-06T16:16:43.330Z</time>
			</trkpt>
			<trkpt lat="39.18437" lon="21.91263">
				<ele>755.33</ele>
				<time>2026-08-06T16:16:44.004Z</time>
			</trkpt>
			<trkpt lat="39.18442" lon="21.91279">
				<ele>752.26</ele>
				<time>2026-08-06T16:16:44.950Z</time>
			</trkpt>
			<trkpt lat="39.18448" lon="21.9129">
				<ele>749.11</ele>
				<time>2026-08-06T16:16:45.689Z</time>
			</trkpt>
			<trkpt lat="39.18486" lon="21.91329">
				<ele>732.7</ele>
				<time>2026-08-06T16:16:49.134Z</time>
			</trkpt>
			<trkpt lat="39.18499" lon="21.91348">
				<ele>728.46</ele>
				<time>2026-08-06T16:16:50.531Z</time>
			</trkpt>
			<trkpt lat="39.18501" lon="21.9136">
				<ele>728.18</ele>
				<time>2026-08-06T16:16:51.208Z</time>
			</trkpt>
			<trkpt lat="39.18499" lon="21.91373">
				<ele>728.75</ele>
				<time>2026-08-06T16:16:51.939Z</time>
			</trkpt>
			<trkpt lat="39.18494" lon="21.91386">
				<ele>731.94</ele>
				<time>2026-08-06T16:16:52.740Z</time>
			</trkpt>
			<trkpt lat="39.18482" lon="21.91403">
				<ele>738.54</ele>
				<time>2026-08-06T16:16:54.010Z</time>
			</trkpt>
			<trkpt lat="39.18479" lon="21.91416">
				<ele>739.35</ele>
				<time>2026-08-06T16:16:54.760Z</time>
			</trkpt>
			<trkpt lat="39.18479" lon="21.91429">
				<ele>734.96</ele>
				<time>2026-08-06T16:16:55.479Z</time>
			</trkpt>
			<trkpt lat="39.18483" lon="21.91478">
				<ele>720.36</ele>
				<time>2026-08-06T16:16:58.208Z</time>
			</trkpt>
			<trkpt lat="39.18476" lon="21.91548">
				<ele>720.98</ele>
				<time>2026-08-06T16:17:02.127Z</time>
			</trkpt>
			<trkpt lat="39.18481" lon="21.91559">
				<ele>720.45</ele>
				<time>2026-08-06T16:17:02.836Z</time>
			</trkpt>
			<trkpt lat="39.1849" lon="21.91566">
				<ele>721.39</ele>
				<time>2026-08-06T16:17:03.591Z</time>
			</trkpt>
			<trkpt lat="39.1851" lon="21.9157">
				<ele>720.4</ele>
				<time>2026-08-06T16:17:05.045Z</time>
			</trkpt>
			<trkpt lat="39.18536" lon="21.91572">
				<ele>718.05</ele>
				<time>2026-08-06T16:17:06.919Z</time>
			</trkpt>
			<trkpt lat="39.18576" lon="21.91585">
				<ele>737.58</ele>
				<time>2026-08-06T16:17:09.891Z</time>
			</trkpt>
			<trkpt lat="39.18583" lon="21.91585">
				<ele>739.09</ele>
				<time>2026-08-06T16:17:10.396Z</time>
			</trkpt>
			<trkpt lat="39.18591" lon="21.91583">
				<ele>735.72</ele>
				<time>2026-08-06T16:17:10.984Z</time>
			</trkpt>
			<trkpt lat="39.18613" lon="21.91569">
				<ele>721.23</ele>
				<time>2026-08-06T16:17:12.756Z</time>
			</trkpt>
			<trkpt lat="39.18667" lon="21.91528">
				<ele>712.66</ele>
				<time>2026-08-06T16:17:17.291Z</time>
			</trkpt>
			<trkpt lat="39.18679" lon="21.91524">
				<ele>711.15</ele>
				<time>2026-08-06T16:17:18.190Z</time>
			</trkpt>
			<trkpt lat="39.18711" lon="21.91512">
				<ele>707.49</ele>
				<time>2026-08-06T16:17:20.609Z</time>
			</trkpt>
			<trkpt lat="39.18783" lon="21.91494">
				<ele>710.02</ele>
				<time>2026-08-06T16:17:25.947Z</time>
			</trkpt>
			<trkpt lat="39.18866" lon="21.91484">
				<ele>710.21</ele>
				<time>2026-08-06T16:17:32.038Z</time>
			</trkpt>
			<trkpt lat="39.18877" lon="21.9148">
				<ele>711.64</ele>
				<time>2026-08-06T16:17:32.874Z</time>
			</trkpt>
			<trkpt lat="39.18913" lon="21.91448">
				<ele>704.26</ele>
				<time>2026-08-06T16:17:36.079Z</time>
			</trkpt>
			<trkpt lat="39.18925" lon="21.9144">
				<ele>702.22</ele>
				<time>2026-08-06T16:17:37.071Z</time>
			</trkpt>
			<trkpt lat="39.18936" lon="21.91437">
				<ele>701.77</ele>
				<time>2026-08-06T16:17:37.897Z</time>
			</trkpt>
			<trkpt lat="39.18967" lon="21.91435">
				<ele>704.74</ele>
				<time>2026-08-06T16:17:40.179Z</time>
			</trkpt>
			<trkpt lat="39.1898" lon="21.91432">
				<ele>704.78</ele>
				<time>2026-08-06T16:17:41.151Z</time>
			</trkpt>
			<trkpt lat="39.18989" lon="21.91428">
				<ele>703.65</ele>
				<time>2026-08-06T16:17:41.852Z</time>
			</trkpt>
			<trkpt lat="39.19005" lon="21.91412">
				<ele>698.1</ele>
				<time>2026-08-06T16:17:43.344Z</time>
			</trkpt>
			<trkpt lat="39.19073" lon="21.91367">
				<ele>691.53</ele>
				<time>2026-08-06T16:17:48.987Z</time>
			</trkpt>
			<trkpt lat="39.19096" lon="21.91341">
				<ele>682.01</ele>
				<time>2026-08-06T16:17:51.251Z</time>
			</trkpt>
			<trkpt lat="39.1911" lon="21.91332">
				<ele>681.73</ele>
				<time>2026-08-06T16:17:52.409Z</time>
			</trkpt>
			<trkpt lat="39.19141" lon="21.91316">
				<ele>678.32</ele>
				<time>2026-08-06T16:17:54.886Z</time>
			</trkpt>
			<trkpt lat="39.19152" lon="21.91316">
				<ele>677.14</ele>
				<time>2026-08-06T16:17:55.703Z</time>
			</trkpt>
			<trkpt lat="39.19165" lon="21.9132">
				<ele>676.99</ele>
				<time>2026-08-06T16:17:56.696Z</time>
			</trkpt>
			<trkpt lat="39.19173" lon="21.91326">
				<ele>678.44</ele>
				<time>2026-08-06T16:17:57.383Z</time>
			</trkpt>
			<trkpt lat="39.19193" lon="21.91356">
				<ele>685.33</ele>
				<time>2026-08-06T16:17:59.665Z</time>
			</trkpt>
			<trkpt lat="39.19204" lon="21.91369">
				<ele>687.89</ele>
				<time>2026-08-06T16:18:00.775Z</time>
			</trkpt>
			<trkpt lat="39.19244" lon="21.9139">
				<ele>684.71</ele>
				<time>2026-08-06T16:18:03.995Z</time>
			</trkpt>
			<trkpt lat="39.19271" lon="21.9141">
				<ele>678.19</ele>
				<time>2026-08-06T16:18:06.319Z</time>
			</trkpt>
			<trkpt lat="39.19289" lon="21.91427">
				<ele>674.56</ele>
				<time>2026-08-06T16:18:07.986Z</time>
			</trkpt>
			<trkpt lat="39.19297" lon="21.91438">
				<ele>673.94</ele>
				<time>2026-08-06T16:18:08.861Z</time>
			</trkpt>
			<trkpt lat="39.19303" lon="21.91457">
				<ele>674.14</ele>
				<time>2026-08-06T16:18:10.051Z</time>
			</trkpt>
			<trkpt lat="39.19301" lon="21.9147">
				<ele>674.17</ele>
				<time>2026-08-06T16:18:10.820Z</time>
			</trkpt>
			<trkpt lat="39.19296" lon="21.91479">
				<ele>672.59</ele>
				<time>2026-08-06T16:18:11.463Z</time>
			</trkpt>
			<trkpt lat="39.19287" lon="21.91485">
				<ele>671.41</ele>
				<time>2026-08-06T16:18:12.222Z</time>
			</trkpt>
			<trkpt lat="39.19278" lon="21.91487">
				<ele>671.1</ele>
				<time>2026-08-06T16:18:12.907Z</time>
			</trkpt>
			<trkpt lat="39.19262" lon="21.91485">
				<ele>671.92</ele>
				<time>2026-08-06T16:18:14.113Z</time>
			</trkpt>
			<trkpt lat="39.1924" lon="21.91478">
				<ele>674.33</ele>
				<time>2026-08-06T16:18:15.813Z</time>
			</trkpt>
			<trkpt lat="39.19227" lon="21.91479">
				<ele>675.03</ele>
				<time>2026-08-06T16:18:16.792Z</time>
			</trkpt>
			<trkpt lat="39.19211" lon="21.91484">
				<ele>675.44</ele>
				<time>2026-08-06T16:18:18.029Z</time>
			</trkpt>
			<trkpt lat="39.19188" lon="21.91495">
				<ele>676.08</ele>
				<time>2026-08-06T16:18:19.874Z</time>
			</trkpt>
			<trkpt lat="39.1915" lon="21.91523">
				<ele>679.24</ele>
				<time>2026-08-06T16:18:23.171Z</time>
			</trkpt>
			<trkpt lat="39.19131" lon="21.91548">
				<ele>675.35</ele>
				<time>2026-08-06T16:18:25.218Z</time>
			</trkpt>
			<trkpt lat="39.19114" lon="21.91578">
				<ele>671.03</ele>
				<time>2026-08-06T16:18:27.393Z</time>
			</trkpt>
			<trkpt lat="39.19101" lon="21.91593">
				<ele>669.51</ele>
				<time>2026-08-06T16:18:28.711Z</time>
			</trkpt>
			<trkpt lat="39.19073" lon="21.91614">
				<ele>675</ele>
				<time>2026-08-06T16:18:31.161Z</time>
			</trkpt>
			<trkpt lat="39.19054" lon="21.91636">
				<ele>675.69</ele>
				<time>2026-08-06T16:18:33.094Z</time>
			</trkpt>
			<trkpt lat="39.19038" lon="21.91659">
				<ele>675.48</ele>
				<time>2026-08-06T16:18:34.910Z</time>
			</trkpt>
			<trkpt lat="39.19029" lon="21.91683">
				<ele>672.96</ele>
				<time>2026-08-06T16:18:36.478Z</time>
			</trkpt>
			<trkpt lat="39.19022" lon="21.91726">
				<ele>665.56</ele>
				<time>2026-08-06T16:18:39.064Z</time>
			</trkpt>
			<trkpt lat="39.1902" lon="21.91808">
				<ele>648.51</ele>
				<time>2026-08-06T16:18:43.902Z</time>
			</trkpt>
			<trkpt lat="39.19021" lon="21.91829">
				<ele>645.05</ele>
				<time>2026-08-06T16:18:45.144Z</time>
			</trkpt>
			<trkpt lat="39.19026" lon="21.91845">
				<ele>645.25</ele>
				<time>2026-08-06T16:18:46.164Z</time>
			</trkpt>
			<trkpt lat="39.19048" lon="21.91902">
				<ele>648.5</ele>
				<time>2026-08-06T16:18:49.930Z</time>
			</trkpt>
			<trkpt lat="39.1906" lon="21.91972">
				<ele>644.36</ele>
				<time>2026-08-06T16:18:54.179Z</time>
			</trkpt>
			<trkpt lat="39.1906" lon="21.91999">
				<ele>643.58</ele>
				<time>2026-08-06T16:18:55.781Z</time>
			</trkpt>
			<trkpt lat="39.19056" lon="21.92024">
				<ele>643.07</ele>
				<time>2026-08-06T16:18:57.297Z</time>
			</trkpt>
			<trkpt lat="39.19042" lon="21.92061">
				<ele>637.82</ele>
				<time>2026-08-06T16:18:59.744Z</time>
			</trkpt>
			<trkpt lat="39.19034" lon="21.92134">
				<ele>636.84</ele>
				<time>2026-08-06T16:19:04.133Z</time>
			</trkpt>
			<trkpt lat="39.19023" lon="21.92181">
				<ele>638.35</ele>
				<time>2026-08-06T16:19:07.060Z</time>
			</trkpt>
			<trkpt lat="39.19012" lon="21.92213">
				<ele>634.03</ele>
				<time>2026-08-06T16:19:09.149Z</time>
			</trkpt>
			<trkpt lat="39.19008" lon="21.9224">
				<ele>631.73</ele>
				<time>2026-08-06T16:19:10.791Z</time>
			</trkpt>
			<trkpt lat="39.19006" lon="21.92282">
				<ele>628.56</ele>
				<time>2026-08-06T16:19:13.307Z</time>
			</trkpt>
			<trkpt lat="39.19011" lon="21.923">
				<ele>627.54</ele>
				<time>2026-08-06T16:19:14.451Z</time>
			</trkpt>
			<trkpt lat="39.19024" lon="21.92314">
				<ele>628.97</ele>
				<time>2026-08-06T16:19:15.759Z</time>
			</trkpt>
			<trkpt lat="39.19045" lon="21.9233">
				<ele>628.82</ele>
				<time>2026-08-06T16:19:17.644Z</time>
			</trkpt>
			<trkpt lat="39.19066" lon="21.9235">
				<ele>627.17</ele>
				<time>2026-08-06T16:19:19.663Z</time>
			</trkpt>
			<trkpt lat="39.1909" lon="21.92387">
				<ele>626.59</ele>
				<time>2026-08-06T16:19:22.558Z</time>
			</trkpt>
			<trkpt lat="39.19112" lon="21.9243">
				<ele>624.39</ele>
				<time>2026-08-06T16:19:25.654Z</time>
			</trkpt>
			<trkpt lat="39.19126" lon="21.92466">
				<ele>622.02</ele>
				<time>2026-08-06T16:19:28.077Z</time>
			</trkpt>
			<trkpt lat="39.1913" lon="21.92486">
				<ele>621.29</ele>
				<time>2026-08-06T16:19:29.320Z</time>
			</trkpt>
			<trkpt lat="39.19129" lon="21.92517">
				<ele>617.05</ele>
				<time>2026-08-06T16:19:31.189Z</time>
			</trkpt>
			<trkpt lat="39.19122" lon="21.9256">
				<ele>609.71</ele>
				<time>2026-08-06T16:19:33.837Z</time>
			</trkpt>
			<trkpt lat="39.19122" lon="21.92609">
				<ele>602.53</ele>
				<time>2026-08-06T16:19:36.794Z</time>
			</trkpt>
			<trkpt lat="39.19128" lon="21.92627">
				<ele>599.12</ele>
				<time>2026-08-06T16:19:37.977Z</time>
			</trkpt>
			<trkpt lat="39.19134" lon="21.92636">
				<ele>597.35</ele>
				<time>2026-08-06T16:19:38.695Z</time>
			</trkpt>
			<trkpt lat="39.19172" lon="21.92648">
				<ele>601.5</ele>
				<time>2026-08-06T16:19:41.746Z</time>
			</trkpt>
			<trkpt lat="39.19187" lon="21.92658">
				<ele>599.57</ele>
				<time>2026-08-06T16:19:43.064Z</time>
			</trkpt>
			<trkpt lat="39.19219" lon="21.92684">
				<ele>594.69</ele>
				<time>2026-08-06T16:19:46.019Z</time>
			</trkpt>
			<trkpt lat="39.19266" lon="21.9271">
				<ele>587.37</ele>
				<time>2026-08-06T16:19:50.019Z</time>
			</trkpt>
			<trkpt lat="39.19299" lon="21.92733">
				<ele>575.17</ele>
				<time>2026-08-06T16:19:52.957Z</time>
			</trkpt>
			<trkpt lat="39.19317" lon="21.92741">
				<ele>579.75</ele>
				<time>2026-08-06T16:19:54.449Z</time>
			</trkpt>
			<trkpt lat="39.19338" lon="21.92743">
				<ele>586.91</ele>
				<time>2026-08-06T16:19:56.101Z</time>
			</trkpt>
			<trkpt lat="39.19366" lon="21.92742">
				<ele>579.49</ele>
				<time>2026-08-06T16:19:58.299Z</time>
			</trkpt>
			<trkpt lat="39.19388" lon="21.92744">
				<ele>573.28</ele>
				<time>2026-08-06T16:20:00.031Z</time>
			</trkpt>
			<trkpt lat="39.19415" lon="21.9275">
				<ele>560.87</ele>
				<time>2026-08-06T16:20:02.184Z</time>
			</trkpt>
			<trkpt lat="39.19432" lon="21.92759">
				<ele>556.77</ele>
				<time>2026-08-06T16:20:03.629Z</time>
			</trkpt>
			<trkpt lat="39.19441" lon="21.92769">
				<ele>554.81</ele>
				<time>2026-08-06T16:20:04.563Z</time>
			</trkpt>
			<trkpt lat="39.19482" lon="21.92824">
				<ele>548.06</ele>
				<time>2026-08-06T16:20:09.219Z</time>
			</trkpt>
			<trkpt lat="39.19485" lon="21.92834">
				<ele>547.51</ele>
				<time>2026-08-06T16:20:09.874Z</time>
			</trkpt>
			<trkpt lat="39.19485" lon="21.92841">
				<ele>547.35</ele>
				<time>2026-08-06T16:20:10.302Z</time>
			</trkpt>
			<trkpt lat="39.19482" lon="21.92848">
				<ele>547.5</ele>
				<time>2026-08-06T16:20:10.790Z</time>
			</trkpt>
			<trkpt lat="39.19416" lon="21.92859">
				<ele>550.62</ele>
				<time>2026-08-06T16:20:16.041Z</time>
			</trkpt>
			<trkpt lat="39.19399" lon="21.92866">
				<ele>557.25</ele>
				<time>2026-08-06T16:20:17.450Z</time>
			</trkpt>
			<trkpt lat="39.19364" lon="21.92896">
				<ele>557.65</ele>
				<time>2026-08-06T16:20:20.772Z</time>
			</trkpt>
			<trkpt lat="39.19353" lon="21.92898">
				<ele>557.33</ele>
				<time>2026-08-06T16:20:21.650Z</time>
			</trkpt>
			<trkpt lat="39.19297" lon="21.92901">
				<ele>556.81</ele>
				<time>2026-08-06T16:20:26.087Z</time>
			</trkpt>
			<trkpt lat="39.19231" lon="21.92911">
				<ele>546.1</ele>
				<time>2026-08-06T16:20:31.354Z</time>
			</trkpt>
			<trkpt lat="39.19186" lon="21.92906">
				<ele>545.69</ele>
				<time>2026-08-06T16:20:34.939Z</time>
			</trkpt>
			<trkpt lat="39.19172" lon="21.92899">
				<ele>546.47</ele>
				<time>2026-08-06T16:20:36.132Z</time>
			</trkpt>
			<trkpt lat="39.1914" lon="21.92879">
				<ele>543.07</ele>
				<time>2026-08-06T16:20:38.957Z</time>
			</trkpt>
			<trkpt lat="39.19132" lon="21.92877">
				<ele>539.5</ele>
				<time>2026-08-06T16:20:39.605Z</time>
			</trkpt>
			<trkpt lat="39.19129" lon="21.92881">
				<ele>537.3</ele>
				<time>2026-08-06T16:20:39.948Z</time>
			</trkpt>
			<trkpt lat="39.19127" lon="21.92885">
				<ele>536.05</ele>
				<time>2026-08-06T16:20:40.242Z</time>
			</trkpt>
			<trkpt lat="39.19128" lon="21.92892">
				<ele>535.67</ele>
				<time>2026-08-06T16:20:40.680Z</time>
			</trkpt>
			<trkpt lat="39.19135" lon="21.92901">
				<ele>536.98</ele>
				<time>2026-08-06T16:20:41.466Z</time>
			</trkpt>
			<trkpt lat="39.19161" lon="21.92919">
				<ele>538.61</ele>
				<time>2026-08-06T16:20:43.814Z</time>
			</trkpt>
			<trkpt lat="39.19204" lon="21.92939">
				<ele>533.72</ele>
				<time>2026-08-06T16:20:47.455Z</time>
			</trkpt>
			<trkpt lat="39.19215" lon="21.92946">
				<ele>531.66</ele>
				<time>2026-08-06T16:20:48.432Z</time>
			</trkpt>
			<trkpt lat="39.19241" lon="21.92975">
				<ele>523.82</ele>
				<time>2026-08-06T16:20:51.173Z</time>
			</trkpt>
			<trkpt lat="39.19253" lon="21.92976">
				<ele>524.42</ele>
				<time>2026-08-06T16:20:52.132Z</time>
			</trkpt>
			<trkpt lat="39.19291" lon="21.92964">
				<ele>525.86</ele>
				<time>2026-08-06T16:20:55.254Z</time>
			</trkpt>
			<trkpt lat="39.19304" lon="21.92966">
				<ele>523.22</ele>
				<time>2026-08-06T16:20:56.300Z</time>
			</trkpt>
			<trkpt lat="39.19361" lon="21.92997">
				<ele>512.66</ele>
				<time>2026-08-06T16:21:01.243Z</time>
			</trkpt>
			<trkpt lat="39.1937" lon="21.92999">
				<ele>510.01</ele>
				<time>2026-08-06T16:21:01.973Z</time>
			</trkpt>
			<trkpt lat="39.19381" lon="21.92996">
				<ele>508.55</ele>
				<time>2026-08-06T16:21:02.872Z</time>
			</trkpt>
			<trkpt lat="39.19413" lon="21.92954">
				<ele>518.17</ele>
				<time>2026-08-06T16:21:06.525Z</time>
			</trkpt>
			<trkpt lat="39.19423" lon="21.9295">
				<ele>519.54</ele>
				<time>2026-08-06T16:21:07.364Z</time>
			</trkpt>
			<trkpt lat="39.1943" lon="21.92953">
				<ele>518.41</ele>
				<time>2026-08-06T16:21:07.954Z</time>
			</trkpt>
			<trkpt lat="39.19454" lon="21.92981">
				<ele>507.32</ele>
				<time>2026-08-06T16:21:10.546Z</time>
			</trkpt>
			<trkpt lat="39.19481" lon="21.92996">
				<ele>506.48</ele>
				<time>2026-08-06T16:21:12.903Z</time>
			</trkpt>
			<trkpt lat="39.19492" lon="21.93006">
				<ele>505.64</ele>
				<time>2026-08-06T16:21:13.982Z</time>
			</trkpt>
			<trkpt lat="39.19506" lon="21.93022">
				<ele>503.31</ele>
				<time>2026-08-06T16:21:15.482Z</time>
			</trkpt>
			<trkpt lat="39.19517" lon="21.93038">
				<ele>499.48</ele>
				<time>2026-08-06T16:21:16.812Z</time>
			</trkpt>
			<trkpt lat="39.19544" lon="21.93087">
				<ele>494.42</ele>
				<time>2026-08-06T16:21:20.553Z</time>
			</trkpt>
			<trkpt lat="39.1956" lon="21.93101">
				<ele>496.51</ele>
				<time>2026-08-06T16:21:22.106Z</time>
			</trkpt>
			<trkpt lat="39.1957" lon="21.93114">
				<ele>497.69</ele>
				<time>2026-08-06T16:21:23.247Z</time>
			</trkpt>
			<trkpt lat="39.19574" lon="21.93124">
				<ele>498.51</ele>
				<time>2026-08-06T16:21:23.947Z</time>
			</trkpt>
			<trkpt lat="39.1957" lon="21.93164">
				<ele>494.95</ele>
				<time>2026-08-06T16:21:26.460Z</time>
			</trkpt>
			<trkpt lat="39.19556" lon="21.932">
				<ele>487.31</ele>
				<time>2026-08-06T16:21:28.971Z</time>
			</trkpt>
			<trkpt lat="39.1955" lon="21.93224">
				<ele>483.5</ele>
				<time>2026-08-06T16:21:30.544Z</time>
			</trkpt>
			<trkpt lat="39.19549" lon="21.93241">
				<ele>478.87</ele>
				<time>2026-08-06T16:21:31.608Z</time>
			</trkpt>
			<trkpt lat="39.19553" lon="21.93252">
				<ele>476.43</ele>
				<time>2026-08-06T16:21:32.366Z</time>
			</trkpt>
			<trkpt lat="39.19562" lon="21.93262">
				<ele>474.62</ele>
				<time>2026-08-06T16:21:33.322Z</time>
			</trkpt>
			<trkpt lat="39.19596" lon="21.93281">
				<ele>475.23</ele>
				<time>2026-08-06T16:21:36.307Z</time>
			</trkpt>
			<trkpt lat="39.19605" lon="21.93289">
				<ele>475.7</ele>
				<time>2026-08-06T16:21:37.188Z</time>
			</trkpt>
			<trkpt lat="39.19643" lon="21.93356">
				<ele>465.07</ele>
				<time>2026-08-06T16:21:42.376Z</time>
			</trkpt>
			<trkpt lat="39.19654" lon="21.93384">
				<ele>459.46</ele>
				<time>2026-08-06T16:21:44.339Z</time>
			</trkpt>
			<trkpt lat="39.19658" lon="21.93392">
				<ele>458.6</ele>
				<time>2026-08-06T16:21:44.934Z</time>
			</trkpt>
			<trkpt lat="39.19664" lon="21.93398">
				<ele>458.92</ele>
				<time>2026-08-06T16:21:45.547Z</time>
			</trkpt>
			<trkpt lat="39.1967" lon="21.93397">
				<ele>459.11</ele>
				<time>2026-08-06T16:21:46.035Z</time>
			</trkpt>
			<trkpt lat="39.19674" lon="21.93391">
				<ele>459.81</ele>
				<time>2026-08-06T16:21:46.530Z</time>
			</trkpt>
			<trkpt lat="39.19676" lon="21.93385">
				<ele>460.99</ele>
				<time>2026-08-06T16:21:46.939Z</time>
			</trkpt>
			<trkpt lat="39.19669" lon="21.93325">
				<ele>472.93</ele>
				<time>2026-08-06T16:21:50.737Z</time>
			</trkpt>
			<trkpt lat="39.1967" lon="21.93315">
				<ele>474.2</ele>
				<time>2026-08-06T16:21:51.368Z</time>
			</trkpt>
			<trkpt lat="39.19673" lon="21.93309">
				<ele>474.2</ele>
				<time>2026-08-06T16:21:51.815Z</time>
			</trkpt>
			<trkpt lat="39.1968" lon="21.93303">
				<ele>472.12</ele>
				<time>2026-08-06T16:21:52.494Z</time>
			</trkpt>
			<trkpt lat="39.19728" lon="21.93286">
				<ele>455.47</ele>
				<time>2026-08-06T16:21:56.518Z</time>
			</trkpt>
			<trkpt lat="39.19766" lon="21.93279">
				<ele>447.03</ele>
				<time>2026-08-06T16:21:59.623Z</time>
			</trkpt>
			<trkpt lat="39.19791" lon="21.93282">
				<ele>442.33</ele>
				<time>2026-08-06T16:22:01.655Z</time>
			</trkpt>
			<trkpt lat="39.19814" lon="21.93297">
				<ele>435.85</ele>
				<time>2026-08-06T16:22:03.742Z</time>
			</trkpt>
			<trkpt lat="39.19838" lon="21.93317">
				<ele>428.15</ele>
				<time>2026-08-06T16:22:06.055Z</time>
			</trkpt>
			<trkpt lat="39.19843" lon="21.93318">
				<ele>427.29</ele>
				<time>2026-08-06T16:22:06.465Z</time>
			</trkpt>
			<trkpt lat="39.19848" lon="21.93312">
				<ele>427.25</ele>
				<time>2026-08-06T16:22:07.018Z</time>
			</trkpt>
			<trkpt lat="39.19849" lon="21.93305">
				<ele>427.58</ele>
				<time>2026-08-06T16:22:07.465Z</time>
			</trkpt>
			<trkpt lat="39.19846" lon="21.93296">
				<ele>428.36</ele>
				<time>2026-08-06T16:22:08.080Z</time>
			</trkpt>
			<trkpt lat="39.1983" lon="21.93259">
				<ele>432.67</ele>
				<time>2026-08-06T16:22:10.741Z</time>
			</trkpt>
			<trkpt lat="39.19815" lon="21.93218">
				<ele>430.3</ele>
				<time>2026-08-06T16:22:13.589Z</time>
			</trkpt>
			<trkpt lat="39.19805" lon="21.93201">
				<ele>429.88</ele>
				<time>2026-08-06T16:22:14.931Z</time>
			</trkpt>
			<trkpt lat="39.19805" lon="21.93194">
				<ele>427.91</ele>
				<time>2026-08-06T16:22:15.371Z</time>
			</trkpt>
			<trkpt lat="39.19808" lon="21.93188">
				<ele>426.99</ele>
				<time>2026-08-06T16:22:15.820Z</time>
			</trkpt>
			<trkpt lat="39.19811" lon="21.93185">
				<ele>425.89</ele>
				<time>2026-08-06T16:22:16.127Z</time>
			</trkpt>
			<trkpt lat="39.19816" lon="21.93187">
				<ele>424.5</ele>
				<time>2026-08-06T16:22:16.552Z</time>
			</trkpt>
			<trkpt lat="39.19822" lon="21.93192">
				<ele>422.74</ele>
				<time>2026-08-06T16:22:17.131Z</time>
			</trkpt>
			<trkpt lat="39.1983" lon="21.93208">
				<ele>421.67</ele>
				<time>2026-08-06T16:22:18.329Z</time>
			</trkpt>
			<trkpt lat="39.19848" lon="21.9325">
				<ele>420.5</ele>
				<time>2026-08-06T16:22:21.347Z</time>
			</trkpt>
			<trkpt lat="39.19893" lon="21.93302">
				<ele>403.84</ele>
				<time>2026-08-06T16:22:26.252Z</time>
			</trkpt>
			<trkpt lat="39.19925" lon="21.93327">
				<ele>402.01</ele>
				<time>2026-08-06T16:22:29.291Z</time>
			</trkpt>
			<trkpt lat="39.19945" lon="21.93361">
				<ele>393.73</ele>
				<time>2026-08-06T16:22:31.980Z</time>
			</trkpt>
			<trkpt lat="39.19965" lon="21.93403">
				<ele>390.92</ele>
				<time>2026-08-06T16:22:35.085Z</time>
			</trkpt>
			<trkpt lat="39.1997" lon="21.93419">
				<ele>391.55</ele>
				<time>2026-08-06T16:22:36.173Z</time>
			</trkpt>
			<trkpt lat="39.19969" lon="21.93433">
				<ele>392.26</ele>
				<time>2026-08-06T16:22:37.059Z</time>
			</trkpt>
			<trkpt lat="39.19962" lon="21.93444">
				<ele>393.73</ele>
				<time>2026-08-06T16:22:37.956Z</time>
			</trkpt>
			<trkpt lat="39.19955" lon="21.93451">
				<ele>393.93</ele>
				<time>2026-08-06T16:22:38.676Z</time>
			</trkpt>
			<trkpt lat="39.19952" lon="21.93458">
				<ele>393.3</ele>
				<time>2026-08-06T16:22:39.180Z</time>
			</trkpt>
			<trkpt lat="39.19954" lon="21.93465">
				<ele>391.86</ele>
				<time>2026-08-06T16:22:39.651Z</time>
			</trkpt>
			<trkpt lat="39.19958" lon="21.9347">
				<ele>390.65</ele>
				<time>2026-08-06T16:22:40.104Z</time>
			</trkpt>
			<trkpt lat="39.19965" lon="21.93471">
				<ele>389.79</ele>
				<time>2026-08-06T16:22:40.677Z</time>
			</trkpt>
			<trkpt lat="39.19974" lon="21.93468">
				<ele>389.07</ele>
				<time>2026-08-06T16:22:41.433Z</time>
			</trkpt>
			<trkpt lat="39.19985" lon="21.93459">
				<ele>388.32</ele>
				<time>2026-08-06T16:22:42.493Z</time>
			</trkpt>
			<trkpt lat="39.19994" lon="21.9344">
				<ele>387.98</ele>
				<time>2026-08-06T16:22:43.898Z</time>
			</trkpt>
			<trkpt lat="39.19997" lon="21.93423">
				<ele>387.39</ele>
				<time>2026-08-06T16:22:44.997Z</time>
			</trkpt>
			<trkpt lat="39.19997" lon="21.934">
				<ele>387.14</ele>
				<time>2026-08-06T16:22:46.448Z</time>
			</trkpt>
			<trkpt lat="39.20004" lon="21.93396">
				<ele>385.79</ele>
				<time>2026-08-06T16:22:47.072Z</time>
			</trkpt>
			<trkpt lat="39.20007" lon="21.93399">
				<ele>384.88</ele>
				<time>2026-08-06T16:22:47.381Z</time>
			</trkpt>
			<trkpt lat="39.20012" lon="21.93408">
				<ele>383.82</ele>
				<time>2026-08-06T16:22:48.079Z</time>
			</trkpt>
			<trkpt lat="39.20012" lon="21.93455">
				<ele>383.65</ele>
				<time>2026-08-06T16:22:51.046Z</time>
			</trkpt>
			<trkpt lat="39.20008" lon="21.93474">
				<ele>383.43</ele>
				<time>2026-08-06T16:22:52.288Z</time>
			</trkpt>
			<trkpt lat="39.19997" lon="21.935">
				<ele>383.08</ele>
				<time>2026-08-06T16:22:54.158Z</time>
			</trkpt>
			<trkpt lat="39.19999" lon="21.93509">
				<ele>382.03</ele>
				<time>2026-08-06T16:22:54.750Z</time>
			</trkpt>
			<trkpt lat="39.20005" lon="21.93512">
				<ele>381.18</ele>
				<time>2026-08-06T16:22:55.274Z</time>
			</trkpt>
			<trkpt lat="39.2002" lon="21.93502">
				<ele>380.61</ele>
				<time>2026-08-06T16:22:56.650Z</time>
			</trkpt>
			<trkpt lat="39.20036" lon="21.93485">
				<ele>379.55</ele>
				<time>2026-08-06T16:22:58.339Z</time>
			</trkpt>
			<trkpt lat="39.20042" lon="21.93482">
				<ele>379.26</ele>
				<time>2026-08-06T16:22:58.863Z</time>
			</trkpt>
			<trkpt lat="39.20049" lon="21.93483">
				<ele>378.91</ele>
				<time>2026-08-06T16:22:59.437Z</time>
			</trkpt>
			<trkpt lat="39.20082" lon="21.93525">
				<ele>376.92</ele>
				<time>2026-08-06T16:23:03.216Z</time>
			</trkpt>
			<trkpt lat="39.20114" lon="21.93559">
				<ele>373.34</ele>
				<time>2026-08-06T16:23:06.596Z</time>
			</trkpt>
			<trkpt lat="39.20149" lon="21.93593">
				<ele>369.01</ele>
				<time>2026-08-06T16:23:10.341Z</time>
			</trkpt>
			<trkpt lat="39.20175" lon="21.9361">
				<ele>367</ele>
				<time>2026-08-06T16:23:13.054Z</time>
			</trkpt>
			<trkpt lat="39.20186" lon="21.93619">
				<ele>365.61</ele>
				<time>2026-08-06T16:23:14.315Z</time>
			</trkpt>
			<trkpt lat="39.20191" lon="21.93628">
				<ele>364.69</ele>
				<time>2026-08-06T16:23:15.162Z</time>
			</trkpt>
			<trkpt lat="39.20215" lon="21.93684">
				<ele>363.23</ele>
				<time>2026-08-06T16:23:20.244Z</time>
			</trkpt>
			<trkpt lat="39.2022" lon="21.93705">
				<ele>362.18</ele>
				<time>2026-08-06T16:23:22.049Z</time>
			</trkpt>
			<trkpt lat="39.20218" lon="21.93746">
				<ele>355.25</ele>
				<time>2026-08-06T16:23:25.478Z</time>
			</trkpt>
			<trkpt lat="39.20206" lon="21.93753">
				<ele>352.35</ele>
				<time>2026-08-06T16:23:26.910Z</time>
			</trkpt>
			<trkpt lat="39.20161" lon="21.93755">
				<ele>353.59</ele>
				<time>2026-08-06T16:23:31.823Z</time>
			</trkpt>
			<trkpt lat="39.20146" lon="21.93753">
				<ele>352.89</ele>
				<time>2026-08-06T16:23:33.462Z</time>
			</trkpt>
			<trkpt lat="39.20134" lon="21.93748">
				<ele>352.82</ele>
				<time>2026-08-06T16:23:34.825Z</time>
			</trkpt>
			<trkpt lat="39.20112" lon="21.93734">
				<ele>354.13</ele>
				<time>2026-08-06T16:23:37.448Z</time>
			</trkpt>
			<trkpt lat="39.20098" lon="21.93731">
				<ele>352.27</ele>
				<time>2026-08-06T16:23:38.944Z</time>
			</trkpt>
			<trkpt lat="39.20036" lon="21.93723">
				<ele>346.32</ele>
				<time>2026-08-06T16:23:45.345Z</time>
			</trkpt>
			<trkpt lat="39.2003" lon="21.93724">
				<ele>345.48</ele>
				<time>2026-08-06T16:23:45.963Z</time>
			</trkpt>
			<trkpt lat="39.20027" lon="21.9373">
				<ele>343.18</ele>
				<time>2026-08-06T16:23:46.529Z</time>
			</trkpt>
			<trkpt lat="39.20028" lon="21.93736">
				<ele>341.43</ele>
				<time>2026-08-06T16:23:47.016Z</time>
			</trkpt>
			<trkpt lat="39.20032" lon="21.93742">
				<ele>340.02</ele>
				<time>2026-08-06T16:23:47.643Z</time>
			</trkpt>
			<trkpt lat="39.20038" lon="21.93746">
				<ele>339.17</ele>
				<time>2026-08-06T16:23:48.334Z</time>
			</trkpt>
			<trkpt lat="39.20074" lon="21.93762">
				<ele>339.5</ele>
				<time>2026-08-06T16:23:52.229Z</time>
			</trkpt>
			<trkpt lat="39.20091" lon="21.93774">
				<ele>338.73</ele>
				<time>2026-08-06T16:23:54.211Z</time>
			</trkpt>
			<trkpt lat="39.20125" lon="21.93822">
				<ele>330.6</ele>
				<time>2026-08-06T16:23:59.366Z</time>
			</trkpt>
			<trkpt lat="39.20157" lon="21.93851">
				<ele>323.17</ele>
				<time>2026-08-06T16:24:03.384Z</time>
			</trkpt>
			<trkpt lat="39.20191" lon="21.93859">
				<ele>319.48</ele>
				<time>2026-08-06T16:24:07.035Z</time>
			</trkpt>
			<trkpt lat="39.20218" lon="21.93861">
				<ele>316.35</ele>
				<time>2026-08-06T16:24:09.939Z</time>
			</trkpt>
			<trkpt lat="39.20225" lon="21.93858">
				<ele>316.69</ele>
				<time>2026-08-06T16:24:10.735Z</time>
			</trkpt>
			<trkpt lat="39.20258" lon="21.93839">
				<ele>321.7</ele>
				<time>2026-08-06T16:24:14.628Z</time>
			</trkpt>
			<trkpt lat="39.20264" lon="21.93842">
				<ele>320.14</ele>
				<time>2026-08-06T16:24:15.318Z</time>
			</trkpt>
			<trkpt lat="39.20266" lon="21.93848">
				<ele>317.75</ele>
				<time>2026-08-06T16:24:15.859Z</time>
			</trkpt>
			<trkpt lat="39.20263" lon="21.93857">
				<ele>314.9</ele>
				<time>2026-08-06T16:24:16.668Z</time>
			</trkpt>
			<trkpt lat="39.20198" lon="21.93891">
				<ele>312.29</ele>
				<time>2026-08-06T16:24:23.893Z</time>
			</trkpt>
			<trkpt lat="39.20187" lon="21.93898">
				<ele>312.25</ele>
				<time>2026-08-06T16:24:25.090Z</time>
			</trkpt>
			<trkpt lat="39.20183" lon="21.93904">
				<ele>311.64</ele>
				<time>2026-08-06T16:24:25.679Z</time>
			</trkpt>
			<trkpt lat="39.20182" lon="21.93909">
				<ele>310.99</ele>
				<time>2026-08-06T16:24:26.060Z</time>
			</trkpt>
			<trkpt lat="39.20191" lon="21.93924">
				<ele>310.47</ele>
				<time>2026-08-06T16:24:27.432Z</time>
			</trkpt>
			<trkpt lat="39.20195" lon="21.93929">
				<ele>310.89</ele>
				<time>2026-08-06T16:24:27.941Z</time>
			</trkpt>
			<trkpt lat="39.20228" lon="21.93937">
				<ele>312.41</ele>
				<time>2026-08-06T16:24:30.873Z</time>
			</trkpt>
			<trkpt lat="39.20277" lon="21.9394">
				<ele>316.51</ele>
				<time>2026-08-06T16:24:35.047Z</time>
			</trkpt>
			<trkpt lat="39.20301" lon="21.93939">
				<ele>314</ele>
				<time>2026-08-06T16:24:37.082Z</time>
			</trkpt>
			<trkpt lat="39.20326" lon="21.93932">
				<ele>311.22</ele>
				<time>2026-08-06T16:24:39.243Z</time>
			</trkpt>
			<trkpt lat="39.20361" lon="21.93915">
				<ele>306.96</ele>
				<time>2026-08-06T16:24:42.392Z</time>
			</trkpt>
			<trkpt lat="39.20388" lon="21.93913">
				<ele>312.34</ele>
				<time>2026-08-06T16:24:44.661Z</time>
			</trkpt>
			<trkpt lat="39.2047" lon="21.93919">
				<ele>308.56</ele>
				<time>2026-08-06T16:24:51.510Z</time>
			</trkpt>
			<trkpt lat="39.2048" lon="21.93915">
				<ele>309.26</ele>
				<time>2026-08-06T16:24:52.378Z</time>
			</trkpt>
			<trkpt lat="39.20488" lon="21.93902">
				<ele>308.07</ele>
				<time>2026-08-06T16:24:53.444Z</time>
			</trkpt>
			<trkpt lat="39.20496" lon="21.93882">
				<ele>304.54</ele>
				<time>2026-08-06T16:24:54.887Z</time>
			</trkpt>
			<trkpt lat="39.20504" lon="21.93869">
				<ele>303.38</ele>
				<time>2026-08-06T16:24:55.949Z</time>
			</trkpt>
			<trkpt lat="39.20517" lon="21.93857">
				<ele>304.35</ele>
				<time>2026-08-06T16:24:57.267Z</time>
			</trkpt>
			<trkpt lat="39.20533" lon="21.9385">
				<ele>306.98</ele>
				<time>2026-08-06T16:24:58.657Z</time>
			</trkpt>
			<trkpt lat="39.20551" lon="21.93838">
				<ele>310.34</ele>
				<time>2026-08-06T16:25:00.320Z</time>
			</trkpt>
			<trkpt lat="39.20582" lon="21.93802">
				<ele>307.92</ele>
				<time>2026-08-06T16:25:03.733Z</time>
			</trkpt>
			<trkpt lat="39.20614" lon="21.93761">
				<ele>304.98</ele>
				<time>2026-08-06T16:25:07.406Z</time>
			</trkpt>
			<trkpt lat="39.20629" lon="21.93746">
				<ele>307.29</ele>
				<time>2026-08-06T16:25:08.946Z</time>
			</trkpt>
			<trkpt lat="39.20645" lon="21.9374">
				<ele>309.41</ele>
				<time>2026-08-06T16:25:10.296Z</time>
			</trkpt>
			<trkpt lat="39.2066" lon="21.93739">
				<ele>309.39</ele>
				<time>2026-08-06T16:25:11.510Z</time>
			</trkpt>
			<trkpt lat="39.20721" lon="21.9374">
				<ele>308.54</ele>
				<time>2026-08-06T16:25:16.423Z</time>
			</trkpt>
			<trkpt lat="39.20735" lon="21.93736">
				<ele>309.08</ele>
				<time>2026-08-06T16:25:17.573Z</time>
			</trkpt>
			<trkpt lat="39.20754" lon="21.93725">
				<ele>308.43</ele>
				<time>2026-08-06T16:25:19.240Z</time>
			</trkpt>
			<trkpt lat="39.20768" lon="21.9371">
				<ele>306.8</ele>
				<time>2026-08-06T16:25:20.693Z</time>
			</trkpt>
			<trkpt lat="39.20792" lon="21.93678">
				<ele>302.6</ele>
				<time>2026-08-06T16:25:23.441Z</time>
			</trkpt>
			<trkpt lat="39.20805" lon="21.93657">
				<ele>299</ele>
				<time>2026-08-06T16:25:25.095Z</time>
			</trkpt>
			<trkpt lat="39.20822" lon="21.93618">
				<ele>293.03</ele>
				<time>2026-08-06T16:25:27.840Z</time>
			</trkpt>
			<trkpt lat="39.20842" lon="21.93597">
				<ele>292.45</ele>
				<time>2026-08-06T16:25:29.875Z</time>
			</trkpt>
			<trkpt lat="39.20868" lon="21.93581">
				<ele>294.96</ele>
				<time>2026-08-06T16:25:32.142Z</time>
			</trkpt>
			<trkpt lat="39.20909" lon="21.93562">
				<ele>296.82</ele>
				<time>2026-08-06T16:25:35.556Z</time>
			</trkpt>
			<trkpt lat="39.20952" lon="21.93534">
				<ele>294.61</ele>
				<time>2026-08-06T16:25:39.313Z</time>
			</trkpt>
			<trkpt lat="39.2101" lon="21.93476">
				<ele>289.73</ele>
				<time>2026-08-06T16:25:45.000Z</time>
			</trkpt>
			<trkpt lat="39.21039" lon="21.93449">
				<ele>291.8</ele>
				<time>2026-08-06T16:25:47.755Z</time>
			</trkpt>
			<trkpt lat="39.21079" lon="21.93422">
				<ele>295.1</ele>
				<time>2026-08-06T16:25:51.219Z</time>
			</trkpt>
			<trkpt lat="39.21143" lon="21.93371">
				<ele>288.73</ele>
				<time>2026-08-06T16:25:56.955Z</time>
			</trkpt>
			<trkpt lat="39.21177" lon="21.93338">
				<ele>283.23</ele>
				<time>2026-08-06T16:26:00.179Z</time>
			</trkpt>
			<trkpt lat="39.21195" lon="21.93329">
				<ele>284.24</ele>
				<time>2026-08-06T16:26:01.637Z</time>
			</trkpt>
			<trkpt lat="39.21222" lon="21.93319">
				<ele>286.01</ele>
				<time>2026-08-06T16:26:03.754Z</time>
			</trkpt>
			<trkpt lat="39.21242" lon="21.93317">
				<ele>287.1</ele>
				<time>2026-08-06T16:26:05.263Z</time>
			</trkpt>
			<trkpt lat="39.21265" lon="21.93321">
				<ele>286.9</ele>
				<time>2026-08-06T16:26:07.004Z</time>
			</trkpt>
			<trkpt lat="39.21299" lon="21.93333">
				<ele>283.05</ele>
				<time>2026-08-06T16:26:09.640Z</time>
			</trkpt>
			<trkpt lat="39.21317" lon="21.93334">
				<ele>282.16</ele>
				<time>2026-08-06T16:26:10.984Z</time>
			</trkpt>
			<trkpt lat="39.2133" lon="21.93332">
				<ele>281.49</ele>
				<time>2026-08-06T16:26:11.959Z</time>
			</trkpt>
			<trkpt lat="39.21416" lon="21.93284">
				<ele>271.23</ele>
				<time>2026-08-06T16:26:18.900Z</time>
			</trkpt>
			<trkpt lat="39.21438" lon="21.93277">
				<ele>272.99</ele>
				<time>2026-08-06T16:26:20.569Z</time>
			</trkpt>
			<trkpt lat="39.21477" lon="21.93269">
				<ele>273.65</ele>
				<time>2026-08-06T16:26:23.469Z</time>
			</trkpt>
			<trkpt lat="39.21522" lon="21.93265">
				<ele>270.45</ele>
				<time>2026-08-06T16:26:26.767Z</time>
			</trkpt>
			<trkpt lat="39.21548" lon="21.93269">
				<ele>266.2</ele>
				<time>2026-08-06T16:26:28.675Z</time>
			</trkpt>
			<trkpt lat="39.21586" lon="21.93287">
				<ele>268.24</ele>
				<time>2026-08-06T16:26:31.615Z</time>
			</trkpt>
			<trkpt lat="39.21636" lon="21.93326">
				<ele>272.98</ele>
				<time>2026-08-06T16:26:35.837Z</time>
			</trkpt>
			<trkpt lat="39.21687" lon="21.93336">
				<ele>267.68</ele>
				<time>2026-08-06T16:26:39.546Z</time>
			</trkpt>
			<trkpt lat="39.21724" lon="21.93335">
				<ele>270.24</ele>
				<time>2026-08-06T16:26:42.196Z</time>
			</trkpt>
			<trkpt lat="39.2177" lon="21.9333">
				<ele>267.11</ele>
				<time>2026-08-06T16:26:45.488Z</time>
			</trkpt>
			<trkpt lat="39.21786" lon="21.93332">
				<ele>266.17</ele>
				<time>2026-08-06T16:26:46.631Z</time>
			</trkpt>
			<trkpt lat="39.21803" lon="21.93339">
				<ele>266.54</ele>
				<time>2026-08-06T16:26:47.898Z</time>
			</trkpt>
			<trkpt lat="39.21846" lon="21.93365">
				<ele>268.4</ele>
				<time>2026-08-06T16:26:51.259Z</time>
			</trkpt>
			<trkpt lat="39.21925" lon="21.934">
				<ele>258.37</ele>
				<time>2026-08-06T16:26:57.135Z</time>
			</trkpt>
			<trkpt lat="39.21977" lon="21.93417">
				<ele>260.51</ele>
				<time>2026-08-06T16:27:00.885Z</time>
			</trkpt>
			<trkpt lat="39.22016" lon="21.93434">
				<ele>258.75</ele>
				<time>2026-08-06T16:27:03.750Z</time>
			</trkpt>
			<trkpt lat="39.22034" lon="21.93448">
				<ele>259.25</ele>
				<time>2026-08-06T16:27:05.209Z</time>
			</trkpt>
			<trkpt lat="39.22052" lon="21.93475">
				<ele>261.47</ele>
				<time>2026-08-06T16:27:07.120Z</time>
			</trkpt>
			<trkpt lat="39.22064" lon="21.93505">
				<ele>262.19</ele>
				<time>2026-08-06T16:27:08.927Z</time>
			</trkpt>
			<trkpt lat="39.22075" lon="21.93541">
				<ele>261.45</ele>
				<time>2026-08-06T16:27:10.994Z</time>
			</trkpt>
			<trkpt lat="39.22084" lon="21.93565">
				<ele>261.98</ele>
				<time>2026-08-06T16:27:12.415Z</time>
			</trkpt>
			<trkpt lat="39.22095" lon="21.93578">
				<ele>262.08</ele>
				<time>2026-08-06T16:27:13.439Z</time>
			</trkpt>
			<trkpt lat="39.22105" lon="21.93584">
				<ele>261.71</ele>
				<time>2026-08-06T16:27:14.195Z</time>
			</trkpt>
			<trkpt lat="39.22133" lon="21.93594">
				<ele>260.93</ele>
				<time>2026-08-06T16:27:16.184Z</time>
			</trkpt>
			<trkpt lat="39.22204" lon="21.93633">
				<ele>256.92</ele>
				<time>2026-08-06T16:27:21.443Z</time>
			</trkpt>
			<trkpt lat="39.22224" lon="21.93642">
				<ele>256.04</ele>
				<time>2026-08-06T16:27:22.880Z</time>
			</trkpt>
			<trkpt lat="39.223" lon="21.93667">
				<ele>255.36</ele>
				<time>2026-08-06T16:27:28.180Z</time>
			</trkpt>
			<trkpt lat="39.22317" lon="21.93675">
				<ele>255.33</ele>
				<time>2026-08-06T16:27:29.398Z</time>
			</trkpt>
			<trkpt lat="39.22338" lon="21.93686">
				<ele>255.77</ele>
				<time>2026-08-06T16:27:30.921Z</time>
			</trkpt>
			<trkpt lat="39.22389" lon="21.93731">
				<ele>257.98</ele>
				<time>2026-08-06T16:27:35.057Z</time>
			</trkpt>
			<trkpt lat="39.22466" lon="21.93814">
				<ele>256.35</ele>
				<time>2026-08-06T16:27:41.730Z</time>
			</trkpt>
			<trkpt lat="39.22486" lon="21.93843">
				<ele>255.08</ele>
				<time>2026-08-06T16:27:43.721Z</time>
			</trkpt>
			<trkpt lat="39.22553" lon="21.93962">
				<ele>249.97</ele>
				<time>2026-08-06T16:27:51.219Z</time>
			</trkpt>
			<trkpt lat="39.22604" lon="21.94063">
				<ele>248.44</ele>
				<time>2026-08-06T16:27:57.315Z</time>
			</trkpt>
			<trkpt lat="39.22613" lon="21.94077">
				<ele>247.28</ele>
				<time>2026-08-06T16:27:58.232Z</time>
			</trkpt>
			<trkpt lat="39.22625" lon="21.94086">
				<ele>246.9</ele>
				<time>2026-08-06T16:27:59.133Z</time>
			</trkpt>
			<trkpt lat="39.22643" lon="21.94095">
				<ele>245.98</ele>
				<time>2026-08-06T16:28:00.385Z</time>
			</trkpt>
			<trkpt lat="39.22738" lon="21.94136">
				<ele>242.67</ele>
				<time>2026-08-06T16:28:06.854Z</time>
			</trkpt>
			<trkpt lat="39.22751" lon="21.94144">
				<ele>241.92</ele>
				<time>2026-08-06T16:28:07.780Z</time>
			</trkpt>
			<trkpt lat="39.22761" lon="21.94153">
				<ele>240.59</ele>
				<time>2026-08-06T16:28:08.563Z</time>
			</trkpt>
			<trkpt lat="39.2277" lon="21.94166">
				<ele>239.62</ele>
				<time>2026-08-06T16:28:09.430Z</time>
			</trkpt>
			<trkpt lat="39.22778" lon="21.94181">
				<ele>237.93</ele>
				<time>2026-08-06T16:28:10.335Z</time>
			</trkpt>
			<trkpt lat="39.22789" lon="21.94222">
				<ele>236.12</ele>
				<time>2026-08-06T16:28:12.487Z</time>
			</trkpt>
			<trkpt lat="39.22806" lon="21.94335">
				<ele>233.79</ele>
				<time>2026-08-06T16:28:18.171Z</time>
			</trkpt>
			<trkpt lat="39.22806" lon="21.94373">
				<ele>233.98</ele>
				<time>2026-08-06T16:28:20.040Z</time>
			</trkpt>
			<trkpt lat="39.22795" lon="21.94455">
				<ele>237.61</ele>
				<time>2026-08-06T16:28:24.120Z</time>
			</trkpt>
			<trkpt lat="39.22785" lon="21.94501">
				<ele>242.95</ele>
				<time>2026-08-06T16:28:26.455Z</time>
			</trkpt>
			<trkpt lat="39.22785" lon="21.94508">
				<ele>243.47</ele>
				<time>2026-08-06T16:28:26.796Z</time>
			</trkpt>
			<trkpt lat="39.22787" lon="21.94511">
				<ele>243.2</ele>
				<time>2026-08-06T16:28:26.989Z</time>
			</trkpt>
			<trkpt lat="39.22795" lon="21.94521">
				<ele>240.44</ele>
				<time>2026-08-06T16:28:27.690Z</time>
			</trkpt>
			<trkpt lat="39.22803" lon="21.94539">
				<ele>238.91</ele>
				<time>2026-08-06T16:28:28.701Z</time>
			</trkpt>
			<trkpt lat="39.22815" lon="21.94583">
				<ele>240.66</ele>
				<time>2026-08-06T16:28:30.970Z</time>
			</trkpt>
			<trkpt lat="39.22824" lon="21.94589">
				<ele>239.63</ele>
				<time>2026-08-06T16:28:31.605Z</time>
			</trkpt>
			<trkpt lat="39.22846" lon="21.94598">
				<ele>237.33</ele>
				<time>2026-08-06T16:28:33.051Z</time>
			</trkpt>
			<trkpt lat="39.22857" lon="21.94606">
				<ele>237.49</ele>
				<time>2026-08-06T16:28:33.841Z</time>
			</trkpt>
			<trkpt lat="39.22866" lon="21.94622">
				<ele>239.26</ele>
				<time>2026-08-06T16:28:34.798Z</time>
			</trkpt>
			<trkpt lat="39.22872" lon="21.94645">
				<ele>242.17</ele>
				<time>2026-08-06T16:28:35.972Z</time>
			</trkpt>
			<trkpt lat="39.22879" lon="21.94658">
				<ele>243.45</ele>
				<time>2026-08-06T16:28:36.737Z</time>
			</trkpt>
			<trkpt lat="39.22888" lon="21.94664">
				<ele>243.65</ele>
				<time>2026-08-06T16:28:37.368Z</time>
			</trkpt>
			<trkpt lat="39.22903" lon="21.94666">
				<ele>242.36</ele>
				<time>2026-08-06T16:28:38.308Z</time>
			</trkpt>
			<trkpt lat="39.2292" lon="21.94672">
				<ele>240.92</ele>
				<time>2026-08-06T16:28:39.404Z</time>
			</trkpt>
			<trkpt lat="39.22936" lon="21.94683">
				<ele>238.71</ele>
				<time>2026-08-06T16:28:40.531Z</time>
			</trkpt>
			<trkpt lat="39.22943" lon="21.94692">
				<ele>238.05</ele>
				<time>2026-08-06T16:28:41.145Z</time>
			</trkpt>
			<trkpt lat="39.22947" lon="21.94708">
				<ele>237.18</ele>
				<time>2026-08-06T16:28:41.953Z</time>
			</trkpt>
			<trkpt lat="39.22949" lon="21.94733">
				<ele>236.54</ele>
				<time>2026-08-06T16:28:43.160Z</time>
			</trkpt>
			<trkpt lat="39.22947" lon="21.9475">
				<ele>238.35</ele>
				<time>2026-08-06T16:28:43.985Z</time>
			</trkpt>
			<trkpt lat="39.22933" lon="21.94785">
				<ele>243.71</ele>
				<time>2026-08-06T16:28:45.873Z</time>
			</trkpt>
			<trkpt lat="39.22932" lon="21.94797">
				<ele>244.66</ele>
				<time>2026-08-06T16:28:46.451Z</time>
			</trkpt>
			<trkpt lat="39.22938" lon="21.9482">
				<ele>243.42</ele>
				<time>2026-08-06T16:28:47.612Z</time>
			</trkpt>
			<trkpt lat="39.22962" lon="21.94871">
				<ele>243.06</ele>
				<time>2026-08-06T16:28:50.461Z</time>
			</trkpt>
			<trkpt lat="39.22966" lon="21.94891">
				<ele>244.26</ele>
				<time>2026-08-06T16:28:51.446Z</time>
			</trkpt>
			<trkpt lat="39.22965" lon="21.94951">
				<ele>245</ele>
				<time>2026-08-06T16:28:54.301Z</time>
			</trkpt>
			<trkpt lat="39.22966" lon="21.94958">
				<ele>244.98</ele>
				<time>2026-08-06T16:28:54.639Z</time>
			</trkpt>
			<trkpt lat="39.22972" lon="21.9497">
				<ele>244.93</ele>
				<time>2026-08-06T16:28:55.318Z</time>
			</trkpt>
			<trkpt lat="39.22982" lon="21.94982">
				<ele>243.93</ele>
				<time>2026-08-06T16:28:56.154Z</time>
			</trkpt>
			<trkpt lat="39.22987" lon="21.94986">
				<ele>243.32</ele>
				<time>2026-08-06T16:28:56.514Z</time>
			</trkpt>
			<trkpt lat="39.23007" lon="21.94994">
				<ele>240.44</ele>
				<time>2026-08-06T16:28:57.796Z</time>
			</trkpt>
			<trkpt lat="39.23035" lon="21.94996">
				<ele>237.76</ele>
				<time>2026-08-06T16:28:59.509Z</time>
			</trkpt>
			<trkpt lat="39.23064" lon="21.95014">
				<ele>238</ele>
				<time>2026-08-06T16:29:01.473Z</time>
			</trkpt>
			<trkpt lat="39.23122" lon="21.9503">
				<ele>237.95</ele>
				<time>2026-08-06T16:29:05.084Z</time>
			</trkpt>
			<trkpt lat="39.23168" lon="21.95046">
				<ele>234.26</ele>
				<time>2026-08-06T16:29:07.976Z</time>
			</trkpt>
			<trkpt lat="39.2322" lon="21.95068">
				<ele>232.07</ele>
				<time>2026-08-06T16:29:11.290Z</time>
			</trkpt>
			<trkpt lat="39.23257" lon="21.9509">
				<ele>231.75</ele>
				<time>2026-08-06T16:29:13.752Z</time>
			</trkpt>
			<trkpt lat="39.23354" lon="21.95169">
				<ele>229.59</ele>
				<time>2026-08-06T16:29:20.659Z</time>
			</trkpt>
			<trkpt lat="39.23447" lon="21.95246">
				<ele>227.8</ele>
				<time>2026-08-06T16:29:27.280Z</time>
			</trkpt>
			<trkpt lat="39.23542" lon="21.95339">
				<ele>225.31</ele>
				<time>2026-08-06T16:29:34.393Z</time>
			</trkpt>
			<trkpt lat="39.23567" lon="21.95369">
				<ele>224.73</ele>
				<time>2026-08-06T16:29:36.423Z</time>
			</trkpt>
			<trkpt lat="39.23712" lon="21.95532">
				<ele>219.38</ele>
				<time>2026-08-06T16:29:47.816Z</time>
			</trkpt>
			<trkpt lat="39.23756" lon="21.956">
				<ele>221.52</ele>
				<time>2026-08-06T16:29:51.867Z</time>
			</trkpt>
			<trkpt lat="39.23819" lon="21.95665">
				<ele>229.21</ele>
				<time>2026-08-06T16:29:56.616Z</time>
			</trkpt>
			<trkpt lat="39.23839" lon="21.9568">
				<ele>226.67</ele>
				<time>2026-08-06T16:29:57.977Z</time>
			</trkpt>
			<trkpt lat="39.23907" lon="21.95713">
				<ele>210.61</ele>
				<time>2026-08-06T16:30:02.244Z</time>
			</trkpt>
			<trkpt lat="39.23931" lon="21.95729">
				<ele>209.39</ele>
				<time>2026-08-06T16:30:03.829Z</time>
			</trkpt>
			<trkpt lat="39.24006" lon="21.95789">
				<ele>209.89</ele>
				<time>2026-08-06T16:30:09.000Z</time>
			</trkpt>
			<trkpt lat="39.24181" lon="21.9586">
				<ele>206.49</ele>
				<time>2026-08-06T16:30:19.722Z</time>
			</trkpt>
			<trkpt lat="39.24205" lon="21.95874">
				<ele>206</ele>
				<time>2026-08-06T16:30:21.259Z</time>
			</trkpt>
			<trkpt lat="39.24219" lon="21.95887">
				<ele>206</ele>
				<time>2026-08-06T16:30:22.265Z</time>
			</trkpt>
			<trkpt lat="39.24263" lon="21.95935">
				<ele>206.05</ele>
				<time>2026-08-06T16:30:25.624Z</time>
			</trkpt>
			<trkpt lat="39.24279" lon="21.95947">
				<ele>204.76</ele>
				<time>2026-08-06T16:30:26.702Z</time>
			</trkpt>
			<trkpt lat="39.2434" lon="21.9598">
				<ele>202.54</ele>
				<time>2026-08-06T16:30:30.555Z</time>
			</trkpt>
			<trkpt lat="39.24388" lon="21.96002">
				<ele>205.14</ele>
				<time>2026-08-06T16:30:33.521Z</time>
			</trkpt>
			<trkpt lat="39.24445" lon="21.96017">
				<ele>205.55</ele>
				<time>2026-08-06T16:30:36.907Z</time>
			</trkpt>
			<trkpt lat="39.24482" lon="21.9603">
				<ele>203.11</ele>
				<time>2026-08-06T16:30:39.138Z</time>
			</trkpt>
			<trkpt lat="39.24703" lon="21.96117">
				<ele>196.16</ele>
				<time>2026-08-06T16:30:52.577Z</time>
			</trkpt>
			<trkpt lat="39.2479" lon="21.96153">
				<ele>194.71</ele>
				<time>2026-08-06T16:30:57.892Z</time>
			</trkpt>
			<trkpt lat="39.24852" lon="21.96182">
				<ele>191.44</ele>
				<time>2026-08-06T16:31:01.730Z</time>
			</trkpt>
			<trkpt lat="39.24959" lon="21.96217">
				<ele>190.54</ele>
				<time>2026-08-06T16:31:08.158Z</time>
			</trkpt>
			<trkpt lat="39.24985" lon="21.96229">
				<ele>189.39</ele>
				<time>2026-08-06T16:31:09.767Z</time>
			</trkpt>
			<trkpt lat="39.25057" lon="21.96254">
				<ele>188.15</ele>
				<time>2026-08-06T16:31:14.114Z</time>
			</trkpt>
			<trkpt lat="39.25093" lon="21.96261">
				<ele>188.22</ele>
				<time>2026-08-06T16:31:16.238Z</time>
			</trkpt>
			<trkpt lat="39.25126" lon="21.96263">
				<ele>188.51</ele>
				<time>2026-08-06T16:31:18.167Z</time>
			</trkpt>
			<trkpt lat="39.25145" lon="21.96266">
				<ele>188.08</ele>
				<time>2026-08-06T16:31:19.285Z</time>
			</trkpt>
			<trkpt lat="39.25258" lon="21.96291">
				<ele>185.35</ele>
				<time>2026-08-06T16:31:25.988Z</time>
			</trkpt>
			<trkpt lat="39.25328" lon="21.963">
				<ele>182.53</ele>
				<time>2026-08-06T16:31:30.108Z</time>
			</trkpt>
			<trkpt lat="39.25433" lon="21.96307">
				<ele>178.37</ele>
				<time>2026-08-06T16:31:36.277Z</time>
			</trkpt>
			<trkpt lat="39.25466" lon="21.96305">
				<ele>177.2</ele>
				<time>2026-08-06T16:31:38.219Z</time>
			</trkpt>
			<trkpt lat="39.25513" lon="21.96298">
				<ele>178.49</ele>
				<time>2026-08-06T16:31:41.002Z</time>
			</trkpt>
			<trkpt lat="39.25525" lon="21.96295">
				<ele>178.91</ele>
				<time>2026-08-06T16:31:41.722Z</time>
			</trkpt>
			<trkpt lat="39.25631" lon="21.96289">
				<ele>177</ele>
				<time>2026-08-06T16:31:47.979Z</time>
			</trkpt>
			<trkpt lat="39.25659" lon="21.96284">
				<ele>177</ele>
				<time>2026-08-06T16:31:49.650Z</time>
			</trkpt>
			<trkpt lat="39.25705" lon="21.96271">
				<ele>177</ele>
				<time>2026-08-06T16:31:52.435Z</time>
			</trkpt>
			<trkpt lat="39.25765" lon="21.96247">
				<ele>178</ele>
				<time>2026-08-06T16:31:56.158Z</time>
			</trkpt>
			<trkpt lat="39.25845" lon="21.96237">
				<ele>174.15</ele>
				<time>2026-08-06T16:32:00.933Z</time>
			</trkpt>
			<trkpt lat="39.25983" lon="21.9623">
				<ele>169.29</ele>
				<time>2026-08-06T16:32:09.171Z</time>
			</trkpt>
			<trkpt lat="39.26026" lon="21.9622">
				<ele>169.99</ele>
				<time>2026-08-06T16:32:11.786Z</time>
			</trkpt>
			<trkpt lat="39.26072" lon="21.96207">
				<ele>169.38</ele>
				<time>2026-08-06T16:32:14.610Z</time>
			</trkpt>
			<trkpt lat="39.26113" lon="21.962">
				<ele>167.04</ele>
				<time>2026-08-06T16:32:17.095Z</time>
			</trkpt>
			<trkpt lat="39.26139" lon="21.96199">
				<ele>165.16</ele>
				<time>2026-08-06T16:32:18.660Z</time>
			</trkpt>
			<trkpt lat="39.26546" lon="21.9621">
				<ele>159.76</ele>
				<time>2026-08-06T16:32:43.408Z</time>
			</trkpt>
			<trkpt lat="39.26738" lon="21.96209">
				<ele>157.38</ele>
				<time>2026-08-06T16:32:55.267Z</time>
			</trkpt>
			<trkpt lat="39.2684" lon="21.96211">
				<ele>156.3</ele>
				<time>2026-08-06T16:33:01.622Z</time>
			</trkpt>
			<trkpt lat="39.27188" lon="21.95649">
				<ele>149.51</ele>
				<time>2026-08-06T16:33:36.671Z</time>
			</trkpt>
			<trkpt lat="39.27206" lon="21.95629">
				<ele>149.77</ele>
				<time>2026-08-06T16:33:38.161Z</time>
			</trkpt>
			<trkpt lat="39.27241" lon="21.95574">
				<ele>152.14</ele>
				<time>2026-08-06T16:33:41.618Z</time>
			</trkpt>
			<trkpt lat="39.27261" lon="21.95548">
				<ele>152.44</ele>
				<time>2026-08-06T16:33:43.396Z</time>
			</trkpt>
			<trkpt lat="39.27276" lon="21.95534">
				<ele>152.26</ele>
				<time>2026-08-06T16:33:44.556Z</time>
			</trkpt>
			<trkpt lat="39.27308" lon="21.95519">
				<ele>152.2</ele>
				<time>2026-08-06T16:33:46.688Z</time>
			</trkpt>
			<trkpt lat="39.27347" lon="21.95504">
				<ele>151.3</ele>
				<time>2026-08-06T16:33:49.236Z</time>
			</trkpt>
			<trkpt lat="39.27381" lon="21.95492">
				<ele>151.06</ele>
				<time>2026-08-06T16:33:51.441Z</time>
			</trkpt>
			<trkpt lat="39.28327" lon="21.95162">
				<ele>141.81</ele>
				<time>2026-08-06T16:34:52.366Z</time>
			</trkpt>
			<trkpt lat="39.28338" lon="21.95156">
				<ele>141.43</ele>
				<time>2026-08-06T16:34:53.104Z</time>
			</trkpt>
			<trkpt lat="39.28363" lon="21.95137">
				<ele>140.03</ele>
				<time>2026-08-06T16:34:54.897Z</time>
			</trkpt>
			<trkpt lat="39.28806" lon="21.94663">
				<ele>137.87</ele>
				<time>2026-08-06T16:35:30.348Z</time>
			</trkpt>
			<trkpt lat="39.28903" lon="21.94554">
				<ele>139.98</ele>
				<time>2026-08-06T16:35:38.247Z</time>
			</trkpt>
			<trkpt lat="39.29037" lon="21.94414">
				<ele>134.68</ele>
				<time>2026-08-06T16:35:48.823Z</time>
			</trkpt>
			<trkpt lat="39.29133" lon="21.94307">
				<ele>134.87</ele>
				<time>2026-08-06T16:35:56.596Z</time>
			</trkpt>
			<trkpt lat="39.29577" lon="21.93603">
				<ele>133.93</ele>
				<time>2026-08-06T16:36:39.580Z</time>
			</trkpt>
			<trkpt lat="39.29609" lon="21.93555">
				<ele>132.93</ele>
				<time>2026-08-06T16:36:42.573Z</time>
			</trkpt>
			<trkpt lat="39.29628" lon="21.93529">
				<ele>133.28</ele>
				<time>2026-08-06T16:36:44.262Z</time>
			</trkpt>
			<trkpt lat="39.29883" lon="21.9329">
				<ele>134.35</ele>
				<time>2026-08-06T16:37:03.477Z</time>
			</trkpt>
			<trkpt lat="39.29902" lon="21.93275">
				<ele>133.02</ele>
				<time>2026-08-06T16:37:04.834Z</time>
			</trkpt>
			<trkpt lat="39.30623" lon="21.92609">
				<ele>130.42</ele>
				<time>2026-08-06T16:37:58.827Z</time>
			</trkpt>
			<trkpt lat="39.31524" lon="21.91773">
				<ele>128</ele>
				<time>2026-08-06T16:39:06.454Z</time>
			</trkpt>
			<trkpt lat="39.32095" lon="21.91248">
				<ele>123.93</ele>
				<time>2026-08-06T16:39:49.337Z</time>
			</trkpt>
			<trkpt lat="39.3211" lon="21.91236">
				<ele>123.49</ele>
				<time>2026-08-06T16:39:50.419Z</time>
			</trkpt>
			<trkpt lat="39.32117" lon="21.91228">
				<ele>123.21</ele>
				<time>2026-08-06T16:39:50.992Z</time>
			</trkpt>
			<trkpt lat="39.32141" lon="21.9122">
				<ele>123.05</ele>
				<time>2026-08-06T16:39:52.512Z</time>
			</trkpt>
			<trkpt lat="39.32165" lon="21.91218">
				<ele>123.15</ele>
				<time>2026-08-06T16:39:53.988Z</time>
			</trkpt>
			<trkpt lat="39.32387" lon="21.91312">
				<ele>129.34</ele>
				<time>2026-08-06T16:40:08.220Z</time>
			</trkpt>
			<trkpt lat="39.32404" lon="21.9131">
				<ele>128.56</ele>
				<time>2026-08-06T16:40:09.235Z</time>
			</trkpt>
			<trkpt lat="39.32442" lon="21.91322">
				<ele>123.86</ele>
				<time>2026-08-06T16:40:11.547Z</time>
			</trkpt>
			<trkpt lat="39.32482" lon="21.91331">
				<ele>122</ele>
				<time>2026-08-06T16:40:13.925Z</time>
			</trkpt>
			<trkpt lat="39.32569" lon="21.91335">
				<ele>126.88</ele>
				<time>2026-08-06T16:40:18.956Z</time>
			</trkpt>
			<trkpt lat="39.32624" lon="21.91331">
				<ele>124.53</ele>
				<time>2026-08-06T16:40:22.097Z</time>
			</trkpt>
			<trkpt lat="39.32688" lon="21.91319">
				<ele>123.1</ele>
				<time>2026-08-06T16:40:25.747Z</time>
			</trkpt>
			<trkpt lat="39.32728" lon="21.91307">
				<ele>122.93</ele>
				<time>2026-08-06T16:40:28.046Z</time>
			</trkpt>
			<trkpt lat="39.32803" lon="21.91279">
				<ele>121.16</ele>
				<time>2026-08-06T16:40:32.382Z</time>
			</trkpt>
			<trkpt lat="39.33008" lon="21.91184">
				<ele>122.68</ele>
				<time>2026-08-06T16:40:44.301Z</time>
			</trkpt>
			<trkpt lat="39.33091" lon="21.91153">
				<ele>121.13</ele>
				<time>2026-08-06T16:40:48.989Z</time>
			</trkpt>
			<trkpt lat="39.33114" lon="21.91147">
				<ele>121.67</ele>
				<time>2026-08-06T16:40:50.261Z</time>
			</trkpt>
			<trkpt lat="39.3315" lon="21.91142">
				<ele>121.87</ele>
				<time>2026-08-06T16:40:52.223Z</time>
			</trkpt>
			<trkpt lat="39.33172" lon="21.91142">
				<ele>121.66</ele>
				<time>2026-08-06T16:40:53.416Z</time>
			</trkpt>
			<trkpt lat="39.33195" lon="21.91145">
				<ele>121</ele>
				<time>2026-08-06T16:40:54.670Z</time>
			</trkpt>
			<trkpt lat="39.33238" lon="21.91156">
				<ele>121.59</ele>
				<time>2026-08-06T16:40:57.049Z</time>
			</trkpt>
			<trkpt lat="39.33631" lon="21.91285">
				<ele>116.73</ele>
				<time>2026-08-06T16:41:19.451Z</time>
			</trkpt>
			<trkpt lat="39.3367" lon="21.913">
				<ele>118.67</ele>
				<time>2026-08-06T16:41:21.766Z</time>
			</trkpt>
			<trkpt lat="39.33702" lon="21.91315">
				<ele>118.82</ele>
				<time>2026-08-06T16:41:23.715Z</time>
			</trkpt>
			<trkpt lat="39.33759" lon="21.91346">
				<ele>117.31</ele>
				<time>2026-08-06T16:41:27.290Z</time>
			</trkpt>
			<trkpt lat="39.33799" lon="21.91373">
				<ele>117.62</ele>
				<time>2026-08-06T16:41:29.927Z</time>
			</trkpt>
			<trkpt lat="39.33883" lon="21.91442">
				<ele>115.42</ele>
				<time>2026-08-06T16:41:35.840Z</time>
			</trkpt>
			<trkpt lat="39.33954" lon="21.91505">
				<ele>117.12</ele>
				<time>2026-08-06T16:41:41.074Z</time>
			</trkpt>
			<trkpt lat="39.34051" lon="21.916">
				<ele>115.9</ele>
				<time>2026-08-06T16:41:48.680Z</time>
			</trkpt>
			<trkpt lat="39.34194" lon="21.91729">
				<ele>115.24</ele>
				<time>2026-08-06T16:42:00.069Z</time>
			</trkpt>
			<trkpt lat="39.3425" lon="21.91776">
				<ele>115.95</ele>
				<time>2026-08-06T16:42:04.600Z</time>
			</trkpt>
			<trkpt lat="39.34404" lon="21.91913">
				<ele>111.87</ele>
				<time>2026-08-06T16:42:17.854Z</time>
			</trkpt>
			<trkpt lat="39.34438" lon="21.91938">
				<ele>111</ele>
				<time>2026-08-06T16:42:20.741Z</time>
			</trkpt>
			<trkpt lat="39.34499" lon="21.91977">
				<ele>111.21</ele>
				<time>2026-08-06T16:42:25.863Z</time>
			</trkpt>
			<trkpt lat="39.3455" lon="21.92005">
				<ele>112.4</ele>
				<time>2026-08-06T16:42:30.132Z</time>
			</trkpt>
			<trkpt lat="39.3468" lon="21.92071">
				<ele>111.56</ele>
				<time>2026-08-06T16:42:41.301Z</time>
			</trkpt>
			<trkpt lat="39.3473" lon="21.91938">
				<ele>111.63</ele>
				<time>2026-08-06T16:42:52.190Z</time>
			</trkpt>
			<trkpt lat="39.34766" lon="21.91829">
				<ele>110.81</ele>
				<time>2026-08-06T16:43:02.188Z</time>
			</trkpt>
			<trkpt lat="39.34775" lon="21.91796">
				<ele>110.46</ele>
				<time>2026-08-06T16:43:05.179Z</time>
			</trkpt>
			<trkpt lat="39.34781" lon="21.91762">
				<ele>111.26</ele>
				<time>2026-08-06T16:43:08.189Z</time>
			</trkpt>
			<trkpt lat="39.3479" lon="21.91697">
				<ele>111.92</ele>
				<time>2026-08-06T16:43:13.971Z</time>
			</trkpt>
			<trkpt lat="39.34826" lon="21.91399">
				<ele>111</ele>
				<time>2026-08-06T16:43:41.579Z</time>
			</trkpt>
			<trkpt lat="39.34845" lon="21.91261">
				<ele>111.8</ele>
				<time>2026-08-06T16:43:54.982Z</time>
			</trkpt>
			<trkpt lat="39.34921" lon="21.9067">
				<ele>114.12</ele>
				<time>2026-08-06T16:44:54.939Z</time>
			</trkpt>
			<trkpt lat="39.34919" lon="21.90613">
				<ele>111.17</ele>
				<time>2026-08-06T16:45:00.782Z</time>
			</trkpt>
			<trkpt lat="39.34909" lon="21.90558">
				<ele>111.89</ele>
				<time>2026-08-06T16:45:06.576Z</time>
			</trkpt>
			<trkpt lat="39.34891" lon="21.90503">
				<ele>112.2</ele>
				<time>2026-08-06T16:45:12.707Z</time>
			</trkpt>
			<trkpt lat="39.34874" lon="21.90463">
				<ele>111.52</ele>
				<time>2026-08-06T16:45:17.394Z</time>
			</trkpt>
			<trkpt lat="39.34826" lon="21.90402">
				<ele>112</ele>
				<time>2026-08-06T16:45:26.327Z</time>
			</trkpt>
			<trkpt lat="39.34639" lon="21.90155">
				<ele>114</ele>
				<time>2026-08-06T16:46:01.542Z</time>
			</trkpt>
			<trkpt lat="39.34545" lon="21.90043">
				<ele>110.16</ele>
				<time>2026-08-06T16:46:18.074Z</time>
			</trkpt>
			<trkpt lat="39.34483" lon="21.89961">
				<ele>113</ele>
				<time>2026-08-06T16:46:29.366Z</time>
			</trkpt>
			<trkpt lat="39.34453" lon="21.8992">
				<ele>112.4</ele>
				<time>2026-08-06T16:46:34.860Z</time>
			</trkpt>
			<trkpt lat="39.34427" lon="21.89881">
				<ele>111.83</ele>
				<time>2026-08-06T16:46:39.831Z</time>
			</trkpt>
			<trkpt lat="39.34408" lon="21.89838">
				<ele>110.43</ele>
				<time>2026-08-06T16:46:44.573Z</time>
			</trkpt>
			<trkpt lat="39.34394" lon="21.89795">
				<ele>110.57</ele>
				<time>2026-08-06T16:46:49.003Z</time>
			</trkpt>
			<trkpt lat="39.34387" lon="21.8976">
				<ele>111.68</ele>
				<time>2026-08-06T16:46:52.410Z</time>
			</trkpt>
			<trkpt lat="39.34385" lon="21.8973">
				<ele>112.94</ele>
				<time>2026-08-06T16:46:55.230Z</time>
			</trkpt>
			<trkpt lat="39.34381" lon="21.89708">
				<ele>113.38</ele>
				<time>2026-08-06T16:46:57.335Z</time>
			</trkpt>
			<trkpt lat="39.34381" lon="21.8967">
				<ele>113.68</ele>
				<time>2026-08-06T16:47:00.853Z</time>
			</trkpt>
			<trkpt lat="39.34394" lon="21.8961">
				<ele>112.98</ele>
				<time>2026-08-06T16:47:06.559Z</time>
			</trkpt>
			<trkpt lat="39.3441" lon="21.89558">
				<ele>112</ele>
				<time>2026-08-06T16:47:11.614Z</time>
			</trkpt>
			<trkpt lat="39.34423" lon="21.89526">
				<ele>112.5</ele>
				<time>2026-08-06T16:47:14.843Z</time>
			</trkpt>
			<trkpt lat="39.3443" lon="21.89513">
				<ele>112.76</ele>
				<time>2026-08-06T16:47:16.249Z</time>
			</trkpt>
			<trkpt lat="39.34443" lon="21.89492">
				<ele>112.19</ele>
				<time>2026-08-06T16:47:18.623Z</time>
			</trkpt>
			<trkpt lat="39.34462" lon="21.89471">
				<ele>110.59</ele>
				<time>2026-08-06T16:47:21.453Z</time>
			</trkpt>
			<trkpt lat="39.34468" lon="21.89461">
				<ele>110.06</ele>
				<time>2026-08-06T16:47:22.555Z</time>
			</trkpt>
			<trkpt lat="39.3447" lon="21.89444">
				<ele>108.97</ele>
				<time>2026-08-06T16:47:24.045Z</time>
			</trkpt>
			<trkpt lat="39.34469" lon="21.89438">
				<ele>108.91</ele>
				<time>2026-08-06T16:47:24.575Z</time>
			</trkpt>
			<trkpt lat="39.34466" lon="21.89432">
				<ele>108.8</ele>
				<time>2026-08-06T16:47:25.191Z</time>
			</trkpt>
			<trkpt lat="39.3444" lon="21.89393">
				<ele>109.11</ele>
				<time>2026-08-06T16:47:29.592Z</time>
			</trkpt>
			<trkpt lat="39.3443" lon="21.89358">
				<ele>111.49</ele>
				<time>2026-08-06T16:47:32.739Z</time>
			</trkpt>
			<trkpt lat="39.34418" lon="21.89287">
				<ele>113.5</ele>
				<time>2026-08-06T16:47:38.761Z</time>
			</trkpt>
			<trkpt lat="39.34411" lon="21.89193">
				<ele>115.73</ele>
				<time>2026-08-06T16:47:46.365Z</time>
			</trkpt>
			<trkpt lat="39.34407" lon="21.89101">
				<ele>111.62</ele>
				<time>2026-08-06T16:47:53.530Z</time>
			</trkpt>
			<trkpt lat="39.34418" lon="21.8909">
				<ele>111.06</ele>
				<time>2026-08-06T16:47:54.898Z</time>
			</trkpt>
			<trkpt lat="39.34415" lon="21.88998">
				<ele>116.25</ele>
				<time>2026-08-06T16:48:01.739Z</time>
			</trkpt>
			<trkpt lat="39.3441" lon="21.88945">
				<ele>118.47</ele>
				<time>2026-08-06T16:48:05.577Z</time>
			</trkpt>
			<trkpt lat="39.34397" lon="21.88875">
				<ele>115.41</ele>
				<time>2026-08-06T16:48:10.597Z</time>
			</trkpt>
			<trkpt lat="39.34383" lon="21.88822">
				<ele>113.92</ele>
				<time>2026-08-06T16:48:14.436Z</time>
			</trkpt>
			<trkpt lat="39.34362" lon="21.88773">
				<ele>114.5</ele>
				<time>2026-08-06T16:48:18.262Z</time>
			</trkpt>
			<trkpt lat="39.34341" lon="21.88731">
				<ele>113.93</ele>
				<time>2026-08-06T16:48:21.665Z</time>
			</trkpt>
			<trkpt lat="39.34246" lon="21.88556">
				<ele>114.03</ele>
				<time>2026-08-06T16:48:36.095Z</time>
			</trkpt>
			<trkpt lat="39.3418" lon="21.8843">
				<ele>112.26</ele>
				<time>2026-08-06T16:48:46.245Z</time>
			</trkpt>
			<trkpt lat="39.34168" lon="21.88406">
				<ele>113.31</ele>
				<time>2026-08-06T16:48:48.140Z</time>
			</trkpt>
			<trkpt lat="39.34154" lon="21.8837">
				<ele>115.26</ele>
				<time>2026-08-06T16:48:50.807Z</time>
			</trkpt>
			<trkpt lat="39.34122" lon="21.88269">
				<ele>114.29</ele>
				<time>2026-08-06T16:48:57.995Z</time>
			</trkpt>
			<trkpt lat="39.34073" lon="21.88101">
				<ele>116.58</ele>
				<time>2026-08-06T16:49:09.712Z</time>
			</trkpt>
			<trkpt lat="39.34042" lon="21.8798">
				<ele>116.69</ele>
				<time>2026-08-06T16:49:17.949Z</time>
			</trkpt>
			<trkpt lat="39.33933" lon="21.876">
				<ele>119.38</ele>
				<time>2026-08-06T16:49:43.706Z</time>
			</trkpt>
			<trkpt lat="39.33918" lon="21.87547">
				<ele>118.65</ele>
				<time>2026-08-06T16:49:47.241Z</time>
			</trkpt>
			<trkpt lat="39.33858" lon="21.87341">
				<ele>116.83</ele>
				<time>2026-08-06T16:50:00.911Z</time>
			</trkpt>
			<trkpt lat="39.33838" lon="21.87266">
				<ele>119.33</ele>
				<time>2026-08-06T16:50:05.792Z</time>
			</trkpt>
			<trkpt lat="39.33813" lon="21.87162">
				<ele>118.49</ele>
				<time>2026-08-06T16:50:12.454Z</time>
			</trkpt>
			<trkpt lat="39.33799" lon="21.87085">
				<ele>119.22</ele>
				<time>2026-08-06T16:50:17.264Z</time>
			</trkpt>
			<trkpt lat="39.33786" lon="21.86979">
				<ele>119.82</ele>
				<time>2026-08-06T16:50:23.754Z</time>
			</trkpt>
			<trkpt lat="39.33755" lon="21.86546">
				<ele>120.77</ele>
				<time>2026-08-06T16:50:49.618Z</time>
			</trkpt>
			<trkpt lat="39.33741" lon="21.86311">
				<ele>122.06</ele>
				<time>2026-08-06T16:51:03.355Z</time>
			</trkpt>
			<trkpt lat="39.33715" lon="21.85905">
				<ele>130.23</ele>
				<time>2026-08-06T16:51:26.650Z</time>
			</trkpt>
			<trkpt lat="39.33691" lon="21.85629">
				<ele>127.89</ele>
				<time>2026-08-06T16:51:42.215Z</time>
			</trkpt>
			<trkpt lat="39.33686" lon="21.85546">
				<ele>130.33</ele>
				<time>2026-08-06T16:51:46.832Z</time>
			</trkpt>
			<trkpt lat="39.33671" lon="21.85385">
				<ele>132.33</ele>
				<time>2026-08-06T16:51:55.762Z</time>
			</trkpt>
			<trkpt lat="39.33616" lon="21.84533">
				<ele>140.99</ele>
				<time>2026-08-06T16:52:41.522Z</time>
			</trkpt>
			<trkpt lat="39.33572" lon="21.83866">
				<ele>150.81</ele>
				<time>2026-08-06T16:53:15.900Z</time>
			</trkpt>
			<trkpt lat="39.33573" lon="21.83832">
				<ele>151</ele>
				<time>2026-08-06T16:53:17.615Z</time>
			</trkpt>
			<trkpt lat="39.33574" lon="21.83817">
				<ele>151.22</ele>
				<time>2026-08-06T16:53:18.373Z</time>
			</trkpt>
			<trkpt lat="39.33579" lon="21.838">
				<ele>151.72</ele>
				<time>2026-08-06T16:53:19.288Z</time>
			</trkpt>
			<trkpt lat="39.33594" lon="21.83766">
				<ele>151.58</ele>
				<time>2026-08-06T16:53:21.255Z</time>
			</trkpt>
			<trkpt lat="39.33615" lon="21.83744">
				<ele>150.73</ele>
				<time>2026-08-06T16:53:23.007Z</time>
			</trkpt>
			<trkpt lat="39.33629" lon="21.83731">
				<ele>150.11</ele>
				<time>2026-08-06T16:53:24.123Z</time>
			</trkpt>
			<trkpt lat="39.33735" lon="21.83659">
				<ele>149</ele>
				<time>2026-08-06T16:53:31.841Z</time>
			</trkpt>
			<trkpt lat="39.33746" lon="21.83648">
				<ele>149</ele>
				<time>2026-08-06T16:53:32.733Z</time>
			</trkpt>
			<trkpt lat="39.33756" lon="21.83627">
				<ele>149.09</ele>
				<time>2026-08-06T16:53:33.956Z</time>
			</trkpt>
			<trkpt lat="39.33762" lon="21.83609">
				<ele>149.46</ele>
				<time>2026-08-06T16:53:34.927Z</time>
			</trkpt>
			<trkpt lat="39.33763" lon="21.83598">
				<ele>149.7</ele>
				<time>2026-08-06T16:53:35.475Z</time>
			</trkpt>
			<trkpt lat="39.33762" lon="21.83577">
				<ele>150.23</ele>
				<time>2026-08-06T16:53:36.515Z</time>
			</trkpt>
			<trkpt lat="39.33756" lon="21.83552">
				<ele>151.5</ele>
				<time>2026-08-06T16:53:37.808Z</time>
			</trkpt>
			<trkpt lat="39.33744" lon="21.83528">
				<ele>152.21</ele>
				<time>2026-08-06T16:53:39.218Z</time>
			</trkpt>
			<trkpt lat="39.33714" lon="21.83483">
				<ele>153.12</ele>
				<time>2026-08-06T16:53:42.142Z</time>
			</trkpt>
			<trkpt lat="39.33703" lon="21.83472">
				<ele>152.99</ele>
				<time>2026-08-06T16:53:43.026Z</time>
			</trkpt>
			<trkpt lat="39.33687" lon="21.83443">
				<ele>151.74</ele>
				<time>2026-08-06T16:53:44.773Z</time>
			</trkpt>
			<trkpt lat="39.33668" lon="21.83413">
				<ele>151.23</ele>
				<time>2026-08-06T16:53:46.672Z</time>
			</trkpt>
			<trkpt lat="39.33651" lon="21.83392">
				<ele>150.62</ele>
				<time>2026-08-06T16:53:48.159Z</time>
			</trkpt>
			<trkpt lat="39.33597" lon="21.83178">
				<ele>154.91</ele>
				<time>2026-08-06T16:53:59.098Z</time>
			</trkpt>
			<trkpt lat="39.33584" lon="21.83138">
				<ele>156.29</ele>
				<time>2026-08-06T16:54:01.193Z</time>
			</trkpt>
			<trkpt lat="39.33567" lon="21.83096">
				<ele>159.44</ele>
				<time>2026-08-06T16:54:03.477Z</time>
			</trkpt>
			<trkpt lat="39.33535" lon="21.83001">
				<ele>164.76</ele>
				<time>2026-08-06T16:54:08.453Z</time>
			</trkpt>
			<trkpt lat="39.33529" lon="21.82946">
				<ele>165.35</ele>
				<time>2026-08-06T16:54:11.110Z</time>
			</trkpt>
			<trkpt lat="39.33528" lon="21.82896">
				<ele>164.38</ele>
				<time>2026-08-06T16:54:13.497Z</time>
			</trkpt>
			<trkpt lat="39.33529" lon="21.82861">
				<ele>165.42</ele>
				<time>2026-08-06T16:54:15.166Z</time>
			</trkpt>
			<trkpt lat="39.33548" lon="21.82552">
				<ele>172.07</ele>
				<time>2026-08-06T16:54:29.818Z</time>
			</trkpt>
			<trkpt lat="39.33551" lon="21.82526">
				<ele>173.92</ele>
				<time>2026-08-06T16:54:31.051Z</time>
			</trkpt>
			<trkpt lat="39.33561" lon="21.82483">
				<ele>174.77</ele>
				<time>2026-08-06T16:54:33.154Z</time>
			</trkpt>
			<trkpt lat="39.3361" lon="21.82368">
				<ele>179.85</ele>
				<time>2026-08-06T16:54:39.282Z</time>
			</trkpt>
			<trkpt lat="39.33617" lon="21.82347">
				<ele>180.58</ele>
				<time>2026-08-06T16:54:40.346Z</time>
			</trkpt>
			<trkpt lat="39.33621" lon="21.82322">
				<ele>179.96</ele>
				<time>2026-08-06T16:54:41.532Z</time>
			</trkpt>
			<trkpt lat="39.3364" lon="21.82051">
				<ele>182.77</ele>
				<time>2026-08-06T16:54:54.098Z</time>
			</trkpt>
			<trkpt lat="39.33641" lon="21.82014">
				<ele>186.84</ele>
				<time>2026-08-06T16:54:55.797Z</time>
			</trkpt>
			<trkpt lat="39.33639" lon="21.81992">
				<ele>188.99</ele>
				<time>2026-08-06T16:54:56.812Z</time>
			</trkpt>
			<trkpt lat="39.33633" lon="21.81961">
				<ele>191.36</ele>
				<time>2026-08-06T16:54:58.275Z</time>
			</trkpt>
			<trkpt lat="39.33595" lon="21.81863">
				<ele>195.1</ele>
				<time>2026-08-06T16:55:03.280Z</time>
			</trkpt>
			<trkpt lat="39.3359" lon="21.81832">
				<ele>194.26</ele>
				<time>2026-08-06T16:55:04.722Z</time>
			</trkpt>
			<trkpt lat="39.33589" lon="21.81804">
				<ele>194.17</ele>
				<time>2026-08-06T16:55:05.997Z</time>
			</trkpt>
			<trkpt lat="39.33592" lon="21.81777">
				<ele>194.65</ele>
				<time>2026-08-06T16:55:07.236Z</time>
			</trkpt>
			<trkpt lat="39.33598" lon="21.81754">
				<ele>194.39</ele>
				<time>2026-08-06T16:55:08.337Z</time>
			</trkpt>
			<trkpt lat="39.33625" lon="21.81681">
				<ele>196.95</ele>
				<time>2026-08-06T16:55:12.002Z</time>
			</trkpt>
			<trkpt lat="39.33636" lon="21.81649">
				<ele>201.81</ele>
				<time>2026-08-06T16:55:13.585Z</time>
			</trkpt>
			<trkpt lat="39.33645" lon="21.81608">
				<ele>208.24</ele>
				<time>2026-08-06T16:55:15.508Z</time>
			</trkpt>
			<trkpt lat="39.33647" lon="21.81577">
				<ele>207.33</ele>
				<time>2026-08-06T16:55:16.909Z</time>
			</trkpt>
			<trkpt lat="39.33647" lon="21.81538">
				<ele>204.41</ele>
				<time>2026-08-06T16:55:18.664Z</time>
			</trkpt>
			<trkpt lat="39.33645" lon="21.81509">
				<ele>204.8</ele>
				<time>2026-08-06T16:55:19.973Z</time>
			</trkpt>
			<trkpt lat="39.3364" lon="21.81484">
				<ele>205.99</ele>
				<time>2026-08-06T16:55:21.132Z</time>
			</trkpt>
			<trkpt lat="39.33605" lon="21.81378">
				<ele>206.75</ele>
				<time>2026-08-06T16:55:26.294Z</time>
			</trkpt>
			<trkpt lat="39.33599" lon="21.81353">
				<ele>206.97</ele>
				<time>2026-08-06T16:55:27.463Z</time>
			</trkpt>
			<trkpt lat="39.33596" lon="21.81332">
				<ele>206.26</ele>
				<time>2026-08-06T16:55:28.416Z</time>
			</trkpt>
			<trkpt lat="39.33597" lon="21.81292">
				<ele>205.97</ele>
				<time>2026-08-06T16:55:30.201Z</time>
			</trkpt>
			<trkpt lat="39.33602" lon="21.81265">
				<ele>208.3</ele>
				<time>2026-08-06T16:55:31.437Z</time>
			</trkpt>
			<trkpt lat="39.3361" lon="21.81244">
				<ele>210.39</ele>
				<time>2026-08-06T16:55:32.478Z</time>
			</trkpt>
			<trkpt lat="39.33619" lon="21.81227">
				<ele>211.04</ele>
				<time>2026-08-06T16:55:33.394Z</time>
			</trkpt>
			<trkpt lat="39.33678" lon="21.81153">
				<ele>214.6</ele>
				<time>2026-08-06T16:55:38.108Z</time>
			</trkpt>
			<trkpt lat="39.33695" lon="21.81126">
				<ele>215.89</ele>
				<time>2026-08-06T16:55:39.649Z</time>
			</trkpt>
			<trkpt lat="39.33736" lon="21.81038">
				<ele>214.17</ele>
				<time>2026-08-06T16:55:44.184Z</time>
			</trkpt>
			<trkpt lat="39.33752" lon="21.81015">
				<ele>213.22</ele>
				<time>2026-08-06T16:55:45.546Z</time>
			</trkpt>
			<trkpt lat="39.33778" lon="21.80987">
				<ele>212.36</ele>
				<time>2026-08-06T16:55:47.471Z</time>
			</trkpt>
			<trkpt lat="39.33923" lon="21.80869">
				<ele>223.01</ele>
				<time>2026-08-06T16:55:57.175Z</time>
			</trkpt>
			<trkpt lat="39.34048" lon="21.80771">
				<ele>235.47</ele>
				<time>2026-08-06T16:56:05.401Z</time>
			</trkpt>
			<trkpt lat="39.34088" lon="21.80738">
				<ele>240.3</ele>
				<time>2026-08-06T16:56:08.061Z</time>
			</trkpt>
			<trkpt lat="39.34134" lon="21.80677">
				<ele>239.75</ele>
				<time>2026-08-06T16:56:11.747Z</time>
			</trkpt>
			<trkpt lat="39.34181" lon="21.80595">
				<ele>247.17</ele>
				<time>2026-08-06T16:56:16.151Z</time>
			</trkpt>
			<trkpt lat="39.34208" lon="21.80565">
				<ele>251.65</ele>
				<time>2026-08-06T16:56:18.133Z</time>
			</trkpt>
			<trkpt lat="39.34239" lon="21.80551">
				<ele>251.67</ele>
				<time>2026-08-06T16:56:19.959Z</time>
			</trkpt>
			<trkpt lat="39.34322" lon="21.80541">
				<ele>255.07</ele>
				<time>2026-08-06T16:56:24.585Z</time>
			</trkpt>
			<trkpt lat="39.34352" lon="21.80534">
				<ele>258.96</ele>
				<time>2026-08-06T16:56:26.274Z</time>
			</trkpt>
			<trkpt lat="39.3437" lon="21.80525">
				<ele>259.69</ele>
				<time>2026-08-06T16:56:27.342Z</time>
			</trkpt>
			<trkpt lat="39.34385" lon="21.80514">
				<ele>259.25</ele>
				<time>2026-08-06T16:56:28.295Z</time>
			</trkpt>
			<trkpt lat="39.344" lon="21.80499">
				<ele>260.44</ele>
				<time>2026-08-06T16:56:29.343Z</time>
			</trkpt>
			<trkpt lat="39.34414" lon="21.8048">
				<ele>262.97</ele>
				<time>2026-08-06T16:56:30.464Z</time>
			</trkpt>
			<trkpt lat="39.34425" lon="21.80459">
				<ele>264.69</ele>
				<time>2026-08-06T16:56:31.547Z</time>
			</trkpt>
			<trkpt lat="39.34432" lon="21.80436">
				<ele>265.85</ele>
				<time>2026-08-06T16:56:32.601Z</time>
			</trkpt>
			<trkpt lat="39.34437" lon="21.80413">
				<ele>266.94</ele>
				<time>2026-08-06T16:56:33.620Z</time>
			</trkpt>
			<trkpt lat="39.34438" lon="21.80393">
				<ele>267.07</ele>
				<time>2026-08-06T16:56:34.474Z</time>
			</trkpt>
			<trkpt lat="39.34436" lon="21.80373">
				<ele>266.17</ele>
				<time>2026-08-06T16:56:35.333Z</time>
			</trkpt>
			<trkpt lat="39.34432" lon="21.80349">
				<ele>266.18</ele>
				<time>2026-08-06T16:56:36.378Z</time>
			</trkpt>
			<trkpt lat="39.34426" lon="21.80329">
				<ele>267.33</ele>
				<time>2026-08-06T16:56:37.291Z</time>
			</trkpt>
			<trkpt lat="39.34417" lon="21.80311">
				<ele>269.89</ele>
				<time>2026-08-06T16:56:38.202Z</time>
			</trkpt>
			<trkpt lat="39.34406" lon="21.80292">
				<ele>273</ele>
				<time>2026-08-06T16:56:39.211Z</time>
			</trkpt>
			<trkpt lat="39.34376" lon="21.80247">
				<ele>277.99</ele>
				<time>2026-08-06T16:56:41.733Z</time>
			</trkpt>
			<trkpt lat="39.34369" lon="21.80231">
				<ele>278.23</ele>
				<time>2026-08-06T16:56:42.513Z</time>
			</trkpt>
			<trkpt lat="39.34365" lon="21.80215">
				<ele>279.25</ele>
				<time>2026-08-06T16:56:43.226Z</time>
			</trkpt>
			<trkpt lat="39.34363" lon="21.80197">
				<ele>280.51</ele>
				<time>2026-08-06T16:56:43.997Z</time>
			</trkpt>
			<trkpt lat="39.34364" lon="21.80176">
				<ele>281.6</ele>
				<time>2026-08-06T16:56:44.888Z</time>
			</trkpt>
			<trkpt lat="39.34369" lon="21.80155">
				<ele>283.28</ele>
				<time>2026-08-06T16:56:45.818Z</time>
			</trkpt>
			<trkpt lat="39.34378" lon="21.80135">
				<ele>285.21</ele>
				<time>2026-08-06T16:56:46.798Z</time>
			</trkpt>
			<trkpt lat="39.34405" lon="21.80111">
				<ele>287.96</ele>
				<time>2026-08-06T16:56:48.589Z</time>
			</trkpt>
			<trkpt lat="39.34425" lon="21.80103">
				<ele>289.02</ele>
				<time>2026-08-06T16:56:49.733Z</time>
			</trkpt>
			<trkpt lat="39.34451" lon="21.80102">
				<ele>290.42</ele>
				<time>2026-08-06T16:56:51.154Z</time>
			</trkpt>
			<trkpt lat="39.34494" lon="21.80105">
				<ele>292.6</ele>
				<time>2026-08-06T16:56:53.503Z</time>
			</trkpt>
			<trkpt lat="39.34528" lon="21.80101">
				<ele>291.91</ele>
				<time>2026-08-06T16:56:55.363Z</time>
			</trkpt>
			<trkpt lat="39.34564" lon="21.80083">
				<ele>297.3</ele>
				<time>2026-08-06T16:56:57.465Z</time>
			</trkpt>
			<trkpt lat="39.34597" lon="21.8005">
				<ele>305.72</ele>
				<time>2026-08-06T16:56:59.733Z</time>
			</trkpt>
			<trkpt lat="39.34616" lon="21.80013">
				<ele>310.43</ele>
				<time>2026-08-06T16:57:01.600Z</time>
			</trkpt>
			<trkpt lat="39.3463" lon="21.79962">
				<ele>306.28</ele>
				<time>2026-08-06T16:57:03.871Z</time>
			</trkpt>
			<trkpt lat="39.34655" lon="21.79847">
				<ele>313.71</ele>
				<time>2026-08-06T16:57:08.877Z</time>
			</trkpt>
			<trkpt lat="39.34686" lon="21.7977">
				<ele>318.16</ele>
				<time>2026-08-06T16:57:12.508Z</time>
			</trkpt>
			<trkpt lat="39.34714" lon="21.79724">
				<ele>322.17</ele>
				<time>2026-08-06T16:57:14.953Z</time>
			</trkpt>
			<trkpt lat="39.34739" lon="21.79695">
				<ele>324.1</ele>
				<time>2026-08-06T16:57:16.766Z</time>
			</trkpt>
			<trkpt lat="39.34805" lon="21.7963">
				<ele>336.36</ele>
				<time>2026-08-06T16:57:21.237Z</time>
			</trkpt>
			<trkpt lat="39.34889" lon="21.79542">
				<ele>335.54</ele>
				<time>2026-08-06T16:57:27.053Z</time>
			</trkpt>
			<trkpt lat="39.34899" lon="21.79522">
				<ele>336.95</ele>
				<time>2026-08-06T16:57:28.043Z</time>
			</trkpt>
			<trkpt lat="39.34906" lon="21.79487">
				<ele>337.36</ele>
				<time>2026-08-06T16:57:29.544Z</time>
			</trkpt>
			<trkpt lat="39.34905" lon="21.79454">
				<ele>337.76</ele>
				<time>2026-08-06T16:57:30.915Z</time>
			</trkpt>
			<trkpt lat="39.34894" lon="21.7937">
				<ele>349.2</ele>
				<time>2026-08-06T16:57:34.449Z</time>
			</trkpt>
			<trkpt lat="39.34894" lon="21.79341">
				<ele>350.68</ele>
				<time>2026-08-06T16:57:35.651Z</time>
			</trkpt>
			<trkpt lat="39.34897" lon="21.79312">
				<ele>350.98</ele>
				<time>2026-08-06T16:57:36.863Z</time>
			</trkpt>
			<trkpt lat="39.34904" lon="21.79275">
				<ele>348.07</ele>
				<time>2026-08-06T16:57:38.440Z</time>
			</trkpt>
			<trkpt lat="39.3492" lon="21.79243">
				<ele>347.77</ele>
				<time>2026-08-06T16:57:40.017Z</time>
			</trkpt>
			<trkpt lat="39.34941" lon="21.79217">
				<ele>357.67</ele>
				<time>2026-08-06T16:57:41.573Z</time>
			</trkpt>
			<trkpt lat="39.34979" lon="21.79182">
				<ele>363.31</ele>
				<time>2026-08-06T16:57:44.068Z</time>
			</trkpt>
			<trkpt lat="39.3504" lon="21.79118">
				<ele>359.74</ele>
				<time>2026-08-06T16:57:48.264Z</time>
			</trkpt>
			<trkpt lat="39.35074" lon="21.79055">
				<ele>365.35</ele>
				<time>2026-08-06T16:57:51.435Z</time>
			</trkpt>
			<trkpt lat="39.35133" lon="21.78923">
				<ele>378.72</ele>
				<time>2026-08-06T16:57:57.721Z</time>
			</trkpt>
			<trkpt lat="39.35187" lon="21.78814">
				<ele>385.74</ele>
				<time>2026-08-06T16:58:03.051Z</time>
			</trkpt>
			<trkpt lat="39.35213" lon="21.78778">
				<ele>388.26</ele>
				<time>2026-08-06T16:58:05.078Z</time>
			</trkpt>
			<trkpt lat="39.35236" lon="21.78763">
				<ele>393.34</ele>
				<time>2026-08-06T16:58:06.449Z</time>
			</trkpt>
			<trkpt lat="39.35261" lon="21.7876">
				<ele>398.59</ele>
				<time>2026-08-06T16:58:07.784Z</time>
			</trkpt>
			<trkpt lat="39.35336" lon="21.78778">
				<ele>403.51</ele>
				<time>2026-08-06T16:58:11.840Z</time>
			</trkpt>
			<trkpt lat="39.35358" lon="21.78774">
				<ele>404.78</ele>
				<time>2026-08-06T16:58:13.020Z</time>
			</trkpt>
			<trkpt lat="39.35381" lon="21.78756">
				<ele>404.79</ele>
				<time>2026-08-06T16:58:14.449Z</time>
			</trkpt>
			<trkpt lat="39.35501" lon="21.78617">
				<ele>412.63</ele>
				<time>2026-08-06T16:58:23.005Z</time>
			</trkpt>
			<trkpt lat="39.3554" lon="21.78562">
				<ele>413.94</ele>
				<time>2026-08-06T16:58:26.068Z</time>
			</trkpt>
			<trkpt lat="39.35562" lon="21.78516">
				<ele>420.31</ele>
				<time>2026-08-06T16:58:28.287Z</time>
			</trkpt>
			<trkpt lat="39.356" lon="21.78365">
				<ele>428.5</ele>
				<time>2026-08-06T16:58:34.803Z</time>
			</trkpt>
			<trkpt lat="39.35619" lon="21.78332">
				<ele>434.23</ele>
				<time>2026-08-06T16:58:36.491Z</time>
			</trkpt>
			<trkpt lat="39.35702" lon="21.78217">
				<ele>438.26</ele>
				<time>2026-08-06T16:58:42.944Z</time>
			</trkpt>
			<trkpt lat="39.35739" lon="21.78184">
				<ele>443.51</ele>
				<time>2026-08-06T16:58:45.329Z</time>
			</trkpt>
			<trkpt lat="39.35822" lon="21.78143">
				<ele>449.29</ele>
				<time>2026-08-06T16:58:50.044Z</time>
			</trkpt>
			<trkpt lat="39.35846" lon="21.7811">
				<ele>457.98</ele>
				<time>2026-08-06T16:58:51.904Z</time>
			</trkpt>
			<trkpt lat="39.35855" lon="21.78067">
				<ele>457.81</ele>
				<time>2026-08-06T16:58:53.732Z</time>
			</trkpt>
			<trkpt lat="39.35849" lon="21.78018">
				<ele>458.59</ele>
				<time>2026-08-06T16:58:55.769Z</time>
			</trkpt>
			<trkpt lat="39.35825" lon="21.77977">
				<ele>464.48</ele>
				<time>2026-08-06T16:58:57.880Z</time>
			</trkpt>
			<trkpt lat="39.35783" lon="21.77924">
				<ele>472.92</ele>
				<time>2026-08-06T16:59:00.997Z</time>
			</trkpt>
			<trkpt lat="39.35769" lon="21.77883">
				<ele>473.65</ele>
				<time>2026-08-06T16:59:02.839Z</time>
			</trkpt>
			<trkpt lat="39.3577" lon="21.77837">
				<ele>473.3</ele>
				<time>2026-08-06T16:59:04.730Z</time>
			</trkpt>
			<trkpt lat="39.35782" lon="21.77801">
				<ele>472.01</ele>
				<time>2026-08-06T16:59:06.341Z</time>
			</trkpt>
			<trkpt lat="39.35806" lon="21.77774">
				<ele>474.6</ele>
				<time>2026-08-06T16:59:08.032Z</time>
			</trkpt>
			<trkpt lat="39.35847" lon="21.77753">
				<ele>481.12</ele>
				<time>2026-08-06T16:59:10.378Z</time>
			</trkpt>
			<trkpt lat="39.35887" lon="21.7773">
				<ele>485.46</ele>
				<time>2026-08-06T16:59:12.707Z</time>
			</trkpt>
			<trkpt lat="39.35908" lon="21.77702">
				<ele>490.82</ele>
				<time>2026-08-06T16:59:14.312Z</time>
			</trkpt>
			<trkpt lat="39.35919" lon="21.77659">
				<ele>496.8</ele>
				<time>2026-08-06T16:59:16.177Z</time>
			</trkpt>
			<trkpt lat="39.35918" lon="21.77604">
				<ele>503.51</ele>
				<time>2026-08-06T16:59:18.443Z</time>
			</trkpt>
			<trkpt lat="39.35911" lon="21.77499">
				<ele>511.53</ele>
				<time>2026-08-06T16:59:22.786Z</time>
			</trkpt>
			<trkpt lat="39.35901" lon="21.77402">
				<ele>514.28</ele>
				<time>2026-08-06T16:59:26.823Z</time>
			</trkpt>
			<trkpt lat="39.35904" lon="21.77341">
				<ele>513.47</ele>
				<time>2026-08-06T16:59:29.346Z</time>
			</trkpt>
			<trkpt lat="39.3592" lon="21.77283">
				<ele>521.06</ele>
				<time>2026-08-06T16:59:31.890Z</time>
			</trkpt>
			<trkpt lat="39.35927" lon="21.77248">
				<ele>528.39</ele>
				<time>2026-08-06T16:59:33.384Z</time>
			</trkpt>
			<trkpt lat="39.35926" lon="21.77213">
				<ele>533.71</ele>
				<time>2026-08-06T16:59:34.832Z</time>
			</trkpt>
			<trkpt lat="39.35917" lon="21.77182">
				<ele>536.42</ele>
				<time>2026-08-06T16:59:36.202Z</time>
			</trkpt>
			<trkpt lat="39.35877" lon="21.77097">
				<ele>540.55</ele>
				<time>2026-08-06T16:59:40.322Z</time>
			</trkpt>
			<trkpt lat="39.35862" lon="21.77056">
				<ele>542.05</ele>
				<time>2026-08-06T16:59:42.201Z</time>
			</trkpt>
			<trkpt lat="39.35856" lon="21.77016">
				<ele>545.84</ele>
				<time>2026-08-06T16:59:43.891Z</time>
			</trkpt>
			<trkpt lat="39.35858" lon="21.76969">
				<ele>550.27</ele>
				<time>2026-08-06T16:59:45.844Z</time>
			</trkpt>
			<trkpt lat="39.359" lon="21.76789">
				<ele>558.37</ele>
				<time>2026-08-06T16:59:53.657Z</time>
			</trkpt>
			<trkpt lat="39.35919" lon="21.76736">
				<ele>565.21</ele>
				<time>2026-08-06T16:59:56.089Z</time>
			</trkpt>
			<trkpt lat="39.35929" lon="21.76715">
				<ele>569.79</ele>
				<time>2026-08-06T16:59:57.117Z</time>
			</trkpt>
			<trkpt lat="39.35945" lon="21.76696">
				<ele>572.13</ele>
				<time>2026-08-06T16:59:58.288Z</time>
			</trkpt>
			<trkpt lat="39.35972" lon="21.76667">
				<ele>571.44</ele>
				<time>2026-08-06T17:00:00.181Z</time>
			</trkpt>
			<trkpt lat="39.35997" lon="21.76645">
				<ele>572.67</ele>
				<time>2026-08-06T17:00:01.813Z</time>
			</trkpt>
			<trkpt lat="39.36021" lon="21.76619">
				<ele>571.44</ele>
				<time>2026-08-06T17:00:03.504Z</time>
			</trkpt>
			<trkpt lat="39.3604" lon="21.76591">
				<ele>572.09</ele>
				<time>2026-08-06T17:00:05.061Z</time>
			</trkpt>
			<trkpt lat="39.36057" lon="21.76558">
				<ele>574.21</ele>
				<time>2026-08-06T17:00:06.719Z</time>
			</trkpt>
			<trkpt lat="39.36067" lon="21.76527">
				<ele>576.38</ele>
				<time>2026-08-06T17:00:08.125Z</time>
			</trkpt>
			<trkpt lat="39.36072" lon="21.76506">
				<ele>578.81</ele>
				<time>2026-08-06T17:00:09.045Z</time>
			</trkpt>
			<trkpt lat="39.36075" lon="21.76478">
				<ele>582.47</ele>
				<time>2026-08-06T17:00:10.229Z</time>
			</trkpt>
			<trkpt lat="39.36075" lon="21.76367">
				<ele>585.15</ele>
				<time>2026-08-06T17:00:14.885Z</time>
			</trkpt>
			<trkpt lat="39.36074" lon="21.76354">
				<ele>585.48</ele>
				<time>2026-08-06T17:00:15.434Z</time>
			</trkpt>
			<trkpt lat="39.36071" lon="21.76345">
				<ele>586.05</ele>
				<time>2026-08-06T17:00:15.845Z</time>
			</trkpt>
			<trkpt lat="39.36065" lon="21.76341">
				<ele>586.78</ele>
				<time>2026-08-06T17:00:16.212Z</time>
			</trkpt>
			<trkpt lat="39.36054" lon="21.76339">
				<ele>588.27</ele>
				<time>2026-08-06T17:00:16.816Z</time>
			</trkpt>
			<trkpt lat="39.3605" lon="21.76341">
				<ele>590.11</ele>
				<time>2026-08-06T17:00:17.049Z</time>
			</trkpt>
			<trkpt lat="39.36047" lon="21.76346">
				<ele>591.23</ele>
				<time>2026-08-06T17:00:17.315Z</time>
			</trkpt>
			<trkpt lat="39.36045" lon="21.76355">
				<ele>592.33</ele>
				<time>2026-08-06T17:00:17.709Z</time>
			</trkpt>
			<trkpt lat="39.36045" lon="21.76367">
				<ele>593.57</ele>
				<time>2026-08-06T17:00:18.213Z</time>
			</trkpt>
			<trkpt lat="39.36053" lon="21.76456">
				<ele>595.87</ele>
				<time>2026-08-06T17:00:21.985Z</time>
			</trkpt>
			<trkpt lat="39.36052" lon="21.76474">
				<ele>596</ele>
				<time>2026-08-06T17:00:22.746Z</time>
			</trkpt>
			<trkpt lat="39.36049" lon="21.76491">
				<ele>595.28</ele>
				<time>2026-08-06T17:00:23.481Z</time>
			</trkpt>
			<trkpt lat="39.36044" lon="21.76508">
				<ele>594.53</ele>
				<time>2026-08-06T17:00:24.248Z</time>
			</trkpt>
			<trkpt lat="39.36033" lon="21.76528">
				<ele>593.59</ele>
				<time>2026-08-06T17:00:25.283Z</time>
			</trkpt>
			<trkpt lat="39.36025" lon="21.76538">
				<ele>593.66</ele>
				<time>2026-08-06T17:00:25.891Z</time>
			</trkpt>
			<trkpt lat="39.36016" lon="21.76546">
				<ele>594</ele>
				<time>2026-08-06T17:00:26.487Z</time>
			</trkpt>
			<trkpt lat="39.35939" lon="21.76595">
				<ele>600.95</ele>
				<time>2026-08-06T17:00:31.180Z</time>
			</trkpt>
			<trkpt lat="39.35904" lon="21.76622">
				<ele>602.56</ele>
				<time>2026-08-06T17:00:33.413Z</time>
			</trkpt>
			<trkpt lat="39.3588" lon="21.76644">
				<ele>603.08</ele>
				<time>2026-08-06T17:00:35.027Z</time>
			</trkpt>
			<trkpt lat="39.35774" lon="21.76765">
				<ele>610.15</ele>
				<time>2026-08-06T17:00:42.801Z</time>
			</trkpt>
			<trkpt lat="39.35758" lon="21.76773">
				<ele>609.94</ele>
				<time>2026-08-06T17:00:43.747Z</time>
			</trkpt>
			<trkpt lat="39.35745" lon="21.76776">
				<ele>611.23</ele>
				<time>2026-08-06T17:00:44.476Z</time>
			</trkpt>
			<trkpt lat="39.35731" lon="21.76775">
				<ele>614.51</ele>
				<time>2026-08-06T17:00:45.249Z</time>
			</trkpt>
			<trkpt lat="39.35725" lon="21.76772">
				<ele>616.01</ele>
				<time>2026-08-06T17:00:45.604Z</time>
			</trkpt>
			<trkpt lat="39.35719" lon="21.76767">
				<ele>617.06</ele>
				<time>2026-08-06T17:00:45.998Z</time>
			</trkpt>
			<trkpt lat="39.35709" lon="21.76754">
				<ele>617.77</ele>
				<time>2026-08-06T17:00:46.782Z</time>
			</trkpt>
			<trkpt lat="39.35703" lon="21.76738">
				<ele>617.4</ele>
				<time>2026-08-06T17:00:47.541Z</time>
			</trkpt>
			<trkpt lat="39.35701" lon="21.76722">
				<ele>616.53</ele>
				<time>2026-08-06T17:00:48.234Z</time>
			</trkpt>
			<trkpt lat="39.35701" lon="21.76709">
				<ele>614.84</ele>
				<time>2026-08-06T17:00:48.790Z</time>
			</trkpt>
			<trkpt lat="39.35706" lon="21.76693">
				<ele>613.94</ele>
				<time>2026-08-06T17:00:49.528Z</time>
			</trkpt>
			<trkpt lat="39.3572" lon="21.76667">
				<ele>612.43</ele>
				<time>2026-08-06T17:00:50.884Z</time>
			</trkpt>
			<trkpt lat="39.3578" lon="21.766">
				<ele>625.19</ele>
				<time>2026-08-06T17:00:55.281Z</time>
			</trkpt>
			<trkpt lat="39.3582" lon="21.76549">
				<ele>623.34</ele>
				<time>2026-08-06T17:00:58.403Z</time>
			</trkpt>
			<trkpt lat="39.3584" lon="21.7652">
				<ele>623.4</ele>
				<time>2026-08-06T17:01:00.076Z</time>
			</trkpt>
			<trkpt lat="39.35848" lon="21.76504">
				<ele>625.38</ele>
				<time>2026-08-06T17:01:00.897Z</time>
			</trkpt>
			<trkpt lat="39.35855" lon="21.76476">
				<ele>627.98</ele>
				<time>2026-08-06T17:01:02.165Z</time>
			</trkpt>
			<trkpt lat="39.35859" lon="21.7645">
				<ele>631.64</ele>
				<time>2026-08-06T17:01:03.309Z</time>
			</trkpt>
			<trkpt lat="39.35859" lon="21.76425">
				<ele>634.92</ele>
				<time>2026-08-06T17:01:04.389Z</time>
			</trkpt>
			<trkpt lat="39.35856" lon="21.76403">
				<ele>636.62</ele>
				<time>2026-08-06T17:01:05.354Z</time>
			</trkpt>
			<trkpt lat="39.35848" lon="21.76374">
				<ele>638.51</ele>
				<time>2026-08-06T17:01:06.685Z</time>
			</trkpt>
			<trkpt lat="39.35817" lon="21.76296">
				<ele>643.37</ele>
				<time>2026-08-06T17:01:10.484Z</time>
			</trkpt>
			<trkpt lat="39.35805" lon="21.76262">
				<ele>642</ele>
				<time>2026-08-06T17:01:12.106Z</time>
			</trkpt>
			<trkpt lat="39.358" lon="21.76237">
				<ele>639.6</ele>
				<time>2026-08-06T17:01:13.228Z</time>
			</trkpt>
			<trkpt lat="39.35797" lon="21.76211">
				<ele>638.03</ele>
				<time>2026-08-06T17:01:14.370Z</time>
			</trkpt>
			<trkpt lat="39.35801" lon="21.7618">
				<ele>640.38</ele>
				<time>2026-08-06T17:01:15.738Z</time>
			</trkpt>
			<trkpt lat="39.35806" lon="21.76148">
				<ele>643.58</ele>
				<time>2026-08-06T17:01:17.160Z</time>
			</trkpt>
			<trkpt lat="39.35822" lon="21.76118">
				<ele>653.62</ele>
				<time>2026-08-06T17:01:18.749Z</time>
			</trkpt>
			<trkpt lat="39.35846" lon="21.76049">
				<ele>661.73</ele>
				<time>2026-08-06T17:01:22.053Z</time>
			</trkpt>
			<trkpt lat="39.35876" lon="21.75971">
				<ele>671.57</ele>
				<time>2026-08-06T17:01:25.868Z</time>
			</trkpt>
			<trkpt lat="39.35912" lon="21.75883">
				<ele>679.79</ele>
				<time>2026-08-06T17:01:30.240Z</time>
			</trkpt>
			<trkpt lat="39.35931" lon="21.75844">
				<ele>682.42</ele>
				<time>2026-08-06T17:01:32.269Z</time>
			</trkpt>
			<trkpt lat="39.35949" lon="21.75814">
				<ele>686.43</ele>
				<time>2026-08-06T17:01:33.944Z</time>
			</trkpt>
			<trkpt lat="39.35985" lon="21.75761">
				<ele>692.78</ele>
				<time>2026-08-06T17:01:37.059Z</time>
			</trkpt>
			<trkpt lat="39.3601" lon="21.75721">
				<ele>696.63</ele>
				<time>2026-08-06T17:01:39.336Z</time>
			</trkpt>
			<trkpt lat="39.36028" lon="21.75688">
				<ele>698.09</ele>
				<time>2026-08-06T17:01:41.126Z</time>
			</trkpt>
			<trkpt lat="39.36045" lon="21.75644">
				<ele>699.98</ele>
				<time>2026-08-06T17:01:43.310Z</time>
			</trkpt>
			<trkpt lat="39.36058" lon="21.75585">
				<ele>708.1</ele>
				<time>2026-08-06T17:01:46.038Z</time>
			</trkpt>
			<trkpt lat="39.36061" lon="21.75531">
				<ele>710.05</ele>
				<time>2026-08-06T17:01:48.451Z</time>
			</trkpt>
			<trkpt lat="39.36058" lon="21.755">
				<ele>712.63</ele>
				<time>2026-08-06T17:01:49.846Z</time>
			</trkpt>
			<trkpt lat="39.36048" lon="21.75452">
				<ele>716.06</ele>
				<time>2026-08-06T17:01:52.069Z</time>
			</trkpt>
			<trkpt lat="39.36038" lon="21.75418">
				<ele>718.65</ele>
				<time>2026-08-06T17:01:53.697Z</time>
			</trkpt>
			<trkpt lat="39.36027" lon="21.7539">
				<ele>720.09</ele>
				<time>2026-08-06T17:01:55.105Z</time>
			</trkpt>
			<trkpt lat="39.36012" lon="21.75363">
				<ele>719.69</ele>
				<time>2026-08-06T17:01:56.598Z</time>
			</trkpt>
			<trkpt lat="39.35994" lon="21.75338">
				<ele>719.84</ele>
				<time>2026-08-06T17:01:58.133Z</time>
			</trkpt>
			<trkpt lat="39.35982" lon="21.75324">
				<ele>720.79</ele>
				<time>2026-08-06T17:01:59.073Z</time>
			</trkpt>
			<trkpt lat="39.35895" lon="21.75244">
				<ele>729.95</ele>
				<time>2026-08-06T17:02:05.303Z</time>
			</trkpt>
			<trkpt lat="39.35877" lon="21.75225">
				<ele>730.41</ele>
				<time>2026-08-06T17:02:06.663Z</time>
			</trkpt>
			<trkpt lat="39.35867" lon="21.75207">
				<ele>732.71</ele>
				<time>2026-08-06T17:02:07.667Z</time>
			</trkpt>
			<trkpt lat="39.35858" lon="21.75185">
				<ele>737.11</ele>
				<time>2026-08-06T17:02:08.796Z</time>
			</trkpt>
			<trkpt lat="39.35853" lon="21.75158">
				<ele>743.1</ele>
				<time>2026-08-06T17:02:10.056Z</time>
			</trkpt>
			<trkpt lat="39.35851" lon="21.75136">
				<ele>747.01</ele>
				<time>2026-08-06T17:02:11.063Z</time>
			</trkpt>
			<trkpt lat="39.35851" lon="21.75113">
				<ele>750.05</ele>
				<time>2026-08-06T17:02:12.109Z</time>
			</trkpt>
			<trkpt lat="39.35855" lon="21.75088">
				<ele>752.15</ele>
				<time>2026-08-06T17:02:13.271Z</time>
			</trkpt>
			<trkpt lat="39.35863" lon="21.75064">
				<ele>752.76</ele>
				<time>2026-08-06T17:02:14.462Z</time>
			</trkpt>
			<trkpt lat="39.35874" lon="21.75041">
				<ele>754.58</ele>
				<time>2026-08-06T17:02:15.696Z</time>
			</trkpt>
			<trkpt lat="39.35987" lon="21.74841">
				<ele>769.39</ele>
				<time>2026-08-06T17:02:27.059Z</time>
			</trkpt>
			<trkpt lat="39.36" lon="21.74816">
				<ele>770.99</ele>
				<time>2026-08-06T17:02:28.448Z</time>
			</trkpt>
			<trkpt lat="39.36007" lon="21.74797">
				<ele>772.62</ele>
				<time>2026-08-06T17:02:29.420Z</time>
			</trkpt>
			<trkpt lat="39.36017" lon="21.74767">
				<ele>774.85</ele>
				<time>2026-08-06T17:02:30.931Z</time>
			</trkpt>
			<trkpt lat="39.3602" lon="21.74743">
				<ele>777.4</ele>
				<time>2026-08-06T17:02:32.056Z</time>
			</trkpt>
			<trkpt lat="39.36021" lon="21.7472">
				<ele>780.11</ele>
				<time>2026-08-06T17:02:33.123Z</time>
			</trkpt>
			<trkpt lat="39.36021" lon="21.74691">
				<ele>783.55</ele>
				<time>2026-08-06T17:02:34.468Z</time>
			</trkpt>
			<trkpt lat="39.36015" lon="21.74658">
				<ele>783.75</ele>
				<time>2026-08-06T17:02:36.043Z</time>
			</trkpt>
			<trkpt lat="39.36003" lon="21.7463">
				<ele>784.97</ele>
				<time>2026-08-06T17:02:37.532Z</time>
			</trkpt>
			<trkpt lat="39.3599" lon="21.74604">
				<ele>788.81</ele>
				<time>2026-08-06T17:02:38.974Z</time>
			</trkpt>
			<trkpt lat="39.35973" lon="21.74582">
				<ele>794.44</ele>
				<time>2026-08-06T17:02:40.424Z</time>
			</trkpt>
			<trkpt lat="39.35959" lon="21.7457">
				<ele>797.87</ele>
				<time>2026-08-06T17:02:41.438Z</time>
			</trkpt>
			<trkpt lat="39.35915" lon="21.74544">
				<ele>807.85</ele>
				<time>2026-08-06T17:02:44.364Z</time>
			</trkpt>
			<trkpt lat="39.35697" lon="21.7445">
				<ele>818.71</ele>
				<time>2026-08-06T17:02:58.375Z</time>
			</trkpt>
			<trkpt lat="39.35636" lon="21.7442">
				<ele>820.04</ele>
				<time>2026-08-06T17:03:02.387Z</time>
			</trkpt>
			<trkpt lat="39.35596" lon="21.74397">
				<ele>821.09</ele>
				<time>2026-08-06T17:03:05.088Z</time>
			</trkpt>
			<trkpt lat="39.35566" lon="21.74367">
				<ele>827.33</ele>
				<time>2026-08-06T17:03:07.432Z</time>
			</trkpt>
			<trkpt lat="39.35538" lon="21.7433">
				<ele>831.77</ele>
				<time>2026-08-06T17:03:09.914Z</time>
			</trkpt>
			<trkpt lat="39.3552" lon="21.74294">
				<ele>831.87</ele>
				<time>2026-08-06T17:03:11.973Z</time>
			</trkpt>
			<trkpt lat="39.3551" lon="21.74272">
				<ele>832.81</ele>
				<time>2026-08-06T17:03:13.200Z</time>
			</trkpt>
			<trkpt lat="39.35502" lon="21.74249">
				<ele>834.62</ele>
				<time>2026-08-06T17:03:14.415Z</time>
			</trkpt>
			<trkpt lat="39.35492" lon="21.74198">
				<ele>842.45</ele>
				<time>2026-08-06T17:03:16.953Z</time>
			</trkpt>
			<trkpt lat="39.35489" lon="21.74166">
				<ele>845.22</ele>
				<time>2026-08-06T17:03:18.512Z</time>
			</trkpt>
			<trkpt lat="39.35487" lon="21.74068">
				<ele>841.46</ele>
				<time>2026-08-06T17:03:23.266Z</time>
			</trkpt>
			<trkpt lat="39.3549" lon="21.74011">
				<ele>841.85</ele>
				<time>2026-08-06T17:03:26.047Z</time>
			</trkpt>
			<trkpt lat="39.35493" lon="21.73983">
				<ele>842.29</ele>
				<time>2026-08-06T17:03:27.425Z</time>
			</trkpt>
			<trkpt lat="39.35498" lon="21.7396">
				<ele>841.55</ele>
				<time>2026-08-06T17:03:28.592Z</time>
			</trkpt>
			<trkpt lat="39.35531" lon="21.73849">
				<ele>835.49</ele>
				<time>2026-08-06T17:03:34.420Z</time>
			</trkpt>
			<trkpt lat="39.35541" lon="21.73812">
				<ele>833.31</ele>
				<time>2026-08-06T17:03:36.348Z</time>
			</trkpt>
			<trkpt lat="39.35551" lon="21.73755">
				<ele>830.6</ele>
				<time>2026-08-06T17:03:39.230Z</time>
			</trkpt>
			<trkpt lat="39.35555" lon="21.73716">
				<ele>826.36</ele>
				<time>2026-08-06T17:03:41.175Z</time>
			</trkpt>
			<trkpt lat="39.35557" lon="21.73625">
				<ele>824.25</ele>
				<time>2026-08-06T17:03:45.689Z</time>
			</trkpt>
			<trkpt lat="39.3555" lon="21.73557">
				<ele>818.03</ele>
				<time>2026-08-06T17:03:49.104Z</time>
			</trkpt>
			<trkpt lat="39.3554" lon="21.73503">
				<ele>816.9</ele>
				<time>2026-08-06T17:03:51.877Z</time>
			</trkpt>
			<trkpt lat="39.35522" lon="21.73426">
				<ele>815.56</ele>
				<time>2026-08-06T17:03:55.909Z</time>
			</trkpt>
			<trkpt lat="39.35484" lon="21.73286">
				<ele>812.59</ele>
				<time>2026-08-06T17:04:03.388Z</time>
			</trkpt>
			<trkpt lat="39.35452" lon="21.73177">
				<ele>804.35</ele>
				<time>2026-08-06T17:04:09.297Z</time>
			</trkpt>
			<trkpt lat="39.354" lon="21.72985">
				<ele>796.25</ele>
				<time>2026-08-06T17:04:19.620Z</time>
			</trkpt>
			<trkpt lat="39.35377" lon="21.7291">
				<ele>799.42</ele>
				<time>2026-08-06T17:04:23.717Z</time>
			</trkpt>
			<trkpt lat="39.35364" lon="21.72876">
				<ele>798.29</ele>
				<time>2026-08-06T17:04:25.644Z</time>
			</trkpt>
			<trkpt lat="39.35348" lon="21.72844">
				<ele>798.32</ele>
				<time>2026-08-06T17:04:27.581Z</time>
			</trkpt>
			<trkpt lat="39.35299" lon="21.72764">
				<ele>801.42</ele>
				<time>2026-08-06T17:04:32.769Z</time>
			</trkpt>
			<trkpt lat="39.35129" lon="21.72557">
				<ele>800.22</ele>
				<time>2026-08-06T17:04:48.141Z</time>
			</trkpt>
			<trkpt lat="39.35103" lon="21.72522">
				<ele>799.92</ele>
				<time>2026-08-06T17:04:50.615Z</time>
			</trkpt>
			<trkpt lat="39.35074" lon="21.72478">
				<ele>798.37</ele>
				<time>2026-08-06T17:04:53.562Z</time>
			</trkpt>
			<trkpt lat="39.35" lon="21.72341">
				<ele>794.8</ele>
				<time>2026-08-06T17:05:02.089Z</time>
			</trkpt>
			<trkpt lat="39.34979" lon="21.72315">
				<ele>799.99</ele>
				<time>2026-08-06T17:05:04.008Z</time>
			</trkpt>
			<trkpt lat="39.34831" lon="21.72166">
				<ele>799.7</ele>
				<time>2026-08-06T17:05:16.404Z</time>
			</trkpt>
			<trkpt lat="39.34813" lon="21.72143">
				<ele>798.88</ele>
				<time>2026-08-06T17:05:18.078Z</time>
			</trkpt>
			<trkpt lat="39.34801" lon="21.72123">
				<ele>797.73</ele>
				<time>2026-08-06T17:05:19.373Z</time>
			</trkpt>
			<trkpt lat="39.34793" lon="21.72101">
				<ele>797.53</ele>
				<time>2026-08-06T17:05:20.618Z</time>
			</trkpt>
			<trkpt lat="39.34788" lon="21.72079">
				<ele>797.92</ele>
				<time>2026-08-06T17:05:21.791Z</time>
			</trkpt>
			<trkpt lat="39.34786" lon="21.72053">
				<ele>799.97</ele>
				<time>2026-08-06T17:05:23.129Z</time>
			</trkpt>
			<trkpt lat="39.34788" lon="21.72032">
				<ele>800.43</ele>
				<time>2026-08-06T17:05:24.212Z</time>
			</trkpt>
			<trkpt lat="39.34792" lon="21.72005">
				<ele>799.08</ele>
				<time>2026-08-06T17:05:25.620Z</time>
			</trkpt>
			<trkpt lat="39.34807" lon="21.71969">
				<ele>796.9</ele>
				<time>2026-08-06T17:05:27.715Z</time>
			</trkpt>
			<trkpt lat="39.34825" lon="21.71945">
				<ele>795.84</ele>
				<time>2026-08-06T17:05:29.428Z</time>
			</trkpt>
			<trkpt lat="39.34901" lon="21.71887">
				<ele>792.72</ele>
				<time>2026-08-06T17:05:35.278Z</time>
			</trkpt>
			<trkpt lat="39.34986" lon="21.71825">
				<ele>795.55</ele>
				<time>2026-08-06T17:05:41.753Z</time>
			</trkpt>
			<trkpt lat="39.35045" lon="21.71776">
				<ele>800.21</ele>
				<time>2026-08-06T17:05:46.409Z</time>
			</trkpt>
			<trkpt lat="39.35059" lon="21.71758">
				<ele>798.68</ele>
				<time>2026-08-06T17:05:47.720Z</time>
			</trkpt>
			<trkpt lat="39.35066" lon="21.71744">
				<ele>796.64</ele>
				<time>2026-08-06T17:05:48.577Z</time>
			</trkpt>
			<trkpt lat="39.35074" lon="21.71711">
				<ele>794.99</ele>
				<time>2026-08-06T17:05:50.354Z</time>
			</trkpt>
			<trkpt lat="39.35074" lon="21.71688">
				<ele>795.25</ele>
				<time>2026-08-06T17:05:51.536Z</time>
			</trkpt>
			<trkpt lat="39.35071" lon="21.71663">
				<ele>796.67</ele>
				<time>2026-08-06T17:05:52.836Z</time>
			</trkpt>
			<trkpt lat="39.35063" lon="21.71638">
				<ele>798.27</ele>
				<time>2026-08-06T17:05:54.227Z</time>
			</trkpt>
			<trkpt lat="39.35054" lon="21.71622">
				<ele>797.39</ele>
				<time>2026-08-06T17:05:55.245Z</time>
			</trkpt>
			<trkpt lat="39.35032" lon="21.71596">
				<ele>797.94</ele>
				<time>2026-08-06T17:05:57.227Z</time>
			</trkpt>
			<trkpt lat="39.35006" lon="21.71576">
				<ele>799.38</ele>
				<time>2026-08-06T17:05:59.240Z</time>
			</trkpt>
			<trkpt lat="39.34965" lon="21.71537">
				<ele>802.78</ele>
				<time>2026-08-06T17:06:02.628Z</time>
			</trkpt>
			<trkpt lat="39.34944" lon="21.71507">
				<ele>807.95</ele>
				<time>2026-08-06T17:06:04.712Z</time>
			</trkpt>
			<trkpt lat="39.34929" lon="21.71465">
				<ele>810.16</ele>
				<time>2026-08-06T17:06:07.095Z</time>
			</trkpt>
			<trkpt lat="39.34925" lon="21.71442">
				<ele>810.66</ele>
				<time>2026-08-06T17:06:08.310Z</time>
			</trkpt>
			<trkpt lat="39.34924" lon="21.71311">
				<ele>818.39</ele>
				<time>2026-08-06T17:06:15.064Z</time>
			</trkpt>
			<trkpt lat="39.34925" lon="21.71154">
				<ele>820.54</ele>
				<time>2026-08-06T17:06:23.167Z</time>
			</trkpt>
			<trkpt lat="39.34919" lon="21.71092">
				<ele>814.05</ele>
				<time>2026-08-06T17:06:26.395Z</time>
			</trkpt>
			<trkpt lat="39.34903" lon="21.71013">
				<ele>806.28</ele>
				<time>2026-08-06T17:06:30.616Z</time>
			</trkpt>
			<trkpt lat="39.34889" lon="21.70975">
				<ele>806.94</ele>
				<time>2026-08-06T17:06:32.793Z</time>
			</trkpt>
			<trkpt lat="39.34862" lon="21.70918">
				<ele>805.01</ele>
				<time>2026-08-06T17:06:36.251Z</time>
			</trkpt>
			<trkpt lat="39.34842" lon="21.70887">
				<ele>802</ele>
				<time>2026-08-06T17:06:38.341Z</time>
			</trkpt>
			<trkpt lat="39.34824" lon="21.70864">
				<ele>801.24</ele>
				<time>2026-08-06T17:06:40.035Z</time>
			</trkpt>
			<trkpt lat="39.34763" lon="21.70804">
				<ele>801.98</ele>
				<time>2026-08-06T17:06:45.169Z</time>
			</trkpt>
			<trkpt lat="39.34737" lon="21.70774">
				<ele>801.62</ele>
				<time>2026-08-06T17:06:47.504Z</time>
			</trkpt>
			<trkpt lat="39.34719" lon="21.70743">
				<ele>801.03</ele>
				<time>2026-08-06T17:06:49.514Z</time>
			</trkpt>
			<trkpt lat="39.34701" lon="21.70697">
				<ele>801.57</ele>
				<time>2026-08-06T17:06:52.189Z</time>
			</trkpt>
			<trkpt lat="39.34693" lon="21.7066">
				<ele>800.86</ele>
				<time>2026-08-06T17:06:54.182Z</time>
			</trkpt>
			<trkpt lat="39.3469" lon="21.70613">
				<ele>801.73</ele>
				<time>2026-08-06T17:06:56.630Z</time>
			</trkpt>
			<trkpt lat="39.34691" lon="21.70592">
				<ele>802.47</ele>
				<time>2026-08-06T17:06:57.722Z</time>
			</trkpt>
			<trkpt lat="39.34697" lon="21.70547">
				<ele>800.75</ele>
				<time>2026-08-06T17:07:00.094Z</time>
			</trkpt>
			<trkpt lat="39.34709" lon="21.70514">
				<ele>799.66</ele>
				<time>2026-08-06T17:07:01.989Z</time>
			</trkpt>
			<trkpt lat="39.34717" lon="21.70495">
				<ele>800.15</ele>
				<time>2026-08-06T17:07:03.113Z</time>
			</trkpt>
			<trkpt lat="39.3476" lon="21.70424">
				<ele>800.02</ele>
				<time>2026-08-06T17:07:07.802Z</time>
			</trkpt>
			<trkpt lat="39.3477" lon="21.70404">
				<ele>798.89</ele>
				<time>2026-08-06T17:07:09.040Z</time>
			</trkpt>
			<trkpt lat="39.34786" lon="21.7036">
				<ele>797.6</ele>
				<time>2026-08-06T17:07:11.570Z</time>
			</trkpt>
			<trkpt lat="39.34793" lon="21.70324">
				<ele>795.34</ele>
				<time>2026-08-06T17:07:13.503Z</time>
			</trkpt>
			<trkpt lat="39.34796" lon="21.70275">
				<ele>798.02</ele>
				<time>2026-08-06T17:07:16.062Z</time>
			</trkpt>
			<trkpt lat="39.34791" lon="21.70242">
				<ele>803.69</ele>
				<time>2026-08-06T17:07:17.814Z</time>
			</trkpt>
			<trkpt lat="39.34783" lon="21.70207">
				<ele>808.24</ele>
				<time>2026-08-06T17:07:19.715Z</time>
			</trkpt>
			<trkpt lat="39.34773" lon="21.70179">
				<ele>808.66</ele>
				<time>2026-08-06T17:07:21.323Z</time>
			</trkpt>
			<trkpt lat="39.34753" lon="21.70137">
				<ele>809.71</ele>
				<time>2026-08-06T17:07:23.894Z</time>
			</trkpt>
			<trkpt lat="39.34687" lon="21.70027">
				<ele>827.3</ele>
				<time>2026-08-06T17:07:31.159Z</time>
			</trkpt>
			<trkpt lat="39.34528" lon="21.69749">
				<ele>807.94</ele>
				<time>2026-08-06T17:07:49.241Z</time>
			</trkpt>
			<trkpt lat="39.34509" lon="21.69713">
				<ele>804.89</ele>
				<time>2026-08-06T17:07:51.524Z</time>
			</trkpt>
			<trkpt lat="39.34498" lon="21.69678">
				<ele>801.51</ele>
				<time>2026-08-06T17:07:53.504Z</time>
			</trkpt>
			<trkpt lat="39.3449" lon="21.69642">
				<ele>802.03</ele>
				<time>2026-08-06T17:07:55.467Z</time>
			</trkpt>
			<trkpt lat="39.34486" lon="21.69581">
				<ele>804.07</ele>
				<time>2026-08-06T17:07:58.678Z</time>
			</trkpt>
			<trkpt lat="39.34481" lon="21.69275">
				<ele>803.68</ele>
				<time>2026-08-06T17:08:14.757Z</time>
			</trkpt>
			<trkpt lat="39.34479" lon="21.69254">
				<ele>803.76</ele>
				<time>2026-08-06T17:08:15.870Z</time>
			</trkpt>
			<trkpt lat="39.3447" lon="21.69218">
				<ele>802.69</ele>
				<time>2026-08-06T17:08:17.861Z</time>
			</trkpt>
			<trkpt lat="39.34457" lon="21.69187">
				<ele>801.35</ele>
				<time>2026-08-06T17:08:19.718Z</time>
			</trkpt>
			<trkpt lat="39.34426" lon="21.69145">
				<ele>802.38</ele>
				<time>2026-08-06T17:08:22.776Z</time>
			</trkpt>
			<trkpt lat="39.34406" lon="21.69128">
				<ele>803.11</ele>
				<time>2026-08-06T17:08:24.406Z</time>
			</trkpt>
			<trkpt lat="39.34383" lon="21.69113">
				<ele>803.98</ele>
				<time>2026-08-06T17:08:26.162Z</time>
			</trkpt>
			<trkpt lat="39.34358" lon="21.69107">
				<ele>804.21</ele>
				<time>2026-08-06T17:08:27.896Z</time>
			</trkpt>
			<trkpt lat="39.34329" lon="21.69105">
				<ele>805.27</ele>
				<time>2026-08-06T17:08:29.876Z</time>
			</trkpt>
			<trkpt lat="39.34092" lon="21.69118">
				<ele>806.91</ele>
				<time>2026-08-06T17:08:46.080Z</time>
			</trkpt>
			<trkpt lat="39.34069" lon="21.69125">
				<ele>807</ele>
				<time>2026-08-06T17:08:47.697Z</time>
			</trkpt>
			<trkpt lat="39.34047" lon="21.69135">
				<ele>808.48</ele>
				<time>2026-08-06T17:08:49.293Z</time>
			</trkpt>
			<trkpt lat="39.34026" lon="21.69149">
				<ele>811.48</ele>
				<time>2026-08-06T17:08:50.911Z</time>
			</trkpt>
			<trkpt lat="39.34013" lon="21.69158">
				<ele>812.77</ele>
				<time>2026-08-06T17:08:51.920Z</time>
			</trkpt>
			<trkpt lat="39.33958" lon="21.69218">
				<ele>816.2</ele>
				<time>2026-08-06T17:08:56.851Z</time>
			</trkpt>
			<trkpt lat="39.33938" lon="21.69236">
				<ele>818.27</ele>
				<time>2026-08-06T17:08:58.522Z</time>
			</trkpt>
			<trkpt lat="39.33912" lon="21.69254">
				<ele>824.3</ele>
				<time>2026-08-06T17:09:00.544Z</time>
			</trkpt>
			<trkpt lat="39.33889" lon="21.69262">
				<ele>827.02</ele>
				<time>2026-08-06T17:09:02.178Z</time>
			</trkpt>
			<trkpt lat="39.33866" lon="21.69268">
				<ele>828.42</ele>
				<time>2026-08-06T17:09:03.788Z</time>
			</trkpt>
			<trkpt lat="39.33842" lon="21.69271">
				<ele>829.41</ele>
				<time>2026-08-06T17:09:05.444Z</time>
			</trkpt>
			<trkpt lat="39.33817" lon="21.69271">
				<ele>829.87</ele>
				<time>2026-08-06T17:09:07.160Z</time>
			</trkpt>
			<trkpt lat="39.3379" lon="21.69268">
				<ele>830.38</ele>
				<time>2026-08-06T17:09:09.022Z</time>
			</trkpt>
			<trkpt lat="39.33761" lon="21.6926">
				<ele>831.23</ele>
				<time>2026-08-06T17:09:11.060Z</time>
			</trkpt>
			<trkpt lat="39.33728" lon="21.69247">
				<ele>839.66</ele>
				<time>2026-08-06T17:09:13.431Z</time>
			</trkpt>
			<trkpt lat="39.33657" lon="21.69203">
				<ele>853.56</ele>
				<time>2026-08-06T17:09:18.848Z</time>
			</trkpt>
			<trkpt lat="39.33606" lon="21.69176">
				<ele>844.37</ele>
				<time>2026-08-06T17:09:22.642Z</time>
			</trkpt>
			<trkpt lat="39.33554" lon="21.69161">
				<ele>835.18</ele>
				<time>2026-08-06T17:09:26.313Z</time>
			</trkpt>
			<trkpt lat="39.33503" lon="21.69154">
				<ele>831.65</ele>
				<time>2026-08-06T17:09:29.850Z</time>
			</trkpt>
			<trkpt lat="39.33436" lon="21.69157">
				<ele>832.41</ele>
				<time>2026-08-06T17:09:34.476Z</time>
			</trkpt>
			<trkpt lat="39.334" lon="21.69166">
				<ele>832.45</ele>
				<time>2026-08-06T17:09:37.008Z</time>
			</trkpt>
			<trkpt lat="39.33335" lon="21.69193">
				<ele>839.48</ele>
				<time>2026-08-06T17:09:41.726Z</time>
			</trkpt>
			<trkpt lat="39.33302" lon="21.69215">
				<ele>837.62</ele>
				<time>2026-08-06T17:09:44.293Z</time>
			</trkpt>
			<trkpt lat="39.33268" lon="21.69241">
				<ele>836.3</ele>
				<time>2026-08-06T17:09:47.026Z</time>
			</trkpt>
			<trkpt lat="39.3324" lon="21.69267">
				<ele>839.68</ele>
				<time>2026-08-06T17:09:49.412Z</time>
			</trkpt>
			<trkpt lat="39.33206" lon="21.69307">
				<ele>842.59</ele>
				<time>2026-08-06T17:09:52.596Z</time>
			</trkpt>
			<trkpt lat="39.33182" lon="21.69344">
				<ele>842.76</ele>
				<time>2026-08-06T17:09:55.185Z</time>
			</trkpt>
			<trkpt lat="39.33159" lon="21.69388">
				<ele>841.76</ele>
				<time>2026-08-06T17:09:58.033Z</time>
			</trkpt>
			<trkpt lat="39.33133" lon="21.69453">
				<ele>836.31</ele>
				<time>2026-08-06T17:10:01.960Z</time>
			</trkpt>
			<trkpt lat="39.33048" lon="21.69706">
				<ele>821.11</ele>
				<time>2026-08-06T17:10:16.790Z</time>
			</trkpt>
			<trkpt lat="39.33031" lon="21.69745">
				<ele>823.26</ele>
				<time>2026-08-06T17:10:19.201Z</time>
			</trkpt>
			<trkpt lat="39.33007" lon="21.69791">
				<ele>819.49</ele>
				<time>2026-08-06T17:10:22.191Z</time>
			</trkpt>
			<trkpt lat="39.32982" lon="21.69831">
				<ele>819.27</ele>
				<time>2026-08-06T17:10:24.964Z</time>
			</trkpt>
			<trkpt lat="39.32957" lon="21.69864">
				<ele>818.07</ele>
				<time>2026-08-06T17:10:27.456Z</time>
			</trkpt>
			<trkpt lat="39.32896" lon="21.69929">
				<ele>809.93</ele>
				<time>2026-08-06T17:10:32.973Z</time>
			</trkpt>
			<trkpt lat="39.3278" lon="21.70021">
				<ele>807.15</ele>
				<time>2026-08-06T17:10:42.487Z</time>
			</trkpt>
			<trkpt lat="39.32624" lon="21.7015">
				<ele>805.96</ele>
				<time>2026-08-06T17:10:55.462Z</time>
			</trkpt>
			<trkpt lat="39.32562" lon="21.70206">
				<ele>807.29</ele>
				<time>2026-08-06T17:11:00.772Z</time>
			</trkpt>
			<trkpt lat="39.32386" lon="21.70382">
				<ele>808.99</ele>
				<time>2026-08-06T17:11:16.426Z</time>
			</trkpt>
			<trkpt lat="39.3227" lon="21.70506">
				<ele>802.36</ele>
				<time>2026-08-06T17:11:27.045Z</time>
			</trkpt>
			<trkpt lat="39.32101" lon="21.70681">
				<ele>808.82</ele>
				<time>2026-08-06T17:11:42.362Z</time>
			</trkpt>
			<trkpt lat="39.32077" lon="21.70703">
				<ele>808.32</ele>
				<time>2026-08-06T17:11:44.448Z</time>
			</trkpt>
			<trkpt lat="39.32057" lon="21.70719">
				<ele>809.02</ele>
				<time>2026-08-06T17:11:46.115Z</time>
			</trkpt>
			<trkpt lat="39.32037" lon="21.70731">
				<ele>809.53</ele>
				<time>2026-08-06T17:11:47.679Z</time>
			</trkpt>
			<trkpt lat="39.32009" lon="21.70745">
				<ele>810.65</ele>
				<time>2026-08-06T17:11:49.809Z</time>
			</trkpt>
			<trkpt lat="39.31973" lon="21.70753">
				<ele>811.95</ele>
				<time>2026-08-06T17:11:52.402Z</time>
			</trkpt>
			<trkpt lat="39.31793" lon="21.7077">
				<ele>816.38</ele>
				<time>2026-08-06T17:12:05.235Z</time>
			</trkpt>
			<trkpt lat="39.31747" lon="21.70776">
				<ele>815.87</ele>
				<time>2026-08-06T17:12:08.528Z</time>
			</trkpt>
			<trkpt lat="39.31705" lon="21.70787">
				<ele>813.57</ele>
				<time>2026-08-06T17:12:11.583Z</time>
			</trkpt>
			<trkpt lat="39.31566" lon="21.70836">
				<ele>818.14</ele>
				<time>2026-08-06T17:12:21.867Z</time>
			</trkpt>
			<trkpt lat="39.31488" lon="21.70861">
				<ele>816.78</ele>
				<time>2026-08-06T17:12:27.613Z</time>
			</trkpt>
			<trkpt lat="39.31432" lon="21.70887">
				<ele>818.93</ele>
				<time>2026-08-06T17:12:31.873Z</time>
			</trkpt>
			<trkpt lat="39.31412" lon="21.70901">
				<ele>818.95</ele>
				<time>2026-08-06T17:12:33.502Z</time>
			</trkpt>
			<trkpt lat="39.31371" lon="21.70941">
				<ele>817.29</ele>
				<time>2026-08-06T17:12:37.184Z</time>
			</trkpt>
			<trkpt lat="39.31323" lon="21.70997">
				<ele>817.48</ele>
				<time>2026-08-06T17:12:41.823Z</time>
			</trkpt>
			<trkpt lat="39.31195" lon="21.71138">
				<ele>820.94</ele>
				<time>2026-08-06T17:12:53.910Z</time>
			</trkpt>
			<trkpt lat="39.31189" lon="21.7115">
				<ele>820.22</ele>
				<time>2026-08-06T17:12:54.706Z</time>
			</trkpt>
			<trkpt lat="39.31178" lon="21.71177">
				<ele>821.13</ele>
				<time>2026-08-06T17:12:56.406Z</time>
			</trkpt>
			<trkpt lat="39.31159" lon="21.71237">
				<ele>824.6</ele>
				<time>2026-08-06T17:13:00.019Z</time>
			</trkpt>
			<trkpt lat="39.31151" lon="21.71253">
				<ele>826.82</ele>
				<time>2026-08-06T17:13:01.081Z</time>
			</trkpt>
			<trkpt lat="39.31142" lon="21.71262">
				<ele>829.38</ele>
				<time>2026-08-06T17:13:01.902Z</time>
			</trkpt>
			<trkpt lat="39.3109" lon="21.71291">
				<ele>832.5</ele>
				<time>2026-08-06T17:13:05.987Z</time>
			</trkpt>
			<trkpt lat="39.31071" lon="21.71305">
				<ele>832.43</ele>
				<time>2026-08-06T17:13:07.565Z</time>
			</trkpt>
			<trkpt lat="39.31045" lon="21.71329">
				<ele>832.33</ele>
				<time>2026-08-06T17:13:09.872Z</time>
			</trkpt>
			<trkpt lat="39.31012" lon="21.71365">
				<ele>828.84</ele>
				<time>2026-08-06T17:13:12.992Z</time>
			</trkpt>
			<trkpt lat="39.30944" lon="21.71461">
				<ele>828</ele>
				<time>2026-08-06T17:13:20.277Z</time>
			</trkpt>
			<trkpt lat="39.30839" lon="21.71623">
				<ele>829.9</ele>
				<time>2026-08-06T17:13:32.131Z</time>
			</trkpt>
			<trkpt lat="39.30855" lon="21.71694">
				<ele>824.21</ele>
				<time>2026-08-06T17:13:36.286Z</time>
			</trkpt>
			<trkpt lat="39.30907" lon="21.71888">
				<ele>819.67</ele>
				<time>2026-08-06T17:13:47.844Z</time>
			</trkpt>
			<trkpt lat="39.30909" lon="21.71905">
				<ele>819.64</ele>
				<time>2026-08-06T17:13:48.814Z</time>
			</trkpt>
			<trkpt lat="39.30908" lon="21.71938">
				<ele>820.19</ele>
				<time>2026-08-06T17:13:50.680Z</time>
			</trkpt>
			<trkpt lat="39.30905" lon="21.71974">
				<ele>817.83</ele>
				<time>2026-08-06T17:13:52.731Z</time>
			</trkpt>
			<trkpt lat="39.30897" lon="21.72045">
				<ele>813.55</ele>
				<time>2026-08-06T17:13:56.810Z</time>
			</trkpt>
			<trkpt lat="39.30896" lon="21.721">
				<ele>813.66</ele>
				<time>2026-08-06T17:13:59.952Z</time>
			</trkpt>
			<trkpt lat="39.30896" lon="21.72179">
				<ele>808.27</ele>
				<time>2026-08-06T17:14:04.481Z</time>
			</trkpt>
			<trkpt lat="39.30886" lon="21.7229">
				<ele>805.5</ele>
				<time>2026-08-06T17:14:10.923Z</time>
			</trkpt>
			<trkpt lat="39.30883" lon="21.72355">
				<ele>805</ele>
				<time>2026-08-06T17:14:14.694Z</time>
			</trkpt>
			<trkpt lat="39.30881" lon="21.72477">
				<ele>800.95</ele>
				<time>2026-08-06T17:14:21.794Z</time>
			</trkpt>
			<trkpt lat="39.30876" lon="21.72568">
				<ele>798.43</ele>
				<time>2026-08-06T17:14:27.125Z</time>
			</trkpt>
			<trkpt lat="39.30875" lon="21.72642">
				<ele>794.13</ele>
				<time>2026-08-06T17:14:31.464Z</time>
			</trkpt>
			<trkpt lat="39.30875" lon="21.7266">
				<ele>792.2</ele>
				<time>2026-08-06T17:14:32.521Z</time>
			</trkpt>
			<trkpt lat="39.30879" lon="21.72672">
				<ele>791.35</ele>
				<time>2026-08-06T17:14:33.289Z</time>
			</trkpt>
			<trkpt lat="39.30885" lon="21.72682">
				<ele>791.2</ele>
				<time>2026-08-06T17:14:34.032Z</time>
			</trkpt>
			<trkpt lat="39.30891" lon="21.72688">
				<ele>791.32</ele>
				<time>2026-08-06T17:14:34.609Z</time>
			</trkpt>
			<trkpt lat="39.30899" lon="21.72689">
				<ele>791.54</ele>
				<time>2026-08-06T17:14:35.220Z</time>
			</trkpt>
			<trkpt lat="39.30909" lon="21.72682">
				<ele>792.16</ele>
				<time>2026-08-06T17:14:36.085Z</time>
			</trkpt>
			<trkpt lat="39.30922" lon="21.72665">
				<ele>792.81</ele>
				<time>2026-08-06T17:14:37.492Z</time>
			</trkpt>
			<trkpt lat="39.30928" lon="21.72649">
				<ele>792.92</ele>
				<time>2026-08-06T17:14:38.539Z</time>
			</trkpt>
			<trkpt lat="39.30932" lon="21.72617">
				<ele>793.15</ele>
				<time>2026-08-06T17:14:40.449Z</time>
			</trkpt>
			<trkpt lat="39.30938" lon="21.72598">
				<ele>793.17</ele>
				<time>2026-08-06T17:14:41.660Z</time>
			</trkpt>
			<trkpt lat="39.30945" lon="21.72591">
				<ele>792.69</ele>
				<time>2026-08-06T17:14:42.335Z</time>
			</trkpt>
			<trkpt lat="39.30952" lon="21.72587">
				<ele>792.58</ele>
				<time>2026-08-06T17:14:42.919Z</time>
			</trkpt>
			<trkpt lat="39.30962" lon="21.72584">
				<ele>792.3</ele>
				<time>2026-08-06T17:14:43.702Z</time>
			</trkpt>
			<trkpt lat="39.30973" lon="21.72588">
				<ele>791.86</ele>
				<time>2026-08-06T17:14:44.574Z</time>
			</trkpt>
			<trkpt lat="39.30977" lon="21.72593">
				<ele>792.03</ele>
				<time>2026-08-06T17:14:44.999Z</time>
			</trkpt>
			<trkpt lat="39.31016" lon="21.72648">
				<ele>794.41</ele>
				<time>2026-08-06T17:14:49.410Z</time>
			</trkpt>
			<trkpt lat="39.31023" lon="21.7266">
				<ele>795.3</ele>
				<time>2026-08-06T17:14:50.299Z</time>
			</trkpt>
			<trkpt lat="39.31024" lon="21.72667">
				<ele>795.69</ele>
				<time>2026-08-06T17:14:50.720Z</time>
			</trkpt>
			<trkpt lat="39.31025" lon="21.72682">
				<ele>795.76</ele>
				<time>2026-08-06T17:14:51.612Z</time>
			</trkpt>
			<trkpt lat="39.31022" lon="21.7269">
				<ele>795.56</ele>
				<time>2026-08-06T17:14:52.138Z</time>
			</trkpt>
			<trkpt lat="39.31006" lon="21.72715">
				<ele>794.27</ele>
				<time>2026-08-06T17:14:54.059Z</time>
			</trkpt>
			<trkpt lat="39.30999" lon="21.72731">
				<ele>794.32</ele>
				<time>2026-08-06T17:14:55.148Z</time>
			</trkpt>
			<trkpt lat="39.30997" lon="21.72762">
				<ele>795.1</ele>
				<time>2026-08-06T17:14:56.992Z</time>
			</trkpt>
			<trkpt lat="39.30987" lon="21.72797">
				<ele>795.26</ele>
				<time>2026-08-06T17:14:59.204Z</time>
			</trkpt>
			<trkpt lat="39.30988" lon="21.72825">
				<ele>796.04</ele>
				<time>2026-08-06T17:15:00.867Z</time>
			</trkpt>
			<trkpt lat="39.30993" lon="21.72879">
				<ele>791.73</ele>
				<time>2026-08-06T17:15:04.093Z</time>
			</trkpt>
			<trkpt lat="39.31011" lon="21.72928">
				<ele>793.53</ele>
				<time>2026-08-06T17:15:07.313Z</time>
			</trkpt>
			<trkpt lat="39.31016" lon="21.72948">
				<ele>794.9</ele>
				<time>2026-08-06T17:15:08.560Z</time>
			</trkpt>
			<trkpt lat="39.3102" lon="21.72971">
				<ele>796.51</ele>
				<time>2026-08-06T17:15:09.960Z</time>
			</trkpt>
			<trkpt lat="39.31019" lon="21.72979">
				<ele>796.58</ele>
				<time>2026-08-06T17:15:10.441Z</time>
			</trkpt>
			<trkpt lat="39.31012" lon="21.72999">
				<ele>797.11</ele>
				<time>2026-08-06T17:15:11.744Z</time>
			</trkpt>
			<trkpt lat="39.30999" lon="21.73021">
				<ele>796.46</ele>
				<time>2026-08-06T17:15:13.387Z</time>
			</trkpt>
			<trkpt lat="39.30945" lon="21.73095">
				<ele>796.88</ele>
				<time>2026-08-06T17:15:19.424Z</time>
			</trkpt>
			<trkpt lat="39.30846" lon="21.73224">
				<ele>796.36</ele>
				<time>2026-08-06T17:15:30.195Z</time>
			</trkpt>
			<trkpt lat="39.30827" lon="21.73245">
				<ele>795.03</ele>
				<time>2026-08-06T17:15:32.108Z</time>
			</trkpt>
			<trkpt lat="39.30804" lon="21.73273">
				<ele>794.89</ele>
				<time>2026-08-06T17:15:34.524Z</time>
			</trkpt>
			<trkpt lat="39.30801" lon="21.73278">
				<ele>795.06</ele>
				<time>2026-08-06T17:15:34.898Z</time>
			</trkpt>
			<trkpt lat="39.30792" lon="21.73308">
				<ele>792.68</ele>
				<time>2026-08-06T17:15:36.800Z</time>
			</trkpt>
			<trkpt lat="39.30801" lon="21.73278">
				<ele>795.06</ele>
				<time>2026-08-06T17:15:38.701Z</time>
			</trkpt>
			<trkpt lat="39.30804" lon="21.73273">
				<ele>794.89</ele>
				<time>2026-08-06T17:15:39.074Z</time>
			</trkpt>
			<trkpt lat="39.30827" lon="21.73245">
				<ele>795.03</ele>
				<time>2026-08-06T17:15:41.484Z</time>
			</trkpt>
			<trkpt lat="39.30846" lon="21.73224">
				<ele>796.36</ele>
				<time>2026-08-06T17:15:43.389Z</time>
			</trkpt>
			<trkpt lat="39.30945" lon="21.73095">
				<ele>796.88</ele>
				<time>2026-08-06T17:15:54.067Z</time>
			</trkpt>
			<trkpt lat="39.30999" lon="21.73021">
				<ele>796.46</ele>
				<time>2026-08-06T17:16:00.087Z</time>
			</trkpt>
			<trkpt lat="39.31012" lon="21.72999">
				<ele>797.11</ele>
				<time>2026-08-06T17:16:01.740Z</time>
			</trkpt>
			<trkpt lat="39.31019" lon="21.72979">
				<ele>796.58</ele>
				<time>2026-08-06T17:16:03.055Z</time>
			</trkpt>
			<trkpt lat="39.3102" lon="21.72971">
				<ele>796.51</ele>
				<time>2026-08-06T17:16:03.541Z</time>
			</trkpt>
			<trkpt lat="39.31016" lon="21.72948">
				<ele>794.9</ele>
				<time>2026-08-06T17:16:04.958Z</time>
			</trkpt>
			<trkpt lat="39.31011" lon="21.72928">
				<ele>793.53</ele>
				<time>2026-08-06T17:16:06.225Z</time>
			</trkpt>
			<trkpt lat="39.30993" lon="21.72879">
				<ele>791.73</ele>
				<time>2026-08-06T17:16:09.508Z</time>
			</trkpt>
			<trkpt lat="39.30988" lon="21.72825">
				<ele>796.04</ele>
				<time>2026-08-06T17:16:12.817Z</time>
			</trkpt>
			<trkpt lat="39.30987" lon="21.72797">
				<ele>795.26</ele>
				<time>2026-08-06T17:16:14.529Z</time>
			</trkpt>
			<trkpt lat="39.30997" lon="21.72762">
				<ele>795.1</ele>
				<time>2026-08-06T17:16:16.813Z</time>
			</trkpt>
			<trkpt lat="39.30999" lon="21.72731">
				<ele>794.32</ele>
				<time>2026-08-06T17:16:18.721Z</time>
			</trkpt>
			<trkpt lat="39.31006" lon="21.72715">
				<ele>794.27</ele>
				<time>2026-08-06T17:16:19.851Z</time>
			</trkpt>
			<trkpt lat="39.31022" lon="21.7269">
				<ele>795.56</ele>
				<time>2026-08-06T17:16:21.848Z</time>
			</trkpt>
			<trkpt lat="39.31025" lon="21.72682">
				<ele>795.76</ele>
				<time>2026-08-06T17:16:22.396Z</time>
			</trkpt>
			<trkpt lat="39.31024" lon="21.72667">
				<ele>795.69</ele>
				<time>2026-08-06T17:16:23.324Z</time>
			</trkpt>
			<trkpt lat="39.31023" lon="21.7266">
				<ele>795.3</ele>
				<time>2026-08-06T17:16:23.763Z</time>
			</trkpt>
			<trkpt lat="39.31016" lon="21.72648">
				<ele>794.41</ele>
				<time>2026-08-06T17:16:24.691Z</time>
			</trkpt>
			<trkpt lat="39.30977" lon="21.72593">
				<ele>792.03</ele>
				<time>2026-08-06T17:16:29.303Z</time>
			</trkpt>
			<trkpt lat="39.30973" lon="21.72588">
				<ele>791.86</ele>
				<time>2026-08-06T17:16:29.748Z</time>
			</trkpt>
			<trkpt lat="39.30962" lon="21.72584">
				<ele>792.3</ele>
				<time>2026-08-06T17:16:30.662Z</time>
			</trkpt>
			<trkpt lat="39.30952" lon="21.72587">
				<ele>792.58</ele>
				<time>2026-08-06T17:16:31.484Z</time>
			</trkpt>
			<trkpt lat="39.30945" lon="21.72591">
				<ele>792.69</ele>
				<time>2026-08-06T17:16:32.097Z</time>
			</trkpt>
			<trkpt lat="39.30938" lon="21.72598">
				<ele>793.17</ele>
				<time>2026-08-06T17:16:32.806Z</time>
			</trkpt>
			<trkpt lat="39.30932" lon="21.72617">
				<ele>793.15</ele>
				<time>2026-08-06T17:16:34.077Z</time>
			</trkpt>
			<trkpt lat="39.30928" lon="21.72649">
				<ele>792.92</ele>
				<time>2026-08-06T17:16:36.087Z</time>
			</trkpt>
			<trkpt lat="39.30922" lon="21.72665">
				<ele>792.81</ele>
				<time>2026-08-06T17:16:37.189Z</time>
			</trkpt>
			<trkpt lat="39.30909" lon="21.72682">
				<ele>792.16</ele>
				<time>2026-08-06T17:16:38.671Z</time>
			</trkpt>
			<trkpt lat="39.30899" lon="21.72689">
				<ele>791.54</ele>
				<time>2026-08-06T17:16:39.582Z</time>
			</trkpt>
			<trkpt lat="39.30891" lon="21.72688">
				<ele>791.32</ele>
				<time>2026-08-06T17:16:40.225Z</time>
			</trkpt>
			<trkpt lat="39.30885" lon="21.72682">
				<ele>791.2</ele>
				<time>2026-08-06T17:16:40.833Z</time>
			</trkpt>
			<trkpt lat="39.30879" lon="21.72672">
				<ele>791.35</ele>
				<time>2026-08-06T17:16:41.617Z</time>
			</trkpt>
			<trkpt lat="39.30875" lon="21.7266">
				<ele>792.2</ele>
				<time>2026-08-06T17:16:42.426Z</time>
			</trkpt>
			<trkpt lat="39.30875" lon="21.72642">
				<ele>794.13</ele>
				<time>2026-08-06T17:16:43.541Z</time>
			</trkpt>
			<trkpt lat="39.30876" lon="21.72568">
				<ele>798.43</ele>
				<time>2026-08-06T17:16:48.118Z</time>
			</trkpt>
			<trkpt lat="39.30881" lon="21.72477">
				<ele>800.95</ele>
				<time>2026-08-06T17:16:53.742Z</time>
			</trkpt>
			<trkpt lat="39.30883" lon="21.72355">
				<ele>805</ele>
				<time>2026-08-06T17:17:01.214Z</time>
			</trkpt>
			<trkpt lat="39.30886" lon="21.7229">
				<ele>805.5</ele>
				<time>2026-08-06T17:17:05.171Z</time>
			</trkpt>
			<trkpt lat="39.30896" lon="21.72179">
				<ele>808.27</ele>
				<time>2026-08-06T17:17:11.900Z</time>
			</trkpt>
			<trkpt lat="39.30896" lon="21.721">
				<ele>813.66</ele>
				<time>2026-08-06T17:17:16.600Z</time>
			</trkpt>
			<trkpt lat="39.30897" lon="21.72045">
				<ele>813.55</ele>
				<time>2026-08-06T17:17:19.842Z</time>
			</trkpt>
			<trkpt lat="39.30905" lon="21.71974">
				<ele>817.83</ele>
				<time>2026-08-06T17:17:24.027Z</time>
			</trkpt>
			<trkpt lat="39.30908" lon="21.71938">
				<ele>820.19</ele>
				<time>2026-08-06T17:17:26.119Z</time>
			</trkpt>
			<trkpt lat="39.30909" lon="21.71905">
				<ele>819.64</ele>
				<time>2026-08-06T17:17:28.015Z</time>
			</trkpt>
			<trkpt lat="39.30907" lon="21.71888">
				<ele>819.67</ele>
				<time>2026-08-06T17:17:28.997Z</time>
			</trkpt>
			<trkpt lat="39.30855" lon="21.71694">
				<ele>824.21</ele>
				<time>2026-08-06T17:17:40.444Z</time>
			</trkpt>
			<trkpt lat="39.30839" lon="21.71623">
				<ele>829.9</ele>
				<time>2026-08-06T17:17:44.426Z</time>
			</trkpt>
			<trkpt lat="39.30826" lon="21.71636">
				<ele>828.68</ele>
				<time>2026-08-06T17:17:45.555Z</time>
			</trkpt>
			<trkpt lat="39.30813" lon="21.71643">
				<ele>827.29</ele>
				<time>2026-08-06T17:17:46.516Z</time>
			</trkpt>
			<trkpt lat="39.30755" lon="21.71653">
				<ele>824.1</ele>
				<time>2026-08-06T17:17:50.455Z</time>
			</trkpt>
			<trkpt lat="39.3073" lon="21.71667">
				<ele>822.67</ele>
				<time>2026-08-06T17:17:52.257Z</time>
			</trkpt>
			<trkpt lat="39.3072" lon="21.71679">
				<ele>822.84</ele>
				<time>2026-08-06T17:17:53.152Z</time>
			</trkpt>
			<trkpt lat="39.30708" lon="21.71707">
				<ele>823.33</ele>
				<time>2026-08-06T17:17:54.761Z</time>
			</trkpt>
			<trkpt lat="39.30662" lon="21.71838">
				<ele>823.1</ele>
				<time>2026-08-06T17:18:01.778Z</time>
			</trkpt>
			<trkpt lat="39.30653" lon="21.71858">
				<ele>822.64</ele>
				<time>2026-08-06T17:18:02.880Z</time>
			</trkpt>
			<trkpt lat="39.30638" lon="21.71881">
				<ele>821.64</ele>
				<time>2026-08-06T17:18:04.304Z</time>
			</trkpt>
			<trkpt lat="39.30617" lon="21.719">
				<ele>823.23</ele>
				<time>2026-08-06T17:18:05.860Z</time>
			</trkpt>
			<trkpt lat="39.30598" lon="21.7191">
				<ele>823.32</ele>
				<time>2026-08-06T17:18:07.098Z</time>
			</trkpt>
			<trkpt lat="39.30574" lon="21.71916">
				<ele>822.4</ele>
				<time>2026-08-06T17:18:08.562Z</time>
			</trkpt>
			<trkpt lat="39.30496" lon="21.71922">
				<ele>821.69</ele>
				<time>2026-08-06T17:18:13.172Z</time>
			</trkpt>
			<trkpt lat="39.30481" lon="21.71925">
				<ele>821.79</ele>
				<time>2026-08-06T17:18:14.055Z</time>
			</trkpt>
			<trkpt lat="39.30471" lon="21.71929">
				<ele>821.58</ele>
				<time>2026-08-06T17:18:14.662Z</time>
			</trkpt>
			<trkpt lat="39.30448" lon="21.71946">
				<ele>819.12</ele>
				<time>2026-08-06T17:18:16.191Z</time>
			</trkpt>
			<trkpt lat="39.30436" lon="21.7196">
				<ele>819.28</ele>
				<time>2026-08-06T17:18:17.118Z</time>
			</trkpt>
			<trkpt lat="39.3042" lon="21.71989">
				<ele>819.84</ele>
				<time>2026-08-06T17:18:18.689Z</time>
			</trkpt>
			<trkpt lat="39.30416" lon="21.72008">
				<ele>820.06</ele>
				<time>2026-08-06T17:18:19.552Z</time>
			</trkpt>
			<trkpt lat="39.30401" lon="21.72087">
				<ele>821.46</ele>
				<time>2026-08-06T17:18:23.081Z</time>
			</trkpt>
			<trkpt lat="39.30381" lon="21.72212">
				<ele>824.59</ele>
				<time>2026-08-06T17:18:28.504Z</time>
			</trkpt>
			<trkpt lat="39.30373" lon="21.72235">
				<ele>823.82</ele>
				<time>2026-08-06T17:18:29.559Z</time>
			</trkpt>
			<trkpt lat="39.30361" lon="21.72256">
				<ele>821.27</ele>
				<time>2026-08-06T17:18:30.647Z</time>
			</trkpt>
			<trkpt lat="39.3034" lon="21.72285">
				<ele>819.52</ele>
				<time>2026-08-06T17:18:32.291Z</time>
			</trkpt>
			<trkpt lat="39.30308" lon="21.72325">
				<ele>818.09</ele>
				<time>2026-08-06T17:18:34.653Z</time>
			</trkpt>
			<trkpt lat="39.30296" lon="21.72346">
				<ele>820.17</ele>
				<time>2026-08-06T17:18:35.716Z</time>
			</trkpt>
			<trkpt lat="39.30282" lon="21.72391">
				<ele>821.91</ele>
				<time>2026-08-06T17:18:37.680Z</time>
			</trkpt>
			<trkpt lat="39.30269" lon="21.72461">
				<ele>819.7</ele>
				<time>2026-08-06T17:18:40.565Z</time>
			</trkpt>
			<trkpt lat="39.30254" lon="21.72485">
				<ele>820</ele>
				<time>2026-08-06T17:18:41.792Z</time>
			</trkpt>
			<trkpt lat="39.30239" lon="21.72504">
				<ele>819.83</ele>
				<time>2026-08-06T17:18:42.866Z</time>
			</trkpt>
			<trkpt lat="39.30219" lon="21.72515">
				<ele>818.19</ele>
				<time>2026-08-06T17:18:43.973Z</time>
			</trkpt>
			<trkpt lat="39.30201" lon="21.72516">
				<ele>817.24</ele>
				<time>2026-08-06T17:18:44.887Z</time>
			</trkpt>
			<trkpt lat="39.30182" lon="21.72511">
				<ele>816.76</ele>
				<time>2026-08-06T17:18:45.868Z</time>
			</trkpt>
			<trkpt lat="39.30147" lon="21.72486">
				<ele>818.09</ele>
				<time>2026-08-06T17:18:47.879Z</time>
			</trkpt>
			<trkpt lat="39.30092" lon="21.72441">
				<ele>819.13</ele>
				<time>2026-08-06T17:18:51.124Z</time>
			</trkpt>
			<trkpt lat="39.30072" lon="21.72435">
				<ele>820.31</ele>
				<time>2026-08-06T17:18:52.140Z</time>
			</trkpt>
			<trkpt lat="39.30049" lon="21.72433">
				<ele>820.47</ele>
				<time>2026-08-06T17:18:53.277Z</time>
			</trkpt>
			<trkpt lat="39.30027" lon="21.72436">
				<ele>819.83</ele>
				<time>2026-08-06T17:18:54.365Z</time>
			</trkpt>
			<trkpt lat="39.30013" lon="21.72443">
				<ele>818.52</ele>
				<time>2026-08-06T17:18:55.101Z</time>
			</trkpt>
			<trkpt lat="39.29998" lon="21.72455">
				<ele>817.75</ele>
				<time>2026-08-06T17:18:55.964Z</time>
			</trkpt>
			<trkpt lat="39.29984" lon="21.72473">
				<ele>819.79</ele>
				<time>2026-08-06T17:18:56.928Z</time>
			</trkpt>
			<trkpt lat="39.29974" lon="21.7249">
				<ele>823</ele>
				<time>2026-08-06T17:18:57.733Z</time>
			</trkpt>
			<trkpt lat="39.29903" lon="21.72645">
				<ele>824.75</ele>
				<time>2026-08-06T17:19:04.457Z</time>
			</trkpt>
			<trkpt lat="39.29876" lon="21.727">
				<ele>824.34</ele>
				<time>2026-08-06T17:19:06.866Z</time>
			</trkpt>
			<trkpt lat="39.29864" lon="21.72716">
				<ele>824.77</ele>
				<time>2026-08-06T17:19:07.687Z</time>
			</trkpt>
			<trkpt lat="39.29849" lon="21.7273">
				<ele>825.62</ele>
				<time>2026-08-06T17:19:08.568Z</time>
			</trkpt>
			<trkpt lat="39.29832" lon="21.7274">
				<ele>827</ele>
				<time>2026-08-06T17:19:09.456Z</time>
			</trkpt>
			<trkpt lat="39.29811" lon="21.72749">
				<ele>827</ele>
				<time>2026-08-06T17:19:10.506Z</time>
			</trkpt>
			<trkpt lat="39.29774" lon="21.72757">
				<ele>828.1</ele>
				<time>2026-08-06T17:19:12.283Z</time>
			</trkpt>
			<trkpt lat="39.29757" lon="21.72757">
				<ele>828.74</ele>
				<time>2026-08-06T17:19:13.087Z</time>
			</trkpt>
			<trkpt lat="39.29737" lon="21.72751">
				<ele>829.85</ele>
				<time>2026-08-06T17:19:14.058Z</time>
			</trkpt>
			<trkpt lat="39.29692" lon="21.72723">
				<ele>830.94</ele>
				<time>2026-08-06T17:19:16.416Z</time>
			</trkpt>
			<trkpt lat="39.2965" lon="21.72678">
				<ele>825.9</ele>
				<time>2026-08-06T17:19:18.988Z</time>
			</trkpt>
			<trkpt lat="39.29623" lon="21.72655">
				<ele>822.19</ele>
				<time>2026-08-06T17:19:20.511Z</time>
			</trkpt>
			<trkpt lat="39.29605" lon="21.72647">
				<ele>821.08</ele>
				<time>2026-08-06T17:19:21.408Z</time>
			</trkpt>
			<trkpt lat="39.29587" lon="21.72647">
				<ele>821.32</ele>
				<time>2026-08-06T17:19:22.256Z</time>
			</trkpt>
			<trkpt lat="39.29569" lon="21.72652">
				<ele>821.26</ele>
				<time>2026-08-06T17:19:23.123Z</time>
			</trkpt>
			<trkpt lat="39.29552" lon="21.72664">
				<ele>820.71</ele>
				<time>2026-08-06T17:19:24.036Z</time>
			</trkpt>
			<trkpt lat="39.29534" lon="21.72684">
				<ele>821.22</ele>
				<time>2026-08-06T17:19:25.155Z</time>
			</trkpt>
			<trkpt lat="39.29405" lon="21.72872">
				<ele>824.41</ele>
				<time>2026-08-06T17:19:34.358Z</time>
			</trkpt>
			<trkpt lat="39.29377" lon="21.72897">
				<ele>824.91</ele>
				<time>2026-08-06T17:19:35.979Z</time>
			</trkpt>
			<trkpt lat="39.29362" lon="21.72904">
				<ele>824.3</ele>
				<time>2026-08-06T17:19:36.741Z</time>
			</trkpt>
			<trkpt lat="39.29347" lon="21.72908">
				<ele>823.41</ele>
				<time>2026-08-06T17:19:37.473Z</time>
			</trkpt>
			<trkpt lat="39.29334" lon="21.72909">
				<ele>822.83</ele>
				<time>2026-08-06T17:19:38.096Z</time>
			</trkpt>
			<trkpt lat="39.29251" lon="21.72887">
				<ele>821.38</ele>
				<time>2026-08-06T17:19:42.172Z</time>
			</trkpt>
			<trkpt lat="39.2924" lon="21.72887">
				<ele>821.59</ele>
				<time>2026-08-06T17:19:42.703Z</time>
			</trkpt>
			<trkpt lat="39.29213" lon="21.72895">
				<ele>822.71</ele>
				<time>2026-08-06T17:19:44.046Z</time>
			</trkpt>
			<trkpt lat="39.29207" lon="21.72899">
				<ele>823.38</ele>
				<time>2026-08-06T17:19:44.374Z</time>
			</trkpt>
			<trkpt lat="39.29165" lon="21.72938">
				<ele>822.81</ele>
				<time>2026-08-06T17:19:46.895Z</time>
			</trkpt>
			<trkpt lat="39.28962" lon="21.73142">
				<ele>816.56</ele>
				<time>2026-08-06T17:19:59.731Z</time>
			</trkpt>
			<trkpt lat="39.28941" lon="21.73153">
				<ele>816.9</ele>
				<time>2026-08-06T17:20:00.890Z</time>
			</trkpt>
			<trkpt lat="39.28929" lon="21.73158">
				<ele>816.39</ele>
				<time>2026-08-06T17:20:01.538Z</time>
			</trkpt>
			<trkpt lat="39.28917" lon="21.7316">
				<ele>815.95</ele>
				<time>2026-08-06T17:20:02.161Z</time>
			</trkpt>
			<trkpt lat="39.28878" lon="21.73157">
				<ele>814.9</ele>
				<time>2026-08-06T17:20:04.182Z</time>
			</trkpt>
			<trkpt lat="39.28791" lon="21.73135">
				<ele>813.95</ele>
				<time>2026-08-06T17:20:08.834Z</time>
			</trkpt>
			<trkpt lat="39.28772" lon="21.73133">
				<ele>813.68</ele>
				<time>2026-08-06T17:20:09.846Z</time>
			</trkpt>
			<trkpt lat="39.2875" lon="21.73139">
				<ele>813.95</ele>
				<time>2026-08-06T17:20:11.046Z</time>
			</trkpt>
			<trkpt lat="39.28737" lon="21.73145">
				<ele>813.94</ele>
				<time>2026-08-06T17:20:11.786Z</time>
			</trkpt>
			<trkpt lat="39.28724" lon="21.73156">
				<ele>813.68</ele>
				<time>2026-08-06T17:20:12.621Z</time>
			</trkpt>
			<trkpt lat="39.28694" lon="21.73203">
				<ele>815.05</ele>
				<time>2026-08-06T17:20:15.177Z</time>
			</trkpt>
			<trkpt lat="39.28633" lon="21.73316">
				<ele>819.29</ele>
				<time>2026-08-06T17:20:21.069Z</time>
			</trkpt>
			<trkpt lat="39.28617" lon="21.73328">
				<ele>821.1</ele>
				<time>2026-08-06T17:20:22.108Z</time>
			</trkpt>
			<trkpt lat="39.28608" lon="21.73338">
				<ele>822.13</ele>
				<time>2026-08-06T17:20:22.777Z</time>
			</trkpt>
			<trkpt lat="39.28593" lon="21.73352">
				<ele>823.39</ele>
				<time>2026-08-06T17:20:23.825Z</time>
			</trkpt>
			<trkpt lat="39.28586" lon="21.73353">
				<ele>824.18</ele>
				<time>2026-08-06T17:20:24.226Z</time>
			</trkpt>
			<trkpt lat="39.2858" lon="21.7335">
				<ele>825.17</ele>
				<time>2026-08-06T17:20:24.592Z</time>
			</trkpt>
			<trkpt lat="39.28555" lon="21.73316">
				<ele>829.58</ele>
				<time>2026-08-06T17:20:26.671Z</time>
			</trkpt>
			<trkpt lat="39.28525" lon="21.73254">
				<ele>837.21</ele>
				<time>2026-08-06T17:20:29.955Z</time>
			</trkpt>
			<trkpt lat="39.28518" lon="21.73244">
				<ele>839.12</ele>
				<time>2026-08-06T17:20:30.566Z</time>
			</trkpt>
			<trkpt lat="39.28508" lon="21.73242">
				<ele>841</ele>
				<time>2026-08-06T17:20:31.161Z</time>
			</trkpt>
			<trkpt lat="39.28502" lon="21.73245">
				<ele>842.34</ele>
				<time>2026-08-06T17:20:31.540Z</time>
			</trkpt>
			<trkpt lat="39.2849" lon="21.73256">
				<ele>845.15</ele>
				<time>2026-08-06T17:20:32.410Z</time>
			</trkpt>
			<trkpt lat="39.28473" lon="21.73278">
				<ele>848.46</ele>
				<time>2026-08-06T17:20:33.839Z</time>
			</trkpt>
			<trkpt lat="39.28461" lon="21.73285">
				<ele>850.12</ele>
				<time>2026-08-06T17:20:34.624Z</time>
			</trkpt>
			<trkpt lat="39.28433" lon="21.73295">
				<ele>852.84</ele>
				<time>2026-08-06T17:20:36.352Z</time>
			</trkpt>
			<trkpt lat="39.28405" lon="21.7331">
				<ele>855.79</ele>
				<time>2026-08-06T17:20:38.151Z</time>
			</trkpt>
			<trkpt lat="39.28374" lon="21.73339">
				<ele>857.02</ele>
				<time>2026-08-06T17:20:40.420Z</time>
			</trkpt>
			<trkpt lat="39.28366" lon="21.73341">
				<ele>857.35</ele>
				<time>2026-08-06T17:20:40.903Z</time>
			</trkpt>
			<trkpt lat="39.28357" lon="21.73337">
				<ele>858.81</ele>
				<time>2026-08-06T17:20:41.468Z</time>
			</trkpt>
			<trkpt lat="39.28356" lon="21.73332">
				<ele>859.74</ele>
				<time>2026-08-06T17:20:41.705Z</time>
			</trkpt>
			<trkpt lat="39.28365" lon="21.73293">
				<ele>868.84</ele>
				<time>2026-08-06T17:20:43.575Z</time>
			</trkpt>
			<trkpt lat="39.28379" lon="21.73252">
				<ele>874.11</ele>
				<time>2026-08-06T17:20:45.639Z</time>
			</trkpt>
			<trkpt lat="39.28388" lon="21.7324">
				<ele>874.38</ele>
				<time>2026-08-06T17:20:46.411Z</time>
			</trkpt>
			<trkpt lat="39.28391" lon="21.73231">
				<ele>874.7</ele>
				<time>2026-08-06T17:20:46.864Z</time>
			</trkpt>
			<trkpt lat="39.28387" lon="21.73215">
				<ele>877.37</ele>
				<time>2026-08-06T17:20:47.642Z</time>
			</trkpt>
			<trkpt lat="39.28382" lon="21.73208">
				<ele>878.06</ele>
				<time>2026-08-06T17:20:48.084Z</time>
			</trkpt>
			<trkpt lat="39.28359" lon="21.73193">
				<ele>880.51</ele>
				<time>2026-08-06T17:20:49.632Z</time>
			</trkpt>
			<trkpt lat="39.28339" lon="21.73164">
				<ele>886.73</ele>
				<time>2026-08-06T17:20:51.448Z</time>
			</trkpt>
			<trkpt lat="39.28333" lon="21.73159">
				<ele>888.2</ele>
				<time>2026-08-06T17:20:51.881Z</time>
			</trkpt>
			<trkpt lat="39.28326" lon="21.7316">
				<ele>889.9</ele>
				<time>2026-08-06T17:20:52.309Z</time>
			</trkpt>
			<trkpt lat="39.2832" lon="21.73168">
				<ele>891.15</ele>
				<time>2026-08-06T17:20:52.834Z</time>
			</trkpt>
			<trkpt lat="39.28307" lon="21.73202">
				<ele>891.52</ele>
				<time>2026-08-06T17:20:54.629Z</time>
			</trkpt>
			<trkpt lat="39.28299" lon="21.73213">
				<ele>891.11</ele>
				<time>2026-08-06T17:20:55.347Z</time>
			</trkpt>
			<trkpt lat="39.28295" lon="21.73215">
				<ele>891.36</ele>
				<time>2026-08-06T17:20:55.612Z</time>
			</trkpt>
			<trkpt lat="39.28291" lon="21.73215">
				<ele>891.77</ele>
				<time>2026-08-06T17:20:55.859Z</time>
			</trkpt>
			<trkpt lat="39.28286" lon="21.73211">
				<ele>893.49</ele>
				<time>2026-08-06T17:20:56.222Z</time>
			</trkpt>
			<trkpt lat="39.28281" lon="21.73188">
				<ele>899.17</ele>
				<time>2026-08-06T17:20:57.369Z</time>
			</trkpt>
			<trkpt lat="39.28275" lon="21.73179">
				<ele>901.99</ele>
				<time>2026-08-06T17:20:57.942Z</time>
			</trkpt>
			<trkpt lat="39.28271" lon="21.73179">
				<ele>903.02</ele>
				<time>2026-08-06T17:20:58.192Z</time>
			</trkpt>
			<trkpt lat="39.28257" lon="21.73192">
				<ele>904.28</ele>
				<time>2026-08-06T17:20:59.273Z</time>
			</trkpt>
			<trkpt lat="39.28248" lon="21.73197">
				<ele>905.65</ele>
				<time>2026-08-06T17:20:59.890Z</time>
			</trkpt>
			<trkpt lat="39.28244" lon="21.73196">
				<ele>906.18</ele>
				<time>2026-08-06T17:21:00.147Z</time>
			</trkpt>
			<trkpt lat="39.28242" lon="21.73193">
				<ele>906.93</ele>
				<time>2026-08-06T17:21:00.341Z</time>
			</trkpt>
			<trkpt lat="39.28238" lon="21.73166">
				<ele>909.77</ele>
				<time>2026-08-06T17:21:01.693Z</time>
			</trkpt>
			<trkpt lat="39.28235" lon="21.73154">
				<ele>910.14</ele>
				<time>2026-08-06T17:21:02.316Z</time>
			</trkpt>
			<trkpt lat="39.28225" lon="21.73147">
				<ele>911.76</ele>
				<time>2026-08-06T17:21:03.046Z</time>
			</trkpt>
			<trkpt lat="39.28218" lon="21.73145">
				<ele>913.15</ele>
				<time>2026-08-06T17:21:03.508Z</time>
			</trkpt>
			<trkpt lat="39.28196" lon="21.73148">
				<ele>916.18</ele>
				<time>2026-08-06T17:21:04.942Z</time>
			</trkpt>
			<trkpt lat="39.2819" lon="21.73144">
				<ele>917.9</ele>
				<time>2026-08-06T17:21:05.382Z</time>
			</trkpt>
			<trkpt lat="39.28185" lon="21.73135">
				<ele>920.03</ele>
				<time>2026-08-06T17:21:05.944Z</time>
			</trkpt>
			<trkpt lat="39.2818" lon="21.73117">
				<ele>923.55</ele>
				<time>2026-08-06T17:21:06.918Z</time>
			</trkpt>
			<trkpt lat="39.28178" lon="21.73097">
				<ele>925.43</ele>
				<time>2026-08-06T17:21:07.952Z</time>
			</trkpt>
			<trkpt lat="39.28176" lon="21.73093">
				<ele>926.38</ele>
				<time>2026-08-06T17:21:08.197Z</time>
			</trkpt>
			<trkpt lat="39.28171" lon="21.73092">
				<ele>928.02</ele>
				<time>2026-08-06T17:21:08.535Z</time>
			</trkpt>
			<trkpt lat="39.28165" lon="21.73096">
				<ele>929.34</ele>
				<time>2026-08-06T17:21:08.986Z</time>
			</trkpt>
			<trkpt lat="39.2815" lon="21.73111">
				<ele>930.84</ele>
				<time>2026-08-06T17:21:10.263Z</time>
			</trkpt>
			<trkpt lat="39.28142" lon="21.7311">
				<ele>932.41</ele>
				<time>2026-08-06T17:21:10.808Z</time>
			</trkpt>
			<trkpt lat="39.28133" lon="21.73105">
				<ele>934.71</ele>
				<time>2026-08-06T17:21:11.475Z</time>
			</trkpt>
			<trkpt lat="39.28125" lon="21.73103">
				<ele>936.49</ele>
				<time>2026-08-06T17:21:12.032Z</time>
			</trkpt>
			<trkpt lat="39.28092" lon="21.73103">
				<ele>940.66</ele>
				<time>2026-08-06T17:21:14.314Z</time>
			</trkpt>
			<trkpt lat="39.28082" lon="21.73095">
				<ele>942.72</ele>
				<time>2026-08-06T17:21:15.137Z</time>
			</trkpt>
			<trkpt lat="39.28067" lon="21.73076">
				<ele>945.51</ele>
				<time>2026-08-06T17:21:16.621Z</time>
			</trkpt>
			<trkpt lat="39.28056" lon="21.73054">
				<ele>948.17</ele>
				<time>2026-08-06T17:21:18.070Z</time>
			</trkpt>
			<trkpt lat="39.2805" lon="21.73034">
				<ele>949.9</ele>
				<time>2026-08-06T17:21:19.269Z</time>
			</trkpt>
			<trkpt lat="39.28014" lon="21.73027">
				<ele>948.02</ele>
				<time>2026-08-06T17:21:21.941Z</time>
			</trkpt>
			<trkpt lat="39.27988" lon="21.73016">
				<ele>945.62</ele>
				<time>2026-08-06T17:21:23.989Z</time>
			</trkpt>
			<trkpt lat="39.27975" lon="21.73006">
				<ele>944.14</ele>
				<time>2026-08-06T17:21:25.136Z</time>
			</trkpt>
			<trkpt lat="39.27966" lon="21.72994">
				<ele>943.58</ele>
				<time>2026-08-06T17:21:26.126Z</time>
			</trkpt>
			<trkpt lat="39.27963" lon="21.72977">
				<ele>944.42</ele>
				<time>2026-08-06T17:21:27.167Z</time>
			</trkpt>
			<trkpt lat="39.2796" lon="21.7297">
				<ele>944.43</ele>
				<time>2026-08-06T17:21:27.648Z</time>
			</trkpt>
			<trkpt lat="39.27954" lon="21.72967">
				<ele>943.99</ele>
				<time>2026-08-06T17:21:28.150Z</time>
			</trkpt>
			<trkpt lat="39.27935" lon="21.72966">
				<ele>943.04</ele>
				<time>2026-08-06T17:21:29.645Z</time>
			</trkpt>
			<trkpt lat="39.27911" lon="21.72969">
				<ele>942.85</ele>
				<time>2026-08-06T17:21:31.569Z</time>
			</trkpt>
			<trkpt lat="39.27881" lon="21.72987">
				<ele>936.46</ele>
				<time>2026-08-06T17:21:34.259Z</time>
			</trkpt>
			<trkpt lat="39.27869" lon="21.72998">
				<ele>933.46</ele>
				<time>2026-08-06T17:21:35.475Z</time>
			</trkpt>
			<trkpt lat="39.27851" lon="21.73031">
				<ele>927.74</ele>
				<time>2026-08-06T17:21:38.113Z</time>
			</trkpt>
			<trkpt lat="39.27842" lon="21.73049">
				<ele>925.44</ele>
				<time>2026-08-06T17:21:39.599Z</time>
			</trkpt>
			<trkpt lat="39.2784" lon="21.73056">
				<ele>924.46</ele>
				<time>2026-08-06T17:21:40.132Z</time>
			</trkpt>
			<trkpt lat="39.27841" lon="21.73064">
				<ele>923.98</ele>
				<time>2026-08-06T17:21:40.721Z</time>
			</trkpt>
			<trkpt lat="39.27856" lon="21.73086">
				<ele>921.23</ele>
				<time>2026-08-06T17:21:42.921Z</time>
			</trkpt>
			<trkpt lat="39.27859" lon="21.73097">
				<ele>920.12</ele>
				<time>2026-08-06T17:21:43.824Z</time>
			</trkpt>
			<trkpt lat="39.27859" lon="21.73106">
				<ele>919.42</ele>
				<time>2026-08-06T17:21:44.530Z</time>
			</trkpt>
			<trkpt lat="39.27856" lon="21.73126">
				<ele>918.84</ele>
				<time>2026-08-06T17:21:46.154Z</time>
			</trkpt>
			<trkpt lat="39.27858" lon="21.7315">
				<ele>917.33</ele>
				<time>2026-08-06T17:21:48.119Z</time>
			</trkpt>
			<trkpt lat="39.27855" lon="21.73173">
				<ele>916.1</ele>
				<time>2026-08-06T17:21:50.047Z</time>
			</trkpt>
			<trkpt lat="39.27858" lon="21.7318">
				<ele>915.61</ele>
				<time>2026-08-06T17:21:50.713Z</time>
			</trkpt>
			<trkpt lat="39.27867" lon="21.73212">
				<ele>914.26</ele>
				<time>2026-08-06T17:21:53.563Z</time>
			</trkpt>
			<trkpt lat="39.27873" lon="21.73227">
				<ele>913.5</ele>
				<time>2026-08-06T17:21:54.977Z</time>
			</trkpt>
			<trkpt lat="39.27899" lon="21.73252">
				<ele>909.34</ele>
				<time>2026-08-06T17:21:58.455Z</time>
			</trkpt>
			<trkpt lat="39.279" lon="21.73255">
				<ele>908.75</ele>
				<time>2026-08-06T17:21:58.724Z</time>
			</trkpt>
			<trkpt lat="39.27899" lon="21.7328">
				<ele>906.56</ele>
				<time>2026-08-06T17:22:00.758Z</time>
			</trkpt>
			<trkpt lat="39.27884" lon="21.73348">
				<ele>904.91</ele>
				<time>2026-08-06T17:22:06.366Z</time>
			</trkpt>
			<trkpt lat="39.27884" lon="21.73361">
				<ele>905.58</ele>
				<time>2026-08-06T17:22:07.395Z</time>
			</trkpt>
			<trkpt lat="39.27887" lon="21.73366">
				<ele>905.65</ele>
				<time>2026-08-06T17:22:07.896Z</time>
			</trkpt>
			<trkpt lat="39.27898" lon="21.73377">
				<ele>904.51</ele>
				<time>2026-08-06T17:22:09.319Z</time>
			</trkpt>
			<trkpt lat="39.27919" lon="21.7338">
				<ele>901.29</ele>
				<time>2026-08-06T17:22:11.480Z</time>
			</trkpt>
			<trkpt lat="39.27933" lon="21.73387">
				<ele>900.07</ele>
				<time>2026-08-06T17:22:13.016Z</time>
			</trkpt>
			<trkpt lat="39.27941" lon="21.73397">
				<ele>898.97</ele>
				<time>2026-08-06T17:22:14.154Z</time>
			</trkpt>
			<trkpt lat="39.27947" lon="21.73411">
				<ele>897.88</ele>
				<time>2026-08-06T17:22:15.421Z</time>
			</trkpt>
			<trkpt lat="39.27948" lon="21.73428">
				<ele>896.26</ele>
				<time>2026-08-06T17:22:16.771Z</time>
			</trkpt>
			<trkpt lat="39.27946" lon="21.73441">
				<ele>895.18</ele>
				<time>2026-08-06T17:22:17.821Z</time>
			</trkpt>
			<trkpt lat="39.27939" lon="21.7345">
				<ele>894.97</ele>
				<time>2026-08-06T17:22:18.831Z</time>
			</trkpt>
			<trkpt lat="39.27928" lon="21.73458">
				<ele>895.5</ele>
				<time>2026-08-06T17:22:20.122Z</time>
			</trkpt>
			<trkpt lat="39.27901" lon="21.73456">
				<ele>898.17</ele>
				<time>2026-08-06T17:22:22.888Z</time>
			</trkpt>
			<trkpt lat="39.27875" lon="21.73462">
				<ele>897.07</ele>
				<time>2026-08-06T17:22:25.590Z</time>
			</trkpt>
			<trkpt lat="39.27837" lon="21.73411">
				<ele>908.53</ele>
				<time>2026-08-06T17:22:31.195Z</time>
			</trkpt>
			<trkpt lat="39.27829" lon="21.73403">
				<ele>909.71</ele>
				<time>2026-08-06T17:22:32.230Z</time>
			</trkpt>
			<trkpt lat="39.2781" lon="21.73392">
				<ele>912.19</ele>
				<time>2026-08-06T17:22:34.359Z</time>
			</trkpt>
			<trkpt lat="39.27801" lon="21.73384">
				<ele>913.78</ele>
				<time>2026-08-06T17:22:35.477Z</time>
			</trkpt>
			<trkpt lat="39.27777" lon="21.73357">
				<ele>919.35</ele>
				<time>2026-08-06T17:22:38.732Z</time>
			</trkpt>
			<trkpt lat="39.27752" lon="21.73357">
				<ele>924.61</ele>
				<time>2026-08-06T17:22:41.289Z</time>
			</trkpt>
			<trkpt lat="39.27736" lon="21.73353">
				<ele>926.1</ele>
				<time>2026-08-06T17:22:42.956Z</time>
			</trkpt>
			<trkpt lat="39.27713" lon="21.73337">
				<ele>928.4</ele>
				<time>2026-08-06T17:22:45.628Z</time>
			</trkpt>
			<trkpt lat="39.27704" lon="21.73336">
				<ele>929.68</ele>
				<time>2026-08-06T17:22:46.552Z</time>
			</trkpt>
			<trkpt lat="39.27699" lon="21.73341">
				<ele>930.78</ele>
				<time>2026-08-06T17:22:47.199Z</time>
			</trkpt>
			<trkpt lat="39.27697" lon="21.73345">
				<ele>931.23</ele>
				<time>2026-08-06T17:22:47.576Z</time>
			</trkpt>
			<trkpt lat="39.27697" lon="21.73355">
				<ele>931.96</ele>
				<time>2026-08-06T17:22:48.368Z</time>
			</trkpt>
			<trkpt lat="39.27709" lon="21.73383">
				<ele>932.49</ele>
				<time>2026-08-06T17:22:50.902Z</time>
			</trkpt>
			<trkpt lat="39.27713" lon="21.73413">
				<ele>936.65</ele>
				<time>2026-08-06T17:22:53.312Z</time>
			</trkpt>
			<trkpt lat="39.27713" lon="21.73425">
				<ele>938.34</ele>
				<time>2026-08-06T17:22:54.263Z</time>
			</trkpt>
			<trkpt lat="39.27709" lon="21.73435">
				<ele>940.86</ele>
				<time>2026-08-06T17:22:55.154Z</time>
			</trkpt>
			<trkpt lat="39.27701" lon="21.73438">
				<ele>943.37</ele>
				<time>2026-08-06T17:22:56.006Z</time>
			</trkpt>
			<trkpt lat="39.27672" lon="21.73433">
				<ele>947.89</ele>
				<time>2026-08-06T17:22:58.999Z</time>
			</trkpt>
			<trkpt lat="39.27665" lon="21.73434">
				<ele>949.12</ele>
				<time>2026-08-06T17:22:59.719Z</time>
			</trkpt>
			<trkpt lat="39.27662" lon="21.73437">
				<ele>950.22</ele>
				<time>2026-08-06T17:23:00.107Z</time>
			</trkpt>
			<trkpt lat="39.27661" lon="21.73445">
				<ele>951.08</ele>
				<time>2026-08-06T17:23:00.749Z</time>
			</trkpt>
			<trkpt lat="39.27663" lon="21.73449">
				<ele>950.94</ele>
				<time>2026-08-06T17:23:01.126Z</time>
			</trkpt>
			<trkpt lat="39.2769" lon="21.73477">
				<ele>948.45</ele>
				<time>2026-08-06T17:23:04.667Z</time>
			</trkpt>
			<trkpt lat="39.27692" lon="21.73487">
				<ele>948.21</ele>
				<time>2026-08-06T17:23:05.485Z</time>
			</trkpt>
			<trkpt lat="39.27692" lon="21.73491">
				<ele>948.23</ele>
				<time>2026-08-06T17:23:05.802Z</time>
			</trkpt>
			<trkpt lat="39.2769" lon="21.73496">
				<ele>948.53</ele>
				<time>2026-08-06T17:23:06.247Z</time>
			</trkpt>
			<trkpt lat="39.27687" lon="21.735">
				<ele>948.98</ele>
				<time>2026-08-06T17:23:06.688Z</time>
			</trkpt>
			<trkpt lat="39.27682" lon="21.73502">
				<ele>949.42</ele>
				<time>2026-08-06T17:23:07.224Z</time>
			</trkpt>
			<trkpt lat="39.27662" lon="21.73497">
				<ele>952.95</ele>
				<time>2026-08-06T17:23:09.307Z</time>
			</trkpt>
			<trkpt lat="39.27626" lon="21.73478">
				<ele>959.27</ele>
				<time>2026-08-06T17:23:13.285Z</time>
			</trkpt>
			<trkpt lat="39.27595" lon="21.73454">
				<ele>961.14</ele>
				<time>2026-08-06T17:23:16.982Z</time>
			</trkpt>
			<trkpt lat="39.27584" lon="21.73435">
				<ele>963.47</ele>
				<time>2026-08-06T17:23:18.861Z</time>
			</trkpt>
			<trkpt lat="39.27576" lon="21.73412">
				<ele>967.48</ele>
				<time>2026-08-06T17:23:20.857Z</time>
			</trkpt>
			<trkpt lat="39.2756" lon="21.73389">
				<ele>971.91</ele>
				<time>2026-08-06T17:23:23.306Z</time>
			</trkpt>
			<trkpt lat="39.27513" lon="21.73348">
				<ele>973.24</ele>
				<time>2026-08-06T17:23:29.107Z</time>
			</trkpt>
			<trkpt lat="39.2749" lon="21.73331">
				<ele>974.46</ele>
				<time>2026-08-06T17:23:31.817Z</time>
			</trkpt>
			<trkpt lat="39.27471" lon="21.73311">
				<ele>976.09</ele>
				<time>2026-08-06T17:23:34.324Z</time>
			</trkpt>
			<trkpt lat="39.27459" lon="21.73301">
				<ele>975.72</ele>
				<time>2026-08-06T17:23:35.785Z</time>
			</trkpt>
			<trkpt lat="39.27455" lon="21.73297">
				<ele>975.35</ele>
				<time>2026-08-06T17:23:36.302Z</time>
			</trkpt>
			<trkpt lat="39.27442" lon="21.73291">
				<ele>975.2</ele>
				<time>2026-08-06T17:23:37.714Z</time>
			</trkpt>
			<trkpt lat="39.27396" lon="21.7328">
				<ele>973.57</ele>
				<time>2026-08-06T17:23:42.499Z</time>
			</trkpt>
			<trkpt lat="39.27372" lon="21.73279">
				<ele>972.4</ele>
				<time>2026-08-06T17:23:44.955Z</time>
			</trkpt>
			<trkpt lat="39.27357" lon="21.73286">
				<ele>971.51</ele>
				<time>2026-08-06T17:23:46.587Z</time>
			</trkpt>
			<trkpt lat="39.27332" lon="21.73304">
				<ele>977.49</ele>
				<time>2026-08-06T17:23:49.514Z</time>
			</trkpt>
			<trkpt lat="39.27313" lon="21.73315">
				<ele>983.5</ele>
				<time>2026-08-06T17:23:51.644Z</time>
			</trkpt>
			<trkpt lat="39.27291" lon="21.73324">
				<ele>987.28</ele>
				<time>2026-08-06T17:23:54.004Z</time>
			</trkpt>
			<trkpt lat="39.27232" lon="21.73337">
				<ele>989.44</ele>
				<time>2026-08-06T17:24:00.127Z</time>
			</trkpt>
			<trkpt lat="39.27217" lon="21.73337">
				<ele>989.83</ele>
				<time>2026-08-06T17:24:01.661Z</time>
			</trkpt>
			<trkpt lat="39.27185" lon="21.7332">
				<ele>988.71</ele>
				<time>2026-08-06T17:24:05.200Z</time>
			</trkpt>
			<trkpt lat="39.27168" lon="21.73301">
				<ele>989.52</ele>
				<time>2026-08-06T17:24:07.499Z</time>
			</trkpt>
			<trkpt lat="39.27146" lon="21.73268">
				<ele>989.79</ele>
				<time>2026-08-06T17:24:10.948Z</time>
			</trkpt>
			<trkpt lat="39.27142" lon="21.73266">
				<ele>989.62</ele>
				<time>2026-08-06T17:24:11.387Z</time>
			</trkpt>
			<trkpt lat="39.27138" lon="21.73267">
				<ele>989.17</ele>
				<time>2026-08-06T17:24:11.803Z</time>
			</trkpt>
			<trkpt lat="39.27111" lon="21.73281">
				<ele>989.53</ele>
				<time>2026-08-06T17:24:14.779Z</time>
			</trkpt>
			<trkpt lat="39.27102" lon="21.73282">
				<ele>990.48</ele>
				<time>2026-08-06T17:24:15.703Z</time>
			</trkpt>
			<trkpt lat="39.27095" lon="21.7328">
				<ele>991.53</ele>
				<time>2026-08-06T17:24:16.437Z</time>
			</trkpt>
			<trkpt lat="39.27063" lon="21.73253">
				<ele>994.05</ele>
				<time>2026-08-06T17:24:20.346Z</time>
			</trkpt>
			<trkpt lat="39.27055" lon="21.73251">
				<ele>994.08</ele>
				<time>2026-08-06T17:24:21.180Z</time>
			</trkpt>
			<trkpt lat="39.27049" lon="21.73252">
				<ele>995.03</ele>
				<time>2026-08-06T17:24:21.799Z</time>
			</trkpt>
			<trkpt lat="39.27047" lon="21.73259">
				<ele>995.46</ele>
				<time>2026-08-06T17:24:22.389Z</time>
			</trkpt>
			<trkpt lat="39.27045" lon="21.73277">
				<ele>995.7</ele>
				<time>2026-08-06T17:24:23.829Z</time>
			</trkpt>
			<trkpt lat="39.27041" lon="21.7329">
				<ele>995.33</ele>
				<time>2026-08-06T17:24:24.937Z</time>
			</trkpt>
			<trkpt lat="39.27031" lon="21.73304">
				<ele>994.93</ele>
				<time>2026-08-06T17:24:26.446Z</time>
			</trkpt>
			<trkpt lat="39.26998" lon="21.73327">
				<ele>991.66</ele>
				<time>2026-08-06T17:24:30.281Z</time>
			</trkpt>
			<trkpt lat="39.26969" lon="21.73335">
				<ele>992.16</ele>
				<time>2026-08-06T17:24:33.314Z</time>
			</trkpt>
			<trkpt lat="39.26922" lon="21.73375">
				<ele>993.7</ele>
				<time>2026-08-06T17:24:39.071Z</time>
			</trkpt>
			<trkpt lat="39.26916" lon="21.73383">
				<ele>992.81</ele>
				<time>2026-08-06T17:24:39.953Z</time>
			</trkpt>
			<trkpt lat="39.2691" lon="21.73395">
				<ele>993.27</ele>
				<time>2026-08-06T17:24:41.085Z</time>
			</trkpt>
			<trkpt lat="39.26897" lon="21.73425">
				<ele>993.69</ele>
				<time>2026-08-06T17:24:43.807Z</time>
			</trkpt>
			<trkpt lat="39.26889" lon="21.73436">
				<ele>993.52</ele>
				<time>2026-08-06T17:24:45.002Z</time>
			</trkpt>
			<trkpt lat="39.26874" lon="21.73444">
				<ele>992.48</ele>
				<time>2026-08-06T17:24:46.663Z</time>
			</trkpt>
			<trkpt lat="39.26821" lon="21.73434">
				<ele>992.96</ele>
				<time>2026-08-06T17:24:52.258Z</time>
			</trkpt>
			<trkpt lat="39.26798" lon="21.73433">
				<ele>996.37</ele>
				<time>2026-08-06T17:24:54.713Z</time>
			</trkpt>
			<trkpt lat="39.26793" lon="21.73436">
				<ele>998.21</ele>
				<time>2026-08-06T17:24:55.304Z</time>
			</trkpt>
			<trkpt lat="39.26788" lon="21.73441">
				<ele>999.66</ele>
				<time>2026-08-06T17:24:55.984Z</time>
			</trkpt>
			<trkpt lat="39.26784" lon="21.73456">
				<ele>1001.28</ele>
				<time>2026-08-06T17:24:57.308Z</time>
			</trkpt>
			<trkpt lat="39.26785" lon="21.73473">
				<ele>1001.08</ele>
				<time>2026-08-06T17:24:58.735Z</time>
			</trkpt>
			<trkpt lat="39.26799" lon="21.73505">
				<ele>997.36</ele>
				<time>2026-08-06T17:25:01.820Z</time>
			</trkpt>
			<trkpt lat="39.26812" lon="21.73529">
				<ele>995.74</ele>
				<time>2026-08-06T17:25:04.281Z</time>
			</trkpt>
			<trkpt lat="39.26816" lon="21.73545">
				<ele>996.78</ele>
				<time>2026-08-06T17:25:05.691Z</time>
			</trkpt>
			<trkpt lat="39.26816" lon="21.73577">
				<ele>999.26</ele>
				<time>2026-08-06T17:25:08.366Z</time>
			</trkpt>
			<trkpt lat="39.26805" lon="21.73589">
				<ele>1001.49</ele>
				<time>2026-08-06T17:25:09.912Z</time>
			</trkpt>
			<trkpt lat="39.26794" lon="21.73598">
				<ele>1003.14</ele>
				<time>2026-08-06T17:25:11.303Z</time>
			</trkpt>
			<trkpt lat="39.26781" lon="21.73603">
				<ele>1005.07</ele>
				<time>2026-08-06T17:25:12.744Z</time>
			</trkpt>
			<trkpt lat="39.26745" lon="21.73611">
				<ele>1009.85</ele>
				<time>2026-08-06T17:25:16.570Z</time>
			</trkpt>
			<trkpt lat="39.26741" lon="21.73613">
				<ele>1010.35</ele>
				<time>2026-08-06T17:25:17.013Z</time>
			</trkpt>
			<trkpt lat="39.26733" lon="21.73626">
				<ele>1010.3</ele>
				<time>2026-08-06T17:25:18.332Z</time>
			</trkpt>
			<trkpt lat="39.26725" lon="21.73653">
				<ele>1010.08</ele>
				<time>2026-08-06T17:25:20.595Z</time>
			</trkpt>
			<trkpt lat="39.26719" lon="21.73667">
				<ele>1011.9</ele>
				<time>2026-08-06T17:25:21.827Z</time>
			</trkpt>
			<trkpt lat="39.2669" lon="21.73701">
				<ele>1016.35</ele>
				<time>2026-08-06T17:25:25.611Z</time>
			</trkpt>
			<trkpt lat="39.26661" lon="21.73755">
				<ele>1010.9</ele>
				<time>2026-08-06T17:25:30.232Z</time>
			</trkpt>
			<trkpt lat="39.26658" lon="21.73758">
				<ele>1009.98</ele>
				<time>2026-08-06T17:25:30.562Z</time>
			</trkpt>
			<trkpt lat="39.26647" lon="21.73757">
				<ele>1009.79</ele>
				<time>2026-08-06T17:25:31.506Z</time>
			</trkpt>
			<trkpt lat="39.266" lon="21.73713">
				<ele>1014.39</ele>
				<time>2026-08-06T17:25:36.329Z</time>
			</trkpt>
			<trkpt lat="39.26568" lon="21.73699">
				<ele>1010.61</ele>
				<time>2026-08-06T17:25:39.098Z</time>
			</trkpt>
			<trkpt lat="39.26509" lon="21.73662">
				<ele>1017.12</ele>
				<time>2026-08-06T17:25:44.395Z</time>
			</trkpt>
			<trkpt lat="39.26503" lon="21.7366">
				<ele>1018.27</ele>
				<time>2026-08-06T17:25:44.891Z</time>
			</trkpt>
			<trkpt lat="39.26493" lon="21.73663">
				<ele>1019.64</ele>
				<time>2026-08-06T17:25:45.710Z</time>
			</trkpt>
			<trkpt lat="39.26479" lon="21.73679">
				<ele>1018.54</ele>
				<time>2026-08-06T17:25:47.195Z</time>
			</trkpt>
			<trkpt lat="39.26467" lon="21.73701">
				<ele>1016.3</ele>
				<time>2026-08-06T17:25:48.841Z</time>
			</trkpt>
			<trkpt lat="39.26453" lon="21.73714">
				<ele>1016.99</ele>
				<time>2026-08-06T17:25:50.196Z</time>
			</trkpt>
			<trkpt lat="39.26424" lon="21.73732">
				<ele>1020.83</ele>
				<time>2026-08-06T17:25:52.707Z</time>
			</trkpt>
			<trkpt lat="39.2642" lon="21.73737">
				<ele>1020.7</ele>
				<time>2026-08-06T17:25:53.139Z</time>
			</trkpt>
			<trkpt lat="39.26415" lon="21.73754">
				<ele>1019.24</ele>
				<time>2026-08-06T17:25:54.229Z</time>
			</trkpt>
			<trkpt lat="39.26417" lon="21.73796">
				<ele>1012.16</ele>
				<time>2026-08-06T17:25:56.735Z</time>
			</trkpt>
			<trkpt lat="39.26415" lon="21.73808">
				<ele>1011.17</ele>
				<time>2026-08-06T17:25:57.462Z</time>
			</trkpt>
			<trkpt lat="39.26406" lon="21.73831">
				<ele>1012.64</ele>
				<time>2026-08-06T17:25:58.982Z</time>
			</trkpt>
			<trkpt lat="39.26394" lon="21.73849">
				<ele>1015.6</ele>
				<time>2026-08-06T17:26:00.376Z</time>
			</trkpt>
			<trkpt lat="39.26384" lon="21.73858">
				<ele>1016.53</ele>
				<time>2026-08-06T17:26:01.296Z</time>
			</trkpt>
			<trkpt lat="39.26374" lon="21.73865">
				<ele>1015.92</ele>
				<time>2026-08-06T17:26:02.151Z</time>
			</trkpt>
			<trkpt lat="39.26359" lon="21.7387">
				<ele>1016.51</ele>
				<time>2026-08-06T17:26:03.312Z</time>
			</trkpt>
			<trkpt lat="39.26336" lon="21.73871">
				<ele>1017.62</ele>
				<time>2026-08-06T17:26:05.029Z</time>
			</trkpt>
			<trkpt lat="39.26299" lon="21.73869">
				<ele>1023.74</ele>
				<time>2026-08-06T17:26:07.769Z</time>
			</trkpt>
			<trkpt lat="39.2629" lon="21.73875">
				<ele>1027.38</ele>
				<time>2026-08-06T17:26:08.513Z</time>
			</trkpt>
			<trkpt lat="39.26288" lon="21.73886">
				<ele>1027.79</ele>
				<time>2026-08-06T17:26:09.155Z</time>
			</trkpt>
			<trkpt lat="39.26287" lon="21.73901">
				<ele>1027.41</ele>
				<time>2026-08-06T17:26:10.008Z</time>
			</trkpt>
			<trkpt lat="39.26293" lon="21.73936">
				<ele>1022.55</ele>
				<time>2026-08-06T17:26:12.028Z</time>
			</trkpt>
			<trkpt lat="39.26299" lon="21.73958">
				<ele>1017.72</ele>
				<time>2026-08-06T17:26:13.334Z</time>
			</trkpt>
			<trkpt lat="39.26307" lon="21.73975">
				<ele>1014.27</ele>
				<time>2026-08-06T17:26:14.444Z</time>
			</trkpt>
			<trkpt lat="39.26327" lon="21.7401">
				<ele>1009.98</ele>
				<time>2026-08-06T17:26:16.855Z</time>
			</trkpt>
			<trkpt lat="39.26331" lon="21.74019">
				<ele>1009.79</ele>
				<time>2026-08-06T17:26:17.427Z</time>
			</trkpt>
			<trkpt lat="39.26334" lon="21.7404">
				<ele>1008.62</ele>
				<time>2026-08-06T17:26:18.601Z</time>
			</trkpt>
			<trkpt lat="39.26331" lon="21.74052">
				<ele>1007.36</ele>
				<time>2026-08-06T17:26:19.292Z</time>
			</trkpt>
			<trkpt lat="39.26322" lon="21.74061">
				<ele>1005.68</ele>
				<time>2026-08-06T17:26:20.095Z</time>
			</trkpt>
			<trkpt lat="39.26312" lon="21.74065">
				<ele>1004.69</ele>
				<time>2026-08-06T17:26:20.832Z</time>
			</trkpt>
			<trkpt lat="39.26299" lon="21.74061">
				<ele>1005.07</ele>
				<time>2026-08-06T17:26:21.770Z</time>
			</trkpt>
			<trkpt lat="39.26258" lon="21.74044">
				<ele>1007.64</ele>
				<time>2026-08-06T17:26:24.771Z</time>
			</trkpt>
			<trkpt lat="39.26244" lon="21.74042">
				<ele>1009.66</ele>
				<time>2026-08-06T17:26:25.746Z</time>
			</trkpt>
			<trkpt lat="39.26233" lon="21.74043">
				<ele>1011.89</ele>
				<time>2026-08-06T17:26:26.507Z</time>
			</trkpt>
			<trkpt lat="39.26228" lon="21.74047">
				<ele>1011.84</ele>
				<time>2026-08-06T17:26:26.912Z</time>
			</trkpt>
			<trkpt lat="39.26224" lon="21.74053">
				<ele>1010.19</ele>
				<time>2026-08-06T17:26:27.334Z</time>
			</trkpt>
			<trkpt lat="39.26199" lon="21.74111">
				<ele>1004.67</ele>
				<time>2026-08-06T17:26:30.845Z</time>
			</trkpt>
			<trkpt lat="39.26192" lon="21.74124">
				<ele>1002.44</ele>
				<time>2026-08-06T17:26:31.676Z</time>
			</trkpt>
			<trkpt lat="39.26188" lon="21.74129">
				<ele>1001.2</ele>
				<time>2026-08-06T17:26:32.053Z</time>
			</trkpt>
			<trkpt lat="39.26174" lon="21.74131">
				<ele>999.75</ele>
				<time>2026-08-06T17:26:33.004Z</time>
			</trkpt>
			<trkpt lat="39.26124" lon="21.74119">
				<ele>995.84</ele>
				<time>2026-08-06T17:26:36.413Z</time>
			</trkpt>
			<trkpt lat="39.26061" lon="21.74108">
				<ele>999.19</ele>
				<time>2026-08-06T17:26:40.620Z</time>
			</trkpt>
			<trkpt lat="39.26052" lon="21.74108">
				<ele>999.86</ele>
				<time>2026-08-06T17:26:41.211Z</time>
			</trkpt>
			<trkpt lat="39.26043" lon="21.74111">
				<ele>1000.21</ele>
				<time>2026-08-06T17:26:41.820Z</time>
			</trkpt>
			<trkpt lat="39.26032" lon="21.74119">
				<ele>999.69</ele>
				<time>2026-08-06T17:26:42.645Z</time>
			</trkpt>
			<trkpt lat="39.26006" lon="21.74141">
				<ele>993.09</ele>
				<time>2026-08-06T17:26:44.668Z</time>
			</trkpt>
			<trkpt lat="39.25992" lon="21.74145">
				<ele>990.63</ele>
				<time>2026-08-06T17:26:45.597Z</time>
			</trkpt>
			<trkpt lat="39.25985" lon="21.74144">
				<ele>989.86</ele>
				<time>2026-08-06T17:26:46.052Z</time>
			</trkpt>
			<trkpt lat="39.2597" lon="21.74138">
				<ele>988.87</ele>
				<time>2026-08-06T17:26:47.065Z</time>
			</trkpt>
			<trkpt lat="39.25941" lon="21.74113">
				<ele>988.11</ele>
				<time>2026-08-06T17:26:49.302Z</time>
			</trkpt>
			<trkpt lat="39.25918" lon="21.74085">
				<ele>987.34</ele>
				<time>2026-08-06T17:26:51.316Z</time>
			</trkpt>
			<trkpt lat="39.25881" lon="21.74024">
				<ele>985.91</ele>
				<time>2026-08-06T17:26:55.107Z</time>
			</trkpt>
			<trkpt lat="39.25871" lon="21.74013">
				<ele>986.08</ele>
				<time>2026-08-06T17:26:55.931Z</time>
			</trkpt>
			<trkpt lat="39.25861" lon="21.74006">
				<ele>985.66</ele>
				<time>2026-08-06T17:26:56.643Z</time>
			</trkpt>
			<trkpt lat="39.2585" lon="21.74003">
				<ele>985.44</ele>
				<time>2026-08-06T17:26:57.346Z</time>
			</trkpt>
			<trkpt lat="39.25841" lon="21.74004">
				<ele>984.54</ele>
				<time>2026-08-06T17:26:57.909Z</time>
			</trkpt>
			<trkpt lat="39.25799" lon="21.74017">
				<ele>983.31</ele>
				<time>2026-08-06T17:27:00.590Z</time>
			</trkpt>
			<trkpt lat="39.25741" lon="21.7402">
				<ele>983.42</ele>
				<time>2026-08-06T17:27:04.163Z</time>
			</trkpt>
			<trkpt lat="39.25686" lon="21.74028">
				<ele>977.37</ele>
				<time>2026-08-06T17:27:07.538Z</time>
			</trkpt>
			<trkpt lat="39.25671" lon="21.74033">
				<ele>977.36</ele>
				<time>2026-08-06T17:27:08.478Z</time>
			</trkpt>
			<trkpt lat="39.25646" lon="21.74047">
				<ele>971.53</ele>
				<time>2026-08-06T17:27:10.125Z</time>
			</trkpt>
			<trkpt lat="39.25633" lon="21.7405">
				<ele>968.2</ele>
				<time>2026-08-06T17:27:10.921Z</time>
			</trkpt>
			<trkpt lat="39.25618" lon="21.7405">
				<ele>965.08</ele>
				<time>2026-08-06T17:27:11.823Z</time>
			</trkpt>
			<trkpt lat="39.25598" lon="21.74043">
				<ele>963.54</ele>
				<time>2026-08-06T17:27:13.066Z</time>
			</trkpt>
			<trkpt lat="39.25589" lon="21.74036">
				<ele>963.57</ele>
				<time>2026-08-06T17:27:13.695Z</time>
			</trkpt>
			<trkpt lat="39.25575" lon="21.74015">
				<ele>962.84</ele>
				<time>2026-08-06T17:27:14.976Z</time>
			</trkpt>
			<trkpt lat="39.25571" lon="21.74003">
				<ele>962.39</ele>
				<time>2026-08-06T17:27:15.579Z</time>
			</trkpt>
			<trkpt lat="39.25568" lon="21.7394">
				<ele>964.8</ele>
				<time>2026-08-06T17:27:18.481Z</time>
			</trkpt>
			<trkpt lat="39.25564" lon="21.7393">
				<ele>964.18</ele>
				<time>2026-08-06T17:27:18.997Z</time>
			</trkpt>
			<trkpt lat="39.25553" lon="21.73915">
				<ele>960.71</ele>
				<time>2026-08-06T17:27:19.942Z</time>
			</trkpt>
			<trkpt lat="39.25548" lon="21.73901">
				<ele>958.74</ele>
				<time>2026-08-06T17:27:20.646Z</time>
			</trkpt>
			<trkpt lat="39.25544" lon="21.73886">
				<ele>957.52</ele>
				<time>2026-08-06T17:27:21.369Z</time>
			</trkpt>
			<trkpt lat="39.25542" lon="21.73862">
				<ele>955.29</ele>
				<time>2026-08-06T17:27:22.468Z</time>
			</trkpt>
			<trkpt lat="39.25557" lon="21.73791">
				<ele>951.71</ele>
				<time>2026-08-06T17:27:25.803Z</time>
			</trkpt>
			<trkpt lat="39.25565" lon="21.73765">
				<ele>949.88</ele>
				<time>2026-08-06T17:27:27.066Z</time>
			</trkpt>
			<trkpt lat="39.25577" lon="21.73741">
				<ele>949.23</ele>
				<time>2026-08-06T17:27:28.353Z</time>
			</trkpt>
			<trkpt lat="39.25587" lon="21.73708">
				<ele>945.35</ele>
				<time>2026-08-06T17:27:29.945Z</time>
			</trkpt>
			<trkpt lat="39.25608" lon="21.73673">
				<ele>949.6</ele>
				<time>2026-08-06T17:27:31.930Z</time>
			</trkpt>
			<trkpt lat="39.25611" lon="21.73661">
				<ele>948.3</ele>
				<time>2026-08-06T17:27:32.494Z</time>
			</trkpt>
			<trkpt lat="39.2561" lon="21.73639">
				<ele>944.91</ele>
				<time>2026-08-06T17:27:33.478Z</time>
			</trkpt>
			<trkpt lat="39.25607" lon="21.7363">
				<ele>944</ele>
				<time>2026-08-06T17:27:33.916Z</time>
			</trkpt>
			<trkpt lat="39.25598" lon="21.73617">
				<ele>941.21</ele>
				<time>2026-08-06T17:27:34.694Z</time>
			</trkpt>
			<trkpt lat="39.2556" lon="21.73586">
				<ele>933.44</ele>
				<time>2026-08-06T17:27:37.277Z</time>
			</trkpt>
			<trkpt lat="39.25547" lon="21.73565">
				<ele>929.59</ele>
				<time>2026-08-06T17:27:38.471Z</time>
			</trkpt>
			<trkpt lat="39.25545" lon="21.7355">
				<ele>928.86</ele>
				<time>2026-08-06T17:27:39.146Z</time>
			</trkpt>
			<trkpt lat="39.25545" lon="21.73505">
				<ele>929.44</ele>
				<time>2026-08-06T17:27:41.140Z</time>
			</trkpt>
			<trkpt lat="39.25536" lon="21.73475">
				<ele>927.96</ele>
				<time>2026-08-06T17:27:42.563Z</time>
			</trkpt>
			<trkpt lat="39.2553" lon="21.73465">
				<ele>926.95</ele>
				<time>2026-08-06T17:27:43.122Z</time>
			</trkpt>
			<trkpt lat="39.25528" lon="21.73458">
				<ele>926.71</ele>
				<time>2026-08-06T17:27:43.452Z</time>
			</trkpt>
			<trkpt lat="39.25526" lon="21.73443">
				<ele>926.85</ele>
				<time>2026-08-06T17:27:44.124Z</time>
			</trkpt>
			<trkpt lat="39.25526" lon="21.73436">
				<ele>926.31</ele>
				<time>2026-08-06T17:27:44.433Z</time>
			</trkpt>
			<trkpt lat="39.25535" lon="21.73418">
				<ele>926.56</ele>
				<time>2026-08-06T17:27:45.379Z</time>
			</trkpt>
			<trkpt lat="39.25574" lon="21.73383">
				<ele>924.73</ele>
				<time>2026-08-06T17:27:48.082Z</time>
			</trkpt>
			<trkpt lat="39.25583" lon="21.73372">
				<ele>924.82</ele>
				<time>2026-08-06T17:27:48.787Z</time>
			</trkpt>
			<trkpt lat="39.25594" lon="21.73351">
				<ele>925.28</ele>
				<time>2026-08-06T17:27:49.903Z</time>
			</trkpt>
			<trkpt lat="39.25597" lon="21.73342">
				<ele>925.56</ele>
				<time>2026-08-06T17:27:50.334Z</time>
			</trkpt>
			<trkpt lat="39.25602" lon="21.73315">
				<ele>926.47</ele>
				<time>2026-08-06T17:27:51.555Z</time>
			</trkpt>
			<trkpt lat="39.25602" lon="21.73301">
				<ele>926.77</ele>
				<time>2026-08-06T17:27:52.170Z</time>
			</trkpt>
			<trkpt lat="39.25597" lon="21.7323">
				<ele>928.49</ele>
				<time>2026-08-06T17:27:55.304Z</time>
			</trkpt>
			<trkpt lat="39.25604" lon="21.73212">
				<ele>930.13</ele>
				<time>2026-08-06T17:27:56.189Z</time>
			</trkpt>
			<trkpt lat="39.25642" lon="21.73168">
				<ele>933.1</ele>
				<time>2026-08-06T17:27:59.086Z</time>
			</trkpt>
			<trkpt lat="39.25655" lon="21.73166">
				<ele>935.54</ele>
				<time>2026-08-06T17:27:59.829Z</time>
			</trkpt>
			<trkpt lat="39.25675" lon="21.73168">
				<ele>940.61</ele>
				<time>2026-08-06T17:28:00.967Z</time>
			</trkpt>
			<trkpt lat="39.25711" lon="21.73134">
				<ele>940.57</ele>
				<time>2026-08-06T17:28:03.501Z</time>
			</trkpt>
			<trkpt lat="39.25748" lon="21.73107">
				<ele>942.48</ele>
				<time>2026-08-06T17:28:05.917Z</time>
			</trkpt>
			<trkpt lat="39.25788" lon="21.7307">
				<ele>937.08</ele>
				<time>2026-08-06T17:28:08.719Z</time>
			</trkpt>
			<trkpt lat="39.25798" lon="21.73051">
				<ele>934.14</ele>
				<time>2026-08-06T17:28:09.733Z</time>
			</trkpt>
			<trkpt lat="39.25801" lon="21.73031">
				<ele>933.94</ele>
				<time>2026-08-06T17:28:10.633Z</time>
			</trkpt>
			<trkpt lat="39.25799" lon="21.7302">
				<ele>934.31</ele>
				<time>2026-08-06T17:28:11.132Z</time>
			</trkpt>
			<trkpt lat="39.25793" lon="21.73004">
				<ele>934.62</ele>
				<time>2026-08-06T17:28:11.919Z</time>
			</trkpt>
			<trkpt lat="39.25712" lon="21.72896">
				<ele>928.61</ele>
				<time>2026-08-06T17:28:18.582Z</time>
			</trkpt>
			<trkpt lat="39.25708" lon="21.72884">
				<ele>927.93</ele>
				<time>2026-08-06T17:28:19.160Z</time>
			</trkpt>
			<trkpt lat="39.25706" lon="21.72871">
				<ele>927.21</ele>
				<time>2026-08-06T17:28:19.745Z</time>
			</trkpt>
			<trkpt lat="39.25709" lon="21.72855">
				<ele>927.7</ele>
				<time>2026-08-06T17:28:20.472Z</time>
			</trkpt>
			<trkpt lat="39.25717" lon="21.72841">
				<ele>928.55</ele>
				<time>2026-08-06T17:28:21.239Z</time>
			</trkpt>
			<trkpt lat="39.25723" lon="21.72834">
				<ele>929.6</ele>
				<time>2026-08-06T17:28:21.699Z</time>
			</trkpt>
			<trkpt lat="39.25755" lon="21.72807">
				<ele>933.73</ele>
				<time>2026-08-06T17:28:23.869Z</time>
			</trkpt>
			<trkpt lat="39.25787" lon="21.72775">
				<ele>931.29</ele>
				<time>2026-08-06T17:28:26.161Z</time>
			</trkpt>
			<trkpt lat="39.25797" lon="21.72761">
				<ele>929.71</ele>
				<time>2026-08-06T17:28:26.994Z</time>
			</trkpt>
			<trkpt lat="39.25802" lon="21.72745">
				<ele>928.55</ele>
				<time>2026-08-06T17:28:27.748Z</time>
			</trkpt>
			<trkpt lat="39.25803" lon="21.72732">
				<ele>928.63</ele>
				<time>2026-08-06T17:28:28.318Z</time>
			</trkpt>
			<trkpt lat="39.25797" lon="21.72717">
				<ele>928.29</ele>
				<time>2026-08-06T17:28:29.055Z</time>
			</trkpt>
			<trkpt lat="39.25786" lon="21.72703">
				<ele>928.52</ele>
				<time>2026-08-06T17:28:29.924Z</time>
			</trkpt>
			<trkpt lat="39.2577" lon="21.7269">
				<ele>928.25</ele>
				<time>2026-08-06T17:28:30.986Z</time>
			</trkpt>
			<trkpt lat="39.25743" lon="21.72662">
				<ele>926.51</ele>
				<time>2026-08-06T17:28:32.928Z</time>
			</trkpt>
			<trkpt lat="39.257" lon="21.72614">
				<ele>923.29</ele>
				<time>2026-08-06T17:28:36.105Z</time>
			</trkpt>
			<trkpt lat="39.25691" lon="21.72608">
				<ele>922.84</ele>
				<time>2026-08-06T17:28:36.670Z</time>
			</trkpt>
			<trkpt lat="39.25681" lon="21.72605">
				<ele>922.13</ele>
				<time>2026-08-06T17:28:37.242Z</time>
			</trkpt>
			<trkpt lat="39.25673" lon="21.72605">
				<ele>921.32</ele>
				<time>2026-08-06T17:28:37.687Z</time>
			</trkpt>
			<trkpt lat="39.25629" lon="21.72617">
				<ele>917.48</ele>
				<time>2026-08-06T17:28:40.186Z</time>
			</trkpt>
			<trkpt lat="39.25612" lon="21.72617">
				<ele>915.02</ele>
				<time>2026-08-06T17:28:41.128Z</time>
			</trkpt>
			<trkpt lat="39.25604" lon="21.72614">
				<ele>913.43</ele>
				<time>2026-08-06T17:28:41.590Z</time>
			</trkpt>
			<trkpt lat="39.25596" lon="21.72603">
				<ele>911.74</ele>
				<time>2026-08-06T17:28:42.236Z</time>
			</trkpt>
			<trkpt lat="39.25593" lon="21.72593">
				<ele>910.82</ele>
				<time>2026-08-06T17:28:42.696Z</time>
			</trkpt>
			<trkpt lat="39.25593" lon="21.72583">
				<ele>911.03</ele>
				<time>2026-08-06T17:28:43.124Z</time>
			</trkpt>
			<trkpt lat="39.25628" lon="21.72511">
				<ele>904.35</ele>
				<time>2026-08-06T17:28:46.752Z</time>
			</trkpt>
			<trkpt lat="39.25634" lon="21.72502">
				<ele>903.87</ele>
				<time>2026-08-06T17:28:47.258Z</time>
			</trkpt>
			<trkpt lat="39.25643" lon="21.72492">
				<ele>905.31</ele>
				<time>2026-08-06T17:28:47.910Z</time>
			</trkpt>
			<trkpt lat="39.25658" lon="21.72481">
				<ele>907.98</ele>
				<time>2026-08-06T17:28:48.857Z</time>
			</trkpt>
			<trkpt lat="39.2573" lon="21.72435">
				<ele>902.82</ele>
				<time>2026-08-06T17:28:53.250Z</time>
			</trkpt>
			<trkpt lat="39.25749" lon="21.72417">
				<ele>899.2</ele>
				<time>2026-08-06T17:28:54.534Z</time>
			</trkpt>
			<trkpt lat="39.25766" lon="21.72393">
				<ele>897.6</ele>
				<time>2026-08-06T17:28:55.904Z</time>
			</trkpt>
			<trkpt lat="39.25772" lon="21.7238">
				<ele>897.58</ele>
				<time>2026-08-06T17:28:56.541Z</time>
			</trkpt>
			<trkpt lat="39.25777" lon="21.72365">
				<ele>897.97</ele>
				<time>2026-08-06T17:28:57.227Z</time>
			</trkpt>
			<trkpt lat="39.25775" lon="21.72333">
				<ele>898.74</ele>
				<time>2026-08-06T17:28:58.575Z</time>
			</trkpt>
			<trkpt lat="39.2577" lon="21.72314">
				<ele>898.9</ele>
				<time>2026-08-06T17:28:59.416Z</time>
			</trkpt>
			<trkpt lat="39.25766" lon="21.72306">
				<ele>898.81</ele>
				<time>2026-08-06T17:28:59.815Z</time>
			</trkpt>
			<trkpt lat="39.25762" lon="21.72299">
				<ele>898.62</ele>
				<time>2026-08-06T17:29:00.179Z</time>
			</trkpt>
			<trkpt lat="39.25756" lon="21.72295">
				<ele>898.28</ele>
				<time>2026-08-06T17:29:00.544Z</time>
			</trkpt>
			<trkpt lat="39.25704" lon="21.72273">
				<ele>899.29</ele>
				<time>2026-08-06T17:29:03.494Z</time>
			</trkpt>
			<trkpt lat="39.25689" lon="21.72271">
				<ele>899.5</ele>
				<time>2026-08-06T17:29:04.306Z</time>
			</trkpt>
			<trkpt lat="39.25668" lon="21.72274">
				<ele>898.84</ele>
				<time>2026-08-06T17:29:05.441Z</time>
			</trkpt>
			<trkpt lat="39.2561" lon="21.72293">
				<ele>885.47</ele>
				<time>2026-08-06T17:29:08.648Z</time>
			</trkpt>
			<trkpt lat="39.25538" lon="21.72327">
				<ele>884.81</ele>
				<time>2026-08-06T17:29:12.737Z</time>
			</trkpt>
			<trkpt lat="39.25497" lon="21.72343">
				<ele>877.93</ele>
				<time>2026-08-06T17:29:15.013Z</time>
			</trkpt>
			<trkpt lat="39.25433" lon="21.72361">
				<ele>868.18</ele>
				<time>2026-08-06T17:29:18.482Z</time>
			</trkpt>
			<trkpt lat="39.25413" lon="21.72368">
				<ele>863.85</ele>
				<time>2026-08-06T17:29:19.576Z</time>
			</trkpt>
			<trkpt lat="39.25389" lon="21.72382">
				<ele>861.1</ele>
				<time>2026-08-06T17:29:20.965Z</time>
			</trkpt>
			<trkpt lat="39.25358" lon="21.72413">
				<ele>858.35</ele>
				<time>2026-08-06T17:29:23.028Z</time>
			</trkpt>
			<trkpt lat="39.2535" lon="21.72416">
				<ele>856.87</ele>
				<time>2026-08-06T17:29:23.465Z</time>
			</trkpt>
			<trkpt lat="39.25344" lon="21.72413">
				<ele>856.79</ele>
				<time>2026-08-06T17:29:23.803Z</time>
			</trkpt>
			<trkpt lat="39.25339" lon="21.72406">
				<ele>857.6</ele>
				<time>2026-08-06T17:29:24.190Z</time>
			</trkpt>
			<trkpt lat="39.25335" lon="21.72397">
				<ele>858.82</ele>
				<time>2026-08-06T17:29:24.612Z</time>
			</trkpt>
			<trkpt lat="39.25333" lon="21.72381">
				<ele>860.56</ele>
				<time>2026-08-06T17:29:25.270Z</time>
			</trkpt>
			<trkpt lat="39.25332" lon="21.72215">
				<ele>861.16</ele>
				<time>2026-08-06T17:29:31.982Z</time>
			</trkpt>
			<trkpt lat="39.2533" lon="21.72191">
				<ele>860.14</ele>
				<time>2026-08-06T17:29:32.953Z</time>
			</trkpt>
			<trkpt lat="39.25327" lon="21.72176">
				<ele>858.89</ele>
				<time>2026-08-06T17:29:33.576Z</time>
			</trkpt>
			<trkpt lat="39.25322" lon="21.72164">
				<ele>857.11</ele>
				<time>2026-08-06T17:29:34.124Z</time>
			</trkpt>
			<trkpt lat="39.25316" lon="21.72153">
				<ele>854.51</ele>
				<time>2026-08-06T17:29:34.665Z</time>
			</trkpt>
			<trkpt lat="39.25298" lon="21.72138">
				<ele>845.96</ele>
				<time>2026-08-06T17:29:35.775Z</time>
			</trkpt>
			<trkpt lat="39.25277" lon="21.72112">
				<ele>838.83</ele>
				<time>2026-08-06T17:29:37.280Z</time>
			</trkpt>
			<trkpt lat="39.25262" lon="21.72063">
				<ele>836.96</ele>
				<time>2026-08-06T17:29:39.387Z</time>
			</trkpt>
			<trkpt lat="39.25246" lon="21.72029">
				<ele>834.39</ele>
				<time>2026-08-06T17:29:40.974Z</time>
			</trkpt>
			<trkpt lat="39.25242" lon="21.72017">
				<ele>834.83</ele>
				<time>2026-08-06T17:29:41.495Z</time>
			</trkpt>
			<trkpt lat="39.25241" lon="21.72004">
				<ele>836.33</ele>
				<time>2026-08-06T17:29:42.016Z</time>
			</trkpt>
			<trkpt lat="39.25242" lon="21.71991">
				<ele>836.96</ele>
				<time>2026-08-06T17:29:42.536Z</time>
			</trkpt>
			<trkpt lat="39.25247" lon="21.71978">
				<ele>839.35</ele>
				<time>2026-08-06T17:29:43.113Z</time>
			</trkpt>
			<trkpt lat="39.25264" lon="21.71945">
				<ele>842.47</ele>
				<time>2026-08-06T17:29:44.688Z</time>
			</trkpt>
			<trkpt lat="39.25268" lon="21.71934">
				<ele>842.01</ele>
				<time>2026-08-06T17:29:45.171Z</time>
			</trkpt>
			<trkpt lat="39.25278" lon="21.71879">
				<ele>832.72</ele>
				<time>2026-08-06T17:29:47.410Z</time>
			</trkpt>
			<trkpt lat="39.25284" lon="21.71858">
				<ele>827.85</ele>
				<time>2026-08-06T17:29:48.296Z</time>
			</trkpt>
			<trkpt lat="39.25321" lon="21.71809">
				<ele>831.29</ele>
				<time>2026-08-06T17:29:50.999Z</time>
			</trkpt>
			<trkpt lat="39.25331" lon="21.71782">
				<ele>834.61</ele>
				<time>2026-08-06T17:29:52.179Z</time>
			</trkpt>
			<trkpt lat="39.25334" lon="21.71766">
				<ele>834.54</ele>
				<time>2026-08-06T17:29:52.827Z</time>
			</trkpt>
			<trkpt lat="39.25335" lon="21.71669">
				<ele>821.12</ele>
				<time>2026-08-06T17:29:56.638Z</time>
			</trkpt>
			<trkpt lat="39.25339" lon="21.71657">
				<ele>821.94</ele>
				<time>2026-08-06T17:29:57.150Z</time>
			</trkpt>
			<trkpt lat="39.25348" lon="21.71647">
				<ele>823.98</ele>
				<time>2026-08-06T17:29:57.751Z</time>
			</trkpt>
			<trkpt lat="39.25357" lon="21.71642">
				<ele>825.59</ele>
				<time>2026-08-06T17:29:58.246Z</time>
			</trkpt>
			<trkpt lat="39.25365" lon="21.7164">
				<ele>828.37</ele>
				<time>2026-08-06T17:29:58.658Z</time>
			</trkpt>
			<trkpt lat="39.25376" lon="21.71631">
				<ele>832.05</ele>
				<time>2026-08-06T17:29:59.316Z</time>
			</trkpt>
			<trkpt lat="39.25379" lon="21.71622">
				<ele>831.46</ele>
				<time>2026-08-06T17:29:59.699Z</time>
			</trkpt>
			<trkpt lat="39.25376" lon="21.71583">
				<ele>825.01</ele>
				<time>2026-08-06T17:30:01.230Z</time>
			</trkpt>
			<trkpt lat="39.25378" lon="21.71548">
				<ele>828.18</ele>
				<time>2026-08-06T17:30:02.599Z</time>
			</trkpt>
			<trkpt lat="39.25384" lon="21.71508">
				<ele>832.24</ele>
				<time>2026-08-06T17:30:04.185Z</time>
			</trkpt>
			<trkpt lat="39.25372" lon="21.71512">
				<ele>836.16</ele>
				<time>2026-08-06T17:30:04.808Z</time>
			</trkpt>
			<trkpt lat="39.25303" lon="21.71553">
				<ele>840.65</ele>
				<time>2026-08-06T17:30:08.616Z</time>
			</trkpt>
			<trkpt lat="39.25289" lon="21.71565">
				<ele>844.29</ele>
				<time>2026-08-06T17:30:09.456Z</time>
			</trkpt>
			<trkpt lat="39.25265" lon="21.71591">
				<ele>849.94</ele>
				<time>2026-08-06T17:30:11.022Z</time>
			</trkpt>
			<trkpt lat="39.25253" lon="21.71608">
				<ele>849.45</ele>
				<time>2026-08-06T17:30:11.910Z</time>
			</trkpt>
			<trkpt lat="39.25234" lon="21.71654">
				<ele>847.36</ele>
				<time>2026-08-06T17:30:13.923Z</time>
			</trkpt>
			<trkpt lat="39.25206" lon="21.71681">
				<ele>853.19</ele>
				<time>2026-08-06T17:30:15.661Z</time>
			</trkpt>
			<trkpt lat="39.252" lon="21.7169">
				<ele>854.33</ele>
				<time>2026-08-06T17:30:16.118Z</time>
			</trkpt>
			<trkpt lat="39.25179" lon="21.71757">
				<ele>848.02</ele>
				<time>2026-08-06T17:30:18.896Z</time>
			</trkpt>
			<trkpt lat="39.25168" lon="21.71783">
				<ele>844</ele>
				<time>2026-08-06T17:30:20.033Z</time>
			</trkpt>
			<trkpt lat="39.2516" lon="21.71794">
				<ele>843</ele>
				<time>2026-08-06T17:30:20.612Z</time>
			</trkpt>
			<trkpt lat="39.25153" lon="21.71799">
				<ele>842.86</ele>
				<time>2026-08-06T17:30:21.008Z</time>
			</trkpt>
			<trkpt lat="39.25126" lon="21.71807">
				<ele>847.18</ele>
				<time>2026-08-06T17:30:22.377Z</time>
			</trkpt>
			<trkpt lat="39.25121" lon="21.7181">
				<ele>847.73</ele>
				<time>2026-08-06T17:30:22.650Z</time>
			</trkpt>
			<trkpt lat="39.25118" lon="21.71815">
				<ele>846.87</ele>
				<time>2026-08-06T17:30:22.892Z</time>
			</trkpt>
			<trkpt lat="39.25117" lon="21.71822">
				<ele>845.32</ele>
				<time>2026-08-06T17:30:23.164Z</time>
			</trkpt>
			<trkpt lat="39.25115" lon="21.71858">
				<ele>834.47</ele>
				<time>2026-08-06T17:30:24.544Z</time>
			</trkpt>
			<trkpt lat="39.25112" lon="21.71867">
				<ele>831.97</ele>
				<time>2026-08-06T17:30:24.918Z</time>
			</trkpt>
			<trkpt lat="39.25107" lon="21.71876">
				<ele>830.06</ele>
				<time>2026-08-06T17:30:25.341Z</time>
			</trkpt>
			<trkpt lat="39.25093" lon="21.7188">
				<ele>829.91</ele>
				<time>2026-08-06T17:30:26.047Z</time>
			</trkpt>
			<trkpt lat="39.25044" lon="21.71885">
				<ele>835.52</ele>
				<time>2026-08-06T17:30:28.467Z</time>
			</trkpt>
			<trkpt lat="39.25023" lon="21.7189">
				<ele>838.42</ele>
				<time>2026-08-06T17:30:29.516Z</time>
			</trkpt>
			<trkpt lat="39.24962" lon="21.71913">
				<ele>842.19</ele>
				<time>2026-08-06T17:30:32.634Z</time>
			</trkpt>
			<trkpt lat="39.2494" lon="21.71918">
				<ele>845.78</ele>
				<time>2026-08-06T17:30:33.728Z</time>
			</trkpt>
			<trkpt lat="39.24932" lon="21.71927">
				<ele>847.86</ele>
				<time>2026-08-06T17:30:34.248Z</time>
			</trkpt>
			<trkpt lat="39.24932" lon="21.71934">
				<ele>847.67</ele>
				<time>2026-08-06T17:30:34.513Z</time>
			</trkpt>
			<trkpt lat="39.2494" lon="21.71949">
				<ele>844.03</ele>
				<time>2026-08-06T17:30:35.203Z</time>
			</trkpt>
			<trkpt lat="39.24984" lon="21.71982">
				<ele>835.81</ele>
				<time>2026-08-06T17:30:37.689Z</time>
			</trkpt>
			<trkpt lat="39.25028" lon="21.72007">
				<ele>840.3</ele>
				<time>2026-08-06T17:30:40.034Z</time>
			</trkpt>
			<trkpt lat="39.25035" lon="21.72015">
				<ele>842.71</ele>
				<time>2026-08-06T17:30:40.489Z</time>
			</trkpt>
			<trkpt lat="39.25042" lon="21.72026">
				<ele>845.62</ele>
				<time>2026-08-06T17:30:41.026Z</time>
			</trkpt>
			<trkpt lat="39.25058" lon="21.72115">
				<ele>850.52</ele>
				<time>2026-08-06T17:30:44.468Z</time>
			</trkpt>
			<trkpt lat="39.2506" lon="21.72139">
				<ele>851.34</ele>
				<time>2026-08-06T17:30:45.375Z</time>
			</trkpt>
			<trkpt lat="39.25049" lon="21.72249">
				<ele>863.07</ele>
				<time>2026-08-06T17:30:49.539Z</time>
			</trkpt>
			<trkpt lat="39.2504" lon="21.72287">
				<ele>856.69</ele>
				<time>2026-08-06T17:30:51.028Z</time>
			</trkpt>
			<trkpt lat="39.25036" lon="21.72302">
				<ele>855.02</ele>
				<time>2026-08-06T17:30:51.622Z</time>
			</trkpt>
			<trkpt lat="39.25031" lon="21.72312">
				<ele>855.07</ele>
				<time>2026-08-06T17:30:52.068Z</time>
			</trkpt>
			<trkpt lat="39.25023" lon="21.7232">
				<ele>856.8</ele>
				<time>2026-08-06T17:30:52.557Z</time>
			</trkpt>
			<trkpt lat="39.24981" lon="21.72352">
				<ele>869.34</ele>
				<time>2026-08-06T17:30:54.911Z</time>
			</trkpt>
			<trkpt lat="39.2492" lon="21.72393">
				<ele>886.58</ele>
				<time>2026-08-06T17:30:58.225Z</time>
			</trkpt>
			<trkpt lat="39.24909" lon="21.72407">
				<ele>885.55</ele>
				<time>2026-08-06T17:30:58.969Z</time>
			</trkpt>
			<trkpt lat="39.24902" lon="21.72429">
				<ele>880.69</ele>
				<time>2026-08-06T17:30:59.855Z</time>
			</trkpt>
			<trkpt lat="39.24897" lon="21.72439">
				<ele>879.04</ele>
				<time>2026-08-06T17:31:00.299Z</time>
			</trkpt>
			<trkpt lat="39.2489" lon="21.72447">
				<ele>878.77</ele>
				<time>2026-08-06T17:31:00.748Z</time>
			</trkpt>
			<trkpt lat="39.24882" lon="21.72453">
				<ele>879.55</ele>
				<time>2026-08-06T17:31:01.193Z</time>
			</trkpt>
			<trkpt lat="39.24871" lon="21.72458">
				<ele>881.31</ele>
				<time>2026-08-06T17:31:01.753Z</time>
			</trkpt>
			<trkpt lat="39.2482" lon="21.7247">
				<ele>895.91</ele>
				<time>2026-08-06T17:31:04.243Z</time>
			</trkpt>
			<trkpt lat="39.24811" lon="21.72479">
				<ele>899</ele>
				<time>2026-08-06T17:31:04.789Z</time>
			</trkpt>
			<trkpt lat="39.24809" lon="21.72491">
				<ele>897.63</ele>
				<time>2026-08-06T17:31:05.245Z</time>
			</trkpt>
			<trkpt lat="39.24809" lon="21.72501">
				<ele>895.68</ele>
				<time>2026-08-06T17:31:05.616Z</time>
			</trkpt>
			<trkpt lat="39.24819" lon="21.72546">
				<ele>889.26</ele>
				<time>2026-08-06T17:31:07.354Z</time>
			</trkpt>
			<trkpt lat="39.24818" lon="21.72555">
				<ele>890.46</ele>
				<time>2026-08-06T17:31:07.691Z</time>
			</trkpt>
			<trkpt lat="39.24816" lon="21.72562">
				<ele>893.21</ele>
				<time>2026-08-06T17:31:07.968Z</time>
			</trkpt>
			<trkpt lat="39.24806" lon="21.72581">
				<ele>903.9</ele>
				<time>2026-08-06T17:31:08.820Z</time>
			</trkpt>
			<trkpt lat="39.24803" lon="21.72591">
				<ele>908.24</ele>
				<time>2026-08-06T17:31:09.217Z</time>
			</trkpt>
			<trkpt lat="39.24804" lon="21.72599">
				<ele>910.03</ele>
				<time>2026-08-06T17:31:09.518Z</time>
			</trkpt>
			<trkpt lat="39.24823" lon="21.72675">
				<ele>904.63</ele>
				<time>2026-08-06T17:31:12.475Z</time>
			</trkpt>
			<trkpt lat="39.24824" lon="21.72692">
				<ele>904.96</ele>
				<time>2026-08-06T17:31:13.106Z</time>
			</trkpt>
			<trkpt lat="39.24821" lon="21.72704">
				<ele>905.37</ele>
				<time>2026-08-06T17:31:13.573Z</time>
			</trkpt>
			<trkpt lat="39.24814" lon="21.72716">
				<ele>906.61</ele>
				<time>2026-08-06T17:31:14.129Z</time>
			</trkpt>
			<trkpt lat="39.24803" lon="21.72725">
				<ele>907.79</ele>
				<time>2026-08-06T17:31:14.750Z</time>
			</trkpt>
			<trkpt lat="39.24779" lon="21.72735">
				<ele>909.77</ele>
				<time>2026-08-06T17:31:15.954Z</time>
			</trkpt>
			<trkpt lat="39.24738" lon="21.72746">
				<ele>919.95</ele>
				<time>2026-08-06T17:31:17.951Z</time>
			</trkpt>
			<trkpt lat="39.24717" lon="21.72759">
				<ele>924.31</ele>
				<time>2026-08-06T17:31:19.061Z</time>
			</trkpt>
			<trkpt lat="39.24707" lon="21.72773">
				<ele>922.75</ele>
				<time>2026-08-06T17:31:19.764Z</time>
			</trkpt>
			<trkpt lat="39.24702" lon="21.72789">
				<ele>921.68</ele>
				<time>2026-08-06T17:31:20.401Z</time>
			</trkpt>
			<trkpt lat="39.24702" lon="21.72801">
				<ele>920.22</ele>
				<time>2026-08-06T17:31:20.843Z</time>
			</trkpt>
			<trkpt lat="39.24704" lon="21.72807">
				<ele>919.45</ele>
				<time>2026-08-06T17:31:21.084Z</time>
			</trkpt>
			<trkpt lat="39.24732" lon="21.72839">
				<ele>920.22</ele>
				<time>2026-08-06T17:31:22.864Z</time>
			</trkpt>
			<trkpt lat="39.24736" lon="21.72846">
				<ele>921.1</ele>
				<time>2026-08-06T17:31:23.184Z</time>
			</trkpt>
			<trkpt lat="39.2474" lon="21.72864">
				<ele>923.77</ele>
				<time>2026-08-06T17:31:23.874Z</time>
			</trkpt>
			<trkpt lat="39.24727" lon="21.73014">
				<ele>937.85</ele>
				<time>2026-08-06T17:31:29.429Z</time>
			</trkpt>
			<trkpt lat="39.24726" lon="21.73061">
				<ele>932.62</ele>
				<time>2026-08-06T17:31:31.157Z</time>
			</trkpt>
			<trkpt lat="39.24724" lon="21.73077">
				<ele>931.64</ele>
				<time>2026-08-06T17:31:31.753Z</time>
			</trkpt>
			<trkpt lat="39.24718" lon="21.73101">
				<ele>931.41</ele>
				<time>2026-08-06T17:31:32.679Z</time>
			</trkpt>
			<trkpt lat="39.24708" lon="21.73116">
				<ele>934.11</ele>
				<time>2026-08-06T17:31:33.406Z</time>
			</trkpt>
			<trkpt lat="39.24696" lon="21.73123">
				<ele>938.65</ele>
				<time>2026-08-06T17:31:34.030Z</time>
			</trkpt>
			<trkpt lat="39.24609" lon="21.73141">
				<ele>963.89</ele>
				<time>2026-08-06T17:31:38.206Z</time>
			</trkpt>
			<trkpt lat="39.24597" lon="21.7315">
				<ele>966.75</ele>
				<time>2026-08-06T17:31:38.863Z</time>
			</trkpt>
			<trkpt lat="39.2459" lon="21.73161">
				<ele>966.54</ele>
				<time>2026-08-06T17:31:39.385Z</time>
			</trkpt>
			<trkpt lat="39.24586" lon="21.73178">
				<ele>964.26</ele>
				<time>2026-08-06T17:31:40.037Z</time>
			</trkpt>
			<trkpt lat="39.24586" lon="21.73222">
				<ele>959.11</ele>
				<time>2026-08-06T17:31:41.650Z</time>
			</trkpt>
			<trkpt lat="39.24584" lon="21.73235">
				<ele>958.3</ele>
				<time>2026-08-06T17:31:42.136Z</time>
			</trkpt>
			<trkpt lat="39.2458" lon="21.73245">
				<ele>958.41</ele>
				<time>2026-08-06T17:31:42.548Z</time>
			</trkpt>
			<trkpt lat="39.2457" lon="21.73254">
				<ele>958.84</ele>
				<time>2026-08-06T17:31:43.125Z</time>
			</trkpt>
			<trkpt lat="39.24555" lon="21.73259">
				<ele>960.54</ele>
				<time>2026-08-06T17:31:43.858Z</time>
			</trkpt>
			<trkpt lat="39.24544" lon="21.7326">
				<ele>962.45</ele>
				<time>2026-08-06T17:31:44.379Z</time>
			</trkpt>
			<trkpt lat="39.24519" lon="21.73257">
				<ele>969.34</ele>
				<time>2026-08-06T17:31:45.567Z</time>
			</trkpt>
			<trkpt lat="39.24489" lon="21.73248">
				<ele>980.9</ele>
				<time>2026-08-06T17:31:47.024Z</time>
			</trkpt>
			<trkpt lat="39.2448" lon="21.73249">
				<ele>984.67</ele>
				<time>2026-08-06T17:31:47.451Z</time>
			</trkpt>
			<trkpt lat="39.24476" lon="21.73252">
				<ele>985.36</ele>
				<time>2026-08-06T17:31:47.669Z</time>
			</trkpt>
			<trkpt lat="39.24472" lon="21.73264">
				<ele>983.4</ele>
				<time>2026-08-06T17:31:48.148Z</time>
			</trkpt>
			<trkpt lat="39.24449" lon="21.73353">
				<ele>981.95</ele>
				<time>2026-08-06T17:31:51.582Z</time>
			</trkpt>
			<trkpt lat="39.24449" lon="21.73371">
				<ele>979.63</ele>
				<time>2026-08-06T17:31:52.241Z</time>
			</trkpt>
			<trkpt lat="39.24457" lon="21.73431">
				<ele>973.14</ele>
				<time>2026-08-06T17:31:54.469Z</time>
			</trkpt>
			<trkpt lat="39.24455" lon="21.73442">
				<ele>972.3</ele>
				<time>2026-08-06T17:31:54.883Z</time>
			</trkpt>
			<trkpt lat="39.24441" lon="21.73491">
				<ele>970.13</ele>
				<time>2026-08-06T17:31:56.794Z</time>
			</trkpt>
			<trkpt lat="39.24436" lon="21.73535">
				<ele>967.68</ele>
				<time>2026-08-06T17:31:58.420Z</time>
			</trkpt>
			<trkpt lat="39.24431" lon="21.73549">
				<ele>966.67</ele>
				<time>2026-08-06T17:31:58.984Z</time>
			</trkpt>
			<trkpt lat="39.24421" lon="21.73561">
				<ele>964.93</ele>
				<time>2026-08-06T17:31:59.629Z</time>
			</trkpt>
			<trkpt lat="39.24413" lon="21.73564">
				<ele>964.59</ele>
				<time>2026-08-06T17:32:00.023Z</time>
			</trkpt>
			<trkpt lat="39.24397" lon="21.73563">
				<ele>965.42</ele>
				<time>2026-08-06T17:32:00.779Z</time>
			</trkpt>
			<trkpt lat="39.24372" lon="21.73551">
				<ele>968.55</ele>
				<time>2026-08-06T17:32:02.039Z</time>
			</trkpt>
			<trkpt lat="39.24359" lon="21.7355">
				<ele>969.56</ele>
				<time>2026-08-06T17:32:02.654Z</time>
			</trkpt>
			<trkpt lat="39.24346" lon="21.73561">
				<ele>970.16</ele>
				<time>2026-08-06T17:32:03.388Z</time>
			</trkpt>
			<trkpt lat="39.24341" lon="21.73575">
				<ele>968.57</ele>
				<time>2026-08-06T17:32:03.952Z</time>
			</trkpt>
			<trkpt lat="39.24331" lon="21.73617">
				<ele>962.21</ele>
				<time>2026-08-06T17:32:05.560Z</time>
			</trkpt>
			<trkpt lat="39.24318" lon="21.7366">
				<ele>960.14</ele>
				<time>2026-08-06T17:32:07.249Z</time>
			</trkpt>
			<trkpt lat="39.24315" lon="21.73675">
				<ele>960.66</ele>
				<time>2026-08-06T17:32:07.815Z</time>
			</trkpt>
			<trkpt lat="39.24315" lon="21.737">
				<ele>960.96</ele>
				<time>2026-08-06T17:32:08.730Z</time>
			</trkpt>
			<trkpt lat="39.24317" lon="21.7371">
				<ele>960.78</ele>
				<time>2026-08-06T17:32:09.108Z</time>
			</trkpt>
			<trkpt lat="39.24341" lon="21.73775">
				<ele>950.07</ele>
				<time>2026-08-06T17:32:11.743Z</time>
			</trkpt>
			<trkpt lat="39.24341" lon="21.73794">
				<ele>948.71</ele>
				<time>2026-08-06T17:32:12.438Z</time>
			</trkpt>
			<trkpt lat="39.24329" lon="21.73837">
				<ele>951.88</ele>
				<time>2026-08-06T17:32:14.111Z</time>
			</trkpt>
			<trkpt lat="39.2433" lon="21.73851">
				<ele>951.64</ele>
				<time>2026-08-06T17:32:14.626Z</time>
			</trkpt>
			<trkpt lat="39.24334" lon="21.7386">
				<ele>949.28</ele>
				<time>2026-08-06T17:32:15.006Z</time>
			</trkpt>
			<trkpt lat="39.24359" lon="21.73893">
				<ele>934.77</ele>
				<time>2026-08-06T17:32:16.696Z</time>
			</trkpt>
			<trkpt lat="39.24366" lon="21.73905">
				<ele>931.72</ele>
				<time>2026-08-06T17:32:17.246Z</time>
			</trkpt>
			<trkpt lat="39.24368" lon="21.73914">
				<ele>930.79</ele>
				<time>2026-08-06T17:32:17.589Z</time>
			</trkpt>
			<trkpt lat="39.24369" lon="21.73922">
				<ele>930.77</ele>
				<time>2026-08-06T17:32:17.885Z</time>
			</trkpt>
			<trkpt lat="39.24366" lon="21.73957">
				<ele>932.6</ele>
				<time>2026-08-06T17:32:19.175Z</time>
			</trkpt>
			<trkpt lat="39.24368" lon="21.7398">
				<ele>932.38</ele>
				<time>2026-08-06T17:32:20.023Z</time>
			</trkpt>
			<trkpt lat="39.24377" lon="21.74004">
				<ele>929.82</ele>
				<time>2026-08-06T17:32:21.000Z</time>
			</trkpt>
			<trkpt lat="39.24391" lon="21.74066">
				<ele>927.27</ele>
				<time>2026-08-06T17:32:23.367Z</time>
			</trkpt>
			<trkpt lat="39.24404" lon="21.74096">
				<ele>925.37</ele>
				<time>2026-08-06T17:32:24.627Z</time>
			</trkpt>
			<trkpt lat="39.24421" lon="21.74116">
				<ele>923.57</ele>
				<time>2026-08-06T17:32:25.716Z</time>
			</trkpt>
			<trkpt lat="39.24449" lon="21.74144">
				<ele>918.2</ele>
				<time>2026-08-06T17:32:27.394Z</time>
			</trkpt>
			<trkpt lat="39.2446" lon="21.74157">
				<ele>916.91</ele>
				<time>2026-08-06T17:32:28.100Z</time>
			</trkpt>
			<trkpt lat="39.24466" lon="21.74175">
				<ele>915.77</ele>
				<time>2026-08-06T17:32:28.819Z</time>
			</trkpt>
			<trkpt lat="39.24465" lon="21.74191">
				<ele>914.16</ele>
				<time>2026-08-06T17:32:29.408Z</time>
			</trkpt>
			<trkpt lat="39.24463" lon="21.74215">
				<ele>909.9</ele>
				<time>2026-08-06T17:32:30.295Z</time>
			</trkpt>
			<trkpt lat="39.24458" lon="21.74236">
				<ele>906.29</ele>
				<time>2026-08-06T17:32:31.101Z</time>
			</trkpt>
			<trkpt lat="39.24453" lon="21.74247">
				<ele>904.88</ele>
				<time>2026-08-06T17:32:31.570Z</time>
			</trkpt>
			<trkpt lat="39.24447" lon="21.74255">
				<ele>904.04</ele>
				<time>2026-08-06T17:32:31.979Z</time>
			</trkpt>
			<trkpt lat="39.2443" lon="21.74264">
				<ele>904.56</ele>
				<time>2026-08-06T17:32:32.850Z</time>
			</trkpt>
			<trkpt lat="39.24419" lon="21.74266">
				<ele>905.77</ele>
				<time>2026-08-06T17:32:33.378Z</time>
			</trkpt>
			<trkpt lat="39.24407" lon="21.74267">
				<ele>905.96</ele>
				<time>2026-08-06T17:32:33.948Z</time>
			</trkpt>
			<trkpt lat="39.24379" lon="21.74265">
				<ele>904.49</ele>
				<time>2026-08-06T17:32:35.279Z</time>
			</trkpt>
			<trkpt lat="39.24369" lon="21.7427">
				<ele>900.74</ele>
				<time>2026-08-06T17:32:35.788Z</time>
			</trkpt>
			<trkpt lat="39.24367" lon="21.74275">
				<ele>898.99</ele>
				<time>2026-08-06T17:32:35.995Z</time>
			</trkpt>
			<trkpt lat="39.24367" lon="21.74279">
				<ele>898.13</ele>
				<time>2026-08-06T17:32:36.142Z</time>
			</trkpt>
			<trkpt lat="39.24371" lon="21.74283">
				<ele>897.93</ele>
				<time>2026-08-06T17:32:36.383Z</time>
			</trkpt>
			<trkpt lat="39.24388" lon="21.74293">
				<ele>898.91</ele>
				<time>2026-08-06T17:32:37.270Z</time>
			</trkpt>
			<trkpt lat="39.2441" lon="21.74298">
				<ele>898.3</ele>
				<time>2026-08-06T17:32:38.332Z</time>
			</trkpt>
			<trkpt lat="39.24465" lon="21.74298">
				<ele>893.11</ele>
				<time>2026-08-06T17:32:40.947Z</time>
			</trkpt>
			<trkpt lat="39.2447" lon="21.74302">
				<ele>891.74</ele>
				<time>2026-08-06T17:32:41.226Z</time>
			</trkpt>
			<trkpt lat="39.24472" lon="21.74308">
				<ele>890.5</ele>
				<time>2026-08-06T17:32:41.467Z</time>
			</trkpt>
			<trkpt lat="39.24469" lon="21.74314">
				<ele>889.75</ele>
				<time>2026-08-06T17:32:41.730Z</time>
			</trkpt>
			<trkpt lat="39.24448" lon="21.74323">
				<ele>891.71</ele>
				<time>2026-08-06T17:32:42.783Z</time>
			</trkpt>
			<trkpt lat="39.24428" lon="21.74335">
				<ele>891.24</ele>
				<time>2026-08-06T17:32:43.833Z</time>
			</trkpt>
			<trkpt lat="39.24411" lon="21.74354">
				<ele>889.8</ele>
				<time>2026-08-06T17:32:44.904Z</time>
			</trkpt>
			<trkpt lat="39.24393" lon="21.7438">
				<ele>889.53</ele>
				<time>2026-08-06T17:32:46.191Z</time>
			</trkpt>
			<trkpt lat="39.24384" lon="21.74405">
				<ele>888.58</ele>
				<time>2026-08-06T17:32:47.209Z</time>
			</trkpt>
			<trkpt lat="39.24368" lon="21.74487">
				<ele>884.22</ele>
				<time>2026-08-06T17:32:50.334Z</time>
			</trkpt>
			<trkpt lat="39.2434" lon="21.74561">
				<ele>880.21</ele>
				<time>2026-08-06T17:32:53.382Z</time>
			</trkpt>
			<trkpt lat="39.24321" lon="21.7459">
				<ele>876.05</ele>
				<time>2026-08-06T17:32:54.789Z</time>
			</trkpt>
			<trkpt lat="39.24314" lon="21.74597">
				<ele>875.16</ele>
				<time>2026-08-06T17:32:55.213Z</time>
			</trkpt>
			<trkpt lat="39.24305" lon="21.74599">
				<ele>875.04</ele>
				<time>2026-08-06T17:32:55.650Z</time>
			</trkpt>
			<trkpt lat="39.24296" lon="21.74595">
				<ele>873.71</ele>
				<time>2026-08-06T17:32:56.105Z</time>
			</trkpt>
			<trkpt lat="39.24268" lon="21.74574">
				<ele>868.47</ele>
				<time>2026-08-06T17:32:57.656Z</time>
			</trkpt>
			<trkpt lat="39.24261" lon="21.74566">
				<ele>866.46</ele>
				<time>2026-08-06T17:32:58.104Z</time>
			</trkpt>
			<trkpt lat="39.24256" lon="21.74553">
				<ele>864.94</ele>
				<time>2026-08-06T17:32:58.643Z</time>
			</trkpt>
			<trkpt lat="39.24252" lon="21.74524">
				<ele>863.28</ele>
				<time>2026-08-06T17:32:59.737Z</time>
			</trkpt>
			<trkpt lat="39.24253" lon="21.74497">
				<ele>860.98</ele>
				<time>2026-08-06T17:33:00.742Z</time>
			</trkpt>
			<trkpt lat="39.2426" lon="21.74447">
				<ele>858.14</ele>
				<time>2026-08-06T17:33:02.631Z</time>
			</trkpt>
			<trkpt lat="39.2426" lon="21.74418">
				<ele>857.05</ele>
				<time>2026-08-06T17:33:03.711Z</time>
			</trkpt>
			<trkpt lat="39.24256" lon="21.74403">
				<ele>857.02</ele>
				<time>2026-08-06T17:33:04.301Z</time>
			</trkpt>
			<trkpt lat="39.24251" lon="21.74388">
				<ele>856.65</ele>
				<time>2026-08-06T17:33:04.910Z</time>
			</trkpt>
			<trkpt lat="39.24243" lon="21.74377">
				<ele>856.53</ele>
				<time>2026-08-06T17:33:05.472Z</time>
			</trkpt>
			<trkpt lat="39.24229" lon="21.74366">
				<ele>854.35</ele>
				<time>2026-08-06T17:33:06.261Z</time>
			</trkpt>
			<trkpt lat="39.24213" lon="21.7436">
				<ele>852.74</ele>
				<time>2026-08-06T17:33:07.063Z</time>
			</trkpt>
			<trkpt lat="39.24202" lon="21.74358">
				<ele>852.39</ele>
				<time>2026-08-06T17:33:07.598Z</time>
			</trkpt>
			<trkpt lat="39.24191" lon="21.74363">
				<ele>850.59</ele>
				<time>2026-08-06T17:33:08.160Z</time>
			</trkpt>
			<trkpt lat="39.24169" lon="21.74382">
				<ele>845.47</ele>
				<time>2026-08-06T17:33:09.436Z</time>
			</trkpt>
			<trkpt lat="39.24156" lon="21.7439">
				<ele>843.88</ele>
				<time>2026-08-06T17:33:10.131Z</time>
			</trkpt>
			<trkpt lat="39.24071" lon="21.74424">
				<ele>834.96</ele>
				<time>2026-08-06T17:33:14.431Z</time>
			</trkpt>
			<trkpt lat="39.24062" lon="21.74427">
				<ele>833.62</ele>
				<time>2026-08-06T17:33:14.881Z</time>
			</trkpt>
			<trkpt lat="39.24024" lon="21.7442">
				<ele>834.74</ele>
				<time>2026-08-06T17:33:16.740Z</time>
			</trkpt>
			<trkpt lat="39.24018" lon="21.74422">
				<ele>834.86</ele>
				<time>2026-08-06T17:33:17.040Z</time>
			</trkpt>
			<trkpt lat="39.23989" lon="21.74454">
				<ele>822.23</ele>
				<time>2026-08-06T17:33:18.890Z</time>
			</trkpt>
			<trkpt lat="39.23982" lon="21.74459">
				<ele>820.95</ele>
				<time>2026-08-06T17:33:19.279Z</time>
			</trkpt>
			<trkpt lat="39.23964" lon="21.7446">
				<ele>820.58</ele>
				<time>2026-08-06T17:33:20.154Z</time>
			</trkpt>
			<trkpt lat="39.23902" lon="21.74433">
				<ele>818.99</ele>
				<time>2026-08-06T17:33:23.335Z</time>
			</trkpt>
			<trkpt lat="39.2389" lon="21.7443">
				<ele>817.05</ele>
				<time>2026-08-06T17:33:23.931Z</time>
			</trkpt>
			<trkpt lat="39.23876" lon="21.74429">
				<ele>816.12</ele>
				<time>2026-08-06T17:33:24.614Z</time>
			</trkpt>
			<trkpt lat="39.23849" lon="21.74431">
				<ele>814.71</ele>
				<time>2026-08-06T17:33:25.932Z</time>
			</trkpt>
			<trkpt lat="39.238" lon="21.74438">
				<ele>817.06</ele>
				<time>2026-08-06T17:33:28.339Z</time>
			</trkpt>
			<trkpt lat="39.2377" lon="21.74445">
				<ele>813.96</ele>
				<time>2026-08-06T17:33:29.830Z</time>
			</trkpt>
			<trkpt lat="39.2367" lon="21.74482">
				<ele>807.57</ele>
				<time>2026-08-06T17:33:34.929Z</time>
			</trkpt>
			<trkpt lat="39.23633" lon="21.74492">
				<ele>795.41</ele>
				<time>2026-08-06T17:33:36.787Z</time>
			</trkpt>
			<trkpt lat="39.23623" lon="21.74491">
				<ele>791.43</ele>
				<time>2026-08-06T17:33:37.280Z</time>
			</trkpt>
			<trkpt lat="39.23621" lon="21.74493">
				<ele>789.6</ele>
				<time>2026-08-06T17:33:37.405Z</time>
			</trkpt>
			<trkpt lat="39.23621" lon="21.745">
				<ele>786.65</ele>
				<time>2026-08-06T17:33:37.672Z</time>
			</trkpt>
			<trkpt lat="39.23627" lon="21.74526">
				<ele>779.43</ele>
				<time>2026-08-06T17:33:38.707Z</time>
			</trkpt>
			<trkpt lat="39.23628" lon="21.74549">
				<ele>782.11</ele>
				<time>2026-08-06T17:33:39.586Z</time>
			</trkpt>
			<trkpt lat="39.23624" lon="21.74581">
				<ele>785.13</ele>
				<time>2026-08-06T17:33:40.824Z</time>
			</trkpt>
			<trkpt lat="39.23618" lon="21.74599">
				<ele>788.35</ele>
				<time>2026-08-06T17:33:41.574Z</time>
			</trkpt>
			<trkpt lat="39.23605" lon="21.7462">
				<ele>789.06</ele>
				<time>2026-08-06T17:33:42.603Z</time>
			</trkpt>
			<trkpt lat="39.23582" lon="21.7464">
				<ele>786.28</ele>
				<time>2026-08-06T17:33:43.974Z</time>
			</trkpt>
			<trkpt lat="39.23571" lon="21.74645">
				<ele>787.22</ele>
				<time>2026-08-06T17:33:44.552Z</time>
			</trkpt>
			<trkpt lat="39.23558" lon="21.7465">
				<ele>789.59</ele>
				<time>2026-08-06T17:33:45.224Z</time>
			</trkpt>
			<trkpt lat="39.23546" lon="21.74652">
				<ele>790.15</ele>
				<time>2026-08-06T17:33:45.823Z</time>
			</trkpt>
			<trkpt lat="39.23523" lon="21.74652">
				<ele>791.19</ele>
				<time>2026-08-06T17:33:46.964Z</time>
			</trkpt>
			<trkpt lat="39.23517" lon="21.74655">
				<ele>792.92</ele>
				<time>2026-08-06T17:33:47.283Z</time>
			</trkpt>
			<trkpt lat="39.23517" lon="21.74659">
				<ele>793.54</ele>
				<time>2026-08-06T17:33:47.437Z</time>
			</trkpt>
			<trkpt lat="39.23533" lon="21.74698">
				<ele>799.31</ele>
				<time>2026-08-06T17:33:49.135Z</time>
			</trkpt>
			<trkpt lat="39.23544" lon="21.74721">
				<ele>799.44</ele>
				<time>2026-08-06T17:33:50.177Z</time>
			</trkpt>
			<trkpt lat="39.23556" lon="21.74737">
				<ele>796.87</ele>
				<time>2026-08-06T17:33:51.036Z</time>
			</trkpt>
			<trkpt lat="39.23585" lon="21.74781">
				<ele>796.32</ele>
				<time>2026-08-06T17:33:53.267Z</time>
			</trkpt>
			<trkpt lat="39.23593" lon="21.7479">
				<ele>799.27</ele>
				<time>2026-08-06T17:33:53.796Z</time>
			</trkpt>
			<trkpt lat="39.23603" lon="21.74796">
				<ele>801.1</ele>
				<time>2026-08-06T17:33:54.347Z</time>
			</trkpt>
			<trkpt lat="39.23644" lon="21.74807">
				<ele>806.14</ele>
				<time>2026-08-06T17:33:56.441Z</time>
			</trkpt>
			<trkpt lat="39.23662" lon="21.7481">
				<ele>806.04</ele>
				<time>2026-08-06T17:33:57.350Z</time>
			</trkpt>
			<trkpt lat="39.2368" lon="21.74817">
				<ele>806.26</ele>
				<time>2026-08-06T17:33:58.292Z</time>
			</trkpt>
			<trkpt lat="39.23759" lon="21.74858">
				<ele>803.14</ele>
				<time>2026-08-06T17:34:02.569Z</time>
			</trkpt>
			<trkpt lat="39.23764" lon="21.74862">
				<ele>803.06</ele>
				<time>2026-08-06T17:34:02.865Z</time>
			</trkpt>
			<trkpt lat="39.2377" lon="21.74875">
				<ele>802.01</ele>
				<time>2026-08-06T17:34:03.454Z</time>
			</trkpt>
			<trkpt lat="39.23775" lon="21.74924">
				<ele>803.52</ele>
				<time>2026-08-06T17:34:05.379Z</time>
			</trkpt>
			<trkpt lat="39.23801" lon="21.75007">
				<ele>806.54</ele>
				<time>2026-08-06T17:34:08.867Z</time>
			</trkpt>
			<trkpt lat="39.23804" lon="21.75018">
				<ele>805.61</ele>
				<time>2026-08-06T17:34:09.322Z</time>
			</trkpt>
			<trkpt lat="39.23803" lon="21.75082">
				<ele>810.13</ele>
				<time>2026-08-06T17:34:11.817Z</time>
			</trkpt>
			<trkpt lat="39.23791" lon="21.75177">
				<ele>818.68</ele>
				<time>2026-08-06T17:34:15.570Z</time>
			</trkpt>
			<trkpt lat="39.23795" lon="21.75196">
				<ele>818.8</ele>
				<time>2026-08-06T17:34:16.338Z</time>
			</trkpt>
			<trkpt lat="39.23808" lon="21.75225">
				<ele>816.46</ele>
				<time>2026-08-06T17:34:17.645Z</time>
			</trkpt>
			<trkpt lat="39.23812" lon="21.75239">
				<ele>817.05</ele>
				<time>2026-08-06T17:34:18.228Z</time>
			</trkpt>
			<trkpt lat="39.23812" lon="21.75254">
				<ele>818.38</ele>
				<time>2026-08-06T17:34:18.813Z</time>
			</trkpt>
			<trkpt lat="39.238" lon="21.75302">
				<ele>825</ele>
				<time>2026-08-06T17:34:20.781Z</time>
			</trkpt>
			<trkpt lat="39.23778" lon="21.75351">
				<ele>835.9</ele>
				<time>2026-08-06T17:34:22.992Z</time>
			</trkpt>
			<trkpt lat="39.23772" lon="21.75373">
				<ele>837.73</ele>
				<time>2026-08-06T17:34:23.903Z</time>
			</trkpt>
			<trkpt lat="39.23772" lon="21.75385">
				<ele>837.32</ele>
				<time>2026-08-06T17:34:24.372Z</time>
			</trkpt>
			<trkpt lat="39.23773" lon="21.75396">
				<ele>836.18</ele>
				<time>2026-08-06T17:34:24.804Z</time>
			</trkpt>
			<trkpt lat="39.2378" lon="21.75424">
				<ele>832.61</ele>
				<time>2026-08-06T17:34:25.953Z</time>
			</trkpt>
			<trkpt lat="39.23806" lon="21.75499">
				<ele>837.74</ele>
				<time>2026-08-06T17:34:29.163Z</time>
			</trkpt>
			<trkpt lat="39.23809" lon="21.75514">
				<ele>839.48</ele>
				<time>2026-08-06T17:34:29.768Z</time>
			</trkpt>
			<trkpt lat="39.2381" lon="21.7554">
				<ele>842.48</ele>
				<time>2026-08-06T17:34:30.786Z</time>
			</trkpt>
			<trkpt lat="39.23799" lon="21.75636">
				<ele>850.38</ele>
				<time>2026-08-06T17:34:34.579Z</time>
			</trkpt>
			<trkpt lat="39.23795" lon="21.75653">
				<ele>850.55</ele>
				<time>2026-08-06T17:34:35.274Z</time>
			</trkpt>
			<trkpt lat="39.2379" lon="21.75667">
				<ele>850.55</ele>
				<time>2026-08-06T17:34:35.876Z</time>
			</trkpt>
			<trkpt lat="39.23778" lon="21.75684">
				<ele>850.28</ele>
				<time>2026-08-06T17:34:36.776Z</time>
			</trkpt>
			<trkpt lat="39.23762" lon="21.75698">
				<ele>849.71</ele>
				<time>2026-08-06T17:34:37.752Z</time>
			</trkpt>
			<trkpt lat="39.23692" lon="21.75742">
				<ele>853.38</ele>
				<time>2026-08-06T17:34:41.684Z</time>
			</trkpt>
			<trkpt lat="39.23613" lon="21.75837">
				<ele>850.22</ele>
				<time>2026-08-06T17:34:47.140Z</time>
			</trkpt>
			<trkpt lat="39.23601" lon="21.75857">
				<ele>849.63</ele>
				<time>2026-08-06T17:34:48.131Z</time>
			</trkpt>
			<trkpt lat="39.23588" lon="21.75887">
				<ele>848.73</ele>
				<time>2026-08-06T17:34:49.477Z</time>
			</trkpt>
			<trkpt lat="39.23576" lon="21.75904">
				<ele>846.9</ele>
				<time>2026-08-06T17:34:50.378Z</time>
			</trkpt>
			<trkpt lat="39.23565" lon="21.75917">
				<ele>846.03</ele>
				<time>2026-08-06T17:34:51.132Z</time>
			</trkpt>
			<trkpt lat="39.23541" lon="21.75937">
				<ele>844</ele>
				<time>2026-08-06T17:34:52.576Z</time>
			</trkpt>
			<trkpt lat="39.23504" lon="21.75952">
				<ele>845.29</ele>
				<time>2026-08-06T17:34:54.538Z</time>
			</trkpt>
			<trkpt lat="39.23464" lon="21.75964">
				<ele>851.27</ele>
				<time>2026-08-06T17:34:56.616Z</time>
			</trkpt>
			<trkpt lat="39.23446" lon="21.75975">
				<ele>852.21</ele>
				<time>2026-08-06T17:34:57.623Z</time>
			</trkpt>
			<trkpt lat="39.23439" lon="21.75984">
				<ele>851.69</ele>
				<time>2026-08-06T17:34:58.123Z</time>
			</trkpt>
			<trkpt lat="39.23432" lon="21.76005">
				<ele>850.5</ele>
				<time>2026-08-06T17:34:59.020Z</time>
			</trkpt>
			<trkpt lat="39.23432" lon="21.76021">
				<ele>849.98</ele>
				<time>2026-08-06T17:34:59.647Z</time>
			</trkpt>
			<trkpt lat="39.23438" lon="21.76042">
				<ele>849.76</ele>
				<time>2026-08-06T17:35:00.524Z</time>
			</trkpt>
			<trkpt lat="39.23444" lon="21.76051">
				<ele>847.69</ele>
				<time>2026-08-06T17:35:00.990Z</time>
			</trkpt>
			<trkpt lat="39.23452" lon="21.76058">
				<ele>847.54</ele>
				<time>2026-08-06T17:35:01.479Z</time>
			</trkpt>
			<trkpt lat="39.23544" lon="21.76093">
				<ele>851.1</ele>
				<time>2026-08-06T17:35:06.336Z</time>
			</trkpt>
			<trkpt lat="39.23577" lon="21.76119">
				<ele>849.37</ele>
				<time>2026-08-06T17:35:08.294Z</time>
			</trkpt>
			<trkpt lat="39.23594" lon="21.76145">
				<ele>849.07</ele>
				<time>2026-08-06T17:35:09.629Z</time>
			</trkpt>
			<trkpt lat="39.23606" lon="21.76171">
				<ele>848.5</ele>
				<time>2026-08-06T17:35:10.816Z</time>
			</trkpt>
			<trkpt lat="39.23619" lon="21.76193">
				<ele>847.33</ele>
				<time>2026-08-06T17:35:11.902Z</time>
			</trkpt>
			<trkpt lat="39.23636" lon="21.76212">
				<ele>847.67</ele>
				<time>2026-08-06T17:35:13.042Z</time>
			</trkpt>
			<trkpt lat="39.23659" lon="21.76224">
				<ele>846.97</ele>
				<time>2026-08-06T17:35:14.299Z</time>
			</trkpt>
			<trkpt lat="39.23674" lon="21.76225">
				<ele>846.95</ele>
				<time>2026-08-06T17:35:15.060Z</time>
			</trkpt>
			<trkpt lat="39.23687" lon="21.76221">
				<ele>846.66</ele>
				<time>2026-08-06T17:35:15.738Z</time>
			</trkpt>
			<trkpt lat="39.23751" lon="21.76181">
				<ele>844.98</ele>
				<time>2026-08-06T17:35:19.342Z</time>
			</trkpt>
			<trkpt lat="39.23767" lon="21.76176">
				<ele>845.1</ele>
				<time>2026-08-06T17:35:20.177Z</time>
			</trkpt>
			<trkpt lat="39.23782" lon="21.76175">
				<ele>845.26</ele>
				<time>2026-08-06T17:35:20.939Z</time>
			</trkpt>
			<trkpt lat="39.238" lon="21.76178">
				<ele>846.08</ele>
				<time>2026-08-06T17:35:21.859Z</time>
			</trkpt>
			<trkpt lat="39.23814" lon="21.76184">
				<ele>847.81</ele>
				<time>2026-08-06T17:35:22.607Z</time>
			</trkpt>
			<trkpt lat="39.23831" lon="21.76194">
				<ele>849.37</ele>
				<time>2026-08-06T17:35:23.554Z</time>
			</trkpt>
			<trkpt lat="39.23844" lon="21.76206">
				<ele>849.44</ele>
				<time>2026-08-06T17:35:24.365Z</time>
			</trkpt>
			<trkpt lat="39.23854" lon="21.76221">
				<ele>849.95</ele>
				<time>2026-08-06T17:35:25.143Z</time>
			</trkpt>
			<trkpt lat="39.23864" lon="21.76247">
				<ele>851.43</ele>
				<time>2026-08-06T17:35:26.283Z</time>
			</trkpt>
			<trkpt lat="39.2388" lon="21.76332">
				<ele>851.46</ele>
				<time>2026-08-06T17:35:29.721Z</time>
			</trkpt>
			<trkpt lat="39.23886" lon="21.76351">
				<ele>851.84</ele>
				<time>2026-08-06T17:35:30.527Z</time>
			</trkpt>
			<trkpt lat="39.23892" lon="21.76362">
				<ele>851.9</ele>
				<time>2026-08-06T17:35:31.056Z</time>
			</trkpt>
			<trkpt lat="39.23898" lon="21.76371">
				<ele>852.81</ele>
				<time>2026-08-06T17:35:31.522Z</time>
			</trkpt>
			<trkpt lat="39.23912" lon="21.76382">
				<ele>852.17</ele>
				<time>2026-08-06T17:35:32.354Z</time>
			</trkpt>
			<trkpt lat="39.23925" lon="21.76389">
				<ele>852.05</ele>
				<time>2026-08-06T17:35:33.069Z</time>
			</trkpt>
			<trkpt lat="39.23986" lon="21.76401">
				<ele>856.54</ele>
				<time>2026-08-06T17:35:36.201Z</time>
			</trkpt>
			<trkpt lat="39.23998" lon="21.7641">
				<ele>858.08</ele>
				<time>2026-08-06T17:35:36.906Z</time>
			</trkpt>
			<trkpt lat="39.24014" lon="21.76427">
				<ele>859.04</ele>
				<time>2026-08-06T17:35:37.958Z</time>
			</trkpt>
			<trkpt lat="39.24028" lon="21.76447">
				<ele>857.99</ele>
				<time>2026-08-06T17:35:39.018Z</time>
			</trkpt>
			<trkpt lat="39.24089" lon="21.76565">
				<ele>854.73</ele>
				<time>2026-08-06T17:35:44.598Z</time>
			</trkpt>
			<trkpt lat="39.24093" lon="21.7658">
				<ele>854.99</ele>
				<time>2026-08-06T17:35:45.222Z</time>
			</trkpt>
			<trkpt lat="39.24092" lon="21.76595">
				<ele>854.51</ele>
				<time>2026-08-06T17:35:45.814Z</time>
			</trkpt>
			<trkpt lat="39.24088" lon="21.76608">
				<ele>854.32</ele>
				<time>2026-08-06T17:35:46.365Z</time>
			</trkpt>
			<trkpt lat="39.24082" lon="21.76618">
				<ele>854.59</ele>
				<time>2026-08-06T17:35:46.862Z</time>
			</trkpt>
			<trkpt lat="39.24048" lon="21.76658">
				<ele>854.64</ele>
				<time>2026-08-06T17:35:49.199Z</time>
			</trkpt>
			<trkpt lat="39.24041" lon="21.7667">
				<ele>854.25</ele>
				<time>2026-08-06T17:35:49.790Z</time>
			</trkpt>
			<trkpt lat="39.24032" lon="21.76695">
				<ele>853.51</ele>
				<time>2026-08-06T17:35:50.875Z</time>
			</trkpt>
			<trkpt lat="39.24028" lon="21.76719">
				<ele>853.95</ele>
				<time>2026-08-06T17:35:51.841Z</time>
			</trkpt>
			<trkpt lat="39.24025" lon="21.7678">
				<ele>854.94</ele>
				<time>2026-08-06T17:35:54.247Z</time>
			</trkpt>
			<trkpt lat="39.24021" lon="21.76806">
				<ele>852.2</ele>
				<time>2026-08-06T17:35:55.290Z</time>
			</trkpt>
			<trkpt lat="39.23996" lon="21.76893">
				<ele>845.49</ele>
				<time>2026-08-06T17:35:58.943Z</time>
			</trkpt>
			<trkpt lat="39.23987" lon="21.76913">
				<ele>845.21</ele>
				<time>2026-08-06T17:35:59.854Z</time>
			</trkpt>
			<trkpt lat="39.23979" lon="21.76925">
				<ele>845.01</ele>
				<time>2026-08-06T17:36:00.478Z</time>
			</trkpt>
			<trkpt lat="39.23961" lon="21.76943">
				<ele>843.93</ele>
				<time>2026-08-06T17:36:01.635Z</time>
			</trkpt>
			<trkpt lat="39.23942" lon="21.7695">
				<ele>843.29</ele>
				<time>2026-08-06T17:36:02.640Z</time>
			</trkpt>
			<trkpt lat="39.23932" lon="21.7695">
				<ele>842.01</ele>
				<time>2026-08-06T17:36:03.148Z</time>
			</trkpt>
			<trkpt lat="39.23871" lon="21.7693">
				<ele>835.68</ele>
				<time>2026-08-06T17:36:06.348Z</time>
			</trkpt>
			<trkpt lat="39.23855" lon="21.76927">
				<ele>835.1</ele>
				<time>2026-08-06T17:36:07.170Z</time>
			</trkpt>
			<trkpt lat="39.2374" lon="21.76951">
				<ele>836.31</ele>
				<time>2026-08-06T17:36:13.095Z</time>
			</trkpt>
			<trkpt lat="39.23721" lon="21.76947">
				<ele>835.34</ele>
				<time>2026-08-06T17:36:14.074Z</time>
			</trkpt>
			<trkpt lat="39.23707" lon="21.76937">
				<ele>832.65</ele>
				<time>2026-08-06T17:36:14.888Z</time>
			</trkpt>
			<trkpt lat="39.23701" lon="21.76928">
				<ele>831.23</ele>
				<time>2026-08-06T17:36:15.356Z</time>
			</trkpt>
			<trkpt lat="39.23694" lon="21.76914">
				<ele>829.19</ele>
				<time>2026-08-06T17:36:16.012Z</time>
			</trkpt>
			<trkpt lat="39.23674" lon="21.76826">
				<ele>830.22</ele>
				<time>2026-08-06T17:36:19.626Z</time>
			</trkpt>
			<trkpt lat="39.23673" lon="21.76812">
				<ele>831.37</ele>
				<time>2026-08-06T17:36:20.180Z</time>
			</trkpt>
			<trkpt lat="39.23662" lon="21.76789">
				<ele>832.31</ele>
				<time>2026-08-06T17:36:21.245Z</time>
			</trkpt>
			<trkpt lat="39.2365" lon="21.76776">
				<ele>832.31</ele>
				<time>2026-08-06T17:36:22.042Z</time>
			</trkpt>
			<trkpt lat="39.23643" lon="21.76773">
				<ele>831.92</ele>
				<time>2026-08-06T17:36:22.418Z</time>
			</trkpt>
			<trkpt lat="39.23631" lon="21.7677">
				<ele>831.74</ele>
				<time>2026-08-06T17:36:23.040Z</time>
			</trkpt>
			<trkpt lat="39.23624" lon="21.76772">
				<ele>831.61</ele>
				<time>2026-08-06T17:36:23.404Z</time>
			</trkpt>
			<trkpt lat="39.23614" lon="21.76777">
				<ele>831.02</ele>
				<time>2026-08-06T17:36:23.950Z</time>
			</trkpt>
			<trkpt lat="39.23584" lon="21.76803">
				<ele>833.96</ele>
				<time>2026-08-06T17:36:25.789Z</time>
			</trkpt>
			<trkpt lat="39.2357" lon="21.76819">
				<ele>833.6</ele>
				<time>2026-08-06T17:36:26.740Z</time>
			</trkpt>
			<trkpt lat="39.23561" lon="21.76832">
				<ele>832.42</ele>
				<time>2026-08-06T17:36:27.427Z</time>
			</trkpt>
			<trkpt lat="39.23534" lon="21.76906">
				<ele>826.13</ele>
				<time>2026-08-06T17:36:30.652Z</time>
			</trkpt>
			<trkpt lat="39.23522" lon="21.76926">
				<ele>825.22</ele>
				<time>2026-08-06T17:36:31.649Z</time>
			</trkpt>
			<trkpt lat="39.23511" lon="21.76938">
				<ele>825.11</ele>
				<time>2026-08-06T17:36:32.382Z</time>
			</trkpt>
			<trkpt lat="39.23461" lon="21.7696">
				<ele>822.34</ele>
				<time>2026-08-06T17:36:35.071Z</time>
			</trkpt>
			<trkpt lat="39.23444" lon="21.76972">
				<ele>819.95</ele>
				<time>2026-08-06T17:36:36.057Z</time>
			</trkpt>
			<trkpt lat="39.23428" lon="21.7699">
				<ele>818.3</ele>
				<time>2026-08-06T17:36:37.137Z</time>
			</trkpt>
			<trkpt lat="39.23418" lon="21.77014">
				<ele>817.32</ele>
				<time>2026-08-06T17:36:38.211Z</time>
			</trkpt>
			<trkpt lat="39.23416" lon="21.77032">
				<ele>816.82</ele>
				<time>2026-08-06T17:36:38.928Z</time>
			</trkpt>
			<trkpt lat="39.23418" lon="21.7705">
				<ele>816.03</ele>
				<time>2026-08-06T17:36:39.645Z</time>
			</trkpt>
			<trkpt lat="39.23426" lon="21.7707">
				<ele>815.33</ele>
				<time>2026-08-06T17:36:40.533Z</time>
			</trkpt>
			<trkpt lat="39.23446" lon="21.77089">
				<ele>816.65</ele>
				<time>2026-08-06T17:36:41.797Z</time>
			</trkpt>
			<trkpt lat="39.23456" lon="21.77094">
				<ele>818.41</ele>
				<time>2026-08-06T17:36:42.343Z</time>
			</trkpt>
			<trkpt lat="39.23468" lon="21.77097">
				<ele>820.45</ele>
				<time>2026-08-06T17:36:42.965Z</time>
			</trkpt>
			<trkpt lat="39.23496" lon="21.77097">
				<ele>824.07</ele>
				<time>2026-08-06T17:36:44.390Z</time>
			</trkpt>
			<trkpt lat="39.23516" lon="21.771">
				<ele>825.47</ele>
				<time>2026-08-06T17:36:45.415Z</time>
			</trkpt>
			<trkpt lat="39.23541" lon="21.77113">
				<ele>823.9</ele>
				<time>2026-08-06T17:36:46.787Z</time>
			</trkpt>
			<trkpt lat="39.23684" lon="21.77213">
				<ele>838.79</ele>
				<time>2026-08-06T17:36:55.067Z</time>
			</trkpt>
			<trkpt lat="39.23728" lon="21.77256">
				<ele>841.15</ele>
				<time>2026-08-06T17:36:57.876Z</time>
			</trkpt>
			<trkpt lat="39.23739" lon="21.77275">
				<ele>841.95</ele>
				<time>2026-08-06T17:36:58.812Z</time>
			</trkpt>
			<trkpt lat="39.23744" lon="21.77292">
				<ele>842.42</ele>
				<time>2026-08-06T17:36:59.529Z</time>
			</trkpt>
			<trkpt lat="39.23749" lon="21.7739">
				<ele>848.22</ele>
				<time>2026-08-06T17:37:03.402Z</time>
			</trkpt>
			<trkpt lat="39.23745" lon="21.77411">
				<ele>849.85</ele>
				<time>2026-08-06T17:37:04.255Z</time>
			</trkpt>
			<trkpt lat="39.23739" lon="21.77432">
				<ele>851.57</ele>
				<time>2026-08-06T17:37:05.137Z</time>
			</trkpt>
			<trkpt lat="39.23729" lon="21.77449">
				<ele>852.07</ele>
				<time>2026-08-06T17:37:05.979Z</time>
			</trkpt>
			<trkpt lat="39.23717" lon="21.77456">
				<ele>852.57</ele>
				<time>2026-08-06T17:37:06.650Z</time>
			</trkpt>
			<trkpt lat="39.23689" lon="21.77468">
				<ele>854.48</ele>
				<time>2026-08-06T17:37:08.152Z</time>
			</trkpt>
			<trkpt lat="39.23675" lon="21.77477">
				<ele>857.72</ele>
				<time>2026-08-06T17:37:08.948Z</time>
			</trkpt>
			<trkpt lat="39.23663" lon="21.77491">
				<ele>859.97</ele>
				<time>2026-08-06T17:37:09.771Z</time>
			</trkpt>
			<trkpt lat="39.23653" lon="21.77508">
				<ele>861.02</ele>
				<time>2026-08-06T17:37:10.613Z</time>
			</trkpt>
			<trkpt lat="39.23618" lon="21.77667">
				<ele>867.15</ele>
				<time>2026-08-06T17:37:17.131Z</time>
			</trkpt>
			<trkpt lat="39.23605" lon="21.77712">
				<ele>873.66</ele>
				<time>2026-08-06T17:37:19.025Z</time>
			</trkpt>
			<trkpt lat="39.23593" lon="21.77737">
				<ele>876.36</ele>
				<time>2026-08-06T17:37:20.185Z</time>
			</trkpt>
			<trkpt lat="39.23574" lon="21.7776">
				<ele>875.58</ele>
				<time>2026-08-06T17:37:21.511Z</time>
			</trkpt>
			<trkpt lat="39.23435" lon="21.77884">
				<ele>883.29</ele>
				<time>2026-08-06T17:37:30.111Z</time>
			</trkpt>
			<trkpt lat="39.23416" lon="21.77906">
				<ele>881.85</ele>
				<time>2026-08-06T17:37:31.410Z</time>
			</trkpt>
			<trkpt lat="39.23402" lon="21.77927">
				<ele>882.6</ele>
				<time>2026-08-06T17:37:32.502Z</time>
			</trkpt>
			<trkpt lat="39.23394" lon="21.77952">
				<ele>884.65</ele>
				<time>2026-08-06T17:37:33.568Z</time>
			</trkpt>
			<trkpt lat="39.23371" lon="21.78093">
				<ele>893.25</ele>
				<time>2026-08-06T17:37:39.248Z</time>
			</trkpt>
			<trkpt lat="39.23361" lon="21.78141">
				<ele>890.74</ele>
				<time>2026-08-06T17:37:41.208Z</time>
			</trkpt>
			<trkpt lat="39.23353" lon="21.78162">
				<ele>891.67</ele>
				<time>2026-08-06T17:37:42.130Z</time>
			</trkpt>
			<trkpt lat="39.23345" lon="21.78175">
				<ele>891.64</ele>
				<time>2026-08-06T17:37:42.784Z</time>
			</trkpt>
			<trkpt lat="39.23331" lon="21.78183">
				<ele>892.46</ele>
				<time>2026-08-06T17:37:43.563Z</time>
			</trkpt>
			<trkpt lat="39.2329" lon="21.78192">
				<ele>896.45</ele>
				<time>2026-08-06T17:37:45.679Z</time>
			</trkpt>
			<trkpt lat="39.23274" lon="21.78203">
				<ele>898.54</ele>
				<time>2026-08-06T17:37:46.602Z</time>
			</trkpt>
			<trkpt lat="39.2327" lon="21.7821">
				<ele>899.09</ele>
				<time>2026-08-06T17:37:46.944Z</time>
			</trkpt>
			<trkpt lat="39.23266" lon="21.78221">
				<ele>898.41</ele>
				<time>2026-08-06T17:37:47.423Z</time>
			</trkpt>
			<trkpt lat="39.23263" lon="21.78239">
				<ele>896.64</ele>
				<time>2026-08-06T17:37:48.149Z</time>
			</trkpt>
			<trkpt lat="39.23264" lon="21.78294">
				<ele>889.16</ele>
				<time>2026-08-06T17:37:50.317Z</time>
			</trkpt>
			<trkpt lat="39.23258" lon="21.78328">
				<ele>887.96</ele>
				<time>2026-08-06T17:37:51.691Z</time>
			</trkpt>
			<trkpt lat="39.23243" lon="21.78382">
				<ele>891.16</ele>
				<time>2026-08-06T17:37:53.951Z</time>
			</trkpt>
			<trkpt lat="39.23227" lon="21.78423">
				<ele>890.35</ele>
				<time>2026-08-06T17:37:55.759Z</time>
			</trkpt>
			<trkpt lat="39.23218" lon="21.78437">
				<ele>889.08</ele>
				<time>2026-08-06T17:37:56.476Z</time>
			</trkpt>
			<trkpt lat="39.23204" lon="21.78454">
				<ele>887.62</ele>
				<time>2026-08-06T17:37:57.454Z</time>
			</trkpt>
			<trkpt lat="39.23175" lon="21.78477">
				<ele>888.3</ele>
				<time>2026-08-06T17:37:59.184Z</time>
			</trkpt>
			<trkpt lat="39.23156" lon="21.78488">
				<ele>888.02</ele>
				<time>2026-08-06T17:38:00.243Z</time>
			</trkpt>
			<trkpt lat="39.23134" lon="21.78498">
				<ele>888.15</ele>
				<time>2026-08-06T17:38:01.429Z</time>
			</trkpt>
			<trkpt lat="39.23054" lon="21.7852">
				<ele>883.33</ele>
				<time>2026-08-06T17:38:05.588Z</time>
			</trkpt>
			<trkpt lat="39.23046" lon="21.78526">
				<ele>881.79</ele>
				<time>2026-08-06T17:38:06.058Z</time>
			</trkpt>
			<trkpt lat="39.23039" lon="21.78532">
				<ele>880.39</ele>
				<time>2026-08-06T17:38:06.485Z</time>
			</trkpt>
			<trkpt lat="39.23023" lon="21.78558">
				<ele>876.55</ele>
				<time>2026-08-06T17:38:07.793Z</time>
			</trkpt>
			<trkpt lat="39.23006" lon="21.78632">
				<ele>872.89</ele>
				<time>2026-08-06T17:38:10.831Z</time>
			</trkpt>
			<trkpt lat="39.22995" lon="21.78656">
				<ele>869.92</ele>
				<time>2026-08-06T17:38:11.929Z</time>
			</trkpt>
			<trkpt lat="39.22972" lon="21.78682">
				<ele>867.04</ele>
				<time>2026-08-06T17:38:13.483Z</time>
			</trkpt>
			<trkpt lat="39.22878" lon="21.78777">
				<ele>852.88</ele>
				<time>2026-08-06T17:38:19.548Z</time>
			</trkpt>
			<trkpt lat="39.22865" lon="21.78798">
				<ele>852.25</ele>
				<time>2026-08-06T17:38:20.606Z</time>
			</trkpt>
			<trkpt lat="39.22862" lon="21.78821">
				<ele>850.15</ele>
				<time>2026-08-06T17:38:21.523Z</time>
			</trkpt>
			<trkpt lat="39.22863" lon="21.78834">
				<ele>848.43</ele>
				<time>2026-08-06T17:38:22.037Z</time>
			</trkpt>
			<trkpt lat="39.22869" lon="21.78857">
				<ele>844.49</ele>
				<time>2026-08-06T17:38:22.992Z</time>
			</trkpt>
			<trkpt lat="39.22926" lon="21.79019">
				<ele>843.2</ele>
				<time>2026-08-06T17:38:29.990Z</time>
			</trkpt>
			<trkpt lat="39.22946" lon="21.7907">
				<ele>838.89</ele>
				<time>2026-08-06T17:38:32.238Z</time>
			</trkpt>
			<trkpt lat="39.22963" lon="21.79102">
				<ele>836.64</ele>
				<time>2026-08-06T17:38:33.764Z</time>
			</trkpt>
			<trkpt lat="39.22976" lon="21.79117">
				<ele>836.33</ele>
				<time>2026-08-06T17:38:34.648Z</time>
			</trkpt>
			<trkpt lat="39.22991" lon="21.79126">
				<ele>839.01</ele>
				<time>2026-08-06T17:38:35.488Z</time>
			</trkpt>
			<trkpt lat="39.23009" lon="21.79131">
				<ele>843.21</ele>
				<time>2026-08-06T17:38:36.422Z</time>
			</trkpt>
			<trkpt lat="39.23024" lon="21.79131">
				<ele>846.28</ele>
				<time>2026-08-06T17:38:37.183Z</time>
			</trkpt>
			<trkpt lat="39.23035" lon="21.79127">
				<ele>846.5</ele>
				<time>2026-08-06T17:38:37.763Z</time>
			</trkpt>
			<trkpt lat="39.23119" lon="21.79078">
				<ele>846.64</ele>
				<time>2026-08-06T17:38:42.439Z</time>
			</trkpt>
			<trkpt lat="39.23147" lon="21.79066">
				<ele>849.22</ele>
				<time>2026-08-06T17:38:43.935Z</time>
			</trkpt>
			<trkpt lat="39.23167" lon="21.79062">
				<ele>852.46</ele>
				<time>2026-08-06T17:38:44.961Z</time>
			</trkpt>
			<trkpt lat="39.23334" lon="21.79062">
				<ele>863.43</ele>
				<time>2026-08-06T17:38:53.427Z</time>
			</trkpt>
			<trkpt lat="39.23475" lon="21.79044">
				<ele>875.98</ele>
				<time>2026-08-06T17:39:00.604Z</time>
			</trkpt>
			<trkpt lat="39.23495" lon="21.79046">
				<ele>876.39</ele>
				<time>2026-08-06T17:39:01.620Z</time>
			</trkpt>
			<trkpt lat="39.23511" lon="21.79053">
				<ele>875.62</ele>
				<time>2026-08-06T17:39:02.475Z</time>
			</trkpt>
			<trkpt lat="39.23525" lon="21.79064">
				<ele>875.3</ele>
				<time>2026-08-06T17:39:03.305Z</time>
			</trkpt>
			<trkpt lat="39.23544" lon="21.79091">
				<ele>874.44</ele>
				<time>2026-08-06T17:39:04.735Z</time>
			</trkpt>
			<trkpt lat="39.23533" lon="21.79099">
				<ele>878.88</ele>
				<time>2026-08-06T17:39:05.374Z</time>
			</trkpt>
			<trkpt lat="39.23516" lon="21.79103">
				<ele>884.53</ele>
				<time>2026-08-06T17:39:06.249Z</time>
			</trkpt>
			<trkpt lat="39.23481" lon="21.79103">
				<ele>891.48</ele>
				<time>2026-08-06T17:39:08.020Z</time>
			</trkpt>
			<trkpt lat="39.23384" lon="21.79117">
				<ele>884.83</ele>
				<time>2026-08-06T17:39:12.958Z</time>
			</trkpt>
			<trkpt lat="39.23371" lon="21.79122">
				<ele>884.69</ele>
				<time>2026-08-06T17:39:13.644Z</time>
			</trkpt>
			<trkpt lat="39.23361" lon="21.79132">
				<ele>886.32</ele>
				<time>2026-08-06T17:39:14.284Z</time>
			</trkpt>
			<trkpt lat="39.23344" lon="21.79158">
				<ele>891.4</ele>
				<time>2026-08-06T17:39:15.617Z</time>
			</trkpt>
			<trkpt lat="39.23333" lon="21.79166">
				<ele>891.97</ele>
				<time>2026-08-06T17:39:16.255Z</time>
			</trkpt>
			<trkpt lat="39.23322" lon="21.7917">
				<ele>894.44</ele>
				<time>2026-08-06T17:39:16.833Z</time>
			</trkpt>
			<trkpt lat="39.23311" lon="21.79171">
				<ele>895.67</ele>
				<time>2026-08-06T17:39:17.390Z</time>
			</trkpt>
			<trkpt lat="39.2326" lon="21.79149">
				<ele>894.55</ele>
				<time>2026-08-06T17:39:20.108Z</time>
			</trkpt>
			<trkpt lat="39.23242" lon="21.79146">
				<ele>891.88</ele>
				<time>2026-08-06T17:39:21.026Z</time>
			</trkpt>
			<trkpt lat="39.23225" lon="21.79147">
				<ele>892.82</ele>
				<time>2026-08-06T17:39:21.886Z</time>
			</trkpt>
			<trkpt lat="39.23207" lon="21.79151">
				<ele>893.2</ele>
				<time>2026-08-06T17:39:22.809Z</time>
			</trkpt>
			<trkpt lat="39.2319" lon="21.79159">
				<ele>893.52</ele>
				<time>2026-08-06T17:39:23.724Z</time>
			</trkpt>
			<trkpt lat="39.23175" lon="21.7917">
				<ele>893.46</ele>
				<time>2026-08-06T17:39:24.598Z</time>
			</trkpt>
			<trkpt lat="39.23145" lon="21.79204">
				<ele>895.27</ele>
				<time>2026-08-06T17:39:26.621Z</time>
			</trkpt>
			<trkpt lat="39.2307" lon="21.79304">
				<ele>894.67</ele>
				<time>2026-08-06T17:39:32.096Z</time>
			</trkpt>
			<trkpt lat="39.23051" lon="21.79326">
				<ele>894.26</ele>
				<time>2026-08-06T17:39:33.394Z</time>
			</trkpt>
			<trkpt lat="39.23024" lon="21.79346">
				<ele>895.09</ele>
				<time>2026-08-06T17:39:34.978Z</time>
			</trkpt>
			<trkpt lat="39.22985" lon="21.7937">
				<ele>897.61</ele>
				<time>2026-08-06T17:39:37.176Z</time>
			</trkpt>
			<trkpt lat="39.22965" lon="21.79388">
				<ele>898.02</ele>
				<time>2026-08-06T17:39:38.416Z</time>
			</trkpt>
			<trkpt lat="39.22947" lon="21.79412">
				<ele>896.17</ele>
				<time>2026-08-06T17:39:39.733Z</time>
			</trkpt>
			<trkpt lat="39.22935" lon="21.79441">
				<ele>897.53</ele>
				<time>2026-08-06T17:39:41.029Z</time>
			</trkpt>
			<trkpt lat="39.22929" lon="21.79469">
				<ele>899.34</ele>
				<time>2026-08-06T17:39:42.173Z</time>
			</trkpt>
			<trkpt lat="39.22927" lon="21.795">
				<ele>901.65</ele>
				<time>2026-08-06T17:39:43.398Z</time>
			</trkpt>
			<trkpt lat="39.2293" lon="21.79525">
				<ele>903.23</ele>
				<time>2026-08-06T17:39:44.394Z</time>
			</trkpt>
			<trkpt lat="39.22952" lon="21.79596">
				<ele>906.83</ele>
				<time>2026-08-06T17:39:47.402Z</time>
			</trkpt>
			<trkpt lat="39.22953" lon="21.79615">
				<ele>906.76</ele>
				<time>2026-08-06T17:39:48.151Z</time>
			</trkpt>
			<trkpt lat="39.22951" lon="21.79635">
				<ele>906.89</ele>
				<time>2026-08-06T17:39:48.943Z</time>
			</trkpt>
			<trkpt lat="39.22944" lon="21.79656">
				<ele>909.46</ele>
				<time>2026-08-06T17:39:49.840Z</time>
			</trkpt>
			<trkpt lat="39.22896" lon="21.79743">
				<ele>916.92</ele>
				<time>2026-08-06T17:39:54.026Z</time>
			</trkpt>
			<trkpt lat="39.2289" lon="21.79766">
				<ele>917.96</ele>
				<time>2026-08-06T17:39:54.974Z</time>
			</trkpt>
			<trkpt lat="39.22889" lon="21.79804">
				<ele>922.08</ele>
				<time>2026-08-06T17:39:56.459Z</time>
			</trkpt>
			<trkpt lat="39.22927" lon="21.79855">
				<ele>931.34</ele>
				<time>2026-08-06T17:39:59.216Z</time>
			</trkpt>
			<trkpt lat="39.22952" lon="21.79884">
				<ele>928.67</ele>
				<time>2026-08-06T17:40:00.902Z</time>
			</trkpt>
			<trkpt lat="39.23093" lon="21.80004">
				<ele>936.5</ele>
				<time>2026-08-06T17:40:09.308Z</time>
			</trkpt>
			<trkpt lat="39.23112" lon="21.80027">
				<ele>935.02</ele>
				<time>2026-08-06T17:40:10.594Z</time>
			</trkpt>
			<trkpt lat="39.23122" lon="21.80048">
				<ele>933.92</ele>
				<time>2026-08-06T17:40:11.534Z</time>
			</trkpt>
			<trkpt lat="39.23128" lon="21.80068">
				<ele>932.47</ele>
				<time>2026-08-06T17:40:12.351Z</time>
			</trkpt>
			<trkpt lat="39.23142" lon="21.80147">
				<ele>924.2</ele>
				<time>2026-08-06T17:40:15.427Z</time>
			</trkpt>
			<trkpt lat="39.23166" lon="21.80342">
				<ele>893.2</ele>
				<time>2026-08-06T17:40:22.885Z</time>
			</trkpt>
			<trkpt lat="39.23174" lon="21.80369">
				<ele>891.47</ele>
				<time>2026-08-06T17:40:23.973Z</time>
			</trkpt>
			<trkpt lat="39.23217" lon="21.80458">
				<ele>882.67</ele>
				<time>2026-08-06T17:40:27.912Z</time>
			</trkpt>
			<trkpt lat="39.23241" lon="21.80517">
				<ele>878.1</ele>
				<time>2026-08-06T17:40:30.409Z</time>
			</trkpt>
			<trkpt lat="39.23258" lon="21.8059">
				<ele>873.89</ele>
				<time>2026-08-06T17:40:33.258Z</time>
			</trkpt>
			<trkpt lat="39.2328" lon="21.80662">
				<ele>866.8</ele>
				<time>2026-08-06T17:40:36.145Z</time>
			</trkpt>
			<trkpt lat="39.23283" lon="21.80681">
				<ele>863.36</ele>
				<time>2026-08-06T17:40:36.868Z</time>
			</trkpt>
			<trkpt lat="39.23283" lon="21.80698">
				<ele>860.47</ele>
				<time>2026-08-06T17:40:37.500Z</time>
			</trkpt>
			<trkpt lat="39.23278" lon="21.80756">
				<ele>856.58</ele>
				<time>2026-08-06T17:40:39.671Z</time>
			</trkpt>
			<trkpt lat="39.23278" lon="21.80789">
				<ele>848.68</ele>
				<time>2026-08-06T17:40:40.896Z</time>
			</trkpt>
			<trkpt lat="39.23288" lon="21.80863">
				<ele>839.7</ele>
				<time>2026-08-06T17:40:43.682Z</time>
			</trkpt>
			<trkpt lat="39.23291" lon="21.80924">
				<ele>831.42</ele>
				<time>2026-08-06T17:40:45.945Z</time>
			</trkpt>
			<trkpt lat="39.23294" lon="21.80943">
				<ele>831.28</ele>
				<time>2026-08-06T17:40:46.662Z</time>
			</trkpt>
			<trkpt lat="39.23325" lon="21.81024">
				<ele>827.53</ele>
				<time>2026-08-06T17:40:49.999Z</time>
			</trkpt>
			<trkpt lat="39.23352" lon="21.81131">
				<ele>813.52</ele>
				<time>2026-08-06T17:40:54.144Z</time>
			</trkpt>
			<trkpt lat="39.23367" lon="21.81174">
				<ele>808.59</ele>
				<time>2026-08-06T17:40:55.877Z</time>
			</trkpt>
			<trkpt lat="39.23376" lon="21.81224">
				<ele>801.88</ele>
				<time>2026-08-06T17:40:57.762Z</time>
			</trkpt>
			<trkpt lat="39.23376" lon="21.81246">
				<ele>800.79</ele>
				<time>2026-08-06T17:40:58.569Z</time>
			</trkpt>
			<trkpt lat="39.23362" lon="21.81321">
				<ele>798.34</ele>
				<time>2026-08-06T17:41:01.396Z</time>
			</trkpt>
			<trkpt lat="39.23361" lon="21.81338">
				<ele>798.46</ele>
				<time>2026-08-06T17:41:02.020Z</time>
			</trkpt>
			<trkpt lat="39.2336" lon="21.81571">
				<ele>771.85</ele>
				<time>2026-08-06T17:41:10.525Z</time>
			</trkpt>
			<trkpt lat="39.23359" lon="21.81599">
				<ele>771.97</ele>
				<time>2026-08-06T17:41:11.545Z</time>
			</trkpt>
			<trkpt lat="39.23341" lon="21.81785">
				<ele>776.8</ele>
				<time>2026-08-06T17:41:18.354Z</time>
			</trkpt>
			<trkpt lat="39.2334" lon="21.81828">
				<ele>772.5</ele>
				<time>2026-08-06T17:41:19.913Z</time>
			</trkpt>
			<trkpt lat="39.23343" lon="21.81859">
				<ele>769.17</ele>
				<time>2026-08-06T17:41:21.044Z</time>
			</trkpt>
			<trkpt lat="39.23351" lon="21.81897">
				<ele>767.14</ele>
				<time>2026-08-06T17:41:22.470Z</time>
			</trkpt>
			<trkpt lat="39.23432" lon="21.82082">
				<ele>750.82</ele>
				<time>2026-08-06T17:41:30.144Z</time>
			</trkpt>
			<trkpt lat="39.23465" lon="21.82147">
				<ele>749.34</ele>
				<time>2026-08-06T17:41:32.944Z</time>
			</trkpt>
			<trkpt lat="39.23479" lon="21.82167">
				<ele>747.58</ele>
				<time>2026-08-06T17:41:33.915Z</time>
			</trkpt>
			<trkpt lat="39.23544" lon="21.82237">
				<ele>727.03</ele>
				<time>2026-08-06T17:41:37.845Z</time>
			</trkpt>
			<trkpt lat="39.23559" lon="21.82265">
				<ele>718.53</ele>
				<time>2026-08-06T17:41:39.068Z</time>
			</trkpt>
			<trkpt lat="39.23568" lon="21.82298">
				<ele>717.88</ele>
				<time>2026-08-06T17:41:40.324Z</time>
			</trkpt>
			<trkpt lat="39.23568" lon="21.8233">
				<ele>722.4</ele>
				<time>2026-08-06T17:41:41.473Z</time>
			</trkpt>
			<trkpt lat="39.23557" lon="21.82497">
				<ele>717.64</ele>
				<time>2026-08-06T17:41:47.481Z</time>
			</trkpt>
			<trkpt lat="39.23558" lon="21.82528">
				<ele>715.73</ele>
				<time>2026-08-06T17:41:48.592Z</time>
			</trkpt>
			<trkpt lat="39.23567" lon="21.82555">
				<ele>714.93</ele>
				<time>2026-08-06T17:41:49.644Z</time>
			</trkpt>
			<trkpt lat="39.23619" lon="21.82663">
				<ele>710.53</ele>
				<time>2026-08-06T17:41:54.191Z</time>
			</trkpt>
			<trkpt lat="39.23627" lon="21.82688">
				<ele>709.52</ele>
				<time>2026-08-06T17:41:55.157Z</time>
			</trkpt>
			<trkpt lat="39.2363" lon="21.82714">
				<ele>706.34</ele>
				<time>2026-08-06T17:41:56.096Z</time>
			</trkpt>
			<trkpt lat="39.23627" lon="21.82739">
				<ele>703.01</ele>
				<time>2026-08-06T17:41:57.000Z</time>
			</trkpt>
			<trkpt lat="39.23616" lon="21.82802">
				<ele>703.43</ele>
				<time>2026-08-06T17:41:59.305Z</time>
			</trkpt>
			<trkpt lat="39.23616" lon="21.8283">
				<ele>700.71</ele>
				<time>2026-08-06T17:42:00.304Z</time>
			</trkpt>
			<trkpt lat="39.2362" lon="21.8286">
				<ele>698.05</ele>
				<time>2026-08-06T17:42:01.390Z</time>
			</trkpt>
			<trkpt lat="39.23648" lon="21.82968">
				<ele>684.42</ele>
				<time>2026-08-06T17:42:05.451Z</time>
			</trkpt>
			<trkpt lat="39.23651" lon="21.82997">
				<ele>683.83</ele>
				<time>2026-08-06T17:42:06.494Z</time>
			</trkpt>
			<trkpt lat="39.23649" lon="21.83026">
				<ele>684.87</ele>
				<time>2026-08-06T17:42:07.531Z</time>
			</trkpt>
			<trkpt lat="39.23622" lon="21.83214">
				<ele>679.23</ele>
				<time>2026-08-06T17:42:14.338Z</time>
			</trkpt>
			<trkpt lat="39.23621" lon="21.83252">
				<ele>677.96</ele>
				<time>2026-08-06T17:42:15.691Z</time>
			</trkpt>
			<trkpt lat="39.23624" lon="21.83281">
				<ele>674.18</ele>
				<time>2026-08-06T17:42:16.732Z</time>
			</trkpt>
			<trkpt lat="39.23633" lon="21.83315">
				<ele>673.04</ele>
				<time>2026-08-06T17:42:18.010Z</time>
			</trkpt>
			<trkpt lat="39.23646" lon="21.83349">
				<ele>671.79</ele>
				<time>2026-08-06T17:42:19.359Z</time>
			</trkpt>
			<trkpt lat="39.23702" lon="21.83438">
				<ele>659.41</ele>
				<time>2026-08-06T17:42:23.436Z</time>
			</trkpt>
			<trkpt lat="39.23711" lon="21.83463">
				<ele>655.48</ele>
				<time>2026-08-06T17:42:24.416Z</time>
			</trkpt>
			<trkpt lat="39.23714" lon="21.83488">
				<ele>651.63</ele>
				<time>2026-08-06T17:42:25.315Z</time>
			</trkpt>
			<trkpt lat="39.23711" lon="21.83512">
				<ele>648.76</ele>
				<time>2026-08-06T17:42:26.179Z</time>
			</trkpt>
			<trkpt lat="39.23676" lon="21.83607">
				<ele>643.04</ele>
				<time>2026-08-06T17:42:29.918Z</time>
			</trkpt>
			<trkpt lat="39.23672" lon="21.83631">
				<ele>642.94</ele>
				<time>2026-08-06T17:42:30.790Z</time>
			</trkpt>
			<trkpt lat="39.23671" lon="21.83656">
				<ele>643.22</ele>
				<time>2026-08-06T17:42:31.680Z</time>
			</trkpt>
			<trkpt lat="39.23677" lon="21.83679">
				<ele>641.92</ele>
				<time>2026-08-06T17:42:32.543Z</time>
			</trkpt>
			<trkpt lat="39.23719" lon="21.83766">
				<ele>630.1</ele>
				<time>2026-08-06T17:42:36.186Z</time>
			</trkpt>
			<trkpt lat="39.23763" lon="21.83893">
				<ele>629.96</ele>
				<time>2026-08-06T17:42:41.130Z</time>
			</trkpt>
			<trkpt lat="39.23859" lon="21.84113">
				<ele>622.92</ele>
				<time>2026-08-06T17:42:50.109Z</time>
			</trkpt>
			<trkpt lat="39.23863" lon="21.84135">
				<ele>620.21</ele>
				<time>2026-08-06T17:42:50.912Z</time>
			</trkpt>
			<trkpt lat="39.23863" lon="21.84162">
				<ele>620.29</ele>
				<time>2026-08-06T17:42:51.873Z</time>
			</trkpt>
			<trkpt lat="39.23852" lon="21.84343">
				<ele>605.35</ele>
				<time>2026-08-06T17:42:58.336Z</time>
			</trkpt>
			<trkpt lat="39.2384" lon="21.84477">
				<ele>595.7</ele>
				<time>2026-08-06T17:43:03.142Z</time>
			</trkpt>
			<trkpt lat="39.23842" lon="21.84501">
				<ele>597.96</ele>
				<time>2026-08-06T17:43:04.003Z</time>
			</trkpt>
			<trkpt lat="39.23848" lon="21.84526">
				<ele>596.65</ele>
				<time>2026-08-06T17:43:04.936Z</time>
			</trkpt>
			<trkpt lat="39.23869" lon="21.84581">
				<ele>584.59</ele>
				<time>2026-08-06T17:43:07.124Z</time>
			</trkpt>
			<trkpt lat="39.23873" lon="21.846">
				<ele>584.48</ele>
				<time>2026-08-06T17:43:07.826Z</time>
			</trkpt>
			<trkpt lat="39.23873" lon="21.84618">
				<ele>585.61</ele>
				<time>2026-08-06T17:43:08.469Z</time>
			</trkpt>
			<trkpt lat="39.23868" lon="21.84639">
				<ele>587.51</ele>
				<time>2026-08-06T17:43:09.253Z</time>
			</trkpt>
			<trkpt lat="39.23844" lon="21.84713">
				<ele>583.46</ele>
				<time>2026-08-06T17:43:12.118Z</time>
			</trkpt>
			<trkpt lat="39.23826" lon="21.84728">
				<ele>584.09</ele>
				<time>2026-08-06T17:43:13.106Z</time>
			</trkpt>
			<trkpt lat="39.23807" lon="21.84732">
				<ele>582.75</ele>
				<time>2026-08-06T17:43:13.995Z</time>
			</trkpt>
			<trkpt lat="39.23793" lon="21.84729">
				<ele>577.93</ele>
				<time>2026-08-06T17:43:14.650Z</time>
			</trkpt>
			<trkpt lat="39.23784" lon="21.84719">
				<ele>574.98</ele>
				<time>2026-08-06T17:43:15.198Z</time>
			</trkpt>
			<trkpt lat="39.23772" lon="21.84703">
				<ele>572.62</ele>
				<time>2026-08-06T17:43:15.994Z</time>
			</trkpt>
			<trkpt lat="39.23725" lon="21.846">
				<ele>560.12</ele>
				<time>2026-08-06T17:43:20.273Z</time>
			</trkpt>
			<trkpt lat="39.23718" lon="21.84572">
				<ele>557.46</ele>
				<time>2026-08-06T17:43:21.327Z</time>
			</trkpt>
			<trkpt lat="39.23716" lon="21.84552">
				<ele>556.32</ele>
				<time>2026-08-06T17:43:22.050Z</time>
			</trkpt>
			<trkpt lat="39.23722" lon="21.8447">
				<ele>550.3</ele>
				<time>2026-08-06T17:43:25.003Z</time>
			</trkpt>
			<trkpt lat="39.23721" lon="21.84456">
				<ele>550.11</ele>
				<time>2026-08-06T17:43:25.508Z</time>
			</trkpt>
			<trkpt lat="39.23707" lon="21.84418">
				<ele>550.76</ele>
				<time>2026-08-06T17:43:27.018Z</time>
			</trkpt>
			<trkpt lat="39.23699" lon="21.84407">
				<ele>550.48</ele>
				<time>2026-08-06T17:43:27.560Z</time>
			</trkpt>
			<trkpt lat="39.23644" lon="21.84367">
				<ele>544.39</ele>
				<time>2026-08-06T17:43:30.488Z</time>
			</trkpt>
			<trkpt lat="39.23622" lon="21.84337">
				<ele>538.66</ele>
				<time>2026-08-06T17:43:31.974Z</time>
			</trkpt>
			<trkpt lat="39.2359" lon="21.84251">
				<ele>529.41</ele>
				<time>2026-08-06T17:43:35.409Z</time>
			</trkpt>
			<trkpt lat="39.23583" lon="21.84222">
				<ele>529.2</ele>
				<time>2026-08-06T17:43:36.503Z</time>
			</trkpt>
			<trkpt lat="39.2357" lon="21.84072">
				<ele>522.28</ele>
				<time>2026-08-06T17:43:41.950Z</time>
			</trkpt>
			<trkpt lat="39.23565" lon="21.84049">
				<ele>520.64</ele>
				<time>2026-08-06T17:43:42.814Z</time>
			</trkpt>
			<trkpt lat="39.23511" lon="21.83905">
				<ele>515.47</ele>
				<time>2026-08-06T17:43:48.606Z</time>
			</trkpt>
			<trkpt lat="39.23504" lon="21.83895">
				<ele>514.35</ele>
				<time>2026-08-06T17:43:49.094Z</time>
			</trkpt>
			<trkpt lat="39.23497" lon="21.83894">
				<ele>511.45</ele>
				<time>2026-08-06T17:43:49.424Z</time>
			</trkpt>
			<trkpt lat="39.2349" lon="21.83897">
				<ele>507.85</ele>
				<time>2026-08-06T17:43:49.770Z</time>
			</trkpt>
			<trkpt lat="39.23489" lon="21.83905">
				<ele>505.38</ele>
				<time>2026-08-06T17:43:50.064Z</time>
			</trkpt>
			<trkpt lat="39.23518" lon="21.84045">
				<ele>500.26</ele>
				<time>2026-08-06T17:43:55.329Z</time>
			</trkpt>
			<trkpt lat="39.23521" lon="21.84067">
				<ele>500.01</ele>
				<time>2026-08-06T17:43:56.142Z</time>
			</trkpt>
			<trkpt lat="39.23521" lon="21.84087">
				<ele>499.26</ele>
				<time>2026-08-06T17:43:56.870Z</time>
			</trkpt>
			<trkpt lat="39.23518" lon="21.84112">
				<ele>497.93</ele>
				<time>2026-08-06T17:43:57.792Z</time>
			</trkpt>
			<trkpt lat="39.23503" lon="21.84171">
				<ele>491.02</ele>
				<time>2026-08-06T17:44:00.056Z</time>
			</trkpt>
			<trkpt lat="39.235" lon="21.84201">
				<ele>486.54</ele>
				<time>2026-08-06T17:44:01.160Z</time>
			</trkpt>
			<trkpt lat="39.23502" lon="21.84227">
				<ele>486.11</ele>
				<time>2026-08-06T17:44:02.114Z</time>
			</trkpt>
			<trkpt lat="39.2356" lon="21.84472">
				<ele>474.66</ele>
				<time>2026-08-06T17:44:11.500Z</time>
			</trkpt>
			<trkpt lat="39.23566" lon="21.84504">
				<ele>470.05</ele>
				<time>2026-08-06T17:44:12.711Z</time>
			</trkpt>
			<trkpt lat="39.23565" lon="21.84618">
				<ele>467.56</ele>
				<time>2026-08-06T17:44:16.909Z</time>
			</trkpt>
			<trkpt lat="39.23574" lon="21.84702">
				<ele>462.66</ele>
				<time>2026-08-06T17:44:20.040Z</time>
			</trkpt>
			<trkpt lat="39.23568" lon="21.84798">
				<ele>456.21</ele>
				<time>2026-08-06T17:44:23.604Z</time>
			</trkpt>
			<trkpt lat="39.23574" lon="21.84916">
				<ele>455.45</ele>
				<time>2026-08-06T17:44:27.994Z</time>
			</trkpt>
			<trkpt lat="39.23579" lon="21.84951">
				<ele>452.38</ele>
				<time>2026-08-06T17:44:29.317Z</time>
			</trkpt>
			<trkpt lat="39.23586" lon="21.84978">
				<ele>448.02</ele>
				<time>2026-08-06T17:44:30.377Z</time>
			</trkpt>
			<trkpt lat="39.23603" lon="21.85038">
				<ele>443.67</ele>
				<time>2026-08-06T17:44:32.759Z</time>
			</trkpt>
			<trkpt lat="39.23612" lon="21.85128">
				<ele>442.59</ele>
				<time>2026-08-06T17:44:36.149Z</time>
			</trkpt>
			<trkpt lat="39.23615" lon="21.85144">
				<ele>440.63</ele>
				<time>2026-08-06T17:44:36.765Z</time>
			</trkpt>
			<trkpt lat="39.23626" lon="21.85175">
				<ele>436.77</ele>
				<time>2026-08-06T17:44:38.042Z</time>
			</trkpt>
			<trkpt lat="39.23631" lon="21.85184">
				<ele>436.84</ele>
				<time>2026-08-06T17:44:38.457Z</time>
			</trkpt>
			<trkpt lat="39.23685" lon="21.85273">
				<ele>433.2</ele>
				<time>2026-08-06T17:44:42.701Z</time>
			</trkpt>
			<trkpt lat="39.23758" lon="21.85411">
				<ele>425.57</ele>
				<time>2026-08-06T17:44:49.002Z</time>
			</trkpt>
			<trkpt lat="39.23767" lon="21.85436">
				<ele>420.51</ele>
				<time>2026-08-06T17:44:50.041Z</time>
			</trkpt>
			<trkpt lat="39.23768" lon="21.85454">
				<ele>418.74</ele>
				<time>2026-08-06T17:44:50.720Z</time>
			</trkpt>
			<trkpt lat="39.23766" lon="21.85471">
				<ele>418.49</ele>
				<time>2026-08-06T17:44:51.366Z</time>
			</trkpt>
			<trkpt lat="39.23759" lon="21.85492">
				<ele>420.45</ele>
				<time>2026-08-06T17:44:52.223Z</time>
			</trkpt>
			<trkpt lat="39.23722" lon="21.85563">
				<ele>419.55</ele>
				<time>2026-08-06T17:44:55.419Z</time>
			</trkpt>
			<trkpt lat="39.23716" lon="21.85584">
				<ele>419.99</ele>
				<time>2026-08-06T17:44:56.251Z</time>
			</trkpt>
			<trkpt lat="39.23714" lon="21.8561">
				<ele>420.4</ele>
				<time>2026-08-06T17:44:57.221Z</time>
			</trkpt>
			<trkpt lat="39.23709" lon="21.85772">
				<ele>417.69</ele>
				<time>2026-08-06T17:45:03.193Z</time>
			</trkpt>
			<trkpt lat="39.2371" lon="21.8579">
				<ele>416.99</ele>
				<time>2026-08-06T17:45:03.853Z</time>
			</trkpt>
			<trkpt lat="39.23718" lon="21.85819">
				<ele>418.33</ele>
				<time>2026-08-06T17:45:04.978Z</time>
			</trkpt>
			<trkpt lat="39.23749" lon="21.8589">
				<ele>415.63</ele>
				<time>2026-08-06T17:45:07.942Z</time>
			</trkpt>
			<trkpt lat="39.23754" lon="21.85909">
				<ele>414.35</ele>
				<time>2026-08-06T17:45:08.669Z</time>
			</trkpt>
			<trkpt lat="39.23754" lon="21.8593">
				<ele>413.23</ele>
				<time>2026-08-06T17:45:09.428Z</time>
			</trkpt>
			<trkpt lat="39.2373" lon="21.85996">
				<ele>414.65</ele>
				<time>2026-08-06T17:45:12.058Z</time>
			</trkpt>
			<trkpt lat="39.23723" lon="21.86027">
				<ele>414.47</ele>
				<time>2026-08-06T17:45:13.218Z</time>
			</trkpt>
			<trkpt lat="39.23723" lon="21.86058">
				<ele>410.89</ele>
				<time>2026-08-06T17:45:14.329Z</time>
			</trkpt>
			<trkpt lat="39.23728" lon="21.86088">
				<ele>408.37</ele>
				<time>2026-08-06T17:45:15.427Z</time>
			</trkpt>
			<trkpt lat="39.23769" lon="21.86206">
				<ele>402.25</ele>
				<time>2026-08-06T17:45:20.028Z</time>
			</trkpt>
			<trkpt lat="39.23775" lon="21.86228">
				<ele>400.73</ele>
				<time>2026-08-06T17:45:20.854Z</time>
			</trkpt>
			<trkpt lat="39.23777" lon="21.86247">
				<ele>400.79</ele>
				<time>2026-08-06T17:45:21.532Z</time>
			</trkpt>
			<trkpt lat="39.23775" lon="21.86264">
				<ele>403.86</ele>
				<time>2026-08-06T17:45:22.139Z</time>
			</trkpt>
			<trkpt lat="39.23764" lon="21.86319">
				<ele>406.54</ele>
				<time>2026-08-06T17:45:24.141Z</time>
			</trkpt>
			<trkpt lat="39.23764" lon="21.86338">
				<ele>406.32</ele>
				<time>2026-08-06T17:45:24.809Z</time>
			</trkpt>
			<trkpt lat="39.23767" lon="21.86353">
				<ele>405.3</ele>
				<time>2026-08-06T17:45:25.353Z</time>
			</trkpt>
			<trkpt lat="39.23824" lon="21.8654">
				<ele>391.66</ele>
				<time>2026-08-06T17:45:32.365Z</time>
			</trkpt>
			<trkpt lat="39.23836" lon="21.86567">
				<ele>389.72</ele>
				<time>2026-08-06T17:45:33.444Z</time>
			</trkpt>
			<trkpt lat="39.23849" lon="21.86582">
				<ele>389.23</ele>
				<time>2026-08-06T17:45:34.223Z</time>
			</trkpt>
			<trkpt lat="39.23861" lon="21.86591">
				<ele>389.74</ele>
				<time>2026-08-06T17:45:34.842Z</time>
			</trkpt>
			<trkpt lat="39.23928" lon="21.86622">
				<ele>378.76</ele>
				<time>2026-08-06T17:45:38.010Z</time>
			</trkpt>
			<trkpt lat="39.2394" lon="21.86632">
				<ele>378.32</ele>
				<time>2026-08-06T17:45:38.644Z</time>
			</trkpt>
			<trkpt lat="39.2395" lon="21.86649">
				<ele>379.39</ele>
				<time>2026-08-06T17:45:39.377Z</time>
			</trkpt>
			<trkpt lat="39.23959" lon="21.86677">
				<ele>379.54</ele>
				<time>2026-08-06T17:45:40.417Z</time>
			</trkpt>
			<trkpt lat="39.23966" lon="21.86716">
				<ele>375.92</ele>
				<time>2026-08-06T17:45:41.788Z</time>
			</trkpt>
			<trkpt lat="39.23977" lon="21.86741">
				<ele>373.52</ele>
				<time>2026-08-06T17:45:42.771Z</time>
			</trkpt>
			<trkpt lat="39.23994" lon="21.86762">
				<ele>371.98</ele>
				<time>2026-08-06T17:45:43.808Z</time>
			</trkpt>
			<trkpt lat="39.24105" lon="21.86853">
				<ele>361.62</ele>
				<time>2026-08-06T17:45:49.577Z</time>
			</trkpt>
			<trkpt lat="39.24122" lon="21.8687">
				<ele>357.55</ele>
				<time>2026-08-06T17:45:50.517Z</time>
			</trkpt>
			<trkpt lat="39.24139" lon="21.86896">
				<ele>351.89</ele>
				<time>2026-08-06T17:45:51.667Z</time>
			</trkpt>
			<trkpt lat="39.24149" lon="21.86927">
				<ele>356.32</ele>
				<time>2026-08-06T17:45:52.800Z</time>
			</trkpt>
			<trkpt lat="39.24163" lon="21.8699">
				<ele>361.35</ele>
				<time>2026-08-06T17:45:55.008Z</time>
			</trkpt>
			<trkpt lat="39.2417" lon="21.87006">
				<ele>359.28</ele>
				<time>2026-08-06T17:45:55.626Z</time>
			</trkpt>
			<trkpt lat="39.24216" lon="21.8707">
				<ele>349.87</ele>
				<time>2026-08-06T17:45:58.558Z</time>
			</trkpt>
			<trkpt lat="39.24226" lon="21.87087">
				<ele>349.7</ele>
				<time>2026-08-06T17:45:59.273Z</time>
			</trkpt>
			<trkpt lat="39.24233" lon="21.87109">
				<ele>350.07</ele>
				<time>2026-08-06T17:46:00.070Z</time>
			</trkpt>
			<trkpt lat="39.24256" lon="21.87213">
				<ele>345.04</ele>
				<time>2026-08-06T17:46:03.684Z</time>
			</trkpt>
			<trkpt lat="39.24259" lon="21.87235">
				<ele>342.61</ele>
				<time>2026-08-06T17:46:04.429Z</time>
			</trkpt>
			<trkpt lat="39.24259" lon="21.8725">
				<ele>340.82</ele>
				<time>2026-08-06T17:46:04.929Z</time>
			</trkpt>
			<trkpt lat="39.24247" lon="21.87429">
				<ele>325.3</ele>
				<time>2026-08-06T17:46:10.904Z</time>
			</trkpt>
			<trkpt lat="39.24248" lon="21.87451">
				<ele>323.12</ele>
				<time>2026-08-06T17:46:11.635Z</time>
			</trkpt>
			<trkpt lat="39.24252" lon="21.87468">
				<ele>321.79</ele>
				<time>2026-08-06T17:46:12.224Z</time>
			</trkpt>
			<trkpt lat="39.24279" lon="21.87527">
				<ele>318.2</ele>
				<time>2026-08-06T17:46:14.494Z</time>
			</trkpt>
			<trkpt lat="39.24289" lon="21.87563">
				<ele>315.79</ele>
				<time>2026-08-06T17:46:15.760Z</time>
			</trkpt>
			<trkpt lat="39.24291" lon="21.87597">
				<ele>315.51</ele>
				<time>2026-08-06T17:46:16.888Z</time>
			</trkpt>
			<trkpt lat="39.24286" lon="21.87683">
				<ele>313.71</ele>
				<time>2026-08-06T17:46:19.737Z</time>
			</trkpt>
			<trkpt lat="39.24291" lon="21.87794">
				<ele>310.72</ele>
				<time>2026-08-06T17:46:23.406Z</time>
			</trkpt>
			<trkpt lat="39.243" lon="21.87884">
				<ele>301.04</ele>
				<time>2026-08-06T17:46:26.397Z</time>
			</trkpt>
			<trkpt lat="39.24305" lon="21.87901">
				<ele>300.62</ele>
				<time>2026-08-06T17:46:26.996Z</time>
			</trkpt>
			<trkpt lat="39.24311" lon="21.87915">
				<ele>300.04</ele>
				<time>2026-08-06T17:46:27.523Z</time>
			</trkpt>
			<trkpt lat="39.24492" lon="21.88195">
				<ele>285.17</ele>
				<time>2026-08-06T17:46:39.531Z</time>
			</trkpt>
			<trkpt lat="39.24503" lon="21.88218">
				<ele>286.45</ele>
				<time>2026-08-06T17:46:40.421Z</time>
			</trkpt>
			<trkpt lat="39.24512" lon="21.88248">
				<ele>289.36</ele>
				<time>2026-08-06T17:46:41.481Z</time>
			</trkpt>
			<trkpt lat="39.24533" lon="21.88347">
				<ele>282.32</ele>
				<time>2026-08-06T17:46:44.863Z</time>
			</trkpt>
			<trkpt lat="39.24615" lon="21.88603">
				<ele>266.93</ele>
				<time>2026-08-06T17:46:54.012Z</time>
			</trkpt>
			<trkpt lat="39.24634" lon="21.88629">
				<ele>264.88</ele>
				<time>2026-08-06T17:46:55.196Z</time>
			</trkpt>
			<trkpt lat="39.24654" lon="21.88642">
				<ele>263.2</ele>
				<time>2026-08-06T17:46:56.154Z</time>
			</trkpt>
			<trkpt lat="39.24769" lon="21.88675">
				<ele>247.43</ele>
				<time>2026-08-06T17:47:01.203Z</time>
			</trkpt>
			<trkpt lat="39.24794" lon="21.88686">
				<ele>245.4</ele>
				<time>2026-08-06T17:47:02.338Z</time>
			</trkpt>
			<trkpt lat="39.24829" lon="21.88709">
				<ele>243.53</ele>
				<time>2026-08-06T17:47:04.027Z</time>
			</trkpt>
			<trkpt lat="39.24861" lon="21.88736">
				<ele>240.45</ele>
				<time>2026-08-06T17:47:05.673Z</time>
			</trkpt>
			<trkpt lat="39.24884" lon="21.88759">
				<ele>238</ele>
				<time>2026-08-06T17:47:06.927Z</time>
			</trkpt>
			<trkpt lat="39.24894" lon="21.88773">
				<ele>237.17</ele>
				<time>2026-08-06T17:47:07.564Z</time>
			</trkpt>
			<trkpt lat="39.24906" lon="21.88797">
				<ele>235.82</ele>
				<time>2026-08-06T17:47:08.519Z</time>
			</trkpt>
			<trkpt lat="39.24936" lon="21.88868">
				<ele>232.69</ele>
				<time>2026-08-06T17:47:11.229Z</time>
			</trkpt>
			<trkpt lat="39.24964" lon="21.88926">
				<ele>239.57</ele>
				<time>2026-08-06T17:47:13.525Z</time>
			</trkpt>
			<trkpt lat="39.25001" lon="21.88998">
				<ele>234.91</ele>
				<time>2026-08-06T17:47:16.436Z</time>
			</trkpt>
			<trkpt lat="39.25051" lon="21.89111">
				<ele>236.32</ele>
				<time>2026-08-06T17:47:20.839Z</time>
			</trkpt>
			<trkpt lat="39.25059" lon="21.89129">
				<ele>235.22</ele>
				<time>2026-08-06T17:47:21.543Z</time>
			</trkpt>
			<trkpt lat="39.25105" lon="21.89205">
				<ele>228.81</ele>
				<time>2026-08-06T17:47:24.825Z</time>
			</trkpt>
			<trkpt lat="39.2514" lon="21.89274">
				<ele>229.77</ele>
				<time>2026-08-06T17:47:27.642Z</time>
			</trkpt>
			<trkpt lat="39.25149" lon="21.89296">
				<ele>229.01</ele>
				<time>2026-08-06T17:47:28.494Z</time>
			</trkpt>
			<trkpt lat="39.25162" lon="21.89347">
				<ele>228.49</ele>
				<time>2026-08-06T17:47:30.337Z</time>
			</trkpt>
			<trkpt lat="39.25176" lon="21.89415">
				<ele>228.32</ele>
				<time>2026-08-06T17:47:32.759Z</time>
			</trkpt>
			<trkpt lat="39.25188" lon="21.89501">
				<ele>225.21</ele>
				<time>2026-08-06T17:47:35.779Z</time>
			</trkpt>
			<trkpt lat="39.25193" lon="21.89581">
				<ele>225.08</ele>
				<time>2026-08-06T17:47:38.566Z</time>
			</trkpt>
			<trkpt lat="39.25198" lon="21.89795">
				<ele>226.63</ele>
				<time>2026-08-06T17:47:46.063Z</time>
			</trkpt>
			<trkpt lat="39.252" lon="21.89833">
				<ele>223.75</ele>
				<time>2026-08-06T17:47:47.407Z</time>
			</trkpt>
			<trkpt lat="39.25204" lon="21.89868">
				<ele>222.92</ele>
				<time>2026-08-06T17:47:48.659Z</time>
			</trkpt>
			<trkpt lat="39.25212" lon="21.89902">
				<ele>223.17</ele>
				<time>2026-08-06T17:47:49.918Z</time>
			</trkpt>
			<trkpt lat="39.25219" lon="21.89923">
				<ele>223.1</ele>
				<time>2026-08-06T17:47:50.730Z</time>
			</trkpt>
			<trkpt lat="39.25235" lon="21.89959">
				<ele>223.03</ele>
				<time>2026-08-06T17:47:52.208Z</time>
			</trkpt>
			<trkpt lat="39.25291" lon="21.90052">
				<ele>220.05</ele>
				<time>2026-08-06T17:47:56.424Z</time>
			</trkpt>
			<trkpt lat="39.25347" lon="21.90134">
				<ele>215.96</ele>
				<time>2026-08-06T17:48:00.367Z</time>
			</trkpt>
			<trkpt lat="39.25371" lon="21.90174">
				<ele>215.97</ele>
				<time>2026-08-06T17:48:02.202Z</time>
			</trkpt>
			<trkpt lat="39.25389" lon="21.902">
				<ele>215.21</ele>
				<time>2026-08-06T17:48:03.471Z</time>
			</trkpt>
			<trkpt lat="39.25402" lon="21.90212">
				<ele>215.16</ele>
				<time>2026-08-06T17:48:04.224Z</time>
			</trkpt>
			<trkpt lat="39.256" lon="21.90328">
				<ele>208.69</ele>
				<time>2026-08-06T17:48:14.580Z</time>
			</trkpt>
			<trkpt lat="39.25759" lon="21.90427">
				<ele>205</ele>
				<time>2026-08-06T17:48:23.162Z</time>
			</trkpt>
			<trkpt lat="39.25843" lon="21.90481">
				<ele>204.64</ele>
				<time>2026-08-06T17:48:27.791Z</time>
			</trkpt>
			<trkpt lat="39.25909" lon="21.90532">
				<ele>200.25</ele>
				<time>2026-08-06T17:48:31.623Z</time>
			</trkpt>
			<trkpt lat="39.25978" lon="21.90574">
				<ele>196.55</ele>
				<time>2026-08-06T17:48:35.457Z</time>
			</trkpt>
			<trkpt lat="39.26021" lon="21.90587">
				<ele>197.31</ele>
				<time>2026-08-06T17:48:37.692Z</time>
			</trkpt>
			<trkpt lat="39.26362" lon="21.90631">
				<ele>194.99</ele>
				<time>2026-08-06T17:48:55.455Z</time>
			</trkpt>
			<trkpt lat="39.26571" lon="21.90665">
				<ele>189.03</ele>
				<time>2026-08-06T17:49:06.766Z</time>
			</trkpt>
			<trkpt lat="39.26632" lon="21.9067">
				<ele>188.87</ele>
				<time>2026-08-06T17:49:10.107Z</time>
			</trkpt>
			<trkpt lat="39.27002" lon="21.90658">
				<ele>185.02</ele>
				<time>2026-08-06T17:49:30.951Z</time>
			</trkpt>
			<trkpt lat="39.27085" lon="21.90644">
				<ele>182.92</ele>
				<time>2026-08-06T17:49:35.818Z</time>
			</trkpt>
			<trkpt lat="39.2732" lon="21.90578">
				<ele>178.67</ele>
				<time>2026-08-06T17:49:50.134Z</time>
			</trkpt>
			<trkpt lat="39.27581" lon="21.9051">
				<ele>174.5</ele>
				<time>2026-08-06T17:50:06.590Z</time>
			</trkpt>
			<trkpt lat="39.27607" lon="21.90508">
				<ele>175.22</ele>
				<time>2026-08-06T17:50:08.235Z</time>
			</trkpt>
			<trkpt lat="39.27627" lon="21.90509">
				<ele>177.07</ele>
				<time>2026-08-06T17:50:09.504Z</time>
			</trkpt>
			<trkpt lat="39.27673" lon="21.90531">
				<ele>178.12</ele>
				<time>2026-08-06T17:50:12.630Z</time>
			</trkpt>
			<trkpt lat="39.27738" lon="21.90576">
				<ele>174.27</ele>
				<time>2026-08-06T17:50:17.375Z</time>
			</trkpt>
			<trkpt lat="39.27783" lon="21.90611">
				<ele>168.75</ele>
				<time>2026-08-06T17:50:20.787Z</time>
			</trkpt>
			<trkpt lat="39.27797" lon="21.90616">
				<ele>168.03</ele>
				<time>2026-08-06T17:50:21.735Z</time>
			</trkpt>
			<trkpt lat="39.27814" lon="21.9062">
				<ele>167.45</ele>
				<time>2026-08-06T17:50:22.866Z</time>
			</trkpt>
			<trkpt lat="39.27864" lon="21.90627">
				<ele>166.62</ele>
				<time>2026-08-06T17:50:26.175Z</time>
			</trkpt>
			<trkpt lat="39.28259" lon="21.90663">
				<ele>163</ele>
				<time>2026-08-06T17:50:53.157Z</time>
			</trkpt>
			<trkpt lat="39.284" lon="21.90594">
				<ele>160.88</ele>
				<time>2026-08-06T17:51:03.882Z</time>
			</trkpt>
			<trkpt lat="39.28408" lon="21.9059">
				<ele>158.76</ele>
				<time>2026-08-06T17:51:04.500Z</time>
			</trkpt>
			<trkpt lat="39.28392" lon="21.90813">
				<ele>157.61</ele>
				<time>2026-08-06T17:51:17.169Z</time>
			</trkpt>
			<trkpt lat="39.28394" lon="21.90827">
				<ele>156.75</ele>
				<time>2026-08-06T17:51:17.987Z</time>
			</trkpt>
			<trkpt lat="39.28397" lon="21.90836">
				<ele>156.72</ele>
				<time>2026-08-06T17:51:18.550Z</time>
			</trkpt>
			<trkpt lat="39.28424" lon="21.9089">
				<ele>159.18</ele>
				<time>2026-08-06T17:51:22.263Z</time>
			</trkpt>
			<trkpt lat="39.28717" lon="21.91465">
				<ele>152.63</ele>
				<time>2026-08-06T17:52:03.722Z</time>
			</trkpt>
			<trkpt lat="39.29155" lon="21.92329">
				<ele>140.58</ele>
				<time>2026-08-06T17:52:55.271Z</time>
			</trkpt>
			<trkpt lat="39.29236" lon="21.9248">
				<ele>142.14</ele>
				<time>2026-08-06T17:53:03.423Z</time>
			</trkpt>
			<trkpt lat="39.29369" lon="21.92742">
				<ele>141.1</ele>
				<time>2026-08-06T17:53:16.928Z</time>
			</trkpt>
			<trkpt lat="39.2947" lon="21.92944">
				<ele>136.04</ele>
				<time>2026-08-06T17:53:27.081Z</time>
			</trkpt>
			<trkpt lat="39.29533" lon="21.93119">
				<ele>137.02</ele>
				<time>2026-08-06T17:53:35.179Z</time>
			</trkpt>
			<trkpt lat="39.29586" lon="21.93342">
				<ele>136.78</ele>
				<time>2026-08-06T17:53:44.991Z</time>
			</trkpt>
			<trkpt lat="39.29593" lon="21.93382">
				<ele>136.63</ele>
				<time>2026-08-06T17:53:46.725Z</time>
			</trkpt>
			<trkpt lat="39.29609" lon="21.93555">
				<ele>132.93</ele>
				<time>2026-08-06T17:53:54.150Z</time>
			</trkpt>
			<trkpt lat="39.29577" lon="21.93603">
				<ele>133.93</ele>
				<time>2026-08-06T17:53:56.876Z</time>
			</trkpt>
			<trkpt lat="39.29133" lon="21.94307">
				<ele>134.87</ele>
				<time>2026-08-06T17:54:37.527Z</time>
			</trkpt>
			<trkpt lat="39.29037" lon="21.94414">
				<ele>134.68</ele>
				<time>2026-08-06T17:54:44.772Z</time>
			</trkpt>
			<trkpt lat="39.28903" lon="21.94554">
				<ele>139.98</ele>
				<time>2026-08-06T17:54:54.522Z</time>
			</trkpt>
			<trkpt lat="39.28806" lon="21.94663">
				<ele>137.87</ele>
				<time>2026-08-06T17:55:01.732Z</time>
			</trkpt>
			<trkpt lat="39.28363" lon="21.95137">
				<ele>140.03</ele>
				<time>2026-08-06T17:55:33.535Z</time>
			</trkpt>
			<trkpt lat="39.28338" lon="21.95156">
				<ele>141.43</ele>
				<time>2026-08-06T17:55:35.127Z</time>
			</trkpt>
			<trkpt lat="39.28327" lon="21.95162">
				<ele>141.81</ele>
				<time>2026-08-06T17:55:35.782Z</time>
			</trkpt>
			<trkpt lat="39.27381" lon="21.95492">
				<ele>151.06</ele>
				<time>2026-08-06T17:56:29.807Z</time>
			</trkpt>
			<trkpt lat="39.27348" lon="21.95497">
				<ele>151.55</ele>
				<time>2026-08-06T17:56:31.668Z</time>
			</trkpt>
			<trkpt lat="39.27327" lon="21.95502">
				<ele>152.12</ele>
				<time>2026-08-06T17:56:32.867Z</time>
			</trkpt>
			<trkpt lat="39.27292" lon="21.95514">
				<ele>152.68</ele>
				<time>2026-08-06T17:56:34.902Z</time>
			</trkpt>
			<trkpt lat="39.27272" lon="21.95527">
				<ele>152.24</ele>
				<time>2026-08-06T17:56:36.162Z</time>
			</trkpt>
			<trkpt lat="39.27254" lon="21.9554">
				<ele>152.52</ele>
				<time>2026-08-06T17:56:37.325Z</time>
			</trkpt>
			<trkpt lat="39.27237" lon="21.95559">
				<ele>151.63</ele>
				<time>2026-08-06T17:56:38.594Z</time>
			</trkpt>
			<trkpt lat="39.2722" lon="21.95585">
				<ele>150.94</ele>
				<time>2026-08-06T17:56:40.083Z</time>
			</trkpt>
			<trkpt lat="39.27202" lon="21.95618">
				<ele>150.03</ele>
				<time>2026-08-06T17:56:41.853Z</time>
			</trkpt>
			<trkpt lat="39.27192" lon="21.95645">
				<ele>149.27</ele>
				<time>2026-08-06T17:56:43.167Z</time>
			</trkpt>
			<trkpt lat="39.2684" lon="21.96211">
				<ele>156.3</ele>
				<time>2026-08-06T17:57:15.772Z</time>
			</trkpt>
			<trkpt lat="39.26738" lon="21.96209">
				<ele>157.38</ele>
				<time>2026-08-06T17:57:21.866Z</time>
			</trkpt>
			<trkpt lat="39.26546" lon="21.9621">
				<ele>159.76</ele>
				<time>2026-08-06T17:57:33.510Z</time>
			</trkpt>
			<trkpt lat="39.26139" lon="21.96199">
				<ele>165.16</ele>
				<time>2026-08-06T17:57:59.065Z</time>
			</trkpt>
			<trkpt lat="39.26113" lon="21.962">
				<ele>167.04</ele>
				<time>2026-08-06T17:58:00.739Z</time>
			</trkpt>
			<trkpt lat="39.26072" lon="21.96207">
				<ele>169.38</ele>
				<time>2026-08-06T17:58:03.410Z</time>
			</trkpt>
			<trkpt lat="39.26026" lon="21.9622">
				<ele>169.99</ele>
				<time>2026-08-06T17:58:06.465Z</time>
			</trkpt>
			<trkpt lat="39.25983" lon="21.9623">
				<ele>169.29</ele>
				<time>2026-08-06T17:58:09.313Z</time>
			</trkpt>
			<trkpt lat="39.25845" lon="21.96237">
				<ele>174.15</ele>
				<time>2026-08-06T17:58:18.394Z</time>
			</trkpt>
			<trkpt lat="39.25765" lon="21.96247">
				<ele>178</ele>
				<time>2026-08-06T17:58:23.732Z</time>
			</trkpt>
			<trkpt lat="39.25705" lon="21.96271">
				<ele>177</ele>
				<time>2026-08-06T17:58:27.930Z</time>
			</trkpt>
			<trkpt lat="39.25659" lon="21.96284">
				<ele>177</ele>
				<time>2026-08-06T17:58:31.091Z</time>
			</trkpt>
			<trkpt lat="39.25631" lon="21.96289">
				<ele>177</ele>
				<time>2026-08-06T17:58:32.994Z</time>
			</trkpt>
			<trkpt lat="39.25525" lon="21.96295">
				<ele>178.91</ele>
				<time>2026-08-06T17:58:40.176Z</time>
			</trkpt>
			<trkpt lat="39.25513" lon="21.96298">
				<ele>178.49</ele>
				<time>2026-08-06T17:58:41.007Z</time>
			</trkpt>
			<trkpt lat="39.25466" lon="21.96305">
				<ele>177.2</ele>
				<time>2026-08-06T17:58:44.231Z</time>
			</trkpt>
			<trkpt lat="39.25433" lon="21.96307">
				<ele>178.37</ele>
				<time>2026-08-06T17:58:46.489Z</time>
			</trkpt>
			<trkpt lat="39.25328" lon="21.963">
				<ele>182.53</ele>
				<time>2026-08-06T17:58:53.706Z</time>
			</trkpt>
			<trkpt lat="39.25258" lon="21.96291">
				<ele>185.35</ele>
				<time>2026-08-06T17:58:58.563Z</time>
			</trkpt>
			<trkpt lat="39.25145" lon="21.96266">
				<ele>188.08</ele>
				<time>2026-08-06T17:59:06.520Z</time>
			</trkpt>
			<trkpt lat="39.25126" lon="21.96263">
				<ele>188.51</ele>
				<time>2026-08-06T17:59:07.854Z</time>
			</trkpt>
			<trkpt lat="39.25093" lon="21.96261">
				<ele>188.22</ele>
				<time>2026-08-06T17:59:10.159Z</time>
			</trkpt>
			<trkpt lat="39.25057" lon="21.96254">
				<ele>188.15</ele>
				<time>2026-08-06T17:59:12.703Z</time>
			</trkpt>
			<trkpt lat="39.24985" lon="21.96229">
				<ele>189.39</ele>
				<time>2026-08-06T17:59:17.929Z</time>
			</trkpt>
			<trkpt lat="39.24959" lon="21.96217">
				<ele>190.54</ele>
				<time>2026-08-06T17:59:19.868Z</time>
			</trkpt>
			<trkpt lat="39.24852" lon="21.96182">
				<ele>191.44</ele>
				<time>2026-08-06T17:59:27.646Z</time>
			</trkpt>
			<trkpt lat="39.2479" lon="21.96153">
				<ele>194.71</ele>
				<time>2026-08-06T17:59:32.309Z</time>
			</trkpt>
			<trkpt lat="39.24703" lon="21.96117">
				<ele>196.16</ele>
				<time>2026-08-06T17:59:38.789Z</time>
			</trkpt>
			<trkpt lat="39.24482" lon="21.9603">
				<ele>203.11</ele>
				<time>2026-08-06T17:59:55.255Z</time>
			</trkpt>
			<trkpt lat="39.24445" lon="21.96017">
				<ele>205.55</ele>
				<time>2026-08-06T17:59:57.998Z</time>
			</trkpt>
			<trkpt lat="39.24388" lon="21.96002">
				<ele>205.14</ele>
				<time>2026-08-06T18:00:02.162Z</time>
			</trkpt>
			<trkpt lat="39.2434" lon="21.9598">
				<ele>202.54</ele>
				<time>2026-08-06T18:00:05.811Z</time>
			</trkpt>
			<trkpt lat="39.24279" lon="21.95947">
				<ele>204.76</ele>
				<time>2026-08-06T18:00:10.555Z</time>
			</trkpt>
			<trkpt lat="39.24263" lon="21.95935">
				<ele>206.05</ele>
				<time>2026-08-06T18:00:11.883Z</time>
			</trkpt>
			<trkpt lat="39.24219" lon="21.95887">
				<ele>206</ele>
				<time>2026-08-06T18:00:16.018Z</time>
			</trkpt>
			<trkpt lat="39.24205" lon="21.95874">
				<ele>206</ele>
				<time>2026-08-06T18:00:17.256Z</time>
			</trkpt>
			<trkpt lat="39.24181" lon="21.9586">
				<ele>206.49</ele>
				<time>2026-08-06T18:00:19.148Z</time>
			</trkpt>
			<trkpt lat="39.24006" lon="21.95789">
				<ele>209.89</ele>
				<time>2026-08-06T18:00:32.332Z</time>
			</trkpt>
			<trkpt lat="39.23931" lon="21.95729">
				<ele>209.39</ele>
				<time>2026-08-06T18:00:38.674Z</time>
			</trkpt>
			<trkpt lat="39.23907" lon="21.95713">
				<ele>210.61</ele>
				<time>2026-08-06T18:00:40.615Z</time>
			</trkpt>
			<trkpt lat="39.23839" lon="21.9568">
				<ele>226.67</ele>
				<time>2026-08-06T18:00:45.834Z</time>
			</trkpt>
			<trkpt lat="39.23819" lon="21.95665">
				<ele>229.21</ele>
				<time>2026-08-06T18:00:47.495Z</time>
			</trkpt>
			<trkpt lat="39.23756" lon="21.956">
				<ele>221.52</ele>
				<time>2026-08-06T18:00:53.284Z</time>
			</trkpt>
			<trkpt lat="39.23712" lon="21.95532">
				<ele>219.38</ele>
				<time>2026-08-06T18:00:58.205Z</time>
			</trkpt>
			<trkpt lat="39.23567" lon="21.95369">
				<ele>224.73</ele>
				<time>2026-08-06T18:01:11.958Z</time>
			</trkpt>
			<trkpt lat="39.23542" lon="21.95339">
				<ele>225.31</ele>
				<time>2026-08-06T18:01:14.394Z</time>
			</trkpt>
			<trkpt lat="39.23447" lon="21.95246">
				<ele>227.8</ele>
				<time>2026-08-06T18:01:22.883Z</time>
			</trkpt>
			<trkpt lat="39.23354" lon="21.95169">
				<ele>229.59</ele>
				<time>2026-08-06T18:01:30.720Z</time>
			</trkpt>
			<trkpt lat="39.23257" lon="21.9509">
				<ele>231.75</ele>
				<time>2026-08-06T18:01:38.823Z</time>
			</trkpt>
			<trkpt lat="39.2322" lon="21.95068">
				<ele>232.07</ele>
				<time>2026-08-06T18:01:41.692Z</time>
			</trkpt>
			<trkpt lat="39.23168" lon="21.95046">
				<ele>234.26</ele>
				<time>2026-08-06T18:01:45.537Z</time>
			</trkpt>
			<trkpt lat="39.23122" lon="21.9503">
				<ele>237.95</ele>
				<time>2026-08-06T18:01:48.877Z</time>
			</trkpt>
			<trkpt lat="39.23064" lon="21.95014">
				<ele>238</ele>
				<time>2026-08-06T18:01:53.024Z</time>
			</trkpt>
			<trkpt lat="39.23035" lon="21.94996">
				<ele>237.76</ele>
				<time>2026-08-06T18:01:55.269Z</time>
			</trkpt>
			<trkpt lat="39.23007" lon="21.94994">
				<ele>240.44</ele>
				<time>2026-08-06T18:01:57.222Z</time>
			</trkpt>
			<trkpt lat="39.22987" lon="21.94986">
				<ele>243.32</ele>
				<time>2026-08-06T18:01:58.678Z</time>
			</trkpt>
			<trkpt lat="39.22982" lon="21.94982">
				<ele>243.93</ele>
				<time>2026-08-06T18:01:59.087Z</time>
			</trkpt>
			<trkpt lat="39.22972" lon="21.9497">
				<ele>244.93</ele>
				<time>2026-08-06T18:02:00.036Z</time>
			</trkpt>
			<trkpt lat="39.22966" lon="21.94958">
				<ele>244.98</ele>
				<time>2026-08-06T18:02:00.804Z</time>
			</trkpt>
			<trkpt lat="39.22965" lon="21.94951">
				<ele>245</ele>
				<time>2026-08-06T18:02:01.186Z</time>
			</trkpt>
			<trkpt lat="39.22966" lon="21.94891">
				<ele>244.26</ele>
				<time>2026-08-06T18:02:04.407Z</time>
			</trkpt>
			<trkpt lat="39.22962" lon="21.94871">
				<ele>243.06</ele>
				<time>2026-08-06T18:02:05.513Z</time>
			</trkpt>
			<trkpt lat="39.22938" lon="21.9482">
				<ele>243.42</ele>
				<time>2026-08-06T18:02:08.703Z</time>
			</trkpt>
			<trkpt lat="39.22932" lon="21.94797">
				<ele>244.66</ele>
				<time>2026-08-06T18:02:09.998Z</time>
			</trkpt>
			<trkpt lat="39.22933" lon="21.94785">
				<ele>243.71</ele>
				<time>2026-08-06T18:02:10.642Z</time>
			</trkpt>
			<trkpt lat="39.22947" lon="21.9475">
				<ele>238.35</ele>
				<time>2026-08-06T18:02:12.739Z</time>
			</trkpt>
			<trkpt lat="39.22949" lon="21.94733">
				<ele>236.54</ele>
				<time>2026-08-06T18:02:13.653Z</time>
			</trkpt>
			<trkpt lat="39.22947" lon="21.94708">
				<ele>237.18</ele>
				<time>2026-08-06T18:02:14.988Z</time>
			</trkpt>
			<trkpt lat="39.22943" lon="21.94692">
				<ele>238.05</ele>
				<time>2026-08-06T18:02:15.880Z</time>
			</trkpt>
			<trkpt lat="39.22936" lon="21.94683">
				<ele>238.71</ele>
				<time>2026-08-06T18:02:16.556Z</time>
			</trkpt>
			<trkpt lat="39.2292" lon="21.94672">
				<ele>240.92</ele>
				<time>2026-08-06T18:02:17.795Z</time>
			</trkpt>
			<trkpt lat="39.22903" lon="21.94666">
				<ele>242.36</ele>
				<time>2026-08-06T18:02:18.998Z</time>
			</trkpt>
			<trkpt lat="39.22888" lon="21.94664">
				<ele>243.65</ele>
				<time>2026-08-06T18:02:20.027Z</time>
			</trkpt>
			<trkpt lat="39.22879" lon="21.94658">
				<ele>243.45</ele>
				<time>2026-08-06T18:02:20.717Z</time>
			</trkpt>
			<trkpt lat="39.22872" lon="21.94645">
				<ele>242.17</ele>
				<time>2026-08-06T18:02:21.552Z</time>
			</trkpt>
			<trkpt lat="39.22866" lon="21.94622">
				<ele>239.26</ele>
				<time>2026-08-06T18:02:22.830Z</time>
			</trkpt>
			<trkpt lat="39.22857" lon="21.94606">
				<ele>237.49</ele>
				<time>2026-08-06T18:02:23.871Z</time>
			</trkpt>
			<trkpt lat="39.22846" lon="21.94598">
				<ele>237.33</ele>
				<time>2026-08-06T18:02:24.727Z</time>
			</trkpt>
			<trkpt lat="39.22824" lon="21.94589">
				<ele>239.63</ele>
				<time>2026-08-06T18:02:26.291Z</time>
			</trkpt>
			<trkpt lat="39.22815" lon="21.94583">
				<ele>240.66</ele>
				<time>2026-08-06T18:02:26.977Z</time>
			</trkpt>
			<trkpt lat="39.22803" lon="21.94539">
				<ele>238.91</ele>
				<time>2026-08-06T18:02:29.418Z</time>
			</trkpt>
			<trkpt lat="39.22795" lon="21.94521">
				<ele>240.44</ele>
				<time>2026-08-06T18:02:30.502Z</time>
			</trkpt>
			<trkpt lat="39.22787" lon="21.94511">
				<ele>243.2</ele>
				<time>2026-08-06T18:02:31.251Z</time>
			</trkpt>
			<trkpt lat="39.22785" lon="21.94508">
				<ele>243.47</ele>
				<time>2026-08-06T18:02:31.458Z</time>
			</trkpt>
			<trkpt lat="39.22785" lon="21.94501">
				<ele>242.95</ele>
				<time>2026-08-06T18:02:31.823Z</time>
			</trkpt>
			<trkpt lat="39.22795" lon="21.94455">
				<ele>237.61</ele>
				<time>2026-08-06T18:02:34.309Z</time>
			</trkpt>
			<trkpt lat="39.22806" lon="21.94373">
				<ele>233.98</ele>
				<time>2026-08-06T18:02:38.621Z</time>
			</trkpt>
			<trkpt lat="39.22806" lon="21.94335">
				<ele>233.79</ele>
				<time>2026-08-06T18:02:40.582Z</time>
			</trkpt>
			<trkpt lat="39.22789" lon="21.94222">
				<ele>236.12</ele>
				<time>2026-08-06T18:02:46.491Z</time>
			</trkpt>
			<trkpt lat="39.22778" lon="21.94181">
				<ele>237.93</ele>
				<time>2026-08-06T18:02:48.706Z</time>
			</trkpt>
			<trkpt lat="39.2277" lon="21.94166">
				<ele>239.62</ele>
				<time>2026-08-06T18:02:49.634Z</time>
			</trkpt>
			<trkpt lat="39.22761" lon="21.94153">
				<ele>240.59</ele>
				<time>2026-08-06T18:02:50.521Z</time>
			</trkpt>
			<trkpt lat="39.22751" lon="21.94144">
				<ele>241.92</ele>
				<time>2026-08-06T18:02:51.321Z</time>
			</trkpt>
			<trkpt lat="39.22738" lon="21.94136">
				<ele>242.67</ele>
				<time>2026-08-06T18:02:52.264Z</time>
			</trkpt>
			<trkpt lat="39.22643" lon="21.94095">
				<ele>245.98</ele>
				<time>2026-08-06T18:02:58.788Z</time>
			</trkpt>
			<trkpt lat="39.22625" lon="21.94086">
				<ele>246.9</ele>
				<time>2026-08-06T18:03:00.038Z</time>
			</trkpt>
			<trkpt lat="39.22613" lon="21.94077">
				<ele>247.28</ele>
				<time>2026-08-06T18:03:00.935Z</time>
			</trkpt>
			<trkpt lat="39.22604" lon="21.94063">
				<ele>248.44</ele>
				<time>2026-08-06T18:03:01.844Z</time>
			</trkpt>
			<trkpt lat="39.22553" lon="21.93962">
				<ele>249.97</ele>
				<time>2026-08-06T18:03:07.837Z</time>
			</trkpt>
			<trkpt lat="39.22486" lon="21.93843">
				<ele>255.08</ele>
				<time>2026-08-06T18:03:15.050Z</time>
			</trkpt>
			<trkpt lat="39.22466" lon="21.93814">
				<ele>256.35</ele>
				<time>2026-08-06T18:03:16.920Z</time>
			</trkpt>
			<trkpt lat="39.22389" lon="21.93731">
				<ele>257.98</ele>
				<time>2026-08-06T18:03:23.044Z</time>
			</trkpt>
			<trkpt lat="39.22338" lon="21.93686">
				<ele>255.77</ele>
				<time>2026-08-06T18:03:26.734Z</time>
			</trkpt>
			<trkpt lat="39.22317" lon="21.93675">
				<ele>255.33</ele>
				<time>2026-08-06T18:03:28.073Z</time>
			</trkpt>
			<trkpt lat="39.22224" lon="21.93642">
				<ele>256.04</ele>
				<time>2026-08-06T18:03:33.690Z</time>
			</trkpt>
			<trkpt lat="39.22204" lon="21.93633">
				<ele>256.92</ele>
				<time>2026-08-06T18:03:34.907Z</time>
			</trkpt>
			<trkpt lat="39.22133" lon="21.93594">
				<ele>260.93</ele>
				<time>2026-08-06T18:03:39.290Z</time>
			</trkpt>
			<trkpt lat="39.22105" lon="21.93584">
				<ele>261.71</ele>
				<time>2026-08-06T18:03:40.922Z</time>
			</trkpt>
			<trkpt lat="39.22095" lon="21.93578">
				<ele>262.08</ele>
				<time>2026-08-06T18:03:41.539Z</time>
			</trkpt>
			<trkpt lat="39.22084" lon="21.93565">
				<ele>261.98</ele>
				<time>2026-08-06T18:03:42.371Z</time>
			</trkpt>
			<trkpt lat="39.22075" lon="21.93541">
				<ele>261.45</ele>
				<time>2026-08-06T18:03:43.520Z</time>
			</trkpt>
			<trkpt lat="39.22064" lon="21.93505">
				<ele>262.19</ele>
				<time>2026-08-06T18:03:45.179Z</time>
			</trkpt>
			<trkpt lat="39.22052" lon="21.93475">
				<ele>261.47</ele>
				<time>2026-08-06T18:03:46.619Z</time>
			</trkpt>
			<trkpt lat="39.22034" lon="21.93448">
				<ele>259.25</ele>
				<time>2026-08-06T18:03:48.131Z</time>
			</trkpt>
			<trkpt lat="39.22016" lon="21.93434">
				<ele>258.75</ele>
				<time>2026-08-06T18:03:49.278Z</time>
			</trkpt>
			<trkpt lat="39.21977" lon="21.93417">
				<ele>260.51</ele>
				<time>2026-08-06T18:03:51.513Z</time>
			</trkpt>
			<trkpt lat="39.21925" lon="21.934">
				<ele>258.37</ele>
				<time>2026-08-06T18:03:54.404Z</time>
			</trkpt>
			<trkpt lat="39.21846" lon="21.93365">
				<ele>268.4</ele>
				<time>2026-08-06T18:03:58.864Z</time>
			</trkpt>
			<trkpt lat="39.21803" lon="21.93339">
				<ele>266.54</ele>
				<time>2026-08-06T18:04:01.379Z</time>
			</trkpt>
			<trkpt lat="39.21786" lon="21.93332">
				<ele>266.17</ele>
				<time>2026-08-06T18:04:02.320Z</time>
			</trkpt>
			<trkpt lat="39.2177" lon="21.9333">
				<ele>267.11</ele>
				<time>2026-08-06T18:04:03.167Z</time>
			</trkpt>
			<trkpt lat="39.21724" lon="21.93335">
				<ele>270.24</ele>
				<time>2026-08-06T18:04:05.593Z</time>
			</trkpt>
			<trkpt lat="39.21687" lon="21.93336">
				<ele>267.68</ele>
				<time>2026-08-06T18:04:07.530Z</time>
			</trkpt>
			<trkpt lat="39.21636" lon="21.93326">
				<ele>272.98</ele>
				<time>2026-08-06T18:04:10.223Z</time>
			</trkpt>
			<trkpt lat="39.21586" lon="21.93287">
				<ele>268.24</ele>
				<time>2026-08-06T18:04:13.263Z</time>
			</trkpt>
			<trkpt lat="39.21548" lon="21.93269">
				<ele>266.2</ele>
				<time>2026-08-06T18:04:15.365Z</time>
			</trkpt>
			<trkpt lat="39.21522" lon="21.93265">
				<ele>270.45</ele>
				<time>2026-08-06T18:04:16.723Z</time>
			</trkpt>
			<trkpt lat="39.21477" lon="21.93269">
				<ele>273.65</ele>
				<time>2026-08-06T18:04:19.061Z</time>
			</trkpt>
			<trkpt lat="39.21438" lon="21.93277">
				<ele>272.99</ele>
				<time>2026-08-06T18:04:21.108Z</time>
			</trkpt>
			<trkpt lat="39.21416" lon="21.93284">
				<ele>271.23</ele>
				<time>2026-08-06T18:04:22.282Z</time>
			</trkpt>
			<trkpt lat="39.2133" lon="21.93332">
				<ele>281.49</ele>
				<time>2026-08-06T18:04:27.143Z</time>
			</trkpt>
			<trkpt lat="39.21317" lon="21.93334">
				<ele>282.16</ele>
				<time>2026-08-06T18:04:27.824Z</time>
			</trkpt>
			<trkpt lat="39.21299" lon="21.93333">
				<ele>283.05</ele>
				<time>2026-08-06T18:04:28.760Z</time>
			</trkpt>
			<trkpt lat="39.21265" lon="21.93321">
				<ele>286.9</ele>
				<time>2026-08-06T18:04:30.596Z</time>
			</trkpt>
			<trkpt lat="39.21242" lon="21.93317">
				<ele>287.1</ele>
				<time>2026-08-06T18:04:31.806Z</time>
			</trkpt>
			<trkpt lat="39.21222" lon="21.93319">
				<ele>286.01</ele>
				<time>2026-08-06T18:04:32.854Z</time>
			</trkpt>
			<trkpt lat="39.21195" lon="21.93329">
				<ele>284.24</ele>
				<time>2026-08-06T18:04:34.324Z</time>
			</trkpt>
			<trkpt lat="39.21177" lon="21.93338">
				<ele>283.23</ele>
				<time>2026-08-06T18:04:35.335Z</time>
			</trkpt>
			<trkpt lat="39.21143" lon="21.93371">
				<ele>288.73</ele>
				<time>2026-08-06T18:04:37.571Z</time>
			</trkpt>
			<trkpt lat="39.21079" lon="21.93422">
				<ele>295.1</ele>
				<time>2026-08-06T18:04:41.547Z</time>
			</trkpt>
			<trkpt lat="39.21039" lon="21.93449">
				<ele>291.8</ele>
				<time>2026-08-06T18:04:43.950Z</time>
			</trkpt>
			<trkpt lat="39.2101" lon="21.93476">
				<ele>289.73</ele>
				<time>2026-08-06T18:04:45.863Z</time>
			</trkpt>
			<trkpt lat="39.20952" lon="21.93534">
				<ele>294.61</ele>
				<time>2026-08-06T18:04:49.820Z</time>
			</trkpt>
			<trkpt lat="39.20909" lon="21.93562">
				<ele>296.82</ele>
				<time>2026-08-06T18:04:52.441Z</time>
			</trkpt>
			<trkpt lat="39.20868" lon="21.93581">
				<ele>294.96</ele>
				<time>2026-08-06T18:04:54.831Z</time>
			</trkpt>
			<trkpt lat="39.20842" lon="21.93597">
				<ele>292.45</ele>
				<time>2026-08-06T18:04:56.421Z</time>
			</trkpt>
			<trkpt lat="39.20822" lon="21.93618">
				<ele>293.03</ele>
				<time>2026-08-06T18:04:57.852Z</time>
			</trkpt>
			<trkpt lat="39.20805" lon="21.93657">
				<ele>299</ele>
				<time>2026-08-06T18:04:59.788Z</time>
			</trkpt>
			<trkpt lat="39.20792" lon="21.93678">
				<ele>302.6</ele>
				<time>2026-08-06T18:05:00.957Z</time>
			</trkpt>
			<trkpt lat="39.20768" lon="21.9371">
				<ele>306.8</ele>
				<time>2026-08-06T18:05:02.906Z</time>
			</trkpt>
			<trkpt lat="39.20754" lon="21.93725">
				<ele>308.43</ele>
				<time>2026-08-06T18:05:03.939Z</time>
			</trkpt>
			<trkpt lat="39.20735" lon="21.93736">
				<ele>309.08</ele>
				<time>2026-08-06T18:05:05.126Z</time>
			</trkpt>
			<trkpt lat="39.20721" lon="21.9374">
				<ele>308.54</ele>
				<time>2026-08-06T18:05:05.947Z</time>
			</trkpt>
			<trkpt lat="39.2066" lon="21.93739">
				<ele>309.39</ele>
				<time>2026-08-06T18:05:09.470Z</time>
			</trkpt>
			<trkpt lat="39.20645" lon="21.9374">
				<ele>309.41</ele>
				<time>2026-08-06T18:05:10.345Z</time>
			</trkpt>
			<trkpt lat="39.20629" lon="21.93746">
				<ele>307.29</ele>
				<time>2026-08-06T18:05:11.320Z</time>
			</trkpt>
			<trkpt lat="39.20614" lon="21.93761">
				<ele>304.98</ele>
				<time>2026-08-06T18:05:12.434Z</time>
			</trkpt>
			<trkpt lat="39.20582" lon="21.93802">
				<ele>307.92</ele>
				<time>2026-08-06T18:05:15.105Z</time>
			</trkpt>
			<trkpt lat="39.20551" lon="21.93838">
				<ele>310.34</ele>
				<time>2026-08-06T18:05:17.602Z</time>
			</trkpt>
			<trkpt lat="39.20533" lon="21.9385">
				<ele>306.98</ele>
				<time>2026-08-06T18:05:18.826Z</time>
			</trkpt>
			<trkpt lat="39.20517" lon="21.93857">
				<ele>304.35</ele>
				<time>2026-08-06T18:05:19.851Z</time>
			</trkpt>
			<trkpt lat="39.20504" lon="21.93869">
				<ele>303.38</ele>
				<time>2026-08-06T18:05:20.825Z</time>
			</trkpt>
			<trkpt lat="39.20496" lon="21.93882">
				<ele>304.54</ele>
				<time>2026-08-06T18:05:21.613Z</time>
			</trkpt>
			<trkpt lat="39.20488" lon="21.93902">
				<ele>308.07</ele>
				<time>2026-08-06T18:05:22.684Z</time>
			</trkpt>
			<trkpt lat="39.2048" lon="21.93915">
				<ele>309.26</ele>
				<time>2026-08-06T18:05:23.478Z</time>
			</trkpt>
			<trkpt lat="39.2047" lon="21.93919">
				<ele>308.56</ele>
				<time>2026-08-06T18:05:24.127Z</time>
			</trkpt>
			<trkpt lat="39.20388" lon="21.93913">
				<ele>312.34</ele>
				<time>2026-08-06T18:05:29.281Z</time>
			</trkpt>
			<trkpt lat="39.20361" lon="21.93915">
				<ele>306.96</ele>
				<time>2026-08-06T18:05:31.006Z</time>
			</trkpt>
			<trkpt lat="39.20326" lon="21.93932">
				<ele>311.22</ele>
				<time>2026-08-06T18:05:33.414Z</time>
			</trkpt>
			<trkpt lat="39.20301" lon="21.93939">
				<ele>314</ele>
				<time>2026-08-06T18:05:35.077Z</time>
			</trkpt>
			<trkpt lat="39.20277" lon="21.9394">
				<ele>316.51</ele>
				<time>2026-08-06T18:05:36.651Z</time>
			</trkpt>
			<trkpt lat="39.20228" lon="21.93937">
				<ele>312.41</ele>
				<time>2026-08-06T18:05:39.902Z</time>
			</trkpt>
			<trkpt lat="39.20195" lon="21.93929">
				<ele>310.89</ele>
				<time>2026-08-06T18:05:42.157Z</time>
			</trkpt>
			<trkpt lat="39.20191" lon="21.93924">
				<ele>310.47</ele>
				<time>2026-08-06T18:05:42.534Z</time>
			</trkpt>
			<trkpt lat="39.20182" lon="21.93909">
				<ele>310.99</ele>
				<time>2026-08-06T18:05:43.530Z</time>
			</trkpt>
			<trkpt lat="39.20183" lon="21.93904">
				<ele>311.64</ele>
				<time>2026-08-06T18:05:43.803Z</time>
			</trkpt>
			<trkpt lat="39.20187" lon="21.93898">
				<ele>312.25</ele>
				<time>2026-08-06T18:05:44.221Z</time>
			</trkpt>
			<trkpt lat="39.20198" lon="21.93891">
				<ele>312.29</ele>
				<time>2026-08-06T18:05:45.059Z</time>
			</trkpt>
			<trkpt lat="39.20263" lon="21.93857">
				<ele>314.9</ele>
				<time>2026-08-06T18:05:49.918Z</time>
			</trkpt>
			<trkpt lat="39.20266" lon="21.93848">
				<ele>317.75</ele>
				<time>2026-08-06T18:05:50.451Z</time>
			</trkpt>
			<trkpt lat="39.20264" lon="21.93842">
				<ele>320.14</ele>
				<time>2026-08-06T18:05:50.807Z</time>
			</trkpt>
			<trkpt lat="39.20258" lon="21.93839">
				<ele>321.7</ele>
				<time>2026-08-06T18:05:51.260Z</time>
			</trkpt>
			<trkpt lat="39.20225" lon="21.93858">
				<ele>316.69</ele>
				<time>2026-08-06T18:05:53.825Z</time>
			</trkpt>
			<trkpt lat="39.20218" lon="21.93861">
				<ele>316.35</ele>
				<time>2026-08-06T18:05:54.353Z</time>
			</trkpt>
			<trkpt lat="39.20191" lon="21.93859">
				<ele>319.48</ele>
				<time>2026-08-06T18:05:56.298Z</time>
			</trkpt>
			<trkpt lat="39.20157" lon="21.93851">
				<ele>323.17</ele>
				<time>2026-08-06T18:05:58.811Z</time>
			</trkpt>
			<trkpt lat="39.20125" lon="21.93822">
				<ele>330.6</ele>
				<time>2026-08-06T18:06:01.691Z</time>
			</trkpt>
			<trkpt lat="39.20091" lon="21.93774">
				<ele>338.73</ele>
				<time>2026-08-06T18:06:05.462Z</time>
			</trkpt>
			<trkpt lat="39.20074" lon="21.93762">
				<ele>339.5</ele>
				<time>2026-08-06T18:06:06.929Z</time>
			</trkpt>
			<trkpt lat="39.20038" lon="21.93746">
				<ele>339.17</ele>
				<time>2026-08-06T18:06:09.844Z</time>
			</trkpt>
			<trkpt lat="39.20032" lon="21.93742">
				<ele>340.02</ele>
				<time>2026-08-06T18:06:10.365Z</time>
			</trkpt>
			<trkpt lat="39.20028" lon="21.93736">
				<ele>341.43</ele>
				<time>2026-08-06T18:06:10.839Z</time>
			</trkpt>
			<trkpt lat="39.20027" lon="21.9373">
				<ele>343.18</ele>
				<time>2026-08-06T18:06:11.208Z</time>
			</trkpt>
			<trkpt lat="39.2003" lon="21.93724">
				<ele>345.48</ele>
				<time>2026-08-06T18:06:11.637Z</time>
			</trkpt>
			<trkpt lat="39.20036" lon="21.93723">
				<ele>346.32</ele>
				<time>2026-08-06T18:06:12.108Z</time>
			</trkpt>
			<trkpt lat="39.20098" lon="21.93731">
				<ele>352.27</ele>
				<time>2026-08-06T18:06:17.016Z</time>
			</trkpt>
			<trkpt lat="39.20112" lon="21.93734">
				<ele>354.13</ele>
				<time>2026-08-06T18:06:18.149Z</time>
			</trkpt>
			<trkpt lat="39.20134" lon="21.93748">
				<ele>352.82</ele>
				<time>2026-08-06T18:06:20.123Z</time>
			</trkpt>
			<trkpt lat="39.20146" lon="21.93753">
				<ele>352.89</ele>
				<time>2026-08-06T18:06:21.145Z</time>
			</trkpt>
			<trkpt lat="39.20161" lon="21.93755">
				<ele>353.59</ele>
				<time>2026-08-06T18:06:22.411Z</time>
			</trkpt>
			<trkpt lat="39.20206" lon="21.93753">
				<ele>352.35</ele>
				<time>2026-08-06T18:06:26.544Z</time>
			</trkpt>
			<trkpt lat="39.20218" lon="21.93746">
				<ele>355.25</ele>
				<time>2026-08-06T18:06:27.837Z</time>
			</trkpt>
			<trkpt lat="39.2022" lon="21.93705">
				<ele>362.18</ele>
				<time>2026-08-06T18:06:31.085Z</time>
			</trkpt>
			<trkpt lat="39.20215" lon="21.93684">
				<ele>363.23</ele>
				<time>2026-08-06T18:06:32.878Z</time>
			</trkpt>
			<trkpt lat="39.20191" lon="21.93628">
				<ele>364.69</ele>
				<time>2026-08-06T18:06:38.239Z</time>
			</trkpt>
			<trkpt lat="39.20186" lon="21.93619">
				<ele>365.61</ele>
				<time>2026-08-06T18:06:39.177Z</time>
			</trkpt>
			<trkpt lat="39.20175" lon="21.9361">
				<ele>367</ele>
				<time>2026-08-06T18:06:40.601Z</time>
			</trkpt>
			<trkpt lat="39.20149" lon="21.93593">
				<ele>369.01</ele>
				<time>2026-08-06T18:06:43.772Z</time>
			</trkpt>
			<trkpt lat="39.20114" lon="21.93559">
				<ele>373.34</ele>
				<time>2026-08-06T18:06:48.421Z</time>
			</trkpt>
			<trkpt lat="39.20082" lon="21.93525">
				<ele>376.92</ele>
				<time>2026-08-06T18:06:52.668Z</time>
			</trkpt>
			<trkpt lat="39.20049" lon="21.93483">
				<ele>378.91</ele>
				<time>2026-08-06T18:06:57.409Z</time>
			</trkpt>
			<trkpt lat="39.20042" lon="21.93482">
				<ele>379.26</ele>
				<time>2026-08-06T18:06:58.130Z</time>
			</trkpt>
			<trkpt lat="39.20036" lon="21.93485">
				<ele>379.55</ele>
				<time>2026-08-06T18:06:58.788Z</time>
			</trkpt>
			<trkpt lat="39.2002" lon="21.93502">
				<ele>380.61</ele>
				<time>2026-08-06T18:07:00.908Z</time>
			</trkpt>
			<trkpt lat="39.20005" lon="21.93512">
				<ele>381.18</ele>
				<time>2026-08-06T18:07:02.635Z</time>
			</trkpt>
			<trkpt lat="39.19999" lon="21.93509">
				<ele>382.03</ele>
				<time>2026-08-06T18:07:03.293Z</time>
			</trkpt>
			<trkpt lat="39.19997" lon="21.935">
				<ele>383.08</ele>
				<time>2026-08-06T18:07:04.036Z</time>
			</trkpt>
			<trkpt lat="39.20008" lon="21.93474">
				<ele>383.43</ele>
				<time>2026-08-06T18:07:06.384Z</time>
			</trkpt>
			<trkpt lat="39.20012" lon="21.93455">
				<ele>383.65</ele>
				<time>2026-08-06T18:07:07.944Z</time>
			</trkpt>
			<trkpt lat="39.20012" lon="21.93408">
				<ele>383.82</ele>
				<time>2026-08-06T18:07:11.690Z</time>
			</trkpt>
			<trkpt lat="39.20007" lon="21.93399">
				<ele>384.88</ele>
				<time>2026-08-06T18:07:12.589Z</time>
			</trkpt>
			<trkpt lat="39.20004" lon="21.93396">
				<ele>385.79</ele>
				<time>2026-08-06T18:07:12.989Z</time>
			</trkpt>
			<trkpt lat="39.19997" lon="21.934">
				<ele>387.14</ele>
				<time>2026-08-06T18:07:13.800Z</time>
			</trkpt>
			<trkpt lat="39.19997" lon="21.93423">
				<ele>387.39</ele>
				<time>2026-08-06T18:07:15.706Z</time>
			</trkpt>
			<trkpt lat="39.19994" lon="21.9344">
				<ele>387.98</ele>
				<time>2026-08-06T18:07:17.164Z</time>
			</trkpt>
			<trkpt lat="39.19985" lon="21.93459">
				<ele>388.32</ele>
				<time>2026-08-06T18:07:19.037Z</time>
			</trkpt>
			<trkpt lat="39.19974" lon="21.93468">
				<ele>389.07</ele>
				<time>2026-08-06T18:07:20.457Z</time>
			</trkpt>
			<trkpt lat="39.19965" lon="21.93471">
				<ele>389.79</ele>
				<time>2026-08-06T18:07:21.472Z</time>
			</trkpt>
			<trkpt lat="39.19958" lon="21.9347">
				<ele>390.65</ele>
				<time>2026-08-06T18:07:22.241Z</time>
			</trkpt>
			<trkpt lat="39.19954" lon="21.93465">
				<ele>391.86</ele>
				<time>2026-08-06T18:07:22.849Z</time>
			</trkpt>
			<trkpt lat="39.19952" lon="21.93458">
				<ele>393.3</ele>
				<time>2026-08-06T18:07:23.480Z</time>
			</trkpt>
			<trkpt lat="39.19955" lon="21.93451">
				<ele>393.93</ele>
				<time>2026-08-06T18:07:24.156Z</time>
			</trkpt>
			<trkpt lat="39.19962" lon="21.93444">
				<ele>393.73</ele>
				<time>2026-08-06T18:07:25.119Z</time>
			</trkpt>
			<trkpt lat="39.19969" lon="21.93433">
				<ele>392.26</ele>
				<time>2026-08-06T18:07:26.315Z</time>
			</trkpt>
			<trkpt lat="39.1997" lon="21.93419">
				<ele>391.55</ele>
				<time>2026-08-06T18:07:27.491Z</time>
			</trkpt>
			<trkpt lat="39.19965" lon="21.93403">
				<ele>390.92</ele>
				<time>2026-08-06T18:07:28.924Z</time>
			</trkpt>
			<trkpt lat="39.19945" lon="21.93361">
				<ele>393.73</ele>
				<time>2026-08-06T18:07:32.935Z</time>
			</trkpt>
			<trkpt lat="39.19925" lon="21.93327">
				<ele>402.01</ele>
				<time>2026-08-06T18:07:36.273Z</time>
			</trkpt>
			<trkpt lat="39.19893" lon="21.93302">
				<ele>403.84</ele>
				<time>2026-08-06T18:07:39.842Z</time>
			</trkpt>
			<trkpt lat="39.19848" lon="21.9325">
				<ele>420.5</ele>
				<time>2026-08-06T18:07:45.023Z</time>
			</trkpt>
			<trkpt lat="39.1983" lon="21.93208">
				<ele>421.67</ele>
				<time>2026-08-06T18:07:48.056Z</time>
			</trkpt>
			<trkpt lat="39.19822" lon="21.93192">
				<ele>422.74</ele>
				<time>2026-08-06T18:07:49.259Z</time>
			</trkpt>
			<trkpt lat="39.19816" lon="21.93187">
				<ele>424.5</ele>
				<time>2026-08-06T18:07:49.842Z</time>
			</trkpt>
			<trkpt lat="39.19811" lon="21.93185">
				<ele>425.89</ele>
				<time>2026-08-06T18:07:50.268Z</time>
			</trkpt>
			<trkpt lat="39.19808" lon="21.93188">
				<ele>426.99</ele>
				<time>2026-08-06T18:07:50.578Z</time>
			</trkpt>
			<trkpt lat="39.19805" lon="21.93194">
				<ele>427.91</ele>
				<time>2026-08-06T18:07:51.029Z</time>
			</trkpt>
			<trkpt lat="39.19805" lon="21.93201">
				<ele>429.88</ele>
				<time>2026-08-06T18:07:51.471Z</time>
			</trkpt>
			<trkpt lat="39.19815" lon="21.93218">
				<ele>430.3</ele>
				<time>2026-08-06T18:07:52.819Z</time>
			</trkpt>
			<trkpt lat="39.1983" lon="21.93259">
				<ele>432.67</ele>
				<time>2026-08-06T18:07:55.682Z</time>
			</trkpt>
			<trkpt lat="39.19846" lon="21.93296">
				<ele>428.36</ele>
				<time>2026-08-06T18:07:58.358Z</time>
			</trkpt>
			<trkpt lat="39.19849" lon="21.93305">
				<ele>427.58</ele>
				<time>2026-08-06T18:07:58.976Z</time>
			</trkpt>
			<trkpt lat="39.19848" lon="21.93312">
				<ele>427.25</ele>
				<time>2026-08-06T18:07:59.425Z</time>
			</trkpt>
			<trkpt lat="39.19843" lon="21.93318">
				<ele>427.29</ele>
				<time>2026-08-06T18:07:59.982Z</time>
			</trkpt>
			<trkpt lat="39.19838" lon="21.93317">
				<ele>428.15</ele>
				<time>2026-08-06T18:08:00.394Z</time>
			</trkpt>
			<trkpt lat="39.19814" lon="21.93297">
				<ele>435.85</ele>
				<time>2026-08-06T18:08:02.720Z</time>
			</trkpt>
			<trkpt lat="39.19791" lon="21.93282">
				<ele>442.33</ele>
				<time>2026-08-06T18:08:04.819Z</time>
			</trkpt>
			<trkpt lat="39.19766" lon="21.93279">
				<ele>447.03</ele>
				<time>2026-08-06T18:08:06.862Z</time>
			</trkpt>
			<trkpt lat="39.19728" lon="21.93286">
				<ele>455.47</ele>
				<time>2026-08-06T18:08:09.986Z</time>
			</trkpt>
			<trkpt lat="39.1968" lon="21.93303">
				<ele>472.12</ele>
				<time>2026-08-06T18:08:14.035Z</time>
			</trkpt>
			<trkpt lat="39.19673" lon="21.93309">
				<ele>474.2</ele>
				<time>2026-08-06T18:08:14.719Z</time>
			</trkpt>
			<trkpt lat="39.1967" lon="21.93315">
				<ele>474.2</ele>
				<time>2026-08-06T18:08:15.169Z</time>
			</trkpt>
			<trkpt lat="39.19669" lon="21.93325">
				<ele>472.93</ele>
				<time>2026-08-06T18:08:15.804Z</time>
			</trkpt>
			<trkpt lat="39.19676" lon="21.93385">
				<ele>460.99</ele>
				<time>2026-08-06T18:08:19.627Z</time>
			</trkpt>
			<trkpt lat="39.19674" lon="21.93391">
				<ele>459.81</ele>
				<time>2026-08-06T18:08:20.038Z</time>
			</trkpt>
			<trkpt lat="39.1967" lon="21.93397">
				<ele>459.11</ele>
				<time>2026-08-06T18:08:20.537Z</time>
			</trkpt>
			<trkpt lat="39.19664" lon="21.93398">
				<ele>458.92</ele>
				<time>2026-08-06T18:08:21.028Z</time>
			</trkpt>
			<trkpt lat="39.19658" lon="21.93392">
				<ele>458.6</ele>
				<time>2026-08-06T18:08:21.645Z</time>
			</trkpt>
			<trkpt lat="39.19654" lon="21.93384">
				<ele>459.46</ele>
				<time>2026-08-06T18:08:22.245Z</time>
			</trkpt>
			<trkpt lat="39.19643" lon="21.93356">
				<ele>465.07</ele>
				<time>2026-08-06T18:08:24.221Z</time>
			</trkpt>
			<trkpt lat="39.19605" lon="21.93289">
				<ele>475.7</ele>
				<time>2026-08-06T18:08:29.446Z</time>
			</trkpt>
			<trkpt lat="39.19596" lon="21.93281">
				<ele>475.23</ele>
				<time>2026-08-06T18:08:30.333Z</time>
			</trkpt>
			<trkpt lat="39.19562" lon="21.93262">
				<ele>474.62</ele>
				<time>2026-08-06T18:08:33.340Z</time>
			</trkpt>
			<trkpt lat="39.19553" lon="21.93252">
				<ele>476.43</ele>
				<time>2026-08-06T18:08:34.304Z</time>
			</trkpt>
			<trkpt lat="39.19549" lon="21.93241">
				<ele>478.87</ele>
				<time>2026-08-06T18:08:35.067Z</time>
			</trkpt>
			<trkpt lat="39.1955" lon="21.93224">
				<ele>483.5</ele>
				<time>2026-08-06T18:08:36.139Z</time>
			</trkpt>
			<trkpt lat="39.19556" lon="21.932">
				<ele>487.31</ele>
				<time>2026-08-06T18:08:37.724Z</time>
			</trkpt>
			<trkpt lat="39.1957" lon="21.93164">
				<ele>494.95</ele>
				<time>2026-08-06T18:08:40.254Z</time>
			</trkpt>
			<trkpt lat="39.19574" lon="21.93124">
				<ele>498.51</ele>
				<time>2026-08-06T18:08:42.787Z</time>
			</trkpt>
			<trkpt lat="39.1957" lon="21.93114">
				<ele>497.69</ele>
				<time>2026-08-06T18:08:43.494Z</time>
			</trkpt>
			<trkpt lat="39.1956" lon="21.93101">
				<ele>496.51</ele>
				<time>2026-08-06T18:08:44.644Z</time>
			</trkpt>
			<trkpt lat="39.19544" lon="21.93087">
				<ele>494.42</ele>
				<time>2026-08-06T18:08:46.210Z</time>
			</trkpt>
			<trkpt lat="39.19517" lon="21.93038">
				<ele>499.48</ele>
				<time>2026-08-06T18:08:49.982Z</time>
			</trkpt>
			<trkpt lat="39.19506" lon="21.93022">
				<ele>503.31</ele>
				<time>2026-08-06T18:08:51.323Z</time>
			</trkpt>
			<trkpt lat="39.19492" lon="21.93006">
				<ele>505.64</ele>
				<time>2026-08-06T18:08:52.836Z</time>
			</trkpt>
			<trkpt lat="39.19481" lon="21.92996">
				<ele>506.48</ele>
				<time>2026-08-06T18:08:53.925Z</time>
			</trkpt>
			<trkpt lat="39.19454" lon="21.92981">
				<ele>507.32</ele>
				<time>2026-08-06T18:08:56.302Z</time>
			</trkpt>
			<trkpt lat="39.1943" lon="21.92953">
				<ele>518.41</ele>
				<time>2026-08-06T18:08:58.917Z</time>
			</trkpt>
			<trkpt lat="39.19423" lon="21.9295">
				<ele>519.54</ele>
				<time>2026-08-06T18:08:59.513Z</time>
			</trkpt>
			<trkpt lat="39.19413" lon="21.92954">
				<ele>518.17</ele>
				<time>2026-08-06T18:09:00.359Z</time>
			</trkpt>
			<trkpt lat="39.19381" lon="21.92996">
				<ele>508.55</ele>
				<time>2026-08-06T18:09:04.045Z</time>
			</trkpt>
			<trkpt lat="39.1937" lon="21.92999">
				<ele>510.01</ele>
				<time>2026-08-06T18:09:04.953Z</time>
			</trkpt>
			<trkpt lat="39.19361" lon="21.92997">
				<ele>512.66</ele>
				<time>2026-08-06T18:09:05.690Z</time>
			</trkpt>
			<trkpt lat="39.19304" lon="21.92966">
				<ele>523.22</ele>
				<time>2026-08-06T18:09:10.681Z</time>
			</trkpt>
			<trkpt lat="39.19291" lon="21.92964">
				<ele>525.86</ele>
				<time>2026-08-06T18:09:11.736Z</time>
			</trkpt>
			<trkpt lat="39.19253" lon="21.92976">
				<ele>524.42</ele>
				<time>2026-08-06T18:09:14.889Z</time>
			</trkpt>
			<trkpt lat="39.19241" lon="21.92975">
				<ele>523.82</ele>
				<time>2026-08-06T18:09:15.858Z</time>
			</trkpt>
			<trkpt lat="39.19215" lon="21.92946">
				<ele>531.66</ele>
				<time>2026-08-06T18:09:18.626Z</time>
			</trkpt>
			<trkpt lat="39.19204" lon="21.92939">
				<ele>533.72</ele>
				<time>2026-08-06T18:09:19.614Z</time>
			</trkpt>
			<trkpt lat="39.19161" lon="21.92919">
				<ele>538.61</ele>
				<time>2026-08-06T18:09:23.292Z</time>
			</trkpt>
			<trkpt lat="39.19135" lon="21.92901">
				<ele>536.98</ele>
				<time>2026-08-06T18:09:25.665Z</time>
			</trkpt>
			<trkpt lat="39.19128" lon="21.92892">
				<ele>535.67</ele>
				<time>2026-08-06T18:09:26.459Z</time>
			</trkpt>
			<trkpt lat="39.19127" lon="21.92885">
				<ele>536.05</ele>
				<time>2026-08-06T18:09:26.902Z</time>
			</trkpt>
			<trkpt lat="39.19129" lon="21.92881">
				<ele>537.3</ele>
				<time>2026-08-06T18:09:27.199Z</time>
			</trkpt>
			<trkpt lat="39.19132" lon="21.92877">
				<ele>539.5</ele>
				<time>2026-08-06T18:09:27.546Z</time>
			</trkpt>
			<trkpt lat="39.1914" lon="21.92879">
				<ele>543.07</ele>
				<time>2026-08-06T18:09:28.200Z</time>
			</trkpt>
			<trkpt lat="39.19172" lon="21.92899">
				<ele>546.47</ele>
				<time>2026-08-06T18:09:31.057Z</time>
			</trkpt>
			<trkpt lat="39.19186" lon="21.92906">
				<ele>545.69</ele>
				<time>2026-08-06T18:09:32.262Z</time>
			</trkpt>
			<trkpt lat="39.19231" lon="21.92911">
				<ele>546.1</ele>
				<time>2026-08-06T18:09:35.887Z</time>
			</trkpt>
			<trkpt lat="39.19297" lon="21.92901">
				<ele>556.81</ele>
				<time>2026-08-06T18:09:41.215Z</time>
			</trkpt>
			<trkpt lat="39.19353" lon="21.92898">
				<ele>557.33</ele>
				<time>2026-08-06T18:09:45.703Z</time>
			</trkpt>
			<trkpt lat="39.19364" lon="21.92896">
				<ele>557.65</ele>
				<time>2026-08-06T18:09:46.592Z</time>
			</trkpt>
			<trkpt lat="39.19399" lon="21.92866">
				<ele>557.25</ele>
				<time>2026-08-06T18:09:49.954Z</time>
			</trkpt>
			<trkpt lat="39.19416" lon="21.92859">
				<ele>550.62</ele>
				<time>2026-08-06T18:09:51.380Z</time>
			</trkpt>
			<trkpt lat="39.19482" lon="21.92848">
				<ele>547.5</ele>
				<time>2026-08-06T18:09:56.696Z</time>
			</trkpt>
			<trkpt lat="39.19485" lon="21.92841">
				<ele>547.35</ele>
				<time>2026-08-06T18:09:57.191Z</time>
			</trkpt>
			<trkpt lat="39.19485" lon="21.92834">
				<ele>547.51</ele>
				<time>2026-08-06T18:09:57.624Z</time>
			</trkpt>
			<trkpt lat="39.19482" lon="21.92824">
				<ele>548.06</ele>
				<time>2026-08-06T18:09:58.287Z</time>
			</trkpt>
			<trkpt lat="39.19441" lon="21.92769">
				<ele>554.81</ele>
				<time>2026-08-06T18:10:03.003Z</time>
			</trkpt>
			<trkpt lat="39.19432" lon="21.92759">
				<ele>556.77</ele>
				<time>2026-08-06T18:10:03.949Z</time>
			</trkpt>
			<trkpt lat="39.19415" lon="21.9275">
				<ele>560.87</ele>
				<time>2026-08-06T18:10:05.413Z</time>
			</trkpt>
			<trkpt lat="39.19388" lon="21.92744">
				<ele>573.28</ele>
				<time>2026-08-06T18:10:07.594Z</time>
			</trkpt>
			<trkpt lat="39.19366" lon="21.92742">
				<ele>579.49</ele>
				<time>2026-08-06T18:10:09.349Z</time>
			</trkpt>
			<trkpt lat="39.19338" lon="21.92743">
				<ele>586.91</ele>
				<time>2026-08-06T18:10:11.577Z</time>
			</trkpt>
			<trkpt lat="39.19317" lon="21.92741">
				<ele>579.75</ele>
				<time>2026-08-06T18:10:13.251Z</time>
			</trkpt>
			<trkpt lat="39.19299" lon="21.92733">
				<ele>575.17</ele>
				<time>2026-08-06T18:10:14.764Z</time>
			</trkpt>
			<trkpt lat="39.19266" lon="21.9271">
				<ele>587.37</ele>
				<time>2026-08-06T18:10:17.742Z</time>
			</trkpt>
			<trkpt lat="39.19219" lon="21.92684">
				<ele>594.69</ele>
				<time>2026-08-06T18:10:21.798Z</time>
			</trkpt>
			<trkpt lat="39.19187" lon="21.92658">
				<ele>599.57</ele>
				<time>2026-08-06T18:10:24.795Z</time>
			</trkpt>
			<trkpt lat="39.19172" lon="21.92648">
				<ele>601.5</ele>
				<time>2026-08-06T18:10:26.132Z</time>
			</trkpt>
			<trkpt lat="39.19134" lon="21.92636">
				<ele>597.35</ele>
				<time>2026-08-06T18:10:29.228Z</time>
			</trkpt>
			<trkpt lat="39.19128" lon="21.92627">
				<ele>599.12</ele>
				<time>2026-08-06T18:10:29.956Z</time>
			</trkpt>
			<trkpt lat="39.19122" lon="21.92609">
				<ele>602.53</ele>
				<time>2026-08-06T18:10:31.157Z</time>
			</trkpt>
			<trkpt lat="39.19122" lon="21.9256">
				<ele>609.71</ele>
				<time>2026-08-06T18:10:34.158Z</time>
			</trkpt>
			<trkpt lat="39.19129" lon="21.92517">
				<ele>617.05</ele>
				<time>2026-08-06T18:10:36.846Z</time>
			</trkpt>
			<trkpt lat="39.1913" lon="21.92486">
				<ele>621.29</ele>
				<time>2026-08-06T18:10:38.743Z</time>
			</trkpt>
			<trkpt lat="39.19126" lon="21.92466">
				<ele>622.02</ele>
				<time>2026-08-06T18:10:40.006Z</time>
			</trkpt>
			<trkpt lat="39.19112" lon="21.9243">
				<ele>624.39</ele>
				<time>2026-08-06T18:10:42.466Z</time>
			</trkpt>
			<trkpt lat="39.1909" lon="21.92387">
				<ele>626.59</ele>
				<time>2026-08-06T18:10:45.610Z</time>
			</trkpt>
			<trkpt lat="39.19066" lon="21.9235">
				<ele>627.17</ele>
				<time>2026-08-06T18:10:48.551Z</time>
			</trkpt>
			<trkpt lat="39.19045" lon="21.9233">
				<ele>628.82</ele>
				<time>2026-08-06T18:10:50.603Z</time>
			</trkpt>
			<trkpt lat="39.19024" lon="21.92314">
				<ele>628.97</ele>
				<time>2026-08-06T18:10:52.518Z</time>
			</trkpt>
			<trkpt lat="39.19011" lon="21.923">
				<ele>627.54</ele>
				<time>2026-08-06T18:10:53.847Z</time>
			</trkpt>
			<trkpt lat="39.19006" lon="21.92282">
				<ele>628.56</ele>
				<time>2026-08-06T18:10:55.010Z</time>
			</trkpt>
			<trkpt lat="39.19008" lon="21.9224">
				<ele>631.73</ele>
				<time>2026-08-06T18:10:57.567Z</time>
			</trkpt>
			<trkpt lat="39.19012" lon="21.92213">
				<ele>634.03</ele>
				<time>2026-08-06T18:10:59.237Z</time>
			</trkpt>
			<trkpt lat="39.19023" lon="21.92181">
				<ele>638.35</ele>
				<time>2026-08-06T18:11:01.361Z</time>
			</trkpt>
			<trkpt lat="39.19034" lon="21.92134">
				<ele>636.84</ele>
				<time>2026-08-06T18:11:04.338Z</time>
			</trkpt>
			<trkpt lat="39.19042" lon="21.92061">
				<ele>637.82</ele>
				<time>2026-08-06T18:11:08.802Z</time>
			</trkpt>
			<trkpt lat="39.19056" lon="21.92024">
				<ele>643.07</ele>
				<time>2026-08-06T18:11:11.292Z</time>
			</trkpt>
			<trkpt lat="39.1906" lon="21.91999">
				<ele>643.58</ele>
				<time>2026-08-06T18:11:12.834Z</time>
			</trkpt>
			<trkpt lat="39.1906" lon="21.91972">
				<ele>644.36</ele>
				<time>2026-08-06T18:11:14.465Z</time>
			</trkpt>
			<trkpt lat="39.19048" lon="21.91902">
				<ele>648.5</ele>
				<time>2026-08-06T18:11:18.790Z</time>
			</trkpt>
			<trkpt lat="39.19026" lon="21.91845">
				<ele>645.25</ele>
				<time>2026-08-06T18:11:22.625Z</time>
			</trkpt>
			<trkpt lat="39.19021" lon="21.91829">
				<ele>645.05</ele>
				<time>2026-08-06T18:11:23.663Z</time>
			</trkpt>
			<trkpt lat="39.1902" lon="21.91808">
				<ele>648.51</ele>
				<time>2026-08-06T18:11:24.928Z</time>
			</trkpt>
			<trkpt lat="39.19022" lon="21.91726">
				<ele>665.56</ele>
				<time>2026-08-06T18:11:29.857Z</time>
			</trkpt>
			<trkpt lat="39.19029" lon="21.91683">
				<ele>672.96</ele>
				<time>2026-08-06T18:11:32.492Z</time>
			</trkpt>
			<trkpt lat="39.19038" lon="21.91659">
				<ele>675.48</ele>
				<time>2026-08-06T18:11:34.090Z</time>
			</trkpt>
			<trkpt lat="39.19054" lon="21.91636">
				<ele>675.69</ele>
				<time>2026-08-06T18:11:35.940Z</time>
			</trkpt>
			<trkpt lat="39.19073" lon="21.91614">
				<ele>675</ele>
				<time>2026-08-06T18:11:37.911Z</time>
			</trkpt>
			<trkpt lat="39.19101" lon="21.91593">
				<ele>669.51</ele>
				<time>2026-08-06T18:11:40.409Z</time>
			</trkpt>
			<trkpt lat="39.19114" lon="21.91578">
				<ele>671.03</ele>
				<time>2026-08-06T18:11:41.753Z</time>
			</trkpt>
			<trkpt lat="39.19131" lon="21.91548">
				<ele>675.35</ele>
				<time>2026-08-06T18:11:43.971Z</time>
			</trkpt>
			<trkpt lat="39.1915" lon="21.91523">
				<ele>679.24</ele>
				<time>2026-08-06T18:11:46.059Z</time>
			</trkpt>
			<trkpt lat="39.19188" lon="21.91495">
				<ele>676.08</ele>
				<time>2026-08-06T18:11:49.422Z</time>
			</trkpt>
			<trkpt lat="39.19211" lon="21.91484">
				<ele>675.44</ele>
				<time>2026-08-06T18:11:51.305Z</time>
			</trkpt>
			<trkpt lat="39.19227" lon="21.91479">
				<ele>675.03</ele>
				<time>2026-08-06T18:11:52.568Z</time>
			</trkpt>
			<trkpt lat="39.1924" lon="21.91478">
				<ele>674.33</ele>
				<time>2026-08-06T18:11:53.566Z</time>
			</trkpt>
			<trkpt lat="39.19262" lon="21.91485">
				<ele>671.92</ele>
				<time>2026-08-06T18:11:55.302Z</time>
			</trkpt>
			<trkpt lat="39.19278" lon="21.91487">
				<ele>671.1</ele>
				<time>2026-08-06T18:11:56.533Z</time>
			</trkpt>
			<trkpt lat="39.19287" lon="21.91485">
				<ele>671.41</ele>
				<time>2026-08-06T18:11:57.232Z</time>
			</trkpt>
			<trkpt lat="39.19296" lon="21.91479">
				<ele>672.59</ele>
				<time>2026-08-06T18:11:58.007Z</time>
			</trkpt>
			<trkpt lat="39.19301" lon="21.9147">
				<ele>674.17</ele>
				<time>2026-08-06T18:11:58.663Z</time>
			</trkpt>
			<trkpt lat="39.19303" lon="21.91457">
				<ele>674.14</ele>
				<time>2026-08-06T18:11:59.449Z</time>
			</trkpt>
			<trkpt lat="39.19297" lon="21.91438">
				<ele>673.94</ele>
				<time>2026-08-06T18:12:00.664Z</time>
			</trkpt>
			<trkpt lat="39.19289" lon="21.91427">
				<ele>674.56</ele>
				<time>2026-08-06T18:12:01.557Z</time>
			</trkpt>
			<trkpt lat="39.19271" lon="21.9141">
				<ele>678.19</ele>
				<time>2026-08-06T18:12:03.260Z</time>
			</trkpt>
			<trkpt lat="39.19244" lon="21.9139">
				<ele>684.71</ele>
				<time>2026-08-06T18:12:05.634Z</time>
			</trkpt>
			<trkpt lat="39.19204" lon="21.91369">
				<ele>687.89</ele>
				<time>2026-08-06T18:12:08.923Z</time>
			</trkpt>
			<trkpt lat="39.19193" lon="21.91356">
				<ele>685.33</ele>
				<time>2026-08-06T18:12:10.058Z</time>
			</trkpt>
			<trkpt lat="39.19173" lon="21.91326">
				<ele>678.44</ele>
				<time>2026-08-06T18:12:12.390Z</time>
			</trkpt>
			<trkpt lat="39.19165" lon="21.9132">
				<ele>676.99</ele>
				<time>2026-08-06T18:12:13.093Z</time>
			</trkpt>
			<trkpt lat="39.19152" lon="21.91316">
				<ele>677.14</ele>
				<time>2026-08-06T18:12:14.107Z</time>
			</trkpt>
			<trkpt lat="39.19141" lon="21.91316">
				<ele>678.32</ele>
				<time>2026-08-06T18:12:14.942Z</time>
			</trkpt>
			<trkpt lat="39.1911" lon="21.91332">
				<ele>681.73</ele>
				<time>2026-08-06T18:12:17.474Z</time>
			</trkpt>
			<trkpt lat="39.19096" lon="21.91341">
				<ele>682.01</ele>
				<time>2026-08-06T18:12:18.659Z</time>
			</trkpt>
			<trkpt lat="39.19073" lon="21.91367">
				<ele>691.53</ele>
				<time>2026-08-06T18:12:20.974Z</time>
			</trkpt>
			<trkpt lat="39.19005" lon="21.91412">
				<ele>698.1</ele>
				<time>2026-08-06T18:12:26.747Z</time>
			</trkpt>
			<trkpt lat="39.18989" lon="21.91428">
				<ele>703.65</ele>
				<time>2026-08-06T18:12:28.274Z</time>
			</trkpt>
			<trkpt lat="39.1898" lon="21.91432">
				<ele>704.78</ele>
				<time>2026-08-06T18:12:28.991Z</time>
			</trkpt>
			<trkpt lat="39.18967" lon="21.91435">
				<ele>704.74</ele>
				<time>2026-08-06T18:12:29.986Z</time>
			</trkpt>
			<trkpt lat="39.18936" lon="21.91437">
				<ele>701.77</ele>
				<time>2026-08-06T18:12:32.322Z</time>
			</trkpt>
			<trkpt lat="39.18925" lon="21.9144">
				<ele>702.22</ele>
				<time>2026-08-06T18:12:33.167Z</time>
			</trkpt>
			<trkpt lat="39.18913" lon="21.91448">
				<ele>704.26</ele>
				<time>2026-08-06T18:12:34.182Z</time>
			</trkpt>
			<trkpt lat="39.18877" lon="21.9148">
				<ele>711.64</ele>
				<time>2026-08-06T18:12:37.464Z</time>
			</trkpt>
			<trkpt lat="39.18866" lon="21.91484">
				<ele>710.21</ele>
				<time>2026-08-06T18:12:38.321Z</time>
			</trkpt>
			<trkpt lat="39.18783" lon="21.91494">
				<ele>710.02</ele>
				<time>2026-08-06T18:12:44.561Z</time>
			</trkpt>
			<trkpt lat="39.18711" lon="21.91512">
				<ele>707.49</ele>
				<time>2026-08-06T18:12:50.032Z</time>
			</trkpt>
			<trkpt lat="39.18679" lon="21.91524">
				<ele>711.15</ele>
				<time>2026-08-06T18:12:52.512Z</time>
			</trkpt>
			<trkpt lat="39.18667" lon="21.91528">
				<ele>712.66</ele>
				<time>2026-08-06T18:12:53.434Z</time>
			</trkpt>
			<trkpt lat="39.18613" lon="21.91569">
				<ele>721.23</ele>
				<time>2026-08-06T18:12:58.086Z</time>
			</trkpt>
			<trkpt lat="39.18591" lon="21.91583">
				<ele>735.72</ele>
				<time>2026-08-06T18:12:59.903Z</time>
			</trkpt>
			<trkpt lat="39.18583" lon="21.91585">
				<ele>739.09</ele>
				<time>2026-08-06T18:13:00.507Z</time>
			</trkpt>
			<trkpt lat="39.18576" lon="21.91585">
				<ele>737.58</ele>
				<time>2026-08-06T18:13:01.025Z</time>
			</trkpt>
			<trkpt lat="39.18536" lon="21.91572">
				<ele>718.05</ele>
				<time>2026-08-06T18:13:04.075Z</time>
			</trkpt>
			<trkpt lat="39.1851" lon="21.9157">
				<ele>720.4</ele>
				<time>2026-08-06T18:13:05.998Z</time>
			</trkpt>
			<trkpt lat="39.1849" lon="21.91566">
				<ele>721.39</ele>
				<time>2026-08-06T18:13:07.491Z</time>
			</trkpt>
			<trkpt lat="39.18481" lon="21.91559">
				<ele>720.45</ele>
				<time>2026-08-06T18:13:08.266Z</time>
			</trkpt>
			<trkpt lat="39.18476" lon="21.91548">
				<ele>720.98</ele>
				<time>2026-08-06T18:13:08.994Z</time>
			</trkpt>
			<trkpt lat="39.18483" lon="21.91478">
				<ele>720.36</ele>
				<time>2026-08-06T18:13:13.019Z</time>
			</trkpt>
			<trkpt lat="39.18479" lon="21.91429">
				<ele>734.96</ele>
				<time>2026-08-06T18:13:15.822Z</time>
			</trkpt>
			<trkpt lat="39.18479" lon="21.91416">
				<ele>739.35</ele>
				<time>2026-08-06T18:13:16.561Z</time>
			</trkpt>
			<trkpt lat="39.18482" lon="21.91403">
				<ele>738.54</ele>
				<time>2026-08-06T18:13:17.332Z</time>
			</trkpt>
			<trkpt lat="39.18494" lon="21.91386">
				<ele>731.94</ele>
				<time>2026-08-06T18:13:18.637Z</time>
			</trkpt>
			<trkpt lat="39.18499" lon="21.91373">
				<ele>728.75</ele>
				<time>2026-08-06T18:13:19.461Z</time>
			</trkpt>
			<trkpt lat="39.18501" lon="21.9136">
				<ele>728.18</ele>
				<time>2026-08-06T18:13:20.212Z</time>
			</trkpt>
			<trkpt lat="39.18499" lon="21.91348">
				<ele>728.46</ele>
				<time>2026-08-06T18:13:20.908Z</time>
			</trkpt>
			<trkpt lat="39.18486" lon="21.91329">
				<ele>732.7</ele>
				<time>2026-08-06T18:13:22.343Z</time>
			</trkpt>
			<trkpt lat="39.18448" lon="21.9129">
				<ele>749.11</ele>
				<time>2026-08-06T18:13:25.886Z</time>
			</trkpt>
			<trkpt lat="39.18442" lon="21.91279">
				<ele>752.26</ele>
				<time>2026-08-06T18:13:26.646Z</time>
			</trkpt>
			<trkpt lat="39.18437" lon="21.91263">
				<ele>755.33</ele>
				<time>2026-08-06T18:13:27.619Z</time>
			</trkpt>
			<trkpt lat="39.18439" lon="21.91251">
				<ele>752.69</ele>
				<time>2026-08-06T18:13:28.312Z</time>
			</trkpt>
			<trkpt lat="39.18447" lon="21.91239">
				<ele>747.15</ele>
				<time>2026-08-06T18:13:29.204Z</time>
			</trkpt>
			<trkpt lat="39.18486" lon="21.91211">
				<ele>731.53</ele>
				<time>2026-08-06T18:13:32.446Z</time>
			</trkpt>
			<trkpt lat="39.18493" lon="21.91201">
				<ele>728.76</ele>
				<time>2026-08-06T18:13:33.204Z</time>
			</trkpt>
			<trkpt lat="39.18497" lon="21.91188">
				<ele>727.38</ele>
				<time>2026-08-06T18:13:33.990Z</time>
			</trkpt>
			<trkpt lat="39.18497" lon="21.91173">
				<ele>728.36</ele>
				<time>2026-08-06T18:13:34.832Z</time>
			</trkpt>
			<trkpt lat="39.18486" lon="21.91134">
				<ele>742.7</ele>
				<time>2026-08-06T18:13:37.161Z</time>
			</trkpt>
			<trkpt lat="39.18484" lon="21.91111">
				<ele>749.76</ele>
				<time>2026-08-06T18:13:38.457Z</time>
			</trkpt>
			<trkpt lat="39.18487" lon="21.91091">
				<ele>752.96</ele>
				<time>2026-08-06T18:13:39.598Z</time>
			</trkpt>
			<trkpt lat="39.18492" lon="21.91078">
				<ele>753.74</ele>
				<time>2026-08-06T18:13:40.410Z</time>
			</trkpt>
			<trkpt lat="39.18499" lon="21.91068">
				<ele>751.61</ele>
				<time>2026-08-06T18:13:41.163Z</time>
			</trkpt>
			<trkpt lat="39.1851" lon="21.91061">
				<ele>749.7</ele>
				<time>2026-08-06T18:13:42.048Z</time>
			</trkpt>
			<trkpt lat="39.18572" lon="21.91055">
				<ele>733.73</ele>
				<time>2026-08-06T18:13:46.522Z</time>
			</trkpt>
			<trkpt lat="39.18584" lon="21.91051">
				<ele>731.49</ele>
				<time>2026-08-06T18:13:47.413Z</time>
			</trkpt>
			<trkpt lat="39.18591" lon="21.91044">
				<ele>731.25</ele>
				<time>2026-08-06T18:13:48.048Z</time>
			</trkpt>
			<trkpt lat="39.18597" lon="21.91026">
				<ele>733.57</ele>
				<time>2026-08-06T18:13:49.138Z</time>
			</trkpt>
			<trkpt lat="39.18598" lon="21.91015">
				<ele>735.39</ele>
				<time>2026-08-06T18:13:49.754Z</time>
			</trkpt>
			<trkpt lat="39.18594" lon="21.90996">
				<ele>739.69</ele>
				<time>2026-08-06T18:13:50.847Z</time>
			</trkpt>
			<trkpt lat="39.18586" lon="21.90976">
				<ele>745.93</ele>
				<time>2026-08-06T18:13:52.096Z</time>
			</trkpt>
			<trkpt lat="39.18583" lon="21.90954">
				<ele>754.69</ele>
				<time>2026-08-06T18:13:53.335Z</time>
			</trkpt>
			<trkpt lat="39.18586" lon="21.9094">
				<ele>759.02</ele>
				<time>2026-08-06T18:13:54.139Z</time>
			</trkpt>
			<trkpt lat="39.18596" lon="21.90916">
				<ele>762.2</ele>
				<time>2026-08-06T18:13:55.648Z</time>
			</trkpt>
			<trkpt lat="39.18611" lon="21.90893">
				<ele>759.73</ele>
				<time>2026-08-06T18:13:57.310Z</time>
			</trkpt>
			<trkpt lat="39.18628" lon="21.90874">
				<ele>759.02</ele>
				<time>2026-08-06T18:13:58.912Z</time>
			</trkpt>
			<trkpt lat="39.1864" lon="21.90868">
				<ele>755.92</ele>
				<time>2026-08-06T18:13:59.828Z</time>
			</trkpt>
			<trkpt lat="39.18656" lon="21.90864">
				<ele>752.94</ele>
				<time>2026-08-06T18:14:00.988Z</time>
			</trkpt>
			<trkpt lat="39.18691" lon="21.90862">
				<ele>743.61</ele>
				<time>2026-08-06T18:14:03.476Z</time>
			</trkpt>
			<trkpt lat="39.18702" lon="21.90858">
				<ele>742.43</ele>
				<time>2026-08-06T18:14:04.287Z</time>
			</trkpt>
			<trkpt lat="39.18708" lon="21.90847">
				<ele>741.89</ele>
				<time>2026-08-06T18:14:05.026Z</time>
			</trkpt>
			<trkpt lat="39.18709" lon="21.90835">
				<ele>742.11</ele>
				<time>2026-08-06T18:14:05.689Z</time>
			</trkpt>
			<trkpt lat="39.18702" lon="21.90779">
				<ele>737.94</ele>
				<time>2026-08-06T18:14:08.800Z</time>
			</trkpt>
			<trkpt lat="39.18703" lon="21.90735">
				<ele>751.58</ele>
				<time>2026-08-06T18:14:11.208Z</time>
			</trkpt>
			<trkpt lat="39.18701" lon="21.90718">
				<ele>754.11</ele>
				<time>2026-08-06T18:14:12.148Z</time>
			</trkpt>
			<trkpt lat="39.18695" lon="21.90708">
				<ele>755.71</ele>
				<time>2026-08-06T18:14:12.839Z</time>
			</trkpt>
			<trkpt lat="39.18687" lon="21.90704">
				<ele>754.5</ele>
				<time>2026-08-06T18:14:13.443Z</time>
			</trkpt>
			<trkpt lat="39.18679" lon="21.90706">
				<ele>753.09</ele>
				<time>2026-08-06T18:14:14.017Z</time>
			</trkpt>
			<trkpt lat="39.18668" lon="21.9071">
				<ele>751.65</ele>
				<time>2026-08-06T18:14:14.821Z</time>
			</trkpt>
			<trkpt lat="39.18644" lon="21.90724">
				<ele>750.55</ele>
				<time>2026-08-06T18:14:16.672Z</time>
			</trkpt>
			<trkpt lat="39.18627" lon="21.90729">
				<ele>754.2</ele>
				<time>2026-08-06T18:14:17.896Z</time>
			</trkpt>
			<trkpt lat="39.18574" lon="21.90737">
				<ele>759.11</ele>
				<time>2026-08-06T18:14:21.634Z</time>
			</trkpt>
			<trkpt lat="39.1856" lon="21.90744">
				<ele>762.35</ele>
				<time>2026-08-06T18:14:22.684Z</time>
			</trkpt>
			<trkpt lat="39.18521" lon="21.90774">
				<ele>769.6</ele>
				<time>2026-08-06T18:14:25.853Z</time>
			</trkpt>
			<trkpt lat="39.18509" lon="21.90779">
				<ele>772.94</ele>
				<time>2026-08-06T18:14:26.732Z</time>
			</trkpt>
			<trkpt lat="39.18421" lon="21.90792">
				<ele>767.73</ele>
				<time>2026-08-06T18:14:32.886Z</time>
			</trkpt>
			<trkpt lat="39.18406" lon="21.90799">
				<ele>764.97</ele>
				<time>2026-08-06T18:14:33.990Z</time>
			</trkpt>
			<trkpt lat="39.18395" lon="21.9081">
				<ele>765.15</ele>
				<time>2026-08-06T18:14:34.953Z</time>
			</trkpt>
			<trkpt lat="39.18385" lon="21.90829">
				<ele>770.19</ele>
				<time>2026-08-06T18:14:36.184Z</time>
			</trkpt>
			<trkpt lat="39.18375" lon="21.90859">
				<ele>778.24</ele>
				<time>2026-08-06T18:14:37.932Z</time>
			</trkpt>
			<trkpt lat="39.18366" lon="21.90873">
				<ele>780.9</ele>
				<time>2026-08-06T18:14:38.904Z</time>
			</trkpt>
			<trkpt lat="39.18352" lon="21.9089">
				<ele>782.15</ele>
				<time>2026-08-06T18:14:40.228Z</time>
			</trkpt>
			<trkpt lat="39.18332" lon="21.90908">
				<ele>779.99</ele>
				<time>2026-08-06T18:14:41.906Z</time>
			</trkpt>
			<trkpt lat="39.183" lon="21.90942">
				<ele>777.46</ele>
				<time>2026-08-06T18:14:44.752Z</time>
			</trkpt>
			<trkpt lat="39.18249" lon="21.91009">
				<ele>780.17</ele>
				<time>2026-08-06T18:14:49.732Z</time>
			</trkpt>
			<trkpt lat="39.1824" lon="21.91023">
				<ele>780.25</ele>
				<time>2026-08-06T18:14:50.694Z</time>
			</trkpt>
			<trkpt lat="39.18226" lon="21.9107">
				<ele>790.77</ele>
				<time>2026-08-06T18:14:53.353Z</time>
			</trkpt>
			<trkpt lat="39.18217" lon="21.9109">
				<ele>793.94</ele>
				<time>2026-08-06T18:14:54.571Z</time>
			</trkpt>
			<trkpt lat="39.18206" lon="21.91107">
				<ele>796.77</ele>
				<time>2026-08-06T18:14:55.737Z</time>
			</trkpt>
			<trkpt lat="39.18186" lon="21.91122">
				<ele>800.78</ele>
				<time>2026-08-06T18:14:57.306Z</time>
			</trkpt>
			<trkpt lat="39.18176" lon="21.91124">
				<ele>801.4</ele>
				<time>2026-08-06T18:14:57.992Z</time>
			</trkpt>
			<trkpt lat="39.18163" lon="21.91121">
				<ele>800.67</ele>
				<time>2026-08-06T18:14:58.886Z</time>
			</trkpt>
			<trkpt lat="39.18152" lon="21.91114">
				<ele>802.45</ele>
				<time>2026-08-06T18:14:59.716Z</time>
			</trkpt>
			<trkpt lat="39.18105" lon="21.91074">
				<ele>789.65</ele>
				<time>2026-08-06T18:15:03.517Z</time>
			</trkpt>
			<trkpt lat="39.18078" lon="21.91071">
				<ele>784.47</ele>
				<time>2026-08-06T18:15:05.341Z</time>
			</trkpt>
			<trkpt lat="39.18032" lon="21.9108">
				<ele>786.01</ele>
				<time>2026-08-06T18:15:08.465Z</time>
			</trkpt>
			<trkpt lat="39.1801" lon="21.91088">
				<ele>787.72</ele>
				<time>2026-08-06T18:15:09.996Z</time>
			</trkpt>
			<trkpt lat="39.17979" lon="21.91104">
				<ele>786.61</ele>
				<time>2026-08-06T18:15:12.229Z</time>
			</trkpt>
			<trkpt lat="39.1789" lon="21.91112">
				<ele>789.94</ele>
				<time>2026-08-06T18:15:18.170Z</time>
			</trkpt>
			<trkpt lat="39.17845" lon="21.91124">
				<ele>798.67</ele>
				<time>2026-08-06T18:15:21.215Z</time>
			</trkpt>
			<trkpt lat="39.17836" lon="21.91133">
				<ele>799.54</ele>
				<time>2026-08-06T18:15:21.969Z</time>
			</trkpt>
			<trkpt lat="39.17812" lon="21.91167">
				<ele>795.55</ele>
				<time>2026-08-06T18:15:24.323Z</time>
			</trkpt>
			<trkpt lat="39.178" lon="21.91177">
				<ele>794.87</ele>
				<time>2026-08-06T18:15:25.265Z</time>
			</trkpt>
			<trkpt lat="39.17777" lon="21.91183">
				<ele>798.18</ele>
				<time>2026-08-06T18:15:26.809Z</time>
			</trkpt>
			<trkpt lat="39.17759" lon="21.91186">
				<ele>802.14</ele>
				<time>2026-08-06T18:15:28.003Z</time>
			</trkpt>
			<trkpt lat="39.1773" lon="21.91195">
				<ele>809.1</ele>
				<time>2026-08-06T18:15:29.960Z</time>
			</trkpt>
			<trkpt lat="39.17721" lon="21.91201">
				<ele>811.16</ele>
				<time>2026-08-06T18:15:30.624Z</time>
			</trkpt>
			<trkpt lat="39.177" lon="21.91235">
				<ele>804.46</ele>
				<time>2026-08-06T18:15:32.829Z</time>
			</trkpt>
			<trkpt lat="39.1764" lon="21.91265">
				<ele>811.15</ele>
				<time>2026-08-06T18:15:37.024Z</time>
			</trkpt>
			<trkpt lat="39.17632" lon="21.91268">
				<ele>811.85</ele>
				<time>2026-08-06T18:15:37.566Z</time>
			</trkpt>
			<trkpt lat="39.17622" lon="21.91268">
				<ele>813.94</ele>
				<time>2026-08-06T18:15:38.216Z</time>
			</trkpt>
			<trkpt lat="39.17595" lon="21.91259">
				<ele>820</ele>
				<time>2026-08-06T18:15:40.025Z</time>
			</trkpt>
			<trkpt lat="39.1758" lon="21.91257">
				<ele>821.67</ele>
				<time>2026-08-06T18:15:41.002Z</time>
			</trkpt>
			<trkpt lat="39.17564" lon="21.91258">
				<ele>824.57</ele>
				<time>2026-08-06T18:15:42.039Z</time>
			</trkpt>
			<trkpt lat="39.17551" lon="21.91267">
				<ele>825.29</ele>
				<time>2026-08-06T18:15:42.993Z</time>
			</trkpt>
			<trkpt lat="39.1754" lon="21.91283">
				<ele>826.59</ele>
				<time>2026-08-06T18:15:44.063Z</time>
			</trkpt>
			<trkpt lat="39.1753" lon="21.91306">
				<ele>829.64</ele>
				<time>2026-08-06T18:15:45.381Z</time>
			</trkpt>
			<trkpt lat="39.17525" lon="21.91324">
				<ele>825.88</ele>
				<time>2026-08-06T18:15:46.335Z</time>
			</trkpt>
			<trkpt lat="39.17519" lon="21.91337">
				<ele>823.08</ele>
				<time>2026-08-06T18:15:47.090Z</time>
			</trkpt>
			<trkpt lat="39.17509" lon="21.91346">
				<ele>822.59</ele>
				<time>2026-08-06T18:15:47.873Z</time>
			</trkpt>
			<trkpt lat="39.17496" lon="21.91346">
				<ele>825.84</ele>
				<time>2026-08-06T18:15:48.708Z</time>
			</trkpt>
			<trkpt lat="39.17476" lon="21.9134">
				<ele>826.3</ele>
				<time>2026-08-06T18:15:50.024Z</time>
			</trkpt>
			<trkpt lat="39.1745" lon="21.91325">
				<ele>831.35</ele>
				<time>2026-08-06T18:15:51.847Z</time>
			</trkpt>
			<trkpt lat="39.17441" lon="21.91314">
				<ele>832.59</ele>
				<time>2026-08-06T18:15:52.639Z</time>
			</trkpt>
			<trkpt lat="39.17438" lon="21.91306">
				<ele>833.17</ele>
				<time>2026-08-06T18:15:53.079Z</time>
			</trkpt>
			<trkpt lat="39.17438" lon="21.91296">
				<ele>832.85</ele>
				<time>2026-08-06T18:15:53.574Z</time>
			</trkpt>
			<trkpt lat="39.17443" lon="21.91272">
				<ele>834.55</ele>
				<time>2026-08-06T18:15:54.802Z</time>
			</trkpt>
			<trkpt lat="39.17455" lon="21.91239">
				<ele>838.7</ele>
				<time>2026-08-06T18:15:56.600Z</time>
			</trkpt>
			<trkpt lat="39.17461" lon="21.91206">
				<ele>844.01</ele>
				<time>2026-08-06T18:15:58.268Z</time>
			</trkpt>
			<trkpt lat="39.17463" lon="21.91162">
				<ele>847.89</ele>
				<time>2026-08-06T18:16:00.433Z</time>
			</trkpt>
			<trkpt lat="39.17458" lon="21.91079">
				<ele>844.74</ele>
				<time>2026-08-06T18:16:04.504Z</time>
			</trkpt>
			<trkpt lat="39.1746" lon="21.91061">
				<ele>845.26</ele>
				<time>2026-08-06T18:16:05.391Z</time>
			</trkpt>
			<trkpt lat="39.1747" lon="21.91045">
				<ele>850.32</ele>
				<time>2026-08-06T18:16:06.392Z</time>
			</trkpt>
			<trkpt lat="39.17503" lon="21.91003">
				<ele>866.04</ele>
				<time>2026-08-06T18:16:09.297Z</time>
			</trkpt>
			<trkpt lat="39.17517" lon="21.90975">
				<ele>869.15</ele>
				<time>2026-08-06T18:16:10.910Z</time>
			</trkpt>
			<trkpt lat="39.17531" lon="21.90935">
				<ele>870.33</ele>
				<time>2026-08-06T18:16:13.031Z</time>
			</trkpt>
			<trkpt lat="39.17535" lon="21.90907">
				<ele>871.75</ele>
				<time>2026-08-06T18:16:14.403Z</time>
			</trkpt>
			<trkpt lat="39.17537" lon="21.90885">
				<ele>872.89</ele>
				<time>2026-08-06T18:16:15.469Z</time>
			</trkpt>
			<trkpt lat="39.17534" lon="21.90837">
				<ele>869.12</ele>
				<time>2026-08-06T18:16:17.781Z</time>
			</trkpt>
			<trkpt lat="39.17537" lon="21.90815">
				<ele>867.54</ele>
				<time>2026-08-06T18:16:18.851Z</time>
			</trkpt>
			<trkpt lat="39.1755" lon="21.90766">
				<ele>876.66</ele>
				<time>2026-08-06T18:16:21.325Z</time>
			</trkpt>
			<trkpt lat="39.17552" lon="21.90739">
				<ele>880.26</ele>
				<time>2026-08-06T18:16:22.618Z</time>
			</trkpt>
			<trkpt lat="39.17548" lon="21.90717">
				<ele>879.8</ele>
				<time>2026-08-06T18:16:23.693Z</time>
			</trkpt>
			<trkpt lat="39.17521" lon="21.90649">
				<ele>883.43</ele>
				<time>2026-08-06T18:16:27.316Z</time>
			</trkpt>
			<trkpt lat="39.17514" lon="21.90624">
				<ele>885.48</ele>
				<time>2026-08-06T18:16:28.573Z</time>
			</trkpt>
			<trkpt lat="39.17512" lon="21.90595">
				<ele>887.65</ele>
				<time>2026-08-06T18:16:29.946Z</time>
			</trkpt>
			<trkpt lat="39.17513" lon="21.90575">
				<ele>889.11</ele>
				<time>2026-08-06T18:16:30.890Z</time>
			</trkpt>
			<trkpt lat="39.17517" lon="21.90557">
				<ele>890.7</ele>
				<time>2026-08-06T18:16:31.770Z</time>
			</trkpt>
			<trkpt lat="39.17538" lon="21.90509">
				<ele>898.83</ele>
				<time>2026-08-06T18:16:34.356Z</time>
			</trkpt>
			<trkpt lat="39.17539" lon="21.90495">
				<ele>901.34</ele>
				<time>2026-08-06T18:16:35.014Z</time>
			</trkpt>
			<trkpt lat="39.17537" lon="21.9048">
				<ele>903.03</ele>
				<time>2026-08-06T18:16:35.725Z</time>
			</trkpt>
			<trkpt lat="39.17524" lon="21.90443">
				<ele>905.28</ele>
				<time>2026-08-06T18:16:37.620Z</time>
			</trkpt>
			<trkpt lat="39.17522" lon="21.90433">
				<ele>905.31</ele>
				<time>2026-08-06T18:16:38.101Z</time>
			</trkpt>
			<trkpt lat="39.17522" lon="21.90423">
				<ele>906.19</ele>
				<time>2026-08-06T18:16:38.567Z</time>
			</trkpt>
			<trkpt lat="39.17526" lon="21.90387">
				<ele>909.55</ele>
				<time>2026-08-06T18:16:40.257Z</time>
			</trkpt>
			<trkpt lat="39.17525" lon="21.90372">
				<ele>909.9</ele>
				<time>2026-08-06T18:16:40.955Z</time>
			</trkpt>
			<trkpt lat="39.17482" lon="21.90263">
				<ele>913.87</ele>
				<time>2026-08-06T18:16:46.600Z</time>
			</trkpt>
			<trkpt lat="39.1748" lon="21.90252">
				<ele>914.82</ele>
				<time>2026-08-06T18:16:47.119Z</time>
			</trkpt>
			<trkpt lat="39.17478" lon="21.90122">
				<ele>935.52</ele>
				<time>2026-08-06T18:16:53.060Z</time>
			</trkpt>
			<trkpt lat="39.17475" lon="21.90115">
				<ele>936.12</ele>
				<time>2026-08-06T18:16:53.424Z</time>
			</trkpt>
			<trkpt lat="39.17472" lon="21.9011">
				<ele>936.12</ele>
				<time>2026-08-06T18:16:53.711Z</time>
			</trkpt>
			<trkpt lat="39.17463" lon="21.90109">
				<ele>936.82</ele>
				<time>2026-08-06T18:16:54.240Z</time>
			</trkpt>
			<trkpt lat="39.1743" lon="21.90122">
				<ele>937.29</ele>
				<time>2026-08-06T18:16:56.257Z</time>
			</trkpt>
			<trkpt lat="39.17414" lon="21.90134">
				<ele>936.06</ele>
				<time>2026-08-06T18:16:57.336Z</time>
			</trkpt>
			<trkpt lat="39.17392" lon="21.90164">
				<ele>927.9</ele>
				<time>2026-08-06T18:16:59.198Z</time>
			</trkpt>
			<trkpt lat="39.17376" lon="21.90172">
				<ele>930.92</ele>
				<time>2026-08-06T18:17:00.194Z</time>
			</trkpt>
			<trkpt lat="39.17366" lon="21.90173">
				<ele>934.72</ele>
				<time>2026-08-06T18:17:00.775Z</time>
			</trkpt>
			<trkpt lat="39.17354" lon="21.90171">
				<ele>938.37</ele>
				<time>2026-08-06T18:17:01.475Z</time>
			</trkpt>
			<trkpt lat="39.17267" lon="21.90136">
				<ele>953.06</ele>
				<time>2026-08-06T18:17:06.723Z</time>
			</trkpt>
			<trkpt lat="39.17254" lon="21.90135">
				<ele>955.85</ele>
				<time>2026-08-06T18:17:07.469Z</time>
			</trkpt>
			<trkpt lat="39.17248" lon="21.90138">
				<ele>956.34</ele>
				<time>2026-08-06T18:17:07.837Z</time>
			</trkpt>
			<trkpt lat="39.17242" lon="21.90145">
				<ele>958.32</ele>
				<time>2026-08-06T18:17:08.300Z</time>
			</trkpt>
			<trkpt lat="39.17217" lon="21.90188">
				<ele>962.01</ele>
				<time>2026-08-06T18:17:10.677Z</time>
			</trkpt>
			<trkpt lat="39.17191" lon="21.90224">
				<ele>962.59</ele>
				<time>2026-08-06T18:17:12.844Z</time>
			</trkpt>
			<trkpt lat="39.17184" lon="21.9025">
				<ele>954.2</ele>
				<time>2026-08-06T18:17:14.052Z</time>
			</trkpt>
			<trkpt lat="39.17181" lon="21.90256">
				<ele>953.04</ele>
				<time>2026-08-06T18:17:14.365Z</time>
			</trkpt>
			<trkpt lat="39.17176" lon="21.90261">
				<ele>952.64</ele>
				<time>2026-08-06T18:17:14.723Z</time>
			</trkpt>
			<trkpt lat="39.17166" lon="21.90265">
				<ele>954.16</ele>
				<time>2026-08-06T18:17:15.314Z</time>
			</trkpt>
			<trkpt lat="39.17156" lon="21.90264">
				<ele>955.89</ele>
				<time>2026-08-06T18:17:15.880Z</time>
			</trkpt>
			<trkpt lat="39.1715" lon="21.9026">
				<ele>957.72</ele>
				<time>2026-08-06T18:17:16.261Z</time>
			</trkpt>
			<trkpt lat="39.17145" lon="21.90252">
				<ele>959.61</ele>
				<time>2026-08-06T18:17:16.709Z</time>
			</trkpt>
			<trkpt lat="39.17139" lon="21.90205">
				<ele>965.91</ele>
				<time>2026-08-06T18:17:18.784Z</time>
			</trkpt>
			<trkpt lat="39.17123" lon="21.90161">
				<ele>965.61</ele>
				<time>2026-08-06T18:17:20.893Z</time>
			</trkpt>
			<trkpt lat="39.17116" lon="21.90128">
				<ele>964.6</ele>
				<time>2026-08-06T18:17:22.372Z</time>
			</trkpt>
			<trkpt lat="39.17114" lon="21.90109">
				<ele>966.28</ele>
				<time>2026-08-06T18:17:23.199Z</time>
			</trkpt>
			<trkpt lat="39.17115" lon="21.90099">
				<ele>967.68</ele>
				<time>2026-08-06T18:17:23.634Z</time>
			</trkpt>
			<trkpt lat="39.17125" lon="21.90062">
				<ele>974.78</ele>
				<time>2026-08-06T18:17:25.319Z</time>
			</trkpt>
			<trkpt lat="39.17128" lon="21.90045">
				<ele>977.33</ele>
				<time>2026-08-06T18:17:26.067Z</time>
			</trkpt>
			<trkpt lat="39.17128" lon="21.90029">
				<ele>979.35</ele>
				<time>2026-08-06T18:17:26.752Z</time>
			</trkpt>
			<trkpt lat="39.17126" lon="21.90013">
				<ele>981.44</ele>
				<time>2026-08-06T18:17:27.446Z</time>
			</trkpt>
			<trkpt lat="39.17115" lon="21.89958">
				<ele>981.66</ele>
				<time>2026-08-06T18:17:29.868Z</time>
			</trkpt>
			<trkpt lat="39.17115" lon="21.89929">
				<ele>982.41</ele>
				<time>2026-08-06T18:17:31.100Z</time>
			</trkpt>
			<trkpt lat="39.17118" lon="21.89881">
				<ele>986.88</ele>
				<time>2026-08-06T18:17:33.140Z</time>
			</trkpt>
			<trkpt lat="39.17134" lon="21.89838">
				<ele>994.19</ele>
				<time>2026-08-06T18:17:35.152Z</time>
			</trkpt>
			<trkpt lat="39.17136" lon="21.89829">
				<ele>995.51</ele>
				<time>2026-08-06T18:17:35.545Z</time>
			</trkpt>
			<trkpt lat="39.17135" lon="21.89823">
				<ele>997.41</ele>
				<time>2026-08-06T18:17:35.804Z</time>
			</trkpt>
			<trkpt lat="39.17133" lon="21.89815">
				<ele>998.86</ele>
				<time>2026-08-06T18:17:36.157Z</time>
			</trkpt>
			<trkpt lat="39.17113" lon="21.89797">
				<ele>998.13</ele>
				<time>2026-08-06T18:17:37.476Z</time>
			</trkpt>
			<trkpt lat="39.17103" lon="21.89794">
				<ele>998.5</ele>
				<time>2026-08-06T18:17:38.030Z</time>
			</trkpt>
			<trkpt lat="39.1705" lon="21.89794">
				<ele>1002.69</ele>
				<time>2026-08-06T18:17:40.882Z</time>
			</trkpt>
			<trkpt lat="39.17015" lon="21.89791">
				<ele>1006.01</ele>
				<time>2026-08-06T18:17:42.759Z</time>
			</trkpt>
			<trkpt lat="39.17006" lon="21.89789">
				<ele>1006.46</ele>
				<time>2026-08-06T18:17:43.247Z</time>
			</trkpt>
			<trkpt lat="39.17001" lon="21.89785">
				<ele>1007.32</ele>
				<time>2026-08-06T18:17:43.561Z</time>
			</trkpt>
			<trkpt lat="39.16971" lon="21.89752">
				<ele>1014.09</ele>
				<time>2026-08-06T18:17:45.658Z</time>
			</trkpt>
			<trkpt lat="39.16962" lon="21.89748">
				<ele>1016.42</ele>
				<time>2026-08-06T18:17:46.163Z</time>
			</trkpt>
			<trkpt lat="39.16955" lon="21.89746">
				<ele>1017.71</ele>
				<time>2026-08-06T18:17:46.543Z</time>
			</trkpt>
			<trkpt lat="39.16942" lon="21.89748">
				<ele>1018.39</ele>
				<time>2026-08-06T18:17:47.236Z</time>
			</trkpt>
			<trkpt lat="39.16878" lon="21.89774">
				<ele>1022.71</ele>
				<time>2026-08-06T18:17:50.771Z</time>
			</trkpt>
			<trkpt lat="39.16869" lon="21.89776">
				<ele>1019.81</ele>
				<time>2026-08-06T18:17:51.250Z</time>
			</trkpt>
			<trkpt lat="39.16864" lon="21.89774">
				<ele>1019.27</ele>
				<time>2026-08-06T18:17:51.524Z</time>
			</trkpt>
			<trkpt lat="39.1686" lon="21.89769">
				<ele>1020.25</ele>
				<time>2026-08-06T18:17:51.816Z</time>
			</trkpt>
			<trkpt lat="39.16858" lon="21.89763">
				<ele>1022.69</ele>
				<time>2026-08-06T18:17:52.081Z</time>
			</trkpt>
			<trkpt lat="39.16859" lon="21.89756">
				<ele>1026.42</ele>
				<time>2026-08-06T18:17:52.370Z</time>
			</trkpt>
			<trkpt lat="39.16868" lon="21.89747">
				<ele>1032.05</ele>
				<time>2026-08-06T18:17:52.964Z</time>
			</trkpt>
			<trkpt lat="39.16883" lon="21.89741">
				<ele>1035.68</ele>
				<time>2026-08-06T18:17:53.784Z</time>
			</trkpt>
			<trkpt lat="39.16898" lon="21.89733">
				<ele>1036.57</ele>
				<time>2026-08-06T18:17:54.628Z</time>
			</trkpt>
			<trkpt lat="39.16958" lon="21.8969">
				<ele>1044.89</ele>
				<time>2026-08-06T18:17:58.183Z</time>
			</trkpt>
			<trkpt lat="39.16966" lon="21.89687">
				<ele>1045.62</ele>
				<time>2026-08-06T18:17:58.612Z</time>
			</trkpt>
			<trkpt lat="39.16974" lon="21.89686">
				<ele>1044.76</ele>
				<time>2026-08-06T18:17:59.026Z</time>
			</trkpt>
			<trkpt lat="39.17005" lon="21.89691">
				<ele>1039.68</ele>
				<time>2026-08-06T18:18:00.630Z</time>
			</trkpt>
			<trkpt lat="39.17014" lon="21.89691">
				<ele>1039.97</ele>
				<time>2026-08-06T18:18:01.091Z</time>
			</trkpt>
			<trkpt lat="39.17022" lon="21.89686">
				<ele>1040.84</ele>
				<time>2026-08-06T18:18:01.546Z</time>
			</trkpt>
			<trkpt lat="39.17026" lon="21.8968">
				<ele>1041.49</ele>
				<time>2026-08-06T18:18:01.860Z</time>
			</trkpt>
			<trkpt lat="39.17039" lon="21.89649">
				<ele>1043.91</ele>
				<time>2026-08-06T18:18:03.253Z</time>
			</trkpt>
			<trkpt lat="39.17057" lon="21.89613">
				<ele>1046.38</ele>
				<time>2026-08-06T18:18:04.941Z</time>
			</trkpt>
			<trkpt lat="39.17082" lon="21.89574">
				<ele>1045.66</ele>
				<time>2026-08-06T18:18:06.925Z</time>
			</trkpt>
			<trkpt lat="39.17103" lon="21.89555">
				<ele>1046.11</ele>
				<time>2026-08-06T18:18:08.217Z</time>
			</trkpt>
			<trkpt lat="39.17106" lon="21.89551">
				<ele>1046.04</ele>
				<time>2026-08-06T18:18:08.434Z</time>
			</trkpt>
			<trkpt lat="39.17108" lon="21.89541">
				<ele>1044.91</ele>
				<time>2026-08-06T18:18:08.836Z</time>
			</trkpt>
			<trkpt lat="39.17106" lon="21.89531">
				<ele>1042.56</ele>
				<time>2026-08-06T18:18:09.238Z</time>
			</trkpt>
			<trkpt lat="39.17083" lon="21.89509">
				<ele>1039</ele>
				<time>2026-08-06T18:18:10.671Z</time>
			</trkpt>
			<trkpt lat="39.17065" lon="21.89481">
				<ele>1035.92</ele>
				<time>2026-08-06T18:18:12.077Z</time>
			</trkpt>
			<trkpt lat="39.17052" lon="21.89446">
				<ele>1032.98</ele>
				<time>2026-08-06T18:18:13.572Z</time>
			</trkpt>
			<trkpt lat="39.17048" lon="21.89427">
				<ele>1032.58</ele>
				<time>2026-08-06T18:18:14.328Z</time>
			</trkpt>
			<trkpt lat="39.17048" lon="21.89399">
				<ele>1033.6</ele>
				<time>2026-08-06T18:18:15.400Z</time>
			</trkpt>
			<trkpt lat="39.17057" lon="21.89332">
				<ele>1025.59</ele>
				<time>2026-08-06T18:18:17.991Z</time>
			</trkpt>
			<trkpt lat="39.17062" lon="21.89306">
				<ele>1021.12</ele>
				<time>2026-08-06T18:18:19.007Z</time>
			</trkpt>
			<trkpt lat="39.17082" lon="21.8925">
				<ele>1011.9</ele>
				<time>2026-08-06T18:18:21.334Z</time>
			</trkpt>
			<trkpt lat="39.17087" lon="21.89244">
				<ele>1011.39</ele>
				<time>2026-08-06T18:18:21.665Z</time>
			</trkpt>
			<trkpt lat="39.17093" lon="21.89243">
				<ele>1012.46</ele>
				<time>2026-08-06T18:18:21.958Z</time>
			</trkpt>
			<trkpt lat="39.17121" lon="21.89253">
				<ele>1020.68</ele>
				<time>2026-08-06T18:18:23.362Z</time>
			</trkpt>
			<trkpt lat="39.1713" lon="21.89254">
				<ele>1021.34</ele>
				<time>2026-08-06T18:18:23.798Z</time>
			</trkpt>
			<trkpt lat="39.17142" lon="21.89252">
				<ele>1021.88</ele>
				<time>2026-08-06T18:18:24.380Z</time>
			</trkpt>
			<trkpt lat="39.17148" lon="21.89248">
				<ele>1022.34</ele>
				<time>2026-08-06T18:18:24.705Z</time>
			</trkpt>
			<trkpt lat="39.17153" lon="21.89242">
				<ele>1022.72</ele>
				<time>2026-08-06T18:18:25.033Z</time>
			</trkpt>
			<trkpt lat="39.17154" lon="21.89233">
				<ele>1021.9</ele>
				<time>2026-08-06T18:18:25.371Z</time>
			</trkpt>
			<trkpt lat="39.17153" lon="21.89187">
				<ele>1014.11</ele>
				<time>2026-08-06T18:18:27.077Z</time>
			</trkpt>
			<trkpt lat="39.17154" lon="21.8917">
				<ele>1010.29</ele>
				<time>2026-08-06T18:18:27.707Z</time>
			</trkpt>
			<trkpt lat="39.1716" lon="21.89154">
				<ele>1007.86</ele>
				<time>2026-08-06T18:18:28.362Z</time>
			</trkpt>
			<trkpt lat="39.17213" lon="21.89083">
				<ele>1007.4</ele>
				<time>2026-08-06T18:18:31.974Z</time>
			</trkpt>
			<trkpt lat="39.17218" lon="21.89071">
				<ele>1010.42</ele>
				<time>2026-08-06T18:18:32.470Z</time>
			</trkpt>
			<trkpt lat="39.17218" lon="21.8906">
				<ele>1010.55</ele>
				<time>2026-08-06T18:18:32.870Z</time>
			</trkpt>
			<trkpt lat="39.17215" lon="21.89049">
				<ele>1010.04</ele>
				<time>2026-08-06T18:18:33.293Z</time>
			</trkpt>
			<trkpt lat="39.1721" lon="21.89043">
				<ele>1009.34</ele>
				<time>2026-08-06T18:18:33.612Z</time>
			</trkpt>
			<trkpt lat="39.17203" lon="21.8904">
				<ele>1007.89</ele>
				<time>2026-08-06T18:18:33.957Z</time>
			</trkpt>
			<trkpt lat="39.17173" lon="21.89042">
				<ele>1001.82</ele>
				<time>2026-08-06T18:18:35.357Z</time>
			</trkpt>
			<trkpt lat="39.17149" lon="21.8904">
				<ele>997.75</ele>
				<time>2026-08-06T18:18:36.473Z</time>
			</trkpt>
			<trkpt lat="39.17135" lon="21.89034">
				<ele>995.65</ele>
				<time>2026-08-06T18:18:37.156Z</time>
			</trkpt>
			<trkpt lat="39.17099" lon="21.89005">
				<ele>989.49</ele>
				<time>2026-08-06T18:18:39.112Z</time>
			</trkpt>
			<trkpt lat="39.17091" lon="21.88995">
				<ele>988.89</ele>
				<time>2026-08-06T18:18:39.623Z</time>
			</trkpt>
			<trkpt lat="39.17076" lon="21.88964">
				<ele>990.51</ele>
				<time>2026-08-06T18:18:40.919Z</time>
			</trkpt>
			<trkpt lat="39.1707" lon="21.88957">
				<ele>988.99</ele>
				<time>2026-08-06T18:18:41.288Z</time>
			</trkpt>
			<trkpt lat="39.17054" lon="21.88944">
				<ele>982.23</ele>
				<time>2026-08-06T18:18:42.149Z</time>
			</trkpt>
			<trkpt lat="39.17047" lon="21.88934">
				<ele>979.02</ele>
				<time>2026-08-06T18:18:42.624Z</time>
			</trkpt>
			<trkpt lat="39.17042" lon="21.88917">
				<ele>976.6</ele>
				<time>2026-08-06T18:18:43.263Z</time>
			</trkpt>
			<trkpt lat="39.17042" lon="21.88905">
				<ele>976.76</ele>
				<time>2026-08-06T18:18:43.684Z</time>
			</trkpt>
			<trkpt lat="39.17051" lon="21.8886">
				<ele>980.19</ele>
				<time>2026-08-06T18:18:45.309Z</time>
			</trkpt>
			<trkpt lat="39.1705" lon="21.8885">
				<ele>982.61</ele>
				<time>2026-08-06T18:18:45.660Z</time>
			</trkpt>
			<trkpt lat="39.17046" lon="21.88843">
				<ele>983.72</ele>
				<time>2026-08-06T18:18:45.963Z</time>
			</trkpt>
			<trkpt lat="39.1704" lon="21.88839">
				<ele>983.48</ele>
				<time>2026-08-06T18:18:46.266Z</time>
			</trkpt>
			<trkpt lat="39.17033" lon="21.88838">
				<ele>982.59</ele>
				<time>2026-08-06T18:18:46.581Z</time>
			</trkpt>
			<trkpt lat="39.17001" lon="21.88839">
				<ele>974.94</ele>
				<time>2026-08-06T18:18:48.010Z</time>
			</trkpt>
			<trkpt lat="39.1699" lon="21.88836">
				<ele>970.82</ele>
				<time>2026-08-06T18:18:48.511Z</time>
			</trkpt>
			<trkpt lat="39.16986" lon="21.88832">
				<ele>969.94</ele>
				<time>2026-08-06T18:18:48.736Z</time>
			</trkpt>
			<trkpt lat="39.16952" lon="21.88765">
				<ele>967.36</ele>
				<time>2026-08-06T18:18:51.480Z</time>
			</trkpt>
			<trkpt lat="39.16939" lon="21.88753">
				<ele>964.54</ele>
				<time>2026-08-06T18:18:52.182Z</time>
			</trkpt>
			<trkpt lat="39.16911" lon="21.88735">
				<ele>954.99</ele>
				<time>2026-08-06T18:18:53.551Z</time>
			</trkpt>
			<trkpt lat="39.16906" lon="21.88728">
				<ele>953.72</ele>
				<time>2026-08-06T18:18:53.873Z</time>
			</trkpt>
			<trkpt lat="39.16905" lon="21.88719">
				<ele>953.74</ele>
				<time>2026-08-06T18:18:54.180Z</time>
			</trkpt>
			<trkpt lat="39.16909" lon="21.88711">
				<ele>954.39</ele>
				<time>2026-08-06T18:18:54.501Z</time>
			</trkpt>
			<trkpt lat="39.1693" lon="21.88682">
				<ele>955.83</ele>
				<time>2026-08-06T18:18:55.835Z</time>
			</trkpt>
			<trkpt lat="39.16952" lon="21.88647">
				<ele>947.8</ele>
				<time>2026-08-06T18:18:57.342Z</time>
			</trkpt>
			<trkpt lat="39.17015" lon="21.88593">
				<ele>948.73</ele>
				<time>2026-08-06T18:19:00.574Z</time>
			</trkpt>
			<trkpt lat="39.17031" lon="21.88588">
				<ele>947.7</ele>
				<time>2026-08-06T18:19:01.272Z</time>
			</trkpt>
			<trkpt lat="39.17037" lon="21.88588">
				<ele>947.35</ele>
				<time>2026-08-06T18:19:01.526Z</time>
			</trkpt>
			<trkpt lat="39.17059" lon="21.88596">
				<ele>948.59</ele>
				<time>2026-08-06T18:19:02.490Z</time>
			</trkpt>
			<trkpt lat="39.17068" lon="21.88592">
				<ele>947.61</ele>
				<time>2026-08-06T18:19:02.891Z</time>
			</trkpt>
			<trkpt lat="39.17072" lon="21.88587">
				<ele>946.02</ele>
				<time>2026-08-06T18:19:03.125Z</time>
			</trkpt>
			<trkpt lat="39.17073" lon="21.88579">
				<ele>944.57</ele>
				<time>2026-08-06T18:19:03.389Z</time>
			</trkpt>
			<trkpt lat="39.17072" lon="21.88569">
				<ele>944.21</ele>
				<time>2026-08-06T18:19:03.717Z</time>
			</trkpt>
			<trkpt lat="39.17068" lon="21.88559">
				<ele>943.53</ele>
				<time>2026-08-06T18:19:04.082Z</time>
			</trkpt>
			<trkpt lat="39.17042" lon="21.88536">
				<ele>943.68</ele>
				<time>2026-08-06T18:19:05.397Z</time>
			</trkpt>
			<trkpt lat="39.17028" lon="21.88531">
				<ele>943.99</ele>
				<time>2026-08-06T18:19:06.001Z</time>
			</trkpt>
			<trkpt lat="39.17018" lon="21.88533">
				<ele>945.44</ele>
				<time>2026-08-06T18:19:06.421Z</time>
			</trkpt>
			<trkpt lat="39.16986" lon="21.8855">
				<ele>941.52</ele>
				<time>2026-08-06T18:19:07.850Z</time>
			</trkpt>
			<trkpt lat="39.16953" lon="21.88565">
				<ele>933.64</ele>
				<time>2026-08-06T18:19:09.286Z</time>
			</trkpt>
			<trkpt lat="39.1692" lon="21.88575">
				<ele>924.75</ele>
				<time>2026-08-06T18:19:10.668Z</time>
			</trkpt>
			<trkpt lat="39.16902" lon="21.88575">
				<ele>921.51</ele>
				<time>2026-08-06T18:19:11.399Z</time>
			</trkpt>
			<trkpt lat="39.16884" lon="21.88569">
				<ele>921.24</ele>
				<time>2026-08-06T18:19:12.151Z</time>
			</trkpt>
			<trkpt lat="39.1687" lon="21.8857">
				<ele>925.04</ele>
				<time>2026-08-06T18:19:12.716Z</time>
			</trkpt>
			<trkpt lat="39.16849" lon="21.88586">
				<ele>928.49</ele>
				<time>2026-08-06T18:19:13.696Z</time>
			</trkpt>
			<trkpt lat="39.1683" lon="21.88626">
				<ele>921.39</ele>
				<time>2026-08-06T18:19:15.149Z</time>
			</trkpt>
			<trkpt lat="39.16787" lon="21.88663">
				<ele>917</ele>
				<time>2026-08-06T18:19:17.197Z</time>
			</trkpt>
			<trkpt lat="39.16781" lon="21.88665">
				<ele>917</ele>
				<time>2026-08-06T18:19:17.441Z</time>
			</trkpt>
			<trkpt lat="39.16767" lon="21.88664">
				<ele>916.21</ele>
				<time>2026-08-06T18:19:17.992Z</time>
			</trkpt>
			<trkpt lat="39.16743" lon="21.88652">
				<ele>918.54</ele>
				<time>2026-08-06T18:19:19.001Z</time>
			</trkpt>
			<trkpt lat="39.16733" lon="21.88652">
				<ele>918.6</ele>
				<time>2026-08-06T18:19:19.391Z</time>
			</trkpt>
			<trkpt lat="39.16719" lon="21.88666">
				<ele>913.69</ele>
				<time>2026-08-06T18:19:20.080Z</time>
			</trkpt>
			<trkpt lat="39.16705" lon="21.88693">
				<ele>906.65</ele>
				<time>2026-08-06T18:19:21.057Z</time>
			</trkpt>
			<trkpt lat="39.16695" lon="21.88696">
				<ele>906.45</ele>
				<time>2026-08-06T18:19:21.453Z</time>
			</trkpt>
			<trkpt lat="39.16676" lon="21.88696">
				<ele>906.07</ele>
				<time>2026-08-06T18:19:22.185Z</time>
			</trkpt>
			<trkpt lat="39.16642" lon="21.88691">
				<ele>903.02</ele>
				<time>2026-08-06T18:19:23.496Z</time>
			</trkpt>
			<trkpt lat="39.16614" lon="21.88685">
				<ele>901.84</ele>
				<time>2026-08-06T18:19:24.576Z</time>
			</trkpt>
			<trkpt lat="39.16607" lon="21.88681">
				<ele>902.04</ele>
				<time>2026-08-06T18:19:24.867Z</time>
			</trkpt>
			<trkpt lat="39.16574" lon="21.88646">
				<ele>900.97</ele>
				<time>2026-08-06T18:19:26.479Z</time>
			</trkpt>
			<trkpt lat="39.16536" lon="21.88613">
				<ele>891.13</ele>
				<time>2026-08-06T18:19:28.192Z</time>
			</trkpt>
			<trkpt lat="39.16507" lon="21.88589">
				<ele>890.42</ele>
				<time>2026-08-06T18:19:29.469Z</time>
			</trkpt>
			<trkpt lat="39.16499" lon="21.88579">
				<ele>888.82</ele>
				<time>2026-08-06T18:19:29.880Z</time>
			</trkpt>
			<trkpt lat="39.16493" lon="21.88567">
				<ele>888.53</ele>
				<time>2026-08-06T18:19:30.288Z</time>
			</trkpt>
			<trkpt lat="39.16488" lon="21.88548">
				<ele>886.23</ele>
				<time>2026-08-06T18:19:30.859Z</time>
			</trkpt>
			<trkpt lat="39.16485" lon="21.88513">
				<ele>884.91</ele>
				<time>2026-08-06T18:19:31.857Z</time>
			</trkpt>
			<trkpt lat="39.16482" lon="21.88494">
				<ele>884.16</ele>
				<time>2026-08-06T18:19:32.403Z</time>
			</trkpt>
			<trkpt lat="39.16474" lon="21.88477">
				<ele>883.16</ele>
				<time>2026-08-06T18:19:32.962Z</time>
			</trkpt>
			<trkpt lat="39.16465" lon="21.88466">
				<ele>882.58</ele>
				<time>2026-08-06T18:19:33.410Z</time>
			</trkpt>
			<trkpt lat="39.1641" lon="21.88421">
				<ele>872.42</ele>
				<time>2026-08-06T18:19:35.744Z</time>
			</trkpt>
			<trkpt lat="39.16403" lon="21.88416">
				<ele>871.57</ele>
				<time>2026-08-06T18:19:36.029Z</time>
			</trkpt>
			<trkpt lat="39.16394" lon="21.88413">
				<ele>870.84</ele>
				<time>2026-08-06T18:19:36.359Z</time>
			</trkpt>
			<trkpt lat="39.16337" lon="21.88405">
				<ele>872.57</ele>
				<time>2026-08-06T18:19:38.378Z</time>
			</trkpt>
			<trkpt lat="39.16329" lon="21.88403">
				<ele>872.7</ele>
				<time>2026-08-06T18:19:38.662Z</time>
			</trkpt>
			<trkpt lat="39.1632" lon="21.88398">
				<ele>872.58</ele>
				<time>2026-08-06T18:19:39.004Z</time>
			</trkpt>
			<trkpt lat="39.16313" lon="21.88389">
				<ele>872.15</ele>
				<time>2026-08-06T18:19:39.348Z</time>
			</trkpt>
			<trkpt lat="39.16273" lon="21.883">
				<ele>867.47</ele>
				<time>2026-08-06T18:19:42.095Z</time>
			</trkpt>
			<trkpt lat="39.16263" lon="21.88286">
				<ele>868.38</ele>
				<time>2026-08-06T18:19:42.598Z</time>
			</trkpt>
			<trkpt lat="39.16251" lon="21.88277">
				<ele>866.98</ele>
				<time>2026-08-06T18:19:43.069Z</time>
			</trkpt>
			<trkpt lat="39.16225" lon="21.88262">
				<ele>862.41</ele>
				<time>2026-08-06T18:19:44.031Z</time>
			</trkpt>
			<trkpt lat="39.16161" lon="21.88249">
				<ele>854.16</ele>
				<time>2026-08-06T18:19:46.194Z</time>
			</trkpt>
			<trkpt lat="39.16155" lon="21.88246">
				<ele>853.95</ele>
				<time>2026-08-06T18:19:46.407Z</time>
			</trkpt>
			<trkpt lat="39.16144" lon="21.88235">
				<ele>854.72</ele>
				<time>2026-08-06T18:19:46.867Z</time>
			</trkpt>
			<trkpt lat="39.16124" lon="21.8822">
				<ele>853.21</ele>
				<time>2026-08-06T18:19:47.627Z</time>
			</trkpt>
			<trkpt lat="39.16102" lon="21.88206">
				<ele>847.18</ele>
				<time>2026-08-06T18:19:48.429Z</time>
			</trkpt>
			<trkpt lat="39.16095" lon="21.882">
				<ele>845.44</ele>
				<time>2026-08-06T18:19:48.702Z</time>
			</trkpt>
			<trkpt lat="39.16093" lon="21.88195">
				<ele>845.28</ele>
				<time>2026-08-06T18:19:48.844Z</time>
			</trkpt>
			<trkpt lat="39.16093" lon="21.88184">
				<ele>843.71</ele>
				<time>2026-08-06T18:19:49.121Z</time>
			</trkpt>
			<trkpt lat="39.16095" lon="21.88174">
				<ele>843.28</ele>
				<time>2026-08-06T18:19:49.380Z</time>
			</trkpt>
			<trkpt lat="39.16121" lon="21.88131">
				<ele>853.12</ele>
				<time>2026-08-06T18:19:50.740Z</time>
			</trkpt>
			<trkpt lat="39.16123" lon="21.88119">
				<ele>853.45</ele>
				<time>2026-08-06T18:19:51.044Z</time>
			</trkpt>
			<trkpt lat="39.16121" lon="21.88113">
				<ele>852.31</ele>
				<time>2026-08-06T18:19:51.205Z</time>
			</trkpt>
			<trkpt lat="39.16118" lon="21.88109">
				<ele>851.1</ele>
				<time>2026-08-06T18:19:51.342Z</time>
			</trkpt>
			<trkpt lat="39.16095" lon="21.88092">
				<ele>845.49</ele>
				<time>2026-08-06T18:19:52.183Z</time>
			</trkpt>
			<trkpt lat="39.16077" lon="21.88061">
				<ele>848.99</ele>
				<time>2026-08-06T18:19:53.129Z</time>
			</trkpt>
			<trkpt lat="39.1607" lon="21.88054">
				<ele>849.88</ele>
				<time>2026-08-06T18:19:53.406Z</time>
			</trkpt>
			<trkpt lat="39.16061" lon="21.8805">
				<ele>849.72</ele>
				<time>2026-08-06T18:19:53.704Z</time>
			</trkpt>
			<trkpt lat="39.16028" lon="21.88043">
				<ele>842.55</ele>
				<time>2026-08-06T18:19:54.743Z</time>
			</trkpt>
			<trkpt lat="39.16024" lon="21.8804">
				<ele>841.7</ele>
				<time>2026-08-06T18:19:54.886Z</time>
			</trkpt>
			<trkpt lat="39.1602" lon="21.8803">
				<ele>841.73</ele>
				<time>2026-08-06T18:19:55.155Z</time>
			</trkpt>
			<trkpt lat="39.16019" lon="21.87979">
				<ele>843.06</ele>
				<time>2026-08-06T18:19:56.368Z</time>
			</trkpt>
			<trkpt lat="39.16018" lon="21.87972">
				<ele>843.31</ele>
				<time>2026-08-06T18:19:56.536Z</time>
			</trkpt>
			<trkpt lat="39.16011" lon="21.87964">
				<ele>843.91</ele>
				<time>2026-08-06T18:19:56.820Z</time>
			</trkpt>
			<trkpt lat="39.15984" lon="21.87953">
				<ele>842.25</ele>
				<time>2026-08-06T18:19:57.676Z</time>
			</trkpt>
			<trkpt lat="39.1593" lon="21.87938">
				<ele>835.74</ele>
				<time>2026-08-06T18:19:59.328Z</time>
			</trkpt>
			<trkpt lat="39.15856" lon="21.87939">
				<ele>823.78</ele>
				<time>2026-08-06T18:20:01.499Z</time>
			</trkpt>
			<trkpt lat="39.15848" lon="21.87938">
				<ele>823.05</ele>
				<time>2026-08-06T18:20:01.733Z</time>
			</trkpt>
			<trkpt lat="39.15829" lon="21.87928">
				<ele>822.6</ele>
				<time>2026-08-06T18:20:02.325Z</time>
			</trkpt>
			<trkpt lat="39.15818" lon="21.87925">
				<ele>823.58</ele>
				<time>2026-08-06T18:20:02.648Z</time>
			</trkpt>
			<trkpt lat="39.15809" lon="21.87926">
				<ele>823.8</ele>
				<time>2026-08-06T18:20:02.907Z</time>
			</trkpt>
			<trkpt lat="39.15792" lon="21.87936">
				<ele>823.64</ele>
				<time>2026-08-06T18:20:03.440Z</time>
			</trkpt>
			<trkpt lat="39.15781" lon="21.8794">
				<ele>824.25</ele>
				<time>2026-08-06T18:20:03.765Z</time>
			</trkpt>
			<trkpt lat="39.1575" lon="21.87943">
				<ele>822.36</ele>
				<time>2026-08-06T18:20:04.643Z</time>
			</trkpt>
			<trkpt lat="39.15712" lon="21.87942">
				<ele>820.42</ele>
				<time>2026-08-06T18:20:05.704Z</time>
			</trkpt>
			<trkpt lat="39.15701" lon="21.8794">
				<ele>819.59</ele>
				<time>2026-08-06T18:20:06.012Z</time>
			</trkpt>
			<trkpt lat="39.15692" lon="21.87936">
				<ele>819.52</ele>
				<time>2026-08-06T18:20:06.275Z</time>
			</trkpt>
			<trkpt lat="39.15633" lon="21.87871">
				<ele>821.25</ele>
				<time>2026-08-06T18:20:08.391Z</time>
			</trkpt>
			<trkpt lat="39.15617" lon="21.87848">
				<ele>820.67</ele>
				<time>2026-08-06T18:20:09.033Z</time>
			</trkpt>
			<trkpt lat="39.15584" lon="21.87782">
				<ele>816.82</ele>
				<time>2026-08-06T18:20:10.644Z</time>
			</trkpt>
			<trkpt lat="39.15579" lon="21.87768">
				<ele>816.53</ele>
				<time>2026-08-06T18:20:10.956Z</time>
			</trkpt>
			<trkpt lat="39.15576" lon="21.87753">
				<ele>816.97</ele>
				<time>2026-08-06T18:20:11.269Z</time>
			</trkpt>
			<trkpt lat="39.15572" lon="21.87713">
				<ele>818.75</ele>
				<time>2026-08-06T18:20:12.077Z</time>
			</trkpt>
			<trkpt lat="39.1557" lon="21.87699">
				<ele>818.4</ele>
				<time>2026-08-06T18:20:12.360Z</time>
			</trkpt>
			<trkpt lat="39.15564" lon="21.8769">
				<ele>816.95</ele>
				<time>2026-08-06T18:20:12.595Z</time>
			</trkpt>
			<trkpt lat="39.15554" lon="21.87684">
				<ele>813.99</ele>
				<time>2026-08-06T18:20:12.876Z</time>
			</trkpt>
			<trkpt lat="39.15519" lon="21.87668">
				<ele>809.21</ele>
				<time>2026-08-06T18:20:13.815Z</time>
			</trkpt>
			<trkpt lat="39.15504" lon="21.87657">
				<ele>808.49</ele>
				<time>2026-08-06T18:20:14.247Z</time>
			</trkpt>
			<trkpt lat="39.15486" lon="21.87641">
				<ele>808.22</ele>
				<time>2026-08-06T18:20:14.790Z</time>
			</trkpt>
			<trkpt lat="39.15472" lon="21.87625">
				<ele>807.49</ele>
				<time>2026-08-06T18:20:15.252Z</time>
			</trkpt>
			<trkpt lat="39.15443" lon="21.87585">
				<ele>805.87</ele>
				<time>2026-08-06T18:20:16.288Z</time>
			</trkpt>
			<trkpt lat="39.15424" lon="21.87562">
				<ele>806.04</ele>
				<time>2026-08-06T18:20:16.916Z</time>
			</trkpt>
			<trkpt lat="39.15417" lon="21.8755">
				<ele>806.54</ele>
				<time>2026-08-06T18:20:17.195Z</time>
			</trkpt>
			<trkpt lat="39.15412" lon="21.87539">
				<ele>807.45</ele>
				<time>2026-08-06T18:20:17.430Z</time>
			</trkpt>
			<trkpt lat="39.15404" lon="21.87499">
				<ele>811.12</ele>
				<time>2026-08-06T18:20:18.188Z</time>
			</trkpt>
			<trkpt lat="39.15396" lon="21.87449">
				<ele>808.3</ele>
				<time>2026-08-06T18:20:19.112Z</time>
			</trkpt>
			<trkpt lat="39.15389" lon="21.87421">
				<ele>803.81</ele>
				<time>2026-08-06T18:20:19.638Z</time>
			</trkpt>
			<trkpt lat="39.1539" lon="21.87403">
				<ele>802.39</ele>
				<time>2026-08-06T18:20:19.958Z</time>
			</trkpt>
			<trkpt lat="39.15399" lon="21.87366">
				<ele>803.18</ele>
				<time>2026-08-06T18:20:20.640Z</time>
			</trkpt>
			<trkpt lat="39.15399" lon="21.87345">
				<ele>803.09</ele>
				<time>2026-08-06T18:20:21.006Z</time>
			</trkpt>
			<trkpt lat="39.15397" lon="21.87338">
				<ele>802.81</ele>
				<time>2026-08-06T18:20:21.136Z</time>
			</trkpt>
			<trkpt lat="39.15362" lon="21.87287">
				<ele>798.43</ele>
				<time>2026-08-06T18:20:22.304Z</time>
			</trkpt>
			<trkpt lat="39.15351" lon="21.87265">
				<ele>797.97</ele>
				<time>2026-08-06T18:20:22.746Z</time>
			</trkpt>
			<trkpt lat="39.15344" lon="21.87256">
				<ele>797.68</ele>
				<time>2026-08-06T18:20:22.960Z</time>
			</trkpt>
			<trkpt lat="39.15338" lon="21.87251">
				<ele>797.36</ele>
				<time>2026-08-06T18:20:23.114Z</time>
			</trkpt>
			<trkpt lat="39.15298" lon="21.87256">
				<ele>793.46</ele>
				<time>2026-08-06T18:20:23.973Z</time>
			</trkpt>
		</trkseg>
	</trk>
</gpx>