<?xml version="1.0" encoding="UTF-8"?>
<gpx version="1.1" creator="Kurviger" xmlns="http://www.topografix.com/GPX/1/1" xmlns:xsi="http://www.w3.org/2001/XMLSchema-instance" xsi:schemaLocation="http://www.topografix.com/GPX/1/1 http://www.topografix.com/GPX/1/1/gpx.xsd http://www.garmin.com/xmlschemas/GpxExtensions/v3 http://www.garmin.com/xmlschemas/GpxExtensionsv3.xsd http://www.garmin.com/xmlschemas/TripExtensions/v1 http://www.garmin.com/xmlschemas/TripExtensionsv1.xsd" xmlns:gpxx="http://www.garmin.com/xmlschemas/GpxExtensions/v3" xmlns:trp="http://www.garmin.com/xmlschemas/TripExtensions/v1">
	<metadata>
		<name>DAY 6 - Ioannina to Konitsa</name>
		<copyright author="OpenStreetMap contributors"/>
		<link href="https://kurviger.com">
			<text>Kurviger.com GPX</text>
		</link>
		<time>2026-08-06T16:25:12.614Z</time>
	</metadata>
	<wpt lat="39.772584" lon="20.677149">
		<name>Start</name>
		<sym>Flag, Green</sym>
		<type>start</type>
	</wpt>
	<wpt lat="39.672551" lon="20.855524">
		<name>Via Point 1</name>
		<sym>Flag, Blue</sym>
		<type>via</type>
	</wpt>
	<wpt lat="39.775429" lon="20.751972">
		<name>Shaping Point 2</name>
		<sym>Waypoint</sym>
		<type>shaping</type>
	</wpt>
	<wpt lat="39.888665" lon="20.624256">
		<name>Shaping Point 3</name>
		<sym>Waypoint</sym>
		<type>shaping</type>
	</wpt>
	<wpt lat="40.048511" lon="20.759997">
		<name>Destination</name>
		<sym>Flag, Red</sym>
		<type>destination</type>
	</wpt>
	<trk>
		<name>DAY 6 - Ioannina to Konitsa</name>
		<trkseg>
			<trkpt lat="39.77257" lon="20.67713">
				<ele>615.75</ele>
				<time>2026-08-06T16:25:12.614Z</time>
			</trkpt>
			<trkpt lat="39.77259" lon="20.6771">
				<ele>615.06</ele>
				<time>2026-08-06T16:25:13.358Z</time>
			</trkpt>
			<trkpt lat="39.77222" lon="20.67638">
				<ele>614.96</ele>
				<time>2026-08-06T16:25:21.840Z</time>
			</trkpt>
			<trkpt lat="39.77208" lon="20.67616">
				<ele>615.18</ele>
				<time>2026-08-06T16:25:24.497Z</time>
			</trkpt>
			<trkpt lat="39.77201" lon="20.67603">
				<ele>615.18</ele>
				<time>2026-08-06T16:25:25.947Z</time>
			</trkpt>
			<trkpt lat="39.77151" lon="20.67432">
				<ele>612.12</ele>
				<time>2026-08-06T16:25:41.309Z</time>
			</trkpt>
			<trkpt lat="39.77124" lon="20.67329">
				<ele>612</ele>
				<time>2026-08-06T16:25:49.366Z</time>
			</trkpt>
			<trkpt lat="39.7708" lon="20.67109">
				<ele>613.83</ele>
				<time>2026-08-06T16:26:03.973Z</time>
			</trkpt>
			<trkpt lat="39.77072" lon="20.67054">
				<ele>612.54</ele>
				<time>2026-08-06T16:26:07.167Z</time>
			</trkpt>
			<trkpt lat="39.7706" lon="20.67021">
				<ele>610.94</ele>
				<time>2026-08-06T16:26:09.175Z</time>
			</trkpt>
			<trkpt lat="39.76938" lon="20.66793">
				<ele>610.22</ele>
				<time>2026-08-06T16:26:22.809Z</time>
			</trkpt>
			<trkpt lat="39.76665" lon="20.66291">
				<ele>606.53</ele>
				<time>2026-08-06T16:26:47.490Z</time>
			</trkpt>
			<trkpt lat="39.76629" lon="20.66228">
				<ele>606.64</ele>
				<time>2026-08-06T16:26:50.597Z</time>
			</trkpt>
			<trkpt lat="39.76555" lon="20.66079">
				<ele>607.3</ele>
				<time>2026-08-06T16:26:57.957Z</time>
			</trkpt>
			<trkpt lat="39.76534" lon="20.66032">
				<ele>609.19</ele>
				<time>2026-08-06T16:27:00.344Z</time>
			</trkpt>
			<trkpt lat="39.76481" lon="20.65902">
				<ele>611.52</ele>
				<time>2026-08-06T16:27:07.220Z</time>
			</trkpt>
			<trkpt lat="39.76469" lon="20.65861">
				<ele>612.21</ele>
				<time>2026-08-06T16:27:09.407Z</time>
			</trkpt>
			<trkpt lat="39.76457" lon="20.65829">
				<ele>614.59</ele>
				<time>2026-08-06T16:27:11.234Z</time>
			</trkpt>
			<trkpt lat="39.76429" lon="20.65791">
				<ele>615.52</ele>
				<time>2026-08-06T16:27:14.027Z</time>
			</trkpt>
			<trkpt lat="39.76422" lon="20.65777">
				<ele>615.79</ele>
				<time>2026-08-06T16:27:14.937Z</time>
			</trkpt>
			<trkpt lat="39.76411" lon="20.65702">
				<ele>617.94</ele>
				<time>2026-08-06T16:27:19.255Z</time>
			</trkpt>
			<trkpt lat="39.76406" lon="20.65685">
				<ele>618.67</ele>
				<time>2026-08-06T16:27:20.324Z</time>
			</trkpt>
			<trkpt lat="39.76363" lon="20.65587">
				<ele>620.97</ele>
				<time>2026-08-06T16:27:27.325Z</time>
			</trkpt>
			<trkpt lat="39.76336" lon="20.65589">
				<ele>623.9</ele>
				<time>2026-08-06T16:27:29.637Z</time>
			</trkpt>
			<trkpt lat="39.76289" lon="20.65586">
				<ele>626.57</ele>
				<time>2026-08-06T16:27:33.773Z</time>
			</trkpt>
			<trkpt lat="39.76267" lon="20.65581">
				<ele>627.1</ele>
				<time>2026-08-06T16:27:35.783Z</time>
			</trkpt>
			<trkpt lat="39.76256" lon="20.65577">
				<ele>627.63</ele>
				<time>2026-08-06T16:27:36.823Z</time>
			</trkpt>
			<trkpt lat="39.7624" lon="20.65567">
				<ele>629.97</ele>
				<time>2026-08-06T16:27:38.454Z</time>
			</trkpt>
			<trkpt lat="39.76207" lon="20.65528">
				<ele>633.43</ele>
				<time>2026-08-06T16:27:42.627Z</time>
			</trkpt>
			<trkpt lat="39.76197" lon="20.65519">
				<ele>632.48</ele>
				<time>2026-08-06T16:27:43.783Z</time>
			</trkpt>
			<trkpt lat="39.76162" lon="20.65495">
				<ele>633.06</ele>
				<time>2026-08-06T16:27:47.598Z</time>
			</trkpt>
			<trkpt lat="39.76153" lon="20.6549">
				<ele>633.59</ele>
				<time>2026-08-06T16:27:48.553Z</time>
			</trkpt>
			<trkpt lat="39.76124" lon="20.65479">
				<ele>636.1</ele>
				<time>2026-08-06T16:27:51.530Z</time>
			</trkpt>
			<trkpt lat="39.76094" lon="20.65476">
				<ele>640.41</ele>
				<time>2026-08-06T16:27:54.534Z</time>
			</trkpt>
			<trkpt lat="39.76035" lon="20.65476">
				<ele>644.69</ele>
				<time>2026-08-06T16:28:00.532Z</time>
			</trkpt>
			<trkpt lat="39.76013" lon="20.65468">
				<ele>647.18</ele>
				<time>2026-08-06T16:28:02.889Z</time>
			</trkpt>
			<trkpt lat="39.75988" lon="20.65458">
				<ele>649.97</ele>
				<time>2026-08-06T16:28:05.610Z</time>
			</trkpt>
			<trkpt lat="39.7598" lon="20.65456">
				<ele>650.99</ele>
				<time>2026-08-06T16:28:06.461Z</time>
			</trkpt>
			<trkpt lat="39.75961" lon="20.65459">
				<ele>652.66</ele>
				<time>2026-08-06T16:28:08.470Z</time>
			</trkpt>
			<trkpt lat="39.75941" lon="20.65459">
				<ele>654.25</ele>
				<time>2026-08-06T16:28:10.581Z</time>
			</trkpt>
			<trkpt lat="39.75925" lon="20.65456">
				<ele>656.52</ele>
				<time>2026-08-06T16:28:12.295Z</time>
			</trkpt>
			<trkpt lat="39.75899" lon="20.65445">
				<ele>659.79</ele>
				<time>2026-08-06T16:28:15.210Z</time>
			</trkpt>
			<trkpt lat="39.75795" lon="20.65424">
				<ele>668.73</ele>
				<time>2026-08-06T16:28:26.575Z</time>
			</trkpt>
			<trkpt lat="39.75781" lon="20.65416">
				<ele>671.32</ele>
				<time>2026-08-06T16:28:28.242Z</time>
			</trkpt>
			<trkpt lat="39.7577" lon="20.65405">
				<ele>673.1</ele>
				<time>2026-08-06T16:28:29.757Z</time>
			</trkpt>
			<trkpt lat="39.75731" lon="20.65362">
				<ele>678.02</ele>
				<time>2026-08-06T16:28:35.355Z</time>
			</trkpt>
			<trkpt lat="39.75725" lon="20.65353">
				<ele>678.41</ele>
				<time>2026-08-06T16:28:36.360Z</time>
			</trkpt>
			<trkpt lat="39.75718" lon="20.65336">
				<ele>678.88</ele>
				<time>2026-08-06T16:28:37.988Z</time>
			</trkpt>
			<trkpt lat="39.75713" lon="20.65317">
				<ele>680.27</ele>
				<time>2026-08-06T16:28:39.684Z</time>
			</trkpt>
			<trkpt lat="39.75711" lon="20.65299">
				<ele>681.72</ele>
				<time>2026-08-06T16:28:41.221Z</time>
			</trkpt>
			<trkpt lat="39.75712" lon="20.65275">
				<ele>684.89</ele>
				<time>2026-08-06T16:28:43.253Z</time>
			</trkpt>
			<trkpt lat="39.75717" lon="20.65238">
				<ele>689.92</ele>
				<time>2026-08-06T16:28:46.428Z</time>
			</trkpt>
			<trkpt lat="39.75717" lon="20.65212">
				<ele>690.93</ele>
				<time>2026-08-06T16:28:48.625Z</time>
			</trkpt>
			<trkpt lat="39.75712" lon="20.65188">
				<ele>691.52</ele>
				<time>2026-08-06T16:28:50.724Z</time>
			</trkpt>
			<trkpt lat="39.75704" lon="20.65167">
				<ele>692.9</ele>
				<time>2026-08-06T16:28:52.701Z</time>
			</trkpt>
			<trkpt lat="39.75692" lon="20.65144">
				<ele>692.66</ele>
				<time>2026-08-06T16:28:55.042Z</time>
			</trkpt>
			<trkpt lat="39.75683" lon="20.65131">
				<ele>693.12</ele>
				<time>2026-08-06T16:28:56.513Z</time>
			</trkpt>
			<trkpt lat="39.75664" lon="20.65113">
				<ele>693.29</ele>
				<time>2026-08-06T16:28:59.079Z</time>
			</trkpt>
			<trkpt lat="39.75654" lon="20.65104">
				<ele>692.45</ele>
				<time>2026-08-06T16:29:00.405Z</time>
			</trkpt>
			<trkpt lat="39.75618" lon="20.65091">
				<ele>689.92</ele>
				<time>2026-08-06T16:29:04.462Z</time>
			</trkpt>
			<trkpt lat="39.75602" lon="20.65088">
				<ele>689.71</ele>
				<time>2026-08-06T16:29:06.211Z</time>
			</trkpt>
			<trkpt lat="39.75569" lon="20.6509">
				<ele>691.32</ele>
				<time>2026-08-06T16:29:09.768Z</time>
			</trkpt>
			<trkpt lat="39.75555" lon="20.65089">
				<ele>691.66</ele>
				<time>2026-08-06T16:29:11.271Z</time>
			</trkpt>
			<trkpt lat="39.75512" lon="20.65074">
				<ele>685.82</ele>
				<time>2026-08-06T16:29:16.012Z</time>
			</trkpt>
			<trkpt lat="39.75477" lon="20.6507">
				<ele>680.66</ele>
				<time>2026-08-06T16:29:19.716Z</time>
			</trkpt>
			<trkpt lat="39.75464" lon="20.65064">
				<ele>680.31</ele>
				<time>2026-08-06T16:29:21.160Z</time>
			</trkpt>
			<trkpt lat="39.7546" lon="20.65059">
				<ele>680.45</ele>
				<time>2026-08-06T16:29:21.740Z</time>
			</trkpt>
			<trkpt lat="39.75426" lon="20.65001">
				<ele>676.56</ele>
				<time>2026-08-06T16:29:27.536Z</time>
			</trkpt>
			<trkpt lat="39.75412" lon="20.64981">
				<ele>673.38</ele>
				<time>2026-08-06T16:29:29.657Z</time>
			</trkpt>
			<trkpt lat="39.75375" lon="20.64945">
				<ele>667.73</ele>
				<time>2026-08-06T16:29:34.308Z</time>
			</trkpt>
			<trkpt lat="39.7535" lon="20.64913">
				<ele>662.47</ele>
				<time>2026-08-06T16:29:37.779Z</time>
			</trkpt>
			<trkpt lat="39.75331" lon="20.64899">
				<ele>659.29</ele>
				<time>2026-08-06T16:29:39.911Z</time>
			</trkpt>
			<trkpt lat="39.75313" lon="20.64891">
				<ele>657.59</ele>
				<time>2026-08-06T16:29:41.749Z</time>
			</trkpt>
			<trkpt lat="39.75272" lon="20.64883">
				<ele>656.83</ele>
				<time>2026-08-06T16:29:45.693Z</time>
			</trkpt>
			<trkpt lat="39.75258" lon="20.64884">
				<ele>657.27</ele>
				<time>2026-08-06T16:29:47.006Z</time>
			</trkpt>
			<trkpt lat="39.752" lon="20.649">
				<ele>657.27</ele>
				<time>2026-08-06T16:29:52.437Z</time>
			</trkpt>
			<trkpt lat="39.75202" lon="20.6495">
				<ele>658.75</ele>
				<time>2026-08-06T16:29:55.882Z</time>
			</trkpt>
			<trkpt lat="39.75225" lon="20.65028">
				<ele>665.01</ele>
				<time>2026-08-06T16:30:01.612Z</time>
			</trkpt>
			<trkpt lat="39.75225" lon="20.65039">
				<ele>665.72</ele>
				<time>2026-08-06T16:30:02.365Z</time>
			</trkpt>
			<trkpt lat="39.75223" lon="20.65045">
				<ele>665.54</ele>
				<time>2026-08-06T16:30:02.813Z</time>
			</trkpt>
			<trkpt lat="39.75214" lon="20.65054">
				<ele>665.38</ele>
				<time>2026-08-06T16:30:03.822Z</time>
			</trkpt>
			<trkpt lat="39.75206" lon="20.65056">
				<ele>665.23</ele>
				<time>2026-08-06T16:30:04.547Z</time>
			</trkpt>
			<trkpt lat="39.75162" lon="20.65052">
				<ele>662.93</ele>
				<time>2026-08-06T16:30:08.463Z</time>
			</trkpt>
			<trkpt lat="39.75143" lon="20.65053">
				<ele>661.02</ele>
				<time>2026-08-06T16:30:10.148Z</time>
			</trkpt>
			<trkpt lat="39.75128" lon="20.65059">
				<ele>660.41</ele>
				<time>2026-08-06T16:30:11.537Z</time>
			</trkpt>
			<trkpt lat="39.75108" lon="20.65071">
				<ele>661.57</ele>
				<time>2026-08-06T16:30:13.485Z</time>
			</trkpt>
			<trkpt lat="39.75097" lon="20.65082">
				<ele>664.17</ele>
				<time>2026-08-06T16:30:14.711Z</time>
			</trkpt>
			<trkpt lat="39.75079" lon="20.65107">
				<ele>668.54</ele>
				<time>2026-08-06T16:30:17.035Z</time>
			</trkpt>
			<trkpt lat="39.75072" lon="20.65112">
				<ele>669.17</ele>
				<time>2026-08-06T16:30:17.739Z</time>
			</trkpt>
			<trkpt lat="39.75058" lon="20.65114">
				<ele>668.39</ele>
				<time>2026-08-06T16:30:18.980Z</time>
			</trkpt>
			<trkpt lat="39.75036" lon="20.6511">
				<ele>665.5</ele>
				<time>2026-08-06T16:30:20.936Z</time>
			</trkpt>
			<trkpt lat="39.75022" lon="20.65111">
				<ele>664.49</ele>
				<time>2026-08-06T16:30:22.169Z</time>
			</trkpt>
			<trkpt lat="39.75011" lon="20.65114">
				<ele>663.83</ele>
				<time>2026-08-06T16:30:23.157Z</time>
			</trkpt>
			<trkpt lat="39.75002" lon="20.65122">
				<ele>663.57</ele>
				<time>2026-08-06T16:30:24.114Z</time>
			</trkpt>
			<trkpt lat="39.74996" lon="20.6513">
				<ele>663.5</ele>
				<time>2026-08-06T16:30:24.868Z</time>
			</trkpt>
			<trkpt lat="39.74975" lon="20.65175">
				<ele>669.2</ele>
				<time>2026-08-06T16:30:28.416Z</time>
			</trkpt>
			<trkpt lat="39.7497" lon="20.65182">
				<ele>670.58</ele>
				<time>2026-08-06T16:30:29.059Z</time>
			</trkpt>
			<trkpt lat="39.74966" lon="20.65188">
				<ele>671.92</ele>
				<time>2026-08-06T16:30:29.593Z</time>
			</trkpt>
			<trkpt lat="39.74958" lon="20.65193">
				<ele>672.83</ele>
				<time>2026-08-06T16:30:30.370Z</time>
			</trkpt>
			<trkpt lat="39.74948" lon="20.65193">
				<ele>671.96</ele>
				<time>2026-08-06T16:30:31.244Z</time>
			</trkpt>
			<trkpt lat="39.74936" lon="20.65185">
				<ele>671.23</ele>
				<time>2026-08-06T16:30:32.422Z</time>
			</trkpt>
			<trkpt lat="39.74925" lon="20.65174">
				<ele>670.54</ele>
				<time>2026-08-06T16:30:33.634Z</time>
			</trkpt>
			<trkpt lat="39.74889" lon="20.6515">
				<ele>669.94</ele>
				<time>2026-08-06T16:30:37.160Z</time>
			</trkpt>
			<trkpt lat="39.74881" lon="20.65148">
				<ele>669.21</ele>
				<time>2026-08-06T16:30:37.870Z</time>
			</trkpt>
			<trkpt lat="39.74873" lon="20.65149">
				<ele>669.09</ele>
				<time>2026-08-06T16:30:38.569Z</time>
			</trkpt>
			<trkpt lat="39.74865" lon="20.6515">
				<ele>669.28</ele>
				<time>2026-08-06T16:30:39.268Z</time>
			</trkpt>
			<trkpt lat="39.74813" lon="20.65174">
				<ele>668.06</ele>
				<time>2026-08-06T16:30:44.059Z</time>
			</trkpt>
			<trkpt lat="39.74799" lon="20.65182">
				<ele>667.04</ele>
				<time>2026-08-06T16:30:45.384Z</time>
			</trkpt>
			<trkpt lat="39.74765" lon="20.65225">
				<ele>669.41</ele>
				<time>2026-08-06T16:30:49.488Z</time>
			</trkpt>
			<trkpt lat="39.74748" lon="20.65245">
				<ele>672.97</ele>
				<time>2026-08-06T16:30:51.467Z</time>
			</trkpt>
			<trkpt lat="39.74724" lon="20.65254">
				<ele>673.82</ele>
				<time>2026-08-06T16:30:53.621Z</time>
			</trkpt>
			<trkpt lat="39.74687" lon="20.65261">
				<ele>670.34</ele>
				<time>2026-08-06T16:30:56.840Z</time>
			</trkpt>
			<trkpt lat="39.74662" lon="20.65274">
				<ele>669.85</ele>
				<time>2026-08-06T16:30:59.154Z</time>
			</trkpt>
			<trkpt lat="39.74645" lon="20.65296">
				<ele>669.29</ele>
				<time>2026-08-06T16:31:01.213Z</time>
			</trkpt>
			<trkpt lat="39.74622" lon="20.65357">
				<ele>673.65</ele>
				<time>2026-08-06T16:31:05.687Z</time>
			</trkpt>
			<trkpt lat="39.74604" lon="20.65425">
				<ele>671.47</ele>
				<time>2026-08-06T16:31:10.410Z</time>
			</trkpt>
			<trkpt lat="39.74592" lon="20.65448">
				<ele>670.71</ele>
				<time>2026-08-06T16:31:12.232Z</time>
			</trkpt>
			<trkpt lat="39.74582" lon="20.65458">
				<ele>670.51</ele>
				<time>2026-08-06T16:31:13.306Z</time>
			</trkpt>
			<trkpt lat="39.74571" lon="20.65467">
				<ele>670.29</ele>
				<time>2026-08-06T16:31:14.412Z</time>
			</trkpt>
			<trkpt lat="39.74561" lon="20.65468">
				<ele>669.39</ele>
				<time>2026-08-06T16:31:15.265Z</time>
			</trkpt>
			<trkpt lat="39.74551" lon="20.65465">
				<ele>668.2</ele>
				<time>2026-08-06T16:31:16.137Z</time>
			</trkpt>
			<trkpt lat="39.74539" lon="20.65459">
				<ele>666.27</ele>
				<time>2026-08-06T16:31:17.229Z</time>
			</trkpt>
			<trkpt lat="39.74502" lon="20.65444">
				<ele>664.91</ele>
				<time>2026-08-06T16:31:20.517Z</time>
			</trkpt>
			<trkpt lat="39.7444" lon="20.65445">
				<ele>662.8</ele>
				<time>2026-08-06T16:31:25.763Z</time>
			</trkpt>
			<trkpt lat="39.74411" lon="20.65448">
				<ele>660.9</ele>
				<time>2026-08-06T16:31:28.219Z</time>
			</trkpt>
			<trkpt lat="39.74353" lon="20.65442">
				<ele>656.82</ele>
				<time>2026-08-06T16:31:33.119Z</time>
			</trkpt>
			<trkpt lat="39.74343" lon="20.65445">
				<ele>656.97</ele>
				<time>2026-08-06T16:31:33.982Z</time>
			</trkpt>
			<trkpt lat="39.74335" lon="20.65453">
				<ele>656.45</ele>
				<time>2026-08-06T16:31:34.830Z</time>
			</trkpt>
			<trkpt lat="39.74331" lon="20.65466">
				<ele>655.4</ele>
				<time>2026-08-06T16:31:35.734Z</time>
			</trkpt>
			<trkpt lat="39.74334" lon="20.65485">
				<ele>654.63</ele>
				<time>2026-08-06T16:31:36.985Z</time>
			</trkpt>
			<trkpt lat="39.74351" lon="20.65529">
				<ele>655.09</ele>
				<time>2026-08-06T16:31:40.158Z</time>
			</trkpt>
			<trkpt lat="39.74377" lon="20.65576">
				<ele>652.1</ele>
				<time>2026-08-06T16:31:43.881Z</time>
			</trkpt>
			<trkpt lat="39.74432" lon="20.6562">
				<ele>647.7</ele>
				<time>2026-08-06T16:31:49.266Z</time>
			</trkpt>
			<trkpt lat="39.74458" lon="20.65634">
				<ele>645.71</ele>
				<time>2026-08-06T16:31:51.607Z</time>
			</trkpt>
			<trkpt lat="39.74484" lon="20.65654">
				<ele>642.59</ele>
				<time>2026-08-06T16:31:54.117Z</time>
			</trkpt>
			<trkpt lat="39.74492" lon="20.65663">
				<ele>641.42</ele>
				<time>2026-08-06T16:31:54.995Z</time>
			</trkpt>
			<trkpt lat="39.74491" lon="20.65681">
				<ele>639.04</ele>
				<time>2026-08-06T16:31:56.145Z</time>
			</trkpt>
			<trkpt lat="39.74485" lon="20.65699">
				<ele>637.33</ele>
				<time>2026-08-06T16:31:57.396Z</time>
			</trkpt>
			<trkpt lat="39.74471" lon="20.65709">
				<ele>636.9</ele>
				<time>2026-08-06T16:31:58.718Z</time>
			</trkpt>
			<trkpt lat="39.7445" lon="20.65703">
				<ele>636.03</ele>
				<time>2026-08-06T16:32:00.497Z</time>
			</trkpt>
			<trkpt lat="39.7441" lon="20.65679">
				<ele>636.61</ele>
				<time>2026-08-06T16:32:04.135Z</time>
			</trkpt>
			<trkpt lat="39.7439" lon="20.65671">
				<ele>637.44</ele>
				<time>2026-08-06T16:32:05.860Z</time>
			</trkpt>
			<trkpt lat="39.74345" lon="20.65672">
				<ele>633.39</ele>
				<time>2026-08-06T16:32:09.565Z</time>
			</trkpt>
			<trkpt lat="39.74318" lon="20.65661">
				<ele>633.88</ele>
				<time>2026-08-06T16:32:11.890Z</time>
			</trkpt>
			<trkpt lat="39.74304" lon="20.6566">
				<ele>633.8</ele>
				<time>2026-08-06T16:32:13.041Z</time>
			</trkpt>
			<trkpt lat="39.74288" lon="20.65672">
				<ele>629.7</ele>
				<time>2026-08-06T16:32:14.556Z</time>
			</trkpt>
			<trkpt lat="39.74266" lon="20.65684">
				<ele>626.39</ele>
				<time>2026-08-06T16:32:16.511Z</time>
			</trkpt>
			<trkpt lat="39.74241" lon="20.65685">
				<ele>625.31</ele>
				<time>2026-08-06T16:32:18.557Z</time>
			</trkpt>
			<trkpt lat="39.74213" lon="20.65692">
				<ele>623.72</ele>
				<time>2026-08-06T16:32:20.887Z</time>
			</trkpt>
			<trkpt lat="39.74189" lon="20.65702">
				<ele>621.53</ele>
				<time>2026-08-06T16:32:22.944Z</time>
			</trkpt>
			<trkpt lat="39.74142" lon="20.65755">
				<ele>616.72</ele>
				<time>2026-08-06T16:32:28.010Z</time>
			</trkpt>
			<trkpt lat="39.74091" lon="20.65791">
				<ele>612.26</ele>
				<time>2026-08-06T16:32:32.722Z</time>
			</trkpt>
			<trkpt lat="39.73996" lon="20.65851">
				<ele>607.72</ele>
				<time>2026-08-06T16:32:41.264Z</time>
			</trkpt>
			<trkpt lat="39.73932" lon="20.6587">
				<ele>609.53</ele>
				<time>2026-08-06T16:32:46.551Z</time>
			</trkpt>
			<trkpt lat="39.73886" lon="20.65889">
				<ele>606.97</ele>
				<time>2026-08-06T16:32:50.428Z</time>
			</trkpt>
			<trkpt lat="39.73829" lon="20.65926">
				<ele>607.1</ele>
				<time>2026-08-06T16:32:55.532Z</time>
			</trkpt>
			<trkpt lat="39.73772" lon="20.65972">
				<ele>601.79</ele>
				<time>2026-08-06T16:33:00.889Z</time>
			</trkpt>
			<trkpt lat="39.73643" lon="20.66027">
				<ele>595.58</ele>
				<time>2026-08-06T16:33:11.680Z</time>
			</trkpt>
			<trkpt lat="39.73587" lon="20.66065">
				<ele>590.3</ele>
				<time>2026-08-06T16:33:16.678Z</time>
			</trkpt>
			<trkpt lat="39.73578" lon="20.66073">
				<ele>589.7</ele>
				<time>2026-08-06T16:33:17.539Z</time>
			</trkpt>
			<trkpt lat="39.73568" lon="20.66086">
				<ele>588.69</ele>
				<time>2026-08-06T16:33:18.656Z</time>
			</trkpt>
			<trkpt lat="39.73563" lon="20.66098">
				<ele>587.54</ele>
				<time>2026-08-06T16:33:19.484Z</time>
			</trkpt>
			<trkpt lat="39.73562" lon="20.66104">
				<ele>586.92</ele>
				<time>2026-08-06T16:33:19.856Z</time>
			</trkpt>
			<trkpt lat="39.73564" lon="20.66126">
				<ele>584.64</ele>
				<time>2026-08-06T16:33:21.199Z</time>
			</trkpt>
			<trkpt lat="39.73572" lon="20.66168">
				<ele>581.72</ele>
				<time>2026-08-06T16:33:23.819Z</time>
			</trkpt>
			<trkpt lat="39.73588" lon="20.66243">
				<ele>580.39</ele>
				<time>2026-08-06T16:33:28.522Z</time>
			</trkpt>
			<trkpt lat="39.73585" lon="20.66298">
				<ele>580.1</ele>
				<time>2026-08-06T16:33:31.847Z</time>
			</trkpt>
			<trkpt lat="39.73586" lon="20.66314">
				<ele>579.77</ele>
				<time>2026-08-06T16:33:32.813Z</time>
			</trkpt>
			<trkpt lat="39.73596" lon="20.66378">
				<ele>578</ele>
				<time>2026-08-06T16:33:36.740Z</time>
			</trkpt>
			<trkpt lat="39.73596" lon="20.66393">
				<ele>577.73</ele>
				<time>2026-08-06T16:33:37.641Z</time>
			</trkpt>
			<trkpt lat="39.73592" lon="20.66413">
				<ele>576.55</ele>
				<time>2026-08-06T16:33:38.881Z</time>
			</trkpt>
			<trkpt lat="39.73589" lon="20.66421">
				<ele>575.86</ele>
				<time>2026-08-06T16:33:39.415Z</time>
			</trkpt>
			<trkpt lat="39.73582" lon="20.66431">
				<ele>574.9</ele>
				<time>2026-08-06T16:33:40.226Z</time>
			</trkpt>
			<trkpt lat="39.73547" lon="20.66466">
				<ele>572.63</ele>
				<time>2026-08-06T16:33:43.664Z</time>
			</trkpt>
			<trkpt lat="39.73467" lon="20.66541">
				<ele>567.55</ele>
				<time>2026-08-06T16:33:51.321Z</time>
			</trkpt>
			<trkpt lat="39.73443" lon="20.66566">
				<ele>564.84</ele>
				<time>2026-08-06T16:33:53.701Z</time>
			</trkpt>
			<trkpt lat="39.73403" lon="20.66615">
				<ele>562.13</ele>
				<time>2026-08-06T16:33:57.948Z</time>
			</trkpt>
			<trkpt lat="39.73355" lon="20.6668">
				<ele>556.68</ele>
				<time>2026-08-06T16:34:03.289Z</time>
			</trkpt>
			<trkpt lat="39.73344" lon="20.66698">
				<ele>555.85</ele>
				<time>2026-08-06T16:34:04.649Z</time>
			</trkpt>
			<trkpt lat="39.73317" lon="20.66762">
				<ele>552.96</ele>
				<time>2026-08-06T16:34:08.961Z</time>
			</trkpt>
			<trkpt lat="39.73299" lon="20.66787">
				<ele>550.37</ele>
				<time>2026-08-06T16:34:10.980Z</time>
			</trkpt>
			<trkpt lat="39.73283" lon="20.66803">
				<ele>549.88</ele>
				<time>2026-08-06T16:34:12.526Z</time>
			</trkpt>
			<trkpt lat="39.73273" lon="20.66811">
				<ele>549.57</ele>
				<time>2026-08-06T16:34:13.425Z</time>
			</trkpt>
			<trkpt lat="39.73252" lon="20.66824">
				<ele>548.88</ele>
				<time>2026-08-06T16:34:15.204Z</time>
			</trkpt>
			<trkpt lat="39.73215" lon="20.66843">
				<ele>550.1</ele>
				<time>2026-08-06T16:34:18.243Z</time>
			</trkpt>
			<trkpt lat="39.73201" lon="20.66859">
				<ele>549.43</ele>
				<time>2026-08-06T16:34:19.665Z</time>
			</trkpt>
			<trkpt lat="39.73185" lon="20.66889">
				<ele>547.22</ele>
				<time>2026-08-06T16:34:21.806Z</time>
			</trkpt>
			<trkpt lat="39.73179" lon="20.6692">
				<ele>545.37</ele>
				<time>2026-08-06T16:34:23.678Z</time>
			</trkpt>
			<trkpt lat="39.73172" lon="20.66975">
				<ele>541.55</ele>
				<time>2026-08-06T16:34:26.938Z</time>
			</trkpt>
			<trkpt lat="39.73167" lon="20.66986">
				<ele>540.27</ele>
				<time>2026-08-06T16:34:27.685Z</time>
			</trkpt>
			<trkpt lat="39.73163" lon="20.66991">
				<ele>539.58</ele>
				<time>2026-08-06T16:34:28.106Z</time>
			</trkpt>
			<trkpt lat="39.73131" lon="20.67011">
				<ele>536.07</ele>
				<time>2026-08-06T16:34:30.800Z</time>
			</trkpt>
			<trkpt lat="39.73007" lon="20.67063">
				<ele>529.33</ele>
				<time>2026-08-06T16:34:40.653Z</time>
			</trkpt>
			<trkpt lat="39.72851" lon="20.67131">
				<ele>521.17</ele>
				<time>2026-08-06T16:34:53.025Z</time>
			</trkpt>
			<trkpt lat="39.72831" lon="20.67148">
				<ele>519.36</ele>
				<time>2026-08-06T16:34:54.815Z</time>
			</trkpt>
			<trkpt lat="39.72825" lon="20.67156">
				<ele>518.83</ele>
				<time>2026-08-06T16:34:55.458Z</time>
			</trkpt>
			<trkpt lat="39.72805" lon="20.67198">
				<ele>515.85</ele>
				<time>2026-08-06T16:34:58.301Z</time>
			</trkpt>
			<trkpt lat="39.72789" lon="20.67221">
				<ele>514.46</ele>
				<time>2026-08-06T16:35:00.083Z</time>
			</trkpt>
			<trkpt lat="39.72773" lon="20.67238">
				<ele>513.37</ele>
				<time>2026-08-06T16:35:01.625Z</time>
			</trkpt>
			<trkpt lat="39.72753" lon="20.67252">
				<ele>512.1</ele>
				<time>2026-08-06T16:35:03.320Z</time>
			</trkpt>
			<trkpt lat="39.72736" lon="20.67259">
				<ele>512.31</ele>
				<time>2026-08-06T16:35:04.649Z</time>
			</trkpt>
			<trkpt lat="39.72717" lon="20.67264">
				<ele>512.56</ele>
				<time>2026-08-06T16:35:06.093Z</time>
			</trkpt>
			<trkpt lat="39.72691" lon="20.67265">
				<ele>512.83</ele>
				<time>2026-08-06T16:35:08.029Z</time>
			</trkpt>
			<trkpt lat="39.72672" lon="20.67268">
				<ele>512.38</ele>
				<time>2026-08-06T16:35:09.452Z</time>
			</trkpt>
			<trkpt lat="39.72626" lon="20.67289">
				<ele>511.48</ele>
				<time>2026-08-06T16:35:13.073Z</time>
			</trkpt>
			<trkpt lat="39.72553" lon="20.67341">
				<ele>511.5</ele>
				<time>2026-08-06T16:35:19.241Z</time>
			</trkpt>
			<trkpt lat="39.72499" lon="20.67358">
				<ele>510.42</ele>
				<time>2026-08-06T16:35:23.347Z</time>
			</trkpt>
			<trkpt lat="39.72482" lon="20.67366">
				<ele>508.93</ele>
				<time>2026-08-06T16:35:24.682Z</time>
			</trkpt>
			<trkpt lat="39.72453" lon="20.67391">
				<ele>506.57</ele>
				<time>2026-08-06T16:35:27.248Z</time>
			</trkpt>
			<trkpt lat="39.72413" lon="20.67429">
				<ele>507.18</ele>
				<time>2026-08-06T16:35:30.896Z</time>
			</trkpt>
			<trkpt lat="39.72406" lon="20.67437">
				<ele>508.06</ele>
				<time>2026-08-06T16:35:31.581Z</time>
			</trkpt>
			<trkpt lat="39.72384" lon="20.67469">
				<ele>509.45</ele>
				<time>2026-08-06T16:35:34.008Z</time>
			</trkpt>
			<trkpt lat="39.72378" lon="20.67494">
				<ele>510.07</ele>
				<time>2026-08-06T16:35:35.487Z</time>
			</trkpt>
			<trkpt lat="39.72376" lon="20.6752">
				<ele>509.67</ele>
				<time>2026-08-06T16:35:36.962Z</time>
			</trkpt>
			<trkpt lat="39.72374" lon="20.67598">
				<ele>510.49</ele>
				<time>2026-08-06T16:35:41.362Z</time>
			</trkpt>
			<trkpt lat="39.72369" lon="20.67618">
				<ele>510.25</ele>
				<time>2026-08-06T16:35:42.545Z</time>
			</trkpt>
			<trkpt lat="39.72358" lon="20.67634">
				<ele>510.76</ele>
				<time>2026-08-06T16:35:43.753Z</time>
			</trkpt>
			<trkpt lat="39.72345" lon="20.67641">
				<ele>511.71</ele>
				<time>2026-08-06T16:35:44.782Z</time>
			</trkpt>
			<trkpt lat="39.72328" lon="20.67639">
				<ele>512.56</ele>
				<time>2026-08-06T16:35:46.029Z</time>
			</trkpt>
			<trkpt lat="39.72273" lon="20.67591">
				<ele>513.23</ele>
				<time>2026-08-06T16:35:50.863Z</time>
			</trkpt>
			<trkpt lat="39.7225" lon="20.67579">
				<ele>513.57</ele>
				<time>2026-08-06T16:35:52.669Z</time>
			</trkpt>
			<trkpt lat="39.72119" lon="20.67536">
				<ele>512.25</ele>
				<time>2026-08-06T16:36:02.490Z</time>
			</trkpt>
			<trkpt lat="39.72104" lon="20.67535">
				<ele>512.15</ele>
				<time>2026-08-06T16:36:03.579Z</time>
			</trkpt>
			<trkpt lat="39.7209" lon="20.67538">
				<ele>511.85</ele>
				<time>2026-08-06T16:36:04.607Z</time>
			</trkpt>
			<trkpt lat="39.7198" lon="20.67599">
				<ele>512.37</ele>
				<time>2026-08-06T16:36:13.256Z</time>
			</trkpt>
			<trkpt lat="39.71881" lon="20.67672">
				<ele>512.85</ele>
				<time>2026-08-06T16:36:21.458Z</time>
			</trkpt>
			<trkpt lat="39.7183" lon="20.6772">
				<ele>513.7</ele>
				<time>2026-08-06T16:36:25.984Z</time>
			</trkpt>
			<trkpt lat="39.71803" lon="20.6774">
				<ele>514.23</ele>
				<time>2026-08-06T16:36:28.214Z</time>
			</trkpt>
			<trkpt lat="39.71783" lon="20.67744">
				<ele>513.94</ele>
				<time>2026-08-06T16:36:29.666Z</time>
			</trkpt>
			<trkpt lat="39.71749" lon="20.6773">
				<ele>514</ele>
				<time>2026-08-06T16:36:32.222Z</time>
			</trkpt>
			<trkpt lat="39.71729" lon="20.67733">
				<ele>514.29</ele>
				<time>2026-08-06T16:36:33.663Z</time>
			</trkpt>
			<trkpt lat="39.71687" lon="20.67748">
				<ele>512.43</ele>
				<time>2026-08-06T16:36:36.780Z</time>
			</trkpt>
			<trkpt lat="39.71642" lon="20.6778">
				<ele>510.41</ele>
				<time>2026-08-06T16:36:40.444Z</time>
			</trkpt>
			<trkpt lat="39.71601" lon="20.67821">
				<ele>510.46</ele>
				<time>2026-08-06T16:36:44.135Z</time>
			</trkpt>
			<trkpt lat="39.71552" lon="20.67842">
				<ele>510.38</ele>
				<time>2026-08-06T16:36:47.811Z</time>
			</trkpt>
			<trkpt lat="39.71509" lon="20.67855">
				<ele>510.95</ele>
				<time>2026-08-06T16:36:50.952Z</time>
			</trkpt>
			<trkpt lat="39.7144" lon="20.67842">
				<ele>508.89</ele>
				<time>2026-08-06T16:36:55.906Z</time>
			</trkpt>
			<trkpt lat="39.71386" lon="20.67835">
				<ele>504.31</ele>
				<time>2026-08-06T16:36:59.755Z</time>
			</trkpt>
			<trkpt lat="39.71258" lon="20.67864">
				<ele>504.72</ele>
				<time>2026-08-06T16:37:08.950Z</time>
			</trkpt>
			<trkpt lat="39.71206" lon="20.67895">
				<ele>500.51</ele>
				<time>2026-08-06T16:37:12.989Z</time>
			</trkpt>
			<trkpt lat="39.71194" lon="20.67904">
				<ele>499.61</ele>
				<time>2026-08-06T16:37:13.967Z</time>
			</trkpt>
			<trkpt lat="39.71185" lon="20.6792">
				<ele>499.06</ele>
				<time>2026-08-06T16:37:15.042Z</time>
			</trkpt>
			<trkpt lat="39.7117" lon="20.67963">
				<ele>497.28</ele>
				<time>2026-08-06T16:37:17.602Z</time>
			</trkpt>
			<trkpt lat="39.71163" lon="20.67972">
				<ele>496.89</ele>
				<time>2026-08-06T16:37:18.295Z</time>
			</trkpt>
			<trkpt lat="39.71151" lon="20.67984">
				<ele>497.11</ele>
				<time>2026-08-06T16:37:19.361Z</time>
			</trkpt>
			<trkpt lat="39.71133" lon="20.67993">
				<ele>497.74</ele>
				<time>2026-08-06T16:37:20.719Z</time>
			</trkpt>
			<trkpt lat="39.71011" lon="20.68046">
				<ele>508.83</ele>
				<time>2026-08-06T16:37:29.758Z</time>
			</trkpt>
			<trkpt lat="39.70987" lon="20.68059">
				<ele>509.61</ele>
				<time>2026-08-06T16:37:31.582Z</time>
			</trkpt>
			<trkpt lat="39.70959" lon="20.6808">
				<ele>510.62</ele>
				<time>2026-08-06T16:37:33.848Z</time>
			</trkpt>
			<trkpt lat="39.70934" lon="20.68112">
				<ele>512.09</ele>
				<time>2026-08-06T16:37:36.306Z</time>
			</trkpt>
			<trkpt lat="39.7091" lon="20.68163">
				<ele>513.45</ele>
				<time>2026-08-06T16:37:39.525Z</time>
			</trkpt>
			<trkpt lat="39.70888" lon="20.68233">
				<ele>515.2</ele>
				<time>2026-08-06T16:37:43.592Z</time>
			</trkpt>
			<trkpt lat="39.7087" lon="20.68282">
				<ele>519.02</ele>
				<time>2026-08-06T16:37:46.509Z</time>
			</trkpt>
			<trkpt lat="39.70863" lon="20.6831">
				<ele>520.49</ele>
				<time>2026-08-06T16:37:48.090Z</time>
			</trkpt>
			<trkpt lat="39.70859" lon="20.68358">
				<ele>521.8</ele>
				<time>2026-08-06T16:37:50.681Z</time>
			</trkpt>
			<trkpt lat="39.70864" lon="20.68398">
				<ele>522.41</ele>
				<time>2026-08-06T16:37:52.854Z</time>
			</trkpt>
			<trkpt lat="39.70872" lon="20.68421">
				<ele>523.42</ele>
				<time>2026-08-06T16:37:54.207Z</time>
			</trkpt>
			<trkpt lat="39.70902" lon="20.68473">
				<ele>527.77</ele>
				<time>2026-08-06T16:37:57.688Z</time>
			</trkpt>
			<trkpt lat="39.70982" lon="20.68642">
				<ele>535.25</ele>
				<time>2026-08-06T16:38:08.297Z</time>
			</trkpt>
			<trkpt lat="39.71005" lon="20.68677">
				<ele>536.88</ele>
				<time>2026-08-06T16:38:10.754Z</time>
			</trkpt>
			<trkpt lat="39.71038" lon="20.68714">
				<ele>538.55</ele>
				<time>2026-08-06T16:38:13.775Z</time>
			</trkpt>
			<trkpt lat="39.71072" lon="20.6874">
				<ele>541.32</ele>
				<time>2026-08-06T16:38:16.508Z</time>
			</trkpt>
			<trkpt lat="39.71118" lon="20.68767">
				<ele>542.25</ele>
				<time>2026-08-06T16:38:20.002Z</time>
			</trkpt>
			<trkpt lat="39.71171" lon="20.68794">
				<ele>547.8</ele>
				<time>2026-08-06T16:38:23.940Z</time>
			</trkpt>
			<trkpt lat="39.71204" lon="20.68823">
				<ele>550.06</ele>
				<time>2026-08-06T16:38:26.693Z</time>
			</trkpt>
			<trkpt lat="39.71256" lon="20.6889">
				<ele>553.25</ele>
				<time>2026-08-06T16:38:31.749Z</time>
			</trkpt>
			<trkpt lat="39.71277" lon="20.68948">
				<ele>557.2</ele>
				<time>2026-08-06T16:38:35.151Z</time>
			</trkpt>
			<trkpt lat="39.7128" lon="20.68966">
				<ele>559.02</ele>
				<time>2026-08-06T16:38:36.128Z</time>
			</trkpt>
			<trkpt lat="39.71277" lon="20.68984">
				<ele>558.98</ele>
				<time>2026-08-06T16:38:37.105Z</time>
			</trkpt>
			<trkpt lat="39.71269" lon="20.68995">
				<ele>559.11</ele>
				<time>2026-08-06T16:38:37.908Z</time>
			</trkpt>
			<trkpt lat="39.71255" lon="20.69001">
				<ele>559.97</ele>
				<time>2026-08-06T16:38:38.924Z</time>
			</trkpt>
			<trkpt lat="39.71228" lon="20.69005">
				<ele>560.36</ele>
				<time>2026-08-06T16:38:40.796Z</time>
			</trkpt>
			<trkpt lat="39.71202" lon="20.69014">
				<ele>559.94</ele>
				<time>2026-08-06T16:38:42.649Z</time>
			</trkpt>
			<trkpt lat="39.71169" lon="20.6904">
				<ele>563.33</ele>
				<time>2026-08-06T16:38:45.306Z</time>
			</trkpt>
			<trkpt lat="39.71147" lon="20.69074">
				<ele>566.15</ele>
				<time>2026-08-06T16:38:47.658Z</time>
			</trkpt>
			<trkpt lat="39.71128" lon="20.69094">
				<ele>567.78</ele>
				<time>2026-08-06T16:38:49.340Z</time>
			</trkpt>
			<trkpt lat="39.71117" lon="20.691">
				<ele>568.88</ele>
				<time>2026-08-06T16:38:50.160Z</time>
			</trkpt>
			<trkpt lat="39.71109" lon="20.69099">
				<ele>569.6</ele>
				<time>2026-08-06T16:38:50.713Z</time>
			</trkpt>
			<trkpt lat="39.71102" lon="20.69095">
				<ele>570.95</ele>
				<time>2026-08-06T16:38:51.239Z</time>
			</trkpt>
			<trkpt lat="39.71073" lon="20.69031">
				<ele>566.88</ele>
				<time>2026-08-06T16:38:55.166Z</time>
			</trkpt>
			<trkpt lat="39.7105" lon="20.69001">
				<ele>567.54</ele>
				<time>2026-08-06T16:38:57.404Z</time>
			</trkpt>
			<trkpt lat="39.71034" lon="20.6899">
				<ele>569.57</ele>
				<time>2026-08-06T16:38:58.647Z</time>
			</trkpt>
			<trkpt lat="39.71017" lon="20.68984">
				<ele>571.1</ele>
				<time>2026-08-06T16:38:59.856Z</time>
			</trkpt>
			<trkpt lat="39.70873" lon="20.68985">
				<ele>578.38</ele>
				<time>2026-08-06T16:39:09.735Z</time>
			</trkpt>
			<trkpt lat="39.70867" lon="20.6899">
				<ele>578.92</ele>
				<time>2026-08-06T16:39:10.223Z</time>
			</trkpt>
			<trkpt lat="39.70862" lon="20.68998">
				<ele>579.86</ele>
				<time>2026-08-06T16:39:10.767Z</time>
			</trkpt>
			<trkpt lat="39.70852" lon="20.69023">
				<ele>581.29</ele>
				<time>2026-08-06T16:39:12.252Z</time>
			</trkpt>
			<trkpt lat="39.70846" lon="20.69042">
				<ele>583.53</ele>
				<time>2026-08-06T16:39:13.335Z</time>
			</trkpt>
			<trkpt lat="39.7084" lon="20.69049">
				<ele>584.41</ele>
				<time>2026-08-06T16:39:13.887Z</time>
			</trkpt>
			<trkpt lat="39.70834" lon="20.69053">
				<ele>584.79</ele>
				<time>2026-08-06T16:39:14.349Z</time>
			</trkpt>
			<trkpt lat="39.70795" lon="20.6907">
				<ele>584.7</ele>
				<time>2026-08-06T16:39:17.166Z</time>
			</trkpt>
			<trkpt lat="39.70783" lon="20.69079">
				<ele>585.04</ele>
				<time>2026-08-06T16:39:18.115Z</time>
			</trkpt>
			<trkpt lat="39.70776" lon="20.69091">
				<ele>585.98</ele>
				<time>2026-08-06T16:39:18.908Z</time>
			</trkpt>
			<trkpt lat="39.70763" lon="20.69134">
				<ele>588.78</ele>
				<time>2026-08-06T16:39:21.341Z</time>
			</trkpt>
			<trkpt lat="39.70755" lon="20.69207">
				<ele>589.45</ele>
				<time>2026-08-06T16:39:25.222Z</time>
			</trkpt>
			<trkpt lat="39.70757" lon="20.69225">
				<ele>590.22</ele>
				<time>2026-08-06T16:39:26.179Z</time>
			</trkpt>
			<trkpt lat="39.70768" lon="20.69283">
				<ele>594.99</ele>
				<time>2026-08-06T16:39:29.322Z</time>
			</trkpt>
			<trkpt lat="39.70768" lon="20.69304">
				<ele>596.61</ele>
				<time>2026-08-06T16:39:30.427Z</time>
			</trkpt>
			<trkpt lat="39.70749" lon="20.69383">
				<ele>597.23</ele>
				<time>2026-08-06T16:39:34.779Z</time>
			</trkpt>
			<trkpt lat="39.70741" lon="20.69393">
				<ele>599.12</ele>
				<time>2026-08-06T16:39:35.537Z</time>
			</trkpt>
			<trkpt lat="39.70731" lon="20.69398">
				<ele>599.78</ele>
				<time>2026-08-06T16:39:36.269Z</time>
			</trkpt>
			<trkpt lat="39.7072" lon="20.69399">
				<ele>599.86</ele>
				<time>2026-08-06T16:39:37.023Z</time>
			</trkpt>
			<trkpt lat="39.7071" lon="20.69396">
				<ele>600.19</ele>
				<time>2026-08-06T16:39:37.724Z</time>
			</trkpt>
			<trkpt lat="39.70674" lon="20.69375">
				<ele>601.18</ele>
				<time>2026-08-06T16:39:40.419Z</time>
			</trkpt>
			<trkpt lat="39.70659" lon="20.6937">
				<ele>602.58</ele>
				<time>2026-08-06T16:39:41.477Z</time>
			</trkpt>
			<trkpt lat="39.70642" lon="20.69369">
				<ele>603.55</ele>
				<time>2026-08-06T16:39:42.639Z</time>
			</trkpt>
			<trkpt lat="39.70607" lon="20.69382">
				<ele>605.99</ele>
				<time>2026-08-06T16:39:45.124Z</time>
			</trkpt>
			<trkpt lat="39.70547" lon="20.69391">
				<ele>607.08</ele>
				<time>2026-08-06T16:39:49.247Z</time>
			</trkpt>
			<trkpt lat="39.70506" lon="20.6941">
				<ele>611.1</ele>
				<time>2026-08-06T16:39:52.217Z</time>
			</trkpt>
			<trkpt lat="39.70479" lon="20.69439">
				<ele>612.34</ele>
				<time>2026-08-06T16:39:54.607Z</time>
			</trkpt>
			<trkpt lat="39.70469" lon="20.69457">
				<ele>613.13</ele>
				<time>2026-08-06T16:39:55.772Z</time>
			</trkpt>
			<trkpt lat="39.70462" lon="20.69478">
				<ele>614.25</ele>
				<time>2026-08-06T16:39:56.974Z</time>
			</trkpt>
			<trkpt lat="39.70459" lon="20.69525">
				<ele>617.13</ele>
				<time>2026-08-06T16:39:59.448Z</time>
			</trkpt>
			<trkpt lat="39.70463" lon="20.69556">
				<ele>618.73</ele>
				<time>2026-08-06T16:40:01.098Z</time>
			</trkpt>
			<trkpt lat="39.70487" lon="20.69637">
				<ele>622.37</ele>
				<time>2026-08-06T16:40:05.651Z</time>
			</trkpt>
			<trkpt lat="39.70491" lon="20.6966">
				<ele>624.32</ele>
				<time>2026-08-06T16:40:06.888Z</time>
			</trkpt>
			<trkpt lat="39.70491" lon="20.69672">
				<ele>625.1</ele>
				<time>2026-08-06T16:40:07.518Z</time>
			</trkpt>
			<trkpt lat="39.70487" lon="20.69683">
				<ele>625.07</ele>
				<time>2026-08-06T16:40:08.156Z</time>
			</trkpt>
			<trkpt lat="39.70464" lon="20.69726">
				<ele>625.6</ele>
				<time>2026-08-06T16:40:10.903Z</time>
			</trkpt>
			<trkpt lat="39.70445" lon="20.69755">
				<ele>626.65</ele>
				<time>2026-08-06T16:40:12.900Z</time>
			</trkpt>
			<trkpt lat="39.70438" lon="20.69762">
				<ele>627.27</ele>
				<time>2026-08-06T16:40:13.503Z</time>
			</trkpt>
			<trkpt lat="39.70428" lon="20.6977">
				<ele>627.75</ele>
				<time>2026-08-06T16:40:14.303Z</time>
			</trkpt>
			<trkpt lat="39.70375" lon="20.698">
				<ele>630.3</ele>
				<time>2026-08-06T16:40:18.243Z</time>
			</trkpt>
			<trkpt lat="39.70359" lon="20.69813">
				<ele>631.79</ele>
				<time>2026-08-06T16:40:19.529Z</time>
			</trkpt>
			<trkpt lat="39.70348" lon="20.69828">
				<ele>633.06</ele>
				<time>2026-08-06T16:40:20.616Z</time>
			</trkpt>
			<trkpt lat="39.70337" lon="20.69855">
				<ele>634.46</ele>
				<time>2026-08-06T16:40:22.218Z</time>
			</trkpt>
			<trkpt lat="39.70325" lon="20.699">
				<ele>634.85</ele>
				<time>2026-08-06T16:40:24.715Z</time>
			</trkpt>
			<trkpt lat="39.70323" lon="20.69914">
				<ele>634.85</ele>
				<time>2026-08-06T16:40:25.462Z</time>
			</trkpt>
			<trkpt lat="39.70324" lon="20.69927">
				<ele>634.99</ele>
				<time>2026-08-06T16:40:26.147Z</time>
			</trkpt>
			<trkpt lat="39.70328" lon="20.69942">
				<ele>635.8</ele>
				<time>2026-08-06T16:40:26.979Z</time>
			</trkpt>
			<trkpt lat="39.70362" lon="20.7003">
				<ele>647.17</ele>
				<time>2026-08-06T16:40:32.142Z</time>
			</trkpt>
			<trkpt lat="39.70366" lon="20.70048">
				<ele>647.42</ele>
				<time>2026-08-06T16:40:33.125Z</time>
			</trkpt>
			<trkpt lat="39.70366" lon="20.70059">
				<ele>647.38</ele>
				<time>2026-08-06T16:40:33.702Z</time>
			</trkpt>
			<trkpt lat="39.70365" lon="20.70066">
				<ele>647.29</ele>
				<time>2026-08-06T16:40:34.075Z</time>
			</trkpt>
			<trkpt lat="39.70358" lon="20.70078">
				<ele>646.68</ele>
				<time>2026-08-06T16:40:34.865Z</time>
			</trkpt>
			<trkpt lat="39.70352" lon="20.70083">
				<ele>646.75</ele>
				<time>2026-08-06T16:40:35.350Z</time>
			</trkpt>
			<trkpt lat="39.70344" lon="20.70085">
				<ele>646.98</ele>
				<time>2026-08-06T16:40:35.906Z</time>
			</trkpt>
			<trkpt lat="39.70303" lon="20.70087">
				<ele>646.13</ele>
				<time>2026-08-06T16:40:38.702Z</time>
			</trkpt>
			<trkpt lat="39.70281" lon="20.70093">
				<ele>647.24</ele>
				<time>2026-08-06T16:40:40.234Z</time>
			</trkpt>
			<trkpt lat="39.70188" lon="20.70128">
				<ele>653.57</ele>
				<time>2026-08-06T16:40:46.834Z</time>
			</trkpt>
			<trkpt lat="39.70178" lon="20.70134">
				<ele>654.07</ele>
				<time>2026-08-06T16:40:47.585Z</time>
			</trkpt>
			<trkpt lat="39.70167" lon="20.70144">
				<ele>654.71</ele>
				<time>2026-08-06T16:40:48.500Z</time>
			</trkpt>
			<trkpt lat="39.70154" lon="20.70172">
				<ele>655.42</ele>
				<time>2026-08-06T16:40:50.216Z</time>
			</trkpt>
			<trkpt lat="39.70148" lon="20.70195">
				<ele>657.07</ele>
				<time>2026-08-06T16:40:51.490Z</time>
			</trkpt>
			<trkpt lat="39.70144" lon="20.70229">
				<ele>658.91</ele>
				<time>2026-08-06T16:40:53.294Z</time>
			</trkpt>
			<trkpt lat="39.70144" lon="20.7025">
				<ele>660.38</ele>
				<time>2026-08-06T16:40:54.396Z</time>
			</trkpt>
			<trkpt lat="39.70147" lon="20.70307">
				<ele>662.45</ele>
				<time>2026-08-06T16:40:57.394Z</time>
			</trkpt>
			<trkpt lat="39.70152" lon="20.70357">
				<ele>665.63</ele>
				<time>2026-08-06T16:41:00.040Z</time>
			</trkpt>
			<trkpt lat="39.70158" lon="20.70388">
				<ele>667.85</ele>
				<time>2026-08-06T16:41:01.718Z</time>
			</trkpt>
			<trkpt lat="39.70192" lon="20.7049">
				<ele>669.06</ele>
				<time>2026-08-06T16:41:07.554Z</time>
			</trkpt>
			<trkpt lat="39.70204" lon="20.70528">
				<ele>672.88</ele>
				<time>2026-08-06T16:41:09.711Z</time>
			</trkpt>
			<trkpt lat="39.70219" lon="20.70671">
				<ele>677.7</ele>
				<time>2026-08-06T16:41:17.294Z</time>
			</trkpt>
			<trkpt lat="39.70226" lon="20.707">
				<ele>679.06</ele>
				<time>2026-08-06T16:41:18.891Z</time>
			</trkpt>
			<trkpt lat="39.70246" lon="20.70761">
				<ele>683.02</ele>
				<time>2026-08-06T16:41:22.377Z</time>
			</trkpt>
			<trkpt lat="39.70267" lon="20.70808">
				<ele>686.83</ele>
				<time>2026-08-06T16:41:25.235Z</time>
			</trkpt>
			<trkpt lat="39.70296" lon="20.70859">
				<ele>691.82</ele>
				<time>2026-08-06T16:41:28.572Z</time>
			</trkpt>
			<trkpt lat="39.70328" lon="20.70905">
				<ele>692.96</ele>
				<time>2026-08-06T16:41:31.835Z</time>
			</trkpt>
			<trkpt lat="39.70342" lon="20.70931">
				<ele>693.25</ele>
				<time>2026-08-06T16:41:33.506Z</time>
			</trkpt>
			<trkpt lat="39.70346" lon="20.70945">
				<ele>692.85</ele>
				<time>2026-08-06T16:41:34.292Z</time>
			</trkpt>
			<trkpt lat="39.70346" lon="20.70983">
				<ele>690.79</ele>
				<time>2026-08-06T16:41:36.293Z</time>
			</trkpt>
			<trkpt lat="39.70341" lon="20.71039">
				<ele>689.28</ele>
				<time>2026-08-06T16:41:39.263Z</time>
			</trkpt>
			<trkpt lat="39.70334" lon="20.71052">
				<ele>688.22</ele>
				<time>2026-08-06T16:41:40.099Z</time>
			</trkpt>
			<trkpt lat="39.70327" lon="20.71062">
				<ele>687.06</ele>
				<time>2026-08-06T16:41:40.811Z</time>
			</trkpt>
			<trkpt lat="39.70317" lon="20.71072">
				<ele>685.55</ele>
				<time>2026-08-06T16:41:41.675Z</time>
			</trkpt>
			<trkpt lat="39.70264" lon="20.71114">
				<ele>683.82</ele>
				<time>2026-08-06T16:41:45.929Z</time>
			</trkpt>
			<trkpt lat="39.70222" lon="20.71137">
				<ele>684.24</ele>
				<time>2026-08-06T16:41:49.053Z</time>
			</trkpt>
			<trkpt lat="39.70184" lon="20.71147">
				<ele>682.37</ele>
				<time>2026-08-06T16:41:51.713Z</time>
			</trkpt>
			<trkpt lat="39.70153" lon="20.7115">
				<ele>682.86</ele>
				<time>2026-08-06T16:41:53.846Z</time>
			</trkpt>
			<trkpt lat="39.69912" lon="20.71155">
				<ele>681.41</ele>
				<time>2026-08-06T16:42:10.410Z</time>
			</trkpt>
			<trkpt lat="39.69899" lon="20.71157">
				<ele>680.01</ele>
				<time>2026-08-06T16:42:11.311Z</time>
			</trkpt>
			<trkpt lat="39.69883" lon="20.71164">
				<ele>678.24</ele>
				<time>2026-08-06T16:42:12.473Z</time>
			</trkpt>
			<trkpt lat="39.6986" lon="20.71179">
				<ele>677.93</ele>
				<time>2026-08-06T16:42:14.246Z</time>
			</trkpt>
			<trkpt lat="39.69842" lon="20.712">
				<ele>676.9</ele>
				<time>2026-08-06T16:42:15.912Z</time>
			</trkpt>
			<trkpt lat="39.69817" lon="20.71239">
				<ele>678.26</ele>
				<time>2026-08-06T16:42:18.604Z</time>
			</trkpt>
			<trkpt lat="39.69809" lon="20.71259">
				<ele>679.8</ele>
				<time>2026-08-06T16:42:19.799Z</time>
			</trkpt>
			<trkpt lat="39.69802" lon="20.71289">
				<ele>680.82</ele>
				<time>2026-08-06T16:42:21.463Z</time>
			</trkpt>
			<trkpt lat="39.698" lon="20.71305">
				<ele>680.83</ele>
				<time>2026-08-06T16:42:22.323Z</time>
			</trkpt>
			<trkpt lat="39.69801" lon="20.71323">
				<ele>681.6</ele>
				<time>2026-08-06T16:42:23.281Z</time>
			</trkpt>
			<trkpt lat="39.69804" lon="20.71343">
				<ele>682.03</ele>
				<time>2026-08-06T16:42:24.363Z</time>
			</trkpt>
			<trkpt lat="39.69816" lon="20.71391">
				<ele>684.22</ele>
				<time>2026-08-06T16:42:27.044Z</time>
			</trkpt>
			<trkpt lat="39.69815" lon="20.71399">
				<ele>685.27</ele>
				<time>2026-08-06T16:42:27.475Z</time>
			</trkpt>
			<trkpt lat="39.69857" lon="20.71449">
				<ele>685.49</ele>
				<time>2026-08-06T16:42:31.406Z</time>
			</trkpt>
			<trkpt lat="39.69925" lon="20.71516">
				<ele>681.84</ele>
				<time>2026-08-06T16:42:37.260Z</time>
			</trkpt>
			<trkpt lat="39.69984" lon="20.71572">
				<ele>674.5</ele>
				<time>2026-08-06T16:42:42.236Z</time>
			</trkpt>
			<trkpt lat="39.70003" lon="20.71596">
				<ele>672.23</ele>
				<time>2026-08-06T16:42:44.032Z</time>
			</trkpt>
			<trkpt lat="39.70017" lon="20.71622">
				<ele>669.24</ele>
				<time>2026-08-06T16:42:45.684Z</time>
			</trkpt>
			<trkpt lat="39.70025" lon="20.71653">
				<ele>667.82</ele>
				<time>2026-08-06T16:42:47.382Z</time>
			</trkpt>
			<trkpt lat="39.70029" lon="20.71677">
				<ele>666.17</ele>
				<time>2026-08-06T16:42:48.655Z</time>
			</trkpt>
			<trkpt lat="39.7004" lon="20.71802">
				<ele>657.62</ele>
				<time>2026-08-06T16:42:55.143Z</time>
			</trkpt>
			<trkpt lat="39.70054" lon="20.71878">
				<ele>660.31</ele>
				<time>2026-08-06T16:42:59.147Z</time>
			</trkpt>
			<trkpt lat="39.70068" lon="20.71921">
				<ele>664.04</ele>
				<time>2026-08-06T16:43:01.529Z</time>
			</trkpt>
			<trkpt lat="39.70093" lon="20.71969">
				<ele>662.5</ele>
				<time>2026-08-06T16:43:04.476Z</time>
			</trkpt>
			<trkpt lat="39.70113" lon="20.72003">
				<ele>657.54</ele>
				<time>2026-08-06T16:43:06.646Z</time>
			</trkpt>
			<trkpt lat="39.70127" lon="20.72034">
				<ele>655.31</ele>
				<time>2026-08-06T16:43:08.463Z</time>
			</trkpt>
			<trkpt lat="39.70134" lon="20.72059">
				<ele>652.4</ele>
				<time>2026-08-06T16:43:09.806Z</time>
			</trkpt>
			<trkpt lat="39.70139" lon="20.72089">
				<ele>649.43</ele>
				<time>2026-08-06T16:43:11.352Z</time>
			</trkpt>
			<trkpt lat="39.70139" lon="20.72133">
				<ele>647.14</ele>
				<time>2026-08-06T16:43:13.563Z</time>
			</trkpt>
			<trkpt lat="39.7013" lon="20.72177">
				<ele>644.8</ele>
				<time>2026-08-06T16:43:15.845Z</time>
			</trkpt>
			<trkpt lat="39.70116" lon="20.72219">
				<ele>646.7</ele>
				<time>2026-08-06T16:43:18.133Z</time>
			</trkpt>
			<trkpt lat="39.70102" lon="20.72243">
				<ele>648.43</ele>
				<time>2026-08-06T16:43:19.635Z</time>
			</trkpt>
			<trkpt lat="39.70077" lon="20.72273">
				<ele>647.34</ele>
				<time>2026-08-06T16:43:21.835Z</time>
			</trkpt>
			<trkpt lat="39.70067" lon="20.72282">
				<ele>646.96</ele>
				<time>2026-08-06T16:43:22.620Z</time>
			</trkpt>
			<trkpt lat="39.70054" lon="20.72291">
				<ele>647.09</ele>
				<time>2026-08-06T16:43:23.570Z</time>
			</trkpt>
			<trkpt lat="39.70022" lon="20.7231">
				<ele>647.28</ele>
				<time>2026-08-06T16:43:25.835Z</time>
			</trkpt>
			<trkpt lat="39.70008" lon="20.7232">
				<ele>646.36</ele>
				<time>2026-08-06T16:43:26.861Z</time>
			</trkpt>
			<trkpt lat="39.69987" lon="20.7234">
				<ele>644.97</ele>
				<time>2026-08-06T16:43:28.531Z</time>
			</trkpt>
			<trkpt lat="39.69962" lon="20.72371">
				<ele>643.45</ele>
				<time>2026-08-06T16:43:30.743Z</time>
			</trkpt>
			<trkpt lat="39.6995" lon="20.72392">
				<ele>643.29</ele>
				<time>2026-08-06T16:43:32.029Z</time>
			</trkpt>
			<trkpt lat="39.69934" lon="20.72422">
				<ele>644.21</ele>
				<time>2026-08-06T16:43:33.820Z</time>
			</trkpt>
			<trkpt lat="39.69921" lon="20.72455">
				<ele>646.03</ele>
				<time>2026-08-06T16:43:35.635Z</time>
			</trkpt>
			<trkpt lat="39.69911" lon="20.72499">
				<ele>645.39</ele>
				<time>2026-08-06T16:43:37.876Z</time>
			</trkpt>
			<trkpt lat="39.69872" lon="20.72723">
				<ele>634.98</ele>
				<time>2026-08-06T16:43:49.015Z</time>
			</trkpt>
			<trkpt lat="39.69862" lon="20.72787">
				<ele>634.14</ele>
				<time>2026-08-06T16:43:52.158Z</time>
			</trkpt>
			<trkpt lat="39.69857" lon="20.72857">
				<ele>628.77</ele>
				<time>2026-08-06T16:43:55.531Z</time>
			</trkpt>
			<trkpt lat="39.69855" lon="20.7295">
				<ele>629.48</ele>
				<time>2026-08-06T16:43:59.976Z</time>
			</trkpt>
			<trkpt lat="39.69844" lon="20.73142">
				<ele>621.63</ele>
				<time>2026-08-06T16:44:09.116Z</time>
			</trkpt>
			<trkpt lat="39.69835" lon="20.7319">
				<ele>615.95</ele>
				<time>2026-08-06T16:44:11.449Z</time>
			</trkpt>
			<trkpt lat="39.69822" lon="20.73231">
				<ele>613.21</ele>
				<time>2026-08-06T16:44:13.539Z</time>
			</trkpt>
			<trkpt lat="39.69816" lon="20.73245">
				<ele>613.15</ele>
				<time>2026-08-06T16:44:14.293Z</time>
			</trkpt>
			<trkpt lat="39.69804" lon="20.73268">
				<ele>613.73</ele>
				<time>2026-08-06T16:44:15.600Z</time>
			</trkpt>
			<trkpt lat="39.69778" lon="20.73298">
				<ele>615.73</ele>
				<time>2026-08-06T16:44:17.721Z</time>
			</trkpt>
			<trkpt lat="39.69765" lon="20.73311">
				<ele>616.32</ele>
				<time>2026-08-06T16:44:18.721Z</time>
			</trkpt>
			<trkpt lat="39.69702" lon="20.7336">
				<ele>617.4</ele>
				<time>2026-08-06T16:44:23.185Z</time>
			</trkpt>
			<trkpt lat="39.69673" lon="20.73389">
				<ele>616.23</ele>
				<time>2026-08-06T16:44:25.403Z</time>
			</trkpt>
			<trkpt lat="39.69661" lon="20.73405">
				<ele>614.21</ele>
				<time>2026-08-06T16:44:26.444Z</time>
			</trkpt>
			<trkpt lat="39.69643" lon="20.73437">
				<ele>611.23</ele>
				<time>2026-08-06T16:44:28.289Z</time>
			</trkpt>
			<trkpt lat="39.69631" lon="20.73467">
				<ele>611.2</ele>
				<time>2026-08-06T16:44:29.860Z</time>
			</trkpt>
			<trkpt lat="39.69622" lon="20.735">
				<ele>612.73</ele>
				<time>2026-08-06T16:44:31.485Z</time>
			</trkpt>
			<trkpt lat="39.69602" lon="20.7363">
				<ele>611.45</ele>
				<time>2026-08-06T16:44:37.621Z</time>
			</trkpt>
			<trkpt lat="39.69593" lon="20.73719">
				<ele>606.8</ele>
				<time>2026-08-06T16:44:41.761Z</time>
			</trkpt>
			<trkpt lat="39.69588" lon="20.73798">
				<ele>604.49</ele>
				<time>2026-08-06T16:44:45.406Z</time>
			</trkpt>
			<trkpt lat="39.69589" lon="20.73836">
				<ele>602.73</ele>
				<time>2026-08-06T16:44:47.152Z</time>
			</trkpt>
			<trkpt lat="39.69592" lon="20.73867">
				<ele>601.53</ele>
				<time>2026-08-06T16:44:48.585Z</time>
			</trkpt>
			<trkpt lat="39.69602" lon="20.7393">
				<ele>598.38</ele>
				<time>2026-08-06T16:44:51.531Z</time>
			</trkpt>
			<trkpt lat="39.69642" lon="20.74135">
				<ele>591.91</ele>
				<time>2026-08-06T16:45:01.182Z</time>
			</trkpt>
			<trkpt lat="39.69658" lon="20.74192">
				<ele>587.75</ele>
				<time>2026-08-06T16:45:03.942Z</time>
			</trkpt>
			<trkpt lat="39.69682" lon="20.74243">
				<ele>586.82</ele>
				<time>2026-08-06T16:45:06.658Z</time>
			</trkpt>
			<trkpt lat="39.69741" lon="20.74335">
				<ele>580.22</ele>
				<time>2026-08-06T16:45:12.088Z</time>
			</trkpt>
			<trkpt lat="39.69801" lon="20.74413">
				<ele>580.11</ele>
				<time>2026-08-06T16:45:17.077Z</time>
			</trkpt>
			<trkpt lat="39.69829" lon="20.74457">
				<ele>576.17</ele>
				<time>2026-08-06T16:45:19.657Z</time>
			</trkpt>
			<trkpt lat="39.69855" lon="20.74505">
				<ele>574.79</ele>
				<time>2026-08-06T16:45:22.306Z</time>
			</trkpt>
			<trkpt lat="39.69879" lon="20.74572">
				<ele>574.19</ele>
				<time>2026-08-06T16:45:25.639Z</time>
			</trkpt>
			<trkpt lat="39.69892" lon="20.74633">
				<ele>571.42</ele>
				<time>2026-08-06T16:45:28.490Z</time>
			</trkpt>
			<trkpt lat="39.699" lon="20.74695">
				<ele>569.83</ele>
				<time>2026-08-06T16:45:31.320Z</time>
			</trkpt>
			<trkpt lat="39.69905" lon="20.7475">
				<ele>568.05</ele>
				<time>2026-08-06T16:45:33.812Z</time>
			</trkpt>
			<trkpt lat="39.69932" lon="20.75293">
				<ele>536.5</ele>
				<time>2026-08-06T16:45:58.245Z</time>
			</trkpt>
			<trkpt lat="39.69956" lon="20.75714">
				<ele>531.86</ele>
				<time>2026-08-06T16:46:17.204Z</time>
			</trkpt>
			<trkpt lat="39.69966" lon="20.75954">
				<ele>530.78</ele>
				<time>2026-08-06T16:46:28.027Z</time>
			</trkpt>
			<trkpt lat="39.69966" lon="20.76031">
				<ele>531.21</ele>
				<time>2026-08-06T16:46:31.502Z</time>
			</trkpt>
			<trkpt lat="39.69962" lon="20.76099">
				<ele>531.33</ele>
				<time>2026-08-06T16:46:34.583Z</time>
			</trkpt>
			<trkpt lat="39.69946" lon="20.76308">
				<ele>531.87</ele>
				<time>2026-08-06T16:46:44.095Z</time>
			</trkpt>
			<trkpt lat="39.69942" lon="20.76389">
				<ele>534</ele>
				<time>2026-08-06T16:46:47.782Z</time>
			</trkpt>
			<trkpt lat="39.69942" lon="20.76884">
				<ele>523.91</ele>
				<time>2026-08-06T16:47:10.427Z</time>
			</trkpt>
			<trkpt lat="39.69944" lon="20.76951">
				<ele>522</ele>
				<time>2026-08-06T16:47:13.520Z</time>
			</trkpt>
			<trkpt lat="39.69963" lon="20.77187">
				<ele>518.83</ele>
				<time>2026-08-06T16:47:24.521Z</time>
			</trkpt>
			<trkpt lat="39.69972" lon="20.77261">
				<ele>518.43</ele>
				<time>2026-08-06T16:47:28.014Z</time>
			</trkpt>
			<trkpt lat="39.69992" lon="20.77379">
				<ele>516.65</ele>
				<time>2026-08-06T16:47:33.668Z</time>
			</trkpt>
			<trkpt lat="39.69994" lon="20.7745">
				<ele>515.42</ele>
				<time>2026-08-06T16:47:37.006Z</time>
			</trkpt>
			<trkpt lat="39.69994" lon="20.77475">
				<ele>514.48</ele>
				<time>2026-08-06T16:47:38.183Z</time>
			</trkpt>
			<trkpt lat="39.69991" lon="20.77499">
				<ele>513.7</ele>
				<time>2026-08-06T16:47:39.329Z</time>
			</trkpt>
			<trkpt lat="39.69984" lon="20.77532">
				<ele>513.72</ele>
				<time>2026-08-06T16:47:40.944Z</time>
			</trkpt>
			<trkpt lat="39.69972" lon="20.77574">
				<ele>515.67</ele>
				<time>2026-08-06T16:47:43.061Z</time>
			</trkpt>
			<trkpt lat="39.69926" lon="20.77715">
				<ele>515.08</ele>
				<time>2026-08-06T16:47:50.331Z</time>
			</trkpt>
			<trkpt lat="39.69915" lon="20.7775">
				<ele>512.94</ele>
				<time>2026-08-06T16:47:52.134Z</time>
			</trkpt>
			<trkpt lat="39.69897" lon="20.77823">
				<ele>510.35</ele>
				<time>2026-08-06T16:47:55.798Z</time>
			</trkpt>
			<trkpt lat="39.69829" lon="20.78037">
				<ele>511.2</ele>
				<time>2026-08-06T16:48:06.951Z</time>
			</trkpt>
			<trkpt lat="39.6981" lon="20.78103">
				<ele>509.11</ele>
				<time>2026-08-06T16:48:10.371Z</time>
			</trkpt>
			<trkpt lat="39.6973" lon="20.78445">
				<ele>506.32</ele>
				<time>2026-08-06T16:48:27.926Z</time>
			</trkpt>
			<trkpt lat="39.69688" lon="20.78599">
				<ele>507.46</ele>
				<time>2026-08-06T16:48:36.071Z</time>
			</trkpt>
			<trkpt lat="39.69655" lon="20.78702">
				<ele>505.71</ele>
				<time>2026-08-06T16:48:41.679Z</time>
			</trkpt>
			<trkpt lat="39.69495" lon="20.7917">
				<ele>508.83</ele>
				<time>2026-08-06T16:49:07.938Z</time>
			</trkpt>
			<trkpt lat="39.69476" lon="20.79237">
				<ele>509.07</ele>
				<time>2026-08-06T16:49:11.672Z</time>
			</trkpt>
			<trkpt lat="39.69454" lon="20.79338">
				<ele>512.17</ele>
				<time>2026-08-06T16:49:17.194Z</time>
			</trkpt>
			<trkpt lat="39.69437" lon="20.79403">
				<ele>512.09</ele>
				<time>2026-08-06T16:49:20.828Z</time>
			</trkpt>
			<trkpt lat="39.69287" lon="20.79879">
				<ele>517.57</ele>
				<time>2026-08-06T16:49:48.643Z</time>
			</trkpt>
			<trkpt lat="39.69223" lon="20.80092">
				<ele>523.05</ele>
				<time>2026-08-06T16:50:01.363Z</time>
			</trkpt>
			<trkpt lat="39.69191" lon="20.80224">
				<ele>517.88</ele>
				<time>2026-08-06T16:50:09.174Z</time>
			</trkpt>
			<trkpt lat="39.69162" lon="20.80318">
				<ele>519.22</ele>
				<time>2026-08-06T16:50:14.945Z</time>
			</trkpt>
			<trkpt lat="39.69145" lon="20.80363">
				<ele>522.09</ele>
				<time>2026-08-06T16:50:17.819Z</time>
			</trkpt>
			<trkpt lat="39.6906" lon="20.80548">
				<ele>523.3</ele>
				<time>2026-08-06T16:50:30.310Z</time>
			</trkpt>
			<trkpt lat="39.68888" lon="20.80938">
				<ele>531.78</ele>
				<time>2026-08-06T16:50:57.112Z</time>
			</trkpt>
			<trkpt lat="39.68817" lon="20.81091">
				<ele>531.26</ele>
				<time>2026-08-06T16:51:08.057Z</time>
			</trkpt>
			<trkpt lat="39.68616" lon="20.81463">
				<ele>522.58</ele>
				<time>2026-08-06T16:51:36.701Z</time>
			</trkpt>
			<trkpt lat="39.68608" lon="20.81472">
				<ele>521.84</ele>
				<time>2026-08-06T16:51:37.586Z</time>
			</trkpt>
			<trkpt lat="39.68595" lon="20.81481">
				<ele>520.99</ele>
				<time>2026-08-06T16:51:38.819Z</time>
			</trkpt>
			<trkpt lat="39.68586" lon="20.81482">
				<ele>520.31</ele>
				<time>2026-08-06T16:51:39.577Z</time>
			</trkpt>
			<trkpt lat="39.68582" lon="20.81486">
				<ele>519.97</ele>
				<time>2026-08-06T16:51:40.001Z</time>
			</trkpt>
			<trkpt lat="39.68575" lon="20.81497">
				<ele>519.74</ele>
				<time>2026-08-06T16:51:40.924Z</time>
			</trkpt>
			<trkpt lat="39.68574" lon="20.81504">
				<ele>519.66</ele>
				<time>2026-08-06T16:51:41.384Z</time>
			</trkpt>
			<trkpt lat="39.68575" lon="20.81515">
				<ele>519.71</ele>
				<time>2026-08-06T16:51:42.104Z</time>
			</trkpt>
			<trkpt lat="39.6857" lon="20.81538">
				<ele>520.55</ele>
				<time>2026-08-06T16:51:43.679Z</time>
			</trkpt>
			<trkpt lat="39.68558" lon="20.81574">
				<ele>521.87</ele>
				<time>2026-08-06T16:51:46.323Z</time>
			</trkpt>
			<trkpt lat="39.68494" lon="20.81699">
				<ele>520.65</ele>
				<time>2026-08-06T16:51:57.049Z</time>
			</trkpt>
			<trkpt lat="39.68445" lon="20.81789">
				<ele>520.97</ele>
				<time>2026-08-06T16:52:05.431Z</time>
			</trkpt>
			<trkpt lat="39.68361" lon="20.81949">
				<ele>520.17</ele>
				<time>2026-08-06T16:52:20.856Z</time>
			</trkpt>
			<trkpt lat="39.68313" lon="20.82033">
				<ele>525.75</ele>
				<time>2026-08-06T16:52:29.398Z</time>
			</trkpt>
			<trkpt lat="39.68224" lon="20.822">
				<ele>529.29</ele>
				<time>2026-08-06T16:52:46.009Z</time>
			</trkpt>
			<trkpt lat="39.68214" lon="20.82223">
				<ele>530.01</ele>
				<time>2026-08-06T16:52:48.146Z</time>
			</trkpt>
			<trkpt lat="39.68204" lon="20.82235">
				<ele>529.86</ele>
				<time>2026-08-06T16:52:49.572Z</time>
			</trkpt>
			<trkpt lat="39.68177" lon="20.82283">
				<ele>531.22</ele>
				<time>2026-08-06T16:52:54.326Z</time>
			</trkpt>
			<trkpt lat="39.68172" lon="20.82289">
				<ele>531.43</ele>
				<time>2026-08-06T16:52:55.027Z</time>
			</trkpt>
			<trkpt lat="39.68167" lon="20.82292">
				<ele>531.54</ele>
				<time>2026-08-06T16:52:55.594Z</time>
			</trkpt>
			<trkpt lat="39.68162" lon="20.82293">
				<ele>531.62</ele>
				<time>2026-08-06T16:52:56.113Z</time>
			</trkpt>
			<trkpt lat="39.68157" lon="20.82296">
				<ele>531.77</ele>
				<time>2026-08-06T16:52:56.677Z</time>
			</trkpt>
			<trkpt lat="39.68152" lon="20.82304">
				<ele>531.97</ele>
				<time>2026-08-06T16:52:57.488Z</time>
			</trkpt>
			<trkpt lat="39.6815" lon="20.82313">
				<ele>532.34</ele>
				<time>2026-08-06T16:52:58.223Z</time>
			</trkpt>
			<trkpt lat="39.68153" lon="20.82323">
				<ele>533.03</ele>
				<time>2026-08-06T16:52:59.062Z</time>
			</trkpt>
			<trkpt lat="39.68143" lon="20.82339">
				<ele>532.79</ele>
				<time>2026-08-06T16:53:00.674Z</time>
			</trkpt>
			<trkpt lat="39.68127" lon="20.82372">
				<ele>531.98</ele>
				<time>2026-08-06T16:53:03.725Z</time>
			</trkpt>
			<trkpt lat="39.68115" lon="20.82408">
				<ele>533.05</ele>
				<time>2026-08-06T16:53:06.795Z</time>
			</trkpt>
			<trkpt lat="39.68092" lon="20.82544">
				<ele>536.16</ele>
				<time>2026-08-06T16:53:17.708Z</time>
			</trkpt>
			<trkpt lat="39.68043" lon="20.82875">
				<ele>514.37</ele>
				<time>2026-08-06T16:53:44.201Z</time>
			</trkpt>
			<trkpt lat="39.68044" lon="20.82888">
				<ele>513.78</ele>
				<time>2026-08-06T16:53:45.230Z</time>
			</trkpt>
			<trkpt lat="39.68031" lon="20.82973">
				<ele>512.03</ele>
				<time>2026-08-06T16:53:52.056Z</time>
			</trkpt>
			<trkpt lat="39.68019" lon="20.83016">
				<ele>510.36</ele>
				<time>2026-08-06T16:53:55.660Z</time>
			</trkpt>
			<trkpt lat="39.67998" lon="20.83074">
				<ele>512.6</ele>
				<time>2026-08-06T16:54:00.712Z</time>
			</trkpt>
			<trkpt lat="39.67851" lon="20.83368">
				<ele>499.98</ele>
				<time>2026-08-06T16:54:28.367Z</time>
			</trkpt>
			<trkpt lat="39.67744" lon="20.83544">
				<ele>496.99</ele>
				<time>2026-08-06T16:54:46.061Z</time>
			</trkpt>
			<trkpt lat="39.67645" lon="20.83701">
				<ele>496.74</ele>
				<time>2026-08-06T16:55:02.062Z</time>
			</trkpt>
			<trkpt lat="39.67632" lon="20.83717">
				<ele>494.44</ele>
				<time>2026-08-06T16:55:03.895Z</time>
			</trkpt>
			<trkpt lat="39.67618" lon="20.8373">
				<ele>493.28</ele>
				<time>2026-08-06T16:55:05.656Z</time>
			</trkpt>
			<trkpt lat="39.67575" lon="20.83761">
				<ele>493.37</ele>
				<time>2026-08-06T16:55:10.687Z</time>
			</trkpt>
			<trkpt lat="39.67579" lon="20.83772">
				<ele>493.22</ele>
				<time>2026-08-06T16:55:11.645Z</time>
			</trkpt>
			<trkpt lat="39.6758" lon="20.83793">
				<ele>493.64</ele>
				<time>2026-08-06T16:55:13.301Z</time>
			</trkpt>
			<trkpt lat="39.67498" lon="20.83917">
				<ele>491.16</ele>
				<time>2026-08-06T16:55:26.169Z</time>
			</trkpt>
			<trkpt lat="39.67466" lon="20.83983">
				<ele>489.8</ele>
				<time>2026-08-06T16:55:32.310Z</time>
			</trkpt>
			<trkpt lat="39.67459" lon="20.83992">
				<ele>490.16</ele>
				<time>2026-08-06T16:55:33.317Z</time>
			</trkpt>
			<trkpt lat="39.67449" lon="20.84009">
				<ele>490.64</ele>
				<time>2026-08-06T16:55:35.002Z</time>
			</trkpt>
			<trkpt lat="39.67454" lon="20.8402">
				<ele>489.32</ele>
				<time>2026-08-06T16:55:36.007Z</time>
			</trkpt>
			<trkpt lat="39.67467" lon="20.84029">
				<ele>487.5</ele>
				<time>2026-08-06T16:55:37.514Z</time>
			</trkpt>
			<trkpt lat="39.67652" lon="20.8416">
				<ele>476.23</ele>
				<time>2026-08-06T16:55:59.060Z</time>
			</trkpt>
			<trkpt lat="39.677" lon="20.8419">
				<ele>475.17</ele>
				<time>2026-08-06T16:56:04.508Z</time>
			</trkpt>
			<trkpt lat="39.67687" lon="20.84221">
				<ele>474</ele>
				<time>2026-08-06T16:56:07.286Z</time>
			</trkpt>
			<trkpt lat="39.67681" lon="20.84225">
				<ele>473.93</ele>
				<time>2026-08-06T16:56:07.976Z</time>
			</trkpt>
			<trkpt lat="39.67673" lon="20.84236">
				<ele>473.59</ele>
				<time>2026-08-06T16:56:09.167Z</time>
			</trkpt>
			<trkpt lat="39.67589" lon="20.84382">
				<ele>476.63</ele>
				<time>2026-08-06T16:56:23.517Z</time>
			</trkpt>
			<trkpt lat="39.6756" lon="20.84436">
				<ele>474.37</ele>
				<time>2026-08-06T16:56:28.701Z</time>
			</trkpt>
			<trkpt lat="39.6749" lon="20.84571">
				<ele>474.09</ele>
				<time>2026-08-06T16:56:41.516Z</time>
			</trkpt>
			<trkpt lat="39.67268" lon="20.85016">
				<ele>474.66</ele>
				<time>2026-08-06T16:57:23.270Z</time>
			</trkpt>
			<trkpt lat="39.67242" lon="20.85089">
				<ele>473</ele>
				<time>2026-08-06T16:57:29.603Z</time>
			</trkpt>
			<trkpt lat="39.67173" lon="20.85292">
				<ele>471.22</ele>
				<time>2026-08-06T16:57:47.075Z</time>
			</trkpt>
			<trkpt lat="39.67156" lon="20.85367">
				<ele>471.09</ele>
				<time>2026-08-06T16:57:53.230Z</time>
			</trkpt>
			<trkpt lat="39.67141" lon="20.85411">
				<ele>471.23</ele>
				<time>2026-08-06T16:57:57.019Z</time>
			</trkpt>
			<trkpt lat="39.67115" lon="20.85468">
				<ele>471.85</ele>
				<time>2026-08-06T16:58:02.235Z</time>
			</trkpt>
			<trkpt lat="39.67113" lon="20.85479">
				<ele>471.92</ele>
				<time>2026-08-06T16:58:03.125Z</time>
			</trkpt>
			<trkpt lat="39.67116" lon="20.85487">
				<ele>471.91</ele>
				<time>2026-08-06T16:58:03.825Z</time>
			</trkpt>
			<trkpt lat="39.67255" lon="20.85552">
				<ele>473.35</ele>
				<time>2026-08-06T16:58:18.933Z</time>
			</trkpt>
			<trkpt lat="39.67276" lon="20.85562">
				<ele>472.34</ele>
				<time>2026-08-06T16:58:21.220Z</time>
			</trkpt>
			<trkpt lat="39.67291" lon="20.85507">
				<ele>471.73</ele>
				<time>2026-08-06T16:58:25.813Z</time>
			</trkpt>
			<trkpt lat="39.67293" lon="20.85491">
				<ele>472</ele>
				<time>2026-08-06T16:58:27.089Z</time>
			</trkpt>
			<trkpt lat="39.67264" lon="20.85479">
				<ele>472.61</ele>
				<time>2026-08-06T16:58:30.201Z</time>
			</trkpt>
			<trkpt lat="39.67258" lon="20.85479">
				<ele>472.86</ele>
				<time>2026-08-06T16:58:30.815Z</time>
			</trkpt>
			<trkpt lat="39.67216" lon="20.85502">
				<ele>473.69</ele>
				<time>2026-08-06T16:58:35.477Z</time>
			</trkpt>
			<trkpt lat="39.67204" lon="20.85513">
				<ele>473.23</ele>
				<time>2026-08-06T16:58:36.979Z</time>
			</trkpt>
			<trkpt lat="39.67198" lon="20.85526">
				<ele>473.24</ele>
				<time>2026-08-06T16:58:38.173Z</time>
			</trkpt>
			<trkpt lat="39.67116" lon="20.85487">
				<ele>471.91</ele>
				<time>2026-08-06T16:58:47.105Z</time>
			</trkpt>
			<trkpt lat="39.67129" lon="20.85452">
				<ele>471.32</ele>
				<time>2026-08-06T16:58:50.164Z</time>
			</trkpt>
			<trkpt lat="39.6715" lon="20.85409">
				<ele>471.46</ele>
				<time>2026-08-06T16:58:54.173Z</time>
			</trkpt>
			<trkpt lat="39.67156" lon="20.85394">
				<ele>471.42</ele>
				<time>2026-08-06T16:58:55.504Z</time>
			</trkpt>
			<trkpt lat="39.67163" lon="20.85372">
				<ele>471.05</ele>
				<time>2026-08-06T16:58:57.378Z</time>
			</trkpt>
			<trkpt lat="39.67181" lon="20.85298">
				<ele>470.72</ele>
				<time>2026-08-06T16:59:03.489Z</time>
			</trkpt>
			<trkpt lat="39.67191" lon="20.85264">
				<ele>471.6</ele>
				<time>2026-08-06T16:59:06.354Z</time>
			</trkpt>
			<trkpt lat="39.67272" lon="20.85027">
				<ele>474.35</ele>
				<time>2026-08-06T16:59:26.771Z</time>
			</trkpt>
			<trkpt lat="39.67333" lon="20.84901">
				<ele>473.06</ele>
				<time>2026-08-06T16:59:38.491Z</time>
			</trkpt>
			<trkpt lat="39.67566" lon="20.84441">
				<ele>473.79</ele>
				<time>2026-08-06T17:00:21.845Z</time>
			</trkpt>
			<trkpt lat="39.67674" lon="20.84249">
				<ele>473.31</ele>
				<time>2026-08-06T17:00:40.565Z</time>
			</trkpt>
			<trkpt lat="39.67684" lon="20.84229">
				<ele>473.9</ele>
				<time>2026-08-06T17:00:42.442Z</time>
			</trkpt>
			<trkpt lat="39.677" lon="20.8419">
				<ele>475.17</ele>
				<time>2026-08-06T17:00:45.921Z</time>
			</trkpt>
			<trkpt lat="39.67722" lon="20.8413">
				<ele>477</ele>
				<time>2026-08-06T17:00:51.152Z</time>
			</trkpt>
			<trkpt lat="39.67725" lon="20.84108">
				<ele>476.7</ele>
				<time>2026-08-06T17:00:52.910Z</time>
			</trkpt>
			<trkpt lat="39.67725" lon="20.84086">
				<ele>476</ele>
				<time>2026-08-06T17:00:54.642Z</time>
			</trkpt>
			<trkpt lat="39.67652" lon="20.84127">
				<ele>477.21</ele>
				<time>2026-08-06T17:01:02.774Z</time>
			</trkpt>
			<trkpt lat="39.67643" lon="20.8413">
				<ele>477.26</ele>
				<time>2026-08-06T17:01:03.724Z</time>
			</trkpt>
			<trkpt lat="39.67634" lon="20.84129">
				<ele>477.33</ele>
				<time>2026-08-06T17:01:04.648Z</time>
			</trkpt>
			<trkpt lat="39.67618" lon="20.84123">
				<ele>477.53</ele>
				<time>2026-08-06T17:01:06.351Z</time>
			</trkpt>
			<trkpt lat="39.67458" lon="20.84011">
				<ele>489.32</ele>
				<time>2026-08-06T17:01:24.939Z</time>
			</trkpt>
			<trkpt lat="39.67464" lon="20.83998">
				<ele>489.27</ele>
				<time>2026-08-06T17:01:26.132Z</time>
			</trkpt>
			<trkpt lat="39.67466" lon="20.83983">
				<ele>489.8</ele>
				<time>2026-08-06T17:01:27.331Z</time>
			</trkpt>
			<trkpt lat="39.67498" lon="20.83917">
				<ele>491.16</ele>
				<time>2026-08-06T17:01:33.506Z</time>
			</trkpt>
			<trkpt lat="39.67587" lon="20.83781">
				<ele>492.79</ele>
				<time>2026-08-06T17:01:47.663Z</time>
			</trkpt>
			<trkpt lat="39.67588" lon="20.83772">
				<ele>492.64</ele>
				<time>2026-08-06T17:01:48.370Z</time>
			</trkpt>
			<trkpt lat="39.67582" lon="20.83756">
				<ele>493.01</ele>
				<time>2026-08-06T17:01:49.746Z</time>
			</trkpt>
			<trkpt lat="39.67618" lon="20.8373">
				<ele>493.28</ele>
				<time>2026-08-06T17:01:53.819Z</time>
			</trkpt>
			<trkpt lat="39.67632" lon="20.83717">
				<ele>494.44</ele>
				<time>2026-08-06T17:01:55.498Z</time>
			</trkpt>
			<trkpt lat="39.67645" lon="20.83701">
				<ele>496.74</ele>
				<time>2026-08-06T17:01:57.237Z</time>
			</trkpt>
			<trkpt lat="39.67679" lon="20.8365">
				<ele>495.11</ele>
				<time>2026-08-06T17:02:02.234Z</time>
			</trkpt>
			<trkpt lat="39.67801" lon="20.8345">
				<ele>496.86</ele>
				<time>2026-08-06T17:02:20.610Z</time>
			</trkpt>
			<trkpt lat="39.67851" lon="20.83368">
				<ele>499.98</ele>
				<time>2026-08-06T17:02:27.955Z</time>
			</trkpt>
			<trkpt lat="39.67998" lon="20.83074">
				<ele>512.6</ele>
				<time>2026-08-06T17:02:52.139Z</time>
			</trkpt>
			<trkpt lat="39.68019" lon="20.83016">
				<ele>510.36</ele>
				<time>2026-08-06T17:02:56.533Z</time>
			</trkpt>
			<trkpt lat="39.68031" lon="20.82973">
				<ele>512.03</ele>
				<time>2026-08-06T17:02:59.670Z</time>
			</trkpt>
			<trkpt lat="39.68044" lon="20.82888">
				<ele>513.78</ele>
				<time>2026-08-06T17:03:05.626Z</time>
			</trkpt>
			<trkpt lat="39.68049" lon="20.82877">
				<ele>513.89</ele>
				<time>2026-08-06T17:03:06.506Z</time>
			</trkpt>
			<trkpt lat="39.68062" lon="20.82801">
				<ele>517.31</ele>
				<time>2026-08-06T17:03:11.884Z</time>
			</trkpt>
			<trkpt lat="39.68115" lon="20.82453">
				<ele>536.46</ele>
				<time>2026-08-06T17:03:36.926Z</time>
			</trkpt>
			<trkpt lat="39.68124" lon="20.82411">
				<ele>533.99</ele>
				<time>2026-08-06T17:03:40.091Z</time>
			</trkpt>
			<trkpt lat="39.68135" lon="20.82378">
				<ele>533.21</ele>
				<time>2026-08-06T17:03:42.720Z</time>
			</trkpt>
			<trkpt lat="39.68151" lon="20.82347">
				<ele>534.24</ele>
				<time>2026-08-06T17:03:45.468Z</time>
			</trkpt>
			<trkpt lat="39.68161" lon="20.82331">
				<ele>534.24</ele>
				<time>2026-08-06T17:03:46.993Z</time>
			</trkpt>
			<trkpt lat="39.68164" lon="20.82332">
				<ele>534.73</ele>
				<time>2026-08-06T17:03:47.292Z</time>
			</trkpt>
			<trkpt lat="39.68172" lon="20.8233">
				<ele>534.72</ele>
				<time>2026-08-06T17:03:48.079Z</time>
			</trkpt>
			<trkpt lat="39.68177" lon="20.82325">
				<ele>534.16</ele>
				<time>2026-08-06T17:03:48.689Z</time>
			</trkpt>
			<trkpt lat="39.6818" lon="20.82317">
				<ele>533.33</ele>
				<time>2026-08-06T17:03:49.353Z</time>
			</trkpt>
			<trkpt lat="39.6818" lon="20.82304">
				<ele>531.97</ele>
				<time>2026-08-06T17:03:50.324Z</time>
			</trkpt>
			<trkpt lat="39.6818" lon="20.82296">
				<ele>531.65</ele>
				<time>2026-08-06T17:03:50.925Z</time>
			</trkpt>
			<trkpt lat="39.68183" lon="20.82288">
				<ele>531.37</ele>
				<time>2026-08-06T17:03:51.595Z</time>
			</trkpt>
			<trkpt lat="39.68209" lon="20.8224">
				<ele>530.04</ele>
				<time>2026-08-06T17:03:56.097Z</time>
			</trkpt>
			<trkpt lat="39.68214" lon="20.82223">
				<ele>530.01</ele>
				<time>2026-08-06T17:03:57.518Z</time>
			</trkpt>
			<trkpt lat="39.68224" lon="20.822">
				<ele>529.29</ele>
				<time>2026-08-06T17:03:59.600Z</time>
			</trkpt>
			<trkpt lat="39.68313" lon="20.82033">
				<ele>525.75</ele>
				<time>2026-08-06T17:04:16.163Z</time>
			</trkpt>
			<trkpt lat="39.68361" lon="20.81949">
				<ele>520.17</ele>
				<time>2026-08-06T17:04:24.886Z</time>
			</trkpt>
			<trkpt lat="39.68445" lon="20.81789">
				<ele>520.97</ele>
				<time>2026-08-06T17:04:40.866Z</time>
			</trkpt>
			<trkpt lat="39.68494" lon="20.81699">
				<ele>520.65</ele>
				<time>2026-08-06T17:04:49.624Z</time>
			</trkpt>
			<trkpt lat="39.68548" lon="20.81592">
				<ele>522.06</ele>
				<time>2026-08-06T17:04:59.249Z</time>
			</trkpt>
			<trkpt lat="39.68558" lon="20.81574">
				<ele>521.87</ele>
				<time>2026-08-06T17:05:00.844Z</time>
			</trkpt>
			<trkpt lat="39.6859" lon="20.8153">
				<ele>521.19</ele>
				<time>2026-08-06T17:05:05.065Z</time>
			</trkpt>
			<trkpt lat="39.68596" lon="20.81529">
				<ele>522.07</ele>
				<time>2026-08-06T17:05:05.598Z</time>
			</trkpt>
			<trkpt lat="39.68602" lon="20.81526">
				<ele>522.71</ele>
				<time>2026-08-06T17:05:06.160Z</time>
			</trkpt>
			<trkpt lat="39.68606" lon="20.81521">
				<ele>523.21</ele>
				<time>2026-08-06T17:05:06.643Z</time>
			</trkpt>
			<trkpt lat="39.6861" lon="20.81515">
				<ele>523.41</ele>
				<time>2026-08-06T17:05:07.170Z</time>
			</trkpt>
			<trkpt lat="39.68611" lon="20.81507">
				<ele>523.28</ele>
				<time>2026-08-06T17:05:07.705Z</time>
			</trkpt>
			<trkpt lat="39.68608" lon="20.81493">
				<ele>522.49</ele>
				<time>2026-08-06T17:05:08.654Z</time>
			</trkpt>
			<trkpt lat="39.6861" lon="20.81478">
				<ele>522.21</ele>
				<time>2026-08-06T17:05:09.643Z</time>
			</trkpt>
			<trkpt lat="39.68616" lon="20.81463">
				<ele>522.58</ele>
				<time>2026-08-06T17:05:10.735Z</time>
			</trkpt>
			<trkpt lat="39.68817" lon="20.81091">
				<ele>531.26</ele>
				<time>2026-08-06T17:05:38.024Z</time>
			</trkpt>
			<trkpt lat="39.68888" lon="20.80938">
				<ele>531.78</ele>
				<time>2026-08-06T17:05:47.812Z</time>
			</trkpt>
			<trkpt lat="39.6906" lon="20.80548">
				<ele>523.3</ele>
				<time>2026-08-06T17:06:10.755Z</time>
			</trkpt>
			<trkpt lat="39.69145" lon="20.80363">
				<ele>522.09</ele>
				<time>2026-08-06T17:06:21.160Z</time>
			</trkpt>
			<trkpt lat="39.69162" lon="20.80318">
				<ele>519.22</ele>
				<time>2026-08-06T17:06:23.545Z</time>
			</trkpt>
			<trkpt lat="39.69191" lon="20.80224">
				<ele>517.88</ele>
				<time>2026-08-06T17:06:28.338Z</time>
			</trkpt>
			<trkpt lat="39.69223" lon="20.80092">
				<ele>523.05</ele>
				<time>2026-08-06T17:06:34.847Z</time>
			</trkpt>
			<trkpt lat="39.69287" lon="20.79879">
				<ele>517.57</ele>
				<time>2026-08-06T17:06:45.587Z</time>
			</trkpt>
			<trkpt lat="39.69437" lon="20.79403">
				<ele>512.09</ele>
				<time>2026-08-06T17:07:10.404Z</time>
			</trkpt>
			<trkpt lat="39.69454" lon="20.79338">
				<ele>512.17</ele>
				<time>2026-08-06T17:07:13.855Z</time>
			</trkpt>
			<trkpt lat="39.69476" lon="20.79237">
				<ele>509.07</ele>
				<time>2026-08-06T17:07:19.222Z</time>
			</trkpt>
			<trkpt lat="39.69495" lon="20.7917">
				<ele>508.83</ele>
				<time>2026-08-06T17:07:22.942Z</time>
			</trkpt>
			<trkpt lat="39.69664" lon="20.78674">
				<ele>506.62</ele>
				<time>2026-08-06T17:07:53.538Z</time>
			</trkpt>
			<trkpt lat="39.69674" lon="20.78662">
				<ele>507.27</ele>
				<time>2026-08-06T17:07:54.619Z</time>
			</trkpt>
			<trkpt lat="39.69683" lon="20.78655">
				<ele>507.6</ele>
				<time>2026-08-06T17:07:55.456Z</time>
			</trkpt>
			<trkpt lat="39.69693" lon="20.78653">
				<ele>507.96</ele>
				<time>2026-08-06T17:07:56.267Z</time>
			</trkpt>
			<trkpt lat="39.69703" lon="20.78654">
				<ele>508.33</ele>
				<time>2026-08-06T17:07:57.073Z</time>
			</trkpt>
			<trkpt lat="39.69719" lon="20.78659">
				<ele>508.9</ele>
				<time>2026-08-06T17:07:58.398Z</time>
			</trkpt>
			<trkpt lat="39.69749" lon="20.78677">
				<ele>508.99</ele>
				<time>2026-08-06T17:08:01.064Z</time>
			</trkpt>
			<trkpt lat="39.69807" lon="20.78716">
				<ele>508.81</ele>
				<time>2026-08-06T17:08:06.360Z</time>
			</trkpt>
			<trkpt lat="39.69842" lon="20.7873">
				<ele>510.41</ele>
				<time>2026-08-06T17:08:09.346Z</time>
			</trkpt>
			<trkpt lat="39.69948" lon="20.78756">
				<ele>514.75</ele>
				<time>2026-08-06T17:08:18.224Z</time>
			</trkpt>
			<trkpt lat="39.69978" lon="20.78767">
				<ele>514.52</ele>
				<time>2026-08-06T17:08:20.814Z</time>
			</trkpt>
			<trkpt lat="39.70066" lon="20.78805">
				<ele>517.99</ele>
				<time>2026-08-06T17:08:28.590Z</time>
			</trkpt>
			<trkpt lat="39.70179" lon="20.78841">
				<ele>516.08</ele>
				<time>2026-08-06T17:08:38.516Z</time>
			</trkpt>
			<trkpt lat="39.70209" lon="20.78853">
				<ele>514.31</ele>
				<time>2026-08-06T17:08:41.229Z</time>
			</trkpt>
			<trkpt lat="39.70307" lon="20.78902">
				<ele>517</ele>
				<time>2026-08-06T17:08:50.425Z</time>
			</trkpt>
			<trkpt lat="39.70353" lon="20.78922">
				<ele>517.77</ele>
				<time>2026-08-06T17:08:54.740Z</time>
			</trkpt>
			<trkpt lat="39.70365" lon="20.78926">
				<ele>518.16</ele>
				<time>2026-08-06T17:08:55.849Z</time>
			</trkpt>
			<trkpt lat="39.70455" lon="20.78926">
				<ele>520</ele>
				<time>2026-08-06T17:09:03.996Z</time>
			</trkpt>
			<trkpt lat="39.70496" lon="20.78928">
				<ele>521.38</ele>
				<time>2026-08-06T17:09:07.764Z</time>
			</trkpt>
			<trkpt lat="39.70563" lon="20.78947">
				<ele>520</ele>
				<time>2026-08-06T17:09:14.144Z</time>
			</trkpt>
			<trkpt lat="39.706" lon="20.78955">
				<ele>519.85</ele>
				<time>2026-08-06T17:09:17.678Z</time>
			</trkpt>
			<trkpt lat="39.7062" lon="20.78956">
				<ele>519.42</ele>
				<time>2026-08-06T17:09:19.577Z</time>
			</trkpt>
			<trkpt lat="39.70634" lon="20.78955">
				<ele>518.78</ele>
				<time>2026-08-06T17:09:20.913Z</time>
			</trkpt>
			<trkpt lat="39.70707" lon="20.78921">
				<ele>515.35</ele>
				<time>2026-08-06T17:09:28.388Z</time>
			</trkpt>
			<trkpt lat="39.7074" lon="20.78898">
				<ele>514.96</ele>
				<time>2026-08-06T17:09:32.050Z</time>
			</trkpt>
			<trkpt lat="39.70752" lon="20.78894">
				<ele>514.45</ele>
				<time>2026-08-06T17:09:33.270Z</time>
			</trkpt>
			<trkpt lat="39.70775" lon="20.78896">
				<ele>512.34</ele>
				<time>2026-08-06T17:09:35.550Z</time>
			</trkpt>
			<trkpt lat="39.70829" lon="20.78909">
				<ele>511.6</ele>
				<time>2026-08-06T17:09:41.039Z</time>
			</trkpt>
			<trkpt lat="39.7084" lon="20.7891">
				<ele>511.86</ele>
				<time>2026-08-06T17:09:42.151Z</time>
			</trkpt>
			<trkpt lat="39.70903" lon="20.7886">
				<ele>518.08</ele>
				<time>2026-08-06T17:09:49.681Z</time>
			</trkpt>
			<trkpt lat="39.70956" lon="20.78801">
				<ele>518.27</ele>
				<time>2026-08-06T17:09:56.943Z</time>
			</trkpt>
			<trkpt lat="39.70977" lon="20.78773">
				<ele>519.86</ele>
				<time>2026-08-06T17:10:00.118Z</time>
			</trkpt>
			<trkpt lat="39.70998" lon="20.78736">
				<ele>523.16</ele>
				<time>2026-08-06T17:10:03.887Z</time>
			</trkpt>
			<trkpt lat="39.71018" lon="20.78688">
				<ele>524.52</ele>
				<time>2026-08-06T17:10:08.411Z</time>
			</trkpt>
			<trkpt lat="39.71038" lon="20.78653">
				<ele>524.46</ele>
				<time>2026-08-06T17:10:12.065Z</time>
			</trkpt>
			<trkpt lat="39.71058" lon="20.78624">
				<ele>525.78</ele>
				<time>2026-08-06T17:10:15.360Z</time>
			</trkpt>
			<trkpt lat="39.71086" lon="20.78565">
				<ele>528.22</ele>
				<time>2026-08-06T17:10:21.298Z</time>
			</trkpt>
			<trkpt lat="39.71088" lon="20.78556">
				<ele>528.22</ele>
				<time>2026-08-06T17:10:22.107Z</time>
			</trkpt>
			<trkpt lat="39.71089" lon="20.78538">
				<ele>528.89</ele>
				<time>2026-08-06T17:10:23.672Z</time>
			</trkpt>
			<trkpt lat="39.71088" lon="20.78491">
				<ele>530.55</ele>
				<time>2026-08-06T17:10:27.780Z</time>
			</trkpt>
			<trkpt lat="39.71083" lon="20.78447">
				<ele>530.05</ele>
				<time>2026-08-06T17:10:31.707Z</time>
			</trkpt>
			<trkpt lat="39.71082" lon="20.78413">
				<ele>528.46</ele>
				<time>2026-08-06T17:10:34.739Z</time>
			</trkpt>
			<trkpt lat="39.71084" lon="20.78365">
				<ele>530.42</ele>
				<time>2026-08-06T17:10:39.065Z</time>
			</trkpt>
			<trkpt lat="39.71089" lon="20.78335">
				<ele>535.46</ele>
				<time>2026-08-06T17:10:41.853Z</time>
			</trkpt>
			<trkpt lat="39.71097" lon="20.78342">
				<ele>532.79</ele>
				<time>2026-08-06T17:10:42.997Z</time>
			</trkpt>
			<trkpt lat="39.71101" lon="20.78351">
				<ele>530.74</ele>
				<time>2026-08-06T17:10:43.949Z</time>
			</trkpt>
			<trkpt lat="39.71138" lon="20.78461">
				<ele>527.5</ele>
				<time>2026-08-06T17:10:55.612Z</time>
			</trkpt>
			<trkpt lat="39.71145" lon="20.78475">
				<ele>525.78</ele>
				<time>2026-08-06T17:10:57.372Z</time>
			</trkpt>
			<trkpt lat="39.71191" lon="20.78539">
				<ele>519.31</ele>
				<time>2026-08-06T17:11:07.036Z</time>
			</trkpt>
			<trkpt lat="39.71249" lon="20.78597">
				<ele>513.52</ele>
				<time>2026-08-06T17:11:18.113Z</time>
			</trkpt>
			<trkpt lat="39.71258" lon="20.7861">
				<ele>512.06</ele>
				<time>2026-08-06T17:11:20.187Z</time>
			</trkpt>
			<trkpt lat="39.71291" lon="20.78674">
				<ele>504.95</ele>
				<time>2026-08-06T17:11:29.369Z</time>
			</trkpt>
			<trkpt lat="39.71353" lon="20.78784">
				<ele>494.79</ele>
				<time>2026-08-06T17:11:45.318Z</time>
			</trkpt>
			<trkpt lat="39.71379" lon="20.78849">
				<ele>491.14</ele>
				<time>2026-08-06T17:11:53.417Z</time>
			</trkpt>
			<trkpt lat="39.71407" lon="20.78839">
				<ele>491</ele>
				<time>2026-08-06T17:11:57.388Z</time>
			</trkpt>
			<trkpt lat="39.71441" lon="20.78822">
				<ele>490.14</ele>
				<time>2026-08-06T17:12:02.184Z</time>
			</trkpt>
			<trkpt lat="39.71467" lon="20.78808">
				<ele>488.36</ele>
				<time>2026-08-06T17:12:05.836Z</time>
			</trkpt>
			<trkpt lat="39.71486" lon="20.78792">
				<ele>487.01</ele>
				<time>2026-08-06T17:12:08.746Z</time>
			</trkpt>
			<trkpt lat="39.71517" lon="20.78741">
				<ele>485.54</ele>
				<time>2026-08-06T17:12:15.092Z</time>
			</trkpt>
			<trkpt lat="39.71545" lon="20.78703">
				<ele>485.14</ele>
				<time>2026-08-06T17:12:20.150Z</time>
			</trkpt>
			<trkpt lat="39.71561" lon="20.78686">
				<ele>485.11</ele>
				<time>2026-08-06T17:12:22.707Z</time>
			</trkpt>
			<trkpt lat="39.71579" lon="20.78671">
				<ele>484.16</ele>
				<time>2026-08-06T17:12:25.335Z</time>
			</trkpt>
			<trkpt lat="39.71638" lon="20.7863">
				<ele>480.64</ele>
				<time>2026-08-06T17:12:33.450Z</time>
			</trkpt>
			<trkpt lat="39.7168" lon="20.7859">
				<ele>482.51</ele>
				<time>2026-08-06T17:12:39.661Z</time>
			</trkpt>
			<trkpt lat="39.71706" lon="20.7856">
				<ele>483.4</ele>
				<time>2026-08-06T17:12:43.762Z</time>
			</trkpt>
			<trkpt lat="39.71718" lon="20.78549">
				<ele>483.36</ele>
				<time>2026-08-06T17:12:45.485Z</time>
			</trkpt>
			<trkpt lat="39.71753" lon="20.78522">
				<ele>483.23</ele>
				<time>2026-08-06T17:12:50.228Z</time>
			</trkpt>
			<trkpt lat="39.71844" lon="20.78445">
				<ele>479.13</ele>
				<time>2026-08-06T17:13:02.700Z</time>
			</trkpt>
			<trkpt lat="39.71969" lon="20.78356">
				<ele>475.63</ele>
				<time>2026-08-06T17:13:18.776Z</time>
			</trkpt>
			<trkpt lat="39.71999" lon="20.78339">
				<ele>476.4</ele>
				<time>2026-08-06T17:13:22.438Z</time>
			</trkpt>
			<trkpt lat="39.72097" lon="20.7829">
				<ele>477.35</ele>
				<time>2026-08-06T17:13:34.153Z</time>
			</trkpt>
			<trkpt lat="39.72144" lon="20.7826">
				<ele>475.85</ele>
				<time>2026-08-06T17:13:39.994Z</time>
			</trkpt>
			<trkpt lat="39.72207" lon="20.78198">
				<ele>473.4</ele>
				<time>2026-08-06T17:13:48.831Z</time>
			</trkpt>
			<trkpt lat="39.72235" lon="20.78177">
				<ele>472.62</ele>
				<time>2026-08-06T17:13:52.462Z</time>
			</trkpt>
			<trkpt lat="39.72312" lon="20.78138">
				<ele>473.23</ele>
				<time>2026-08-06T17:14:01.800Z</time>
			</trkpt>
			<trkpt lat="39.7239" lon="20.78087">
				<ele>475.77</ele>
				<time>2026-08-06T17:14:11.790Z</time>
			</trkpt>
			<trkpt lat="39.72437" lon="20.78062">
				<ele>474.43</ele>
				<time>2026-08-06T17:14:17.675Z</time>
			</trkpt>
			<trkpt lat="39.72467" lon="20.78042">
				<ele>473.81</ele>
				<time>2026-08-06T17:14:21.617Z</time>
			</trkpt>
			<trkpt lat="39.72515" lon="20.78005">
				<ele>475.81</ele>
				<time>2026-08-06T17:14:28.213Z</time>
			</trkpt>
			<trkpt lat="39.72542" lon="20.77981">
				<ele>476.13</ele>
				<time>2026-08-06T17:14:32.122Z</time>
			</trkpt>
			<trkpt lat="39.72559" lon="20.77963">
				<ele>476.58</ele>
				<time>2026-08-06T17:14:34.763Z</time>
			</trkpt>
			<trkpt lat="39.72596" lon="20.7793">
				<ele>478.01</ele>
				<time>2026-08-06T17:14:40.219Z</time>
			</trkpt>
			<trkpt lat="39.7269" lon="20.77818">
				<ele>478.92</ele>
				<time>2026-08-06T17:14:55.733Z</time>
			</trkpt>
			<trkpt lat="39.72709" lon="20.77799">
				<ele>478.06</ele>
				<time>2026-08-06T17:14:58.641Z</time>
			</trkpt>
			<trkpt lat="39.72724" lon="20.77787">
				<ele>477.41</ele>
				<time>2026-08-06T17:15:00.777Z</time>
			</trkpt>
			<trkpt lat="39.72765" lon="20.77763">
				<ele>474.18</ele>
				<time>2026-08-06T17:15:06.235Z</time>
			</trkpt>
			<trkpt lat="39.7279" lon="20.77757">
				<ele>473.72</ele>
				<time>2026-08-06T17:15:09.325Z</time>
			</trkpt>
			<trkpt lat="39.72833" lon="20.77755">
				<ele>475.03</ele>
				<time>2026-08-06T17:15:14.567Z</time>
			</trkpt>
			<trkpt lat="39.72869" lon="20.77749">
				<ele>476.72</ele>
				<time>2026-08-06T17:15:19.003Z</time>
			</trkpt>
			<trkpt lat="39.72913" lon="20.77733">
				<ele>474.27</ele>
				<time>2026-08-06T17:15:24.613Z</time>
			</trkpt>
			<trkpt lat="39.72951" lon="20.77718">
				<ele>473.09</ele>
				<time>2026-08-06T17:15:29.518Z</time>
			</trkpt>
			<trkpt lat="39.73053" lon="20.77664">
				<ele>472.01</ele>
				<time>2026-08-06T17:15:43.304Z</time>
			</trkpt>
			<trkpt lat="39.73136" lon="20.77635">
				<ele>472.18</ele>
				<time>2026-08-06T17:15:54.303Z</time>
			</trkpt>
			<trkpt lat="39.73161" lon="20.77624">
				<ele>473.39</ele>
				<time>2026-08-06T17:15:57.732Z</time>
			</trkpt>
			<trkpt lat="39.73173" lon="20.77615">
				<ele>472.69</ele>
				<time>2026-08-06T17:15:59.542Z</time>
			</trkpt>
			<trkpt lat="39.73184" lon="20.7761">
				<ele>471.73</ele>
				<time>2026-08-06T17:16:01.071Z</time>
			</trkpt>
			<trkpt lat="39.73243" lon="20.77591">
				<ele>470.69</ele>
				<time>2026-08-06T17:16:09.137Z</time>
			</trkpt>
			<trkpt lat="39.73272" lon="20.77587">
				<ele>469.17</ele>
				<time>2026-08-06T17:16:13.064Z</time>
			</trkpt>
			<trkpt lat="39.73282" lon="20.77588">
				<ele>468.85</ele>
				<time>2026-08-06T17:16:14.425Z</time>
			</trkpt>
			<trkpt lat="39.73291" lon="20.77591">
				<ele>468.84</ele>
				<time>2026-08-06T17:16:15.689Z</time>
			</trkpt>
			<trkpt lat="39.73303" lon="20.77603">
				<ele>468.95</ele>
				<time>2026-08-06T17:16:17.758Z</time>
			</trkpt>
			<trkpt lat="39.73322" lon="20.77628">
				<ele>469.37</ele>
				<time>2026-08-06T17:16:21.481Z</time>
			</trkpt>
			<trkpt lat="39.73346" lon="20.77672">
				<ele>470.15</ele>
				<time>2026-08-06T17:16:27.271Z</time>
			</trkpt>
			<trkpt lat="39.73388" lon="20.7765">
				<ele>467</ele>
				<time>2026-08-06T17:16:33.710Z</time>
			</trkpt>
			<trkpt lat="39.73403" lon="20.77648">
				<ele>467</ele>
				<time>2026-08-06T17:16:36.036Z</time>
			</trkpt>
			<trkpt lat="39.73398" lon="20.77656">
				<ele>467</ele>
				<time>2026-08-06T17:16:37.302Z</time>
			</trkpt>
			<trkpt lat="39.73397" lon="20.77666">
				<ele>467</ele>
				<time>2026-08-06T17:16:38.543Z</time>
			</trkpt>
			<trkpt lat="39.73401" lon="20.77679">
				<ele>467</ele>
				<time>2026-08-06T17:16:40.230Z</time>
			</trkpt>
			<trkpt lat="39.73409" lon="20.77685">
				<ele>467</ele>
				<time>2026-08-06T17:16:41.605Z</time>
			</trkpt>
			<trkpt lat="39.73418" lon="20.77685">
				<ele>467.1</ele>
				<time>2026-08-06T17:16:42.856Z</time>
			</trkpt>
			<trkpt lat="39.73425" lon="20.77679">
				<ele>467.68</ele>
				<time>2026-08-06T17:16:43.997Z</time>
			</trkpt>
			<trkpt lat="39.73471" lon="20.77691">
				<ele>467.03</ele>
				<time>2026-08-06T17:16:50.282Z</time>
			</trkpt>
			<trkpt lat="39.73542" lon="20.77689">
				<ele>468.61</ele>
				<time>2026-08-06T17:16:59.496Z</time>
			</trkpt>
			<trkpt lat="39.73599" lon="20.77694">
				<ele>465.81</ele>
				<time>2026-08-06T17:17:06.666Z</time>
			</trkpt>
			<trkpt lat="39.73608" lon="20.77692">
				<ele>465.18</ele>
				<time>2026-08-06T17:17:07.793Z</time>
			</trkpt>
			<trkpt lat="39.73635" lon="20.77698">
				<ele>463.33</ele>
				<time>2026-08-06T17:17:11.146Z</time>
			</trkpt>
			<trkpt lat="39.73664" lon="20.77707">
				<ele>463.04</ele>
				<time>2026-08-06T17:17:14.748Z</time>
			</trkpt>
			<trkpt lat="39.73835" lon="20.77751">
				<ele>465.93</ele>
				<time>2026-08-06T17:17:34.941Z</time>
			</trkpt>
			<trkpt lat="39.73964" lon="20.77792">
				<ele>465.79</ele>
				<time>2026-08-06T17:17:49.561Z</time>
			</trkpt>
			<trkpt lat="39.74052" lon="20.77818">
				<ele>466.09</ele>
				<time>2026-08-06T17:17:59.251Z</time>
			</trkpt>
			<trkpt lat="39.74104" lon="20.77841">
				<ele>465.65</ele>
				<time>2026-08-06T17:18:05.088Z</time>
			</trkpt>
			<trkpt lat="39.7413" lon="20.77855">
				<ele>465.05</ele>
				<time>2026-08-06T17:18:08.067Z</time>
			</trkpt>
			<trkpt lat="39.74218" lon="20.77912">
				<ele>466.1</ele>
				<time>2026-08-06T17:18:18.453Z</time>
			</trkpt>
			<trkpt lat="39.74314" lon="20.77978">
				<ele>466.06</ele>
				<time>2026-08-06T17:18:29.971Z</time>
			</trkpt>
			<trkpt lat="39.74471" lon="20.78091">
				<ele>467.04</ele>
				<time>2026-08-06T17:18:49.442Z</time>
			</trkpt>
			<trkpt lat="39.74568" lon="20.78156">
				<ele>470.12</ele>
				<time>2026-08-06T17:19:01.753Z</time>
			</trkpt>
			<trkpt lat="39.74579" lon="20.78182">
				<ele>470.87</ele>
				<time>2026-08-06T17:19:04.388Z</time>
			</trkpt>
			<trkpt lat="39.7458" lon="20.78198">
				<ele>470.91</ele>
				<time>2026-08-06T17:19:05.824Z</time>
			</trkpt>
			<trkpt lat="39.74577" lon="20.78211">
				<ele>470.78</ele>
				<time>2026-08-06T17:19:07.045Z</time>
			</trkpt>
			<trkpt lat="39.74713" lon="20.78229">
				<ele>470.51</ele>
				<time>2026-08-06T17:19:22.146Z</time>
			</trkpt>
			<trkpt lat="39.74747" lon="20.78228">
				<ele>472.1</ele>
				<time>2026-08-06T17:19:25.594Z</time>
			</trkpt>
			<trkpt lat="39.74786" lon="20.78221">
				<ele>471.27</ele>
				<time>2026-08-06T17:19:29.523Z</time>
			</trkpt>
			<trkpt lat="39.74847" lon="20.78204">
				<ele>472.5</ele>
				<time>2026-08-06T17:19:35.710Z</time>
			</trkpt>
			<trkpt lat="39.74863" lon="20.78202">
				<ele>473</ele>
				<time>2026-08-06T17:19:37.314Z</time>
			</trkpt>
			<trkpt lat="39.74862" lon="20.78188">
				<ele>472.77</ele>
				<time>2026-08-06T17:19:38.398Z</time>
			</trkpt>
			<trkpt lat="39.74953" lon="20.78159">
				<ele>469.79</ele>
				<time>2026-08-06T17:19:47.651Z</time>
			</trkpt>
			<trkpt lat="39.75046" lon="20.78122">
				<ele>471.95</ele>
				<time>2026-08-06T17:19:56.976Z</time>
			</trkpt>
			<trkpt lat="39.75095" lon="20.7809">
				<ele>471.99</ele>
				<time>2026-08-06T17:20:02.204Z</time>
			</trkpt>
			<trkpt lat="39.75118" lon="20.7807">
				<ele>472.77</ele>
				<time>2026-08-06T17:20:04.835Z</time>
			</trkpt>
			<trkpt lat="39.75155" lon="20.78028">
				<ele>472.58</ele>
				<time>2026-08-06T17:20:09.491Z</time>
			</trkpt>
			<trkpt lat="39.75188" lon="20.77976">
				<ele>472.51</ele>
				<time>2026-08-06T17:20:14.388Z</time>
			</trkpt>
			<trkpt lat="39.7521" lon="20.7793">
				<ele>471.23</ele>
				<time>2026-08-06T17:20:18.310Z</time>
			</trkpt>
			<trkpt lat="39.75244" lon="20.77838">
				<ele>472.47</ele>
				<time>2026-08-06T17:20:25.668Z</time>
			</trkpt>
			<trkpt lat="39.7531" lon="20.7764">
				<ele>470.36</ele>
				<time>2026-08-06T17:20:41.095Z</time>
			</trkpt>
			<trkpt lat="39.75336" lon="20.77574">
				<ele>470.6</ele>
				<time>2026-08-06T17:20:46.357Z</time>
			</trkpt>
			<trkpt lat="39.75357" lon="20.77526">
				<ele>470.66</ele>
				<time>2026-08-06T17:20:50.263Z</time>
			</trkpt>
			<trkpt lat="39.75374" lon="20.77493">
				<ele>473.28</ele>
				<time>2026-08-06T17:20:53.066Z</time>
			</trkpt>
			<trkpt lat="39.75408" lon="20.77435">
				<ele>473.3</ele>
				<time>2026-08-06T17:20:58.198Z</time>
			</trkpt>
			<trkpt lat="39.75437" lon="20.77395">
				<ele>474.82</ele>
				<time>2026-08-06T17:21:02.054Z</time>
			</trkpt>
			<trkpt lat="39.75462" lon="20.77364">
				<ele>475.45</ele>
				<time>2026-08-06T17:21:05.197Z</time>
			</trkpt>
			<trkpt lat="39.75486" lon="20.77338">
				<ele>473.68</ele>
				<time>2026-08-06T17:21:08.034Z</time>
			</trkpt>
			<trkpt lat="39.75556" lon="20.77269">
				<ele>473.7</ele>
				<time>2026-08-06T17:21:15.981Z</time>
			</trkpt>
			<trkpt lat="39.75629" lon="20.77202">
				<ele>472.47</ele>
				<time>2026-08-06T17:21:24.023Z</time>
			</trkpt>
			<trkpt lat="39.76152" lon="20.76714">
				<ele>481.41</ele>
				<time>2026-08-06T17:22:20.775Z</time>
			</trkpt>
			<trkpt lat="39.76189" lon="20.76682">
				<ele>485.33</ele>
				<time>2026-08-06T17:22:24.624Z</time>
			</trkpt>
			<trkpt lat="39.76271" lon="20.76605">
				<ele>491.32</ele>
				<time>2026-08-06T17:22:33.353Z</time>
			</trkpt>
			<trkpt lat="39.7635" lon="20.76529">
				<ele>495.37</ele>
				<time>2026-08-06T17:22:41.796Z</time>
			</trkpt>
			<trkpt lat="39.7641" lon="20.76464">
				<ele>498.41</ele>
				<time>2026-08-06T17:22:48.479Z</time>
			</trkpt>
			<trkpt lat="39.76443" lon="20.76422">
				<ele>498.87</ele>
				<time>2026-08-06T17:22:52.420Z</time>
			</trkpt>
			<trkpt lat="39.76467" lon="20.76387">
				<ele>502.24</ele>
				<time>2026-08-06T17:22:55.493Z</time>
			</trkpt>
			<trkpt lat="39.76776" lon="20.75868">
				<ele>522.91</ele>
				<time>2026-08-06T17:23:38.062Z</time>
			</trkpt>
			<trkpt lat="39.76812" lon="20.75797">
				<ele>520.96</ele>
				<time>2026-08-06T17:23:43.524Z</time>
			</trkpt>
			<trkpt lat="39.76842" lon="20.75723">
				<ele>522.55</ele>
				<time>2026-08-06T17:23:48.887Z</time>
			</trkpt>
			<trkpt lat="39.76916" lon="20.75513">
				<ele>518.19</ele>
				<time>2026-08-06T17:24:03.645Z</time>
			</trkpt>
			<trkpt lat="39.76932" lon="20.75471">
				<ele>517.61</ele>
				<time>2026-08-06T17:24:06.632Z</time>
			</trkpt>
			<trkpt lat="39.76973" lon="20.75376">
				<ele>516.13</ele>
				<time>2026-08-06T17:24:13.563Z</time>
			</trkpt>
			<trkpt lat="39.77002" lon="20.75318">
				<ele>511.07</ele>
				<time>2026-08-06T17:24:17.958Z</time>
			</trkpt>
			<trkpt lat="39.77036" lon="20.75261">
				<ele>504.4</ele>
				<time>2026-08-06T17:24:22.536Z</time>
			</trkpt>
			<trkpt lat="39.77066" lon="20.75218">
				<ele>504.82</ele>
				<time>2026-08-06T17:24:26.217Z</time>
			</trkpt>
			<trkpt lat="39.77109" lon="20.75159">
				<ele>503.76</ele>
				<time>2026-08-06T17:24:31.366Z</time>
			</trkpt>
			<trkpt lat="39.77136" lon="20.7513">
				<ele>501.03</ele>
				<time>2026-08-06T17:24:34.248Z</time>
			</trkpt>
			<trkpt lat="39.77151" lon="20.75117">
				<ele>500.47</ele>
				<time>2026-08-06T17:24:35.730Z</time>
			</trkpt>
			<trkpt lat="39.77177" lon="20.75099">
				<ele>500.7</ele>
				<time>2026-08-06T17:24:38.153Z</time>
			</trkpt>
			<trkpt lat="39.77212" lon="20.75085">
				<ele>501.08</ele>
				<time>2026-08-06T17:24:41.163Z</time>
			</trkpt>
			<trkpt lat="39.77237" lon="20.75082">
				<ele>502.04</ele>
				<time>2026-08-06T17:24:43.225Z</time>
			</trkpt>
			<trkpt lat="39.77263" lon="20.75083">
				<ele>504.91</ele>
				<time>2026-08-06T17:24:45.362Z</time>
			</trkpt>
			<trkpt lat="39.77286" lon="20.75088">
				<ele>508.23</ele>
				<time>2026-08-06T17:24:47.276Z</time>
			</trkpt>
			<trkpt lat="39.77307" lon="20.75098">
				<ele>510.53</ele>
				<time>2026-08-06T17:24:49.112Z</time>
			</trkpt>
			<trkpt lat="39.77332" lon="20.75115">
				<ele>511.76</ele>
				<time>2026-08-06T17:24:51.426Z</time>
			</trkpt>
			<trkpt lat="39.77392" lon="20.75169">
				<ele>520.33</ele>
				<time>2026-08-06T17:24:57.409Z</time>
			</trkpt>
			<trkpt lat="39.77417" lon="20.75186">
				<ele>522.05</ele>
				<time>2026-08-06T17:24:59.720Z</time>
			</trkpt>
			<trkpt lat="39.77436" lon="20.75195">
				<ele>524.18</ele>
				<time>2026-08-06T17:25:01.377Z</time>
			</trkpt>
			<trkpt lat="39.77465" lon="20.75203">
				<ele>528.13</ele>
				<time>2026-08-06T17:25:03.805Z</time>
			</trkpt>
			<trkpt lat="39.77523" lon="20.75193">
				<ele>529.71</ele>
				<time>2026-08-06T17:25:08.596Z</time>
			</trkpt>
			<trkpt lat="39.77541" lon="20.75188">
				<ele>529.45</ele>
				<time>2026-08-06T17:25:10.103Z</time>
			</trkpt>
			<trkpt lat="39.77697" lon="20.75142">
				<ele>538.87</ele>
				<time>2026-08-06T17:25:23.179Z</time>
			</trkpt>
			<trkpt lat="39.77715" lon="20.75134">
				<ele>541.15</ele>
				<time>2026-08-06T17:25:24.731Z</time>
			</trkpt>
			<trkpt lat="39.77747" lon="20.75114">
				<ele>543.29</ele>
				<time>2026-08-06T17:25:27.626Z</time>
			</trkpt>
			<trkpt lat="39.77761" lon="20.75104">
				<ele>541.91</ele>
				<time>2026-08-06T17:25:28.928Z</time>
			</trkpt>
			<trkpt lat="39.77792" lon="20.75072">
				<ele>536.6</ele>
				<time>2026-08-06T17:25:32.151Z</time>
			</trkpt>
			<trkpt lat="39.77815" lon="20.7504">
				<ele>532.38</ele>
				<time>2026-08-06T17:25:34.892Z</time>
			</trkpt>
			<trkpt lat="39.7783" lon="20.75016">
				<ele>531.78</ele>
				<time>2026-08-06T17:25:36.825Z</time>
			</trkpt>
			<trkpt lat="39.77854" lon="20.74965">
				<ele>530.35</ele>
				<time>2026-08-06T17:25:40.561Z</time>
			</trkpt>
			<trkpt lat="39.7787" lon="20.74915">
				<ele>529.89</ele>
				<time>2026-08-06T17:25:43.940Z</time>
			</trkpt>
			<trkpt lat="39.7788" lon="20.7487">
				<ele>530.95</ele>
				<time>2026-08-06T17:25:46.861Z</time>
			</trkpt>
			<trkpt lat="39.77907" lon="20.74717">
				<ele>523.34</ele>
				<time>2026-08-06T17:25:56.632Z</time>
			</trkpt>
			<trkpt lat="39.77943" lon="20.74531">
				<ele>521.99</ele>
				<time>2026-08-06T17:26:08.536Z</time>
			</trkpt>
			<trkpt lat="39.7795" lon="20.74502">
				<ele>521.44</ele>
				<time>2026-08-06T17:26:10.419Z</time>
			</trkpt>
			<trkpt lat="39.77959" lon="20.74476">
				<ele>522.07</ele>
				<time>2026-08-06T17:26:12.185Z</time>
			</trkpt>
			<trkpt lat="39.77978" lon="20.74435">
				<ele>525.64</ele>
				<time>2026-08-06T17:26:15.148Z</time>
			</trkpt>
			<trkpt lat="39.77994" lon="20.74411">
				<ele>527.07</ele>
				<time>2026-08-06T17:26:17.113Z</time>
			</trkpt>
			<trkpt lat="39.78026" lon="20.7438">
				<ele>525.41</ele>
				<time>2026-08-06T17:26:20.321Z</time>
			</trkpt>
			<trkpt lat="39.78054" lon="20.74359">
				<ele>529.62</ele>
				<time>2026-08-06T17:26:22.918Z</time>
			</trkpt>
			<trkpt lat="39.78067" lon="20.74348">
				<ele>532.23</ele>
				<time>2026-08-06T17:26:24.163Z</time>
			</trkpt>
			<trkpt lat="39.78081" lon="20.74333">
				<ele>535.4</ele>
				<time>2026-08-06T17:26:25.619Z</time>
			</trkpt>
			<trkpt lat="39.7809" lon="20.74317">
				<ele>538.07</ele>
				<time>2026-08-06T17:26:26.842Z</time>
			</trkpt>
			<trkpt lat="39.78103" lon="20.74289">
				<ele>539.86</ele>
				<time>2026-08-06T17:26:28.859Z</time>
			</trkpt>
			<trkpt lat="39.78138" lon="20.7419">
				<ele>541.94</ele>
				<time>2026-08-06T17:26:35.570Z</time>
			</trkpt>
			<trkpt lat="39.78157" lon="20.7415">
				<ele>541.9</ele>
				<time>2026-08-06T17:26:38.462Z</time>
			</trkpt>
			<trkpt lat="39.78168" lon="20.7413">
				<ele>543.79</ele>
				<time>2026-08-06T17:26:39.974Z</time>
			</trkpt>
			<trkpt lat="39.78189" lon="20.74102">
				<ele>548.1</ele>
				<time>2026-08-06T17:26:42.378Z</time>
			</trkpt>
			<trkpt lat="39.78205" lon="20.74087">
				<ele>547.53</ele>
				<time>2026-08-06T17:26:43.954Z</time>
			</trkpt>
			<trkpt lat="39.78234" lon="20.74067">
				<ele>546.61</ele>
				<time>2026-08-06T17:26:46.575Z</time>
			</trkpt>
			<trkpt lat="39.78304" lon="20.74024">
				<ele>550.47</ele>
				<time>2026-08-06T17:26:52.751Z</time>
			</trkpt>
			<trkpt lat="39.78332" lon="20.74003">
				<ele>552.35</ele>
				<time>2026-08-06T17:26:55.326Z</time>
			</trkpt>
			<trkpt lat="39.78386" lon="20.7395">
				<ele>559.44</ele>
				<time>2026-08-06T17:27:00.711Z</time>
			</trkpt>
			<trkpt lat="39.7845" lon="20.73884">
				<ele>560.91</ele>
				<time>2026-08-06T17:27:07.202Z</time>
			</trkpt>
			<trkpt lat="39.78467" lon="20.7387">
				<ele>561.73</ele>
				<time>2026-08-06T17:27:08.799Z</time>
			</trkpt>
			<trkpt lat="39.78486" lon="20.73858">
				<ele>563.84</ele>
				<time>2026-08-06T17:27:10.476Z</time>
			</trkpt>
			<trkpt lat="39.78517" lon="20.73849">
				<ele>567.69</ele>
				<time>2026-08-06T17:27:12.996Z</time>
			</trkpt>
			<trkpt lat="39.78532" lon="20.73847">
				<ele>568.76</ele>
				<time>2026-08-06T17:27:14.192Z</time>
			</trkpt>
			<trkpt lat="39.78565" lon="20.7385">
				<ele>570.42</ele>
				<time>2026-08-06T17:27:16.814Z</time>
			</trkpt>
			<trkpt lat="39.78626" lon="20.73864">
				<ele>568.05</ele>
				<time>2026-08-06T17:27:21.719Z</time>
			</trkpt>
			<trkpt lat="39.78658" lon="20.73872">
				<ele>571.46</ele>
				<time>2026-08-06T17:27:24.297Z</time>
			</trkpt>
			<trkpt lat="39.78699" lon="20.73886">
				<ele>576.13</ele>
				<time>2026-08-06T17:27:27.648Z</time>
			</trkpt>
			<trkpt lat="39.78739" lon="20.73896">
				<ele>577.05</ele>
				<time>2026-08-06T17:27:30.865Z</time>
			</trkpt>
			<trkpt lat="39.78765" lon="20.73898">
				<ele>578.95</ele>
				<time>2026-08-06T17:27:32.922Z</time>
			</trkpt>
			<trkpt lat="39.788" lon="20.73891">
				<ele>580.11</ele>
				<time>2026-08-06T17:27:35.715Z</time>
			</trkpt>
			<trkpt lat="39.7883" lon="20.73881">
				<ele>577.65</ele>
				<time>2026-08-06T17:27:38.157Z</time>
			</trkpt>
			<trkpt lat="39.7886" lon="20.73863">
				<ele>579.1</ele>
				<time>2026-08-06T17:27:40.760Z</time>
			</trkpt>
			<trkpt lat="39.78881" lon="20.73843">
				<ele>580.53</ele>
				<time>2026-08-06T17:27:42.810Z</time>
			</trkpt>
			<trkpt lat="39.78896" lon="20.73822">
				<ele>582.22</ele>
				<time>2026-08-06T17:27:44.544Z</time>
			</trkpt>
			<trkpt lat="39.7892" lon="20.73782">
				<ele>586.58</ele>
				<time>2026-08-06T17:27:47.612Z</time>
			</trkpt>
			<trkpt lat="39.78966" lon="20.73687">
				<ele>587.73</ele>
				<time>2026-08-06T17:27:54.392Z</time>
			</trkpt>
			<trkpt lat="39.78996" lon="20.73631">
				<ele>588.55</ele>
				<time>2026-08-06T17:27:58.509Z</time>
			</trkpt>
			<trkpt lat="39.79023" lon="20.73585">
				<ele>586.56</ele>
				<time>2026-08-06T17:28:01.997Z</time>
			</trkpt>
			<trkpt lat="39.79036" lon="20.73566">
				<ele>586.11</ele>
				<time>2026-08-06T17:28:03.528Z</time>
			</trkpt>
			<trkpt lat="39.79072" lon="20.73522">
				<ele>585.4</ele>
				<time>2026-08-06T17:28:07.396Z</time>
			</trkpt>
			<trkpt lat="39.79101" lon="20.73493">
				<ele>586.03</ele>
				<time>2026-08-06T17:28:10.258Z</time>
			</trkpt>
			<trkpt lat="39.79127" lon="20.73471">
				<ele>586.54</ele>
				<time>2026-08-06T17:28:12.683Z</time>
			</trkpt>
			<trkpt lat="39.79163" lon="20.73446">
				<ele>587.85</ele>
				<time>2026-08-06T17:28:15.872Z</time>
			</trkpt>
			<trkpt lat="39.79192" lon="20.73426">
				<ele>590.8</ele>
				<time>2026-08-06T17:28:18.435Z</time>
			</trkpt>
			<trkpt lat="39.79388" lon="20.73313">
				<ele>592.82</ele>
				<time>2026-08-06T17:28:35.141Z</time>
			</trkpt>
			<trkpt lat="39.79425" lon="20.73298">
				<ele>593.61</ele>
				<time>2026-08-06T17:28:38.154Z</time>
			</trkpt>
			<trkpt lat="39.79453" lon="20.73292">
				<ele>593.95</ele>
				<time>2026-08-06T17:28:40.359Z</time>
			</trkpt>
			<trkpt lat="39.79482" lon="20.7329">
				<ele>595.57</ele>
				<time>2026-08-06T17:28:42.614Z</time>
			</trkpt>
			<trkpt lat="39.79515" lon="20.73293">
				<ele>599.85</ele>
				<time>2026-08-06T17:28:45.182Z</time>
			</trkpt>
			<trkpt lat="39.79546" lon="20.733">
				<ele>603.12</ele>
				<time>2026-08-06T17:28:47.623Z</time>
			</trkpt>
			<trkpt lat="39.79612" lon="20.73325">
				<ele>595.27</ele>
				<time>2026-08-06T17:28:52.951Z</time>
			</trkpt>
			<trkpt lat="39.79636" lon="20.73331">
				<ele>593</ele>
				<time>2026-08-06T17:28:54.844Z</time>
			</trkpt>
			<trkpt lat="39.79657" lon="20.73332">
				<ele>593.44</ele>
				<time>2026-08-06T17:28:56.471Z</time>
			</trkpt>
			<trkpt lat="39.79686" lon="20.73327">
				<ele>593.85</ele>
				<time>2026-08-06T17:28:58.735Z</time>
			</trkpt>
			<trkpt lat="39.79709" lon="20.73316">
				<ele>595.16</ele>
				<time>2026-08-06T17:29:00.631Z</time>
			</trkpt>
			<trkpt lat="39.79727" lon="20.73302">
				<ele>595.57</ele>
				<time>2026-08-06T17:29:02.252Z</time>
			</trkpt>
			<trkpt lat="39.79753" lon="20.73273">
				<ele>597.2</ele>
				<time>2026-08-06T17:29:04.898Z</time>
			</trkpt>
			<trkpt lat="39.79788" lon="20.73212">
				<ele>599.09</ele>
				<time>2026-08-06T17:29:09.416Z</time>
			</trkpt>
			<trkpt lat="39.79833" lon="20.73124">
				<ele>599.56</ele>
				<time>2026-08-06T17:29:15.681Z</time>
			</trkpt>
			<trkpt lat="39.79845" lon="20.73092">
				<ele>598.4</ele>
				<time>2026-08-06T17:29:17.789Z</time>
			</trkpt>
			<trkpt lat="39.79851" lon="20.73073">
				<ele>597.84</ele>
				<time>2026-08-06T17:29:19.005Z</time>
			</trkpt>
			<trkpt lat="39.79861" lon="20.73018">
				<ele>597.46</ele>
				<time>2026-08-06T17:29:22.349Z</time>
			</trkpt>
			<trkpt lat="39.79867" lon="20.72923">
				<ele>598.3</ele>
				<time>2026-08-06T17:29:27.983Z</time>
			</trkpt>
			<trkpt lat="39.79873" lon="20.72877">
				<ele>598.89</ele>
				<time>2026-08-06T17:29:30.738Z</time>
			</trkpt>
			<trkpt lat="39.79884" lon="20.72845">
				<ele>597.73</ele>
				<time>2026-08-06T17:29:32.807Z</time>
			</trkpt>
			<trkpt lat="39.79902" lon="20.72814">
				<ele>597.72</ele>
				<time>2026-08-06T17:29:35.100Z</time>
			</trkpt>
			<trkpt lat="39.79912" lon="20.728">
				<ele>597.96</ele>
				<time>2026-08-06T17:29:36.227Z</time>
			</trkpt>
			<trkpt lat="39.79942" lon="20.72775">
				<ele>599.32</ele>
				<time>2026-08-06T17:29:38.960Z</time>
			</trkpt>
			<trkpt lat="39.79966" lon="20.72763">
				<ele>600.04</ele>
				<time>2026-08-06T17:29:40.932Z</time>
			</trkpt>
			<trkpt lat="39.80019" lon="20.72749">
				<ele>600.35</ele>
				<time>2026-08-06T17:29:45.077Z</time>
			</trkpt>
			<trkpt lat="39.80046" lon="20.72739">
				<ele>602.85</ele>
				<time>2026-08-06T17:29:47.227Z</time>
			</trkpt>
			<trkpt lat="39.8007" lon="20.72721">
				<ele>603.49</ele>
				<time>2026-08-06T17:29:49.348Z</time>
			</trkpt>
			<trkpt lat="39.80087" lon="20.72704">
				<ele>603.1</ele>
				<time>2026-08-06T17:29:50.988Z</time>
			</trkpt>
			<trkpt lat="39.80095" lon="20.7269">
				<ele>603.37</ele>
				<time>2026-08-06T17:29:52.014Z</time>
			</trkpt>
			<trkpt lat="39.80113" lon="20.72651">
				<ele>604.28</ele>
				<time>2026-08-06T17:29:54.687Z</time>
			</trkpt>
			<trkpt lat="39.80174" lon="20.72489">
				<ele>596.42</ele>
				<time>2026-08-06T17:30:05.274Z</time>
			</trkpt>
			<trkpt lat="39.80222" lon="20.72367">
				<ele>597.2</ele>
				<time>2026-08-06T17:30:13.302Z</time>
			</trkpt>
			<trkpt lat="39.80242" lon="20.72322">
				<ele>597.55</ele>
				<time>2026-08-06T17:30:16.344Z</time>
			</trkpt>
			<trkpt lat="39.80258" lon="20.72295">
				<ele>596.62</ele>
				<time>2026-08-06T17:30:18.338Z</time>
			</trkpt>
			<trkpt lat="39.8028" lon="20.72262">
				<ele>594.9</ele>
				<time>2026-08-06T17:30:20.892Z</time>
			</trkpt>
			<trkpt lat="39.80288" lon="20.72253">
				<ele>594.27</ele>
				<time>2026-08-06T17:30:21.696Z</time>
			</trkpt>
			<trkpt lat="39.80374" lon="20.72172">
				<ele>591.19</ele>
				<time>2026-08-06T17:30:29.763Z</time>
			</trkpt>
			<trkpt lat="39.80409" lon="20.72144">
				<ele>591.69</ele>
				<time>2026-08-06T17:30:32.882Z</time>
			</trkpt>
			<trkpt lat="39.8072" lon="20.71861">
				<ele>598.81</ele>
				<time>2026-08-06T17:31:01.603Z</time>
			</trkpt>
			<trkpt lat="39.80743" lon="20.71838">
				<ele>598.92</ele>
				<time>2026-08-06T17:31:03.792Z</time>
			</trkpt>
			<trkpt lat="39.80825" lon="20.71765">
				<ele>598.94</ele>
				<time>2026-08-06T17:31:11.284Z</time>
			</trkpt>
			<trkpt lat="39.81005" lon="20.71595">
				<ele>603.77</ele>
				<time>2026-08-06T17:31:28.019Z</time>
			</trkpt>
			<trkpt lat="39.81075" lon="20.71533">
				<ele>605.67</ele>
				<time>2026-08-06T17:31:34.377Z</time>
			</trkpt>
			<trkpt lat="39.8113" lon="20.71486">
				<ele>606.38</ele>
				<time>2026-08-06T17:31:39.314Z</time>
			</trkpt>
			<trkpt lat="39.81182" lon="20.7145">
				<ele>605.05</ele>
				<time>2026-08-06T17:31:43.730Z</time>
			</trkpt>
			<trkpt lat="39.81197" lon="20.71442">
				<ele>604.89</ele>
				<time>2026-08-06T17:31:44.945Z</time>
			</trkpt>
			<trkpt lat="39.81234" lon="20.71426">
				<ele>605.21</ele>
				<time>2026-08-06T17:31:47.865Z</time>
			</trkpt>
			<trkpt lat="39.81339" lon="20.71374">
				<ele>606.89</ele>
				<time>2026-08-06T17:31:56.274Z</time>
			</trkpt>
			<trkpt lat="39.81392" lon="20.71349">
				<ele>609.53</ele>
				<time>2026-08-06T17:32:00.489Z</time>
			</trkpt>
			<trkpt lat="39.81425" lon="20.7133">
				<ele>606.86</ele>
				<time>2026-08-06T17:32:03.185Z</time>
			</trkpt>
			<trkpt lat="39.81519" lon="20.71267">
				<ele>608.71</ele>
				<time>2026-08-06T17:32:11.080Z</time>
			</trkpt>
			<trkpt lat="39.81705" lon="20.71138">
				<ele>612.13</ele>
				<time>2026-08-06T17:32:26.788Z</time>
			</trkpt>
			<trkpt lat="39.81769" lon="20.71086">
				<ele>614.86</ele>
				<time>2026-08-06T17:32:32.403Z</time>
			</trkpt>
			<trkpt lat="39.81819" lon="20.71038">
				<ele>614.47</ele>
				<time>2026-08-06T17:32:37.022Z</time>
			</trkpt>
			<trkpt lat="39.81871" lon="20.7098">
				<ele>618.51</ele>
				<time>2026-08-06T17:32:42.111Z</time>
			</trkpt>
			<trkpt lat="39.8203" lon="20.70785">
				<ele>625.15</ele>
				<time>2026-08-06T17:32:58.319Z</time>
			</trkpt>
			<trkpt lat="39.82185" lon="20.70604">
				<ele>618.45</ele>
				<time>2026-08-06T17:33:13.736Z</time>
			</trkpt>
			<trkpt lat="39.82237" lon="20.70545">
				<ele>610.53</ele>
				<time>2026-08-06T17:33:18.837Z</time>
			</trkpt>
			<trkpt lat="39.82696" lon="20.70001">
				<ele>597.57</ele>
				<time>2026-08-06T17:34:04.595Z</time>
			</trkpt>
			<trkpt lat="39.82784" lon="20.699">
				<ele>590.48</ele>
				<time>2026-08-06T17:34:13.217Z</time>
			</trkpt>
			<trkpt lat="39.82898" lon="20.69763">
				<ele>588.13</ele>
				<time>2026-08-06T17:34:24.608Z</time>
			</trkpt>
			<trkpt lat="39.82962" lon="20.6968">
				<ele>586.68</ele>
				<time>2026-08-06T17:34:31.235Z</time>
			</trkpt>
			<trkpt lat="39.83084" lon="20.69511">
				<ele>579.31</ele>
				<time>2026-08-06T17:34:44.291Z</time>
			</trkpt>
			<trkpt lat="39.83265" lon="20.69251">
				<ele>575</ele>
				<time>2026-08-06T17:35:04.015Z</time>
			</trkpt>
			<trkpt lat="39.83508" lon="20.6892">
				<ele>581.18</ele>
				<time>2026-08-06T17:35:29.707Z</time>
			</trkpt>
			<trkpt lat="39.83565" lon="20.68843">
				<ele>583.13</ele>
				<time>2026-08-06T17:35:35.701Z</time>
			</trkpt>
			<trkpt lat="39.83613" lon="20.68786">
				<ele>583.04</ele>
				<time>2026-08-06T17:35:40.440Z</time>
			</trkpt>
			<trkpt lat="39.83656" lon="20.68741">
				<ele>580.95</ele>
				<time>2026-08-06T17:35:44.464Z</time>
			</trkpt>
			<trkpt lat="39.8372" lon="20.68684">
				<ele>582.42</ele>
				<time>2026-08-06T17:35:50.117Z</time>
			</trkpt>
			<trkpt lat="39.83822" lon="20.68606">
				<ele>580.94</ele>
				<time>2026-08-06T17:35:58.738Z</time>
			</trkpt>
			<trkpt lat="39.83895" lon="20.68554">
				<ele>574.13</ele>
				<time>2026-08-06T17:36:04.800Z</time>
			</trkpt>
			<trkpt lat="39.83993" lon="20.68488">
				<ele>574.71</ele>
				<time>2026-08-06T17:36:12.835Z</time>
			</trkpt>
			<trkpt lat="39.84047" lon="20.68456">
				<ele>573.71</ele>
				<time>2026-08-06T17:36:17.155Z</time>
			</trkpt>
			<trkpt lat="39.84086" lon="20.68434">
				<ele>574.72</ele>
				<time>2026-08-06T17:36:20.249Z</time>
			</trkpt>
			<trkpt lat="39.84296" lon="20.68328">
				<ele>579.56</ele>
				<time>2026-08-06T17:36:36.637Z</time>
			</trkpt>
			<trkpt lat="39.84379" lon="20.68275">
				<ele>578.76</ele>
				<time>2026-08-06T17:36:43.361Z</time>
			</trkpt>
			<trkpt lat="39.84459" lon="20.68212">
				<ele>581.99</ele>
				<time>2026-08-06T17:36:50.159Z</time>
			</trkpt>
			<trkpt lat="39.84489" lon="20.68185">
				<ele>583.01</ele>
				<time>2026-08-06T17:36:52.810Z</time>
			</trkpt>
			<trkpt lat="39.84518" lon="20.68155">
				<ele>583.45</ele>
				<time>2026-08-06T17:36:55.503Z</time>
			</trkpt>
			<trkpt lat="39.84587" lon="20.6808">
				<ele>582.83</ele>
				<time>2026-08-06T17:37:02.036Z</time>
			</trkpt>
			<trkpt lat="39.84661" lon="20.67981">
				<ele>582.4</ele>
				<time>2026-08-06T17:37:09.746Z</time>
			</trkpt>
			<trkpt lat="39.84708" lon="20.67909">
				<ele>579.79</ele>
				<time>2026-08-06T17:37:15.019Z</time>
			</trkpt>
			<trkpt lat="39.84753" lon="20.67824">
				<ele>584.66</ele>
				<time>2026-08-06T17:37:20.780Z</time>
			</trkpt>
			<trkpt lat="39.84787" lon="20.6775">
				<ele>585.63</ele>
				<time>2026-08-06T17:37:25.590Z</time>
			</trkpt>
			<trkpt lat="39.85278" lon="20.66699">
				<ele>587.93</ele>
				<time>2026-08-06T17:38:34.213Z</time>
			</trkpt>
			<trkpt lat="39.85318" lon="20.66622">
				<ele>585.81</ele>
				<time>2026-08-06T17:38:39.400Z</time>
			</trkpt>
			<trkpt lat="39.85364" lon="20.66548">
				<ele>583.91</ele>
				<time>2026-08-06T17:38:44.714Z</time>
			</trkpt>
			<trkpt lat="39.85418" lon="20.66477">
				<ele>583.24</ele>
				<time>2026-08-06T17:38:50.291Z</time>
			</trkpt>
			<trkpt lat="39.85749" lon="20.661">
				<ele>580.97</ele>
				<time>2026-08-06T17:39:22.274Z</time>
			</trkpt>
			<trkpt lat="39.8579" lon="20.66051">
				<ele>581.92</ele>
				<time>2026-08-06T17:39:26.325Z</time>
			</trkpt>
			<trkpt lat="39.8599" lon="20.65828">
				<ele>582.05</ele>
				<time>2026-08-06T17:39:45.498Z</time>
			</trkpt>
			<trkpt lat="39.86076" lon="20.65746">
				<ele>583.5</ele>
				<time>2026-08-06T17:39:53.265Z</time>
			</trkpt>
			<trkpt lat="39.86145" lon="20.65686">
				<ele>582.04</ele>
				<time>2026-08-06T17:39:59.314Z</time>
			</trkpt>
			<trkpt lat="39.86344" lon="20.65502">
				<ele>573</ele>
				<time>2026-08-06T17:40:17.120Z</time>
			</trkpt>
			<trkpt lat="39.86368" lon="20.65476">
				<ele>568.87</ele>
				<time>2026-08-06T17:40:19.399Z</time>
			</trkpt>
			<trkpt lat="39.86398" lon="20.65438">
				<ele>566.78</ele>
				<time>2026-08-06T17:40:22.454Z</time>
			</trkpt>
			<trkpt lat="39.86442" lon="20.65365">
				<ele>561.55</ele>
				<time>2026-08-06T17:40:27.658Z</time>
			</trkpt>
			<trkpt lat="39.8647" lon="20.65306">
				<ele>555.23</ele>
				<time>2026-08-06T17:40:31.549Z</time>
			</trkpt>
			<trkpt lat="39.86501" lon="20.65233">
				<ele>552.39</ele>
				<time>2026-08-06T17:40:36.230Z</time>
			</trkpt>
			<trkpt lat="39.86524" lon="20.65191">
				<ele>550.35</ele>
				<time>2026-08-06T17:40:39.125Z</time>
			</trkpt>
			<trkpt lat="39.86552" lon="20.65151">
				<ele>549.14</ele>
				<time>2026-08-06T17:40:42.164Z</time>
			</trkpt>
			<trkpt lat="39.86584" lon="20.6512">
				<ele>546.4</ele>
				<time>2026-08-06T17:40:45.082Z</time>
			</trkpt>
			<trkpt lat="39.86635" lon="20.65081">
				<ele>541.73</ele>
				<time>2026-08-06T17:40:49.409Z</time>
			</trkpt>
			<trkpt lat="39.86654" lon="20.65069">
				<ele>540.3</ele>
				<time>2026-08-06T17:40:50.954Z</time>
			</trkpt>
			<trkpt lat="39.86688" lon="20.65029">
				<ele>538.84</ele>
				<time>2026-08-06T17:40:54.308Z</time>
			</trkpt>
			<trkpt lat="39.86708" lon="20.64997">
				<ele>538.38</ele>
				<time>2026-08-06T17:40:56.627Z</time>
			</trkpt>
			<trkpt lat="39.86725" lon="20.64963">
				<ele>537.76</ele>
				<time>2026-08-06T17:40:58.908Z</time>
			</trkpt>
			<trkpt lat="39.86745" lon="20.64916">
				<ele>535.79</ele>
				<time>2026-08-06T17:41:01.930Z</time>
			</trkpt>
			<trkpt lat="39.86786" lon="20.64807">
				<ele>533.77</ele>
				<time>2026-08-06T17:41:08.758Z</time>
			</trkpt>
			<trkpt lat="39.86805" lon="20.64771">
				<ele>532.83</ele>
				<time>2026-08-06T17:41:11.217Z</time>
			</trkpt>
			<trkpt lat="39.86814" lon="20.64756">
				<ele>531.1</ele>
				<time>2026-08-06T17:41:12.288Z</time>
			</trkpt>
			<trkpt lat="39.86837" lon="20.64728">
				<ele>529.27</ele>
				<time>2026-08-06T17:41:14.597Z</time>
			</trkpt>
			<trkpt lat="39.86849" lon="20.64717">
				<ele>528.35</ele>
				<time>2026-08-06T17:41:15.673Z</time>
			</trkpt>
			<trkpt lat="39.86865" lon="20.64705">
				<ele>527.24</ele>
				<time>2026-08-06T17:41:17.027Z</time>
			</trkpt>
			<trkpt lat="39.86896" lon="20.64689">
				<ele>525.28</ele>
				<time>2026-08-06T17:41:19.474Z</time>
			</trkpt>
			<trkpt lat="39.86926" lon="20.64679">
				<ele>524.28</ele>
				<time>2026-08-06T17:41:21.747Z</time>
			</trkpt>
			<trkpt lat="39.87107" lon="20.64655">
				<ele>518.18</ele>
				<time>2026-08-06T17:41:35.110Z</time>
			</trkpt>
			<trkpt lat="39.87136" lon="20.64649">
				<ele>516.79</ele>
				<time>2026-08-06T17:41:37.269Z</time>
			</trkpt>
			<trkpt lat="39.87173" lon="20.64638">
				<ele>515.22</ele>
				<time>2026-08-06T17:41:40.059Z</time>
			</trkpt>
			<trkpt lat="39.87214" lon="20.64618">
				<ele>513.92</ele>
				<time>2026-08-06T17:41:43.279Z</time>
			</trkpt>
			<trkpt lat="39.87235" lon="20.64604">
				<ele>512.52</ele>
				<time>2026-08-06T17:41:45.014Z</time>
			</trkpt>
			<trkpt lat="39.87269" lon="20.64575">
				<ele>508.71</ele>
				<time>2026-08-06T17:41:48.005Z</time>
			</trkpt>
			<trkpt lat="39.87282" lon="20.64561">
				<ele>506.87</ele>
				<time>2026-08-06T17:41:49.246Z</time>
			</trkpt>
			<trkpt lat="39.87303" lon="20.64531">
				<ele>504.55</ele>
				<time>2026-08-06T17:41:51.541Z</time>
			</trkpt>
			<trkpt lat="39.87326" lon="20.64489">
				<ele>504.36</ele>
				<time>2026-08-06T17:41:54.457Z</time>
			</trkpt>
			<trkpt lat="39.87342" lon="20.64451">
				<ele>504.9</ele>
				<time>2026-08-06T17:41:56.907Z</time>
			</trkpt>
			<trkpt lat="39.87357" lon="20.64397">
				<ele>503.06</ele>
				<time>2026-08-06T17:42:00.155Z</time>
			</trkpt>
			<trkpt lat="39.87366" lon="20.64338">
				<ele>498.75</ele>
				<time>2026-08-06T17:42:03.558Z</time>
			</trkpt>
			<trkpt lat="39.8738" lon="20.64189">
				<ele>491.41</ele>
				<time>2026-08-06T17:42:12.056Z</time>
			</trkpt>
			<trkpt lat="39.87389" lon="20.64139">
				<ele>491.19</ele>
				<time>2026-08-06T17:42:14.966Z</time>
			</trkpt>
			<trkpt lat="39.87398" lon="20.64112">
				<ele>489.81</ele>
				<time>2026-08-06T17:42:16.634Z</time>
			</trkpt>
			<trkpt lat="39.87419" lon="20.6407">
				<ele>484.55</ele>
				<time>2026-08-06T17:42:19.475Z</time>
			</trkpt>
			<trkpt lat="39.87432" lon="20.64051">
				<ele>482.95</ele>
				<time>2026-08-06T17:42:20.918Z</time>
			</trkpt>
			<trkpt lat="39.8752" lon="20.63938">
				<ele>479.77</ele>
				<time>2026-08-06T17:42:30.052Z</time>
			</trkpt>
			<trkpt lat="39.87552" lon="20.63901">
				<ele>477.61</ele>
				<time>2026-08-06T17:42:33.217Z</time>
			</trkpt>
			<trkpt lat="39.87584" lon="20.63868">
				<ele>475.38</ele>
				<time>2026-08-06T17:42:36.237Z</time>
			</trkpt>
			<trkpt lat="39.87624" lon="20.63833">
				<ele>471.05</ele>
				<time>2026-08-06T17:42:39.805Z</time>
			</trkpt>
			<trkpt lat="39.87719" lon="20.63762">
				<ele>466.29</ele>
				<time>2026-08-06T17:42:47.920Z</time>
			</trkpt>
			<trkpt lat="39.87894" lon="20.63638">
				<ele>448.22</ele>
				<time>2026-08-06T17:43:02.704Z</time>
			</trkpt>
			<trkpt lat="39.87931" lon="20.63606">
				<ele>448.46</ele>
				<time>2026-08-06T17:43:06.004Z</time>
			</trkpt>
			<trkpt lat="39.8796" lon="20.6357">
				<ele>446.98</ele>
				<time>2026-08-06T17:43:08.981Z</time>
			</trkpt>
			<trkpt lat="39.88008" lon="20.63504">
				<ele>447.82</ele>
				<time>2026-08-06T17:43:14.172Z</time>
			</trkpt>
			<trkpt lat="39.88024" lon="20.63486">
				<ele>451.16</ele>
				<time>2026-08-06T17:43:15.745Z</time>
			</trkpt>
			<trkpt lat="39.8803" lon="20.6348">
				<ele>451.66</ele>
				<time>2026-08-06T17:43:16.308Z</time>
			</trkpt>
			<trkpt lat="39.88186" lon="20.63401">
				<ele>437.62</ele>
				<time>2026-08-06T17:43:28.778Z</time>
			</trkpt>
			<trkpt lat="39.88206" lon="20.63388">
				<ele>435.35</ele>
				<time>2026-08-06T17:43:30.445Z</time>
			</trkpt>
			<trkpt lat="39.88238" lon="20.63362">
				<ele>434.14</ele>
				<time>2026-08-06T17:43:33.258Z</time>
			</trkpt>
			<trkpt lat="39.88313" lon="20.63294">
				<ele>431.47</ele>
				<time>2026-08-06T17:43:40.080Z</time>
			</trkpt>
			<trkpt lat="39.8843" lon="20.63183">
				<ele>425.8</ele>
				<time>2026-08-06T17:43:50.901Z</time>
			</trkpt>
			<trkpt lat="39.88452" lon="20.6315">
				<ele>423.2</ele>
				<time>2026-08-06T17:43:53.412Z</time>
			</trkpt>
			<trkpt lat="39.8846" lon="20.6312">
				<ele>423.52</ele>
				<time>2026-08-06T17:43:55.236Z</time>
			</trkpt>
			<trkpt lat="39.8846" lon="20.63102">
				<ele>424.04</ele>
				<time>2026-08-06T17:43:56.271Z</time>
			</trkpt>
			<trkpt lat="39.88451" lon="20.63042">
				<ele>420.79</ele>
				<time>2026-08-06T17:43:59.785Z</time>
			</trkpt>
			<trkpt lat="39.88407" lon="20.62836">
				<ele>419.19</ele>
				<time>2026-08-06T17:44:12.094Z</time>
			</trkpt>
			<trkpt lat="39.88401" lon="20.62791">
				<ele>417.91</ele>
				<time>2026-08-06T17:44:14.726Z</time>
			</trkpt>
			<trkpt lat="39.88401" lon="20.6276">
				<ele>418.51</ele>
				<time>2026-08-06T17:44:16.514Z</time>
			</trkpt>
			<trkpt lat="39.88409" lon="20.62723">
				<ele>417.81</ele>
				<time>2026-08-06T17:44:18.731Z</time>
			</trkpt>
			<trkpt lat="39.88418" lon="20.62704">
				<ele>416.79</ele>
				<time>2026-08-06T17:44:20.019Z</time>
			</trkpt>
			<trkpt lat="39.88429" lon="20.62686">
				<ele>416.08</ele>
				<time>2026-08-06T17:44:21.347Z</time>
			</trkpt>
			<trkpt lat="39.88461" lon="20.6265">
				<ele>414.52</ele>
				<time>2026-08-06T17:44:24.527Z</time>
			</trkpt>
			<trkpt lat="39.8857" lon="20.62535">
				<ele>415.78</ele>
				<time>2026-08-06T17:44:35.090Z</time>
			</trkpt>
			<trkpt lat="39.886" lon="20.6251">
				<ele>413.09</ele>
				<time>2026-08-06T17:44:37.776Z</time>
			</trkpt>
			<trkpt lat="39.88636" lon="20.6249">
				<ele>411.9</ele>
				<time>2026-08-06T17:44:40.728Z</time>
			</trkpt>
			<trkpt lat="39.88656" lon="20.62485">
				<ele>411.38</ele>
				<time>2026-08-06T17:44:42.265Z</time>
			</trkpt>
			<trkpt lat="39.88688" lon="20.6248">
				<ele>410.33</ele>
				<time>2026-08-06T17:44:44.699Z</time>
			</trkpt>
			<trkpt lat="39.88722" lon="20.62474">
				<ele>408.27</ele>
				<time>2026-08-06T17:44:47.290Z</time>
			</trkpt>
			<trkpt lat="39.88762" lon="20.62463">
				<ele>407.37</ele>
				<time>2026-08-06T17:44:50.380Z</time>
			</trkpt>
			<trkpt lat="39.88803" lon="20.62442">
				<ele>406.99</ele>
				<time>2026-08-06T17:44:53.711Z</time>
			</trkpt>
			<trkpt lat="39.88861" lon="20.6241">
				<ele>408.37</ele>
				<time>2026-08-06T17:44:58.478Z</time>
			</trkpt>
			<trkpt lat="39.88917" lon="20.62381">
				<ele>409.75</ele>
				<time>2026-08-06T17:45:03.042Z</time>
			</trkpt>
			<trkpt lat="39.88956" lon="20.62363">
				<ele>411.42</ele>
				<time>2026-08-06T17:45:06.175Z</time>
			</trkpt>
			<trkpt lat="39.8903" lon="20.62331">
				<ele>414</ele>
				<time>2026-08-06T17:45:12.070Z</time>
			</trkpt>
			<trkpt lat="39.89123" lon="20.62296">
				<ele>415.61</ele>
				<time>2026-08-06T17:45:19.372Z</time>
			</trkpt>
			<trkpt lat="39.8936" lon="20.62237">
				<ele>419.54</ele>
				<time>2026-08-06T17:45:37.502Z</time>
			</trkpt>
			<trkpt lat="39.89406" lon="20.62228">
				<ele>420.87</ele>
				<time>2026-08-06T17:45:40.987Z</time>
			</trkpt>
			<trkpt lat="39.89421" lon="20.62227">
				<ele>421.85</ele>
				<time>2026-08-06T17:45:42.112Z</time>
			</trkpt>
			<trkpt lat="39.8946" lon="20.6223">
				<ele>423.8</ele>
				<time>2026-08-06T17:45:45.036Z</time>
			</trkpt>
			<trkpt lat="39.89503" lon="20.62244">
				<ele>426.13</ele>
				<time>2026-08-06T17:45:48.352Z</time>
			</trkpt>
			<trkpt lat="39.89658" lon="20.62307">
				<ele>425.53</ele>
				<time>2026-08-06T17:46:00.480Z</time>
			</trkpt>
			<trkpt lat="39.89708" lon="20.62314">
				<ele>425.5</ele>
				<time>2026-08-06T17:46:04.232Z</time>
			</trkpt>
			<trkpt lat="39.89732" lon="20.62314">
				<ele>424.68</ele>
				<time>2026-08-06T17:46:06.022Z</time>
			</trkpt>
			<trkpt lat="39.89767" lon="20.62308">
				<ele>425.33</ele>
				<time>2026-08-06T17:46:08.654Z</time>
			</trkpt>
			<trkpt lat="39.90011" lon="20.62253">
				<ele>439.75</ele>
				<time>2026-08-06T17:46:27.103Z</time>
			</trkpt>
			<trkpt lat="39.9005" lon="20.6225">
				<ele>442.39</ele>
				<time>2026-08-06T17:46:30.013Z</time>
			</trkpt>
			<trkpt lat="39.90085" lon="20.62252">
				<ele>445.14</ele>
				<time>2026-08-06T17:46:32.621Z</time>
			</trkpt>
			<trkpt lat="39.90125" lon="20.62263">
				<ele>446.69</ele>
				<time>2026-08-06T17:46:35.666Z</time>
			</trkpt>
			<trkpt lat="39.90179" lon="20.62284">
				<ele>453.08</ele>
				<time>2026-08-06T17:46:39.863Z</time>
			</trkpt>
			<trkpt lat="39.90223" lon="20.62304">
				<ele>454.7</ele>
				<time>2026-08-06T17:46:43.334Z</time>
			</trkpt>
			<trkpt lat="39.90283" lon="20.62324">
				<ele>457.96</ele>
				<time>2026-08-06T17:46:47.948Z</time>
			</trkpt>
			<trkpt lat="39.90308" lon="20.62328">
				<ele>460.84</ele>
				<time>2026-08-06T17:46:49.825Z</time>
			</trkpt>
			<trkpt lat="39.90336" lon="20.62326">
				<ele>461.96</ele>
				<time>2026-08-06T17:46:51.915Z</time>
			</trkpt>
			<trkpt lat="39.90361" lon="20.62318">
				<ele>464.05</ele>
				<time>2026-08-06T17:46:53.834Z</time>
			</trkpt>
			<trkpt lat="39.90388" lon="20.62306">
				<ele>468.14</ele>
				<time>2026-08-06T17:46:55.961Z</time>
			</trkpt>
			<trkpt lat="39.90413" lon="20.62289">
				<ele>467.59</ele>
				<time>2026-08-06T17:46:58.064Z</time>
			</trkpt>
			<trkpt lat="39.90435" lon="20.62267">
				<ele>468.61</ele>
				<time>2026-08-06T17:47:00.133Z</time>
			</trkpt>
			<trkpt lat="39.90454" lon="20.62241">
				<ele>470.54</ele>
				<time>2026-08-06T17:47:02.188Z</time>
			</trkpt>
			<trkpt lat="39.90563" lon="20.62058">
				<ele>483.77</ele>
				<time>2026-08-06T17:47:15.467Z</time>
			</trkpt>
			<trkpt lat="39.90575" lon="20.62041">
				<ele>484.65</ele>
				<time>2026-08-06T17:47:16.793Z</time>
			</trkpt>
			<trkpt lat="39.906" lon="20.62012">
				<ele>486.86</ele>
				<time>2026-08-06T17:47:19.297Z</time>
			</trkpt>
			<trkpt lat="39.90612" lon="20.62001">
				<ele>488.19</ele>
				<time>2026-08-06T17:47:20.396Z</time>
			</trkpt>
			<trkpt lat="39.90641" lon="20.61983">
				<ele>492.31</ele>
				<time>2026-08-06T17:47:22.802Z</time>
			</trkpt>
			<trkpt lat="39.90669" lon="20.61973">
				<ele>495.49</ele>
				<time>2026-08-06T17:47:24.977Z</time>
			</trkpt>
			<trkpt lat="39.90696" lon="20.61968">
				<ele>499.48</ele>
				<time>2026-08-06T17:47:27.022Z</time>
			</trkpt>
			<trkpt lat="39.9073" lon="20.61971">
				<ele>500.7</ele>
				<time>2026-08-06T17:47:29.579Z</time>
			</trkpt>
			<trkpt lat="39.90759" lon="20.6198">
				<ele>502.89</ele>
				<time>2026-08-06T17:47:31.817Z</time>
			</trkpt>
			<trkpt lat="39.90776" lon="20.61987">
				<ele>504.29</ele>
				<time>2026-08-06T17:47:33.156Z</time>
			</trkpt>
			<trkpt lat="39.90791" lon="20.61995">
				<ele>504.35</ele>
				<time>2026-08-06T17:47:34.373Z</time>
			</trkpt>
			<trkpt lat="39.90897" lon="20.62067">
				<ele>508.22</ele>
				<time>2026-08-06T17:47:43.367Z</time>
			</trkpt>
			<trkpt lat="39.90959" lon="20.621">
				<ele>509.37</ele>
				<time>2026-08-06T17:47:48.418Z</time>
			</trkpt>
			<trkpt lat="39.91002" lon="20.62116">
				<ele>507.62</ele>
				<time>2026-08-06T17:47:51.795Z</time>
			</trkpt>
			<trkpt lat="39.91374" lon="20.62206">
				<ele>501.11</ele>
				<time>2026-08-06T17:48:20.549Z</time>
			</trkpt>
			<trkpt lat="39.91415" lon="20.62211">
				<ele>499.49</ele>
				<time>2026-08-06T17:48:23.701Z</time>
			</trkpt>
			<trkpt lat="39.91451" lon="20.62214">
				<ele>495.84</ele>
				<time>2026-08-06T17:48:26.466Z</time>
			</trkpt>
			<trkpt lat="39.91541" lon="20.62211">
				<ele>492.68</ele>
				<time>2026-08-06T17:48:33.382Z</time>
			</trkpt>
			<trkpt lat="39.91613" lon="20.622">
				<ele>490.69</ele>
				<time>2026-08-06T17:48:38.970Z</time>
			</trkpt>
			<trkpt lat="39.91721" lon="20.62174">
				<ele>489</ele>
				<time>2026-08-06T17:48:47.467Z</time>
			</trkpt>
			<trkpt lat="39.91825" lon="20.6215">
				<ele>485.42</ele>
				<time>2026-08-06T17:48:55.678Z</time>
			</trkpt>
			<trkpt lat="39.92101" lon="20.62138">
				<ele>480.34</ele>
				<time>2026-08-06T17:49:17.342Z</time>
			</trkpt>
			<trkpt lat="39.92131" lon="20.62133">
				<ele>480.2</ele>
				<time>2026-08-06T17:49:19.733Z</time>
			</trkpt>
			<trkpt lat="39.92158" lon="20.62126">
				<ele>480.45</ele>
				<time>2026-08-06T17:49:21.913Z</time>
			</trkpt>
			<trkpt lat="39.92182" lon="20.62116">
				<ele>480.33</ele>
				<time>2026-08-06T17:49:23.911Z</time>
			</trkpt>
			<trkpt lat="39.92207" lon="20.62103">
				<ele>479.87</ele>
				<time>2026-08-06T17:49:26.048Z</time>
			</trkpt>
			<trkpt lat="39.92226" lon="20.6209">
				<ele>479.41</ele>
				<time>2026-08-06T17:49:27.754Z</time>
			</trkpt>
			<trkpt lat="39.92385" lon="20.61971">
				<ele>485.72</ele>
				<time>2026-08-06T17:49:42.415Z</time>
			</trkpt>
			<trkpt lat="39.9248" lon="20.61903">
				<ele>486.68</ele>
				<time>2026-08-06T17:49:51.156Z</time>
			</trkpt>
			<trkpt lat="39.92581" lon="20.61828">
				<ele>493.94</ele>
				<time>2026-08-06T17:50:00.595Z</time>
			</trkpt>
			<trkpt lat="39.92584" lon="20.61836">
				<ele>493.87</ele>
				<time>2026-08-06T17:50:01.152Z</time>
			</trkpt>
			<trkpt lat="39.92586" lon="20.61837">
				<ele>494.07</ele>
				<time>2026-08-06T17:50:01.326Z</time>
			</trkpt>
			<trkpt lat="39.92599" lon="20.61836">
				<ele>495.57</ele>
				<time>2026-08-06T17:50:02.389Z</time>
			</trkpt>
			<trkpt lat="39.92636" lon="20.61841">
				<ele>498.73</ele>
				<time>2026-08-06T17:50:05.428Z</time>
			</trkpt>
			<trkpt lat="39.92652" lon="20.61849">
				<ele>501.24</ele>
				<time>2026-08-06T17:50:06.832Z</time>
			</trkpt>
			<trkpt lat="39.92661" lon="20.6186">
				<ele>503.09</ele>
				<time>2026-08-06T17:50:07.843Z</time>
			</trkpt>
			<trkpt lat="39.92664" lon="20.61868">
				<ele>503.36</ele>
				<time>2026-08-06T17:50:08.404Z</time>
			</trkpt>
			<trkpt lat="39.92684" lon="20.62019">
				<ele>507.25</ele>
				<time>2026-08-06T17:50:18.135Z</time>
			</trkpt>
			<trkpt lat="39.92695" lon="20.62075">
				<ele>509.66</ele>
				<time>2026-08-06T17:50:21.844Z</time>
			</trkpt>
			<trkpt lat="39.9272" lon="20.6217">
				<ele>515.65</ele>
				<time>2026-08-06T17:50:28.335Z</time>
			</trkpt>
			<trkpt lat="39.92737" lon="20.62264">
				<ele>520.71</ele>
				<time>2026-08-06T17:50:34.633Z</time>
			</trkpt>
			<trkpt lat="39.92749" lon="20.623">
				<ele>521.26</ele>
				<time>2026-08-06T17:50:37.207Z</time>
			</trkpt>
			<trkpt lat="39.92799" lon="20.62404">
				<ele>526.35</ele>
				<time>2026-08-06T17:50:45.313Z</time>
			</trkpt>
			<trkpt lat="39.92857" lon="20.62502">
				<ele>533.45</ele>
				<time>2026-08-06T17:50:53.571Z</time>
			</trkpt>
			<trkpt lat="39.92905" lon="20.62597">
				<ele>535.56</ele>
				<time>2026-08-06T17:51:01.229Z</time>
			</trkpt>
			<trkpt lat="39.92931" lon="20.62639">
				<ele>539.66</ele>
				<time>2026-08-06T17:51:04.885Z</time>
			</trkpt>
			<trkpt lat="39.92961" lon="20.6268">
				<ele>541.27</ele>
				<time>2026-08-06T17:51:08.739Z</time>
			</trkpt>
			<trkpt lat="39.9298" lon="20.62703">
				<ele>542.08</ele>
				<time>2026-08-06T17:51:11.045Z</time>
			</trkpt>
			<trkpt lat="39.93002" lon="20.62729">
				<ele>543.44</ele>
				<time>2026-08-06T17:51:13.693Z</time>
			</trkpt>
			<trkpt lat="39.93037" lon="20.62763">
				<ele>546.3</ele>
				<time>2026-08-06T17:51:17.598Z</time>
			</trkpt>
			<trkpt lat="39.93066" lon="20.62786">
				<ele>547.93</ele>
				<time>2026-08-06T17:51:20.645Z</time>
			</trkpt>
			<trkpt lat="39.93207" lon="20.62879">
				<ele>550.78</ele>
				<time>2026-08-06T17:51:34.942Z</time>
			</trkpt>
			<trkpt lat="39.93224" lon="20.62894">
				<ele>549.67</ele>
				<time>2026-08-06T17:51:36.813Z</time>
			</trkpt>
			<trkpt lat="39.93247" lon="20.6292">
				<ele>548.93</ele>
				<time>2026-08-06T17:51:39.592Z</time>
			</trkpt>
			<trkpt lat="39.93266" lon="20.62948">
				<ele>550.25</ele>
				<time>2026-08-06T17:51:42.215Z</time>
			</trkpt>
			<trkpt lat="39.93285" lon="20.6298">
				<ele>551.55</ele>
				<time>2026-08-06T17:51:45.061Z</time>
			</trkpt>
			<trkpt lat="39.93316" lon="20.63045">
				<ele>555.02</ele>
				<time>2026-08-06T17:51:50.460Z</time>
			</trkpt>
			<trkpt lat="39.9336" lon="20.63149">
				<ele>561.9</ele>
				<time>2026-08-06T17:51:58.881Z</time>
			</trkpt>
			<trkpt lat="39.93371" lon="20.6319">
				<ele>563.67</ele>
				<time>2026-08-06T17:52:01.973Z</time>
			</trkpt>
			<trkpt lat="39.93391" lon="20.6328">
				<ele>571.31</ele>
				<time>2026-08-06T17:52:08.665Z</time>
			</trkpt>
			<trkpt lat="39.93398" lon="20.63302">
				<ele>572.58</ele>
				<time>2026-08-06T17:52:10.371Z</time>
			</trkpt>
			<trkpt lat="39.93442" lon="20.63417">
				<ele>580.89</ele>
				<time>2026-08-06T17:52:19.605Z</time>
			</trkpt>
			<trkpt lat="39.93458" lon="20.63451">
				<ele>582.39</ele>
				<time>2026-08-06T17:52:22.482Z</time>
			</trkpt>
			<trkpt lat="39.93473" lon="20.63474">
				<ele>585.27</ele>
				<time>2026-08-06T17:52:24.662Z</time>
			</trkpt>
			<trkpt lat="39.9349" lon="20.63487">
				<ele>586.79</ele>
				<time>2026-08-06T17:52:26.520Z</time>
			</trkpt>
			<trkpt lat="39.93502" lon="20.6349">
				<ele>587.17</ele>
				<time>2026-08-06T17:52:27.673Z</time>
			</trkpt>
			<trkpt lat="39.93542" lon="20.63489">
				<ele>590.59</ele>
				<time>2026-08-06T17:52:31.452Z</time>
			</trkpt>
			<trkpt lat="39.93557" lon="20.63484">
				<ele>592.2</ele>
				<time>2026-08-06T17:52:32.917Z</time>
			</trkpt>
			<trkpt lat="39.93563" lon="20.63479">
				<ele>593.21</ele>
				<time>2026-08-06T17:52:33.591Z</time>
			</trkpt>
			<trkpt lat="39.93576" lon="20.63462">
				<ele>595.15</ele>
				<time>2026-08-06T17:52:35.335Z</time>
			</trkpt>
			<trkpt lat="39.93592" lon="20.63426">
				<ele>595.99</ele>
				<time>2026-08-06T17:52:38.360Z</time>
			</trkpt>
			<trkpt lat="39.93597" lon="20.63419">
				<ele>596.24</ele>
				<time>2026-08-06T17:52:39.056Z</time>
			</trkpt>
			<trkpt lat="39.93602" lon="20.63414">
				<ele>596.5</ele>
				<time>2026-08-06T17:52:39.654Z</time>
			</trkpt>
			<trkpt lat="39.93615" lon="20.63406">
				<ele>596.95</ele>
				<time>2026-08-06T17:52:41.020Z</time>
			</trkpt>
			<trkpt lat="39.93629" lon="20.63403">
				<ele>597.8</ele>
				<time>2026-08-06T17:52:42.368Z</time>
			</trkpt>
			<trkpt lat="39.93637" lon="20.63404">
				<ele>598.7</ele>
				<time>2026-08-06T17:52:43.132Z</time>
			</trkpt>
			<trkpt lat="39.93652" lon="20.63412">
				<ele>600.11</ele>
				<time>2026-08-06T17:52:44.674Z</time>
			</trkpt>
			<trkpt lat="39.9371" lon="20.63469">
				<ele>610.91</ele>
				<time>2026-08-06T17:52:51.596Z</time>
			</trkpt>
			<trkpt lat="39.93717" lon="20.63472">
				<ele>611.25</ele>
				<time>2026-08-06T17:52:52.299Z</time>
			</trkpt>
			<trkpt lat="39.93729" lon="20.63475">
				<ele>611.66</ele>
				<time>2026-08-06T17:52:53.466Z</time>
			</trkpt>
			<trkpt lat="39.9374" lon="20.63471">
				<ele>611.6</ele>
				<time>2026-08-06T17:52:54.557Z</time>
			</trkpt>
			<trkpt lat="39.93746" lon="20.63466">
				<ele>611.42</ele>
				<time>2026-08-06T17:52:55.238Z</time>
			</trkpt>
			<trkpt lat="39.93754" lon="20.63454">
				<ele>611.48</ele>
				<time>2026-08-06T17:52:56.404Z</time>
			</trkpt>
			<trkpt lat="39.93763" lon="20.63431">
				<ele>611.89</ele>
				<time>2026-08-06T17:52:58.298Z</time>
			</trkpt>
			<trkpt lat="39.93784" lon="20.63291">
				<ele>615.91</ele>
				<time>2026-08-06T17:53:08.787Z</time>
			</trkpt>
			<trkpt lat="39.93792" lon="20.63271">
				<ele>615.6</ele>
				<time>2026-08-06T17:53:10.449Z</time>
			</trkpt>
			<trkpt lat="39.93798" lon="20.63262">
				<ele>615.97</ele>
				<time>2026-08-06T17:53:11.328Z</time>
			</trkpt>
			<trkpt lat="39.93802" lon="20.63259">
				<ele>616.49</ele>
				<time>2026-08-06T17:53:11.771Z</time>
			</trkpt>
			<trkpt lat="39.93811" lon="20.63258">
				<ele>617.84</ele>
				<time>2026-08-06T17:53:12.640Z</time>
			</trkpt>
			<trkpt lat="39.93819" lon="20.63263">
				<ele>619.56</ele>
				<time>2026-08-06T17:53:13.493Z</time>
			</trkpt>
			<trkpt lat="39.93825" lon="20.63273">
				<ele>621.36</ele>
				<time>2026-08-06T17:53:14.430Z</time>
			</trkpt>
			<trkpt lat="39.93826" lon="20.63285">
				<ele>622.97</ele>
				<time>2026-08-06T17:53:15.321Z</time>
			</trkpt>
			<trkpt lat="39.93821" lon="20.63305">
				<ele>624.96</ele>
				<time>2026-08-06T17:53:16.874Z</time>
			</trkpt>
			<trkpt lat="39.93819" lon="20.6333">
				<ele>625.96</ele>
				<time>2026-08-06T17:53:18.731Z</time>
			</trkpt>
			<trkpt lat="39.93822" lon="20.63358">
				<ele>627.03</ele>
				<time>2026-08-06T17:53:20.820Z</time>
			</trkpt>
			<trkpt lat="39.93827" lon="20.63376">
				<ele>628.29</ele>
				<time>2026-08-06T17:53:22.236Z</time>
			</trkpt>
			<trkpt lat="39.9385" lon="20.63436">
				<ele>632.73</ele>
				<time>2026-08-06T17:53:27.200Z</time>
			</trkpt>
			<trkpt lat="39.93854" lon="20.63456">
				<ele>634</ele>
				<time>2026-08-06T17:53:28.731Z</time>
			</trkpt>
			<trkpt lat="39.93853" lon="20.63477">
				<ele>634.96</ele>
				<time>2026-08-06T17:53:30.290Z</time>
			</trkpt>
			<trkpt lat="39.9383" lon="20.63657">
				<ele>644.35</ele>
				<time>2026-08-06T17:53:43.833Z</time>
			</trkpt>
			<trkpt lat="39.93828" lon="20.63689">
				<ele>646.82</ele>
				<time>2026-08-06T17:53:46.220Z</time>
			</trkpt>
			<trkpt lat="39.93831" lon="20.63716">
				<ele>649.17</ele>
				<time>2026-08-06T17:53:48.248Z</time>
			</trkpt>
			<trkpt lat="39.93894" lon="20.63931">
				<ele>663.73</ele>
				<time>2026-08-06T17:54:05.384Z</time>
			</trkpt>
			<trkpt lat="39.93902" lon="20.63953">
				<ele>666.17</ele>
				<time>2026-08-06T17:54:07.199Z</time>
			</trkpt>
			<trkpt lat="39.93918" lon="20.63991">
				<ele>669.04</ele>
				<time>2026-08-06T17:54:10.430Z</time>
			</trkpt>
			<trkpt lat="39.93926" lon="20.6402">
				<ele>669.06</ele>
				<time>2026-08-06T17:54:12.728Z</time>
			</trkpt>
			<trkpt lat="39.93926" lon="20.64044">
				<ele>669.2</ele>
				<time>2026-08-06T17:54:14.517Z</time>
			</trkpt>
			<trkpt lat="39.93903" lon="20.64177">
				<ele>676.87</ele>
				<time>2026-08-06T17:54:24.685Z</time>
			</trkpt>
			<trkpt lat="39.93904" lon="20.6419">
				<ele>678.71</ele>
				<time>2026-08-06T17:54:25.659Z</time>
			</trkpt>
			<trkpt lat="39.93912" lon="20.642">
				<ele>680.58</ele>
				<time>2026-08-06T17:54:26.737Z</time>
			</trkpt>
			<trkpt lat="39.93922" lon="20.64202">
				<ele>682.37</ele>
				<time>2026-08-06T17:54:27.721Z</time>
			</trkpt>
			<trkpt lat="39.93931" lon="20.64195">
				<ele>683.4</ele>
				<time>2026-08-06T17:54:28.740Z</time>
			</trkpt>
			<trkpt lat="39.93937" lon="20.64181">
				<ele>683.46</ele>
				<time>2026-08-06T17:54:29.936Z</time>
			</trkpt>
			<trkpt lat="39.93944" lon="20.64147">
				<ele>681.31</ele>
				<time>2026-08-06T17:54:32.562Z</time>
			</trkpt>
			<trkpt lat="39.93952" lon="20.64138">
				<ele>681.03</ele>
				<time>2026-08-06T17:54:33.589Z</time>
			</trkpt>
			<trkpt lat="39.93962" lon="20.64136">
				<ele>682.35</ele>
				<time>2026-08-06T17:54:34.573Z</time>
			</trkpt>
			<trkpt lat="39.93985" lon="20.64143">
				<ele>686.28</ele>
				<time>2026-08-06T17:54:36.870Z</time>
			</trkpt>
			<trkpt lat="39.93994" lon="20.6414">
				<ele>687.38</ele>
				<time>2026-08-06T17:54:37.773Z</time>
			</trkpt>
			<trkpt lat="39.94008" lon="20.64121">
				<ele>687.82</ele>
				<time>2026-08-06T17:54:39.737Z</time>
			</trkpt>
			<trkpt lat="39.94026" lon="20.6408">
				<ele>688.85</ele>
				<time>2026-08-06T17:54:43.259Z</time>
			</trkpt>
			<trkpt lat="39.94034" lon="20.64069">
				<ele>690.82</ele>
				<time>2026-08-06T17:54:44.389Z</time>
			</trkpt>
			<trkpt lat="39.94043" lon="20.64068">
				<ele>692.71</ele>
				<time>2026-08-06T17:54:45.266Z</time>
			</trkpt>
			<trkpt lat="39.94052" lon="20.64074">
				<ele>694.09</ele>
				<time>2026-08-06T17:54:46.249Z</time>
			</trkpt>
			<trkpt lat="39.94055" lon="20.6408">
				<ele>694.29</ele>
				<time>2026-08-06T17:54:46.782Z</time>
			</trkpt>
			<trkpt lat="39.94059" lon="20.64095">
				<ele>694.8</ele>
				<time>2026-08-06T17:54:47.965Z</time>
			</trkpt>
			<trkpt lat="39.9407" lon="20.64121">
				<ele>695.77</ele>
				<time>2026-08-06T17:54:50.177Z</time>
			</trkpt>
			<trkpt lat="39.9408" lon="20.64151">
				<ele>695.38</ele>
				<time>2026-08-06T17:54:52.613Z</time>
			</trkpt>
			<trkpt lat="39.94083" lon="20.64171">
				<ele>694.62</ele>
				<time>2026-08-06T17:54:54.130Z</time>
			</trkpt>
			<trkpt lat="39.94085" lon="20.64239">
				<ele>694.86</ele>
				<time>2026-08-06T17:54:59.194Z</time>
			</trkpt>
			<trkpt lat="39.94089" lon="20.64257">
				<ele>695.38</ele>
				<time>2026-08-06T17:55:00.588Z</time>
			</trkpt>
			<trkpt lat="39.94099" lon="20.64283">
				<ele>695.09</ele>
				<time>2026-08-06T17:55:02.751Z</time>
			</trkpt>
			<trkpt lat="39.94229" lon="20.64494">
				<ele>696.05</ele>
				<time>2026-08-06T17:55:22.837Z</time>
			</trkpt>
			<trkpt lat="39.9424" lon="20.64524">
				<ele>695.42</ele>
				<time>2026-08-06T17:55:25.299Z</time>
			</trkpt>
			<trkpt lat="39.94253" lon="20.64568">
				<ele>697.6</ele>
				<time>2026-08-06T17:55:28.786Z</time>
			</trkpt>
			<trkpt lat="39.94262" lon="20.64614">
				<ele>702.42</ele>
				<time>2026-08-06T17:55:32.294Z</time>
			</trkpt>
			<trkpt lat="39.94269" lon="20.64634">
				<ele>703.85</ele>
				<time>2026-08-06T17:55:33.917Z</time>
			</trkpt>
			<trkpt lat="39.94273" lon="20.64642">
				<ele>703.88</ele>
				<time>2026-08-06T17:55:34.622Z</time>
			</trkpt>
			<trkpt lat="39.94279" lon="20.64647">
				<ele>703.71</ele>
				<time>2026-08-06T17:55:35.307Z</time>
			</trkpt>
			<trkpt lat="39.94304" lon="20.64659">
				<ele>704.57</ele>
				<time>2026-08-06T17:55:37.870Z</time>
			</trkpt>
			<trkpt lat="39.9436" lon="20.64685">
				<ele>705.5</ele>
				<time>2026-08-06T17:55:43.580Z</time>
			</trkpt>
			<trkpt lat="39.94385" lon="20.64704">
				<ele>706.37</ele>
				<time>2026-08-06T17:55:46.356Z</time>
			</trkpt>
			<trkpt lat="39.94394" lon="20.64708">
				<ele>706.33</ele>
				<time>2026-08-06T17:55:47.267Z</time>
			</trkpt>
			<trkpt lat="39.94412" lon="20.6471">
				<ele>705.97</ele>
				<time>2026-08-06T17:55:48.998Z</time>
			</trkpt>
			<trkpt lat="39.94428" lon="20.64705">
				<ele>706.27</ele>
				<time>2026-08-06T17:55:50.574Z</time>
			</trkpt>
			<trkpt lat="39.94458" lon="20.64685">
				<ele>705.65</ele>
				<time>2026-08-06T17:55:53.797Z</time>
			</trkpt>
			<trkpt lat="39.94482" lon="20.64658">
				<ele>706.01</ele>
				<time>2026-08-06T17:55:56.826Z</time>
			</trkpt>
			<trkpt lat="39.94497" lon="20.6463">
				<ele>706.75</ele>
				<time>2026-08-06T17:55:59.325Z</time>
			</trkpt>
			<trkpt lat="39.94559" lon="20.6449">
				<ele>708</ele>
				<time>2026-08-06T17:56:11.120Z</time>
			</trkpt>
			<trkpt lat="39.94577" lon="20.64461">
				<ele>708.35</ele>
				<time>2026-08-06T17:56:13.832Z</time>
			</trkpt>
			<trkpt lat="39.946" lon="20.64437">
				<ele>710.44</ele>
				<time>2026-08-06T17:56:16.622Z</time>
			</trkpt>
			<trkpt lat="39.94624" lon="20.64421">
				<ele>711.3</ele>
				<time>2026-08-06T17:56:19.171Z</time>
			</trkpt>
			<trkpt lat="39.94651" lon="20.64411">
				<ele>711.89</ele>
				<time>2026-08-06T17:56:21.822Z</time>
			</trkpt>
			<trkpt lat="39.94666" lon="20.64407">
				<ele>712.08</ele>
				<time>2026-08-06T17:56:23.266Z</time>
			</trkpt>
			<trkpt lat="39.94696" lon="20.64403">
				<ele>714.83</ele>
				<time>2026-08-06T17:56:26.108Z</time>
			</trkpt>
			<trkpt lat="39.94712" lon="20.64403">
				<ele>716.86</ele>
				<time>2026-08-06T17:56:27.614Z</time>
			</trkpt>
			<trkpt lat="39.94757" lon="20.64411">
				<ele>721.13</ele>
				<time>2026-08-06T17:56:31.882Z</time>
			</trkpt>
			<trkpt lat="39.94776" lon="20.64407">
				<ele>722.29</ele>
				<time>2026-08-06T17:56:33.687Z</time>
			</trkpt>
			<trkpt lat="39.94789" lon="20.644">
				<ele>723.4</ele>
				<time>2026-08-06T17:56:35.005Z</time>
			</trkpt>
			<trkpt lat="39.9488" lon="20.64329">
				<ele>728.23</ele>
				<time>2026-08-06T17:56:44.908Z</time>
			</trkpt>
			<trkpt lat="39.94904" lon="20.64314">
				<ele>729.77</ele>
				<time>2026-08-06T17:56:47.384Z</time>
			</trkpt>
			<trkpt lat="39.94928" lon="20.64308">
				<ele>732.02</ele>
				<time>2026-08-06T17:56:49.653Z</time>
			</trkpt>
			<trkpt lat="39.94943" lon="20.64311">
				<ele>733.15</ele>
				<time>2026-08-06T17:56:51.061Z</time>
			</trkpt>
			<trkpt lat="39.94952" lon="20.64316">
				<ele>733.14</ele>
				<time>2026-08-06T17:56:51.967Z</time>
			</trkpt>
			<trkpt lat="39.94959" lon="20.64321">
				<ele>732.95</ele>
				<time>2026-08-06T17:56:52.707Z</time>
			</trkpt>
			<trkpt lat="39.9497" lon="20.64336">
				<ele>732.12</ele>
				<time>2026-08-06T17:56:54.179Z</time>
			</trkpt>
			<trkpt lat="39.94982" lon="20.64363">
				<ele>730.5</ele>
				<time>2026-08-06T17:56:56.391Z</time>
			</trkpt>
			<trkpt lat="39.95012" lon="20.64484">
				<ele>734.01</ele>
				<time>2026-08-06T17:57:05.365Z</time>
			</trkpt>
			<trkpt lat="39.95023" lon="20.64511">
				<ele>734.1</ele>
				<time>2026-08-06T17:57:07.513Z</time>
			</trkpt>
			<trkpt lat="39.95028" lon="20.64519">
				<ele>733.3</ele>
				<time>2026-08-06T17:57:08.238Z</time>
			</trkpt>
			<trkpt lat="39.95042" lon="20.64531">
				<ele>731.52</ele>
				<time>2026-08-06T17:57:09.770Z</time>
			</trkpt>
			<trkpt lat="39.95056" lon="20.64534">
				<ele>728.62</ele>
				<time>2026-08-06T17:57:11.067Z</time>
			</trkpt>
			<trkpt lat="39.95072" lon="20.64531">
				<ele>727.27</ele>
				<time>2026-08-06T17:57:12.542Z</time>
			</trkpt>
			<trkpt lat="39.95088" lon="20.64523">
				<ele>725.89</ele>
				<time>2026-08-06T17:57:14.104Z</time>
			</trkpt>
			<trkpt lat="39.95131" lon="20.64496">
				<ele>724.36</ele>
				<time>2026-08-06T17:57:18.443Z</time>
			</trkpt>
			<trkpt lat="39.95145" lon="20.64491">
				<ele>723.79</ele>
				<time>2026-08-06T17:57:19.759Z</time>
			</trkpt>
			<trkpt lat="39.95152" lon="20.64491">
				<ele>723.49</ele>
				<time>2026-08-06T17:57:20.394Z</time>
			</trkpt>
			<trkpt lat="39.95166" lon="20.64496">
				<ele>723.53</ele>
				<time>2026-08-06T17:57:21.708Z</time>
			</trkpt>
			<trkpt lat="39.95172" lon="20.645">
				<ele>723.52</ele>
				<time>2026-08-06T17:57:22.318Z</time>
			</trkpt>
			<trkpt lat="39.952" lon="20.64528">
				<ele>725.9</ele>
				<time>2026-08-06T17:57:25.504Z</time>
			</trkpt>
			<trkpt lat="39.95205" lon="20.64532">
				<ele>726.52</ele>
				<time>2026-08-06T17:57:26.033Z</time>
			</trkpt>
			<trkpt lat="39.95216" lon="20.64533">
				<ele>726.46</ele>
				<time>2026-08-06T17:57:27.026Z</time>
			</trkpt>
			<trkpt lat="39.95227" lon="20.64527">
				<ele>725.88</ele>
				<time>2026-08-06T17:57:28.100Z</time>
			</trkpt>
			<trkpt lat="39.95231" lon="20.6452">
				<ele>725.81</ele>
				<time>2026-08-06T17:57:28.702Z</time>
			</trkpt>
			<trkpt lat="39.95252" lon="20.64472">
				<ele>722.62</ele>
				<time>2026-08-06T17:57:32.504Z</time>
			</trkpt>
			<trkpt lat="39.95258" lon="20.64464">
				<ele>722.47</ele>
				<time>2026-08-06T17:57:33.273Z</time>
			</trkpt>
			<trkpt lat="39.9527" lon="20.64451">
				<ele>722.92</ele>
				<time>2026-08-06T17:57:34.668Z</time>
			</trkpt>
			<trkpt lat="39.95278" lon="20.64446">
				<ele>723.46</ele>
				<time>2026-08-06T17:57:35.461Z</time>
			</trkpt>
			<trkpt lat="39.95287" lon="20.64443">
				<ele>723.64</ele>
				<time>2026-08-06T17:57:36.291Z</time>
			</trkpt>
			<trkpt lat="39.95296" lon="20.64441">
				<ele>724.29</ele>
				<time>2026-08-06T17:57:37.105Z</time>
			</trkpt>
			<trkpt lat="39.95353" lon="20.64441">
				<ele>725.84</ele>
				<time>2026-08-06T17:57:42.176Z</time>
			</trkpt>
			<trkpt lat="39.95373" lon="20.64445">
				<ele>726.13</ele>
				<time>2026-08-06T17:57:43.970Z</time>
			</trkpt>
			<trkpt lat="39.95398" lon="20.64454">
				<ele>726.55</ele>
				<time>2026-08-06T17:57:46.264Z</time>
			</trkpt>
			<trkpt lat="39.95452" lon="20.64482">
				<ele>726.62</ele>
				<time>2026-08-06T17:57:51.384Z</time>
			</trkpt>
			<trkpt lat="39.95481" lon="20.64507">
				<ele>726.02</ele>
				<time>2026-08-06T17:57:54.432Z</time>
			</trkpt>
			<trkpt lat="39.95548" lon="20.64607">
				<ele>721.15</ele>
				<time>2026-08-06T17:58:03.301Z</time>
			</trkpt>
			<trkpt lat="39.95575" lon="20.64656">
				<ele>722.79</ele>
				<time>2026-08-06T17:58:07.299Z</time>
			</trkpt>
			<trkpt lat="39.95602" lon="20.64716">
				<ele>722.55</ele>
				<time>2026-08-06T17:58:11.885Z</time>
			</trkpt>
			<trkpt lat="39.95614" lon="20.64747">
				<ele>721.77</ele>
				<time>2026-08-06T17:58:14.163Z</time>
			</trkpt>
			<trkpt lat="39.9563" lon="20.64809">
				<ele>725.52</ele>
				<time>2026-08-06T17:58:18.437Z</time>
			</trkpt>
			<trkpt lat="39.95642" lon="20.64867">
				<ele>724.76</ele>
				<time>2026-08-06T17:58:22.340Z</time>
			</trkpt>
			<trkpt lat="39.95644" lon="20.64886">
				<ele>725.13</ele>
				<time>2026-08-06T17:58:23.582Z</time>
			</trkpt>
			<trkpt lat="39.95644" lon="20.64917">
				<ele>726.41</ele>
				<time>2026-08-06T17:58:25.584Z</time>
			</trkpt>
			<trkpt lat="39.95629" lon="20.65049">
				<ele>728.05</ele>
				<time>2026-08-06T17:58:34.137Z</time>
			</trkpt>
			<trkpt lat="39.95628" lon="20.65159">
				<ele>717.88</ele>
				<time>2026-08-06T17:58:41.106Z</time>
			</trkpt>
			<trkpt lat="39.95621" lon="20.65243">
				<ele>716.91</ele>
				<time>2026-08-06T17:58:46.406Z</time>
			</trkpt>
			<trkpt lat="39.95625" lon="20.65382">
				<ele>713.77</ele>
				<time>2026-08-06T17:58:55.029Z</time>
			</trkpt>
			<trkpt lat="39.95623" lon="20.65478">
				<ele>716.71</ele>
				<time>2026-08-06T17:59:00.906Z</time>
			</trkpt>
			<trkpt lat="39.9562" lon="20.65502">
				<ele>715.14</ele>
				<time>2026-08-06T17:59:02.384Z</time>
			</trkpt>
			<trkpt lat="39.95617" lon="20.65515">
				<ele>713.4</ele>
				<time>2026-08-06T17:59:03.207Z</time>
			</trkpt>
			<trkpt lat="39.95607" lon="20.65538">
				<ele>711.89</ele>
				<time>2026-08-06T17:59:04.808Z</time>
			</trkpt>
			<trkpt lat="39.95587" lon="20.65568">
				<ele>714.41</ele>
				<time>2026-08-06T17:59:07.204Z</time>
			</trkpt>
			<trkpt lat="39.95577" lon="20.65588">
				<ele>716.14</ele>
				<time>2026-08-06T17:59:08.638Z</time>
			</trkpt>
			<trkpt lat="39.9557" lon="20.65614">
				<ele>714.92</ele>
				<time>2026-08-06T17:59:10.288Z</time>
			</trkpt>
			<trkpt lat="39.9556" lon="20.6567">
				<ele>704.87</ele>
				<time>2026-08-06T17:59:13.713Z</time>
			</trkpt>
			<trkpt lat="39.95552" lon="20.65696">
				<ele>700.19</ele>
				<time>2026-08-06T17:59:15.372Z</time>
			</trkpt>
			<trkpt lat="39.95547" lon="20.65705">
				<ele>700.75</ele>
				<time>2026-08-06T17:59:16.029Z</time>
			</trkpt>
			<trkpt lat="39.95533" lon="20.65721">
				<ele>703.21</ele>
				<time>2026-08-06T17:59:17.461Z</time>
			</trkpt>
			<trkpt lat="39.95525" lon="20.65729">
				<ele>703.98</ele>
				<time>2026-08-06T17:59:18.235Z</time>
			</trkpt>
			<trkpt lat="39.95486" lon="20.65759">
				<ele>704.26</ele>
				<time>2026-08-06T17:59:21.694Z</time>
			</trkpt>
			<trkpt lat="39.9544" lon="20.65787">
				<ele>702.13</ele>
				<time>2026-08-06T17:59:25.541Z</time>
			</trkpt>
			<trkpt lat="39.95417" lon="20.65797">
				<ele>698.31</ele>
				<time>2026-08-06T17:59:27.366Z</time>
			</trkpt>
			<trkpt lat="39.95379" lon="20.65806">
				<ele>698.81</ele>
				<time>2026-08-06T17:59:30.258Z</time>
			</trkpt>
			<trkpt lat="39.95318" lon="20.65812">
				<ele>699.08</ele>
				<time>2026-08-06T17:59:34.798Z</time>
			</trkpt>
			<trkpt lat="39.95301" lon="20.65817">
				<ele>698.06</ele>
				<time>2026-08-06T17:59:36.082Z</time>
			</trkpt>
			<trkpt lat="39.95283" lon="20.65828">
				<ele>696.14</ele>
				<time>2026-08-06T17:59:37.542Z</time>
			</trkpt>
			<trkpt lat="39.95256" lon="20.65858">
				<ele>693.78</ele>
				<time>2026-08-06T17:59:40.133Z</time>
			</trkpt>
			<trkpt lat="39.95222" lon="20.65891">
				<ele>692.84</ele>
				<time>2026-08-06T17:59:43.206Z</time>
			</trkpt>
			<trkpt lat="39.95191" lon="20.65924">
				<ele>687.77</ele>
				<time>2026-08-06T17:59:46.084Z</time>
			</trkpt>
			<trkpt lat="39.95151" lon="20.65972">
				<ele>684.76</ele>
				<time>2026-08-06T17:59:49.958Z</time>
			</trkpt>
			<trkpt lat="39.95144" lon="20.65983">
				<ele>682.62</ele>
				<time>2026-08-06T17:59:50.734Z</time>
			</trkpt>
			<trkpt lat="39.95129" lon="20.66014">
				<ele>677.44</ele>
				<time>2026-08-06T17:59:52.716Z</time>
			</trkpt>
			<trkpt lat="39.95107" lon="20.66069">
				<ele>677.42</ele>
				<time>2026-08-06T17:59:56.043Z</time>
			</trkpt>
			<trkpt lat="39.95097" lon="20.66082">
				<ele>677.01</ele>
				<time>2026-08-06T17:59:57.025Z</time>
			</trkpt>
			<trkpt lat="39.95117" lon="20.66165">
				<ele>667.01</ele>
				<time>2026-08-06T18:00:01.622Z</time>
			</trkpt>
			<trkpt lat="39.9512" lon="20.66172">
				<ele>665.23</ele>
				<time>2026-08-06T18:00:02.042Z</time>
			</trkpt>
			<trkpt lat="39.95126" lon="20.66176">
				<ele>664.32</ele>
				<time>2026-08-06T18:00:02.502Z</time>
			</trkpt>
			<trkpt lat="39.95133" lon="20.66177">
				<ele>664.11</ele>
				<time>2026-08-06T18:00:02.982Z</time>
			</trkpt>
			<trkpt lat="39.9514" lon="20.66173">
				<ele>664.54</ele>
				<time>2026-08-06T18:00:03.503Z</time>
			</trkpt>
			<trkpt lat="39.95143" lon="20.66168">
				<ele>664.97</ele>
				<time>2026-08-06T18:00:03.834Z</time>
			</trkpt>
			<trkpt lat="39.95148" lon="20.6615">
				<ele>666.39</ele>
				<time>2026-08-06T18:00:04.830Z</time>
			</trkpt>
			<trkpt lat="39.95148" lon="20.66098">
				<ele>666.44</ele>
				<time>2026-08-06T18:00:07.520Z</time>
			</trkpt>
			<trkpt lat="39.9515" lon="20.6609">
				<ele>665.59</ele>
				<time>2026-08-06T18:00:07.954Z</time>
			</trkpt>
			<trkpt lat="39.95153" lon="20.66083">
				<ele>664.42</ele>
				<time>2026-08-06T18:00:08.366Z</time>
			</trkpt>
			<trkpt lat="39.95159" lon="20.66075">
				<ele>663.44</ele>
				<time>2026-08-06T18:00:08.941Z</time>
			</trkpt>
			<trkpt lat="39.95189" lon="20.66049">
				<ele>660.43</ele>
				<time>2026-08-06T18:00:11.344Z</time>
			</trkpt>
			<trkpt lat="39.95234" lon="20.65997">
				<ele>657.79</ele>
				<time>2026-08-06T18:00:15.318Z</time>
			</trkpt>
			<trkpt lat="39.95266" lon="20.65973">
				<ele>653.4</ele>
				<time>2026-08-06T18:00:17.735Z</time>
			</trkpt>
			<trkpt lat="39.95287" lon="20.65952">
				<ele>654.72</ele>
				<time>2026-08-06T18:00:19.458Z</time>
			</trkpt>
			<trkpt lat="39.95293" lon="20.65948">
				<ele>655.06</ele>
				<time>2026-08-06T18:00:19.896Z</time>
			</trkpt>
			<trkpt lat="39.95308" lon="20.65943">
				<ele>654.71</ele>
				<time>2026-08-06T18:00:20.898Z</time>
			</trkpt>
			<trkpt lat="39.95324" lon="20.65942">
				<ele>652.09</ele>
				<time>2026-08-06T18:00:21.933Z</time>
			</trkpt>
			<trkpt lat="39.95335" lon="20.65945">
				<ele>649.41</ele>
				<time>2026-08-06T18:00:22.657Z</time>
			</trkpt>
			<trkpt lat="39.95362" lon="20.65945">
				<ele>646.44</ele>
				<time>2026-08-06T18:00:24.390Z</time>
			</trkpt>
			<trkpt lat="39.95382" lon="20.65941">
				<ele>646.38</ele>
				<time>2026-08-06T18:00:25.684Z</time>
			</trkpt>
			<trkpt lat="39.95412" lon="20.65919">
				<ele>649.69</ele>
				<time>2026-08-06T18:00:27.873Z</time>
			</trkpt>
			<trkpt lat="39.95423" lon="20.65916">
				<ele>649.24</ele>
				<time>2026-08-06T18:00:28.585Z</time>
			</trkpt>
			<trkpt lat="39.95438" lon="20.65922">
				<ele>644.83</ele>
				<time>2026-08-06T18:00:29.577Z</time>
			</trkpt>
			<trkpt lat="39.95453" lon="20.65934">
				<ele>639.41</ele>
				<time>2026-08-06T18:00:30.686Z</time>
			</trkpt>
			<trkpt lat="39.95459" lon="20.65937">
				<ele>638.33</ele>
				<time>2026-08-06T18:00:31.090Z</time>
			</trkpt>
			<trkpt lat="39.95475" lon="20.65937">
				<ele>637.26</ele>
				<time>2026-08-06T18:00:32.095Z</time>
			</trkpt>
			<trkpt lat="39.95485" lon="20.65934">
				<ele>635.81</ele>
				<time>2026-08-06T18:00:32.737Z</time>
			</trkpt>
			<trkpt lat="39.95492" lon="20.65927">
				<ele>636.21</ele>
				<time>2026-08-06T18:00:33.289Z</time>
			</trkpt>
			<trkpt lat="39.95512" lon="20.65898">
				<ele>639</ele>
				<time>2026-08-06T18:00:35.153Z</time>
			</trkpt>
			<trkpt lat="39.95521" lon="20.65888">
				<ele>638.72</ele>
				<time>2026-08-06T18:00:35.887Z</time>
			</trkpt>
			<trkpt lat="39.95535" lon="20.65879">
				<ele>637.72</ele>
				<time>2026-08-06T18:00:36.854Z</time>
			</trkpt>
			<trkpt lat="39.95551" lon="20.65872">
				<ele>635.32</ele>
				<time>2026-08-06T18:00:37.897Z</time>
			</trkpt>
			<trkpt lat="39.95598" lon="20.65865">
				<ele>628.42</ele>
				<time>2026-08-06T18:00:40.805Z</time>
			</trkpt>
			<trkpt lat="39.9562" lon="20.65864">
				<ele>623.97</ele>
				<time>2026-08-06T18:00:42.151Z</time>
			</trkpt>
			<trkpt lat="39.95635" lon="20.65858">
				<ele>621.66</ele>
				<time>2026-08-06T18:00:43.108Z</time>
			</trkpt>
			<trkpt lat="39.9564" lon="20.65854">
				<ele>621.25</ele>
				<time>2026-08-06T18:00:43.465Z</time>
			</trkpt>
			<trkpt lat="39.95643" lon="20.65848">
				<ele>621.71</ele>
				<time>2026-08-06T18:00:43.798Z</time>
			</trkpt>
			<trkpt lat="39.95651" lon="20.6582">
				<ele>625.8</ele>
				<time>2026-08-06T18:00:45.188Z</time>
			</trkpt>
			<trkpt lat="39.95655" lon="20.65809">
				<ele>627.12</ele>
				<time>2026-08-06T18:00:45.753Z</time>
			</trkpt>
			<trkpt lat="39.9566" lon="20.65802">
				<ele>626.77</ele>
				<time>2026-08-06T18:00:46.196Z</time>
			</trkpt>
			<trkpt lat="39.95673" lon="20.65789">
				<ele>625</ele>
				<time>2026-08-06T18:00:47.184Z</time>
			</trkpt>
			<trkpt lat="39.95686" lon="20.65784">
				<ele>621.15</ele>
				<time>2026-08-06T18:00:48.000Z</time>
			</trkpt>
			<trkpt lat="39.95697" lon="20.65783">
				<ele>617.26</ele>
				<time>2026-08-06T18:00:48.662Z</time>
			</trkpt>
			<trkpt lat="39.95704" lon="20.65777">
				<ele>615.82</ele>
				<time>2026-08-06T18:00:49.165Z</time>
			</trkpt>
			<trkpt lat="39.95707" lon="20.65771">
				<ele>616.05</ele>
				<time>2026-08-06T18:00:49.494Z</time>
			</trkpt>
			<trkpt lat="39.95709" lon="20.65749">
				<ele>620.18</ele>
				<time>2026-08-06T18:00:50.510Z</time>
			</trkpt>
			<trkpt lat="39.95713" lon="20.65731">
				<ele>622.42</ele>
				<time>2026-08-06T18:00:51.367Z</time>
			</trkpt>
			<trkpt lat="39.95718" lon="20.65723">
				<ele>622.24</ele>
				<time>2026-08-06T18:00:51.839Z</time>
			</trkpt>
			<trkpt lat="39.95729" lon="20.6571">
				<ele>620.06</ele>
				<time>2026-08-06T18:00:52.722Z</time>
			</trkpt>
			<trkpt lat="39.95744" lon="20.65686">
				<ele>618.62</ele>
				<time>2026-08-06T18:00:54.131Z</time>
			</trkpt>
			<trkpt lat="39.95758" lon="20.65672">
				<ele>614.29</ele>
				<time>2026-08-06T18:00:55.174Z</time>
			</trkpt>
			<trkpt lat="39.95771" lon="20.65664">
				<ele>609.18</ele>
				<time>2026-08-06T18:00:56.023Z</time>
			</trkpt>
			<trkpt lat="39.95777" lon="20.65657">
				<ele>607.68</ele>
				<time>2026-08-06T18:00:56.497Z</time>
			</trkpt>
			<trkpt lat="39.95791" lon="20.65636">
				<ele>608.62</ele>
				<time>2026-08-06T18:00:57.752Z</time>
			</trkpt>
			<trkpt lat="39.95804" lon="20.65604">
				<ele>609.34</ele>
				<time>2026-08-06T18:00:59.379Z</time>
			</trkpt>
			<trkpt lat="39.95811" lon="20.65596">
				<ele>607.34</ele>
				<time>2026-08-06T18:00:59.924Z</time>
			</trkpt>
			<trkpt lat="39.95815" lon="20.65596">
				<ele>605.52</ele>
				<time>2026-08-06T18:01:00.157Z</time>
			</trkpt>
			<trkpt lat="39.95819" lon="20.65599">
				<ele>603.04</ele>
				<time>2026-08-06T18:01:00.427Z</time>
			</trkpt>
			<trkpt lat="39.95821" lon="20.65605">
				<ele>601.33</ele>
				<time>2026-08-06T18:01:00.720Z</time>
			</trkpt>
			<trkpt lat="39.9582" lon="20.65612">
				<ele>600.64</ele>
				<time>2026-08-06T18:01:01.038Z</time>
			</trkpt>
			<trkpt lat="39.9579" lon="20.65679">
				<ele>598.86</ele>
				<time>2026-08-06T18:01:04.492Z</time>
			</trkpt>
			<trkpt lat="39.95789" lon="20.65687">
				<ele>597.43</ele>
				<time>2026-08-06T18:01:04.852Z</time>
			</trkpt>
			<trkpt lat="39.95792" lon="20.65691">
				<ele>595.78</ele>
				<time>2026-08-06T18:01:05.100Z</time>
			</trkpt>
			<trkpt lat="39.95797" lon="20.6569">
				<ele>594.49</ele>
				<time>2026-08-06T18:01:05.392Z</time>
			</trkpt>
			<trkpt lat="39.95799" lon="20.65687">
				<ele>594.26</ele>
				<time>2026-08-06T18:01:05.568Z</time>
			</trkpt>
			<trkpt lat="39.95825" lon="20.65648">
				<ele>592.9</ele>
				<time>2026-08-06T18:01:07.850Z</time>
			</trkpt>
			<trkpt lat="39.95847" lon="20.65609">
				<ele>589.6</ele>
				<time>2026-08-06T18:01:09.977Z</time>
			</trkpt>
			<trkpt lat="39.95853" lon="20.65606">
				<ele>587.36</ele>
				<time>2026-08-06T18:01:10.345Z</time>
			</trkpt>
			<trkpt lat="39.95856" lon="20.65608">
				<ele>585.69</ele>
				<time>2026-08-06T18:01:10.537Z</time>
			</trkpt>
			<trkpt lat="39.9586" lon="20.65612">
				<ele>584.31</ele>
				<time>2026-08-06T18:01:10.825Z</time>
			</trkpt>
			<trkpt lat="39.95861" lon="20.65619">
				<ele>583.35</ele>
				<time>2026-08-06T18:01:11.137Z</time>
			</trkpt>
			<trkpt lat="39.95856" lon="20.65636">
				<ele>583.7</ele>
				<time>2026-08-06T18:01:11.933Z</time>
			</trkpt>
			<trkpt lat="39.9583" lon="20.65696">
				<ele>581.5</ele>
				<time>2026-08-06T18:01:14.935Z</time>
			</trkpt>
			<trkpt lat="39.95812" lon="20.65732">
				<ele>578.15</ele>
				<time>2026-08-06T18:01:16.799Z</time>
			</trkpt>
			<trkpt lat="39.9581" lon="20.65737">
				<ele>577.13</ele>
				<time>2026-08-06T18:01:17.043Z</time>
			</trkpt>
			<trkpt lat="39.95813" lon="20.65743">
				<ele>574.49</ele>
				<time>2026-08-06T18:01:17.353Z</time>
			</trkpt>
			<trkpt lat="39.95819" lon="20.65744">
				<ele>571.88</ele>
				<time>2026-08-06T18:01:17.694Z</time>
			</trkpt>
			<trkpt lat="39.95823" lon="20.65741">
				<ele>571.29</ele>
				<time>2026-08-06T18:01:17.954Z</time>
			</trkpt>
			<trkpt lat="39.95851" lon="20.65702">
				<ele>573.18</ele>
				<time>2026-08-06T18:01:20.257Z</time>
			</trkpt>
			<trkpt lat="39.95868" lon="20.65687">
				<ele>571.27</ele>
				<time>2026-08-06T18:01:21.408Z</time>
			</trkpt>
			<trkpt lat="39.95883" lon="20.65676">
				<ele>568.66</ele>
				<time>2026-08-06T18:01:22.372Z</time>
			</trkpt>
			<trkpt lat="39.9589" lon="20.65672">
				<ele>567.39</ele>
				<time>2026-08-06T18:01:22.799Z</time>
			</trkpt>
			<trkpt lat="39.95903" lon="20.65671">
				<ele>563.51</ele>
				<time>2026-08-06T18:01:23.526Z</time>
			</trkpt>
			<trkpt lat="39.95906" lon="20.65674">
				<ele>561.87</ele>
				<time>2026-08-06T18:01:23.737Z</time>
			</trkpt>
			<trkpt lat="39.95908" lon="20.65679">
				<ele>560.45</ele>
				<time>2026-08-06T18:01:23.978Z</time>
			</trkpt>
			<trkpt lat="39.95908" lon="20.65685">
				<ele>559.57</ele>
				<time>2026-08-06T18:01:24.235Z</time>
			</trkpt>
			<trkpt lat="39.95905" lon="20.65691">
				<ele>559.24</ele>
				<time>2026-08-06T18:01:24.541Z</time>
			</trkpt>
			<trkpt lat="39.95885" lon="20.65708">
				<ele>561.54</ele>
				<time>2026-08-06T18:01:25.870Z</time>
			</trkpt>
			<trkpt lat="39.95881" lon="20.65714">
				<ele>561.49</ele>
				<time>2026-08-06T18:01:26.209Z</time>
			</trkpt>
			<trkpt lat="39.95876" lon="20.65738">
				<ele>557.83</ele>
				<time>2026-08-06T18:01:27.268Z</time>
			</trkpt>
			<trkpt lat="39.95873" lon="20.65745">
				<ele>557.26</ele>
				<time>2026-08-06T18:01:27.609Z</time>
			</trkpt>
			<trkpt lat="39.95869" lon="20.6575">
				<ele>557.61</ele>
				<time>2026-08-06T18:01:27.917Z</time>
			</trkpt>
			<trkpt lat="39.9584" lon="20.6577">
				<ele>560.3</ele>
				<time>2026-08-06T18:01:29.734Z</time>
			</trkpt>
			<trkpt lat="39.95838" lon="20.65774">
				<ele>560.04</ele>
				<time>2026-08-06T18:01:29.936Z</time>
			</trkpt>
			<trkpt lat="39.95839" lon="20.65777">
				<ele>559.28</ele>
				<time>2026-08-06T18:01:30.075Z</time>
			</trkpt>
			<trkpt lat="39.95843" lon="20.65777">
				<ele>558.03</ele>
				<time>2026-08-06T18:01:30.296Z</time>
			</trkpt>
			<trkpt lat="39.95874" lon="20.65771">
				<ele>550.81</ele>
				<time>2026-08-06T18:01:32.026Z</time>
			</trkpt>
			<trkpt lat="39.95909" lon="20.65775">
				<ele>543.96</ele>
				<time>2026-08-06T18:01:33.961Z</time>
			</trkpt>
			<trkpt lat="39.95918" lon="20.65779">
				<ele>542.74</ele>
				<time>2026-08-06T18:01:34.484Z</time>
			</trkpt>
			<trkpt lat="39.95939" lon="20.65797">
				<ele>541.03</ele>
				<time>2026-08-06T18:01:35.864Z</time>
			</trkpt>
			<trkpt lat="39.95958" lon="20.6581">
				<ele>538.82</ele>
				<time>2026-08-06T18:01:37.041Z</time>
			</trkpt>
			<trkpt lat="39.96004" lon="20.65837">
				<ele>533.17</ele>
				<time>2026-08-06T18:01:39.802Z</time>
			</trkpt>
			<trkpt lat="39.9604" lon="20.6586">
				<ele>530.15</ele>
				<time>2026-08-06T18:01:41.990Z</time>
			</trkpt>
			<trkpt lat="39.96049" lon="20.65862">
				<ele>529.27</ele>
				<time>2026-08-06T18:01:42.488Z</time>
			</trkpt>
			<trkpt lat="39.96057" lon="20.65863">
				<ele>528.23</ele>
				<time>2026-08-06T18:01:42.926Z</time>
			</trkpt>
			<trkpt lat="39.96067" lon="20.65861">
				<ele>526.46</ele>
				<time>2026-08-06T18:01:43.477Z</time>
			</trkpt>
			<trkpt lat="39.96076" lon="20.65852">
				<ele>525.09</ele>
				<time>2026-08-06T18:01:44.095Z</time>
			</trkpt>
			<trkpt lat="39.9608" lon="20.65839">
				<ele>525.06</ele>
				<time>2026-08-06T18:01:44.679Z</time>
			</trkpt>
			<trkpt lat="39.96083" lon="20.65835">
				<ele>524.71</ele>
				<time>2026-08-06T18:01:44.913Z</time>
			</trkpt>
			<trkpt lat="39.96092" lon="20.65831">
				<ele>522.26</ele>
				<time>2026-08-06T18:01:45.430Z</time>
			</trkpt>
			<trkpt lat="39.96096" lon="20.65832">
				<ele>521.29</ele>
				<time>2026-08-06T18:01:45.651Z</time>
			</trkpt>
			<trkpt lat="39.96101" lon="20.65842">
				<ele>519.13</ele>
				<time>2026-08-06T18:01:46.149Z</time>
			</trkpt>
			<trkpt lat="39.96103" lon="20.65881">
				<ele>515.21</ele>
				<time>2026-08-06T18:01:47.776Z</time>
			</trkpt>
			<trkpt lat="39.96106" lon="20.65884">
				<ele>514.31</ele>
				<time>2026-08-06T18:01:47.981Z</time>
			</trkpt>
			<trkpt lat="39.9611" lon="20.65884">
				<ele>513.37</ele>
				<time>2026-08-06T18:01:48.198Z</time>
			</trkpt>
			<trkpt lat="39.9612" lon="20.65878">
				<ele>512.13</ele>
				<time>2026-08-06T18:01:48.795Z</time>
			</trkpt>
			<trkpt lat="39.96135" lon="20.65843">
				<ele>509.79</ele>
				<time>2026-08-06T18:01:50.462Z</time>
			</trkpt>
			<trkpt lat="39.96136" lon="20.6583">
				<ele>508.55</ele>
				<time>2026-08-06T18:01:51.004Z</time>
			</trkpt>
			<trkpt lat="39.96134" lon="20.65821">
				<ele>508.17</ele>
				<time>2026-08-06T18:01:51.393Z</time>
			</trkpt>
			<trkpt lat="39.96111" lon="20.65769">
				<ele>507.51</ele>
				<time>2026-08-06T18:01:53.884Z</time>
			</trkpt>
			<trkpt lat="39.96093" lon="20.65724">
				<ele>507.64</ele>
				<time>2026-08-06T18:01:55.988Z</time>
			</trkpt>
			<trkpt lat="39.96091" lon="20.65699">
				<ele>506.57</ele>
				<time>2026-08-06T18:01:57.029Z</time>
			</trkpt>
			<trkpt lat="39.96093" lon="20.6569">
				<ele>506.29</ele>
				<time>2026-08-06T18:01:57.417Z</time>
			</trkpt>
			<trkpt lat="39.96103" lon="20.65673">
				<ele>505.85</ele>
				<time>2026-08-06T18:01:58.305Z</time>
			</trkpt>
			<trkpt lat="39.9611" lon="20.65667">
				<ele>505.04</ele>
				<time>2026-08-06T18:01:58.757Z</time>
			</trkpt>
			<trkpt lat="39.96122" lon="20.65661">
				<ele>505.38</ele>
				<time>2026-08-06T18:01:59.451Z</time>
			</trkpt>
			<trkpt lat="39.96132" lon="20.6566">
				<ele>504.42</ele>
				<time>2026-08-06T18:01:59.992Z</time>
			</trkpt>
			<trkpt lat="39.96175" lon="20.65673">
				<ele>498.6</ele>
				<time>2026-08-06T18:02:02.375Z</time>
			</trkpt>
			<trkpt lat="39.96209" lon="20.6568">
				<ele>496.66</ele>
				<time>2026-08-06T18:02:04.233Z</time>
			</trkpt>
			<trkpt lat="39.9623" lon="20.65683">
				<ele>493.87</ele>
				<time>2026-08-06T18:02:05.373Z</time>
			</trkpt>
			<trkpt lat="39.96259" lon="20.65683">
				<ele>491.35</ele>
				<time>2026-08-06T18:02:06.938Z</time>
			</trkpt>
			<trkpt lat="39.96303" lon="20.65693">
				<ele>486.56</ele>
				<time>2026-08-06T18:02:09.349Z</time>
			</trkpt>
			<trkpt lat="39.96316" lon="20.65692">
				<ele>485.8</ele>
				<time>2026-08-06T18:02:10.053Z</time>
			</trkpt>
			<trkpt lat="39.96363" lon="20.65685">
				<ele>484.9</ele>
				<time>2026-08-06T18:02:12.608Z</time>
			</trkpt>
			<trkpt lat="39.96379" lon="20.65688">
				<ele>480.33</ele>
				<time>2026-08-06T18:02:13.482Z</time>
			</trkpt>
			<trkpt lat="39.96401" lon="20.65689">
				<ele>476.03</ele>
				<time>2026-08-06T18:02:14.672Z</time>
			</trkpt>
			<trkpt lat="39.96425" lon="20.6568">
				<ele>474.95</ele>
				<time>2026-08-06T18:02:16.023Z</time>
			</trkpt>
			<trkpt lat="39.96443" lon="20.65677">
				<ele>474.78</ele>
				<time>2026-08-06T18:02:17.006Z</time>
			</trkpt>
			<trkpt lat="39.96499" lon="20.65677">
				<ele>464.16</ele>
				<time>2026-08-06T18:02:20.041Z</time>
			</trkpt>
			<trkpt lat="39.96517" lon="20.65667">
				<ele>462.69</ele>
				<time>2026-08-06T18:02:21.102Z</time>
			</trkpt>
			<trkpt lat="39.96531" lon="20.65654">
				<ele>461.78</ele>
				<time>2026-08-06T18:02:22.035Z</time>
			</trkpt>
			<trkpt lat="39.96548" lon="20.6563">
				<ele>460.57</ele>
				<time>2026-08-06T18:02:23.397Z</time>
			</trkpt>
			<trkpt lat="39.96562" lon="20.656">
				<ele>462.47</ele>
				<time>2026-08-06T18:02:24.861Z</time>
			</trkpt>
			<trkpt lat="39.96567" lon="20.65593">
				<ele>462.38</ele>
				<time>2026-08-06T18:02:25.261Z</time>
			</trkpt>
			<trkpt lat="39.96573" lon="20.6559">
				<ele>461.18</ele>
				<time>2026-08-06T18:02:25.610Z</time>
			</trkpt>
			<trkpt lat="39.96589" lon="20.65589">
				<ele>457.63</ele>
				<time>2026-08-06T18:02:26.483Z</time>
			</trkpt>
			<trkpt lat="39.96617" lon="20.65594">
				<ele>452.86</ele>
				<time>2026-08-06T18:02:28.025Z</time>
			</trkpt>
			<trkpt lat="39.9663" lon="20.65594">
				<ele>452.2</ele>
				<time>2026-08-06T18:02:28.735Z</time>
			</trkpt>
			<trkpt lat="39.96658" lon="20.65589">
				<ele>453.13</ele>
				<time>2026-08-06T18:02:30.280Z</time>
			</trkpt>
			<trkpt lat="39.967" lon="20.65576">
				<ele>452.65</ele>
				<time>2026-08-06T18:02:32.645Z</time>
			</trkpt>
			<trkpt lat="39.9671" lon="20.65576">
				<ele>449.79</ele>
				<time>2026-08-06T18:02:33.194Z</time>
			</trkpt>
			<trkpt lat="39.96733" lon="20.6558">
				<ele>442.17</ele>
				<time>2026-08-06T18:02:34.469Z</time>
			</trkpt>
			<trkpt lat="39.96749" lon="20.65579">
				<ele>437.97</ele>
				<time>2026-08-06T18:02:35.350Z</time>
			</trkpt>
			<trkpt lat="39.9677" lon="20.6557">
				<ele>437.5</ele>
				<time>2026-08-06T18:02:36.568Z</time>
			</trkpt>
			<trkpt lat="39.96793" lon="20.65545">
				<ele>443.03</ele>
				<time>2026-08-06T18:02:38.220Z</time>
			</trkpt>
			<trkpt lat="39.96798" lon="20.65541">
				<ele>444.15</ele>
				<time>2026-08-06T18:02:38.544Z</time>
			</trkpt>
			<trkpt lat="39.96803" lon="20.6554">
				<ele>444.46</ele>
				<time>2026-08-06T18:02:38.823Z</time>
			</trkpt>
			<trkpt lat="39.96812" lon="20.65546">
				<ele>441.55</ele>
				<time>2026-08-06T18:02:39.382Z</time>
			</trkpt>
			<trkpt lat="39.96814" lon="20.65551">
				<ele>439.58</ele>
				<time>2026-08-06T18:02:39.621Z</time>
			</trkpt>
			<trkpt lat="39.96814" lon="20.65557">
				<ele>437.77</ele>
				<time>2026-08-06T18:02:39.876Z</time>
			</trkpt>
			<trkpt lat="39.96805" lon="20.6559">
				<ele>429.55</ele>
				<time>2026-08-06T18:02:41.364Z</time>
			</trkpt>
			<trkpt lat="39.96807" lon="20.65598">
				<ele>426.98</ele>
				<time>2026-08-06T18:02:41.722Z</time>
			</trkpt>
			<trkpt lat="39.9681" lon="20.65603">
				<ele>424.76</ele>
				<time>2026-08-06T18:02:41.992Z</time>
			</trkpt>
			<trkpt lat="39.96818" lon="20.65608">
				<ele>421.92</ele>
				<time>2026-08-06T18:02:42.485Z</time>
			</trkpt>
			<trkpt lat="39.96829" lon="20.65611">
				<ele>419.44</ele>
				<time>2026-08-06T18:02:43.110Z</time>
			</trkpt>
			<trkpt lat="39.96847" lon="20.6561">
				<ele>418.16</ele>
				<time>2026-08-06T18:02:44.113Z</time>
			</trkpt>
			<trkpt lat="39.96857" lon="20.65605">
				<ele>418.3</ele>
				<time>2026-08-06T18:02:44.710Z</time>
			</trkpt>
			<trkpt lat="39.96865" lon="20.65596">
				<ele>418.85</ele>
				<time>2026-08-06T18:02:45.299Z</time>
			</trkpt>
			<trkpt lat="39.96869" lon="20.65588">
				<ele>419.55</ele>
				<time>2026-08-06T18:02:45.708Z</time>
			</trkpt>
			<trkpt lat="39.96879" lon="20.65546">
				<ele>424.21</ele>
				<time>2026-08-06T18:02:47.594Z</time>
			</trkpt>
			<trkpt lat="39.96884" lon="20.65533">
				<ele>423.32</ele>
				<time>2026-08-06T18:02:48.219Z</time>
			</trkpt>
			<trkpt lat="39.96935" lon="20.65481">
				<ele>423.13</ele>
				<time>2026-08-06T18:02:51.860Z</time>
			</trkpt>
			<trkpt lat="39.96939" lon="20.65479">
				<ele>423.02</ele>
				<time>2026-08-06T18:02:52.102Z</time>
			</trkpt>
			<trkpt lat="39.96945" lon="20.65482">
				<ele>420.59</ele>
				<time>2026-08-06T18:02:52.465Z</time>
			</trkpt>
			<trkpt lat="39.96945" lon="20.65491">
				<ele>418.23</ele>
				<time>2026-08-06T18:02:52.855Z</time>
			</trkpt>
			<trkpt lat="39.96922" lon="20.65527">
				<ele>412.77</ele>
				<time>2026-08-06T18:02:54.890Z</time>
			</trkpt>
			<trkpt lat="39.9692" lon="20.65536">
				<ele>411.7</ele>
				<time>2026-08-06T18:02:55.298Z</time>
			</trkpt>
			<trkpt lat="39.96923" lon="20.65545">
				<ele>410.45</ele>
				<time>2026-08-06T18:02:55.725Z</time>
			</trkpt>
			<trkpt lat="39.9695" lon="20.6551">
				<ele>413.19</ele>
				<time>2026-08-06T18:02:57.893Z</time>
			</trkpt>
			<trkpt lat="39.96974" lon="20.65486">
				<ele>413.71</ele>
				<time>2026-08-06T18:02:59.622Z</time>
			</trkpt>
			<trkpt lat="39.96992" lon="20.65473">
				<ele>413.7</ele>
				<time>2026-08-06T18:03:00.802Z</time>
			</trkpt>
			<trkpt lat="39.97005" lon="20.65469">
				<ele>413.74</ele>
				<time>2026-08-06T18:03:01.570Z</time>
			</trkpt>
			<trkpt lat="39.97069" lon="20.65465">
				<ele>413.54</ele>
				<time>2026-08-06T18:03:05.234Z</time>
			</trkpt>
			<trkpt lat="39.97108" lon="20.65452">
				<ele>416.58</ele>
				<time>2026-08-06T18:03:07.514Z</time>
			</trkpt>
			<trkpt lat="39.97118" lon="20.65455">
				<ele>417.09</ele>
				<time>2026-08-06T18:03:08.093Z</time>
			</trkpt>
			<trkpt lat="39.97124" lon="20.65459">
				<ele>416.95</ele>
				<time>2026-08-06T18:03:08.473Z</time>
			</trkpt>
			<trkpt lat="39.97141" lon="20.65479">
				<ele>414.65</ele>
				<time>2026-08-06T18:03:09.762Z</time>
			</trkpt>
			<trkpt lat="39.97158" lon="20.65493">
				<ele>412.16</ele>
				<time>2026-08-06T18:03:10.892Z</time>
			</trkpt>
			<trkpt lat="39.97235" lon="20.65541">
				<ele>407.24</ele>
				<time>2026-08-06T18:03:15.684Z</time>
			</trkpt>
			<trkpt lat="39.9729" lon="20.65572">
				<ele>403.93</ele>
				<time>2026-08-06T18:03:19.059Z</time>
			</trkpt>
			<trkpt lat="39.97409" lon="20.65623">
				<ele>405.8</ele>
				<time>2026-08-06T18:03:26.219Z</time>
			</trkpt>
			<trkpt lat="39.97446" lon="20.65634">
				<ele>405.35</ele>
				<time>2026-08-06T18:03:28.432Z</time>
			</trkpt>
			<trkpt lat="39.97457" lon="20.6564">
				<ele>403.92</ele>
				<time>2026-08-06T18:03:29.133Z</time>
			</trkpt>
			<trkpt lat="39.97466" lon="20.65653">
				<ele>402.33</ele>
				<time>2026-08-06T18:03:29.925Z</time>
			</trkpt>
			<trkpt lat="39.97329" lon="20.65836">
				<ele>401.1</ele>
				<time>2026-08-06T18:03:41.888Z</time>
			</trkpt>
			<trkpt lat="39.97316" lon="20.65861">
				<ele>402.1</ele>
				<time>2026-08-06T18:03:43.319Z</time>
			</trkpt>
			<trkpt lat="39.97301" lon="20.65903">
				<ele>403.65</ele>
				<time>2026-08-06T18:03:45.514Z</time>
			</trkpt>
			<trkpt lat="39.97299" lon="20.65912">
				<ele>404.07</ele>
				<time>2026-08-06T18:03:45.958Z</time>
			</trkpt>
			<trkpt lat="39.97297" lon="20.65935">
				<ele>405.43</ele>
				<time>2026-08-06T18:03:47.055Z</time>
			</trkpt>
			<trkpt lat="39.97301" lon="20.6597">
				<ele>406.95</ele>
				<time>2026-08-06T18:03:48.732Z</time>
			</trkpt>
			<trkpt lat="39.97307" lon="20.66001">
				<ele>407.04</ele>
				<time>2026-08-06T18:03:50.247Z</time>
			</trkpt>
			<trkpt lat="39.97314" lon="20.66018">
				<ele>407.66</ele>
				<time>2026-08-06T18:03:51.162Z</time>
			</trkpt>
			<trkpt lat="39.97329" lon="20.66041">
				<ele>408</ele>
				<time>2026-08-06T18:03:52.594Z</time>
			</trkpt>
			<trkpt lat="39.97351" lon="20.66064">
				<ele>408</ele>
				<time>2026-08-06T18:03:54.339Z</time>
			</trkpt>
			<trkpt lat="39.97378" lon="20.66085">
				<ele>407.41</ele>
				<time>2026-08-06T18:03:56.285Z</time>
			</trkpt>
			<trkpt lat="39.97573" lon="20.66222">
				<ele>410.37</ele>
				<time>2026-08-06T18:04:10.009Z</time>
			</trkpt>
			<trkpt lat="39.97781" lon="20.66364">
				<ele>417.23</ele>
				<time>2026-08-06T18:04:24.590Z</time>
			</trkpt>
			<trkpt lat="39.97826" lon="20.66404">
				<ele>418.07</ele>
				<time>2026-08-06T18:04:27.978Z</time>
			</trkpt>
			<trkpt lat="39.979" lon="20.66489">
				<ele>418.5</ele>
				<time>2026-08-06T18:04:34.117Z</time>
			</trkpt>
			<trkpt lat="39.97929" lon="20.66518">
				<ele>418.54</ele>
				<time>2026-08-06T18:04:36.394Z</time>
			</trkpt>
			<trkpt lat="39.97957" lon="20.66539">
				<ele>418.48</ele>
				<time>2026-08-06T18:04:38.407Z</time>
			</trkpt>
			<trkpt lat="39.97965" lon="20.66544">
				<ele>418.71</ele>
				<time>2026-08-06T18:04:38.961Z</time>
			</trkpt>
			<trkpt lat="39.98121" lon="20.66613">
				<ele>419.02</ele>
				<time>2026-08-06T18:04:49.246Z</time>
			</trkpt>
			<trkpt lat="39.98335" lon="20.66714">
				<ele>409.89</ele>
				<time>2026-08-06T18:05:03.496Z</time>
			</trkpt>
			<trkpt lat="39.9837" lon="20.66725">
				<ele>409.22</ele>
				<time>2026-08-06T18:05:05.755Z</time>
			</trkpt>
			<trkpt lat="39.98389" lon="20.66729">
				<ele>409.26</ele>
				<time>2026-08-06T18:05:06.963Z</time>
			</trkpt>
			<trkpt lat="39.98457" lon="20.66729">
				<ele>406.63</ele>
				<time>2026-08-06T18:05:11.234Z</time>
			</trkpt>
			<trkpt lat="39.98507" lon="20.66733">
				<ele>405.43</ele>
				<time>2026-08-06T18:05:14.384Z</time>
			</trkpt>
			<trkpt lat="39.98534" lon="20.6674">
				<ele>404.35</ele>
				<time>2026-08-06T18:05:16.116Z</time>
			</trkpt>
			<trkpt lat="39.98607" lon="20.6678">
				<ele>403.4</ele>
				<time>2026-08-06T18:05:21.102Z</time>
			</trkpt>
			<trkpt lat="39.98725" lon="20.66835">
				<ele>401.41</ele>
				<time>2026-08-06T18:05:29.007Z</time>
			</trkpt>
			<trkpt lat="39.98798" lon="20.66859">
				<ele>405.72</ele>
				<time>2026-08-06T18:05:33.765Z</time>
			</trkpt>
			<trkpt lat="39.98876" lon="20.66879">
				<ele>402.86</ele>
				<time>2026-08-06T18:05:38.796Z</time>
			</trkpt>
			<trkpt lat="39.98947" lon="20.66895">
				<ele>404.1</ele>
				<time>2026-08-06T18:05:43.364Z</time>
			</trkpt>
			<trkpt lat="39.99009" lon="20.66903">
				<ele>403.83</ele>
				<time>2026-08-06T18:05:47.318Z</time>
			</trkpt>
			<trkpt lat="39.99136" lon="20.66925">
				<ele>401.79</ele>
				<time>2026-08-06T18:05:55.465Z</time>
			</trkpt>
			<trkpt lat="39.9916" lon="20.66931">
				<ele>402.09</ele>
				<time>2026-08-06T18:05:57.022Z</time>
			</trkpt>
			<trkpt lat="39.99211" lon="20.6695">
				<ele>401.89</ele>
				<time>2026-08-06T18:06:00.403Z</time>
			</trkpt>
			<trkpt lat="39.99254" lon="20.66972">
				<ele>401.88</ele>
				<time>2026-08-06T18:06:03.350Z</time>
			</trkpt>
			<trkpt lat="39.99612" lon="20.672">
				<ele>398.83</ele>
				<time>2026-08-06T18:06:28.897Z</time>
			</trkpt>
			<trkpt lat="39.99726" lon="20.67281">
				<ele>400.18</ele>
				<time>2026-08-06T18:06:37.272Z</time>
			</trkpt>
			<trkpt lat="39.99753" lon="20.67308">
				<ele>399.97</ele>
				<time>2026-08-06T18:06:39.472Z</time>
			</trkpt>
			<trkpt lat="39.99776" lon="20.6734">
				<ele>396.13</ele>
				<time>2026-08-06T18:06:41.647Z</time>
			</trkpt>
			<trkpt lat="39.99793" lon="20.67371">
				<ele>394.25</ele>
				<time>2026-08-06T18:06:43.539Z</time>
			</trkpt>
			<trkpt lat="39.9989" lon="20.67585">
				<ele>404.01</ele>
				<time>2026-08-06T18:06:55.911Z</time>
			</trkpt>
			<trkpt lat="39.99908" lon="20.67622">
				<ele>403.27</ele>
				<time>2026-08-06T18:06:58.098Z</time>
			</trkpt>
			<trkpt lat="39.99933" lon="20.67666">
				<ele>401.95</ele>
				<time>2026-08-06T18:07:00.834Z</time>
			</trkpt>
			<trkpt lat="39.99968" lon="20.67718">
				<ele>403.5</ele>
				<time>2026-08-06T18:07:04.296Z</time>
			</trkpt>
			<trkpt lat="40.00028" lon="20.67797">
				<ele>411.42</ele>
				<time>2026-08-06T18:07:09.871Z</time>
			</trkpt>
			<trkpt lat="40.00086" lon="20.67862">
				<ele>411.04</ele>
				<time>2026-08-06T18:07:14.882Z</time>
			</trkpt>
			<trkpt lat="40.00295" lon="20.68048">
				<ele>401.9</ele>
				<time>2026-08-06T18:07:31.543Z</time>
			</trkpt>
			<trkpt lat="40.00405" lon="20.68141">
				<ele>402.75</ele>
				<time>2026-08-06T18:07:40.224Z</time>
			</trkpt>
			<trkpt lat="40.00444" lon="20.68163">
				<ele>401.55</ele>
				<time>2026-08-06T18:07:43.045Z</time>
			</trkpt>
			<trkpt lat="40.00487" lon="20.6818">
				<ele>402.17</ele>
				<time>2026-08-06T18:07:46.033Z</time>
			</trkpt>
			<trkpt lat="40.00534" lon="20.68191">
				<ele>402.88</ele>
				<time>2026-08-06T18:07:49.213Z</time>
			</trkpt>
			<trkpt lat="40.00639" lon="20.68196">
				<ele>400.22</ele>
				<time>2026-08-06T18:07:56.227Z</time>
			</trkpt>
			<trkpt lat="40.00666" lon="20.68201">
				<ele>400.46</ele>
				<time>2026-08-06T18:07:58.051Z</time>
			</trkpt>
			<trkpt lat="40.00697" lon="20.68211">
				<ele>399.45</ele>
				<time>2026-08-06T18:08:00.189Z</time>
			</trkpt>
			<trkpt lat="40.00905" lon="20.68306">
				<ele>398.83</ele>
				<time>2026-08-06T18:08:15.003Z</time>
			</trkpt>
			<trkpt lat="40.00942" lon="20.68329">
				<ele>397.91</ele>
				<time>2026-08-06T18:08:17.770Z</time>
			</trkpt>
			<trkpt lat="40.00971" lon="20.68353">
				<ele>397.79</ele>
				<time>2026-08-06T18:08:20.091Z</time>
			</trkpt>
			<trkpt lat="40.00988" lon="20.68371">
				<ele>398.38</ele>
				<time>2026-08-06T18:08:21.572Z</time>
			</trkpt>
			<trkpt lat="40.0101" lon="20.684">
				<ele>399.37</ele>
				<time>2026-08-06T18:08:23.689Z</time>
			</trkpt>
			<trkpt lat="40.01042" lon="20.68463">
				<ele>399.9</ele>
				<time>2026-08-06T18:08:27.616Z</time>
			</trkpt>
			<trkpt lat="40.01062" lon="20.68496">
				<ele>398.15</ele>
				<time>2026-08-06T18:08:29.805Z</time>
			</trkpt>
			<trkpt lat="40.01071" lon="20.68508">
				<ele>399.51</ele>
				<time>2026-08-06T18:08:30.680Z</time>
			</trkpt>
			<trkpt lat="40.01088" lon="20.68527">
				<ele>401.26</ele>
				<time>2026-08-06T18:08:32.202Z</time>
			</trkpt>
			<trkpt lat="40.01106" lon="20.68541">
				<ele>401.22</ele>
				<time>2026-08-06T18:08:33.628Z</time>
			</trkpt>
			<trkpt lat="40.01165" lon="20.68574">
				<ele>402.22</ele>
				<time>2026-08-06T18:08:38.004Z</time>
			</trkpt>
			<trkpt lat="40.01203" lon="20.68603">
				<ele>403.76</ele>
				<time>2026-08-06T18:08:41.010Z</time>
			</trkpt>
			<trkpt lat="40.01224" lon="20.68623">
				<ele>403.17</ele>
				<time>2026-08-06T18:08:42.787Z</time>
			</trkpt>
			<trkpt lat="40.01247" lon="20.68652">
				<ele>403.68</ele>
				<time>2026-08-06T18:08:44.976Z</time>
			</trkpt>
			<trkpt lat="40.01261" lon="20.68675">
				<ele>404.85</ele>
				<time>2026-08-06T18:08:46.518Z</time>
			</trkpt>
			<trkpt lat="40.01281" lon="20.68725">
				<ele>404.38</ele>
				<time>2026-08-06T18:08:49.481Z</time>
			</trkpt>
			<trkpt lat="40.01291" lon="20.68764">
				<ele>403.99</ele>
				<time>2026-08-06T18:08:51.645Z</time>
			</trkpt>
			<trkpt lat="40.01303" lon="20.68833">
				<ele>401.42</ele>
				<time>2026-08-06T18:08:55.373Z</time>
			</trkpt>
			<trkpt lat="40.01323" lon="20.68906">
				<ele>403.75</ele>
				<time>2026-08-06T18:08:59.466Z</time>
			</trkpt>
			<trkpt lat="40.0134" lon="20.68942">
				<ele>404.7</ele>
				<time>2026-08-06T18:09:01.703Z</time>
			</trkpt>
			<trkpt lat="40.01366" lon="20.68984">
				<ele>400.64</ele>
				<time>2026-08-06T18:09:04.563Z</time>
			</trkpt>
			<trkpt lat="40.01385" lon="20.69005">
				<ele>399.36</ele>
				<time>2026-08-06T18:09:06.286Z</time>
			</trkpt>
			<trkpt lat="40.01411" lon="20.69028">
				<ele>400.48</ele>
				<time>2026-08-06T18:09:08.462Z</time>
			</trkpt>
			<trkpt lat="40.01455" lon="20.69056">
				<ele>401.1</ele>
				<time>2026-08-06T18:09:11.859Z</time>
			</trkpt>
			<trkpt lat="40.01572" lon="20.69123">
				<ele>404.27</ele>
				<time>2026-08-06T18:09:20.754Z</time>
			</trkpt>
			<trkpt lat="40.01586" lon="20.69134">
				<ele>405.18</ele>
				<time>2026-08-06T18:09:21.895Z</time>
			</trkpt>
			<trkpt lat="40.01611" lon="20.69158">
				<ele>405.08</ele>
				<time>2026-08-06T18:09:24.063Z</time>
			</trkpt>
			<trkpt lat="40.01635" lon="20.69188">
				<ele>406.04</ele>
				<time>2026-08-06T18:09:26.388Z</time>
			</trkpt>
			<trkpt lat="40.01657" lon="20.69221">
				<ele>407.49</ele>
				<time>2026-08-06T18:09:28.735Z</time>
			</trkpt>
			<trkpt lat="40.01677" lon="20.69258">
				<ele>407.35</ele>
				<time>2026-08-06T18:09:31.168Z</time>
			</trkpt>
			<trkpt lat="40.01768" lon="20.69484">
				<ele>408.42</ele>
				<time>2026-08-06T18:09:44.945Z</time>
			</trkpt>
			<trkpt lat="40.02033" lon="20.701">
				<ele>418.72</ele>
				<time>2026-08-06T18:10:23.628Z</time>
			</trkpt>
			<trkpt lat="40.02075" lon="20.70205">
				<ele>415.62</ele>
				<time>2026-08-06T18:10:30.198Z</time>
			</trkpt>
			<trkpt lat="40.02088" lon="20.70242">
				<ele>414.56</ele>
				<time>2026-08-06T18:10:32.461Z</time>
			</trkpt>
			<trkpt lat="40.02122" lon="20.70368">
				<ele>415.88</ele>
				<time>2026-08-06T18:10:39.910Z</time>
			</trkpt>
			<trkpt lat="40.02205" lon="20.70713">
				<ele>417.46</ele>
				<time>2026-08-06T18:11:00.237Z</time>
			</trkpt>
			<trkpt lat="40.02213" lon="20.7074">
				<ele>417.39</ele>
				<time>2026-08-06T18:11:01.874Z</time>
			</trkpt>
			<trkpt lat="40.02222" lon="20.70762">
				<ele>418.4</ele>
				<time>2026-08-06T18:11:03.287Z</time>
			</trkpt>
			<trkpt lat="40.02249" lon="20.70821">
				<ele>420.81</ele>
				<time>2026-08-06T18:11:07.185Z</time>
			</trkpt>
			<trkpt lat="40.0227" lon="20.70857">
				<ele>423</ele>
				<time>2026-08-06T18:11:09.756Z</time>
			</trkpt>
			<trkpt lat="40.02291" lon="20.70885">
				<ele>424.52</ele>
				<time>2026-08-06T18:11:11.986Z</time>
			</trkpt>
			<trkpt lat="40.02429" lon="20.71022">
				<ele>434.31</ele>
				<time>2026-08-06T18:11:24.925Z</time>
			</trkpt>
			<trkpt lat="40.02468" lon="20.71068">
				<ele>436.24</ele>
				<time>2026-08-06T18:11:28.867Z</time>
			</trkpt>
			<trkpt lat="40.02499" lon="20.7111">
				<ele>438.96</ele>
				<time>2026-08-06T18:11:32.225Z</time>
			</trkpt>
			<trkpt lat="40.02522" lon="20.71146">
				<ele>440.17</ele>
				<time>2026-08-06T18:11:34.929Z</time>
			</trkpt>
			<trkpt lat="40.02532" lon="20.71163">
				<ele>440.02</ele>
				<time>2026-08-06T18:11:36.167Z</time>
			</trkpt>
			<trkpt lat="40.02552" lon="20.7121">
				<ele>440.8</ele>
				<time>2026-08-06T18:11:39.275Z</time>
			</trkpt>
			<trkpt lat="40.0257" lon="20.71267">
				<ele>441.87</ele>
				<time>2026-08-06T18:11:42.847Z</time>
			</trkpt>
			<trkpt lat="40.0258" lon="20.71321">
				<ele>440.8</ele>
				<time>2026-08-06T18:11:46.072Z</time>
			</trkpt>
			<trkpt lat="40.02586" lon="20.71373">
				<ele>442.13</ele>
				<time>2026-08-06T18:11:49.131Z</time>
			</trkpt>
			<trkpt lat="40.02589" lon="20.71471">
				<ele>443.13</ele>
				<time>2026-08-06T18:11:54.850Z</time>
			</trkpt>
			<trkpt lat="40.02598" lon="20.71654">
				<ele>450</ele>
				<time>2026-08-06T18:12:05.597Z</time>
			</trkpt>
			<trkpt lat="40.02603" lon="20.71692">
				<ele>449.6</ele>
				<time>2026-08-06T18:12:07.865Z</time>
			</trkpt>
			<trkpt lat="40.02625" lon="20.71787">
				<ele>455.97</ele>
				<time>2026-08-06T18:12:13.719Z</time>
			</trkpt>
			<trkpt lat="40.02641" lon="20.71836">
				<ele>452.83</ele>
				<time>2026-08-06T18:12:16.869Z</time>
			</trkpt>
			<trkpt lat="40.02648" lon="20.7185">
				<ele>452.56</ele>
				<time>2026-08-06T18:12:17.859Z</time>
			</trkpt>
			<trkpt lat="40.0267" lon="20.71887">
				<ele>450.83</ele>
				<time>2026-08-06T18:12:20.637Z</time>
			</trkpt>
			<trkpt lat="40.02723" lon="20.71956">
				<ele>449.98</ele>
				<time>2026-08-06T18:12:26.446Z</time>
			</trkpt>
			<trkpt lat="40.02757" lon="20.71993">
				<ele>452.08</ele>
				<time>2026-08-06T18:12:29.891Z</time>
			</trkpt>
			<trkpt lat="40.0291" lon="20.72138">
				<ele>450.89</ele>
				<time>2026-08-06T18:12:44.688Z</time>
			</trkpt>
			<trkpt lat="40.02936" lon="20.72171">
				<ele>452.01</ele>
				<time>2026-08-06T18:12:47.542Z</time>
			</trkpt>
			<trkpt lat="40.02948" lon="20.72189">
				<ele>451.6</ele>
				<time>2026-08-06T18:12:48.982Z</time>
			</trkpt>
			<trkpt lat="40.02984" lon="20.72251">
				<ele>451.93</ele>
				<time>2026-08-06T18:12:53.686Z</time>
			</trkpt>
			<trkpt lat="40.03004" lon="20.72296">
				<ele>449.87</ele>
				<time>2026-08-06T18:12:56.839Z</time>
			</trkpt>
			<trkpt lat="40.03028" lon="20.72345">
				<ele>453.07</ele>
				<time>2026-08-06T18:13:00.371Z</time>
			</trkpt>
			<trkpt lat="40.03067" lon="20.72419">
				<ele>455.67</ele>
				<time>2026-08-06T18:13:05.841Z</time>
			</trkpt>
			<trkpt lat="40.03163" lon="20.72618">
				<ele>464.48</ele>
				<time>2026-08-06T18:13:20.250Z</time>
			</trkpt>
			<trkpt lat="40.0318" lon="20.72664">
				<ele>464.7</ele>
				<time>2026-08-06T18:13:23.397Z</time>
			</trkpt>
			<trkpt lat="40.0324" lon="20.7285">
				<ele>465.11</ele>
				<time>2026-08-06T18:13:35.888Z</time>
			</trkpt>
			<trkpt lat="40.03272" lon="20.72961">
				<ele>460.21</ele>
				<time>2026-08-06T18:13:43.274Z</time>
			</trkpt>
			<trkpt lat="40.03329" lon="20.73134">
				<ele>465.48</ele>
				<time>2026-08-06T18:13:55.071Z</time>
			</trkpt>
			<trkpt lat="40.03366" lon="20.73263">
				<ele>459.68</ele>
				<time>2026-08-06T18:14:03.754Z</time>
			</trkpt>
			<trkpt lat="40.03386" lon="20.73326">
				<ele>461.48</ele>
				<time>2026-08-06T18:14:08.071Z</time>
			</trkpt>
			<trkpt lat="40.03396" lon="20.73368">
				<ele>463.06</ele>
				<time>2026-08-06T18:14:10.860Z</time>
			</trkpt>
			<trkpt lat="40.0341" lon="20.7346">
				<ele>462.76</ele>
				<time>2026-08-06T18:14:16.826Z</time>
			</trkpt>
			<trkpt lat="40.03411" lon="20.73506">
				<ele>461.07</ele>
				<time>2026-08-06T18:14:19.760Z</time>
			</trkpt>
			<trkpt lat="40.0341" lon="20.73527">
				<ele>459.65</ele>
				<time>2026-08-06T18:14:21.104Z</time>
			</trkpt>
			<trkpt lat="40.03397" lon="20.73607">
				<ele>456.84</ele>
				<time>2026-08-06T18:14:26.337Z</time>
			</trkpt>
			<trkpt lat="40.03393" lon="20.73645">
				<ele>456.22</ele>
				<time>2026-08-06T18:14:28.797Z</time>
			</trkpt>
			<trkpt lat="40.03394" lon="20.73698">
				<ele>457.01</ele>
				<time>2026-08-06T18:14:32.203Z</time>
			</trkpt>
			<trkpt lat="40.03396" lon="20.73713">
				<ele>457.64</ele>
				<time>2026-08-06T18:14:33.183Z</time>
			</trkpt>
			<trkpt lat="40.03402" lon="20.73732">
				<ele>457.54</ele>
				<time>2026-08-06T18:14:34.506Z</time>
			</trkpt>
			<trkpt lat="40.03418" lon="20.73778">
				<ele>452.67</ele>
				<time>2026-08-06T18:14:37.764Z</time>
			</trkpt>
			<trkpt lat="40.03426" lon="20.73796">
				<ele>450.42</ele>
				<time>2026-08-06T18:14:39.107Z</time>
			</trkpt>
			<trkpt lat="40.03518" lon="20.73976">
				<ele>451.98</ele>
				<time>2026-08-06T18:14:53.147Z</time>
			</trkpt>
			<trkpt lat="40.03536" lon="20.74015">
				<ele>450.54</ele>
				<time>2026-08-06T18:14:56.116Z</time>
			</trkpt>
			<trkpt lat="40.03576" lon="20.74101">
				<ele>443.73</ele>
				<time>2026-08-06T18:15:02.697Z</time>
			</trkpt>
			<trkpt lat="40.03608" lon="20.74148">
				<ele>442.51</ele>
				<time>2026-08-06T18:15:06.824Z</time>
			</trkpt>
			<trkpt lat="40.03624" lon="20.74168">
				<ele>441.95</ele>
				<time>2026-08-06T18:15:08.726Z</time>
			</trkpt>
			<trkpt lat="40.03672" lon="20.74216">
				<ele>440.51</ele>
				<time>2026-08-06T18:15:13.927Z</time>
			</trkpt>
			<trkpt lat="40.03719" lon="20.74251">
				<ele>440.55</ele>
				<time>2026-08-06T18:15:18.597Z</time>
			</trkpt>
			<trkpt lat="40.03742" lon="20.74264">
				<ele>442.81</ele>
				<time>2026-08-06T18:15:20.764Z</time>
			</trkpt>
			<trkpt lat="40.03758" lon="20.7427">
				<ele>444.1</ele>
				<time>2026-08-06T18:15:22.205Z</time>
			</trkpt>
			<trkpt lat="40.03809" lon="20.74287">
				<ele>444</ele>
				<time>2026-08-06T18:15:26.771Z</time>
			</trkpt>
			<trkpt lat="40.0383" lon="20.7429">
				<ele>444</ele>
				<time>2026-08-06T18:15:28.607Z</time>
			</trkpt>
			<trkpt lat="40.03865" lon="20.74292">
				<ele>445.21</ele>
				<time>2026-08-06T18:15:31.656Z</time>
			</trkpt>
			<trkpt lat="40.03897" lon="20.7429">
				<ele>446.62</ele>
				<time>2026-08-06T18:15:34.450Z</time>
			</trkpt>
			<trkpt lat="40.03936" lon="20.74284">
				<ele>446.45</ele>
				<time>2026-08-06T18:15:37.880Z</time>
			</trkpt>
			<trkpt lat="40.03959" lon="20.74278">
				<ele>446.55</ele>
				<time>2026-08-06T18:15:39.933Z</time>
			</trkpt>
			<trkpt lat="40.04078" lon="20.74224">
				<ele>453.64</ele>
				<time>2026-08-06T18:15:51.001Z</time>
			</trkpt>
			<trkpt lat="40.04086" lon="20.74225">
				<ele>454.22</ele>
				<time>2026-08-06T18:15:51.709Z</time>
			</trkpt>
			<trkpt lat="40.04102" lon="20.74241">
				<ele>455.34</ele>
				<time>2026-08-06T18:15:53.487Z</time>
			</trkpt>
			<trkpt lat="40.04113" lon="20.74268">
				<ele>456.08</ele>
				<time>2026-08-06T18:15:55.556Z</time>
			</trkpt>
			<trkpt lat="40.04131" lon="20.74303">
				<ele>456.72</ele>
				<time>2026-08-06T18:15:58.412Z</time>
			</trkpt>
			<trkpt lat="40.04168" lon="20.74346">
				<ele>458.67</ele>
				<time>2026-08-06T18:16:02.817Z</time>
			</trkpt>
			<trkpt lat="40.0418" lon="20.74362">
				<ele>460.04</ele>
				<time>2026-08-06T18:16:04.374Z</time>
			</trkpt>
			<trkpt lat="40.04183" lon="20.74378">
				<ele>460.81</ele>
				<time>2026-08-06T18:16:05.532Z</time>
			</trkpt>
			<trkpt lat="40.04181" lon="20.7439">
				<ele>461.19</ele>
				<time>2026-08-06T18:16:06.403Z</time>
			</trkpt>
			<trkpt lat="40.0416" lon="20.74463">
				<ele>466</ele>
				<time>2026-08-06T18:16:12.065Z</time>
			</trkpt>
			<trkpt lat="40.0416" lon="20.74476">
				<ele>467.51</ele>
				<time>2026-08-06T18:16:13.030Z</time>
			</trkpt>
			<trkpt lat="40.04163" lon="20.74484">
				<ele>468.37</ele>
				<time>2026-08-06T18:16:13.694Z</time>
			</trkpt>
			<trkpt lat="40.04168" lon="20.7449">
				<ele>469.1</ele>
				<time>2026-08-06T18:16:14.358Z</time>
			</trkpt>
			<trkpt lat="40.04224" lon="20.74523">
				<ele>475.03</ele>
				<time>2026-08-06T18:16:20.472Z</time>
			</trkpt>
			<trkpt lat="40.04237" lon="20.74527">
				<ele>476.06</ele>
				<time>2026-08-06T18:16:21.825Z</time>
			</trkpt>
			<trkpt lat="40.04251" lon="20.74525">
				<ele>477.26</ele>
				<time>2026-08-06T18:16:23.259Z</time>
			</trkpt>
			<trkpt lat="40.04292" lon="20.74514">
				<ele>483.67</ele>
				<time>2026-08-06T18:16:27.564Z</time>
			</trkpt>
			<trkpt lat="40.04364" lon="20.74498">
				<ele>489.23</ele>
				<time>2026-08-06T18:16:35.206Z</time>
			</trkpt>
			<trkpt lat="40.04385" lon="20.74498">
				<ele>491.49</ele>
				<time>2026-08-06T18:16:37.426Z</time>
			</trkpt>
			<trkpt lat="40.04465" lon="20.74506">
				<ele>496.01</ele>
				<time>2026-08-06T18:16:45.965Z</time>
			</trkpt>
			<trkpt lat="40.04584" lon="20.74504">
				<ele>505.22</ele>
				<time>2026-08-06T18:16:58.650Z</time>
			</trkpt>
			<trkpt lat="40.04592" lon="20.74505">
				<ele>506.18</ele>
				<time>2026-08-06T18:16:59.502Z</time>
			</trkpt>
			<trkpt lat="40.04599" lon="20.74509">
				<ele>507.13</ele>
				<time>2026-08-06T18:17:00.311Z</time>
			</trkpt>
			<trkpt lat="40.04603" lon="20.74518">
				<ele>507.8</ele>
				<time>2026-08-06T18:17:01.153Z</time>
			</trkpt>
			<trkpt lat="40.04629" lon="20.74502">
				<ele>508.78</ele>
				<time>2026-08-06T18:17:04.180Z</time>
			</trkpt>
			<trkpt lat="40.04663" lon="20.74549">
				<ele>513.21</ele>
				<time>2026-08-06T18:17:09.345Z</time>
			</trkpt>
			<trkpt lat="40.04669" lon="20.7456">
				<ele>514.8</ele>
				<time>2026-08-06T18:17:10.414Z</time>
			</trkpt>
			<trkpt lat="40.04676" lon="20.74578">
				<ele>517.11</ele>
				<time>2026-08-06T18:17:12.006Z</time>
			</trkpt>
			<trkpt lat="40.04688" lon="20.74624">
				<ele>523.12</ele>
				<time>2026-08-06T18:17:15.813Z</time>
			</trkpt>
			<trkpt lat="40.04697" lon="20.74641">
				<ele>525.78</ele>
				<time>2026-08-06T18:17:17.432Z</time>
			</trkpt>
			<trkpt lat="40.04726" lon="20.74666">
				<ele>532.4</ele>
				<time>2026-08-06T18:17:20.985Z</time>
			</trkpt>
			<trkpt lat="40.0475" lon="20.7469">
				<ele>537.55</ele>
				<time>2026-08-06T18:17:24.076Z</time>
			</trkpt>
			<trkpt lat="40.04759" lon="20.74707">
				<ele>540.75</ele>
				<time>2026-08-06T18:17:25.694Z</time>
			</trkpt>
			<trkpt lat="40.04763" lon="20.74718">
				<ele>542.53</ele>
				<time>2026-08-06T18:17:26.647Z</time>
			</trkpt>
			<trkpt lat="40.04764" lon="20.74731">
				<ele>544.22</ele>
				<time>2026-08-06T18:17:27.670Z</time>
			</trkpt>
			<trkpt lat="40.04762" lon="20.7476">
				<ele>547.45</ele>
				<time>2026-08-06T18:17:29.950Z</time>
			</trkpt>
			<trkpt lat="40.04764" lon="20.74773">
				<ele>549.06</ele>
				<time>2026-08-06T18:17:30.988Z</time>
			</trkpt>
			<trkpt lat="40.04785" lon="20.74857">
				<ele>559.92</ele>
				<time>2026-08-06T18:17:37.905Z</time>
			</trkpt>
			<trkpt lat="40.04795" lon="20.74897">
				<ele>565.29</ele>
				<time>2026-08-06T18:17:41.199Z</time>
			</trkpt>
			<trkpt lat="40.048" lon="20.74937">
				<ele>570.27</ele>
				<time>2026-08-06T18:17:44.372Z</time>
			</trkpt>
			<trkpt lat="40.04808" lon="20.7498">
				<ele>575.31</ele>
				<time>2026-08-06T18:17:47.836Z</time>
			</trkpt>
			<trkpt lat="40.0481" lon="20.74982">
				<ele>575.93</ele>
				<time>2026-08-06T18:17:48.093Z</time>
			</trkpt>
			<trkpt lat="40.04816" lon="20.74984">
				<ele>577.29</ele>
				<time>2026-08-06T18:17:48.727Z</time>
			</trkpt>
			<trkpt lat="40.0484" lon="20.74982">
				<ele>581.02</ele>
				<time>2026-08-06T18:17:51.186Z</time>
			</trkpt>
			<trkpt lat="40.04844" lon="20.74986">
				<ele>582.41</ele>
				<time>2026-08-06T18:17:51.701Z</time>
			</trkpt>
			<trkpt lat="40.0485" lon="20.75009">
				<ele>586.92</ele>
				<time>2026-08-06T18:17:53.603Z</time>
			</trkpt>
			<trkpt lat="40.0489" lon="20.75074">
				<ele>596.08</ele>
				<time>2026-08-06T18:18:00.132Z</time>
			</trkpt>
			<trkpt lat="40.04834" lon="20.75169">
				<ele>612.18</ele>
				<time>2026-08-06T18:18:09.184Z</time>
			</trkpt>
			<trkpt lat="40.04815" lon="20.75188">
				<ele>612</ele>
				<time>2026-08-06T18:18:11.821Z</time>
			</trkpt>
			<trkpt lat="40.04809" lon="20.7519">
				<ele>611.76</ele>
				<time>2026-08-06T18:18:12.590Z</time>
			</trkpt>
			<trkpt lat="40.04792" lon="20.7519">
				<ele>611.79</ele>
				<time>2026-08-06T18:18:15.018Z</time>
			</trkpt>
			<trkpt lat="40.04775" lon="20.75184">
				<ele>611.31</ele>
				<time>2026-08-06T18:18:18.010Z</time>
			</trkpt>
			<trkpt lat="40.04761" lon="20.75188">
				<ele>612.45</ele>
				<time>2026-08-06T18:18:20.713Z</time>
			</trkpt>
			<trkpt lat="40.04703" lon="20.75183">
				<ele>610.11</ele>
				<time>2026-08-06T18:18:32.641Z</time>
			</trkpt>
			<trkpt lat="40.0468" lon="20.75192">
				<ele>612.53</ele>
				<time>2026-08-06T18:18:37.262Z</time>
			</trkpt>
			<trkpt lat="40.04642" lon="20.75232">
				<ele>618.69</ele>
				<time>2026-08-06T18:18:44.710Z</time>
			</trkpt>
			<trkpt lat="40.0462" lon="20.75261">
				<ele>620.42</ele>
				<time>2026-08-06T18:18:48.994Z</time>
			</trkpt>
			<trkpt lat="40.04616" lon="20.75268">
				<ele>620.83</ele>
				<time>2026-08-06T18:18:49.894Z</time>
			</trkpt>
			<trkpt lat="40.04602" lon="20.75285">
				<ele>622.88</ele>
				<time>2026-08-06T18:18:52.439Z</time>
			</trkpt>
			<trkpt lat="40.04554" lon="20.7532">
				<ele>633.35</ele>
				<time>2026-08-06T18:18:59.520Z</time>
			</trkpt>
			<trkpt lat="40.04533" lon="20.7534">
				<ele>639.18</ele>
				<time>2026-08-06T18:19:02.750Z</time>
			</trkpt>
			<trkpt lat="40.04514" lon="20.7536">
				<ele>644.4</ele>
				<time>2026-08-06T18:19:05.719Z</time>
			</trkpt>
			<trkpt lat="40.04497" lon="20.75374">
				<ele>647.88</ele>
				<time>2026-08-06T18:19:08.118Z</time>
			</trkpt>
			<trkpt lat="40.04482" lon="20.75381">
				<ele>649.2</ele>
				<time>2026-08-06T18:19:09.992Z</time>
			</trkpt>
			<trkpt lat="40.04465" lon="20.75385">
				<ele>649.63</ele>
				<time>2026-08-06T18:19:11.996Z</time>
			</trkpt>
			<trkpt lat="40.04442" lon="20.75387">
				<ele>649.35</ele>
				<time>2026-08-06T18:19:14.628Z</time>
			</trkpt>
			<trkpt lat="40.04438" lon="20.75392">
				<ele>652.14</ele>
				<time>2026-08-06T18:19:15.253Z</time>
			</trkpt>
			<trkpt lat="40.04439" lon="20.75402">
				<ele>655.69</ele>
				<time>2026-08-06T18:19:16.120Z</time>
			</trkpt>
			<trkpt lat="40.04441" lon="20.75404">
				<ele>656.44</ele>
				<time>2026-08-06T18:19:16.402Z</time>
			</trkpt>
			<trkpt lat="40.04466" lon="20.75404">
				<ele>656.71</ele>
				<time>2026-08-06T18:19:19.170Z</time>
			</trkpt>
			<trkpt lat="40.04476" lon="20.75406">
				<ele>657.75</ele>
				<time>2026-08-06T18:19:20.275Z</time>
			</trkpt>
			<trkpt lat="40.04493" lon="20.75415">
				<ele>658.55</ele>
				<time>2026-08-06T18:19:22.258Z</time>
			</trkpt>
			<trkpt lat="40.04573" lon="20.75472">
				<ele>670.11</ele>
				<time>2026-08-06T18:19:31.743Z</time>
			</trkpt>
			<trkpt lat="40.04654" lon="20.75507">
				<ele>675.6</ele>
				<time>2026-08-06T18:19:40.151Z</time>
			</trkpt>
			<trkpt lat="40.04689" lon="20.75513">
				<ele>676.7</ele>
				<time>2026-08-06T18:19:43.520Z</time>
			</trkpt>
			<trkpt lat="40.04703" lon="20.75519">
				<ele>676.51</ele>
				<time>2026-08-06T18:19:44.910Z</time>
			</trkpt>
			<trkpt lat="40.04725" lon="20.75536">
				<ele>676.59</ele>
				<time>2026-08-06T18:19:47.302Z</time>
			</trkpt>
			<trkpt lat="40.04731" lon="20.75545">
				<ele>677.6</ele>
				<time>2026-08-06T18:19:48.151Z</time>
			</trkpt>
			<trkpt lat="40.04735" lon="20.75556">
				<ele>679.32</ele>
				<time>2026-08-06T18:19:49.014Z</time>
			</trkpt>
			<trkpt lat="40.04734" lon="20.75566">
				<ele>681.96</ele>
				<time>2026-08-06T18:19:49.726Z</time>
			</trkpt>
			<trkpt lat="40.04732" lon="20.7557">
				<ele>683.5</ele>
				<time>2026-08-06T18:19:50.063Z</time>
			</trkpt>
			<trkpt lat="40.04726" lon="20.75575">
				<ele>685.86</ele>
				<time>2026-08-06T18:19:50.718Z</time>
			</trkpt>
			<trkpt lat="40.04717" lon="20.75574">
				<ele>687.63</ele>
				<time>2026-08-06T18:19:51.546Z</time>
			</trkpt>
			<trkpt lat="40.04698" lon="20.75563">
				<ele>688.09</ele>
				<time>2026-08-06T18:19:53.444Z</time>
			</trkpt>
			<trkpt lat="40.04681" lon="20.75561">
				<ele>687.49</ele>
				<time>2026-08-06T18:19:54.994Z</time>
			</trkpt>
			<trkpt lat="40.04644" lon="20.75575">
				<ele>689.29</ele>
				<time>2026-08-06T18:19:58.470Z</time>
			</trkpt>
			<trkpt lat="40.04607" lon="20.75576">
				<ele>690.59</ele>
				<time>2026-08-06T18:20:01.786Z</time>
			</trkpt>
			<trkpt lat="40.04569" lon="20.75583">
				<ele>696.68</ele>
				<time>2026-08-06T18:20:05.211Z</time>
			</trkpt>
			<trkpt lat="40.04557" lon="20.75582">
				<ele>697.72</ele>
				<time>2026-08-06T18:20:06.282Z</time>
			</trkpt>
			<trkpt lat="40.04537" lon="20.75575">
				<ele>699.39</ele>
				<time>2026-08-06T18:20:08.127Z</time>
			</trkpt>
			<trkpt lat="40.04531" lon="20.75579">
				<ele>701.12</ele>
				<time>2026-08-06T18:20:08.727Z</time>
			</trkpt>
			<trkpt lat="40.04529" lon="20.75586">
				<ele>703.21</ele>
				<time>2026-08-06T18:20:09.237Z</time>
			</trkpt>
			<trkpt lat="40.04533" lon="20.75593">
				<ele>703.69</ele>
				<time>2026-08-06T18:20:09.833Z</time>
			</trkpt>
			<trkpt lat="40.04576" lon="20.75617">
				<ele>704.88</ele>
				<time>2026-08-06T18:20:14.010Z</time>
			</trkpt>
			<trkpt lat="40.04595" lon="20.75626">
				<ele>705.21</ele>
				<time>2026-08-06T18:20:15.822Z</time>
			</trkpt>
			<trkpt lat="40.04606" lon="20.75634">
				<ele>706.24</ele>
				<time>2026-08-06T18:20:16.955Z</time>
			</trkpt>
			<trkpt lat="40.04617" lon="20.75649">
				<ele>708.42</ele>
				<time>2026-08-06T18:20:18.389Z</time>
			</trkpt>
			<trkpt lat="40.04627" lon="20.75685">
				<ele>714.13</ele>
				<time>2026-08-06T18:20:21.047Z</time>
			</trkpt>
			<trkpt lat="40.04632" lon="20.75694">
				<ele>714.93</ele>
				<time>2026-08-06T18:20:21.823Z</time>
			</trkpt>
			<trkpt lat="40.04638" lon="20.75697">
				<ele>714.76</ele>
				<time>2026-08-06T18:20:22.410Z</time>
			</trkpt>
			<trkpt lat="40.04654" lon="20.75699">
				<ele>716.09</ele>
				<time>2026-08-06T18:20:23.883Z</time>
			</trkpt>
			<trkpt lat="40.04667" lon="20.75705">
				<ele>717.92</ele>
				<time>2026-08-06T18:20:25.153Z</time>
			</trkpt>
			<trkpt lat="40.04707" lon="20.75738">
				<ele>722.52</ele>
				<time>2026-08-06T18:20:29.559Z</time>
			</trkpt>
			<trkpt lat="40.04712" lon="20.75744">
				<ele>722.62</ele>
				<time>2026-08-06T18:20:30.199Z</time>
			</trkpt>
			<trkpt lat="40.04715" lon="20.75752">
				<ele>723.21</ele>
				<time>2026-08-06T18:20:30.843Z</time>
			</trkpt>
			<trkpt lat="40.04716" lon="20.75757">
				<ele>723.88</ele>
				<time>2026-08-06T18:20:31.217Z</time>
			</trkpt>
			<trkpt lat="40.04713" lon="20.75764">
				<ele>725.25</ele>
				<time>2026-08-06T18:20:31.800Z</time>
			</trkpt>
			<trkpt lat="40.04707" lon="20.75766">
				<ele>726.18</ele>
				<time>2026-08-06T18:20:32.390Z</time>
			</trkpt>
			<trkpt lat="40.04664" lon="20.75744">
				<ele>726.68</ele>
				<time>2026-08-06T18:20:36.842Z</time>
			</trkpt>
			<trkpt lat="40.04655" lon="20.75742">
				<ele>726.99</ele>
				<time>2026-08-06T18:20:37.735Z</time>
			</trkpt>
			<trkpt lat="40.04649" lon="20.75747">
				<ele>728.99</ele>
				<time>2026-08-06T18:20:38.434Z</time>
			</trkpt>
			<trkpt lat="40.04649" lon="20.75753">
				<ele>731.02</ele>
				<time>2026-08-06T18:20:38.887Z</time>
			</trkpt>
			<trkpt lat="40.04651" lon="20.75759">
				<ele>732.41</ele>
				<time>2026-08-06T18:20:39.382Z</time>
			</trkpt>
			<trkpt lat="40.04665" lon="20.7577">
				<ele>734.19</ele>
				<time>2026-08-06T18:20:41.007Z</time>
			</trkpt>
			<trkpt lat="40.04676" lon="20.75785">
				<ele>734.91</ele>
				<time>2026-08-06T18:20:42.604Z</time>
			</trkpt>
			<trkpt lat="40.04708" lon="20.75876">
				<ele>744.37</ele>
				<time>2026-08-06T18:20:50.431Z</time>
			</trkpt>
			<trkpt lat="40.04719" lon="20.75886">
				<ele>744.22</ele>
				<time>2026-08-06T18:20:51.802Z</time>
			</trkpt>
			<trkpt lat="40.04739" lon="20.75899">
				<ele>744.64</ele>
				<time>2026-08-06T18:20:54.087Z</time>
			</trkpt>
			<trkpt lat="40.04748" lon="20.75907">
				<ele>745.31</ele>
				<time>2026-08-06T18:20:55.201Z</time>
			</trkpt>
			<trkpt lat="40.04802" lon="20.75974">
				<ele>758.78</ele>
				<time>2026-08-06T18:21:02.819Z</time>
			</trkpt>
			<trkpt lat="40.04824" lon="20.76008">
				<ele>764.2</ele>
				<time>2026-08-06T18:21:06.305Z</time>
			</trkpt>
			<trkpt lat="40.04838" lon="20.76021">
				<ele>763.76</ele>
				<time>2026-08-06T18:21:08.062Z</time>
			</trkpt>
		</trkseg>
	</trk>
</gpx>