<?xml version="1.0" encoding="UTF-8"?>
<kml xmlns="http://www.opengis.net/kml/2.2">
  <Document>
    <name>DAY 10 - Konitsa to Athens</name>
    <Style id="icon-1899-DB4436-nodesc-normal">
      <IconStyle>
        <color>ff3644db</color>
        <scale>1</scale>
        <Icon>
          <href>https://www.gstatic.com/mapspro/images/stock/503-wht-blank_maps.png</href>
        </Icon>
        <hotSpot x="32" xunits="pixels" y="64" yunits="insetPixels"/>
      </IconStyle>
      <LabelStyle>
        <scale>0</scale>
      </LabelStyle>
      <BalloonStyle>
        <text><![CDATA[<h3>$[name]</h3>]]></text>
      </BalloonStyle>
    </Style>
    <Style id="icon-1899-DB4436-nodesc-highlight">
      <IconStyle>
        <color>ff3644db</color>
        <scale>1</scale>
        <Icon>
          <href>https://www.gstatic.com/mapspro/images/stock/503-wht-blank_maps.png</href>
        </Icon>
        <hotSpot x="32" xunits="pixels" y="64" yunits="insetPixels"/>
      </IconStyle>
      <LabelStyle>
        <scale>1</scale>
      </LabelStyle>
      <BalloonStyle>
        <text><![CDATA[<h3>$[name]</h3>]]></text>
      </BalloonStyle>
    </Style>
    <StyleMap id="icon-1899-DB4436-nodesc">
      <Pair>
        <key>normal</key>
        <styleUrl>#icon-1899-DB4436-nodesc-normal</styleUrl>
      </Pair>
      <Pair>
        <key>highlight</key>
        <styleUrl>#icon-1899-DB4436-nodesc-highlight</styleUrl>
      </Pair>
    </StyleMap>
    <Style id="line-1267FF-5000-nodesc-normal">
      <LineStyle>
        <color>ffff6712</color>
        <width>5</width>
      </LineStyle>
      <BalloonStyle>
        <text><![CDATA[<h3>$[name]</h3>]]></text>
      </BalloonStyle>
    </Style>
    <Style id="line-1267FF-5000-nodesc-highlight">
      <LineStyle>
        <color>ffff6712</color>
        <width>7.5</width>
      </LineStyle>
      <BalloonStyle>
        <text><![CDATA[<h3>$[name]</h3>]]></text>
      </BalloonStyle>
    </Style>
    <StyleMap id="line-1267FF-5000-nodesc">
      <Pair>
        <key>normal</key>
        <styleUrl>#line-1267FF-5000-nodesc-normal</styleUrl>
      </Pair>
      <Pair>
        <key>highlight</key>
        <styleUrl>#line-1267FF-5000-nodesc-highlight</styleUrl>
      </Pair>
    </StyleMap>
    <Placemark>
      <name>DAY 10 - Konitsa to Athens</name>
      <styleUrl>#line-1267FF-5000-nodesc</styleUrl>
      <LineString>
        <tessellate>1</tessellate>
        <coordinates>
          20.76007,40.0482,0
          20.76004,40.04817,0
          20.75999,40.04815,0
          20.7598,40.04805,0
          20.75965,40.0479,0
          20.75933,40.04764,0
          20.7593,40.04762,0
          20.75908,40.04744,0
          20.75903,40.04739,0
          20.75899,40.04734,0
          20.75892,40.04721,0
          20.75887,40.04714,0
          20.75885,40.04713,0
          20.75874,40.04705,0
          20.75866,40.04702,0
          20.75856,40.04699,0
          20.75845,40.04697,0
          20.75844,40.04696,0
          20.75836,40.04694,0
          20.75833,40.04692,0
          20.75823,40.04688,0
          20.75802,40.04681,0
          20.75782,40.04672,0
          20.75779,40.0467,0
          20.75774,40.04666,0
          20.75762,40.04652,0
          20.75756,40.04649,0
          20.75752,40.04648,0
          20.75749,40.04648,0
          20.75745,40.04652,0
          20.75744,40.04656,0
          20.75746,40.04665,0
          20.75749,40.0467,0
          20.75753,40.04682,0
          20.75761,40.04698,0
          20.75762,40.04699,0
          20.75765,40.04705,0
          20.75765,40.04709,0
          20.75771,40.04713,0
          20.75779,40.04722,0
          20.75783,40.04729,0
          20.75788,40.04736,0
          20.7579,40.0476,0
          20.75794,40.0477,0
          20.75803,40.04779,0
          20.75788,40.04771,0
          20.75787,40.0477,0
          20.75786,40.04767,0
          20.75784,40.04765,0
          20.75766,40.04758,0
          20.7575,40.04755,0
          20.7574,40.0475,0
          20.75737,40.04749,0
          20.75735,40.0475,0
          20.75728,40.04759,0
          20.75726,40.0476,0
          20.75723,40.04762,0
          20.75716,40.04762,0
          20.75706,40.04763,0
          20.75703,40.04764,0
          20.75684,40.04764,0
          20.75683,40.04765,0
          20.75669,40.04769,0
          20.75661,40.04772,0
          20.75652,40.04772,0
          20.75648,40.04768,0
          20.75641,40.04764,0
          20.75628,40.04749,0
          20.75618,40.04736,0
          20.75615,40.04735,0
          20.75611,40.04733,0
          20.756,40.0473,0
          20.75577,40.04726,0
          20.75573,40.04731,0
          20.75568,40.04734,0
          20.75561,40.04736,0
          20.75559,40.04735,0
          20.75554,40.04735,0
          20.75546,40.04733,0
          20.75539,40.04729,0
          20.75526,40.04713,0
          20.75519,40.04701,0
          20.75515,40.04691,0
          20.75513,40.04681,0
          20.75511,40.04663,0
          20.7551,40.04661,0
          20.75509,40.04656,0
          20.75477,40.04579,0
          20.75455,40.04544,0
          20.75438,40.04524,0
          20.75433,40.04519,0
          20.75427,40.04508,0
          20.75417,40.04493,0
          20.75417,40.04492,0
          20.75409,40.04475,0
          20.75407,40.04466,0
          20.75407,40.04457,0
          20.75408,40.04453,0
          20.75408,40.04446,0
          20.75407,40.04443,0
          20.75405,40.0444,0
          20.75402,40.04438,0
          20.75399,40.04437,0
          20.75396,40.04438,0
          20.75392,40.0444,0
          20.7539,40.04442,0
          20.75389,40.04445,0
          20.75389,40.04446,0
          20.75388,40.04451,0
          20.75388,40.04467,0
          20.75385,40.04477,0
          20.75378,40.04492,0
          20.75374,40.04498,0
          20.75371,40.04504,0
          20.75364,40.04514,0
          20.75355,40.04523,0
          20.75348,40.04528,0
          20.75343,40.04531,0
          20.7534,40.04529,0
          20.75339,40.04528,0
          20.75339,40.04526,0
          20.7534,40.04523,0
          20.7534,40.04521,0
          20.75338,40.04519,0
          20.75336,40.04519,0
          20.75314,40.04516,0
          20.75305,40.04516,0
          20.75281,40.04514,0
          20.7527,40.04514,0
          20.75258,40.04513,0
          20.75252,40.04513,0
          20.75238,40.04515,0
          20.7523,40.04515,0
          20.75223,40.04514,0
          20.75186,40.04511,0
          20.75154,40.04514,0
          20.7514,40.04518,0
          20.75138,40.04511,0
          20.75138,40.04507,0
          20.7514,40.045,0
          20.75144,40.04482,0
          20.7515,40.04461,0
          20.75156,40.04447,0
          20.75156,40.04446,0
          20.75166,40.04431,0
          20.75168,40.04425,0
          20.75156,40.04407,0
          20.75149,40.04389,0
          20.75135,40.04347,0
          20.75132,40.04343,0
          20.75127,40.04338,0
          20.75122,40.04335,0
          20.75112,40.04332,0
          20.75106,40.04332,0
          20.75098,40.04335,0
          20.75094,40.04333,0
          20.75091,40.04332,0
          20.75085,40.04332,0
          20.75082,40.04333,0
          20.75081,40.04334,0
          20.7508,40.04336,0
          20.75078,40.04344,0
          20.75076,40.04348,0
          20.75074,40.0435,0
          20.7507,40.04351,0
          20.75067,40.04351,0
          20.75064,40.0435,0
          20.75059,40.04347,0
          20.75045,40.04342,0
          20.74992,40.0433,0
          20.74968,40.04321,0
          20.74936,40.04311,0
          20.74935,40.04309,0
          20.74924,40.04293,0
          20.74913,40.04286,0
          20.74891,40.04276,0
          20.74872,40.04269,0
          20.7487,40.04268,0
          20.74858,40.04267,0
          20.74843,40.04267,0
          20.74824,40.0427,0
          20.74823,40.0427,0
          20.74811,40.04272,0
          20.74803,40.04272,0
          20.74801,40.04271,0
          20.74798,40.0427,0
          20.74779,40.04261,0
          20.74759,40.04255,0
          20.74749,40.04245,0
          20.74732,40.04239,0
          20.74731,40.04238,0
          20.74724,40.04234,0
          20.74714,40.04226,0
          20.74712,40.04225,0
          20.74693,40.04218,0
          20.74692,40.04217,0
          20.74682,40.04215,0
          20.74669,40.04216,0
          20.74663,40.04215,0
          20.74639,40.04203,0
          20.7462,40.04195,0
          20.74618,40.04195,0
          20.74556,40.04175,0
          20.74493,40.04148,0
          20.74482,40.04146,0
          20.7448,40.04151,0
          20.74479,40.0416,0
          20.74471,40.0416,0
          20.74429,40.04172,0
          20.74427,40.04173,0
          20.74392,40.04183,0
          20.74382,40.04184,0
          20.74368,40.04182,0
          20.74362,40.0418,0
          20.74352,40.04174,0
          20.74349,40.04171,0
          20.74344,40.04167,0
          20.74303,40.0413,0
          20.74297,40.04127,0
          20.74261,40.04112,0
          20.74255,40.0411,0
          20.74254,40.04109,0
          20.74232,40.04104,0
          20.74219,40.041,0
          20.74211,40.04097,0
          20.74226,40.04081,0
          20.74233,40.04065,0
          20.74234,40.04064,0
          20.74258,40.04016,0
          20.74269,40.0399,0
          20.74274,40.03982,0
          20.74282,40.03967,0
          20.74289,40.03942,0
          20.7429,40.03932,0
          20.74293,40.03915,0
          20.74295,40.03896,0
          20.74296,40.03878,0
          20.74296,40.03842,0
          20.74293,40.03824,0
          20.74293,40.03821,0
          20.74289,40.03807,0
          20.74288,40.03799,0
          20.74278,40.03772,0
          20.74264,40.03742,0
          20.74255,40.03725,0
          20.74255,40.03724,0
          20.74234,40.03693,0
          20.74221,40.03678,0
          20.74207,40.03664,0
          20.742,40.03656,0
          20.74175,40.03631,0
          20.74145,40.0361,0
          20.74144,40.0361,0
          20.74119,40.03594,0
          20.74082,40.03573,0
          20.74079,40.03572,0
          20.74044,40.03554,0
          20.74024,40.03545,0
          20.74021,40.03543,0
          20.74018,40.03542,0
          20.73887,40.03476,0
          20.73882,40.03474,0
          20.73867,40.03466,0
          20.73847,40.03457,0
          20.73827,40.03447,0
          20.73807,40.03438,0
          20.73787,40.03428,0
          20.73767,40.03419,0
          20.73747,40.03411,0
          20.73746,40.03411,0
          20.73712,40.03402,0
          20.73689,40.034,0
          20.73654,40.034,0
          20.73631,40.03402,0
          20.73538,40.03415,0
          20.73527,40.03415,0
          20.73504,40.03417,0
          20.73493,40.03417,0
          20.73456,40.03414,0
          20.73411,40.03408,0
          20.73398,40.03407,0
          20.73365,40.03401,0
          20.73344,40.03396,0
          20.73342,40.03396,0
          20.73253,40.03372,0
          20.73247,40.03371,0
          20.73188,40.03352,0
          20.73166,40.03346,0
          20.73123,40.03332,0
          20.73101,40.03326,0
          20.72927,40.03271,0
          20.72905,40.03265,0
          20.72775,40.03223,0
          20.72769,40.03222,0
          20.72753,40.03216,0
          20.7271,40.03202,0
          20.72689,40.03194,0
          20.72643,40.03179,0
          20.72575,40.03149,0
          20.72525,40.03124,0
          20.72505,40.03115,0
          20.72328,40.03026,0
          20.72308,40.03017,0
          20.72249,40.02987,0
          20.72229,40.02978,0
          20.72211,40.02966,0
          20.72186,40.02951,0
          20.72175,40.02943,0
          20.72159,40.0293,0
          20.72142,40.02918,0
          20.72113,40.02891,0
          20.72071,40.02846,0
          20.72057,40.02832,0
          20.72044,40.02817,0
          20.72016,40.02788,0
          20.71994,40.02763,0
          20.71989,40.02759,0
          20.71954,40.02725,0
          20.7191,40.02692,0
          20.71909,40.02691,0
          20.71856,40.02657,0
          20.71854,40.02655,0
          20.71836,40.02648,0
          20.71832,40.02646,0
          20.71809,40.02638,0
          20.7177,40.02629,0
          20.71748,40.02623,0
          20.71726,40.02618,0
          20.71723,40.02617,0
          20.7168,40.02609,0
          20.71657,40.02607,0
          20.7161,40.02605,0
          20.71586,40.02603,0
          20.71539,40.02601,0
          20.71516,40.02601,0
          20.71493,40.026,0
          20.71469,40.026,0
          20.71446,40.02599,0
          20.71422,40.02599,0
          20.7134,40.02592,0
          20.71296,40.02584,0
          20.71284,40.02581,0
          20.71219,40.0256,0
          20.71169,40.0254,0
          20.71131,40.02517,0
          20.71108,40.02505,0
          20.71092,40.02492,0
          20.71075,40.0248,0
          20.71053,40.02462,0
          20.71028,40.02439,0
          20.70928,40.0234,0
          20.70908,40.02317,0
          20.70901,40.02311,0
          20.70892,40.02302,0
          20.70868,40.02285,0
          20.70847,40.02269,0
          20.70819,40.02254,0
          20.70813,40.02252,0
          20.70772,40.02234,0
          20.70739,40.02222,0
          20.70707,40.02213,0
          20.70706,40.02212,0
          20.70663,40.02201,0
          20.7064,40.02196,0
          20.70615,40.02189,0
          20.70596,40.02185,0
          20.70573,40.02179,0
          20.70497,40.02162,0
          20.70483,40.02158,0
          20.70438,40.02148,0
          20.70394,40.02136,0
          20.70392,40.02136,0
          20.70346,40.02123,0
          20.70327,40.02119,0
          20.70305,40.02113,0
          20.7027,40.02102,0
          20.70261,40.021,0
          20.70248,40.02096,0
          20.70205,40.0208,0
          20.70193,40.02077,0
          20.70184,40.02073,0
          20.70154,40.02062,0
          20.70122,40.02047,0
          20.7012,40.02047,0
          20.70101,40.02039,0
          20.70059,40.02023,0
          20.70039,40.02013,0
          20.70023,40.02006,0
          20.70019,40.02005,0
          20.69998,40.01996,0
          20.69977,40.01988,0
          20.69937,40.0197,0
          20.69926,40.01964,0
          20.69916,40.01961,0
          20.69896,40.01952,0
          20.69875,40.01944,0
          20.69834,40.01926,0
          20.69813,40.01918,0
          20.69751,40.01892,0
          20.69737,40.01887,0
          20.69639,40.01841,0
          20.69577,40.01816,0
          20.69557,40.01807,0
          20.69495,40.01782,0
          20.69413,40.01746,0
          20.69404,40.01743,0
          20.69363,40.01725,0
          20.69342,40.01717,0
          20.69322,40.01708,0
          20.69306,40.01702,0
          20.69301,40.01699,0
          20.69281,40.01691,0
          20.69232,40.01668,0
          20.69212,40.01655,0
          20.69203,40.0165,0
          20.69178,40.01631,0
          20.69156,40.01612,0
          20.69141,40.01596,0
          20.6913,40.01583,0
          20.69129,40.01581,0
          20.6912,40.01567,0
          20.6911,40.01548,0
          20.69101,40.01533,0
          20.691,40.01532,0
          20.69099,40.01529,0
          20.69097,40.01525,0
          20.69081,40.01499,0
          20.69063,40.01466,0
          20.69044,40.01434,0
          20.69043,40.01433,0
          20.69033,40.01417,0
          20.69023,40.01404,0
          20.6902,40.01402,0
          20.69009,40.01389,0
          20.68991,40.01373,0
          20.68957,40.01349,0
          20.68927,40.01333,0
          20.68901,40.01322,0
          20.68853,40.01308,0
          20.6883,40.01303,0
          20.6878,40.01294,0
          20.68772,40.01293,0
          20.6874,40.01286,0
          20.68707,40.01276,0
          20.68693,40.0127,0
          20.68685,40.01266,0
          20.68675,40.01262,0
          20.68647,40.01245,0
          20.68645,40.01243,0
          20.68633,40.01234,0
          20.68607,40.0121,0
          20.68602,40.01203,0
          20.6859,40.01188,0
          20.68582,40.01179,0
          20.6857,40.01162,0
          20.68549,40.01124,0
          20.68549,40.01123,0
          20.68535,40.01099,0
          20.68528,40.0109,0
          20.68513,40.01076,0
          20.68496,40.01064,0
          20.68486,40.01056,0
          20.6847,40.01047,0
          20.68459,40.01042,0
          20.68431,40.01027,0
          20.6842,40.01022,0
          20.68409,40.01016,0
          20.68402,40.01011,0
          20.68392,40.01005,0
          20.68376,40.00993,0
          20.68361,40.0098,0
          20.68354,40.00972,0
          20.68346,40.00964,0
          20.68318,40.00925,0
          20.68309,40.00909,0
          20.68301,40.00892,0
          20.68289,40.00869,0
          20.68273,40.00835,0
          20.68266,40.00818,0
          20.6825,40.00784,0
          20.68243,40.00767,0
          20.68227,40.00733,0
          20.68225,40.00726,0
          20.6822,40.00715,0
          20.68214,40.00698,0
          20.68212,40.00691,0
          20.68205,40.00674,0
          20.68205,40.00672,0
          20.68201,40.00654,0
          20.682,40.00645,0
          20.68198,40.00635,0
          20.68198,40.00627,0
          20.68197,40.00614,0
          20.68198,40.00591,0
          20.68198,40.00556,0
          20.68197,40.00545,0
          20.68194,40.00527,0
          20.68189,40.00508,0
          20.68177,40.00473,0
          20.6816,40.00437,0
          20.68151,40.0042,0
          20.68142,40.00405,0
          20.68141,40.00404,0
          20.68117,40.00374,0
          20.6809,40.00344,0
          20.6809,40.00343,0
          20.68078,40.00329,0
          20.68075,40.00325,0
          20.68013,40.00254,0
          20.6801,40.0025,0
          20.67884,40.00105,0
          20.67882,40.00104,0
          20.67835,40.00059,0
          20.67807,40.00037,0
          20.67791,40.00023,0
          20.67758,39.99997,0
          20.67745,39.99988,0
          20.67742,39.99985,0
          20.67724,39.99973,0
          20.67721,39.9997,0
          20.67678,39.99942,0
          20.67652,39.99927,0
          20.67641,39.9992,0
          20.67553,39.99875,0
          20.67474,39.9984,0
          20.67469,39.99837,0
          20.67392,39.99804,0
          20.67378,39.99797,0
          20.67373,39.99795,0
          20.67351,39.99784,0
          20.6733,39.99771,0
          20.67317,39.99762,0
          20.67301,39.99748,0
          20.67287,39.99734,0
          20.67286,39.99734,0
          20.67274,39.99719,0
          20.6723,39.99656,0
          20.67228,39.99654,0
          20.67219,39.9964,0
          20.67219,39.99639,0
          20.67142,39.99516,0
          20.67142,39.99515,0
          20.67131,39.99499,0
          20.67121,39.99483,0
          20.67117,39.99475,0
          20.67056,39.99387,0
          20.67046,39.99371,0
          20.67024,39.99339,0
          20.66994,39.9929,0
          20.66976,39.99257,0
          20.66968,39.9924,0
          20.66959,39.99223,0
          20.66958,39.9922,0
          20.66946,39.99195,0
          20.6694,39.99181,0
          20.6694,39.99177,0
          20.66934,39.9916,0
          20.66929,39.99143,0
          20.66929,39.99142,0
          20.66922,39.99112,0
          20.66909,39.99036,0
          20.66907,39.99018,0
          20.66904,39.99,0
          20.66902,39.98982,0
          20.66899,39.98966,0
          20.66899,39.98964,0
          20.66896,39.98946,0
          20.66892,39.98928,0
          20.66889,39.98911,0
          20.66885,39.98893,0
          20.66875,39.98858,0
          20.66871,39.9884,0
          20.66861,39.98805,0
          20.6686,39.988,0
          20.66852,39.98776,0
          20.66851,39.9877,0
          20.66839,39.98735,0
          20.66832,39.98718,0
          20.66824,39.98701,0
          20.66817,39.98684,0
          20.66785,39.98616,0
          20.66751,39.98554,0
          20.66748,39.9855,0
          20.66745,39.98544,0
          20.66737,39.98522,0
          20.66735,39.98509,0
          20.66732,39.98479,0
          20.66731,39.98459,0
          20.66732,39.98449,0
          20.66732,39.98408,0
          20.66731,39.98405,0
          20.66729,39.98376,0
          20.66728,39.9837,0
          20.66727,39.98368,0
          20.66725,39.98358,0
          20.66722,39.98353,0
          20.66708,39.98318,0
          20.66678,39.9825,0
          20.66651,39.98196,0
          20.66644,39.98179,0
          20.66628,39.98144,0
          20.66623,39.98131,0
          20.66604,39.98089,0
          20.66601,39.9808,0
          20.66581,39.98037,0
          20.66574,39.9802,0
          20.66571,39.98015,0
          20.66554,39.97979,0
          20.66549,39.9797,0
          20.66548,39.97967,0
          20.66544,39.9796,0
          20.66527,39.97937,0
          20.66525,39.97935,0
          20.66514,39.97922,0
          20.66483,39.97892,0
          20.66467,39.97879,0
          20.66452,39.97865,0
          20.66445,39.9786,0
          20.66413,39.97831,0
          20.66392,39.9781,0
          20.66368,39.97779,0
          20.66314,39.97702,0
          20.66311,39.97697,0
          20.66251,39.97611,0
          20.66241,39.97595,0
          20.66204,39.97541,0
          20.66187,39.97518,0
          20.66182,39.9751,0
          20.66072,39.97357,0
          20.66067,39.97351,0
          20.66058,39.97342,0
          20.66056,39.97339,0
          20.66048,39.97331,0
          20.66035,39.97323,0
          20.66031,39.97321,0
          20.66025,39.97317,0
          20.66021,39.97315,0
          20.66004,39.97308,0
          20.65995,39.97306,0
          20.65985,39.97303,0
          20.65967,39.973,0
          20.65949,39.97298,0
          20.65926,39.97298,0
          20.65919,39.97299,0
          20.6588,39.97309,0
          20.65845,39.97324,0
          20.6583,39.97333,0
          20.65814,39.97344,0
          20.6581,39.97348,0
          20.65797,39.97357,0
          20.65764,39.97383,0
          20.6565,39.97468,0
          20.65634,39.97481,0
          20.65617,39.97493,0
          20.65542,39.97551,0
          20.65525,39.97563,0
          20.65522,39.97564,0
          20.65371,39.97676,0
          20.65355,39.97689,0
          20.65353,39.97689,0
          20.65341,39.97698,0
          20.65337,39.97702,0
          20.6531,39.97722,0
          20.6527,39.97761,0
          20.65254,39.97782,0
          20.65252,39.97786,0
          20.65241,39.97802,0
          20.65231,39.97818,0
          20.6522,39.97834,0
          20.6521,39.9785,0
          20.65199,39.97866,0
          20.65189,39.97882,0
          20.65178,39.97898,0
          20.65118,39.97996,0
          20.65109,39.98013,0
          20.65108,39.98014,0
          20.65101,39.98026,0
          20.65091,39.98051,0
          20.65087,39.98064,0
          20.65085,39.98079,0
          20.65085,39.98082,0
          20.65086,39.98092,0
          20.65087,39.98119,0
          20.6509,39.98149,0
          20.6509,39.9816,0
          20.65088,39.98171,0
          20.65077,39.98194,0
          20.65068,39.98205,0
          20.65067,39.98207,0
          20.65054,39.98218,0
          20.65049,39.98223,0
          20.65028,39.98239,0
          20.64987,39.98268,0
          20.64985,39.98269,0
          20.64981,39.98272,0
          20.64968,39.98279,0
          20.64967,39.9828,0
          20.64962,39.98283,0
          20.64939,39.98294,0
          20.64907,39.98306,0
          20.64885,39.98312,0
          20.64881,39.98314,0
          20.64864,39.9832,0
          20.64841,39.98332,0
          20.64826,39.98341,0
          20.64781,39.98372,0
          20.64773,39.98376,0
          20.6477,39.98377,0
          20.64758,39.98383,0
          20.64752,39.98385,0
          20.64745,39.98388,0
          20.6472,39.98395,0
          20.64685,39.98401,0
          20.64649,39.98409,0
          20.6464,39.9841,0
          20.64621,39.98415,0
          20.64584,39.98427,0
          20.64575,39.98431,0
          20.64556,39.98441,0
          20.64542,39.9845,0
          20.64522,39.98466,0
          20.64515,39.98471,0
          20.64476,39.98507,0
          20.64475,39.98507,0
          20.64452,39.98524,0
          20.64431,39.98538,0
          20.6441,39.98549,0
          20.64403,39.98552,0
          20.64364,39.98572,0
          20.64327,39.98593,0
          20.64327,39.98594,0
          20.6431,39.98607,0
          20.64297,39.98621,0
          20.6428,39.98644,0
          20.64269,39.98667,0
          20.64267,39.9867,0
          20.64267,39.98671,0
          20.64262,39.98683,0
          20.64259,39.98687,0
          20.64259,39.98688,0
          20.6425,39.98704,0
          20.64248,39.98707,0
          20.64239,39.98717,0
          20.64238,39.98719,0
          20.64233,39.98723,0
          20.64225,39.98728,0
          20.64219,39.9873,0
          20.64218,39.9873,0
          20.64214,39.98732,0
          20.64197,39.98735,0
          20.64191,39.98735,0
          20.64182,39.98734,0
          20.64174,39.98732,0
          20.64172,39.98732,0
          20.64159,39.98727,0
          20.64153,39.98724,0
          20.6415,39.98722,0
          20.64141,39.98714,0
          20.64137,39.98711,0
          20.64136,39.98709,0
          20.64131,39.98703,0
          20.64129,39.98694,0
          20.6413,39.98687,0
          20.64133,39.98676,0
          20.64139,39.98668,0
          20.64148,39.9866,0
          20.64165,39.98651,0
          20.64166,39.98651,0
          20.64204,39.9863,0
          20.64205,39.9863,0
          20.64236,39.9861,0
          20.64256,39.98595,0
          20.64258,39.98594,0
          20.64312,39.98546,0
          20.64317,39.9854,0
          20.64361,39.98498,0
          20.64389,39.98474,0
          20.64407,39.98457,0
          20.64421,39.98442,0
          20.64426,39.98438,0
          20.6445,39.98414,0
          20.64524,39.98344,0
          20.6456,39.98313,0
          20.64581,39.98302,0
          20.64614,39.98288,0
          20.64615,39.98288,0
          20.64627,39.98284,0
          20.64643,39.9828,0
          20.64659,39.98279,0
          20.64664,39.98278,0
          20.64682,39.98277,0
          20.64688,39.98276,0
          20.64699,39.98275,0
          20.64705,39.98274,0
          20.64711,39.98274,0
          20.64745,39.98266,0
          20.64763,39.98259,0
          20.64771,39.98255,0
          20.64787,39.98243,0
          20.64788,39.98243,0
          20.64801,39.98228,0
          20.64803,39.98224,0
          20.6481,39.98214,0
          20.64819,39.98195,0
          20.64821,39.98189,0
          20.64824,39.98177,0
          20.64824,39.98159,0
          20.64821,39.98141,0
          20.64819,39.98133,0
          20.64815,39.98124,0
          20.64813,39.98116,0
          20.64808,39.98105,0
          20.64801,39.98077,0
          20.648,39.98071,0
          20.64799,39.98069,0
          20.64799,39.98053,0
          20.648,39.98047,0
          20.64805,39.98036,0
          20.6481,39.98028,0
          20.64816,39.9802,0
          20.64818,39.98018,0
          20.64829,39.98005,0
          20.64832,39.98002,0
          20.64852,39.97974,0
          20.64852,39.97973,0
          20.64859,39.97959,0
          20.64859,39.97957,0
          20.64862,39.97948,0
          20.64864,39.97939,0
          20.64865,39.97921,0
          20.64865,39.97897,0
          20.64864,39.97885,0
          20.64864,39.97878,0
          20.6486,39.97842,0
          20.64858,39.97831,0
          20.64858,39.97828,0
          20.64855,39.97814,0
          20.64854,39.97812,0
          20.64851,39.978,0
          20.64849,39.97796,0
          20.64846,39.97788,0
          20.6483,39.97757,0
          20.64818,39.97739,0
          20.64813,39.9773,0
          20.64811,39.97727,0
          20.64806,39.97716,0
          20.64804,39.97713,0
          20.64804,39.97711,0
          20.64802,39.97703,0
          20.64802,39.97694,0
          20.64803,39.97684,0
          20.64807,39.97671,0
          20.64819,39.97651,0
          20.64824,39.97645,0
          20.64835,39.97634,0
          20.64841,39.9763,0
          20.64861,39.97614,0
          20.64871,39.97605,0
          20.64878,39.976,0
          20.6489,39.97588,0
          20.649,39.97576,0
          20.64908,39.97558,0
          20.6491,39.9755,0
          20.64911,39.97542,0
          20.64912,39.97542,0
          20.64912,39.97524,0
          20.64911,39.97518,0
          20.64906,39.97498,0
          20.64902,39.97489,0
          20.64893,39.97473,0
          20.64882,39.97457,0
          20.6487,39.97441,0
          20.64848,39.97409,0
          20.64836,39.9739,0
          20.6482,39.9736,0
          20.64808,39.97332,0
          20.64803,39.97317,0
          20.64801,39.97308,0
          20.64796,39.9729,0
          20.64793,39.97273,0
          20.64792,39.97271,0
          20.64791,39.97259,0
          20.6479,39.97255,0
          20.64789,39.97245,0
          20.64789,39.97183,0
          20.64793,39.97111,0
          20.64795,39.97093,0
          20.64798,39.97036,0
          20.648,39.97021,0
          20.64801,39.97003,0
          20.64804,39.96985,0
          20.64807,39.96974,0
          20.64808,39.96968,0
          20.64811,39.96958,0
          20.64814,39.9695,0
          20.64816,39.96941,0
          20.64835,39.96909,0
          20.64853,39.96885,0
          20.64866,39.9687,0
          20.6488,39.96856,0
          20.64887,39.96848,0
          20.64909,39.96828,0
          20.64909,39.96827,0
          20.64923,39.96813,0
          20.64953,39.96786,0
          20.64958,39.96782,0
          20.65014,39.96731,0
          20.65058,39.96689,0
          20.65063,39.96685,0
          20.65073,39.96675,0
          20.65079,39.96667,0
          20.65084,39.96659,0
          20.65086,39.96657,0
          20.65092,39.96646,0
          20.65093,39.96642,0
          20.65095,39.96638,0
          20.65098,39.96625,0
          20.65098,39.96607,0
          20.65092,39.96589,0
          20.65091,39.96587,0
          20.65082,39.96573,0
          20.65082,39.96572,0
          20.65069,39.96558,0
          20.65052,39.96546,0
          20.65047,39.96542,0
          20.65034,39.96535,0
          20.65016,39.96523,0
          20.64979,39.96501,0
          20.64961,39.96489,0
          20.64959,39.96487,0
          20.64952,39.96482,0
          20.64945,39.96476,0
          20.64943,39.96475,0
          20.64938,39.96469,0
          20.64933,39.96461,0
          20.64931,39.96459,0
          20.64924,39.96441,0
          20.6492,39.96426,0
          20.64919,39.96415,0
          20.64918,39.9639,0
          20.64918,39.96315,0
          20.64919,39.963,0
          20.64921,39.96293,0
          20.64927,39.96278,0
          20.64933,39.9627,0
          20.64936,39.96267,0
          20.64938,39.96264,0
          20.64948,39.96256,0
          20.64969,39.96242,0
          20.64975,39.96239,0
          20.64988,39.96234,0
          20.64989,39.96233,0
          20.64998,39.96231,0
          20.65012,39.96229,0
          20.65059,39.96227,0
          20.65082,39.96227,0
          20.65091,39.96226,0
          20.65105,39.96223,0
          20.65115,39.96219,0
          20.65125,39.96214,0
          20.65131,39.9621,0
          20.6514,39.96202,0
          20.65142,39.96201,0
          20.65149,39.96191,0
          20.65152,39.96185,0
          20.65154,39.96182,0
          20.65156,39.96175,0
          20.65158,39.96158,0
          20.65158,39.96149,0
          20.65157,39.96144,0
          20.65155,39.96138,0
          20.65152,39.96132,0
          20.65151,39.96131,0
          20.65146,39.96124,0
          20.65138,39.96117,0
          20.65126,39.96109,0
          20.65116,39.96104,0
          20.65098,39.96099,0
          20.65088,39.96098,0
          20.65075,39.96098,0
          20.6506,39.961,0
          20.6503,39.96107,0
          20.65008,39.96114,0
          20.64986,39.9612,0
          20.64965,39.96128,0
          20.6496,39.96129,0
          20.64944,39.96136,0
          20.64935,39.96139,0
          20.64924,39.96145,0
          20.64919,39.96147,0
          20.64909,39.96153,0
          20.64893,39.96165,0
          20.64877,39.96181,0
          20.64868,39.96193,0
          20.64865,39.962,0
          20.64861,39.96207,0
          20.64853,39.96223,0
          20.64849,39.96234,0
          20.64847,39.96238,0
          20.64799,39.96372,0
          20.64794,39.9639,0
          20.64792,39.96395,0
          20.64789,39.96405,0
          20.64788,39.96417,0
          20.64788,39.9643,0
          20.64791,39.96449,0
          20.64794,39.96458,0
          20.64796,39.96461,0
          20.64798,39.96466,0
          20.64813,39.96489,0
          20.64817,39.96493,0
          20.64828,39.96506,0
          20.64829,39.96508,0
          20.6484,39.96524,0
          20.64849,39.96541,0
          20.64853,39.96553,0
          20.64855,39.96565,0
          20.64855,39.96576,0
          20.64851,39.96589,0
          20.64849,39.96594,0
          20.64847,39.96598,0
          20.64839,39.9661,0
          20.64839,39.96611,0
          20.64824,39.96625,0
          20.64815,39.96632,0
          20.64804,39.96638,0
          20.64781,39.96648,0
          20.64727,39.96661,0
          20.64661,39.96669,0
          20.64658,39.9667,0
          20.64635,39.96672,0
          20.64554,39.96682,0
          20.64531,39.96686,0
          20.64529,39.96686,0
          20.64508,39.96689,0
          20.64468,39.96692,0
          20.64461,39.96693,0
          20.64431,39.96693,0
          20.64413,39.96692,0
          20.64394,39.9669,0
          20.64391,39.9669,0
          20.6436,39.96686,0
          20.64345,39.96683,0
          20.64342,39.96683,0
          20.64322,39.96678,0
          20.6432,39.96677,0
          20.64278,39.96666,0
          20.64245,39.96655,0
          20.64236,39.96651,0
          20.64211,39.96642,0
          20.64194,39.96635,0
          20.64193,39.96634,0
          20.64174,39.96625,0
          20.64163,39.96618,0
          20.64153,39.9661,0
          20.64143,39.966,0
          20.64139,39.96595,0
          20.64137,39.96593,0
          20.64131,39.96585,0
          20.64128,39.96579,0
          20.64125,39.96575,0
          20.64121,39.96566,0
          20.64119,39.9656,0
          20.64115,39.96545,0
          20.64103,39.9651,0
          20.64103,39.96509,0
          20.64096,39.96493,0
          20.64089,39.96481,0
          20.64086,39.96477,0
          20.64076,39.96461,0
          20.64054,39.96429,0
          20.64042,39.964,0
          20.64041,39.96394,0
          20.64039,39.96389,0
          20.6403,39.96351,0
          20.64027,39.96341,0
          20.64026,39.96336,0
          20.64021,39.96324,0
          20.64012,39.96308,0
          20.64011,39.96308,0
          20.64002,39.96297,0
          20.63998,39.96293,0
          20.63992,39.96286,0
          20.63983,39.96279,0
          20.63981,39.96277,0
          20.63965,39.96267,0
          20.63946,39.96257,0
          20.63925,39.96249,0
          20.63868,39.96224,0
          20.6385,39.96215,0
          20.63827,39.962,0
          20.63819,39.96193,0
          20.63798,39.96172,0
          20.63785,39.96157,0
          20.63773,39.96141,0
          20.63767,39.96134,0
          20.63761,39.96126,0
          20.63755,39.96119,0
          20.63749,39.9611,0
          20.63725,39.9608,0
          20.63718,39.9607,0
          20.63712,39.96064,0
          20.63707,39.96058,0
          20.63692,39.96043,0
          20.63657,39.96014,0
          20.63555,39.9594,0
          20.6354,39.95926,0
          20.63524,39.95913,0
          20.63497,39.95884,0
          20.63497,39.95883,0
          20.6349,39.95875,0
          20.63463,39.95825,0
          20.63461,39.95822,0
          20.6345,39.95791,0
          20.63448,39.95788,0
          20.63437,39.95738,0
          20.63435,39.9572,0
          20.63434,39.95719,0
          20.63431,39.95701,0
          20.63431,39.95698,0
          20.63425,39.95684,0
          20.63424,39.9568,0
          20.63411,39.95651,0
          20.6341,39.9565,0
          20.63394,39.95627,0
          20.63386,39.95619,0
          20.63378,39.9561,0
          20.63372,39.95604,0
          20.63357,39.95591,0
          20.63354,39.95588,0
          20.63275,39.95526,0
          20.6326,39.95515,0
          20.63259,39.95514,0
          20.63112,39.95397,0
          20.63062,39.95359,0
          20.62932,39.95255,0
          20.62915,39.95243,0
          20.62819,39.95168,0
          20.62816,39.95166,0
          20.62752,39.95114,0
          20.62736,39.951,0
          20.6273,39.95096,0
          20.62691,39.95059,0
          20.62663,39.9503,0
          20.62641,39.94998,0
          20.62622,39.94965,0
          20.62614,39.94948,0
          20.62607,39.94931,0
          20.62599,39.94914,0
          20.62587,39.94884,0
          20.62585,39.9488,0
          20.62578,39.94863,0
          20.62571,39.94848,0
          20.62561,39.94829,0
          20.62553,39.94812,0
          20.62534,39.94782,0
          20.6249,39.94737,0
          20.62477,39.94722,0
          20.62463,39.94708,0
          20.62461,39.94705,0
          20.62439,39.94681,0
          20.62431,39.94668,0
          20.62428,39.94661,0
          20.62425,39.94652,0
          20.62423,39.94643,0
          20.62421,39.94637,0
          20.62421,39.9459,0
          20.62422,39.94566,0
          20.62415,39.94536,0
          20.62409,39.94514,0
          20.62401,39.94494,0
          20.62385,39.94463,0
          20.62375,39.94447,0
          20.62366,39.9443,0
          20.62356,39.94414,0
          20.62347,39.94397,0
          20.62337,39.94381,0
          20.62328,39.94364,0
          20.62297,39.9431,0
          20.6229,39.94293,0
          20.62288,39.9428,0
          20.62287,39.94277,0
          20.62288,39.94262,0
          20.62292,39.9424,0
          20.62301,39.9421,0
          20.62313,39.94175,0
          20.62318,39.94157,0
          20.62335,39.94107,0
          20.62335,39.94105,0
          20.6234,39.94087,0
          20.62344,39.94069,0
          20.62344,39.94067,0
          20.62348,39.94034,0
          20.62347,39.94016,0
          20.62344,39.93998,0
          20.6234,39.9398,0
          20.62334,39.93963,0
          20.62333,39.93959,0
          20.62318,39.93935,0
          20.62303,39.93915,0
          20.623,39.93912,0
          20.6228,39.93887,0
          20.62278,39.93884,0
          20.62236,39.93841,0
          20.62181,39.93782,0
          20.62169,39.93767,0
          20.62168,39.93767,0
          20.62156,39.93752,0
          20.62145,39.93736,0
          20.62136,39.9372,0
          20.62135,39.9372,0
          20.6213,39.93711,0
          20.62116,39.93682,0
          20.621,39.93634,0
          20.62096,39.93618,0
          20.62095,39.93616,0
          20.62091,39.93599,0
          20.62087,39.93587,0
          20.62086,39.93581,0
          20.62076,39.93546,0
          20.62072,39.93528,0
          20.62052,39.93458,0
          20.62048,39.9344,0
          20.62028,39.9337,0
          20.62024,39.93352,0
          20.62,39.93266,0
          20.62,39.93264,0
          20.61994,39.93247,0
          20.61985,39.93216,0
          20.61983,39.93212,0
          20.61971,39.93177,0
          20.61964,39.9316,0
          20.61956,39.93143,0
          20.61949,39.9313,0
          20.61945,39.93121,0
          20.61936,39.93105,0
          20.6193,39.93098,0
          20.61924,39.93089,0
          20.61907,39.93066,0
          20.61894,39.93051,0
          20.61845,39.9299,0
          20.6184,39.92985,0
          20.61783,39.92914,0
          20.61781,39.92912,0
          20.61771,39.92898,0
          20.6177,39.92897,0
          20.61761,39.92882,0
          20.61756,39.92875,0
          20.61745,39.92856,0
          20.61743,39.92849,0
          20.61736,39.92832,0
          20.61732,39.9282,0
          20.61731,39.92815,0
          20.61731,39.92814,0
          20.6173,39.92809,0
          20.61728,39.92782,0
          20.61729,39.92778,0
          20.61729,39.92766,0
          20.61731,39.9275,0
          20.61736,39.92731,0
          20.61741,39.92715,0
          20.61752,39.92691,0
          20.61768,39.92664,0
          20.61816,39.92595,0
          20.61818,39.92593,0
          20.61825,39.92581,0
          20.61837,39.92566,0
          20.61848,39.9255,0
          20.61883,39.92503,0
          20.61894,39.92487,0
          20.61897,39.92484,0
          20.6193,39.92437,0
          20.61933,39.92431,0
          20.61953,39.92405,0
          20.61964,39.92389,0
          20.61987,39.92358,0
          20.61998,39.92342,0
          20.6201,39.92327,0
          20.62078,39.92233,0
          20.62078,39.92232,0
          20.62096,39.92206,0
          20.62099,39.922,0
          20.62109,39.92184,0
          20.62121,39.92158,0
          20.62126,39.92141,0
          20.6213,39.92123,0
          20.6213,39.92121,0
          20.62137,39.92059,0
          20.62137,39.92033,0
          20.62138,39.92015,0
          20.62138,39.91997,0
          20.62139,39.91979,0
          20.62139,39.91943,0
          20.6214,39.91925,0
          20.6214,39.91907,0
          20.62144,39.91836,0
          20.62144,39.91829,0
          20.62151,39.91788,0
          20.62157,39.91762,0
          20.62157,39.91758,0
          20.62162,39.91741,0
          20.62182,39.91654,0
          20.62182,39.91653,0
          20.62186,39.91637,0
          20.62186,39.91636,0
          20.6219,39.91618,0
          20.62196,39.91582,0
          20.622,39.91546,0
          20.622,39.91538,0
          20.62202,39.9152,0
          20.62203,39.91502,0
          20.62203,39.91484,0
          20.62204,39.91466,0
          20.62204,39.91448,0
          20.62203,39.91436,0
          20.62203,39.9143,0
          20.622,39.914,0
          20.62195,39.91377,0
          20.62194,39.91368,0
          20.62192,39.91359,0
          20.62187,39.91341,0
          20.62167,39.91253,0
          20.62164,39.91235,0
          20.62159,39.91217,0
          20.62147,39.91164,0
          20.62142,39.91147,0
          20.62134,39.91111,0
          20.62131,39.91093,0
          20.62123,39.91058,0
          20.62118,39.9104,0
          20.62106,39.90987,0
          20.62096,39.90959,0
          20.62069,39.90907,0
          20.62066,39.90903,0
          20.62035,39.90855,0
          20.61998,39.90801,0
          20.61983,39.90774,0
          20.61975,39.90758,0
          20.61975,39.90757,0
          20.6197,39.90743,0
          20.61966,39.90723,0
          20.61965,39.9071,0
          20.61965,39.90697,0
          20.61966,39.90685,0
          20.61972,39.90659,0
          20.61978,39.90643,0
          20.61992,39.90617,0
          20.62003,39.90602,0
          20.62018,39.90587,0
          20.62034,39.90574,0
          20.62036,39.90573,0
          20.62053,39.90561,0
          20.62058,39.90557,0
          20.62079,39.90544,0
          20.62089,39.90537,0
          20.62103,39.90529,0
          20.62107,39.90526,0
          20.62234,39.90448,0
          20.62235,39.90447,0
          20.62252,39.90435,0
          20.62261,39.90427,0
          20.62271,39.90417,0
          20.62287,39.90398,0
          20.62291,39.9039,0
          20.62295,39.90384,0
          20.62305,39.90363,0
          20.62307,39.90357,0
          20.6231,39.9035,0
          20.62313,39.90339,0
          20.62316,39.90321,0
          20.62317,39.90309,0
          20.62315,39.90294,0
          20.62313,39.90285,0
          20.62313,39.90282,0
          20.6231,39.90268,0
          20.62306,39.90254,0
          20.62304,39.9025,0
          20.62299,39.90233,0
          20.62287,39.90198,0
          20.62286,39.90194,0
          20.62257,39.90111,0
          20.62247,39.90076,0
          20.62245,39.90059,0
          20.62245,39.9004,0
          20.62247,39.90021,0
          20.62255,39.89976,0
          20.62261,39.89951,0
          20.62262,39.89943,0
          20.62265,39.89933,0
          20.62273,39.89898,0
          20.62274,39.89896,0
          20.62282,39.89862,0
          20.62283,39.89855,0
          20.62294,39.89809,0
          20.62298,39.89785,0
          20.62301,39.89776,0
          20.62307,39.89741,0
          20.62311,39.89706,0
          20.6231,39.89685,0
          20.62307,39.89669,0
          20.62297,39.89635,0
          20.62296,39.89634,0
          20.62285,39.89604,0
          20.62283,39.896,0
          20.62262,39.89548,0
          20.62241,39.89491,0
          20.62231,39.89461,0
          20.62228,39.89444,0
          20.62227,39.89425,0
          20.62227,39.89404,0
          20.6223,39.89391,0
          20.62233,39.89373,0
          20.62233,39.89372,0
          20.62241,39.89336,0
          20.62242,39.89328,0
          20.62247,39.89311,0
          20.62249,39.89298,0
          20.62251,39.89293,0
          20.62256,39.89275,0
          20.62271,39.89211,0
          20.62276,39.89193,0
          20.62281,39.89169,0
          20.62286,39.89152,0
          20.6229,39.89134,0
          20.62292,39.89127,0
          20.62296,39.89117,0
          20.62302,39.89099,0
          20.62337,39.89015,0
          20.62339,39.89011,0
          20.62339,39.8901,0
          20.62361,39.8896,0
          20.62362,39.8896,0
          20.6237,39.88943,0
          20.62377,39.8893,0
          20.62378,39.88926,0
          20.62402,39.88875,0
          20.62429,39.88825,0
          20.62429,39.88824,0
          20.62434,39.88815,0
          20.62441,39.88804,0
          20.62443,39.88799,0
          20.62457,39.88772,0
          20.62466,39.88751,0
          20.6247,39.88738,0
          20.62471,39.88729,0
          20.62472,39.88725,0
          20.62475,39.88707,0
          20.62478,39.88695,0
          20.62486,39.88646,0
          20.6249,39.88636,0
          20.62495,39.8862,0
          20.625,39.8861,0
          20.62505,39.88602,0
          20.62526,39.88578,0
          20.62588,39.88519,0
          20.62595,39.88513,0
          20.62617,39.88491,0
          20.62642,39.88468,0
          20.62656,39.88454,0
          20.62689,39.88425,0
          20.62704,39.88416,0
          20.62705,39.88415,0
          20.62714,39.88411,0
          20.62726,39.88407,0
          20.62728,39.88406,0
          20.62748,39.88402,0
          20.62764,39.88401,0
          20.62781,39.88401,0
          20.62793,39.88402,0
          20.6285,39.88412,0
          20.62872,39.88417,0
          20.62895,39.88421,0
          20.62963,39.88435,0
          20.63008,39.88443,0
          20.63064,39.88455,0
          20.63066,39.88455,0
          20.63089,39.88459,0
          20.63132,39.88457,0
          20.63146,39.88454,0
          20.63158,39.8845,0
          20.6317,39.88444,0
          20.6317,39.88443,0
          20.63178,39.88438,0
          20.63191,39.88427,0
          20.63219,39.88398,0
          20.63232,39.88383,0
          20.63252,39.88362,0
          20.63365,39.88236,0
          20.63389,39.88206,0
          20.6339,39.88206,0
          20.63401,39.8819,0
          20.63401,39.88189,0
          20.63411,39.88173,0
          20.6342,39.88156,0
          20.6343,39.8814,0
          20.63457,39.8809,0
          20.63465,39.88073,0
          20.63474,39.88056,0
          20.63498,39.88016,0
          20.63525,39.87994,0
          20.63531,39.8799,0
          20.63548,39.87977,0
          20.63577,39.87957,0
          20.63588,39.87948,0
          20.63592,39.87943,0
          20.63615,39.87921,0
          20.63646,39.87884,0
          20.63668,39.87852,0
          20.6368,39.87837,0
          20.63691,39.87821,0
          20.63714,39.8779,0
          20.63725,39.87774,0
          20.63737,39.87758,0
          20.63748,39.87742,0
          20.63771,39.87711,0
          20.63782,39.87695,0
          20.63794,39.8768,0
          20.63816,39.87648,0
          20.63828,39.87632,0
          20.63876,39.87576,0
          20.6388,39.87572,0
          20.63895,39.87559,0
          20.63924,39.87531,0
          20.63926,39.8753,0
          20.6394,39.87517,0
          20.63956,39.87504,0
          20.63997,39.87468,0
          20.64003,39.87464,0
          20.64019,39.87451,0
          20.64036,39.87439,0
          20.6404,39.87435,0
          20.64075,39.87416,0
          20.64114,39.87399,0
          20.64135,39.87392,0
          20.64163,39.87384,0
          20.6418,39.87382,0
          20.64184,39.87381,0
          20.64259,39.87374,0
          20.64266,39.87374,0
          20.64348,39.87365,0
          20.64352,39.87365,0
          20.64375,39.87361,0
          20.6442,39.87351,0
          20.64441,39.87345,0
          20.64442,39.87345,0
          20.64474,39.87333,0
          20.64483,39.87328,0
          20.64498,39.87322,0
          20.64503,39.87319,0
          20.64523,39.87309,0
          20.64561,39.87283,0
          20.6459,39.87254,0
          20.64605,39.87236,0
          20.64611,39.87226,0
          20.64618,39.87217,0
          20.64631,39.87194,0
          20.64635,39.87188,0
          20.64643,39.87167,0
          20.6465,39.87144,0
          20.6465,39.87142,0
          20.64659,39.87088,0
          20.64673,39.86963,0
          20.64676,39.86945,0
          20.64677,39.86936,0
          20.64682,39.86912,0
          20.64683,39.8691,0
          20.64689,39.86892,0
          20.6469,39.86892,0
          20.64693,39.86883,0
          20.64715,39.86853,0
          20.64729,39.86837,0
          20.64741,39.86825,0
          20.64752,39.86818,0
          20.64754,39.86817,0
          20.64778,39.86801,0
          20.6483,39.86778,0
          20.64893,39.86754,0
          20.64913,39.86748,0
          20.64985,39.86716,0
          20.64993,39.86711,0
          20.65006,39.86704,0
          20.6503,39.86689,0
          20.65046,39.86676,0
          20.65066,39.86657,0
          20.65074,39.86647,0
          20.65088,39.86632,0
          20.65119,39.8659,0
          20.65135,39.86574,0
          20.65137,39.86571,0
          20.65168,39.86545,0
          20.65168,39.86544,0
          20.65186,39.86532,0
          20.65188,39.8653,0
          20.65221,39.86511,0
          20.65242,39.865,0
          20.65263,39.86492,0
          20.65316,39.86468,0
          20.65336,39.86458,0
          20.65353,39.86451,0
          20.65356,39.86449,0
          20.65395,39.86429,0
          20.65395,39.86428,0
          20.65423,39.86413,0
          20.65432,39.86406,0
          20.6545,39.86394,0
          20.65481,39.86368,0
          20.65482,39.86368,0
          20.65511,39.86343,0
          20.65525,39.86328,0
          20.65551,39.86298,0
          20.65565,39.86284,0
          20.65591,39.86254,0
          20.65645,39.86195,0
          20.65671,39.86165,0
          20.65685,39.86151,0
          20.65745,39.86082,0
          20.65753,39.8607,0
          20.65788,39.8603,0
          20.65807,39.86011,0
          20.65809,39.86008,0
          20.65846,39.85974,0
          20.65891,39.85929,0
          20.65972,39.8586,0
          20.65976,39.85857,0
          20.66023,39.85816,0
          20.66038,39.85802,0
          20.66046,39.85796,0
          20.66057,39.85791,0
          20.66071,39.85779,0
          20.66073,39.85778,0
          20.66085,39.85766,0
          20.66101,39.85753,0
          20.66131,39.85725,0
          20.66147,39.85712,0
          20.66162,39.85698,0
          20.66208,39.85658,0
          20.66223,39.85644,0
          20.66285,39.8559,0
          20.663,39.85576,0
          20.66316,39.85563,0
          20.66346,39.85535,0
          20.66362,39.85522,0
          20.66408,39.85481,0
          20.66412,39.85476,0
          20.66423,39.85468,0
          20.66439,39.85454,0
          20.66499,39.85405,0
          20.6652,39.85389,0
          20.66572,39.85353,0
          20.66578,39.8535,0
          20.66632,39.85318,0
          20.667,39.85283,0
          20.6672,39.85274,0
          20.66759,39.85254,0
          20.66779,39.85245,0
          20.66799,39.85235,0
          20.66804,39.85233,0
          20.66858,39.85207,0
          20.66939,39.85171,0
          20.66959,39.85161,0
          20.6706,39.85116,0
          20.6708,39.85106,0
          20.6712,39.85088,0
          20.6716,39.85068,0
          20.6718,39.85059,0
          20.67199,39.85049,0
          20.67215,39.85042,0
          20.67219,39.85039,0
          20.67239,39.8503,0
          20.67259,39.8502,0
          20.67279,39.85011,0
          20.67299,39.85001,0
          20.67339,39.84983,0
          20.67355,39.84975,0
          20.67423,39.84945,0
          20.67441,39.84936,0
          20.67461,39.84927,0
          20.67481,39.84917,0
          20.67522,39.84899,0
          20.67542,39.84889,0
          20.67562,39.8488,0
          20.67582,39.8487,0
          20.67622,39.84852,0
          20.67642,39.84842,0
          20.67682,39.84824,0
          20.67702,39.84814,0
          20.67782,39.84778,0
          20.67802,39.84768,0
          20.67808,39.84766,0
          20.67822,39.84759,0
          20.67841,39.84748,0
          20.67897,39.84719,0
          20.67933,39.84696,0
          20.67952,39.84685,0
          20.67953,39.84685,0
          20.68003,39.84648,0
          20.68038,39.84624,0
          20.68102,39.84572,0
          20.68161,39.84516,0
          20.68225,39.84446,0
          20.68267,39.84394,0
          20.68273,39.84384,0
          20.68284,39.84368,0
          20.68294,39.84352,0
          20.68305,39.84336,0
          20.68315,39.8432,0
          20.68326,39.84304,0
          20.68335,39.84287,0
          20.68345,39.84271,0
          20.68354,39.84254,0
          20.68362,39.84237,0
          20.68371,39.84221,0
          20.68385,39.84191,0
          20.68388,39.84187,0
          20.68404,39.84153,0
          20.68413,39.84137,0
          20.68437,39.84086,0
          20.68447,39.84067,0
          20.68501,39.83975,0
          20.68515,39.83955,0
          20.68525,39.83939,0
          20.68569,39.83875,0
          20.68629,39.83798,0
          20.6864,39.83782,0
          20.68652,39.83767,0
          20.68678,39.83737,0
          20.6869,39.83721,0
          20.68728,39.83676,0
          20.68788,39.83618,0
          20.68899,39.83528,0
          20.68916,39.83516,0
          20.68926,39.83507,0
          20.69097,39.83383,0
          20.69107,39.83375,0
          20.69113,39.83371,0
          20.6918,39.8332,0
          20.69329,39.83214,0
          20.69441,39.83138,0
          20.69458,39.83125,0
          20.69644,39.82995,0
          20.6978,39.8289,0
          20.69789,39.82884,0
          20.69796,39.82877,0
          20.70031,39.82676,0
          20.70063,39.8265,0
          20.70078,39.82636,0
          20.70174,39.82558,0
          20.7019,39.82544,0
          20.70223,39.82518,0
          20.70226,39.82515,0
          20.703,39.82451,0
          20.70315,39.82437,0
          20.70331,39.82424,0
          20.70346,39.8241,0
          20.70362,39.82397,0
          20.70371,39.82388,0
          20.70403,39.82362,0
          20.70455,39.82317,0
          20.7047,39.82303,0
          20.70486,39.8229,0
          20.70501,39.82276,0
          20.7058,39.8221,0
          20.70595,39.82196,0
          20.70601,39.82192,0
          20.70658,39.82143,0
          20.7069,39.82117,0
          20.70737,39.82076,0
          20.70848,39.81984,0
          20.70863,39.8197,0
          20.70943,39.81905,0
          20.70959,39.81891,0
          20.71023,39.81839,0
          20.71037,39.81824,0
          20.71066,39.81796,0
          20.71071,39.81792,0
          20.71079,39.81781,0
          20.71105,39.81751,0
          20.71149,39.81695,0
          20.71204,39.81615,0
          20.71205,39.81614,0
          20.71226,39.81584,0
          20.71312,39.81454,0
          20.71354,39.81381,0
          20.71387,39.8132,0
          20.71407,39.81274,0
          20.71446,39.812,0
          20.7148,39.81147,0
          20.71516,39.81096,0
          20.7157,39.81037,0
          20.71584,39.8102,0
          20.71849,39.80736,0
          20.72132,39.80425,0
          20.72135,39.8042,0
          20.7215,39.80405,0
          20.72205,39.80343,0
          20.72249,39.80298,0
          20.72274,39.80276,0
          20.72295,39.80261,0
          20.72313,39.8025,0
          20.72348,39.80233,0
          20.72378,39.8022,0
          20.72421,39.80204,0
          20.72442,39.80195,0
          20.72463,39.80188,0
          20.72586,39.80141,0
          20.72588,39.8014,0
          20.72609,39.80133,0
          20.72651,39.80117,0
          20.7266,39.80113,0
          20.72667,39.80109,0
          20.72685,39.801,0
          20.72703,39.80086,0
          20.72715,39.80078,0
          20.72721,39.80071,0
          20.72735,39.8005,0
          20.72747,39.80028,0
          20.7275,39.80017,0
          20.72754,39.80007,0
          20.72758,39.7999,0
          20.72764,39.79976,0
          20.7277,39.7996,0
          20.72777,39.79944,0
          20.72778,39.79943,0
          20.7279,39.79927,0
          20.72799,39.79917,0
          20.72812,39.79907,0
          20.72831,39.79895,0
          20.7285,39.79886,0
          20.72861,39.79883,0
          20.72875,39.79878,0
          20.72883,39.79876,0
          20.72929,39.7987,0
          20.73038,39.79863,0
          20.7306,39.79858,0
          20.73063,39.79858,0
          20.73105,39.79847,0
          20.73106,39.79846,0
          20.73147,39.79831,0
          20.73148,39.7983,0
          20.73167,39.79822,0
          20.73206,39.79802,0
          20.73225,39.79791,0
          20.73263,39.79771,0
          20.73282,39.7976,0
          20.73283,39.79759,0
          20.73296,39.7975,0
          20.73299,39.79747,0
          20.73308,39.7974,0
          20.73314,39.79734,0
          20.73321,39.79726,0
          20.73327,39.7972,0
          20.73336,39.79703,0
          20.73343,39.79686,0
          20.73346,39.79668,0
          20.73345,39.7965,0
          20.73342,39.79637,0
          20.7334,39.79633,0
          20.73337,39.79624,0
          20.73328,39.79606,0
          20.73318,39.79592,0
          20.73304,39.79567,0
          20.73292,39.79541,0
          20.7329,39.79532,0
          20.73285,39.79515,0
          20.73282,39.79497,0
          20.73281,39.79479,0
          20.73282,39.79466,0
          20.73283,39.79461,0
          20.73284,39.7945,0
          20.73291,39.79426,0
          20.73291,39.79425,0
          20.73303,39.79397,0
          20.73306,39.79392,0
          20.73314,39.79375,0
          20.73327,39.79351,0
          20.73333,39.79342,0
          20.73362,39.79293,0
          20.7339,39.79257,0
          20.73397,39.79238,0
          20.73434,39.79178,0
          20.73444,39.79165,0
          20.73473,39.79121,0
          20.73489,39.791,0
          20.73502,39.79086,0
          20.73529,39.79062,0
          20.73569,39.79032,0
          20.73601,39.79013,0
          20.73611,39.79005,0
          20.73623,39.78997,0
          20.73629,39.78994,0
          20.73637,39.78989,0
          20.73641,39.78987,0
          20.73642,39.78987,0
          20.7368,39.78966,0
          20.73689,39.78962,0
          20.737,39.78958,0
          20.73727,39.78944,0
          20.73739,39.78939,0
          20.73776,39.78921,0
          20.73784,39.78916,0
          20.73793,39.78912,0
          20.73823,39.78892,0
          20.73831,39.78886,0
          20.73835,39.78882,0
          20.73842,39.78876,0
          20.73849,39.78871,0
          20.73851,39.78868,0
          20.73855,39.78864,0
          20.73859,39.78859,0
          20.73862,39.78854,0
          20.73873,39.7884,0
          20.7388,39.78826,0
          20.73889,39.78802,0
          20.7389,39.78792,0
          20.73895,39.7878,0
          20.73896,39.78766,0
          20.73897,39.78762,0
          20.73895,39.78745,0
          20.73889,39.78728,0
          20.73884,39.7871,0
          20.7386,39.78641,0
          20.73855,39.78623,0
          20.73844,39.78592,0
          20.73839,39.78571,0
          20.73836,39.78561,0
          20.73835,39.78553,0
          20.73835,39.78548,0
          20.73834,39.78535,0
          20.73834,39.78527,0
          20.73836,39.78517,0
          20.73841,39.78503,0
          20.73843,39.785,0
          20.73846,39.78493,0
          20.73853,39.78481,0
          20.73863,39.78468,0
          20.73867,39.78462,0
          20.73879,39.7845,0
          20.73921,39.78411,0
          20.73935,39.78397,0
          20.73957,39.78377,0
          20.73971,39.78363,0
          20.73972,39.78363,0
          20.73985,39.78348,0
          20.73986,39.78348,0
          20.73993,39.78341,0
          20.73998,39.78333,0
          20.7401,39.78318,0
          20.74035,39.7828,0
          20.74058,39.78239,0
          20.7407,39.7822,0
          20.74086,39.782,0
          20.74096,39.78191,0
          20.74113,39.78178,0
          20.74145,39.78161,0
          20.74172,39.78149,0
          20.74228,39.78128,0
          20.74265,39.78116,0
          20.74306,39.781,0
          20.74307,39.781,0
          20.74321,39.78093,0
          20.74326,39.78089,0
          20.74333,39.78085,0
          20.74338,39.7808,0
          20.74342,39.78077,0
          20.7435,39.78067,0
          20.74352,39.78065,0
          20.74364,39.7805,0
          20.74382,39.78022,0
          20.74397,39.78006,0
          20.74399,39.78003,0
          20.74414,39.77992,0
          20.74416,39.77991,0
          20.74432,39.77981,0
          20.74454,39.77969,0
          20.74481,39.77958,0
          20.74512,39.7795,0
          20.74518,39.77948,0
          20.74586,39.77935,0
          20.74608,39.7793,0
          20.74654,39.77922,0
          20.74677,39.77917,0
          20.74717,39.7791,0
          20.7474,39.77905,0
          20.74808,39.77893,0
          20.74873,39.7788,0
          20.74876,39.7788,0
          20.74898,39.77874,0
          20.74909,39.77872,0
          20.74942,39.77864,0
          20.74943,39.77863,0
          20.74956,39.77859,0
          20.74976,39.7785,0
          20.75012,39.77832,0
          20.75033,39.77819,0
          20.75035,39.77818,0
          20.75051,39.77807,0
          20.75054,39.77804,0
          20.75076,39.77785,0
          20.75081,39.7778,0
          20.75108,39.77748,0
          20.75113,39.77741,0
          20.75123,39.77725,0
          20.75141,39.77692,0
          20.75141,39.77691,0
          20.7515,39.77669,0
          20.75153,39.77657,0
          20.75159,39.77639,0
          20.75161,39.77631,0
          20.75193,39.77525,0
          20.75197,39.77508,0
          20.752,39.77478,0
          20.752,39.77469,0
          20.75199,39.77459,0
          20.75198,39.77454,0
          20.75197,39.77444,0
          20.75193,39.77432,0
          20.7519,39.77425,0
          20.75182,39.77411,0
          20.75169,39.77392,0
          20.75109,39.77327,0
          20.75095,39.77307,0
          20.75088,39.77294,0
          20.75084,39.77282,0
          20.7508,39.77272,0
          20.75078,39.77262,0
          20.75078,39.77253,0
          20.75077,39.77249,0
          20.75078,39.77244,0
          20.75078,39.77233,0
          20.75079,39.77229,0
          20.7508,39.77219,0
          20.75082,39.77209,0
          20.75084,39.77202,0
          20.75088,39.77192,0
          20.7509,39.77189,0
          20.75092,39.77183,0
          20.75104,39.77164,0
          20.75107,39.77161,0
          20.75112,39.77154,0
          20.75134,39.77132,0
          20.75148,39.7712,0
          20.75152,39.77117,0
          20.75164,39.77106,0
          20.75167,39.77104,0
          20.75168,39.77103,0
          20.75227,39.7706,0
          20.75236,39.77055,0
          20.75252,39.77045,0
          20.75254,39.77043,0
          20.75309,39.7701,0
          20.75318,39.77004,0
          20.75328,39.76999,0
          20.7534,39.76992,0
          20.75347,39.76989,0
          20.75386,39.76969,0
          20.75447,39.76942,0
          20.75507,39.76919,0
          20.75529,39.76912,0
          20.7555,39.76904,0
          20.75614,39.76883,0
          20.75636,39.76875,0
          20.757,39.76854,0
          20.75759,39.76833,0
          20.75763,39.7683,0
          20.75803,39.76812,0
          20.75822,39.76802,0
          20.75837,39.76795,0
          20.75842,39.76792,0
          20.75843,39.76792,0
          20.7588,39.76772,0
          20.75898,39.76761,0
          20.75909,39.76755,0
          20.76008,39.76695,0
          20.76027,39.76685,0
          20.76302,39.7652,0
          20.76321,39.7651,0
          20.76339,39.76498,0
          20.76384,39.76471,0
          20.76386,39.76469,0
          20.76398,39.76462,0
          20.764,39.7646,0
          20.76416,39.76449,0
          20.76451,39.76423,0
          20.76483,39.76396,0
          20.76486,39.76393,0
          20.76498,39.76383,0
          20.76513,39.76369,0
          20.76541,39.7634,0
          20.76568,39.76314,0
          20.76582,39.76299,0
          20.76608,39.76269,0
          20.76622,39.76255,0
          20.76635,39.7624,0
          20.76743,39.76126,0
          20.76756,39.76111,0
          20.76798,39.76068,0
          20.76811,39.76053,0
          20.76825,39.76039,0
          20.76833,39.7603,0
          20.76839,39.76024,0
          20.76865,39.75994,0
          20.76879,39.7598,0
          20.76891,39.75966,0
          20.76919,39.75937,0
          20.76924,39.75931,0
          20.76946,39.75909,0
          20.76952,39.75898,0
          20.76974,39.75871,0
          20.76988,39.75857,0
          20.77056,39.75783,0
          20.77056,39.75782,0
          20.77094,39.75744,0
          20.77149,39.75685,0
          20.77163,39.75671,0
          20.77189,39.75642,0
          20.7719,39.75642,0
          20.77201,39.75634,0
          20.77228,39.75605,0
          20.77241,39.7559,0
          20.77339,39.75489,0
          20.77341,39.75486,0
          20.77354,39.75475,0
          20.77377,39.75453,0
          20.77385,39.75448,0
          20.77401,39.75435,0
          20.77412,39.75427,0
          20.77454,39.75399,0
          20.77456,39.75398,0
          20.77472,39.75388,0
          20.7753,39.75358,0
          20.77548,39.7535,0
          20.77551,39.75349,0
          20.77571,39.7534,0
          20.77613,39.75324,0
          20.77713,39.7529,0
          20.7772,39.75288,0
          20.77741,39.7528,0
          20.77848,39.75245,0
          20.7787,39.75237,0
          20.77881,39.75234,0
          20.77933,39.75214,0
          20.77997,39.75185,0
          20.78025,39.75166,0
          20.78053,39.75141,0
          20.78071,39.75122,0
          20.78077,39.75113,0
          20.78088,39.75099,0
          20.78088,39.75098,0
          20.7811,39.75065,0
          20.78119,39.75048,0
          20.78123,39.75042,0
          20.78124,39.75041,0
          20.78131,39.75025,0
          20.78136,39.75016,0
          20.78146,39.7499,0
          20.78151,39.7498,0
          20.78153,39.74973,0
          20.7816,39.74955,0
          20.7816,39.74954,0
          20.78172,39.7492,0
          20.78175,39.74909,0
          20.78179,39.74897,0
          20.78188,39.74874,0
          20.78193,39.74856,0
          20.78199,39.74841,0
          20.78208,39.74807,0
          20.78209,39.748,0
          20.78212,39.7479,0
          20.78215,39.74773,0
          20.78215,39.74762,0
          20.78216,39.74755,0
          20.78216,39.74722,0
          20.78215,39.74708,0
          20.78213,39.74692,0
          20.78207,39.74667,0
          20.78198,39.74639,0
          20.78182,39.74604,0
          20.78161,39.74569,0
          20.78109,39.74495,0
          20.78108,39.74493,0
          20.78097,39.74477,0
          20.78085,39.74462,0
          20.78083,39.74458,0
          20.78063,39.74431,0
          20.78032,39.74386,0
          20.78031,39.74383,0
          20.78029,39.74382,0
          20.78023,39.74372,0
          20.78003,39.74345,0
          20.78001,39.74341,0
          20.77997,39.74335,0
          20.7798,39.74314,0
          20.77966,39.743,0
          20.77944,39.74268,0
          20.77932,39.74253,0
          20.779,39.74207,0
          20.7789,39.7419,0
          20.77887,39.74186,0
          20.77869,39.74158,0
          20.77865,39.7415,0
          20.77845,39.74117,0
          20.77842,39.74109,0
          20.77834,39.74092,0
          20.7782,39.74057,0
          20.77817,39.74048,0
          20.7781,39.74031,0
          20.77801,39.74006,0
          20.77793,39.73979,0
          20.77792,39.73977,0
          20.77777,39.73924,0
          20.77776,39.73922,0
          20.77718,39.73718,0
          20.77718,39.73715,0
          20.77717,39.73714,0
          20.77714,39.737,0
          20.77701,39.73654,0
          20.77693,39.73608,0
          20.77688,39.73605,0
          20.77685,39.73597,0
          20.7768,39.73565,0
          20.77677,39.73536,0
          20.77676,39.73503,0
          20.77679,39.73485,0
          20.7768,39.73467,0
          20.77673,39.7345,0
          20.7767,39.73446,0
          20.77661,39.73432,0
          20.77658,39.73432,0
          20.77656,39.73431,0
          20.77655,39.73431,0
          20.77653,39.7343,0
          20.77652,39.7343,0
          20.77644,39.73422,0
          20.77644,39.73421,0
          20.77643,39.7342,0
          20.77643,39.73413,0
          20.77644,39.73412,0
          20.77644,39.73411,0
          20.77645,39.73409,0
          20.77645,39.73408,0
          20.77648,39.73405,0
          20.77649,39.73405,0
          20.77649,39.73396,0
          20.77651,39.73383,0
          20.77659,39.73366,0
          20.77676,39.73344,0
          20.77709,39.73293,0
          20.778,39.73146,0
          20.77825,39.73111,0
          20.7784,39.73085,0
          20.77847,39.73076,0
          20.77856,39.73068,0
          20.7786,39.7306,0
          20.77867,39.73043,0
          20.77883,39.73009,0
          20.7789,39.72992,0
          20.77951,39.72864,0
          20.7796,39.72847,0
          20.7804,39.72678,0
          20.78049,39.72662,0
          20.7805,39.72659,0
          20.78131,39.72491,0
          20.78138,39.72474,0
          20.7817,39.72407,0
          20.78179,39.7239,0
          20.78198,39.7235,0
          20.78225,39.72305,0
          20.78242,39.72282,0
          20.78256,39.72267,0
          20.78264,39.72257,0
          20.7827,39.72252,0
          20.78284,39.72238,0
          20.78316,39.72212,0
          20.78343,39.72192,0
          20.7835,39.72186,0
          20.7836,39.7218,0
          20.78423,39.72136,0
          20.78441,39.72125,0
          20.78459,39.72113,0
          20.78472,39.72103,0
          20.78559,39.72043,0
          20.78577,39.72032,0
          20.78577,39.72031,0
          20.78718,39.71933,0
          20.7872,39.71932,0
          20.78848,39.71844,0
          20.78865,39.71831,0
          20.78899,39.71807,0
          20.7892,39.71791,0
          20.78925,39.71788,0
          20.79084,39.71656,0
          20.79087,39.71653,0
          20.79328,39.71454,0
          20.79332,39.71449,0
          20.79473,39.71334,0
          20.79489,39.7132,0
          20.79601,39.71229,0
          20.79617,39.71215,0
          20.79702,39.71146,0
          20.79717,39.71132,0
          20.79733,39.71119,0
          20.79748,39.71105,0
          20.7976,39.71095,0
          20.79781,39.7108,0
          20.79814,39.71054,0
          20.79823,39.71048,0
          20.79848,39.71029,0
          20.79957,39.70951,0
          20.7998,39.70936,0
          20.80052,39.70892,0
          20.80123,39.70845,0
          20.80143,39.70834,0
          20.80151,39.70825,0
          20.80157,39.70822,0
          20.80169,39.70813,0
          20.80173,39.70811,0
          20.80233,39.7077,0
          20.8025,39.70752,0
          20.80249,39.70751,0
          20.80248,39.70751,0
          20.80246,39.70749,0
          20.80246,39.70748,0
          20.80244,39.70746,0
          20.80244,39.70745,0
          20.80243,39.70744,0
          20.80243,39.70736,0
          20.80244,39.70734,0
          20.80244,39.70733,0
          20.80245,39.70732,0
          20.80245,39.70731,0
          20.80251,39.70725,0
          20.80253,39.70725,0
          20.80254,39.70724,0
          20.80256,39.70724,0
          20.80257,39.70723,0
          20.80259,39.70723,0
          20.8026,39.70722,0
          20.80268,39.70722,0
          20.8027,39.70723,0
          20.80273,39.70723,0
          20.80274,39.70724,0
          20.80275,39.70724,0
          20.80307,39.70712,0
          20.80341,39.70697,0
          20.80419,39.70654,0
          20.80608,39.70529,0
          20.80825,39.70395,0
          20.80841,39.70383,0
          20.80857,39.70372,0
          20.8088,39.70349,0
          20.80879,39.70349,0
          20.80878,39.70347,0
          20.80877,39.70346,0
          20.80876,39.70344,0
          20.80875,39.70343,0
          20.80875,39.70341,0
          20.80874,39.7034,0
          20.80874,39.70335,0
          20.80875,39.70332,0
          20.80876,39.7033,0
          20.80877,39.70329,0
          20.80878,39.70327,0
          20.8088,39.70325,0
          20.80882,39.70324,0
          20.80882,39.70323,0
          20.80883,39.70322,0
          20.80885,39.70321,0
          20.80887,39.70321,0
          20.80891,39.70319,0
          20.80893,39.70319,0
          20.80895,39.70318,0
          20.80903,39.70318,0
          20.80905,39.70319,0
          20.80907,39.70319,0
          20.80909,39.7032,0
          20.80911,39.7032,0
          20.80913,39.70321,0
          20.80914,39.70321,0
          20.80945,39.70315,0
          20.80961,39.70303,0
          20.80977,39.70292,0
          20.80993,39.7028,0
          20.81019,39.70263,0
          20.81053,39.70238,0
          20.81061,39.70233,0
          20.8107,39.70226,0
          20.81105,39.70202,0
          20.81174,39.7015,0
          20.81176,39.70148,0
          20.81209,39.70125,0
          20.8123,39.70108,0
          20.81271,39.70072,0
          20.81307,39.70037,0
          20.81319,39.70024,0
          20.81388,39.69957,0
          20.81395,39.69951,0
          20.81409,39.69937,0
          20.81421,39.69926,0
          20.81425,39.69918,0
          20.81498,39.69848,0
          20.81564,39.69781,0
          20.81577,39.69766,0
          20.81591,39.69752,0
          20.81604,39.69737,0
          20.81618,39.69723,0
          20.81631,39.69708,0
          20.81649,39.6969,0
          20.81653,39.69685,0
          20.81677,39.69659,0
          20.81681,39.69654,0
          20.817,39.69635,0
          20.81704,39.69629,0
          20.81831,39.69482,0
          20.81955,39.69343,0
          20.81969,39.6933,0
          20.81989,39.69315,0
          20.81994,39.69312,0
          20.81999,39.6931,0
          20.82019,39.69298,0
          20.82036,39.69289,0
          20.82091,39.69263,0
          20.82112,39.69254,0
          20.8212,39.6925,0
          20.82134,39.69234,0
          20.82136,39.6923,0
          20.82138,39.69227,0
          20.82139,39.69224,0
          20.8214,39.69222,0
          20.8214,39.69212,0
          20.82137,39.69204,0
          20.821,39.69176,0
          20.82084,39.69163,0
          20.82001,39.691,0
          20.81969,39.69074,0
          20.81956,39.69065,0
          20.81911,39.69024,0
          20.81881,39.68995,0
          20.81876,39.68989,0
          20.81868,39.68981,0
          20.81855,39.68966,0
          20.81773,39.68881,0
          20.81772,39.68879,0
          20.81746,39.68851,0
          20.81732,39.68837,0
          20.81719,39.68822,0
          20.81705,39.68808,0
          20.81701,39.68803,0
          20.81691,39.68793,0
          20.81686,39.68787,0
          20.8166,39.68761,0
          20.81558,39.68653,0
          20.81546,39.68639,0
          20.81543,39.68635,0
          20.81527,39.68619,0
          20.81524,39.68617,0
          20.81522,39.68616,0
          20.81519,39.68615,0
          20.81512,39.68611,0
          20.81501,39.68611,0
          20.815,39.6861,0
          20.81498,39.6861,0
          20.81496,39.68609,0
          20.81495,39.68608,0
          20.81493,39.68607,0
          20.81492,39.68606,0
          20.8149,39.68605,0
          20.81486,39.68601,0
          20.81485,39.68599,0
          20.81485,39.68598,0
          20.81484,39.68597,0
          20.81484,39.68589,0
          20.81485,39.68588,0
          20.81485,39.68587,0
          20.81465,39.68571,0
          20.81448,39.6856,0
          20.81447,39.68559,0
          20.81431,39.68549,0
          20.81364,39.68511,0
          20.81098,39.68366,0
          20.81054,39.6835,0
          20.81051,39.68351,0
          20.81049,39.68352,0
          20.81037,39.68352,0
          20.81035,39.68351,0
          20.81034,39.68351,0
          20.8103,39.68349,0
          20.81029,39.68349,0
          20.81027,39.68348,0
          20.81026,39.68347,0
          20.81024,39.68346,0
          20.81022,39.68344,0
          20.81021,39.68342,0
          20.81019,39.6834,0
          20.81019,39.68339,0
          20.81018,39.68337,0
          20.81018,39.68336,0
          20.80957,39.68288,0
          20.80947,39.68276,0
          20.80896,39.68249,0
          20.80772,39.6818,0
          20.8076,39.68174,0
          20.8075,39.68168,0
          20.80734,39.6816,0
          20.80715,39.68149,0
          20.80686,39.68134,0
          20.80677,39.68128,0
          20.80672,39.68126,0
          20.80624,39.68098,0
          20.8062,39.68096,0
          20.80602,39.68085,0
          20.80576,39.68067,0
          20.80568,39.6806,0
          20.80557,39.68052,0
          20.80539,39.68037,0
          20.80536,39.68034,0
          20.80523,39.68019,0
          20.80516,39.68012,0
          20.80487,39.67973,0
          20.80478,39.67956,0
          20.80476,39.67953,0
          20.8047,39.6794,0
          20.8047,39.67939,0
          20.80459,39.67911,0
          20.80458,39.67905,0
          20.80453,39.67888,0
          20.80449,39.67864,0
          20.80449,39.67834,0
          20.8045,39.67811,0
          20.80455,39.6778,0
          20.8046,39.67763,0
          20.80465,39.6775,0
          20.80467,39.67746,0
          20.80471,39.67736,0
          20.80484,39.67712,0
          20.80494,39.67696,0
          20.80495,39.67695,0
          20.80506,39.67681,0
          20.80515,39.67668,0
          20.80532,39.67651,0
          20.80545,39.67636,0
          20.80657,39.67522,0
          20.80659,39.67521,0
          20.80671,39.67507,0
          20.80727,39.6745,0
          20.8074,39.67435,0
          20.80754,39.67421,0
          20.8076,39.67408,0
          20.80819,39.67347,0
          20.80832,39.67332,0
          20.80885,39.67277,0
          20.80885,39.67276,0
          20.80892,39.6727,0
          20.80899,39.67262,0
          20.80946,39.67214,0
          20.80968,39.6719,0
          20.80996,39.67163,0
          20.81003,39.67155,0
          20.8101,39.67149,0
          20.81019,39.67138,0
          20.81052,39.67106,0
          20.81164,39.66991,0
          20.81179,39.66977,0
          20.81219,39.66936,0
          20.81237,39.66923,0
          20.81251,39.66908,0
          20.81318,39.66842,0
          20.81362,39.66802,0
          20.81394,39.66776,0
          20.81462,39.66726,0
          20.81466,39.66724,0
          20.81516,39.66692,0
          20.81535,39.66682,0
          20.81554,39.66671,0
          20.81568,39.66664,0
          20.81573,39.66661,0
          20.8169,39.66601,0
          20.81709,39.6659,0
          20.81878,39.66503,0
          20.8192,39.66478,0
          20.81933,39.66469,0
          20.81946,39.66462,0
          20.81951,39.66458,0
          20.81977,39.66441,0
          20.82003,39.66422,0
          20.8201,39.66416,0
          20.8202,39.66409,0
          20.82029,39.66401,0
          20.82035,39.66395,0
          20.8206,39.66374,0
          20.82094,39.6634,0
          20.82106,39.66324,0
          20.82179,39.66238,0
          20.8218,39.66236,0
          20.82341,39.66046,0
          20.82342,39.66044,0
          20.82388,39.65988,0
          20.82391,39.65983,0
          20.8248,39.65878,0
          20.82492,39.65862,0
          20.82517,39.65832,0
          20.82519,39.65829,0
          20.82557,39.65784,0
          20.8256,39.65776,0
          20.82567,39.65768,0
          20.82591,39.65737,0
          20.82629,39.65692,0
          20.82633,39.65686,0
          20.82641,39.65676,0
          20.82665,39.65649,0
          20.82697,39.65609,0
          20.82698,39.65607,0
          20.82729,39.65572,0
          20.82758,39.65536,0
          20.8276,39.65533,0
          20.82799,39.65487,0
          20.82811,39.65471,0
          20.82837,39.65441,0
          20.82848,39.65427,0
          20.82849,39.65426,0
          20.82856,39.65417,0
          20.82862,39.65411,0
          20.8291,39.65349,0
          20.82923,39.65334,0
          20.82991,39.65247,0
          20.82996,39.65242,0
          20.83,39.65239,0
          20.83048,39.65168,0
          20.83052,39.65163,0
          20.83058,39.65152,0
          20.83062,39.65147,0
          20.8312,39.65049,0
          20.83144,39.65003,0
          20.83147,39.64999,0
          20.83163,39.64965,0
          20.83165,39.64955,0
          20.83169,39.64948,0
          20.83183,39.64914,0
          20.83183,39.64913,0
          20.83191,39.64896,0
          20.83202,39.6487,0
          20.83206,39.64862,0
          20.83213,39.64845,0
          20.83219,39.64828,0
          20.83226,39.64811,0
          20.83231,39.64801,0
          20.83244,39.64766,0
          20.83247,39.6476,0
          20.83276,39.64676,0
          20.83289,39.64645,0
          20.83291,39.64641,0
          20.83315,39.64571,0
          20.83322,39.64554,0
          20.83341,39.64499,0
          20.83347,39.64485,0
          20.83353,39.64467,0
          20.83399,39.64346,0
          20.834,39.64341,0
          20.83406,39.64332,0
          20.83411,39.6432,0
          20.83441,39.64234,0
          20.83455,39.64199,0
          20.8346,39.64182,0
          20.83472,39.64147,0
          20.83486,39.64112,0
          20.83498,39.64078,0
          20.83505,39.64061,0
          20.83517,39.64026,0
          20.83524,39.64009,0
          20.83548,39.6394,0
          20.83549,39.63939,0
          20.83573,39.6387,0
          20.8358,39.63853,0
          20.83592,39.63818,0
          20.83605,39.63785,0
          20.83605,39.63783,0
          20.83611,39.63766,0
          20.83618,39.63749,0
          20.83623,39.63735,0
          20.83624,39.63731,0
          20.83632,39.63708,0
          20.83639,39.63691,0
          20.83651,39.63656,0
          20.83651,39.63648,0
          20.83672,39.63586,0
          20.83677,39.63569,0
          20.83682,39.63556,0
          20.83683,39.63552,0
          20.83689,39.63534,0
          20.83696,39.63517,0
          20.83712,39.63472,0
          20.83713,39.63471,0
          20.83726,39.63436,0
          20.8373,39.63429,0
          20.83737,39.63412,0
          20.83761,39.63361,0
          20.83771,39.63345,0
          20.83772,39.63342,0
          20.8378,39.63329,0
          20.83796,39.633,0
          20.83799,39.63296,0
          20.8382,39.63263,0
          20.83842,39.63231,0
          20.83854,39.63216,0
          20.83865,39.632,0
          20.83902,39.63154,0
          20.83925,39.63127,0
          20.83992,39.63062,0
          20.84003,39.63055,0
          20.84007,39.63051,0
          20.84023,39.63038,0
          20.84083,39.62983,0
          20.84099,39.6297,0
          20.84106,39.62963,0
          20.84129,39.62943,0
          20.84135,39.62937,0
          20.84149,39.62926,0
          20.84237,39.62848,0
          20.84253,39.62835,0
          20.84283,39.62807,0
          20.84298,39.62794,0
          20.84303,39.62789,0
          20.84339,39.62759,0
          20.84345,39.62753,0
          20.84412,39.62692,0
          20.84419,39.62684,0
          20.84421,39.62683,0
          20.84434,39.6267,0
          20.84474,39.62626,0
          20.84513,39.62581,0
          20.84548,39.62531,0
          20.84558,39.62519,0
          20.84589,39.62476,0
          20.84641,39.6242,0
          20.84683,39.6239,0
          20.84698,39.62382,0
          20.84722,39.62372,0
          20.84782,39.62353,0
          20.84828,39.62346,0
          20.84842,39.62346,0
          20.84853,39.62345,0
          20.849,39.62348,0
          20.84941,39.62349,0
          20.84995,39.62353,0
          20.85093,39.62357,0
          20.85131,39.62355,0
          20.85143,39.62352,0
          20.85159,39.62347,0
          20.85184,39.62337,0
          20.85249,39.62304,0
          20.85295,39.62285,0
          20.85315,39.62278,0
          20.85347,39.62265,0
          20.85383,39.62254,0
          20.8545,39.62238,0
          20.85472,39.62232,0
          20.85554,39.62213,0
          20.85576,39.62207,0
          20.85642,39.62193,0
          20.85643,39.62192,0
          20.85657,39.6219,0
          20.85666,39.6219,0
          20.85666,39.62189,0
          20.85736,39.62189,0
          20.85743,39.6219,0
          20.85868,39.62201,0
          20.85887,39.62204,0
          20.859,39.62205,0
          20.85932,39.62212,0
          20.85934,39.62212,0
          20.85936,39.62213,0
          20.85976,39.62224,0
          20.85978,39.62224,0
          20.86043,39.62241,0
          20.86059,39.62243,0
          20.86062,39.62243,0
          20.86086,39.62249,0
          20.8609,39.62245,0
          20.86093,39.62243,0
          20.86099,39.62223,0
          20.86111,39.62172,0
          20.86116,39.62155,0
          20.8614,39.62054,0
          20.86145,39.62037,0
          20.86157,39.61986,0
          20.86159,39.6198,0
          20.86175,39.6191,0
          20.86175,39.61909,0
          20.86183,39.61874,0
          20.86184,39.61871,0
          20.86186,39.61855,0
          20.86187,39.61851,0
          20.86194,39.61795,0
          20.86194,39.61784,0
          20.86193,39.61777,0
          20.86189,39.61705,0
          20.86187,39.6169,0
          20.86183,39.61672,0
          20.8618,39.61654,0
          20.86176,39.61636,0
          20.86174,39.61629,0
          20.86173,39.61619,0
          20.86169,39.61601,0
          20.86166,39.61583,0
          20.86157,39.61541,0
          20.86154,39.61523,0
          20.86144,39.61478,0
          20.86141,39.6146,0
          20.86137,39.61442,0
          20.86136,39.61435,0
          20.86133,39.61388,0
          20.86131,39.6137,0
          20.8613,39.61352,0
          20.86129,39.61344,0
          20.86129,39.61334,0
          20.86128,39.61321,0
          20.86128,39.61303,0
          20.86126,39.61267,0
          20.86126,39.61249,0
          20.86125,39.61231,0
          20.86125,39.61223,0
          20.86124,39.61205,0
          20.86124,39.6116,0
          20.86123,39.61138,0
          20.86122,39.6113,0
          20.86122,39.61116,0
          20.86121,39.61106,0
          20.86121,39.61094,0
          20.8612,39.61076,0
          20.86118,39.61057,0
          20.86117,39.6104,0
          20.86115,39.61022,0
          20.86114,39.61004,0
          20.86111,39.60986,0
          20.8611,39.60975,0
          20.86107,39.60957,0
          20.86106,39.60946,0
          20.86098,39.60894,0
          20.86097,39.60876,0
          20.86095,39.60858,0
          20.86093,39.60827,0
          20.86092,39.60822,0
          20.8609,39.60786,0
          20.8609,39.6075,0
          20.86091,39.60732,0
          20.86093,39.60715,0
          20.86093,39.60706,0
          20.86097,39.60665,0
          20.86103,39.6063,0
          20.86103,39.60625,0
          20.86111,39.60594,0
          20.86131,39.60506,0
          20.86132,39.60505,0
          20.8614,39.60469,0
          20.8614,39.60466,0
          20.86144,39.60452,0
          20.86148,39.60434,0
          20.86148,39.60432,0
          20.86151,39.60424,0
          20.86168,39.60345,0
          20.86171,39.60328,0
          20.86183,39.60274,0
          20.86186,39.60257,0
          20.86189,39.60244,0
          20.86191,39.60213,0
          20.86192,39.60208,0
          20.86193,39.60179,0
          20.86194,39.60173,0
          20.86195,39.60172,0
          20.86196,39.60155,0
          20.86196,39.60137,0
          20.86198,39.60101,0
          20.86198,39.60094,0
          20.86204,39.59993,0
          20.86206,39.59975,0
          20.86208,39.59947,0
          20.86208,39.59939,0
          20.8621,39.59903,0
          20.8621,39.59885,0
          20.86215,39.59795,0
          20.86215,39.59777,0
          20.86216,39.5977,0
          20.86216,39.59727,0
          20.86217,39.59724,0
          20.86217,39.59708,0
          20.86215,39.59664,0
          20.86214,39.59664,0
          20.86214,39.59662,0
          20.86213,39.59661,0
          20.86213,39.59655,0
          20.86214,39.59654,0
          20.86214,39.59653,0
          20.86216,39.59651,0
          20.86216,39.59649,0
          20.86217,39.59648,0
          20.86219,39.59645,0
          20.86219,39.5964,0
          20.8622,39.59635,0
          20.86223,39.59612,0
          20.86224,39.59593,0
          20.86223,39.59573,0
          20.8622,39.59564,0
          20.86214,39.59553,0
          20.86211,39.59549,0
          20.86203,39.5954,0
          20.86203,39.59538,0
          20.86202,39.59537,0
          20.86202,39.59532,0
          20.86203,39.5953,0
          20.86203,39.59528,0
          20.86204,39.59527,0
          20.86205,39.59525,0
          20.86206,39.59524,0
          20.86207,39.59522,0
          20.86208,39.59521,0
          20.8621,39.5952,0
          20.86211,39.59519,0
          20.86221,39.59503,0
          20.86223,39.59497,0
          20.86225,39.59488,0
          20.86224,39.59475,0
          20.86224,39.59439,0
          20.86222,39.59403,0
          20.86221,39.59398,0
          20.86219,39.59365,0
          20.86217,39.59345,0
          20.86207,39.59286,0
          20.86205,39.59268,0
          20.86199,39.59232,0
          20.86197,39.59215,0
          20.86196,39.59215,0
          20.86194,39.59196,0
          20.86192,39.59187,0
          20.86189,39.59164,0
          20.86189,39.59161,0
          20.86186,39.59143,0
          20.86183,39.59118,0
          20.86183,39.59116,0
          20.86181,39.59107,0
          20.86179,39.59089,0
          20.86178,39.59084,0
          20.86177,39.59076,0
          20.86177,39.59071,0
          20.86175,39.59053,0
          20.86173,39.59017,0
          20.86173,39.59009,0
          20.86174,39.58999,0
          20.86174,39.58957,0
          20.86175,39.58942,0
          20.86175,39.58933,0
          20.86173,39.58922,0
          20.86172,39.58922,0
          20.86171,39.58921,0
          20.8617,39.58921,0
          20.86168,39.58919,0
          20.86167,39.58919,0
          20.86167,39.58918,0
          20.86166,39.58917,0
          20.86166,39.58916,0
          20.86164,39.58914,0
          20.86164,39.58906,0
          20.86165,39.58905,0
          20.86165,39.58904,0
          20.86166,39.58903,0
          20.86166,39.58902,0
          20.86167,39.58902,0
          20.86169,39.589,0
          20.86177,39.58885,0
          20.86178,39.58882,0
          20.86179,39.5888,0
          20.8618,39.58877,0
          20.8618,39.58874,0
          20.86197,39.58785,0
          20.86198,39.58776,0
          20.86198,39.58774,0
          20.86197,39.58772,0
          20.86197,39.5877,0
          20.86193,39.58763,0
          20.86191,39.58762,0
          20.8619,39.58761,0
          20.8619,39.5876,0
          20.86189,39.58759,0
          20.86189,39.58758,0
          20.86188,39.58757,0
          20.86188,39.58755,0
          20.86187,39.58754,0
          20.86187,39.58751,0
          20.86188,39.5875,0
          20.86188,39.58748,0
          20.86189,39.58747,0
          20.86189,39.58746,0
          20.86192,39.58743,0
          20.86192,39.58742,0
          20.86193,39.58742,0
          20.86195,39.5874,0
          20.86196,39.5874,0
          20.86198,39.58739,0
          20.8621,39.58717,0
          20.86235,39.58555,0
          20.86238,39.58528,0
          20.86238,39.58523,0
          20.86242,39.58492,0
          20.86248,39.58456,0
          20.8625,39.58439,0
          20.86257,39.58395,0
          20.86259,39.58377,0
          20.86265,39.58342,0
          20.86267,39.58324,0
          20.86298,39.5814,0
          20.8631,39.58032,0
          20.86312,39.58023,0
          20.86334,39.57826,0
          20.86335,39.57812,0
          20.86365,39.57547,0
          20.86368,39.57529,0
          20.8637,39.57511,0
          20.86388,39.57407,0
          20.86388,39.57404,0
          20.86398,39.57356,0
          20.86399,39.57353,0
          20.86399,39.5735,0
          20.86422,39.57212,0
          20.86426,39.57194,0
          20.86429,39.57176,0
          20.8643,39.57167,0
          20.86432,39.57159,0
          20.86439,39.57121,0
          20.86448,39.57091,0
          20.86459,39.57021,0
          20.86467,39.56987,0
          20.86465,39.56972,0
          20.86474,39.56933,0
          20.86479,39.56918,0
          20.86487,39.5689,0
          20.86488,39.56884,0
          20.86494,39.56867,0
          20.86503,39.56838,0
          20.86525,39.56779,0
          20.86551,39.56693,0
          20.86596,39.56502,0
          20.86668,39.56171,0
          20.8667,39.56158,0
          20.86674,39.56147,0
          20.86682,39.56115,0
          20.86683,39.56109,0
          20.86686,39.56097,0
          20.8669,39.56084,0
          20.86692,39.5608,0
          20.86696,39.56068,0
          20.86698,39.56065,0
          20.86699,39.56062,0
          20.86744,39.55992,0
          20.86761,39.55961,0
          20.86757,39.55955,0
          20.86757,39.55949,0
          20.86761,39.55943,0
          20.86763,39.55941,0
          20.86764,39.55941,0
          20.86767,39.55939,0
          20.86768,39.55939,0
          20.86791,39.55899,0
          20.86807,39.55874,0
          20.86822,39.55848,0
          20.86827,39.55841,0
          20.86832,39.55833,0
          20.86841,39.55823,0
          20.86862,39.55784,0
          20.86872,39.55768,0
          20.86898,39.55721,0
          20.869,39.55719,0
          20.86902,39.55714,0
          20.86937,39.55653,0
          20.86941,39.55645,0
          20.86961,39.55613,0
          20.8698,39.5558,0
          20.86983,39.55576,0
          20.86993,39.5556,0
          20.87001,39.5555,0
          20.87004,39.55544,0
          20.87016,39.55529,0
          20.87027,39.55513,0
          20.87051,39.55482,0
          20.87073,39.5545,0
          20.87085,39.55435,0
          20.87098,39.55416,0
          20.87108,39.55404,0
          20.87125,39.55381,0
          20.87131,39.55372,0
          20.87143,39.55357,0
          20.87149,39.55348,0
          20.87161,39.55332,0
          20.87183,39.553,0
          20.87206,39.55269,0
          20.87269,39.55178,0
          20.873,39.55129,0
          20.87309,39.55113,0
          20.87319,39.55097,0
          20.8736,39.55022,0
          20.87371,39.54999,0
          20.8738,39.54983,0
          20.87381,39.54983,0
          20.87444,39.54867,0
          20.87447,39.54863,0
          20.87449,39.54858,0
          20.87453,39.5485,0
          20.87466,39.54827,0
          20.87497,39.54767,0
          20.87529,39.54699,0
          20.87571,39.54596,0
          20.87577,39.54579,0
          20.87591,39.54545,0
          20.87627,39.5444,0
          20.87633,39.54418,0
          20.87682,39.54288,0
          20.87684,39.54281,0
          20.87697,39.54245,0
          20.87704,39.54228,0
          20.87723,39.54176,0
          20.8773,39.54159,0
          20.87736,39.54142,0
          20.8775,39.54107,0
          20.87769,39.54055,0
          20.87776,39.54038,0
          20.87795,39.53986,0
          20.87802,39.53969,0
          20.87804,39.53962,0
          20.87808,39.53952,0
          20.87837,39.53864,0
          20.87838,39.5386,0
          20.87839,39.53859,0
          20.87856,39.53794,0
          20.8786,39.53776,0
          20.87871,39.53738,0
          20.87869,39.5372,0
          20.87868,39.53716,0
          20.87866,39.53714,0
          20.87863,39.53713,0
          20.87855,39.53705,0
          20.87854,39.53702,0
          20.87853,39.537,0
          20.87853,39.53697,0
          20.87852,39.53695,0
          20.87837,39.53688,0
          20.87788,39.53677,0
          20.87786,39.53676,0
          20.87774,39.53673,0
          20.87762,39.53669,0
          20.8776,39.53669,0
          20.87751,39.53665,0
          20.87726,39.53656,0
          20.87719,39.53652,0
          20.87675,39.53631,0
          20.8767,39.53628,0
          20.87562,39.53572,0
          20.87557,39.53568,0
          20.87526,39.53553,0
          20.87487,39.53532,0
          20.87418,39.53497,0
          20.87405,39.53489,0
          20.8736,39.53469,0
          20.87337,39.5346,0
          20.87318,39.53454,0
          20.87272,39.53442,0
          20.87249,39.53437,0
          20.87234,39.53433,0
          20.87227,39.5343,0
          20.87221,39.53429,0
          20.8721,39.53425,0
          20.87191,39.53416,0
          20.87179,39.53409,0
          20.87168,39.534,0
          20.87149,39.53381,0
          20.87142,39.53372,0
          20.87138,39.53365,0
          20.87132,39.53351,0
          20.87131,39.53346,0
          20.87127,39.53332,0
          20.87127,39.53327,0
          20.87126,39.53322,0
          20.87126,39.53315,0
          20.87127,39.53307,0
          20.87132,39.53285,0
          20.87139,39.53269,0
          20.87153,39.5325,0
          20.87159,39.53243,0
          20.87182,39.53226,0
          20.8719,39.53221,0
          20.87199,39.53217,0
          20.87206,39.53213,0
          20.87222,39.53208,0
          20.87227,39.53206,0
          20.87233,39.53205,0
          20.87249,39.53201,0
          20.8726,39.53199,0
          20.8727,39.53198,0
          20.87284,39.53198,0
          20.87297,39.53197,0
          20.8731,39.53197,0
          20.87322,39.53196,0
          20.87331,39.53196,0
          20.87354,39.53193,0
          20.87377,39.53187,0
          20.87392,39.53182,0
          20.87407,39.53174,0
          20.87415,39.53169,0
          20.87429,39.53159,0
          20.87436,39.53155,0
          20.8751,39.53095,0
          20.87535,39.53073,0
          20.8754,39.5307,0
          20.87546,39.53067,0
          20.87554,39.53064,0
          20.87617,39.53004,0
          20.87672,39.52945,0
          20.87698,39.52915,0
          20.87708,39.52902,0
          20.87732,39.52874,0
          20.87771,39.52823,0
          20.87802,39.52779,0
          20.87821,39.5275,0
          20.87854,39.52695,0
          20.87863,39.52678,0
          20.87873,39.52662,0
          20.8789,39.5263,0
          20.87906,39.52595,0
          20.87913,39.52582,0
          20.87914,39.52578,0
          20.87921,39.52561,0
          20.87929,39.52544,0
          20.8794,39.52517,0
          20.87963,39.52467,0
          20.88041,39.52279,0
          20.88045,39.52268,0
          20.88047,39.52265,0
          20.88052,39.52251,0
          20.88053,39.5225,0
          20.8806,39.52232,0
          20.88076,39.52196,0
          20.8809,39.5216,0
          20.88093,39.52154,0
          20.88097,39.52143,0
          20.88111,39.5211,0
          20.8813,39.52061,0
          20.88131,39.5206,0
          20.88133,39.52054,0
          20.88163,39.51997,0
          20.88212,39.51917,0
          20.88258,39.51858,0
          20.88272,39.51844,0
          20.88291,39.51822,0
          20.88313,39.51799,0
          20.88344,39.51773,0
          20.88347,39.5177,0
          20.88376,39.51747,0
          20.88402,39.51725,0
          20.88408,39.51721,0
          20.88424,39.51708,0
          20.88441,39.51696,0
          20.88491,39.51658,0
          20.88526,39.51634,0
          20.88544,39.51623,0
          20.88587,39.51594,0
          20.88609,39.51578,0
          20.88614,39.51575,0
          20.88645,39.51548,0
          20.88677,39.51522,0
          20.88703,39.51492,0
          20.88709,39.51486,0
          20.88716,39.51477,0
          20.88725,39.51467,0
          20.88752,39.51431,0
          20.88763,39.51415,0
          20.88767,39.51408,0
          20.88784,39.51383,0
          20.88794,39.51367,0
          20.88795,39.51366,0
          20.88804,39.51353,0
          20.88811,39.51339,0
          20.88813,39.51334,0
          20.88816,39.51328,0
          20.88826,39.51299,0
          20.88831,39.51282,0
          20.8884,39.51257,0
          20.8884,39.51256,0
          20.88842,39.51247,0
          20.88848,39.51226,0
          20.88848,39.51221,0
          20.88852,39.51204,0
          20.88853,39.51194,0
          20.88857,39.51176,0
          20.88857,39.51173,0
          20.88859,39.51158,0
          20.88859,39.5114,0
          20.8886,39.51122,0
          20.8886,39.51068,0
          20.88861,39.5105,0
          20.88861,39.50978,0
          20.88862,39.5096,0
          20.88862,39.50924,0
          20.88865,39.5087,0
          20.88865,39.50851,0
          20.88871,39.50817,0
          20.88873,39.50799,0
          20.88877,39.50776,0
          20.88896,39.50716,0
          20.8893,39.50639,0
          20.88931,39.50636,0
          20.88939,39.50619,0
          20.88964,39.50559,0
          20.88972,39.50542,0
          20.88993,39.50491,0
          20.89009,39.50444,0
          20.8901,39.50438,0
          20.89022,39.50385,0
          20.89025,39.50367,0
          20.89028,39.50356,0
          20.89028,39.50349,0
          20.89031,39.50332,0
          20.89032,39.50322,0
          20.89034,39.50273,0
          20.89033,39.5026,0
          20.89033,39.50242,0
          20.89032,39.50222,0
          20.89026,39.5017,0
          20.89026,39.50166,0
          20.89015,39.50118,0
          20.89014,39.50117,0
          20.88999,39.50064,0
          20.88992,39.50047,0
          20.88985,39.50027,0
          20.88936,39.49929,0
          20.88926,39.49907,0
          20.88889,39.49835,0
          20.88879,39.49811,0
          20.88871,39.49794,0
          20.88864,39.49777,0
          20.8884,39.49707,0
          20.88833,39.49673,0
          20.88832,39.49664,0
          20.8883,39.49655,0
          20.88828,39.49637,0
          20.88825,39.49619,0
          20.88823,39.49601,0
          20.88821,39.49573,0
          20.88822,39.49567,0
          20.88822,39.49544,0
          20.88823,39.4954,0
          20.88823,39.49479,0
          20.88824,39.49475,0
          20.8883,39.49424,0
          20.8883,39.49422,0
          20.88837,39.49389,0
          20.88838,39.49387,0
          20.88838,39.49384,0
          20.88855,39.49334,0
          20.88862,39.49317,0
          20.88869,39.49297,0
          20.88874,39.49285,0
          20.88906,39.49218,0
          20.88907,39.49215,0
          20.8895,39.49134,0
          20.8895,39.49132,0
          20.88959,39.49118,0
          20.88959,39.49116,0
          20.88968,39.49099,0
          20.88978,39.49083,0
          20.88996,39.4905,0
          20.89005,39.49035,0
          20.89005,39.49033,0
          20.89014,39.49018,0
          20.89015,39.49017,0
          20.89023,39.49002,0
          20.89024,39.49001,0
          20.89032,39.48985,0
          20.89033,39.48984,0
          20.89042,39.48969,0
          20.89042,39.48968,0
          20.89051,39.48952,0
          20.89052,39.48951,0
          20.8907,39.48918,0
          20.89079,39.48903,0
          20.89079,39.48902,0
          20.89088,39.48885,0
          20.89097,39.4887,0
          20.89098,39.48869,0
          20.89106,39.48852,0
          20.89124,39.48819,0
          20.89132,39.48802,0
          20.89135,39.48798,0
          20.89168,39.48739,0
          20.89219,39.48631,0
          20.89235,39.48584,0
          20.89235,39.48583,0
          20.89247,39.48549,0
          20.89252,39.48531,0
          20.89258,39.48514,0
          20.89262,39.48496,0
          20.89265,39.48478,0
          20.89291,39.48363,0
          20.89292,39.48355,0
          20.89296,39.48339,0
          20.89296,39.48337,0
          20.893,39.48314,0
          20.89307,39.48248,0
          20.89313,39.48212,0
          20.89317,39.48194,0
          20.8932,39.48177,0
          20.89323,39.48165,0
          20.89331,39.48142,0
          20.89338,39.48125,0
          20.8935,39.4809,0
          20.89357,39.48073,0
          20.89357,39.48072,0
          20.89361,39.48062,0
          20.89372,39.48039,0
          20.89379,39.48022,0
          20.89382,39.48017,0
          20.89386,39.48005,0
          20.89387,39.48003,0
          20.89406,39.47953,0
          20.89407,39.47949,0
          20.89409,39.47945,0
          20.8941,39.47941,0
          20.89419,39.47919,0
          20.89425,39.47901,0
          20.89437,39.47871,0
          20.89438,39.47867,0
          20.8945,39.47837,0
          20.89451,39.47832,0
          20.89455,39.47819,0
          20.89464,39.47779,0
          20.89468,39.47765,0
          20.89468,39.47762,0
          20.89472,39.47744,0
          20.89478,39.47708,0
          20.89481,39.47695,0
          20.89481,39.47693,0
          20.89482,39.4769,0
          20.89482,39.47682,0
          20.89483,39.47678,0
          20.89483,39.47673,0
          20.89486,39.47641,0
          20.89486,39.47637,0
          20.89488,39.47619,0
          20.89489,39.47601,0
          20.89493,39.47565,0
          20.89494,39.47547,0
          20.89498,39.47511,0
          20.89498,39.47507,0
          20.89503,39.47457,0
          20.89503,39.47453,0
          20.89506,39.47439,0
          20.89512,39.47404,0
          20.89516,39.47386,0
          20.89519,39.47368,0
          20.89527,39.47333,0
          20.8953,39.47315,0
          20.89542,39.4728,0
          20.89547,39.47263,0
          20.89565,39.4721,0
          20.89572,39.47193,0
          20.89588,39.47159,0
          20.89597,39.47142,0
          20.89611,39.47111,0
          20.89613,39.47108,0
          20.89634,39.47069,0
          20.89641,39.47058,0
          20.8965,39.47041,0
          20.89667,39.47013,0
          20.89669,39.47008,0
          20.89679,39.46992,0
          20.89733,39.46893,0
          20.89738,39.46885,0
          20.8975,39.46861,0
          20.8975,39.4686,0
          20.89785,39.46775,0
          20.89799,39.46722,0
          20.89802,39.46708,0
          20.89803,39.46705,0
          20.89805,39.46687,0
          20.89816,39.46618,0
          20.89816,39.46615,0
          20.89817,39.46608,0
          20.8982,39.46569,0
          20.89819,39.46561,0
          20.89815,39.4649,0
          20.8981,39.46446,0
          20.89804,39.46418,0
          20.89799,39.46401,0
          20.89798,39.46393,0
          20.89795,39.46383,0
          20.8979,39.4636,0
          20.89786,39.46348,0
          20.89774,39.46305,0
          20.8977,39.46295,0
          20.8976,39.4626,0
          20.89754,39.46242,0
          20.89739,39.4619,0
          20.89733,39.46172,0
          20.89723,39.46137,0
          20.89719,39.46126,0
          20.89718,39.46121,0
          20.89717,39.4612,0
          20.89702,39.46067,0
          20.89696,39.4605,0
          20.89691,39.46033,0
          20.89691,39.46032,0
          20.89683,39.45997,0
          20.89682,39.4599,0
          20.89681,39.4599,0
          20.89681,39.45985,0
          20.8968,39.45979,0
          20.89678,39.45973,0
          20.89678,39.45972,0
          20.89673,39.45943,0
          20.89671,39.45927,0
          20.8967,39.45926,0
          20.89669,39.45908,0
          20.89669,39.459,0
          20.89666,39.45854,0
          20.89665,39.4585,0
          20.89665,39.458,0
          20.89666,39.45782,0
          20.89668,39.45764,0
          20.89668,39.45757,0
          20.89669,39.45746,0
          20.89669,39.45742,0
          20.89672,39.45728,0
          20.89678,39.45692,0
          20.89679,39.45681,0
          20.89681,39.45674,0
          20.89682,39.45667,0
          20.89686,39.45649,0
          20.89691,39.45621,0
          20.89692,39.45617,0
          20.8972,39.45538,0
          20.89722,39.45534,0
          20.89746,39.45475,0
          20.89787,39.45402,0
          20.89789,39.454,0
          20.89809,39.45368,0
          20.8982,39.45352,0
          20.89823,39.45346,0
          20.89843,39.45321,0
          20.89856,39.45306,0
          20.89883,39.45271,0
          20.89894,39.45261,0
          20.89957,39.45198,0
          20.89966,39.4519,0
          20.90006,39.45158,0
          20.90018,39.45147,0
          20.90066,39.45108,0
          20.90081,39.45094,0
          20.90094,39.45084,0
          20.90097,39.45081,0
          20.90174,39.45014,0
          20.9019,39.45001,0
          20.90205,39.44987,0
          20.90221,39.44974,0
          20.90236,39.4496,0
          20.90252,39.44947,0
          20.90281,39.44919,0
          20.90294,39.44904,0
          20.90322,39.44875,0
          20.90327,39.44868,0
          20.90349,39.44846,0
          20.90359,39.44835,0
          20.90362,39.44831,0
          20.90372,39.44815,0
          20.90416,39.44751,0
          20.9042,39.44744,0
          20.90437,39.44719,0
          20.90439,39.44717,0
          20.90446,39.44702,0
          20.90455,39.44686,0
          20.90463,39.44669,0
          20.90481,39.44636,0
          20.90487,39.44618,0
          20.90494,39.44601,0
          20.90514,39.44546,0
          20.90532,39.44465,0
          20.90537,39.44448,0
          20.90541,39.44421,0
          20.90547,39.44332,0
          20.90547,39.44246,0
          20.90546,39.44218,0
          20.90541,39.43688,0
          20.9054,39.4367,0
          20.9054,39.43571,0
          20.90539,39.43554,0
          20.90539,39.43507,0
          20.90538,39.43479,0
          20.90538,39.43409,0
          20.90537,39.43374,0
          20.90537,39.43298,0
          20.90536,39.43266,0
          20.90536,39.43214,0
          20.90534,39.43137,0
          20.90533,39.43126,0
          20.90533,39.4309,0
          20.90532,39.43072,0
          20.90532,39.43054,0
          20.90531,39.43036,0
          20.90531,39.43018,0
          20.9053,39.43,0
          20.9053,39.42964,0
          20.90529,39.42946,0
          20.90529,39.42928,0
          20.90528,39.4291,0
          20.90528,39.42767,0
          20.90529,39.42749,0
          20.90529,39.42724,0
          20.90527,39.42713,0
          20.90525,39.42696,0
          20.90522,39.42678,0
          20.90522,39.42673,0
          20.90514,39.42634,0
          20.90514,39.4263,0
          20.90511,39.42615,0
          20.90511,39.42612,0
          20.9051,39.42607,0
          20.90509,39.4259,0
          20.90505,39.42554,0
          20.90503,39.42518,0
          20.90503,39.42501,0
          20.90502,39.42493,0
          20.90505,39.42466,0
          20.90505,39.42394,0
          20.90504,39.42381,0
          20.90504,39.42376,0
          20.90502,39.42365,0
          20.90501,39.42355,0
          20.905,39.42351,0
          20.90494,39.42312,0
          20.90493,39.423,0
          20.90491,39.42291,0
          20.90488,39.42273,0
          20.90486,39.42256,0
          20.90477,39.42203,0
          20.90475,39.42185,0
          20.90473,39.42173,0
          20.90471,39.42167,0
          20.90463,39.42132,0
          20.90462,39.42129,0
          20.90461,39.42127,0
          20.90457,39.42111,0
          20.90457,39.42109,0
          20.9045,39.42082,0
          20.9045,39.4208,0
          20.90448,39.42074,0
          20.90446,39.42062,0
          20.90438,39.42027,0
          20.90435,39.42009,0
          20.90423,39.41957,0
          20.9042,39.41939,0
          20.90412,39.41906,0
          20.90409,39.41889,0
          20.90401,39.41855,0
          20.904,39.41849,0
          20.90377,39.41746,0
          20.90374,39.41728,0
          20.90363,39.41676,0
          20.90363,39.41673,0
          20.90345,39.41562,0
          20.90333,39.41458,0
          20.90331,39.41428,0
          20.90329,39.4141,0
          20.90326,39.41356,0
          20.90324,39.41338,0
          20.90324,39.41302,0
          20.90323,39.41284,0
          20.90323,39.41266,0
          20.90325,39.41248,0
          20.90324,39.41222,0
          20.90324,39.41135,0
          20.90328,39.41054,0
          20.90328,39.41038,0
          20.9033,39.41005,0
          20.90332,39.40989,0
          20.90332,39.4098,0
          20.90333,39.40972,0
          20.90333,39.40968,0
          20.90336,39.4094,0
          20.90337,39.40924,0
          20.90351,39.40809,0
          20.90366,39.40715,0
          20.90381,39.40637,0
          20.90401,39.40546,0
          20.90459,39.40323,0
          20.90461,39.40319,0
          20.90462,39.40314,0
          20.90571,39.39898,0
          20.90598,39.39802,0
          20.90652,39.39596,0
          20.90657,39.3958,0
          20.90661,39.39564,0
          20.90669,39.39539,0
          20.9068,39.395,0
          20.90708,39.39422,0
          20.90726,39.39376,0
          20.90776,39.39269,0
          20.90895,39.39042,0
          20.90901,39.39032,0
          20.90909,39.39016,0
          20.90909,39.39015,0
          20.90912,39.3901,0
          20.90916,39.38999,0
          20.90916,39.38998,0
          20.90965,39.38878,0
          20.90971,39.3886,0
          20.90973,39.38858,0
          20.90997,39.38791,0
          20.90998,39.38789,0
          20.91012,39.38738,0
          20.91016,39.38727,0
          20.9102,39.38703,0
          20.91025,39.38679,0
          20.91025,39.38678,0
          20.91036,39.38632,0
          20.91037,39.38626,0
          20.91044,39.38597,0
          20.91044,39.38596,0
          20.91048,39.38579,0
          20.91048,39.38578,0
          20.91052,39.38561,0
          20.91053,39.38561,0
          20.91069,39.3849,0
          20.9107,39.38484,0
          20.91073,39.38472,0
          20.91074,39.38466,0
          20.91113,39.38295,0
          20.91113,39.38294,0
          20.91121,39.38259,0
          20.91123,39.38254,0
          20.91125,39.38241,0
          20.91129,39.38224,0
          20.9113,39.38223,0
          20.91133,39.38206,0
          20.91134,39.38206,0
          20.91136,39.38195,0
          20.91138,39.38188,0
          20.91142,39.3817,0
          20.91152,39.38135,0
          20.91156,39.38117,0
          20.91157,39.38116,0
          20.91167,39.38082,0
          20.91173,39.38065,0
          20.91178,39.38047,0
          20.9118,39.38043,0
          20.91189,39.38012,0
          20.91191,39.38008,0
          20.91196,39.37995,0
          20.91197,39.3799,0
          20.91202,39.37978,0
          20.91202,39.37977,0
          20.91203,39.37973,0
          20.91207,39.37964,0
          20.91208,39.3796,0
          20.9121,39.37956,0
          20.91215,39.37943,0
          20.91216,39.37943,0
          20.91217,39.37939,0
          20.91225,39.37922,0
          20.9123,39.37909,0
          20.91238,39.37892,0
          20.91245,39.37875,0
          20.91254,39.37858,0
          20.91262,39.37841,0
          20.91263,39.3784,0
          20.91271,39.37824,0
          20.91281,39.37808,0
          20.9129,39.37791,0
          20.91292,39.37788,0
          20.91308,39.37758,0
          20.9131,39.37755,0
          20.91313,39.37749,0
          20.91318,39.37742,0
          20.9132,39.37738,0
          20.91328,39.37726,0
          20.91328,39.37725,0
          20.91346,39.37695,0
          20.91348,39.37693,0
          20.91359,39.37677,0
          20.91371,39.37662,0
          20.91382,39.37646,0
          20.91394,39.3763,0
          20.91407,39.37611,0
          20.91417,39.37599,0
          20.9143,39.3758,0
          20.91433,39.37577,0
          20.9144,39.37568,0
          20.91443,39.37565,0
          20.91466,39.37537,0
          20.91467,39.37535,0
          20.9149,39.37507,0
          20.91491,39.37505,0
          20.9153,39.37463,0
          20.91531,39.37463,0
          20.91548,39.37446,0
          20.91549,39.37444,0
          20.91559,39.37434,0
          20.91562,39.37432,0
          20.91573,39.3742,0
          20.91743,39.37248,0
          20.91756,39.37233,0
          20.91866,39.3712,0
          20.91867,39.3712,0
          20.91879,39.37105,0
          20.91892,39.37091,0
          20.91936,39.3704,0
          20.91954,39.37014,0
          20.91964,39.36998,0
          20.91994,39.36955,0
          20.92012,39.36916,0
          20.92016,39.36906,0
          20.92018,39.36903,0
          20.92024,39.36889,0
          20.92024,39.36888,0
          20.92026,39.36884,0
          20.92046,39.36824,0
          20.92048,39.36819,0
          20.92068,39.36749,0
          20.92071,39.36731,0
          20.92077,39.3668,0
          20.92081,39.36611,0
          20.92081,39.36605,0
          20.92079,39.36587,0
          20.92078,39.36569,0
          20.92075,39.36537,0
          20.92074,39.36533,0
          20.92065,39.3648,0
          20.92061,39.36462,0
          20.92058,39.36444,0
          20.92056,39.36426,0
          20.92053,39.36409,0
          20.92049,39.36376,0
          20.92048,39.36373,0
          20.92045,39.36355,0
          20.92045,39.36353,0
          20.92041,39.36336,0
          20.92041,39.36335,0
          20.92038,39.36317,0
          20.92036,39.36286,0
          20.92036,39.36262,0
          20.9204,39.36212,0
          20.92049,39.36158,0
          20.92058,39.36122,0
          20.9207,39.36091,0
          20.92071,39.36086,0
          20.92087,39.36051,0
          20.921,39.36019,0
          20.92118,39.35982,0
          20.92125,39.35965,0
          20.92139,39.35935,0
          20.92159,39.35887,0
          20.92169,39.35856,0
          20.9218,39.35805,0
          20.92183,39.35786,0
          20.92187,39.35746,0
          20.92187,39.35728,0
          20.92186,39.3571,0
          20.92186,39.35692,0
          20.92185,39.35684,0
          20.92185,39.35681,0
          20.92184,39.35674,0
          20.92183,39.35656,0
          20.92181,39.35638,0
          20.92178,39.3562,0
          20.9217,39.35585,0
          20.92167,39.35567,0
          20.92163,39.35549,0
          20.9216,39.35531,0
          20.92156,39.35514,0
          20.92156,39.35512,0
          20.92142,39.35461,0
          20.92138,39.35443,0
          20.92128,39.35408,0
          20.92124,39.3539,0
          20.92114,39.35355,0
          20.9211,39.35337,0
          20.921,39.35302,0
          20.92098,39.35284,0
          20.92095,39.35267,0
          20.92093,39.35248,0
          20.92092,39.35231,0
          20.92092,39.35195,0
          20.92094,39.35159,0
          20.92096,39.3514,0
          20.92104,39.35105,0
          20.92118,39.35057,0
          20.92128,39.35036,0
          20.92135,39.35019,0
          20.92159,39.34968,0
          20.92164,39.34955,0
          20.92202,39.34905,0
          20.92233,39.34869,0
          20.92243,39.34861,0
          20.92273,39.34833,0
          20.92305,39.34807,0
          20.92322,39.34795,0
          20.92346,39.34776,0
          20.92347,39.34775,0
          20.9235,39.34773,0
          20.92354,39.34769,0
          20.924,39.34729,0
          20.92434,39.34696,0
          20.92465,39.34657,0
          20.92466,39.34655,0
          20.92476,39.34639,0
          20.92511,39.34578,0
          20.92528,39.34539,0
          20.92529,39.34538,0
          20.92533,39.34521,0
          20.92543,39.34486,0
          20.92543,39.34484,0
          20.92549,39.3445,0
          20.9255,39.34447,0
          20.92551,39.34432,0
          20.92555,39.34396,0
          20.92555,39.34348,0
          20.92551,39.34324,0
          20.92551,39.34321,0
          20.92549,39.34307,0
          20.92549,39.34304,0
          20.92548,39.343,0
          20.92544,39.34288,0
          20.9254,39.34273,0
          20.92523,39.34222,0
          20.92514,39.342,0
          20.92496,39.34166,0
          20.92493,39.34159,0
          20.92492,39.34159,0
          20.92486,39.34149,0
          20.92464,39.34117,0
          20.92451,39.34102,0
          20.92439,39.34086,0
          20.92428,39.34073,0
          20.92382,39.34025,0
          20.92367,39.34014,0
          20.92364,39.34011,0
          20.92337,39.3399,0
          20.9228,39.33952,0
          20.92278,39.3395,0
          20.92201,39.33912,0
          20.922,39.33911,0
          20.92159,39.33895,0
          20.92158,39.33895,0
          20.92125,39.33882,0
          20.92084,39.3387,0
          20.9208,39.33868,0
          20.92065,39.33864,0
          20.92045,39.33857,0
          20.91966,39.33833,0
          20.91946,39.33826,0
          20.91934,39.33823,0
          20.91908,39.33811,0
          20.91889,39.33804,0
          20.91852,39.33787,0
          20.91835,39.33777,0
          20.91816,39.33767,0
          20.91815,39.33766,0
          20.91795,39.33755,0
          20.91756,39.33731,0
          20.91753,39.33728,0
          20.91714,39.33701,0
          20.9167,39.33663,0
          20.91646,39.33634,0
          20.91637,39.33625,0
          20.9163,39.33616,0
          20.91616,39.33601,0
          20.91612,39.33596,0
          20.91605,39.33585,0
          20.91594,39.3357,0
          20.91589,39.33561,0
          20.91578,39.33545,0
          20.91574,39.33537,0
          20.91564,39.33521,0
          20.91553,39.33497,0
          20.91539,39.33462,0
          20.91531,39.33439,0
          20.91523,39.3341,0
          20.91519,39.33392,0
          20.91513,39.33357,0
          20.91509,39.33339,0
          20.91509,39.33337,0
          20.91503,39.33287,0
          20.91503,39.33277,0
          20.91502,39.33261,0
          20.91498,39.33228,0
          20.91489,39.33179,0
          20.91484,39.33163,0
          20.91479,39.33142,0
          20.91468,39.33112,0
          20.91465,39.33106,0
          20.91456,39.33084,0
          20.91433,39.33039,0
          20.9142,39.33017,0
          20.91401,39.32991,0
          20.91396,39.32983,0
          20.91377,39.3296,0
          20.91367,39.32951,0
          20.91353,39.32937,0
          20.9135,39.32935,0
          20.91339,39.32923,0
          20.91309,39.32893,0
          20.91298,39.32884,0
          20.91295,39.32881,0
          20.91286,39.32876,0
          20.91252,39.32851,0
          20.9124,39.32843,0
          20.91234,39.3284,0
          20.9119,39.32812,0
          20.91185,39.3281,0
          20.91184,39.32809,0
          20.91145,39.32791,0
          20.91126,39.32781,0
          20.91106,39.32772,0
          20.91086,39.32762,0
          20.91061,39.32751,0
          20.90987,39.32711,0
          20.90935,39.32679,0
          20.90924,39.32671,0
          20.90906,39.3266,0
          20.90868,39.32629,0
          20.90859,39.32621,0
          20.90816,39.32578,0
          20.90785,39.32542,0
          20.90763,39.32518,0
          20.9076,39.32512,0
          20.90749,39.32496,0
          20.90729,39.32464,0
          20.9072,39.32447,0
          20.90714,39.32437,0
          20.90711,39.32431,0
          20.90707,39.3242,0
          20.90704,39.32414,0
          20.907,39.32402,0
          20.90695,39.32392,0
          20.90691,39.32379,0
          20.90684,39.32362,0
          20.90679,39.32348,0
          20.90671,39.32313,0
          20.90671,39.32309,0
          20.90666,39.3228,0
          20.90666,39.32273,0
          20.9066,39.32238,0
          20.90659,39.32226,0
          20.90658,39.3222,0
          20.90657,39.32208,0
          20.90657,39.32202,0
          20.90652,39.32112,0
          20.9065,39.32094,0
          20.90649,39.32076,0
          20.90649,39.32067,0
          20.90648,39.32058,0
          20.90642,39.3195,0
          20.9064,39.31932,0
          20.90638,39.31896,0
          20.90636,39.3188,0
          20.90634,39.31842,0
          20.90632,39.31824,0
          20.9063,39.31788,0
          20.90628,39.3177,0
          20.90626,39.31734,0
          20.90623,39.31704,0
          20.90621,39.31668,0
          20.90618,39.31639,0
          20.90618,39.31632,0
          20.90606,39.31406,0
          20.90606,39.31399,0
          20.90603,39.31368,0
          20.90602,39.31349,0
          20.90598,39.31311,0
          20.90597,39.31292,0
          20.90592,39.31241,0
          20.90592,39.31235,0
          20.90589,39.31186,0
          20.90589,39.31179,0
          20.90587,39.31149,0
          20.90587,39.31134,0
          20.90583,39.31073,0
          20.90578,39.31028,0
          20.90577,39.3101,0
          20.90555,39.30813,0
          20.90552,39.30795,0
          20.90552,39.30788,0
          20.90544,39.3076,0
          20.9054,39.30742,0
          20.9053,39.30707,0
          20.90526,39.30689,0
          20.90521,39.30672,0
          20.90517,39.30654,0
          20.90512,39.30637,0
          20.90512,39.30636,0
          20.90505,39.30619,0
          20.90499,39.30602,0
          20.90485,39.30568,0
          20.90479,39.3055,0
          20.9046,39.30503,0
          20.9045,39.30482,0
          20.90441,39.30465,0
          20.90435,39.30452,0
          20.90416,39.30415,0
          20.904,39.30381,0
          20.90392,39.30369,0
          20.90371,39.30332,0
          20.9036,39.30316,0
          20.90348,39.30301,0
          20.90326,39.30269,0
          20.90314,39.30254,0
          20.90292,39.30222,0
          20.9028,39.30207,0
          20.90258,39.30175,0
          20.90228,39.30134,0
          20.9021,39.30113,0
          20.90197,39.30099,0
          20.90161,39.30057,0
          20.90158,39.30054,0
          20.90145,39.30039,0
          20.90141,39.30035,0
          20.90132,39.30024,0
          20.90125,39.30017,0
          20.90119,39.30009,0
          20.90093,39.29979,0
          20.90081,39.29964,0
          20.90055,39.29934,0
          20.90043,39.29919,0
          20.90029,39.29903,0
          20.89986,39.2984,0
          20.89976,39.29824,0
          20.89943,39.29776,0
          20.8994,39.29773,0
          20.89932,39.29761,0
          20.89931,39.29759,0
          20.8993,39.29756,0
          20.89905,39.29711,0
          20.89897,39.29694,0
          20.89855,39.29616,0
          20.89834,39.29559,0
          20.89827,39.29542,0
          20.89815,39.29507,0
          20.89808,39.2949,0
          20.89803,39.29472,0
          20.89791,39.29419,0
          20.89786,39.29401,0
          20.89768,39.29322,0
          20.89767,39.29313,0
          20.89764,39.29296,0
          20.89762,39.29278,0
          20.89761,39.29258,0
          20.89759,39.2924,0
          20.89757,39.29205,0
          20.89755,39.29187,0
          20.89752,39.2914,0
          20.89752,39.29133,0
          20.8975,39.29115,0
          20.8975,39.29097,0
          20.89754,39.29033,0
          20.89754,39.29026,0
          20.89756,39.29008,0
          20.89757,39.2899,0
          20.89761,39.28954,0
          20.89763,39.28924,0
          20.89771,39.28883,0
          20.89774,39.28872,0
          20.89777,39.28854,0
          20.89779,39.28847,0
          20.89782,39.2883,0
          20.89786,39.28812,0
          20.89789,39.28795,0
          20.89789,39.28794,0
          20.89798,39.28741,0
          20.898,39.28723,0
          20.89808,39.28674,0
          20.89808,39.2859,0
          20.89805,39.28544,0
          20.89798,39.28478,0
          20.89797,39.28476,0
          20.89797,39.284,0
          20.89796,39.2838,0
          20.89798,39.28364,0
          20.89801,39.28347,0
          20.89809,39.28311,0
          20.8981,39.28303,0
          20.89813,39.28293,0
          20.89817,39.28276,0
          20.89837,39.28206,0
          20.89837,39.28205,0
          20.89843,39.28185,0
          20.89849,39.28171,0
          20.8985,39.28168,0
          20.89856,39.28154,0
          20.89858,39.28151,0
          20.89864,39.28137,0
          20.89871,39.28123,0
          20.89873,39.2812,0
          20.89882,39.28103,0
          20.89891,39.28091,0
          20.89894,39.28088,0
          20.89895,39.28085,0
          20.89913,39.28061,0
          20.89917,39.28057,0
          20.89929,39.28041,0
          20.89968,39.27996,0
          20.8998,39.27981,0
          20.89982,39.27979,0
          20.90044,39.27929,0
          20.90061,39.27917,0
          20.90254,39.27761,0
          20.90314,39.27717,0
          20.9035,39.27683,0
          20.90387,39.2765,0
          20.90424,39.27614,0
          20.90452,39.27585,0
          20.9049,39.27549,0
          20.90495,39.27543,0
          20.90579,39.27457,0
          20.90653,39.27373,0
          20.90707,39.27308,0
          20.90738,39.27277,0
          20.90752,39.27266,0
          20.90753,39.27266,0
          20.90769,39.27253,0
          20.90787,39.27242,0
          20.90805,39.2723,0
          20.9081,39.27226,0
          20.90823,39.27219,0
          20.90959,39.27138,0
          20.9103,39.27103,0
          20.91039,39.27098,0
          20.9105,39.27094,0
          20.91082,39.2708,0
          20.91144,39.27056,0
          20.91165,39.27047,0
          20.91357,39.26983,0
          20.91444,39.26959,0
          20.91453,39.26956,0
          20.91465,39.26953,0
          20.91466,39.26953,0
          20.91474,39.26949,0
          20.91549,39.2692,0
          20.9163,39.26884,0
          20.9165,39.26876,0
          20.91751,39.26831,0
          20.91771,39.26823,0
          20.91834,39.26795,0
          20.91882,39.26777,0
          20.91895,39.26773,0
          20.91897,39.26772,0
          20.91916,39.26765,0
          20.91925,39.26763,0
          20.92008,39.2674,0
          20.92026,39.26736,0
          20.92094,39.26724,0
          20.92095,39.26724,0
          20.92184,39.26708,0
          20.92206,39.26701,0
          20.92257,39.26687,0
          20.92259,39.26686,0
          20.92281,39.2668,0
          20.92303,39.26673,0
          20.92311,39.26671,0
          20.92323,39.26665,0
          20.92363,39.26647,0
          20.92383,39.26637,0
          20.92403,39.26628,0
          20.92432,39.2661,0
          20.92448,39.26602,0
          20.92492,39.26573,0
          20.92513,39.26558,0
          20.92549,39.2653,0
          20.92591,39.26491,0
          20.92594,39.26487,0
          20.92613,39.26468,0
          20.92621,39.26459,0
          20.92622,39.26457,0
          20.9263,39.26449,0
          20.92642,39.26435,0
          20.92646,39.26429,0
          20.92648,39.26427,0
          20.92662,39.26407,0
          20.92667,39.26401,0
          20.92687,39.2637,0
          20.92698,39.2635,0
          20.92722,39.26301,0
          20.92728,39.26287,0
          20.92731,39.26277,0
          20.92738,39.2626,0
          20.92746,39.26229,0
          20.9275,39.26216,0
          20.92754,39.26195,0
          20.92755,39.26193,0
          20.92756,39.26176,0
          20.92759,39.26152,0
          20.92759,39.2614,0
          20.9276,39.26122,0
          20.9276,39.26096,0
          20.92762,39.26073,0
          20.92758,39.26051,0
          20.92758,39.2605,0
          20.92754,39.26032,0
          20.92734,39.25963,0
          20.92734,39.25962,0
          20.92729,39.25946,0
          20.92729,39.25945,0
          20.92714,39.25892,0
          20.92703,39.25857,0
          20.92699,39.2584,0
          20.92698,39.25839,0
          20.92683,39.25787,0
          20.92677,39.25769,0
          20.92662,39.25717,0
          20.92656,39.25699,0
          20.92641,39.25648,0
          20.9264,39.25647,0
          20.92635,39.2563,0
          20.92635,39.25629,0
          20.9263,39.25613,0
          20.9263,39.25612,0
          20.92619,39.25578,0
          20.92619,39.25577,0
          20.92613,39.25559,0
          20.92603,39.25524,0
          20.92597,39.25507,0
          20.92592,39.25489,0
          20.92586,39.25472,0
          20.92582,39.25456,0
          20.92581,39.25455,0
          20.92562,39.2539,0
          20.92556,39.25373,0
          20.92535,39.25303,0
          20.92529,39.25286,0
          20.92524,39.25268,0
          20.92507,39.25218,0
          20.92507,39.25217,0
          20.92494,39.25179,0
          20.92484,39.25144,0
          20.92478,39.25127,0
          20.92473,39.25109,0
          20.92467,39.25092,0
          20.92462,39.25074,0
          20.92456,39.25057,0
          20.92446,39.25022,0
          20.92429,39.24969,0
          20.92419,39.24934,0
          20.92413,39.24917,0
          20.92403,39.24882,0
          20.92359,39.24742,0
          20.92347,39.24707,0
          20.9234,39.2469,0
          20.92334,39.24673,0
          20.9232,39.24638,0
          20.92315,39.24628,0
          20.92305,39.24604,0
          20.92301,39.24596,0
          20.92296,39.24588,0
          20.92288,39.24571,0
          20.92261,39.24521,0
          20.92253,39.24504,0
          20.92178,39.24375,0
          20.91958,39.23976,0
          20.91948,39.2396,0
          20.91912,39.23893,0
          20.91819,39.23729,0
          20.91765,39.23629,0
          20.91755,39.23613,0
          20.91675,39.2347,0
          20.91667,39.23454,0
          20.91637,39.23405,0
          20.91635,39.23403,0
          20.91619,39.23372,0
          20.91609,39.23356,0
          20.91564,39.23273,0
          20.91556,39.23256,0
          20.91511,39.23173,0
          20.91501,39.23157,0
          20.91496,39.23147,0
          20.91486,39.23131,0
          20.91485,39.23128,0
          20.91458,39.23078,0
          20.91448,39.23062,0
          20.91404,39.22982,0
          20.91403,39.22979,0
          20.9135,39.22883,0
          20.91349,39.2288,0
          20.91304,39.22798,0
          20.91294,39.22782,0
          20.91267,39.22732,0
          20.91258,39.22717,0
          20.91258,39.22716,0
          20.91249,39.227,0
          20.91249,39.22699,0
          20.9124,39.22685,0
          20.9124,39.22684,0
          20.91239,39.22683,0
          20.91231,39.22668,0
          20.91231,39.22667,0
          20.9123,39.22667,0
          20.91176,39.22569,0
          20.91175,39.22568,0
          20.91139,39.22502,0
          20.91129,39.22486,0
          20.91084,39.22403,0
          20.91074,39.22387,0
          20.90991,39.22238,0
          20.90991,39.22237,0
          20.90969,39.22197,0
          20.90968,39.22196,0
          20.90957,39.22177,0
          20.90947,39.22158,0
          20.9093,39.22129,0
          20.90926,39.22121,0
          20.90888,39.22055,0
          20.90879,39.22038,0
          20.90869,39.22022,0
          20.90832,39.21955,0
          20.90814,39.21925,0
          20.90813,39.21922,0
          20.90721,39.21757,0
          20.90714,39.21746,0
          20.90503,39.21364,0
          20.90493,39.21348,0
          20.90466,39.21298,0
          20.90456,39.21282,0
          20.90429,39.21232,0
          20.90419,39.21216,0
          20.90392,39.21166,0
          20.90382,39.2115,0
          20.9033,39.21059,0
          20.90314,39.21028,0
          20.90312,39.21025,0
          20.90308,39.21015,0
          20.90296,39.20994,0
          20.90282,39.20967,0
          20.90254,39.20904,0
          20.90248,39.20888,0
          20.90232,39.2084,0
          20.90229,39.20827,0
          20.90225,39.20814,0
          20.90214,39.20766,0
          20.90214,39.20764,0
          20.90211,39.20747,0
          20.90206,39.20707,0
          20.90206,39.20698,0
          20.90204,39.20682,0
          20.90203,39.20666,0
          20.90203,39.20616,0
          20.90205,39.20584,0
          20.90207,39.20567,0
          20.90208,39.20552,0
          20.9021,39.20536,0
          20.90219,39.20486,0
          20.90223,39.20472,0
          20.90223,39.2047,0
          20.90229,39.20446,0
          20.90232,39.20438,0
          20.90236,39.20423,0
          20.90242,39.20407,0
          20.90247,39.2039,0
          20.90253,39.20376,0
          20.90259,39.2036,0
          20.9028,39.20313,0
          20.90296,39.20283,0
          20.90322,39.20239,0
          20.90341,39.2021,0
          20.90357,39.20188,0
          20.90405,39.20126,0
          20.90445,39.20083,0
          20.9046,39.20069,0
          20.90474,39.20054,0
          20.90536,39.20001,0
          20.90541,39.19998,0
          20.90553,39.19988,0
          20.90619,39.19938,0
          20.90633,39.19926,0
          20.90667,39.19899,0
          20.9068,39.1989,0
          20.90696,39.19877,0
          20.90707,39.19867,0
          20.90712,39.19864,0
          20.90719,39.19857,0
          20.90913,39.19702,0
          20.90919,39.19696,0
          20.90935,39.19683,0
          20.9095,39.19669,0
          20.90953,39.19667,0
          20.90985,39.19641,0
          20.90995,39.19632,0
          20.91001,39.19628,0
          20.9104,39.19595,0
          20.91055,39.19584,0
          20.91065,39.19575,0
          20.91098,39.1955,0
          20.91103,39.19545,0
          20.91115,39.19538,0
          20.91122,39.19532,0
          20.91214,39.19463,0
          20.914,39.19313,0
          20.91449,39.19275,0
          20.91457,39.19268,0
          20.91481,39.19249,0
          20.91498,39.19237,0
          20.91531,39.19211,0
          20.91548,39.19199,0
          20.91564,39.19186,0
          20.91581,39.19174,0
          20.9163,39.19136,0
          20.91638,39.19129,0
          20.91736,39.19066,0
          20.91771,39.19042,0
          20.91789,39.19031,0
          20.91807,39.19019,0
          20.91825,39.19008,0
          20.91838,39.18999,0
          20.91839,39.18998,0
          20.91843,39.18996,0
          20.91934,39.18941,0
          20.91953,39.18931,0
          20.91964,39.18924,0
          20.92108,39.18852,0
          20.92108,39.18851,0
          20.92148,39.18833,0
          20.92167,39.18823,0
          20.92187,39.18814,0
          20.92207,39.18804,0
          20.92267,39.18777,0
          20.92288,39.18769,0
          20.92389,39.18724,0
          20.92409,39.18716,0
          20.9249,39.1868,0
          20.9251,39.18672,0
          20.92566,39.18647,0
          20.92754,39.18568,0
          20.92775,39.1856,0
          20.92836,39.18534,0
          20.92866,39.1852,0
          20.92937,39.1849,0
          20.92958,39.18482,0
          20.93055,39.1844,0
          20.93076,39.18432,0
          20.93116,39.18414,0
          20.93137,39.18406,0
          20.93177,39.18388,0
          20.93198,39.1838,0
          20.93238,39.18362,0
          20.93259,39.18354,0
          20.93299,39.18336,0
          20.9332,39.18328,0
          20.93381,39.18301,0
          20.93401,39.18293,0
          20.93421,39.18284,0
          20.93442,39.18276,0
          20.93483,39.18258,0
          20.93494,39.18254,0
          20.93528,39.18239,0
          20.93535,39.18237,0
          20.93563,39.18224,0
          20.93584,39.18216,0
          20.93604,39.18207,0
          20.93706,39.18165,0
          20.93726,39.18156,0
          20.93747,39.18148,0
          20.93849,39.18104,0
          20.9386,39.181,0
          20.93919,39.18074,0
          20.9394,39.18066,0
          20.94035,39.18025,0
          20.94041,39.18022,0
          20.94103,39.17997,0
          20.94139,39.17981,0
          20.94144,39.1798,0
          20.94204,39.17953,0
          20.94225,39.17945,0
          20.94241,39.17937,0
          20.94245,39.17936,0
          20.94265,39.17927,0
          20.94286,39.17919,0
          20.94326,39.17901,0
          20.94347,39.17893,0
          20.94387,39.17875,0
          20.94399,39.17869,0
          20.9442,39.17861,0
          20.94501,39.17826,0
          20.94522,39.17818,0
          20.94542,39.17809,0
          20.94563,39.17801,0
          20.94564,39.178,0
          20.94584,39.17792,0
          20.94604,39.17783,0
          20.94625,39.17775,0
          20.94665,39.17757,0
          20.94686,39.17749,0
          20.94767,39.17714,0
          20.94788,39.17706,0
          20.94808,39.17697,0
          20.94829,39.17689,0
          20.94869,39.17671,0
          20.9489,39.17663,0
          20.94971,39.17628,0
          20.94992,39.1762,0
          20.95012,39.17611,0
          20.95073,39.17586,0
          20.9513,39.17561,0
          20.95151,39.17553,0
          20.95394,39.17448,0
          20.95415,39.1744,0
          20.95455,39.17422,0
          20.95476,39.17414,0
          20.95516,39.17396,0
          20.95537,39.17388,0
          20.95577,39.1737,0
          20.95598,39.17362,0
          20.95604,39.17359,0
          20.9568,39.17328,0
          20.95819,39.17275,0
          20.95848,39.17267,0
          20.95869,39.1726,0
          20.95891,39.17254,0
          20.95914,39.17249,0
          20.95936,39.17243,0
          20.9595,39.1724,0
          20.95958,39.17239,0
          20.95981,39.17234,0
          20.96048,39.17222,0
          20.96051,39.17221,0
          20.96071,39.17219,0
          20.96082,39.17217,0
          20.96094,39.17216,0
          20.96117,39.17213,0
          20.96186,39.17207,0
          20.96189,39.17206,0
          20.96209,39.17206,0
          20.96232,39.17205,0
          20.96302,39.17205,0
          20.96358,39.17207,0
          20.96395,39.1721,0
          20.96418,39.17213,0
          20.96426,39.17213,0
          20.96441,39.17215,0
          20.96449,39.17215,0
          20.96472,39.17218,0
          20.96506,39.17224,0
          20.96528,39.17227,0
          20.96597,39.17239,0
          20.96619,39.17242,0
          20.96665,39.1725,0
          20.96687,39.17253,0
          20.96842,39.17281,0
          20.96976,39.17311,0
          20.96977,39.17311,0
          20.97034,39.17321,0
          20.97057,39.17326,0
          20.97102,39.17334,0
          20.97125,39.17337,0
          20.97215,39.17353,0
          20.97238,39.17356,0
          20.97442,39.17391,0
          20.97464,39.17396,0
          20.9755,39.17411,0
          20.97573,39.17416,0
          20.97746,39.17446,0
          20.97769,39.17449,0
          20.97837,39.17461,0
          20.97853,39.17463,0
          20.97882,39.17468,0
          20.97887,39.17468,0
          20.97905,39.17471,0
          20.97923,39.17473,0
          20.97928,39.17474,0
          20.97951,39.17476,0
          20.97957,39.17477,0
          20.98043,39.17483,0
          20.98067,39.17483,0
          20.98085,39.17484,0
          20.98136,39.17484,0
          20.98205,39.17481,0
          20.98216,39.17481,0
          20.98251,39.17478,0
          20.98342,39.17466,0
          20.98351,39.17464,0
          20.98365,39.17462,0
          20.98387,39.17457,0
          20.9841,39.17453,0
          20.98417,39.17451,0
          20.98432,39.17448,0
          20.98454,39.17442,0
          20.98456,39.17442,0
          20.98476,39.17436,0
          20.98498,39.17431,0
          20.98498,39.1743,0
          20.9852,39.17425,0
          20.98604,39.17399,0
          20.98606,39.17398,0
          20.98644,39.17384,0
          20.98807,39.17308,0
          20.98943,39.1724,0
          20.98946,39.17238,0
          20.99023,39.17203,0
          20.99043,39.17193,0
          20.99083,39.17175,0
          20.99099,39.17167,0
          20.99103,39.17166,0
          20.99161,39.17136,0
          20.99181,39.17127,0
          20.992,39.17117,0
          20.9922,39.17108,0
          20.9924,39.17098,0
          20.9926,39.17089,0
          20.99279,39.17079,0
          20.99319,39.17061,0
          20.99535,39.16958,0
          20.99716,39.16866,0
          20.99736,39.16857,0
          20.99813,39.16817,0
          20.99833,39.16808,0
          20.99852,39.16798,0
          20.99872,39.16789,0
          20.99911,39.16769,0
          20.99929,39.16761,0
          20.99987,39.16731,0
          21.00007,39.16722,0
          21.00066,39.16693,0
          21.00143,39.16653,0
          21.00163,39.16644,0
          21.00182,39.16633,0
          21.00239,39.16603,0
          21.00258,39.16592,0
          21.00336,39.16551,0
          21.00341,39.16547,0
          21.00349,39.16543,0
          21.00575,39.16409,0
          21.00625,39.16377,0
          21.00626,39.16376,0
          21.00644,39.16365,0
          21.00679,39.16341,0
          21.00697,39.1633,0
          21.00732,39.16306,0
          21.00735,39.16305,0
          21.00744,39.16299,0
          21.00753,39.16294,0
          21.00754,39.16294,0
          21.00835,39.16243,0
          21.00904,39.1619,0
          21.00932,39.16174,0
          21.01007,39.1612,0
          21.01011,39.16116,0
          21.0104,39.16095,0
          21.01129,39.16024,0
          21.01136,39.16019,0
          21.01223,39.15946,0
          21.01227,39.15942,0
          21.01252,39.15921,0
          21.01333,39.15847,0
          21.01347,39.15833,0
          21.01358,39.15823,0
          21.01364,39.15816,0
          21.01373,39.15808,0
          21.01441,39.15739,0
          21.01485,39.15692,0
          21.01488,39.15688,0
          21.01512,39.15661,0
          21.01517,39.15656,0
          21.01526,39.15644,0
          21.01548,39.15617,0
          21.01559,39.15601,0
          21.01578,39.15577,0
          21.01591,39.15562,0
          21.01603,39.15546,0
          21.01625,39.15519,0
          21.01636,39.15503,0
          21.01641,39.15497,0
          21.01688,39.15434,0
          21.01696,39.15422,0
          21.01699,39.15419,0
          21.01736,39.15369,0
          21.01739,39.15366,0
          21.01745,39.15356,0
          21.01832,39.15245,0
          21.01854,39.1522,0
          21.01891,39.15184,0
          21.01931,39.15151,0
          21.01946,39.15137,0
          21.01952,39.15133,0
          21.01962,39.15124,0
          21.0197,39.15118,0
          21.01978,39.15111,0
          21.01991,39.15101,0
          21.01995,39.15099,0
          21.02012,39.15086,0
          21.02047,39.15063,0
          21.02059,39.15054,0
          21.02104,39.15028,0
          21.02121,39.1502,0
          21.0214,39.1501,0
          21.02145,39.15008,0
          21.0216,39.15,0
          21.02179,39.14992,0
          21.0218,39.14991,0
          21.022,39.14982,0
          21.02206,39.1498,0
          21.0224,39.14965,0
          21.02241,39.14965,0
          21.02262,39.14957,0
          21.02283,39.1495,0
          21.02287,39.14948,0
          21.02347,39.1493,0
          21.02349,39.14929,0
          21.02359,39.14927,0
          21.0243,39.14908,0
          21.02474,39.14898,0
          21.02497,39.14894,0
          21.02519,39.14889,0
          21.02542,39.14885,0
          21.02564,39.1488,0
          21.02641,39.14865,0
          21.02698,39.14852,0
          21.02742,39.1484,0
          21.02828,39.14812,0
          21.02829,39.14811,0
          21.02859,39.148,0
          21.02869,39.14795,0
          21.02889,39.14787,0
          21.02909,39.14777,0
          21.02929,39.14768,0
          21.02981,39.14741,0
          21.0306,39.14694,0
          21.0311,39.14657,0
          21.03169,39.14607,0
          21.03173,39.14604,0
          21.03188,39.1459,0
          21.03193,39.14586,0
          21.03202,39.14576,0
          21.03246,39.14534,0
          21.03351,39.14426,0
          21.03358,39.14418,0
          21.03367,39.14409,0
          21.0338,39.14394,0
          21.03408,39.14365,0
          21.03421,39.1435,0
          21.03435,39.14336,0
          21.03445,39.14325,0
          21.03448,39.14321,0
          21.03542,39.14218,0
          21.03556,39.14204,0
          21.03582,39.14174,0
          21.03596,39.1416,0
          21.03618,39.14135,0
          21.03692,39.14058,0
          21.03705,39.14043,0
          21.03719,39.14029,0
          21.0376,39.13985,0
          21.03774,39.13971,0
          21.03787,39.13956,0
          21.03915,39.13824,0
          21.04072,39.13672,0
          21.0417,39.13574,0
          21.04206,39.13535,0
          21.0422,39.13521,0
          21.04233,39.13506,0
          21.04247,39.13492,0
          21.0426,39.13477,0
          21.04288,39.13448,0
          21.04301,39.13433,0
          21.04315,39.13419,0
          21.04328,39.13404,0
          21.04342,39.1339,0
          21.04429,39.13297,0
          21.04443,39.13283,0
          21.04456,39.13268,0
          21.04484,39.13239,0
          21.04497,39.13224,0
          21.04511,39.1321,0
          21.04524,39.13195,0
          21.04538,39.13181,0
          21.04579,39.13137,0
          21.04593,39.13123,0
          21.04603,39.13112,0
          21.04615,39.13101,0
          21.04617,39.13098,0
          21.04656,39.13053,0
          21.04668,39.13038,0
          21.04709,39.12994,0
          21.04712,39.1299,0
          21.04735,39.12965,0
          21.04774,39.1292,0
          21.04777,39.12916,0
          21.04787,39.12905,0
          21.04811,39.12874,0
          21.04824,39.12859,0
          21.04825,39.12857,0
          21.04836,39.12844,0
          21.04896,39.12767,0
          21.04907,39.12751,0
          21.04924,39.1273,0
          21.04931,39.1272,0
          21.04943,39.12705,0
          21.04954,39.12689,0
          21.04977,39.12652,0
          21.05029,39.12577,0
          21.05058,39.12528,0
          21.0506,39.12524,0
          21.05068,39.12512,0
          21.05077,39.12495,0
          21.05087,39.12479,0
          21.05115,39.1243,0
          21.05125,39.12414,0
          21.05127,39.12409,0
          21.05134,39.12397,0
          21.05137,39.12393,0
          21.05147,39.12376,0
          21.05207,39.12265,0
          21.05223,39.12231,0
          21.0524,39.12198,0
          21.05243,39.12193,0
          21.05247,39.1218,0
          21.05268,39.12129,0
          21.05276,39.12112,0
          21.0529,39.12078,0
          21.05298,39.12061,0
          21.05305,39.12044,0
          21.05313,39.12027,0
          21.0532,39.1201,0
          21.05328,39.11993,0
          21.05342,39.11959,0
          21.0535,39.11942,0
          21.05362,39.11907,0
          21.05369,39.1189,0
          21.05387,39.11837,0
          21.05392,39.1182,0
          21.05398,39.11803,0
          21.054,39.11796,0
          21.0541,39.11768,0
          21.05411,39.11762,0
          21.0542,39.11733,0
          21.05424,39.11715,0
          21.05429,39.11697,0
          21.05431,39.11692,0
          21.05437,39.11668,0
          21.05442,39.11651,0
          21.0545,39.11615,0
          21.05455,39.11598,0
          21.05469,39.11541,0
          21.05479,39.11506,0
          21.05483,39.11488,0
          21.05493,39.11453,0
          21.05497,39.11435,0
          21.05509,39.11392,0
          21.05512,39.11383,0
          21.05542,39.11277,0
          21.05548,39.1126,0
          21.05558,39.11226,0
          21.05558,39.11225,0
          21.05568,39.1119,0
          21.05568,39.11189,0
          21.05574,39.11172,0
          21.05582,39.11144,0
          21.05583,39.11139,0
          21.05609,39.11052,0
          21.0561,39.11046,0
          21.05614,39.11034,0
          21.05624,39.10999,0
          21.05625,39.10992,0
          21.05629,39.10974,0
          21.05629,39.10971,0
          21.05639,39.10939,0
          21.05657,39.10875,0
          21.05659,39.1087,0
          21.05662,39.10857,0
          21.05687,39.10769,0
          21.05692,39.10754,0
          21.05721,39.10653,0
          21.05727,39.10635,0
          21.05737,39.106,0
          21.05743,39.10583,0
          21.05748,39.10565,0
          21.05776,39.10479,0
          21.05776,39.10478,0
          21.0579,39.10444,0
          21.05793,39.10438,0
          21.05795,39.10432,0
          21.058,39.10421,0
          21.05801,39.10417,0
          21.05828,39.1036,0
          21.05844,39.10331,0
          21.05846,39.10325,0
          21.05849,39.10321,0
          21.05862,39.10297,0
          21.05871,39.10283,0
          21.05878,39.1027,0
          21.05912,39.10217,0
          21.05947,39.10168,0
          21.0598,39.10125,0
          21.06026,39.10071,0
          21.0604,39.10056,0
          21.0609,39.10006,0
          21.06101,39.09994,0
          21.0613,39.09967,0
          21.0614,39.09959,0
          21.06156,39.09944,0
          21.06186,39.09919,0
          21.06199,39.09909,0
          21.06214,39.09896,0
          21.06244,39.09873,0
          21.06319,39.0982,0
          21.06463,39.09727,0
          21.06554,39.09672,0
          21.06559,39.09668,0
          21.06664,39.09603,0
          21.06735,39.09557,0
          21.06771,39.09535,0
          21.06789,39.09523,0
          21.06832,39.09497,0
          21.0685,39.09485,0
          21.06886,39.09463,0
          21.06904,39.09451,0
          21.06922,39.0944,0
          21.06939,39.09428,0
          21.07082,39.09336,0
          21.07118,39.09314,0
          21.07136,39.09302,0
          21.07154,39.09291,0
          21.07207,39.09256,0
          21.07243,39.09234,0
          21.07261,39.09222,0
          21.07296,39.09201,0
          21.07297,39.092,0
          21.07353,39.09166,0
          21.07371,39.09154,0
          21.07407,39.09132,0
          21.07425,39.0912,0
          21.07439,39.09112,0
          21.07443,39.09109,0
          21.07461,39.09098,0
          21.07461,39.09097,0
          21.07467,39.09094,0
          21.07497,39.09075,0
          21.07514,39.09063,0
          21.07532,39.09052,0
          21.0755,39.0904,0
          21.07568,39.09029,0
          21.07586,39.09017,0
          21.07622,39.08995,0
          21.07675,39.0896,0
          21.07676,39.0896,0
          21.07711,39.08938,0
          21.07716,39.08934,0
          21.0773,39.08927,0
          21.07749,39.08916,0
          21.07787,39.08896,0
          21.07806,39.08885,0
          21.07864,39.08856,0
          21.07892,39.08847,0
          21.07932,39.08829,0
          21.07993,39.08807,0
          21.08004,39.08804,0
          21.08014,39.088,0
          21.08036,39.08793,0
          21.08094,39.08777,0
          21.08104,39.08775,0
          21.08119,39.08771,0
          21.08165,39.08761,0
          21.08172,39.08759,0
          21.08219,39.0875,0
          21.08241,39.08747,0
          21.08257,39.08744,0
          21.08281,39.08741,0
          21.08315,39.08738,0
          21.08339,39.08735,0
          21.08362,39.08733,0
          21.08407,39.08727,0
          21.08413,39.08727,0
          21.08419,39.08726,0
          21.08457,39.08723,0
          21.08482,39.0872,0
          21.08489,39.0872,0
          21.08554,39.08714,0
          21.08577,39.08711,0
          21.08599,39.08709,0
          21.08667,39.08699,0
          21.08669,39.08699,0
          21.08686,39.08695,0
          21.08695,39.08694,0
          21.08725,39.08688,0
          21.08765,39.08678,0
          21.08775,39.08676,0
          21.08818,39.08664,0
          21.0884,39.08657,0
          21.0888,39.08646,0
          21.0897,39.08612,0
          21.09058,39.0857,0
          21.09113,39.08539,0
          21.09142,39.08521,0
          21.09203,39.08479,0
          21.09248,39.08444,0
          21.09279,39.08418,0
          21.0932,39.08381,0
          21.09335,39.08366,0
          21.09343,39.08359,0
          21.09424,39.08275,0
          21.09432,39.08265,0
          21.09533,39.08159,0
          21.09538,39.08152,0
          21.09685,39.07992,0
          21.09712,39.07964,0
          21.09817,39.07849,0
          21.09831,39.07835,0
          21.09842,39.07822,0
          21.09879,39.07788,0
          21.09894,39.07776,0
          21.09897,39.07773,0
          21.09931,39.0775,0
          21.09986,39.07717,0
          21.10059,39.07678,0
          21.10126,39.07645,0
          21.10162,39.07629,0
          21.10198,39.07615,0
          21.10264,39.07592,0
          21.10299,39.07582,0
          21.10341,39.07572,0
          21.10533,39.07532,0
          21.10598,39.07516,0
          21.10669,39.07495,0
          21.10736,39.07468,0
          21.10761,39.07457,0
          21.10813,39.07431,0
          21.10826,39.07423,0
          21.10846,39.07412,0
          21.10869,39.07398,0
          21.10926,39.07357,0
          21.10953,39.07336,0
          21.10998,39.07295,0
          21.11047,39.0724,0
          21.11081,39.07196,0
          21.11101,39.07164,0
          21.11116,39.07138,0
          21.11146,39.07073,0
          21.11152,39.07057,0
          21.11157,39.0704,0
          21.11163,39.07023,0
          21.1117,39.06996,0
          21.11181,39.06932,0
          21.11184,39.06895,0
          21.11184,39.06847,0
          21.11173,39.06757,0
          21.11157,39.0667,0
          21.11148,39.0661,0
          21.11143,39.06547,0
          21.11143,39.06528,0
          21.11145,39.06479,0
          21.11149,39.06448,0
          21.11158,39.06402,0
          21.11163,39.06382,0
          21.11172,39.06352,0
          21.11187,39.0631,0
          21.11193,39.06298,0
          21.11201,39.06279,0
          21.11224,39.06235,0
          21.11244,39.06203,0
          21.11282,39.06151,0
          21.11297,39.06133,0
          21.11344,39.06081,0
          21.11373,39.06054,0
          21.11404,39.06023,0
          21.11409,39.06017,0
          21.11506,39.05931,0
          21.11529,39.05907,0
          21.11656,39.05781,0
          21.11659,39.05779,0
          21.11755,39.0569,0
          21.1196,39.05511,0
          21.12019,39.05464,0
          21.12143,39.05372,0
          21.12216,39.05321,0
          21.12412,39.0519,0
          21.1288,39.04885,0
          21.12934,39.04854,0
          21.12985,39.04827,0
          21.13039,39.04802,0
          21.13087,39.04782,0
          21.13131,39.04765,0
          21.13217,39.04735,0
          21.13227,39.04731,0
          21.13232,39.0473,0
          21.13728,39.04569,0
          21.1378,39.0455,0
          21.13817,39.04535,0
          21.13887,39.04501,0
          21.13934,39.04474,0
          21.13953,39.04462,0
          21.13997,39.0443,0
          21.14039,39.04395,0
          21.14079,39.04358,0
          21.14102,39.04333,0
          21.14136,39.04291,0
          21.14158,39.0426,0
          21.14182,39.04218,0
          21.1419,39.04201,0
          21.14205,39.04172,0
          21.14219,39.04139,0
          21.14234,39.04094,0
          21.14249,39.04031,0
          21.14249,39.04027,0
          21.14254,39.03997,0
          21.14257,39.03967,0
          21.14258,39.03947,0
          21.14256,39.03901,0
          21.14252,39.03867,0
          21.14249,39.03848,0
          21.14242,39.03817,0
          21.14242,39.03816,0
          21.14218,39.03747,0
          21.14151,39.0359,0
          21.14138,39.03557,0
          21.14128,39.03525,0
          21.14119,39.03491,0
          21.14112,39.03457,0
          21.14111,39.03448,0
          21.14108,39.0343,0
          21.14104,39.03396,0
          21.14101,39.03348,0
          21.141,39.03296,0
          21.14104,39.03233,0
          21.14111,39.03184,0
          21.1412,39.03144,0
          21.14126,39.03126,0
          21.14131,39.03108,0
          21.14138,39.03091,0
          21.14147,39.03066,0
          21.14175,39.03004,0
          21.14183,39.02989,0
          21.14189,39.02976,0
          21.14208,39.02943,0
          21.14235,39.029,0
          21.14291,39.02821,0
          21.14292,39.0282,0
          21.14338,39.02757,0
          21.14399,39.02667,0
          21.14405,39.02659,0
          21.1446,39.02577,0
          21.1447,39.0256,0
          21.14474,39.02555,0
          21.14591,39.02362,0
          21.14602,39.02346,0
          21.14632,39.02296,0
          21.14643,39.0228,0
          21.14644,39.02278,0
          21.14655,39.02263,0
          21.14661,39.02256,0
          21.14662,39.02254,0
          21.14666,39.02248,0
          21.14672,39.02241,0
          21.14683,39.02226,0
          21.14826,39.02062,0
          21.14907,39.01985,0
          21.14967,39.01917,0
          21.14976,39.01908,0
          21.14977,39.01906,0
          21.15005,39.01877,0
          21.15018,39.01862,0
          21.15059,39.01818,0
          21.15073,39.01804,0
          21.15082,39.01794,0
          21.1519,39.01692,0
          21.15205,39.01679,0
          21.15234,39.01651,0
          21.15275,39.01607,0
          21.15289,39.01593,0
          21.15302,39.01578,0
          21.15344,39.01535,0
          21.15352,39.01525,0
          21.15437,39.01434,0
          21.15438,39.01432,0
          21.15453,39.01419,0
          21.15483,39.01391,0
          21.15511,39.01363,0
          21.15538,39.01334,0
          21.1555,39.01318,0
          21.15561,39.01302,0
          21.15632,39.01209,0
          21.15644,39.01195,0
          21.15644,39.01194,0
          21.15655,39.01179,0
          21.15656,39.01179,0
          21.15658,39.01176,0
          21.15667,39.01165,0
          21.15668,39.01163,0
          21.15691,39.01132,0
          21.15702,39.01116,0
          21.15725,39.01085,0
          21.15736,39.01069,0
          21.15748,39.01054,0
          21.15792,39.00991,0
          21.15797,39.00983,0
          21.15804,39.00975,0
          21.1584,39.00929,0
          21.15851,39.00913,0
          21.15875,39.00882,0
          21.15902,39.00853,0
          21.15915,39.00838,0
          21.15942,39.00809,0
          21.16003,39.00755,0
          21.16016,39.00742,0
          21.16018,39.00741,0
          21.16102,39.0068,0
          21.16174,39.00622,0
          21.16221,39.00579,0
          21.16263,39.00534,0
          21.16265,39.00531,0
          21.16301,39.00485,0
          21.16312,39.00469,0
          21.16317,39.00464,0
          21.16323,39.00453,0
          21.16337,39.00431,0
          21.16374,39.00359,0
          21.16375,39.00354,0
          21.16396,39.00302,0
          21.16414,39.0025,0
          21.16421,39.00233,0
          21.16433,39.00198,0
          21.16435,39.0019,0
          21.16453,39.00147,0
          21.16482,39.00085,0
          21.16486,39.00079,0
          21.16504,39.00046,0
          21.16514,39.0003,0
          21.16519,39.00021,0
          21.16546,38.99982,0
          21.16549,38.99979,0
          21.16602,38.99903,0
          21.16614,38.99888,0
          21.16635,38.99858,0
          21.1672,38.99743,0
          21.16723,38.9974,0
          21.16728,38.99732,0
          21.16729,38.99731,0
          21.16806,38.99623,0
          21.16818,38.99608,0
          21.16829,38.99592,0
          21.1683,38.99591,0
          21.1684,38.99576,0
          21.16852,38.99561,0
          21.16863,38.99545,0
          21.16886,38.99514,0
          21.16897,38.99498,0
          21.16909,38.99482,0
          21.16914,38.99474,0
          21.1692,38.99467,0
          21.1693,38.99451,0
          21.16941,38.99435,0
          21.16945,38.99426,0
          21.16956,38.99408,0
          21.16959,38.99401,0
          21.16977,38.99368,0
          21.16984,38.99351,0
          21.1699,38.9934,0
          21.16992,38.99334,0
          21.16999,38.99317,0
          21.17003,38.99309,0
          21.17006,38.993,0
          21.17013,38.99283,0
          21.17034,38.99208,0
          21.1704,38.99172,0
          21.17049,38.99131,0
          21.17054,38.99113,0
          21.17082,38.98989,0
          21.17085,38.98971,0
          21.17101,38.989,0
          21.17116,38.98854,0
          21.17117,38.9885,0
          21.1712,38.98841,0
          21.17126,38.98826,0
          21.17138,38.98788,0
          21.17142,38.98771,0
          21.17147,38.98755,0
          21.17155,38.98722,0
          21.17157,38.98717,0
          21.1716,38.98705,0
          21.17165,38.98689,0
          21.17201,38.98592,0
          21.17203,38.98589,0
          21.17205,38.98582,0
          21.17208,38.98575,0
          21.17209,38.98571,0
          21.17221,38.98543,0
          21.17223,38.98537,0
          21.17241,38.98495,0
          21.17247,38.98479,0
          21.17254,38.98463,0
          21.1726,38.98447,0
          21.17267,38.98431,0
          21.17273,38.98415,0
          21.17291,38.98372,0
          21.17294,38.98366,0
          21.173,38.9835,0
          21.17313,38.98319,0
          21.17314,38.98318,0
          21.17321,38.98302,0
          21.17322,38.98299,0
          21.17335,38.9827,0
          21.17341,38.98254,0
          21.17349,38.98238,0
          21.17366,38.98199,0
          21.17438,38.98047,0
          21.17452,38.98013,0
          21.17458,38.97995,0
          21.1747,38.97965,0
          21.17472,38.97961,0
          21.17495,38.97896,0
          21.17496,38.97892,0
          21.17508,38.97857,0
          21.17513,38.9784,0
          21.17525,38.97805,0
          21.1753,38.97787,0
          21.17532,38.97769,0
          21.17538,38.97733,0
          21.1754,38.97716,0
          21.17543,38.97698,0
          21.17545,38.9768,0
          21.17545,38.97608,0
          21.17546,38.9759,0
          21.17546,38.97572,0
          21.17541,38.9754,0
          21.17541,38.97536,0
          21.17538,38.97518,0
          21.17534,38.975,0
          21.17531,38.97483,0
          21.17519,38.97429,0
          21.1748,38.97293,0
          21.17471,38.97253,0
          21.17463,38.97204,0
          21.17462,38.972,0
          21.1746,38.97185,0
          21.17459,38.97182,0
          21.17455,38.97146,0
          21.17452,38.97128,0
          21.17452,38.9712,0
          21.1745,38.97084,0
          21.1745,38.97055,0
          21.17451,38.97037,0
          21.17451,38.97019,0
          21.17453,38.96983,0
          21.17457,38.96952,0
          21.17494,38.96807,0
          21.17497,38.96798,0
          21.17501,38.96789,0
          21.1751,38.96773,0
          21.17518,38.96756,0
          21.17544,38.96706,0
          21.17554,38.9669,0
          21.17563,38.96673,0
          21.17564,38.9667,0
          21.17622,38.96596,0
          21.17633,38.9658,0
          21.17705,38.96488,0
          21.17713,38.96476,0
          21.17726,38.96461,0
          21.17846,38.96308,0
          21.17857,38.96293,0
          21.17884,38.96262,0
          21.17912,38.96234,0
          21.17925,38.96219,0
          21.17969,38.96174,0
          21.18043,38.96114,0
          21.18048,38.96112,0
          21.18057,38.96107,0
          21.1807,38.96098,0
          21.18073,38.96097,0
          21.18099,38.96081,0
          21.18106,38.96078,0
          21.18132,38.96063,0
          21.18139,38.9606,0
          21.18199,38.96029,0
          21.18244,38.9601,0
          21.18331,38.95977,0
          21.18353,38.9597,0
          21.18396,38.95954,0
          21.18418,38.95947,0
          21.18419,38.95946,0
          21.18425,38.95944,0
          21.18459,38.95929,0
          21.1846,38.95929,0
          21.18481,38.95919,0
          21.18498,38.95912,0
          21.18536,38.95889,0
          21.18539,38.95888,0
          21.18573,38.95868,0
          21.18577,38.95866,0
          21.18589,38.95858,0
          21.18592,38.95857,0
          21.18595,38.95854,0
          21.18609,38.95845,0
          21.1863,38.95829,0
          21.18631,38.95829,0
          21.18643,38.95821,0
          21.18648,38.95817,0
          21.1866,38.95809,0
          21.1866,38.95808,0
          21.18696,38.95779,0
          21.1874,38.95734,0
          21.18743,38.9573,0
          21.18748,38.95725,0
          21.18751,38.9572,0
          21.18753,38.95718,0
          21.18764,38.95704,0
          21.18765,38.95702,0
          21.18797,38.95661,0
          21.18825,38.95608,0
          21.18847,38.95561,0
          21.18867,38.95504,0
          21.18877,38.95467,0
          21.18881,38.95449,0
          21.18888,38.95392,0
          21.1889,38.95362,0
          21.18889,38.95315,0
          21.18885,38.95281,0
          21.18881,38.95256,0
          21.18872,38.95216,0
          21.18856,38.95163,0
          21.18848,38.95146,0
          21.18845,38.95141,0
          21.18841,38.95133,0
          21.18838,38.95121,0
          21.18811,38.95072,0
          21.18781,38.95024,0
          21.18669,38.94873,0
          21.18634,38.94815,0
          21.18587,38.94713,0
          21.18571,38.94665,0
          21.1856,38.94622,0
          21.18548,38.94563,0
          21.18544,38.94538,0
          21.18527,38.94387,0
          21.18525,38.94363,0
          21.18522,38.94343,0
          21.18515,38.94278,0
          21.18514,38.94275,0
          21.18508,38.94223,0
          21.18508,38.94218,0
          21.18502,38.94163,0
          21.18501,38.94146,0
          21.18498,38.94127,0
          21.18492,38.94075,0
          21.18492,38.9407,0
          21.18488,38.94039,0
          21.18488,38.94033,0
          21.18486,38.94017,0
          21.18483,38.94,0
          21.18482,38.93984,0
          21.1848,38.93976,0
          21.18477,38.93944,0
          21.18477,38.93939,0
          21.18476,38.93931,0
          21.18471,38.93914,0
          21.18463,38.93842,0
          21.18462,38.93824,0
          21.18446,38.93681,0
          21.18445,38.93663,0
          21.18431,38.93538,0
          21.1843,38.9352,0
          21.18428,38.93502,0
          21.18426,38.93491,0
          21.18426,38.93487,0
          21.18423,38.93466,0
          21.18397,38.93234,0
          21.18396,38.93234,0
          21.1838,38.93091,0
          21.18377,38.93073,0
          21.18373,38.93038,0
          21.18372,38.9302,0
          21.1837,38.93002,0
          21.18368,38.92964,0
          21.18365,38.92937,0
          21.18364,38.92919,0
          21.1834,38.92705,0
          21.18339,38.92687,0
          21.18337,38.92671,0
          21.18337,38.92669,0
          21.18335,38.92653,0
          21.18335,38.92651,0
          21.18333,38.92635,0
          21.18333,38.92633,0
          21.18331,38.92617,0
          21.1833,38.92599,0
          21.18329,38.92597,0
          21.18329,38.92589,0
          21.18328,38.92581,0
          21.18328,38.92544,0
          21.18327,38.92526,0
          21.18327,38.92472,0
          21.18326,38.92454,0
          21.18326,38.92418,0
          21.18325,38.924,0
          21.18325,38.92221,0
          21.18324,38.92203,0
          21.18324,38.92113,0
          21.18323,38.92095,0
          21.18323,38.92059,0
          21.18322,38.92041,0
          21.18322,38.91987,0
          21.18321,38.9197,0
          21.18321,38.91932,0
          21.1832,38.91915,0
          21.1832,38.91847,0
          21.18319,38.91829,0
          21.18319,38.91703,0
          21.18318,38.91685,0
          21.18318,38.91294,0
          21.18317,38.91276,0
          21.18317,38.91151,0
          21.18316,38.91133,0
          21.18316,38.91097,0
          21.18317,38.91079,0
          21.18317,38.91043,0
          21.18318,38.91025,0
          21.18318,38.90989,0
          21.18319,38.90971,0
          21.18319,38.9094,0
          21.1832,38.90922,0
          21.1832,38.90832,0
          21.18319,38.90815,0
          21.18319,38.90704,0
          21.1832,38.90685,0
          21.1832,38.90551,0
          21.18319,38.90538,0
          21.18319,38.90482,0
          21.18318,38.90464,0
          21.18318,38.90408,0
          21.18317,38.9039,0
          21.18317,38.90223,0
          21.18316,38.90203,0
          21.18316,38.90132,0
          21.18317,38.90121,0
          21.18317,38.90107,0
          21.18318,38.90094,0
          21.18318,38.90066,0
          21.18319,38.90052,0
          21.18319,38.89994,0
          21.1832,38.89976,0
          21.1832,38.8994,0
          21.18321,38.89932,0
          21.18321,38.89913,0
          21.18322,38.89902,0
          21.18322,38.89884,0
          21.18323,38.89876,0
          21.18323,38.89858,0
          21.18324,38.89847,0
          21.18324,38.8983,0
          21.18325,38.89823,0
          21.18325,38.89803,0
          21.18326,38.89796,0
          21.18328,38.89789,0
          21.1833,38.89772,0
          21.18333,38.89762,0
          21.18336,38.89745,0
          21.18338,38.89738,0
          21.18341,38.89721,0
          21.18349,38.89691,0
          21.18349,38.89688,0
          21.18361,38.89646,0
          21.18373,38.89611,0
          21.18378,38.89594,0
          21.18381,38.89587,0
          21.18384,38.89576,0
          21.18396,38.89542,0
          21.18396,38.89541,0
          21.18403,38.89525,0
          21.18409,38.89507,0
          21.18416,38.8949,0
          21.18475,38.89371,0
          21.18491,38.89345,0
          21.18494,38.89341,0
          21.18501,38.89329,0
          21.18504,38.89325,0
          21.18514,38.89308,0
          21.18563,38.89239,0
          21.18591,38.89203,0
          21.18601,38.89192,0
          21.18604,38.89188,0
          21.18607,38.89185,0
          21.18616,38.89173,0
          21.18619,38.8917,0
          21.18694,38.89084,0
          21.18697,38.8908,0
          21.1871,38.89066,0
          21.1872,38.89054,0
          21.18789,38.88978,0
          21.18828,38.88933,0
          21.18841,38.88919,0
          21.18893,38.88859,0
          21.18907,38.88844,0
          21.1896,38.88783,0
          21.1898,38.88757,0
          21.18982,38.88755,0
          21.18992,38.88741,0
          21.18994,38.88739,0
          21.19004,38.88726,0
          21.19005,38.88724,0
          21.19017,38.88708,0
          21.19026,38.88694,0
          21.19028,38.88692,0
          21.19037,38.88679,0
          21.19039,38.88677,0
          21.19048,38.88663,0
          21.1905,38.88661,0
          21.19094,38.88591,0
          21.19099,38.8858,0
          21.19117,38.88547,0
          21.19143,38.88495,0
          21.19149,38.8848,0
          21.19157,38.88463,0
          21.19178,38.88411,0
          21.19184,38.88394,0
          21.19219,38.88309,0
          21.19225,38.88291,0
          21.19232,38.88274,0
          21.19238,38.88257,0
          21.19272,38.88172,0
          21.19273,38.88171,0
          21.19279,38.88155,0
          21.1928,38.88154,0
          21.19286,38.88138,0
          21.19287,38.88137,0
          21.19293,38.88121,0
          21.19294,38.8812,0
          21.193,38.88104,0
          21.193,38.88103,0
          21.19328,38.88034,0
          21.19334,38.88017,0
          21.19348,38.87983,0
          21.19354,38.87965,0
          21.19361,38.87948,0
          21.19367,38.87931,0
          21.19374,38.87914,0
          21.19393,38.87862,0
          21.19407,38.87828,0
          21.19413,38.87811,0
          21.19427,38.87776,0
          21.19433,38.87759,0
          21.1944,38.87742,0
          21.19452,38.87707,0
          21.19459,38.8769,0
          21.19463,38.87677,0
          21.19491,38.87609,0
          21.19497,38.87592,0
          21.19504,38.87575,0
          21.19523,38.87523,0
          21.19544,38.87472,0
          21.19547,38.87463,0
          21.19551,38.87455,0
          21.19563,38.87427,0
          21.19565,38.87421,0
          21.19572,38.87404,0
          21.19578,38.87387,0
          21.19592,38.87353,0
          21.19635,38.8724,0
          21.1964,38.87223,0
          21.19649,38.87186,0
          21.19661,38.87127,0
          21.19664,38.87099,0
          21.19665,38.87068,0
          21.19664,38.87055,0
          21.19664,38.87014,0
          21.19661,38.87001,0
          21.19655,38.86965,0
          21.19647,38.8693,0
          21.19642,38.86912,0
          21.19625,38.86861,0
          21.19624,38.8686,0
          21.19617,38.86842,0
          21.19593,38.86791,0
          21.1958,38.86766,0
          21.19558,38.8673,0
          21.19554,38.86726,0
          21.1953,38.86695,0
          21.19517,38.8668,0
          21.19461,38.86622,0
          21.19459,38.86619,0
          21.19446,38.86608,0
          21.19431,38.86594,0
          21.19399,38.86568,0
          21.19349,38.8653,0
          21.19332,38.86518,0
          21.1929,38.86492,0
          21.19289,38.86491,0
          21.19251,38.86471,0
          21.19233,38.86457,0
          21.19214,38.86444,0
          21.19177,38.86428,0
          21.19144,38.86415,0
          21.19103,38.86401,0
          21.1906,38.86388,0
          21.19046,38.86385,0
          21.19038,38.86382,0
          21.18971,38.86367,0
          21.18962,38.86366,0
          21.18924,38.86359,0
          21.18869,38.86352,0
          21.18809,38.86347,0
          21.18787,38.86347,0
          21.18684,38.86338,0
          21.18112,38.86298,0
          21.18107,38.86297,0
          21.17848,38.86279,0
          21.17843,38.86278,0
          21.17821,38.86277,0
          21.17731,38.86269,0
          21.17708,38.86266,0
          21.17663,38.86258,0
          21.17596,38.86241,0
          21.17573,38.86233,0
          21.17553,38.86227,0
          21.17483,38.86199,0
          21.17417,38.86165,0
          21.17407,38.86159,0
          21.17372,38.86135,0
          21.1736,38.86128,0
          21.17355,38.86123,0
          21.17323,38.86097,0
          21.17308,38.86083,0
          21.17279,38.86053,0
          21.1724,38.86008,0
          21.17213,38.85967,0
          21.17192,38.85928,0
          21.17184,38.85911,0
          21.1718,38.85901,0
          21.17176,38.85893,0
          21.17169,38.85876,0
          21.17166,38.8587,0
          21.17153,38.85824,0
          21.17153,38.85823,0
          21.17149,38.8581,0
          21.17149,38.85806,0
          21.17144,38.85758,0
          21.17143,38.85752,0
          21.17143,38.85716,0
          21.17145,38.85698,0
          21.17146,38.8568,0
          21.1715,38.85662,0
          21.17154,38.85636,0
          21.17166,38.85595,0
          21.17168,38.85591,0
          21.17174,38.85573,0
          21.17179,38.85562,0
          21.17181,38.85556,0
          21.17188,38.85539,0
          21.17196,38.85522,0
          21.1721,38.85488,0
          21.17218,38.85472,0
          21.17218,38.85471,0
          21.17219,38.85471,0
          21.17226,38.85455,0
          21.17226,38.85454,0
          21.17234,38.85439,0
          21.17234,38.85437,0
          21.17249,38.85405,0
          21.17266,38.85364,0
          21.17268,38.8536,0
          21.1727,38.85355,0
          21.1727,38.85354,0
          21.17277,38.85338,0
          21.17277,38.85337,0
          21.17281,38.85327,0
          21.173,38.85288,0
          21.17307,38.85271,0
          21.17321,38.85241,0
          21.17322,38.85237,0
          21.17323,38.85237,0
          21.17328,38.85224,0
          21.1733,38.85221,0
          21.1733,38.8522,0
          21.17345,38.85187,0
          21.17346,38.85183,0
          21.17353,38.85171,0
          21.17401,38.85071,0
          21.17403,38.85069,0
          21.17411,38.85052,0
          21.17425,38.85025,0
          21.17429,38.85019,0
          21.17456,38.84969,0
          21.17464,38.84952,0
          21.17484,38.8492,0
          21.17485,38.84917,0
          21.17488,38.84913,0
          21.1749,38.84909,0
          21.17524,38.84855,0
          21.17557,38.84807,0
          21.17567,38.84791,0
          21.17578,38.84775,0
          21.17597,38.84745,0
          21.17598,38.84743,0
          21.17621,38.84712,0
          21.17623,38.8471,0
          21.17654,38.84664,0
          21.17655,38.84663,0
          21.17665,38.84648,0
          21.17666,38.84647,0
          21.17676,38.84633,0
          21.17677,38.84631,0
          21.17687,38.84617,0
          21.17688,38.84615,0
          21.17709,38.84585,0
          21.1771,38.84583,0
          21.17712,38.84581,0
          21.17742,38.84538,0
          21.17754,38.84522,0
          21.17809,38.84443,0
          21.17821,38.84428,0
          21.17854,38.8438,0
          21.17864,38.84364,0
          21.17875,38.84348,0
          21.17887,38.84333,0
          21.1791,38.84302,0
          21.17912,38.843,0
          21.17922,38.84284,0
          21.17999,38.84175,0
          21.18,38.84174,0
          21.1801,38.84158,0
          21.18021,38.84142,0
          21.18044,38.84111,0
          21.18055,38.84095,0
          21.18065,38.84079,0
          21.18093,38.84038,0
          21.18097,38.84031,0
          21.18108,38.84015,0
          21.18118,38.83999,0
          21.18129,38.83983,0
          21.18149,38.83951,0
          21.18178,38.83901,0
          21.18185,38.8389,0
          21.18187,38.83885,0
          21.18226,38.83813,0
          21.18226,38.83812,0
          21.18258,38.83746,0
          21.18258,38.83745,0
          21.1829,38.83677,0
          21.18297,38.8366,0
          21.18305,38.83643,0
          21.18311,38.83632,0
          21.18313,38.83626,0
          21.18322,38.8361,0
          21.18354,38.83542,0
          21.18361,38.83525,0
          21.18385,38.83474,0
          21.18388,38.83466,0
          21.18418,38.83407,0
          21.18474,38.83289,0
          21.18489,38.8326,0
          21.18491,38.83255,0
          21.18492,38.83254,0
          21.18499,38.83238,0
          21.18499,38.83237,0
          21.18506,38.83221,0
          21.18507,38.8322,0
          21.1852,38.83191,0
          21.18522,38.83188,0
          21.18549,38.8313,0
          21.1858,38.8307,0
          21.18588,38.83053,0
          21.18589,38.83052,0
          21.18623,38.82986,0
          21.18681,38.82888,0
          21.18711,38.8284,0
          21.18722,38.82824,0
          21.18732,38.82808,0
          21.18887,38.82592,0
          21.1889,38.82587,0
          21.18945,38.82508,0
          21.18945,38.82507,0
          21.18955,38.82493,0
          21.18956,38.82492,0
          21.18967,38.82477,0
          21.18968,38.82476,0
          21.18979,38.82461,0
          21.18991,38.82446,0
          21.19065,38.8233,0
          21.19072,38.82316,0
          21.19136,38.82201,0
          21.19137,38.82198,0
          21.19144,38.82184,0
          21.19151,38.82167,0
          21.19159,38.8215,0
          21.19166,38.82133,0
          21.19174,38.82116,0
          21.19174,38.82115,0
          21.19181,38.82099,0
          21.19182,38.82098,0
          21.19204,38.82047,0
          21.19216,38.82013,0
          21.19226,38.81978,0
          21.1923,38.8196,0
          21.19232,38.81955,0
          21.19247,38.81889,0
          21.1925,38.81878,0
          21.19251,38.81871,0
          21.19252,38.81871,0
          21.19255,38.81854,0
          21.19255,38.81853,0
          21.19259,38.81836,0
          21.19262,38.81818,0
          21.19266,38.818,0
          21.19269,38.81783,0
          21.19273,38.81765,0
          21.19276,38.81747,0
          21.1928,38.81729,0
          21.19283,38.81711,0
          21.19287,38.81694,0
          21.19293,38.81658,0
          21.19297,38.8164,0
          21.193,38.81622,0
          21.19304,38.81605,0
          21.1931,38.81569,0
          21.19314,38.81552,0
          21.19314,38.81551,0
          21.19344,38.81373,0
          21.19348,38.81355,0
          21.1936,38.81284,0
          21.19364,38.81266,0
          21.1937,38.8123,0
          21.19374,38.81212,0
          21.1938,38.81177,0
          21.19384,38.81159,0
          21.19403,38.81053,0
          21.19411,38.80997,0
          21.19423,38.80927,0
          21.19431,38.80887,0
          21.19437,38.80848,0
          21.19442,38.80824,0
          21.19466,38.80684,0
          21.19467,38.80675,0
          21.19473,38.80641,0
          21.19477,38.80623,0
          21.19482,38.80589,0
          21.19486,38.80569,0
          21.19491,38.80534,0
          21.19495,38.80514,0
          21.19497,38.80497,0
          21.19501,38.80479,0
          21.19517,38.8039,0
          21.19522,38.80368,0
          21.19526,38.80336,0
          21.1953,38.80319,0
          21.19531,38.8031,0
          21.19533,38.80302,0
          21.19535,38.80285,0
          21.19547,38.80212,0
          21.19552,38.80192,0
          21.19553,38.8018,0
          21.19559,38.80143,0
          21.19566,38.80109,0
          21.19582,38.80017,0
          21.19586,38.79999,0
          21.19588,38.79983,0
          21.19592,38.79966,0
          21.19594,38.7995,0
          21.19596,38.79942,0
          21.19597,38.7993,0
          21.19604,38.79895,0
          21.19607,38.79873,0
          21.1961,38.79857,0
          21.19613,38.79845,0
          21.19614,38.79833,0
          21.19619,38.79803,0
          21.19623,38.79787,0
          21.19624,38.79775,0
          21.19625,38.79771,0
          21.19626,38.79763,0
          21.19627,38.79758,0
          21.19627,38.79753,0
          21.1963,38.79734,0
          21.19633,38.7972,0
          21.1965,38.79621,0
          21.19654,38.79593,0
          21.19657,38.79582,0
          21.19657,38.79579,0
          21.19658,38.7957,0
          21.1966,38.79563,0
          21.19661,38.79551,0
          21.19668,38.79514,0
          21.1967,38.79498,0
          21.19673,38.79481,0
          21.19677,38.79464,0
          21.19692,38.79375,0
          21.19696,38.79358,0
          21.19699,38.7934,0
          21.19705,38.79312,0
          21.19706,38.79304,0
          21.19707,38.793,0
          21.19709,38.79286,0
          21.19713,38.79269,0
          21.19719,38.79233,0
          21.19723,38.79215,0
          21.19726,38.79197,0
          21.19727,38.79193,0
          21.19729,38.7918,0
          21.19734,38.79157,0
          21.19784,38.78859,0
          21.19786,38.7885,0
          21.1979,38.78826,0
          21.19792,38.78808,0
          21.19801,38.78755,0
          21.19803,38.78737,0
          21.19806,38.78722,0
          21.19808,38.78708,0
          21.19808,38.78706,0
          21.1981,38.78694,0
          21.1981,38.7869,0
          21.19815,38.78665,0
          21.19816,38.78655,0
          21.19817,38.78652,0
          21.19822,38.78613,0
          21.19825,38.78598,0
          21.19829,38.78552,0
          21.19829,38.78547,0
          21.19831,38.78529,0
          21.19833,38.78493,0
          21.19833,38.78479,0
          21.19834,38.78468,0
          21.19834,38.78457,0
          21.19832,38.7843,0
          21.19832,38.78419,0
          21.1983,38.78409,0
          21.19828,38.78392,0
          21.19824,38.78374,0
          21.19821,38.78357,0
          21.19816,38.7834,0
          21.19808,38.78306,0
          21.19805,38.78297,0
          21.19804,38.78292,0
          21.198,38.78281,0
          21.19799,38.7828,0
          21.19795,38.78267,0
          21.19793,38.78263,0
          21.19767,38.78188,0
          21.1974,38.78133,0
          21.19736,38.78122,0
          21.19719,38.78086,0
          21.19673,38.7798,0
          21.19662,38.77948,0
          21.1966,38.77941,0
          21.19658,38.77936,0
          21.19644,38.77878,0
          21.19642,38.77872,0
          21.19632,38.77812,0
          21.19628,38.7776,0
          21.19628,38.77728,0
          21.19627,38.7772,0
          21.19628,38.77713,0
          21.19628,38.77694,0
          21.19629,38.77678,0
          21.19631,38.7766,0
          21.19631,38.77656,0
          21.19634,38.7763,0
          21.19637,38.77611,0
          21.19646,38.77567,0
          21.19658,38.77522,0
          21.19677,38.77467,0
          21.19688,38.77439,0
          21.19691,38.77433,0
          21.19696,38.77421,0
          21.19704,38.77406,0
          21.1971,38.77393,0
          21.19713,38.77389,0
          21.19734,38.77351,0
          21.19739,38.77344,0
          21.1974,38.77341,0
          21.19743,38.77337,0
          21.19754,38.77318,0
          21.19762,38.77307,0
          21.19766,38.773,0
          21.19792,38.77266,0
          21.19792,38.77265,0
          21.19812,38.77239,0
          21.19838,38.77209,0
          21.19842,38.77203,0
          21.19863,38.77179,0
          21.1987,38.7717,0
          21.19929,38.77105,0
          21.19994,38.77023,0
          21.20003,38.77008,0
          21.20017,38.76989,0
          21.20042,38.76948,0
          21.20048,38.76935,0
          21.20059,38.76916,0
          21.20073,38.76888,0
          21.20084,38.76862,0
          21.20084,38.7686,0
          21.20091,38.76845,0
          21.20113,38.7678,0
          21.2012,38.7675,0
          21.20126,38.76728,0
          21.20137,38.7667,0
          21.20145,38.76604,0
          21.20148,38.7657,0
          21.20151,38.76551,0
          21.20155,38.76508,0
          21.20157,38.76493,0
          21.20157,38.76488,0
          21.20158,38.76484,0
          21.20162,38.76437,0
          21.20174,38.76329,0
          21.20175,38.76326,0
          21.20176,38.76311,0
          21.20192,38.76165,0
          21.20193,38.76149,0
          21.20205,38.76045,0
          21.20205,38.7604,0
          21.20208,38.76013,0
          21.20209,38.76009,0
          21.20217,38.75939,0
          21.20221,38.75891,0
          21.20243,38.75694,0
          21.20247,38.7563,0
          21.20248,38.75624,0
          21.20249,38.75611,0
          21.20252,38.75597,0
          21.20253,38.7556,0
          21.20254,38.75556,0
          21.20254,38.75552,0
          21.20255,38.75541,0
          21.20256,38.75537,0
          21.20264,38.75474,0
          21.20282,38.75306,0
          21.20282,38.75304,0
          21.20284,38.75288,0
          21.20284,38.75286,0
          21.20304,38.75112,0
          21.20313,38.75046,0
          21.20324,38.74984,0
          21.20342,38.74894,0
          21.20343,38.74892,0
          21.20343,38.7489,0
          21.20348,38.74874,0
          21.20348,38.74872,0
          21.20352,38.74857,0
          21.20353,38.74855,0
          21.2037,38.74803,0
          21.20379,38.74772,0
          21.20386,38.74756,0
          21.20391,38.74738,0
          21.20395,38.74726,0
          21.204,38.74715,0
          21.20405,38.74696,0
          21.20412,38.74679,0
          21.20428,38.7463,0
          21.2043,38.74627,0
          21.20431,38.74623,0
          21.20452,38.7456,0
          21.2046,38.74542,0
          21.20484,38.7447,0
          21.20496,38.74437,0
          21.20503,38.7442,0
          21.20503,38.74418,0
          21.20509,38.74402,0
          21.2051,38.744,0
          21.20511,38.74399,0
          21.20522,38.74367,0
          21.2053,38.74348,0
          21.20535,38.74332,0
          21.20536,38.7433,0
          21.20548,38.74299,0
          21.20549,38.74297,0
          21.20549,38.74295,0
          21.20569,38.74245,0
          21.20569,38.74243,0
          21.20589,38.74192,0
          21.20589,38.7419,0
          21.20602,38.74157,0
          21.20604,38.74153,0
          21.20608,38.74141,0
          21.20609,38.7414,0
          21.2061,38.74138,0
          21.20616,38.7412,0
          21.20623,38.74103,0
          21.20624,38.74102,0
          21.20629,38.74088,0
          21.20629,38.74086,0
          21.20643,38.74052,0
          21.20648,38.74038,0
          21.20649,38.74037,0
          21.20649,38.74035,0
          21.20663,38.74001,0
          21.20663,38.73999,0
          21.20669,38.73986,0
          21.20669,38.73984,0
          21.20675,38.73968,0
          21.20682,38.73952,0
          21.20682,38.73951,0
          21.20683,38.73949,0
          21.20688,38.73934,0
          21.20689,38.73932,0
          21.20694,38.73917,0
          21.20702,38.73898,0
          21.20707,38.73882,0
          21.20708,38.7388,0
          21.20709,38.73879,0
          21.20713,38.73865,0
          21.2072,38.73848,0
          21.2072,38.73846,0
          21.20727,38.73829,0
          21.20732,38.73814,0
          21.20733,38.73812,0
          21.20739,38.73796,0
          21.20739,38.73794,0
          21.20748,38.73772,0
          21.20751,38.73762,0
          21.20752,38.7376,0
          21.20757,38.73745,0
          21.20758,38.73743,0
          21.20763,38.73727,0
          21.20763,38.73725,0
          21.20768,38.7371,0
          21.20769,38.73708,0
          21.20774,38.73693,0
          21.20774,38.73692,0
          21.20775,38.73691,0
          21.2078,38.73675,0
          21.20781,38.73673,0
          21.20781,38.73671,0
          21.20786,38.73658,0
          21.20787,38.73656,0
          21.20788,38.7365,0
          21.20792,38.73641,0
          21.20792,38.73639,0
          21.20794,38.73633,0
          21.20794,38.73632,0
          21.20805,38.73606,0
          21.20805,38.73604,0
          21.20811,38.73589,0
          21.20812,38.73588,0
          21.20812,38.73587,0
          21.20814,38.73581,0
          21.2082,38.73568,0
          21.20821,38.73564,0
          21.20826,38.73553,0
          21.20831,38.73538,0
          21.20832,38.73537,0
          21.20832,38.73536,0
          21.20838,38.73521,0
          21.2084,38.73517,0
          21.20852,38.73487,0
          21.20852,38.73485,0
          21.20858,38.73469,0
          21.20859,38.73468,0
          21.20859,38.73467,0
          21.20865,38.73454,0
          21.20865,38.73452,0
          21.20905,38.73368,0
          21.20906,38.73367,0
          21.20906,38.73366,0
          21.2093,38.73316,0
          21.20938,38.73302,0
          21.2094,38.733,0
          21.20948,38.73285,0
          21.20949,38.73284,0
          21.20958,38.73269,0
          21.20961,38.73263,0
          21.20977,38.73237,0
          21.20997,38.73202,0
          21.20998,38.73202,0
          21.20998,38.732,0
          21.21004,38.73192,0
          21.21016,38.7317,0
          21.21022,38.73161,0
          21.21026,38.73153,0
          21.21034,38.73139,0
          21.21036,38.73137,0
          21.21053,38.73106,0
          21.21055,38.73104,0
          21.21073,38.73072,0
          21.21082,38.73058,0
          21.21091,38.73041,0
          21.21093,38.73039,0
          21.21102,38.73023,0
          21.21103,38.73022,0
          21.21103,38.73021,0
          21.21111,38.73009,0
          21.21121,38.7299,0
          21.2113,38.72976,0
          21.21131,38.72974,0
          21.21132,38.72973,0
          21.21132,38.72972,0
          21.2114,38.72958,0
          21.21149,38.72944,0
          21.21158,38.72927,0
          21.2116,38.72925,0
          21.21169,38.72909,0
          21.21178,38.72895,0
          21.21188,38.72876,0
          21.21197,38.72862,0
          21.21207,38.72844,0
          21.21216,38.7283,0
          21.21226,38.72811,0
          21.21235,38.72797,0
          21.21244,38.72781,0
          21.21246,38.72779,0
          21.21254,38.72764,0
          21.21255,38.72763,0
          21.21274,38.7273,0
          21.21283,38.72716,0
          21.21292,38.72699,0
          21.21294,38.72697,0
          21.21303,38.72681,0
          21.21312,38.72667,0
          21.21338,38.72621,0
          21.2134,38.72618,0
          21.21342,38.72616,0
          21.21348,38.72605,0
          21.2135,38.72602,0
          21.21351,38.726,0
          21.2136,38.72586,0
          21.21361,38.72584,0
          21.21362,38.72581,0
          21.21363,38.7258,0
          21.2137,38.72567,0
          21.21379,38.72553,0
          21.21381,38.72549,0
          21.21382,38.72548,0
          21.21388,38.72537,0
          21.2139,38.72535,0
          21.21399,38.72518,0
          21.21408,38.72504,0
          21.21414,38.7249,0
          21.21416,38.72487,0
          21.21422,38.72473,0
          21.21424,38.72471,0
          21.21425,38.72469,0
          21.21426,38.72466,0
          21.21427,38.72465,0
          21.21433,38.72452,0
          21.21434,38.72449,0
          21.21434,38.72448,0
          21.2144,38.72437,0
          21.21448,38.7242,0
          21.21448,38.72418,0
          21.21488,38.72334,0
          21.21488,38.72333,0
          21.21494,38.72319,0
          21.21494,38.72317,0
          21.21501,38.723,0
          21.21501,38.72297,0
          21.21506,38.72284,0
          21.21508,38.7228,0
          21.21508,38.72279,0
          21.21514,38.72261,0
          21.21517,38.72255,0
          21.21518,38.7225,0
          21.21526,38.72227,0
          21.21529,38.72215,0
          21.21536,38.72194,0
          21.21536,38.72192,0
          21.2154,38.7218,0
          21.21541,38.72174,0
          21.21544,38.72162,0
          21.21546,38.72156,0
          21.2155,38.72141,0
          21.2155,38.72139,0
          21.21553,38.72121,0
          21.21556,38.72109,0
          21.21565,38.72055,0
          21.21567,38.7205,0
          21.21573,38.72014,0
          21.21574,38.72002,0
          21.21575,38.71996,0
          21.21577,38.71988,0
          21.21577,38.71984,0
          21.21578,38.71978,0
          21.21579,38.71966,0
          21.2158,38.7196,0
          21.21581,38.71948,0
          21.21581,38.71942,0
          21.21583,38.7193,0
          21.21583,38.71924,0
          21.21584,38.71912,0
          21.21585,38.71908,0
          21.21586,38.71894,0
          21.21586,38.71889,0
          21.21587,38.71876,0
          21.21587,38.71871,0
          21.21588,38.71858,0
          21.21588,38.71841,0
          21.21589,38.71835,0
          21.21589,38.71823,0
          21.2159,38.71817,0
          21.2159,38.71805,0
          21.21591,38.71799,0
          21.21591,38.71726,0
          21.2159,38.71715,0
          21.2159,38.71679,0
          21.21589,38.71673,0
          21.21589,38.71643,0
          21.21588,38.71637,0
          21.21588,38.71607,0
          21.21587,38.71604,0
          21.21586,38.71589,0
          21.21586,38.71583,0
          21.21585,38.71571,0
          21.21584,38.71565,0
          21.21584,38.71547,0
          21.21583,38.71535,0
          21.21583,38.71511,0
          21.21582,38.71499,0
          21.21582,38.71475,0
          21.21581,38.71463,0
          21.21581,38.71439,0
          21.2158,38.71427,0
          21.2158,38.71403,0
          21.21579,38.71391,0
          21.21579,38.71373,0
          21.21578,38.71367,0
          21.21578,38.71337,0
          21.21577,38.71331,0
          21.21577,38.71313,0
          21.21576,38.71301,0
          21.21576,38.71283,0
          21.21575,38.71277,0
          21.21575,38.71259,0
          21.21574,38.71247,0
          21.21574,38.71241,0
          21.21573,38.71229,0
          21.21573,38.71211,0
          21.21572,38.71205,0
          21.21572,38.71187,0
          21.21571,38.71175,0
          21.21571,38.71157,0
          21.2157,38.71151,0
          21.2157,38.71134,0
          21.21569,38.71121,0
          21.21569,38.71103,0
          21.21568,38.71098,0
          21.21568,38.7108,0
          21.21567,38.71067,0
          21.21567,38.71044,0
          21.21566,38.71037,0
          21.21566,38.71031,0
          21.21565,38.71026,0
          21.21564,38.71014,0
          21.21564,38.71008,0
          21.21563,38.70996,0
          21.21562,38.7099,0
          21.21561,38.70978,0
          21.2156,38.70972,0
          21.21559,38.7096,0
          21.21559,38.70954,0
          21.21558,38.70949,0
          21.21558,38.70942,0
          21.21554,38.70906,0
          21.21553,38.70888,0
          21.21549,38.70852,0
          21.21548,38.70834,0
          21.21545,38.70806,0
          21.21545,38.70798,0
          21.21539,38.7069,0
          21.21539,38.70672,0
          21.21533,38.70565,0
          21.21533,38.70555,0
          21.21532,38.70536,0
          21.21532,38.70516,0
          21.21529,38.70456,0
          21.21529,38.70437,0
          21.21526,38.70377,0
          21.21526,38.70358,0
          21.21522,38.70278,0
          21.21522,38.70267,0
          21.21521,38.70261,0
          21.21521,38.7025,0
          21.21519,38.70226,0
          21.21519,38.70157,0
          21.21518,38.70139,0
          21.21517,38.69973,0
          21.21516,38.69959,0
          21.21516,38.69952,0
          21.21515,38.69939,0
          21.21515,38.69922,0
          21.21507,38.69778,0
          21.21507,38.69765,0
          21.21506,38.6976,0
          21.21506,38.69743,0
          21.21504,38.69704,0
          21.21504,38.69691,0
          21.215,38.69632,0
          21.215,38.69617,0
          21.21499,38.69614,0
          21.21499,38.69597,0
          21.21498,38.6959,0
          21.21498,38.69571,0
          21.21497,38.69561,0
          21.21496,38.69527,0
          21.21495,38.69518,0
          21.21495,38.69507,0
          21.21494,38.69498,0
          21.21494,38.69488,0
          21.21493,38.69471,0
          21.21493,38.69453,0
          21.21492,38.69436,0
          21.21492,38.69418,0
          21.21491,38.694,0
          21.21491,38.69271,0
          21.21493,38.69217,0
          21.21493,38.69178,0
          21.21494,38.69165,0
          21.21494,38.69158,0
          21.21496,38.69122,0
          21.21498,38.69105,0
          21.21499,38.69087,0
          21.21501,38.69069,0
          21.21501,38.69064,0
          21.21507,38.69016,0
          21.2151,38.68998,0
          21.21512,38.6898,0
          21.21516,38.68956,0
          21.21521,38.68912,0
          21.21522,38.68909,0
          21.21533,38.68856,0
          21.21538,38.68839,0
          21.21546,38.68803,0
          21.21551,38.68786,0
          21.21552,38.6878,0
          21.2156,38.68755,0
          21.21571,38.68716,0
          21.21577,38.68699,0
          21.21585,38.68672,0
          21.21595,38.68647,0
          21.21616,38.68589,0
          21.21627,38.68562,0
          21.21642,38.68521,0
          21.21681,38.68425,0
          21.21705,38.68374,0
          21.21714,38.68358,0
          21.21738,38.68309,0
          21.21748,38.68292,0
          21.21793,38.68209,0
          21.21822,38.68162,0
          21.21854,38.68114,0
          21.21866,38.68098,0
          21.21887,38.68066,0
          21.21899,38.68051,0
          21.21912,38.68031,0
          21.21924,38.68015,0
          21.21933,38.68001,0
          21.21944,38.67986,0
          21.21962,38.67959,0
          21.22024,38.67876,0
          21.22034,38.67864,0
          21.22046,38.67848,0
          21.22189,38.67686,0
          21.22209,38.67666,0
          21.2222,38.67654,0
          21.22223,38.67652,0
          21.22234,38.6764,0
          21.22249,38.67626,0
          21.22251,38.67623,0
          21.22252,38.67622,0
          21.22254,38.67621,0
          21.22263,38.67611,0
          21.22362,38.67518,0
          21.22368,38.67514,0
          21.22414,38.67473,0
          21.22463,38.67434,0
          21.22479,38.6742,0
          21.22486,38.67415,0
          21.22494,38.67407,0
          21.22501,38.67401,0
          21.22531,38.67379,0
          21.22534,38.67376,0
          21.22551,38.67364,0
          21.22567,38.67351,0
          21.22584,38.67339,0
          21.22616,38.67313,0
          21.22633,38.67301,0
          21.22666,38.67275,0
          21.22758,38.6721,0
          21.22963,38.67059,0
          21.22967,38.67055,0
          21.22984,38.67043,0
          21.23,38.6703,0
          21.23017,38.67018,0
          21.23019,38.67016,0
          21.23083,38.66968,0
          21.23179,38.669,0
          21.23232,38.66857,0
          21.23235,38.66854,0
          21.23261,38.66837,0
          21.23266,38.66833,0
          21.23284,38.66821,0
          21.23363,38.66764,0
          21.23368,38.66761,0
          21.23419,38.66724,0
          21.23426,38.6672,0
          21.23568,38.66613,0
          21.23585,38.66601,0
          21.23587,38.666,0
          21.23602,38.66589,0
          21.23618,38.66576,0
          21.23635,38.66564,0
          21.23751,38.66476,0
          21.23768,38.66464,0
          21.23768,38.66463,0
          21.23834,38.66413,0
          21.23887,38.66367,0
          21.23895,38.66359,0
          21.23926,38.66332,0
          21.2394,38.66318,0
          21.23963,38.66293,0
          21.23968,38.66289,0
          21.23977,38.66279,0
          21.23996,38.6626,0
          21.24009,38.66245,0
          21.24037,38.66216,0
          21.24113,38.66125,0
          21.24124,38.66109,0
          21.24136,38.66094,0
          21.24147,38.66078,0
          21.24151,38.66073,0
          21.24158,38.66062,0
          21.2417,38.66046,0
          21.2419,38.66017,0
          21.24192,38.66015,0
          21.24244,38.65934,0
          21.24253,38.65917,0
          21.24257,38.65912,0
          21.24281,38.65868,0
          21.24313,38.65801,0
          21.24314,38.65798,0
          21.24322,38.65782,0
          21.24351,38.65716,0
          21.24369,38.65667,0
          21.24376,38.6565,0
          21.24386,38.65621,0
          21.244,38.65573,0
          21.24401,38.65566,0
          21.24406,38.65549,0
          21.24414,38.65515,0
          21.24418,38.65501,0
          21.24418,38.65498,0
          21.24424,38.65464,0
          21.24428,38.65447,0
          21.24431,38.6543,0
          21.24431,38.65428,0
          21.24445,38.65313,0
          21.2445,38.65218,0
          21.2445,38.65181,0
          21.24448,38.65145,0
          21.24448,38.65124,0
          21.24446,38.65109,0
          21.24444,38.65072,0
          21.24443,38.65069,0
          21.24442,38.65054,0
          21.24437,38.65007,0
          21.24427,38.64945,0
          21.24427,38.64942,0
          21.24421,38.64909,0
          21.2442,38.64907,0
          21.24417,38.64891,0
          21.2441,38.64861,0
          21.24409,38.64855,0
          21.244,38.6482,0
          21.24397,38.64804,0
          21.24396,38.64802,0
          21.2439,38.64784,0
          21.24385,38.64766,0
          21.24379,38.64749,0
          21.24377,38.64742,0
          21.24376,38.64737,0
          21.24373,38.64731,0
          21.24359,38.6469,0
          21.24357,38.64686,0
          21.24326,38.64609,0
          21.24303,38.64557,0
          21.24302,38.64556,0
          21.24295,38.6454,0
          21.24277,38.64507,0
          21.24269,38.6449,0
          21.24215,38.64389,0
          21.24195,38.64356,0
          21.24186,38.64339,0
          21.24176,38.64323,0
          21.24158,38.64289,0
          21.24148,38.64273,0
          21.24124,38.64228,0
          21.24114,38.64212,0
          21.24096,38.64179,0
          21.24086,38.64163,0
          21.24027,38.64058,0
          21.24023,38.64053,0
          21.24014,38.64036,0
          21.24004,38.6402,0
          21.23995,38.64003,0
          21.23937,38.63905,0
          21.2392,38.63872,0
          21.2388,38.63807,0
          21.23844,38.63744,0
          21.23843,38.63741,0
          21.23823,38.63709,0
          21.23775,38.63627,0
          21.23728,38.63543,0
          21.23727,38.63542,0
          21.23719,38.63526,0
          21.23701,38.63495,0
          21.23691,38.6348,0
          21.23682,38.63464,0
          21.2368,38.63461,0
          21.23679,38.63458,0
          21.23655,38.63416,0
          21.2365,38.63406,0
          21.23606,38.63335,0
          21.23567,38.63269,0
          21.23564,38.63265,0
          21.23555,38.63248,0
          21.23545,38.63232,0
          21.23527,38.63199,0
          21.23517,38.63183,0
          21.23508,38.63166,0
          21.23507,38.63165,0
          21.23488,38.63132,0
          21.23472,38.63102,0
          21.23445,38.63057,0
          21.23427,38.63024,0
          21.23417,38.63008,0
          21.23408,38.62991,0
          21.23398,38.62975,0
          21.23389,38.62958,0
          21.2338,38.62943,0
          21.2338,38.62942,0
          21.23372,38.62925,0
          21.23329,38.62842,0
          21.23321,38.62825,0
          21.23318,38.62817,0
          21.23298,38.62774,0
          21.23291,38.62757,0
          21.23283,38.6274,0
          21.23277,38.62723,0
          21.23263,38.62688,0
          21.23245,38.62636,0
          21.23238,38.62619,0
          21.23214,38.62549,0
          21.23209,38.62532,0
          21.23204,38.6252,0
          21.23203,38.62515,0
          21.23167,38.62388,0
          21.23155,38.62334,0
          21.23146,38.62281,0
          21.23142,38.62263,0
          21.23139,38.62245,0
          21.23135,38.62228,0
          21.23129,38.62192,0
          21.23129,38.62188,0
          21.23123,38.62138,0
          21.23122,38.6212,0
          21.23116,38.62066,0
          21.23116,38.62062,0
          21.23113,38.62032,0
          21.23109,38.61959,0
          21.23109,38.61827,0
          21.2311,38.61812,0
          21.2311,38.61781,0
          21.23111,38.61776,0
          21.23113,38.6174,0
          21.23115,38.61722,0
          21.23118,38.61668,0
          21.2312,38.61651,0
          21.2312,38.6164,0
          21.23127,38.61578,0
          21.23128,38.6156,0
          21.23138,38.61471,0
          21.23139,38.61453,0
          21.23155,38.61309,0
          21.23156,38.61292,0
          21.23168,38.61184,0
          21.23169,38.61167,0
          21.2317,38.61166,0
          21.23171,38.61148,0
          21.23173,38.61132,0
          21.23173,38.6113,0
          21.23175,38.61114,0
          21.23175,38.61112,0
          21.23177,38.61094,0
          21.23178,38.61076,0
          21.23184,38.61023,0
          21.23185,38.61005,0
          21.23191,38.60951,0
          21.23192,38.60933,0
          21.23194,38.60915,0
          21.23195,38.60897,0
          21.23211,38.60755,0
          21.23214,38.60737,0
          21.23217,38.60711,0
          21.23217,38.60701,0
          21.2322,38.60647,0
          21.2322,38.60638,0
          21.23227,38.60575,0
          21.23229,38.6054,0
          21.23229,38.60534,0
          21.23231,38.60522,0
          21.23235,38.60486,0
          21.23238,38.60468,0
          21.2324,38.6045,0
          21.23243,38.60432,0
          21.23245,38.60414,0
          21.23251,38.60379,0
          21.23258,38.60315,0
          21.23259,38.60314,0
          21.23261,38.60297,0
          21.23264,38.60279,0
          21.23268,38.60243,0
          21.23271,38.60225,0
          21.23281,38.60136,0
          21.23284,38.60118,0
          21.23292,38.60046,0
          21.23293,38.6004,0
          21.23294,38.60025,0
          21.23295,38.60022,0
          21.23296,38.60003,0
          21.23299,38.59985,0
          21.23309,38.59895,0
          21.23309,38.59893,0
          21.23311,38.59878,0
          21.23312,38.59854,0
          21.23321,38.59775,0
          21.23321,38.59765,0
          21.23323,38.59747,0
          21.23326,38.59693,0
          21.23336,38.59605,0
          21.23337,38.59603,0
          21.23338,38.59585,0
          21.2334,38.59567,0
          21.23341,38.59549,0
          21.23343,38.59532,0
          21.23346,38.59514,0
          21.23346,38.59506,0
          21.23348,38.59496,0
          21.2335,38.59478,0
          21.23353,38.5946,0
          21.23357,38.59442,0
          21.23367,38.59407,0
          21.23371,38.5939,0
          21.23386,38.59337,0
          21.23392,38.59319,0
          21.23392,38.59317,0
          21.23395,38.59307,0
          21.23419,38.59242,0
          21.23456,38.59153,0
          21.23477,38.59114,0
          21.23487,38.59098,0
          21.2351,38.59058,0
          21.23537,38.59017,0
          21.23546,38.59001,0
          21.23556,38.58985,0
          21.23591,38.58938,0
          21.23602,38.58922,0
          21.23614,38.58907,0
          21.23625,38.58891,0
          21.23636,38.58878,0
          21.23636,38.58877,0
          21.23637,38.58876,0
          21.23672,38.58829,0
          21.23696,38.58799,0
          21.23706,38.58785,0
          21.23707,38.58783,0
          21.2372,38.58768,0
          21.23728,38.58757,0
          21.23731,38.58752,0
          21.23743,38.58737,0
          21.23801,38.58659,0
          21.23826,38.58629,0
          21.23841,38.58609,0
          21.23875,38.58568,0
          21.23935,38.58491,0
          21.23958,38.58463,0
          21.23959,38.58461,0
          21.24055,38.58338,0
          21.24066,38.58322,0
          21.24114,38.58261,0
          21.24131,38.58241,0
          21.24138,38.5823,0
          21.24175,38.58179,0
          21.24186,38.58166,0
          21.24187,38.58164,0
          21.24199,38.58148,0
          21.2427,38.58046,0
          21.24312,38.57967,0
          21.24313,38.57964,0
          21.24331,38.57924,0
          21.24334,38.57915,0
          21.24343,38.57893,0
          21.2436,38.57842,0
          21.24363,38.57827,0
          21.24371,38.57797,0
          21.24373,38.57792,0
          21.2438,38.57763,0
          21.24383,38.57738,0
          21.24389,38.57701,0
          21.24391,38.57683,0
          21.24392,38.57678,0
          21.24395,38.57647,0
          21.24397,38.57611,0
          21.24401,38.57574,0
          21.24402,38.57556,0
          21.24408,38.57501,0
          21.24408,38.57493,0
          21.24409,38.57485,0
          21.24411,38.57453,0
          21.24413,38.57437,0
          21.24416,38.57377,0
          21.24418,38.5737,0
          21.24423,38.57324,0
          21.24424,38.57306,0
          21.24426,38.57288,0
          21.24427,38.5727,0
          21.24429,38.57252,0
          21.2443,38.57234,0
          21.24434,38.57198,0
          21.24435,38.5718,0
          21.24439,38.57144,0
          21.2444,38.57126,0
          21.24444,38.5709,0
          21.24445,38.57072,0
          21.24449,38.57037,0
          21.2445,38.57019,0
          21.24452,38.57001,0
          21.24453,38.56983,0
          21.24455,38.56965,0
          21.24458,38.56918,0
          21.24457,38.56911,0
          21.24458,38.56907,0
          21.24473,38.56818,0
          21.24476,38.56807,0
          21.24485,38.56767,0
          21.24512,38.56688,0
          21.24514,38.56685,0
          21.24516,38.56678,0
          21.24519,38.56671,0
          21.24521,38.56668,0
          21.24541,38.56621,0
          21.24542,38.5662,0
          21.24552,38.56604,0
          21.24561,38.56587,0
          21.24581,38.56555,0
          21.24592,38.56539,0
          21.24602,38.56523,0
          21.24613,38.56507,0
          21.24622,38.56496,0
          21.24624,38.56494,0
          21.24635,38.56481,0
          21.24637,38.56478,0
          21.24687,38.56421,0
          21.24704,38.56403,0
          21.24732,38.56377,0
          21.24759,38.5635,0
          21.24773,38.56337,0
          21.24812,38.56307,0
          21.24819,38.56301,0
          21.24835,38.56289,0
          21.24851,38.56278,0
          21.24859,38.56271,0
          21.24863,38.56269,0
          21.24907,38.5624,0
          21.24908,38.56239,0
          21.24927,38.56229,0
          21.24968,38.56205,0
          21.25032,38.56174,0
          21.25104,38.56141,0
          21.25122,38.56134,0
          21.25127,38.56131,0
          21.25211,38.56098,0
          21.25228,38.56092,0
          21.25229,38.56092,0
          21.25248,38.56086,0
          21.25267,38.56081,0
          21.25371,38.56047,0
          21.25379,38.56045,0
          21.25384,38.56043,0
          21.25515,38.56,0
          21.2552,38.55998,0
          21.25554,38.55987,0
          21.25562,38.55985,0
          21.25735,38.55928,0
          21.2574,38.55926,0
          21.26057,38.55822,0
          21.26062,38.5582,0
          21.26067,38.55819,0
          21.26071,38.55817,0
          21.26135,38.55796,0
          21.26156,38.5579,0
          21.26495,38.55677,0
          21.26496,38.55677,0
          21.26537,38.5566,0
          21.26538,38.5566,0
          21.26645,38.55615,0
          21.26651,38.55611,0
          21.26689,38.55591,0
          21.26707,38.55579,0
          21.26741,38.55558,0
          21.26743,38.55557,0
          21.2676,38.55545,0
          21.26761,38.55545,0
          21.26768,38.5554,0
          21.26772,38.55538,0
          21.26778,38.55534,0
          21.26778,38.55533,0
          21.26811,38.55509,0
          21.26875,38.55457,0
          21.26887,38.55449,0
          21.26903,38.55437,0
          21.26927,38.55413,0
          21.26928,38.55413,0
          21.26931,38.55409,0
          21.26952,38.55388,0
          21.26961,38.5538,0
          21.26979,38.55359,0
          21.26991,38.55343,0
          21.26996,38.55338,0
          21.27011,38.55317,0
          21.27014,38.55312,0
          21.27015,38.55312,0
          21.27022,38.55302,0
          21.27025,38.55297,0
          21.27029,38.55292,0
          21.27046,38.55264,0
          21.27056,38.55249,0
          21.27056,38.55248,0
          21.27086,38.55199,0
          21.27095,38.55182,0
          21.27105,38.55166,0
          21.27132,38.55116,0
          21.27142,38.55099,0
          21.27168,38.55049,0
          21.27176,38.55032,0
          21.27183,38.55015,0
          21.27197,38.54986,0
          21.27199,38.54981,0
          21.27217,38.54948,0
          21.27221,38.54938,0
          21.27243,38.54897,0
          21.27251,38.5488,0
          21.27259,38.54865,0
          21.2726,38.54864,0
          21.27276,38.5483,0
          21.27285,38.54813,0
          21.27293,38.54796,0
          21.27295,38.54793,0
          21.27302,38.5478,0
          21.27307,38.54772,0
          21.27327,38.54736,0
          21.27338,38.54713,0
          21.27339,38.5471,0
          21.2734,38.54708,0
          21.27365,38.54672,0
          21.27367,38.54668,0
          21.2737,38.54666,0
          21.27406,38.54623,0
          21.27446,38.54584,0
          21.27492,38.54543,0
          21.27498,38.54539,0
          21.27514,38.54526,0
          21.27531,38.54514,0
          21.27547,38.54501,0
          21.27564,38.54489,0
          21.27569,38.54486,0
          21.27582,38.54477,0
          21.27603,38.54464,0
          21.27604,38.54463,0
          21.27644,38.54439,0
          21.27659,38.54429,0
          21.27663,38.54428,0
          21.27722,38.544,0
          21.27763,38.54384,0
          21.27764,38.54384,0
          21.27845,38.54353,0
          21.27849,38.54352,0
          21.27869,38.54344,0
          21.28055,38.54281,0
          21.28056,38.5428,0
          21.28076,38.54274,0
          21.28077,38.54273,0
          21.28131,38.54255,0
          21.28139,38.54251,0
          21.28175,38.54237,0
          21.28216,38.54218,0
          21.2831,38.54166,0
          21.28327,38.54154,0
          21.28344,38.54143,0
          21.28369,38.54125,0
          21.28373,38.54123,0
          21.28386,38.54115,0
          21.28418,38.5409,0
          21.28435,38.54078,0
          21.28502,38.54015,0
          21.28553,38.53958,0
          21.28566,38.53942,0
          21.28633,38.53853,0
          21.28637,38.53846,0
          21.28707,38.53754,0
          21.28743,38.53709,0
          21.28745,38.53705,0
          21.28754,38.53693,0
          21.28757,38.5369,0
          21.28766,38.53678,0
          21.28769,38.53675,0
          21.28801,38.53632,0
          21.28813,38.53617,0
          21.28862,38.53549,0
          21.28882,38.53524,0
          21.28904,38.53493,0
          21.2891,38.53486,0
          21.28927,38.53461,0
          21.28928,38.5346,0
          21.28939,38.53446,0
          21.2895,38.5343,0
          21.29011,38.53354,0
          21.29042,38.53318,0
          21.29065,38.53294,0
          21.2912,38.53232,0
          21.2923,38.5312,0
          21.29238,38.53113,0
          21.29252,38.53099,0
          21.29264,38.53088,0
          21.29267,38.53086,0
          21.29281,38.53072,0
          21.29286,38.53068,0
          21.29323,38.53034,0
          21.29327,38.53031,0
          21.29344,38.53015,0
          21.29399,38.52967,0
          21.294,38.52967,0
          21.29424,38.52946,0
          21.29433,38.52939,0
          21.29824,38.52607,0
          21.29876,38.5256,0
          21.2994,38.52499,0
          21.29978,38.52458,0
          21.30022,38.52407,0
          21.30086,38.52323,0
          21.30204,38.52126,0
          21.30319,38.51923,0
          21.30322,38.51916,0
          21.30332,38.519,0
          21.30341,38.51883,0
          21.30351,38.51867,0
          21.30356,38.51857,0
          21.30396,38.51787,0
          21.30398,38.51785,0
          21.30427,38.51734,0
          21.30447,38.51705,0
          21.30448,38.51704,0
          21.30459,38.51688,0
          21.30519,38.51613,0
          21.30571,38.51559,0
          21.30638,38.51498,0
          21.30644,38.51492,0
          21.30653,38.51485,0
          21.3066,38.51478,0
          21.30769,38.51386,0
          21.30799,38.51359,0
          21.30873,38.51289,0
          21.30924,38.51234,0
          21.30972,38.51176,0
          21.31025,38.51097,0
          21.31063,38.51028,0
          21.31107,38.5094,0
          21.31133,38.50881,0
          21.31142,38.50864,0
          21.31155,38.50843,0
          21.31168,38.5082,0
          21.31175,38.50811,0
          21.31197,38.50779,0
          21.31198,38.50776,0
          21.31231,38.50734,0
          21.31232,38.50732,0
          21.31244,38.50717,0
          21.31246,38.50714,0
          21.31257,38.50702,0
          21.31317,38.50643,0
          21.31339,38.50625,0
          21.31396,38.50582,0
          21.31398,38.50581,0
          21.31431,38.50558,0
          21.31447,38.50548,0
          21.31487,38.50526,0
          21.31505,38.50515,0
          21.31564,38.50487,0
          21.31633,38.5046,0
          21.322,38.50253,0
          21.32273,38.50224,0
          21.3229,38.50218,0
          21.32404,38.50173,0
          21.32545,38.50113,0
          21.32859,38.49972,0
          21.3308,38.49877,0
          21.33291,38.49795,0
          21.33312,38.49788,0
          21.33318,38.49785,0
          21.33333,38.4978,0
          21.33335,38.4978,0
          21.33398,38.49757,0
          21.33543,38.49708,0
          21.33545,38.49708,0
          21.33564,38.49701,0
          21.33566,38.49701,0
          21.33606,38.49686,0
          21.33627,38.49679,0
          21.33648,38.49671,0
          21.33656,38.49669,0
          21.33668,38.49663,0
          21.33689,38.49655,0
          21.33691,38.49654,0
          21.33704,38.49649,0
          21.33709,38.49646,0
          21.33749,38.49628,0
          21.33752,38.49626,0
          21.33825,38.49588,0
          21.33843,38.49577,0
          21.33875,38.49559,0
          21.33879,38.49555,0
          21.33896,38.49544,0
          21.33921,38.49526,0
          21.33948,38.49508,0
          21.33965,38.49495,0
          21.34024,38.49445,0
          21.34055,38.49414,0
          21.34068,38.49399,0
          21.34082,38.49385,0
          21.34095,38.4937,0
          21.34102,38.49363,0
          21.34108,38.49355,0
          21.34138,38.4932,0
          21.34156,38.49294,0
          21.34166,38.49278,0
          21.34177,38.49262,0
          21.34178,38.49262,0
          21.34196,38.49229,0
          21.34197,38.49228,0
          21.34232,38.49163,0
          21.34239,38.49146,0
          21.34287,38.49045,0
          21.34287,38.49044,0
          21.34301,38.49011,0
          21.34309,38.48994,0
          21.34323,38.48959,0
          21.34334,38.48935,0
          21.34352,38.48899,0
          21.3436,38.4888,0
          21.34369,38.48862,0
          21.34378,38.4884,0
          21.34386,38.48825,0
          21.34435,38.4872,0
          21.34483,38.48623,0
          21.34517,38.48565,0
          21.34524,38.48551,0
          21.3454,38.48523,0
          21.34547,38.48508,0
          21.34556,38.48494,0
          21.34596,38.48424,0
          21.34605,38.48411,0
          21.34613,38.48397,0
          21.34615,38.48395,0
          21.34748,38.48182,0
          21.34753,38.48173,0
          21.35271,38.47335,0
          21.35372,38.47176,0
          21.35383,38.47161,0
          21.35408,38.47124,0
          21.35458,38.47055,0
          21.35497,38.47006,0
          21.35596,38.46887,0
          21.35775,38.46696,0
          21.35777,38.46695,0
          21.3579,38.4668,0
          21.35797,38.46674,0
          21.35804,38.46666,0
          21.35863,38.46605,0
          21.35986,38.46471,0
          21.3605,38.46392,0
          21.36104,38.46321,0
          21.36174,38.46223,0
          21.36188,38.46205,0
          21.36202,38.46185,0
          21.36207,38.46176,0
          21.36221,38.46156,0
          21.36484,38.45752,0
          21.36592,38.45593,0
          21.36703,38.45436,0
          21.36715,38.45421,0
          21.36737,38.45389,0
          21.36741,38.45384,0
          21.3682,38.45273,0
          21.36841,38.45248,0
          21.36852,38.45231,0
          21.36876,38.45199,0
          21.36887,38.45182,0
          21.36911,38.4515,0
          21.36922,38.45133,0
          21.36924,38.45131,0
          21.3694,38.45108,0
          21.36946,38.45101,0
          21.36983,38.45053,0
          21.36985,38.45051,0
          21.36995,38.45037,0
          21.36996,38.45034,0
          21.37123,38.44864,0
          21.37124,38.44864,0
          21.37125,38.44862,0
          21.37126,38.44861,0
          21.37163,38.44809,0
          21.3719,38.44767,0
          21.37208,38.44736,0
          21.37229,38.4469,0
          21.37245,38.44646,0
          21.37285,38.44519,0
          21.37308,38.44441,0
          21.37323,38.44397,0
          21.37333,38.44363,0
          21.37355,38.44304,0
          21.37363,38.44285,0
          21.37374,38.44263,0
          21.37402,38.44215,0
          21.37419,38.4419,0
          21.37439,38.44164,0
          21.37463,38.44135,0
          21.3754,38.44059,0
          21.3762,38.43988,0
          21.37641,38.43971,0
          21.37782,38.43831,0
          21.37784,38.43828,0
          21.37795,38.43818,0
          21.37796,38.43816,0
          21.37964,38.43641,0
          21.38021,38.43584,0
          21.38035,38.43569,0
          21.3805,38.43555,0
          21.38092,38.43512,0
          21.38092,38.43511,0
          21.38107,38.43497,0
          21.382,38.43401,0
          21.38203,38.43397,0
          21.38248,38.43352,0
          21.38318,38.43279,0
          21.38361,38.43236,0
          21.38375,38.43221,0
          21.38435,38.43161,0
          21.38443,38.43152,0
          21.38465,38.4313,0
          21.38474,38.4312,0
          21.38486,38.43108,0
          21.38492,38.43101,0
          21.38494,38.431,0
          21.38506,38.43087,0
          21.38543,38.4305,0
          21.38553,38.43039,0
          21.38556,38.43035,0
          21.38565,38.43027,0
          21.38603,38.42987,0
          21.38616,38.42972,0
          21.3863,38.42958,0
          21.3866,38.42923,0
          21.38673,38.42906,0
          21.38691,38.4288,0
          21.38719,38.42835,0
          21.38728,38.42815,0
          21.38734,38.42798,0
          21.38754,38.42749,0
          21.38754,38.42747,0
          21.38755,38.42747,0
          21.3876,38.42729,0
          21.38766,38.42712,0
          21.38776,38.42677,0
          21.38779,38.42659,0
          21.38782,38.42648,0
          21.38782,38.42641,0
          21.38786,38.42606,0
          21.38788,38.42569,0
          21.38788,38.42551,0
          21.3879,38.42515,0
          21.3879,38.42497,0
          21.38791,38.42479,0
          21.38791,38.42435,0
          21.38792,38.42425,0
          21.38792,38.42407,0
          21.38793,38.42389,0
          21.38793,38.42371,0
          21.38795,38.42335,0
          21.38795,38.42309,0
          21.38796,38.42306,0
          21.38796,38.42282,0
          21.38797,38.42275,0
          21.38797,38.42264,0
          21.38798,38.42246,0
          21.38798,38.42228,0
          21.38799,38.4221,0
          21.38799,38.42192,0
          21.388,38.42174,0
          21.388,38.42156,0
          21.38802,38.4212,0
          21.38802,38.42102,0
          21.38803,38.42084,0
          21.38803,38.42058,0
          21.38804,38.42048,0
          21.38804,38.4203,0
          21.38805,38.42018,0
          21.38805,38.41922,0
          21.38804,38.41904,0
          21.38804,38.41796,0
          21.38803,38.41788,0
          21.38803,38.41778,0
          21.38804,38.41771,0
          21.38804,38.4176,0
          21.38805,38.41749,0
          21.38805,38.41746,0
          21.38806,38.41742,0
          21.38809,38.41724,0
          21.38811,38.41706,0
          21.38815,38.41689,0
          21.38836,38.41619,0
          21.3884,38.41608,0
          21.38866,38.41551,0
          21.38869,38.41543,0
          21.38895,38.41502,0
          21.38897,38.41498,0
          21.38931,38.41456,0
          21.38932,38.41454,0
          21.3895,38.41434,0
          21.39007,38.41378,0
          21.39059,38.41331,0
          21.39061,38.4133,0
          21.39077,38.41317,0
          21.3911,38.41293,0
          21.3911,38.41292,0
          21.39127,38.4128,0
          21.39159,38.41255,0
          21.39165,38.41251,0
          21.39175,38.41242,0
          21.39287,38.41151,0
          21.39302,38.41138,0
          21.39303,38.41138,0
          21.39313,38.4113,0
          21.39318,38.41125,0
          21.39319,38.41125,0
          21.39461,38.41008,0
          21.39463,38.41006,0
          21.39783,38.40746,0
          21.39799,38.40732,0
          21.39876,38.4067,0
          21.39879,38.40667,0
          21.39954,38.40606,0
          21.39956,38.40605,0
          21.39959,38.40602,0
          21.39975,38.40589,0
          21.39992,38.40577,0
          21.40008,38.40564,0
          21.40012,38.4056,0
          21.40019,38.40555,0
          21.4005,38.40529,0
          21.40055,38.40524,0
          21.40103,38.40485,0
          21.40118,38.40471,0
          21.40129,38.40463,0
          21.40134,38.40458,0
          21.40182,38.40419,0
          21.40194,38.4041,0
          21.40198,38.40406,0
          21.40247,38.40368,0
          21.40359,38.40277,0
          21.40375,38.40263,0
          21.40407,38.40237,0
          21.40408,38.40235,0
          21.40416,38.40229,0
          21.40508,38.40153,0
          21.40517,38.40147,0
          21.40566,38.40109,0
          21.40598,38.40087,0
          21.406,38.40085,0
          21.40652,38.4005,0
          21.40653,38.40049,0
          21.4074,38.40005,0
          21.40745,38.40004,0
          21.40746,38.40003,0
          21.40748,38.40002,0
          21.40758,38.39999,0
          21.40767,38.39995,0
          21.40769,38.39995,0
          21.40831,38.39972,0
          21.40873,38.39958,0
          21.40916,38.39946,0
          21.40938,38.39939,0
          21.41002,38.39921,0
          21.41023,38.39914,0
          21.41066,38.39902,0
          21.41087,38.39895,0
          21.41152,38.39877,0
          21.41171,38.39871,0
          21.41172,38.39871,0
          21.41173,38.3987,0
          21.41193,38.39865,0
          21.41193,38.39864,0
          21.41194,38.39864,0
          21.41237,38.39852,0
          21.41259,38.39845,0
          21.41302,38.39833,0
          21.41323,38.39826,0
          21.41333,38.39824,0
          21.41402,38.39801,0
          21.4149,38.39769,0
          21.41497,38.39767,0
          21.41543,38.39748,0
          21.41571,38.39735,0
          21.41586,38.39729,0
          21.41591,38.39726,0
          21.41611,38.39718,0
          21.41826,38.39622,0
          21.41831,38.39621,0
          21.41851,38.39612,0
          21.41871,38.39604,0
          21.4188,38.39601,0
          21.41931,38.39577,0
          21.42012,38.39543,0
          21.42026,38.39536,0
          21.42032,38.39534,0
          21.42072,38.39516,0
          21.42153,38.39482,0
          21.42193,38.39464,0
          21.42255,38.3944,0
          21.42276,38.39433,0
          21.42297,38.39425,0
          21.4234,38.39411,0
          21.42381,38.39399,0
          21.42383,38.39398,0
          21.42389,38.39397,0
          21.42403,38.39393,0
          21.42405,38.39393,0
          21.42411,38.39391,0
          21.42449,38.39382,0
          21.42449,38.39381,0
          21.42471,38.39376,0
          21.42508,38.39366,0
          21.42537,38.39361,0
          21.4256,38.39358,0
          21.4265,38.39342,0
          21.42656,38.39342,0
          21.42696,38.39337,0
          21.42765,38.39331,0
          21.4277,38.3933,0
          21.42907,38.3933,0
          21.43004,38.39335,0
          21.43013,38.39335,0
          21.43035,38.39338,0
          21.431,38.39344,0
          21.43105,38.39344,0
          21.43174,38.39353,0
          21.43196,38.39357,0
          21.43197,38.39357,0
          21.43215,38.3936,0
          21.43219,38.39361,0
          21.4322,38.39361,0
          21.43223,38.39362,0
          21.43241,38.39365,0
          21.43242,38.39365,0
          21.43263,38.39369,0
          21.43264,38.39369,0
          21.43286,38.39372,0
          21.43286,38.39373,0
          21.43308,38.39376,0
          21.43321,38.39379,0
          21.43374,38.39386,0
          21.43375,38.39386,0
          21.43397,38.39389,0
          21.43398,38.39389,0
          21.43419,38.39392,0
          21.4342,38.39392,0
          21.43441,38.39396,0
          21.43442,38.39396,0
          21.43463,38.394,0
          21.43464,38.394,0
          21.43479,38.39403,0
          21.43486,38.39403,0
          21.43508,38.39405,0
          21.43509,38.39406,0
          21.43531,38.39408,0
          21.43543,38.39408,0
          21.43566,38.3941,0
          21.43578,38.3941,0
          21.436,38.39412,0
          21.43611,38.39412,0
          21.43623,38.39413,0
          21.43646,38.39413,0
          21.43657,38.39412,0
          21.43708,38.39412,0
          21.43715,38.39411,0
          21.43829,38.39401,0
          21.4384,38.39399,0
          21.43852,38.39398,0
          21.43863,38.39396,0
          21.43875,38.39395,0
          21.43942,38.39383,0
          21.43943,38.39383,0
          21.4395,38.39381,0
          21.43964,38.39378,0
          21.43965,38.39378,0
          21.43981,38.39374,0
          21.43986,38.39372,0
          21.44008,38.39367,0
          21.44018,38.39364,0
          21.44024,38.39363,0
          21.44046,38.39356,0
          21.44051,38.39355,0
          21.44089,38.39343,0
          21.44094,38.39342,0
          21.44115,38.39334,0
          21.44131,38.39329,0
          21.44197,38.39303,0
          21.44217,38.39294,0
          21.44255,38.39279,0
          21.4426,38.39276,0
          21.44267,38.39274,0
          21.44275,38.3927,0
          21.44294,38.39262,0
          21.44295,38.39261,0
          21.44318,38.39252,0
          21.44336,38.39244,0
          21.44337,38.39243,0
          21.44351,38.39238,0
          21.44363,38.39232,0
          21.44377,38.39226,0
          21.44383,38.39224,0
          21.44397,38.39217,0
          21.44403,38.39215,0
          21.44417,38.39208,0
          21.44423,38.39206,0
          21.44478,38.39183,0
          21.44516,38.39169,0
          21.44584,38.39148,0
          21.44606,38.39142,0
          21.44612,38.39141,0
          21.44677,38.39126,0
          21.44679,38.39125,0
          21.44745,38.39113,0
          21.44835,38.39102,0
          21.44895,38.39098,0
          21.44897,38.39097,0
          21.45008,38.39096,0
          21.45071,38.39099,0
          21.4508,38.39099,0
          21.45285,38.39122,0
          21.45288,38.39123,0
          21.45308,38.39125,0
          21.4531,38.39126,0
          21.4533,38.39128,0
          21.45333,38.39128,0
          21.45335,38.39129,0
          21.45353,38.39131,0
          21.45357,38.39131,0
          21.45376,38.39134,0
          21.4538,38.39134,0
          21.45398,38.39137,0
          21.45403,38.39137,0
          21.45411,38.39139,0
          21.45421,38.3914,0
          21.45425,38.3914,0
          21.45428,38.39141,0
          21.45443,38.39143,0
          21.45446,38.39143,0
          21.45448,38.39144,0
          21.45466,38.39146,0
          21.45469,38.39146,0
          21.45489,38.39149,0
          21.45491,38.3915,0
          21.45511,38.39152,0
          21.45514,38.39152,0
          21.45525,38.39154,0
          21.45534,38.39155,0
          21.45538,38.39155,0
          21.45557,38.39158,0
          21.45561,38.39158,0
          21.45579,38.3916,0
          21.45582,38.39161,0
          21.45602,38.39163,0
          21.45605,38.39163,0
          21.45605,38.39164,0
          21.45625,38.39166,0
          21.45627,38.39167,0
          21.45647,38.39169,0
          21.4565,38.3917,0
          21.4567,38.39173,0
          21.45682,38.39174,0
          21.45692,38.39176,0
          21.45695,38.39176,0
          21.45715,38.39178,0
          21.45718,38.39179,0
          21.45738,38.39181,0
          21.4574,38.39182,0
          21.4576,38.39184,0
          21.45763,38.39184,0
          21.45783,38.39187,0
          21.45786,38.39187,0
          21.45806,38.3919,0
          21.45808,38.3919,0
          21.45828,38.39192,0
          21.45831,38.39193,0
          21.45851,38.39195,0
          21.45854,38.39196,0
          21.45874,38.39198,0
          21.45876,38.39198,0
          21.45896,38.39201,0
          21.45899,38.39201,0
          21.45919,38.39204,0
          21.45922,38.39204,0
          21.45942,38.39207,0
          21.45946,38.39207,0
          21.45955,38.39208,0
          21.45964,38.3921,0
          21.45967,38.3921,0
          21.45987,38.39212,0
          21.4599,38.39213,0
          21.4601,38.39215,0
          21.46012,38.39216,0
          21.4603,38.39218,0
          21.46032,38.39218,0
          21.46035,38.39219,0
          21.46055,38.39221,0
          21.46058,38.39222,0
          21.46078,38.39224,0
          21.4608,38.39224,0
          21.461,38.39227,0
          21.46103,38.39227,0
          21.46123,38.3923,0
          21.46126,38.3923,0
          21.46145,38.39233,0
          21.46148,38.39233,0
          21.46168,38.39236,0
          21.46171,38.39236,0
          21.46191,38.39239,0
          21.46194,38.39239,0
          21.46213,38.39242,0
          21.46216,38.39242,0
          21.46236,38.39244,0
          21.46239,38.39245,0
          21.46259,38.39247,0
          21.46261,38.39248,0
          21.46281,38.3925,0
          21.46284,38.39251,0
          21.46304,38.39253,0
          21.46307,38.39253,0
          21.46327,38.39256,0
          21.46329,38.39256,0
          21.46349,38.39259,0
          21.46352,38.39259,0
          21.46372,38.39262,0
          21.46375,38.39262,0
          21.46395,38.39265,0
          21.46397,38.39265,0
          21.46407,38.39267,0
          21.46417,38.39268,0
          21.4642,38.39268,0
          21.46436,38.39271,0
          21.46443,38.39271,0
          21.46462,38.39274,0
          21.46465,38.39275,0
          21.46485,38.39277,0
          21.46488,38.39278,0
          21.46508,38.39281,0
          21.46512,38.39281,0
          21.4653,38.39284,0
          21.46535,38.39284,0
          21.46536,38.39285,0
          21.46553,38.39286,0
          21.46574,38.39289,0
          21.46621,38.39293,0
          21.46642,38.39296,0
          21.46731,38.39304,0
          21.46758,38.39304,0
          21.4678,38.39305,0
          21.46804,38.39305,0
          21.46825,38.39306,0
          21.46894,38.39303,0
          21.46919,38.39303,0
          21.46922,38.39302,0
          21.46963,38.393,0
          21.46964,38.39299,0
          21.46987,38.39298,0
          21.47009,38.39296,0
          21.47012,38.39296,0
          21.47031,38.39293,0
          21.47033,38.39293,0
          21.47054,38.3929,0
          21.47055,38.3929,0
          21.47076,38.39287,0
          21.47078,38.39287,0
          21.47096,38.39285,0
          21.47099,38.39284,0
          21.471,38.39284,0
          21.47121,38.3928,0
          21.47123,38.39279,0
          21.47143,38.39275,0
          21.47145,38.39275,0
          21.47166,38.3927,0
          21.47167,38.3927,0
          21.47188,38.39265,0
          21.47189,38.39265,0
          21.4721,38.3926,0
          21.47211,38.3926,0
          21.47231,38.39255,0
          21.47233,38.39254,0
          21.47253,38.39249,0
          21.47255,38.39249,0
          21.47275,38.39244,0
          21.47277,38.39243,0
          21.47297,38.39238,0
          21.47298,38.39237,0
          21.47319,38.39232,0
          21.4732,38.39232,0
          21.4734,38.39226,0
          21.47342,38.39226,0
          21.47361,38.39219,0
          21.47363,38.39219,0
          21.47382,38.39211,0
          21.47383,38.39211,0
          21.47403,38.39204,0
          21.47404,38.39203,0
          21.47424,38.39196,0
          21.47425,38.39196,0
          21.47436,38.39192,0
          21.47444,38.39188,0
          21.47445,38.39188,0
          21.47464,38.39179,0
          21.47465,38.39179,0
          21.47484,38.3917,0
          21.47485,38.3917,0
          21.47504,38.39161,0
          21.47505,38.39161,0
          21.47524,38.39152,0
          21.47525,38.39152,0
          21.47549,38.3914,0
          21.47563,38.39134,0
          21.47564,38.39133,0
          21.47583,38.39125,0
          21.47584,38.39124,0
          21.47587,38.39123,0
          21.47602,38.39114,0
          21.47603,38.39114,0
          21.47639,38.39093,0
          21.4764,38.39093,0
          21.47658,38.39083,0
          21.47659,38.39082,0
          21.47678,38.39072,0
          21.47695,38.39062,0
          21.47696,38.39061,0
          21.47714,38.39052,0
          21.47715,38.39051,0
          21.47732,38.39041,0
          21.47734,38.39041,0
          21.47751,38.39031,0
          21.47752,38.3903,0
          21.4777,38.3902,0
          21.47771,38.39019,0
          21.47788,38.39009,0
          21.47789,38.39009,0
          21.47807,38.38999,0
          21.47808,38.38998,0
          21.47825,38.38988,0
          21.47826,38.38988,0
          21.47843,38.38977,0
          21.47844,38.38976,0
          21.47861,38.38966,0
          21.47862,38.38965,0
          21.47879,38.38955,0
          21.4788,38.38954,0
          21.47897,38.38944,0
          21.47903,38.38941,0
          21.47916,38.38933,0
          21.47916,38.38932,0
          21.47917,38.38932,0
          21.47921,38.3893,0
          21.47934,38.38922,0
          21.47935,38.38922,0
          21.47953,38.38912,0
          21.47954,38.38911,0
          21.47972,38.38902,0
          21.47973,38.38901,0
          21.47989,38.38892,0
          21.4799,38.38891,0
          21.47992,38.38891,0
          21.48009,38.3888,0
          21.4801,38.3888,0
          21.48027,38.38869,0
          21.48028,38.38869,0
          21.48045,38.38859,0
          21.48046,38.38858,0
          21.48064,38.38848,0
          21.48065,38.38847,0
          21.48082,38.38837,0
          21.48083,38.38836,0
          21.481,38.38826,0
          21.48101,38.38825,0
          21.48118,38.38815,0
          21.48119,38.38814,0
          21.48137,38.38804,0
          21.48138,38.38803,0
          21.48155,38.38793,0
          21.48156,38.38793,0
          21.48173,38.38782,0
          21.48174,38.38782,0
          21.48191,38.38771,0
          21.48192,38.38771,0
          21.48209,38.3876,0
          21.4821,38.3876,0
          21.48227,38.38749,0
          21.48228,38.38748,0
          21.48246,38.38738,0
          21.48247,38.38737,0
          21.48251,38.38735,0
          21.48264,38.38727,0
          21.48265,38.38726,0
          21.48269,38.38724,0
          21.48282,38.38716,0
          21.48283,38.38715,0
          21.48287,38.38713,0
          21.483,38.38705,0
          21.48301,38.38704,0
          21.48305,38.38702,0
          21.48318,38.38694,0
          21.48319,38.38693,0
          21.48323,38.38691,0
          21.48336,38.38683,0
          21.48337,38.38682,0
          21.48354,38.38672,0
          21.48355,38.38671,0
          21.48373,38.38661,0
          21.48374,38.38661,0
          21.48378,38.38658,0
          21.48391,38.38651,0
          21.48392,38.3865,0
          21.4841,38.3864,0
          21.48411,38.38639,0
          21.48428,38.38629,0
          21.48429,38.38629,0
          21.48447,38.38619,0
          21.48448,38.38618,0
          21.48465,38.38608,0
          21.48466,38.38608,0
          21.48484,38.38598,0
          21.48485,38.38597,0
          21.4851,38.38585,0
          21.48516,38.38581,0
          21.48765,38.3844,0
          21.48817,38.38412,0
          21.4882,38.38411,0
          21.48868,38.38385,0
          21.49051,38.38293,0
          21.49129,38.38256,0
          21.4929,38.38184,0
          21.4931,38.38176,0
          21.4933,38.38167,0
          21.49332,38.38167,0
          21.4937,38.3815,0
          21.49412,38.38134,0
          21.49418,38.38131,0
          21.49538,38.38084,0
          21.49686,38.3803,0
          21.49837,38.37979,0
          21.5011,38.37896,0
          21.50137,38.37889,0
          21.50153,38.37884,0
          21.50325,38.37839,0
          21.5048,38.37803,0
          21.50688,38.37758,0
          21.50711,38.37754,0
          21.51002,38.37693,0
          21.51025,38.37689,0
          21.51314,38.37622,0
          21.51325,38.3762,0
          21.51336,38.37619,0
          21.51403,38.37604,0
          21.51448,38.37596,0
          21.5145,38.37595,0
          21.51489,38.37588,0
          21.51531,38.37582,0
          21.51551,38.3758,0
          21.51592,38.37574,0
          21.51596,38.37574,0
          21.5168,38.37567,0
          21.51685,38.37566,0
          21.51775,38.37562,0
          21.51897,38.37562,0
          21.51941,38.37564,0
          21.51943,38.37565,0
          21.51957,38.37565,0
          21.51963,38.37566,0
          21.5198,38.37566,0
          21.51986,38.37567,0
          21.5199,38.37567,0
          21.52013,38.37569,0
          21.52035,38.37572,0
          21.52058,38.37574,0
          21.52127,38.37583,0
          21.5215,38.37585,0
          21.52162,38.37587,0
          21.52165,38.37588,0
          21.52195,38.37593,0
          21.52217,38.37598,0
          21.52247,38.37603,0
          21.52262,38.37607,0
          21.52367,38.3763,0
          21.52389,38.37634,0
          21.52477,38.37654,0
          21.52479,38.37654,0
          21.5252,38.37665,0
          21.52521,38.37665,0
          21.52614,38.37689,0
          21.52628,38.37694,0
          21.52629,38.37694,0
          21.52645,38.377,0
          21.52649,38.37701,0
          21.5265,38.37702,0
          21.5267,38.37709,0
          21.52671,38.37709,0
          21.52712,38.37723,0
          21.52732,38.37731,0
          21.52774,38.37745,0
          21.52795,38.37753,0
          21.52837,38.37767,0
          21.52857,38.37775,0
          21.52876,38.37781,0
          21.52898,38.3779,0
          21.52955,38.3782,0
          21.52958,38.37822,0
          21.52974,38.3783,0
          21.52977,38.37832,0
          21.52993,38.3784,0
          21.52996,38.37842,0
          21.53069,38.3788,0
          21.53072,38.37882,0
          21.53107,38.379,0
          21.5311,38.37902,0
          21.53126,38.3791,0
          21.53217,38.37964,0
          21.53252,38.37987,0
          21.53256,38.37989,0
          21.5327,38.37999,0
          21.53287,38.3801,0
          21.53291,38.38012,0
          21.53413,38.38088,0
          21.53529,38.38156,0
          21.53585,38.38182,0
          21.53588,38.38184,0
          21.53765,38.38267,0
          21.53771,38.38269,0
          21.53791,38.3828,0
          21.53811,38.3829,0
          21.53831,38.38301,0
          21.53852,38.38311,0
          21.53932,38.38355,0
          21.5395,38.38366,0
          21.53969,38.38376,0
          21.54066,38.38432,0
          21.54082,38.38442,0
          21.54139,38.38472,0
          21.54201,38.38509,0
          21.54233,38.3853,0
          21.54237,38.38532,0
          21.54375,38.38622,0
          21.54398,38.38638,0
          21.54405,38.38642,0
          21.54485,38.38698,0
          21.54573,38.38762,0
          21.54575,38.38764,0
          21.54588,38.38773,0
          21.54591,38.38776,0
          21.54617,38.38796,0
          21.5463,38.38805,0
          21.54646,38.38818,0
          21.54661,38.38829,0
          21.54767,38.38913,0
          21.54896,38.39022,0
          21.55063,38.39173,0
          21.55067,38.39176,0
          21.55108,38.39215,0
          21.55113,38.39219,0
          21.55123,38.39229,0
          21.55154,38.39257,0
          21.55194,38.39296,0
          21.55241,38.39339,0
          21.55256,38.39354,0
          21.55298,38.39393,0
          21.55343,38.39432,0
          21.55345,38.39433,0
          21.55411,38.3948,0
          21.55413,38.39481,0
          21.55477,38.39524,0
          21.55484,38.39527,0
          21.55541,38.39557,0
          21.55546,38.39559,0
          21.55558,38.39565,0
          21.55566,38.39568,0
          21.55577,38.39574,0
          21.5558,38.39575,0
          21.55595,38.39583,0
          21.556,38.39584,0
          21.55638,38.39599,0
          21.55642,38.396,0
          21.5566,38.39607,0
          21.55662,38.39608,0
          21.55712,38.39626,0
          21.55721,38.3963,0
          21.5575,38.39641,0
          21.55766,38.39646,0
          21.55775,38.3965,0
          21.55787,38.39653,0
          21.55808,38.3966,0
          21.5583,38.39666,0
          21.55851,38.39673,0
          21.55927,38.39695,0
          21.55937,38.39699,0
          21.56,38.3972,0
          21.56006,38.39721,0
          21.56009,38.39722,0
          21.56018,38.39726,0
          21.5603,38.39729,0
          21.56039,38.39733,0
          21.5604,38.39733,0
          21.56169,38.39776,0
          21.5619,38.39784,0
          21.56208,38.39789,0
          21.56363,38.39839,0
          21.56369,38.3984,0
          21.56378,38.39844,0
          21.56568,38.39907,0
          21.56572,38.39908,0
          21.56593,38.39915,0
          21.56597,38.39917,0
          21.56679,38.3994,0
          21.56698,38.39943,0
          21.56701,38.39944,0
          21.5672,38.39948,0
          21.56723,38.39949,0
          21.56746,38.39953,0
          21.56768,38.39958,0
          21.56791,38.39962,0
          21.56831,38.39965,0
          21.56836,38.39966,0
          21.56845,38.39967,0
          21.56855,38.39967,0
          21.56859,38.39968,0
          21.56868,38.39968,0
          21.56878,38.39969,0
          21.56881,38.39969,0
          21.56901,38.39971,0
          21.56933,38.39971,0
          21.56947,38.3997,0
          21.56982,38.3997,0
          21.57038,38.39967,0
          21.57041,38.39966,0
          21.57064,38.39964,0
          21.57088,38.39961,0
          21.57132,38.39954,0
          21.57141,38.39953,0
          21.57151,38.39951,0
          21.57154,38.39951,0
          21.57164,38.39949,0
          21.57174,38.39948,0
          21.57177,38.39947,0
          21.57182,38.39947,0
          21.57219,38.39941,0
          21.57222,38.3994,0
          21.57244,38.39936,0
          21.57267,38.39933,0
          21.57289,38.39929,0
          21.57343,38.39924,0
          21.57403,38.3992,0
          21.57495,38.3992,0
          21.57541,38.39922,0
          21.57547,38.39923,0
          21.57609,38.39927,0
          21.57629,38.39929,0
          21.57632,38.39929,0
          21.57692,38.39934,0
          21.57769,38.39937,0
          21.57844,38.39937,0
          21.57858,38.39936,0
          21.57861,38.39935,0
          21.57881,38.39933,0
          21.57884,38.39933,0
          21.57904,38.39931,0
          21.57906,38.39931,0
          21.57949,38.39925,0
          21.57952,38.39925,0
          21.57971,38.39922,0
          21.57974,38.39922,0
          21.57996,38.39918,0
          21.58018,38.39912,0
          21.58106,38.39891,0
          21.58143,38.39879,0
          21.58169,38.39869,0
          21.58209,38.39852,0
          21.58226,38.39843,0
          21.58232,38.39839,0
          21.58288,38.39808,0
          21.58339,38.39772,0
          21.5834,38.39772,0
          21.58356,38.3976,0
          21.58388,38.39738,0
          21.5839,38.39736,0
          21.58401,38.39727,0
          21.58405,38.39722,0
          21.58421,38.39709,0
          21.58431,38.397,0
          21.58464,38.39667,0
          21.5849,38.39637,0
          21.58502,38.39622,0
          21.58511,38.39612,0
          21.58514,38.39607,0
          21.58525,38.39591,0
          21.58537,38.39575,0
          21.58546,38.39559,0
          21.58554,38.39542,0
          21.58572,38.39509,0
          21.58574,38.39504,0
          21.5858,38.39492,0
          21.58589,38.39476,0
          21.58593,38.39467,0
          21.58598,38.39459,0
          21.58616,38.39426,0
          21.58626,38.3941,0
          21.58627,38.39409,0
          21.58634,38.39399,0
          21.58637,38.39394,0
          21.58685,38.39333,0
          21.58698,38.39318,0
          21.58712,38.39304,0
          21.58755,38.39266,0
          21.58758,38.39264,0
          21.58774,38.39251,0
          21.58787,38.39242,0
          21.5879,38.39239,0
          21.58882,38.39169,0
          21.58921,38.39144,0
          21.58924,38.39141,0
          21.58925,38.39141,0
          21.58932,38.39136,0
          21.58943,38.3913,0
          21.58982,38.39111,0
          21.59,38.39101,0
          21.59001,38.39101,0
          21.59004,38.39099,0
          21.59041,38.39084,0
          21.59081,38.39066,0
          21.59082,38.39066,0
          21.59102,38.39059,0
          21.59123,38.39053,0
          21.5914,38.39047,0
          21.59144,38.39046,0
          21.59145,38.39046,0
          21.59161,38.39041,0
          21.59166,38.39039,0
          21.59182,38.39034,0
          21.59187,38.39032,0
          21.59208,38.39026,0
          21.59209,38.39025,0
          21.5924,38.39018,0
          21.59295,38.39003,0
          21.59317,38.38998,0
          21.59426,38.38969,0
          21.59448,38.38964,0
          21.59491,38.38952,0
          21.59513,38.38947,0
          21.5953,38.38942,0
          21.59557,38.38937,0
          21.59623,38.38922,0
          21.59645,38.38918,0
          21.59822,38.38878,0
          21.59844,38.38874,0
          21.59883,38.38865,0
          21.59884,38.38865,0
          21.59888,38.38864,0
          21.59889,38.38864,0
          21.5991,38.38859,0
          21.59911,38.38859,0
          21.59932,38.38854,0
          21.59933,38.38853,0
          21.59975,38.38843,0
          21.60016,38.38832,0
          21.60019,38.38832,0
          21.60037,38.38827,0
          21.60041,38.38825,0
          21.60042,38.38825,0
          21.60105,38.38807,0
          21.60127,38.38802,0
          21.60149,38.38796,0
          21.60171,38.38791,0
          21.60193,38.38785,0
          21.60258,38.3877,0
          21.6028,38.38764,0
          21.6039,38.38739,0
          21.60392,38.38738,0
          21.60434,38.38729,0
          21.60436,38.38728,0
          21.605,38.38714,0
          21.60522,38.38708,0
          21.60544,38.38703,0
          21.60546,38.38703,0
          21.60566,38.38698,0
          21.60567,38.38697,0
          21.60631,38.38682,0
          21.60644,38.38678,0
          21.60646,38.38678,0
          21.60653,38.38676,0
          21.60675,38.38672,0
          21.60719,38.38662,0
          21.60741,38.38656,0
          21.60763,38.38651,0
          21.60765,38.3865,0
          21.60785,38.38645,0
          21.608,38.38642,0
          21.60823,38.38635,0
          21.60828,38.38633,0
          21.60834,38.38632,0
          21.60893,38.38616,0
          21.60896,38.38616,0
          21.60936,38.38603,0
          21.60938,38.38602,0
          21.60977,38.38588,0
          21.60979,38.38587,0
          21.60992,38.38582,0
          21.60993,38.38582,0
          21.61033,38.38566,0
          21.61034,38.38566,0
          21.61053,38.38558,0
          21.61103,38.38539,0
          21.61186,38.38504,0
          21.61218,38.38485,0
          21.61232,38.38478,0
          21.61233,38.38477,0
          21.61237,38.38475,0
          21.61238,38.38474,0
          21.6125,38.38466,0
          21.61286,38.38444,0
          21.61325,38.38417,0
          21.61327,38.38415,0
          21.61342,38.38405,0
          21.61344,38.38404,0
          21.61354,38.38397,0
          21.61406,38.38354,0
          21.61417,38.38343,0
          21.61421,38.3834,0
          21.61467,38.383,0
          21.61497,38.3827,0
          21.61559,38.38203,0
          21.61568,38.38191,0
          21.61592,38.38162,0
          21.61614,38.38132,0
          21.61626,38.38117,0
          21.61632,38.38108,0
          21.61633,38.38107,0
          21.61636,38.38102,0
          21.61637,38.38101,0
          21.61647,38.38085,0
          21.61667,38.38056,0
          21.61668,38.38053,0
          21.61678,38.38037,0
          21.61687,38.3802,0
          21.61697,38.38004,0
          21.617,38.37997,0
          21.61712,38.37976,0
          21.6173,38.37933,0
          21.61732,38.3793,0
          21.61738,38.37916,0
          21.6174,38.37913,0
          21.61746,38.379,0
          21.61747,38.37897,0
          21.61748,38.37896,0
          21.61764,38.37862,0
          21.61771,38.37849,0
          21.61773,38.37846,0
          21.61782,38.37829,0
          21.61795,38.37808,0
          21.61799,38.378,0
          21.61802,38.37797,0
          21.6181,38.37784,0
          21.61813,38.37778,0
          21.6182,38.37768,0
          21.61822,38.37764,0
          21.61831,38.37752,0
          21.61846,38.3773,0
          21.61857,38.37718,0
          21.61867,38.37706,0
          21.6187,38.37703,0
          21.6188,38.37691,0
          21.61882,38.37688,0
          21.61893,38.37676,0
          21.61895,38.37673,0
          21.61896,38.37673,0
          21.6191,38.37659,0
          21.61936,38.37635,0
          21.61936,38.37634,0
          21.61937,38.37634,0
          21.61939,38.37632,0
          21.61966,38.37609,0
          21.6197,38.37605,0
          21.61986,38.37593,0
          21.61998,38.37583,0
          21.6201,38.37574,0
          21.62015,38.37571,0
          21.62032,38.37558,0
          21.6204,38.37554,0
          21.62044,38.37551,0
          21.6207,38.37534,0
          21.6213,38.375,0
          21.62182,38.37474,0
          21.62226,38.37455,0
          21.62268,38.37439,0
          21.62284,38.37434,0
          21.62305,38.37426,0
          21.62383,38.37404,0
          21.62384,38.37404,0
          21.62418,38.37396,0
          21.62513,38.3738,0
          21.63104,38.37323,0
          21.63123,38.37322,0
          21.63138,38.3732,0
          21.63202,38.37314,0
          21.63206,38.37314,0
          21.63223,38.37312,0
          21.63225,38.37312,0
          21.63254,38.37308,0
          21.63277,38.37306,0
          21.633,38.37303,0
          21.63309,38.37301,0
          21.63322,38.37299,0
          21.63344,38.37294,0
          21.63353,38.37293,0
          21.63376,38.37288,0
          21.63389,38.37286,0
          21.63398,38.37284,0
          21.634,38.37284,0
          21.63477,38.37268,0
          21.63478,38.37268,0
          21.63499,38.37262,0
          21.6358,38.37242,0
          21.63596,38.37237,0
          21.63608,38.37234,0
          21.63617,38.37231,0
          21.63629,38.37228,0
          21.63631,38.37227,0
          21.63638,38.37225,0
          21.63638,38.37224,0
          21.63671,38.37213,0
          21.63675,38.37211,0
          21.63713,38.37198,0
          21.63722,38.37194,0
          21.63733,38.3719,0
          21.63734,38.3719,0
          21.63743,38.37187,0
          21.63754,38.37182,0
          21.63763,38.37179,0
          21.63774,38.37174,0
          21.63795,38.37166,0
          21.63874,38.3713,0
          21.63875,38.3713,0
          21.63894,38.37121,0
          21.63914,38.37113,0
          21.63923,38.37108,0
          21.6395,38.37096,0
          21.63953,38.37094,0
          21.63981,38.37079,0
          21.64009,38.37062,0
          21.64015,38.37059,0
          21.64026,38.37052,0
          21.64027,38.37052,0
          21.64029,38.3705,0
          21.64045,38.3704,0
          21.64054,38.37035,0
          21.64063,38.37029,0
          21.64079,38.3702,0
          21.64081,38.37018,0
          21.64133,38.36983,0
          21.64151,38.36972,0
          21.64201,38.36935,0
          21.64269,38.36887,0
          21.64319,38.3685,0
          21.64324,38.36847,0
          21.64336,38.36838,0
          21.64388,38.36802,0
          21.64393,38.36799,0
          21.6441,38.36786,0
          21.64457,38.36755,0
          21.64508,38.36719,0
          21.64541,38.36694,0
          21.64546,38.36691,0
          21.64558,38.36682,0
          21.64593,38.36659,0
          21.64598,38.36655,0
          21.64602,38.36653,0
          21.64615,38.36643,0
          21.64616,38.36643,0
          21.64627,38.36635,0
          21.64662,38.36612,0
          21.64764,38.3654,0
          21.64781,38.36527,0
          21.64793,38.36519,0
          21.64798,38.36515,0
          21.64833,38.36492,0
          21.64867,38.36468,0
          21.64885,38.36457,0
          21.64971,38.36397,0
          21.64987,38.36385,0
          21.64994,38.36381,0
          21.65004,38.36373,0
          21.6501,38.36369,0
          21.65021,38.3636,0
          21.65105,38.36299,0
          21.65137,38.36278,0
          21.6514,38.36275,0
          21.65148,38.3627,0
          21.65155,38.36265,0
          21.65157,38.36264,0
          21.65174,38.36251,0
          21.6526,38.36191,0
          21.65274,38.36182,0
          21.65278,38.36179,0
          21.65283,38.36176,0
          21.65295,38.36167,0
          21.65433,38.36071,0
          21.65435,38.3607,0
          21.65445,38.36063,0
          21.65451,38.3606,0
          21.65485,38.36036,0
          21.65511,38.36019,0
          21.65537,38.36,0
          21.65553,38.35987,0
          21.65572,38.35969,0
          21.65585,38.3596,0
          21.65605,38.35941,0
          21.65633,38.3592,0
          21.65635,38.35918,0
          21.65667,38.35896,0
          21.65668,38.35896,0
          21.65685,38.35884,0
          21.65703,38.35873,0
          21.6572,38.35861,0
          21.65727,38.35857,0
          21.65753,38.35845,0
          21.65792,38.35825,0
          21.65795,38.35823,0
          21.65867,38.35788,0
          21.65946,38.35755,0
          21.66002,38.35737,0
          21.66191,38.35687,0
          21.66247,38.35668,0
          21.6632,38.35637,0
          21.66372,38.35611,0
          21.66404,38.35592,0
          21.66468,38.3555,0
          21.665,38.35527,0
          21.66582,38.35474,0
          21.66584,38.35472,0
          21.66654,38.35433,0
          21.66678,38.35421,0
          21.66732,38.35396,0
          21.66804,38.35368,0
          21.66824,38.35361,0
          21.66905,38.35336,0
          21.66939,38.35327,0
          21.67018,38.3531,0
          21.67039,38.35307,0
          21.67065,38.35302,0
          21.67128,38.35294,0
          21.67202,38.35288,0
          21.67223,38.35287,0
          21.67244,38.35287,0
          21.67266,38.35286,0
          21.68763,38.35312,0
          21.68777,38.35313,0
          21.69501,38.35326,0
          21.69563,38.35332,0
          21.6964,38.35344,0
          21.69668,38.3535,0
          21.69716,38.35362,0
          21.69759,38.35375,0
          21.69906,38.35428,0
          21.69969,38.35447,0
          21.7003,38.35462,0
          21.70092,38.35474,0
          21.70156,38.35483,0
          21.7023,38.35486,0
          21.70332,38.35484,0
          21.70379,38.3548,0
          21.70388,38.35478,0
          21.70419,38.35474,0
          21.70431,38.35471,0
          21.70452,38.35467,0
          21.70455,38.35466,0
          21.70497,38.35458,0
          21.70499,38.35457,0
          21.70516,38.35453,0
          21.70539,38.35446,0
          21.70555,38.35442,0
          21.70605,38.35427,0
          21.70646,38.35413,0
          21.70648,38.35413,0
          21.70672,38.35406,0
          21.70677,38.35404,0
          21.70701,38.35398,0
          21.70705,38.35396,0
          21.70719,38.35393,0
          21.70736,38.35388,0
          21.70754,38.35384,0
          21.70757,38.35383,0
          21.70758,38.35383,0
          21.708,38.35375,0
          21.7085,38.35367,0
          21.70889,38.35363,0
          21.70951,38.35359,0
          21.71023,38.35359,0
          21.71066,38.35361,0
          21.71158,38.35368,0
          21.71225,38.3537,0
          21.71231,38.35371,0
          21.71253,38.35372,0
          21.7127,38.35374,0
          21.71276,38.35374,0
          21.71293,38.35376,0
          21.71298,38.35376,0
          21.71316,38.35378,0
          21.71321,38.35378,0
          21.71327,38.35379,0
          21.71338,38.3538,0
          21.71457,38.35385,0
          21.71468,38.35386,0
          21.71474,38.35385,0
          21.71542,38.35382,0
          21.71558,38.35382,0
          21.7161,38.35375,0
          21.71614,38.35375,0
          21.71632,38.35372,0
          21.71637,38.35372,0
          21.71655,38.3537,0
          21.71659,38.35369,0
          21.71677,38.35367,0
          21.71699,38.35363,0
          21.71704,38.35363,0
          21.71722,38.3536,0
          21.71726,38.35359,0
          21.71744,38.35357,0
          21.71748,38.35356,0
          21.71766,38.35353,0
          21.71771,38.35353,0
          21.71811,38.35346,0
          21.71815,38.35345,0
          21.71833,38.35342,0
          21.71837,38.35342,0
          21.71855,38.35339,0
          21.71859,38.35338,0
          21.71877,38.35335,0
          21.71882,38.35335,0
          21.719,38.35332,0
          21.71904,38.35332,0
          21.71922,38.35329,0
          21.71926,38.35329,0
          21.71928,38.35328,0
          21.71944,38.35326,0
          21.71948,38.35325,0
          21.71967,38.35323,0
          21.71971,38.35322,0
          21.72012,38.35317,0
          21.72035,38.35315,0
          21.72058,38.35312,0
          21.72082,38.3531,0
          21.72105,38.35307,0
          21.72128,38.35305,0
          21.72151,38.35302,0
          21.72262,38.35292,0
          21.72266,38.35292,0
          21.72285,38.3529,0
          21.7229,38.3529,0
          21.72351,38.35285,0
          21.72429,38.35282,0
          21.72452,38.3528,0
          21.72473,38.3528,0
          21.72476,38.35279,0
          21.72499,38.35279,0
          21.72546,38.35277,0
          21.72591,38.35271,0
          21.72597,38.35271,0
          21.72637,38.35266,0
          21.7266,38.35264,0
          21.72682,38.35261,0
          21.72705,38.35259,0
          21.72726,38.35258,0
          21.72772,38.35254,0
          21.72907,38.35234,0
          21.7293,38.35232,0
          21.73088,38.35211,0
          21.73197,38.35194,0
          21.73201,38.35193,0
          21.73291,38.35181,0
          21.73295,38.3518,0
          21.73358,38.35169,0
          21.73381,38.35166,0
          21.73537,38.35138,0
          21.73546,38.35137,0
          21.7356,38.35134,0
          21.73568,38.35133,0
          21.73582,38.3513,0
          21.73647,38.35119,0
          21.73649,38.35118,0
          21.7368,38.35112,0
          21.73694,38.3511,0
          21.73716,38.35105,0
          21.73724,38.35104,0
          21.73746,38.35099,0
          21.7376,38.35097,0
          21.73813,38.35086,0
          21.73827,38.35084,0
          21.73872,38.35074,0
          21.7388,38.35073,0
          21.73916,38.35065,0
          21.73938,38.35061,0
          21.7396,38.35056,0
          21.73982,38.35052,0
          21.74027,38.35042,0
          21.7406,38.35036,0
          21.74071,38.35033,0
          21.74092,38.35029,0
          21.74093,38.35028,0
          21.74109,38.35025,0
          21.74114,38.35023,0
          21.74115,38.35023,0
          21.74137,38.35018,0
          21.74144,38.35017,0
          21.74159,38.35013,0
          21.74225,38.34998,0
          21.74247,38.34992,0
          21.74284,38.34984,0
          21.74352,38.34967,0
          21.74356,38.34965,0
          21.74374,38.34961,0
          21.74396,38.34955,0
          21.74422,38.34949,0
          21.74444,38.34943,0
          21.74466,38.34938,0
          21.74526,38.34921,0
          21.74575,38.3491,0
          21.74596,38.34904,0
          21.74657,38.34889,0
          21.74679,38.34882,0
          21.74782,38.34853,0
          21.74786,38.34851,0
          21.74803,38.34846,0
          21.74808,38.34845,0
          21.74839,38.34836,0
          21.74955,38.34795,0
          21.74956,38.34795,0
          21.74976,38.34787,0
          21.74997,38.3478,0
          21.75038,38.34764,0
          21.75058,38.34755,0
          21.75078,38.34747,0
          21.75098,38.34738,0
          21.75119,38.3473,0
          21.75139,38.34721,0
          21.75159,38.34713,0
          21.75199,38.34695,0
          21.75208,38.34692,0
          21.75219,38.34686,0
          21.75283,38.34657,0
          21.75287,38.34656,0
          21.75351,38.34623,0
          21.75399,38.346,0
          21.75402,38.34599,0
          21.75419,38.3459,0
          21.75438,38.34581,0
          21.75465,38.34565,0
          21.75472,38.34559,0
          21.75565,38.34506,0
          21.75606,38.34481,0
          21.75632,38.34464,0
          21.75641,38.34459,0
          21.75653,38.34451,0
          21.75665,38.34444,0
          21.75679,38.34434,0
          21.75696,38.34423,0
          21.75713,38.34411,0
          21.75723,38.34405,0
          21.75741,38.34393,0
          21.75761,38.34378,0
          21.75783,38.34363,0
          21.75817,38.34338,0
          21.75901,38.34272,0
          21.75907,38.34266,0
          21.75939,38.3424,0
          21.7594,38.3424,0
          21.75956,38.34227,0
          21.75956,38.34226,0
          21.76032,38.3416,0
          21.76115,38.3408,0
          21.76118,38.34076,0
          21.76132,38.34062,0
          21.7616,38.3403,0
          21.76168,38.3402,0
          21.76173,38.34015,0
          21.76214,38.33968,0
          21.76234,38.33943,0
          21.76235,38.33943,0
          21.76299,38.33862,0
          21.76301,38.33859,0
          21.76302,38.33858,0
          21.76308,38.33849,0
          21.76338,38.33809,0
          21.76341,38.33804,0
          21.7639,38.33733,0
          21.76451,38.33633,0
          21.76453,38.33629,0
          21.76454,38.33628,0
          21.76488,38.33564,0
          21.76491,38.33557,0
          21.76499,38.33542,0
          21.76505,38.33534,0
          21.76508,38.33528,0
          21.76518,38.33514,0
          21.76548,38.33451,0
          21.76552,38.33441,0
          21.76565,38.33414,0
          21.76566,38.33413,0
          21.76575,38.33395,0
          21.76604,38.33342,0
          21.76628,38.33303,0
          21.76631,38.33297,0
          21.76642,38.33281,0
          21.76655,38.33257,0
          21.76657,38.33255,0
          21.7669,38.33199,0
          21.76694,38.33193,0
          21.76704,38.33175,0
          21.76704,38.33174,0
          21.76707,38.3317,0
          21.76744,38.33103,0
          21.76746,38.33097,0
          21.7675,38.33089,0
          21.76796,38.33007,0
          21.76835,38.32934,0
          21.76851,38.329,0
          21.7686,38.32884,0
          21.76876,38.3285,0
          21.76885,38.32833,0
          21.76909,38.32783,0
          21.76918,38.32766,0
          21.76937,38.32726,0
          21.76939,38.32724,0
          21.76969,38.32666,0
          21.76979,38.3265,0
          21.77061,38.32501,0
          21.77071,38.32485,0
          21.77089,38.32452,0
          21.77099,38.32436,0
          21.77145,38.32353,0
          21.77155,38.32337,0
          21.77192,38.32271,0
          21.77202,38.32255,0
          21.7722,38.32222,0
          21.7723,38.32206,0
          21.77267,38.3214,0
          21.77277,38.32124,0
          21.77323,38.32041,0
          21.77333,38.32025,0
          21.77344,38.32004,0
          21.77347,38.32,0
          21.77356,38.31983,0
          21.77359,38.31979,0
          21.77367,38.31962,0
          21.77473,38.31763,0
          21.77475,38.31758,0
          21.77481,38.31746,0
          21.77574,38.31576,0
          21.7758,38.31564,0
          21.7759,38.31548,0
          21.7761,38.31511,0
          21.7761,38.3151,0
          21.77619,38.31494,0
          21.7762,38.31494,0
          21.77635,38.31465,0
          21.77645,38.31449,0
          21.77699,38.3135,0
          21.77709,38.31334,0
          21.77736,38.31284,0
          21.77739,38.3128,0
          21.77745,38.31268,0
          21.77748,38.31263,0
          21.77754,38.31251,0
          21.77757,38.31247,0
          21.77764,38.31235,0
          21.77766,38.3123,0
          21.77782,38.31202,0
          21.77784,38.31197,0
          21.77864,38.31053,0
          21.77865,38.31052,0
          21.77892,38.31003,0
          21.77902,38.30987,0
          21.77911,38.3097,0
          21.77933,38.30932,0
          21.77973,38.30858,0
          21.77975,38.30852,0
          21.77988,38.3083,0
          21.7799,38.30826,0
          21.77998,38.30814,0
          21.78,38.30809,0
          21.78003,38.30803,0
          21.78052,38.30737,0
          21.78057,38.30734,0
          21.78058,38.30734,0
          21.7809,38.30699,0
          21.7811,38.30682,0
          21.78125,38.30668,0
          21.78141,38.30656,0
          21.78146,38.30651,0
          21.78206,38.3061,0
          21.78263,38.30579,0
          21.78298,38.30564,0
          21.78304,38.30562,0
          21.78324,38.30553,0
          21.78435,38.30513,0
          21.78513,38.30483,0
          21.7852,38.30481,0
          21.78525,38.30478,0
          21.78564,38.30463,0
          21.78575,38.30458,0
          21.78586,38.30454,0
          21.78625,38.30435,0
          21.78626,38.30435,0
          21.78635,38.30431,0
          21.78645,38.30425,0
          21.78655,38.3042,0
          21.78679,38.30405,0
          21.78681,38.30404,0
          21.78699,38.30392,0
          21.78704,38.3039,0
          21.78765,38.30349,0
          21.78795,38.30324,0
          21.78816,38.30305,0
          21.78825,38.30298,0
          21.78902,38.30223,0
          21.78911,38.30215,0
          21.78918,38.30207,0
          21.78951,38.30176,0
          21.78976,38.30151,0
          21.78985,38.30144,0
          21.78992,38.30137,0
          21.79031,38.30104,0
          21.79096,38.30056,0
          21.79115,38.3004,0
          21.79138,38.30022,0
          21.79156,38.30004,0
          21.79179,38.29978,0
          21.79192,38.29959,0
          21.79213,38.29933,0
          21.79226,38.2992,0
          21.79237,38.29912,0
          21.79257,38.299,0
          21.79263,38.29898,0
          21.79276,38.29892,0
          21.79308,38.29883,0
          21.79315,38.29882,0
          21.79319,38.29881,0
          21.79331,38.29879,0
          21.79355,38.29879,0
          21.79394,38.29886,0
          21.79409,38.2989,0
          21.79415,38.29892,0
          21.79423,38.29896,0
          21.79433,38.299,0
          21.79464,38.29917,0
          21.79558,38.29974,0
          21.79613,38.30005,0
          21.79648,38.30026,0
          21.79721,38.30067,0
          21.79752,38.30082,0
          21.7983,38.30124,0
          21.79836,38.30128,0
          21.79842,38.30131,0
          21.79854,38.30138,0
          21.79866,38.30144,0
          21.79938,38.30184,0
          21.79975,38.30203,0
          21.80106,38.30276,0
          21.80163,38.30306,0
          21.80182,38.30317,0
          21.80192,38.30322,0
          21.80284,38.30376,0
          21.80288,38.30379,0
          21.80293,38.30384,0
          21.80296,38.30388,0
          21.80304,38.30393,0
          21.80337,38.3041,0
          21.80369,38.30428,0
          21.80402,38.30445,0
          21.80415,38.30453,0
          21.80418,38.30454,0
          21.80435,38.30462,0
          21.80485,38.30488,0
          21.80492,38.30491,0
          21.80551,38.30523,0
          21.80604,38.3055,0
          21.80605,38.30551,0
          21.80658,38.3058,0
          21.80689,38.30599,0
          21.80706,38.30608,0
          21.80707,38.30609,0
          21.80741,38.30627,0
          21.80758,38.30637,0
          21.80776,38.30646,0
          21.80779,38.30648,0
          21.80811,38.30664,0
          21.80826,38.30676,0
          21.8091,38.30722,0
          21.80927,38.3073,0
          21.81124,38.3084,0
          21.81132,38.30844,0
          21.81201,38.30883,0
          21.81235,38.30901,0
          21.81245,38.30907,0
          21.81287,38.30929,0
          21.81299,38.30936,0
          21.81351,38.30961,0
          21.81374,38.3097,0
          21.81392,38.30978,0
          21.81465,38.31003,0
          21.81467,38.31003,0
          21.81541,38.31024,0
          21.81553,38.31028,0
          21.81575,38.31034,0
          21.81577,38.31035,0
          21.81643,38.31053,0
          21.81665,38.31058,0
          21.81686,38.31065,0
          21.81729,38.31077,0
          21.81734,38.31078,0
          21.81876,38.31117,0
          21.8189,38.3112,0
          21.81998,38.3115,0
          21.82007,38.31153,0
          21.82036,38.31159,0
          21.82072,38.3117,0
          21.82133,38.31185,0
          21.82211,38.31208,0
          21.82221,38.3121,0
          21.82278,38.31225,0
          21.82287,38.31228,0
          21.82331,38.3124,0
          21.82349,38.31246,0
          21.82352,38.31246,0
          21.8254,38.313,0
          21.82542,38.31301,0
          21.82544,38.31301,0
          21.82601,38.31321,0
          21.82605,38.31323,0
          21.82622,38.31329,0
          21.82626,38.3133,0
          21.82641,38.31337,0
          21.8266,38.31347,0
          21.82679,38.31356,0
          21.82687,38.31359,0
          21.82701,38.31367,0
          21.82705,38.3137,0
          21.82715,38.31375,0
          21.82732,38.31387,0
          21.82739,38.3139,0
          21.82743,38.31393,0
          21.82751,38.31397,0
          21.82761,38.31403,0
          21.82769,38.31409,0
          21.82821,38.31443,0
          21.8287,38.31481,0
          21.82891,38.31499,0
          21.82893,38.315,0
          21.82895,38.31502,0
          21.83023,38.31608,0
          21.83039,38.31628,0
          21.83066,38.31666,0
          21.83114,38.31746,0
          21.83144,38.31801,0
          21.83175,38.31852,0
          21.83191,38.31876,0
          21.83199,38.31886,0
          21.83208,38.31895,0
          21.83216,38.31901,0
          21.83224,38.31908,0
          21.83229,38.31913,0
          21.83279,38.31952,0
          21.8331,38.3197,0
          21.83326,38.31981,0
          21.83365,38.32003,0
          21.8347,38.32058,0
          21.83471,38.32058,0
          21.83489,38.32069,0
          21.8349,38.32069,0
          21.83509,38.32078,0
          21.83529,38.32086,0
          21.83548,38.32096,0
          21.83568,38.32105,0
          21.83645,38.32144,0
          21.83681,38.32161,0
          21.83684,38.32163,0
          21.83783,38.32208,0
          21.8384,38.32238,0
          21.83918,38.32274,0
          21.83957,38.32294,0
          21.84037,38.32323,0
          21.84047,38.32325,0
          21.84066,38.32331,0
          21.84068,38.32332,0
          21.84087,38.32337,0
          21.84099,38.32341,0
          21.84112,38.32343,0
          21.8417,38.32356,0
          21.8422,38.32364,0
          21.84223,38.32364,0
          21.84225,38.32365,0
          21.8423,38.32365,0
          21.8424,38.32367,0
          21.84246,38.32367,0
          21.84268,38.32369,0
          21.84309,38.32371,0
          21.84368,38.32371,0
          21.84446,38.32366,0
          21.84451,38.32365,0
          21.84529,38.32358,0
          21.84542,38.32356,0
          21.84565,38.32354,0
          21.84666,38.32341,0
          21.84706,38.32339,0
          21.84725,38.32337,0
          21.84763,38.32335,0
          21.84783,38.32335,0
          21.84802,38.32334,0
          21.84825,38.32334,0
          21.8484,38.32336,0
          21.84858,38.3234,0
          21.84865,38.32341,0
          21.84877,38.32341,0
          21.84897,38.32343,0
          21.84937,38.3235,0
          21.84938,38.3235,0
          21.84978,38.32357,0
          21.8498,38.32358,0
          21.85087,38.3238,0
          21.85148,38.32394,0
          21.85229,38.3241,0
          21.85298,38.32421,0
          21.85355,38.32426,0
          21.85371,38.32429,0
          21.85464,38.32426,0
          21.855,38.32421,0
          21.85504,38.32421,0
          21.85527,38.32419,0
          21.85556,38.32415,0
          21.85579,38.32413,0
          21.85584,38.32412,0
          21.85602,38.32411,0
          21.85625,38.32408,0
          21.85689,38.32402,0
          21.85693,38.32402,0
          21.85716,38.324,0
          21.85739,38.32397,0
          21.85785,38.32393,0
          21.85789,38.32392,0
          21.85807,38.32391,0
          21.86041,38.3237,0
          21.86081,38.32368,0
          21.86185,38.32372,0
          21.86221,38.32375,0
          21.86257,38.32381,0
          21.86269,38.32384,0
          21.86293,38.32388,0
          21.86329,38.32396,0
          21.8633,38.32396,0
          21.86403,38.32412,0
          21.86427,38.32416,0
          21.86476,38.3243,0
          21.86587,38.32456,0
          21.86587,38.32457,0
          21.86663,38.32473,0
          21.86713,38.32481,0
          21.8681,38.3249,0
          21.86917,38.32488,0
          21.86976,38.32483,0
          21.87013,38.32478,0
          21.87125,38.32459,0
          21.87144,38.32455,0
          21.87163,38.32452,0
          21.87167,38.32451,0
          21.87572,38.32379,0
          21.87575,38.32378,0
          21.87691,38.32361,0
          21.87695,38.3236,0
          21.87717,38.32357,0
          21.87825,38.32346,0
          21.87831,38.32345,0
          21.87853,38.32344,0
          21.87896,38.3234,0
          21.87903,38.3234,0
          21.87918,38.32339,0
          21.87933,38.32339,0
          21.8794,38.32338,0
          21.87961,38.32338,0
          21.88048,38.32334,0
          21.8807,38.32332,0
          21.88082,38.32332,0
          21.88098,38.32331,0
          21.88127,38.32331,0
          21.88131,38.3233,0
          21.88145,38.3233,0
          21.88155,38.32329,0
          21.8818,38.32328,0
          21.88188,38.32327,0
          21.88207,38.32327,0
          21.88246,38.32325,0
          21.88269,38.32325,0
          21.88386,38.3232,0
          21.8841,38.3232,0
          21.88433,38.32318,0
          21.8848,38.32316,0
          21.88491,38.32315,0
          21.88503,38.32315,0
          21.88527,38.32313,0
          21.88542,38.32313,0
          21.8855,38.32312,0
          21.88574,38.32312,0
          21.8862,38.3231,0
          21.88748,38.3231,0
          21.88761,38.32311,0
          21.88766,38.32311,0
          21.8877,38.32312,0
          21.88779,38.32312,0
          21.88784,38.32313,0
          21.88797,38.32313,0
          21.88831,38.32316,0
          21.88877,38.32322,0
          21.889,38.32324,0
          21.88945,38.32335,0
          21.8895,38.32337,0
          21.88967,38.32341,0
          21.88968,38.32341,0
          21.89057,38.32363,0
          21.89063,38.32364,0
          21.89078,38.3237,0
          21.89121,38.32384,0
          21.89142,38.32392,0
          21.89164,38.32399,0
          21.89185,38.32407,0
          21.89218,38.32417,0
          21.8924,38.32422,0
          21.89361,38.32454,0
          21.89416,38.32461,0
          21.89439,38.32463,0
          21.89476,38.32468,0
          21.8953,38.3247,0
          21.89553,38.3247,0
          21.89599,38.32468,0
          21.89614,38.32468,0
          21.89621,38.32467,0
          21.89667,38.32463,0
          21.89671,38.32463,0
          21.89735,38.32453,0
          21.89736,38.32453,0
          21.89757,38.32449,0
          21.89801,38.32439,0
          21.89833,38.3243,0
          21.89889,38.3242,0
          21.89911,38.32415,0
          21.89934,38.32411,0
          21.89936,38.3241,0
          21.89937,38.3241,0
          21.89955,38.32405,0
          21.89969,38.32402,0
          21.90019,38.32385,0
          21.90022,38.32385,0
          21.90044,38.32379,0
          21.90176,38.32349,0
          21.90198,38.32343,0
          21.90303,38.32319,0
          21.90408,38.323,0
          21.90442,38.32297,0
          21.90488,38.32291,0
          21.90533,38.32287,0
          21.90542,38.32287,0
          21.90556,38.32286,0
          21.90587,38.32286,0
          21.90625,38.32288,0
          21.90647,38.3229,0
          21.9065,38.32291,0
          21.90677,38.32295,0
          21.90685,38.32297,0
          21.90692,38.32298,0
          21.9073,38.32306,0
          21.90731,38.32306,0
          21.90752,38.32311,0
          21.90758,38.32312,0
          21.9078,38.32318,0
          21.90795,38.32321,0
          21.90817,38.32327,0
          21.90819,38.32327,0
          21.90839,38.32332,0
          21.90846,38.32333,0
          21.90866,38.32338,0
          21.90868,38.32338,0
          21.9089,38.32343,0
          21.90913,38.32347,0
          21.90957,38.32357,0
          21.90975,38.3236,0
          21.90979,38.32361,0
          21.91025,38.32365,0
          21.91088,38.32373,0
          21.91093,38.32373,0
          21.91129,38.32376,0
          21.91189,38.32376,0
          21.91268,38.32371,0
          21.91379,38.3236,0
          21.91401,38.32357,0
          21.91418,38.32356,0
          21.91675,38.32324,0
          21.91698,38.3232,0
          21.91767,38.32311,0
          21.9179,38.32307,0
          21.9182,38.32303,0
          21.91834,38.323,0
          21.91872,38.32295,0
          21.92476,38.322,0
          21.92503,38.32195,0
          21.93046,38.32111,0
          21.9312,38.32102,0
          21.93249,38.3209,0
          21.93355,38.32086,0
          21.93475,38.32085,0
          21.936,38.32091,0
          21.93747,38.32105,0
          21.93818,38.32115,0
          21.93819,38.32115,0
          21.93873,38.32124,0
          21.93875,38.32125,0
          21.93932,38.32135,0
          21.95123,38.32395,0
          21.95143,38.324,0
          21.95145,38.324,0
          21.95438,38.32464,0
          21.95507,38.32475,0
          21.95562,38.32481,0
          21.95582,38.32482,0
          21.95602,38.32484,0
          21.9562,38.32484,0
          21.95641,38.32485,0
          21.95702,38.32485,0
          21.95723,38.32484,0
          21.95783,38.32479,0
          21.95789,38.32478,0
          21.95803,38.32477,0
          21.95847,38.32471,0
          21.95886,38.32464,0
          21.95919,38.32457,0
          21.95929,38.32454,0
          21.9593,38.32454,0
          21.96017,38.32434,0
          21.96018,38.32434,0
          21.9606,38.3242,0
          21.96065,38.32419,0
          21.96123,38.32399,0
          21.96205,38.32366,0
          21.96225,38.32357,0
          21.96229,38.32356,0
          21.96266,38.32341,0
          21.96286,38.32332,0
          21.96327,38.32316,0
          21.9634,38.3231,0
          21.96354,38.32301,0
          21.96443,38.32238,0
          21.96481,38.32198,0
          21.96494,38.32183,0
          21.96521,38.32154,0
          21.96535,38.3214,0
          21.96548,38.32125,0
          21.9655,38.32124,0
          21.96605,38.32072,0
          21.96606,38.3207,0
          21.96618,38.32062,0
          21.96912,38.31909,0
          21.96915,38.31907,0
          21.96934,38.31898,0
          21.96953,38.31887,0
          21.96974,38.31879,0
          21.9698,38.31876,0
          21.96994,38.31871,0
          21.97035,38.31854,0
          21.97052,38.31848,0
          21.97055,38.31846,0
          21.97171,38.318,0
          21.97242,38.3177,0
          21.97248,38.31768,0
          21.97299,38.31747,0
          21.97316,38.31739,0
          21.97384,38.31711,0
          21.97385,38.31711,0
          21.97466,38.31678,0
          21.97471,38.31677,0
          21.97487,38.31671,0
          21.97488,38.3167,0
          21.97621,38.31618,0
          21.97682,38.31598,0
          21.97704,38.31593,0
          21.97709,38.31591,0
          21.97768,38.31572,0
          21.97789,38.31566,0
          21.97826,38.31554,0
          21.97852,38.31544,0
          21.97873,38.31537,0
          21.97934,38.31512,0
          21.97954,38.31503,0
          21.97967,38.31498,0
          21.97974,38.31494,0
          21.98014,38.31476,0
          21.98017,38.31475,0
          21.98032,38.31465,0
          21.98062,38.31447,0
          21.98067,38.31443,0
          21.98094,38.31424,0
          21.9811,38.31411,0
          21.98127,38.31399,0
          21.9813,38.31396,0
          21.98133,38.31394,0
          21.98208,38.31331,0
          21.98211,38.31328,0
          21.98227,38.31316,0
          21.98338,38.31227,0
          21.9834,38.31226,0
          21.98357,38.31214,0
          21.98411,38.31181,0
          21.98469,38.31151,0
          21.98548,38.31115,0
          21.98599,38.31088,0
          21.98674,38.31037,0
          21.98689,38.31024,0
          21.98703,38.31009,0
          21.98745,38.30967,0
          21.98791,38.30914,0
          21.98829,38.30876,0
          21.98844,38.30863,0
          21.98844,38.30862,0
          21.98859,38.3085,0
          21.98875,38.30836,0
          21.98881,38.3083,0
          21.98907,38.30811,0
          21.98908,38.30811,0
          21.98926,38.308,0
          21.98943,38.30788,0
          21.98962,38.30777,0
          21.9902,38.30749,0
          21.99039,38.30739,0
          21.99079,38.30721,0
          21.99091,38.30715,0
          21.99161,38.30689,0
          21.99188,38.30677,0
          21.99198,38.30674,0
          21.99202,38.30672,0
          21.99239,38.30657,0
          21.99298,38.3063,0
          21.9933,38.30611,0
          21.99334,38.30608,0
          21.99387,38.30575,0
          21.99404,38.30563,0
          21.9942,38.3055,0
          21.99437,38.30538,0
          21.99472,38.3051,0
          21.99492,38.30489,0
          21.99498,38.30484,0
          21.99524,38.30456,0
          21.99536,38.30441,0
          21.99545,38.30431,0
          21.99564,38.30405,0
          21.99568,38.30396,0
          21.99584,38.30365,0
          21.99584,38.30364,0
          21.99608,38.30315,0
          21.99613,38.30306,0
          21.99621,38.30289,0
          21.99624,38.30284,0
          21.99625,38.30283,0
          21.99631,38.30266,0
          21.9964,38.30245,0
          21.99641,38.30242,0
          21.99646,38.30235,0
          21.99647,38.30234,0
          21.99649,38.30231,0
          21.99649,38.3023,0
          21.99656,38.30218,0
          21.99666,38.30203,0
          21.99679,38.30178,0
          21.99701,38.30145,0
          21.99705,38.30141,0
          21.99725,38.30113,0
          21.99791,38.30046,0
          21.99795,38.30043,0
          21.99825,38.30017,0
          21.9985,38.29997,0
          21.99873,38.29982,0
          21.99874,38.29981,0
          21.99908,38.29957,0
          21.99976,38.29918,0
          21.99993,38.29907,0
          22.00014,38.29896,0
          22.0004,38.2988,0
          22.00093,38.2985,0
          22.00099,38.29846,0
          22.00385,38.29683,0
          22.0061,38.29551,0
          22.00629,38.29541,0
          22.00647,38.2953,0
          22.0066,38.29526,0
          22.00662,38.29524,0
          22.00665,38.29523,0
          22.00672,38.29519,0
          22.00692,38.29505,0
          22.00725,38.29485,0
          22.00763,38.29465,0
          22.00781,38.29454,0
          22.00792,38.29448,0
          22.00831,38.29424,0
          22.00847,38.29416,0
          22.00864,38.29406,0
          22.00872,38.294,0
          22.00882,38.29395,0
          22.00974,38.29341,0
          22.00993,38.29331,0
          22.01067,38.29288,0
          22.01073,38.29285,0
          22.01122,38.29256,0
          22.01141,38.29246,0
          22.01145,38.29243,0
          22.01178,38.29225,0
          22.01209,38.29206,0
          22.01223,38.29202,0
          22.01295,38.29159,0
          22.01308,38.29153,0
          22.01314,38.29149,0
          22.01379,38.29112,0
          22.01409,38.29096,0
          22.01425,38.29086,0
          22.01467,38.29063,0
          22.01481,38.29054,0
          22.01612,38.28981,0
          22.01666,38.28949,0
          22.01689,38.28937,0
          22.01779,38.28885,0
          22.01848,38.28847,0
          22.01898,38.28816,0
          22.01899,38.28815,0
          22.01915,38.28805,0
          22.01953,38.28778,0
          22.01999,38.28743,0
          22.02029,38.28718,0
          22.02057,38.28692,0
          22.02078,38.2867,0
          22.02081,38.28666,0
          22.02103,38.28644,0
          22.02107,38.28639,0
          22.02121,38.28625,0
          22.02148,38.28591,0
          22.0215,38.28588,0
          22.02162,38.28573,0
          22.02162,38.28572,0
          22.02174,38.28557,0
          22.02195,38.28526,0
          22.02221,38.28483,0
          22.02238,38.2845,0
          22.02261,38.284,0
          22.02292,38.28322,0
          22.02302,38.28299,0
          22.02337,38.28235,0
          22.0237,38.28187,0
          22.02389,38.28162,0
          22.02438,38.2811,0
          22.02496,38.28058,0
          22.02508,38.28049,0
          22.02511,38.28048,0
          22.02524,38.28037,0
          22.02549,38.28019,0
          22.02578,38.28,0
          22.02639,38.27967,0
          22.02686,38.27943,0
          22.02693,38.2794,0
          22.02722,38.2793,0
          22.02745,38.2792,0
          22.02746,38.2792,0
          22.02772,38.27911,0
          22.02786,38.27907,0
          22.02788,38.27907,0
          22.02808,38.27901,0
          22.02809,38.27901,0
          22.02847,38.27891,0
          22.02896,38.2788,0
          22.02908,38.27876,0
          22.02974,38.2786,0
          22.02987,38.27858,0
          22.03119,38.27829,0
          22.03202,38.27809,0
          22.03222,38.27805,0
          22.03232,38.27802,0
          22.03264,38.27796,0
          22.0332,38.27782,0
          22.03323,38.27782,0
          22.03344,38.27776,0
          22.03472,38.27747,0
          22.03476,38.27747,0
          22.03553,38.27726,0
          22.03584,38.27716,0
          22.03646,38.27693,0
          22.03687,38.27675,0
          22.03735,38.27651,0
          22.03786,38.2762,0
          22.03803,38.27608,0
          22.03817,38.276,0
          22.03916,38.27519,0
          22.03934,38.27503,0
          22.03959,38.27478,0
          22.03965,38.27473,0
          22.04113,38.27327,0
          22.04126,38.27313,0
          22.04135,38.27305,0
          22.04172,38.27268,0
          22.0418,38.27259,0
          22.04279,38.27163,0
          22.04319,38.27128,0
          22.04367,38.27091,0
          22.04393,38.27074,0
          22.04417,38.2706,0
          22.0442,38.27059,0
          22.04436,38.2705,0
          22.04702,38.26949,0
          22.0482,38.26912,0
          22.04859,38.26901,0
          22.04878,38.26894,0
          22.04915,38.26882,0
          22.04975,38.2686,0
          22.04993,38.26852,0
          22.04997,38.26851,0
          22.05024,38.26839,0
          22.05081,38.26811,0
          22.05098,38.26801,0
          22.05112,38.26794,0
          22.05114,38.26792,0
          22.05131,38.26783,0
          22.05148,38.26773,0
          22.05163,38.26763,0
          22.05194,38.26745,0
          22.05222,38.26727,0
          22.05235,38.2672,0
          22.05267,38.267,0
          22.05271,38.26698,0
          22.05317,38.26669,0
          22.05414,38.26611,0
          22.05432,38.26599,0
          22.0544,38.26595,0
          22.05447,38.2659,0
          22.0553,38.26539,0
          22.05538,38.26535,0
          22.05582,38.26508,0
          22.05586,38.26506,0
          22.05726,38.2642,0
          22.05805,38.26365,0
          22.05853,38.26324,0
          22.05875,38.26303,0
          22.05886,38.26291,0
          22.05922,38.26247,0
          22.05944,38.26218,0
          22.06009,38.26125,0
          22.06027,38.26097,0
          22.06037,38.26083,0
          22.06045,38.26069,0
          22.06048,38.26066,0
          22.06055,38.26053,0
          22.06111,38.25966,0
          22.06134,38.25935,0
          22.06159,38.25899,0
          22.06169,38.25883,0
          22.0618,38.25867,0
          22.0619,38.25851,0
          22.06228,38.25811,0
          22.06257,38.25788,0
          22.06265,38.25781,0
          22.0629,38.25763,0
          22.06306,38.2575,0
          22.06323,38.25738,0
          22.06335,38.25728,0
          22.06387,38.25692,0
          22.06392,38.25688,0
          22.06426,38.25665,0
          22.066,38.25573,0
          22.06633,38.25552,0
          22.06647,38.25542,0
          22.06663,38.25532,0
          22.0671,38.25499,0
          22.06766,38.25454,0
          22.06806,38.25418,0
          22.06854,38.25369,0
          22.06856,38.25366,0
          22.06868,38.25354,0
          22.06901,38.25314,0
          22.06942,38.25258,0
          22.06951,38.25243,0
          22.0696,38.2523,0
          22.06967,38.25217,0
          22.06984,38.25189,0
          22.07015,38.25127,0
          22.07115,38.249,0
          22.07127,38.2487,0
          22.07148,38.24824,0
          22.07154,38.24808,0
          22.07168,38.24779,0
          22.07172,38.24768,0
          22.07188,38.24733,0
          22.07194,38.24717,0
          22.07234,38.24625,0
          22.07242,38.24609,0
          22.07262,38.24564,0
          22.07267,38.24551,0
          22.07307,38.24459,0
          22.07323,38.24425,0
          22.0733,38.24408,0
          22.07338,38.24391,0
          22.07341,38.24383,0
          22.07346,38.24374,0
          22.07385,38.2429,0
          22.07386,38.24289,0
          22.07429,38.24201,0
          22.07429,38.242,0
          22.07494,38.24085,0
          22.07553,38.23989,0
          22.07554,38.23988,0
          22.07598,38.23921,0
          22.07619,38.23893,0
          22.07641,38.23861,0
          22.07656,38.23842,0
          22.07664,38.2383,0
          22.07724,38.23753,0
          22.07759,38.23712,0
          22.0777,38.23698,0
          22.07839,38.23617,0
          22.07839,38.23616,0
          22.07858,38.23596,0
          22.0787,38.23582,0
          22.07907,38.23544,0
          22.07908,38.23542,0
          22.07915,38.23535,0
          22.0792,38.23529,0
          22.07952,38.23497,0
          22.07959,38.23489,0
          22.07962,38.23487,0
          22.08048,38.23403,0
          22.08084,38.23371,0
          22.08106,38.2335,0
          22.08121,38.23337,0
          22.08127,38.23333,0
          22.08147,38.23315,0
          22.08201,38.2327,0
          22.08206,38.23265,0
          22.08213,38.2326,0
          22.08234,38.23242,0
          22.08243,38.23235,0
          22.08244,38.23234,0
          22.08288,38.23199,0
          22.08294,38.23193,0
          22.08317,38.23176,0
          22.08332,38.23164,0
          22.08347,38.23153,0
          22.08348,38.23152,0
          22.08363,38.23142,0
          22.08378,38.2313,0
          22.08449,38.2308,0
          22.0845,38.2308,0
          22.08501,38.23045,0
          22.08519,38.23034,0
          22.08543,38.23017,0
          22.08589,38.22987,0
          22.08593,38.22985,0
          22.08632,38.2296,0
          22.08688,38.22927,0
          22.08697,38.22921,0
          22.08803,38.22862,0
          22.08806,38.22861,0
          22.08944,38.22788,0
          22.09093,38.22713,0
          22.09113,38.22704,0
          22.09252,38.22634,0
          22.09257,38.22632,0
          22.09276,38.22622,0
          22.09277,38.22622,0
          22.09448,38.22537,0
          22.09472,38.22526,0
          22.09491,38.22516,0
          22.09511,38.22507,0
          22.09549,38.22487,0
          22.09569,38.22478,0
          22.09612,38.22456,0
          22.09651,38.22438,0
          22.0967,38.22428,0
          22.09676,38.22426,0
          22.09718,38.22404,0
          22.09886,38.22322,0
          22.09886,38.22321,0
          22.09925,38.22302,0
          22.09963,38.22282,0
          22.10109,38.2221,0
          22.10345,38.22083,0
          22.1053,38.21977,0
          22.10547,38.21966,0
          22.10563,38.21957,0
          22.1057,38.21952,0
          22.10596,38.21937,0
          22.10646,38.21906,0
          22.10649,38.21905,0
          22.1081,38.21808,0
          22.10829,38.21798,0
          22.10865,38.21776,0
          22.10949,38.21731,0
          22.11016,38.21698,0
          22.11023,38.21694,0
          22.11136,38.21646,0
          22.11155,38.21639,0
          22.11262,38.21595,0
          22.11282,38.21588,0
          22.11323,38.21572,0
          22.11344,38.21565,0
          22.11345,38.21564,0
          22.11364,38.21557,0
          22.11373,38.21553,0
          22.11385,38.21549,0
          22.11386,38.21549,0
          22.11446,38.21526,0
          22.11467,38.21519,0
          22.11469,38.21518,0
          22.11528,38.21495,0
          22.11548,38.21488,0
          22.11562,38.21482,0
          22.11569,38.2148,0
          22.11627,38.21458,0
          22.11631,38.21456,0
          22.11652,38.21449,0
          22.11673,38.21441,0
          22.11694,38.21434,0
          22.11695,38.21434,0
          22.11737,38.2142,0
          22.11797,38.21404,0
          22.11841,38.21395,0
          22.11848,38.21393,0
          22.1187,38.2139,0
          22.11916,38.21382,0
          22.11943,38.21379,0
          22.11965,38.21375,0
          22.1201,38.21369,0
          22.12043,38.21363,0
          22.12076,38.21355,0
          22.12082,38.21354,0
          22.12096,38.2135,0
          22.12097,38.2135,0
          22.12117,38.21345,0
          22.12119,38.21344,0
          22.12139,38.21339,0
          22.1214,38.21338,0
          22.12161,38.21332,0
          22.12223,38.21309,0
          22.1223,38.21307,0
          22.12285,38.21282,0
          22.12286,38.21281,0
          22.12307,38.21271,0
          22.12309,38.21271,0
          22.12328,38.21261,0
          22.12348,38.21252,0
          22.12367,38.21242,0
          22.12439,38.21208,0
          22.1244,38.21207,0
          22.12495,38.2118,0
          22.12498,38.21178,0
          22.12656,38.21105,0
          22.12675,38.21095,0
          22.1268,38.21093,0
          22.12836,38.21017,0
          22.1285,38.21011,0
          22.12855,38.21008,0
          22.12917,38.2098,0
          22.12935,38.20973,0
          22.12956,38.20966,0
          22.12977,38.20958,0
          22.13011,38.20947,0
          22.13019,38.20945,0
          22.13021,38.20944,0
          22.13034,38.20941,0
          22.13043,38.20938,0
          22.13048,38.20937,0
          22.1307,38.20931,0
          22.13114,38.20921,0
          22.13127,38.20917,0
          22.13134,38.20916,0
          22.13135,38.20916,0
          22.13149,38.20912,0
          22.13156,38.20911,0
          22.13157,38.2091,0
          22.13222,38.20895,0
          22.13223,38.20895,0
          22.13267,38.20885,0
          22.13281,38.20881,0
          22.13289,38.2088,0
          22.13311,38.20874,0
          22.13332,38.2087,0
          22.13333,38.20869,0
          22.13354,38.20864,0
          22.13355,38.20864,0
          22.13375,38.20859,0
          22.13377,38.20859,0
          22.13388,38.20856,0
          22.13399,38.20854,0
          22.13426,38.20846,0
          22.13442,38.20842,0
          22.13455,38.20837,0
          22.13462,38.20835,0
          22.13463,38.20835,0
          22.13483,38.20829,0
          22.13484,38.20828,0
          22.13579,38.20788,0
          22.13636,38.2076,0
          22.13674,38.20737,0
          22.13677,38.20734,0
          22.13678,38.20734,0
          22.13712,38.2071,0
          22.1372,38.20705,0
          22.13728,38.20699,0
          22.13729,38.20697,0
          22.13794,38.20649,0
          22.13795,38.20648,0
          22.13812,38.20635,0
          22.13846,38.20611,0
          22.13892,38.20583,0
          22.13901,38.20579,0
          22.13914,38.20571,0
          22.13933,38.20561,0
          22.1394,38.20558,0
          22.13943,38.20556,0
          22.13959,38.20548,0
          22.1396,38.20548,0
          22.13979,38.20539,0
          22.14015,38.20525,0
          22.14019,38.20523,0
          22.1404,38.20515,0
          22.14124,38.20487,0
          22.14128,38.20485,0
          22.14166,38.20472,0
          22.14207,38.20456,0
          22.14267,38.20429,0
          22.14286,38.20419,0
          22.14304,38.20408,0
          22.14318,38.20401,0
          22.14351,38.20381,0
          22.14351,38.2038,0
          22.14385,38.20358,0
          22.14386,38.20357,0
          22.14403,38.20346,0
          22.14431,38.20326,0
          22.14438,38.20322,0
          22.14455,38.2031,0
          22.14472,38.20299,0
          22.14476,38.20297,0
          22.14557,38.20242,0
          22.14567,38.20236,0
          22.14585,38.20224,0
          22.14588,38.20221,0
          22.14637,38.20189,0
          22.14654,38.20177,0
          22.14667,38.20169,0
          22.14671,38.20165,0
          22.14689,38.20154,0
          22.14713,38.20137,0
          22.14741,38.20119,0
          22.14758,38.20107,0
          22.1476,38.20106,0
          22.14791,38.20085,0
          22.14793,38.20083,0
          22.1481,38.20071,0
          22.14842,38.20046,0
          22.14849,38.20039,0
          22.14878,38.20014,0
          22.14901,38.19991,0
          22.14927,38.19961,0
          22.14969,38.19909,0
          22.14975,38.199,0
          22.15011,38.19854,0
          22.15015,38.19848,0
          22.1502,38.19842,0
          22.15023,38.19839,0
          22.15023,38.19838,0
          22.15026,38.19835,0
          22.1503,38.19829,0
          22.15063,38.19788,0
          22.15085,38.19763,0
          22.15097,38.19748,0
          22.15123,38.19718,0
          22.15132,38.1971,0
          22.15134,38.19707,0
          22.15186,38.19653,0
          22.15197,38.19643,0
          22.152,38.19639,0
          22.1524,38.19603,0
          22.15259,38.19584,0
          22.15274,38.19571,0
          22.15309,38.19538,0
          22.15315,38.19533,0
          22.15344,38.19506,0
          22.15358,38.19492,0
          22.15373,38.19479,0
          22.15477,38.19383,0
          22.1549,38.19372,0
          22.15491,38.1937,0
          22.15513,38.19351,0
          22.15531,38.19333,0
          22.15542,38.19323,0
          22.15552,38.19315,0
          22.15555,38.19312,0
          22.15558,38.1931,0
          22.15573,38.19297,0
          22.15578,38.19294,0
          22.15588,38.19285,0
          22.15594,38.19281,0
          22.15627,38.19256,0
          22.15642,38.19246,0
          22.15645,38.19245,0
          22.15649,38.19242,0
          22.1566,38.19235,0
          22.15662,38.19233,0
          22.1568,38.19222,0
          22.15718,38.19202,0
          22.15722,38.19199,0
          22.15754,38.19184,0
          22.15756,38.19182,0
          22.1579,38.19167,0
          22.15796,38.19165,0
          22.1581,38.19159,0
          22.15814,38.19158,0
          22.15817,38.19156,0
          22.15829,38.19152,0
          22.1583,38.19151,0
          22.15837,38.19149,0
          22.15848,38.19145,0
          22.1588,38.19135,0
          22.15941,38.19118,0
          22.15945,38.19118,0
          22.15979,38.1911,0
          22.15986,38.19109,0
          22.15989,38.19109,0
          22.16008,38.19105,0
          22.16011,38.19104,0
          22.16048,38.19099,0
          22.1605,38.19099,0
          22.16055,38.19098,0
          22.16079,38.19096,0
          22.16083,38.19095,0
          22.16123,38.19091,0
          22.16147,38.1909,0
          22.1617,38.19088,0
          22.16193,38.19087,0
          22.16238,38.19083,0
          22.16261,38.19082,0
          22.16284,38.1908,0
          22.16307,38.19079,0
          22.16325,38.19077,0
          22.16348,38.19076,0
          22.16371,38.19074,0
          22.16394,38.19073,0
          22.16412,38.19071,0
          22.1658,38.1906,0
          22.16595,38.19058,0
          22.16758,38.19046,0
          22.16766,38.19046,0
          22.16898,38.19037,0
          22.16903,38.19037,0
          22.16908,38.19036,0
          22.16966,38.19031,0
          22.16987,38.1903,0
          22.17044,38.19023,0
          22.171,38.19013,0
          22.17149,38.19001,0
          22.1717,38.18995,0
          22.17175,38.18994,0
          22.17244,38.1897,0
          22.17287,38.18953,0
          22.17307,38.18944,0
          22.17372,38.1891,0
          22.17408,38.18888,0
          22.17409,38.18888,0
          22.17479,38.18842,0
          22.17497,38.18831,0
          22.17532,38.18807,0
          22.17536,38.18805,0
          22.17553,38.18793,0
          22.17571,38.18782,0
          22.17588,38.1877,0
          22.17617,38.18752,0
          22.17624,38.18747,0
          22.17633,38.18742,0
          22.1766,38.18725,0
          22.17697,38.18705,0
          22.17735,38.18686,0
          22.17736,38.18686,0
          22.17776,38.18668,0
          22.17791,38.18663,0
          22.17797,38.1866,0
          22.17818,38.18653,0
          22.17828,38.18649,0
          22.17887,38.18631,0
          22.17924,38.18622,0
          22.17925,38.18622,0
          22.17944,38.18618,0
          22.17947,38.18617,0
          22.17967,38.18613,0
          22.17969,38.18613,0
          22.18007,38.18606,0
          22.18028,38.18603,0
          22.18036,38.18603,0
          22.18059,38.186,0
          22.18082,38.18598,0
          22.18173,38.18594,0
          22.1822,38.18594,0
          22.18243,38.18593,0
          22.18311,38.18593,0
          22.18334,38.18592,0
          22.1838,38.18592,0
          22.18403,38.18591,0
          22.18426,38.18591,0
          22.18444,38.1859,0
          22.18449,38.18589,0
          22.18465,38.18588,0
          22.18471,38.18588,0
          22.18494,38.18585,0
          22.18517,38.18583,0
          22.18539,38.1858,0
          22.18561,38.18576,0
          22.18562,38.18576,0
          22.18583,38.18572,0
          22.18584,38.18572,0
          22.1865,38.18557,0
          22.18693,38.18545,0
          22.18702,38.18542,0
          22.18714,38.18539,0
          22.18757,38.18525,0
          22.18778,38.18519,0
          22.18821,38.18505,0
          22.18862,38.18493,0
          22.18863,38.18492,0
          22.18885,38.18487,0
          22.18898,38.18483,0
          22.18918,38.18478,0
          22.18929,38.18476,0
          22.18959,38.18469,0
          22.18995,38.18463,0
          22.19018,38.1846,0
          22.19023,38.18459,0
          22.19083,38.18453,0
          22.19086,38.18453,0
          22.19109,38.18451,0
          22.1912,38.18451,0
          22.19126,38.1845,0
          22.19143,38.1845,0
          22.19156,38.18449,0
          22.19202,38.18449,0
          22.19225,38.18448,0
          22.1925,38.18448,0
          22.1926,38.18447,0
          22.19301,38.18447,0
          22.19356,38.18445,0
          22.19407,38.18441,0
          22.19411,38.1844,0
          22.19425,38.18439,0
          22.19442,38.18436,0
          22.19459,38.18434,0
          22.19531,38.18421,0
          22.19604,38.18403,0
          22.19637,38.18393,0
          22.19648,38.18388,0
          22.19669,38.1838,0
          22.1969,38.18373,0
          22.19693,38.18371,0
          22.19714,38.18363,0
          22.19734,38.18354,0
          22.19815,38.18322,0
          22.19857,38.18308,0
          22.19858,38.18308,0
          22.19877,38.18302,0
          22.19879,38.18302,0
          22.19897,38.18297,0
          22.19945,38.18286,0
          22.19989,38.18278,0
          22.20035,38.18272,0
          22.20078,38.18268,0
          22.20103,38.18267,0
          22.20111,38.18266,0
          22.20121,38.18266,0
          22.20126,38.18265,0
          22.20194,38.18262,0
          22.20217,38.1826,0
          22.2024,38.18259,0
          22.20263,38.18257,0
          22.20285,38.18256,0
          22.20297,38.18254,0
          22.20331,38.18251,0
          22.2036,38.18247,0
          22.20376,38.18244,0
          22.20398,38.18241,0
          22.20401,38.1824,0
          22.20443,38.18232,0
          22.205,38.18219,0
          22.20502,38.18218,0
          22.20845,38.18123,0
          22.20871,38.18117,0
          22.20889,38.18112,0
          22.20955,38.18097,0
          22.20977,38.18093,0
          22.20999,38.18088,0
          22.21111,38.18068,0
          22.21133,38.18065,0
          22.212,38.18053,0
          22.21223,38.1805,0
          22.21245,38.18045,0
          22.21267,38.18041,0
          22.21269,38.1804,0
          22.21312,38.18029,0
          22.21331,38.18023,0
          22.21333,38.18022,0
          22.21354,38.18015,0
          22.21365,38.18012,0
          22.21382,38.18005,0
          22.21383,38.18005,0
          22.21387,38.18003,0
          22.21403,38.17997,0
          22.21416,38.17991,0
          22.21436,38.17983,0
          22.21537,38.17937,0
          22.21543,38.17935,0
          22.21562,38.17926,0
          22.21563,38.17926,0
          22.21583,38.17917,0
          22.21602,38.1791,0
          22.21604,38.17909,0
          22.21659,38.17889,0
          22.21666,38.17887,0
          22.21695,38.17877,0
          22.21699,38.17876,0
          22.21736,38.17864,0
          22.21742,38.17863,0
          22.21763,38.17857,0
          22.21785,38.17852,0
          22.21814,38.17844,0
          22.2189,38.17829,0
          22.21892,38.17828,0
          22.21937,38.17821,0
          22.22093,38.17793,0
          22.22116,38.1779,0
          22.22294,38.17758,0
          22.22311,38.17756,0
          22.22314,38.17755,0
          22.22357,38.17748,0
          22.22404,38.17742,0
          22.22419,38.17739,0
          22.22428,38.17739,0
          22.22452,38.17737,0
          22.22476,38.17734,0
          22.22548,38.17731,0
          22.22572,38.17731,0
          22.22598,38.1773,0
          22.2262,38.17731,0
          22.22639,38.17731,0
          22.22644,38.17732,0
          22.22692,38.17734,0
          22.22787,38.17742,0
          22.22811,38.17743,0
          22.22847,38.17746,0
          22.2287,38.17746,0
          22.22883,38.17747,0
          22.22946,38.17746,0
          22.22955,38.17745,0
          22.2297,38.17745,0
          22.22979,38.17744,0
          22.22984,38.17743,0
          22.22992,38.17743,0
          22.23051,38.17736,0
          22.23074,38.17732,0
          22.23082,38.1773,0
          22.23145,38.17719,0
          22.23201,38.17707,0
          22.23215,38.17705,0
          22.23252,38.17698,0
          22.23255,38.17698,0
          22.23275,38.17695,0
          22.23277,38.17694,0
          22.23295,38.17693,0
          22.23314,38.17691,0
          22.23348,38.17689,0
          22.23395,38.17689,0
          22.23415,38.17688,0
          22.23455,38.17688,0
          22.23475,38.17687,0
          22.23495,38.17687,0
          22.23533,38.17685,0
          22.23535,38.17684,0
          22.23555,38.17682,0
          22.23559,38.17682,0
          22.23575,38.1768,0
          22.23596,38.17676,0
          22.23604,38.17675,0
          22.23648,38.17667,0
          22.23692,38.17657,0
          22.23714,38.17651,0
          22.23736,38.17646,0
          22.23744,38.17643,0
          22.24358,38.17472,0
          22.24409,38.17459,0
          22.2446,38.17448,0
          22.24551,38.17434,0
          22.24593,38.17432,0
          22.246,38.17431,0
          22.24616,38.17431,0
          22.24639,38.1743,0
          22.24685,38.1743,0
          22.24753,38.17433,0
          22.24776,38.17436,0
          22.24799,38.17438,0
          22.24803,38.17438,0
          22.24821,38.1744,0
          22.24866,38.17447,0
          22.2487,38.17447,0
          22.24892,38.1745,0
          22.249,38.17452,0
          22.25005,38.17466,0
          22.25025,38.17468,0
          22.25028,38.17469,0
          22.25108,38.17474,0
          22.25165,38.17475,0
          22.25182,38.17476,0
          22.25187,38.17475,0
          22.25212,38.17475,0
          22.25233,38.17474,0
          22.25256,38.17474,0
          22.25279,38.17473,0
          22.25324,38.17468,0
          22.25332,38.17468,0
          22.25376,38.1746,0
          22.25399,38.17457,0
          22.25402,38.17456,0
          22.25443,38.17448,0
          22.25445,38.17447,0
          22.25472,38.1744,0
          22.25479,38.17439,0
          22.25507,38.17432,0
          22.25509,38.17432,0
          22.2555,38.17421,0
          22.25552,38.1742,0
          22.25621,38.17397,0
          22.25634,38.17392,0
          22.25636,38.17392,0
          22.25642,38.1739,0
          22.25655,38.17384,0
          22.25656,38.17383,0
          22.2566,38.17382,0
          22.25707,38.17358,0
          22.25714,38.17355,0
          22.2577,38.17324,0
          22.25788,38.17312,0
          22.25789,38.17311,0
          22.25798,38.17305,0
          22.25801,38.17304,0
          22.25824,38.1729,0
          22.25841,38.17278,0
          22.25859,38.17267,0
          22.25875,38.17254,0
          22.259,38.17236,0
          22.25901,38.17235,0
          22.2594,38.17205,0
          22.25973,38.17175,0
          22.26025,38.17119,0
          22.26026,38.17117,0
          22.26036,38.17105,0
          22.26039,38.17102,0
          22.26063,38.1707,0
          22.26064,38.17069,0
          22.2624,38.16826,0
          22.26278,38.16776,0
          22.263,38.16749,0
          22.263,38.16748,0
          22.26337,38.16708,0
          22.26366,38.1668,0
          22.26407,38.16644,0
          22.26443,38.16617,0
          22.26477,38.16593,0
          22.26513,38.1657,0
          22.26539,38.16556,0
          22.2654,38.16555,0
          22.26596,38.16526,0
          22.26615,38.16517,0
          22.26624,38.16512,0
          22.26735,38.16469,0
          22.26794,38.16451,0
          22.26869,38.16434,0
          22.26941,38.16422,0
          22.27003,38.16415,0
          22.27049,38.16412,0
          22.27115,38.16412,0
          22.27178,38.16414,0
          22.2726,38.16422,0
          22.27327,38.16434,0
          22.27373,38.16444,0
          22.27426,38.16458,0
          22.27494,38.16479,0
          22.27496,38.1648,0
          22.27551,38.165,0
          22.27612,38.16529,0
          22.2769,38.1657,0
          22.27838,38.16656,0
          22.27848,38.16663,0
          22.27908,38.16696,0
          22.27923,38.16705,0
          22.2796,38.16725,0
          22.28109,38.16812,0
          22.28114,38.16814,0
          22.28118,38.16817,0
          22.28126,38.16821,0
          22.28237,38.16886,0
          22.28289,38.16914,0
          22.28293,38.16917,0
          22.28321,38.16932,0
          22.28392,38.16967,0
          22.28477,38.17005,0
          22.28514,38.1702,0
          22.28628,38.1706,0
          22.28753,38.17094,0
          22.28756,38.17094,0
          22.28758,38.17095,0
          22.28802,38.17105,0
          22.28804,38.17105,0
          22.28841,38.17113,0
          22.28842,38.17113,0
          22.28843,38.17114,0
          22.28847,38.17114,0
          22.28903,38.17125,0
          22.28958,38.17134,0
          22.29017,38.17141,0
          22.29085,38.17147,0
          22.29134,38.1715,0
          22.29144,38.1715,0
          22.29165,38.17152,0
          22.29279,38.17154,0
          22.29385,38.17149,0
          22.29411,38.17147,0
          22.29417,38.17146,0
          22.29448,38.17144,0
          22.29549,38.17133,0
          22.29675,38.17113,0
          22.29794,38.17097,0
          22.29799,38.17096,0
          22.3008,38.17069,0
          22.30227,38.17057,0
          22.3025,38.17056,0
          22.30253,38.17055,0
          22.30299,38.17053,0
          22.30322,38.17051,0
          22.30344,38.1705,0
          22.30367,38.17048,0
          22.3039,38.17047,0
          22.30413,38.17045,0
          22.30458,38.17043,0
          22.30481,38.17041,0
          22.30504,38.1704,0
          22.30572,38.17034,0
          22.30595,38.17033,0
          22.30641,38.17029,0
          22.30686,38.17027,0
          22.30732,38.17023,0
          22.30755,38.17022,0
          22.30777,38.1702,0
          22.308,38.17019,0
          22.30846,38.17015,0
          22.30868,38.17014,0
          22.30872,38.17013,0
          22.30895,38.17013,0
          22.30911,38.17012,0
          22.30957,38.17012,0
          22.3098,38.17011,0
          22.31049,38.17011,0
          22.31071,38.1701,0
          22.31279,38.1701,0
          22.31284,38.17011,0
          22.31307,38.17011,0
          22.31323,38.17012,0
          22.31346,38.17012,0
          22.31352,38.17013,0
          22.31376,38.17013,0
          22.31437,38.17016,0
          22.3146,38.17016,0
          22.31467,38.17017,0
          22.31483,38.17017,0
          22.31574,38.17021,0
          22.31597,38.17021,0
          22.31604,38.17022,0
          22.31629,38.17022,0
          22.31643,38.17024,0
          22.31649,38.17024,0
          22.31666,38.17026,0
          22.31672,38.17026,0
          22.31695,38.17029,0
          22.31757,38.17034,0
          22.31779,38.17037,0
          22.31802,38.17039,0
          22.31808,38.17039,0
          22.31893,38.17047,0
          22.31915,38.1705,0
          22.32006,38.17058,0
          22.32012,38.17059,0
          22.32067,38.17062,0
          22.32075,38.17061,0
          22.32103,38.17061,0
          22.32156,38.17056,0
          22.3221,38.17046,0
          22.32218,38.17045,0
          22.32232,38.17041,0
          22.32254,38.17036,0
          22.32276,38.1703,0
          22.32296,38.17022,0
          22.32313,38.17016,0
          22.32356,38.16995,0
          22.32361,38.16992,0
          22.32375,38.16985,0
          22.3238,38.16982,0
          22.32678,38.16826,0
          22.32679,38.16825,0
          22.32753,38.16786,0
          22.32772,38.16777,0
          22.32791,38.16767,0
          22.32793,38.16765,0
          22.3281,38.16757,0
          22.33274,38.16513,0
          22.33328,38.1648,0
          22.33334,38.16477,0
          22.33364,38.16458,0
          22.33377,38.16449,0
          22.33395,38.16438,0
          22.3347,38.16383,0
          22.33477,38.16375,0
          22.33491,38.16361,0
          22.33493,38.1636,0
          22.33527,38.16327,0
          22.33562,38.16288,0
          22.33576,38.16274,0
          22.3361,38.16236,0
          22.33616,38.1623,0
          22.33833,38.15983,0
          22.33847,38.15969,0
          22.3386,38.15954,0
          22.33887,38.15925,0
          22.33971,38.1583,0
          22.33975,38.15826,0
          22.33984,38.15815,0
          22.34077,38.15712,0
          22.34115,38.15668,0
          22.34165,38.15614,0
          22.34181,38.15599,0
          22.3421,38.15569,0
          22.34226,38.15555,0
          22.34233,38.15547,0
          22.34247,38.15533,0
          22.34267,38.15516,0
          22.34269,38.15515,0
          22.34298,38.15489,0
          22.34385,38.15418,0
          22.34397,38.15409,0
          22.34433,38.15379,0
          22.34435,38.15377,0
          22.34467,38.15351,0
          22.34484,38.15335,0
          22.34512,38.15311,0
          22.34515,38.15309,0
          22.34527,38.15295,0
          22.34555,38.15266,0
          22.34575,38.1524,0
          22.34576,38.15239,0
          22.34619,38.15175,0
          22.34632,38.15148,0
          22.34653,38.151,0
          22.34656,38.15095,0
          22.34665,38.15065,0
          22.34665,38.15064,0
          22.34681,38.15009,0
          22.34687,38.14991,0
          22.34712,38.149,0
          22.34712,38.14899,0
          22.3472,38.14862,0
          22.34721,38.14855,0
          22.34722,38.14854,0
          22.34752,38.14788,0
          22.34786,38.1473,0
          22.34788,38.14728,0
          22.34836,38.14662,0
          22.34845,38.14652,0
          22.34859,38.1464,0
          22.34872,38.14625,0
          22.34907,38.14589,0
          22.3494,38.14563,0
          22.35034,38.14496,0
          22.35062,38.14479,0
          22.35169,38.1443,0
          22.35184,38.14424,0
          22.35197,38.14418,0
          22.35291,38.14391,0
          22.35316,38.14386,0
          22.35354,38.14376,0
          22.35372,38.14374,0
          22.35438,38.14363,0
          22.35517,38.14357,0
          22.35624,38.14359,0
          22.35715,38.14367,0
          22.35741,38.14371,0
          22.35743,38.14371,0
          22.35746,38.14372,0
          22.35779,38.14377,0
          22.35786,38.14379,0
          22.35804,38.14382,0
          22.3581,38.14384,0
          22.35819,38.14386,0
          22.35837,38.14391,0
          22.3584,38.14391,0
          22.3586,38.14398,0
          22.35958,38.14426,0
          22.3597,38.1443,0
          22.36045,38.14447,0
          22.36058,38.14449,0
          22.36067,38.14451,0
          22.36131,38.14462,0
          22.36134,38.14462,0
          22.36174,38.14466,0
          22.36179,38.14466,0
          22.36216,38.14469,0
          22.36218,38.1447,0
          22.36239,38.14471,0
          22.3628,38.14471,0
          22.36288,38.1447,0
          22.36291,38.1447,0
          22.36297,38.14469,0
          22.36305,38.14469,0
          22.36364,38.14464,0
          22.364,38.14459,0
          22.36413,38.14458,0
          22.36457,38.14449,0
          22.36494,38.1444,0
          22.36527,38.1443,0
          22.36532,38.14429,0
          22.36571,38.14415,0
          22.36623,38.14394,0
          22.36704,38.14356,0
          22.36709,38.14353,0
          22.3693,38.14248,0
          22.37002,38.14219,0
          22.37036,38.14208,0
          22.37038,38.14207,0
          22.37086,38.14191,0
          22.37118,38.14182,0
          22.37192,38.14158,0
          22.37284,38.14131,0
          22.37304,38.14124,0
          22.37325,38.14118,0
          22.37375,38.141,0
          22.37377,38.14099,0
          22.37488,38.14057,0
          22.3749,38.14057,0
          22.37501,38.14052,0
          22.37536,38.14038,0
          22.37541,38.14035,0
          22.3759,38.14016,0
          22.37619,38.14007,0
          22.3764,38.13998,0
          22.37661,38.1399,0
          22.37703,38.13972,0
          22.37724,38.13964,0
          22.37745,38.13955,0
          22.37766,38.13947,0
          22.37767,38.13946,0
          22.37828,38.13919,0
          22.37848,38.13909,0
          22.3788,38.13895,0
          22.37889,38.1389,0
          22.37909,38.13881,0
          22.37918,38.13876,0
          22.3793,38.13871,0
          22.3795,38.13861,0
          22.37957,38.13858,0
          22.3799,38.13841,0
          22.38189,38.13745,0
          22.38192,38.13744,0
          22.38308,38.13693,0
          22.38309,38.13693,0
          22.38327,38.13684,0
          22.38347,38.13676,0
          22.38366,38.13667,0
          22.38494,38.13622,0
          22.38514,38.13614,0
          22.38689,38.13553,0
          22.38783,38.13515,0
          22.38803,38.13506,0
          22.38847,38.13491,0
          22.38847,38.1349,0
          22.38855,38.13488,0
          22.38882,38.13478,0
          22.39008,38.13438,0
          22.39022,38.13433,0
          22.39037,38.13429,0
          22.39043,38.13428,0
          22.3906,38.13423,0
          22.39079,38.13419,0
          22.39117,38.13409,0
          22.39119,38.13408,0
          22.39129,38.13406,0
          22.39139,38.13403,0
          22.39161,38.13399,0
          22.39182,38.13394,0
          22.39183,38.13394,0
          22.39402,38.13346,0
          22.39408,38.13344,0
          22.39424,38.13341,0
          22.39446,38.13335,0
          22.39489,38.13325,0
          22.39495,38.13324,0
          22.39576,38.13305,0
          22.39582,38.13304,0
          22.39751,38.13265,0
          22.39757,38.13263,0
          22.39765,38.13262,0
          22.39816,38.13249,0
          22.39903,38.1323,0
          22.39925,38.13226,0
          22.40012,38.13206,0
          22.40034,38.13202,0
          22.40082,38.13191,0
          22.40092,38.13188,0
          22.40093,38.13188,0
          22.40329,38.13134,0
          22.40337,38.13133,0
          22.40378,38.13124,0
          22.40419,38.13113,0
          22.40528,38.13088,0
          22.40529,38.13088,0
          22.40611,38.1307,0
          22.40639,38.13062,0
          22.40644,38.13061,0
          22.40645,38.13061,0
          22.40847,38.13015,0
          22.40848,38.13015,0
          22.40897,38.13004,0
          22.409,38.13003,0
          22.40988,38.12983,0
          22.4101,38.12977,0
          22.41044,38.12969,0
          22.41045,38.12968,0
          22.41145,38.12944,0
          22.41236,38.12925,0
          22.41258,38.12922,0
          22.41259,38.12921,0
          22.4127,38.1292,0
          22.41278,38.12918,0
          22.4128,38.12918,0
          22.41298,38.12915,0
          22.41375,38.12908,0
          22.41434,38.12906,0
          22.41496,38.12908,0
          22.41544,38.12912,0
          22.41584,38.12917,0
          22.41663,38.12931,0
          22.41841,38.12974,0
          22.41855,38.12978,0
          22.41858,38.12978,0
          22.4188,38.12984,0
          22.41935,38.12997,0
          22.41956,38.13001,0
          22.41977,38.13007,0
          22.41984,38.13008,0
          22.4202,38.13016,0
          22.42042,38.1302,0
          22.42043,38.13021,0
          22.42048,38.13022,0
          22.42107,38.1303,0
          22.42117,38.1303,0
          22.42319,38.1304,0
          22.42446,38.13056,0
          22.42553,38.1305,0
          22.42664,38.13046,0
          22.42681,38.13046,0
          22.42766,38.1304,0
          22.42788,38.13036,0
          22.42807,38.13035,0
          22.42827,38.13036,0
          22.42844,38.13038,0
          22.42849,38.13039,0
          22.42882,38.13043,0
          22.42988,38.13061,0
          22.43058,38.13075,0
          22.43214,38.13102,0
          22.43228,38.13105,0
          22.43237,38.13106,0
          22.43304,38.13118,0
          22.43312,38.13119,0
          22.43393,38.13134,0
          22.43409,38.13136,0
          22.43438,38.13141,0
          22.4355,38.13157,0
          22.43606,38.13167,0
          22.43655,38.13171,0
          22.43663,38.13171,0
          22.43702,38.13174,0
          22.43708,38.13175,0
          22.43718,38.13175,0
          22.43731,38.13177,0
          22.43745,38.13178,0
          22.43899,38.13178,0
          22.43932,38.13175,0
          22.43935,38.13175,0
          22.43991,38.1317,0
          22.44003,38.1317,0
          22.44005,38.13169,0
          22.44047,38.13164,0
          22.44049,38.13163,0
          22.44082,38.13159,0
          22.44093,38.13157,0
          22.44099,38.13157,0
          22.44183,38.13141,0
          22.44227,38.13131,0
          22.44249,38.13125,0
          22.44271,38.1312,0
          22.44314,38.13108,0
          22.44406,38.13078,0
          22.44462,38.13055,0
          22.44502,38.13037,0
          22.44525,38.13028,0
          22.44595,38.12994,0
          22.44603,38.12991,0
          22.44622,38.12981,0
          22.4463,38.12978,0
          22.44855,38.12851,0
          22.4486,38.12849,0
          22.44906,38.12823,0
          22.44932,38.12807,0
          22.45,38.12771,0
          22.45049,38.12748,0
          22.45079,38.12735,0
          22.45092,38.1273,0
          22.45103,38.12725,0
          22.45104,38.12724,0
          22.45124,38.12716,0
          22.45144,38.12707,0
          22.45145,38.12707,0
          22.45201,38.12684,0
          22.45205,38.12682,0
          22.45246,38.12667,0
          22.45247,38.12667,0
          22.45267,38.12661,0
          22.45302,38.12649,0
          22.45373,38.12628,0
          22.45437,38.12612,0
          22.45443,38.1261,0
          22.45481,38.12602,0
          22.45484,38.12601,0
          22.45545,38.12588,0
          22.45634,38.12572,0
          22.45746,38.12556,0
          22.45825,38.12549,0
          22.4583,38.12548,0
          22.45852,38.12548,0
          22.45921,38.12545,0
          22.45944,38.12545,0
          22.45993,38.12543,0
          22.46108,38.12543,0
          22.46176,38.12546,0
          22.46181,38.12547,0
          22.46199,38.12548,0
          22.46221,38.12551,0
          22.46244,38.12553,0
          22.46267,38.12556,0
          22.46295,38.12561,0
          22.46312,38.12562,0
          22.46402,38.12574,0
          22.46404,38.12575,0
          22.46447,38.12581,0
          22.46469,38.12586,0
          22.46503,38.12592,0
          22.46513,38.12595,0
          22.46578,38.12611,0
          22.46686,38.12641,0
          22.46729,38.12655,0
          22.4675,38.12661,0
          22.46813,38.12682,0
          22.46823,38.12686,0
          22.46855,38.12697,0
          22.46856,38.12698,0
          22.46938,38.12726,0
          22.46959,38.12734,0
          22.47094,38.1278,0
          22.47115,38.12788,0
          22.47179,38.12809,0
          22.472,38.12817,0
          22.47236,38.12829,0
          22.47247,38.12832,0
          22.47257,38.12836,0
          22.4734,38.12864,0
          22.47353,38.12869,0
          22.47361,38.12871,0
          22.47381,38.12879,0
          22.47423,38.12893,0
          22.47443,38.12901,0
          22.47464,38.12908,0
          22.47484,38.12916,0
          22.47523,38.12929,0
          22.4753,38.12932,0
          22.47551,38.12939,0
          22.47572,38.12947,0
          22.47577,38.12948,0
          22.47721,38.12994,0
          22.4774,38.12999,0
          22.47742,38.13,0
          22.47764,38.13005,0
          22.47786,38.13011,0
          22.47788,38.13011,0
          22.47852,38.13025,0
          22.47869,38.13028,0
          22.47892,38.13031,0
          22.47905,38.13034,0
          22.47959,38.13041,0
          22.47973,38.13042,0
          22.48004,38.13046,0
          22.48027,38.13048,0
          22.48036,38.13048,0
          22.4805,38.13049,0
          22.48062,38.13049,0
          22.48071,38.1305,0
          22.48082,38.1305,0
          22.48096,38.13051,0
          22.48118,38.13051,0
          22.48127,38.13052,0
          22.48156,38.13052,0
          22.48164,38.13051,0
          22.48187,38.13051,0
          22.48252,38.13048,0
          22.48255,38.13047,0
          22.48278,38.13046,0
          22.48283,38.13045,0
          22.48546,38.13019,0
          22.48556,38.13019,0
          22.48591,38.13017,0
          22.48603,38.13017,0
          22.48613,38.13016,0
          22.48635,38.13015,0
          22.48664,38.13015,0
          22.48727,38.13018,0
          22.48752,38.1302,0
          22.48777,38.13021,0
          22.48843,38.13026,0
          22.48888,38.13028,0
          22.48923,38.13031,0
          22.48967,38.13033,0
          22.49,38.13036,0
          22.49008,38.13036,0
          22.49063,38.1304,0
          22.49113,38.13042,0
          22.49148,38.13045,0
          22.49159,38.13045,0
          22.49277,38.1305,0
          22.49295,38.13049,0
          22.49318,38.13049,0
          22.49354,38.13047,0
          22.49376,38.13047,0
          22.49382,38.13046,0
          22.49387,38.13046,0
          22.49405,38.13044,0
          22.49409,38.13044,0
          22.49428,38.13042,0
          22.49432,38.13042,0
          22.4945,38.1304,0
          22.49455,38.13039,0
          22.49462,38.13039,0
          22.495,38.13034,0
          22.49504,38.13033,0
          22.49545,38.13026,0
          22.49547,38.13026,0
          22.49589,38.13017,0
          22.49608,38.13014,0
          22.49611,38.13013,0
          22.49649,38.13004,0
          22.49655,38.13003,0
          22.49669,38.12998,0
          22.4969,38.12993,0
          22.49698,38.1299,0
          22.49719,38.12984,0
          22.49727,38.12981,0
          22.49747,38.12975,0
          22.49762,38.12969,0
          22.49782,38.12962,0
          22.49786,38.1296,0
          22.49798,38.12956,0
          22.49823,38.12946,0
          22.49843,38.12937,0
          22.49862,38.1293,0
          22.49864,38.1293,0
          22.49884,38.1292,0
          22.49903,38.12912,0
          22.49922,38.12902,0
          22.49923,38.12902,0
          22.49937,38.12893,0
          22.49996,38.1286,0
          22.50013,38.12848,0
          22.50018,38.12844,0
          22.50047,38.12824,0
          22.50049,38.12823,0
          22.50085,38.12795,0
          22.50113,38.12775,0
          22.50129,38.12762,0
          22.50162,38.12738,0
          22.50173,38.12729,0
          22.50179,38.12726,0
          22.50196,38.12714,0
          22.50212,38.12701,0
          22.50262,38.12665,0
          22.50278,38.12652,0
          22.50328,38.12616,0
          22.50334,38.12611,0
          22.50355,38.12597,0
          22.50358,38.12594,0
          22.50372,38.12585,0
          22.50435,38.12533,0
          22.50584,38.12421,0
          22.506,38.12408,0
          22.50617,38.12396,0
          22.50633,38.12383,0
          22.5065,38.12371,0
          22.50666,38.12358,0
          22.50699,38.12335,0
          22.507,38.12334,0
          22.50742,38.12302,0
          22.50765,38.12283,0
          22.50767,38.12281,0
          22.50781,38.12271,0
          22.50797,38.12258,0
          22.50847,38.12221,0
          22.50863,38.12208,0
          22.5088,38.12196,0
          22.50896,38.12183,0
          22.50913,38.12171,0
          22.50929,38.12158,0
          22.50946,38.12146,0
          22.51043,38.1207,0
          22.5106,38.12058,0
          22.51076,38.12045,0
          22.51093,38.12033,0
          22.51102,38.12025,0
          22.51126,38.12008,0
          22.51134,38.12001,0
          22.51159,38.11983,0
          22.51191,38.11957,0
          22.51224,38.11933,0
          22.51256,38.11907,0
          22.51273,38.11895,0
          22.51289,38.11882,0
          22.51323,38.11858,0
          22.51339,38.11845,0
          22.51356,38.11833,0
          22.51372,38.1182,0
          22.51375,38.11819,0
          22.51421,38.11782,0
          22.51483,38.11735,0
          22.51486,38.11732,0
          22.51504,38.1172,0
          22.5152,38.11708,0
          22.51532,38.11698,0
          22.51553,38.11683,0
          22.51569,38.1167,0
          22.51578,38.11664,0
          22.51585,38.11657,0
          22.51594,38.11649,0
          22.51618,38.11632,0
          22.51641,38.11612,0
          22.51665,38.11593,0
          22.51695,38.11571,0
          22.51699,38.11569,0
          22.51715,38.11556,0
          22.51732,38.11544,0
          22.51781,38.11506,0
          22.51815,38.11482,0
          22.51824,38.11475,0
          22.51832,38.1147,0
          22.51882,38.11434,0
          22.51883,38.11434,0
          22.51917,38.1141,0
          22.51935,38.114,0
          22.51935,38.11399,0
          22.51958,38.11383,0
          22.51989,38.11366,0
          22.52006,38.11355,0
          22.52007,38.11355,0
          22.52024,38.11343,0
          22.52043,38.11332,0
          22.5206,38.11321,0
          22.52061,38.11321,0
          22.52086,38.11305,0
          22.52108,38.11289,0
          22.52131,38.11276,0
          22.52164,38.11254,0
          22.52263,38.11194,0
          22.52295,38.11171,0
          22.52303,38.11166,0
          22.52312,38.11159,0
          22.52366,38.11126,0
          22.52367,38.11125,0
          22.52383,38.11114,0
          22.52401,38.11103,0
          22.52419,38.11091,0
          22.5243,38.11085,0
          22.52447,38.11073,0
          22.52454,38.11069,0
          22.52462,38.11063,0
          22.52472,38.11057,0
          22.52489,38.11045,0
          22.52507,38.11034,0
          22.52577,38.10987,0
          22.52581,38.10985,0
          22.52619,38.10959,0
          22.52629,38.10953,0
          22.5264,38.10945,0
          22.52647,38.10941,0
          22.52673,38.10924,0
          22.52681,38.10918,0
          22.52688,38.10914,0
          22.52734,38.10883,0
          22.52735,38.10883,0
          22.52751,38.10871,0
          22.52752,38.10871,0
          22.52804,38.10837,0
          22.52821,38.10825,0
          22.5283,38.1082,0
          22.52857,38.10803,0
          22.52874,38.10791,0
          22.52876,38.1079,0
          22.53032,38.10687,0
          22.53066,38.10663,0
          22.53102,38.10641,0
          22.53119,38.10629,0
          22.53137,38.10618,0
          22.53197,38.10578,0
          22.53207,38.10572,0
          22.53277,38.10525,0
          22.53295,38.10514,0
          22.53312,38.10502,0
          22.53316,38.105,0
          22.5333,38.10491,0
          22.53338,38.10485,0
          22.5337,38.10465,0
          22.53416,38.10439,0
          22.5342,38.10436,0
          22.5348,38.10405,0
          22.53498,38.10398,0
          22.53545,38.10377,0
          22.53604,38.10354,0
          22.5362,38.10349,0
          22.53632,38.10344,0
          22.5364,38.10342,0
          22.53648,38.10339,0
          22.53669,38.10333,0
          22.53683,38.10328,0
          22.53705,38.10322,0
          22.53706,38.10321,0
          22.53726,38.10317,0
          22.53748,38.10311,0
          22.53781,38.10304,0
          22.53792,38.103,0
          22.53839,38.10287,0
          22.53857,38.10283,0
          22.53878,38.10277,0
          22.53922,38.10267,0
          22.53952,38.10259,0
          22.53966,38.10256,0
          22.53987,38.1025,0
          22.54009,38.10245,0
          22.54071,38.10228,0
          22.54074,38.10228,0
          22.54075,38.10227,0
          22.54077,38.10227,0
          22.54101,38.10221,0
          22.54118,38.10216,0
          22.54183,38.10201,0
          22.54205,38.10195,0
          22.54227,38.1019,0
          22.54249,38.10184,0
          22.54283,38.10176,0
          22.54292,38.10173,0
          22.54314,38.10168,0
          22.54335,38.10162,0
          22.54357,38.10157,0
          22.54401,38.10145,0
          22.54431,38.10138,0
          22.54444,38.10134,0
          22.54445,38.10134,0
          22.54464,38.10129,0
          22.54466,38.10129,0
          22.54488,38.10124,0
          22.54553,38.10106,0
          22.54575,38.10101,0
          22.54596,38.10095,0
          22.54618,38.1009,0
          22.5464,38.10084,0
          22.54662,38.10079,0
          22.54683,38.10073,0
          22.54719,38.10065,0
          22.54814,38.1004,0
          22.54836,38.10035,0
          22.54857,38.10029,0
          22.54879,38.10024,0
          22.54901,38.10018,0
          22.5495,38.10007,0
          22.54981,38.09998,0
          22.54988,38.09997,0
          22.55051,38.0998,0
          22.5507,38.09976,0
          22.55098,38.09968,0
          22.5512,38.09963,0
          22.55163,38.09951,0
          22.55182,38.09947,0
          22.55185,38.09946,0
          22.55224,38.09937,0
          22.55229,38.09935,0
          22.55243,38.09931,0
          22.5525,38.0993,0
          22.55272,38.09925,0
          22.55294,38.09919,0
          22.55316,38.09914,0
          22.55322,38.09912,0
          22.55397,38.09896,0
          22.55404,38.09894,0
          22.55426,38.0989,0
          22.55429,38.09889,0
          22.55448,38.09886,0
          22.55454,38.09884,0
          22.55471,38.09882,0
          22.55485,38.09879,0
          22.5551,38.09875,0
          22.55511,38.09874,0
          22.55622,38.09854,0
          22.55659,38.09846,0
          22.55666,38.09845,0
          22.5571,38.09835,0
          22.55715,38.09833,0
          22.55732,38.09829,0
          22.55775,38.09817,0
          22.55789,38.09812,0
          22.55796,38.0981,0
          22.55807,38.09805,0
          22.55826,38.09799,0
          22.55854,38.09788,0
          22.55857,38.09786,0
          22.55897,38.09768,0
          22.55916,38.09758,0
          22.55929,38.09752,0
          22.55935,38.09748,0
          22.55949,38.09741,0
          22.56004,38.09708,0
          22.56008,38.09705,0
          22.56045,38.09683,0
          22.56046,38.09682,0
          22.56062,38.09672,0
          22.56114,38.09636,0
          22.56126,38.09629,0
          22.56131,38.09625,0
          22.56186,38.09592,0
          22.56194,38.09588,0
          22.56203,38.09582,0
          22.56259,38.09548,0
          22.56276,38.09536,0
          22.56294,38.09525,0
          22.56348,38.09497,0
          22.56351,38.09495,0
          22.56372,38.09487,0
          22.56392,38.09478,0
          22.56412,38.0947,0
          22.56433,38.09463,0
          22.56454,38.09455,0
          22.56495,38.09441,0
          22.56516,38.09432,0
          22.56532,38.09426,0
          22.56579,38.09416,0
          22.56581,38.09415,0
          22.56603,38.09415,0
          22.56618,38.09414,0
          22.56671,38.09407,0
          22.56694,38.09403,0
          22.56739,38.09397,0
          22.56806,38.09385,0
          22.56893,38.09365,0
          22.56895,38.09365,0
          22.56914,38.09358,0
          22.56918,38.09356,0
          22.56939,38.09349,0
          22.5698,38.09333,0
          22.57016,38.09317,0
          22.5702,38.09316,0
          22.57064,38.09293,0
          22.57161,38.09228,0
          22.57163,38.09227,0
          22.57282,38.09143,0
          22.57287,38.0914,0
          22.57355,38.09092,0
          22.57372,38.09079,0
          22.57473,38.09007,0
          22.57503,38.08984,0
          22.57574,38.08934,0
          22.57575,38.08933,0
          22.57608,38.0891,0
          22.57609,38.08909,0
          22.57676,38.08862,0
          22.57701,38.08843,0
          22.57778,38.08789,0
          22.57779,38.08788,0
          22.57786,38.08783,0
          22.57791,38.0878,0
          22.57794,38.08777,0
          22.57997,38.08634,0
          22.57998,38.08633,0
          22.58016,38.08621,0
          22.58033,38.08611,0
          22.58034,38.0861,0
          22.58053,38.086,0
          22.58071,38.08589,0
          22.5811,38.0857,0
          22.5812,38.08564,0
          22.58164,38.08544,0
          22.58189,38.08534,0
          22.58216,38.08522,0
          22.5823,38.08519,0
          22.58252,38.08513,0
          22.58253,38.08512,0
          22.58274,38.08508,0
          22.58275,38.08507,0
          22.58296,38.08503,0
          22.58297,38.08503,0
          22.58307,38.08501,0
          22.58313,38.08499,0
          22.58373,38.08488,0
          22.58385,38.08487,0
          22.58407,38.08483,0
          22.58475,38.08477,0
          22.58498,38.08476,0
          22.58514,38.08474,0
          22.58528,38.08474,0
          22.58566,38.08472,0
          22.58585,38.08472,0
          22.58589,38.08471,0
          22.58628,38.08468,0
          22.58665,38.08462,0
          22.58701,38.08454,0
          22.58709,38.08451,0
          22.58735,38.08444,0
          22.58775,38.08436,0
          22.58776,38.08435,0
          22.58818,38.08423,0
          22.58827,38.08421,0
          22.58859,38.08408,0
          22.58873,38.08403,0
          22.58923,38.0838,0
          22.58961,38.0836,0
          22.58965,38.08359,0
          22.59038,38.08321,0
          22.59057,38.08312,0
          22.59172,38.08252,0
          22.59191,38.08243,0
          22.59287,38.08193,0
          22.59306,38.08184,0
          22.59325,38.08174,0
          22.59345,38.08165,0
          22.59459,38.08105,0
          22.59479,38.08096,0
          22.59555,38.08056,0
          22.5959,38.08039,0
          22.59593,38.08037,0
          22.59708,38.07977,0
          22.59713,38.07975,0
          22.59779,38.07943,0
          22.59838,38.07918,0
          22.59847,38.07915,0
          22.59867,38.07907,0
          22.59888,38.079,0
          22.59931,38.07888,0
          22.59933,38.07887,0
          22.59975,38.07877,0
          22.59977,38.07876,0
          22.60064,38.0786,0
          22.60106,38.07854,0
          22.60109,38.07853,0
          22.60126,38.07851,0
          22.6014,38.07848,0
          22.60198,38.0784,0
          22.60221,38.07836,0
          22.60311,38.07824,0
          22.60312,38.07823,0
          22.60347,38.07817,0
          22.60369,38.07812,0
          22.60391,38.07808,0
          22.60425,38.078,0
          22.60435,38.07797,0
          22.60457,38.07792,0
          22.60459,38.07791,0
          22.60499,38.07778,0
          22.60561,38.07754,0
          22.60579,38.07745,0
          22.60599,38.07736,0
          22.60637,38.07716,0
          22.60642,38.07714,0
          22.6067,38.07698,0
          22.60675,38.07696,0
          22.60821,38.07614,0
          22.60824,38.07613,0
          22.60897,38.0757,0
          22.60923,38.07557,0
          22.60929,38.07553,0
          22.60961,38.07535,0
          22.6097,38.07531,0
          22.61189,38.07411,0
          22.612,38.07406,0
          22.61236,38.07387,0
          22.6128,38.07367,0
          22.61339,38.07343,0
          22.61357,38.07338,0
          22.6141,38.07321,0
          22.6145,38.0731,0
          22.61518,38.07296,0
          22.61547,38.07291,0
          22.61607,38.07284,0
          22.61655,38.0728,0
          22.61689,38.07276,0
          22.61735,38.07274,0
          22.61758,38.07272,0
          22.61841,38.07269,0
          22.61856,38.07267,0
          22.619,38.07267,0
          22.61922,38.07266,0
          22.61945,38.07264,0
          22.62013,38.07261,0
          22.62036,38.07259,0
          22.62123,38.07255,0
          22.62155,38.07255,0
          22.62169,38.07254,0
          22.62239,38.07254,0
          22.62254,38.07255,0
          22.62264,38.07255,0
          22.62277,38.07257,0
          22.62293,38.07258,0
          22.62329,38.07264,0
          22.62351,38.07266,0
          22.62374,38.07269,0
          22.62423,38.07279,0
          22.62427,38.07279,0
          22.62449,38.07284,0
          22.62471,38.07288,0
          22.62474,38.07289,0
          22.62496,38.07294,0
          22.625,38.07294,0
          22.62534,38.073,0
          22.62546,38.07301,0
          22.62569,38.07304,0
          22.62573,38.07304,0
          22.62592,38.07306,0
          22.62616,38.07307,0
          22.62639,38.07309,0
          22.62662,38.0731,0
          22.62672,38.07311,0
          22.62714,38.07312,0
          22.62732,38.07311,0
          22.6276,38.07311,0
          22.62812,38.07306,0
          22.62863,38.07299,0
          22.62871,38.07297,0
          22.62893,38.07293,0
          22.62894,38.07293,0
          22.62916,38.07289,0
          22.62963,38.07278,0
          22.63001,38.07267,0
          22.63022,38.0726,0
          22.63042,38.07252,0
          22.63104,38.07231,0
          22.63106,38.0723,0
          22.63125,38.07224,0
          22.63126,38.07223,0
          22.63127,38.07223,0
          22.63139,38.07219,0
          22.63145,38.07216,0
          22.63166,38.07209,0
          22.63168,38.07209,0
          22.63184,38.07203,0
          22.63186,38.07202,0
          22.63228,38.07188,0
          22.63248,38.0718,0
          22.63269,38.07173,0
          22.6327,38.07173,0
          22.63331,38.07152,0
          22.63351,38.07144,0
          22.63413,38.07123,0
          22.63415,38.07122,0
          22.63433,38.07116,0
          22.63454,38.07108,0
          22.63456,38.07108,0
          22.63475,38.07101,0
          22.63477,38.071,0
          22.63496,38.07094,0
          22.63498,38.07093,0
          22.63517,38.07087,0
          22.63538,38.07079,0
          22.63579,38.07065,0
          22.636,38.07057,0
          22.63661,38.07036,0
          22.63663,38.07035,0
          22.63665,38.07035,0
          22.63766,38.06997,0
          22.63786,38.06988,0
          22.63806,38.0698,0
          22.63834,38.06971,0
          22.63886,38.06946,0
          22.63887,38.06946,0
          22.63894,38.06943,0
          22.64023,38.0688,0
          22.64061,38.0686,0
          22.641,38.06841,0
          22.64138,38.06821,0
          22.64164,38.06809,0
          22.64196,38.06792,0
          22.64215,38.06783,0
          22.64234,38.06773,0
          22.64239,38.06771,0
          22.64254,38.06763,0
          22.64312,38.06735,0
          22.64331,38.06725,0
          22.64351,38.06716,0
          22.6437,38.06706,0
          22.6439,38.06697,0
          22.64408,38.06688,0
          22.64409,38.06687,0
          22.64507,38.06641,0
          22.64526,38.06631,0
          22.64536,38.06627,0
          22.64555,38.06617,0
          22.64559,38.06616,0
          22.64595,38.066,0
          22.64636,38.06584,0
          22.64692,38.06564,0
          22.6472,38.06556,0
          22.64741,38.06549,0
          22.64826,38.06525,0
          22.64827,38.06525,0
          22.64849,38.06521,0
          22.64861,38.06518,0
          22.64894,38.06512,0
          22.64897,38.06511,0
          22.64961,38.065,0
          22.65006,38.06494,0
          22.65073,38.06483,0
          22.65081,38.06481,0
          22.65083,38.06481,0
          22.65132,38.06469,0
          22.65138,38.06468,0
          22.65181,38.06455,0
          22.65186,38.06454,0
          22.65224,38.06442,0
          22.6526,38.06428,0
          22.65315,38.06403,0
          22.65353,38.06383,0
          22.65371,38.06372,0
          22.65372,38.06372,0
          22.65404,38.06352,0
          22.65425,38.06337,0
          22.65439,38.06328,0
          22.65442,38.06325,0
          22.65473,38.06299,0
          22.65501,38.06271,0
          22.65513,38.06258,0
          22.65533,38.06238,0
          22.65536,38.06234,0
          22.65539,38.06232,0
          22.65553,38.06217,0
          22.65563,38.06203,0
          22.65595,38.06162,0
          22.65597,38.0616,0
          22.65621,38.06128,0
          22.65655,38.06078,0
          22.65696,38.06027,0
          22.65701,38.0602,0
          22.65703,38.06019,0
          22.65706,38.06015,0
          22.65714,38.06006,0
          22.65721,38.05997,0
          22.65727,38.05991,0
          22.6574,38.05976,0
          22.65777,38.0594,0
          22.65815,38.05908,0
          22.65831,38.05896,0
          22.65832,38.05895,0
          22.65856,38.05877,0
          22.65865,38.05871,0
          22.65867,38.0587,0
          22.65896,38.05851,0
          22.659,38.05849,0
          22.65935,38.05828,0
          22.65937,38.05828,0
          22.65975,38.05808,0
          22.65983,38.05803,0
          22.66029,38.05782,0
          22.66082,38.05761,0
          22.66138,38.05743,0
          22.66177,38.05732,0
          22.66225,38.05721,0
          22.66234,38.05718,0
          22.66246,38.05716,0
          22.66247,38.05716,0
          22.66269,38.05712,0
          22.66291,38.05709,0
          22.66294,38.05708,0
          22.66306,38.05707,0
          22.66312,38.05706,0
          22.66314,38.05706,0
          22.66318,38.05705,0
          22.66359,38.057,0
          22.66382,38.05699,0
          22.66441,38.05694,0
          22.66655,38.05685,0
          22.66666,38.05685,0
          22.66723,38.05682,0
          22.66769,38.05678,0
          22.66853,38.05665,0
          22.66856,38.05664,0
          22.66875,38.0566,0
          22.66878,38.0566,0
          22.66909,38.05654,0
          22.66962,38.05641,0
          22.66963,38.05641,0
          22.67002,38.05629,0
          22.67004,38.05628,0
          22.67043,38.05616,0
          22.67091,38.05597,0
          22.67095,38.05595,0
          22.67136,38.05579,0
          22.67156,38.0557,0
          22.67196,38.05554,0
          22.67236,38.05536,0
          22.67256,38.05528,0
          22.67394,38.05465,0
          22.67414,38.05457,0
          22.67473,38.0543,0
          22.67474,38.0543,0
          22.67552,38.05394,0
          22.67553,38.05394,0
          22.67592,38.05376,0
          22.67612,38.05368,0
          22.67651,38.0535,0
          22.67652,38.0535,0
          22.67849,38.0526,0
          22.67869,38.05252,0
          22.67966,38.05208,0
          22.67968,38.05208,0
          22.67986,38.05199,0
          22.67988,38.05199,0
          22.68006,38.0519,0
          22.68008,38.0519,0
          22.68027,38.05181,0
          22.68046,38.05171,0
          22.68085,38.05153,0
          22.68141,38.05122,0
          22.68235,38.05065,0
          22.68288,38.05037,0
          22.68306,38.05026,0
          22.6836,38.04998,0
          22.68363,38.04996,0
          22.68402,38.04977,0
          22.68495,38.04935,0
          22.68515,38.04927,0
          22.68594,38.04891,0
          22.68614,38.04883,0
          22.68645,38.04869,0
          22.68665,38.04861,0
          22.68672,38.04857,0
          22.68692,38.04849,0
          22.68772,38.04813,0
          22.68792,38.04805,0
          22.68872,38.04769,0
          22.68892,38.04761,0
          22.68971,38.04725,0
          22.68991,38.04717,0
          22.69091,38.04672,0
          22.69111,38.04664,0
          22.69117,38.04661,0
          22.69137,38.04653,0
          22.69424,38.04522,0
          22.69485,38.04498,0
          22.69486,38.04497,0
          22.69569,38.04469,0
          22.69578,38.04467,0
          22.6959,38.04463,0
          22.69655,38.04445,0
          22.69794,38.04413,0
          22.69829,38.04403,0
          22.69862,38.04395,0
          22.69872,38.04391,0
          22.69894,38.04385,0
          22.69915,38.04378,0
          22.69935,38.0437,0
          22.69956,38.04363,0
          22.69976,38.04354,0
          22.69996,38.04346,0
          22.70036,38.04328,0
          22.70056,38.0432,0
          22.70096,38.04302,0
          22.70116,38.04294,0
          22.70156,38.04276,0
          22.70176,38.04268,0
          22.70216,38.0425,0
          22.70236,38.04242,0
          22.70276,38.04224,0
          22.70296,38.04216,0
          22.70336,38.04198,0
          22.70356,38.0419,0
          22.70407,38.04167,0
          22.70427,38.04159,0
          22.70447,38.0415,0
          22.70468,38.04142,0
          22.70522,38.04119,0
          22.70568,38.04098,0
          22.70587,38.04088,0
          22.70607,38.04079,0
          22.70626,38.04069,0
          22.70646,38.0406,0
          22.70665,38.04049,0
          22.70666,38.04049,0
          22.70683,38.04039,0
          22.70684,38.04038,0
          22.70732,38.0401,0
          22.70773,38.03982,0
          22.70785,38.03975,0
          22.7079,38.0397,0
          22.70828,38.03943,0
          22.7084,38.03933,0
          22.70873,38.03908,0
          22.70924,38.03861,0
          22.70928,38.03858,0
          22.70938,38.03847,0
          22.70994,38.03791,0
          22.71008,38.03776,0
          22.71064,38.0372,0
          22.71065,38.03718,0
          22.71106,38.03677,0
          22.71149,38.03638,0
          22.71151,38.03637,0
          22.71166,38.03624,0
          22.71167,38.03624,0
          22.71182,38.0361,0
          22.71199,38.03596,0
          22.71283,38.03538,0
          22.71301,38.03527,0
          22.71335,38.03503,0
          22.71353,38.03492,0
          22.7137,38.0348,0
          22.71388,38.03469,0
          22.71422,38.03445,0
          22.7144,38.03434,0
          22.71509,38.03387,0
          22.71553,38.03359,0
          22.71626,38.03308,0
          22.71644,38.03297,0
          22.7173,38.03237,0
          22.71808,38.03185,0
          22.71897,38.03123,0
          22.71997,38.03042,0
          22.7207,38.02972,0
          22.72121,38.02919,0
          22.72191,38.02842,0
          22.72234,38.02792,0
          22.72248,38.02778,0
          22.72261,38.02763,0
          22.72273,38.02751,0
          22.72304,38.02715,0
          22.72356,38.02659,0
          22.72581,38.02407,0
          22.7261,38.02376,0
          22.72623,38.0236,0
          22.72645,38.02335,0
          22.72669,38.02304,0
          22.72678,38.02294,0
          22.72681,38.02289,0
          22.72693,38.02274,0
          22.72727,38.02228,0
          22.72777,38.02148,0
          22.72833,38.02043,0
          22.72841,38.02026,0
          22.72859,38.01993,0
          22.7292,38.01872,0
          22.72944,38.01827,0
          22.73004,38.01708,0
          22.73031,38.01661,0
          22.73031,38.0166,0
          22.7304,38.01644,0
          22.73048,38.01627,0
          22.73078,38.01569,0
          22.73082,38.0156,0
          22.731,38.01527,0
          22.73108,38.0151,0
          22.73117,38.01494,0
          22.73125,38.01477,0
          22.73128,38.01472,0
          22.73139,38.01449,0
          22.73141,38.01446,0
          22.73153,38.01421,0
          22.73154,38.0142,0
          22.73175,38.01379,0
          22.73181,38.01365,0
          22.73201,38.01326,0
          22.73202,38.01323,0
          22.7322,38.0129,0
          22.73229,38.01275,0
          22.73237,38.01259,0
          22.73246,38.01244,0
          22.73257,38.01223,0
          22.7326,38.01219,0
          22.73268,38.01202,0
          22.73286,38.0117,0
          22.73323,38.011,0
          22.73327,38.01094,0
          22.73354,38.0104,0
          22.73372,38.01007,0
          22.7338,38.0099,0
          22.73393,38.00967,0
          22.73393,38.00966,0
          22.73398,38.00957,0
          22.73406,38.0094,0
          22.73422,38.0091,0
          22.7343,38.00893,0
          22.73439,38.00877,0
          22.73447,38.0086,0
          22.73514,38.00729,0
          22.7353,38.00695,0
          22.73539,38.00679,0
          22.73546,38.00662,0
          22.73554,38.00645,0
          22.73572,38.00602,0
          22.73578,38.00584,0
          22.73579,38.00582,0
          22.73579,38.00579,0
          22.7358,38.00574,0
          22.73584,38.00561,0
          22.7359,38.00525,0
          22.73594,38.00508,0
          22.73595,38.0049,0
          22.73597,38.00475,0
          22.73599,38.00439,0
          22.73599,38.00399,0
          22.73595,38.00363,0
          22.7359,38.00331,0
          22.73588,38.00313,0
          22.73582,38.00278,0
          22.7358,38.0026,0
          22.73577,38.00243,0
          22.73576,38.00231,0
          22.73573,38.00216,0
          22.73573,38.00213,0
          22.73572,38.0021,0
          22.73564,38.0016,0
          22.7355,38.0004,0
          22.7355,38.00031,0
          22.73549,38.00013,0
          22.73548,38.00011,0
          22.73544,37.99944,0
          22.73544,37.99909,0
          22.73543,37.99908,0
          22.73543,37.99889,0
          22.73539,37.99875,0
          22.73539,37.99872,0
          22.73536,37.99863,0
          22.73535,37.99858,0
          22.73532,37.99847,0
          22.73529,37.99827,0
          22.73528,37.99824,0
          22.73522,37.99789,0
          22.7352,37.99755,0
          22.73518,37.99676,0
          22.73537,37.99553,0
          22.73539,37.99545,0
          22.73545,37.99526,0
          22.73555,37.99487,0
          22.73557,37.99468,0
          22.73557,37.99457,0
          22.73561,37.99386,0
          22.73561,37.99375,0
          22.73562,37.99368,0
          22.73562,37.99362,0
          22.73565,37.99314,0
          22.73565,37.99295,0
          22.73571,37.99191,0
          22.73571,37.99173,0
          22.73575,37.99101,0
          22.73575,37.99083,0
          22.73579,37.99012,0
          22.73579,37.98994,0
          22.73582,37.9894,0
          22.73582,37.98922,0
          22.73583,37.98904,0
          22.73583,37.9886,0
          22.73581,37.98832,0
          22.73578,37.98814,0
          22.73576,37.98796,0
          22.7357,37.9876,0
          22.73566,37.98743,0
          22.73563,37.98725,0
          22.73559,37.98707,0
          22.73554,37.98678,0
          22.73554,37.98677,0
          22.7355,37.98661,0
          22.7355,37.98658,0
          22.73544,37.98625,0
          22.73543,37.98622,0
          22.7354,37.98605,0
          22.73535,37.98557,0
          22.73534,37.98551,0
          22.73533,37.98534,0
          22.73533,37.98515,0
          22.73532,37.98497,0
          22.73534,37.98461,0
          22.73536,37.98443,0
          22.73537,37.98425,0
          22.73538,37.98421,0
          22.73543,37.98389,0
          22.73555,37.98336,0
          22.7356,37.98319,0
          22.73578,37.98267,0
          22.73592,37.98233,0
          22.73601,37.98214,0
          22.73612,37.98194,0
          22.73624,37.9817,0
          22.73627,37.98166,0
          22.73636,37.9815,0
          22.73647,37.98134,0
          22.7366,37.98112,0
          22.737,37.98054,0
          22.73704,37.98049,0
          22.73722,37.98016,0
          22.73729,37.98005,0
          22.73738,37.97993,0
          22.73739,37.97991,0
          22.73778,37.9794,0
          22.73789,37.97924,0
          22.73823,37.97878,0
          22.73835,37.97863,0
          22.73842,37.97852,0
          22.73889,37.97785,0
          22.73899,37.97769,0
          22.73932,37.97722,0
          22.73933,37.97721,0
          22.73987,37.97643,0
          22.73999,37.97628,0
          22.7401,37.97612,0
          22.74011,37.9761,0
          22.7403,37.97583,0
          22.74033,37.97578,0
          22.74045,37.97562,0
          22.74046,37.9756,0
          22.7406,37.9754,0
          22.74068,37.9753,0
          22.74078,37.97516,0
          22.74088,37.975,0
          22.74099,37.97485,0
          22.74109,37.97469,0
          22.74163,37.9739,0
          22.74173,37.97374,0
          22.74184,37.97359,0
          22.74184,37.97358,0
          22.74195,37.97344,0
          22.74196,37.97343,0
          22.74212,37.97321,0
          22.74219,37.97313,0
          22.74267,37.97252,0
          22.74278,37.97237,0
          22.7429,37.97222,0
          22.74291,37.97222,0
          22.74303,37.97207,0
          22.74308,37.97202,0
          22.74326,37.97181,0
          22.74363,37.97144,0
          22.74369,37.97139,0
          22.74377,37.97131,0
          22.74393,37.97117,0
          22.74424,37.97092,0
          22.74426,37.97089,0
          22.7444,37.97079,0
          22.74472,37.97054,0
          22.74485,37.97043,0
          22.74557,37.96992,0
          22.74559,37.9699,0
          22.74587,37.96968,0
          22.74589,37.96966,0
          22.74616,37.96943,0
          22.7462,37.96939,0
          22.74633,37.96928,0
          22.74673,37.96888,0
          22.74714,37.96838,0
          22.74736,37.96806,0
          22.74751,37.96782,0
          22.74757,37.96774,0
          22.74757,37.96773,0
          22.74766,37.96758,0
          22.74775,37.96741,0
          22.74777,37.96738,0
          22.74784,37.96725,0
          22.74792,37.96708,0
          22.74808,37.96665,0
          22.7481,37.96656,0
          22.74816,37.96639,0
          22.74826,37.96603,0
          22.74834,37.96568,0
          22.7484,37.96514,0
          22.7484,37.96478,0
          22.74841,37.9646,0
          22.74841,37.96433,0
          22.74839,37.96407,0
          22.74835,37.96371,0
          22.74835,37.96355,0
          22.74831,37.96279,0
          22.74832,37.96265,0
          22.74832,37.96247,0
          22.74833,37.96235,0
          22.74833,37.96229,0
          22.74835,37.96211,0
          22.74836,37.96191,0
          22.74843,37.96144,0
          22.74848,37.96122,0
          22.74851,37.96104,0
          22.74863,37.96051,0
          22.74867,37.96036,0
          22.74879,37.96003,0
          22.7488,37.95999,0
          22.74894,37.95966,0
          22.74895,37.95965,0
          22.74904,37.95948,0
          22.74906,37.95943,0
          22.74948,37.95865,0
          22.74958,37.95849,0
          22.74991,37.95802,0
          22.74992,37.958,0
          22.75125,37.95613,0
          22.75147,37.95585,0
          22.75148,37.95582,0
          22.75181,37.95535,0
          22.75193,37.9552,0
          22.75204,37.95504,0
          22.75216,37.95489,0
          22.75224,37.95478,0
          22.75226,37.95476,0
          22.75238,37.95459,0
          22.7524,37.95455,0
          22.75307,37.95366,0
          22.75318,37.9535,0
          22.75341,37.95319,0
          22.75352,37.95303,0
          22.75421,37.9521,0
          22.75426,37.95202,0
          22.75432,37.95194,0
          22.75451,37.95166,0
          22.755,37.951,0
          22.75512,37.95085,0
          22.75579,37.94991,0
          22.75613,37.94948,0
          22.75643,37.94904,0
          22.75661,37.94883,0
          22.75675,37.94869,0
          22.757,37.94841,0
          22.75701,37.94839,0
          22.75716,37.94826,0
          22.75803,37.94743,0
          22.75804,37.94743,0
          22.75807,37.94739,0
          22.75829,37.94719,0
          22.75832,37.94715,0
          22.75875,37.94673,0
          22.75886,37.94665,0
          22.75902,37.9465,0
          22.75933,37.94624,0
          22.76007,37.94555,0
          22.7602,37.94544,0
          22.76094,37.94472,0
          22.76122,37.94448,0
          22.76147,37.94424,0
          22.76162,37.94411,0
          22.76191,37.94383,0
          22.76204,37.94368,0
          22.76232,37.9434,0
          22.76277,37.94299,0
          22.76293,37.94286,0
          22.76298,37.94281,0
          22.7633,37.94256,0
          22.76331,37.94255,0
          22.76364,37.94231,0
          22.76365,37.9423,0
          22.76446,37.94169,0
          22.76514,37.94121,0
          22.76519,37.94117,0
          22.76548,37.94097,0
          22.76549,37.94096,0
          22.76636,37.9404,0
          22.76663,37.94021,0
          22.76667,37.94019,0
          22.76685,37.94008,0
          22.76759,37.93966,0
          22.76797,37.93946,0
          22.76815,37.93935,0
          22.76853,37.93915,0
          22.7689,37.93894,0
          22.76984,37.93844,0
          22.76997,37.93838,0
          22.77,37.93836,0
          22.77016,37.93828,0
          22.77031,37.93819,0
          22.77069,37.93799,0
          22.77087,37.93788,0
          22.77125,37.93768,0
          22.77218,37.93716,0
          22.77313,37.93666,0
          22.77331,37.93655,0
          22.7735,37.93645,0
          22.77351,37.93644,0
          22.77369,37.93635,0
          22.77387,37.93624,0
          22.77444,37.93594,0
          22.77462,37.93583,0
          22.7765,37.93481,0
          22.77651,37.93481,0
          22.77715,37.93446,0
          22.77783,37.93411,0
          22.78097,37.93266,0
          22.78114,37.93259,0
          22.7814,37.93247,0
          22.7816,37.93239,0
          22.7822,37.93212,0
          22.7824,37.93204,0
          22.78371,37.93145,0
          22.78372,37.93144,0
          22.78478,37.93096,0
          22.78484,37.93094,0
          22.78504,37.93086,0
          22.78665,37.93012,0
          22.78685,37.93004,0
          22.78725,37.92986,0
          22.78726,37.92986,0
          22.78963,37.92879,0
          22.78966,37.92878,0
          22.79045,37.92842,0
          22.79065,37.92834,0
          22.79125,37.92807,0
          22.79145,37.92799,0
          22.79224,37.92763,0
          22.79234,37.92759,0
          22.79305,37.92727,0
          22.79325,37.92719,0
          22.79441,37.92667,0
          22.79446,37.92664,0
          22.79467,37.92656,0
          22.79487,37.92647,0
          22.79568,37.92615,0
          22.79652,37.92587,0
          22.79674,37.92581,0
          22.79695,37.92574,0
          22.79727,37.92565,0
          22.79748,37.92558,0
          22.79877,37.92522,0
          22.79898,37.92515,0
          22.80027,37.92479,0
          22.80048,37.92472,0
          22.80134,37.92448,0
          22.80155,37.92441,0
          22.80369,37.92379,0
          22.80412,37.92368,0
          22.80498,37.92342,0
          22.80627,37.92306,0
          22.80636,37.92304,0
          22.80648,37.923,0
          22.8067,37.92295,0
          22.80691,37.92289,0
          22.80735,37.92279,0
          22.80757,37.92273,0
          22.80828,37.92257,0
          22.80831,37.92256,0
          22.80875,37.92248,0
          22.80897,37.92243,0
          22.80941,37.92235,0
          22.81003,37.92221,0
          22.81047,37.92213,0
          22.81069,37.92208,0
          22.81136,37.92196,0
          22.81147,37.92193,0
          22.81191,37.92185,0
          22.81213,37.9218,0
          22.81235,37.92176,0
          22.81257,37.92171,0
          22.81279,37.92167,0
          22.81295,37.92163,0
          22.81386,37.92147,0
          22.81408,37.92142,0
          22.8143,37.92138,0
          22.81452,37.92133,0
          22.81475,37.92129,0
          22.81497,37.92124,0
          22.81519,37.9212,0
          22.81541,37.92115,0
          22.81563,37.92111,0
          22.81565,37.9211,0
          22.81694,37.92081,0
          22.81713,37.92076,0
          22.81716,37.92076,0
          22.81833,37.92042,0
          22.81837,37.9204,0
          22.81896,37.9202,0
          22.819,37.92019,0
          22.8192,37.92011,0
          22.81936,37.92006,0
          22.81977,37.9199,0
          22.81997,37.91981,0
          22.8201,37.91977,0
          22.82018,37.91973,0
          22.82038,37.91965,0
          22.82058,37.91956,0
          22.82078,37.91948,0
          22.82118,37.9193,0
          22.82138,37.91922,0
          22.82158,37.91913,0
          22.82178,37.91905,0
          22.82195,37.91897,0
          22.82198,37.91896,0
          22.82238,37.91878,0
          22.82258,37.9187,0
          22.82357,37.91825,0
          22.82377,37.91817,0
          22.82496,37.91763,0
          22.82516,37.91755,0
          22.82605,37.91715,0
          22.82606,37.91715,0
          22.82665,37.91688,0
          22.82684,37.91678,0
          22.82704,37.91669,0
          22.82706,37.91667,0
          22.82757,37.9164,0
          22.82797,37.91616,0
          22.82803,37.91613,0
          22.8282,37.91602,0
          22.8282,37.91601,0
          22.82888,37.91553,0
          22.8292,37.91528,0
          22.8302,37.91441,0
          22.83041,37.91421,0
          22.83098,37.91375,0
          22.831,37.91373,0
          22.83165,37.91326,0
          22.83176,37.9132,0
          22.83179,37.91317,0
          22.83227,37.9129,0
          22.8323,37.91288,0
          22.83252,37.91277,0
          22.83271,37.91266,0
          22.8335,37.9123,0
          22.83352,37.9123,0
          22.83372,37.91222,0
          22.83393,37.91215,0
          22.83414,37.91207,0
          22.83456,37.91193,0
          22.83477,37.91187,0
          22.83619,37.9114,0
          22.83624,37.91139,0
          22.83625,37.91138,0
          22.8363,37.91137,0
          22.83709,37.91111,0
          22.8373,37.91105,0
          22.83793,37.91084,0
          22.83815,37.91078,0
          22.83857,37.91064,0
          22.83878,37.91058,0
          22.83962,37.9103,0
          22.83965,37.9103,0
          22.84026,37.9101,0
          22.84047,37.91004,0
          22.8409,37.9099,0
          22.84111,37.90984,0
          22.84147,37.90972,0
          22.84153,37.90971,0
          22.84175,37.90965,0
          22.84177,37.90964,0
          22.8424,37.90949,0
          22.84246,37.90947,0
          22.84328,37.90931,0
          22.8435,37.90926,0
          22.84373,37.90923,0
          22.84395,37.90919,0
          22.8444,37.90913,0
          22.84443,37.90912,0
          22.84485,37.90907,0
          22.8449,37.90907,0
          22.84553,37.90901,0
          22.84576,37.909,0
          22.84598,37.90898,0
          22.84632,37.90897,0
          22.84644,37.90896,0
          22.84667,37.90896,0
          22.84689,37.90895,0
          22.84712,37.90895,0
          22.84735,37.90894,0
          22.84781,37.90894,0
          22.84803,37.90893,0
          22.84872,37.90893,0
          22.8488,37.90892,0
          22.84919,37.90892,0
          22.84942,37.90891,0
          22.84965,37.90891,0
          22.84988,37.9089,0
          22.8501,37.9089,0
          22.85033,37.90889,0
          22.8506,37.90889,0
          22.85079,37.90888,0
          22.85147,37.90888,0
          22.8517,37.90887,0
          22.85216,37.90887,0
          22.85238,37.90886,0
          22.85261,37.90886,0
          22.85284,37.90885,0
          22.8533,37.90885,0
          22.85352,37.90884,0
          22.85398,37.90884,0
          22.85421,37.90883,0
          22.85466,37.90883,0
          22.85489,37.90882,0
          22.85557,37.90882,0
          22.8558,37.90881,0
          22.85654,37.90881,0
          22.85664,37.9088,0
          22.85687,37.9088,0
          22.8571,37.90879,0
          22.85732,37.90879,0
          22.85755,37.90878,0
          22.85801,37.90878,0
          22.85815,37.90877,0
          22.85892,37.90877,0
          22.86043,37.90884,0
          22.86051,37.90885,0
          22.86074,37.90886,0
          22.86096,37.90889,0
          22.86119,37.90891,0
          22.86128,37.90891,0
          22.86142,37.90893,0
          22.86164,37.90895,0
          22.86169,37.90896,0
          22.86254,37.90907,0
          22.86321,37.90918,0
          22.86344,37.90921,0
          22.86366,37.90925,0
          22.86388,37.90928,0
          22.86433,37.90936,0
          22.865,37.90946,0
          22.86522,37.9095,0
          22.86545,37.90953,0
          22.86567,37.90957,0
          22.8659,37.9096,0
          22.86612,37.90964,0
          22.86634,37.90967,0
          22.8665,37.9097,0
          22.86694,37.90976,0
          22.86775,37.90993,0
          22.86819,37.91001,0
          22.86841,37.91006,0
          22.86886,37.91014,0
          22.86908,37.91019,0
          22.86952,37.91027,0
          22.86974,37.91032,0
          22.86996,37.91036,0
          22.87018,37.91041,0
          22.8704,37.91045,0
          22.87191,37.91079,0
          22.87194,37.9108,0
          22.87216,37.91085,0
          22.87238,37.91089,0
          22.87282,37.91099,0
          22.87304,37.91103,0
          22.87326,37.91108,0
          22.87327,37.91108,0
          22.87348,37.91113,0
          22.87354,37.91114,0
          22.87391,37.91123,0
          22.87407,37.91126,0
          22.87606,37.91182,0
          22.8761,37.91184,0
          22.87627,37.91189,0
          22.87648,37.91197,0
          22.87664,37.91202,0
          22.87669,37.91204,0
          22.87691,37.9121,0
          22.87972,37.91303,0
          22.88031,37.91321,0
          22.88051,37.91328,0
          22.88065,37.91334,0
          22.88069,37.91335,0
          22.8812,37.91354,0
          22.88191,37.91376,0
          22.88196,37.91377,0
          22.88217,37.91383,0
          22.88239,37.91388,0
          22.88304,37.91405,0
          22.88326,37.91409,0
          22.88348,37.91414,0
          22.8837,37.91418,0
          22.88414,37.91428,0
          22.88436,37.91432,0
          22.88502,37.91447,0
          22.88524,37.91451,0
          22.88546,37.91456,0
          22.88578,37.91462,0
          22.88622,37.91472,0
          22.88644,37.91476,0
          22.88688,37.91486,0
          22.8871,37.9149,0
          22.88754,37.915,0
          22.88776,37.91504,0
          22.8882,37.91514,0
          22.88842,37.91518,0
          22.88886,37.91528,0
          22.88908,37.91532,0
          22.8893,37.91537,0
          22.88974,37.91545,0
          22.88995,37.9155,0
          22.89264,37.91605,0
          22.89265,37.91605,0
          22.89284,37.91609,0
          22.89285,37.9161,0
          22.89344,37.91622,0
          22.89364,37.91627,0
          22.89404,37.91635,0
          22.89425,37.9164,0
          22.89505,37.91656,0
          22.89525,37.91661,0
          22.89565,37.91669,0
          22.89585,37.91674,0
          22.89626,37.91682,0
          22.89646,37.91687,0
          22.89706,37.91699,0
          22.89726,37.91704,0
          22.89806,37.9172,0
          22.89827,37.91725,0
          22.89887,37.91737,0
          22.89907,37.91742,0
          22.89967,37.91754,0
          22.89987,37.91759,0
          22.90008,37.91763,0
          22.9001,37.91763,0
          22.90089,37.91781,0
          22.90111,37.91785,0
          22.90155,37.91795,0
          22.90173,37.91798,0
          22.90177,37.91799,0
          22.902,37.91803,0
          22.90222,37.91808,0
          22.90244,37.91812,0
          22.90266,37.91817,0
          22.90332,37.91829,0
          22.90354,37.91834,0
          22.90398,37.91841,0
          22.90399,37.91842,0
          22.90421,37.91845,0
          22.90444,37.91847,0
          22.90481,37.91852,0
          22.90504,37.91854,0
          22.90526,37.91857,0
          22.90549,37.91859,0
          22.90559,37.91859,0
          22.9064,37.91863,0
          22.90651,37.91863,0
          22.90663,37.91864,0
          22.90686,37.91864,0
          22.90708,37.91865,0
          22.90731,37.91865,0
          22.90754,37.91864,0
          22.90788,37.91864,0
          22.90811,37.91863,0
          22.90817,37.91862,0
          22.90833,37.91862,0
          22.90938,37.91856,0
          22.9096,37.91854,0
          22.91008,37.91852,0
          22.9103,37.91852,0
          22.91053,37.91851,0
          22.91104,37.91851,0
          22.91139,37.91853,0
          22.91185,37.91857,0
          22.91207,37.9186,0
          22.9123,37.91862,0
          22.91254,37.91862,0
          22.91277,37.91865,0
          22.91299,37.91869,0
          22.91487,37.91894,0
          22.9151,37.91896,0
          22.91555,37.91902,0
          22.91578,37.91904,0
          22.916,37.91907,0
          22.91709,37.91917,0
          22.91719,37.91917,0
          22.91725,37.91918,0
          22.91809,37.91924,0
          22.91923,37.91929,0
          22.91946,37.91929,0
          22.91991,37.91931,0
          22.92014,37.91931,0
          22.92083,37.91934,0
          22.92105,37.91934,0
          22.92128,37.91935,0
          22.92174,37.91935,0
          22.92175,37.91936,0
          22.92198,37.91936,0
          22.92204,37.91937,0
          22.92229,37.91937,0
          22.9232,37.91941,0
          22.92343,37.91941,0
          22.92434,37.91945,0
          22.92457,37.91945,0
          22.92526,37.91948,0
          22.92537,37.91948,0
          22.92549,37.91949,0
          22.92566,37.91949,0
          22.92612,37.91951,0
          22.92634,37.91951,0
          22.92703,37.91954,0
          22.92726,37.91954,0
          22.92771,37.91956,0
          22.92794,37.91956,0
          22.92862,37.91959,0
          22.92885,37.91959,0
          22.92931,37.91961,0
          22.92948,37.91961,0
          22.92953,37.91962,0
          22.93022,37.91965,0
          22.93044,37.91967,0
          22.93067,37.91968,0
          22.9309,37.9197,0
          22.93113,37.91971,0
          22.9318,37.91977,0
          22.93203,37.9198,0
          22.93226,37.91982,0
          22.93248,37.91985,0
          22.93271,37.91987,0
          22.93316,37.91993,0
          22.93338,37.91995,0
          22.93383,37.92001,0
          22.93406,37.92005,0
          22.93424,37.92007,0
          22.93428,37.92008,0
          22.93562,37.9203,0
          22.93585,37.92033,0
          22.93607,37.92038,0
          22.93629,37.92042,0
          22.93673,37.92052,0
          22.93695,37.92056,0
          22.93747,37.92068,0
          22.93749,37.92068,0
          22.93771,37.92073,0
          22.93793,37.92079,0
          22.93858,37.92094,0
          22.93867,37.92097,0
          22.9388,37.92099,0
          22.94129,37.92156,0
          22.94147,37.92161,0
          22.94151,37.92161,0
          22.94215,37.92175,0
          22.94217,37.92175,0
          22.94305,37.92195,0
          22.94327,37.92199,0
          22.94348,37.92204,0
          22.9437,37.92208,0
          22.94392,37.92213,0
          22.94437,37.92221,0
          22.9445,37.92224,0
          22.94459,37.92225,0
          22.94503,37.92233,0
          22.94526,37.92236,0
          22.94548,37.9224,0
          22.94571,37.92243,0
          22.94593,37.92247,0
          22.9466,37.92256,0
          22.94683,37.92258,0
          22.94705,37.92261,0
          22.94728,37.92263,0
          22.94751,37.92266,0
          22.94796,37.9227,0
          22.9481,37.92272,0
          22.94818,37.92272,0
          22.94932,37.92282,0
          22.95114,37.9229,0
          22.95209,37.9229,0
          22.95228,37.92289,0
          22.95251,37.92289,0
          22.95296,37.92287,0
          22.95319,37.92287,0
          22.95387,37.92284,0
          22.9541,37.92284,0
          22.95456,37.92282,0
          22.95479,37.92282,0
          22.95638,37.92275,0
          22.95651,37.92275,0
          22.95683,37.92272,0
          22.95706,37.92271,0
          22.95729,37.92269,0
          22.95752,37.92268,0
          22.95797,37.92264,0
          22.95824,37.92263,0
          22.95865,37.92258,0
          22.95888,37.92256,0
          22.9591,37.92253,0
          22.95943,37.9225,0
          22.96,37.92242,0
          22.96023,37.9224,0
          22.96135,37.92225,0
          22.96158,37.92223,0
          22.962,37.92217,0
          22.96203,37.92217,0
          22.96267,37.92205,0
          22.9627,37.92205,0
          22.96292,37.92201,0
          22.96314,37.92196,0
          22.96336,37.92192,0
          22.96358,37.92187,0
          22.9639,37.92181,0
          22.96402,37.92178,0
          22.96424,37.92174,0
          22.96425,37.92174,0
          22.9644,37.92171,0
          22.96446,37.92169,0
          22.9649,37.92159,0
          22.96555,37.92142,0
          22.96577,37.92137,0
          22.9662,37.92125,0
          22.96629,37.92122,0
          22.96663,37.92113,0
          22.96684,37.92106,0
          22.96694,37.92104,0
          22.96916,37.9203,0
          22.96922,37.92029,0
          22.96988,37.92007,0
          22.97014,37.92,0
          22.97016,37.91999,0
          22.97129,37.91967,0
          22.97151,37.91962,0
          22.97194,37.9195,0
          22.97216,37.91946,0
          22.9726,37.91936,0
          22.97327,37.91924,0
          22.97349,37.91919,0
          22.97371,37.91916,0
          22.97393,37.91912,0
          22.97416,37.91909,0
          22.97438,37.91905,0
          22.97461,37.91902,0
          22.97466,37.91901,0
          22.97506,37.91897,0
          22.97528,37.91894,0
          22.97551,37.91892,0
          22.97554,37.91891,0
          22.97596,37.91888,0
          22.97603,37.91887,0
          22.97733,37.91881,0
          22.97824,37.91881,0
          22.97847,37.91882,0
          22.97892,37.91882,0
          22.97915,37.91884,0
          22.9796,37.91886,0
          22.9797,37.91887,0
          22.97976,37.91887,0
          22.97992,37.91888,0
          22.97999,37.91889,0
          22.98074,37.91894,0
          22.98125,37.919,0
          22.98128,37.919,0
          22.98151,37.91904,0
          22.98196,37.9191,0
          22.98218,37.91914,0
          22.9824,37.91917,0
          22.98261,37.91921,0
          22.98263,37.91921,0
          22.98285,37.91925,0
          22.98297,37.91928,0
          22.98307,37.91929,0
          22.98329,37.91934,0
          22.9838,37.91943,0
          22.98395,37.91947,0
          22.98461,37.91962,0
          22.98463,37.91963,0
          22.98483,37.91968,0
          22.98485,37.91969,0
          22.98504,37.91974,0
          22.98507,37.91974,0
          22.98547,37.91986,0
          22.98556,37.91988,0
          22.98619,37.92006,0
          22.98654,37.92018,0
          22.98675,37.92024,0
          22.98692,37.9203,0
          22.98713,37.92036,0
          22.98755,37.9205,0
          22.98759,37.92052,0
          22.98776,37.92057,0
          22.98808,37.92069,0
          22.98817,37.92074,0
          22.98858,37.9209,0
          22.98878,37.92099,0
          22.98918,37.92115,0
          22.98922,37.92116,0
          22.98938,37.92124,0
          22.99037,37.92169,0
          22.9904,37.92171,0
          22.99095,37.92198,0
          22.99102,37.92201,0
          22.9919,37.92248,0
          22.99208,37.92259,0
          22.99239,37.92276,0
          22.99245,37.9228,0
          22.99261,37.92289,0
          22.99264,37.9229,0
          22.9928,37.92301,0
          22.99376,37.9236,0
          22.99429,37.92387,0
          22.99448,37.92399,0
          22.99481,37.92413,0
          22.99514,37.92425,0
          22.99555,37.92438,0
          22.99583,37.92445,0
          22.99636,37.92456,0
          22.99665,37.92463,0
          22.99668,37.92463,0
          22.99677,37.92465,0
          22.99684,37.92466,0
          22.99716,37.92474,0
          22.99739,37.92481,0
          22.99767,37.92485,0
          22.99836,37.92492,0
          22.99876,37.92494,0
          22.9994,37.92491,0
          22.99962,37.92488,0
          22.99967,37.92488,0
          22.99985,37.92485,0
          22.99989,37.92484,0
          22.99996,37.92483,0
          23.00011,37.92479,0
          23.0003,37.92475,0
          23.00033,37.92474,0
          23.00058,37.92468,0
          23.00075,37.92461,0
          23.00085,37.92458,0
          23.00116,37.92445,0
          23.00153,37.92427,0
          23.00309,37.92332,0
          23.00332,37.9232,0
          23.00351,37.92311,0
          23.00352,37.92311,0
          23.00371,37.92302,0
          23.00381,37.92298,0
          23.00407,37.92289,0
          23.00413,37.92286,0
          23.00454,37.92272,0
          23.0047,37.92268,0
          23.00476,37.92266,0
          23.00498,37.92261,0
          23.00519,37.92255,0
          23.00521,37.92255,0
          23.00561,37.92249,0
          23.00565,37.92248,0
          23.0061,37.92242,0
          23.00633,37.92241,0
          23.00644,37.9224,0
          23.00679,37.9224,0
          23.00705,37.92239,0
          23.0077,37.92243,0
          23.00775,37.92244,0
          23.00815,37.92249,0
          23.00847,37.92256,0
          23.00869,37.9226,0
          23.00891,37.92266,0
          23.00913,37.92271,0
          23.00968,37.92289,0
          23.01017,37.92308,0
          23.0155,37.92527,0
          23.01554,37.92529,0
          23.01649,37.92561,0
          23.01711,37.92574,0
          23.01759,37.92582,0
          23.01843,37.92591,0
          23.01903,37.92592,0
          23.01984,37.9259,0
          23.02171,37.92575,0
          23.02175,37.92575,0
          23.0222,37.92571,0
          23.02229,37.92571,0
          23.02243,37.92569,0
          23.02251,37.92569,0
          23.02258,37.92568,0
          23.02274,37.92567,0
          23.02292,37.92567,0
          23.02296,37.92566,0
          23.02407,37.92561,0
          23.02421,37.92561,0
          23.0243,37.9256,0
          23.02451,37.9256,0
          23.02452,37.92559,0
          23.02525,37.92556,0
          23.02547,37.92554,0
          23.02593,37.92552,0
          23.02625,37.92549,0
          23.02648,37.92548,0
          23.02666,37.92546,0
          23.02671,37.92546,0
          23.02693,37.92544,0
          23.02716,37.92543,0
          23.02775,37.92538,0
          23.0291,37.9252,0
          23.02916,37.9252,0
          23.03,37.92509,0
          23.03021,37.92507,0
          23.03033,37.92505,0
          23.03042,37.92505,0
          23.03062,37.92502,0
          23.03094,37.92499,0
          23.03114,37.92496,0
          23.03154,37.92492,0
          23.0316,37.92492,0
          23.03214,37.92489,0
          23.03234,37.92489,0
          23.0324,37.92488,0
          23.033,37.92485,0
          23.03345,37.92481,0
          23.0338,37.92481,0
          23.03384,37.9248,0
          23.03406,37.9248,0
          23.03422,37.92479,0
          23.03448,37.92479,0
          23.03494,37.92477,0
          23.03681,37.92473,0
          23.03703,37.92474,0
          23.03726,37.92474,0
          23.03741,37.92475,0
          23.03795,37.92474,0
          23.03846,37.92471,0
          23.03855,37.92471,0
          23.03967,37.92464,0
          23.03974,37.92463,0
          23.03984,37.92463,0
          23.04007,37.92461,0
          23.04029,37.9246,0
          23.04052,37.92458,0
          23.04075,37.92457,0
          23.04097,37.92455,0
          23.0412,37.92454,0
          23.04143,37.92452,0
          23.04165,37.92451,0
          23.04188,37.92449,0
          23.04211,37.92448,0
          23.04233,37.92446,0
          23.04279,37.92444,0
          23.04301,37.92442,0
          23.04324,37.92441,0
          23.04347,37.92439,0
          23.0437,37.92438,0
          23.04392,37.92436,0
          23.04415,37.92435,0
          23.04438,37.92433,0
          23.0446,37.92432,0
          23.04483,37.9243,0
          23.04528,37.92428,0
          23.04551,37.92426,0
          23.04574,37.92425,0
          23.04596,37.92423,0
          23.04625,37.92422,0
          23.04631,37.92421,0
          23.04642,37.92421,0
          23.04648,37.9242,0
          23.04656,37.9242,0
          23.04664,37.92419,0
          23.04687,37.92418,0
          23.0471,37.92416,0
          23.04732,37.92415,0
          23.04755,37.92413,0
          23.04778,37.92412,0
          23.04846,37.92406,0
          23.04852,37.92405,0
          23.04891,37.92402,0
          23.04923,37.92398,0
          23.0493,37.92398,0
          23.05059,37.92381,0
          23.05062,37.92381,0
          23.05083,37.92377,0
          23.05084,37.92377,0
          23.05174,37.92362,0
          23.0521,37.92357,0
          23.05232,37.92353,0
          23.0531,37.92342,0
          23.0542,37.92332,0
          23.05469,37.9233,0
          23.05492,37.92328,0
          23.05513,37.92327,0
          23.05537,37.92327,0
          23.05583,37.92325,0
          23.05593,37.92324,0
          23.05687,37.92324,0
          23.05697,37.92325,0
          23.05833,37.92331,0
          23.05877,37.92335,0
          23.05897,37.92336,0
          23.0592,37.92339,0
          23.05972,37.92344,0
          23.06103,37.92363,0
          23.06148,37.92371,0
          23.0617,37.92374,0
          23.06191,37.92378,0
          23.06193,37.92378,0
          23.06225,37.92384,0
          23.06247,37.92389,0
          23.06269,37.92393,0
          23.06304,37.92401,0
          23.06478,37.92451,0
          23.06499,37.92458,0
          23.0652,37.92464,0
          23.06614,37.92495,0
          23.06615,37.92495,0
          23.06627,37.925,0
          23.06648,37.92507,0
          23.06656,37.92509,0
          23.06669,37.92514,0
          23.0667,37.92515,0
          23.06675,37.92516,0
          23.06677,37.92517,0
          23.06718,37.92532,0
          23.06719,37.92532,0
          23.06723,37.92534,0
          23.06725,37.92534,0
          23.06739,37.9254,0
          23.06795,37.9256,0
          23.06801,37.92563,0
          23.06842,37.92577,0
          23.06843,37.92578,0
          23.06863,37.92585,0
          23.06864,37.92585,0
          23.06884,37.92593,0
          23.06946,37.92614,0
          23.06947,37.92614,0
          23.06967,37.9262,0
          23.06968,37.92621,0
          23.0701,37.92635,0
          23.07052,37.92647,0
          23.07053,37.92647,0
          23.07074,37.92654,0
          23.07095,37.9266,0
          23.07112,37.92666,0
          23.07117,37.92667,0
          23.07138,37.92673,0
          23.0716,37.92678,0
          23.0718,37.92684,0
          23.07181,37.92684,0
          23.07202,37.92689,0
          23.07203,37.92689,0
          23.07224,37.92694,0
          23.07225,37.92694,0
          23.07263,37.92702,0
          23.07269,37.92704,0
          23.07336,37.92716,0
          23.07357,37.92719,0
          23.07358,37.92719,0
          23.07379,37.92723,0
          23.0738,37.92723,0
          23.07382,37.92724,0
          23.07402,37.92727,0
          23.07403,37.92727,0
          23.07418,37.9273,0
          23.07438,37.92733,0
          23.07441,37.92733,0
          23.07446,37.92734,0
          23.07447,37.92734,0
          23.07469,37.92737,0
          23.07492,37.92739,0
          23.07514,37.92742,0
          23.07554,37.92746,0
          23.0756,37.92747,0
          23.07583,37.92749,0
          23.07591,37.92749,0
          23.07709,37.92756,0
          23.07861,37.92756,0
          23.07972,37.92751,0
          23.08014,37.92747,0
          23.08015,37.92746,0
          23.08037,37.92744,0
          23.08041,37.92744,0
          23.08054,37.92742,0
          23.0806,37.92742,0
          23.08082,37.92739,0
          23.08083,37.92739,0
          23.0815,37.9273,0
          23.08173,37.92728,0
          23.08194,37.92725,0
          23.08195,37.92725,0
          23.08239,37.92717,0
          23.08256,37.92715,0
          23.0826,37.92714,0
          23.08262,37.92714,0
          23.08278,37.9271,0
          23.08326,37.92701,0
          23.08328,37.92701,0
          23.08372,37.92691,0
          23.08394,37.92685,0
          23.08438,37.92675,0
          23.08481,37.92663,0
          23.08502,37.92658,0
          23.08545,37.92645,0
          23.08629,37.92617,0
          23.08649,37.92609,0
          23.0865,37.92609,0
          23.08665,37.92604,0
          23.08712,37.92586,0
          23.08727,37.92581,0
          23.08747,37.92573,0
          23.08751,37.92571,0
          23.08753,37.92571,0
          23.08773,37.92562,0
          23.08791,37.92555,0
          23.08812,37.92545,0
          23.08813,37.92545,0
          23.08832,37.92536,0
          23.08832,37.92535,0
          23.08891,37.92508,0
          23.0891,37.92498,0
          23.08941,37.92484,0
          23.08949,37.92479,0
          23.09024,37.92439,0
          23.09114,37.92384,0
          23.09132,37.92372,0
          23.0915,37.92361,0
          23.09167,37.92349,0
          23.09272,37.9228,0
          23.09289,37.92268,0
          23.09307,37.92257,0
          23.09341,37.92233,0
          23.09359,37.92222,0
          23.094,37.92193,0
          23.09408,37.92188,0
          23.09411,37.92187,0
          23.09428,37.92175,0
          23.09446,37.92164,0
          23.09451,37.9216,0
          23.09463,37.92152,0
          23.09464,37.92152,0
          23.0948,37.92141,0
          23.0948,37.9214,0
          23.09498,37.92129,0
          23.09515,37.92117,0
          23.09533,37.92106,0
          23.09567,37.92082,0
          23.09585,37.92071,0
          23.09637,37.92036,0
          23.09638,37.92035,0
          23.09642,37.92032,0
          23.09654,37.92025,0
          23.09654,37.92024,0
          23.09655,37.92024,0
          23.09672,37.92013,0
          23.09673,37.92012,0
          23.0969,37.92002,0
          23.09725,37.91979,0
          23.0978,37.91947,0
          23.09818,37.91927,0
          23.09819,37.91927,0
          23.09824,37.91924,0
          23.09857,37.91908,0
          23.09917,37.91881,0
          23.09978,37.91857,0
          23.09991,37.91851,0
          23.1004,37.91835,0
          23.10042,37.91835,0
          23.10073,37.91825,0
          23.10083,37.91823,0
          23.10148,37.91805,0
          23.10199,37.91793,0
          23.10203,37.91793,0
          23.10213,37.9179,0
          23.10235,37.91786,0
          23.10279,37.91776,0
          23.10301,37.91772,0
          23.10323,37.91767,0
          23.10345,37.91763,0
          23.10394,37.91752,0
          23.10456,37.91741,0
          23.10482,37.91735,0
          23.10505,37.91731,0
          23.10549,37.91725,0
          23.1056,37.91723,0
          23.10666,37.91714,0
          23.10741,37.91714,0
          23.10778,37.91716,0
          23.10786,37.91716,0
          23.10808,37.91719,0
          23.10831,37.91721,0
          23.10835,37.91721,0
          23.10853,37.91725,0
          23.10942,37.91741,0
          23.10964,37.91746,0
          23.10972,37.91749,0
          23.10977,37.9175,0
          23.1098,37.91752,0
          23.10998,37.91757,0
          23.11019,37.91764,0
          23.11023,37.91766,0
          23.11081,37.91787,0
          23.11117,37.91804,0
          23.11118,37.91804,0
          23.11162,37.91825,0
          23.11198,37.91844,0
          23.11208,37.9185,0
          23.1121,37.9185,0
          23.11227,37.91859,0
          23.11244,37.91869,0
          23.11261,37.91878,0
          23.11278,37.91888,0
          23.11312,37.91906,0
          23.1132,37.91911,0
          23.11325,37.91913,0
          23.11405,37.91958,0
          23.11423,37.91969,0
          23.11478,37.92,0
          23.11481,37.92002,0
          23.11537,37.92033,0
          23.11555,37.92044,0
          23.11574,37.92054,0
          23.11677,37.92115,0
          23.11696,37.92125,0
          23.1175,37.92158,0
          23.11763,37.92165,0
          23.11868,37.9223,0
          23.11884,37.92241,0
          23.12063,37.92352,0
          23.12109,37.92382,0
          23.12145,37.92404,0
          23.12162,37.92416,0
          23.12225,37.92455,0
          23.12233,37.92461,0
          23.12528,37.92647,0
          23.12598,37.92693,0
          23.12616,37.92704,0
          23.12633,37.92716,0
          23.12651,37.92727,0
          23.12668,37.92739,0
          23.12704,37.92761,0
          23.12739,37.92784,0
          23.12775,37.92806,0
          23.12792,37.92818,0
          23.1281,37.92829,0
          23.12827,37.92841,0
          23.1283,37.92842,0
          23.13058,37.92988,0
          23.13075,37.93,0
          23.13111,37.93022,0
          23.13128,37.93034,0
          23.13146,37.93045,0
          23.13163,37.93057,0
          23.13217,37.9309,0
          23.13252,37.93113,0
          23.13316,37.93152,0
          23.13334,37.93164,0
          23.13425,37.93218,0
          23.13444,37.93228,0
          23.13517,37.93271,0
          23.13536,37.93281,0
          23.13566,37.93299,0
          23.13573,37.93302,0
          23.1361,37.93323,0
          23.13678,37.93359,0
          23.13686,37.93364,0
          23.13723,37.93384,0
          23.13741,37.93395,0
          23.13816,37.93436,0
          23.13825,37.93442,0
          23.13853,37.93457,0
          23.13926,37.935,0
          23.13938,37.93506,0
          23.13945,37.93511,0
          23.14125,37.93621,0
          23.14162,37.93642,0
          23.14216,37.93675,0
          23.14235,37.93685,0
          23.14289,37.93718,0
          23.14326,37.93739,0
          23.14489,37.93838,0
          23.14507,37.93848,0
          23.14546,37.93872,0
          23.14562,37.93881,0
          23.14563,37.93882,0
          23.14636,37.93926,0
          23.14673,37.93947,0
          23.14745,37.93991,0
          23.14758,37.93998,0
          23.14764,37.94002,0
          23.14782,37.94012,0
          23.15017,37.94155,0
          23.15035,37.94165,0
          23.15085,37.94196,0
          23.15103,37.94206,0
          23.1523,37.94283,0
          23.15249,37.94293,0
          23.15303,37.94326,0
          23.15322,37.94336,0
          23.15665,37.94545,0
          23.15665,37.94546,0
          23.15702,37.94567,0
          23.15756,37.946,0
          23.15774,37.9461,0
          23.15787,37.94618,0
          23.15793,37.94621,0
          23.15811,37.94632,0
          23.15828,37.94644,0
          23.15887,37.9468,0
          23.159,37.94687,0
          23.15905,37.94691,0
          23.15911,37.94694,0
          23.16017,37.94757,0
          23.16034,37.94768,0
          23.16044,37.94773,0
          23.16086,37.94799,0
          23.16121,37.94819,0
          23.16138,37.9483,0
          23.16148,37.94835,0
          23.16153,37.94839,0
          23.16156,37.9484,0
          23.16208,37.94871,0
          23.16214,37.94874,0
          23.16226,37.94881,0
          23.16244,37.9489,0
          23.16262,37.949,0
          23.1628,37.94909,0
          23.16298,37.94919,0
          23.16337,37.94938,0
          23.16357,37.94946,0
          23.16367,37.94951,0
          23.16418,37.9497,0
          23.16513,37.95002,0
          23.16523,37.95004,0
          23.16545,37.9501,0
          23.16567,37.95015,0
          23.16604,37.95025,0
          23.1667,37.9504,0
          23.16691,37.95046,0
          23.16735,37.95056,0
          23.16742,37.95057,0
          23.16823,37.95075,0
          23.16845,37.95079,0
          23.16999,37.95114,0
          23.17021,37.95118,0
          23.17043,37.95123,0
          23.17049,37.95125,0
          23.17065,37.95128,0
          23.17196,37.95158,0
          23.17218,37.95162,0
          23.17284,37.95177,0
          23.17285,37.95177,0
          23.17328,37.95188,0
          23.17365,37.95196,0
          23.17393,37.95204,0
          23.17415,37.95209,0
          23.17456,37.9522,0
          23.17458,37.95221,0
          23.17479,37.95228,0
          23.17504,37.95235,0
          23.17538,37.95246,0
          23.17543,37.95247,0
          23.17564,37.95255,0
          23.17585,37.95262,0
          23.17605,37.9527,0
          23.17626,37.95277,0
          23.17687,37.95301,0
          23.17707,37.9531,0
          23.17727,37.95318,0
          23.17747,37.95327,0
          23.17768,37.95335,0
          23.17783,37.95342,0
          23.17784,37.95343,0
          23.17934,37.95422,0
          23.17953,37.95433,0
          23.17971,37.95442,0
          23.17972,37.95443,0
          23.18009,37.95464,0
          23.18027,37.95473,0
          23.18028,37.95474,0
          23.1812,37.95525,0
          23.18121,37.95526,0
          23.18139,37.95535,0
          23.1814,37.95536,0
          23.18344,37.95649,0
          23.18345,37.9565,0
          23.18346,37.9565,0
          23.18623,37.95803,0
          23.18625,37.95805,0
          23.18641,37.95814,0
          23.18644,37.95815,0
          23.18645,37.95816,0
          23.18662,37.95825,0
          23.18663,37.95826,0
          23.18679,37.95834,0
          23.18681,37.95836,0
          23.18735,37.95865,0
          23.18737,37.95867,0
          23.18793,37.95898,0
          23.18956,37.95984,0
          23.18993,37.96005,0
          23.19296,37.96165,0
          23.19315,37.96176,0
          23.19428,37.96236,0
          23.19578,37.96319,0
          23.19586,37.96324,0
          23.19661,37.96364,0
          23.19685,37.96378,0
          23.19787,37.96432,0
          23.19789,37.96434,0
          23.19938,37.96513,0
          23.1996,37.96526,0
          23.19974,37.96533,0
          23.19976,37.96535,0
          23.20014,37.96555,0
          23.20051,37.96576,0
          23.20108,37.96606,0
          23.20109,37.96607,0
          23.20239,37.96677,0
          23.20258,37.96688,0
          23.20328,37.96725,0
          23.20365,37.96746,0
          23.20422,37.96776,0
          23.20459,37.96797,0
          23.20535,37.96837,0
          23.20541,37.96841,0
          23.20553,37.96848,0
          23.2061,37.96878,0
          23.20647,37.96899,0
          23.20704,37.96929,0
          23.20722,37.9694,0
          23.2076,37.9696,0
          23.20797,37.96981,0
          23.20859,37.97014,0
          23.2086,37.97015,0
          23.20898,37.97035,0
          23.20917,37.97046,0
          23.20974,37.97076,0
          23.20993,37.97087,0
          23.21031,37.97107,0
          23.21068,37.97128,0
          23.21108,37.97149,0
          23.21111,37.97151,0
          23.21116,37.97153,0
          23.21138,37.97165,0
          23.21144,37.97169,0
          23.21181,37.97189,0
          23.21199,37.972,0
          23.21374,37.97293,0
          23.21389,37.97299,0
          23.2141,37.9731,0
          23.21412,37.9731,0
          23.21447,37.97326,0
          23.21448,37.97326,0
          23.21475,37.97337,0
          23.21497,37.97345,0
          23.21552,37.97362,0
          23.2156,37.97365,0
          23.21599,37.97375,0
          23.21643,37.97382,0
          23.21658,37.97385,0
          23.21688,37.97389,0
          23.21697,37.97391,0
          23.21718,37.97393,0
          23.21748,37.97397,0
          23.21772,37.97399,0
          23.21778,37.974,0
          23.21809,37.97403,0
          23.21835,37.97404,0
          23.21839,37.97405,0
          23.2193,37.97409,0
          23.2194,37.9741,0
          23.21961,37.9741,0
          23.22082,37.97414,0
          23.22113,37.97414,0
          23.22326,37.97421,0
          23.22356,37.97421,0
          23.22361,37.97422,0
          23.22393,37.97422,0
          23.2241,37.97423,0
          23.22427,37.97423,0
          23.22443,37.97424,0
          23.2246,37.97424,0
          23.22493,37.97426,0
          23.2251,37.97426,0
          23.22527,37.97427,0
          23.22543,37.97427,0
          23.2256,37.97428,0
          23.22577,37.97428,0
          23.22593,37.97429,0
          23.2261,37.97429,0
          23.22627,37.9743,0
          23.22643,37.9743,0
          23.2266,37.97431,0
          23.22677,37.97431,0
          23.22727,37.97434,0
          23.22744,37.97434,0
          23.2276,37.97436,0
          23.22765,37.97436,0
          23.22777,37.97438,0
          23.2281,37.97442,0
          23.22817,37.97444,0
          23.22826,37.97445,0
          23.22842,37.97449,0
          23.22854,37.97451,0
          23.22858,37.97453,0
          23.2289,37.97461,0
          23.22927,37.97473,0
          23.22949,37.97479,0
          23.23013,37.975,0
          23.23096,37.97532,0
          23.23097,37.97533,0
          23.23129,37.97545,0
          23.23153,37.97555,0
          23.23157,37.97556,0
          23.23177,37.97565,0
          23.23223,37.97582,0
          23.2323,37.97585,0
          23.23309,37.97613,0
          23.2335,37.97625,0
          23.23351,37.97626,0
          23.23394,37.97638,0
          23.23416,37.97643,0
          23.23429,37.97647,0
          23.23438,37.97648,0
          23.23452,37.97652,0
          23.2346,37.97653,0
          23.23499,37.97662,0
          23.23545,37.97671,0
          23.23548,37.97671,0
          23.23638,37.97686,0
          23.23729,37.97698,0
          23.23869,37.97711,0
          23.23872,37.97711,0
          23.23895,37.97713,0
          23.2394,37.97715,0
          23.23963,37.97717,0
          23.24006,37.97719,0
          23.24035,37.97719,0
          23.24077,37.97721,0
          23.24108,37.97721,0
          23.24131,37.97722,0
          23.24199,37.97722,0
          23.24222,37.97723,0
          23.24268,37.97723,0
          23.2429,37.97722,0
          23.24336,37.97722,0
          23.24359,37.97721,0
          23.24382,37.97721,0
          23.24423,37.97719,0
          23.2445,37.97719,0
          23.24473,37.97718,0
          23.24541,37.97718,0
          23.24584,37.9772,0
          23.24587,37.97721,0
          23.24632,37.97725,0
          23.24653,37.97728,0
          23.24655,37.97728,0
          23.24677,37.97731,0
          23.24699,37.97735,0
          23.24703,37.97735,0
          23.24744,37.97742,0
          23.24767,37.97745,0
          23.24834,37.97756,0
          23.24836,37.97756,0
          23.2484,37.97757,0
          23.24858,37.97759,0
          23.24875,37.9776,0
          23.24881,37.97761,0
          23.24903,37.97762,0
          23.24926,37.97764,0
          23.24954,37.97765,0
          23.25022,37.97765,0
          23.2503,37.97764,0
          23.25045,37.97764,0
          23.25068,37.97763,0
          23.25079,37.97762,0
          23.25102,37.97761,0
          23.2511,37.9776,0
          23.25215,37.97755,0
          23.2522,37.97754,0
          23.25243,37.97754,0
          23.25266,37.97753,0
          23.25376,37.97753,0
          23.2549,37.97758,0
          23.25513,37.97758,0
          23.25786,37.9777,0
          23.25809,37.97772,0
          23.25817,37.97772,0
          23.25899,37.97779,0
          23.25904,37.9778,0
          23.25945,37.97784,0
          23.25967,37.97787,0
          23.26007,37.97791,0
          23.26012,37.97792,0
          23.26035,37.97795,0
          23.26057,37.97799,0
          23.2608,37.97802,0
          23.26102,37.97806,0
          23.26124,37.97809,0
          23.26211,37.97825,0
          23.26213,37.97825,0
          23.26236,37.97829,0
          23.26258,37.97834,0
          23.2628,37.97838,0
          23.26302,37.97843,0
          23.26324,37.97847,0
          23.26346,37.97852,0
          23.26368,37.97856,0
          23.26522,37.97891,0
          23.26527,37.97893,0
          23.26543,37.97896,0
          23.26587,37.97906,0
          23.26646,37.97917,0
          23.26656,37.97918,0
          23.26658,37.97919,0
          23.26664,37.9792,0
          23.26724,37.97926,0
          23.26733,37.97926,0
          23.26746,37.97927,0
          23.26752,37.97928,0
          23.26762,37.97928,0
          23.26775,37.97929,0
          23.26788,37.97929,0
          23.26799,37.9793,0
          23.26917,37.9793,0
          23.26941,37.97929,0
          23.27082,37.97929,0
          23.27106,37.97928,0
          23.27153,37.97928,0
          23.27177,37.97927,0
          23.27201,37.97927,0
          23.27217,37.97926,0
          23.27258,37.97925,0
          23.2731,37.97922,0
          23.27318,37.97922,0
          23.27324,37.97921,0
          23.27365,37.97918,0
          23.27407,37.97913,0
          23.27412,37.97913,0
          23.27635,37.97884,0
          23.27639,37.97884,0
          23.27973,37.97841,0
          23.27996,37.97837,0
          23.28007,37.97836,0
          23.28041,37.9783,0
          23.28044,37.97829,0
          23.28066,37.97825,0
          23.28068,37.97825,0
          23.28087,37.97821,0
          23.28088,37.97821,0
          23.28094,37.9782,0
          23.2811,37.97816,0
          23.28131,37.97812,0
          23.28132,37.97811,0
          23.28154,37.97806,0
          23.28251,37.9778,0
          23.28253,37.97779,0
          23.28262,37.97777,0
          23.28282,37.97771,0
          23.28283,37.9777,0
          23.28326,37.97758,0
          23.28336,37.97754,0
          23.28411,37.97732,0
          23.28432,37.97725,0
          23.28454,37.97719,0
          23.28475,37.97712,0
          23.28496,37.97706,0
          23.28539,37.97692,0
          23.2857,37.97683,0
          23.28591,37.97676,0
          23.28629,37.97665,0
          23.28634,37.97664,0
          23.28655,37.97657,0
          23.28698,37.97645,0
          23.28719,37.97638,0
          23.28735,37.97634,0
          23.28741,37.97632,0
          23.28763,37.97627,0
          23.28784,37.97621,0
          23.28788,37.97621,0
          23.28809,37.97614,0
          23.28852,37.97602,0
          23.28956,37.97569,0
          23.28958,37.97569,0
          23.28979,37.97562,0
          23.28981,37.97561,0
          23.29021,37.97548,0
          23.29042,37.9754,0
          23.29046,37.97539,0
          23.29087,37.97522,0
          23.29102,37.97515,0
          23.29108,37.97513,0
          23.2916,37.97487,0
          23.29161,37.97486,0
          23.29174,37.9748,0
          23.29179,37.97477,0
          23.2918,37.97476,0
          23.2927,37.97428,0
          23.29288,37.97417,0
          23.29365,37.97381,0
          23.29386,37.97373,0
          23.29387,37.97372,0
          23.29426,37.97357,0
          23.29428,37.97356,0
          23.2947,37.97342,0
          23.29474,37.9734,0
          23.29491,37.97335,0
          23.29508,37.97329,0
          23.29533,37.97322,0
          23.29555,37.97317,0
          23.29558,37.97316,0
          23.29619,37.97304,0
          23.29625,37.97304,0
          23.29647,37.973,0
          23.2967,37.97298,0
          23.29693,37.97295,0
          23.29702,37.97295,0
          23.29738,37.97292,0
          23.29745,37.97292,0
          23.29753,37.97291,0
          23.29767,37.97291,0
          23.29813,37.97289,0
          23.29859,37.97289,0
          23.29866,37.97288,0
          23.29904,37.97288,0
          23.29927,37.97287,0
          23.2995,37.97287,0
          23.29973,37.97286,0
          23.30018,37.97286,0
          23.30041,37.97285,0
          23.30166,37.97285,0
          23.30186,37.97286,0
          23.30203,37.97286,0
          23.30208,37.97287,0
          23.30231,37.97288,0
          23.30299,37.97294,0
          23.30321,37.97297,0
          23.30344,37.97299,0
          23.30378,37.97304,0
          23.30389,37.97305,0
          23.30502,37.9732,0
          23.30505,37.9732,0
          23.30516,37.97322,0
          23.30614,37.97335,0
          23.30618,37.97336,0
          23.30659,37.97342,0
          23.30681,37.97346,0
          23.30682,37.97346,0
          23.30726,37.97354,0
          23.30769,37.97364,0
          23.30813,37.97376,0
          23.30855,37.9739,0
          23.30929,37.97419,0
          23.30987,37.97448,0
          23.30988,37.97448,0
          23.31005,37.97459,0
          23.31024,37.97469,0
          23.31059,37.97492,0
          23.31071,37.97499,0
          23.31127,37.9754,0
          23.31133,37.97545,0
          23.31143,37.97552,0
          23.31176,37.97578,0
          23.31193,37.9759,0
          23.31241,37.97628,0
          23.31258,37.9764,0
          23.3129,37.97666,0
          23.31307,37.97678,0
          23.31437,37.97779,0
          23.31454,37.97791,0
          23.31633,37.9793,0
          23.3165,37.97942,0
          23.31666,37.97955,0
          23.31715,37.97992,0
          23.31731,37.98005,0
          23.31748,37.98017,0
          23.31753,37.98022,0
          23.31798,37.98054,0
          23.31803,37.98058,0
          23.31879,37.9811,0
          23.31902,37.98124,0
          23.31915,37.98131,0
          23.3192,37.98135,0
          23.3195,37.98151,0
          23.31957,37.98156,0
          23.31976,37.98166,0
          23.31985,37.9817,0
          23.31995,37.98176,0
          23.32069,37.98211,0
          23.32146,37.98241,0
          23.32155,37.98245,0
          23.32218,37.98266,0
          23.3224,37.98272,0
          23.32241,37.98272,0
          23.32305,37.9829,0
          23.32345,37.98299,0
          23.32348,37.983,0
          23.3237,37.98304,0
          23.32387,37.98308,0
          23.32415,37.98312,0
          23.3246,37.9832,0
          23.32505,37.98326,0
          23.32512,37.98326,0
          23.32527,37.98328,0
          23.32573,37.98332,0
          23.32664,37.98336,0
          23.32732,37.98336,0
          23.32762,37.98335,0
          23.32765,37.98334,0
          23.32778,37.98334,0
          23.328,37.98333,0
          23.32863,37.98327,0
          23.32868,37.98327,0
          23.3293,37.98319,0
          23.32981,37.9831,0
          23.33003,37.98307,0
          23.33006,37.98306,0
          23.33047,37.98298,0
          23.33091,37.98288,0
          23.33113,37.98284,0
          23.33199,37.98265,0
          23.33201,37.98264,0
          23.33267,37.98249,0
          23.33273,37.98247,0
          23.33289,37.98244,0
          23.33333,37.98234,0
          23.33355,37.9823,0
          23.33421,37.98215,0
          23.33428,37.98213,0
          23.33509,37.98196,0
          23.33558,37.98187,0
          23.33562,37.98187,0
          23.33628,37.98177,0
          23.33633,37.98177,0
          23.33655,37.98174,0
          23.33701,37.9817,0
          23.33704,37.98169,0
          23.33734,37.98167,0
          23.33769,37.98166,0
          23.33778,37.98165,0
          23.33952,37.98161,0
          23.33997,37.98161,0
          23.34009,37.9816,0
          23.34088,37.9816,0
          23.34111,37.98161,0
          23.34134,37.98161,0
          23.34202,37.98167,0
          23.34244,37.98174,0
          23.34255,37.98175,0
          23.34275,37.98179,0
          23.34277,37.9818,0
          23.34299,37.98185,0
          23.34335,37.98195,0
          23.34378,37.98209,0
          23.34412,37.98222,0
          23.34418,37.98225,0
          23.34438,37.98233,0
          23.34458,37.98243,0
          23.34461,37.98244,0
          23.34512,37.98271,0
          23.3453,37.98282,0
          23.34547,37.98291,0
          23.34548,37.98292,0
          23.34621,37.98336,0
          23.3463,37.98342,0
          23.34648,37.98352,0
          23.34661,37.98361,0
          23.34666,37.98363,0
          23.34684,37.98374,0
          23.34694,37.98381,0
          23.34702,37.98385,0
          23.34738,37.98407,0
          23.34739,37.98408,0
          23.34877,37.98492,0
          23.34881,37.98494,0
          23.34936,37.98527,0
          23.34936,37.98528,0
          23.34954,37.98538,0
          23.3508,37.98615,0
          23.35081,37.98616,0
          23.3549,37.98865,0
          23.35513,37.9888,0
          23.35652,37.98965,0
          23.35662,37.9897,0
          23.35666,37.98973,0
          23.35721,37.99006,0
          23.35724,37.99007,0
          23.35753,37.99026,0
          23.35754,37.99026,0
          23.35817,37.99066,0
          23.35818,37.99066,0
          23.35897,37.99116,0
          23.35903,37.99119,0
          23.35962,37.99154,0
          23.35963,37.99155,0
          23.36074,37.99224,0
          23.36075,37.99224,0
          23.36219,37.99312,0
          23.36237,37.99324,0
          23.36278,37.99346,0
          23.36296,37.99358,0
          23.36314,37.99368,0
          23.36332,37.9938,0
          23.3635,37.9939,0
          23.36801,37.99665,0
          23.36805,37.99668,0
          23.36823,37.99679,0
          23.36824,37.99679,0
          23.36985,37.99778,0
          23.37003,37.9979,0
          23.37116,37.99858,0
          23.3712,37.99861,0
          23.37134,37.9987,0
          23.3714,37.99873,0
          23.37273,37.99955,0
          23.37277,37.99957,0
          23.3735,38.00001,0
          23.37387,38.00022,0
          23.37423,38.00044,0
          23.37434,38.0005,0
          23.37442,38.00055,0
          23.37448,38.00058,0
          23.3746,38.00065,0
          23.37528,38.00101,0
          23.37548,38.0011,0
          23.37567,38.0012,0
          23.37587,38.00129,0
          23.37606,38.00139,0
          23.37608,38.00139,0
          23.37646,38.00156,0
          23.37707,38.0018,0
          23.37727,38.00189,0
          23.37768,38.00205,0
          23.37772,38.00206,0
          23.37788,38.00213,0
          23.37914,38.00255,0
          23.38148,38.00319,0
          23.38169,38.00324,0
          23.38234,38.00342,0
          23.38246,38.00343,0
          23.38558,38.0043,0
          23.3858,38.00435,0
          23.38817,38.00501,0
          23.38827,38.00503,0
          23.38849,38.00509,0
          23.38855,38.0051,0
          23.39135,38.00588,0
          23.39156,38.00593,0
          23.39501,38.00689,0
          23.39523,38.00694,0
          23.3991,38.00802,0
          23.39932,38.00807,0
          23.39997,38.00825,0
          23.40009,38.00829,0
          23.40074,38.00846,0
          23.40094,38.00852,0
          23.40096,38.00852,0
          23.40268,38.009,0
          23.4029,38.00905,0
          23.4044,38.00947,0
          23.40462,38.00954,0
          23.40505,38.00966,0
          23.40587,38.00993,0
          23.40589,38.00994,0
          23.40596,38.00996,0
          23.40602,38.00999,0
          23.40608,38.01001,0
          23.4061,38.01001,0
          23.40732,38.01049,0
          23.40792,38.01076,0
          23.40812,38.01084,0
          23.40832,38.01093,0
          23.40837,38.01096,0
          23.40892,38.0112,0
          23.40892,38.01121,0
          23.41244,38.0128,0
          23.41245,38.01281,0
          23.41265,38.01289,0
          23.41597,38.01441,0
          23.41607,38.01445,0
          23.41645,38.01463,0
          23.41652,38.01467,0
          23.41703,38.0149,0
          23.41706,38.01491,0
          23.41741,38.01508,0
          23.41795,38.01532,0
          23.41813,38.01541,0
          23.41849,38.01557,0
          23.41879,38.01568,0
          23.4283,38.01999,0
          23.42835,38.02002,0
          23.42943,38.02052,0
          23.42965,38.02061,0
          23.43369,38.02245,0
          23.43389,38.02253,0
          23.43409,38.02263,0
          23.43507,38.02308,0
          23.43527,38.02318,0
          23.43554,38.0233,0
          23.43615,38.02355,0
          23.43635,38.02364,0
          23.43716,38.02396,0
          23.43736,38.02403,0
          23.43755,38.02411,0
          23.43756,38.02411,0
          23.43819,38.02432,0
          23.4384,38.0244,0
          23.43871,38.0245,0
          23.43879,38.02452,0
          23.439,38.02459,0
          23.43922,38.02465,0
          23.43943,38.02472,0
          23.43986,38.02484,0
          23.44008,38.02489,0
          23.44073,38.02506,0
          23.44117,38.02516,0
          23.44139,38.0252,0
          23.44183,38.0253,0
          23.44205,38.02534,0
          23.44234,38.02541,0
          23.44249,38.02543,0
          23.44272,38.02548,0
          23.44338,38.0256,0
          23.4436,38.02565,0
          23.44538,38.02597,0
          23.44546,38.02599,0
          23.44568,38.02603,0
          23.44569,38.02603,0
          23.44591,38.02607,0
          23.44592,38.02607,0
          23.44747,38.02635,0
          23.4477,38.0264,0
          23.44925,38.02668,0
          23.44947,38.02673,0
          23.45125,38.02705,0
          23.45148,38.0271,0
          23.45325,38.02742,0
          23.45348,38.02747,0
          23.45709,38.02812,0
          23.45731,38.02817,0
          23.45759,38.02822,0
          23.45776,38.02824,0
          23.45798,38.02828,0
          23.4582,38.02831,0
          23.45865,38.02839,0
          23.46,38.02857,0
          23.46023,38.02861,0
          23.46112,38.02873,0
          23.46135,38.02877,0
          23.46202,38.02886,0
          23.46225,38.0289,0
          23.46292,38.02899,0
          23.46303,38.02901,0
          23.46348,38.02907,0
          23.4637,38.02911,0
          23.46437,38.0292,0
          23.4646,38.02924,0
          23.4655,38.02936,0
          23.46572,38.0294,0
          23.4664,38.02949,0
          23.46662,38.02953,0
          23.46729,38.02962,0
          23.46746,38.02965,0
          23.46836,38.02977,0
          23.46858,38.02981,0
          23.46924,38.0299,0
          23.46926,38.0299,0
          23.46929,38.02991,0
          23.46948,38.02993,0
          23.46971,38.02997,0
          23.4706,38.03009,0
          23.47083,38.03013,0
          23.4715,38.03022,0
          23.47173,38.03026,0
          23.47228,38.03033,0
          23.47239,38.03035,0
          23.47278,38.0304,0
          23.47284,38.0304,0
          23.4733,38.03044,0
          23.47352,38.03045,0
          23.47398,38.03045,0
          23.47444,38.03043,0
          23.47466,38.03041,0
          23.47497,38.03037,0
          23.4752,38.03035,0
          23.47542,38.03032,0
          23.47564,38.03028,0
          23.47568,38.03028,0
          23.47652,38.03009,0
          23.47708,38.02992,0
          23.47757,38.02973,0
          23.47784,38.02964,0
          23.47819,38.0295,0
          23.47829,38.02945,0
          23.47839,38.02942,0
          23.47901,38.02919,0
          23.47902,38.02919,0
          23.47923,38.02911,0
          23.47925,38.02911,0
          23.47944,38.02905,0
          23.47945,38.02904,0
          23.47966,38.02898,0
          23.47988,38.02893,0
          23.48015,38.02885,0
          23.4807,38.02875,0
          23.48076,38.02875,0
          23.48095,38.02872,0
          23.48099,38.02872,0
          23.48121,38.02869,0
          23.48189,38.02863,0
          23.48258,38.02863,0
          23.48293,38.02864,0
          23.48326,38.02867,0
          23.48371,38.02873,0
          23.48394,38.02877,0
          23.48403,38.02878,0
          23.48416,38.02881,0
          23.48438,38.02885,0
          23.4846,38.0289,0
          23.48503,38.02902,0
          23.48525,38.02909,0
          23.48531,38.0291,0
          23.48562,38.02921,0
          23.48566,38.02923,0
          23.48628,38.02947,0
          23.48635,38.02949,0
          23.48648,38.02955,0
          23.48703,38.02984,0
          23.48722,38.02993,0
          23.48767,38.0302,0
          23.48809,38.03051,0
          23.48841,38.03077,0
          23.48884,38.03119,0
          23.48897,38.03134,0
          23.48904,38.03141,0
          23.48933,38.0318,0
          23.48944,38.03196,0
          23.48974,38.03244,0
          23.48977,38.03248,0
          23.48994,38.03276,0
          23.49056,38.03393,0
          23.49058,38.03396,0
          23.49063,38.03405,0
          23.49073,38.03426,0
          23.49091,38.03459,0
          23.49093,38.03462,0
          23.49108,38.0349,0
          23.49114,38.035,0
          23.49126,38.03523,0
          23.49151,38.03566,0
          23.49155,38.03574,0
          23.49157,38.03577,0
          23.4916,38.03583,0
          23.4917,38.03599,0
          23.49188,38.03632,0
          23.49198,38.03648,0
          23.49199,38.03651,0
          23.49202,38.03655,0
          23.49216,38.03681,0
          23.49226,38.03697,0
          23.49235,38.03714,0
          23.49237,38.03717,0
          23.4924,38.03724,0
          23.49243,38.03728,0
          23.49264,38.03763,0
          23.49318,38.03846,0
          23.49339,38.03874,0
          23.49378,38.03917,0
          23.49387,38.03926,0
          23.49389,38.03929,0
          23.49406,38.03948,0
          23.4942,38.03962,0
          23.49433,38.03977,0
          23.49447,38.03991,0
          23.49474,38.0402,0
          23.49488,38.04034,0
          23.49501,38.04049,0
          23.49515,38.04063,0
          23.49534,38.04085,0
          23.49616,38.04174,0
          23.49629,38.04192,0
          23.49671,38.04246,0
          23.4968,38.04259,0
          23.49681,38.04261,0
          23.49702,38.04294,0
          23.49738,38.04366,0
          23.49742,38.04371,0
          23.49751,38.04388,0
          23.49753,38.04391,0
          23.49778,38.04437,0
          23.49789,38.04452,0
          23.49798,38.04466,0
          23.49818,38.04494,0
          23.49818,38.04495,0
          23.49857,38.0454,0
          23.49858,38.04542,0
          23.49872,38.04554,0
          23.49886,38.04568,0
          23.49887,38.04568,0
          23.49948,38.04624,0
          23.49961,38.04635,0
          23.49964,38.04637,0
          23.49973,38.04645,0
          23.50043,38.04702,0
          23.50108,38.04752,0
          23.50109,38.04752,0
          23.50138,38.04777,0
          23.50155,38.04789,0
          23.50171,38.04802,0
          23.50188,38.04814,0
          23.50291,38.04892,0
          23.50307,38.04905,0
          23.50324,38.04917,0
          23.5034,38.0493,0
          23.50357,38.04942,0
          23.50373,38.04955,0
          23.50422,38.04992,0
          23.50438,38.05005,0
          23.50455,38.05017,0
          23.50487,38.05043,0
          23.50508,38.0505,0
          23.50518,38.05056,0
          23.50579,38.05099,0
          23.50596,38.05112,0
          23.50663,38.05159,0
          23.50664,38.0516,0
          23.51117,38.05489,0
          23.5117,38.05523,0
          23.5118,38.05528,0
          23.51217,38.05549,0
          23.51272,38.05576,0
          23.51314,38.05592,0
          23.51316,38.05593,0
          23.51357,38.05609,0
          23.51375,38.05614,0
          23.51417,38.05628,0
          23.51482,38.05646,0
          23.51504,38.05651,0
          23.51548,38.05659,0
          23.51616,38.05668,0
          23.51623,38.05668,0
          23.51638,38.0567,0
          23.5166,38.05674,0
          23.51672,38.05675,0
          23.51682,38.05675,0
          23.51719,38.05678,0
          23.51792,38.05678,0
          23.51836,38.05676,0
          23.51858,38.05674,0
          23.5188,38.05673,0
          23.51916,38.05669,0
          23.51941,38.05665,0
          23.51966,38.05662,0
          23.51971,38.05661,0
          23.52038,38.05652,0
          23.52049,38.05651,0
          23.52713,38.05562,0
          23.52715,38.05561,0
          23.52802,38.05548,0
          23.52803,38.05548,0
          23.52825,38.05545,0
          23.52826,38.05545,0
          23.53003,38.05521,0
          23.53016,38.05518,0
          23.53022,38.05518,0
          23.53045,38.05514,0
          23.53112,38.05505,0
          23.53135,38.05501,0
          23.53202,38.05492,0
          23.53224,38.05488,0
          23.53292,38.05479,0
          23.53314,38.05475,0
          23.53427,38.0546,0
          23.53449,38.05456,0
          23.53629,38.05431,0
          23.53652,38.05429,0
          23.53787,38.05411,0
          23.53807,38.05409,0
          23.5394,38.05391,0
          23.53942,38.0539,0
          23.53964,38.05386,0
          23.54008,38.05376,0
          23.54057,38.05362,0
          23.54088,38.0535,0
          23.54107,38.05341,0
          23.54126,38.05331,0
          23.54145,38.05322,0
          23.54146,38.05322,0
          23.54183,38.053,0
          23.54187,38.05297,0
          23.542,38.05289,0
          23.54234,38.05265,0
          23.54273,38.05232,0
          23.54302,38.05204,0
          23.54309,38.05198,0
          23.54453,38.05059,0
          23.54456,38.05057,0
          23.5448,38.05033,0
          23.54488,38.05026,0
          23.54505,38.05008,0
          23.54635,38.04882,0
          23.5465,38.04869,0
          23.54657,38.04862,0
          23.54672,38.04849,0
          23.54702,38.04821,0
          23.54727,38.04801,0
          23.54765,38.04775,0
          23.54809,38.04749,0
          23.5481,38.04748,0
          23.5483,38.04738,0
          23.54833,38.04737,0
          23.54861,38.04725,0
          23.54898,38.04714,0
          23.54967,38.04698,0
          23.55008,38.04694,0
          23.55009,38.04693,0
          23.5502,38.04693,0
          23.55031,38.04692,0
          23.55056,38.04691,0
          23.55079,38.04691,0
          23.55102,38.04692,0
          23.55124,38.04695,0
          23.55129,38.04695,0
          23.55134,38.04696,0
          23.55154,38.04698,0
          23.55156,38.04698,0
          23.55194,38.04704,0
          23.55223,38.04711,0
          23.55229,38.04713,0
          23.55244,38.04717,0
          23.55265,38.04724,0
          23.55286,38.04732,0
          23.55294,38.04734,0
          23.55354,38.04761,0
          23.55374,38.04769,0
          23.55413,38.04787,0
          23.55428,38.04793,0
          23.55508,38.04829,0
          23.55528,38.04837,0
          23.55588,38.04864,0
          23.55608,38.04872,0
          23.55647,38.0489,0
          23.55667,38.04898,0
          23.55727,38.04925,0
          23.55747,38.04933,0
          23.55818,38.04965,0
          23.55838,38.04973,0
          23.55839,38.04973,0
          23.55859,38.0498,0
          23.55881,38.04986,0
          23.55895,38.04991,0
          23.55902,38.04992,0
          23.55924,38.04998,0
          23.55973,38.05007,0
          23.55974,38.05007,0
          23.55996,38.0501,0
          23.56019,38.05012,0
          23.56025,38.05013,0
          23.56065,38.05015,0
          23.56087,38.05014,0
          23.5611,38.05014,0
          23.5612,38.05013,0
          23.56166,38.05011,0
          23.56178,38.05011,0
          23.56188,38.0501,0
          23.56211,38.05009,0
          23.56234,38.05007,0
          23.56257,38.05006,0
          23.56279,38.05004,0
          23.56302,38.05003,0
          23.56316,38.05001,0
          23.56362,38.04997,0
          23.56367,38.04997,0
          23.56412,38.04993,0
          23.56435,38.0499,0
          23.56474,38.04988,0
          23.56497,38.04986,0
          23.5652,38.04985,0
          23.56581,38.0498,0
          23.56623,38.04978,0
          23.56626,38.04977,0
          23.56649,38.04975,0
          23.56672,38.04974,0
          23.5674,38.04968,0
          23.56802,38.04964,0
          23.56808,38.04963,0
          23.56854,38.04959,0
          23.56885,38.04955,0
          23.56899,38.04952,0
          23.56921,38.04949,0
          23.56936,38.04946,0
          23.56943,38.04944,0
          23.56957,38.04942,0
          23.56987,38.04935,0
          23.57074,38.04912,0
          23.57087,38.04907,0
          23.57162,38.04882,0
          23.57183,38.04876,0
          23.57288,38.04841,0
          23.57309,38.04833,0
          23.57322,38.04829,0
          23.57354,38.04816,0
          23.57375,38.04809,0
          23.57416,38.04793,0
          23.57437,38.04786,0
          23.57445,38.04782,0
          23.57456,38.04778,0
          23.57476,38.04769,0
          23.57508,38.04756,0
          23.57513,38.04753,0
          23.57528,38.04747,0
          23.57673,38.0468,0
          23.57693,38.0467,0
          23.5785,38.04598,0
          23.57853,38.04596,0
          23.57914,38.04568,0
          23.57919,38.04565,0
          23.58085,38.04484,0
          23.58142,38.04454,0
          23.58241,38.04409,0
          23.5826,38.04399,0
          23.58378,38.04344,0
          23.5839,38.04337,0
          23.5841,38.04328,0
          23.58429,38.04318,0
          23.585,38.04284,0
          23.58506,38.0428,0
          23.58525,38.0427,0
          23.5853,38.04268,0
          23.58567,38.04248,0
          23.58568,38.04247,0
          23.58604,38.04227,0
          23.5864,38.04205,0
          23.58658,38.04193,0
          23.58661,38.04192,0
          23.5871,38.04158,0
          23.58716,38.04155,0
          23.58733,38.04143,0
          23.58751,38.04132,0
          23.58756,38.04128,0
          23.58811,38.04091,0
          23.5888,38.04049,0
          23.58897,38.04037,0
          23.58915,38.04026,0
          23.5896,38.03993,0
          23.58977,38.03982,0
          23.59026,38.03944,0
          23.59029,38.03942,0
          23.59058,38.03918,0
          23.59099,38.03882,0
          23.59107,38.03876,0
          23.59115,38.03869,0
          23.59129,38.03855,0
          23.59145,38.03842,0
          23.5916,38.03828,0
          23.59206,38.03788,0
          23.59211,38.03783,0
          23.59235,38.03762,0
          23.59279,38.03719,0
          23.59291,38.03706,0
          23.59302,38.03692,0
          23.59313,38.03676,0
          23.59321,38.03666,0
          23.59324,38.03661,0
          23.59335,38.03645,0
          23.59345,38.03629,0
          23.5935,38.03622,0
          23.59359,38.03605,0
          23.59361,38.03602,0
          23.59376,38.03575,0
          23.59377,38.03572,0
          23.59422,38.0349,0
          23.59428,38.03477,0
          23.59438,38.03461,0
          23.59447,38.03444,0
          23.59457,38.03428,0
          23.59502,38.03346,0
          23.59545,38.03276,0
          23.59554,38.0326,0
          23.5959,38.03202,0
          23.59598,38.03185,0
          23.59599,38.03184,0
          23.59619,38.03151,0
          23.59621,38.03145,0
          23.59628,38.03135,0
          23.59733,38.0296,0
          23.59745,38.02932,0
          23.59748,38.02927,0
          23.59751,38.02917,0
          23.59759,38.029,0
          23.59765,38.02883,0
          23.59771,38.02869,0
          23.59772,38.02866,0
          23.59792,38.02774,0
          23.59792,38.0277,0
          23.59793,38.02769,0
          23.59804,38.02721,0
          23.59808,38.02699,0
          23.59826,38.02626,0
          23.59873,38.02413,0
          23.59882,38.02377,0
          23.5989,38.02334,0
          23.59899,38.02277,0
          23.59905,38.02214,0
          23.59906,38.02155,0
          23.59904,38.02094,0
          23.59895,38.01987,0
          23.59891,38.0196,0
          23.59878,38.01851,0
          23.59876,38.01828,0
          23.59869,38.01771,0
          23.59863,38.01734,0
          23.59861,38.01715,0
          23.59858,38.017,0
          23.59853,38.01655,0
          23.59852,38.0164,0
          23.59853,38.01619,0
          23.59853,38.01602,0
          23.59855,38.01587,0
          23.59855,38.01583,0
          23.59858,38.0157,0
          23.59858,38.01568,0
          23.5987,38.01533,0
          23.5989,38.01496,0
          23.59899,38.01484,0
          23.59904,38.01476,0
          23.59923,38.01454,0
          23.59929,38.01446,0
          23.59977,38.01407,0
          23.59999,38.01393,0
          23.6004,38.0137,0
          23.6007,38.01358,0
          23.60081,38.01353,0
          23.601,38.01346,0
          23.60101,38.01346,0
          23.60123,38.0134,0
          23.60127,38.01338,0
          23.60246,38.01311,0
          23.6025,38.01311,0
          23.60275,38.01304,0
          23.60319,38.01294,0
          23.60325,38.01293,0
          23.60345,38.01284,0
          23.60365,38.01276,0
          23.60377,38.01272,0
          23.60385,38.01266,0
          23.60386,38.01265,0
          23.60389,38.01263,0
          23.60394,38.01258,0
          23.60399,38.01252,0
          23.60401,38.01248,0
          23.60404,38.0124,0
          23.60406,38.01227,0
          23.60407,38.01195,0
          23.60408,38.01186,0
          23.60409,38.01168,0
          23.60409,38.01155,0
          23.60417,38.0109,0
          23.60417,38.01073,0
          23.60418,38.01056,0
          23.60418,38.00985,0
          23.60416,38.00949,0
          23.60416,38.00931,0
          23.60415,38.00913,0
          23.60415,38.00895,0
          23.60413,38.00859,0
          23.60413,38.00841,0
          23.60411,38.00805,0
          23.60411,38.00787,0
          23.60403,38.00648,0
          23.60395,38.00576,0
          23.60395,38.00567,0
          23.60393,38.00558,0
          23.60385,38.00509,0
          23.60373,38.00459,0
          23.60373,38.00456,0
          23.60372,38.00454,0
          23.60371,38.0045,0
          23.60361,38.00421,0
          23.60359,38.00413,0
          23.60341,38.0037,0
          23.60339,38.00363,0
          23.60333,38.00353,0
          23.60303,38.00292,0
          23.60297,38.00283,0
          23.6029,38.0027,0
          23.6028,38.00254,0
          23.60279,38.00251,0
          23.6027,38.00235,0
          23.60269,38.00234,0
          23.60258,38.00218,0
          23.60257,38.00217,0
          23.60222,38.0017,0
          23.6022,38.00168,0
          23.60202,38.00145,0
          23.60197,38.0014,0
          23.60172,38.0011,0
          23.60168,38.00106,0
          23.60159,38.00095,0
          23.60131,38.00067,0
          23.601,38.0004,0
          23.60086,38.00026,0
          23.59794,37.99763,0
          23.5978,37.99749,0
          23.5978,37.99748,0
          23.59766,37.99734,0
          23.59757,37.99724,0
          23.59729,37.99689,0
          23.59718,37.99673,0
          23.59706,37.99658,0
          23.59658,37.99587,0
          23.59651,37.99579,0
          23.5964,37.99563,0
          23.59628,37.99548,0
          23.59617,37.99532,0
          23.59605,37.99517,0
          23.59601,37.99511,0
          23.59567,37.99472,0
          23.59531,37.99436,0
          23.59509,37.99416,0
          23.59428,37.99347,0
          23.5942,37.99339,0
          23.59373,37.993,0
          23.59358,37.99286,0
          23.59289,37.99228,0
          23.59281,37.9922,0
          23.59234,37.99181,0
          23.59219,37.99167,0
          23.59218,37.99167,0
          23.59203,37.99154,0
          23.59189,37.9914,0
          23.59182,37.99134,0
          23.59166,37.99118,0
          23.59161,37.99112,0
          23.59154,37.99105,0
          23.59134,37.99083,0
          23.59122,37.99067,0
          23.59117,37.99062,0
          23.59099,37.99036,0
          23.59092,37.99027,0
          23.59082,37.99011,0
          23.59074,37.98996,0
          23.59073,37.98995,0
          23.59067,37.98981,0
          23.59065,37.98978,0
          23.59061,37.98969,0
          23.59054,37.9895,0
          23.5905,37.98932,0
          23.59043,37.98908,0
          23.59034,37.98854,0
          23.59034,37.98843,0
          23.59031,37.98789,0
          23.59031,37.9876,0
          23.59032,37.98753,0
          23.59033,37.98735,0
          23.59038,37.98701,0
          23.59046,37.98666,0
          23.59056,37.98636,0
          23.59057,37.98631,0
          23.5907,37.98599,0
          23.59085,37.98567,0
          23.59105,37.98535,0
          23.59106,37.98534,0
          23.59128,37.98504,0
          23.5914,37.98489,0
          23.59192,37.98429,0
          23.59204,37.98414,0
          23.59307,37.98295,0
          23.59319,37.9828,0
          23.59343,37.98253,0
          23.59349,37.98245,0
          23.59355,37.98238,0
          23.59359,37.98234,0
          23.59376,37.98214,0
          23.59379,37.98211,0
          23.59391,37.98196,0
          23.59417,37.98166,0
          23.59429,37.98151,0
          23.59455,37.98121,0
          23.59467,37.98106,0
          23.59493,37.98076,0
          23.59505,37.98061,0
          23.59531,37.98031,0
          23.59543,37.98016,0
          23.59578,37.97978,0
          23.59579,37.97976,0
          23.59593,37.97962,0
          23.59684,37.97862,0
          23.59713,37.97834,0
          23.59764,37.97782,0
          23.5977,37.97774,0
          23.59788,37.97753,0
          23.59796,37.97745,0
          23.59808,37.97731,0
          23.59841,37.97698,0
          23.59854,37.97684,0
          23.59854,37.97683,0
          23.59882,37.97655,0
          23.59911,37.97623,0
          23.59919,37.97612,0
          23.5992,37.9761,0
          23.59929,37.97596,0
          23.59937,37.9758,0
          23.59939,37.97577,0
          23.59945,37.97563,0
          23.59953,37.97536,0
          23.59955,37.97527,0
          23.59955,37.97525,0
          23.5996,37.97507,0
          23.59961,37.97488,0
          23.59965,37.97453,0
          23.59966,37.97435,0
          23.59968,37.97422,0
          23.59968,37.97417,0
          23.59971,37.97401,0
          23.59971,37.97399,0
          23.59975,37.97375,0
          23.59986,37.97349,0
          23.59997,37.97333,0
          23.60005,37.9732,0
          23.60018,37.97301,0
          23.6004,37.97279,0
          23.60059,37.97264,0
          23.60061,37.97263,0
          23.60081,37.97249,0
          23.60104,37.97236,0
          23.60215,37.97186,0
          23.60235,37.97178,0
          23.60295,37.97151,0
          23.60308,37.97146,0
          23.60322,37.97138,0
          23.60334,37.97133,0
          23.60334,37.97132,0
          23.60348,37.97125,0
          23.60377,37.97107,0
          23.60413,37.97083,0
          23.60418,37.97079,0
          23.60452,37.97055,0
          23.60469,37.97042,0
          23.60471,37.97041,0
          23.60501,37.97017,0
          23.60518,37.97005,0
          23.60534,37.96992,0
          23.60583,37.96955,0
          23.60585,37.96953,0
          23.60601,37.9694,0
          23.60655,37.96899,0
          23.60672,37.96887,0
          23.60678,37.96882,0
          23.60705,37.96862,0
          23.60721,37.96849,0
          23.60724,37.96846,0
          23.60738,37.96837,0
          23.60747,37.9683,0
          23.60755,37.96825,0
          23.60756,37.96824,0
          23.60772,37.96813,0
          23.60775,37.9681,0
          23.60795,37.96797,0
          23.60891,37.96729,0
          23.60909,37.96718,0
          23.60994,37.96658,0
          23.60998,37.96656,0
          23.61015,37.96644,0
          23.61023,37.96639,0
          23.61032,37.96632,0
          23.61087,37.96593,0
          23.61118,37.96573,0
          23.61122,37.9657,0
          23.61157,37.96547,0
          23.61164,37.96543,0
          23.61217,37.96505,0
          23.61218,37.96504,0
          23.61235,37.96492,0
          23.61253,37.96481,0
          23.61408,37.96377,0
          23.6141,37.96376,0
          23.61428,37.96364,0
          23.6144,37.96357,0
          23.61448,37.96353,0
          23.61453,37.96351,0
          23.61461,37.96349,0
          23.61478,37.96349,0
          23.61484,37.9635,0
          23.61507,37.96352,0
          23.61529,37.96355,0
          23.61532,37.96355,0
          23.61538,37.96356,0
          23.61583,37.9636,0
          23.61606,37.96363,0
          23.61628,37.96365,0
          23.61646,37.96368,0
          23.61669,37.9637,0
          23.61705,37.96375,0
          23.61727,37.96379,0
          23.61793,37.96386,0
          23.61804,37.96388,0
          23.61827,37.96391,0
          23.61835,37.96391,0
          23.61877,37.96395,0
          23.6188,37.96395,0
          23.61925,37.96401,0
          23.61948,37.96403,0
          23.6199,37.96409,0
          23.62005,37.96412,0
          23.62035,37.96416,0
          23.62036,37.96416,0
          23.62061,37.9642,0
          23.62075,37.96421,0
          23.62109,37.96426,0
          23.6213,37.96428,0
          23.62133,37.96429,0
          23.62154,37.96432,0
          23.62246,37.9644,0
          23.62251,37.96441,0
          23.62273,37.96443,0
          23.62318,37.96449,0
          23.62351,37.96452,0
          23.62364,37.96451,0
          23.62374,37.96451,0
          23.62377,37.9645,0
          23.62396,37.96448,0
          23.62406,37.96446,0
          23.62429,37.96443,0
          23.62451,37.96439,0
          23.62474,37.96436,0
          23.62477,37.96436,0
          23.62644,37.96412,0
          23.62673,37.96409,0
          23.6274,37.964,0
          23.62752,37.96399,0
          23.62774,37.96395,0
          23.6281,37.9639,0
          23.62832,37.96386,0
          23.62917,37.96375,0
          23.6293,37.96374,0
          23.62942,37.96374,0
          23.62963,37.96375,0
          23.62979,37.96377,0
          23.63025,37.96381,0
          23.6303,37.96381,0
          23.63075,37.96387,0
          23.63076,37.96387,0
          23.63137,37.96395,0
          23.63159,37.96397,0
          23.63182,37.964,0
          23.63205,37.96402,0
          23.63227,37.96405,0
          23.63285,37.9641,0
          23.6333,37.96416,0
          23.63353,37.96418,0
          23.63366,37.96422,0
          23.63368,37.96422,0
          23.63516,37.96474,0
          23.63523,37.96477,0
          23.63544,37.96484,0
          23.63565,37.96492,0
          23.63586,37.96499,0
          23.63611,37.96509,0
          23.63616,37.9651,0
          23.63714,37.96547,0
          23.63718,37.96548,0
          23.63742,37.96557,0
          23.63756,37.96563,0
          23.63818,37.96583,0
          23.63932,37.96616,0
          23.63933,37.96617,0
          23.64036,37.96651,0
          23.6407,37.96661,0
          23.64091,37.96668,0
          23.64113,37.96674,0
          23.64123,37.96678,0
          23.64144,37.96684,0
          23.64225,37.96711,0
          23.64256,37.9672,0
          23.64298,37.96734,0
          23.64311,37.96737,0
          23.64389,37.96761,0
          23.64415,37.9677,0
          23.64436,37.96776,0
          23.64533,37.96808,0
          23.64534,37.96809,0
          23.64598,37.96829,0
          23.646,37.9683,0
          23.64663,37.96851,0
          23.64664,37.96851,0
          23.64727,37.96872,0
          23.64748,37.96878,0
          23.6479,37.96892,0
          23.64792,37.96893,0
          23.64855,37.96914,0
          23.6486,37.96915,0
          23.64902,37.96929,0
          23.64923,37.96935,0
          23.64944,37.96942,0
          23.64985,37.96954,0
          23.65006,37.96961,0
          23.65007,37.96961,0
          23.65028,37.96967,0
          23.6506,37.96908,0
          23.65076,37.96875,0
          23.65055,37.96868,0
          23.65034,37.9686,0
          23.6493,37.96826,0
          23.64928,37.96825,0
          23.6492,37.96823,0
        </coordinates>
      </LineString>
    </Placemark>
    <Placemark>
      <name>Konitsa Mountain Resort, Konitsa</name>
      <styleUrl>#icon-1899-DB4436-nodesc</styleUrl>
      <Point>
        <coordinates>
          20.7600692,40.0481985,0
        </coordinates>
      </Point>
    </Placemark>
    <Placemark>
      <name>Attaleias 56, Nikaia</name>
      <styleUrl>#icon-1899-DB4436-nodesc</styleUrl>
      <Point>
        <coordinates>
          23.6492001,37.9682258,0
        </coordinates>
      </Point>
    </Placemark>
  </Document>
</kml>
