<?xml version="1.0" encoding="UTF-8"?>
<kml xmlns="http://www.opengis.net/kml/2.2">
  <Document>
    <name>arvanitsa</name>
    <Style id="icon-1899-DB4436-nodesc-normal">
      <IconStyle>
        <color>ff3644db</color>
        <scale>1</scale>
        <Icon>
          <href>https://www.gstatic.com/mapspro/images/stock/503-wht-blank_maps.png</href>
        </Icon>
        <hotSpot x="32" xunits="pixels" y="64" yunits="insetPixels"/>
      </IconStyle>
      <LabelStyle>
        <scale>0</scale>
      </LabelStyle>
      <BalloonStyle>
        <text><![CDATA[<h3>$[name]</h3>]]></text>
      </BalloonStyle>
    </Style>
    <Style id="icon-1899-DB4436-nodesc-highlight">
      <IconStyle>
        <color>ff3644db</color>
        <scale>1</scale>
        <Icon>
          <href>https://www.gstatic.com/mapspro/images/stock/503-wht-blank_maps.png</href>
        </Icon>
        <hotSpot x="32" xunits="pixels" y="64" yunits="insetPixels"/>
      </IconStyle>
      <LabelStyle>
        <scale>1</scale>
      </LabelStyle>
      <BalloonStyle>
        <text><![CDATA[<h3>$[name]</h3>]]></text>
      </BalloonStyle>
    </Style>
    <StyleMap id="icon-1899-DB4436-nodesc">
      <Pair>
        <key>normal</key>
        <styleUrl>#icon-1899-DB4436-nodesc-normal</styleUrl>
      </Pair>
      <Pair>
        <key>highlight</key>
        <styleUrl>#icon-1899-DB4436-nodesc-highlight</styleUrl>
      </Pair>
    </StyleMap>
    <Style id="line-1267FF-5000-nodesc-normal">
      <LineStyle>
        <color>ffff6712</color>
        <width>5</width>
      </LineStyle>
      <BalloonStyle>
        <text><![CDATA[<h3>$[name]</h3>]]></text>
      </BalloonStyle>
    </Style>
    <Style id="line-1267FF-5000-nodesc-highlight">
      <LineStyle>
        <color>ffff6712</color>
        <width>7.5</width>
      </LineStyle>
      <BalloonStyle>
        <text><![CDATA[<h3>$[name]</h3>]]></text>
      </BalloonStyle>
    </Style>
    <StyleMap id="line-1267FF-5000-nodesc">
      <Pair>
        <key>normal</key>
        <styleUrl>#line-1267FF-5000-nodesc-normal</styleUrl>
      </Pair>
      <Pair>
        <key>highlight</key>
        <styleUrl>#line-1267FF-5000-nodesc-highlight</styleUrl>
      </Pair>
    </StyleMap>
    <Placemark>
      <name>arvanitsa</name>
      <styleUrl>#line-1267FF-5000-nodesc</styleUrl>
      <LineString>
        <tessellate>1</tessellate>
        <coordinates>
          23.6492,37.96823,0
          23.64905,37.96817,0
          23.64841,37.96798,0
          23.64839,37.96797,0
          23.64819,37.96836,0
          23.64814,37.96844,0
          23.64806,37.96861,0
          23.64802,37.96868,0
          23.64794,37.96885,0
          23.64778,37.96915,0
          23.6477,37.96932,0
          23.64755,37.9696,0
          23.64734,37.96954,0
          23.6463,37.9692,0
          23.64629,37.9692,0
          23.64561,37.96902,0
          23.64497,37.96878,0
          23.64455,37.96864,0
          23.6444,37.9686,0
          23.64372,37.96836,0
          23.6435,37.9683,0
          23.6434,37.96826,0
          23.64297,37.96814,0
          23.6411,37.96752,0
          23.64089,37.96746,0
          23.64079,37.96742,0
          23.64036,37.9673,0
          23.64015,37.96723,0
          23.64002,37.9672,0
          23.63939,37.967,0
          23.63931,37.96698,0
          23.63868,37.96677,0
          23.6386,37.96675,0
          23.63784,37.96651,0
          23.6377,37.9663,0
          23.63769,37.96628,0
          23.63736,37.96585,0
          23.63734,37.96581,0
          23.63726,37.9657,0
          23.63711,37.96555,0
          23.63683,37.96544,0
          23.63662,37.96538,0
          23.6361,37.9652,0
          23.63605,37.96519,0
          23.63584,37.96512,0
          23.63533,37.96492,0
          23.63512,37.96485,0
          23.635,37.9648,0
          23.63479,37.96473,0
          23.63459,37.96465,0
          23.63421,37.96453,0
          23.63401,37.96445,0
          23.6337,37.96436,0
          23.63362,37.96433,0
          23.63208,37.96412,0
          23.6314,37.96405,0
          23.63095,37.96399,0
          23.63073,37.96397,0
          23.63071,37.96396,0
          23.62958,37.96386,0
          23.62928,37.96386,0
          23.62915,37.96387,0
          23.62884,37.96391,0
          23.6288,37.96392,0
          23.62838,37.96398,0
          23.62793,37.96406,0
          23.62789,37.96406,0
          23.62583,37.96434,0
          23.62581,37.96434,0
          23.62558,37.96437,0
          23.62536,37.96441,0
          23.62478,37.96449,0
          23.62455,37.96451,0
          23.62433,37.96454,0
          23.6241,37.96456,0
          23.62393,37.96459,0
          23.62382,37.9646,0
          23.6237,37.96462,0
          23.6236,37.96462,0
          23.62356,37.96463,0
          23.62347,37.96463,0
          23.62264,37.96452,0
          23.62241,37.96448,0
          23.62196,37.96444,0
          23.62174,37.96441,0
          23.6213,37.96437,0
          23.62118,37.96435,0
          23.6209,37.96432,0
          23.62064,37.96427,0
          23.62063,37.96426,0
          23.62041,37.96424,0
          23.62005,37.96419,0
          23.61992,37.96418,0
          23.61971,37.96415,0
          23.61948,37.96413,0
          23.61945,37.96412,0
          23.619,37.96408,0
          23.61877,37.96405,0
          23.61869,37.96405,0
          23.61847,37.96402,0
          23.61789,37.96397,0
          23.61769,37.96394,0
          23.61746,37.96392,0
          23.6163,37.96377,0
          23.61561,37.9637,0
          23.61517,37.96364,0
          23.61459,37.96359,0
          23.61453,37.96361,0
          23.61444,37.96363,0
          23.61432,37.96369,0
          23.61415,37.9638,0
          23.61333,37.96439,0
          23.61313,37.96452,0
          23.61299,37.96463,0
          23.61294,37.96466,0
          23.61248,37.965,0
          23.61247,37.96501,0
          23.60918,37.96727,0
          23.60916,37.96728,0
          23.60856,37.96771,0
          23.60848,37.96776,0
          23.60815,37.96801,0
          23.60811,37.96803,0
          23.60751,37.96845,0
          23.60749,37.96846,0
          23.60681,37.96894,0
          23.60665,37.96907,0
          23.60614,37.96943,0
          23.6061,37.96947,0
          23.60593,37.9696,0
          23.60474,37.97059,0
          23.60449,37.97078,0
          23.60399,37.97112,0
          23.6037,37.97129,0
          23.60363,37.97132,0
          23.60352,37.9714,0
          23.60334,37.97151,0
          23.60314,37.9716,0
          23.60253,37.97184,0
          23.60233,37.97193,0
          23.60193,37.97209,0
          23.60192,37.97209,0
          23.60153,37.97227,0
          23.60133,37.97235,0
          23.60129,37.97237,0
          23.60128,37.97238,0
          23.60114,37.97246,0
          23.60079,37.97269,0
          23.60079,37.9727,0
          23.60076,37.97271,0
          23.60067,37.97278,0
          23.60049,37.97296,0
          23.60046,37.97298,0
          23.6003,37.97314,0
          23.60012,37.97338,0
          23.6001,37.9734,0
          23.60002,37.97353,0
          23.5999,37.97385,0
          23.59985,37.97409,0
          23.59985,37.97412,0
          23.59983,37.97419,0
          23.5998,37.97445,0
          23.59979,37.97448,0
          23.59972,37.97508,0
          23.59969,37.97526,0
          23.59969,37.97531,0
          23.59964,37.97552,0
          23.5996,37.97565,0
          23.59954,37.97579,0
          23.59949,37.97588,0
          23.59946,37.97596,0
          23.59931,37.97621,0
          23.59925,37.97627,0
          23.59886,37.97672,0
          23.59829,37.97728,0
          23.5982,37.97738,0
          23.59808,37.97753,0
          23.59797,37.97765,0
          23.59795,37.97768,0
          23.59791,37.97772,0
          23.59776,37.9779,0
          23.59712,37.97854,0
          23.59695,37.97873,0
          23.5964,37.9793,0
          23.59614,37.9796,0
          23.596,37.97974,0
          23.59495,37.98092,0
          23.59396,37.9821,0
          23.59385,37.98225,0
          23.59359,37.98256,0
          23.59358,37.98258,0
          23.59345,37.98273,0
          23.59331,37.98287,0
          23.59318,37.98302,0
          23.59316,37.98305,0
          23.5929,37.98335,0
          23.59276,37.98349,0
          23.59213,37.98424,0
          23.59205,37.98432,0
          23.59181,37.98463,0
          23.59155,37.98493,0
          23.59139,37.98513,0
          23.59132,37.98524,0
          23.59121,37.98539,0
          23.59119,37.98543,0
          23.59101,37.98572,0
          23.59088,37.98596,0
          23.59074,37.98629,0
          23.5906,37.98674,0
          23.59057,37.98682,0
          23.59052,37.98705,0
          23.59052,37.9871,0
          23.59048,37.98746,0
          23.59047,37.98764,0
          23.59046,37.98771,0
          23.59047,37.98828,0
          23.59051,37.98866,0
          23.59053,37.98875,0
          23.59058,37.98906,0
          23.59059,37.98907,0
          23.59068,37.9894,0
          23.59068,37.98942,0
          23.59075,37.98959,0
          23.59076,37.98963,0
          23.59082,37.98976,0
          23.59083,37.9898,0
          23.59099,37.99009,0
          23.59113,37.99031,0
          23.59133,37.99059,0
          23.59179,37.99111,0
          23.59179,37.99112,0
          23.59185,37.99118,0
          23.59189,37.99121,0
          23.59215,37.99146,0
          23.59223,37.99152,0
          23.5923,37.99159,0
          23.59293,37.99211,0
          23.59308,37.99225,0
          23.59421,37.99321,0
          23.59424,37.99324,0
          23.59448,37.99343,0
          23.5951,37.99396,0
          23.59516,37.994,0
          23.59544,37.99425,0
          23.59576,37.99458,0
          23.59596,37.99481,0
          23.59601,37.99488,0
          23.59626,37.99518,0
          23.5963,37.99524,0
          23.59638,37.99534,0
          23.59719,37.9965,0
          23.59738,37.99675,0
          23.59749,37.99691,0
          23.59756,37.99699,0
          23.59761,37.99706,0
          23.59787,37.99735,0
          23.59802,37.99749,0
          23.59803,37.99751,0
          23.5983,37.99776,0
          23.59833,37.99778,0
          23.60043,37.99967,0
          23.60072,37.99995,0
          23.60147,38.00063,0
          23.60189,38.00105,0
          23.6019,38.00107,0
          23.60202,38.0012,0
          23.60214,38.00135,0
          23.60224,38.00146,0
          23.60266,38.002,0
          23.60283,38.00228,0
          23.60286,38.00232,0
          23.60325,38.00301,0
          23.60361,38.00375,0
          23.60363,38.00382,0
          23.6037,38.00399,0
          23.60372,38.00406,0
          23.60382,38.00434,0
          23.60395,38.00486,0
          23.60396,38.00487,0
          23.60406,38.00532,0
          23.60412,38.00572,0
          23.60412,38.00576,0
          23.60416,38.00612,0
          23.60417,38.0063,0
          23.60421,38.00663,0
          23.60421,38.00683,0
          23.60423,38.00719,0
          23.60423,38.00737,0
          23.60425,38.00773,0
          23.60425,38.00791,0
          23.60427,38.00827,0
          23.60427,38.00863,0
          23.60428,38.00881,0
          23.60428,38.00953,0
          23.60429,38.00971,0
          23.60429,38.01025,0
          23.6043,38.01045,0
          23.60429,38.01063,0
          23.60429,38.01092,0
          23.60422,38.01132,0
          23.60417,38.01218,0
          23.60417,38.01229,0
          23.6042,38.01247,0
          23.60424,38.01262,0
          23.60426,38.01266,0
          23.60427,38.01271,0
          23.60429,38.01275,0
          23.60432,38.01279,0
          23.60441,38.01297,0
          23.60454,38.0131,0
          23.60456,38.01314,0
          23.60463,38.01319,0
          23.60483,38.01328,0
          23.60501,38.01332,0
          23.60502,38.01333,0
          23.6053,38.01333,0
          23.60552,38.01317,0
          23.60556,38.01312,0
          23.6056,38.01304,0
          23.60559,38.01296,0
          23.60556,38.01287,0
          23.60551,38.01282,0
          23.60548,38.01278,0
          23.60544,38.01276,0
          23.60531,38.01272,0
          23.60524,38.01271,0
          23.60498,38.01272,0
          23.60476,38.01276,0
          23.60458,38.01276,0
          23.60441,38.0128,0
          23.60409,38.01286,0
          23.60404,38.01288,0
          23.60403,38.01288,0
          23.60381,38.01292,0
          23.60329,38.01304,0
          23.60316,38.01306,0
          23.60255,38.0132,0
          23.60232,38.01324,0
          23.60188,38.01334,0
          23.60166,38.01338,0
          23.60102,38.01356,0
          23.60097,38.01358,0
          23.60081,38.01363,0
          23.6003,38.01386,0
          23.60001,38.01403,0
          23.59975,38.01421,0
          23.59972,38.01424,0
          23.59958,38.01435,0
          23.59942,38.01449,0
          23.59937,38.01454,0
          23.59925,38.01469,0
          23.59912,38.01488,0
          23.59905,38.01501,0
          23.59895,38.01517,0
          23.59885,38.01539,0
          23.59879,38.01556,0
          23.59874,38.01574,0
          23.59873,38.01575,0
          23.5987,38.01595,0
          23.59866,38.01644,0
          23.59867,38.01665,0
          23.59872,38.01703,0
          23.59876,38.01718,0
          23.59884,38.01764,0
          23.59886,38.01797,0
          23.59898,38.01884,0
          23.59913,38.02014,0
          23.59913,38.0205,0
          23.59917,38.02105,0
          23.59918,38.02201,0
          23.59915,38.02247,0
          23.59908,38.023,0
          23.59897,38.0236,0
          23.59804,38.02772,0
          23.59795,38.02826,0
          23.59783,38.02877,0
          23.59782,38.02879,0
          23.59776,38.02896,0
          23.59769,38.02913,0
          23.59767,38.0292,0
          23.59759,38.02937,0
          23.59754,38.0295,0
          23.59745,38.02967,0
          23.59732,38.02995,0
          23.59709,38.03033,0
          23.5967,38.03103,0
          23.59665,38.0311,0
          23.5966,38.03119,0
          23.59635,38.03157,0
          23.59634,38.03158,0
          23.59567,38.03264,0
          23.59558,38.03281,0
          23.59539,38.03312,0
          23.5953,38.03329,0
          23.5951,38.03361,0
          23.59501,38.03378,0
          23.59491,38.03394,0
          23.59484,38.03407,0
          23.59474,38.03423,0
          23.59412,38.03536,0
          23.5941,38.03539,0
          23.59368,38.03617,0
          23.5936,38.03634,0
          23.59326,38.03686,0
          23.59302,38.03716,0
          23.59274,38.03745,0
          23.59259,38.03758,0
          23.59249,38.03768,0
          23.59154,38.03853,0
          23.59147,38.0386,0
          23.59108,38.03893,0
          23.59083,38.03916,0
          23.59062,38.03933,0
          23.59054,38.03938,0
          23.59013,38.03971,0
          23.58996,38.03983,0
          23.5898,38.03996,0
          23.58933,38.0403,0
          23.58927,38.04035,0
          23.58886,38.04063,0
          23.58849,38.04085,0
          23.5876,38.04144,0
          23.58758,38.04146,0
          23.58723,38.0417,0
          23.58722,38.04171,0
          23.58635,38.04227,0
          23.58634,38.04228,0
          23.58599,38.04249,0
          23.58511,38.04295,0
          23.58394,38.04351,0
          23.58393,38.04351,0
          23.58334,38.04378,0
          23.58314,38.04386,0
          23.58162,38.04455,0
          23.5815,38.04462,0
          23.58092,38.04491,0
          23.58089,38.04492,0
          23.5805,38.04512,0
          23.58049,38.04512,0
          23.5803,38.04522,0
          23.57623,38.04712,0
          23.57604,38.04722,0
          23.57525,38.04758,0
          23.57505,38.04766,0
          23.57497,38.0477,0
          23.57485,38.04775,0
          23.57483,38.04775,0
          23.57445,38.04792,0
          23.57404,38.04808,0
          23.57403,38.04808,0
          23.5732,38.04839,0
          23.57125,38.04904,0
          23.57104,38.0491,0
          23.57062,38.04924,0
          23.57046,38.04928,0
          23.57037,38.04931,0
          23.57025,38.04934,0
          23.57011,38.04939,0
          23.57003,38.04941,0
          23.57,38.04941,0
          23.5696,38.04952,0
          23.56915,38.0496,0
          23.56859,38.04967,0
          23.56848,38.04969,0
          23.56825,38.04971,0
          23.56821,38.04971,0
          23.56754,38.04977,0
          23.56748,38.04977,0
          23.56731,38.04979,0
          23.56598,38.04987,0
          23.5647,38.04998,0
          23.56447,38.04999,0
          23.56319,38.05009,0
          23.56296,38.0501,0
          23.56279,38.05012,0
          23.56273,38.05012,0
          23.56205,38.05018,0
          23.56188,38.05018,0
          23.56182,38.05019,0
          23.56176,38.05019,0
          23.56151,38.05021,0
          23.56137,38.05021,0
          23.56121,38.05022,0
          23.56068,38.05022,0
          23.56059,38.05021,0
          23.56045,38.05021,0
          23.56011,38.05018,0
          23.56005,38.05018,0
          23.56,38.05017,0
          23.55977,38.05015,0
          23.55941,38.05009,0
          23.55933,38.05007,0
          23.55929,38.05007,0
          23.55907,38.05002,0
          23.55857,38.04988,0
          23.55822,38.04976,0
          23.55818,38.04975,0
          23.55762,38.04952,0
          23.55703,38.04925,0
          23.55684,38.04915,0
          23.55664,38.04906,0
          23.55656,38.04903,0
          23.55616,38.04885,0
          23.55596,38.04877,0
          23.55556,38.04859,0
          23.55536,38.04851,0
          23.55497,38.04833,0
          23.55492,38.0483,0
          23.55464,38.04819,0
          23.55457,38.04815,0
          23.55309,38.04749,0
          23.55297,38.04745,0
          23.55277,38.04737,0
          23.55256,38.0473,0
          23.55234,38.04724,0
          23.55229,38.04722,0
          23.55187,38.04711,0
          23.55169,38.04708,0
          23.55158,38.04707,0
          23.55146,38.04705,0
          23.55124,38.04703,0
          23.55084,38.04701,0
          23.55078,38.047,0
          23.55029,38.04701,0
          23.54977,38.04706,0
          23.54947,38.04712,0
          23.54944,38.04713,0
          23.549,38.04722,0
          23.5487,38.04732,0
          23.54836,38.04746,0
          23.54832,38.04747,0
          23.54794,38.04767,0
          23.54776,38.04778,0
          23.54774,38.04778,0
          23.54758,38.04789,0
          23.54709,38.04827,0
          23.54679,38.04854,0
          23.54675,38.04857,0
          23.54635,38.04896,0
          23.54628,38.04902,0
          23.54485,38.05039,0
          23.54476,38.05049,0
          23.54448,38.05077,0
          23.54445,38.05081,0
          23.54254,38.05265,0
          23.54221,38.0529,0
          23.54219,38.05292,0
          23.542,38.05306,0
          23.54187,38.05313,0
          23.54179,38.05319,0
          23.54168,38.05324,0
          23.5415,38.05334,0
          23.5411,38.05353,0
          23.54108,38.05353,0
          23.5409,38.0536,0
          23.54068,38.0537,0
          23.54018,38.05384,0
          23.54016,38.05385,0
          23.53958,38.054,0
          23.53867,38.05413,0
          23.53844,38.05415,0
          23.53642,38.05442,0
          23.53619,38.05446,0
          23.53544,38.05456,0
          23.53521,38.0546,0
          23.53468,38.05467,0
          23.53446,38.05471,0
          23.53378,38.0548,0
          23.53356,38.05484,0
          23.53198,38.05505,0
          23.53176,38.05509,0
          23.53063,38.05524,0
          23.53053,38.05526,0
          23.53041,38.05527,0
          23.53006,38.05533,0
          23.52857,38.05554,0
          23.52846,38.05555,0
          23.52829,38.05558,0
          23.52823,38.05558,0
          23.52813,38.0556,0
          23.52688,38.05577,0
          23.52678,38.05579,0
          23.52633,38.05585,0
          23.52629,38.05586,0
          23.52385,38.05618,0
          23.52363,38.05622,0
          23.52273,38.05634,0
          23.5225,38.05636,0
          23.52223,38.05645,0
          23.52221,38.05645,0
          23.52179,38.05652,0
          23.52177,38.05652,0
          23.52155,38.05657,0
          23.5215,38.05657,0
          23.52112,38.05665,0
          23.5211,38.05665,0
          23.52066,38.05675,0
          23.52045,38.05681,0
          23.52034,38.05683,0
          23.52023,38.05686,0
          23.52002,38.05693,0
          23.5196,38.05703,0
          23.51954,38.05704,0
          23.51931,38.05706,0
          23.5191,38.05745,0
          23.51895,38.05766,0
          23.51864,38.05803,0
          23.5185,38.05817,0
          23.51828,38.05836,0
          23.51786,38.05879,0
          23.51753,38.05916,0
          23.51741,38.05931,0
          23.5174,38.05933,0
          23.5171,38.05968,0
          23.51635,38.06095,0
          23.51571,38.06186,0
          23.51559,38.062,0
          23.51549,38.06213,0
          23.51463,38.06316,0
          23.51453,38.06327,0
          23.5145,38.06331,0
          23.5144,38.06342,0
          23.51427,38.06358,0
          23.51423,38.06364,0
          23.51402,38.0639,0
          23.51398,38.06394,0
          23.51379,38.06419,0
          23.51366,38.06434,0
          23.51338,38.06477,0
          23.51315,38.06519,0
          23.51291,38.0657,0
          23.51282,38.06587,0
          23.51256,38.06644,0
          23.51254,38.06647,0
          23.51239,38.06681,0
          23.51231,38.06697,0
          23.51224,38.06714,0
          23.51215,38.06731,0
          23.51184,38.06798,0
          23.51177,38.06815,0
          23.51129,38.06916,0
          23.51038,38.07119,0
          23.51,38.07189,0
          23.50995,38.07204,0
          23.50996,38.07204,0
          23.50996,38.07205,0
          23.50997,38.07206,0
          23.50997,38.07207,0
          23.50998,38.07208,0
          23.50998,38.07216,0
          23.50997,38.07217,0
          23.50997,38.07218,0
          23.50996,38.07219,0
          23.50996,38.0722,0
          23.50995,38.0722,0
          23.50992,38.07223,0
          23.50991,38.07223,0
          23.50989,38.07225,0
          23.50987,38.07225,0
          23.50883,38.07456,0
          23.5085,38.07524,0
          23.50843,38.07536,0
          23.50841,38.07542,0
          23.50775,38.07688,0
          23.50769,38.07699,0
          23.50765,38.0771,0
          23.50764,38.07711,0
          23.50764,38.07713,0
          23.50763,38.07719,0
          23.50764,38.0772,0
          23.50764,38.07721,0
          23.50765,38.07721,0
          23.50765,38.07723,0
          23.50766,38.07723,0
          23.50766,38.07725,0
          23.50767,38.07728,0
          23.50767,38.07732,0
          23.50766,38.07733,0
          23.50766,38.07735,0
          23.50765,38.07736,0
          23.50764,38.07738,0
          23.50758,38.07744,0
          23.50756,38.07744,0
          23.50755,38.07745,0
          23.50753,38.07746,0
          23.50747,38.07752,0
          23.50746,38.07754,0
          23.50744,38.07756,0
          23.50741,38.07761,0
          23.50709,38.07829,0
          23.50699,38.07855,0
          23.50694,38.07863,0
          23.50687,38.07876,0
          23.50677,38.07888,0
          23.50666,38.07905,0
          23.50658,38.0792,0
          23.50641,38.07941,0
          23.50616,38.07967,0
          23.50593,38.07981,0
          23.50583,38.07988,0
          23.50507,38.08027,0
          23.50444,38.08047,0
          23.50378,38.08059,0
          23.503,38.08077,0
          23.50206,38.08103,0
          23.50171,38.08115,0
          23.5012,38.08123,0
          23.49991,38.08135,0
          23.49944,38.08138,0
          23.49882,38.0814,0
          23.49876,38.08141,0
          23.49854,38.08142,0
          23.49831,38.08142,0
          23.49546,38.08155,0
          23.49531,38.08155,0
          23.49447,38.08162,0
          23.49442,38.08162,0
          23.49402,38.08167,0
          23.49373,38.08172,0
          23.49355,38.08176,0
          23.49329,38.08186,0
          23.49313,38.08195,0
          23.49313,38.08199,0
          23.49312,38.082,0
          23.49312,38.08201,0
          23.4931,38.08203,0
          23.4931,38.08204,0
          23.49309,38.08205,0
          23.49308,38.08205,0
          23.49306,38.08207,0
          23.49305,38.08207,0
          23.49304,38.08208,0
          23.49303,38.08208,0
          23.49302,38.08209,0
          23.493,38.08209,0
          23.49299,38.0821,0
          23.49291,38.0821,0
          23.4929,38.08209,0
          23.49287,38.08209,0
          23.49286,38.08208,0
          23.49285,38.08208,0
          23.49283,38.08206,0
          23.49282,38.08206,0
          23.49281,38.08205,0
          23.49272,38.08212,0
          23.49261,38.08216,0
          23.49251,38.08222,0
          23.49218,38.0825,0
          23.49203,38.08265,0
          23.4919,38.0828,0
          23.49179,38.08295,0
          23.49165,38.0832,0
          23.49145,38.0835,0
          23.49131,38.08368,0
          23.49122,38.08378,0
          23.49108,38.08391,0
          23.49088,38.08407,0
          23.49059,38.08426,0
          23.49037,38.08439,0
          23.4903,38.08441,0
          23.48991,38.08457,0
          23.48938,38.08471,0
          23.4892,38.08474,0
          23.48858,38.08478,0
          23.48791,38.08478,0
          23.487,38.08487,0
          23.48673,38.08491,0
          23.48633,38.085,0
          23.48542,38.08527,0
          23.48502,38.08544,0
          23.48454,38.08568,0
          23.48394,38.08607,0
          23.48383,38.08615,0
          23.48378,38.08618,0
          23.48361,38.0863,0
          23.48331,38.08655,0
          23.48325,38.08661,0
          23.48153,38.08805,0
          23.48138,38.08819,0
          23.48118,38.08835,0
          23.481,38.08846,0
          23.48096,38.08849,0
          23.48063,38.08867,0
          23.48043,38.08875,0
          23.47996,38.08891,0
          23.47979,38.08896,0
          23.47974,38.08898,0
          23.47964,38.08901,0
          23.47931,38.08908,0
          23.47828,38.08919,0
          23.47823,38.0892,0
          23.4781,38.08921,0
          23.47753,38.08922,0
          23.47732,38.08924,0
          23.47729,38.08925,0
          23.4772,38.08927,0
          23.47709,38.08932,0
          23.47694,38.08943,0
          23.47687,38.0895,0
          23.47669,38.08974,0
          23.47661,38.08989,0
          23.47651,38.09014,0
          23.47647,38.09021,0
          23.47631,38.09055,0
          23.47631,38.09057,0
          23.47628,38.09069,0
          23.47628,38.09073,0
          23.47627,38.09082,0
          23.47627,38.09109,0
          23.47628,38.09112,0
          23.47629,38.09127,0
          23.47629,38.09148,0
          23.47627,38.09159,0
          23.47625,38.09162,0
          23.47622,38.0917,0
          23.47616,38.09181,0
          23.47604,38.09194,0
          23.47588,38.09207,0
          23.47534,38.09245,0
          23.4752,38.09257,0
          23.47489,38.09286,0
          23.47473,38.09299,0
          23.47462,38.0931,0
          23.47458,38.09313,0
          23.47429,38.09341,0
          23.47426,38.09345,0
          23.47356,38.09425,0
          23.4735,38.09431,0
          23.47345,38.09438,0
          23.47336,38.09445,0
          23.47333,38.09448,0
          23.47318,38.09456,0
          23.47306,38.09461,0
          23.47297,38.09464,0
          23.47288,38.09466,0
          23.47276,38.0947,0
          23.4727,38.09471,0
          23.47262,38.09474,0
          23.47254,38.09476,0
          23.47234,38.09483,0
          23.47155,38.09515,0
          23.47154,38.09515,0
          23.47138,38.09522,0
          23.47106,38.09539,0
          23.47097,38.09545,0
          23.47078,38.09555,0
          23.4707,38.0956,0
          23.47047,38.09571,0
          23.4704,38.09575,0
          23.47023,38.09583,0
          23.47003,38.0959,0
          23.46986,38.09595,0
          23.46977,38.09596,0
          23.46969,38.09598,0
          23.46955,38.09599,0
          23.46937,38.09599,0
          23.46932,38.09598,0
          23.46922,38.09597,0
          23.46883,38.09584,0
          23.46832,38.0956,0
          23.46815,38.09554,0
          23.46803,38.09551,0
          23.46787,38.09551,0
          23.4678,38.09552,0
          23.46766,38.09556,0
          23.46764,38.09556,0
          23.46753,38.0956,0
          23.46727,38.09574,0
          23.4671,38.09586,0
          23.46708,38.09586,0
          23.46685,38.09604,0
          23.46664,38.09622,0
          23.46647,38.09635,0
          23.46645,38.09636,0
          23.46636,38.09643,0
          23.46628,38.09648,0
          23.46624,38.09651,0
          23.46574,38.09682,0
          23.46537,38.09703,0
          23.46521,38.09713,0
          23.4649,38.09729,0
          23.4648,38.09733,0
          23.4646,38.09738,0
          23.46459,38.09738,0
          23.46449,38.0974,0
          23.46436,38.0974,0
          23.46426,38.09739,0
          23.46395,38.09732,0
          23.46374,38.09729,0
          23.46372,38.09728,0
          23.46362,38.09727,0
          23.46329,38.09728,0
          23.46327,38.09729,0
          23.46316,38.0973,0
          23.46304,38.09732,0
          23.4627,38.09742,0
          23.46261,38.09744,0
          23.46219,38.09758,0
          23.46179,38.09773,0
          23.46178,38.09774,0
          23.4616,38.09782,0
          23.46158,38.09782,0
          23.461,38.09808,0
          23.46079,38.09819,0
          23.46068,38.09824,0
          23.46048,38.09837,0
          23.46027,38.09854,0
          23.46022,38.09857,0
          23.46011,38.09867,0
          23.45989,38.09884,0
          23.45961,38.09903,0
          23.45945,38.09911,0
          23.45944,38.09911,0
          23.45934,38.09915,0
          23.45923,38.09918,0
          23.45922,38.09918,0
          23.4592,38.09919,0
          23.45909,38.0992,0
          23.45897,38.0992,0
          23.45882,38.09919,0
          23.45878,38.09918,0
          23.45875,38.09918,0
          23.45836,38.09908,0
          23.45819,38.099,0
          23.45801,38.09893,0
          23.45726,38.09847,0
          23.45723,38.09846,0
          23.45703,38.09836,0
          23.45662,38.0982,0
          23.45641,38.09814,0
          23.45618,38.0981,0
          23.45598,38.09808,0
          23.45527,38.09808,0
          23.45504,38.09809,0
          23.45276,38.09809,0
          23.45227,38.09811,0
          23.45224,38.09812,0
          23.45184,38.09812,0
          23.45138,38.0981,0
          23.45115,38.0981,0
          23.45067,38.09808,0
          23.45017,38.09808,0
          23.44999,38.09811,0
          23.44995,38.09813,0
          23.44985,38.09815,0
          23.44974,38.09819,0
          23.4497,38.0982,0
          23.44954,38.09827,0
          23.44953,38.09827,0
          23.44934,38.09836,0
          23.44921,38.09843,0
          23.44918,38.09844,0
          23.44899,38.09856,0
          23.44896,38.09857,0
          23.44875,38.09872,0
          23.44865,38.0988,0
          23.44863,38.09882,0
          23.44855,38.09888,0
          23.44852,38.09891,0
          23.44836,38.09911,0
          23.44797,38.09964,0
          23.44784,38.09985,0
          23.44777,38.09995,0
          23.44771,38.10006,0
          23.44767,38.10017,0
          23.44767,38.10025,0
          23.44768,38.10032,0
          23.44771,38.10045,0
          23.44784,38.10087,0
          23.44784,38.10089,0
          23.44788,38.10106,0
          23.4479,38.10112,0
          23.44792,38.10121,0
          23.44792,38.10124,0
          23.44793,38.10126,0
          23.44794,38.10143,0
          23.44792,38.10153,0
          23.4479,38.1016,0
          23.4479,38.10161,0
          23.44783,38.10176,0
          23.44783,38.10177,0
          23.44771,38.10192,0
          23.44763,38.10204,0
          23.4475,38.10221,0
          23.44748,38.10223,0
          23.44736,38.10238,0
          23.44735,38.1024,0
          23.44727,38.10246,0
          23.44719,38.1025,0
          23.44716,38.10252,0
          23.44715,38.10252,0
          23.44686,38.1026,0
          23.44676,38.10261,0
          23.44656,38.10265,0
          23.44654,38.10266,0
          23.4464,38.1027,0
          23.44633,38.10274,0
          23.44604,38.10288,0
          23.44586,38.10295,0
          23.44573,38.10299,0
          23.44551,38.10303,0
          23.44549,38.10304,0
          23.44518,38.10307,0
          23.44505,38.10309,0
          23.44466,38.10312,0
          23.4446,38.10312,0
          23.44369,38.10319,0
          23.44361,38.10319,0
          23.44301,38.10328,0
          23.44288,38.10329,0
          23.44279,38.10331,0
          23.44271,38.10332,0
          23.44262,38.10336,0
          23.44257,38.10337,0
          23.44229,38.1035,0
          23.44195,38.10358,0
          23.44193,38.10359,0
          23.4415,38.10366,0
          23.44124,38.10372,0
          23.44114,38.10376,0
          23.44029,38.10415,0
          23.43996,38.10432,0
          23.43969,38.10442,0
          23.43893,38.1046,0
          23.43872,38.10469,0
          23.43826,38.10495,0
          23.43814,38.10503,0
          23.43789,38.10516,0
          23.43786,38.10518,0
          23.4375,38.10532,0
          23.43749,38.10532,0
          23.43697,38.10549,0
          23.43684,38.10551,0
          23.43667,38.10555,0
          23.43664,38.10555,0
          23.43662,38.10556,0
          23.43657,38.10556,0
          23.43624,38.10562,0
          23.43617,38.10562,0
          23.43529,38.10571,0
          23.43527,38.10572,0
          23.43509,38.10575,0
          23.43504,38.10575,0
          23.43402,38.10592,0
          23.43324,38.10599,0
          23.43301,38.10599,0
          23.43289,38.106,0
          23.43174,38.10602,0
          23.43164,38.10601,0
          23.4313,38.10601,0
          23.43118,38.106,0
          23.43088,38.106,0
          23.4305,38.10602,0
          23.42992,38.10609,0
          23.42976,38.1061,0
          23.42915,38.10618,0
          23.42893,38.1062,0
          23.42843,38.10627,0
          23.42821,38.10629,0
          23.42818,38.1063,0
          23.42813,38.1063,0
          23.4264,38.10651,0
          23.42617,38.10652,0
          23.42612,38.10653,0
          23.42584,38.10653,0
          23.42558,38.10648,0
          23.42551,38.10646,0
          23.42544,38.10643,0
          23.4253,38.10634,0
          23.42527,38.10631,0
          23.42502,38.10613,0
          23.42498,38.10609,0
          23.4248,38.10597,0
          23.42472,38.10593,0
          23.42462,38.1059,0
          23.4246,38.10589,0
          23.42438,38.10584,0
          23.42436,38.10583,0
          23.42366,38.1057,0
          23.4235,38.10566,0
          23.42348,38.10566,0
          23.42328,38.10559,0
          23.42327,38.10559,0
          23.42309,38.1055,0
          23.4224,38.1051,0
          23.4223,38.10505,0
          23.42218,38.105,0
          23.42211,38.10498,0
          23.42196,38.10496,0
          23.42187,38.10496,0
          23.42173,38.10498,0
          23.42171,38.10498,0
          23.4215,38.10506,0
          23.42147,38.10508,0
          23.42141,38.10511,0
          23.42136,38.10515,0
          23.42132,38.10517,0
          23.42128,38.1052,0
          23.42117,38.10531,0
          23.42105,38.10546,0
          23.42103,38.10548,0
          23.42093,38.10561,0
          23.42071,38.10587,0
          23.42062,38.10599,0
          23.42051,38.10612,0
          23.4204,38.10628,0
          23.42039,38.10629,0
          23.42036,38.10638,0
          23.42035,38.10643,0
          23.42035,38.10645,0
          23.42034,38.10649,0
          23.42034,38.10658,0
          23.42044,38.10704,0
          23.42044,38.10738,0
          23.4204,38.10752,0
          23.42039,38.10757,0
          23.42035,38.10769,0
          23.42034,38.1077,0
          23.42025,38.10796,0
          23.4202,38.10807,0
          23.4202,38.10808,0
          23.42018,38.10817,0
          23.42017,38.10825,0
          23.42017,38.10843,0
          23.42019,38.10856,0
          23.42019,38.10861,0
          23.42028,38.10914,0
          23.42028,38.10946,0
          23.42027,38.1095,0
          23.42022,38.10996,0
          23.42022,38.11007,0
          23.42033,38.11057,0
          23.42033,38.11061,0
          23.42035,38.11075,0
          23.42036,38.111,0
          23.42032,38.11137,0
          23.42029,38.11147,0
          23.42024,38.1116,0
          23.42015,38.1118,0
          23.42006,38.11196,0
          23.41996,38.11211,0
          23.41995,38.11212,0
          23.41982,38.11231,0
          23.41963,38.11254,0
          23.41946,38.11272,0
          23.41936,38.11285,0
          23.41933,38.11287,0
          23.41919,38.11301,0
          23.41915,38.11304,0
          23.41904,38.11315,0
          23.41902,38.11318,0
          23.41897,38.11329,0
          23.41897,38.11335,0
          23.41898,38.1134,0
          23.419,38.11346,0
          23.41901,38.11347,0
          23.41911,38.11362,0
          23.41911,38.11363,0
          23.41913,38.11366,0
          23.41915,38.11372,0
          23.41915,38.11376,0
          23.41916,38.1138,0
          23.41916,38.11381,0
          23.41913,38.11396,0
          23.4191,38.11401,0
          23.41907,38.11408,0
          23.41893,38.11421,0
          23.41876,38.11432,0
          23.41867,38.11437,0
          23.4185,38.11449,0
          23.41848,38.1145,0
          23.41839,38.11457,0
          23.41833,38.11461,0
          23.41829,38.11465,0
          23.41825,38.11471,0
          23.41823,38.11475,0
          23.41822,38.11479,0
          23.41823,38.11485,0
          23.41823,38.11491,0
          23.41826,38.11505,0
          23.41825,38.11513,0
          23.41825,38.11519,0
          23.41821,38.11527,0
          23.41818,38.11531,0
          23.41812,38.11536,0
          23.41809,38.11538,0
          23.41802,38.11544,0
          23.41799,38.11546,0
          23.41787,38.11556,0
          23.41776,38.11567,0
          23.41771,38.11578,0
          23.41767,38.11589,0
          23.41766,38.11597,0
          23.41768,38.11607,0
          23.41768,38.11608,0
          23.41775,38.11623,0
          23.41776,38.11623,0
          23.41782,38.11629,0
          23.4179,38.11634,0
          23.41792,38.11636,0
          23.4182,38.11657,0
          23.4184,38.11674,0
          23.41852,38.1169,0
          23.41856,38.117,0
          23.41867,38.11737,0
          23.41871,38.11755,0
          23.41872,38.11758,0
          23.41872,38.1176,0
          23.41874,38.11773,0
          23.41874,38.1178,0
          23.41872,38.11788,0
          23.41869,38.11796,0
          23.41863,38.11805,0
          23.41858,38.11811,0
          23.41855,38.11816,0
          23.41839,38.11831,0
          23.41819,38.11844,0
          23.41791,38.1186,0
          23.41764,38.11874,0
          23.41754,38.1188,0
          23.41731,38.11896,0
          23.4173,38.11896,0
          23.41721,38.11905,0
          23.4172,38.11907,0
          23.4171,38.11916,0
          23.41708,38.1192,0
          23.41694,38.11941,0
          23.41693,38.11942,0
          23.41679,38.11967,0
          23.41678,38.11968,0
          23.41649,38.12021,0
          23.41641,38.12038,0
          23.41585,38.12138,0
          23.41577,38.12155,0
          23.4157,38.1218,0
          23.41566,38.12204,0
          23.41566,38.12224,0
          23.41569,38.12238,0
          23.41574,38.12247,0
          23.41584,38.12258,0
          23.41611,38.12284,0
          23.41638,38.12305,0
          23.4165,38.12311,0
          23.41661,38.12314,0
          23.41669,38.12315,0
          23.41678,38.12314,0
          23.41683,38.12314,0
          23.41691,38.12313,0
          23.41706,38.12313,0
          23.41722,38.12317,0
          23.41727,38.1232,0
          23.41728,38.1232,0
          23.41735,38.12326,0
          23.41741,38.12334,0
          23.41742,38.12335,0
          23.41759,38.12362,0
          23.41775,38.12396,0
          23.41777,38.12399,0
          23.41781,38.12409,0
          23.41783,38.12418,0
          23.41785,38.12431,0
          23.41784,38.12436,0
          23.41784,38.12439,0
          23.41781,38.12446,0
          23.41776,38.12453,0
          23.41773,38.12456,0
          23.41768,38.1246,0
          23.4176,38.12465,0
          23.41753,38.12468,0
          23.41748,38.12471,0
          23.41696,38.12485,0
          23.41689,38.12488,0
          23.41654,38.125,0
          23.41648,38.12503,0
          23.4164,38.12506,0
          23.41635,38.12509,0
          23.41628,38.12512,0
          23.41623,38.12515,0
          23.41608,38.12526,0
          23.41596,38.12536,0
          23.41595,38.12536,0
          23.41581,38.12551,0
          23.41556,38.12581,0
          23.41536,38.12595,0
          23.41525,38.12601,0
          23.4152,38.12603,0
          23.41512,38.12608,0
          23.41501,38.12613,0
          23.41464,38.12627,0
          23.4146,38.12629,0
          23.41439,38.12636,0
          23.41399,38.12652,0
          23.41398,38.12653,0
          23.41359,38.12669,0
          23.41358,38.12669,0
          23.41328,38.1268,0
          23.41307,38.12685,0
          23.41294,38.12689,0
          23.41252,38.12698,0
          23.4125,38.12699,0
          23.41205,38.12705,0
          23.41201,38.12705,0
          23.41182,38.12707,0
          23.41172,38.12709,0
          23.41105,38.12715,0
          23.41093,38.12717,0
          23.41092,38.12717,0
          23.41084,38.12719,0
          23.41077,38.12723,0
          23.41071,38.12729,0
          23.41067,38.12738,0
          23.41066,38.12746,0
          23.41065,38.12747,0
          23.41066,38.12759,0
          23.41066,38.12764,0
          23.41071,38.12781,0
          23.41076,38.12789,0
          23.41083,38.12797,0
          23.41088,38.12801,0
          23.41105,38.12811,0
          23.41106,38.12811,0
          23.41126,38.1282,0
          23.41229,38.12859,0
          23.4125,38.12866,0
          23.41291,38.12882,0
          23.41292,38.12882,0
          23.41322,38.12901,0
          23.41334,38.1291,0
          23.41339,38.12913,0
          23.41342,38.12916,0
          23.41375,38.1294,0
          23.41391,38.12949,0
          23.41394,38.1295,0
          23.414,38.12953,0
          23.4145,38.1297,0
          23.41456,38.12973,0
          23.41465,38.12976,0
          23.41494,38.12993,0
          23.41519,38.13011,0
          23.41536,38.13026,0
          23.41539,38.13032,0
          23.41539,38.13033,0
          23.41541,38.13038,0
          23.41541,38.13051,0
          23.41538,38.13062,0
          23.41536,38.13067,0
          23.41536,38.13068,0
          23.41525,38.13096,0
          23.41523,38.13103,0
          23.4152,38.13111,0
          23.41519,38.13119,0
          23.41519,38.13126,0
          23.41521,38.13138,0
          23.41527,38.13154,0
          23.41533,38.13163,0
          23.41534,38.13165,0
          23.41539,38.13172,0
          23.41547,38.1318,0
          23.41549,38.13183,0
          23.41561,38.13195,0
          23.41564,38.13197,0
          23.4158,38.13212,0
          23.41604,38.13231,0
          23.41618,38.13241,0
          23.41626,38.13245,0
          23.41642,38.13256,0
          23.41676,38.13277,0
          23.41677,38.13278,0
          23.41694,38.1329,0
          23.41694,38.13291,0
          23.41728,38.13315,0
          23.41746,38.13326,0
          23.41754,38.13332,0
          23.41773,38.13342,0
          23.41782,38.13346,0
          23.41784,38.13346,0
          23.41808,38.13354,0
          23.41823,38.13358,0
          23.41836,38.1336,0
          23.41891,38.13363,0
          23.41929,38.13368,0
          23.41963,38.13376,0
          23.41965,38.13376,0
          23.42001,38.13388,0
          23.4201,38.13393,0
          23.42023,38.13402,0
          23.4204,38.13418,0
          23.42061,38.13443,0
          23.42064,38.13446,0
          23.42073,38.13457,0
          23.42077,38.13461,0
          23.42097,38.13487,0
          23.421,38.13492,0
          23.42103,38.13501,0
          23.42104,38.13507,0
          23.42103,38.1351,0
          23.42103,38.13513,0
          23.42099,38.13524,0
          23.42069,38.13575,0
          23.4206,38.13592,0
          23.42057,38.136,0
          23.42057,38.13609,0
          23.4206,38.13618,0
          23.4206,38.1362,0
          23.4207,38.13631,0
          23.42074,38.13634,0
          23.42075,38.13636,0
          23.42084,38.13641,0
          23.42137,38.13682,0
          23.4215,38.13691,0
          23.42152,38.13693,0
          23.42195,38.1371,0
          23.42201,38.13714,0
          23.42202,38.13716,0
          23.42205,38.13718,0
          23.42209,38.13724,0
          23.42211,38.13731,0
          23.42211,38.13736,0
          23.42212,38.13745,0
          23.4221,38.13764,0
          23.42207,38.13782,0
          23.42204,38.13815,0
          23.42205,38.13818,0
          23.42205,38.13822,0
          23.42206,38.13828,0
          23.4221,38.13835,0
          23.42211,38.13839,0
          23.42218,38.13849,0
          23.42234,38.13865,0
          23.42245,38.13871,0
          23.42252,38.13874,0
          23.42264,38.13877,0
          23.42266,38.13877,0
          23.42274,38.13878,0
          23.42286,38.13876,0
          23.42289,38.13876,0
          23.42308,38.13872,0
          23.42311,38.13872,0
          23.42333,38.13869,0
          23.42372,38.13866,0
          23.4238,38.13867,0
          23.42402,38.13868,0
          23.42453,38.13876,0
          23.42467,38.13881,0
          23.42475,38.13885,0
          23.42481,38.13889,0
          23.42489,38.13897,0
          23.42491,38.139,0
          23.42498,38.13913,0
          23.42501,38.13921,0
          23.42503,38.13925,0
          23.42504,38.13931,0
          23.42504,38.13943,0
          23.42502,38.13954,0
          23.42497,38.13966,0
          23.42485,38.13981,0
          23.42471,38.13993,0
          23.42469,38.13994,0
          23.42454,38.14005,0
          23.42438,38.14014,0
          23.42384,38.14036,0
          23.42372,38.1404,0
          23.42331,38.14056,0
          23.42275,38.1408,0
          23.42272,38.14082,0
          23.42253,38.14092,0
          23.42248,38.14094,0
          23.42221,38.1411,0
          23.4221,38.14118,0
          23.42185,38.14132,0
          23.42164,38.14139,0
          23.42154,38.14141,0
          23.42118,38.14138,0
          23.42106,38.14136,0
          23.42082,38.14128,0
          23.42064,38.14121,0
          23.4206,38.1412,0
          23.42045,38.14114,0
          23.42044,38.14113,0
          23.42025,38.14103,0
          23.42005,38.14094,0
          23.41985,38.14087,0
          23.41984,38.14087,0
          23.41962,38.14083,0
          23.41942,38.14083,0
          23.41939,38.14084,0
          23.41931,38.14085,0
          23.41918,38.14091,0
          23.41913,38.14094,0
          23.4191,38.14095,0
          23.41902,38.14101,0
          23.41895,38.14105,0
          23.4189,38.14109,0
          23.41882,38.14117,0
          23.41881,38.14119,0
          23.41877,38.14125,0
          23.41873,38.14141,0
          23.41873,38.1415,0
          23.41874,38.14157,0
          23.41874,38.1416,0
          23.41881,38.14174,0
          23.41888,38.14186,0
          23.41895,38.14192,0
          23.41912,38.14204,0
          23.41923,38.1421,0
          23.41932,38.14213,0
          23.41939,38.14216,0
          23.41963,38.14223,0
          23.41975,38.14225,0
          23.41997,38.1423,0
          23.42042,38.14244,0
          23.42055,38.14251,0
          23.42124,38.14299,0
          23.42182,38.14346,0
          23.42187,38.14351,0
          23.42193,38.14356,0
          23.42201,38.14365,0
          23.42201,38.14366,0
          23.42207,38.14373,0
          23.42212,38.14381,0
          23.42214,38.14383,0
          23.42215,38.14387,0
          23.42221,38.14397,0
          23.42227,38.14411,0
          23.4223,38.14421,0
          23.42233,38.14428,0
          23.42238,38.14446,0
          23.42241,38.14454,0
          23.42247,38.14481,0
          23.42252,38.14498,0
          23.42261,38.14539,0
          23.42268,38.14566,0
          23.42268,38.14569,0
          23.4228,38.14619,0
          23.42283,38.14637,0
          23.42283,38.14638,0
          23.42287,38.14655,0
          23.4229,38.14673,0
          23.42298,38.14702,0
          23.42304,38.14719,0
          23.42309,38.14729,0
          23.42321,38.14743,0
          23.42333,38.14755,0
          23.42344,38.14762,0
          23.42349,38.14767,0
          23.42362,38.14773,0
          23.42365,38.14775,0
          23.42382,38.14781,0
          23.42386,38.14783,0
          23.42401,38.14788,0
          23.42403,38.14788,0
          23.42425,38.14794,0
          23.42431,38.14795,0
          23.4249,38.14811,0
          23.42562,38.14827,0
          23.42572,38.1483,0
          23.42595,38.14834,0
          23.42596,38.14834,0
          23.42616,38.14839,0
          23.42617,38.1484,0
          23.42637,38.14847,0
          23.42661,38.14858,0
          23.42662,38.14859,0
          23.42676,38.14866,0
          23.42681,38.1487,0
          23.4269,38.14876,0
          23.42697,38.14882,0
          23.42702,38.14887,0
          23.4271,38.14897,0
          23.4272,38.14912,0
          23.4272,38.14913,0
          23.42728,38.14936,0
          23.42733,38.14962,0
          23.42733,38.14966,0
          23.42736,38.14984,0
          23.42737,38.14996,0
          23.42737,38.15002,0
          23.42738,38.15014,0
          23.42742,38.15041,0
          23.42744,38.1505,0
          23.42747,38.15073,0
          23.42748,38.15091,0
          23.42754,38.15144,0
          23.42755,38.15148,0
          23.42756,38.1516,0
          23.42759,38.15171,0
          23.42759,38.15174,0
          23.42765,38.15188,0
          23.42775,38.15204,0
          23.42777,38.15208,0
          23.42787,38.15223,0
          23.42839,38.15272,0
          23.42848,38.15279,0
          23.42863,38.15293,0
          23.4292,38.15335,0
          23.42938,38.15347,0
          23.42946,38.15351,0
          23.42964,38.15362,0
          23.43008,38.15392,0
          23.43032,38.1541,0
          23.43052,38.15427,0
          23.43062,38.15437,0
          23.43062,38.15438,0
          23.43113,38.15493,0
          23.43115,38.15496,0
          23.43131,38.15515,0
          23.43138,38.15527,0
          23.43139,38.1553,0
          23.43144,38.1554,0
          23.43148,38.15555,0
          23.43147,38.15583,0
          23.43142,38.15601,0
          23.43136,38.15617,0
          23.43132,38.15623,0
          23.43128,38.15627,0
          23.43126,38.1563,0
          23.43118,38.15637,0
          23.43109,38.15646,0
          23.43019,38.15722,0
          23.42955,38.15768,0
          23.42941,38.15783,0
          23.42938,38.15788,0
          23.4293,38.15798,0
          23.42922,38.15812,0
          23.42916,38.15828,0
          23.42912,38.15844,0
          23.4291,38.1586,0
          23.42911,38.15868,0
          23.42911,38.15875,0
          23.42914,38.15892,0
          23.4293,38.15938,0
          23.4293,38.1594,0
          23.42949,38.15978,0
          23.42956,38.16,0
          23.42962,38.16025,0
          23.42963,38.16026,0
          23.42966,38.16043,0
          23.42967,38.16057,0
          23.42966,38.16062,0
          23.4296,38.16079,0
          23.42943,38.16102,0
          23.42914,38.16127,0
          23.42897,38.16138,0
          23.42878,38.16149,0
          23.42856,38.16159,0
          23.42853,38.16161,0
          23.42837,38.16169,0
          23.4275,38.16218,0
          23.42744,38.16222,0
          23.42692,38.1625,0
          23.42645,38.16266,0
          23.42643,38.16267,0
          23.42623,38.16272,0
          23.42578,38.16278,0
          23.42556,38.16282,0
          23.42554,38.16283,0
          23.42531,38.16287,0
          23.42529,38.16287,0
          23.42503,38.16295,0
          23.42459,38.16317,0
          23.4243,38.16328,0
          23.42428,38.16328,0
          23.42406,38.16335,0
          23.42343,38.16351,0
          23.42341,38.16351,0
          23.42319,38.16357,0
          23.42305,38.1636,0
          23.42298,38.16363,0
          23.42295,38.16363,0
          23.42274,38.1637,0
          23.4227,38.16372,0
          23.42251,38.16379,0
          23.4225,38.16379,0
          23.42215,38.16396,0
          23.42211,38.16399,0
          23.42192,38.16409,0
          23.42174,38.1642,0
          23.42167,38.16423,0
          23.42148,38.16434,0
          23.42075,38.16472,0
          23.42072,38.16474,0
          23.42048,38.16485,0
          23.42036,38.16489,0
          23.42032,38.16491,0
          23.42021,38.16494,0
          23.4201,38.16496,0
          23.42008,38.16497,0
          23.41997,38.165,0
          23.41942,38.16512,0
          23.41941,38.16512,0
          23.41778,38.16546,0
          23.41768,38.16547,0
          23.41702,38.16561,0
          23.41604,38.16579,0
          23.41593,38.16582,0
          23.4142,38.16616,0
          23.41392,38.1662,0
          23.41391,38.16621,0
          23.41383,38.16621,0
          23.41344,38.16625,0
          23.41315,38.16625,0
          23.41257,38.16622,0
          23.41224,38.16616,0
          23.41202,38.16613,0
          23.41164,38.16605,0
          23.41121,38.16593,0
          23.41081,38.16576,0
          23.41022,38.16548,0
          23.40995,38.16534,0
          23.40983,38.16529,0
          23.40944,38.1651,0
          23.40884,38.16483,0
          23.40873,38.16479,0
          23.40849,38.16468,0
          23.40828,38.1646,0
          23.40824,38.16459,0
          23.40808,38.16452,0
          23.40746,38.16429,0
          23.40745,38.16428,0
          23.40725,38.16422,0
          23.40723,38.16422,0
          23.40703,38.16417,0
          23.40701,38.16417,0
          23.4068,38.16413,0
          23.40635,38.16407,0
          23.4059,38.16404,0
          23.40549,38.16404,0
          23.40532,38.16403,0
          23.40464,38.16403,0
          23.40441,38.16404,0
          23.40401,38.16404,0
          23.40395,38.16405,0
          23.40358,38.16407,0
          23.4031,38.16412,0
          23.40237,38.16425,0
          23.40193,38.16435,0
          23.40185,38.16436,0
          23.40153,38.16445,0
          23.40112,38.16459,0
          23.40108,38.16461,0
          23.40087,38.16468,0
          23.40044,38.16485,0
          23.40032,38.16489,0
          23.39991,38.16505,0
          23.39969,38.16515,0
          23.39951,38.16522,0
          23.39949,38.16524,0
          23.39874,38.16564,0
          23.39866,38.16569,0
          23.39825,38.16589,0
          23.39722,38.16644,0
          23.39704,38.16655,0
          23.39685,38.16665,0
          23.3968,38.16667,0
          23.39644,38.16688,0
          23.39606,38.16706,0
          23.39495,38.16764,0
          23.39476,38.16775,0
          23.39155,38.16945,0
          23.39147,38.1695,0
          23.39128,38.1696,0
          23.39111,38.16972,0
          23.39108,38.16975,0
          23.39096,38.16985,0
          23.39095,38.16987,0
          23.39082,38.17,0
          23.39059,38.17031,0
          23.39034,38.17061,0
          23.39004,38.17088,0
          23.39002,38.17089,0
          23.38968,38.17114,0
          23.38908,38.17152,0
          23.38869,38.17173,0
          23.38793,38.17203,0
          23.38776,38.17211,0
          23.38773,38.17212,0
          23.38713,38.17239,0
          23.38666,38.17262,0
          23.38629,38.17283,0
          23.38628,38.17283,0
          23.38591,38.17304,0
          23.38552,38.17333,0
          23.38518,38.17362,0
          23.38518,38.17363,0
          23.38494,38.1738,0
          23.38478,38.17393,0
          23.38476,38.17394,0
          23.38461,38.17407,0
          23.38453,38.17415,0
          23.38445,38.1742,0
          23.38431,38.17431,0
          23.38411,38.17445,0
          23.38404,38.17454,0
          23.38309,38.17521,0
          23.38284,38.17537,0
          23.38267,38.17549,0
          23.38261,38.17554,0
          23.38209,38.17586,0
          23.3819,38.17596,0
          23.38188,38.17598,0
          23.38154,38.17618,0
          23.38153,38.17619,0
          23.38133,38.17625,0
          23.38096,38.17646,0
          23.38095,38.17646,0
          23.38027,38.17684,0
          23.38018,38.1769,0
          23.38016,38.17691,0
          23.37974,38.1772,0
          23.37962,38.17725,0
          23.37957,38.17728,0
          23.37936,38.17736,0
          23.37891,38.17748,0
          23.37868,38.17751,0
          23.37843,38.17753,0
          23.37814,38.17753,0
          23.37809,38.17752,0
          23.37759,38.17749,0
          23.37732,38.17744,0
          23.37709,38.17741,0
          23.37665,38.17732,0
          23.37658,38.1773,0
          23.37642,38.17728,0
          23.3762,38.17729,0
          23.37609,38.17732,0
          23.37599,38.17737,0
          23.37596,38.17738,0
          23.37583,38.17745,0
          23.37558,38.17763,0
          23.37544,38.1777,0
          23.37522,38.17779,0
          23.37502,38.17785,0
          23.37459,38.17796,0
          23.37458,38.17796,0
          23.37439,38.17802,0
          23.37438,38.17802,0
          23.37421,38.1781,0
          23.37406,38.1782,0
          23.37401,38.17824,0
          23.37386,38.1784,0
          23.37377,38.17854,0
          23.37354,38.17908,0
          23.37352,38.17911,0
          23.37318,38.17974,0
          23.3731,38.17991,0
          23.37292,38.18024,0
          23.37291,38.18025,0
          23.37277,38.18049,0
          23.37237,38.18124,0
          23.37229,38.18135,0
          23.37219,38.18143,0
          23.37206,38.1815,0
          23.37193,38.18155,0
          23.37182,38.18158,0
          23.37163,38.18162,0
          23.37145,38.18164,0
          23.37134,38.18164,0
          23.37118,38.18163,0
          23.37065,38.18162,0
          23.37037,38.18169,0
          23.37036,38.18169,0
          23.37006,38.18177,0
          23.37003,38.18179,0
          23.36999,38.1818,0
          23.3698,38.1819,0
          23.36979,38.18191,0
          23.3697,38.18197,0
          23.36956,38.18205,0
          23.36899,38.18249,0
          23.36866,38.18278,0
          23.36842,38.18293,0
          23.36785,38.18323,0
          23.36785,38.18324,0
          23.3671,38.18364,0
          23.36683,38.1838,0
          23.36607,38.18435,0
          23.36578,38.18459,0
          23.36575,38.18461,0
          23.36559,38.18474,0
          23.36542,38.18486,0
          23.36515,38.18503,0
          23.36506,38.18508,0
          23.36438,38.18556,0
          23.36421,38.18569,0
          23.3634,38.18624,0
          23.36334,38.18627,0
          23.36305,38.18644,0
          23.36298,38.18649,0
          23.36217,38.187,0
          23.36209,38.18706,0
          23.36191,38.18717,0
          23.36174,38.18729,0
          23.36137,38.18759,0
          23.36126,38.18769,0
          23.36098,38.18791,0
          23.36079,38.18804,0
          23.36061,38.18813,0
          23.36033,38.18825,0
          23.36002,38.18841,0
          23.35994,38.18847,0
          23.3599,38.18849,0
          23.35979,38.18857,0
          23.35977,38.18859,0
          23.3596,38.18869,0
          23.35959,38.1887,0
          23.35944,38.18876,0
          23.35939,38.18879,0
          23.35919,38.18887,0
          23.35876,38.189,0
          23.3581,38.18915,0
          23.35784,38.18922,0
          23.35756,38.18928,0
          23.35734,38.1893,0
          23.3571,38.1893,0
          23.35698,38.18932,0
          23.35686,38.18933,0
          23.35656,38.18938,0
          23.35653,38.18939,0
          23.35547,38.18964,0
          23.35519,38.18972,0
          23.35482,38.18987,0
          23.35454,38.19,0
          23.3538,38.19028,0
          23.35379,38.19028,0
          23.35363,38.19036,0
          23.35361,38.19038,0
          23.35344,38.19048,0
          23.35343,38.19049,0
          23.35309,38.19073,0
          23.35276,38.19098,0
          23.3525,38.19116,0
          23.35231,38.19127,0
          23.35222,38.19131,0
          23.35205,38.19137,0
          23.35201,38.19139,0
          23.3516,38.19155,0
          23.35139,38.19162,0
          23.35078,38.19186,0
          23.35069,38.19189,0
          23.35058,38.19195,0
          23.35045,38.19201,0
          23.35039,38.19205,0
          23.3502,38.19215,0
          23.34965,38.19247,0
          23.34961,38.1925,0
          23.34932,38.19264,0
          23.34926,38.19266,0
          23.34904,38.19276,0
          23.34871,38.19289,0
          23.34866,38.19292,0
          23.34846,38.193,0
          23.34831,38.19307,0
          23.34808,38.1932,0
          23.34794,38.19329,0
          23.3479,38.19331,0
          23.34721,38.19379,0
          23.34715,38.19385,0
          23.34645,38.19436,0
          23.34644,38.19437,0
          23.34588,38.19478,0
          23.34585,38.19481,0
          23.34531,38.19523,0
          23.34437,38.19589,0
          23.34418,38.19608,0
          23.34406,38.19629,0
          23.34399,38.19653,0
          23.34396,38.19684,0
          23.34396,38.19704,0
          23.34397,38.19707,0
          23.344,38.1972,0
          23.34402,38.19724,0
          23.34408,38.1974,0
          23.34409,38.19741,0
          23.34506,38.19924,0
          23.34536,38.19985,0
          23.3454,38.19991,0
          23.34558,38.20024,0
          23.34566,38.20041,0
          23.34572,38.20052,0
          23.34574,38.20058,0
          23.34582,38.20075,0
          23.34591,38.20099,0
          23.34595,38.20113,0
          23.34596,38.20124,0
          23.34595,38.20127,0
          23.34593,38.20136,0
          23.34583,38.20152,0
          23.3456,38.20173,0
          23.34544,38.20185,0
          23.3452,38.20205,0
          23.34513,38.20212,0
          23.34507,38.20217,0
          23.3448,38.20233,0
          23.34477,38.20234,0
          23.34462,38.20243,0
          23.34458,38.20244,0
          23.34445,38.2025,0
          23.34403,38.20276,0
          23.34374,38.20296,0
          23.34347,38.20311,0
          23.34327,38.20315,0
          23.34316,38.20315,0
          23.34305,38.20314,0
          23.3429,38.2031,0
          23.34276,38.20304,0
          23.34264,38.20298,0
          23.34247,38.20286,0
          23.34227,38.20277,0
          23.34224,38.20275,0
          23.34206,38.20271,0
          23.34196,38.20271,0
          23.34117,38.20282,0
          23.34115,38.20282,0
          23.34061,38.20289,0
          23.34048,38.20292,0
          23.34025,38.20296,0
          23.33962,38.2031,0
          23.33959,38.2031,0
          23.33849,38.20335,0
          23.33844,38.20337,0
          23.3383,38.20341,0
          23.33828,38.20341,0
          23.33818,38.20344,0
          23.33807,38.20346,0
          23.33806,38.20347,0
          23.33801,38.20349,0
          23.33798,38.20351,0
          23.33794,38.20355,0
          23.33791,38.20359,0
          23.33791,38.2036,0
          23.3379,38.20361,0
          23.33789,38.20364,0
          23.33789,38.20365,0
          23.33791,38.20369,0
          23.33795,38.20375,0
          23.33797,38.20376,0
          23.33799,38.20378,0
          23.33812,38.20385,0
          23.33815,38.20386,0
          23.33821,38.20389,0
          23.33856,38.20403,0
          23.33875,38.20412,0
          23.33876,38.20412,0
          23.33894,38.20423,0
          23.33913,38.20433,0
          23.33914,38.20433,0
          23.33928,38.20444,0
          23.3394,38.20458,0
          23.33941,38.20461,0
          23.33945,38.20468,0
          23.33947,38.20478,0
          23.33945,38.20498,0
          23.33941,38.2051,0
          23.33939,38.20513,0
          23.33935,38.20522,0
          23.3393,38.2053,0
          23.33929,38.20531,0
          23.33921,38.20542,0
          23.33912,38.20552,0
          23.33889,38.20573,0
          23.33865,38.20593,0
          23.3386,38.206,0
          23.33858,38.20602,0
          23.33839,38.20632,0
          23.33837,38.20636,0
          23.33822,38.20658,0
          23.33809,38.20672,0
          23.33794,38.20686,0
          23.33784,38.20697,0
          23.33783,38.20701,0
          23.33782,38.20702,0
          23.33782,38.20708,0
          23.33784,38.20714,0
          23.33785,38.20716,0
          23.3379,38.20721,0
          23.33793,38.20723,0
          23.33794,38.20723,0
          23.33801,38.20725,0
          23.33812,38.20725,0
          23.33816,38.20724,0
          23.33838,38.20721,0
          23.33853,38.2072,0
          23.33875,38.20716,0
          23.3392,38.2071,0
          23.33943,38.20709,0
          23.33964,38.20713,0
          23.33965,38.20713,0
          23.33981,38.20718,0
          23.33985,38.2072,0
          23.3399,38.20724,0
          23.33999,38.20736,0
          23.34002,38.20741,0
          23.34006,38.20752,0
          23.34009,38.20758,0
          23.34011,38.2077,0
          23.34014,38.20783,0
          23.34014,38.20788,0
          23.34015,38.20798,0
          23.34014,38.20806,0
          23.34014,38.20809,0
          23.34003,38.20841,0
          23.34002,38.20845,0
          23.33996,38.20858,0
          23.33994,38.20864,0
          23.33989,38.20874,0
          23.33989,38.20875,0
          23.33982,38.20886,0
          23.33978,38.20891,0
          23.33974,38.20895,0
          23.33945,38.20914,0
          23.33944,38.20914,0
          23.33926,38.20926,0
          23.33917,38.20935,0
          23.33911,38.20943,0
          23.33895,38.20973,0
          23.33893,38.20978,0
          23.33885,38.20989,0
          23.33859,38.21017,0
          23.33857,38.21018,0
          23.33843,38.21031,0
          23.33843,38.21032,0
          23.33823,38.21048,0
          23.33813,38.21054,0
          23.3379,38.21066,0
          23.33785,38.21068,0
          23.33772,38.21077,0
          23.33756,38.2109,0
          23.33732,38.21112,0
          23.33715,38.21124,0
          23.33686,38.21142,0
          23.33678,38.21145,0
          23.3367,38.2115,0
          23.33659,38.21155,0
          23.3364,38.21161,0
          23.33638,38.21161,0
          23.33626,38.21163,0
          23.33615,38.21163,0
          23.33601,38.21164,0
          23.33592,38.21163,0
          23.33582,38.21163,0
          23.33575,38.21164,0
          23.33571,38.21165,0
          23.3357,38.21166,0
          23.33562,38.21172,0
          23.33558,38.21176,0
          23.33555,38.2118,0
          23.33552,38.21185,0
          23.33536,38.21205,0
          23.33529,38.21209,0
          23.33528,38.2121,0
          23.33519,38.21214,0
          23.33509,38.21217,0
          23.33486,38.21221,0
          23.33464,38.21222,0
          23.33448,38.21221,0
          23.33441,38.21219,0
          23.33431,38.21218,0
          23.33419,38.21215,0
          23.33378,38.21199,0
          23.33338,38.21181,0
          23.33262,38.21141,0
          23.33221,38.21125,0
          23.33158,38.21104,0
          23.33157,38.21104,0
          23.33136,38.21097,0
          23.33125,38.21094,0
          23.33092,38.21088,0
          23.33079,38.21087,0
          23.33024,38.21087,0
          23.33008,38.21086,0
          23.32978,38.21082,0
          23.32936,38.21069,0
          23.32935,38.21068,0
          23.32929,38.21066,0
          23.32927,38.21065,0
          23.32885,38.21051,0
          23.32862,38.21042,0
          23.32846,38.21037,0
          23.32844,38.21036,0
          23.32702,38.20983,0
          23.32665,38.20974,0
          23.3261,38.20964,0
          23.32573,38.20959,0
          23.32565,38.20957,0
          23.3255,38.20955,0
          23.32517,38.20948,0
          23.32482,38.20938,0
          23.3248,38.20937,0
          23.32446,38.20926,0
          23.32438,38.20924,0
          23.32417,38.20916,0
          23.32344,38.20892,0
          23.32295,38.20883,0
          23.32293,38.20883,0
          23.32289,38.20882,0
          23.32202,38.20871,0
          23.32186,38.20868,0
          23.32134,38.20866,0
          23.32126,38.20865,0
          23.32111,38.20865,0
          23.32096,38.20866,0
          23.32073,38.20865,0
          23.32031,38.20867,0
          23.32027,38.20868,0
          23.31982,38.20874,0
          23.31976,38.20874,0
          23.31954,38.20878,0
          23.31931,38.20881,0
          23.31882,38.20891,0
          23.31865,38.20896,0
          23.31843,38.20901,0
          23.31842,38.20902,0
          23.31822,38.20908,0
          23.3182,38.20908,0
          23.3176,38.20931,0
          23.3174,38.2094,0
          23.31739,38.2094,0
          23.3172,38.20949,0
          23.31702,38.20959,0
          23.31696,38.20963,0
          23.31683,38.2097,0
          23.31665,38.20981,0
          23.3162,38.21012,0
          23.31588,38.21037,0
          23.31567,38.21055,0
          23.31541,38.21081,0
          23.31506,38.21123,0
          23.31502,38.21127,0
          23.31484,38.21155,0
          23.31473,38.2117,0
          23.31466,38.21181,0
          23.31448,38.21213,0
          23.31435,38.2124,0
          23.31424,38.2127,0
          23.31409,38.21323,0
          23.31403,38.2134,0
          23.31399,38.21358,0
          23.31394,38.21375,0
          23.31386,38.21411,0
          23.31381,38.21428,0
          23.31373,38.21464,0
          23.31368,38.21481,0
          23.31356,38.21535,0
          23.31353,38.21552,0
          23.31352,38.21554,0
          23.31349,38.21571,0
          23.31349,38.21572,0
          23.31345,38.2159,0
          23.31344,38.21592,0
          23.31341,38.21609,0
          23.3134,38.2161,0
          23.31336,38.21633,0
          23.31334,38.21651,0
          23.31333,38.21656,0
          23.31333,38.21669,0
          23.31332,38.21677,0
          23.31333,38.21687,0
          23.31333,38.21691,0
          23.31337,38.21723,0
          23.31348,38.21758,0
          23.31348,38.21759,0
          23.31354,38.21775,0
          23.31383,38.2184,0
          23.31384,38.21843,0
          23.31415,38.21911,0
          23.31424,38.21927,0
          23.31432,38.21944,0
          23.31433,38.21948,0
          23.31493,38.22101,0
          23.31483,38.22104,0
          23.31462,38.22112,0
          23.3142,38.22123,0
          23.31197,38.22167,0
          23.31183,38.22169,0
          23.31153,38.22176,0
          23.31132,38.22182,0
          23.3111,38.22187,0
          23.31108,38.22187,0
          23.31043,38.22206,0
          23.30954,38.22225,0
          23.30949,38.22227,0
          23.3083,38.2226,0
          23.30787,38.2227,0
          23.30758,38.22274,0
          23.30742,38.22277,0
          23.30736,38.22277,0
          23.30668,38.22285,0
          23.30648,38.22289,0
          23.30634,38.22291,0
          23.3059,38.22302,0
          23.30588,38.22302,0
          23.30567,38.22305,0
          23.30563,38.22306,0
          23.30544,38.22307,0
          23.30528,38.22307,0
          23.30522,38.22306,0
          23.30508,38.22305,0
          23.30455,38.22293,0
          23.30453,38.22293,0
          23.30327,38.22263,0
          23.30323,38.22263,0
          23.30301,38.2226,0
          23.30278,38.22258,0
          23.30273,38.22257,0
          23.3021,38.22254,0
          23.30164,38.2225,0
          23.30142,38.22246,0
          23.30131,38.22245,0
          23.3009,38.22235,0
          23.30055,38.22223,0
          23.30035,38.22215,0
          23.30014,38.22208,0
          23.29958,38.22186,0
          23.29937,38.22179,0
          23.2993,38.22176,0
          23.29924,38.22174,0
          23.29917,38.22171,0
          23.29916,38.22171,0
          23.29896,38.22163,0
          23.29785,38.22125,0
          23.29747,38.22116,0
          23.29743,38.22114,0
          23.29734,38.22112,0
          23.29703,38.22108,0
          23.29638,38.22105,0
          23.29634,38.22104,0
          23.29611,38.22104,0
          23.29607,38.22103,0
          23.29561,38.22101,0
          23.29539,38.22099,0
          23.29533,38.22099,0
          23.29516,38.22096,0
          23.29497,38.22094,0
          23.2936,38.22067,0
          23.29305,38.22051,0
          23.29304,38.22051,0
          23.29297,38.22048,0
          23.29117,38.21984,0
          23.29076,38.21968,0
          23.29055,38.21961,0
          23.29035,38.21953,0
          23.29031,38.21951,0
          23.28965,38.21925,0
          23.2893,38.21909,0
          23.28911,38.21899,0
          23.28891,38.2189,0
          23.28853,38.2187,0
          23.28834,38.21859,0
          23.2853,38.21699,0
          23.28524,38.21697,0
          23.2852,38.21694,0
          23.28511,38.2169,0
          23.28473,38.2167,0
          23.28436,38.21657,0
          23.28392,38.2165,0
          23.28385,38.21648,0
          23.28325,38.21648,0
          23.28256,38.21651,0
          23.28182,38.21652,0
          23.28165,38.21651,0
          23.28137,38.21646,0
          23.28122,38.21639,0
          23.28113,38.21636,0
          23.28102,38.2163,0
          23.28096,38.21628,0
          23.2808,38.21624,0
          23.28039,38.21618,0
          23.27967,38.2162,0
          23.27944,38.21622,0
          23.27922,38.21625,0
          23.27899,38.21627,0
          23.27864,38.21622,0
          23.27834,38.2161,0
          23.27815,38.21601,0
          23.27664,38.21519,0
          23.27644,38.2151,0
          23.27529,38.21452,0
          23.2743,38.21406,0
          23.27411,38.21396,0
          23.27392,38.21388,0
          23.27391,38.21387,0
          23.27357,38.21375,0
          23.27357,38.21376,0
          23.27353,38.2138,0
          23.2735,38.21382,0
          23.27347,38.21383,0
          23.27339,38.21383,0
          23.27337,38.21382,0
          23.27255,38.21414,0
          23.27254,38.21415,0
          23.27176,38.21449,0
          23.27173,38.21449,0
          23.27141,38.21458,0
          23.27124,38.21461,0
          23.27107,38.21462,0
          23.27103,38.21463,0
          23.27074,38.21463,0
          23.27024,38.2146,0
          23.27018,38.21459,0
          23.26973,38.21457,0
          23.26948,38.21457,0
          23.26898,38.21462,0
          23.26853,38.21473,0
          23.26831,38.21477,0
          23.26637,38.21532,0
          23.26636,38.21533,0
          23.26542,38.21554,0
          23.26447,38.21582,0
          23.26446,38.21582,0
          23.26386,38.21613,0
          23.26349,38.21683,0
          23.26348,38.21684,0
          23.26342,38.21701,0
          23.26324,38.21745,0
          23.26322,38.21753,0
          23.26193,38.22116,0
          23.26192,38.22116,0
          23.26092,38.22216,0
          23.2586,38.22406,0
          23.25798,38.22465,0
          23.25783,38.22478,0
          23.2571,38.22548,0
          23.25695,38.22561,0
          23.25637,38.22617,0
          23.25622,38.2263,0
          23.25616,38.22636,0
          23.25572,38.22667,0
          23.25571,38.22668,0
          23.25538,38.22688,0
          23.25502,38.22703,0
          23.25436,38.22733,0
          23.25413,38.22745,0
          23.25399,38.22754,0
          23.25348,38.2279,0
          23.25335,38.22798,0
          23.25332,38.22803,0
          23.25318,38.22817,0
          23.252,38.2295,0
          23.2515,38.2301,0
          23.25138,38.23026,0
          23.25132,38.23033,0
          23.25129,38.23042,0
          23.25072,38.23179,0
          23.25072,38.23214,0
          23.2508,38.23247,0
          23.25084,38.23253,0
          23.25094,38.23271,0
          23.2511,38.23293,0
          23.25131,38.23314,0
          23.25147,38.23327,0
          23.2516,38.23339,0
          23.25162,38.2334,0
          23.25192,38.23368,0
          23.25226,38.23392,0
          23.25242,38.23405,0
          23.25247,38.23408,0
          23.25258,38.23427,0
          23.25264,38.23441,0
          23.25261,38.2345,0
          23.25259,38.23454,0
          23.25255,38.23458,0
          23.25251,38.23461,0
          23.25237,38.23467,0
          23.25219,38.23469,0
          23.25213,38.23468,0
          23.25208,38.23468,0
          23.25199,38.23467,0
          23.25191,38.23465,0
          23.25146,38.23457,0
          23.25102,38.23451,0
          23.25062,38.23452,0
          23.25055,38.23454,0
          23.24999,38.23465,0
          23.2499,38.23469,0
          23.24957,38.23479,0
          23.24938,38.23501,0
          23.24847,38.23626,0
          23.24819,38.23658,0
          23.2479,38.23682,0
          23.24749,38.2371,0
          23.24691,38.23746,0
          23.24634,38.23776,0
          23.24627,38.23781,0
          23.24591,38.23803,0
          23.24589,38.23805,0
          23.24571,38.23812,0
          23.24509,38.2387,0
          23.24499,38.23878,0
          23.24454,38.23919,0
          23.2444,38.23933,0
          23.24424,38.23946,0
          23.24409,38.2396,0
          23.24378,38.23986,0
          23.24363,38.24,0
          23.24316,38.24039,0
          23.24301,38.24053,0
          23.24299,38.24054,0
          23.24238,38.24105,0
          23.24223,38.24119,0
          23.24176,38.24158,0
          23.24156,38.24177,0
          23.24146,38.24185,0
          23.24116,38.24212,0
          23.24058,38.24268,0
          23.24052,38.24273,0
          23.24032,38.24298,0
          23.23993,38.24342,0
          23.2391,38.24441,0
          23.23903,38.24446,0
          23.23888,38.2446,0
          23.23857,38.24486,0
          23.2384,38.24502,0
          23.23815,38.24523,0
          23.23815,38.24524,0
          23.2362,38.24448,0
          23.23599,38.24441,0
          23.23523,38.24411,0
          23.23518,38.24408,0
          23.23216,38.24163,0
          23.232,38.24151,0
          23.22993,38.23982,0
          23.22991,38.2398,0
          23.22935,38.23953,0
          23.22934,38.23952,0
          23.22915,38.23945,0
          23.22878,38.23928,0
          23.22858,38.2392,0
          23.22834,38.23909,0
          23.22669,38.23855,0
          23.22583,38.2383,0
          23.22579,38.23828,0
          23.22534,38.23815,0
          23.22476,38.23805,0
          23.22474,38.23804,0
          23.22452,38.238,0
          23.22443,38.23799,0
          23.22276,38.23766,0
          23.22262,38.23764,0
          23.22254,38.23762,0
          23.22231,38.23759,0
          23.22227,38.23758,0
          23.22208,38.23759,0
          23.22186,38.23759,0
          23.22169,38.2376,0
          23.22163,38.23761,0
          23.2214,38.23761,0
          23.22094,38.23763,0
          23.22067,38.23763,0
          23.22048,38.23765,0
          23.22044,38.23765,0
          23.21964,38.23772,0
          23.21953,38.23772,0
          23.21897,38.23776,0
          23.2189,38.23776,0
          23.21776,38.23784,0
          23.21768,38.23784,0
          23.2176,38.23785,0
          23.21745,38.23784,0
          23.21739,38.23783,0
          23.21707,38.23774,0
          23.21662,38.23753,0
          23.21661,38.23754,0
          23.21656,38.23757,0
          23.2165,38.23758,0
          23.21484,38.23758,0
          23.21481,38.23766,0
          23.21477,38.23766,0
          23.21433,38.23756,0
          23.21411,38.23752,0
          23.2141,38.2376,0
          23.2141,38.23765,0
          23.21408,38.23774,0
          23.21407,38.23776,0
          23.21406,38.23781,0
          23.21399,38.23798,0
          23.2139,38.23815,0
          23.21387,38.23822,0
          23.2137,38.23855,0
          23.21324,38.23952,0
          23.21316,38.23985,0
          23.2131,38.24019,0
          23.21309,38.24021,0
          23.21305,38.24038,0
          23.21272,38.24086,0
          23.21245,38.24135,0
          23.21234,38.24151,0
          23.21223,38.24163,0
          23.21221,38.24164,0
          23.2122,38.24165,0
          23.21165,38.24202,0
          23.21118,38.24227,0
          23.21018,38.24284,0
          23.21012,38.24288,0
          23.20975,38.24309,0
          23.20975,38.2431,0
          23.20957,38.24321,0
          23.20947,38.24329,0
          23.20928,38.24348,0
          23.2092,38.24358,0
          23.20914,38.24369,0
          23.20908,38.24388,0
          23.20908,38.24392,0
          23.20902,38.24419,0
          23.20901,38.24428,0
          23.20896,38.24457,0
          23.20894,38.24463,0
          23.20893,38.24464,0
          23.20889,38.24472,0
          23.20876,38.24485,0
          23.20861,38.24497,0
          23.20852,38.24506,0
          23.20826,38.24527,0
          23.20821,38.24532,0
          23.20795,38.24562,0
          23.20789,38.2457,0
          23.20784,38.24578,0
          23.20759,38.24613,0
          23.20738,38.24638,0
          23.20723,38.24653,0
          23.20717,38.24658,0
          23.20681,38.24696,0
          23.2067,38.24712,0
          23.20665,38.24717,0
          23.20659,38.24728,0
          23.20639,38.2476,0
          23.2062,38.24793,0
          23.206,38.24825,0
          23.20593,38.24838,0
          23.20564,38.24879,0
          23.20543,38.24903,0
          23.20541,38.24906,0
          23.20512,38.24938,0
          23.20503,38.24947,0
          23.20497,38.24955,0
          23.2049,38.24961,0
          23.20476,38.24976,0
          23.2047,38.24981,0
          23.20462,38.2499,0
          23.20456,38.24995,0
          23.20455,38.24997,0
          23.20448,38.25004,0
          23.20441,38.25013,0
          23.20427,38.25036,0
          23.2042,38.25053,0
          23.20415,38.25071,0
          23.20414,38.25078,0
          23.20411,38.25089,0
          23.20403,38.25112,0
          23.20396,38.25125,0
          23.20388,38.25137,0
          23.20387,38.25139,0
          23.20374,38.25154,0
          23.20368,38.25159,0
          23.20358,38.2517,0
          23.20354,38.25173,0
          23.20344,38.25183,0
          23.2028,38.25232,0
          23.202,38.25297,0
          23.20194,38.25301,0
          23.20168,38.25322,0
          23.20165,38.25324,0
          23.20146,38.2534,0
          23.20129,38.25352,0
          23.20113,38.25365,0
          23.20101,38.25373,0
          23.20097,38.25378,0
          23.20059,38.25412,0
          23.19999,38.25477,0
          23.19956,38.25521,0
          23.1994,38.25534,0
          23.19935,38.25539,0
          23.19931,38.25542,0
          23.19925,38.25548,0
          23.19917,38.25558,0
          23.19896,38.25575,0
          23.19889,38.25579,0
          23.19855,38.25606,0
          23.19843,38.25614,0
          23.19811,38.25631,0
          23.19784,38.25644,0
          23.19781,38.25646,0
          23.19762,38.25655,0
          23.19705,38.25685,0
          23.19686,38.25696,0
          23.19669,38.25707,0
          23.19654,38.25721,0
          23.19647,38.25731,0
          23.19641,38.25735,0
          23.19637,38.25739,0
          23.19623,38.25744,0
          23.19621,38.25744,0
          23.19599,38.2575,0
          23.19587,38.25752,0
          23.19568,38.25752,0
          23.1949,38.25745,0
          23.19486,38.25745,0
          23.19423,38.25734,0
          23.19309,38.25708,0
          23.19287,38.25702,0
          23.19271,38.25699,0
          23.19265,38.25697,0
          23.19243,38.25693,0
          23.19203,38.2569,0
          23.19177,38.25691,0
          23.19151,38.2569,0
          23.19139,38.25693,0
          23.19129,38.25693,0
          23.19107,38.25689,0
          23.19104,38.25689,0
          23.19088,38.25685,0
          23.19084,38.25685,0
          23.19048,38.25675,0
          23.19041,38.25675,0
          23.19031,38.25674,0
          23.19022,38.25674,0
          23.19005,38.25679,0
          23.18996,38.25681,0
          23.18976,38.25683,0
          23.18965,38.25683,0
          23.18951,38.25681,0
          23.18918,38.2568,0
          23.18905,38.25683,0
          23.18894,38.25688,0
          23.18872,38.25707,0
          23.1886,38.2572,0
          23.18858,38.25721,0
          23.18834,38.25739,0
          23.18811,38.25749,0
          23.18767,38.25764,0
          23.18731,38.2577,0
          23.18662,38.25777,0
          23.18628,38.25786,0
          23.186,38.25789,0
          23.18595,38.25789,0
          23.18539,38.25793,0
          23.18504,38.25791,0
          23.18481,38.25788,0
          23.18465,38.25787,0
          23.18446,38.25787,0
          23.18391,38.25768,0
          23.18384,38.25764,0
          23.18344,38.25746,0
          23.18317,38.25731,0
          23.18283,38.25751,0
          23.18261,38.25761,0
          23.18159,38.25801,0
          23.18139,38.2581,0
          23.18113,38.2582,0
          23.18093,38.25829,0
          23.18092,38.25829,0
          23.18063,38.25844,0
          23.18056,38.2585,0
          23.1805,38.25856,0
          23.18043,38.25865,0
          23.18039,38.25878,0
          23.18025,38.25912,0
          23.18024,38.25913,0
          23.18016,38.25929,0
          23.18006,38.25945,0
          23.17988,38.25978,0
          23.1797,38.26008,0
          23.1797,38.26009,0
          23.17961,38.26025,0
          23.17959,38.26027,0
          23.1795,38.26044,0
          23.17926,38.26084,0
          23.17922,38.26093,0
          23.17913,38.26109,0
          23.17894,38.26147,0
          23.17883,38.26166,0
          23.17876,38.26175,0
          23.17873,38.26178,0
          23.1787,38.26182,0
          23.17869,38.26184,0
          23.17863,38.2619,0
          23.17831,38.26216,0
          23.17736,38.26266,0
          23.17732,38.26267,0
          23.17717,38.26277,0
          23.17705,38.26284,0
          23.177,38.26288,0
          23.17674,38.26304,0
          23.17579,38.26369,0
          23.17578,38.2637,0
          23.17525,38.26404,0
          23.17518,38.2641,0
          23.17482,38.2643,0
          23.17356,38.26455,0
          23.17333,38.26458,0
          23.17311,38.26462,0
          23.17266,38.26468,0
          23.17152,38.26478,0
          23.171,38.26475,0
          23.16733,38.2648,0
          23.16591,38.26486,0
          23.16573,38.26488,0
          23.16527,38.2649,0
          23.16505,38.26492,0
          23.16497,38.26492,0
          23.16451,38.26496,0
          23.16368,38.265,0
          23.16345,38.265,0
          23.16299,38.26498,0
          23.16292,38.26497,0
          23.16253,38.26495,0
          23.16209,38.2649,0
          23.16176,38.26484,0
          23.16131,38.26478,0
          23.15994,38.26467,0
          23.15942,38.2646,0
          23.15904,38.26453,0
          23.15903,38.26452,0
          23.15861,38.26442,0
          23.15732,38.26404,0
          23.15715,38.26398,0
          23.15711,38.26397,0
          23.1569,38.26389,0
          23.15648,38.26375,0
          23.15566,38.26342,0
          23.15528,38.26328,0
          23.15527,38.26328,0
          23.15517,38.26325,0
          23.15507,38.2632,0
          23.15445,38.26296,0
          23.15404,38.26282,0
          23.15403,38.26282,0
          23.15298,38.26233,0
          23.15239,38.26201,0
          23.15209,38.26187,0
          23.15198,38.26181,0
          23.15169,38.26169,0
          23.15164,38.26166,0
          23.1511,38.26141,0
          23.15052,38.26112,0
          23.15032,38.26104,0
          23.1502,38.261,0
          23.1501,38.26098,0
          23.14998,38.26094,0
          23.14924,38.26078,0
          23.14922,38.26077,0
          23.14887,38.26069,0
          23.14878,38.26068,0
          23.14829,38.26059,0
          23.14788,38.26055,0
          23.14765,38.26054,0
          23.14743,38.26057,0
          23.1473,38.26058,0
          23.14543,38.26096,0
          23.1433,38.26144,0
          23.14308,38.2615,0
          23.14302,38.26153,0
          23.14281,38.2616,0
          23.14235,38.26178,0
          23.14198,38.2619,0
          23.14177,38.26198,0
          23.14093,38.26226,0
          23.14086,38.26229,0
          23.14071,38.26232,0
          23.14043,38.2624,0
          23.13959,38.26251,0
          23.13956,38.26252,0
          23.13854,38.26259,0
          23.13845,38.26259,0
          23.13831,38.2626,0
          23.13799,38.2626,0
          23.13754,38.26262,0
          23.13731,38.26262,0
          23.13665,38.26256,0
          23.13663,38.26255,0
          23.13617,38.2625,0
          23.13595,38.26245,0
          23.13552,38.26233,0
          23.13507,38.26225,0
          23.13485,38.2622,0
          23.13457,38.26215,0
          23.13418,38.2621,0
          23.13395,38.26208,0
          23.13282,38.26193,0
          23.13277,38.26193,0
          23.13214,38.26183,0
          23.1318,38.26174,0
          23.13065,38.26129,0
          23.13045,38.2612,0
          23.13024,38.26112,0
          23.1302,38.26111,0
          23.13004,38.26104,0
          23.12983,38.26097,0
          23.12921,38.26073,0
          23.1292,38.26072,0
          23.129,38.26066,0
          23.12889,38.26062,0
          23.12879,38.2606,0
          23.12872,38.26058,0
          23.12857,38.26055,0
          23.12811,38.26049,0
          23.12789,38.26045,0
          23.12766,38.26042,0
          23.12733,38.26036,0
          23.12712,38.2603,0
          23.12577,38.25962,0
          23.12559,38.25954,0
          23.12525,38.25942,0
          23.12524,38.25942,0
          23.12473,38.2593,0
          23.12459,38.25928,0
          23.12421,38.25925,0
          23.12333,38.25926,0
          23.12276,38.2593,0
          23.12272,38.25931,0
          23.12253,38.25933,0
          23.12209,38.25942,0
          23.12163,38.25946,0
          23.12156,38.25946,0
          23.12141,38.25944,0
          23.12136,38.25944,0
          23.12118,38.25941,0
          23.12116,38.25941,0
          23.12096,38.25936,0
          23.12094,38.25935,0
          23.12077,38.2593,0
          23.12046,38.25916,0
          23.12034,38.25913,0
          23.12025,38.2591,0
          23.12012,38.2591,0
          23.11995,38.25914,0
          23.11983,38.25914,0
          23.11952,38.25908,0
          23.11945,38.25906,0
          23.11926,38.25903,0
          23.11923,38.25903,0
          23.11907,38.25901,0
          23.11863,38.25901,0
          23.11855,38.25903,0
          23.1184,38.25905,0
          23.11793,38.25916,0
          23.11766,38.25921,0
          23.11763,38.25922,0
          23.11726,38.25928,0
          23.11699,38.25934,0
          23.11657,38.25946,0
          23.11656,38.25946,0
          23.11653,38.25947,0
          23.11612,38.25967,0
          23.11607,38.25969,0
          23.11587,38.2598,0
          23.11503,38.26031,0
          23.11487,38.26042,0
          23.11452,38.26063,0
          23.11426,38.26077,0
          23.11413,38.26086,0
          23.11412,38.26086,0
          23.11396,38.26074,0
          23.11395,38.26073,0
          23.1136,38.26051,0
          23.11357,38.26048,0
          23.11337,38.26037,0
          23.11325,38.26032,0
          23.11321,38.26031,0
          23.11307,38.26022,0
          23.11288,38.26012,0
          23.11282,38.26008,0
          23.11244,38.25987,0
          23.11226,38.25976,0
          23.11225,38.25975,0
          23.11149,38.25949,0
          23.11124,38.25939,0
          23.11123,38.25939,0
          23.11108,38.25935,0
          23.11101,38.25934,0
          23.11094,38.25934,0
          23.11087,38.25933,0
          23.11078,38.25933,0
          23.11069,38.25934,0
          23.11056,38.25934,0
          23.11044,38.25933,0
          23.11033,38.25933,0
          23.11011,38.25931,0
          23.11002,38.25931,0
          23.10989,38.25929,0
          23.10986,38.25928,0
          23.10935,38.25923,0
          23.10881,38.25923,0
          23.10875,38.25924,0
          23.10852,38.25926,0
          23.1083,38.25929,0
          23.108,38.25936,0
          23.10791,38.25939,0
          23.10727,38.25951,0
          23.10725,38.25952,0
          23.10679,38.25956,0
          23.10656,38.25959,0
          23.10611,38.25963,0
          23.10588,38.25964,0
          23.10474,38.25961,0
          23.1036,38.25951,0
          23.10352,38.25951,0
          23.10337,38.25948,0
          23.10319,38.25946,0
          23.10309,38.25943,0
          23.10293,38.2594,0
          23.10292,38.25939,0
          23.10255,38.25926,0
          23.10246,38.25922,0
          23.10202,38.25887,0
          23.10185,38.25875,0
          23.10127,38.25829,0
          23.10027,38.25709,0
          23.10021,38.25703,0
          23.09995,38.25673,0
          23.0998,38.25659,0
          23.09978,38.25656,0
          23.09965,38.25646,0
          23.09963,38.25644,0
          23.09827,38.25535,0
          23.09822,38.2553,0
          23.09761,38.25476,0
          23.09713,38.25437,0
          23.09685,38.2542,0
          23.09676,38.25416,0
          23.09669,38.25412,0
          23.09628,38.254,0
          23.09623,38.25399,0
          23.09602,38.25393,0
          23.09491,38.25356,0
          23.09453,38.25345,0
          23.0927,38.25314,0
          23.09268,38.25313,0
          23.09187,38.25297,0
          23.0918,38.25297,0
          23.09161,38.25295,0
          23.09157,38.25294,0
          23.09111,38.25292,0
          23.09043,38.25286,0
          23.08981,38.25277,0
          23.08975,38.25277,0
          23.08956,38.25275,0
          23.08952,38.25274,0
          23.08907,38.25269,0
          23.08774,38.25242,0
          23.08752,38.25236,0
          23.08724,38.2523,0
          23.08678,38.25218,0
          23.08665,38.25216,0
          23.08642,38.25214,0
          23.08597,38.25208,0
          23.0858,38.25207,0
          23.08574,38.25206,0
          23.08551,38.25205,0
          23.08515,38.25205,0
          23.08505,38.25206,0
          23.0846,38.25208,0
          23.08437,38.2521,0
          23.08368,38.25213,0
          23.08262,38.25221,0
          23.08254,38.25223,0
          23.08235,38.25226,0
          23.08232,38.25227,0
          23.0821,38.25232,0
          23.08209,38.25232,0
          23.08121,38.2526,0
          23.08103,38.25264,0
          23.08081,38.2527,0
          23.08061,38.25274,0
          23.08039,38.2528,0
          23.07951,38.253,0
          23.07948,38.25301,0
          23.07926,38.25306,0
          23.07867,38.25316,0
          23.07859,38.25318,0
          23.07836,38.25321,0
          23.07802,38.25324,0
          23.07791,38.25326,0
          23.0769,38.25335,0
          23.07684,38.25335,0
          23.07673,38.25334,0
          23.07663,38.25318,0
          23.07662,38.25317,0
          23.07599,38.25221,0
          23.07599,38.2522,0
          23.07595,38.25214,0
          23.07586,38.25205,0
          23.07573,38.25197,0
          23.07567,38.25195,0
          23.07554,38.25189,0
          23.07548,38.25185,0
          23.07547,38.25185,0
          23.07542,38.25182,0
          23.07523,38.25164,0
          23.07517,38.25156,0
          23.07509,38.25142,0
          23.07501,38.25123,0
          23.075,38.25122,0
          23.07497,38.2512,0
          23.07492,38.25119,0
          23.07483,38.2512,0
          23.07474,38.25122,0
          23.07473,38.25122,0
          23.07464,38.25125,0
          23.07451,38.25131,0
          23.07443,38.25137,0
          23.07436,38.25144,0
          23.07436,38.25145,0
          23.07431,38.25154,0
          23.07431,38.25155,0
          23.07421,38.2517,0
          23.0742,38.2517,0
          23.07408,38.25176,0
          23.07355,38.25197,0
          23.07341,38.25201,0
          23.07339,38.25202,0
          23.0733,38.25204,0
          23.07272,38.25212,0
          23.07258,38.25212,0
          23.07252,38.25213,0
          23.07235,38.25213,0
          23.07224,38.25214,0
          23.07211,38.25214,0
          23.07201,38.25215,0
          23.0718,38.25219,0
          23.07178,38.25219,0
          23.07128,38.25233,0
          23.07122,38.25234,0
          23.07101,38.2524,0
          23.07069,38.25246,0
          23.07002,38.25256,0
          23.06891,38.25287,0
          23.06886,38.25289,0
          23.06869,38.25292,0
          23.06862,38.25294,0
          23.06847,38.25296,0
          23.06813,38.25298,0
          23.06721,38.25299,0
          23.06698,38.25298,0
          23.06649,38.25298,0
          23.06633,38.25297,0
          23.06628,38.25295,0
          23.06607,38.2529,0
          23.06606,38.25289,0
          23.0652,38.25264,0
          23.06499,38.25257,0
          23.06413,38.25232,0
          23.06392,38.25225,0
          23.06349,38.25213,0
          23.06344,38.25211,0
          23.06305,38.25202,0
          23.06304,38.25202,0
          23.06292,38.252,0
          23.06269,38.25198,0
          23.06264,38.25197,0
          23.06213,38.25199,0
          23.062,38.25201,0
          23.06178,38.25203,0
          23.06158,38.25206,0
          23.06155,38.25206,0
          23.06088,38.25218,0
          23.0608,38.2522,0
          23.05999,38.25234,0
          23.05977,38.25239,0
          23.05954,38.25243,0
          23.0591,38.25253,0
          23.05908,38.25253,0
          23.05687,38.25293,0
          23.05642,38.25299,0
          23.0562,38.25303,0
          23.05597,38.25306,0
          23.05575,38.2531,0
          23.05417,38.25333,0
          23.05395,38.25337,0
          23.0535,38.25343,0
          23.05238,38.25363,0
          23.05147,38.25373,0
          23.05142,38.25373,0
          23.05102,38.25379,0
          23.05088,38.2538,0
          23.05079,38.25382,0
          23.05057,38.25385,0
          23.05012,38.25393,0
          23.04967,38.25397,0
          23.04852,38.25402,0
          23.04829,38.25404,0
          23.04768,38.25407,0
          23.04738,38.25407,0
          23.04715,38.25408,0
          23.04646,38.25408,0
          23.04623,38.25409,0
          23.04578,38.25408,0
          23.04522,38.25402,0
          23.04512,38.25402,0
          23.04505,38.25404,0
          23.045,38.25408,0
          23.04499,38.25408,0
          23.04428,38.2548,0
          23.04414,38.2549,0
          23.04398,38.25504,0
          23.04396,38.25505,0
          23.04379,38.25517,0
          23.04368,38.25517,0
          23.04343,38.25513,0
          23.043,38.25504,0
          23.04289,38.25501,0
          23.04222,38.25489,0
          23.04206,38.25488,0
          23.042,38.25489,0
          23.04182,38.25494,0
          23.04178,38.25496,0
          23.04158,38.25504,0
          23.04134,38.25512,0
          23.04115,38.25516,0
          23.04095,38.25522,0
          23.04093,38.25522,0
          23.04053,38.25536,0
          23.04052,38.25537,0
          23.04005,38.25556,0
          23.03987,38.25567,0
          23.03987,38.25568,0
          23.03976,38.25579,0
          23.03971,38.25585,0
          23.0395,38.25579,0
          23.03924,38.25573,0
          23.03886,38.2556,0
          23.03882,38.25559,0
          23.03865,38.25552,0
          23.03858,38.25548,0
          23.03848,38.25546,0
          23.03784,38.25527,0
          23.03782,38.25527,0
          23.03777,38.25525,0
          23.03776,38.25525,0
          23.03698,38.25503,0
          23.03697,38.25503,0
          23.03653,38.25494,0
          23.0363,38.25491,0
          23.03626,38.25491,0
          23.03608,38.25489,0
          23.03592,38.25489,0
          23.03585,38.25488,0
          23.03562,38.25488,0
          23.03554,38.25487,0
          23.03493,38.25487,0
          23.0347,38.25486,0
          23.03333,38.25486,0
          23.0331,38.25485,0
          23.03277,38.25485,0
          23.03256,38.25487,0
          23.03249,38.25487,0
          23.03226,38.25489,0
          23.03204,38.25492,0
          23.03202,38.25492,0
          23.03166,38.25497,0
          23.03166,38.25498,0
          23.03135,38.25504,0
          23.03108,38.25512,0
          23.03086,38.25517,0
          23.03065,38.25523,0
          23.03057,38.25526,0
          23.03,38.25542,0
          23.02979,38.25549,0
          23.02936,38.25561,0
          23.02808,38.25602,0
          23.028,38.25604,0
          23.02767,38.25617,0
          23.02764,38.25619,0
          23.02722,38.25641,0
          23.02699,38.25656,0
          23.02688,38.25664,0
          23.02667,38.25681,0
          23.02622,38.25714,0
          23.02606,38.25727,0
          23.02589,38.25739,0
          23.02573,38.25752,0
          23.02556,38.25764,0
          23.0254,38.25777,0
          23.02523,38.25789,0
          23.02507,38.25802,0
          23.0249,38.25814,0
          23.02474,38.25827,0
          23.02457,38.25839,0
          23.02441,38.25852,0
          23.02424,38.25864,0
          23.02408,38.25877,0
          23.02391,38.25889,0
          23.02375,38.25902,0
          23.02358,38.25914,0
          23.02342,38.25927,0
          23.02325,38.25939,0
          23.0226,38.2599,0
          23.02243,38.26002,0
          23.02096,38.26115,0
          23.02095,38.26116,0
          23.02079,38.26127,0
          23.02034,38.26161,0
          23.01998,38.26182,0
          23.01997,38.26183,0
          23.01966,38.26196,0
          23.01932,38.26205,0
          23.0189,38.26212,0
          23.01822,38.26218,0
          23.01799,38.26219,0
          23.01685,38.26229,0
          23.01663,38.2623,0
          23.01656,38.26231,0
          23.01626,38.26232,0
          23.01589,38.26231,0
          23.01576,38.2623,0
          23.01574,38.26229,0
          23.01553,38.26226,0
          23.0155,38.26226,0
          23.01509,38.26217,0
          23.01488,38.2621,0
          23.01057,38.26088,0
          23.01013,38.26078,0
          23.00524,38.26005,0
          23.0052,38.26005,0
          23.00497,38.26001,0
          23.00481,38.25997,0
          23.00475,38.25996,0
          23.00459,38.25991,0
          23.00453,38.2599,0
          23.00444,38.25987,0
          23.00437,38.25984,0
          23.00432,38.25983,0
          23.00431,38.25983,0
          23.00397,38.25969,0
          23.00392,38.25966,0
          23.00375,38.25958,0
          23.00373,38.25956,0
          23.00359,38.25949,0
          23.00118,38.25803,0
          22.99851,38.25659,0
          22.9985,38.25658,0
          22.99812,38.2564,0
          22.9981,38.2564,0
          22.9979,38.25632,0
          22.99748,38.25618,0
          22.99747,38.25618,0
          22.99642,38.25583,0
          22.99621,38.25577,0
          22.99557,38.25556,0
          22.99536,38.2555,0
          22.99479,38.25531,0
          22.99454,38.25524,0
          22.99451,38.25522,0
          22.99433,38.25517,0
          22.99414,38.25514,0
          22.99336,38.25492,0
          22.99233,38.25492,0
          22.9921,38.25491,0
          22.99168,38.25491,0
          22.99154,38.25492,0
          22.99145,38.25491,0
          22.99132,38.25491,0
          22.99122,38.2549,0
          22.99115,38.2549,0
          22.99042,38.25475,0
          22.99039,38.25475,0
          22.99033,38.25473,0
          22.98972,38.25461,0
          22.98961,38.25458,0
          22.9895,38.25456,0
          22.98819,38.25424,0
          22.98797,38.25421,0
          22.98781,38.25421,0
          22.98774,38.25422,0
          22.98756,38.25426,0
          22.98752,38.25426,0
          22.9874,38.25428,0
          22.98722,38.25426,0
          22.98686,38.25416,0
          22.9866,38.25407,0
          22.98619,38.25391,0
          22.98598,38.25384,0
          22.98569,38.25376,0
          22.98525,38.25369,0
          22.98522,38.25368,0
          22.98502,38.25366,0
          22.98497,38.25366,0
          22.98476,38.25364,0
          22.98422,38.25364,0
          22.98405,38.25362,0
          22.98387,38.25361,0
          22.98383,38.2536,0
          22.98363,38.25357,0
          22.98335,38.25349,0
          22.98302,38.25337,0
          22.98281,38.25337,0
          22.98269,38.25335,0
          22.98258,38.25334,0
          22.98207,38.25334,0
          22.98152,38.25337,0
          22.98124,38.25342,0
          22.98115,38.25343,0
          22.98085,38.25349,0
          22.98079,38.25351,0
          22.9807,38.25353,0
          22.98051,38.25363,0
          22.98029,38.25381,0
          22.98022,38.25386,0
          22.98009,38.25398,0
          22.97983,38.25414,0
          22.97919,38.25466,0
          22.97903,38.25478,0
          22.97876,38.25501,0
          22.97839,38.2553,0
          22.97822,38.25542,0
          22.97806,38.25555,0
          22.97789,38.25567,0
          22.97785,38.25571,0
          22.97774,38.25578,0
          22.97757,38.25584,0
          22.97734,38.2559,0
          22.97732,38.2559,0
          22.9751,38.25665,0
          22.97489,38.25673,0
          22.97384,38.25708,0
          22.97362,38.25713,0
          22.97353,38.25714,0
          22.97335,38.25713,0
          22.97312,38.25715,0
          22.97243,38.25718,0
          22.97199,38.25727,0
          22.97171,38.25738,0
          22.9716,38.25746,0
          22.97139,38.25763,0
          22.9713,38.25773,0
          22.97117,38.2578,0
          22.9711,38.25781,0
          22.97088,38.25787,0
          22.97086,38.25787,0
          22.97063,38.2579,0
          22.9704,38.25788,0
          22.97035,38.25787,0
          22.97017,38.25787,0
          22.96979,38.25785,0
          22.96919,38.25785,0
          22.96903,38.25783,0
          22.96901,38.25781,0
          22.96897,38.25779,0
          22.96895,38.25777,0
          22.96892,38.25773,0
          22.96877,38.25747,0
          22.96866,38.25723,0
          22.96862,38.25702,0
          22.96863,38.25693,0
          22.96863,38.25686,0
          22.96866,38.25669,0
          22.96866,38.25665,0
          22.96865,38.25663,0
          22.96852,38.25654,0
          22.96839,38.25653,0
          22.96829,38.25651,0
          22.96828,38.2565,0
          22.96823,38.25647,0
          22.96809,38.25632,0
          22.96798,38.25623,0
          22.96769,38.25595,0
          22.96762,38.25589,0
          22.96746,38.25581,0
          22.96736,38.25578,0
          22.9673,38.25575,0
          22.96723,38.25574,0
          22.96721,38.25573,0
          22.96715,38.25571,0
          22.96709,38.25568,0
          22.96698,38.25559,0
          22.9668,38.25548,0
          22.9667,38.25543,0
          22.96658,38.25538,0
          22.96623,38.25519,0
          22.9662,38.25518,0
          22.96604,38.2551,0
          22.96597,38.25513,0
          22.96591,38.25514,0
          22.9659,38.25514,0
          22.96584,38.25513,0
          22.96499,38.25491,0
          22.96482,38.25488,0
          22.96376,38.25479,0
          22.96349,38.2548,0
          22.96344,38.25481,0
          22.96343,38.25481,0
          22.9634,38.25482,0
          22.96338,38.25484,0
          22.96332,38.25487,0
          22.96327,38.25494,0
          22.96322,38.25513,0
          22.96323,38.25526,0
          22.96323,38.25534,0
          22.96325,38.25552,0
          22.96326,38.2557,0
          22.96328,38.25588,0
          22.9633,38.25624,0
          22.96332,38.25642,0
          22.96333,38.2566,0
          22.96336,38.25678,0
          22.96337,38.25678,0
          22.96343,38.25689,0
          22.96388,38.25731,0
          22.96397,38.25747,0
          22.96399,38.25752,0
          22.96402,38.25763,0
          22.96402,38.2577,0
          22.96401,38.25775,0
          22.96397,38.25787,0
          22.96394,38.25793,0
          22.96378,38.25812,0
          22.96372,38.25817,0
          22.96356,38.25828,0
          22.96355,38.25829,0
          22.96284,38.25871,0
          22.96258,38.25895,0
          22.96244,38.25917,0
          22.96234,38.25931,0
          22.96234,38.25933,0
          22.96221,38.25957,0
          22.96218,38.25967,0
          22.96212,38.25981,0
          22.96212,38.25984,0
          22.96208,38.26,0
          22.96207,38.2602,0
          22.96204,38.26038,0
          22.96204,38.26041,0
          22.96199,38.26063,0
          22.96188,38.26103,0
          22.9617,38.26142,0
          22.96164,38.26152,0
          22.96159,38.26173,0
          22.96158,38.26194,0
          22.96158,38.2623,0
          22.96157,38.26244,0
          22.96158,38.26248,0
          22.96159,38.26256,0
          22.96163,38.26265,0
          22.96177,38.2628,0
          22.962,38.26301,0
          22.96265,38.26345,0
          22.96279,38.26362,0
          22.96286,38.26374,0
          22.96289,38.2639,0
          22.96287,38.26407,0
          22.96283,38.26425,0
          22.96282,38.26427,0
          22.96279,38.26441,0
          22.96271,38.2646,0
          22.96265,38.2647,0
          22.96257,38.26494,0
          22.96261,38.26512,0
          22.96261,38.26515,0
          22.96267,38.26529,0
          22.96268,38.26533,0
          22.96276,38.26545,0
          22.96276,38.26546,0
          22.96281,38.26558,0
          22.96282,38.26563,0
          22.96282,38.26569,0
          22.96279,38.26581,0
          22.96278,38.26587,0
          22.96267,38.2661,0
          22.96252,38.26617,0
          22.96234,38.2662,0
          22.96212,38.26622,0
          22.96189,38.26623,0
          22.96167,38.26629,0
          22.96147,38.26638,0
          22.96145,38.26638,0
          22.9613,38.26643,0
          22.96125,38.26644,0
          22.96103,38.26646,0
          22.96012,38.26658,0
          22.96007,38.26658,0
          22.96002,38.26659,0
          22.95912,38.26668,0
          22.95907,38.26669,0
          22.95877,38.26671,0
          22.95864,38.2667,0
          22.95844,38.26667,0
          22.95765,38.26645,0
          22.95735,38.2664,0
          22.95702,38.26639,0
          22.95689,38.2664,0
          22.95681,38.2664,0
          22.95666,38.26642,0
          22.95657,38.26644,0
          22.95654,38.26645,0
          22.95599,38.26657,0
          22.95542,38.26663,0
          22.95538,38.26664,0
          22.95519,38.26665,0
          22.95512,38.26664,0
          22.95496,38.26663,0
          22.9548,38.26659,0
          22.95475,38.26657,0
          22.95463,38.26643,0
          22.95463,38.26642,0
          22.95451,38.26621,0
          22.95439,38.26591,0
          22.95427,38.26556,0
          22.95426,38.26554,0
          22.95416,38.26503,0
          22.95415,38.26502,0
          22.95414,38.26485,0
          22.95406,38.26418,0
          22.95407,38.26414,0
          22.95407,38.26369,0
          22.9541,38.26328,0
          22.95408,38.26324,0
          22.95408,38.26323,0
          22.95402,38.26319,0
          22.95395,38.26317,0
          22.95387,38.26317,0
          22.95383,38.26321,0
          22.9537,38.26349,0
          22.95362,38.26369,0
          22.95354,38.26382,0
          22.95318,38.26448,0
          22.95294,38.26479,0
          22.95293,38.26481,0
          22.95269,38.26504,0
          22.95265,38.26507,0
          22.95244,38.26526,0
          22.95201,38.26576,0
          22.9519,38.26592,0
          22.95183,38.266,0
          22.95146,38.26637,0
          22.9512,38.26657,0
          22.95115,38.2666,0
          22.95098,38.26672,0
          22.95092,38.26675,0
          22.95088,38.26683,0
          22.95088,38.26687,0
          22.95087,38.26691,0
          22.95086,38.26705,0
          22.95087,38.26717,0
          22.95087,38.26723,0
          22.95086,38.26734,0
          22.95084,38.26741,0
          22.95083,38.26747,0
          22.95065,38.26773,0
          22.95062,38.26786,0
          22.95061,38.26818,0
          22.95058,38.26843,0
          22.95058,38.26845,0
          22.95052,38.26862,0
          22.95052,38.26864,0
          22.94991,38.26998,0
          22.94971,38.2705,0
          22.94963,38.27085,0
          22.94963,38.27088,0
          22.94961,38.27095,0
          22.94938,38.27153,0
          22.94938,38.27154,0
          22.94914,38.27209,0
          22.94907,38.27219,0
          22.94884,38.27239,0
          22.94872,38.27246,0
          22.94845,38.2726,0
          22.94833,38.27264,0
          22.94811,38.2727,0
          22.94766,38.27278,0
          22.94744,38.27281,0
          22.94699,38.27289,0
          22.94679,38.27295,0
          22.94678,38.27296,0
          22.94659,38.27303,0
          22.94643,38.27311,0
          22.94621,38.27326,0
          22.94602,38.27336,0
          22.94586,38.27341,0
          22.94573,38.27343,0
          22.94558,38.27344,0
          22.94528,38.27344,0
          22.94521,38.27347,0
          22.94517,38.27353,0
          22.94515,38.27361,0
          22.94517,38.27367,0
          22.94519,38.2737,0
          22.9452,38.27373,0
          22.94526,38.27378,0
          22.94527,38.27385,0
          22.94527,38.27393,0
          22.94523,38.27401,0
          22.94521,38.27403,0
          22.94513,38.27413,0
          22.94503,38.27428,0
          22.94489,38.27453,0
          22.94484,38.27469,0
          22.9448,38.27486,0
          22.94476,38.27509,0
          22.94476,38.27558,0
          22.94472,38.27582,0
          22.94469,38.27594,0
          22.94457,38.27623,0
          22.94454,38.27627,0
          22.94453,38.27627,0
          22.94449,38.27628,0
          22.94443,38.27628,0
          22.94439,38.27627,0
          22.94436,38.27625,0
          22.94432,38.27621,0
          22.9443,38.27615,0
          22.9443,38.27592,0
          22.94428,38.27578,0
          22.94424,38.27568,0
          22.9442,38.27562,0
          22.9442,38.27561,0
          22.94408,38.27546,0
          22.94381,38.27517,0
          22.94366,38.27504,0
          22.94363,38.275,0
          22.9435,38.27491,0
          22.9434,38.27482,0
          22.94334,38.27478,0
          22.94326,38.27474,0
          22.94317,38.27466,0
          22.94314,38.27464,0
          22.94307,38.27456,0
          22.94304,38.27451,0
          22.94301,38.27447,0
          22.94299,38.27437,0
          22.94298,38.27423,0
          22.94298,38.27416,0
          22.94297,38.27408,0
          22.94293,38.27399,0
          22.94287,38.27389,0
          22.94282,38.27383,0
          22.94282,38.27382,0
          22.94228,38.2735,0
          22.94209,38.2734,0
          22.94172,38.27318,0
          22.94171,38.27317,0
          22.94163,38.27312,0
          22.94153,38.27308,0
          22.94152,38.27307,0
          22.94133,38.273,0
          22.94011,38.27249,0
          22.9393,38.27203,0
          22.93884,38.27173,0
          22.93871,38.27163,0
          22.93851,38.27153,0
          22.93847,38.27152,0
          22.93837,38.27147,0
          22.93827,38.27144,0
          22.93822,38.27143,0
          22.93762,38.27126,0
          22.93741,38.27119,0
          22.93672,38.271,0
          22.93661,38.27098,0
          22.93654,38.27098,0
          22.93646,38.271,0
          22.93643,38.27105,0
          22.93642,38.27109,0
          22.93642,38.27112,0
          22.93643,38.27114,0
          22.93653,38.27125,0
          22.93671,38.27136,0
          22.93728,38.27166,0
          22.93748,38.27175,0
          22.93758,38.27183,0
          22.9379,38.27217,0
          22.93829,38.27262,0
          22.93839,38.27275,0
          22.93842,38.27277,0
          22.93858,38.2729,0
          22.93876,38.27301,0
          22.93877,38.27301,0
          22.93893,38.27309,0
          22.93901,38.27316,0
          22.93909,38.27325,0
          22.93919,38.27341,0
          22.93946,38.27391,0
          22.93947,38.27392,0
          22.93954,38.27403,0
          22.93955,38.27407,0
          22.93955,38.27409,0
          22.93956,38.27415,0
          22.93955,38.27425,0
          22.93954,38.27427,0
          22.93954,38.27443,0
          22.93953,38.27448,0
          22.93955,38.27459,0
          22.93956,38.27461,0
          22.93962,38.27478,0
          22.93969,38.27504,0
          22.93969,38.27513,0
          22.93961,38.2753,0
          22.9396,38.2753,0
          22.93951,38.27541,0
          22.93905,38.27588,0
          22.93897,38.27597,0
          22.93874,38.27614,0
          22.93862,38.27625,0
          22.9386,38.27628,0
          22.93848,38.27642,0
          22.93848,38.27643,0
          22.93843,38.27654,0
          22.93843,38.27661,0
          22.93842,38.27669,0
          22.93845,38.27678,0
          22.93846,38.2768,0
          22.93866,38.27708,0
          22.93867,38.2771,0
          22.93871,38.27716,0
          22.93872,38.27726,0
          22.93872,38.27745,0
          22.93871,38.27752,0
          22.93873,38.27761,0
          22.93873,38.27763,0
          22.93878,38.27774,0
          22.93879,38.2778,0
          22.93886,38.27797,0
          22.93887,38.27813,0
          22.93887,38.27826,0
          22.93884,38.27833,0
          22.9388,38.27846,0
          22.93877,38.2785,0
          22.93867,38.27866,0
          22.93859,38.27883,0
          22.93824,38.27949,0
          22.93822,38.27952,0
          22.93811,38.27974,0
          22.93808,38.27995,0
          22.9381,38.28001,0
          22.93812,38.28011,0
          22.93821,38.28024,0
          22.93831,38.28032,0
          22.93848,38.28044,0
          22.93871,38.28056,0
          22.93884,38.28066,0
          22.93902,38.28078,0
          22.93918,38.2809,0
          22.93927,38.28098,0
          22.93951,38.28122,0
          22.93964,38.28138,0
          22.93969,38.28149,0
          22.93975,38.28167,0
          22.93982,38.28184,0
          22.93983,38.28188,0
          22.93989,38.28199,0
          22.93991,38.282,0
          22.94006,38.28214,0
          22.94009,38.28216,0
          22.94024,38.28221,0
          22.94101,38.28263,0
          22.94119,38.28275,0
          22.94151,38.28294,0
          22.94155,38.28297,0
          22.94158,38.28301,0
          22.94162,38.2831,0
          22.94162,38.28332,0
          22.94157,38.28354,0
          22.94152,38.2837,0
          22.94151,38.28389,0
          22.94154,38.28414,0
          22.94161,38.28441,0
          22.94165,38.2845,0
          22.94169,38.28455,0
          22.94171,38.28457,0
          22.94179,38.28463,0
          22.94186,38.28466,0
          22.94187,38.28466,0
          22.94199,38.2847,0
          22.94208,38.28471,0
          22.94212,38.28471,0
          22.94231,38.28468,0
          22.94282,38.28451,0
          22.94294,38.28449,0
          22.94299,38.28447,0
          22.94339,38.28441,0
          22.94378,38.28438,0
          22.94385,38.28439,0
          22.94388,38.28443,0
          22.9439,38.28449,0
          22.94388,38.28454,0
          22.9438,38.28462,0
          22.94367,38.28473,0
          22.94354,38.2848,0
          22.94318,38.28502,0
          22.94256,38.28537,0
          22.94227,38.28557,0
          22.94209,38.28568,0
          22.94179,38.2859,0
          22.94111,38.28629,0
          22.94085,38.28646,0
          22.94085,38.28647,0
          22.94059,38.28677,0
          22.9404,38.28706,0
          22.94018,38.28729,0
          22.94009,38.28737,0
          22.94,38.28744,0
          22.93975,38.28761,0
          22.93973,38.28763,0
          22.93942,38.28779,0
          22.93938,38.28782,0
          22.93918,38.28792,0
          22.93917,38.28792,0
          22.93894,38.28811,0
          22.93882,38.28818,0
          22.93867,38.28825,0
          22.93866,38.28826,0
          22.93819,38.28839,0
          22.93802,38.28846,0
          22.93796,38.28853,0
          22.93793,38.28862,0
          22.93793,38.28864,0
          22.93785,38.2889,0
          22.93747,38.28983,0
          22.93745,38.28989,0
          22.93724,38.29034,0
          22.93718,38.29051,0
          22.93716,38.29055,0
          22.93712,38.29095,0
          22.93713,38.29102,0
          22.93713,38.29104,0
          22.93715,38.29109,0
          22.93739,38.29155,0
          22.93746,38.29164,0
          22.93748,38.2917,0
          22.93748,38.29171,0
          22.93749,38.29176,0
          22.93749,38.29181,0
          22.93748,38.29189,0
          22.93748,38.29193,0
          22.9375,38.29204,0
          22.93751,38.29207,0
          22.93753,38.29216,0
          22.93757,38.29224,0
          22.93776,38.29256,0
          22.93777,38.29257,0
          22.9378,38.29265,0
          22.93782,38.29274,0
          22.93782,38.29305,0
          22.93783,38.2931,0
          22.93784,38.29328,0
          22.9379,38.29348,0
          22.93803,38.2938,0
          22.93812,38.29407,0
          22.93813,38.29415,0
          22.93813,38.29428,0
          22.93812,38.29432,0
          22.9381,38.29436,0
          22.93801,38.29448,0
          22.93785,38.29463,0
          22.93775,38.29469,0
          22.93747,38.29481,0
          22.93706,38.29496,0
          22.93703,38.29498,0
          22.93691,38.29502,0
          22.93681,38.29508,0
          22.93674,38.29518,0
          22.93674,38.2952,0
          22.93666,38.29537,0
          22.93665,38.2954,0
          22.93658,38.2955,0
          22.93655,38.29552,0
          22.93636,38.29562,0
          22.93616,38.2957,0
          22.93516,38.29615,0
          22.93506,38.29621,0
          22.93499,38.29627,0
          22.93497,38.29628,0
          22.93468,38.29675,0
          22.9345,38.29693,0
          22.93404,38.29726,0
          22.93374,38.2975,0
          22.93358,38.29766,0
          22.93358,38.29767,0
          22.93346,38.29781,0
          22.93321,38.29804,0
          22.93314,38.29807,0
          22.933,38.29815,0
          22.93273,38.29822,0
          22.93265,38.29825,0
          22.93229,38.2983,0
          22.93206,38.29832,0
          22.93176,38.29832,0
          22.93138,38.29825,0
          22.93115,38.29822,0
          22.93107,38.2982,0
          22.93093,38.2982,0
          22.93087,38.29819,0
          22.93047,38.29821,0
          22.93024,38.29821,0
          22.92985,38.29825,0
          22.92956,38.2983,0
          22.92862,38.29856,0
          22.92848,38.29859,0
          22.92835,38.29861,0
          22.92807,38.29862,0
          22.92778,38.29861,0
          22.92757,38.29858,0
          22.92729,38.29852,0
          22.92659,38.29827,0
          22.9265,38.29826,0
          22.92642,38.29826,0
          22.92632,38.29829,0
          22.92626,38.29832,0
          22.92622,38.29837,0
          22.92622,38.29844,0
          22.92621,38.29849,0
          22.92622,38.29864,0
          22.92624,38.29874,0
          22.92628,38.29885,0
          22.92637,38.29895,0
          22.92647,38.29902,0
          22.92675,38.29925,0
          22.92681,38.29933,0
          22.92682,38.29935,0
          22.92684,38.29942,0
          22.92683,38.29953,0
          22.92679,38.29963,0
          22.92663,38.29985,0
          22.92659,38.29989,0
          22.92628,38.30031,0
          22.92618,38.30047,0
          22.92611,38.30061,0
          22.92603,38.30089,0
          22.92601,38.301,0
          22.926,38.30115,0
          22.92599,38.30117,0
          22.92596,38.30133,0
          22.92524,38.30285,0
          22.92522,38.30287,0
          22.92502,38.30319,0
          22.92497,38.30326,0
          22.9249,38.30334,0
          22.92489,38.30336,0
          22.92477,38.30349,0
          22.92447,38.30378,0
          22.92427,38.30401,0
          22.9242,38.30411,0
          22.92415,38.30427,0
          22.92414,38.30439,0
          22.92414,38.30455,0
          22.92417,38.30474,0
          22.92419,38.30482,0
          22.92422,38.3049,0
          22.92429,38.30501,0
          22.92446,38.30519,0
          22.9245,38.30525,0
          22.92451,38.30526,0
          22.92454,38.30534,0
          22.92454,38.30541,0
          22.9245,38.30548,0
          22.92443,38.30554,0
          22.92401,38.30573,0
          22.924,38.30574,0
          22.92383,38.30584,0
          22.9235,38.30609,0
          22.92318,38.30635,0
          22.92303,38.30645,0
          22.92301,38.30646,0
          22.92251,38.30664,0
          22.92211,38.30681,0
          22.9216,38.30707,0
          22.92142,38.30718,0
          22.92141,38.30718,0
          22.9213,38.30732,0
          22.9212,38.30749,0
          22.92118,38.30751,0
          22.92109,38.30764,0
          22.92061,38.30823,0
          22.9206,38.30825,0
          22.92049,38.30841,0
          22.91989,38.30938,0
          22.91978,38.30954,0
          22.91928,38.31035,0
          22.91919,38.31052,0
          22.91909,38.31068,0
          22.91897,38.31083,0
          22.91895,38.31085,0
          22.91885,38.31098,0
          22.9185,38.31139,0
          22.91812,38.31176,0
          22.91785,38.31196,0
          22.91769,38.31209,0
          22.91767,38.3121,0
          22.91756,38.31224,0
          22.91751,38.31229,0
          22.91746,38.3124,0
          22.91745,38.31241,0
          22.91743,38.31258,0
          22.91742,38.31261,0
          22.91742,38.31263,0
          22.91735,38.31274,0
          22.91733,38.31278,0
          22.91719,38.31292,0
          22.91681,38.31321,0
          22.91672,38.31326,0
          22.91662,38.31333,0
          22.91648,38.31338,0
          22.91631,38.3134,0
          22.91587,38.31349,0
          22.91583,38.31349,0
          22.91564,38.31353,0
          22.91561,38.31354,0
          22.9156,38.31354,0
          22.91498,38.31369,0
          22.91459,38.31374,0
          22.91381,38.31375,0
          22.91362,38.31376,0
          22.91211,38.31374,0
          22.91201,38.31373,0
          22.91194,38.31373,0
          22.91179,38.31371,0
          22.91175,38.3137,0
          22.91171,38.3137,0
          22.91151,38.31363,0
          22.91134,38.31356,0
          22.91122,38.31347,0
          22.91107,38.31333,0
          22.91106,38.31331,0
          22.91098,38.31322,0
          22.91087,38.31304,0
          22.91083,38.313,0
          22.91076,38.31297,0
          22.91044,38.31295,0
          22.91038,38.31294,0
          22.91037,38.31294,0
          22.90996,38.31279,0
          22.90995,38.31279,0
          22.90957,38.31267,0
          22.90947,38.31262,0
          22.90939,38.31253,0
          22.90931,38.31239,0
          22.90904,38.31205,0
          22.9083,38.31099,0
          22.90826,38.31094,0
          22.9082,38.31089,0
          22.90815,38.31087,0
          22.9081,38.31087,0
          22.90797,38.31091,0
          22.90792,38.31097,0
          22.90792,38.31099,0
          22.90785,38.31121,0
          22.90762,38.31185,0
          22.90761,38.31186,0
          22.90754,38.31203,0
          22.90748,38.3122,0
          22.9074,38.31233,0
          22.90738,38.31237,0
          22.90732,38.31243,0
          22.90725,38.31252,0
          22.90723,38.31253,0
          22.90718,38.31264,0
          22.90715,38.31275,0
          22.90712,38.31293,0
          22.90706,38.31309,0
          22.90702,38.31317,0
          22.90699,38.3132,0
          22.90683,38.3134,0
          22.90678,38.31352,0
          22.9067,38.31367,0
          22.90669,38.31368,0
          22.90654,38.31405,0
          22.90623,38.31461,0
          22.90623,38.31462,0
          22.9061,38.31478,0
          22.90595,38.3149,0
          22.90591,38.31494,0
          22.90568,38.31524,0
          22.90574,38.31535,0
          22.90574,38.31541,0
          22.90573,38.3155,0
          22.9056,38.31575,0
          22.90554,38.31585,0
          22.90551,38.31591,0
          22.90545,38.316,0
          22.90525,38.31618,0
          22.90525,38.31639,0
          22.90547,38.31637,0
          22.90568,38.31638,0
          22.90568,38.31684,0
          22.90567,38.31688,0
          22.90565,38.31691,0
          22.9056,38.31705,0
          22.90537,38.31756,0
          22.90512,38.31817,0
          22.90502,38.31839,0
          22.90496,38.31848,0
          22.90494,38.3185,0
          22.90483,38.31866,0
          22.90474,38.31872,0
          22.90449,38.31885,0
          22.90439,38.31891,0
          22.9042,38.31908,0
          22.90405,38.31918,0
          22.90403,38.3192,0
          22.90354,38.31954,0
          22.90348,38.31953,0
          22.90341,38.31951,0
          22.90326,38.31949,0
          22.90317,38.3196,0
          22.90305,38.3196,0
          22.90275,38.31976,0
          22.90272,38.31977,0
          22.90247,38.31996,0
          22.90227,38.32015,0
          22.90221,38.3202,0
          22.90113,38.32147,0
          22.90108,38.32154,0
          22.90088,38.32187,0
          22.9008,38.32203,0
          22.90066,38.32237,0
          22.90058,38.32254,0
          22.9005,38.32268,0
          22.90007,38.3233,0
          22.89872,38.32483,0
          22.89854,38.32499,0
          22.89829,38.32516,0
          22.89799,38.32534,0
          22.8978,38.32544,0
          22.89689,38.32599,0
          22.89671,38.32609,0
          22.89602,38.32651,0
          22.89565,38.32672,0
          22.89347,38.32804,0
          22.89328,38.32814,0
          22.89324,38.32817,0
          22.89245,38.32861,0
          22.89191,38.32886,0
          22.89132,38.32906,0
          22.89091,38.32922,0
          22.89028,38.32956,0
          22.88963,38.32997,0
          22.88879,38.33055,0
          22.88877,38.33057,0
          22.88848,38.33074,0
          22.88828,38.3308,0
          22.88804,38.33081,0
          22.88792,38.3308,0
          22.88783,38.33077,0
          22.88782,38.33076,0
          22.88731,38.3304,0
          22.88715,38.33027,0
          22.887,38.33017,0
          22.88688,38.33006,0
          22.88681,38.33003,0
          22.8867,38.32997,0
          22.8864,38.32987,0
          22.88589,38.32974,0
          22.88555,38.32964,0
          22.88554,38.32963,0
          22.88529,38.32953,0
          22.88514,38.32945,0
          22.88511,38.32944,0
          22.88496,38.3293,0
          22.88485,38.32918,0
          22.88482,38.32914,0
          22.88465,38.329,0
          22.88451,38.32894,0
          22.8845,38.32893,0
          22.88432,38.32888,0
          22.88425,38.32888,0
          22.88416,38.32886,0
          22.88408,38.32883,0
          22.88406,38.32881,0
          22.88401,38.32879,0
          22.88397,38.32875,0
          22.8839,38.32866,0
          22.88386,38.32856,0
          22.88384,38.32853,0
          22.8838,38.32844,0
          22.88365,38.32826,0
          22.88356,38.32817,0
          22.88345,38.3281,0
          22.88342,38.32807,0
          22.88302,38.32783,0
          22.88268,38.32768,0
          22.88235,38.32763,0
          22.88202,38.32763,0
          22.88194,38.32764,0
          22.88157,38.32766,0
          22.88138,38.32766,0
          22.88134,38.32765,0
          22.88126,38.32764,0
          22.88054,38.3273,0
          22.87993,38.32706,0
          22.87905,38.32685,0
          22.87853,38.32669,0
          22.87763,38.32629,0
          22.87762,38.32629,0
          22.87689,38.32585,0
          22.87688,38.32584,0
          22.87669,38.32576,0
          22.87642,38.32575,0
          22.87623,38.32577,0
          22.8762,38.32578,0
          22.87602,38.32581,0
          22.87601,38.32581,0
          22.8758,38.32588,0
          22.87579,38.32588,0
          22.87563,38.326,0
          22.87527,38.32623,0
          22.87516,38.32631,0
          22.87504,38.32636,0
          22.87487,38.32639,0
          22.87463,38.32639,0
          22.87454,38.32637,0
          22.87447,38.32634,0
          22.87434,38.3263,0
          22.87424,38.32624,0
          22.87423,38.32624,0
          22.87414,38.32614,0
          22.87402,38.32584,0
          22.87393,38.32541,0
          22.87391,38.32503,0
          22.87391,38.32482,0
          22.87383,38.32413,0
          22.87383,38.32402,0
          22.87386,38.32396,0
          22.87387,38.32396,0
          22.87396,38.32388,0
          22.87404,38.32384,0
          22.8741,38.3238,0
          22.87424,38.32375,0
          22.87444,38.32366,0
          22.87463,38.32356,0
          22.87472,38.32352,0
          22.87518,38.32324,0
          22.87522,38.32321,0
          22.87533,38.3231,0
          22.87539,38.32301,0
          22.87542,38.32291,0
          22.87543,38.32281,0
          22.87543,38.32272,0
          22.87539,38.32262,0
          22.87538,38.32258,0
          22.87535,38.32253,0
          22.87527,38.32242,0
          22.87501,38.32219,0
          22.87487,38.3221,0
          22.87477,38.32206,0
          22.87439,38.32186,0
          22.87426,38.32182,0
          22.87417,38.32181,0
          22.87388,38.3218,0
          22.87372,38.32177,0
          22.87368,38.32175,0
          22.87355,38.32167,0
          22.87334,38.32156,0
          22.87314,38.32147,0
          22.87303,38.32144,0
          22.87292,38.32143,0
          22.8729,38.32142,0
          22.87205,38.32138,0
          22.87179,38.32133,0
          22.87136,38.32121,0
          22.87095,38.32104,0
          22.87058,38.32091,0
          22.87053,38.32091,0
          22.87051,38.3209,0
          22.87041,38.3209,0
          22.87019,38.32092,0
          22.87007,38.32094,0
          22.86986,38.32101,0
          22.86961,38.32112,0
          22.86931,38.32122,0
          22.86907,38.32137,0
          22.86903,38.32139,0
          22.86891,38.32149,0
          22.8689,38.32149,0
          22.86867,38.32172,0
          22.8686,38.32176,0
          22.86844,38.32189,0
          22.86839,38.32192,0
          22.86747,38.32236,0
          22.86734,38.32244,0
          22.86731,38.32249,0
          22.86698,38.32296,0
          22.86694,38.323,0
          22.86688,38.32312,0
          22.86681,38.32324,0
          22.86675,38.32326,0
          22.86669,38.32329,0
          22.86653,38.3233,0
          22.86642,38.32329,0
          22.86623,38.32322,0
          22.86611,38.3232,0
          22.86587,38.3232,0
          22.86576,38.32321,0
          22.86566,38.32324,0
          22.86565,38.32325,0
          22.8654,38.32338,0
          22.86484,38.32385,0
          22.86483,38.32387,0
          22.8644,38.32451,0
          22.86439,38.32452,0
          22.86436,38.32457,0
          22.86414,38.32475,0
          22.86409,38.32478,0
          22.86363,38.3251,0
          22.86356,38.32512,0
          22.86327,38.32523,0
          22.86302,38.32527,0
          22.86291,38.32528,0
          22.86275,38.32528,0
          22.86257,38.32531,0
          22.86246,38.32534,0
          22.86245,38.32535,0
          22.8623,38.32541,0
          22.86225,38.32541,0
          22.86218,38.32542,0
          22.86211,38.32542,0
          22.86205,38.32541,0
          22.86203,38.3254,0
          22.862,38.32539,0
          22.86194,38.32536,0
          22.86185,38.32529,0
          22.86182,38.32526,0
          22.86167,38.32518,0
          22.86128,38.3249,0
          22.86003,38.32408,0
          22.85991,38.32403,0
          22.8599,38.32403,0
          22.85966,38.32392,0
          22.85927,38.32381,0
          22.85896,38.32368,0
          22.85888,38.32363,0
          22.85869,38.32353,0
          22.85814,38.3232,0
          22.85802,38.32312,0
          22.85776,38.32297,0
          22.85741,38.32272,0
          22.85669,38.32236,0
          22.85643,38.32225,0
          22.85632,38.32222,0
          22.85622,38.32218,0
          22.85601,38.32214,0
          22.85574,38.32214,0
          22.85555,38.32216,0
          22.85542,38.3222,0
          22.85521,38.32225,0
          22.85478,38.32239,0
          22.85477,38.32239,0
          22.85405,38.32262,0
          22.85344,38.32286,0
          22.85337,38.32288,0
          22.85366,38.32236,0
          22.85367,38.32235,0
          22.85366,38.32236,0
          22.85337,38.32288,0
          22.85344,38.32286,0
          22.85405,38.32262,0
          22.85477,38.32239,0
          22.85478,38.32239,0
          22.85521,38.32225,0
          22.85542,38.3222,0
          22.85555,38.32216,0
          22.85574,38.32214,0
          22.85601,38.32214,0
          22.85622,38.32218,0
          22.85632,38.32222,0
          22.85643,38.32225,0
          22.85669,38.32236,0
          22.85741,38.32272,0
          22.85776,38.32297,0
          22.85802,38.32312,0
          22.85814,38.3232,0
          22.85869,38.32353,0
          22.85888,38.32363,0
          22.85896,38.32368,0
          22.85927,38.32381,0
          22.85966,38.32392,0
          22.8599,38.32403,0
          22.85991,38.32403,0
          22.86003,38.32408,0
          22.86128,38.3249,0
          22.86167,38.32518,0
          22.86182,38.32526,0
          22.86185,38.32529,0
          22.86194,38.32536,0
          22.862,38.32539,0
          22.86203,38.3254,0
          22.86205,38.32541,0
          22.86211,38.32542,0
          22.86218,38.32542,0
          22.86225,38.32541,0
          22.8623,38.32541,0
          22.86245,38.32535,0
          22.86246,38.32534,0
          22.86257,38.32531,0
          22.86275,38.32528,0
          22.86291,38.32528,0
          22.86302,38.32527,0
          22.86327,38.32523,0
          22.86356,38.32512,0
          22.86363,38.3251,0
          22.86409,38.32478,0
          22.86414,38.32475,0
          22.86436,38.32457,0
          22.86439,38.32452,0
          22.8644,38.32451,0
          22.86483,38.32387,0
          22.86484,38.32385,0
          22.8654,38.32338,0
          22.86565,38.32325,0
          22.86566,38.32324,0
          22.86576,38.32321,0
          22.86587,38.3232,0
          22.86611,38.3232,0
          22.86623,38.32322,0
          22.86642,38.32329,0
          22.86653,38.3233,0
          22.86669,38.32329,0
          22.86675,38.32326,0
          22.86681,38.32324,0
          22.86688,38.32312,0
          22.86694,38.323,0
          22.86698,38.32296,0
          22.86731,38.32249,0
          22.86734,38.32244,0
          22.86747,38.32236,0
          22.86839,38.32192,0
          22.86844,38.32189,0
          22.8686,38.32176,0
          22.86867,38.32172,0
          22.8689,38.32149,0
          22.86891,38.32149,0
          22.86903,38.32139,0
          22.86907,38.32137,0
          22.86931,38.32122,0
          22.86961,38.32112,0
          22.86986,38.32101,0
          22.87007,38.32094,0
          22.87019,38.32092,0
          22.87041,38.3209,0
          22.87051,38.3209,0
          22.87053,38.32091,0
          22.87058,38.32091,0
          22.87095,38.32104,0
          22.87136,38.32121,0
          22.87179,38.32133,0
          22.87205,38.32138,0
          22.8729,38.32142,0
          22.87292,38.32143,0
          22.87303,38.32144,0
          22.87314,38.32147,0
          22.87334,38.32156,0
          22.87355,38.32167,0
          22.87368,38.32175,0
          22.87372,38.32177,0
          22.87388,38.3218,0
          22.87417,38.32181,0
          22.87426,38.32182,0
          22.87439,38.32186,0
          22.87477,38.32206,0
          22.87487,38.3221,0
          22.87501,38.32219,0
          22.87527,38.32242,0
          22.87535,38.32253,0
          22.87538,38.32258,0
          22.87539,38.32262,0
          22.87543,38.32272,0
          22.87543,38.32281,0
          22.87542,38.32291,0
          22.87539,38.32301,0
          22.87533,38.3231,0
          22.87522,38.32321,0
          22.87518,38.32324,0
          22.87472,38.32352,0
          22.87463,38.32356,0
          22.87444,38.32366,0
          22.87424,38.32375,0
          22.8741,38.3238,0
          22.87404,38.32384,0
          22.87396,38.32388,0
          22.87387,38.32396,0
          22.87386,38.32396,0
          22.87383,38.32402,0
          22.87383,38.32413,0
          22.87391,38.32482,0
          22.87391,38.32503,0
          22.87393,38.32541,0
          22.87402,38.32584,0
          22.87414,38.32614,0
          22.87423,38.32624,0
          22.87424,38.32624,0
          22.87434,38.3263,0
          22.87447,38.32634,0
          22.87454,38.32637,0
          22.87463,38.32639,0
          22.87487,38.32639,0
          22.87504,38.32636,0
          22.87516,38.32631,0
          22.87527,38.32623,0
          22.87563,38.326,0
          22.87579,38.32588,0
          22.8758,38.32588,0
          22.87601,38.32581,0
          22.87602,38.32581,0
          22.8762,38.32578,0
          22.87623,38.32577,0
          22.87642,38.32575,0
          22.87669,38.32576,0
          22.87688,38.32584,0
          22.87689,38.32585,0
          22.87762,38.32629,0
          22.87763,38.32629,0
          22.87853,38.32669,0
          22.87905,38.32685,0
          22.87993,38.32706,0
          22.88054,38.3273,0
          22.88126,38.32764,0
          22.88134,38.32765,0
          22.88138,38.32766,0
          22.88157,38.32766,0
          22.88194,38.32764,0
          22.88202,38.32763,0
          22.88235,38.32763,0
          22.88268,38.32768,0
          22.88302,38.32783,0
          22.88342,38.32807,0
          22.88345,38.3281,0
          22.88356,38.32817,0
          22.88365,38.32826,0
          22.8838,38.32844,0
          22.88384,38.32853,0
          22.88386,38.32856,0
          22.8839,38.32866,0
          22.88397,38.32875,0
          22.88401,38.32879,0
          22.88406,38.32881,0
          22.88408,38.32883,0
          22.88416,38.32886,0
          22.88425,38.32888,0
          22.88432,38.32888,0
          22.8845,38.32893,0
          22.88451,38.32894,0
          22.88465,38.329,0
          22.88482,38.32914,0
          22.88485,38.32918,0
          22.88496,38.3293,0
          22.88511,38.32944,0
          22.88514,38.32945,0
          22.88529,38.32953,0
          22.88554,38.32963,0
          22.88555,38.32964,0
          22.88589,38.32974,0
          22.8864,38.32987,0
          22.8867,38.32997,0
          22.88681,38.33003,0
          22.88688,38.33006,0
          22.887,38.33017,0
          22.88715,38.33027,0
          22.88731,38.3304,0
          22.88782,38.33076,0
          22.88783,38.33077,0
          22.88792,38.3308,0
          22.88804,38.33081,0
          22.88828,38.3308,0
          22.88848,38.33074,0
          22.88877,38.33057,0
          22.88879,38.33055,0
          22.88963,38.32997,0
          22.89028,38.32956,0
          22.89091,38.32922,0
          22.89132,38.32906,0
          22.89191,38.32886,0
          22.89245,38.32861,0
          22.89324,38.32817,0
          22.89328,38.32814,0
          22.89347,38.32804,0
          22.89565,38.32672,0
          22.89602,38.32651,0
          22.89671,38.32609,0
          22.89689,38.32599,0
          22.8978,38.32544,0
          22.89799,38.32534,0
          22.89829,38.32516,0
          22.89854,38.32499,0
          22.89872,38.32483,0
          22.90007,38.3233,0
          22.9005,38.32268,0
          22.90058,38.32254,0
          22.90066,38.32237,0
          22.9008,38.32203,0
          22.90088,38.32187,0
          22.90108,38.32154,0
          22.90113,38.32147,0
          22.90221,38.3202,0
          22.90227,38.32015,0
          22.90247,38.31996,0
          22.90272,38.31977,0
          22.90275,38.31976,0
          22.90305,38.3196,0
          22.90317,38.3196,0
          22.90305,38.31975,0
          22.90285,38.32005,0
          22.90278,38.32021,0
          22.90276,38.32024,0
          22.90244,38.32102,0
          22.90234,38.32145,0
          22.90233,38.32152,0
          22.9023,38.32163,0
          22.90227,38.32181,0
          22.90217,38.32216,0
          22.90212,38.3223,0
          22.9021,38.32233,0
          22.90201,38.3225,0
          22.9019,38.32266,0
          22.9017,38.32298,0
          22.90159,38.32314,0
          22.90139,38.32346,0
          22.90133,38.32354,0
          22.90119,38.32391,0
          22.90117,38.32409,0
          22.90116,38.32414,0
          22.90116,38.32423,0
          22.90119,38.32433,0
          22.90137,38.32462,0
          22.90147,38.32475,0
          22.90169,38.325,0
          22.9017,38.325,0
          22.90182,38.32515,0
          22.90246,38.32586,0
          22.90259,38.32605,0
          22.90274,38.32624,0
          22.90318,38.32702,0
          22.90334,38.32733,0
          22.90365,38.328,0
          22.90366,38.32801,0
          22.90376,38.32817,0
          22.9038,38.32825,0
          22.9039,38.32836,0
          22.90398,38.32842,0
          22.90431,38.32857,0
          22.90475,38.32889,0
          22.90491,38.32902,0
          22.90506,38.32916,0
          22.90519,38.32935,0
          22.90536,38.32963,0
          22.90536,38.32964,0
          22.90538,38.32969,0
          22.9054,38.32976,0
          22.90539,38.32982,0
          22.90539,38.32985,0
          22.90536,38.33007,0
          22.90536,38.33018,0
          22.90539,38.33031,0
          22.90545,38.33043,0
          22.90551,38.33052,0
          22.9056,38.33062,0
          22.90563,38.33067,0
          22.90577,38.33087,0
          22.90579,38.33091,0
          22.90589,38.33107,0
          22.90589,38.33108,0
          22.90603,38.33156,0
          22.90607,38.33174,0
          22.90611,38.33187,0
          22.90611,38.33191,0
          22.90613,38.33209,0
          22.90613,38.33227,0
          22.9061,38.33239,0
          22.90609,38.33245,0
          22.90609,38.33248,0
          22.90606,38.33256,0
          22.90601,38.33262,0
          22.90591,38.33278,0
          22.90585,38.33286,0
          22.90585,38.33287,0
          22.90582,38.333,0
          22.90582,38.33365,0
          22.90585,38.33375,0
          22.90585,38.33376,0
          22.90591,38.33388,0
          22.90601,38.33402,0
          22.90603,38.33404,0
          22.90624,38.3342,0
          22.90635,38.33426,0
          22.90655,38.33435,0
          22.90658,38.33436,0
          22.90671,38.33445,0
          22.9068,38.33456,0
          22.90685,38.33461,0
          22.90689,38.33467,0
          22.90695,38.3348,0
          22.90695,38.33483,0
          22.90694,38.33489,0
          22.90694,38.3349,0
          22.90686,38.3352,0
          22.90682,38.33525,0
          22.90679,38.3353,0
          22.90667,38.33537,0
          22.90666,38.33537,0
          22.9064,38.33547,0
          22.90607,38.33564,0
          22.90606,38.33565,0
          22.9059,38.33577,0
          22.90571,38.33593,0
          22.90561,38.33605,0
          22.90555,38.33619,0
          22.90555,38.33629,0
          22.90559,38.33641,0
          22.90567,38.33651,0
          22.90583,38.33667,0
          22.90599,38.33677,0
          22.906,38.33677,0
          22.90605,38.3368,0
          22.90664,38.33707,0
          22.90683,38.33717,0
          22.90703,38.33726,0
          22.90722,38.33736,0
          22.90781,38.33763,0
          22.90782,38.33764,0
          22.90813,38.33782,0
          22.90817,38.33786,0
          22.90829,38.33795,0
          22.90835,38.33805,0
          22.90836,38.33815,0
          22.90835,38.33837,0
          22.90837,38.33871,0
          22.90837,38.33889,0
          22.90839,38.33925,0
          22.90839,38.33943,0
          22.90847,38.33976,0
          22.90846,38.33978,0
          22.90844,38.33997,0
          22.90838,38.34013,0
          22.90838,38.34014,0
          22.9083,38.3403,0
          22.90828,38.34033,0
          22.90823,38.34058,0
          22.90821,38.34065,0
          22.90818,38.3408,0
          22.90819,38.34083,0
          22.90821,38.34087,0
          22.90826,38.34095,0
          22.90831,38.34098,0
          22.90868,38.34124,0
          22.9087,38.34125,0
          22.90885,38.34136,0
          22.90886,38.34136,0
          22.90903,38.34148,0
          22.90904,38.34149,0
          22.9091,38.34157,0
          22.90908,38.34164,0
          22.90908,38.34166,0
          22.90903,38.34171,0
          22.90892,38.34176,0
          22.90872,38.34181,0
          22.90854,38.34182,0
          22.90851,38.34183,0
          22.90841,38.34184,0
          22.90838,38.34185,0
          22.90801,38.34204,0
          22.90795,38.34209,0
          22.90793,38.3421,0
          22.9079,38.34215,0
          22.90787,38.34225,0
          22.90784,38.34243,0
          22.90774,38.3429,0
          22.90771,38.34295,0
          22.90771,38.34296,0
          22.90767,38.34301,0
          22.90742,38.34324,0
          22.90739,38.34326,0
          22.90726,38.3435,0
          22.90726,38.34357,0
          22.90725,38.34362,0
          22.90728,38.34373,0
          22.90729,38.34374,0
          22.90732,38.3438,0
          22.90738,38.34387,0
          22.90741,38.34389,0
          22.90749,38.34396,0
          22.90758,38.34402,0
          22.90789,38.34419,0
          22.9081,38.34425,0
          22.90818,38.34426,0
          22.90837,38.34426,0
          22.90851,38.34423,0
          22.90857,38.34421,0
          22.90867,38.34415,0
          22.90877,38.34405,0
          22.90882,38.34399,0
          22.90889,38.34394,0
          22.90893,38.34393,0
          22.90898,38.3439,0
          22.90905,38.34389,0
          22.90923,38.34393,0
          22.90929,38.34397,0
          22.90933,38.34401,0
          22.90934,38.34406,0
          22.90934,38.34412,0
          22.90931,38.34418,0
          22.90931,38.34419,0
          22.90925,38.34424,0
          22.90913,38.3443,0
          22.90833,38.34454,0
          22.90822,38.34456,0
          22.90811,38.34457,0
          22.90804,38.34457,0
          22.90791,38.34458,0
          22.90781,38.34457,0
          22.90759,38.34453,0
          22.90733,38.34444,0
          22.90726,38.34445,0
          22.90719,38.34449,0
          22.90718,38.3445,0
          22.90717,38.34452,0
          22.90716,38.34456,0
          22.9072,38.34462,0
          22.90726,38.34467,0
          22.90744,38.34474,0
          22.90745,38.34475,0
          22.90781,38.34481,0
          22.90789,38.3448,0
          22.9085,38.3448,0
          22.90854,38.34482,0
          22.90857,38.34484,0
          22.90858,38.34488,0
          22.90857,38.34491,0
          22.90851,38.34495,0
          22.90846,38.34496,0
          22.90844,38.34496,0
          22.9084,38.34497,0
          22.90823,38.34498,0
          22.90764,38.34498,0
          22.90754,38.34499,0
          22.90738,38.34502,0
          22.90732,38.34502,0
          22.90727,38.34501,0
          22.90713,38.345,0
          22.90705,38.34497,0
          22.90684,38.34486,0
          22.90666,38.34471,0
          22.90662,38.34469,0
          22.90659,38.34466,0
          22.90653,38.34464,0
          22.90646,38.34464,0
          22.90642,38.34465,0
          22.90637,38.34468,0
          22.90636,38.34471,0
          22.90636,38.3448,0
          22.90638,38.34491,0
          22.9064,38.34536,0
          22.90638,38.34543,0
          22.90636,38.34547,0
          22.90627,38.34561,0
          22.90623,38.34572,0
          22.90621,38.3458,0
          22.9062,38.34587,0
          22.9062,38.3459,0
          22.90618,38.34602,0
          22.90615,38.34613,0
          22.90614,38.34621,0
          22.90614,38.34623,0
          22.90612,38.34632,0
          22.90603,38.34655,0
          22.90603,38.34658,0
          22.90601,38.34665,0
          22.90598,38.34693,0
          22.90598,38.34711,0
          22.90602,38.34723,0
          22.90606,38.34746,0
          22.90605,38.34756,0
          22.90601,38.34764,0
          22.90598,38.34772,0
          22.90597,38.34782,0
          22.90595,38.3479,0
          22.90595,38.34805,0
          22.90598,38.34858,0
          22.90599,38.34862,0
          22.90598,38.34876,0
          22.90597,38.34881,0
          22.90593,38.34888,0
          22.90572,38.34907,0
          22.90563,38.34914,0
          22.90556,38.34917,0
          22.90555,38.34918,0
          22.90547,38.3493,0
          22.90545,38.34934,0
          22.90542,38.34946,0
          22.90542,38.34954,0
          22.90545,38.34972,0
          22.90545,38.34973,0
          22.90551,38.34998,0
          22.90554,38.35007,0
          22.90554,38.35008,0
          22.90565,38.35028,0
          22.90565,38.35031,0
          22.90561,38.35038,0
          22.9056,38.35041,0
          22.90556,38.35046,0
          22.90552,38.35056,0
          22.90552,38.35059,0
          22.90553,38.35067,0
          22.90554,38.35068,0
          22.90556,38.35071,0
          22.9056,38.35075,0
          22.90566,38.35079,0
          22.90579,38.35086,0
          22.90597,38.35094,0
          22.90598,38.35095,0
          22.9061,38.35101,0
          22.90622,38.35109,0
          22.90632,38.35118,0
          22.90636,38.35121,0
          22.90642,38.35128,0
          22.90645,38.35133,0
          22.90667,38.35164,0
          22.90688,38.35196,0
          22.90689,38.35198,0
          22.90697,38.35208,0
          22.90703,38.3522,0
          22.90705,38.35237,0
          22.90702,38.35256,0
          22.90701,38.35259,0
          22.90694,38.35272,0
          22.90693,38.35275,0
          22.90681,38.35287,0
          22.90681,38.35308,0
          22.90685,38.35308,0
          22.90724,38.35312,0
          22.9073,38.35311,0
          22.90742,38.3531,0
          22.90753,38.35312,0
          22.90756,38.35312,0
          22.90769,38.35314,0
          22.90777,38.35318,0
          22.90806,38.35335,0
          22.90815,38.35338,0
          22.90826,38.35349,0
          22.90827,38.35353,0
          22.90839,38.35388,0
          22.90849,38.35423,0
          22.90851,38.35428,0
          22.90852,38.35432,0
          22.90857,38.35439,0
          22.90874,38.35437,0
          22.90876,38.35436,0
          22.90885,38.35436,0
          22.90896,38.35439,0
          22.90915,38.35449,0
          22.90921,38.35454,0
          22.90934,38.35469,0
          22.90956,38.3551,0
          22.90958,38.35513,0
          22.90968,38.35525,0
          22.90973,38.35539,0
          22.90977,38.35542,0
          22.9099,38.35556,0
          22.91012,38.35588,0
          22.9102,38.35612,0
          22.9102,38.35613,0
          22.91025,38.35623,0
          22.91028,38.35625,0
          22.91032,38.35627,0
          22.91043,38.35627,0
          22.9107,38.35625,0
          22.91073,38.35624,0
          22.91076,38.35622,0
          22.91076,38.35614,0
          22.91064,38.35588,0
          22.91062,38.35581,0
          22.91062,38.35575,0
          22.91063,38.35574,0
          22.91066,38.35572,0
          22.91066,38.35563,0
          22.9107,38.35557,0
          22.91076,38.35551,0
          22.91081,38.35547,0
          22.91089,38.35542,0
          22.91094,38.35541,0
          22.91106,38.3554,0
          22.91114,38.35541,0
          22.91136,38.35546,0
          22.91158,38.35553,0
          22.91158,38.35554,0
          22.91169,38.35558,0
          22.91176,38.35563,0
          22.91177,38.35563,0
          22.91188,38.35574,0
          22.91189,38.35578,0
          22.91191,38.35582,0
          22.91193,38.35592,0
          22.91192,38.35614,0
          22.91194,38.35624,0
          22.91196,38.35631,0
          22.91198,38.35635,0
          22.91208,38.35643,0
          22.91225,38.35659,0
          22.91226,38.35659,0
          22.91234,38.35666,0
          22.91238,38.35671,0
          22.91244,38.35677,0
          22.91253,38.35691,0
          22.91258,38.35703,0
          22.91262,38.35726,0
          22.91264,38.35756,0
          22.91281,38.35802,0
          22.91287,38.3581,0
          22.91297,38.35821,0
          22.91341,38.35851,0
          22.91366,38.35864,0
          22.91369,38.35866,0
          22.91388,38.35876,0
          22.91408,38.35884,0
          22.91422,38.35886,0
          22.91431,38.35888,0
          22.91453,38.3589,0
          22.91493,38.35892,0
          22.9151,38.35895,0
          22.9152,38.35899,0
          22.91535,38.3591,0
          22.91544,38.35919,0
          22.91559,38.35943,0
          22.91561,38.35951,0
          22.91562,38.35958,0
          22.91562,38.35966,0
          22.91563,38.35976,0
          22.91557,38.35996,0
          22.91556,38.3601,0
          22.91557,38.36037,0
          22.91567,38.36067,0
          22.91572,38.36085,0
          22.91573,38.36091,0
          22.91575,38.36097,0
          22.91578,38.361,0
          22.91582,38.36103,0
          22.91587,38.36103,0
          22.91592,38.36102,0
          22.91594,38.361,0
          22.91595,38.361,0
          22.91604,38.36084,0
          22.91606,38.36077,0
          22.91617,38.36015,0
          22.91618,38.36012,0
          22.91621,38.36009,0
          22.91625,38.36008,0
          22.91632,38.3601,0
          22.91634,38.36012,0
          22.91638,38.36018,0
          22.91659,38.36088,0
          22.91665,38.36104,0
          22.91668,38.36134,0
          22.91668,38.36141,0
          22.9167,38.36159,0
          22.9167,38.36171,0
          22.91672,38.36182,0
          22.9168,38.36197,0
          22.91687,38.36203,0
          22.91691,38.36208,0
          22.91703,38.36216,0
          22.91724,38.36232,0
          22.91741,38.3626,0
          22.91744,38.36264,0
          22.91769,38.36309,0
          22.91772,38.36316,0
          22.91784,38.36339,0
          22.91787,38.36342,0
          22.91788,38.36342,0
          22.9179,38.36344,0
          22.91828,38.36359,0
          22.91845,38.36371,0
          22.9186,38.36386,0
          22.91864,38.36394,0
          22.91866,38.36401,0
          22.91866,38.36402,0
          22.91867,38.36407,0
          22.91863,38.3642,0
          22.9186,38.36427,0
          22.91859,38.36437,0
          22.91859,38.36447,0
          22.91861,38.36453,0
          22.91862,38.36455,0
          22.91863,38.3646,0
          22.91872,38.36471,0
          22.91889,38.36496,0
          22.91918,38.36533,0
          22.91927,38.36548,0
          22.91936,38.36565,0
          22.91946,38.36581,0
          22.91964,38.36614,0
          22.91974,38.3663,0
          22.91983,38.36647,0
          22.92022,38.36712,0
          22.92045,38.36743,0
          22.92056,38.36755,0
          22.92059,38.36757,0
          22.92089,38.36784,0
          22.92129,38.36828,0
          22.92148,38.36855,0
          22.92169,38.36872,0
          22.92171,38.36874,0
          22.92187,38.36883,0
          22.92207,38.36891,0
          22.9227,38.36932,0
          22.92278,38.36939,0
          22.92298,38.3696,0
          22.92331,38.37005,0
          22.92333,38.37007,0
          22.92362,38.37042,0
          22.92369,38.37053,0
          22.92426,38.37131,0
          22.92435,38.37146,0
          22.92467,38.37194,0
          22.92486,38.37218,0
          22.92498,38.37227,0
          22.92508,38.37236,0
          22.9251,38.37237,0
          22.92531,38.37268,0
          22.92566,38.37334,0
          22.92574,38.37351,0
          22.92584,38.37367,0
          22.92593,38.37384,0
          22.92604,38.37402,0
          22.92623,38.37427,0
          22.92651,38.37455,0
          22.92733,38.37523,0
          22.92743,38.37539,0
          22.92746,38.37546,0
          22.92749,38.37551,0
          22.92754,38.37562,0
          22.92754,38.37563,0
          22.92759,38.3758,0
          22.92759,38.37584,0
          22.92761,38.37596,0
          22.92764,38.37627,0
          22.92766,38.37634,0
          22.92767,38.37635,0
          22.92773,38.37645,0
          22.92793,38.37662,0
          22.92797,38.37664,0
          22.92817,38.37671,0
          22.9304,38.37773,0
          22.93163,38.37848,0
          22.93181,38.37858,0
          22.93192,38.37865,0
          22.9326,38.37896,0
          22.93412,38.37976,0
          22.93442,38.37998,0
          22.93544,38.381,0
          22.93548,38.38103,0
          22.93661,38.38211,0
          22.93665,38.38214,0
          22.93687,38.38236,0
          22.937,38.38251,0
          22.93728,38.38279,0
          22.93739,38.38293,0
          22.9375,38.38305,0
          22.93752,38.38308,0
          22.93758,38.38315,0
          22.93773,38.38359,0
          22.93781,38.38389,0
          22.93789,38.38409,0
          22.93791,38.38411,0
          22.93802,38.38427,0
          22.93861,38.38504,0
          22.93871,38.3852,0
          22.93883,38.38536,0
          22.93915,38.38555,0
          22.93935,38.38564,0
          22.93954,38.38574,0
          22.93974,38.38583,0
          22.93993,38.38593,0
          22.94008,38.38606,0
          22.94021,38.38621,0
          22.94037,38.38637,0
          22.94103,38.38697,0
          22.94109,38.38704,0
          22.94137,38.38732,0
          22.94144,38.3874,0
          22.94184,38.38807,0
          22.94193,38.38816,0
          22.94219,38.38846,0
          22.9422,38.38846,0
          22.94296,38.38937,0
          22.94329,38.38984,0
          22.94339,38.39,0
          22.94367,38.3904,0
          22.94382,38.39064,0
          22.94384,38.39066,0
          22.94384,38.39067,0
          22.94395,38.39083,0
          22.94415,38.39115,0
          22.94418,38.39119,0
          22.94516,38.39281,0
          22.94525,38.39298,0
          22.94565,38.39363,0
          22.94583,38.39415,0
          22.94593,38.3945,0
          22.94602,38.39487,0
          22.94603,38.39501,0
          22.94619,38.39507,0
          22.94635,38.39512,0
          22.94778,38.39563,0
          22.94779,38.39564,0
          22.94821,38.39575,0
          22.94908,38.39606,0
          22.94948,38.39624,0
          22.94968,38.39632,0
          22.95038,38.39664,0
          22.95041,38.39666,0
          22.95128,38.39705,0
          22.95141,38.3971,0
          22.95181,38.39728,0
          22.95201,38.39736,0
          22.95341,38.39799,0
          22.95361,38.39807,0
          22.95401,38.39825,0
          22.95402,38.39826,0
          22.95484,38.39863,0
          22.95502,38.39872,0
          22.95557,38.39904,0
          22.95576,38.39914,0
          22.9558,38.39917,0
          22.95594,38.39925,0
          22.95611,38.39937,0
          22.95629,38.39948,0
          22.95646,38.3996,0
          22.95651,38.39963,0
          22.95723,38.40019,0
          22.95764,38.40056,0
          22.95823,38.40113,0
          22.95836,38.40128,0
          22.95885,38.40177,0
          22.95912,38.40202,0
          22.95914,38.40205,0
          22.96212,38.40504,0
          22.96224,38.40515,0
          22.96363,38.40657,0
          22.96378,38.4065,0
          22.96519,38.40577,0
          22.96524,38.40575,0
          22.96531,38.40571,0
          22.9655,38.40562,0
          22.96711,38.40478,0
          22.96717,38.40474,0
          22.96859,38.40399,0
          22.96896,38.40378,0
          22.96981,38.40334,0
          22.97007,38.40318,0
          22.97009,38.40316,0
          22.97078,38.40272,0
          22.97082,38.40269,0
          22.97224,38.40182,0
          22.97242,38.4017,0
          22.97313,38.40127,0
          22.97366,38.40093,0
          22.97367,38.40093,0
          22.97452,38.40038,0
          22.97579,38.39961,0
          22.97583,38.39958,0
          22.97723,38.39872,0
          22.97727,38.39869,0
          22.97818,38.39813,0
          22.97821,38.39812,0
          22.98018,38.39688,0
          22.98029,38.39682,0
          22.98042,38.39673,0
          22.98315,38.39504,0
          22.98439,38.39459,0
          22.98455,38.39454,0
          22.98476,38.39446,0
          22.98518,38.39432,0
          22.98533,38.39426,0
          22.98596,38.39405,0
          22.98609,38.394,0
          22.98707,38.39368,0
          22.98709,38.39367,0
          22.98961,38.3928,0
          22.98983,38.39275,0
          22.98985,38.39274,0
          22.99027,38.39266,0
          22.99037,38.39265,0
          22.99042,38.39264,0
          22.99043,38.39264,0
          22.9905,38.39262,0
          22.99095,38.39255,0
          22.99106,38.39254,0
          22.99174,38.39244,0
          22.99187,38.39243,0
          22.99209,38.39239,0
          22.99254,38.39233,0
          22.99277,38.39229,0
          22.99322,38.39223,0
          22.99357,38.39217,0
          22.99439,38.39206,0
          22.99461,38.39202,0
          22.99506,38.39196,0
          22.99529,38.39192,0
          22.99574,38.39186,0
          22.99596,38.39182,0
          22.99642,38.39176,0
          22.99664,38.39172,0
          22.99732,38.39163,0
          22.99754,38.39159,0
          22.99799,38.39153,0
          22.99822,38.39149,0
          22.99867,38.39143,0
          22.9989,38.39139,0
          22.99935,38.39133,0
          22.99957,38.39129,0
          23.00038,38.39118,0
          23.0006,38.39114,0
          23.00123,38.39106,0
          23.00145,38.39102,0
          23.0019,38.39096,0
          23.00213,38.39092,0
          23.00323,38.39077,0
          23.00345,38.39073,0
          23.00771,38.3901,0
          23.00774,38.39009,0
          23.00817,38.38999,0
          23.00818,38.38999,0
          23.00831,38.38995,0
          23.00898,38.3898,0
          23.00899,38.3898,0
          23.01024,38.38958,0
          23.01103,38.38947,0
          23.01125,38.38943,0
          23.01193,38.38934,0
          23.01216,38.3893,0
          23.01261,38.38924,0
          23.01283,38.3892,0
          23.01329,38.38914,0
          23.01332,38.38913,0
          23.01377,38.38907,0
          23.01399,38.38903,0
          23.0141,38.38902,0
          23.01422,38.38899,0
          23.01534,38.38879,0
          23.01629,38.38855,0
          23.01631,38.38854,0
          23.01655,38.38846,0
          23.01749,38.38808,0
          23.01789,38.3879,0
          23.01809,38.38782,0
          23.01869,38.38755,0
          23.02043,38.38683,0
          23.02103,38.38656,0
          23.02124,38.38648,0
          23.02144,38.38639,0
          23.02157,38.38634,0
          23.02224,38.38604,0
          23.02244,38.38596,0
          23.02304,38.38569,0
          23.02324,38.38561,0
          23.02424,38.38516,0
          23.02444,38.38508,0
          23.02564,38.38454,0
          23.02584,38.38446,0
          23.0264,38.38421,0
          23.02661,38.38413,0
          23.02733,38.38382,0
          23.02741,38.38378,0
          23.02761,38.3837,0
          23.02838,38.38335,0
          23.02858,38.38327,0
          23.02958,38.38282,0
          23.02978,38.38274,0
          23.0301,38.38259,0
          23.03115,38.38215,0
          23.03215,38.3817,0
          23.03235,38.38162,0
          23.03275,38.38144,0
          23.03295,38.38136,0
          23.03335,38.38118,0
          23.03356,38.3811,0
          23.03537,38.38033,0
          23.0366,38.37987,0
          23.03661,38.37986,0
          23.03766,38.37949,0
          23.03786,38.37941,0
          23.03829,38.37927,0
          23.0385,38.37919,0
          23.03892,38.37905,0
          23.03954,38.37882,0
          23.03996,38.37868,0
          23.04189,38.37797,0
          23.04283,38.3776,0
          23.04325,38.37746,0
          23.04341,38.37739,0
          23.04414,38.37712,0
          23.04418,38.37711,0
          23.0446,38.37696,0
          23.04462,38.37695,0
          23.04509,38.37678,0
          23.04581,38.37659,0
          23.0459,38.37656,0
          23.04613,38.37652,0
          23.04635,38.37647,0
          23.0468,38.37639,0
          23.04706,38.37636,0
          23.04735,38.37634,0
          23.04812,38.37633,0
          23.04879,38.3763,0
          23.04947,38.37621,0
          23.0495,38.37621,0
          23.05105,38.37597,0
          23.05109,38.37597,0
          23.05195,38.37585,0
          23.05285,38.37577,0
          23.05327,38.37572,0
          23.0533,38.37572,0
          23.05398,38.37563,0
          23.05412,38.37562,0
          23.05466,38.37555,0
          23.05489,38.37553,0
          23.05534,38.37547,0
          23.05557,38.37545,0
          23.05898,38.37504,0
          23.05921,38.37502,0
          23.05966,38.37496,0
          23.05989,38.37494,0
          23.05994,38.37493,0
          23.06048,38.37488,0
          23.06097,38.37486,0
          23.06125,38.37486,0
          23.06145,38.37485,0
          23.06148,38.37486,0
          23.06171,38.37487,0
          23.06284,38.37501,0
          23.06287,38.37502,0
          23.06393,38.3751,0
          23.06438,38.37516,0
          23.0657,38.3753,0
          23.06609,38.37531,0
          23.06614,38.37532,0
          23.06644,38.37529,0
          23.06655,38.37527,0
          23.06985,38.37483,0
          23.07176,38.37464,0
          23.07215,38.37462,0
          23.07245,38.37462,0
          23.07251,38.37463,0
          23.07359,38.37469,0
          23.07451,38.37477,0
          23.07473,38.37478,0
          23.07518,38.37483,0
          23.07559,38.3749,0
          23.07563,38.37492,0
          23.07582,38.37496,0
          23.07604,38.37502,0
          23.07607,38.37504,0
          23.07649,38.37518,0
          23.0765,38.37518,0
          23.07676,38.37524,0
          23.07739,38.37532,0
          23.07807,38.37538,0
          23.07846,38.37539,0
          23.07868,38.37536,0
          23.07978,38.37512,0
          23.07979,38.37512,0
          23.08023,38.37502,0
          23.08045,38.37498,0
          23.08052,38.37496,0
          23.08068,38.37494,0
          23.08108,38.37487,0
          23.08113,38.37487,0
          23.08147,38.37482,0
          23.08174,38.3748,0
          23.08181,38.37479,0
          23.0819,38.37479,0
          23.08204,38.37478,0
          23.08227,38.37478,0
          23.08234,38.37477,0
          23.08295,38.37479,0
          23.08318,38.37481,0
          23.08327,38.37481,0
          23.0835,38.37483,0
          23.08361,38.37483,0
          23.08489,38.3749,0
          23.08512,38.3749,0
          23.0853,38.37489,0
          23.08587,38.37481,0
          23.08811,38.37441,0
          23.08855,38.37431,0
          23.08877,38.37427,0
          23.08944,38.37412,0
          23.08948,38.37412,0
          23.0896,38.37407,0
          23.08991,38.374,0
          23.08995,38.374,0
          23.09036,38.37393,0
          23.09038,38.37393,0
          23.0911,38.37383,0
          23.09133,38.37381,0
          23.09201,38.37372,0
          23.09224,38.3737,0
          23.09228,38.37369,0
          23.09364,38.37357,0
          23.0944,38.37347,0
          23.09463,38.37345,0
          23.09468,38.37344,0
          23.09514,38.37339,0
          23.09519,38.37339,0
          23.09581,38.37331,0
          23.09583,38.37331,0
          23.09606,38.37328,0
          23.09652,38.37324,0
          23.09682,38.3732,0
          23.09725,38.37316,0
          23.09732,38.37316,0
          23.09748,38.37314,0
          23.09752,38.37313,0
          23.09827,38.37306,0
          23.09872,38.373,0
          23.09918,38.37296,0
          23.09924,38.37296,0
          23.10019,38.37286,0
          23.10026,38.37286,0
          23.1003,38.37308,0
          23.10034,38.37325,0
          23.10037,38.37343,0
          23.10045,38.37379,0
          23.10046,38.3738,0
          23.10047,38.3739,0
          23.10049,38.374,0
          23.10155,38.37386,0
          23.1016,38.37386,0
          23.10182,38.37384,0
          23.10191,38.37384,0
          23.10216,38.37386,0
          23.10243,38.37394,0
          23.10248,38.37396,0
          23.10268,38.37406,0
          23.10271,38.37406,0
          23.10298,38.3741,0
          23.10339,38.37406,0
          23.10361,38.37402,0
          23.10407,38.37397,0
          23.10412,38.37397,0
          23.10539,38.37362,0
          23.10561,38.37357,0
          23.10604,38.37345,0
          23.10641,38.37362,0
        </coordinates>
      </LineString>
    </Placemark>
    <Placemark>
      <name>Attaleias 56, Nikaia</name>
      <styleUrl>#icon-1899-DB4436-nodesc</styleUrl>
      <Point>
        <coordinates>
          23.6491996,37.9682256,0
        </coordinates>
      </Point>
    </Placemark>
    <Placemark>
      <name>Arvanitsa, Kyriaki</name>
      <styleUrl>#icon-1899-DB4436-nodesc</styleUrl>
      <Point>
        <coordinates>
          22.8536651,38.3223486,0
        </coordinates>
      </Point>
    </Placemark>
    <Placemark>
      <name>Aliartos</name>
      <styleUrl>#icon-1899-DB4436-nodesc</styleUrl>
      <Point>
        <coordinates>
          23.1064081,38.373624,0
        </coordinates>
      </Point>
    </Placemark>
  </Document>
</kml>
