<?xml version="1.0" encoding="UTF-8"?>
<gpx version="1.1" creator="Kurviger" xmlns="http://www.topografix.com/GPX/1/1" xmlns:xsi="http://www.w3.org/2001/XMLSchema-instance" xsi:schemaLocation="http://www.topografix.com/GPX/1/1 http://www.topografix.com/GPX/1/1/gpx.xsd http://www.garmin.com/xmlschemas/GpxExtensions/v3 http://www.garmin.com/xmlschemas/GpxExtensionsv3.xsd http://www.garmin.com/xmlschemas/TripExtensions/v1 http://www.garmin.com/xmlschemas/TripExtensionsv1.xsd" xmlns:gpxx="http://www.garmin.com/xmlschemas/GpxExtensions/v3" xmlns:trp="http://www.garmin.com/xmlschemas/TripExtensions/v1">
	<metadata>
		<name>Municipality of Nikaia-Agios Ioannis Rentis - Πύργος, Mantoudi - Limni - Aghia Anna Municipality</name>
		<copyright author="OpenStreetMap contributors"/>
		<link href="https://kurviger.com">
			<text>Kurviger.com GPX</text>
		</link>
		<time>2026-08-24T15:46:38.344Z</time>
	</metadata>
	<wpt lat="37.968838" lon="23.649085">
		<name>Start</name>
		<sym>Flag, Green</sym>
		<type>start</type>
	</wpt>
	<wpt lat="38.774088" lon="23.491593">
		<name>Destination</name>
		<sym>Flag, Red</sym>
		<type>destination</type>
	</wpt>
	<trk>
		<name>Municipality of Nikaia-Agios Ioannis Rentis - Πύργος, Mantoudi - Limni - Aghia Anna Municipality</name>
		<trkseg>
			<trkpt lat="37.96877" lon="23.64911">
				<ele>43.46</ele>
				<time>2026-08-24T15:46:38.344Z</time>
			</trkpt>
			<trkpt lat="37.96895" lon="23.64969">
				<ele>42.23</ele>
				<time>2026-08-24T15:46:47.374Z</time>
			</trkpt>
			<trkpt lat="37.96942" lon="23.64944">
				<ele>41.16</ele>
				<time>2026-08-24T15:46:52.580Z</time>
			</trkpt>
			<trkpt lat="37.97207" lon="23.65775">
				<ele>35.08</ele>
				<time>2026-08-24T15:48:11.868Z</time>
			</trkpt>
			<trkpt lat="37.97314" lon="23.66116">
				<ele>30.13</ele>
				<time>2026-08-24T15:48:45.929Z</time>
			</trkpt>
			<trkpt lat="37.9732" lon="23.66132">
				<ele>29.63</ele>
				<time>2026-08-24T15:48:47.584Z</time>
			</trkpt>
			<trkpt lat="37.97467" lon="23.66416">
				<ele>28.83</ele>
				<time>2026-08-24T15:49:19.388Z</time>
			</trkpt>
			<trkpt lat="37.97501" lon="23.66472">
				<ele>26.91</ele>
				<time>2026-08-24T15:49:26.003Z</time>
			</trkpt>
			<trkpt lat="37.97598" lon="23.66664">
				<ele>27.1</ele>
				<time>2026-08-24T15:49:47.277Z</time>
			</trkpt>
			<trkpt lat="37.97613" lon="23.66698">
				<ele>26.55</ele>
				<time>2026-08-24T15:49:50.896Z</time>
			</trkpt>
			<trkpt lat="37.97618" lon="23.66714">
				<ele>26.29</ele>
				<time>2026-08-24T15:49:52.493Z</time>
			</trkpt>
			<trkpt lat="37.9764" lon="23.66797">
				<ele>25.04</ele>
				<time>2026-08-24T15:50:00.598Z</time>
			</trkpt>
			<trkpt lat="37.97643" lon="23.66832">
				<ele>24.43</ele>
				<time>2026-08-24T15:50:03.847Z</time>
			</trkpt>
			<trkpt lat="37.97643" lon="23.6688">
				<ele>23.56</ele>
				<time>2026-08-24T15:50:08.266Z</time>
			</trkpt>
			<trkpt lat="37.97636" lon="23.66967">
				<ele>22.04</ele>
				<time>2026-08-24T15:50:16.285Z</time>
			</trkpt>
			<trkpt lat="37.97613" lon="23.67159">
				<ele>19.05</ele>
				<time>2026-08-24T15:50:33.913Z</time>
			</trkpt>
			<trkpt lat="37.97611" lon="23.67195">
				<ele>18.98</ele>
				<time>2026-08-24T15:50:37.158Z</time>
			</trkpt>
			<trkpt lat="37.97625" lon="23.67627">
				<ele>21.25</ele>
				<time>2026-08-24T15:51:15.084Z</time>
			</trkpt>
			<trkpt lat="37.97631" lon="23.67732">
				<ele>21.93</ele>
				<time>2026-08-24T15:51:24.007Z</time>
			</trkpt>
			<trkpt lat="37.97899" lon="23.67925">
				<ele>23</ele>
				<time>2026-08-24T15:51:56.642Z</time>
			</trkpt>
			<trkpt lat="37.9797" lon="23.67973">
				<ele>23.96</ele>
				<time>2026-08-24T15:52:03.770Z</time>
			</trkpt>
			<trkpt lat="37.98133" lon="23.68086">
				<ele>26.27</ele>
				<time>2026-08-24T15:52:18.884Z</time>
			</trkpt>
			<trkpt lat="37.98177" lon="23.68105">
				<ele>26.41</ele>
				<time>2026-08-24T15:52:22.657Z</time>
			</trkpt>
			<trkpt lat="37.98843" lon="23.68583">
				<ele>29.62</ele>
				<time>2026-08-24T15:53:24.290Z</time>
			</trkpt>
			<trkpt lat="37.9888" lon="23.68617">
				<ele>30.12</ele>
				<time>2026-08-24T15:53:27.940Z</time>
			</trkpt>
			<trkpt lat="37.99173" lon="23.68943">
				<ele>34.5</ele>
				<time>2026-08-24T15:53:58.952Z</time>
			</trkpt>
			<trkpt lat="37.99311" lon="23.69101">
				<ele>32.65</ele>
				<time>2026-08-24T15:54:13.661Z</time>
			</trkpt>
			<trkpt lat="37.99417" lon="23.69231">
				<ele>34.72</ele>
				<time>2026-08-24T15:54:25.290Z</time>
			</trkpt>
			<trkpt lat="37.99474" lon="23.69298">
				<ele>37.51</ele>
				<time>2026-08-24T15:54:31.406Z</time>
			</trkpt>
			<trkpt lat="37.99587" lon="23.69423">
				<ele>40.02</ele>
				<time>2026-08-24T15:54:43.180Z</time>
			</trkpt>
			<trkpt lat="37.99639" lon="23.69481">
				<ele>41.99</ele>
				<time>2026-08-24T15:54:48.606Z</time>
			</trkpt>
			<trkpt lat="37.99716" lon="23.69576">
				<ele>42.6</ele>
				<time>2026-08-24T15:54:57.008Z</time>
			</trkpt>
			<trkpt lat="37.99745" lon="23.69615">
				<ele>42.74</ele>
				<time>2026-08-24T15:55:00.310Z</time>
			</trkpt>
			<trkpt lat="37.99769" lon="23.69647">
				<ele>44.12</ele>
				<time>2026-08-24T15:55:03.028Z</time>
			</trkpt>
			<trkpt lat="37.99798" lon="23.69698">
				<ele>47.15</ele>
				<time>2026-08-24T15:55:06.894Z</time>
			</trkpt>
			<trkpt lat="37.99848" lon="23.69804">
				<ele>47.13</ele>
				<time>2026-08-24T15:55:14.477Z</time>
			</trkpt>
			<trkpt lat="38.00018" lon="23.70187">
				<ele>45.56</ele>
				<time>2026-08-24T15:55:41.346Z</time>
			</trkpt>
			<trkpt lat="38.00032" lon="23.70222">
				<ele>48.62</ele>
				<time>2026-08-24T15:55:43.737Z</time>
			</trkpt>
			<trkpt lat="38.00125" lon="23.7047">
				<ele>51.9</ele>
				<time>2026-08-24T15:56:00.424Z</time>
			</trkpt>
			<trkpt lat="38.00146" lon="23.70516">
				<ele>51.59</ele>
				<time>2026-08-24T15:56:03.646Z</time>
			</trkpt>
			<trkpt lat="38.00165" lon="23.70548">
				<ele>51.36</ele>
				<time>2026-08-24T15:56:06.073Z</time>
			</trkpt>
			<trkpt lat="38.00203" lon="23.70611">
				<ele>50.91</ele>
				<time>2026-08-24T15:56:10.874Z</time>
			</trkpt>
			<trkpt lat="38.00267" lon="23.70701">
				<ele>50.25</ele>
				<time>2026-08-24T15:56:18.198Z</time>
			</trkpt>
			<trkpt lat="38.00378" lon="23.70835">
				<ele>50.78</ele>
				<time>2026-08-24T15:56:29.917Z</time>
			</trkpt>
			<trkpt lat="38.00423" lon="23.70893">
				<ele>46.69</ele>
				<time>2026-08-24T15:56:34.813Z</time>
			</trkpt>
			<trkpt lat="38.00451" lon="23.70939">
				<ele>46.97</ele>
				<time>2026-08-24T15:56:38.306Z</time>
			</trkpt>
			<trkpt lat="38.00474" lon="23.7099">
				<ele>49.2</ele>
				<time>2026-08-24T15:56:41.834Z</time>
			</trkpt>
			<trkpt lat="38.00507" lon="23.71083">
				<ele>51.56</ele>
				<time>2026-08-24T15:56:47.950Z</time>
			</trkpt>
			<trkpt lat="38.0053" lon="23.71138">
				<ele>51.22</ele>
				<time>2026-08-24T15:56:51.679Z</time>
			</trkpt>
			<trkpt lat="38.00557" lon="23.71188">
				<ele>47.69</ele>
				<time>2026-08-24T15:56:55.306Z</time>
			</trkpt>
			<trkpt lat="38.00578" lon="23.7122">
				<ele>46.13</ele>
				<time>2026-08-24T15:56:57.795Z</time>
			</trkpt>
			<trkpt lat="38.00616" lon="23.71264">
				<ele>49.02</ele>
				<time>2026-08-24T15:57:01.695Z</time>
			</trkpt>
			<trkpt lat="38.00803" lon="23.7146">
				<ele>53.88</ele>
				<time>2026-08-24T15:57:20.032Z</time>
			</trkpt>
			<trkpt lat="38.00826" lon="23.71489">
				<ele>54.41</ele>
				<time>2026-08-24T15:57:22.477Z</time>
			</trkpt>
			<trkpt lat="38.00847" lon="23.71519">
				<ele>54.93</ele>
				<time>2026-08-24T15:57:24.860Z</time>
			</trkpt>
			<trkpt lat="38.0096" lon="23.71712">
				<ele>56.7</ele>
				<time>2026-08-24T15:57:39.108Z</time>
			</trkpt>
			<trkpt lat="38.00973" lon="23.71729">
				<ele>55.98</ele>
				<time>2026-08-24T15:57:40.509Z</time>
			</trkpt>
			<trkpt lat="38.00991" lon="23.71749">
				<ele>56.66</ele>
				<time>2026-08-24T15:57:42.304Z</time>
			</trkpt>
			<trkpt lat="38.01025" lon="23.71778">
				<ele>59.92</ele>
				<time>2026-08-24T15:57:45.375Z</time>
			</trkpt>
			<trkpt lat="38.01069" lon="23.71803">
				<ele>63.41</ele>
				<time>2026-08-24T15:57:48.987Z</time>
			</trkpt>
			<trkpt lat="38.01102" lon="23.71814">
				<ele>63.45</ele>
				<time>2026-08-24T15:57:51.541Z</time>
			</trkpt>
			<trkpt lat="38.01277" lon="23.71834">
				<ele>62.84</ele>
				<time>2026-08-24T15:58:04.669Z</time>
			</trkpt>
			<trkpt lat="38.01423" lon="23.71871">
				<ele>64.16</ele>
				<time>2026-08-24T15:58:15.759Z</time>
			</trkpt>
			<trkpt lat="38.01443" lon="23.71879">
				<ele>64.36</ele>
				<time>2026-08-24T15:58:17.318Z</time>
			</trkpt>
			<trkpt lat="38.01487" lon="23.719">
				<ele>64.79</ele>
				<time>2026-08-24T15:58:20.812Z</time>
			</trkpt>
			<trkpt lat="38.01535" lon="23.71928">
				<ele>65.27</ele>
				<time>2026-08-24T15:58:24.734Z</time>
			</trkpt>
			<trkpt lat="38.01597" lon="23.71973">
				<ele>65.96</ele>
				<time>2026-08-24T15:58:30.031Z</time>
			</trkpt>
			<trkpt lat="38.0165" lon="23.72022">
				<ele>62.95</ele>
				<time>2026-08-24T15:58:34.888Z</time>
			</trkpt>
			<trkpt lat="38.01702" lon="23.7208">
				<ele>65.89</ele>
				<time>2026-08-24T15:58:40.009Z</time>
			</trkpt>
			<trkpt lat="38.01744" lon="23.72136">
				<ele>63.32</ele>
				<time>2026-08-24T15:58:44.509Z</time>
			</trkpt>
			<trkpt lat="38.01847" lon="23.72279">
				<ele>65.55</ele>
				<time>2026-08-24T15:58:55.765Z</time>
			</trkpt>
			<trkpt lat="38.01895" lon="23.72333">
				<ele>66.66</ele>
				<time>2026-08-24T15:59:00.485Z</time>
			</trkpt>
			<trkpt lat="38.01939" lon="23.72371">
				<ele>70.83</ele>
				<time>2026-08-24T15:59:04.397Z</time>
			</trkpt>
			<trkpt lat="38.02032" lon="23.72436">
				<ele>62.99</ele>
				<time>2026-08-24T15:59:12.189Z</time>
			</trkpt>
			<trkpt lat="38.021" lon="23.72481">
				<ele>74.83</ele>
				<time>2026-08-24T15:59:17.809Z</time>
			</trkpt>
			<trkpt lat="38.02142" lon="23.72499">
				<ele>71.38</ele>
				<time>2026-08-24T15:59:21.053Z</time>
			</trkpt>
			<trkpt lat="38.02188" lon="23.72515">
				<ele>67.83</ele>
				<time>2026-08-24T15:59:24.541Z</time>
			</trkpt>
			<trkpt lat="38.02361" lon="23.72563">
				<ele>74.43</ele>
				<time>2026-08-24T15:59:37.464Z</time>
			</trkpt>
			<trkpt lat="38.02459" lon="23.72596">
				<ele>77.07</ele>
				<time>2026-08-24T15:59:44.844Z</time>
			</trkpt>
			<trkpt lat="38.02539" lon="23.72634">
				<ele>73.63</ele>
				<time>2026-08-24T15:59:51.050Z</time>
			</trkpt>
			<trkpt lat="38.02624" lon="23.72683">
				<ele>76.09</ele>
				<time>2026-08-24T15:59:57.823Z</time>
			</trkpt>
			<trkpt lat="38.02665" lon="23.72703">
				<ele>83.34</ele>
				<time>2026-08-24T16:00:01.005Z</time>
			</trkpt>
			<trkpt lat="38.0284" lon="23.72768">
				<ele>79.98</ele>
				<time>2026-08-24T16:00:14.187Z</time>
			</trkpt>
			<trkpt lat="38.02942" lon="23.72813">
				<ele>76.32</ele>
				<time>2026-08-24T16:00:21.974Z</time>
			</trkpt>
			<trkpt lat="38.02988" lon="23.72838">
				<ele>76.35</ele>
				<time>2026-08-24T16:00:25.576Z</time>
			</trkpt>
			<trkpt lat="38.03042" lon="23.72871">
				<ele>76.81</ele>
				<time>2026-08-24T16:00:29.887Z</time>
			</trkpt>
			<trkpt lat="38.03127" lon="23.72929">
				<ele>84.13</ele>
				<time>2026-08-24T16:00:36.818Z</time>
			</trkpt>
			<trkpt lat="38.03385" lon="23.73111">
				<ele>84.27</ele>
				<time>2026-08-24T16:00:57.941Z</time>
			</trkpt>
			<trkpt lat="38.03697" lon="23.73327">
				<ele>96.34</ele>
				<time>2026-08-24T16:01:23.222Z</time>
			</trkpt>
			<trkpt lat="38.03762" lon="23.73367">
				<ele>96.65</ele>
				<time>2026-08-24T16:01:28.341Z</time>
			</trkpt>
			<trkpt lat="38.0381" lon="23.73392">
				<ele>99.56</ele>
				<time>2026-08-24T16:01:32.013Z</time>
			</trkpt>
			<trkpt lat="38.03832" lon="23.73399">
				<ele>101.35</ele>
				<time>2026-08-24T16:01:33.618Z</time>
			</trkpt>
			<trkpt lat="38.0388" lon="23.73412">
				<ele>104.8</ele>
				<time>2026-08-24T16:01:37.087Z</time>
			</trkpt>
			<trkpt lat="38.03925" lon="23.73421">
				<ele>101.59</ele>
				<time>2026-08-24T16:01:40.305Z</time>
			</trkpt>
			<trkpt lat="38.04082" lon="23.73442">
				<ele>94.02</ele>
				<time>2026-08-24T16:01:51.434Z</time>
			</trkpt>
			<trkpt lat="38.04142" lon="23.73454">
				<ele>90.75</ele>
				<time>2026-08-24T16:01:55.708Z</time>
			</trkpt>
			<trkpt lat="38.04184" lon="23.73464">
				<ele>94.18</ele>
				<time>2026-08-24T16:01:58.711Z</time>
			</trkpt>
			<trkpt lat="38.04236" lon="23.73485">
				<ele>96.44</ele>
				<time>2026-08-24T16:02:02.544Z</time>
			</trkpt>
			<trkpt lat="38.04281" lon="23.73509">
				<ele>100.77</ele>
				<time>2026-08-24T16:02:05.968Z</time>
			</trkpt>
			<trkpt lat="38.04333" lon="23.73547">
				<ele>99.29</ele>
				<time>2026-08-24T16:02:10.174Z</time>
			</trkpt>
			<trkpt lat="38.04374" lon="23.73587">
				<ele>99.34</ele>
				<time>2026-08-24T16:02:13.795Z</time>
			</trkpt>
			<trkpt lat="38.0451" lon="23.73762">
				<ele>107.94</ele>
				<time>2026-08-24T16:02:27.323Z</time>
			</trkpt>
			<trkpt lat="38.0499" lon="23.74285">
				<ele>118.94</ele>
				<time>2026-08-24T16:03:11.189Z</time>
			</trkpt>
			<trkpt lat="38.05046" lon="23.74343">
				<ele>120.83</ele>
				<time>2026-08-24T16:03:16.169Z</time>
			</trkpt>
			<trkpt lat="38.05118" lon="23.74411">
				<ele>124.15</ele>
				<time>2026-08-24T16:03:22.344Z</time>
			</trkpt>
			<trkpt lat="38.05152" lon="23.74435">
				<ele>125.2</ele>
				<time>2026-08-24T16:03:25.018Z</time>
			</trkpt>
			<trkpt lat="38.05204" lon="23.74466">
				<ele>122.57</ele>
				<time>2026-08-24T16:03:28.964Z</time>
			</trkpt>
			<trkpt lat="38.05258" lon="23.74492">
				<ele>126.85</ele>
				<time>2026-08-24T16:03:32.926Z</time>
			</trkpt>
			<trkpt lat="38.05291" lon="23.74505">
				<ele>127.29</ele>
				<time>2026-08-24T16:03:35.295Z</time>
			</trkpt>
			<trkpt lat="38.0561" lon="23.74619">
				<ele>130.36</ele>
				<time>2026-08-24T16:03:57.940Z</time>
			</trkpt>
			<trkpt lat="38.05676" lon="23.74646">
				<ele>131.69</ele>
				<time>2026-08-24T16:04:02.661Z</time>
			</trkpt>
			<trkpt lat="38.05739" lon="23.74678">
				<ele>133.11</ele>
				<time>2026-08-24T16:04:07.276Z</time>
			</trkpt>
			<trkpt lat="38.05835" lon="23.74731">
				<ele>141.37</ele>
				<time>2026-08-24T16:04:14.384Z</time>
			</trkpt>
			<trkpt lat="38.05875" lon="23.74755">
				<ele>135.37</ele>
				<time>2026-08-24T16:04:17.384Z</time>
			</trkpt>
			<trkpt lat="38.06083" lon="23.74894">
				<ele>150.99</ele>
				<time>2026-08-24T16:04:33.285Z</time>
			</trkpt>
			<trkpt lat="38.06356" lon="23.75073">
				<ele>153.45</ele>
				<time>2026-08-24T16:04:53.971Z</time>
			</trkpt>
			<trkpt lat="38.06404" lon="23.75106">
				<ele>157.43</ele>
				<time>2026-08-24T16:04:57.634Z</time>
			</trkpt>
			<trkpt lat="38.06433" lon="23.75131">
				<ele>160.5</ele>
				<time>2026-08-24T16:04:59.985Z</time>
			</trkpt>
			<trkpt lat="38.06463" lon="23.75159">
				<ele>158.84</ele>
				<time>2026-08-24T16:05:02.480Z</time>
			</trkpt>
			<trkpt lat="38.06507" lon="23.75208">
				<ele>159.13</ele>
				<time>2026-08-24T16:05:06.399Z</time>
			</trkpt>
			<trkpt lat="38.06539" lon="23.7525">
				<ele>161.61</ele>
				<time>2026-08-24T16:05:09.478Z</time>
			</trkpt>
			<trkpt lat="38.06558" lon="23.7528">
				<ele>162.97</ele>
				<time>2026-08-24T16:05:11.505Z</time>
			</trkpt>
			<trkpt lat="38.06596" lon="23.75358">
				<ele>159.97</ele>
				<time>2026-08-24T16:05:16.329Z</time>
			</trkpt>
			<trkpt lat="38.06717" lon="23.75649">
				<ele>170.48</ele>
				<time>2026-08-24T16:05:33.588Z</time>
			</trkpt>
			<trkpt lat="38.07504" lon="23.77607">
				<ele>204.77</ele>
				<time>2026-08-24T16:07:26.938Z</time>
			</trkpt>
			<trkpt lat="38.07536" lon="23.77675">
				<ele>206.64</ele>
				<time>2026-08-24T16:07:30.961Z</time>
			</trkpt>
			<trkpt lat="38.07571" lon="23.77747">
				<ele>205.49</ele>
				<time>2026-08-24T16:07:35.254Z</time>
			</trkpt>
			<trkpt lat="38.07604" lon="23.77805">
				<ele>206.02</ele>
				<time>2026-08-24T16:07:38.880Z</time>
			</trkpt>
			<trkpt lat="38.0764" lon="23.77863">
				<ele>207.97</ele>
				<time>2026-08-24T16:07:42.620Z</time>
			</trkpt>
			<trkpt lat="38.07691" lon="23.77937">
				<ele>205.75</ele>
				<time>2026-08-24T16:07:47.593Z</time>
			</trkpt>
			<trkpt lat="38.07738" lon="23.77997">
				<ele>208.37</ele>
				<time>2026-08-24T16:07:51.869Z</time>
			</trkpt>
			<trkpt lat="38.07828" lon="23.78095">
				<ele>203.39</ele>
				<time>2026-08-24T16:07:59.463Z</time>
			</trkpt>
			<trkpt lat="38.07861" lon="23.78128">
				<ele>204.6</ele>
				<time>2026-08-24T16:08:02.150Z</time>
			</trkpt>
			<trkpt lat="38.07931" lon="23.78189">
				<ele>204.88</ele>
				<time>2026-08-24T16:08:07.576Z</time>
			</trkpt>
			<trkpt lat="38.08663" lon="23.78753">
				<ele>226.8</ele>
				<time>2026-08-24T16:09:01.874Z</time>
			</trkpt>
			<trkpt lat="38.08677" lon="23.78763">
				<ele>226.7</ele>
				<time>2026-08-24T16:09:02.885Z</time>
			</trkpt>
			<trkpt lat="38.08715" lon="23.78793">
				<ele>224.02</ele>
				<time>2026-08-24T16:09:05.701Z</time>
			</trkpt>
			<trkpt lat="38.09131" lon="23.79111">
				<ele>233.43</ele>
				<time>2026-08-24T16:09:36.132Z</time>
			</trkpt>
			<trkpt lat="38.09466" lon="23.79368">
				<ele>233.86</ele>
				<time>2026-08-24T16:10:00.489Z</time>
			</trkpt>
			<trkpt lat="38.0954" lon="23.79443">
				<ele>236.42</ele>
				<time>2026-08-24T16:10:06.358Z</time>
			</trkpt>
			<trkpt lat="38.0956" lon="23.79466">
				<ele>237.13</ele>
				<time>2026-08-24T16:10:08.029Z</time>
			</trkpt>
			<trkpt lat="38.09585" lon="23.79499">
				<ele>238.06</ele>
				<time>2026-08-24T16:10:10.261Z</time>
			</trkpt>
			<trkpt lat="38.09622" lon="23.79555">
				<ele>238.99</ele>
				<time>2026-08-24T16:10:13.821Z</time>
			</trkpt>
			<trkpt lat="38.09641" lon="23.79585">
				<ele>238.07</ele>
				<time>2026-08-24T16:10:15.695Z</time>
			</trkpt>
			<trkpt lat="38.09672" lon="23.79649">
				<ele>237.5</ele>
				<time>2026-08-24T16:10:19.349Z</time>
			</trkpt>
			<trkpt lat="38.09694" lon="23.79699">
				<ele>239.15</ele>
				<time>2026-08-24T16:10:22.132Z</time>
			</trkpt>
			<trkpt lat="38.09779" lon="23.7991">
				<ele>243.8</ele>
				<time>2026-08-24T16:10:33.627Z</time>
			</trkpt>
			<trkpt lat="38.09908" lon="23.80249">
				<ele>249.64</ele>
				<time>2026-08-24T16:10:51.820Z</time>
			</trkpt>
			<trkpt lat="38.10111" lon="23.80762">
				<ele>253.47</ele>
				<time>2026-08-24T16:11:19.401Z</time>
			</trkpt>
			<trkpt lat="38.10209" lon="23.81021">
				<ele>255.77</ele>
				<time>2026-08-24T16:11:33.134Z</time>
			</trkpt>
			<trkpt lat="38.10369" lon="23.8143">
				<ele>263.79</ele>
				<time>2026-08-24T16:11:54.863Z</time>
			</trkpt>
			<trkpt lat="38.10392" lon="23.81483">
				<ele>267.56</ele>
				<time>2026-08-24T16:11:57.734Z</time>
			</trkpt>
			<trkpt lat="38.10434" lon="23.81563">
				<ele>265</ele>
				<time>2026-08-24T16:12:02.291Z</time>
			</trkpt>
			<trkpt lat="38.1047" lon="23.81622">
				<ele>266.54</ele>
				<time>2026-08-24T16:12:05.825Z</time>
			</trkpt>
			<trkpt lat="38.10523" lon="23.81689">
				<ele>270.34</ele>
				<time>2026-08-24T16:12:10.318Z</time>
			</trkpt>
			<trkpt lat="38.1142" lon="23.8263">
				<ele>291.45</ele>
				<time>2026-08-24T16:13:19.586Z</time>
			</trkpt>
			<trkpt lat="38.12232" lon="23.83426">
				<ele>294.64</ele>
				<time>2026-08-24T16:14:19.705Z</time>
			</trkpt>
			<trkpt lat="38.12295" lon="23.83485">
				<ele>290.53</ele>
				<time>2026-08-24T16:14:24.258Z</time>
			</trkpt>
			<trkpt lat="38.12342" lon="23.83522">
				<ele>293.75</ele>
				<time>2026-08-24T16:14:27.471Z</time>
			</trkpt>
			<trkpt lat="38.12378" lon="23.83549">
				<ele>295.37</ele>
				<time>2026-08-24T16:14:29.899Z</time>
			</trkpt>
			<trkpt lat="38.12457" lon="23.83603">
				<ele>301.18</ele>
				<time>2026-08-24T16:14:35.104Z</time>
			</trkpt>
			<trkpt lat="38.12506" lon="23.83631">
				<ele>308.81</ele>
				<time>2026-08-24T16:14:38.219Z</time>
			</trkpt>
			<trkpt lat="38.12689" lon="23.83719">
				<ele>315.29</ele>
				<time>2026-08-24T16:14:49.543Z</time>
			</trkpt>
			<trkpt lat="38.13741" lon="23.84236">
				<ele>351.33</ele>
				<time>2026-08-24T16:15:54.247Z</time>
			</trkpt>
			<trkpt lat="38.13864" lon="23.84296">
				<ele>352.73</ele>
				<time>2026-08-24T16:16:01.742Z</time>
			</trkpt>
			<trkpt lat="38.13969" lon="23.84357">
				<ele>349.01</ele>
				<time>2026-08-24T16:16:08.300Z</time>
			</trkpt>
			<trkpt lat="38.14052" lon="23.84409">
				<ele>352.65</ele>
				<time>2026-08-24T16:16:13.549Z</time>
			</trkpt>
			<trkpt lat="38.14143" lon="23.84473">
				<ele>359.98</ele>
				<time>2026-08-24T16:16:19.441Z</time>
			</trkpt>
			<trkpt lat="38.14207" lon="23.84523">
				<ele>362.92</ele>
				<time>2026-08-24T16:16:23.692Z</time>
			</trkpt>
			<trkpt lat="38.14269" lon="23.84573">
				<ele>362.23</ele>
				<time>2026-08-24T16:16:27.844Z</time>
			</trkpt>
			<trkpt lat="38.1514" lon="23.85383">
				<ele>384.6</ele>
				<time>2026-08-24T16:17:28.421Z</time>
			</trkpt>
			<trkpt lat="38.15196" lon="23.85429">
				<ele>383.53</ele>
				<time>2026-08-24T16:17:32.138Z</time>
			</trkpt>
			<trkpt lat="38.15251" lon="23.85466">
				<ele>385.42</ele>
				<time>2026-08-24T16:17:35.604Z</time>
			</trkpt>
			<trkpt lat="38.15292" lon="23.8549">
				<ele>385</ele>
				<time>2026-08-24T16:17:38.116Z</time>
			</trkpt>
			<trkpt lat="38.15344" lon="23.85514">
				<ele>381.03</ele>
				<time>2026-08-24T16:17:41.194Z</time>
			</trkpt>
			<trkpt lat="38.15387" lon="23.85531">
				<ele>370.73</ele>
				<time>2026-08-24T16:17:43.698Z</time>
			</trkpt>
			<trkpt lat="38.15452" lon="23.85548">
				<ele>363.2</ele>
				<time>2026-08-24T16:17:47.385Z</time>
			</trkpt>
			<trkpt lat="38.15521" lon="23.8556">
				<ele>357.48</ele>
				<time>2026-08-24T16:17:51.251Z</time>
			</trkpt>
			<trkpt lat="38.15574" lon="23.85564">
				<ele>353.98</ele>
				<time>2026-08-24T16:17:54.197Z</time>
			</trkpt>
			<trkpt lat="38.15805" lon="23.85564">
				<ele>341.37</ele>
				<time>2026-08-24T16:18:06.992Z</time>
			</trkpt>
			<trkpt lat="38.15951" lon="23.85573">
				<ele>331.18</ele>
				<time>2026-08-24T16:18:15.070Z</time>
			</trkpt>
			<trkpt lat="38.16018" lon="23.8558">
				<ele>333.73</ele>
				<time>2026-08-24T16:18:18.781Z</time>
			</trkpt>
			<trkpt lat="38.16117" lon="23.85593">
				<ele>321.23</ele>
				<time>2026-08-24T16:18:24.269Z</time>
			</trkpt>
			<trkpt lat="38.16413" lon="23.85636">
				<ele>317</ele>
				<time>2026-08-24T16:18:40.662Z</time>
			</trkpt>
			<trkpt lat="38.16527" lon="23.85644">
				<ele>324.97</ele>
				<time>2026-08-24T16:18:46.929Z</time>
			</trkpt>
			<trkpt lat="38.16621" lon="23.85645">
				<ele>315.07</ele>
				<time>2026-08-24T16:18:52.083Z</time>
			</trkpt>
			<trkpt lat="38.16746" lon="23.85637">
				<ele>308.3</ele>
				<time>2026-08-24T16:18:58.938Z</time>
			</trkpt>
			<trkpt lat="38.16872" lon="23.85617">
				<ele>311.62</ele>
				<time>2026-08-24T16:19:05.882Z</time>
			</trkpt>
			<trkpt lat="38.16964" lon="23.85596">
				<ele>303</ele>
				<time>2026-08-24T16:19:10.987Z</time>
			</trkpt>
			<trkpt lat="38.17187" lon="23.85534">
				<ele>290</ele>
				<time>2026-08-24T16:19:23.434Z</time>
			</trkpt>
			<trkpt lat="38.1734" lon="23.85493">
				<ele>286.96</ele>
				<time>2026-08-24T16:19:31.942Z</time>
			</trkpt>
			<trkpt lat="38.17459" lon="23.8545">
				<ele>283.09</ele>
				<time>2026-08-24T16:19:38.663Z</time>
			</trkpt>
			<trkpt lat="38.17629" lon="23.85409">
				<ele>280.57</ele>
				<time>2026-08-24T16:19:48.049Z</time>
			</trkpt>
			<trkpt lat="38.17644" lon="23.85406">
				<ele>280.21</ele>
				<time>2026-08-24T16:19:48.872Z</time>
			</trkpt>
			<trkpt lat="38.17806" lon="23.85376">
				<ele>275.44</ele>
				<time>2026-08-24T16:19:57.736Z</time>
			</trkpt>
			<trkpt lat="38.17937" lon="23.85359">
				<ele>280.49</ele>
				<time>2026-08-24T16:20:04.855Z</time>
			</trkpt>
			<trkpt lat="38.17951" lon="23.85356">
				<ele>280.79</ele>
				<time>2026-08-24T16:20:05.622Z</time>
			</trkpt>
			<trkpt lat="38.19005" lon="23.85126">
				<ele>282.95</ele>
				<time>2026-08-24T16:21:03.078Z</time>
			</trkpt>
			<trkpt lat="38.19068" lon="23.85115">
				<ele>283.25</ele>
				<time>2026-08-24T16:21:06.476Z</time>
			</trkpt>
			<trkpt lat="38.19092" lon="23.85112">
				<ele>283.34</ele>
				<time>2026-08-24T16:21:07.764Z</time>
			</trkpt>
			<trkpt lat="38.19206" lon="23.8511">
				<ele>282.03</ele>
				<time>2026-08-24T16:21:13.849Z</time>
			</trkpt>
			<trkpt lat="38.19248" lon="23.85113">
				<ele>283.02</ele>
				<time>2026-08-24T16:21:16.092Z</time>
			</trkpt>
			<trkpt lat="38.19322" lon="23.85122">
				<ele>288.5</ele>
				<time>2026-08-24T16:21:20.055Z</time>
			</trkpt>
			<trkpt lat="38.19388" lon="23.85136">
				<ele>287.17</ele>
				<time>2026-08-24T16:21:23.619Z</time>
			</trkpt>
			<trkpt lat="38.1945" lon="23.85154">
				<ele>287.63</ele>
				<time>2026-08-24T16:21:27.005Z</time>
			</trkpt>
			<trkpt lat="38.20011" lon="23.85355">
				<ele>298.08</ele>
				<time>2026-08-24T16:21:57.941Z</time>
			</trkpt>
			<trkpt lat="38.20198" lon="23.85424">
				<ele>300.47</ele>
				<time>2026-08-24T16:22:08.240Z</time>
			</trkpt>
			<trkpt lat="38.20393" lon="23.85491">
				<ele>305.89</ele>
				<time>2026-08-24T16:22:18.906Z</time>
			</trkpt>
			<trkpt lat="38.20467" lon="23.85507">
				<ele>304.53</ele>
				<time>2026-08-24T16:22:22.865Z</time>
			</trkpt>
			<trkpt lat="38.20504" lon="23.85514">
				<ele>304.07</ele>
				<time>2026-08-24T16:22:24.837Z</time>
			</trkpt>
			<trkpt lat="38.20575" lon="23.85523">
				<ele>306.72</ele>
				<time>2026-08-24T16:22:28.596Z</time>
			</trkpt>
			<trkpt lat="38.20611" lon="23.85525">
				<ele>308.03</ele>
				<time>2026-08-24T16:22:30.494Z</time>
			</trkpt>
			<trkpt lat="38.20996" lon="23.85534">
				<ele>304.01</ele>
				<time>2026-08-24T16:22:50.739Z</time>
			</trkpt>
			<trkpt lat="38.21084" lon="23.85529">
				<ele>308.81</ele>
				<time>2026-08-24T16:22:55.362Z</time>
			</trkpt>
			<trkpt lat="38.21178" lon="23.85512">
				<ele>311.42</ele>
				<time>2026-08-24T16:23:00.340Z</time>
			</trkpt>
			<trkpt lat="38.21245" lon="23.85495">
				<ele>312.36</ele>
				<time>2026-08-24T16:23:03.920Z</time>
			</trkpt>
			<trkpt lat="38.21433" lon="23.85431">
				<ele>314.81</ele>
				<time>2026-08-24T16:23:14.107Z</time>
			</trkpt>
			<trkpt lat="38.21931" lon="23.85259">
				<ele>330.2</ele>
				<time>2026-08-24T16:23:41.043Z</time>
			</trkpt>
			<trkpt lat="38.22324" lon="23.85137">
				<ele>358.98</ele>
				<time>2026-08-24T16:24:02.087Z</time>
			</trkpt>
			<trkpt lat="38.22393" lon="23.8511">
				<ele>361.13</ele>
				<time>2026-08-24T16:24:05.836Z</time>
			</trkpt>
			<trkpt lat="38.22428" lon="23.85095">
				<ele>360.09</ele>
				<time>2026-08-24T16:24:07.753Z</time>
			</trkpt>
			<trkpt lat="38.22465" lon="23.85076">
				<ele>359.85</ele>
				<time>2026-08-24T16:24:09.823Z</time>
			</trkpt>
			<trkpt lat="38.22527" lon="23.85035">
				<ele>365.57</ele>
				<time>2026-08-24T16:24:13.448Z</time>
			</trkpt>
			<trkpt lat="38.22581" lon="23.84992">
				<ele>367.98</ele>
				<time>2026-08-24T16:24:16.750Z</time>
			</trkpt>
			<trkpt lat="38.22641" lon="23.84934">
				<ele>369</ele>
				<time>2026-08-24T16:24:20.655Z</time>
			</trkpt>
			<trkpt lat="38.22668" lon="23.84902">
				<ele>368.77</ele>
				<time>2026-08-24T16:24:22.566Z</time>
			</trkpt>
			<trkpt lat="38.22693" lon="23.84869">
				<ele>371.24</ele>
				<time>2026-08-24T16:24:24.432Z</time>
			</trkpt>
			<trkpt lat="38.22737" lon="23.84805">
				<ele>368.05</ele>
				<time>2026-08-24T16:24:27.891Z</time>
			</trkpt>
			<trkpt lat="38.22763" lon="23.84761">
				<ele>365.83</ele>
				<time>2026-08-24T16:24:30.129Z</time>
			</trkpt>
			<trkpt lat="38.22785" lon="23.84721">
				<ele>368.42</ele>
				<time>2026-08-24T16:24:32.114Z</time>
			</trkpt>
			<trkpt lat="38.22803" lon="23.84683">
				<ele>369.82</ele>
				<time>2026-08-24T16:24:33.917Z</time>
			</trkpt>
			<trkpt lat="38.22836" lon="23.84599">
				<ele>372.81</ele>
				<time>2026-08-24T16:24:37.732Z</time>
			</trkpt>
			<trkpt lat="38.22848" lon="23.84559">
				<ele>373.11</ele>
				<time>2026-08-24T16:24:39.471Z</time>
			</trkpt>
			<trkpt lat="38.22867" lon="23.84488">
				<ele>373.07</ele>
				<time>2026-08-24T16:24:42.516Z</time>
			</trkpt>
			<trkpt lat="38.23037" lon="23.83601">
				<ele>336.94</ele>
				<time>2026-08-24T16:25:19.485Z</time>
			</trkpt>
			<trkpt lat="38.23052" lon="23.83508">
				<ele>333.33</ele>
				<time>2026-08-24T16:25:23.320Z</time>
			</trkpt>
			<trkpt lat="38.23059" lon="23.83426">
				<ele>335.52</ele>
				<time>2026-08-24T16:25:26.650Z</time>
			</trkpt>
			<trkpt lat="38.2306" lon="23.83371">
				<ele>336.42</ele>
				<time>2026-08-24T16:25:28.871Z</time>
			</trkpt>
			<trkpt lat="38.23059" lon="23.83311">
				<ele>335.34</ele>
				<time>2026-08-24T16:25:31.292Z</time>
			</trkpt>
			<trkpt lat="38.23051" lon="23.83237">
				<ele>333.32</ele>
				<time>2026-08-24T16:25:34.305Z</time>
			</trkpt>
			<trkpt lat="38.23038" lon="23.83155">
				<ele>329.3</ele>
				<time>2026-08-24T16:25:37.679Z</time>
			</trkpt>
			<trkpt lat="38.23018" lon="23.83071">
				<ele>324.32</ele>
				<time>2026-08-24T16:25:41.217Z</time>
			</trkpt>
			<trkpt lat="38.22967" lon="23.829">
				<ele>321.72</ele>
				<time>2026-08-24T16:25:48.585Z</time>
			</trkpt>
			<trkpt lat="38.22947" lon="23.82827">
				<ele>319.21</ele>
				<time>2026-08-24T16:25:51.697Z</time>
			</trkpt>
			<trkpt lat="38.22927" lon="23.82738">
				<ele>318.85</ele>
				<time>2026-08-24T16:25:55.423Z</time>
			</trkpt>
			<trkpt lat="38.22913" lon="23.8265">
				<ele>316.28</ele>
				<time>2026-08-24T16:25:59.035Z</time>
			</trkpt>
			<trkpt lat="38.22901" lon="23.82521">
				<ele>316.13</ele>
				<time>2026-08-24T16:26:04.258Z</time>
			</trkpt>
			<trkpt lat="38.22878" lon="23.82126">
				<ele>307.46</ele>
				<time>2026-08-24T16:26:20.167Z</time>
			</trkpt>
			<trkpt lat="38.22875" lon="23.82037">
				<ele>303.15</ele>
				<time>2026-08-24T16:26:23.741Z</time>
			</trkpt>
			<trkpt lat="38.22876" lon="23.81989">
				<ele>304.75</ele>
				<time>2026-08-24T16:26:25.667Z</time>
			</trkpt>
			<trkpt lat="38.22879" lon="23.81944">
				<ele>302</ele>
				<time>2026-08-24T16:26:27.479Z</time>
			</trkpt>
			<trkpt lat="38.22889" lon="23.81861">
				<ele>293.89</ele>
				<time>2026-08-24T16:26:30.846Z</time>
			</trkpt>
			<trkpt lat="38.22906" lon="23.81776">
				<ele>292.21</ele>
				<time>2026-08-24T16:26:34.361Z</time>
			</trkpt>
			<trkpt lat="38.2295" lon="23.81598">
				<ele>287.94</ele>
				<time>2026-08-24T16:26:41.837Z</time>
			</trkpt>
			<trkpt lat="38.22958" lon="23.81557">
				<ele>288.94</ele>
				<time>2026-08-24T16:26:43.529Z</time>
			</trkpt>
			<trkpt lat="38.22972" lon="23.81471">
				<ele>287.96</ele>
				<time>2026-08-24T16:26:47.045Z</time>
			</trkpt>
			<trkpt lat="38.22976" lon="23.81427">
				<ele>285.12</ele>
				<time>2026-08-24T16:26:48.817Z</time>
			</trkpt>
			<trkpt lat="38.22979" lon="23.81378">
				<ele>280.5</ele>
				<time>2026-08-24T16:26:50.784Z</time>
			</trkpt>
			<trkpt lat="38.22979" lon="23.81288">
				<ele>281.88</ele>
				<time>2026-08-24T16:26:54.385Z</time>
			</trkpt>
			<trkpt lat="38.22975" lon="23.81237">
				<ele>280.1</ele>
				<time>2026-08-24T16:26:56.435Z</time>
			</trkpt>
			<trkpt lat="38.22964" lon="23.81145">
				<ele>276.51</ele>
				<time>2026-08-24T16:27:00.156Z</time>
			</trkpt>
			<trkpt lat="38.22935" lon="23.80972">
				<ele>270.22</ele>
				<time>2026-08-24T16:27:07.225Z</time>
			</trkpt>
			<trkpt lat="38.22929" lon="23.80926">
				<ele>266.13</ele>
				<time>2026-08-24T16:27:09.088Z</time>
			</trkpt>
			<trkpt lat="38.22924" lon="23.80866">
				<ele>265.2</ele>
				<time>2026-08-24T16:27:11.498Z</time>
			</trkpt>
			<trkpt lat="38.22922" lon="23.80807">
				<ele>265.37</ele>
				<time>2026-08-24T16:27:13.856Z</time>
			</trkpt>
			<trkpt lat="38.22923" lon="23.80769">
				<ele>262.23</ele>
				<time>2026-08-24T16:27:15.375Z</time>
			</trkpt>
			<trkpt lat="38.22929" lon="23.8067">
				<ele>265.48</ele>
				<time>2026-08-24T16:27:19.338Z</time>
			</trkpt>
			<trkpt lat="38.22938" lon="23.80613">
				<ele>260.15</ele>
				<time>2026-08-24T16:27:21.658Z</time>
			</trkpt>
			<trkpt lat="38.22954" lon="23.80536">
				<ele>261.39</ele>
				<time>2026-08-24T16:27:24.836Z</time>
			</trkpt>
			<trkpt lat="38.22973" lon="23.80465">
				<ele>259.07</ele>
				<time>2026-08-24T16:27:27.828Z</time>
			</trkpt>
			<trkpt lat="38.23003" lon="23.80368">
				<ele>258.18</ele>
				<time>2026-08-24T16:27:31.985Z</time>
			</trkpt>
			<trkpt lat="38.23255" lon="23.79601">
				<ele>262.24</ele>
				<time>2026-08-24T16:28:05.089Z</time>
			</trkpt>
			<trkpt lat="38.23327" lon="23.79396">
				<ele>265.02</ele>
				<time>2026-08-24T16:28:14.017Z</time>
			</trkpt>
			<trkpt lat="38.23401" lon="23.79193">
				<ele>274.71</ele>
				<time>2026-08-24T16:28:22.908Z</time>
			</trkpt>
			<trkpt lat="38.2347" lon="23.79014">
				<ele>275.14</ele>
				<time>2026-08-24T16:28:30.826Z</time>
			</trkpt>
			<trkpt lat="38.2352" lon="23.78877">
				<ele>278.15</ele>
				<time>2026-08-24T16:28:36.822Z</time>
			</trkpt>
			<trkpt lat="38.23675" lon="23.78402">
				<ele>269.79</ele>
				<time>2026-08-24T16:28:57.221Z</time>
			</trkpt>
			<trkpt lat="38.23777" lon="23.78081">
				<ele>257</ele>
				<time>2026-08-24T16:29:10.940Z</time>
			</trkpt>
			<trkpt lat="38.23878" lon="23.77779">
				<ele>251.35</ele>
				<time>2026-08-24T16:29:23.936Z</time>
			</trkpt>
			<trkpt lat="38.23926" lon="23.77638">
				<ele>244.89</ele>
				<time>2026-08-24T16:29:30.018Z</time>
			</trkpt>
			<trkpt lat="38.23942" lon="23.77597">
				<ele>242.69</ele>
				<time>2026-08-24T16:29:31.830Z</time>
			</trkpt>
			<trkpt lat="38.23963" lon="23.77551">
				<ele>242.52</ele>
				<time>2026-08-24T16:29:33.935Z</time>
			</trkpt>
			<trkpt lat="38.23983" lon="23.77512">
				<ele>242.32</ele>
				<time>2026-08-24T16:29:35.777Z</time>
			</trkpt>
			<trkpt lat="38.24004" lon="23.77475">
				<ele>242.92</ele>
				<time>2026-08-24T16:29:37.583Z</time>
			</trkpt>
			<trkpt lat="38.24052" lon="23.77403">
				<ele>239</ele>
				<time>2026-08-24T16:29:41.318Z</time>
			</trkpt>
			<trkpt lat="38.2408" lon="23.77369">
				<ele>236.41</ele>
				<time>2026-08-24T16:29:43.267Z</time>
			</trkpt>
			<trkpt lat="38.24143" lon="23.77302">
				<ele>232.94</ele>
				<time>2026-08-24T16:29:47.399Z</time>
			</trkpt>
			<trkpt lat="38.25147" lon="23.76302">
				<ele>186.37</ele>
				<time>2026-08-24T16:30:51.502Z</time>
			</trkpt>
			<trkpt lat="38.25205" lon="23.76241">
				<ele>184.39</ele>
				<time>2026-08-24T16:30:55.282Z</time>
			</trkpt>
			<trkpt lat="38.25231" lon="23.76208">
				<ele>184.14</ele>
				<time>2026-08-24T16:30:57.126Z</time>
			</trkpt>
			<trkpt lat="38.25276" lon="23.76144">
				<ele>181.16</ele>
				<time>2026-08-24T16:31:00.515Z</time>
			</trkpt>
			<trkpt lat="38.25317" lon="23.76073">
				<ele>177.71</ele>
				<time>2026-08-24T16:31:03.992Z</time>
			</trkpt>
			<trkpt lat="38.25331" lon="23.76044">
				<ele>176.16</ele>
				<time>2026-08-24T16:31:05.335Z</time>
			</trkpt>
			<trkpt lat="38.2535" lon="23.76001">
				<ele>175.27</ele>
				<time>2026-08-24T16:31:07.281Z</time>
			</trkpt>
			<trkpt lat="38.25381" lon="23.75914">
				<ele>179.04</ele>
				<time>2026-08-24T16:31:11.050Z</time>
			</trkpt>
			<trkpt lat="38.25457" lon="23.75643">
				<ele>167.23</ele>
				<time>2026-08-24T16:31:22.400Z</time>
			</trkpt>
			<trkpt lat="38.25488" lon="23.7553">
				<ele>161.56</ele>
				<time>2026-08-24T16:31:27.121Z</time>
			</trkpt>
			<trkpt lat="38.25863" lon="23.74127">
				<ele>135</ele>
				<time>2026-08-24T16:32:25.567Z</time>
			</trkpt>
			<trkpt lat="38.26705" lon="23.70984">
				<ele>83.94</ele>
				<time>2026-08-24T16:34:36.747Z</time>
			</trkpt>
			<trkpt lat="38.27" lon="23.6987">
				<ele>73.98</ele>
				<time>2026-08-24T16:35:23.362Z</time>
			</trkpt>
			<trkpt lat="38.27025" lon="23.69788">
				<ele>70.24</ele>
				<time>2026-08-24T16:35:26.856Z</time>
			</trkpt>
			<trkpt lat="38.27068" lon="23.69672">
				<ele>74.2</ele>
				<time>2026-08-24T16:35:31.951Z</time>
			</trkpt>
			<trkpt lat="38.27091" lon="23.69625">
				<ele>73.61</ele>
				<time>2026-08-24T16:35:34.152Z</time>
			</trkpt>
			<trkpt lat="38.27118" lon="23.69578">
				<ele>74</ele>
				<time>2026-08-24T16:35:36.466Z</time>
			</trkpt>
			<trkpt lat="38.27146" lon="23.69536">
				<ele>73.32</ele>
				<time>2026-08-24T16:35:38.656Z</time>
			</trkpt>
			<trkpt lat="38.27175" lon="23.69495">
				<ele>73.43</ele>
				<time>2026-08-24T16:35:40.850Z</time>
			</trkpt>
			<trkpt lat="38.27203" lon="23.69462">
				<ele>74.19</ele>
				<time>2026-08-24T16:35:42.781Z</time>
			</trkpt>
			<trkpt lat="38.27244" lon="23.69416">
				<ele>73.22</ele>
				<time>2026-08-24T16:35:45.549Z</time>
			</trkpt>
			<trkpt lat="38.28841" lon="23.6774">
				<ele>82.86</ele>
				<time>2026-08-24T16:37:30.818Z</time>
			</trkpt>
			<trkpt lat="38.29142" lon="23.67424">
				<ele>78.09</ele>
				<time>2026-08-24T16:37:50.780Z</time>
			</trkpt>
			<trkpt lat="38.29206" lon="23.67357">
				<ele>72.27</ele>
				<time>2026-08-24T16:37:55.025Z</time>
			</trkpt>
			<trkpt lat="38.29273" lon="23.6728">
				<ele>77.78</ele>
				<time>2026-08-24T16:37:59.652Z</time>
			</trkpt>
			<trkpt lat="38.29332" lon="23.67199">
				<ele>74.01</ele>
				<time>2026-08-24T16:38:04.101Z</time>
			</trkpt>
			<trkpt lat="38.29359" lon="23.67157">
				<ele>74.37</ele>
				<time>2026-08-24T16:38:06.288Z</time>
			</trkpt>
			<trkpt lat="38.29399" lon="23.6709">
				<ele>75.15</ele>
				<time>2026-08-24T16:38:09.679Z</time>
			</trkpt>
			<trkpt lat="38.29478" lon="23.6694">
				<ele>74.37</ele>
				<time>2026-08-24T16:38:16.962Z</time>
			</trkpt>
			<trkpt lat="38.29737" lon="23.66462">
				<ele>58.32</ele>
				<time>2026-08-24T16:38:40.420Z</time>
			</trkpt>
			<trkpt lat="38.31365" lon="23.63456">
				<ele>115.84</ele>
				<time>2026-08-24T16:41:09.614Z</time>
			</trkpt>
			<trkpt lat="38.32211" lon="23.61898">
				<ele>136.73</ele>
				<time>2026-08-24T16:42:28.366Z</time>
			</trkpt>
			<trkpt lat="38.32972" lon="23.60491">
				<ele>123.63</ele>
				<time>2026-08-24T16:43:40.336Z</time>
			</trkpt>
			<trkpt lat="38.33006" lon="23.60433">
				<ele>126.17</ele>
				<time>2026-08-24T16:43:43.406Z</time>
			</trkpt>
			<trkpt lat="38.33043" lon="23.60382">
				<ele>126.48</ele>
				<time>2026-08-24T16:43:46.354Z</time>
			</trkpt>
			<trkpt lat="38.33055" lon="23.60363">
				<ele>127.72</ele>
				<time>2026-08-24T16:43:47.389Z</time>
			</trkpt>
			<trkpt lat="38.33097" lon="23.60312">
				<ele>129.86</ele>
				<time>2026-08-24T16:43:50.529Z</time>
			</trkpt>
			<trkpt lat="38.33144" lon="23.60263">
				<ele>125.58</ele>
				<time>2026-08-24T16:43:53.817Z</time>
			</trkpt>
			<trkpt lat="38.33205" lon="23.6021">
				<ele>126.01</ele>
				<time>2026-08-24T16:43:57.819Z</time>
			</trkpt>
			<trkpt lat="38.33315" lon="23.60119">
				<ele>130.55</ele>
				<time>2026-08-24T16:44:04.934Z</time>
			</trkpt>
			<trkpt lat="38.33398" lon="23.60042">
				<ele>135.29</ele>
				<time>2026-08-24T16:44:10.511Z</time>
			</trkpt>
			<trkpt lat="38.33473" lon="23.5998">
				<ele>131.32</ele>
				<time>2026-08-24T16:44:15.372Z</time>
			</trkpt>
			<trkpt lat="38.33589" lon="23.59872">
				<ele>135</ele>
				<time>2026-08-24T16:44:23.193Z</time>
			</trkpt>
			<trkpt lat="38.33693" lon="23.59775">
				<ele>136.88</ele>
				<time>2026-08-24T16:44:30.220Z</time>
			</trkpt>
			<trkpt lat="38.33776" lon="23.59698">
				<ele>143.06</ele>
				<time>2026-08-24T16:44:35.825Z</time>
			</trkpt>
			<trkpt lat="38.33949" lon="23.59542">
				<ele>149.08</ele>
				<time>2026-08-24T16:44:47.414Z</time>
			</trkpt>
			<trkpt lat="38.34483" lon="23.59073">
				<ele>159.06</ele>
				<time>2026-08-24T16:45:23.050Z</time>
			</trkpt>
			<trkpt lat="38.34505" lon="23.59052">
				<ele>160</ele>
				<time>2026-08-24T16:45:24.566Z</time>
			</trkpt>
			<trkpt lat="38.34582" lon="23.58992">
				<ele>161.27</ele>
				<time>2026-08-24T16:45:29.535Z</time>
			</trkpt>
			<trkpt lat="38.3461" lon="23.58973">
				<ele>160.96</ele>
				<time>2026-08-24T16:45:31.271Z</time>
			</trkpt>
			<trkpt lat="38.34767" lon="23.58882">
				<ele>164.56</ele>
				<time>2026-08-24T16:45:40.594Z</time>
			</trkpt>
			<trkpt lat="38.35011" lon="23.58758">
				<ele>167.07</ele>
				<time>2026-08-24T16:45:54.446Z</time>
			</trkpt>
			<trkpt lat="38.35153" lon="23.58664">
				<ele>169.13</ele>
				<time>2026-08-24T16:46:02.690Z</time>
			</trkpt>
			<trkpt lat="38.35292" lon="23.58574">
				<ele>169.47</ele>
				<time>2026-08-24T16:46:10.591Z</time>
			</trkpt>
			<trkpt lat="38.35365" lon="23.58534">
				<ele>164.94</ele>
				<time>2026-08-24T16:46:14.571Z</time>
			</trkpt>
			<trkpt lat="38.35442" lon="23.58497">
				<ele>158.3</ele>
				<time>2026-08-24T16:46:18.660Z</time>
			</trkpt>
			<trkpt lat="38.35476" lon="23.58482">
				<ele>158.59</ele>
				<time>2026-08-24T16:46:20.437Z</time>
			</trkpt>
			<trkpt lat="38.35537" lon="23.5846">
				<ele>158.86</ele>
				<time>2026-08-24T16:46:23.555Z</time>
			</trkpt>
			<trkpt lat="38.35606" lon="23.58441">
				<ele>158.43</ele>
				<time>2026-08-24T16:46:27.005Z</time>
			</trkpt>
			<trkpt lat="38.3569" lon="23.58422">
				<ele>156.58</ele>
				<time>2026-08-24T16:46:31.146Z</time>
			</trkpt>
			<trkpt lat="38.35728" lon="23.58417">
				<ele>153.86</ele>
				<time>2026-08-24T16:46:32.990Z</time>
			</trkpt>
			<trkpt lat="38.35965" lon="23.58388">
				<ele>152.57</ele>
				<time>2026-08-24T16:46:44.351Z</time>
			</trkpt>
			<trkpt lat="38.3599" lon="23.58382">
				<ele>152.01</ele>
				<time>2026-08-24T16:46:45.552Z</time>
			</trkpt>
			<trkpt lat="38.36025" lon="23.58372">
				<ele>152.26</ele>
				<time>2026-08-24T16:46:47.241Z</time>
			</trkpt>
			<trkpt lat="38.36073" lon="23.58353">
				<ele>149.63</ele>
				<time>2026-08-24T16:46:49.601Z</time>
			</trkpt>
			<trkpt lat="38.36098" lon="23.58342">
				<ele>147.96</ele>
				<time>2026-08-24T16:46:50.839Z</time>
			</trkpt>
			<trkpt lat="38.36124" lon="23.58327">
				<ele>146.69</ele>
				<time>2026-08-24T16:46:52.172Z</time>
			</trkpt>
			<trkpt lat="38.36461" lon="23.58122">
				<ele>130.05</ele>
				<time>2026-08-24T16:47:09.381Z</time>
			</trkpt>
			<trkpt lat="38.36512" lon="23.58095">
				<ele>128.08</ele>
				<time>2026-08-24T16:47:11.892Z</time>
			</trkpt>
			<trkpt lat="38.36575" lon="23.58073">
				<ele>124.36</ele>
				<time>2026-08-24T16:47:14.853Z</time>
			</trkpt>
			<trkpt lat="38.36645" lon="23.58057">
				<ele>123.63</ele>
				<time>2026-08-24T16:47:18.065Z</time>
			</trkpt>
			<trkpt lat="38.36697" lon="23.58052">
				<ele>121.06</ele>
				<time>2026-08-24T16:47:20.413Z</time>
			</trkpt>
			<trkpt lat="38.3674" lon="23.58053">
				<ele>117.87</ele>
				<time>2026-08-24T16:47:22.345Z</time>
			</trkpt>
			<trkpt lat="38.36789" lon="23.58059">
				<ele>118.88</ele>
				<time>2026-08-24T16:47:24.551Z</time>
			</trkpt>
			<trkpt lat="38.36852" lon="23.58076">
				<ele>118.76</ele>
				<time>2026-08-24T16:47:27.430Z</time>
			</trkpt>
			<trkpt lat="38.36877" lon="23.58086">
				<ele>115.67</ele>
				<time>2026-08-24T16:47:28.599Z</time>
			</trkpt>
			<trkpt lat="38.36903" lon="23.58098">
				<ele>112.06</ele>
				<time>2026-08-24T16:47:29.832Z</time>
			</trkpt>
			<trkpt lat="38.36947" lon="23.58123">
				<ele>111.38</ele>
				<time>2026-08-24T16:47:31.976Z</time>
			</trkpt>
			<trkpt lat="38.36998" lon="23.58158">
				<ele>110.03</ele>
				<time>2026-08-24T16:47:34.549Z</time>
			</trkpt>
			<trkpt lat="38.37032" lon="23.58186">
				<ele>108.2</ele>
				<time>2026-08-24T16:47:36.343Z</time>
			</trkpt>
			<trkpt lat="38.37202" lon="23.58335">
				<ele>106.05</ele>
				<time>2026-08-24T16:47:45.455Z</time>
			</trkpt>
			<trkpt lat="38.37244" lon="23.58364">
				<ele>103.34</ele>
				<time>2026-08-24T16:47:47.558Z</time>
			</trkpt>
			<trkpt lat="38.37278" lon="23.58385">
				<ele>104.32</ele>
				<time>2026-08-24T16:47:49.220Z</time>
			</trkpt>
			<trkpt lat="38.37302" lon="23.58397">
				<ele>106.88</ele>
				<time>2026-08-24T16:47:50.353Z</time>
			</trkpt>
			<trkpt lat="38.37348" lon="23.58417">
				<ele>103.86</ele>
				<time>2026-08-24T16:47:52.487Z</time>
			</trkpt>
			<trkpt lat="38.3741" lon="23.58435">
				<ele>99.58</ele>
				<time>2026-08-24T16:47:55.278Z</time>
			</trkpt>
			<trkpt lat="38.37479" lon="23.58445">
				<ele>99.83</ele>
				<time>2026-08-24T16:47:58.322Z</time>
			</trkpt>
			<trkpt lat="38.37534" lon="23.58446">
				<ele>101.26</ele>
				<time>2026-08-24T16:48:00.732Z</time>
			</trkpt>
			<trkpt lat="38.37579" lon="23.5844">
				<ele>103.88</ele>
				<time>2026-08-24T16:48:02.713Z</time>
			</trkpt>
			<trkpt lat="38.37795" lon="23.58402">
				<ele>92.75</ele>
				<time>2026-08-24T16:48:12.255Z</time>
			</trkpt>
			<trkpt lat="38.37878" lon="23.58389">
				<ele>87.34</ele>
				<time>2026-08-24T16:48:15.914Z</time>
			</trkpt>
			<trkpt lat="38.37953" lon="23.58386">
				<ele>83.79</ele>
				<time>2026-08-24T16:48:19.200Z</time>
			</trkpt>
			<trkpt lat="38.38019" lon="23.5839">
				<ele>81.34</ele>
				<time>2026-08-24T16:48:22.095Z</time>
			</trkpt>
			<trkpt lat="38.38102" lon="23.58404">
				<ele>78.89</ele>
				<time>2026-08-24T16:48:25.767Z</time>
			</trkpt>
			<trkpt lat="38.38152" lon="23.58417">
				<ele>77.94</ele>
				<time>2026-08-24T16:48:28.007Z</time>
			</trkpt>
			<trkpt lat="38.38205" lon="23.58435">
				<ele>73.45</ele>
				<time>2026-08-24T16:48:30.417Z</time>
			</trkpt>
			<trkpt lat="38.38262" lon="23.5846">
				<ele>66.75</ele>
				<time>2026-08-24T16:48:33.069Z</time>
			</trkpt>
			<trkpt lat="38.38334" lon="23.58498">
				<ele>61.88</ele>
				<time>2026-08-24T16:48:36.503Z</time>
			</trkpt>
			<trkpt lat="38.38396" lon="23.5854">
				<ele>54</ele>
				<time>2026-08-24T16:48:39.603Z</time>
			</trkpt>
			<trkpt lat="38.38473" lon="23.58604">
				<ele>52</ele>
				<time>2026-08-24T16:48:43.671Z</time>
			</trkpt>
			<trkpt lat="38.38847" lon="23.58948">
				<ele>41.61</ele>
				<time>2026-08-24T16:49:04.301Z</time>
			</trkpt>
			<trkpt lat="38.38887" lon="23.5898">
				<ele>40.04</ele>
				<time>2026-08-24T16:49:06.439Z</time>
			</trkpt>
			<trkpt lat="38.3891" lon="23.58995">
				<ele>39.21</ele>
				<time>2026-08-24T16:49:07.611Z</time>
			</trkpt>
			<trkpt lat="38.38942" lon="23.59015">
				<ele>39.97</ele>
				<time>2026-08-24T16:49:09.231Z</time>
			</trkpt>
			<trkpt lat="38.38995" lon="23.59041">
				<ele>37.17</ele>
				<time>2026-08-24T16:49:11.819Z</time>
			</trkpt>
			<trkpt lat="38.39024" lon="23.59052">
				<ele>37.77</ele>
				<time>2026-08-24T16:49:13.201Z</time>
			</trkpt>
			<trkpt lat="38.39076" lon="23.59068">
				<ele>38</ele>
				<time>2026-08-24T16:49:15.651Z</time>
			</trkpt>
			<trkpt lat="38.39126" lon="23.59078">
				<ele>37.52</ele>
				<time>2026-08-24T16:49:17.977Z</time>
			</trkpt>
			<trkpt lat="38.39156" lon="23.59082">
				<ele>36.4</ele>
				<time>2026-08-24T16:49:19.367Z</time>
			</trkpt>
			<trkpt lat="38.39237" lon="23.59082">
				<ele>35.04</ele>
				<time>2026-08-24T16:49:23.113Z</time>
			</trkpt>
			<trkpt lat="38.39558" lon="23.5905">
				<ele>40.95</ele>
				<time>2026-08-24T16:49:38.221Z</time>
			</trkpt>
			<trkpt lat="38.39615" lon="23.59048">
				<ele>43.04</ele>
				<time>2026-08-24T16:49:40.936Z</time>
			</trkpt>
			<trkpt lat="38.3967" lon="23.59051">
				<ele>42.29</ele>
				<time>2026-08-24T16:49:43.569Z</time>
			</trkpt>
			<trkpt lat="38.39714" lon="23.59058">
				<ele>41.89</ele>
				<time>2026-08-24T16:49:45.699Z</time>
			</trkpt>
			<trkpt lat="38.39761" lon="23.59071">
				<ele>40.03</ele>
				<time>2026-08-24T16:49:48.018Z</time>
			</trkpt>
			<trkpt lat="38.3979" lon="23.59082">
				<ele>39.09</ele>
				<time>2026-08-24T16:49:49.482Z</time>
			</trkpt>
			<trkpt lat="38.39869" lon="23.59119">
				<ele>36.68</ele>
				<time>2026-08-24T16:49:53.574Z</time>
			</trkpt>
			<trkpt lat="38.40454" lon="23.59464">
				<ele>39.01</ele>
				<time>2026-08-24T16:50:26.041Z</time>
			</trkpt>
			<trkpt lat="38.40496" lon="23.59485">
				<ele>39.36</ele>
				<time>2026-08-24T16:50:28.396Z</time>
			</trkpt>
			<trkpt lat="38.40543" lon="23.59504">
				<ele>42.54</ele>
				<time>2026-08-24T16:50:30.983Z</time>
			</trkpt>
			<trkpt lat="38.40589" lon="23.59519">
				<ele>44.68</ele>
				<time>2026-08-24T16:50:33.488Z</time>
			</trkpt>
			<trkpt lat="38.40645" lon="23.59531">
				<ele>46.12</ele>
				<time>2026-08-24T16:50:36.502Z</time>
			</trkpt>
			<trkpt lat="38.40685" lon="23.59533">
				<ele>49.38</ele>
				<time>2026-08-24T16:50:38.638Z</time>
			</trkpt>
			<trkpt lat="38.40736" lon="23.59533">
				<ele>57</ele>
				<time>2026-08-24T16:50:41.374Z</time>
			</trkpt>
			<trkpt lat="38.40765" lon="23.59531">
				<ele>59.56</ele>
				<time>2026-08-24T16:50:42.939Z</time>
			</trkpt>
			<trkpt lat="38.40803" lon="23.59525">
				<ele>59.59</ele>
				<time>2026-08-24T16:50:45.011Z</time>
			</trkpt>
			<trkpt lat="38.40846" lon="23.59514">
				<ele>61.16</ele>
				<time>2026-08-24T16:50:47.395Z</time>
			</trkpt>
			<trkpt lat="38.40892" lon="23.59498">
				<ele>58.38</ele>
				<time>2026-08-24T16:50:50.001Z</time>
			</trkpt>
			<trkpt lat="38.40932" lon="23.5948">
				<ele>52.92</ele>
				<time>2026-08-24T16:50:52.332Z</time>
			</trkpt>
			<trkpt lat="38.40992" lon="23.59446">
				<ele>52.82</ele>
				<time>2026-08-24T16:50:55.964Z</time>
			</trkpt>
			<trkpt lat="38.41057" lon="23.59398">
				<ele>59.01</ele>
				<time>2026-08-24T16:51:00.154Z</time>
			</trkpt>
			<trkpt lat="38.41127" lon="23.59335">
				<ele>71.14</ele>
				<time>2026-08-24T16:51:04.981Z</time>
			</trkpt>
			<trkpt lat="38.41436" lon="23.59013">
				<ele>42.11</ele>
				<time>2026-08-24T16:51:28.163Z</time>
			</trkpt>
			<trkpt lat="38.41476" lon="23.58978">
				<ele>35.12</ele>
				<time>2026-08-24T16:51:31.065Z</time>
			</trkpt>
			<trkpt lat="38.41536" lon="23.5894">
				<ele>24.91</ele>
				<time>2026-08-24T16:51:35.102Z</time>
			</trkpt>
			<trkpt lat="38.4157" lon="23.58924">
				<ele>26.18</ele>
				<time>2026-08-24T16:51:37.301Z</time>
			</trkpt>
			<trkpt lat="38.41588" lon="23.58917">
				<ele>26.55</ele>
				<time>2026-08-24T16:51:38.448Z</time>
			</trkpt>
			<trkpt lat="38.41643" lon="23.58903">
				<ele>23.96</ele>
				<time>2026-08-24T16:51:41.881Z</time>
			</trkpt>
			<trkpt lat="38.41673" lon="23.58898">
				<ele>21.31</ele>
				<time>2026-08-24T16:51:43.744Z</time>
			</trkpt>
			<trkpt lat="38.41696" lon="23.58897">
				<ele>19.75</ele>
				<time>2026-08-24T16:51:45.167Z</time>
			</trkpt>
			<trkpt lat="38.41754" lon="23.58901">
				<ele>17.9</ele>
				<time>2026-08-24T16:51:48.776Z</time>
			</trkpt>
			<trkpt lat="38.41795" lon="23.5891">
				<ele>17.64</ele>
				<time>2026-08-24T16:51:51.379Z</time>
			</trkpt>
			<trkpt lat="38.41845" lon="23.58926">
				<ele>16.37</ele>
				<time>2026-08-24T16:51:54.625Z</time>
			</trkpt>
			<trkpt lat="38.41969" lon="23.5898">
				<ele>15.31</ele>
				<time>2026-08-24T16:52:02.980Z</time>
			</trkpt>
			<trkpt lat="38.42" lon="23.5899">
				<ele>17.37</ele>
				<time>2026-08-24T16:52:05.042Z</time>
			</trkpt>
			<trkpt lat="38.42053" lon="23.59004">
				<ele>15.38</ele>
				<time>2026-08-24T16:52:08.553Z</time>
			</trkpt>
			<trkpt lat="38.42124" lon="23.59013">
				<ele>16.53</ele>
				<time>2026-08-24T16:52:13.223Z</time>
			</trkpt>
			<trkpt lat="38.42175" lon="23.59013">
				<ele>14.46</ele>
				<time>2026-08-24T16:52:16.589Z</time>
			</trkpt>
			<trkpt lat="38.42222" lon="23.59007">
				<ele>12.93</ele>
				<time>2026-08-24T16:52:19.729Z</time>
			</trkpt>
			<trkpt lat="38.42282" lon="23.58992">
				<ele>13.33</ele>
				<time>2026-08-24T16:52:23.825Z</time>
			</trkpt>
			<trkpt lat="38.42448" lon="23.58948">
				<ele>11.43</ele>
				<time>2026-08-24T16:52:35.369Z</time>
			</trkpt>
			<trkpt lat="38.42501" lon="23.58938">
				<ele>13.46</ele>
				<time>2026-08-24T16:52:39.076Z</time>
			</trkpt>
			<trkpt lat="38.42546" lon="23.58934">
				<ele>13.86</ele>
				<time>2026-08-24T16:52:42.219Z</time>
			</trkpt>
			<trkpt lat="38.42607" lon="23.58932">
				<ele>9.87</ele>
				<time>2026-08-24T16:52:46.504Z</time>
			</trkpt>
			<trkpt lat="38.42672" lon="23.58938">
				<ele>11.44</ele>
				<time>2026-08-24T16:52:51.122Z</time>
			</trkpt>
			<trkpt lat="38.42729" lon="23.58949">
				<ele>10.83</ele>
				<time>2026-08-24T16:52:55.243Z</time>
			</trkpt>
			<trkpt lat="38.42753" lon="23.58955">
				<ele>10.73</ele>
				<time>2026-08-24T16:52:57.002Z</time>
			</trkpt>
			<trkpt lat="38.42964" lon="23.59023">
				<ele>17.15</ele>
				<time>2026-08-24T16:53:12.932Z</time>
			</trkpt>
			<trkpt lat="38.43003" lon="23.59033">
				<ele>16.45</ele>
				<time>2026-08-24T16:53:15.899Z</time>
			</trkpt>
			<trkpt lat="38.43104" lon="23.59055">
				<ele>14.22</ele>
				<time>2026-08-24T16:53:23.622Z</time>
			</trkpt>
			<trkpt lat="38.43219" lon="23.59073">
				<ele>15.01</ele>
				<time>2026-08-24T16:53:32.497Z</time>
			</trkpt>
			<trkpt lat="38.43366" lon="23.59093">
				<ele>20.13</ele>
				<time>2026-08-24T16:53:44.042Z</time>
			</trkpt>
			<trkpt lat="38.43548" lon="23.59118">
				<ele>25.97</ele>
				<time>2026-08-24T16:53:58.693Z</time>
			</trkpt>
			<trkpt lat="38.43631" lon="23.5913">
				<ele>27.77</ele>
				<time>2026-08-24T16:54:05.512Z</time>
			</trkpt>
			<trkpt lat="38.43692" lon="23.59135">
				<ele>34.46</ele>
				<time>2026-08-24T16:54:10.566Z</time>
			</trkpt>
			<trkpt lat="38.43747" lon="23.59133">
				<ele>34.49</ele>
				<time>2026-08-24T16:54:15.291Z</time>
			</trkpt>
			<trkpt lat="38.43784" lon="23.59127">
				<ele>36.84</ele>
				<time>2026-08-24T16:54:18.612Z</time>
			</trkpt>
			<trkpt lat="38.43838" lon="23.5911">
				<ele>41.91</ele>
				<time>2026-08-24T16:54:23.739Z</time>
			</trkpt>
			<trkpt lat="38.43882" lon="23.59089">
				<ele>45.72</ele>
				<time>2026-08-24T16:54:28.228Z</time>
			</trkpt>
			<trkpt lat="38.44029" lon="23.59007">
				<ele>49.58</ele>
				<time>2026-08-24T16:54:44.595Z</time>
			</trkpt>
			<trkpt lat="38.44055" lon="23.58996">
				<ele>49.84</ele>
				<time>2026-08-24T16:54:47.543Z</time>
			</trkpt>
			<trkpt lat="38.44094" lon="23.58985">
				<ele>45.86</ele>
				<time>2026-08-24T16:54:51.919Z</time>
			</trkpt>
			<trkpt lat="38.44144" lon="23.58979">
				<ele>43.41</ele>
				<time>2026-08-24T16:54:57.548Z</time>
			</trkpt>
			<trkpt lat="38.44177" lon="23.58982">
				<ele>40.44</ele>
				<time>2026-08-24T16:55:01.330Z</time>
			</trkpt>
			<trkpt lat="38.44188" lon="23.58981">
				<ele>39.07</ele>
				<time>2026-08-24T16:55:02.604Z</time>
			</trkpt>
			<trkpt lat="38.44287" lon="23.5901">
				<ele>36.56</ele>
				<time>2026-08-24T16:55:14.631Z</time>
			</trkpt>
			<trkpt lat="38.44495" lon="23.59079">
				<ele>31.2</ele>
				<time>2026-08-24T16:55:41.695Z</time>
			</trkpt>
			<trkpt lat="38.44794" lon="23.59194">
				<ele>23.38</ele>
				<time>2026-08-24T16:56:24.332Z</time>
			</trkpt>
			<trkpt lat="38.44918" lon="23.59241">
				<ele>22.21</ele>
				<time>2026-08-24T16:56:42.922Z</time>
			</trkpt>
			<trkpt lat="38.44942" lon="23.59253">
				<ele>20.01</ele>
				<time>2026-08-24T16:56:46.681Z</time>
			</trkpt>
			<trkpt lat="38.44997" lon="23.59285">
				<ele>18.06</ele>
				<time>2026-08-24T16:56:55.558Z</time>
			</trkpt>
			<trkpt lat="38.4502" lon="23.59302">
				<ele>17.17</ele>
				<time>2026-08-24T16:56:59.488Z</time>
			</trkpt>
			<trkpt lat="38.45042" lon="23.59321">
				<ele>15.79</ele>
				<time>2026-08-24T16:57:03.431Z</time>
			</trkpt>
			<trkpt lat="38.45072" lon="23.59352">
				<ele>13.21</ele>
				<time>2026-08-24T16:57:09.187Z</time>
			</trkpt>
			<trkpt lat="38.4511" lon="23.59398">
				<ele>10.92</ele>
				<time>2026-08-24T16:57:17.042Z</time>
			</trkpt>
			<trkpt lat="38.45142" lon="23.59447">
				<ele>8.13</ele>
				<time>2026-08-24T16:57:24.583Z</time>
			</trkpt>
			<trkpt lat="38.45164" lon="23.59488">
				<ele>8.88</ele>
				<time>2026-08-24T16:57:30.486Z</time>
			</trkpt>
			<trkpt lat="38.4522" lon="23.596">
				<ele>8.03</ele>
				<time>2026-08-24T16:57:46.369Z</time>
			</trkpt>
			<trkpt lat="38.45243" lon="23.59635">
				<ele>5.92</ele>
				<time>2026-08-24T16:57:51.860Z</time>
			</trkpt>
			<trkpt lat="38.45313" lon="23.59715">
				<ele>4.02</ele>
				<time>2026-08-24T16:58:06.330Z</time>
			</trkpt>
			<trkpt lat="38.45327" lon="23.59736">
				<ele>3.09</ele>
				<time>2026-08-24T16:58:09.666Z</time>
			</trkpt>
			<trkpt lat="38.45337" lon="23.59763">
				<ele>2.78</ele>
				<time>2026-08-24T16:58:13.282Z</time>
			</trkpt>
			<trkpt lat="38.45344" lon="23.5979">
				<ele>2.77</ele>
				<time>2026-08-24T16:58:16.727Z</time>
			</trkpt>
			<trkpt lat="38.4535" lon="23.59832">
				<ele>3.97</ele>
				<time>2026-08-24T16:58:21.902Z</time>
			</trkpt>
			<trkpt lat="38.4535" lon="23.59849">
				<ele>5.62</ele>
				<time>2026-08-24T16:58:23.964Z</time>
			</trkpt>
			<trkpt lat="38.45348" lon="23.59867">
				<ele>6.92</ele>
				<time>2026-08-24T16:58:26.169Z</time>
			</trkpt>
			<trkpt lat="38.4534" lon="23.59901">
				<ele>6.94</ele>
				<time>2026-08-24T16:58:30.477Z</time>
			</trkpt>
			<trkpt lat="38.45325" lon="23.59942">
				<ele>7.49</ele>
				<time>2026-08-24T16:58:35.968Z</time>
			</trkpt>
			<trkpt lat="38.45283" lon="23.60043">
				<ele>10.25</ele>
				<time>2026-08-24T16:58:49.840Z</time>
			</trkpt>
			<trkpt lat="38.45169" lon="23.60258">
				<ele>17.86</ele>
				<time>2026-08-24T16:59:21.190Z</time>
			</trkpt>
			<trkpt lat="38.45158" lon="23.60288">
				<ele>19.75</ele>
				<time>2026-08-24T16:59:25.165Z</time>
			</trkpt>
			<trkpt lat="38.45149" lon="23.60322">
				<ele>21.42</ele>
				<time>2026-08-24T16:59:29.462Z</time>
			</trkpt>
			<trkpt lat="38.45145" lon="23.60353">
				<ele>24.81</ele>
				<time>2026-08-24T16:59:33.215Z</time>
			</trkpt>
			<trkpt lat="38.45145" lon="23.60385">
				<ele>25.54</ele>
				<time>2026-08-24T16:59:37.030Z</time>
			</trkpt>
			<trkpt lat="38.4515" lon="23.60419">
				<ele>25.8</ele>
				<time>2026-08-24T16:59:41.143Z</time>
			</trkpt>
			<trkpt lat="38.45157" lon="23.60441">
				<ele>25.34</ele>
				<time>2026-08-24T16:59:43.961Z</time>
			</trkpt>
			<trkpt lat="38.45165" lon="23.60463">
				<ele>23.38</ele>
				<time>2026-08-24T16:59:46.833Z</time>
			</trkpt>
			<trkpt lat="38.45187" lon="23.60501">
				<ele>21.86</ele>
				<time>2026-08-24T16:59:52.411Z</time>
			</trkpt>
			<trkpt lat="38.45195" lon="23.60512">
				<ele>20.7</ele>
				<time>2026-08-24T16:59:54.177Z</time>
			</trkpt>
			<trkpt lat="38.45211" lon="23.60527">
				<ele>18.43</ele>
				<time>2026-08-24T16:59:57.155Z</time>
			</trkpt>
			<trkpt lat="38.45245" lon="23.60547">
				<ele>14.63</ele>
				<time>2026-08-24T17:00:02.749Z</time>
			</trkpt>
			<trkpt lat="38.45295" lon="23.60565">
				<ele>12.99</ele>
				<time>2026-08-24T17:00:10.466Z</time>
			</trkpt>
			<trkpt lat="38.45408" lon="23.60586">
				<ele>13.36</ele>
				<time>2026-08-24T17:00:27.210Z</time>
			</trkpt>
			<trkpt lat="38.45448" lon="23.606">
				<ele>10.27</ele>
				<time>2026-08-24T17:00:33.209Z</time>
			</trkpt>
			<trkpt lat="38.45465" lon="23.6061">
				<ele>7.47</ele>
				<time>2026-08-24T17:00:35.901Z</time>
			</trkpt>
			<trkpt lat="38.45482" lon="23.60625">
				<ele>6.78</ele>
				<time>2026-08-24T17:00:38.862Z</time>
			</trkpt>
			<trkpt lat="38.45504" lon="23.60651">
				<ele>6.65</ele>
				<time>2026-08-24T17:00:43.135Z</time>
			</trkpt>
			<trkpt lat="38.45521" lon="23.60683">
				<ele>6.42</ele>
				<time>2026-08-24T17:00:47.423Z</time>
			</trkpt>
			<trkpt lat="38.45532" lon="23.60714">
				<ele>4.91</ele>
				<time>2026-08-24T17:00:51.175Z</time>
			</trkpt>
			<trkpt lat="38.45536" lon="23.60739">
				<ele>3.1</ele>
				<time>2026-08-24T17:00:53.972Z</time>
			</trkpt>
			<trkpt lat="38.45536" lon="23.60787">
				<ele>2</ele>
				<time>2026-08-24T17:00:59.199Z</time>
			</trkpt>
			<trkpt lat="38.4553" lon="23.6088">
				<ele>3.9</ele>
				<time>2026-08-24T17:01:09.220Z</time>
			</trkpt>
			<trkpt lat="38.45531" lon="23.6091">
				<ele>3.86</ele>
				<time>2026-08-24T17:01:12.403Z</time>
			</trkpt>
			<trkpt lat="38.45536" lon="23.60939">
				<ele>3.1</ele>
				<time>2026-08-24T17:01:15.531Z</time>
			</trkpt>
			<trkpt lat="38.45547" lon="23.60969">
				<ele>3</ele>
				<time>2026-08-24T17:01:18.996Z</time>
			</trkpt>
			<trkpt lat="38.45564" lon="23.60999">
				<ele>2.32</ele>
				<time>2026-08-24T17:01:22.838Z</time>
			</trkpt>
			<trkpt lat="38.45583" lon="23.61022">
				<ele>2.19</ele>
				<time>2026-08-24T17:01:26.278Z</time>
			</trkpt>
			<trkpt lat="38.45601" lon="23.61037">
				<ele>2.78</ele>
				<time>2026-08-24T17:01:29.081Z</time>
			</trkpt>
			<trkpt lat="38.4565" lon="23.61071">
				<ele>4</ele>
				<time>2026-08-24T17:01:36.261Z</time>
			</trkpt>
			<trkpt lat="38.45694" lon="23.61107">
				<ele>4.85</ele>
				<time>2026-08-24T17:01:42.866Z</time>
			</trkpt>
			<trkpt lat="38.45696" lon="23.61114">
				<ele>5.12</ele>
				<time>2026-08-24T17:01:43.596Z</time>
			</trkpt>
			<trkpt lat="38.45695" lon="23.61124">
				<ele>5.47</ele>
				<time>2026-08-24T17:01:44.581Z</time>
			</trkpt>
			<trkpt lat="38.45698" lon="23.61133">
				<ele>5.7</ele>
				<time>2026-08-24T17:01:45.534Z</time>
			</trkpt>
			<trkpt lat="38.45704" lon="23.61139">
				<ele>5.65</ele>
				<time>2026-08-24T17:01:46.479Z</time>
			</trkpt>
			<trkpt lat="38.45712" lon="23.61141">
				<ele>5.38</ele>
				<time>2026-08-24T17:01:47.487Z</time>
			</trkpt>
			<trkpt lat="38.45719" lon="23.61137">
				<ele>5.09</ele>
				<time>2026-08-24T17:01:48.433Z</time>
			</trkpt>
			<trkpt lat="38.4584" lon="23.61139">
				<ele>6.01</ele>
				<time>2026-08-24T17:02:03.014Z</time>
			</trkpt>
			<trkpt lat="38.4594" lon="23.61144">
				<ele>10.03</ele>
				<time>2026-08-24T17:02:14.652Z</time>
			</trkpt>
			<trkpt lat="38.46014" lon="23.61144">
				<ele>10.87</ele>
				<time>2026-08-24T17:02:23.056Z</time>
			</trkpt>
			<trkpt lat="38.46083" lon="23.61149">
				<ele>12.35</ele>
				<time>2026-08-24T17:02:30.779Z</time>
			</trkpt>
			<trkpt lat="38.46105" lon="23.61154">
				<ele>11.31</ele>
				<time>2026-08-24T17:02:33.254Z</time>
			</trkpt>
			<trkpt lat="38.46155" lon="23.61189">
				<ele>10.44</ele>
				<time>2026-08-24T17:02:39.528Z</time>
			</trkpt>
			<trkpt lat="38.4621" lon="23.61242">
				<ele>8.97</ele>
				<time>2026-08-24T17:02:47.047Z</time>
			</trkpt>
			<trkpt lat="38.46245" lon="23.61278">
				<ele>6.16</ele>
				<time>2026-08-24T17:02:51.924Z</time>
			</trkpt>
			<trkpt lat="38.46419" lon="23.61499">
				<ele>5.86</ele>
				<time>2026-08-24T17:03:18.477Z</time>
			</trkpt>
			<trkpt lat="38.46431" lon="23.61508">
				<ele>5.79</ele>
				<time>2026-08-24T17:03:19.992Z</time>
			</trkpt>
			<trkpt lat="38.46469" lon="23.61526">
				<ele>5.1</ele>
				<time>2026-08-24T17:03:24.417Z</time>
			</trkpt>
			<trkpt lat="38.46522" lon="23.61545">
				<ele>4.93</ele>
				<time>2026-08-24T17:03:30.465Z</time>
			</trkpt>
			<trkpt lat="38.46539" lon="23.61547">
				<ele>4.88</ele>
				<time>2026-08-24T17:03:32.351Z</time>
			</trkpt>
			<trkpt lat="38.46739" lon="23.61619">
				<ele>4.8</ele>
				<time>2026-08-24T17:03:55.867Z</time>
			</trkpt>
			<trkpt lat="38.46768" lon="23.61627">
				<ele>4.39</ele>
				<time>2026-08-24T17:03:59.330Z</time>
			</trkpt>
			<trkpt lat="38.46783" lon="23.61628">
				<ele>4.28</ele>
				<time>2026-08-24T17:04:01.094Z</time>
			</trkpt>
			<trkpt lat="38.46827" lon="23.61623">
				<ele>3.65</ele>
				<time>2026-08-24T17:04:06.334Z</time>
			</trkpt>
			<trkpt lat="38.46864" lon="23.61621">
				<ele>4.11</ele>
				<time>2026-08-24T17:04:10.787Z</time>
			</trkpt>
			<trkpt lat="38.46993" lon="23.61604">
				<ele>1.43</ele>
				<time>2026-08-24T17:04:26.868Z</time>
			</trkpt>
			<trkpt lat="38.47001" lon="23.61658">
				<ele>1.88</ele>
				<time>2026-08-24T17:04:32.389Z</time>
			</trkpt>
			<trkpt lat="38.47012" lon="23.61696">
				<ele>2.61</ele>
				<time>2026-08-24T17:04:36.520Z</time>
			</trkpt>
			<trkpt lat="38.47028" lon="23.61739">
				<ele>3.59</ele>
				<time>2026-08-24T17:04:41.437Z</time>
			</trkpt>
			<trkpt lat="38.4705" lon="23.61784">
				<ele>4</ele>
				<time>2026-08-24T17:04:46.992Z</time>
			</trkpt>
			<trkpt lat="38.47435" lon="23.62362">
				<ele>2.33</ele>
				<time>2026-08-24T17:06:14.266Z</time>
			</trkpt>
			<trkpt lat="38.47527" lon="23.62497">
				<ele>9</ele>
				<time>2026-08-24T17:06:36.661Z</time>
			</trkpt>
			<trkpt lat="38.47545" lon="23.62518">
				<ele>9.63</ele>
				<time>2026-08-24T17:06:40.616Z</time>
			</trkpt>
			<trkpt lat="38.47572" lon="23.62534">
				<ele>11.29</ele>
				<time>2026-08-24T17:06:45.467Z</time>
			</trkpt>
			<trkpt lat="38.47592" lon="23.62539">
				<ele>12</ele>
				<time>2026-08-24T17:06:48.802Z</time>
			</trkpt>
			<trkpt lat="38.47616" lon="23.62543">
				<ele>11.97</ele>
				<time>2026-08-24T17:06:52.778Z</time>
			</trkpt>
			<trkpt lat="38.47682" lon="23.62552">
				<ele>12.67</ele>
				<time>2026-08-24T17:07:03.757Z</time>
			</trkpt>
			<trkpt lat="38.47711" lon="23.62562">
				<ele>13.44</ele>
				<time>2026-08-24T17:07:08.761Z</time>
			</trkpt>
			<trkpt lat="38.47793" lon="23.626">
				<ele>16.46</ele>
				<time>2026-08-24T17:07:23.412Z</time>
			</trkpt>
			<trkpt lat="38.47891" lon="23.62655">
				<ele>14.12</ele>
				<time>2026-08-24T17:07:41.614Z</time>
			</trkpt>
			<trkpt lat="38.47936" lon="23.62684">
				<ele>15.28</ele>
				<time>2026-08-24T17:07:50.262Z</time>
			</trkpt>
			<trkpt lat="38.48023" lon="23.62756">
				<ele>13.56</ele>
				<time>2026-08-24T17:08:08.187Z</time>
			</trkpt>
			<trkpt lat="38.48036" lon="23.6277">
				<ele>13.23</ele>
				<time>2026-08-24T17:08:11.144Z</time>
			</trkpt>
			<trkpt lat="38.48131" lon="23.62851">
				<ele>12.66</ele>
				<time>2026-08-24T17:08:31.111Z</time>
			</trkpt>
			<trkpt lat="38.48172" lon="23.62889">
				<ele>13.98</ele>
				<time>2026-08-24T17:08:40.020Z</time>
			</trkpt>
			<trkpt lat="38.48313" lon="23.63008">
				<ele>13.2</ele>
				<time>2026-08-24T17:09:09.929Z</time>
			</trkpt>
			<trkpt lat="38.48383" lon="23.63054">
				<ele>12.86</ele>
				<time>2026-08-24T17:09:23.937Z</time>
			</trkpt>
			<trkpt lat="38.48613" lon="23.63173">
				<ele>18.08</ele>
				<time>2026-08-24T17:10:08.249Z</time>
			</trkpt>
			<trkpt lat="38.48661" lon="23.63194">
				<ele>19.81</ele>
				<time>2026-08-24T17:10:17.316Z</time>
			</trkpt>
			<trkpt lat="38.48705" lon="23.63207">
				<ele>20</ele>
				<time>2026-08-24T17:10:25.382Z</time>
			</trkpt>
			<trkpt lat="38.48923" lon="23.63256">
				<ele>18.23</ele>
				<time>2026-08-24T17:11:04.786Z</time>
			</trkpt>
			<trkpt lat="38.48998" lon="23.63272">
				<ele>19.75</ele>
				<time>2026-08-24T17:11:18.242Z</time>
			</trkpt>
			<trkpt lat="38.49334" lon="23.63345">
				<ele>19.57</ele>
				<time>2026-08-24T17:12:17.690Z</time>
			</trkpt>
			<trkpt lat="38.4947" lon="23.63376">
				<ele>18.58</ele>
				<time>2026-08-24T17:12:41.237Z</time>
			</trkpt>
			<trkpt lat="38.49773" lon="23.6344">
				<ele>20.67</ele>
				<time>2026-08-24T17:13:32.027Z</time>
			</trkpt>
			<trkpt lat="38.49931" lon="23.63457">
				<ele>23.37</ele>
				<time>2026-08-24T17:13:57.230Z</time>
			</trkpt>
			<trkpt lat="38.5001" lon="23.63472">
				<ele>17.63</ele>
				<time>2026-08-24T17:14:09.622Z</time>
			</trkpt>
			<trkpt lat="38.50505" lon="23.63568">
				<ele>6.08</ele>
				<time>2026-08-24T17:15:21.811Z</time>
			</trkpt>
			<trkpt lat="38.50612" lon="23.63588">
				<ele>8.15</ele>
				<time>2026-08-24T17:15:35.980Z</time>
			</trkpt>
			<trkpt lat="38.50653" lon="23.63596">
				<ele>7.48</ele>
				<time>2026-08-24T17:15:41.265Z</time>
			</trkpt>
			<trkpt lat="38.50789" lon="23.63622">
				<ele>9.51</ele>
				<time>2026-08-24T17:15:58.162Z</time>
			</trkpt>
			<trkpt lat="38.50777" lon="23.63742">
				<ele>13.97</ele>
				<time>2026-08-24T17:16:08.850Z</time>
			</trkpt>
			<trkpt lat="38.50775" lon="23.63767">
				<ele>14.54</ele>
				<time>2026-08-24T17:16:10.801Z</time>
			</trkpt>
			<trkpt lat="38.50776" lon="23.63774">
				<ele>14.84</ele>
				<time>2026-08-24T17:16:11.346Z</time>
			</trkpt>
			<trkpt lat="38.50826" lon="23.63821">
				<ele>17.13</ele>
				<time>2026-08-24T17:16:17.530Z</time>
			</trkpt>
			<trkpt lat="38.50907" lon="23.63888">
				<ele>18.3</ele>
				<time>2026-08-24T17:16:27.400Z</time>
			</trkpt>
			<trkpt lat="38.50916" lon="23.63893">
				<ele>18.33</ele>
				<time>2026-08-24T17:16:28.403Z</time>
			</trkpt>
			<trkpt lat="38.5093" lon="23.63897">
				<ele>17.97</ele>
				<time>2026-08-24T17:16:29.871Z</time>
			</trkpt>
			<trkpt lat="38.51004" lon="23.63911">
				<ele>17.66</ele>
				<time>2026-08-24T17:16:37.523Z</time>
			</trkpt>
			<trkpt lat="38.51014" lon="23.63912">
				<ele>16.95</ele>
				<time>2026-08-24T17:16:38.549Z</time>
			</trkpt>
			<trkpt lat="38.5102" lon="23.63911">
				<ele>16.53</ele>
				<time>2026-08-24T17:16:39.168Z</time>
			</trkpt>
			<trkpt lat="38.51069" lon="23.63894">
				<ele>13.1</ele>
				<time>2026-08-24T17:16:44.362Z</time>
			</trkpt>
			<trkpt lat="38.51105" lon="23.63882">
				<ele>12.84</ele>
				<time>2026-08-24T17:16:48.168Z</time>
			</trkpt>
			<trkpt lat="38.5112" lon="23.63879">
				<ele>13.33</ele>
				<time>2026-08-24T17:16:49.721Z</time>
			</trkpt>
			<trkpt lat="38.51149" lon="23.63882">
				<ele>13.9</ele>
				<time>2026-08-24T17:16:52.698Z</time>
			</trkpt>
			<trkpt lat="38.51205" lon="23.63892">
				<ele>12.7</ele>
				<time>2026-08-24T17:16:58.482Z</time>
			</trkpt>
			<trkpt lat="38.51352" lon="23.63913">
				<ele>10.9</ele>
				<time>2026-08-24T17:17:13.613Z</time>
			</trkpt>
			<trkpt lat="38.51447" lon="23.63922">
				<ele>9.2</ele>
				<time>2026-08-24T17:17:23.356Z</time>
			</trkpt>
			<trkpt lat="38.51728" lon="23.6392">
				<ele>12.03</ele>
				<time>2026-08-24T17:17:52.092Z</time>
			</trkpt>
			<trkpt lat="38.51729" lon="23.63936">
				<ele>12.17</ele>
				<time>2026-08-24T17:17:53.376Z</time>
			</trkpt>
			<trkpt lat="38.52008" lon="23.64014">
				<ele>14.83</ele>
				<time>2026-08-24T17:18:18.192Z</time>
			</trkpt>
			<trkpt lat="38.52122" lon="23.64034">
				<ele>16.39</ele>
				<time>2026-08-24T17:18:27.219Z</time>
			</trkpt>
			<trkpt lat="38.52194" lon="23.64053">
				<ele>19</ele>
				<time>2026-08-24T17:18:32.790Z</time>
			</trkpt>
			<trkpt lat="38.52293" lon="23.64088">
				<ele>19.25</ele>
				<time>2026-08-24T17:18:40.329Z</time>
			</trkpt>
			<trkpt lat="38.52342" lon="23.64111">
				<ele>18.33</ele>
				<time>2026-08-24T17:18:44.054Z</time>
			</trkpt>
			<trkpt lat="38.52359" lon="23.64122">
				<ele>18.55</ele>
				<time>2026-08-24T17:18:45.397Z</time>
			</trkpt>
			<trkpt lat="38.52393" lon="23.6415">
				<ele>20.09</ele>
				<time>2026-08-24T17:18:48.218Z</time>
			</trkpt>
			<trkpt lat="38.52484" lon="23.64241">
				<ele>22</ele>
				<time>2026-08-24T17:18:56.060Z</time>
			</trkpt>
			<trkpt lat="38.52535" lon="23.64288">
				<ele>23.31</ele>
				<time>2026-08-24T17:19:00.199Z</time>
			</trkpt>
			<trkpt lat="38.52596" lon="23.64338">
				<ele>26.08</ele>
				<time>2026-08-24T17:19:04.862Z</time>
			</trkpt>
			<trkpt lat="38.5262" lon="23.64355">
				<ele>26.86</ele>
				<time>2026-08-24T17:19:06.599Z</time>
			</trkpt>
			<trkpt lat="38.52668" lon="23.64381">
				<ele>29.72</ele>
				<time>2026-08-24T17:19:09.857Z</time>
			</trkpt>
			<trkpt lat="38.52802" lon="23.64432">
				<ele>32.88</ele>
				<time>2026-08-24T17:19:18.333Z</time>
			</trkpt>
			<trkpt lat="38.52878" lon="23.64467">
				<ele>36.5</ele>
				<time>2026-08-24T17:19:23.069Z</time>
			</trkpt>
			<trkpt lat="38.52944" lon="23.64506">
				<ele>41</ele>
				<time>2026-08-24T17:19:27.237Z</time>
			</trkpt>
			<trkpt lat="38.53002" lon="23.64543">
				<ele>41.03</ele>
				<time>2026-08-24T17:19:30.883Z</time>
			</trkpt>
			<trkpt lat="38.53022" lon="23.64553">
				<ele>41.04</ele>
				<time>2026-08-24T17:19:32.077Z</time>
			</trkpt>
			<trkpt lat="38.53044" lon="23.64557">
				<ele>41.57</ele>
				<time>2026-08-24T17:19:33.305Z</time>
			</trkpt>
			<trkpt lat="38.53151" lon="23.64558">
				<ele>45.34</ele>
				<time>2026-08-24T17:19:39.122Z</time>
			</trkpt>
			<trkpt lat="38.53276" lon="23.6459">
				<ele>47.75</ele>
				<time>2026-08-24T17:19:45.862Z</time>
			</trkpt>
			<trkpt lat="38.53319" lon="23.64602">
				<ele>47.78</ele>
				<time>2026-08-24T17:19:48.145Z</time>
			</trkpt>
			<trkpt lat="38.53337" lon="23.64605">
				<ele>48.42</ele>
				<time>2026-08-24T17:19:49.081Z</time>
			</trkpt>
			<trkpt lat="38.53356" lon="23.64604">
				<ele>49.52</ele>
				<time>2026-08-24T17:19:50.057Z</time>
			</trkpt>
			<trkpt lat="38.53412" lon="23.64591">
				<ele>55.64</ele>
				<time>2026-08-24T17:19:52.959Z</time>
			</trkpt>
			<trkpt lat="38.53479" lon="23.6458">
				<ele>55.68</ele>
				<time>2026-08-24T17:19:56.364Z</time>
			</trkpt>
			<trkpt lat="38.53543" lon="23.64574">
				<ele>46.34</ele>
				<time>2026-08-24T17:19:59.563Z</time>
			</trkpt>
			<trkpt lat="38.5356" lon="23.64579">
				<ele>43.85</ele>
				<time>2026-08-24T17:20:00.427Z</time>
			</trkpt>
			<trkpt lat="38.5361" lon="23.646">
				<ele>40.32</ele>
				<time>2026-08-24T17:20:03.021Z</time>
			</trkpt>
			<trkpt lat="38.53648" lon="23.64621">
				<ele>35.17</ele>
				<time>2026-08-24T17:20:05.048Z</time>
			</trkpt>
			<trkpt lat="38.53665" lon="23.64628">
				<ele>33.17</ele>
				<time>2026-08-24T17:20:05.920Z</time>
			</trkpt>
			<trkpt lat="38.53688" lon="23.64634">
				<ele>31.3</ele>
				<time>2026-08-24T17:20:07.063Z</time>
			</trkpt>
			<trkpt lat="38.53732" lon="23.64635">
				<ele>29.31</ele>
				<time>2026-08-24T17:20:09.197Z</time>
			</trkpt>
			<trkpt lat="38.53765" lon="23.64641">
				<ele>28.33</ele>
				<time>2026-08-24T17:20:10.807Z</time>
			</trkpt>
			<trkpt lat="38.53893" lon="23.6467">
				<ele>22.48</ele>
				<time>2026-08-24T17:20:17.045Z</time>
			</trkpt>
			<trkpt lat="38.53946" lon="23.64685">
				<ele>25.98</ele>
				<time>2026-08-24T17:20:19.635Z</time>
			</trkpt>
			<trkpt lat="38.5399" lon="23.64694">
				<ele>24.98</ele>
				<time>2026-08-24T17:20:21.757Z</time>
			</trkpt>
			<trkpt lat="38.54001" lon="23.64694">
				<ele>24.8</ele>
				<time>2026-08-24T17:20:22.281Z</time>
			</trkpt>
			<trkpt lat="38.54021" lon="23.64691">
				<ele>22.57</ele>
				<time>2026-08-24T17:20:23.238Z</time>
			</trkpt>
			<trkpt lat="38.54075" lon="23.64675">
				<ele>17.53</ele>
				<time>2026-08-24T17:20:25.873Z</time>
			</trkpt>
			<trkpt lat="38.54105" lon="23.64671">
				<ele>15.53</ele>
				<time>2026-08-24T17:20:27.307Z</time>
			</trkpt>
			<trkpt lat="38.54119" lon="23.64675">
				<ele>14.69</ele>
				<time>2026-08-24T17:20:27.989Z</time>
			</trkpt>
			<trkpt lat="38.54145" lon="23.64686">
				<ele>13.49</ele>
				<time>2026-08-24T17:20:29.291Z</time>
			</trkpt>
			<trkpt lat="38.54186" lon="23.64713">
				<ele>12.96</ele>
				<time>2026-08-24T17:20:31.485Z</time>
			</trkpt>
			<trkpt lat="38.54317" lon="23.64773">
				<ele>13.92</ele>
				<time>2026-08-24T17:20:38.131Z</time>
			</trkpt>
			<trkpt lat="38.54417" lon="23.64832">
				<ele>15.99</ele>
				<time>2026-08-24T17:20:43.435Z</time>
			</trkpt>
			<trkpt lat="38.54492" lon="23.64881">
				<ele>14.81</ele>
				<time>2026-08-24T17:20:47.531Z</time>
			</trkpt>
			<trkpt lat="38.54514" lon="23.64892">
				<ele>14.55</ele>
				<time>2026-08-24T17:20:48.687Z</time>
			</trkpt>
			<trkpt lat="38.54547" lon="23.64904">
				<ele>14.87</ele>
				<time>2026-08-24T17:20:50.372Z</time>
			</trkpt>
			<trkpt lat="38.54632" lon="23.64916">
				<ele>14.99</ele>
				<time>2026-08-24T17:20:54.609Z</time>
			</trkpt>
			<trkpt lat="38.54645" lon="23.64921">
				<ele>15.38</ele>
				<time>2026-08-24T17:20:55.287Z</time>
			</trkpt>
			<trkpt lat="38.54668" lon="23.64934">
				<ele>15.81</ele>
				<time>2026-08-24T17:20:56.546Z</time>
			</trkpt>
			<trkpt lat="38.54689" lon="23.64949">
				<ele>15.66</ele>
				<time>2026-08-24T17:20:57.756Z</time>
			</trkpt>
			<trkpt lat="38.54708" lon="23.64959">
				<ele>15.71</ele>
				<time>2026-08-24T17:20:58.793Z</time>
			</trkpt>
			<trkpt lat="38.54723" lon="23.64962">
				<ele>15.74</ele>
				<time>2026-08-24T17:20:59.562Z</time>
			</trkpt>
			<trkpt lat="38.54787" lon="23.64959">
				<ele>14.07</ele>
				<time>2026-08-24T17:21:02.830Z</time>
			</trkpt>
			<trkpt lat="38.54866" lon="23.64967">
				<ele>12.93</ele>
				<time>2026-08-24T17:21:06.931Z</time>
			</trkpt>
			<trkpt lat="38.54975" lon="23.64964">
				<ele>9.61</ele>
				<time>2026-08-24T17:21:12.691Z</time>
			</trkpt>
			<trkpt lat="38.55042" lon="23.64975">
				<ele>7.2</ele>
				<time>2026-08-24T17:21:16.335Z</time>
			</trkpt>
			<trkpt lat="38.5508" lon="23.64971">
				<ele>7.86</ele>
				<time>2026-08-24T17:21:18.418Z</time>
			</trkpt>
			<trkpt lat="38.55135" lon="23.64962">
				<ele>5.28</ele>
				<time>2026-08-24T17:21:21.486Z</time>
			</trkpt>
			<trkpt lat="38.55163" lon="23.64954">
				<ele>5.28</ele>
				<time>2026-08-24T17:21:23.091Z</time>
			</trkpt>
			<trkpt lat="38.55207" lon="23.64933">
				<ele>8.07</ele>
				<time>2026-08-24T17:21:25.745Z</time>
			</trkpt>
			<trkpt lat="38.55255" lon="23.64913">
				<ele>7.88</ele>
				<time>2026-08-24T17:21:28.638Z</time>
			</trkpt>
			<trkpt lat="38.55267" lon="23.6491">
				<ele>7.76</ele>
				<time>2026-08-24T17:21:29.345Z</time>
			</trkpt>
			<trkpt lat="38.5534" lon="23.64911">
				<ele>9.05</ele>
				<time>2026-08-24T17:21:33.618Z</time>
			</trkpt>
			<trkpt lat="38.55371" lon="23.64906">
				<ele>9.88</ele>
				<time>2026-08-24T17:21:35.476Z</time>
			</trkpt>
			<trkpt lat="38.55429" lon="23.64889">
				<ele>8.56</ele>
				<time>2026-08-24T17:21:39.064Z</time>
			</trkpt>
			<trkpt lat="38.5544" lon="23.64883">
				<ele>7.9</ele>
				<time>2026-08-24T17:21:39.793Z</time>
			</trkpt>
			<trkpt lat="38.55463" lon="23.64869">
				<ele>7.31</ele>
				<time>2026-08-24T17:21:41.355Z</time>
			</trkpt>
			<trkpt lat="38.55475" lon="23.64861">
				<ele>7</ele>
				<time>2026-08-24T17:21:42.190Z</time>
			</trkpt>
			<trkpt lat="38.55513" lon="23.64826">
				<ele>5.52</ele>
				<time>2026-08-24T17:21:45.107Z</time>
			</trkpt>
			<trkpt lat="38.55677" lon="23.64685">
				<ele>6.59</ele>
				<time>2026-08-24T17:21:57.927Z</time>
			</trkpt>
			<trkpt lat="38.55745" lon="23.64623">
				<ele>7.37</ele>
				<time>2026-08-24T17:22:03.608Z</time>
			</trkpt>
			<trkpt lat="38.55761" lon="23.6461">
				<ele>7.41</ele>
				<time>2026-08-24T17:22:04.921Z</time>
			</trkpt>
			<trkpt lat="38.55801" lon="23.64582">
				<ele>8</ele>
				<time>2026-08-24T17:22:08.115Z</time>
			</trkpt>
			<trkpt lat="38.55822" lon="23.6456">
				<ele>8</ele>
				<time>2026-08-24T17:22:10.041Z</time>
			</trkpt>
			<trkpt lat="38.55842" lon="23.64528">
				<ele>7.65</ele>
				<time>2026-08-24T17:22:12.338Z</time>
			</trkpt>
			<trkpt lat="38.55851" lon="23.64519">
				<ele>7.06</ele>
				<time>2026-08-24T17:22:13.164Z</time>
			</trkpt>
			<trkpt lat="38.5586" lon="23.64514">
				<ele>6.54</ele>
				<time>2026-08-24T17:22:13.876Z</time>
			</trkpt>
			<trkpt lat="38.56038" lon="23.64468">
				<ele>7.26</ele>
				<time>2026-08-24T17:22:27.516Z</time>
			</trkpt>
			<trkpt lat="38.561" lon="23.64444">
				<ele>7</ele>
				<time>2026-08-24T17:22:32.605Z</time>
			</trkpt>
			<trkpt lat="38.56233" lon="23.64395">
				<ele>10.75</ele>
				<time>2026-08-24T17:22:43.899Z</time>
			</trkpt>
			<trkpt lat="38.56394" lon="23.64319">
				<ele>10.21</ele>
				<time>2026-08-24T17:22:58.739Z</time>
			</trkpt>
			<trkpt lat="38.56533" lon="23.64231">
				<ele>11.07</ele>
				<time>2026-08-24T17:23:13.002Z</time>
			</trkpt>
			<trkpt lat="38.56605" lon="23.64193">
				<ele>11.76</ele>
				<time>2026-08-24T17:23:20.486Z</time>
			</trkpt>
			<trkpt lat="38.56709" lon="23.64148">
				<ele>12.54</ele>
				<time>2026-08-24T17:23:31.417Z</time>
			</trkpt>
			<trkpt lat="38.5695" lon="23.64032">
				<ele>15.16</ele>
				<time>2026-08-24T17:23:58.895Z</time>
			</trkpt>
			<trkpt lat="38.56979" lon="23.64021">
				<ele>14.82</ele>
				<time>2026-08-24T17:24:02.301Z</time>
			</trkpt>
			<trkpt lat="38.5701" lon="23.64015">
				<ele>15.57</ele>
				<time>2026-08-24T17:24:05.871Z</time>
			</trkpt>
			<trkpt lat="38.57043" lon="23.64011">
				<ele>16.74</ele>
				<time>2026-08-24T17:24:09.691Z</time>
			</trkpt>
			<trkpt lat="38.57073" lon="23.64011">
				<ele>17</ele>
				<time>2026-08-24T17:24:13.190Z</time>
			</trkpt>
			<trkpt lat="38.57085" lon="23.64014">
				<ele>16.96</ele>
				<time>2026-08-24T17:24:14.627Z</time>
			</trkpt>
			<trkpt lat="38.57182" lon="23.64054">
				<ele>17.52</ele>
				<time>2026-08-24T17:24:26.862Z</time>
			</trkpt>
			<trkpt lat="38.57189" lon="23.64053">
				<ele>17.75</ele>
				<time>2026-08-24T17:24:27.724Z</time>
			</trkpt>
			<trkpt lat="38.57246" lon="23.64095">
				<ele>19.12</ele>
				<time>2026-08-24T17:24:36.028Z</time>
			</trkpt>
			<trkpt lat="38.57284" lon="23.64117">
				<ele>18.82</ele>
				<time>2026-08-24T17:24:43.177Z</time>
			</trkpt>
			<trkpt lat="38.57492" lon="23.64222">
				<ele>18.98</ele>
				<time>2026-08-24T17:25:40.137Z</time>
			</trkpt>
			<trkpt lat="38.5753" lon="23.64237">
				<ele>17.89</ele>
				<time>2026-08-24T17:25:49.699Z</time>
			</trkpt>
			<trkpt lat="38.57539" lon="23.64238">
				<ele>17.56</ele>
				<time>2026-08-24T17:25:51.703Z</time>
			</trkpt>
			<trkpt lat="38.57538" lon="23.64228">
				<ele>17.61</ele>
				<time>2026-08-24T17:25:53.391Z</time>
			</trkpt>
			<trkpt lat="38.5754" lon="23.64181">
				<ele>16.35</ele>
				<time>2026-08-24T17:26:00.422Z</time>
			</trkpt>
			<trkpt lat="38.57539" lon="23.64137">
				<ele>16.04</ele>
				<time>2026-08-24T17:26:05.918Z</time>
			</trkpt>
			<trkpt lat="38.57555" lon="23.64002">
				<ele>15.15</ele>
				<time>2026-08-24T17:26:21.492Z</time>
			</trkpt>
			<trkpt lat="38.57567" lon="23.63969">
				<ele>15.37</ele>
				<time>2026-08-24T17:26:25.326Z</time>
			</trkpt>
			<trkpt lat="38.57569" lon="23.63951">
				<ele>15.13</ele>
				<time>2026-08-24T17:26:27.196Z</time>
			</trkpt>
			<trkpt lat="38.57567" lon="23.63928">
				<ele>14.75</ele>
				<time>2026-08-24T17:26:29.536Z</time>
			</trkpt>
			<trkpt lat="38.5753" lon="23.63819">
				<ele>16.87</ele>
				<time>2026-08-24T17:26:40.893Z</time>
			</trkpt>
			<trkpt lat="38.57523" lon="23.63775">
				<ele>16.93</ele>
				<time>2026-08-24T17:26:44.935Z</time>
			</trkpt>
			<trkpt lat="38.57522" lon="23.63757">
				<ele>16.26</ele>
				<time>2026-08-24T17:26:46.527Z</time>
			</trkpt>
			<trkpt lat="38.57524" lon="23.63703">
				<ele>14.44</ele>
				<time>2026-08-24T17:26:51.194Z</time>
			</trkpt>
			<trkpt lat="38.57527" lon="23.63686">
				<ele>14.02</ele>
				<time>2026-08-24T17:26:52.669Z</time>
			</trkpt>
			<trkpt lat="38.57565" lon="23.6359">
				<ele>13.45</ele>
				<time>2026-08-24T17:27:01.526Z</time>
			</trkpt>
			<trkpt lat="38.57567" lon="23.63572">
				<ele>13.96</ele>
				<time>2026-08-24T17:27:02.989Z</time>
			</trkpt>
			<trkpt lat="38.57565" lon="23.63517">
				<ele>14.39</ele>
				<time>2026-08-24T17:27:07.378Z</time>
			</trkpt>
			<trkpt lat="38.57568" lon="23.63489">
				<ele>13.83</ele>
				<time>2026-08-24T17:27:09.613Z</time>
			</trkpt>
			<trkpt lat="38.576" lon="23.63377">
				<ele>15.16</ele>
				<time>2026-08-24T17:27:19.013Z</time>
			</trkpt>
			<trkpt lat="38.576" lon="23.63362">
				<ele>15.35</ele>
				<time>2026-08-24T17:27:20.200Z</time>
			</trkpt>
			<trkpt lat="38.5758" lon="23.63212">
				<ele>13.06</ele>
				<time>2026-08-24T17:27:32.503Z</time>
			</trkpt>
			<trkpt lat="38.57594" lon="23.63206">
				<ele>13.17</ele>
				<time>2026-08-24T17:27:34.079Z</time>
			</trkpt>
			<trkpt lat="38.57621" lon="23.63193">
				<ele>12.92</ele>
				<time>2026-08-24T17:27:37.201Z</time>
			</trkpt>
			<trkpt lat="38.57641" lon="23.63186">
				<ele>12.85</ele>
				<time>2026-08-24T17:27:39.472Z</time>
			</trkpt>
			<trkpt lat="38.5767" lon="23.63165">
				<ele>14.14</ele>
				<time>2026-08-24T17:27:43.066Z</time>
			</trkpt>
			<trkpt lat="38.57686" lon="23.63145">
				<ele>14.73</ele>
				<time>2026-08-24T17:27:45.434Z</time>
			</trkpt>
			<trkpt lat="38.57697" lon="23.63123">
				<ele>15</ele>
				<time>2026-08-24T17:27:47.565Z</time>
			</trkpt>
			<trkpt lat="38.577" lon="23.63112">
				<ele>15</ele>
				<time>2026-08-24T17:27:48.506Z</time>
			</trkpt>
			<trkpt lat="38.5794" lon="23.62563">
				<ele>19.85</ele>
				<time>2026-08-24T17:28:31.926Z</time>
			</trkpt>
			<trkpt lat="38.57959" lon="23.62523">
				<ele>20.45</ele>
				<time>2026-08-24T17:28:34.667Z</time>
			</trkpt>
			<trkpt lat="38.58083" lon="23.62295">
				<ele>19</ele>
				<time>2026-08-24T17:28:49.895Z</time>
			</trkpt>
			<trkpt lat="38.58098" lon="23.62262">
				<ele>19.56</ele>
				<time>2026-08-24T17:28:51.867Z</time>
			</trkpt>
			<trkpt lat="38.58106" lon="23.62242">
				<ele>19.6</ele>
				<time>2026-08-24T17:28:53.016Z</time>
			</trkpt>
			<trkpt lat="38.58111" lon="23.62222">
				<ele>19.03</ele>
				<time>2026-08-24T17:28:54.083Z</time>
			</trkpt>
			<trkpt lat="38.58128" lon="23.62144">
				<ele>20.51</ele>
				<time>2026-08-24T17:28:58.132Z</time>
			</trkpt>
			<trkpt lat="38.58166" lon="23.61943">
				<ele>19.88</ele>
				<time>2026-08-24T17:29:08.089Z</time>
			</trkpt>
			<trkpt lat="38.5817" lon="23.61903">
				<ele>18.77</ele>
				<time>2026-08-24T17:29:09.980Z</time>
			</trkpt>
			<trkpt lat="38.58166" lon="23.61868">
				<ele>17.27</ele>
				<time>2026-08-24T17:29:11.628Z</time>
			</trkpt>
			<trkpt lat="38.58122" lon="23.6167">
				<ele>18.68</ele>
				<time>2026-08-24T17:29:21.086Z</time>
			</trkpt>
			<trkpt lat="38.58119" lon="23.6165">
				<ele>19.2</ele>
				<time>2026-08-24T17:29:22.014Z</time>
			</trkpt>
			<trkpt lat="38.58119" lon="23.61572">
				<ele>20.8</ele>
				<time>2026-08-24T17:29:25.567Z</time>
			</trkpt>
			<trkpt lat="38.58126" lon="23.61322">
				<ele>29.38</ele>
				<time>2026-08-24T17:29:37.050Z</time>
			</trkpt>
			<trkpt lat="38.5813" lon="23.61289">
				<ele>30</ele>
				<time>2026-08-24T17:29:38.607Z</time>
			</trkpt>
			<trkpt lat="38.58136" lon="23.61261">
				<ele>28.84</ele>
				<time>2026-08-24T17:29:39.969Z</time>
			</trkpt>
			<trkpt lat="38.582" lon="23.61034">
				<ele>31.04</ele>
				<time>2026-08-24T17:29:51.620Z</time>
			</trkpt>
			<trkpt lat="38.58207" lon="23.61022">
				<ele>31.47</ele>
				<time>2026-08-24T17:29:52.367Z</time>
			</trkpt>
			<trkpt lat="38.58217" lon="23.61015">
				<ele>31.82</ele>
				<time>2026-08-24T17:29:53.098Z</time>
			</trkpt>
			<trkpt lat="38.58228" lon="23.61013">
				<ele>32.11</ele>
				<time>2026-08-24T17:29:53.814Z</time>
			</trkpt>
			<trkpt lat="38.58379" lon="23.61063">
				<ele>37.45</ele>
				<time>2026-08-24T17:30:04.229Z</time>
			</trkpt>
			<trkpt lat="38.58396" lon="23.61067">
				<ele>36.68</ele>
				<time>2026-08-24T17:30:05.431Z</time>
			</trkpt>
			<trkpt lat="38.58411" lon="23.61068">
				<ele>35.76</ele>
				<time>2026-08-24T17:30:06.483Z</time>
			</trkpt>
			<trkpt lat="38.58428" lon="23.61066">
				<ele>35.34</ele>
				<time>2026-08-24T17:30:07.689Z</time>
			</trkpt>
			<trkpt lat="38.585" lon="23.61054">
				<ele>38</ele>
				<time>2026-08-24T17:30:12.939Z</time>
			</trkpt>
			<trkpt lat="38.58512" lon="23.61051">
				<ele>38.82</ele>
				<time>2026-08-24T17:30:13.844Z</time>
			</trkpt>
			<trkpt lat="38.5853" lon="23.61038">
				<ele>40.15</ele>
				<time>2026-08-24T17:30:15.387Z</time>
			</trkpt>
			<trkpt lat="38.58537" lon="23.61029">
				<ele>40.38</ele>
				<time>2026-08-24T17:30:16.134Z</time>
			</trkpt>
			<trkpt lat="38.58554" lon="23.60999">
				<ele>40.97</ele>
				<time>2026-08-24T17:30:18.339Z</time>
			</trkpt>
			<trkpt lat="38.5857" lon="23.60975">
				<ele>41.52</ele>
				<time>2026-08-24T17:30:20.245Z</time>
			</trkpt>
			<trkpt lat="38.58577" lon="23.60964">
				<ele>42.05</ele>
				<time>2026-08-24T17:30:21.111Z</time>
			</trkpt>
			<trkpt lat="38.58585" lon="23.60957">
				<ele>42.57</ele>
				<time>2026-08-24T17:30:21.872Z</time>
			</trkpt>
			<trkpt lat="38.5861" lon="23.60943">
				<ele>43</ele>
				<time>2026-08-24T17:30:24.041Z</time>
			</trkpt>
			<trkpt lat="38.58702" lon="23.6092">
				<ele>48.08</ele>
				<time>2026-08-24T17:30:31.766Z</time>
			</trkpt>
			<trkpt lat="38.58729" lon="23.60907">
				<ele>51.11</ele>
				<time>2026-08-24T17:30:34.235Z</time>
			</trkpt>
			<trkpt lat="38.58743" lon="23.60897">
				<ele>51.32</ele>
				<time>2026-08-24T17:30:35.626Z</time>
			</trkpt>
			<trkpt lat="38.58766" lon="23.60876">
				<ele>51.83</ele>
				<time>2026-08-24T17:30:38.113Z</time>
			</trkpt>
			<trkpt lat="38.58798" lon="23.60833">
				<ele>54.25</ele>
				<time>2026-08-24T17:30:42.296Z</time>
			</trkpt>
			<trkpt lat="38.58826" lon="23.60778">
				<ele>57.83</ele>
				<time>2026-08-24T17:30:47.069Z</time>
			</trkpt>
			<trkpt lat="38.58837" lon="23.60763">
				<ele>58.88</ele>
				<time>2026-08-24T17:30:48.597Z</time>
			</trkpt>
			<trkpt lat="38.58857" lon="23.60748">
				<ele>59.66</ele>
				<time>2026-08-24T17:30:50.830Z</time>
			</trkpt>
			<trkpt lat="38.589" lon="23.60731">
				<ele>63.19</ele>
				<time>2026-08-24T17:30:55.263Z</time>
			</trkpt>
			<trkpt lat="38.58906" lon="23.60728">
				<ele>63.52</ele>
				<time>2026-08-24T17:30:55.908Z</time>
			</trkpt>
			<trkpt lat="38.58915" lon="23.6072">
				<ele>63.93</ele>
				<time>2026-08-24T17:30:57.013Z</time>
			</trkpt>
			<trkpt lat="38.58922" lon="23.60706">
				<ele>64.8</ele>
				<time>2026-08-24T17:30:58.332Z</time>
			</trkpt>
			<trkpt lat="38.58924" lon="23.60698">
				<ele>65.11</ele>
				<time>2026-08-24T17:30:59.003Z</time>
			</trkpt>
			<trkpt lat="38.5893" lon="23.60638">
				<ele>66.9</ele>
				<time>2026-08-24T17:31:03.924Z</time>
			</trkpt>
			<trkpt lat="38.58933" lon="23.60618">
				<ele>68.35</ele>
				<time>2026-08-24T17:31:05.615Z</time>
			</trkpt>
			<trkpt lat="38.58939" lon="23.60597">
				<ele>69.04</ele>
				<time>2026-08-24T17:31:07.494Z</time>
			</trkpt>
			<trkpt lat="38.58946" lon="23.60581">
				<ele>69.34</ele>
				<time>2026-08-24T17:31:09.051Z</time>
			</trkpt>
			<trkpt lat="38.58957" lon="23.60566">
				<ele>70.23</ele>
				<time>2026-08-24T17:31:10.815Z</time>
			</trkpt>
			<trkpt lat="38.5898" lon="23.60546">
				<ele>72.37</ele>
				<time>2026-08-24T17:31:13.912Z</time>
			</trkpt>
			<trkpt lat="38.58996" lon="23.60537">
				<ele>73.2</ele>
				<time>2026-08-24T17:31:15.888Z</time>
			</trkpt>
			<trkpt lat="38.59011" lon="23.60531">
				<ele>73.82</ele>
				<time>2026-08-24T17:31:17.685Z</time>
			</trkpt>
			<trkpt lat="38.59027" lon="23.60526">
				<ele>74.77</ele>
				<time>2026-08-24T17:31:19.588Z</time>
			</trkpt>
			<trkpt lat="38.59061" lon="23.60523">
				<ele>77.76</ele>
				<time>2026-08-24T17:31:23.594Z</time>
			</trkpt>
			<trkpt lat="38.59073" lon="23.6052">
				<ele>77.82</ele>
				<time>2026-08-24T17:31:25.054Z</time>
			</trkpt>
			<trkpt lat="38.59082" lon="23.60513">
				<ele>77.98</ele>
				<time>2026-08-24T17:31:26.321Z</time>
			</trkpt>
			<trkpt lat="38.59088" lon="23.60505">
				<ele>78.43</ele>
				<time>2026-08-24T17:31:27.370Z</time>
			</trkpt>
			<trkpt lat="38.59111" lon="23.60448">
				<ele>82.75</ele>
				<time>2026-08-24T17:31:33.561Z</time>
			</trkpt>
			<trkpt lat="38.59116" lon="23.6044">
				<ele>83.38</ele>
				<time>2026-08-24T17:31:34.569Z</time>
			</trkpt>
			<trkpt lat="38.59127" lon="23.60426">
				<ele>84.17</ele>
				<time>2026-08-24T17:31:36.538Z</time>
			</trkpt>
			<trkpt lat="38.59148" lon="23.60412">
				<ele>85.23</ele>
				<time>2026-08-24T17:31:39.583Z</time>
			</trkpt>
			<trkpt lat="38.59178" lon="23.604">
				<ele>85.95</ele>
				<time>2026-08-24T17:31:43.699Z</time>
			</trkpt>
			<trkpt lat="38.59206" lon="23.6039">
				<ele>86.25</ele>
				<time>2026-08-24T17:31:47.583Z</time>
			</trkpt>
			<trkpt lat="38.59228" lon="23.60385">
				<ele>87.21</ele>
				<time>2026-08-24T17:31:50.620Z</time>
			</trkpt>
			<trkpt lat="38.59247" lon="23.60386">
				<ele>89.53</ele>
				<time>2026-08-24T17:31:53.241Z</time>
			</trkpt>
			<trkpt lat="38.59306" lon="23.60401">
				<ele>96.83</ele>
				<time>2026-08-24T17:32:01.750Z</time>
			</trkpt>
			<trkpt lat="38.59335" lon="23.60407">
				<ele>100.31</ele>
				<time>2026-08-24T17:32:06.029Z</time>
			</trkpt>
			<trkpt lat="38.59369" lon="23.60411">
				<ele>104.34</ele>
				<time>2026-08-24T17:32:11.108Z</time>
			</trkpt>
			<trkpt lat="38.59398" lon="23.60412">
				<ele>106.76</ele>
				<time>2026-08-24T17:32:15.513Z</time>
			</trkpt>
			<trkpt lat="38.59417" lon="23.6041">
				<ele>107.43</ele>
				<time>2026-08-24T17:32:18.454Z</time>
			</trkpt>
			<trkpt lat="38.59425" lon="23.60407">
				<ele>106.28</ele>
				<time>2026-08-24T17:32:19.751Z</time>
			</trkpt>
			<trkpt lat="38.59438" lon="23.60398">
				<ele>104.43</ele>
				<time>2026-08-24T17:32:22.069Z</time>
			</trkpt>
			<trkpt lat="38.59448" lon="23.60387">
				<ele>104.01</ele>
				<time>2026-08-24T17:32:24.155Z</time>
			</trkpt>
			<trkpt lat="38.59456" lon="23.60373">
				<ele>103.55</ele>
				<time>2026-08-24T17:32:26.319Z</time>
			</trkpt>
			<trkpt lat="38.59462" lon="23.60357">
				<ele>104.3</ele>
				<time>2026-08-24T17:32:28.552Z</time>
			</trkpt>
			<trkpt lat="38.59468" lon="23.60306">
				<ele>110.37</ele>
				<time>2026-08-24T17:32:35.156Z</time>
			</trkpt>
			<trkpt lat="38.59475" lon="23.60288">
				<ele>110.99</ele>
				<time>2026-08-24T17:32:37.777Z</time>
			</trkpt>
			<trkpt lat="38.59483" lon="23.6028">
				<ele>112.08</ele>
				<time>2026-08-24T17:32:39.485Z</time>
			</trkpt>
			<trkpt lat="38.59549" lon="23.60247">
				<ele>119.11</ele>
				<time>2026-08-24T17:32:51.715Z</time>
			</trkpt>
			<trkpt lat="38.59612" lon="23.60211">
				<ele>123.59</ele>
				<time>2026-08-24T17:33:04.160Z</time>
			</trkpt>
			<trkpt lat="38.59677" lon="23.60182">
				<ele>132.34</ele>
				<time>2026-08-24T17:33:17.122Z</time>
			</trkpt>
			<trkpt lat="38.59684" lon="23.60175">
				<ele>132.37</ele>
				<time>2026-08-24T17:33:18.835Z</time>
			</trkpt>
			<trkpt lat="38.59689" lon="23.60162">
				<ele>131.56</ele>
				<time>2026-08-24T17:33:21.032Z</time>
			</trkpt>
			<trkpt lat="38.5969" lon="23.60156">
				<ele>131.44</ele>
				<time>2026-08-24T17:33:21.967Z</time>
			</trkpt>
			<trkpt lat="38.59688" lon="23.60146">
				<ele>131.16</ele>
				<time>2026-08-24T17:33:23.547Z</time>
			</trkpt>
			<trkpt lat="38.59685" lon="23.6014">
				<ele>131.01</ele>
				<time>2026-08-24T17:33:24.641Z</time>
			</trkpt>
			<trkpt lat="38.59679" lon="23.60135">
				<ele>131.41</ele>
				<time>2026-08-24T17:33:26.055Z</time>
			</trkpt>
			<trkpt lat="38.59637" lon="23.60129">
				<ele>129.65</ele>
				<time>2026-08-24T17:33:34.523Z</time>
			</trkpt>
			<trkpt lat="38.59621" lon="23.60124">
				<ele>129.6</ele>
				<time>2026-08-24T17:33:37.883Z</time>
			</trkpt>
			<trkpt lat="38.59607" lon="23.60118">
				<ele>130.86</ele>
				<time>2026-08-24T17:33:40.923Z</time>
			</trkpt>
			<trkpt lat="38.59572" lon="23.60095">
				<ele>133.72</ele>
				<time>2026-08-24T17:33:49.158Z</time>
			</trkpt>
			<trkpt lat="38.5955" lon="23.60075">
				<ele>134.24</ele>
				<time>2026-08-24T17:33:54.920Z</time>
			</trkpt>
			<trkpt lat="38.59533" lon="23.60053">
				<ele>134.78</ele>
				<time>2026-08-24T17:34:00.162Z</time>
			</trkpt>
			<trkpt lat="38.59526" lon="23.60035">
				<ele>135.18</ele>
				<time>2026-08-24T17:34:03.609Z</time>
			</trkpt>
			<trkpt lat="38.59523" lon="23.60024">
				<ele>135.56</ele>
				<time>2026-08-24T17:34:05.621Z</time>
			</trkpt>
			<trkpt lat="38.59524" lon="23.60013">
				<ele>135.97</ele>
				<time>2026-08-24T17:34:07.544Z</time>
			</trkpt>
			<trkpt lat="38.59529" lon="23.60003">
				<ele>137.14</ele>
				<time>2026-08-24T17:34:09.616Z</time>
			</trkpt>
			<trkpt lat="38.5951" lon="23.59977">
				<ele>135.79</ele>
				<time>2026-08-24T17:34:15.896Z</time>
			</trkpt>
			<trkpt lat="38.59561" lon="23.59953">
				<ele>143.02</ele>
				<time>2026-08-24T17:34:40.052Z</time>
			</trkpt>
			<trkpt lat="38.59633" lon="23.59914">
				<ele>148.2</ele>
				<time>2026-08-24T17:34:50.159Z</time>
			</trkpt>
			<trkpt lat="38.59673" lon="23.59896">
				<ele>152.68</ele>
				<time>2026-08-24T17:34:54.310Z</time>
			</trkpt>
			<trkpt lat="38.5994" lon="23.59828">
				<ele>157.77</ele>
				<time>2026-08-24T17:35:08.569Z</time>
			</trkpt>
			<trkpt lat="38.6006" lon="23.59803">
				<ele>156.22</ele>
				<time>2026-08-24T17:35:12.142Z</time>
			</trkpt>
			<trkpt lat="38.60121" lon="23.59788">
				<ele>162.61</ele>
				<time>2026-08-24T17:35:14.330Z</time>
			</trkpt>
			<trkpt lat="38.60194" lon="23.59766">
				<ele>168.3</ele>
				<time>2026-08-24T17:35:17.825Z</time>
			</trkpt>
			<trkpt lat="38.60237" lon="23.59711">
				<ele>163.81</ele>
				<time>2026-08-24T17:35:21.666Z</time>
			</trkpt>
			<trkpt lat="38.60246" lon="23.59694">
				<ele>162.63</ele>
				<time>2026-08-24T17:35:22.827Z</time>
			</trkpt>
			<trkpt lat="38.6028" lon="23.59583">
				<ele>162.69</ele>
				<time>2026-08-24T17:35:30.006Z</time>
			</trkpt>
			<trkpt lat="38.60288" lon="23.59548">
				<ele>163.26</ele>
				<time>2026-08-24T17:35:32.342Z</time>
			</trkpt>
			<trkpt lat="38.6029" lon="23.59524">
				<ele>163.86</ele>
				<time>2026-08-24T17:35:33.923Z</time>
			</trkpt>
			<trkpt lat="38.6029" lon="23.59507">
				<ele>164.08</ele>
				<time>2026-08-24T17:35:35.052Z</time>
			</trkpt>
			<trkpt lat="38.60287" lon="23.59491">
				<ele>164.18</ele>
				<time>2026-08-24T17:35:36.157Z</time>
			</trkpt>
			<trkpt lat="38.60281" lon="23.59469">
				<ele>164.37</ele>
				<time>2026-08-24T17:35:37.743Z</time>
			</trkpt>
			<trkpt lat="38.60257" lon="23.5942">
				<ele>162.41</ele>
				<time>2026-08-24T17:35:41.777Z</time>
			</trkpt>
			<trkpt lat="38.6025" lon="23.59404">
				<ele>162.06</ele>
				<time>2026-08-24T17:35:43.084Z</time>
			</trkpt>
			<trkpt lat="38.60244" lon="23.59382">
				<ele>161.64</ele>
				<time>2026-08-24T17:35:44.765Z</time>
			</trkpt>
			<trkpt lat="38.60241" lon="23.59361">
				<ele>161.7</ele>
				<time>2026-08-24T17:35:46.323Z</time>
			</trkpt>
			<trkpt lat="38.60243" lon="23.59338">
				<ele>161.75</ele>
				<time>2026-08-24T17:35:48.030Z</time>
			</trkpt>
			<trkpt lat="38.60248" lon="23.59315">
				<ele>160.67</ele>
				<time>2026-08-24T17:35:49.812Z</time>
			</trkpt>
			<trkpt lat="38.60257" lon="23.59293">
				<ele>158.89</ele>
				<time>2026-08-24T17:35:51.687Z</time>
			</trkpt>
			<trkpt lat="38.60268" lon="23.59271">
				<ele>157.32</ele>
				<time>2026-08-24T17:35:53.681Z</time>
			</trkpt>
			<trkpt lat="38.60279" lon="23.59261">
				<ele>157.65</ele>
				<time>2026-08-24T17:35:55.012Z</time>
			</trkpt>
			<trkpt lat="38.60285" lon="23.59257">
				<ele>158.08</ele>
				<time>2026-08-24T17:35:55.683Z</time>
			</trkpt>
			<trkpt lat="38.60326" lon="23.5924">
				<ele>159.64</ele>
				<time>2026-08-24T17:36:00.009Z</time>
			</trkpt>
			<trkpt lat="38.60359" lon="23.59229">
				<ele>156.2</ele>
				<time>2026-08-24T17:36:03.494Z</time>
			</trkpt>
			<trkpt lat="38.60371" lon="23.59227">
				<ele>154.6</ele>
				<time>2026-08-24T17:36:04.744Z</time>
			</trkpt>
			<trkpt lat="38.60386" lon="23.59229">
				<ele>153.33</ele>
				<time>2026-08-24T17:36:06.309Z</time>
			</trkpt>
			<trkpt lat="38.604" lon="23.59234">
				<ele>153.22</ele>
				<time>2026-08-24T17:36:07.827Z</time>
			</trkpt>
			<trkpt lat="38.6051" lon="23.593">
				<ele>145.17</ele>
				<time>2026-08-24T17:36:20.810Z</time>
			</trkpt>
			<trkpt lat="38.60557" lon="23.59334">
				<ele>146.26</ele>
				<time>2026-08-24T17:36:26.721Z</time>
			</trkpt>
			<trkpt lat="38.60564" lon="23.59337">
				<ele>146.99</ele>
				<time>2026-08-24T17:36:27.535Z</time>
			</trkpt>
			<trkpt lat="38.60579" lon="23.59337">
				<ele>146.34</ele>
				<time>2026-08-24T17:36:29.191Z</time>
			</trkpt>
			<trkpt lat="38.60598" lon="23.59324">
				<ele>142.09</ele>
				<time>2026-08-24T17:36:31.579Z</time>
			</trkpt>
			<trkpt lat="38.60703" lon="23.59225">
				<ele>132.19</ele>
				<time>2026-08-24T17:36:46.173Z</time>
			</trkpt>
			<trkpt lat="38.60723" lon="23.59213">
				<ele>129.32</ele>
				<time>2026-08-24T17:36:48.659Z</time>
			</trkpt>
			<trkpt lat="38.60741" lon="23.59211">
				<ele>127.16</ele>
				<time>2026-08-24T17:36:50.694Z</time>
			</trkpt>
			<trkpt lat="38.60753" lon="23.59215">
				<ele>126.15</ele>
				<time>2026-08-24T17:36:52.091Z</time>
			</trkpt>
			<trkpt lat="38.6076" lon="23.59222">
				<ele>125.49</ele>
				<time>2026-08-24T17:36:53.092Z</time>
			</trkpt>
			<trkpt lat="38.60819" lon="23.5931">
				<ele>122</ele>
				<time>2026-08-24T17:37:03.281Z</time>
			</trkpt>
			<trkpt lat="38.60851" lon="23.59346">
				<ele>119.05</ele>
				<time>2026-08-24T17:37:08.049Z</time>
			</trkpt>
			<trkpt lat="38.60873" lon="23.5936">
				<ele>116.72</ele>
				<time>2026-08-24T17:37:10.788Z</time>
			</trkpt>
			<trkpt lat="38.60996" lon="23.59394">
				<ele>106.84</ele>
				<time>2026-08-24T17:37:24.625Z</time>
			</trkpt>
			<trkpt lat="38.6103" lon="23.59407">
				<ele>106.27</ele>
				<time>2026-08-24T17:37:28.453Z</time>
			</trkpt>
			<trkpt lat="38.61063" lon="23.59432">
				<ele>104.11</ele>
				<time>2026-08-24T17:37:32.544Z</time>
			</trkpt>
			<trkpt lat="38.61125" lon="23.59494">
				<ele>99.52</ele>
				<time>2026-08-24T17:37:40.765Z</time>
			</trkpt>
			<trkpt lat="38.61134" lon="23.59498">
				<ele>97.76</ele>
				<time>2026-08-24T17:37:41.743Z</time>
			</trkpt>
			<trkpt lat="38.61149" lon="23.59498">
				<ele>95.8</ele>
				<time>2026-08-24T17:37:43.274Z</time>
			</trkpt>
			<trkpt lat="38.61159" lon="23.59496">
				<ele>94.75</ele>
				<time>2026-08-24T17:37:44.302Z</time>
			</trkpt>
			<trkpt lat="38.61174" lon="23.59488">
				<ele>93.41</ele>
				<time>2026-08-24T17:37:45.941Z</time>
			</trkpt>
			<trkpt lat="38.61204" lon="23.59466">
				<ele>92.34</ele>
				<time>2026-08-24T17:37:49.401Z</time>
			</trkpt>
			<trkpt lat="38.61215" lon="23.59452">
				<ele>92.75</ele>
				<time>2026-08-24T17:37:50.952Z</time>
			</trkpt>
			<trkpt lat="38.6122" lon="23.5944">
				<ele>92.8</ele>
				<time>2026-08-24T17:37:52.015Z</time>
			</trkpt>
			<trkpt lat="38.61223" lon="23.59426">
				<ele>92.48</ele>
				<time>2026-08-24T17:37:53.149Z</time>
			</trkpt>
			<trkpt lat="38.61223" lon="23.59415">
				<ele>92.19</ele>
				<time>2026-08-24T17:37:54.008Z</time>
			</trkpt>
			<trkpt lat="38.61226" lon="23.59398">
				<ele>93.12</ele>
				<time>2026-08-24T17:37:55.369Z</time>
			</trkpt>
			<trkpt lat="38.61236" lon="23.59375">
				<ele>95.06</ele>
				<time>2026-08-24T17:37:57.424Z</time>
			</trkpt>
			<trkpt lat="38.6125" lon="23.5935">
				<ele>97.5</ele>
				<time>2026-08-24T17:37:59.825Z</time>
			</trkpt>
			<trkpt lat="38.61265" lon="23.59329">
				<ele>100.82</ele>
				<time>2026-08-24T17:38:02.045Z</time>
			</trkpt>
			<trkpt lat="38.61282" lon="23.59308">
				<ele>103.2</ele>
				<time>2026-08-24T17:38:04.405Z</time>
			</trkpt>
			<trkpt lat="38.61304" lon="23.59288">
				<ele>103.95</ele>
				<time>2026-08-24T17:38:07.098Z</time>
			</trkpt>
			<trkpt lat="38.61427" lon="23.59196">
				<ele>114.94</ele>
				<time>2026-08-24T17:38:21.308Z</time>
			</trkpt>
			<trkpt lat="38.61498" lon="23.59137">
				<ele>117.95</ele>
				<time>2026-08-24T17:38:29.742Z</time>
			</trkpt>
			<trkpt lat="38.61527" lon="23.59116">
				<ele>120.38</ele>
				<time>2026-08-24T17:38:33.060Z</time>
			</trkpt>
			<trkpt lat="38.61566" lon="23.59092">
				<ele>128.2</ele>
				<time>2026-08-24T17:38:37.367Z</time>
			</trkpt>
			<trkpt lat="38.61589" lon="23.59086">
				<ele>133.97</ele>
				<time>2026-08-24T17:38:39.703Z</time>
			</trkpt>
			<trkpt lat="38.61611" lon="23.59084">
				<ele>135.82</ele>
				<time>2026-08-24T17:38:41.897Z</time>
			</trkpt>
			<trkpt lat="38.61623" lon="23.59085">
				<ele>134.1</ele>
				<time>2026-08-24T17:38:43.093Z</time>
			</trkpt>
			<trkpt lat="38.61663" lon="23.59097">
				<ele>130.71</ele>
				<time>2026-08-24T17:38:47.178Z</time>
			</trkpt>
			<trkpt lat="38.61678" lon="23.59099">
				<ele>131.47</ele>
				<time>2026-08-24T17:38:48.677Z</time>
			</trkpt>
			<trkpt lat="38.61689" lon="23.59095">
				<ele>133.11</ele>
				<time>2026-08-24T17:38:49.813Z</time>
			</trkpt>
			<trkpt lat="38.61694" lon="23.59089">
				<ele>134.36</ele>
				<time>2026-08-24T17:38:50.495Z</time>
			</trkpt>
			<trkpt lat="38.61696" lon="23.59081">
				<ele>135.32</ele>
				<time>2026-08-24T17:38:51.147Z</time>
			</trkpt>
			<trkpt lat="38.61695" lon="23.59067">
				<ele>137.35</ele>
				<time>2026-08-24T17:38:52.238Z</time>
			</trkpt>
			<trkpt lat="38.61692" lon="23.5906">
				<ele>137.98</ele>
				<time>2026-08-24T17:38:52.858Z</time>
			</trkpt>
			<trkpt lat="38.61685" lon="23.59052">
				<ele>137.94</ele>
				<time>2026-08-24T17:38:53.791Z</time>
			</trkpt>
			<trkpt lat="38.6168" lon="23.59049">
				<ele>137.57</ele>
				<time>2026-08-24T17:38:54.339Z</time>
			</trkpt>
			<trkpt lat="38.61664" lon="23.59045">
				<ele>136.13</ele>
				<time>2026-08-24T17:38:55.959Z</time>
			</trkpt>
			<trkpt lat="38.61619" lon="23.5905">
				<ele>138.03</ele>
				<time>2026-08-24T17:39:00.444Z</time>
			</trkpt>
			<trkpt lat="38.61611" lon="23.59048">
				<ele>138.72</ele>
				<time>2026-08-24T17:39:01.253Z</time>
			</trkpt>
			<trkpt lat="38.61597" lon="23.59042">
				<ele>138.65</ele>
				<time>2026-08-24T17:39:02.719Z</time>
			</trkpt>
			<trkpt lat="38.6158" lon="23.59031">
				<ele>138.46</ele>
				<time>2026-08-24T17:39:04.610Z</time>
			</trkpt>
			<trkpt lat="38.61569" lon="23.59016">
				<ele>138.74</ele>
				<time>2026-08-24T17:39:06.205Z</time>
			</trkpt>
			<trkpt lat="38.61552" lon="23.58984">
				<ele>141.42</ele>
				<time>2026-08-24T17:39:09.204Z</time>
			</trkpt>
			<trkpt lat="38.61545" lon="23.58973">
				<ele>142.08</ele>
				<time>2026-08-24T17:39:10.304Z</time>
			</trkpt>
			<trkpt lat="38.61538" lon="23.58967">
				<ele>142.15</ele>
				<time>2026-08-24T17:39:11.140Z</time>
			</trkpt>
			<trkpt lat="38.61482" lon="23.58941">
				<ele>144.38</ele>
				<time>2026-08-24T17:39:17.046Z</time>
			</trkpt>
			<trkpt lat="38.61475" lon="23.58935">
				<ele>145.33</ele>
				<time>2026-08-24T17:39:17.881Z</time>
			</trkpt>
			<trkpt lat="38.61471" lon="23.58927">
				<ele>146.38</ele>
				<time>2026-08-24T17:39:18.617Z</time>
			</trkpt>
			<trkpt lat="38.61464" lon="23.58906">
				<ele>148.75</ele>
				<time>2026-08-24T17:39:20.385Z</time>
			</trkpt>
			<trkpt lat="38.61464" lon="23.58895">
				<ele>149.43</ele>
				<time>2026-08-24T17:39:21.236Z</time>
			</trkpt>
			<trkpt lat="38.61468" lon="23.58873">
				<ele>150.01</ele>
				<time>2026-08-24T17:39:22.985Z</time>
			</trkpt>
			<trkpt lat="38.61476" lon="23.58857">
				<ele>150.02</ele>
				<time>2026-08-24T17:39:24.455Z</time>
			</trkpt>
			<trkpt lat="38.61486" lon="23.58843">
				<ele>150.88</ele>
				<time>2026-08-24T17:39:25.923Z</time>
			</trkpt>
			<trkpt lat="38.61501" lon="23.58834">
				<ele>151.98</ele>
				<time>2026-08-24T17:39:27.564Z</time>
			</trkpt>
			<trkpt lat="38.61513" lon="23.58834">
				<ele>153.22</ele>
				<time>2026-08-24T17:39:28.752Z</time>
			</trkpt>
			<trkpt lat="38.61518" lon="23.58836">
				<ele>153.52</ele>
				<time>2026-08-24T17:39:29.271Z</time>
			</trkpt>
			<trkpt lat="38.61529" lon="23.58846">
				<ele>153.46</ele>
				<time>2026-08-24T17:39:30.606Z</time>
			</trkpt>
			<trkpt lat="38.61555" lon="23.58884">
				<ele>152.8</ele>
				<time>2026-08-24T17:39:34.513Z</time>
			</trkpt>
			<trkpt lat="38.61566" lon="23.58894">
				<ele>152.99</ele>
				<time>2026-08-24T17:39:35.848Z</time>
			</trkpt>
			<trkpt lat="38.61572" lon="23.58897">
				<ele>153.51</ele>
				<time>2026-08-24T17:39:36.485Z</time>
			</trkpt>
			<trkpt lat="38.61586" lon="23.589">
				<ele>155.04</ele>
				<time>2026-08-24T17:39:37.889Z</time>
			</trkpt>
			<trkpt lat="38.61636" lon="23.58901">
				<ele>160.36</ele>
				<time>2026-08-24T17:39:42.835Z</time>
			</trkpt>
			<trkpt lat="38.6171" lon="23.5891">
				<ele>164.81</ele>
				<time>2026-08-24T17:39:50.183Z</time>
			</trkpt>
			<trkpt lat="38.6172" lon="23.58907">
				<ele>165.87</ele>
				<time>2026-08-24T17:39:51.197Z</time>
			</trkpt>
			<trkpt lat="38.61733" lon="23.58897">
				<ele>166.71</ele>
				<time>2026-08-24T17:39:52.696Z</time>
			</trkpt>
			<trkpt lat="38.61743" lon="23.58881">
				<ele>168.3</ele>
				<time>2026-08-24T17:39:54.277Z</time>
			</trkpt>
			<trkpt lat="38.6179" lon="23.58756">
				<ele>176.1</ele>
				<time>2026-08-24T17:40:04.977Z</time>
			</trkpt>
			<trkpt lat="38.61803" lon="23.58728">
				<ele>179.78</ele>
				<time>2026-08-24T17:40:07.488Z</time>
			</trkpt>
			<trkpt lat="38.61814" lon="23.58712">
				<ele>181.43</ele>
				<time>2026-08-24T17:40:09.131Z</time>
			</trkpt>
			<trkpt lat="38.61864" lon="23.58657">
				<ele>183.93</ele>
				<time>2026-08-24T17:40:15.632Z</time>
			</trkpt>
			<trkpt lat="38.61924" lon="23.58606">
				<ele>187.16</ele>
				<time>2026-08-24T17:40:22.729Z</time>
			</trkpt>
			<trkpt lat="38.6193" lon="23.58599">
				<ele>187.78</ele>
				<time>2026-08-24T17:40:23.529Z</time>
			</trkpt>
			<trkpt lat="38.61949" lon="23.58561">
				<ele>190.7</ele>
				<time>2026-08-24T17:40:27.001Z</time>
			</trkpt>
			<trkpt lat="38.61963" lon="23.5854">
				<ele>193.66</ele>
				<time>2026-08-24T17:40:29.124Z</time>
			</trkpt>
			<trkpt lat="38.61968" lon="23.58535">
				<ele>194.18</ele>
				<time>2026-08-24T17:40:29.749Z</time>
			</trkpt>
			<trkpt lat="38.61984" lon="23.58529">
				<ele>194.42</ele>
				<time>2026-08-24T17:40:31.390Z</time>
			</trkpt>
			<trkpt lat="38.61998" lon="23.58529">
				<ele>193.97</ele>
				<time>2026-08-24T17:40:32.768Z</time>
			</trkpt>
			<trkpt lat="38.62013" lon="23.58535">
				<ele>194.32</ele>
				<time>2026-08-24T17:40:34.315Z</time>
			</trkpt>
			<trkpt lat="38.62018" lon="23.58541">
				<ele>194.51</ele>
				<time>2026-08-24T17:40:34.989Z</time>
			</trkpt>
			<trkpt lat="38.62025" lon="23.58555">
				<ele>194.86</ele>
				<time>2026-08-24T17:40:36.267Z</time>
			</trkpt>
			<trkpt lat="38.62029" lon="23.58575">
				<ele>198.13</ele>
				<time>2026-08-24T17:40:37.854Z</time>
			</trkpt>
			<trkpt lat="38.6203" lon="23.58673">
				<ele>201.82</ele>
				<time>2026-08-24T17:40:45.384Z</time>
			</trkpt>
			<trkpt lat="38.6204" lon="23.58724">
				<ele>205.1</ele>
				<time>2026-08-24T17:40:49.422Z</time>
			</trkpt>
			<trkpt lat="38.62047" lon="23.58738">
				<ele>205.32</ele>
				<time>2026-08-24T17:40:50.698Z</time>
			</trkpt>
			<trkpt lat="38.62056" lon="23.58746">
				<ele>206.32</ele>
				<time>2026-08-24T17:40:51.775Z</time>
			</trkpt>
			<trkpt lat="38.62067" lon="23.5875">
				<ele>206.75</ele>
				<time>2026-08-24T17:40:52.899Z</time>
			</trkpt>
			<trkpt lat="38.62087" lon="23.58755">
				<ele>207.69</ele>
				<time>2026-08-24T17:40:54.900Z</time>
			</trkpt>
			<trkpt lat="38.62108" lon="23.58755">
				<ele>209.01</ele>
				<time>2026-08-24T17:40:56.963Z</time>
			</trkpt>
			<trkpt lat="38.62135" lon="23.5875">
				<ele>211.72</ele>
				<time>2026-08-24T17:40:59.642Z</time>
			</trkpt>
			<trkpt lat="38.6217" lon="23.58739">
				<ele>214.2</ele>
				<time>2026-08-24T17:41:03.180Z</time>
			</trkpt>
			<trkpt lat="38.62191" lon="23.58731">
				<ele>216.09</ele>
				<time>2026-08-24T17:41:05.330Z</time>
			</trkpt>
			<trkpt lat="38.62209" lon="23.5872">
				<ele>218.31</ele>
				<time>2026-08-24T17:41:07.287Z</time>
			</trkpt>
			<trkpt lat="38.62214" lon="23.58715">
				<ele>219.16</ele>
				<time>2026-08-24T17:41:07.910Z</time>
			</trkpt>
			<trkpt lat="38.62222" lon="23.58702">
				<ele>220.73</ele>
				<time>2026-08-24T17:41:09.178Z</time>
			</trkpt>
			<trkpt lat="38.62251" lon="23.58636">
				<ele>225.12</ele>
				<time>2026-08-24T17:41:14.980Z</time>
			</trkpt>
			<trkpt lat="38.62258" lon="23.58624">
				<ele>225.74</ele>
				<time>2026-08-24T17:41:16.127Z</time>
			</trkpt>
			<trkpt lat="38.62277" lon="23.58601">
				<ele>226.36</ele>
				<time>2026-08-24T17:41:18.691Z</time>
			</trkpt>
			<trkpt lat="38.6229" lon="23.58589">
				<ele>226.69</ele>
				<time>2026-08-24T17:41:20.262Z</time>
			</trkpt>
			<trkpt lat="38.62343" lon="23.5855">
				<ele>228.72</ele>
				<time>2026-08-24T17:41:26.252Z</time>
			</trkpt>
			<trkpt lat="38.62417" lon="23.58476">
				<ele>233.39</ele>
				<time>2026-08-24T17:41:35.446Z</time>
			</trkpt>
			<trkpt lat="38.62445" lon="23.58452">
				<ele>233.03</ele>
				<time>2026-08-24T17:41:38.744Z</time>
			</trkpt>
			<trkpt lat="38.62499" lon="23.58417">
				<ele>235.96</ele>
				<time>2026-08-24T17:41:44.665Z</time>
			</trkpt>
			<trkpt lat="38.62559" lon="23.5838">
				<ele>240.74</ele>
				<time>2026-08-24T17:41:51.177Z</time>
			</trkpt>
			<trkpt lat="38.62667" lon="23.58334">
				<ele>246.92</ele>
				<time>2026-08-24T17:42:02.297Z</time>
			</trkpt>
			<trkpt lat="38.62705" lon="23.58315">
				<ele>249.01</ele>
				<time>2026-08-24T17:42:06.280Z</time>
			</trkpt>
			<trkpt lat="38.62735" lon="23.58294">
				<ele>251.74</ele>
				<time>2026-08-24T17:42:09.617Z</time>
			</trkpt>
			<trkpt lat="38.62791" lon="23.58247">
				<ele>254.06</ele>
				<time>2026-08-24T17:42:16.150Z</time>
			</trkpt>
			<trkpt lat="38.62803" lon="23.58238">
				<ele>254.21</ele>
				<time>2026-08-24T17:42:17.507Z</time>
			</trkpt>
			<trkpt lat="38.62815" lon="23.58233">
				<ele>255.25</ele>
				<time>2026-08-24T17:42:18.738Z</time>
			</trkpt>
			<trkpt lat="38.62939" lon="23.58195">
				<ele>264.68</ele>
				<time>2026-08-24T17:42:31.165Z</time>
			</trkpt>
			<trkpt lat="38.62953" lon="23.58189">
				<ele>265.53</ele>
				<time>2026-08-24T17:42:32.603Z</time>
			</trkpt>
			<trkpt lat="38.62969" lon="23.58175">
				<ele>265.66</ele>
				<time>2026-08-24T17:42:34.491Z</time>
			</trkpt>
			<trkpt lat="38.62975" lon="23.58162">
				<ele>265.18</ele>
				<time>2026-08-24T17:42:35.640Z</time>
			</trkpt>
			<trkpt lat="38.62978" lon="23.58147">
				<ele>265.12</ele>
				<time>2026-08-24T17:42:36.817Z</time>
			</trkpt>
			<trkpt lat="38.62978" lon="23.58132">
				<ele>265.62</ele>
				<time>2026-08-24T17:42:37.958Z</time>
			</trkpt>
			<trkpt lat="38.62977" lon="23.58125">
				<ele>266.3</ele>
				<time>2026-08-24T17:42:38.500Z</time>
			</trkpt>
			<trkpt lat="38.62973" lon="23.58113">
				<ele>267.68</ele>
				<time>2026-08-24T17:42:39.492Z</time>
			</trkpt>
			<trkpt lat="38.62968" lon="23.58107">
				<ele>268.38</ele>
				<time>2026-08-24T17:42:40.159Z</time>
			</trkpt>
			<trkpt lat="38.62954" lon="23.58097">
				<ele>268.97</ele>
				<time>2026-08-24T17:42:41.720Z</time>
			</trkpt>
			<trkpt lat="38.62937" lon="23.58089">
				<ele>268.73</ele>
				<time>2026-08-24T17:42:43.482Z</time>
			</trkpt>
			<trkpt lat="38.62915" lon="23.58083">
				<ele>267.92</ele>
				<time>2026-08-24T17:42:45.671Z</time>
			</trkpt>
			<trkpt lat="38.62884" lon="23.58081">
				<ele>266.73</ele>
				<time>2026-08-24T17:42:48.691Z</time>
			</trkpt>
			<trkpt lat="38.62877" lon="23.58076">
				<ele>266.39</ele>
				<time>2026-08-24T17:42:49.471Z</time>
			</trkpt>
			<trkpt lat="38.62871" lon="23.58069">
				<ele>266.32</ele>
				<time>2026-08-24T17:42:50.260Z</time>
			</trkpt>
			<trkpt lat="38.62867" lon="23.58059">
				<ele>266.6</ele>
				<time>2026-08-24T17:42:51.114Z</time>
			</trkpt>
			<trkpt lat="38.62863" lon="23.58044">
				<ele>266.87</ele>
				<time>2026-08-24T17:42:52.318Z</time>
			</trkpt>
			<trkpt lat="38.62863" lon="23.58018">
				<ele>267.12</ele>
				<time>2026-08-24T17:42:54.293Z</time>
			</trkpt>
			<trkpt lat="38.62867" lon="23.57993">
				<ele>266.99</ele>
				<time>2026-08-24T17:42:56.232Z</time>
			</trkpt>
			<trkpt lat="38.62877" lon="23.57965">
				<ele>267.68</ele>
				<time>2026-08-24T17:42:58.570Z</time>
			</trkpt>
			<trkpt lat="38.62901" lon="23.57913">
				<ele>270.3</ele>
				<time>2026-08-24T17:43:03.155Z</time>
			</trkpt>
			<trkpt lat="38.62906" lon="23.57861">
				<ele>269.63</ele>
				<time>2026-08-24T17:43:07.132Z</time>
			</trkpt>
			<trkpt lat="38.6291" lon="23.57848">
				<ele>270.79</ele>
				<time>2026-08-24T17:43:08.192Z</time>
			</trkpt>
			<trkpt lat="38.62922" lon="23.57828">
				<ele>273.77</ele>
				<time>2026-08-24T17:43:10.105Z</time>
			</trkpt>
			<trkpt lat="38.62947" lon="23.57802">
				<ele>276.85</ele>
				<time>2026-08-24T17:43:13.233Z</time>
			</trkpt>
			<trkpt lat="38.62966" lon="23.5779">
				<ele>276.7</ele>
				<time>2026-08-24T17:43:15.290Z</time>
			</trkpt>
			<trkpt lat="38.62977" lon="23.57785">
				<ele>277.16</ele>
				<time>2026-08-24T17:43:16.423Z</time>
			</trkpt>
			<trkpt lat="38.63079" lon="23.5776">
				<ele>283.16</ele>
				<time>2026-08-24T17:43:26.499Z</time>
			</trkpt>
			<trkpt lat="38.63097" lon="23.57753">
				<ele>285.41</ele>
				<time>2026-08-24T17:43:28.324Z</time>
			</trkpt>
			<trkpt lat="38.63153" lon="23.57716">
				<ele>286.29</ele>
				<time>2026-08-24T17:43:34.434Z</time>
			</trkpt>
			<trkpt lat="38.63169" lon="23.57709">
				<ele>287.51</ele>
				<time>2026-08-24T17:43:36.073Z</time>
			</trkpt>
			<trkpt lat="38.63179" lon="23.57707">
				<ele>288.53</ele>
				<time>2026-08-24T17:43:37.053Z</time>
			</trkpt>
			<trkpt lat="38.63234" lon="23.57709">
				<ele>292.58</ele>
				<time>2026-08-24T17:43:42.385Z</time>
			</trkpt>
			<trkpt lat="38.6325" lon="23.57707">
				<ele>292.94</ele>
				<time>2026-08-24T17:43:43.942Z</time>
			</trkpt>
			<trkpt lat="38.63372" lon="23.57653">
				<ele>295.99</ele>
				<time>2026-08-24T17:43:56.439Z</time>
			</trkpt>
			<trkpt lat="38.63434" lon="23.57622">
				<ele>298.41</ele>
				<time>2026-08-24T17:44:02.879Z</time>
			</trkpt>
			<trkpt lat="38.63448" lon="23.57617">
				<ele>298.52</ele>
				<time>2026-08-24T17:44:04.285Z</time>
			</trkpt>
			<trkpt lat="38.63462" lon="23.57614">
				<ele>298.01</ele>
				<time>2026-08-24T17:44:05.657Z</time>
			</trkpt>
			<trkpt lat="38.63544" lon="23.57611">
				<ele>307.88</ele>
				<time>2026-08-24T17:44:13.588Z</time>
			</trkpt>
			<trkpt lat="38.63556" lon="23.57609">
				<ele>308.4</ele>
				<time>2026-08-24T17:44:14.757Z</time>
			</trkpt>
			<trkpt lat="38.63597" lon="23.57589">
				<ele>307.29</ele>
				<time>2026-08-24T17:44:18.997Z</time>
			</trkpt>
			<trkpt lat="38.6371" lon="23.57523">
				<ele>316.69</ele>
				<time>2026-08-24T17:44:30.991Z</time>
			</trkpt>
			<trkpt lat="38.63774" lon="23.57474">
				<ele>319.57</ele>
				<time>2026-08-24T17:44:38.187Z</time>
			</trkpt>
			<trkpt lat="38.63842" lon="23.57426">
				<ele>322.71</ele>
				<time>2026-08-24T17:44:45.677Z</time>
			</trkpt>
			<trkpt lat="38.63852" lon="23.57414">
				<ele>322.53</ele>
				<time>2026-08-24T17:44:46.998Z</time>
			</trkpt>
			<trkpt lat="38.63854" lon="23.57404">
				<ele>321.83</ele>
				<time>2026-08-24T17:44:47.775Z</time>
			</trkpt>
			<trkpt lat="38.63854" lon="23.57399">
				<ele>321.03</ele>
				<time>2026-08-24T17:44:48.152Z</time>
			</trkpt>
			<trkpt lat="38.63849" lon="23.57386">
				<ele>318.7</ele>
				<time>2026-08-24T17:44:49.243Z</time>
			</trkpt>
			<trkpt lat="38.63828" lon="23.57356">
				<ele>320.11</ele>
				<time>2026-08-24T17:44:52.276Z</time>
			</trkpt>
			<trkpt lat="38.63818" lon="23.57349">
				<ele>322.04</ele>
				<time>2026-08-24T17:44:53.375Z</time>
			</trkpt>
			<trkpt lat="38.6381" lon="23.57346">
				<ele>322.89</ele>
				<time>2026-08-24T17:44:54.178Z</time>
			</trkpt>
			<trkpt lat="38.63764" lon="23.57348">
				<ele>324.05</ele>
				<time>2026-08-24T17:44:58.613Z</time>
			</trkpt>
			<trkpt lat="38.63753" lon="23.57344">
				<ele>324.56</ele>
				<time>2026-08-24T17:44:59.714Z</time>
			</trkpt>
			<trkpt lat="38.63748" lon="23.57341">
				<ele>325.11</ele>
				<time>2026-08-24T17:45:00.246Z</time>
			</trkpt>
			<trkpt lat="38.63738" lon="23.57333">
				<ele>326.57</ele>
				<time>2026-08-24T17:45:01.382Z</time>
			</trkpt>
			<trkpt lat="38.63673" lon="23.57258">
				<ele>334.13</ele>
				<time>2026-08-24T17:45:09.808Z</time>
			</trkpt>
			<trkpt lat="38.63669" lon="23.57252">
				<ele>334.07</ele>
				<time>2026-08-24T17:45:10.401Z</time>
			</trkpt>
			<trkpt lat="38.63665" lon="23.57242">
				<ele>333.51</ele>
				<time>2026-08-24T17:45:11.246Z</time>
			</trkpt>
			<trkpt lat="38.63665" lon="23.57228">
				<ele>332.95</ele>
				<time>2026-08-24T17:45:12.298Z</time>
			</trkpt>
			<trkpt lat="38.63668" lon="23.57221">
				<ele>333.24</ele>
				<time>2026-08-24T17:45:12.899Z</time>
			</trkpt>
			<trkpt lat="38.63679" lon="23.57209">
				<ele>334.62</ele>
				<time>2026-08-24T17:45:14.289Z</time>
			</trkpt>
			<trkpt lat="38.63696" lon="23.57194">
				<ele>337.14</ele>
				<time>2026-08-24T17:45:16.276Z</time>
			</trkpt>
			<trkpt lat="38.63708" lon="23.5718">
				<ele>338.31</ele>
				<time>2026-08-24T17:45:17.838Z</time>
			</trkpt>
			<trkpt lat="38.63731" lon="23.57147">
				<ele>341.26</ele>
				<time>2026-08-24T17:45:21.162Z</time>
			</trkpt>
			<trkpt lat="38.63738" lon="23.57131">
				<ele>342.8</ele>
				<time>2026-08-24T17:45:22.539Z</time>
			</trkpt>
			<trkpt lat="38.6374" lon="23.57114">
				<ele>344.05</ele>
				<time>2026-08-24T17:45:23.831Z</time>
			</trkpt>
			<trkpt lat="38.63737" lon="23.57099">
				<ele>345.11</ele>
				<time>2026-08-24T17:45:24.994Z</time>
			</trkpt>
			<trkpt lat="38.63731" lon="23.57088">
				<ele>345.88</ele>
				<time>2026-08-24T17:45:26.002Z</time>
			</trkpt>
			<trkpt lat="38.63725" lon="23.57083">
				<ele>346.12</ele>
				<time>2026-08-24T17:45:26.690Z</time>
			</trkpt>
			<trkpt lat="38.63719" lon="23.57081">
				<ele>346.67</ele>
				<time>2026-08-24T17:45:27.286Z</time>
			</trkpt>
			<trkpt lat="38.63708" lon="23.57083">
				<ele>348.34</ele>
				<time>2026-08-24T17:45:28.355Z</time>
			</trkpt>
			<trkpt lat="38.63672" lon="23.57102">
				<ele>349.58</ele>
				<time>2026-08-24T17:45:32.098Z</time>
			</trkpt>
			<trkpt lat="38.63656" lon="23.57106">
				<ele>349.87</ele>
				<time>2026-08-24T17:45:33.665Z</time>
			</trkpt>
			<trkpt lat="38.63639" lon="23.57107">
				<ele>351.15</ele>
				<time>2026-08-24T17:45:35.300Z</time>
			</trkpt>
			<trkpt lat="38.63597" lon="23.57099">
				<ele>353.79</ele>
				<time>2026-08-24T17:45:39.380Z</time>
			</trkpt>
			<trkpt lat="38.63572" lon="23.57087">
				<ele>354.34</ele>
				<time>2026-08-24T17:45:41.945Z</time>
			</trkpt>
			<trkpt lat="38.63533" lon="23.57057">
				<ele>354.57</ele>
				<time>2026-08-24T17:45:46.315Z</time>
			</trkpt>
			<trkpt lat="38.63522" lon="23.57041">
				<ele>355.7</ele>
				<time>2026-08-24T17:45:47.914Z</time>
			</trkpt>
			<trkpt lat="38.63493" lon="23.56951">
				<ele>363.1</ele>
				<time>2026-08-24T17:45:55.214Z</time>
			</trkpt>
			<trkpt lat="38.63484" lon="23.56935">
				<ele>364.17</ele>
				<time>2026-08-24T17:45:56.692Z</time>
			</trkpt>
			<trkpt lat="38.63471" lon="23.56924">
				<ele>363.76</ele>
				<time>2026-08-24T17:45:58.188Z</time>
			</trkpt>
			<trkpt lat="38.6342" lon="23.56907">
				<ele>365.61</ele>
				<time>2026-08-24T17:46:03.244Z</time>
			</trkpt>
			<trkpt lat="38.63411" lon="23.56902">
				<ele>366.1</ele>
				<time>2026-08-24T17:46:04.185Z</time>
			</trkpt>
			<trkpt lat="38.63376" lon="23.56872">
				<ele>368.36</ele>
				<time>2026-08-24T17:46:08.225Z</time>
			</trkpt>
			<trkpt lat="38.63348" lon="23.56842">
				<ele>367.69</ele>
				<time>2026-08-24T17:46:11.726Z</time>
			</trkpt>
			<trkpt lat="38.63339" lon="23.56831">
				<ele>368.23</ele>
				<time>2026-08-24T17:46:12.919Z</time>
			</trkpt>
			<trkpt lat="38.6332" lon="23.56796">
				<ele>370.16</ele>
				<time>2026-08-24T17:46:16.110Z</time>
			</trkpt>
			<trkpt lat="38.63309" lon="23.56757">
				<ele>369.67</ele>
				<time>2026-08-24T17:46:19.214Z</time>
			</trkpt>
			<trkpt lat="38.63309" lon="23.56739">
				<ele>370.33</ele>
				<time>2026-08-24T17:46:20.562Z</time>
			</trkpt>
			<trkpt lat="38.63313" lon="23.56731">
				<ele>371.41</ele>
				<time>2026-08-24T17:46:21.273Z</time>
			</trkpt>
			<trkpt lat="38.63318" lon="23.56727">
				<ele>372.73</ele>
				<time>2026-08-24T17:46:21.838Z</time>
			</trkpt>
			<trkpt lat="38.63325" lon="23.56725">
				<ele>374.34</ele>
				<time>2026-08-24T17:46:22.525Z</time>
			</trkpt>
			<trkpt lat="38.63333" lon="23.56727">
				<ele>376.06</ele>
				<time>2026-08-24T17:46:23.306Z</time>
			</trkpt>
			<trkpt lat="38.63343" lon="23.56736">
				<ele>378.08</ele>
				<time>2026-08-24T17:46:24.477Z</time>
			</trkpt>
			<trkpt lat="38.63372" lon="23.56792">
				<ele>378.27</ele>
				<time>2026-08-24T17:46:29.504Z</time>
			</trkpt>
			<trkpt lat="38.63387" lon="23.56807">
				<ele>379.67</ele>
				<time>2026-08-24T17:46:31.327Z</time>
			</trkpt>
			<trkpt lat="38.63392" lon="23.5681">
				<ele>380.3</ele>
				<time>2026-08-24T17:46:31.855Z</time>
			</trkpt>
			<trkpt lat="38.63406" lon="23.56812">
				<ele>382.44</ele>
				<time>2026-08-24T17:46:33.204Z</time>
			</trkpt>
			<trkpt lat="38.63456" lon="23.56801">
				<ele>390.76</ele>
				<time>2026-08-24T17:46:38.061Z</time>
			</trkpt>
			<trkpt lat="38.63465" lon="23.56802">
				<ele>391.03</ele>
				<time>2026-08-24T17:46:38.926Z</time>
			</trkpt>
			<trkpt lat="38.63481" lon="23.56807">
				<ele>391.48</ele>
				<time>2026-08-24T17:46:40.502Z</time>
			</trkpt>
			<trkpt lat="38.63516" lon="23.56828">
				<ele>391.59</ele>
				<time>2026-08-24T17:46:44.201Z</time>
			</trkpt>
			<trkpt lat="38.63531" lon="23.56841">
				<ele>392.18</ele>
				<time>2026-08-24T17:46:45.934Z</time>
			</trkpt>
			<trkpt lat="38.63536" lon="23.56848">
				<ele>392.16</ele>
				<time>2026-08-24T17:46:46.643Z</time>
			</trkpt>
			<trkpt lat="38.63561" lon="23.56889">
				<ele>392.13</ele>
				<time>2026-08-24T17:46:50.530Z</time>
			</trkpt>
			<trkpt lat="38.6357" lon="23.569">
				<ele>392.33</ele>
				<time>2026-08-24T17:46:51.720Z</time>
			</trkpt>
			<trkpt lat="38.6358" lon="23.56905">
				<ele>394.06</ele>
				<time>2026-08-24T17:46:52.746Z</time>
			</trkpt>
			<trkpt lat="38.63593" lon="23.56907">
				<ele>395.08</ele>
				<time>2026-08-24T17:46:53.999Z</time>
			</trkpt>
			<trkpt lat="38.63608" lon="23.56907">
				<ele>396.2</ele>
				<time>2026-08-24T17:46:55.433Z</time>
			</trkpt>
			<trkpt lat="38.63635" lon="23.56896">
				<ele>400.46</ele>
				<time>2026-08-24T17:46:58.142Z</time>
			</trkpt>
			<trkpt lat="38.63645" lon="23.56888">
				<ele>401.91</ele>
				<time>2026-08-24T17:46:59.269Z</time>
			</trkpt>
			<trkpt lat="38.63661" lon="23.56871">
				<ele>403.42</ele>
				<time>2026-08-24T17:47:01.257Z</time>
			</trkpt>
			<trkpt lat="38.63699" lon="23.56819">
				<ele>411.07</ele>
				<time>2026-08-24T17:47:06.573Z</time>
			</trkpt>
			<trkpt lat="38.63727" lon="23.5677">
				<ele>413.68</ele>
				<time>2026-08-24T17:47:11.104Z</time>
			</trkpt>
			<trkpt lat="38.63746" lon="23.56748">
				<ele>413.8</ele>
				<time>2026-08-24T17:47:13.551Z</time>
			</trkpt>
			<trkpt lat="38.63752" lon="23.56744">
				<ele>413.79</ele>
				<time>2026-08-24T17:47:14.198Z</time>
			</trkpt>
			<trkpt lat="38.63764" lon="23.56741">
				<ele>413.41</ele>
				<time>2026-08-24T17:47:15.365Z</time>
			</trkpt>
			<trkpt lat="38.63802" lon="23.56735">
				<ele>410.89</ele>
				<time>2026-08-24T17:47:19.022Z</time>
			</trkpt>
			<trkpt lat="38.6381" lon="23.56729">
				<ele>412.61</ele>
				<time>2026-08-24T17:47:19.907Z</time>
			</trkpt>
			<trkpt lat="38.63812" lon="23.56721">
				<ele>414.71</ele>
				<time>2026-08-24T17:47:20.534Z</time>
			</trkpt>
			<trkpt lat="38.63812" lon="23.56711">
				<ele>417.2</ele>
				<time>2026-08-24T17:47:21.280Z</time>
			</trkpt>
			<trkpt lat="38.6381" lon="23.56703">
				<ele>419.06</ele>
				<time>2026-08-24T17:47:21.906Z</time>
			</trkpt>
			<trkpt lat="38.63804" lon="23.56697">
				<ele>420.39</ele>
				<time>2026-08-24T17:47:22.633Z</time>
			</trkpt>
			<trkpt lat="38.63787" lon="23.56693">
				<ele>421.88</ele>
				<time>2026-08-24T17:47:24.283Z</time>
			</trkpt>
			<trkpt lat="38.63762" lon="23.56698">
				<ele>423.22</ele>
				<time>2026-08-24T17:47:26.698Z</time>
			</trkpt>
			<trkpt lat="38.63734" lon="23.56708">
				<ele>423.3</ele>
				<time>2026-08-24T17:47:29.473Z</time>
			</trkpt>
			<trkpt lat="38.63716" lon="23.56718">
				<ele>423.14</ele>
				<time>2026-08-24T17:47:31.345Z</time>
			</trkpt>
			<trkpt lat="38.63702" lon="23.56731">
				<ele>424.68</ele>
				<time>2026-08-24T17:47:32.996Z</time>
			</trkpt>
			<trkpt lat="38.63679" lon="23.56758">
				<ele>424.74</ele>
				<time>2026-08-24T17:47:35.973Z</time>
			</trkpt>
			<trkpt lat="38.63663" lon="23.56774">
				<ele>422.42</ele>
				<time>2026-08-24T17:47:37.910Z</time>
			</trkpt>
			<trkpt lat="38.63643" lon="23.56788">
				<ele>423.21</ele>
				<time>2026-08-24T17:47:40.084Z</time>
			</trkpt>
			<trkpt lat="38.6363" lon="23.56794">
				<ele>423.04</ele>
				<time>2026-08-24T17:47:41.402Z</time>
			</trkpt>
			<trkpt lat="38.63618" lon="23.56796">
				<ele>422.64</ele>
				<time>2026-08-24T17:47:42.556Z</time>
			</trkpt>
			<trkpt lat="38.63608" lon="23.56794">
				<ele>422.52</ele>
				<time>2026-08-24T17:47:43.521Z</time>
			</trkpt>
			<trkpt lat="38.63599" lon="23.56787">
				<ele>422.05</ele>
				<time>2026-08-24T17:47:44.526Z</time>
			</trkpt>
			<trkpt lat="38.63595" lon="23.56781">
				<ele>422.44</ele>
				<time>2026-08-24T17:47:45.113Z</time>
			</trkpt>
			<trkpt lat="38.63588" lon="23.56764">
				<ele>425.09</ele>
				<time>2026-08-24T17:47:46.544Z</time>
			</trkpt>
			<trkpt lat="38.63575" lon="23.56701">
				<ele>430.21</ele>
				<time>2026-08-24T17:47:51.397Z</time>
			</trkpt>
			<trkpt lat="38.63569" lon="23.56666">
				<ele>430.06</ele>
				<time>2026-08-24T17:47:54.065Z</time>
			</trkpt>
			<trkpt lat="38.63567" lon="23.56621">
				<ele>432.54</ele>
				<time>2026-08-24T17:47:57.420Z</time>
			</trkpt>
			<trkpt lat="38.63568" lon="23.56552">
				<ele>434.93</ele>
				<time>2026-08-24T17:48:02.556Z</time>
			</trkpt>
			<trkpt lat="38.6357" lon="23.56542">
				<ele>434.83</ele>
				<time>2026-08-24T17:48:03.324Z</time>
			</trkpt>
			<trkpt lat="38.63576" lon="23.56527">
				<ele>436.18</ele>
				<time>2026-08-24T17:48:04.578Z</time>
			</trkpt>
			<trkpt lat="38.63587" lon="23.56516">
				<ele>437.63</ele>
				<time>2026-08-24T17:48:05.908Z</time>
			</trkpt>
			<trkpt lat="38.63599" lon="23.56513">
				<ele>439</ele>
				<time>2026-08-24T17:48:07.073Z</time>
			</trkpt>
			<trkpt lat="38.63609" lon="23.56513">
				<ele>440.74</ele>
				<time>2026-08-24T17:48:08.025Z</time>
			</trkpt>
			<trkpt lat="38.63657" lon="23.56529">
				<ele>443.11</ele>
				<time>2026-08-24T17:48:12.748Z</time>
			</trkpt>
			<trkpt lat="38.63769" lon="23.56539">
				<ele>457.53</ele>
				<time>2026-08-24T17:48:23.435Z</time>
			</trkpt>
			<trkpt lat="38.63789" lon="23.56548">
				<ele>459.37</ele>
				<time>2026-08-24T17:48:25.453Z</time>
			</trkpt>
			<trkpt lat="38.63822" lon="23.56568">
				<ele>459.14</ele>
				<time>2026-08-24T17:48:28.927Z</time>
			</trkpt>
			<trkpt lat="38.63834" lon="23.56572">
				<ele>459.2</ele>
				<time>2026-08-24T17:48:30.106Z</time>
			</trkpt>
			<trkpt lat="38.63846" lon="23.56568">
				<ele>460.53</ele>
				<time>2026-08-24T17:48:31.286Z</time>
			</trkpt>
			<trkpt lat="38.63856" lon="23.56557">
				<ele>463.43</ele>
				<time>2026-08-24T17:48:32.540Z</time>
			</trkpt>
			<trkpt lat="38.63878" lon="23.56515">
				<ele>464.88</ele>
				<time>2026-08-24T17:48:36.297Z</time>
			</trkpt>
			<trkpt lat="38.63885" lon="23.56505">
				<ele>464.15</ele>
				<time>2026-08-24T17:48:37.295Z</time>
			</trkpt>
			<trkpt lat="38.63895" lon="23.56499">
				<ele>464.02</ele>
				<time>2026-08-24T17:48:38.345Z</time>
			</trkpt>
			<trkpt lat="38.63901" lon="23.56498">
				<ele>464.17</ele>
				<time>2026-08-24T17:48:38.920Z</time>
			</trkpt>
			<trkpt lat="38.63917" lon="23.565">
				<ele>463.82</ele>
				<time>2026-08-24T17:48:40.449Z</time>
			</trkpt>
			<trkpt lat="38.63957" lon="23.56517">
				<ele>462.96</ele>
				<time>2026-08-24T17:48:44.456Z</time>
			</trkpt>
			<trkpt lat="38.63967" lon="23.5652">
				<ele>463.79</ele>
				<time>2026-08-24T17:48:45.432Z</time>
			</trkpt>
			<trkpt lat="38.64084" lon="23.56525">
				<ele>476.49</ele>
				<time>2026-08-24T17:48:56.558Z</time>
			</trkpt>
			<trkpt lat="38.64095" lon="23.56521">
				<ele>478.01</ele>
				<time>2026-08-24T17:48:57.644Z</time>
			</trkpt>
			<trkpt lat="38.64162" lon="23.56484">
				<ele>480.08</ele>
				<time>2026-08-24T17:49:04.575Z</time>
			</trkpt>
			<trkpt lat="38.64182" lon="23.56478">
				<ele>481.75</ele>
				<time>2026-08-24T17:49:06.526Z</time>
			</trkpt>
			<trkpt lat="38.6419" lon="23.56479">
				<ele>482.39</ele>
				<time>2026-08-24T17:49:07.290Z</time>
			</trkpt>
			<trkpt lat="38.64199" lon="23.56485">
				<ele>483.09</ele>
				<time>2026-08-24T17:49:08.253Z</time>
			</trkpt>
			<trkpt lat="38.64208" lon="23.56493">
				<ele>484.01</ele>
				<time>2026-08-24T17:49:09.294Z</time>
			</trkpt>
			<trkpt lat="38.64237" lon="23.56527">
				<ele>484.71</ele>
				<time>2026-08-24T17:49:13.027Z</time>
			</trkpt>
			<trkpt lat="38.64256" lon="23.56536">
				<ele>485.4</ele>
				<time>2026-08-24T17:49:14.950Z</time>
			</trkpt>
			<trkpt lat="38.64273" lon="23.56535">
				<ele>487.09</ele>
				<time>2026-08-24T17:49:16.566Z</time>
			</trkpt>
			<trkpt lat="38.64343" lon="23.56515">
				<ele>493.85</ele>
				<time>2026-08-24T17:49:23.373Z</time>
			</trkpt>
			<trkpt lat="38.64358" lon="23.56516">
				<ele>492.94</ele>
				<time>2026-08-24T17:49:24.798Z</time>
			</trkpt>
			<trkpt lat="38.64368" lon="23.56521">
				<ele>492.5</ele>
				<time>2026-08-24T17:49:25.817Z</time>
			</trkpt>
			<trkpt lat="38.64412" lon="23.56549">
				<ele>491.3</ele>
				<time>2026-08-24T17:49:30.479Z</time>
			</trkpt>
			<trkpt lat="38.6442" lon="23.5655">
				<ele>492.63</ele>
				<time>2026-08-24T17:49:31.241Z</time>
			</trkpt>
			<trkpt lat="38.64424" lon="23.56548">
				<ele>494.2</ele>
				<time>2026-08-24T17:49:31.649Z</time>
			</trkpt>
			<trkpt lat="38.6443" lon="23.56541">
				<ele>497.29</ele>
				<time>2026-08-24T17:49:32.419Z</time>
			</trkpt>
			<trkpt lat="38.64432" lon="23.56535">
				<ele>499.54</ele>
				<time>2026-08-24T17:49:32.902Z</time>
			</trkpt>
			<trkpt lat="38.6443" lon="23.56521">
				<ele>502.43</ele>
				<time>2026-08-24T17:49:33.956Z</time>
			</trkpt>
			<trkpt lat="38.64401" lon="23.56474">
				<ele>506.26</ele>
				<time>2026-08-24T17:49:38.393Z</time>
			</trkpt>
			<trkpt lat="38.64373" lon="23.56441">
				<ele>508.85</ele>
				<time>2026-08-24T17:49:42.002Z</time>
			</trkpt>
			<trkpt lat="38.64336" lon="23.56407">
				<ele>512.42</ele>
				<time>2026-08-24T17:49:46.320Z</time>
			</trkpt>
			<trkpt lat="38.64325" lon="23.56394">
				<ele>513.05</ele>
				<time>2026-08-24T17:49:47.739Z</time>
			</trkpt>
			<trkpt lat="38.6432" lon="23.56385">
				<ele>513.32</ele>
				<time>2026-08-24T17:49:48.557Z</time>
			</trkpt>
			<trkpt lat="38.64314" lon="23.56361">
				<ele>513.3</ele>
				<time>2026-08-24T17:49:50.423Z</time>
			</trkpt>
			<trkpt lat="38.64315" lon="23.56346">
				<ele>513.19</ele>
				<time>2026-08-24T17:49:51.537Z</time>
			</trkpt>
			<trkpt lat="38.64316" lon="23.56339">
				<ele>513.32</ele>
				<time>2026-08-24T17:49:52.064Z</time>
			</trkpt>
			<trkpt lat="38.64323" lon="23.56328">
				<ele>513.8</ele>
				<time>2026-08-24T17:49:53.114Z</time>
			</trkpt>
			<trkpt lat="38.64332" lon="23.56323">
				<ele>514.58</ele>
				<time>2026-08-24T17:49:54.044Z</time>
			</trkpt>
			<trkpt lat="38.64347" lon="23.56323">
				<ele>513.96</ele>
				<time>2026-08-24T17:49:55.465Z</time>
			</trkpt>
			<trkpt lat="38.64385" lon="23.56341">
				<ele>514.56</ele>
				<time>2026-08-24T17:49:59.305Z</time>
			</trkpt>
			<trkpt lat="38.644" lon="23.56347">
				<ele>516.95</ele>
				<time>2026-08-24T17:50:00.794Z</time>
			</trkpt>
			<trkpt lat="38.64411" lon="23.56347">
				<ele>518.74</ele>
				<time>2026-08-24T17:50:01.836Z</time>
			</trkpt>
			<trkpt lat="38.64422" lon="23.56344">
				<ele>520.03</ele>
				<time>2026-08-24T17:50:02.901Z</time>
			</trkpt>
			<trkpt lat="38.64468" lon="23.56305">
				<ele>525.19</ele>
				<time>2026-08-24T17:50:08.128Z</time>
			</trkpt>
			<trkpt lat="38.64478" lon="23.563">
				<ele>527.06</ele>
				<time>2026-08-24T17:50:09.144Z</time>
			</trkpt>
			<trkpt lat="38.64487" lon="23.56298">
				<ele>529.05</ele>
				<time>2026-08-24T17:50:10.010Z</time>
			</trkpt>
			<trkpt lat="38.645" lon="23.56301">
				<ele>532.65</ele>
				<time>2026-08-24T17:50:11.261Z</time>
			</trkpt>
			<trkpt lat="38.64507" lon="23.56305">
				<ele>534.12</ele>
				<time>2026-08-24T17:50:11.987Z</time>
			</trkpt>
			<trkpt lat="38.64517" lon="23.56318">
				<ele>535.94</ele>
				<time>2026-08-24T17:50:13.336Z</time>
			</trkpt>
			<trkpt lat="38.64522" lon="23.56328">
				<ele>537</ele>
				<time>2026-08-24T17:50:14.214Z</time>
			</trkpt>
			<trkpt lat="38.64524" lon="23.56341">
				<ele>537.27</ele>
				<time>2026-08-24T17:50:15.194Z</time>
			</trkpt>
			<trkpt lat="38.64523" lon="23.56413">
				<ele>537.26</ele>
				<time>2026-08-24T17:50:20.519Z</time>
			</trkpt>
			<trkpt lat="38.64528" lon="23.56433">
				<ele>538.13</ele>
				<time>2026-08-24T17:50:22.072Z</time>
			</trkpt>
			<trkpt lat="38.64536" lon="23.56446">
				<ele>538.98</ele>
				<time>2026-08-24T17:50:23.296Z</time>
			</trkpt>
			<trkpt lat="38.64555" lon="23.56464">
				<ele>540.47</ele>
				<time>2026-08-24T17:50:25.533Z</time>
			</trkpt>
			<trkpt lat="38.64583" lon="23.5648">
				<ele>542.93</ele>
				<time>2026-08-24T17:50:28.435Z</time>
			</trkpt>
			<trkpt lat="38.64595" lon="23.56483">
				<ele>543.53</ele>
				<time>2026-08-24T17:50:29.592Z</time>
			</trkpt>
			<trkpt lat="38.64622" lon="23.56484">
				<ele>545.44</ele>
				<time>2026-08-24T17:50:32.149Z</time>
			</trkpt>
			<trkpt lat="38.64702" lon="23.56469">
				<ele>555.5</ele>
				<time>2026-08-24T17:50:39.799Z</time>
			</trkpt>
			<trkpt lat="38.6472" lon="23.5647">
				<ele>555.36</ele>
				<time>2026-08-24T17:50:41.503Z</time>
			</trkpt>
			<trkpt lat="38.64728" lon="23.56474">
				<ele>555.83</ele>
				<time>2026-08-24T17:50:42.315Z</time>
			</trkpt>
			<trkpt lat="38.64738" lon="23.56482">
				<ele>556.45</ele>
				<time>2026-08-24T17:50:43.431Z</time>
			</trkpt>
			<trkpt lat="38.64742" lon="23.56488">
				<ele>556.56</ele>
				<time>2026-08-24T17:50:44.014Z</time>
			</trkpt>
			<trkpt lat="38.64746" lon="23.56499">
				<ele>556.27</ele>
				<time>2026-08-24T17:50:44.910Z</time>
			</trkpt>
			<trkpt lat="38.64763" lon="23.56599">
				<ele>560.61</ele>
				<time>2026-08-24T17:50:52.469Z</time>
			</trkpt>
			<trkpt lat="38.64769" lon="23.56617">
				<ele>561.52</ele>
				<time>2026-08-24T17:50:53.914Z</time>
			</trkpt>
			<trkpt lat="38.64778" lon="23.5663">
				<ele>563.07</ele>
				<time>2026-08-24T17:50:55.197Z</time>
			</trkpt>
			<trkpt lat="38.64786" lon="23.56634">
				<ele>563.96</ele>
				<time>2026-08-24T17:50:56.009Z</time>
			</trkpt>
			<trkpt lat="38.64801" lon="23.56638">
				<ele>566.34</ele>
				<time>2026-08-24T17:50:57.458Z</time>
			</trkpt>
			<trkpt lat="38.64819" lon="23.56636">
				<ele>568.83</ele>
				<time>2026-08-24T17:50:59.166Z</time>
			</trkpt>
			<trkpt lat="38.64847" lon="23.56626">
				<ele>572.66</ele>
				<time>2026-08-24T17:51:01.914Z</time>
			</trkpt>
			<trkpt lat="38.64877" lon="23.56605">
				<ele>578.41</ele>
				<time>2026-08-24T17:51:05.146Z</time>
			</trkpt>
			<trkpt lat="38.64893" lon="23.5659">
				<ele>580.66</ele>
				<time>2026-08-24T17:51:07.020Z</time>
			</trkpt>
			<trkpt lat="38.64917" lon="23.56558">
				<ele>577.55</ele>
				<time>2026-08-24T17:51:10.295Z</time>
			</trkpt>
			<trkpt lat="38.64933" lon="23.56526">
				<ele>577.79</ele>
				<time>2026-08-24T17:51:13.099Z</time>
			</trkpt>
			<trkpt lat="38.64955" lon="23.56467">
				<ele>580.88</ele>
				<time>2026-08-24T17:51:17.923Z</time>
			</trkpt>
			<trkpt lat="38.64995" lon="23.56345">
				<ele>590.09</ele>
				<time>2026-08-24T17:51:27.685Z</time>
			</trkpt>
			<trkpt lat="38.65002" lon="23.56331">
				<ele>589.71</ele>
				<time>2026-08-24T17:51:28.911Z</time>
			</trkpt>
			<trkpt lat="38.65018" lon="23.5632">
				<ele>588.1</ele>
				<time>2026-08-24T17:51:30.626Z</time>
			</trkpt>
			<trkpt lat="38.65039" lon="23.56313">
				<ele>587.29</ele>
				<time>2026-08-24T17:51:32.675Z</time>
			</trkpt>
			<trkpt lat="38.65051" lon="23.56311">
				<ele>587.52</ele>
				<time>2026-08-24T17:51:33.818Z</time>
			</trkpt>
			<trkpt lat="38.65078" lon="23.56312">
				<ele>588.28</ele>
				<time>2026-08-24T17:51:36.368Z</time>
			</trkpt>
			<trkpt lat="38.65119" lon="23.56323">
				<ele>589.2</ele>
				<time>2026-08-24T17:51:40.324Z</time>
			</trkpt>
			<trkpt lat="38.65132" lon="23.56324">
				<ele>589.53</ele>
				<time>2026-08-24T17:51:41.553Z</time>
			</trkpt>
			<trkpt lat="38.65153" lon="23.56319">
				<ele>592.09</ele>
				<time>2026-08-24T17:51:43.570Z</time>
			</trkpt>
			<trkpt lat="38.65161" lon="23.56313">
				<ele>593.04</ele>
				<time>2026-08-24T17:51:44.445Z</time>
			</trkpt>
			<trkpt lat="38.65197" lon="23.56274">
				<ele>594.24</ele>
				<time>2026-08-24T17:51:48.896Z</time>
			</trkpt>
			<trkpt lat="38.65208" lon="23.56266">
				<ele>595.07</ele>
				<time>2026-08-24T17:51:50.090Z</time>
			</trkpt>
			<trkpt lat="38.65223" lon="23.56262">
				<ele>596.77</ele>
				<time>2026-08-24T17:51:51.536Z</time>
			</trkpt>
			<trkpt lat="38.65238" lon="23.56263">
				<ele>596.95</ele>
				<time>2026-08-24T17:51:52.954Z</time>
			</trkpt>
			<trkpt lat="38.65338" lon="23.5629">
				<ele>596.12</ele>
				<time>2026-08-24T17:52:02.597Z</time>
			</trkpt>
			<trkpt lat="38.6535" lon="23.56287">
				<ele>595.6</ele>
				<time>2026-08-24T17:52:03.751Z</time>
			</trkpt>
			<trkpt lat="38.65361" lon="23.56278">
				<ele>594.13</ele>
				<time>2026-08-24T17:52:04.983Z</time>
			</trkpt>
			<trkpt lat="38.65368" lon="23.56265">
				<ele>593.92</ele>
				<time>2026-08-24T17:52:06.146Z</time>
			</trkpt>
			<trkpt lat="38.6537" lon="23.56255">
				<ele>593.4</ele>
				<time>2026-08-24T17:52:06.906Z</time>
			</trkpt>
			<trkpt lat="38.6537" lon="23.56242">
				<ele>593.14</ele>
				<time>2026-08-24T17:52:07.864Z</time>
			</trkpt>
			<trkpt lat="38.65363" lon="23.56199">
				<ele>592.41</ele>
				<time>2026-08-24T17:52:11.100Z</time>
			</trkpt>
			<trkpt lat="38.65363" lon="23.5618">
				<ele>590.79</ele>
				<time>2026-08-24T17:52:12.500Z</time>
			</trkpt>
			<trkpt lat="38.6537" lon="23.56159">
				<ele>589.88</ele>
				<time>2026-08-24T17:52:14.181Z</time>
			</trkpt>
			<trkpt lat="38.65377" lon="23.5615">
				<ele>590.14</ele>
				<time>2026-08-24T17:52:15.117Z</time>
			</trkpt>
			<trkpt lat="38.65388" lon="23.56143">
				<ele>591.42</ele>
				<time>2026-08-24T17:52:16.276Z</time>
			</trkpt>
			<trkpt lat="38.65398" lon="23.56142">
				<ele>593.15</ele>
				<time>2026-08-24T17:52:17.222Z</time>
			</trkpt>
			<trkpt lat="38.6545" lon="23.56151">
				<ele>600.06</ele>
				<time>2026-08-24T17:52:22.170Z</time>
			</trkpt>
			<trkpt lat="38.65489" lon="23.56155">
				<ele>599.25</ele>
				<time>2026-08-24T17:52:25.859Z</time>
			</trkpt>
			<trkpt lat="38.65562" lon="23.56156">
				<ele>602.83</ele>
				<time>2026-08-24T17:52:32.742Z</time>
			</trkpt>
			<trkpt lat="38.65635" lon="23.56154">
				<ele>602.16</ele>
				<time>2026-08-24T17:52:39.625Z</time>
			</trkpt>
			<trkpt lat="38.65649" lon="23.56146">
				<ele>602.17</ele>
				<time>2026-08-24T17:52:41.070Z</time>
			</trkpt>
			<trkpt lat="38.65653" lon="23.56139">
				<ele>602.11</ele>
				<time>2026-08-24T17:52:41.709Z</time>
			</trkpt>
			<trkpt lat="38.65658" lon="23.56128">
				<ele>602.94</ele>
				<time>2026-08-24T17:52:42.646Z</time>
			</trkpt>
			<trkpt lat="38.6566" lon="23.56114">
				<ele>603.94</ele>
				<time>2026-08-24T17:52:43.693Z</time>
			</trkpt>
			<trkpt lat="38.65659" lon="23.56107">
				<ele>604.3</ele>
				<time>2026-08-24T17:52:44.217Z</time>
			</trkpt>
			<trkpt lat="38.65633" lon="23.56049">
				<ele>604.52</ele>
				<time>2026-08-24T17:52:49.139Z</time>
			</trkpt>
			<trkpt lat="38.65629" lon="23.56026">
				<ele>605.23</ele>
				<time>2026-08-24T17:52:50.873Z</time>
			</trkpt>
			<trkpt lat="38.65628" lon="23.56011">
				<ele>605</ele>
				<time>2026-08-24T17:52:51.981Z</time>
			</trkpt>
			<trkpt lat="38.6563" lon="23.55986">
				<ele>605.05</ele>
				<time>2026-08-24T17:52:53.830Z</time>
			</trkpt>
			<trkpt lat="38.65633" lon="23.55961">
				<ele>605.51</ele>
				<time>2026-08-24T17:52:55.691Z</time>
			</trkpt>
			<trkpt lat="38.6564" lon="23.55942">
				<ele>606.17</ele>
				<time>2026-08-24T17:52:57.237Z</time>
			</trkpt>
			<trkpt lat="38.65651" lon="23.55924">
				<ele>607.44</ele>
				<time>2026-08-24T17:52:58.918Z</time>
			</trkpt>
			<trkpt lat="38.65688" lon="23.55875">
				<ele>608.39</ele>
				<time>2026-08-24T17:53:03.933Z</time>
			</trkpt>
			<trkpt lat="38.65748" lon="23.55802">
				<ele>612.31</ele>
				<time>2026-08-24T17:53:11.729Z</time>
			</trkpt>
			<trkpt lat="38.65809" lon="23.55734">
				<ele>606.11</ele>
				<time>2026-08-24T17:53:19.346Z</time>
			</trkpt>
			<trkpt lat="38.65832" lon="23.55705">
				<ele>601.68</ele>
				<time>2026-08-24T17:53:22.386Z</time>
			</trkpt>
			<trkpt lat="38.65886" lon="23.55628">
				<ele>599.75</ele>
				<time>2026-08-24T17:53:29.996Z</time>
			</trkpt>
			<trkpt lat="38.65895" lon="23.55621">
				<ele>599</ele>
				<time>2026-08-24T17:53:30.987Z</time>
			</trkpt>
			<trkpt lat="38.65919" lon="23.55611">
				<ele>597.68</ele>
				<time>2026-08-24T17:53:33.363Z</time>
			</trkpt>
			<trkpt lat="38.65939" lon="23.55608">
				<ele>595.18</ele>
				<time>2026-08-24T17:53:35.259Z</time>
			</trkpt>
			<trkpt lat="38.65962" lon="23.5561">
				<ele>592.42</ele>
				<time>2026-08-24T17:53:37.429Z</time>
			</trkpt>
			<trkpt lat="38.6598" lon="23.55617">
				<ele>589.58</ele>
				<time>2026-08-24T17:53:39.200Z</time>
			</trkpt>
			<trkpt lat="38.65995" lon="23.55629">
				<ele>587.78</ele>
				<time>2026-08-24T17:53:40.865Z</time>
			</trkpt>
			<trkpt lat="38.66004" lon="23.55647">
				<ele>587.5</ele>
				<time>2026-08-24T17:53:42.436Z</time>
			</trkpt>
			<trkpt lat="38.66006" lon="23.55655">
				<ele>587.58</ele>
				<time>2026-08-24T17:53:43.054Z</time>
			</trkpt>
			<trkpt lat="38.66006" lon="23.55671">
				<ele>587.54</ele>
				<time>2026-08-24T17:53:44.230Z</time>
			</trkpt>
			<trkpt lat="38.66003" lon="23.55682">
				<ele>586.78</ele>
				<time>2026-08-24T17:53:45.086Z</time>
			</trkpt>
			<trkpt lat="38.65996" lon="23.55691">
				<ele>586.84</ele>
				<time>2026-08-24T17:53:46.020Z</time>
			</trkpt>
			<trkpt lat="38.65943" lon="23.5572">
				<ele>591.42</ele>
				<time>2026-08-24T17:53:51.445Z</time>
			</trkpt>
			<trkpt lat="38.65931" lon="23.55731">
				<ele>590.96</ele>
				<time>2026-08-24T17:53:52.834Z</time>
			</trkpt>
			<trkpt lat="38.65925" lon="23.55739">
				<ele>590.34</ele>
				<time>2026-08-24T17:53:53.649Z</time>
			</trkpt>
			<trkpt lat="38.65921" lon="23.55751">
				<ele>589.12</ele>
				<time>2026-08-24T17:53:54.608Z</time>
			</trkpt>
			<trkpt lat="38.65921" lon="23.55764">
				<ele>587.95</ele>
				<time>2026-08-24T17:53:55.563Z</time>
			</trkpt>
			<trkpt lat="38.65925" lon="23.55774">
				<ele>586.37</ele>
				<time>2026-08-24T17:53:56.389Z</time>
			</trkpt>
			<trkpt lat="38.65935" lon="23.55782">
				<ele>584.63</ele>
				<time>2026-08-24T17:53:57.499Z</time>
			</trkpt>
			<trkpt lat="38.65944" lon="23.55786">
				<ele>583.27</ele>
				<time>2026-08-24T17:53:58.395Z</time>
			</trkpt>
			<trkpt lat="38.65959" lon="23.55788">
				<ele>581.64</ele>
				<time>2026-08-24T17:53:59.815Z</time>
			</trkpt>
			<trkpt lat="38.66007" lon="23.5579">
				<ele>575.56</ele>
				<time>2026-08-24T17:54:04.334Z</time>
			</trkpt>
			<trkpt lat="38.6603" lon="23.55787">
				<ele>574.45</ele>
				<time>2026-08-24T17:54:06.509Z</time>
			</trkpt>
			<trkpt lat="38.66054" lon="23.55777">
				<ele>573.94</ele>
				<time>2026-08-24T17:54:08.884Z</time>
			</trkpt>
			<trkpt lat="38.6607" lon="23.55774">
				<ele>572.47</ele>
				<time>2026-08-24T17:54:10.406Z</time>
			</trkpt>
			<trkpt lat="38.66084" lon="23.55777">
				<ele>571.77</ele>
				<time>2026-08-24T17:54:11.741Z</time>
			</trkpt>
			<trkpt lat="38.66112" lon="23.55791">
				<ele>574.43</ele>
				<time>2026-08-24T17:54:14.570Z</time>
			</trkpt>
			<trkpt lat="38.66125" lon="23.55793">
				<ele>574.87</ele>
				<time>2026-08-24T17:54:15.801Z</time>
			</trkpt>
			<trkpt lat="38.66183" lon="23.5577">
				<ele>558.73</ele>
				<time>2026-08-24T17:54:21.514Z</time>
			</trkpt>
			<trkpt lat="38.66199" lon="23.5577">
				<ele>557.94</ele>
				<time>2026-08-24T17:54:23.019Z</time>
			</trkpt>
			<trkpt lat="38.66207" lon="23.55772">
				<ele>558.67</ele>
				<time>2026-08-24T17:54:23.786Z</time>
			</trkpt>
			<trkpt lat="38.66218" lon="23.5578">
				<ele>560.24</ele>
				<time>2026-08-24T17:54:24.976Z</time>
			</trkpt>
			<trkpt lat="38.66224" lon="23.55786">
				<ele>560.43</ele>
				<time>2026-08-24T17:54:25.692Z</time>
			</trkpt>
			<trkpt lat="38.6623" lon="23.55795">
				<ele>560.14</ele>
				<time>2026-08-24T17:54:26.561Z</time>
			</trkpt>
			<trkpt lat="38.66238" lon="23.55821">
				<ele>559.6</ele>
				<time>2026-08-24T17:54:28.614Z</time>
			</trkpt>
			<trkpt lat="38.66247" lon="23.55871">
				<ele>560.88</ele>
				<time>2026-08-24T17:54:32.383Z</time>
			</trkpt>
			<trkpt lat="38.66251" lon="23.55884">
				<ele>560.95</ele>
				<time>2026-08-24T17:54:33.409Z</time>
			</trkpt>
			<trkpt lat="38.6626" lon="23.559">
				<ele>559.48</ele>
				<time>2026-08-24T17:54:34.857Z</time>
			</trkpt>
			<trkpt lat="38.66268" lon="23.55906">
				<ele>557.95</ele>
				<time>2026-08-24T17:54:35.729Z</time>
			</trkpt>
			<trkpt lat="38.66285" lon="23.55915">
				<ele>555.7</ele>
				<time>2026-08-24T17:54:37.460Z</time>
			</trkpt>
			<trkpt lat="38.66311" lon="23.55924">
				<ele>554.68</ele>
				<time>2026-08-24T17:54:39.993Z</time>
			</trkpt>
			<trkpt lat="38.6632" lon="23.55926">
				<ele>555.66</ele>
				<time>2026-08-24T17:54:40.852Z</time>
			</trkpt>
			<trkpt lat="38.66342" lon="23.55924">
				<ele>556.44</ele>
				<time>2026-08-24T17:54:42.926Z</time>
			</trkpt>
			<trkpt lat="38.66372" lon="23.55911">
				<ele>553.42</ele>
				<time>2026-08-24T17:54:45.905Z</time>
			</trkpt>
			<trkpt lat="38.66382" lon="23.55904">
				<ele>551.49</ele>
				<time>2026-08-24T17:54:46.977Z</time>
			</trkpt>
			<trkpt lat="38.66392" lon="23.55896">
				<ele>549.64</ele>
				<time>2026-08-24T17:54:48.086Z</time>
			</trkpt>
			<trkpt lat="38.66404" lon="23.55878">
				<ele>546.73</ele>
				<time>2026-08-24T17:54:49.824Z</time>
			</trkpt>
			<trkpt lat="38.6641" lon="23.55859">
				<ele>545.19</ele>
				<time>2026-08-24T17:54:51.329Z</time>
			</trkpt>
			<trkpt lat="38.66426" lon="23.55785">
				<ele>540</ele>
				<time>2026-08-24T17:54:56.967Z</time>
			</trkpt>
			<trkpt lat="38.66434" lon="23.5577">
				<ele>539.74</ele>
				<time>2026-08-24T17:54:58.301Z</time>
			</trkpt>
			<trkpt lat="38.66448" lon="23.55758">
				<ele>539.59</ele>
				<time>2026-08-24T17:54:59.885Z</time>
			</trkpt>
			<trkpt lat="38.66455" lon="23.55754">
				<ele>539.34</ele>
				<time>2026-08-24T17:55:00.606Z</time>
			</trkpt>
			<trkpt lat="38.66523" lon="23.55741">
				<ele>536.81</ele>
				<time>2026-08-24T17:55:07.071Z</time>
			</trkpt>
			<trkpt lat="38.66542" lon="23.55735">
				<ele>535.89</ele>
				<time>2026-08-24T17:55:08.911Z</time>
			</trkpt>
			<trkpt lat="38.6655" lon="23.55729">
				<ele>535.08</ele>
				<time>2026-08-24T17:55:09.782Z</time>
			</trkpt>
			<trkpt lat="38.66562" lon="23.55713">
				<ele>532.69</ele>
				<time>2026-08-24T17:55:11.411Z</time>
			</trkpt>
			<trkpt lat="38.66617" lon="23.55613">
				<ele>524.43</ele>
				<time>2026-08-24T17:55:20.391Z</time>
			</trkpt>
			<trkpt lat="38.66633" lon="23.55594">
				<ele>521.29</ele>
				<time>2026-08-24T17:55:22.442Z</time>
			</trkpt>
			<trkpt lat="38.66649" lon="23.55585">
				<ele>520.61</ele>
				<time>2026-08-24T17:55:24.085Z</time>
			</trkpt>
			<trkpt lat="38.6666" lon="23.55584">
				<ele>521.52</ele>
				<time>2026-08-24T17:55:25.122Z</time>
			</trkpt>
			<trkpt lat="38.66673" lon="23.5559">
				<ele>521.4</ele>
				<time>2026-08-24T17:55:26.421Z</time>
			</trkpt>
			<trkpt lat="38.66682" lon="23.55602">
				<ele>520.46</ele>
				<time>2026-08-24T17:55:27.643Z</time>
			</trkpt>
			<trkpt lat="38.66688" lon="23.5562">
				<ele>519.81</ele>
				<time>2026-08-24T17:55:29.079Z</time>
			</trkpt>
			<trkpt lat="38.66688" lon="23.55631">
				<ele>519.93</ele>
				<time>2026-08-24T17:55:29.887Z</time>
			</trkpt>
			<trkpt lat="38.66686" lon="23.55644">
				<ele>520.51</ele>
				<time>2026-08-24T17:55:30.859Z</time>
			</trkpt>
			<trkpt lat="38.66671" lon="23.55709">
				<ele>521.73</ele>
				<time>2026-08-24T17:55:35.835Z</time>
			</trkpt>
			<trkpt lat="38.66669" lon="23.55723">
				<ele>520.82</ele>
				<time>2026-08-24T17:55:36.879Z</time>
			</trkpt>
			<trkpt lat="38.66668" lon="23.55754">
				<ele>519.48</ele>
				<time>2026-08-24T17:55:39.157Z</time>
			</trkpt>
			<trkpt lat="38.66669" lon="23.55767">
				<ele>519.16</ele>
				<time>2026-08-24T17:55:40.115Z</time>
			</trkpt>
			<trkpt lat="38.66672" lon="23.55779">
				<ele>518.42</ele>
				<time>2026-08-24T17:55:41.040Z</time>
			</trkpt>
			<trkpt lat="38.66684" lon="23.55807">
				<ele>516.92</ele>
				<time>2026-08-24T17:55:43.385Z</time>
			</trkpt>
			<trkpt lat="38.66692" lon="23.55817">
				<ele>516.9</ele>
				<time>2026-08-24T17:55:44.436Z</time>
			</trkpt>
			<trkpt lat="38.66705" lon="23.55823">
				<ele>516.27</ele>
				<time>2026-08-24T17:55:45.735Z</time>
			</trkpt>
			<trkpt lat="38.66714" lon="23.55823">
				<ele>515.44</ele>
				<time>2026-08-24T17:55:46.581Z</time>
			</trkpt>
			<trkpt lat="38.66731" lon="23.55817">
				<ele>512.27</ele>
				<time>2026-08-24T17:55:48.238Z</time>
			</trkpt>
			<trkpt lat="38.66785" lon="23.55787">
				<ele>504.45</ele>
				<time>2026-08-24T17:55:53.771Z</time>
			</trkpt>
			<trkpt lat="38.66802" lon="23.55781">
				<ele>502.26</ele>
				<time>2026-08-24T17:55:55.429Z</time>
			</trkpt>
			<trkpt lat="38.66814" lon="23.55781">
				<ele>501.34</ele>
				<time>2026-08-24T17:55:56.557Z</time>
			</trkpt>
			<trkpt lat="38.6684" lon="23.5579">
				<ele>501.69</ele>
				<time>2026-08-24T17:55:59.089Z</time>
			</trkpt>
			<trkpt lat="38.66851" lon="23.55791">
				<ele>501.53</ele>
				<time>2026-08-24T17:56:00.125Z</time>
			</trkpt>
			<trkpt lat="38.66865" lon="23.55787">
				<ele>500</ele>
				<time>2026-08-24T17:56:01.474Z</time>
			</trkpt>
			<trkpt lat="38.66878" lon="23.55775">
				<ele>496.45</ele>
				<time>2026-08-24T17:56:02.980Z</time>
			</trkpt>
			<trkpt lat="38.6689" lon="23.55769">
				<ele>494.44</ele>
				<time>2026-08-24T17:56:04.191Z</time>
			</trkpt>
			<trkpt lat="38.66901" lon="23.55767">
				<ele>493.93</ele>
				<time>2026-08-24T17:56:05.235Z</time>
			</trkpt>
			<trkpt lat="38.66931" lon="23.55772">
				<ele>495.1</ele>
				<time>2026-08-24T17:56:08.079Z</time>
			</trkpt>
			<trkpt lat="38.6697" lon="23.5577">
				<ele>493.32</ele>
				<time>2026-08-24T17:56:11.748Z</time>
			</trkpt>
			<trkpt lat="38.66983" lon="23.55772">
				<ele>490.76</ele>
				<time>2026-08-24T17:56:12.978Z</time>
			</trkpt>
			<trkpt lat="38.66993" lon="23.55776">
				<ele>488.69</ele>
				<time>2026-08-24T17:56:13.963Z</time>
			</trkpt>
			<trkpt lat="38.67003" lon="23.55785">
				<ele>488.29</ele>
				<time>2026-08-24T17:56:15.112Z</time>
			</trkpt>
			<trkpt lat="38.67022" lon="23.55806">
				<ele>489.14</ele>
				<time>2026-08-24T17:56:17.471Z</time>
			</trkpt>
			<trkpt lat="38.67047" lon="23.55817">
				<ele>487.31</ele>
				<time>2026-08-24T17:56:19.956Z</time>
			</trkpt>
			<trkpt lat="38.67076" lon="23.55827">
				<ele>484.55</ele>
				<time>2026-08-24T17:56:22.778Z</time>
			</trkpt>
			<trkpt lat="38.67098" lon="23.55841">
				<ele>482.07</ele>
				<time>2026-08-24T17:56:25.087Z</time>
			</trkpt>
			<trkpt lat="38.67105" lon="23.55853">
				<ele>480.27</ele>
				<time>2026-08-24T17:56:26.187Z</time>
			</trkpt>
			<trkpt lat="38.67109" lon="23.55864">
				<ele>478.79</ele>
				<time>2026-08-24T17:56:27.077Z</time>
			</trkpt>
			<trkpt lat="38.6711" lon="23.55878">
				<ele>478.9</ele>
				<time>2026-08-24T17:56:28.109Z</time>
			</trkpt>
			<trkpt lat="38.6711" lon="23.55925">
				<ele>477.43</ele>
				<time>2026-08-24T17:56:31.558Z</time>
			</trkpt>
			<trkpt lat="38.67111" lon="23.55933">
				<ele>476.09</ele>
				<time>2026-08-24T17:56:32.153Z</time>
			</trkpt>
			<trkpt lat="38.67116" lon="23.5594">
				<ele>474.71</ele>
				<time>2026-08-24T17:56:32.849Z</time>
			</trkpt>
			<trkpt lat="38.67123" lon="23.55945">
				<ele>473.09</ele>
				<time>2026-08-24T17:56:33.602Z</time>
			</trkpt>
			<trkpt lat="38.6713" lon="23.55944">
				<ele>472.16</ele>
				<time>2026-08-24T17:56:34.264Z</time>
			</trkpt>
			<trkpt lat="38.67136" lon="23.5594">
				<ele>471.91</ele>
				<time>2026-08-24T17:56:34.900Z</time>
			</trkpt>
			<trkpt lat="38.6714" lon="23.55933">
				<ele>472.03</ele>
				<time>2026-08-24T17:56:35.537Z</time>
			</trkpt>
			<trkpt lat="38.67142" lon="23.55923">
				<ele>472.92</ele>
				<time>2026-08-24T17:56:36.294Z</time>
			</trkpt>
			<trkpt lat="38.67135" lon="23.55888">
				<ele>475.43</ele>
				<time>2026-08-24T17:56:38.946Z</time>
			</trkpt>
			<trkpt lat="38.67137" lon="23.55876">
				<ele>474.73</ele>
				<time>2026-08-24T17:56:39.846Z</time>
			</trkpt>
			<trkpt lat="38.67142" lon="23.5586">
				<ele>472.92</ele>
				<time>2026-08-24T17:56:41.111Z</time>
			</trkpt>
			<trkpt lat="38.67166" lon="23.55815">
				<ele>467.18</ele>
				<time>2026-08-24T17:56:45.110Z</time>
			</trkpt>
			<trkpt lat="38.67173" lon="23.55799">
				<ele>466.33</ele>
				<time>2026-08-24T17:56:46.456Z</time>
			</trkpt>
			<trkpt lat="38.67179" lon="23.5577">
				<ele>464.03</ele>
				<time>2026-08-24T17:56:48.658Z</time>
			</trkpt>
			<trkpt lat="38.6718" lon="23.55755">
				<ele>462.46</ele>
				<time>2026-08-24T17:56:49.763Z</time>
			</trkpt>
			<trkpt lat="38.67177" lon="23.55742">
				<ele>461.34</ele>
				<time>2026-08-24T17:56:50.758Z</time>
			</trkpt>
			<trkpt lat="38.67173" lon="23.55734">
				<ele>460.66</ele>
				<time>2026-08-24T17:56:51.455Z</time>
			</trkpt>
			<trkpt lat="38.67168" lon="23.55729">
				<ele>460.29</ele>
				<time>2026-08-24T17:56:52.051Z</time>
			</trkpt>
			<trkpt lat="38.67148" lon="23.55716">
				<ele>460.85</ele>
				<time>2026-08-24T17:56:54.159Z</time>
			</trkpt>
			<trkpt lat="38.67105" lon="23.55694">
				<ele>461.51</ele>
				<time>2026-08-24T17:56:58.512Z</time>
			</trkpt>
			<trkpt lat="38.67088" lon="23.55681">
				<ele>461.4</ele>
				<time>2026-08-24T17:57:00.373Z</time>
			</trkpt>
			<trkpt lat="38.67084" lon="23.55675">
				<ele>461</ele>
				<time>2026-08-24T17:57:00.952Z</time>
			</trkpt>
			<trkpt lat="38.67083" lon="23.55666">
				<ele>460.03</ele>
				<time>2026-08-24T17:57:01.619Z</time>
			</trkpt>
			<trkpt lat="38.67084" lon="23.55658">
				<ele>458.09</ele>
				<time>2026-08-24T17:57:02.214Z</time>
			</trkpt>
			<trkpt lat="38.67087" lon="23.55651">
				<ele>455.92</ele>
				<time>2026-08-24T17:57:02.800Z</time>
			</trkpt>
			<trkpt lat="38.67093" lon="23.55647">
				<ele>453.95</ele>
				<time>2026-08-24T17:57:03.436Z</time>
			</trkpt>
			<trkpt lat="38.671" lon="23.55645">
				<ele>452.5</ele>
				<time>2026-08-24T17:57:04.110Z</time>
			</trkpt>
			<trkpt lat="38.67129" lon="23.5566">
				<ele>450.28</ele>
				<time>2026-08-24T17:57:07.050Z</time>
			</trkpt>
			<trkpt lat="38.67164" lon="23.55667">
				<ele>447.32</ele>
				<time>2026-08-24T17:57:10.380Z</time>
			</trkpt>
			<trkpt lat="38.67203" lon="23.5567">
				<ele>444.1</ele>
				<time>2026-08-24T17:57:14.052Z</time>
			</trkpt>
			<trkpt lat="38.67217" lon="23.55676">
				<ele>443.92</ele>
				<time>2026-08-24T17:57:15.440Z</time>
			</trkpt>
			<trkpt lat="38.6723" lon="23.55686">
				<ele>443.34</ele>
				<time>2026-08-24T17:57:16.866Z</time>
			</trkpt>
			<trkpt lat="38.67255" lon="23.55709">
				<ele>442.4</ele>
				<time>2026-08-24T17:57:19.759Z</time>
			</trkpt>
			<trkpt lat="38.67276" lon="23.55723">
				<ele>441.1</ele>
				<time>2026-08-24T17:57:21.985Z</time>
			</trkpt>
			<trkpt lat="38.67299" lon="23.55732">
				<ele>436.99</ele>
				<time>2026-08-24T17:57:24.246Z</time>
			</trkpt>
			<trkpt lat="38.67324" lon="23.55728">
				<ele>434.28</ele>
				<time>2026-08-24T17:57:26.614Z</time>
			</trkpt>
			<trkpt lat="38.67351" lon="23.5572">
				<ele>433.36</ele>
				<time>2026-08-24T17:57:29.220Z</time>
			</trkpt>
			<trkpt lat="38.67408" lon="23.55704">
				<ele>434.89</ele>
				<time>2026-08-24T17:57:34.706Z</time>
			</trkpt>
			<trkpt lat="38.67424" lon="23.55695">
				<ele>436.98</ele>
				<time>2026-08-24T17:57:36.348Z</time>
			</trkpt>
			<trkpt lat="38.67432" lon="23.55686">
				<ele>438.23</ele>
				<time>2026-08-24T17:57:37.350Z</time>
			</trkpt>
			<trkpt lat="38.67435" lon="23.55678">
				<ele>438.46</ele>
				<time>2026-08-24T17:57:38.001Z</time>
			</trkpt>
			<trkpt lat="38.67436" lon="23.5567">
				<ele>438.17</ele>
				<time>2026-08-24T17:57:38.596Z</time>
			</trkpt>
			<trkpt lat="38.67435" lon="23.55659">
				<ele>436.56</ele>
				<time>2026-08-24T17:57:39.409Z</time>
			</trkpt>
			<trkpt lat="38.67431" lon="23.55653">
				<ele>434.61</ele>
				<time>2026-08-24T17:57:39.988Z</time>
			</trkpt>
			<trkpt lat="38.67423" lon="23.5565">
				<ele>431.5</ele>
				<time>2026-08-24T17:57:40.771Z</time>
			</trkpt>
			<trkpt lat="38.67414" lon="23.55652">
				<ele>429</ele>
				<time>2026-08-24T17:57:41.630Z</time>
			</trkpt>
			<trkpt lat="38.67386" lon="23.55683">
				<ele>428.79</ele>
				<time>2026-08-24T17:57:45.110Z</time>
			</trkpt>
			<trkpt lat="38.6738" lon="23.55685">
				<ele>428.67</ele>
				<time>2026-08-24T17:57:45.693Z</time>
			</trkpt>
			<trkpt lat="38.6737" lon="23.55685">
				<ele>427.6</ele>
				<time>2026-08-24T17:57:46.633Z</time>
			</trkpt>
			<trkpt lat="38.67306" lon="23.55676">
				<ele>424.86</ele>
				<time>2026-08-24T17:57:52.687Z</time>
			</trkpt>
			<trkpt lat="38.67296" lon="23.55672">
				<ele>424.68</ele>
				<time>2026-08-24T17:57:53.672Z</time>
			</trkpt>
			<trkpt lat="38.67282" lon="23.55651">
				<ele>420.76</ele>
				<time>2026-08-24T17:57:55.699Z</time>
			</trkpt>
			<trkpt lat="38.67258" lon="23.55601">
				<ele>417.19</ele>
				<time>2026-08-24T17:58:00.008Z</time>
			</trkpt>
			<trkpt lat="38.67246" lon="23.55581">
				<ele>416.85</ele>
				<time>2026-08-24T17:58:01.860Z</time>
			</trkpt>
			<trkpt lat="38.67232" lon="23.55565">
				<ele>414.62</ele>
				<time>2026-08-24T17:58:03.625Z</time>
			</trkpt>
			<trkpt lat="38.67195" lon="23.55531">
				<ele>407.72</ele>
				<time>2026-08-24T17:58:07.907Z</time>
			</trkpt>
			<trkpt lat="38.67175" lon="23.55516">
				<ele>407.94</ele>
				<time>2026-08-24T17:58:10.087Z</time>
			</trkpt>
			<trkpt lat="38.67155" lon="23.55508">
				<ele>407.75</ele>
				<time>2026-08-24T17:58:12.057Z</time>
			</trkpt>
			<trkpt lat="38.6709" lon="23.55494">
				<ele>406.76</ele>
				<time>2026-08-24T17:58:18.256Z</time>
			</trkpt>
			<trkpt lat="38.67085" lon="23.55492">
				<ele>407.12</ele>
				<time>2026-08-24T17:58:18.749Z</time>
			</trkpt>
			<trkpt lat="38.6708" lon="23.55483">
				<ele>407.69</ele>
				<time>2026-08-24T17:58:19.560Z</time>
			</trkpt>
			<trkpt lat="38.67079" lon="23.5547">
				<ele>407.37</ele>
				<time>2026-08-24T17:58:20.519Z</time>
			</trkpt>
			<trkpt lat="38.67082" lon="23.55455">
				<ele>406.8</ele>
				<time>2026-08-24T17:58:21.656Z</time>
			</trkpt>
			<trkpt lat="38.67105" lon="23.55399">
				<ele>400.86</ele>
				<time>2026-08-24T17:58:26.303Z</time>
			</trkpt>
			<trkpt lat="38.67109" lon="23.55383">
				<ele>399.8</ele>
				<time>2026-08-24T17:58:27.537Z</time>
			</trkpt>
			<trkpt lat="38.67111" lon="23.55373">
				<ele>399.56</ele>
				<time>2026-08-24T17:58:28.295Z</time>
			</trkpt>
			<trkpt lat="38.67116" lon="23.55281">
				<ele>395.86</ele>
				<time>2026-08-24T17:58:35.068Z</time>
			</trkpt>
			<trkpt lat="38.67122" lon="23.55248">
				<ele>393.89</ele>
				<time>2026-08-24T17:58:37.557Z</time>
			</trkpt>
			<trkpt lat="38.67126" lon="23.55237">
				<ele>392.37</ele>
				<time>2026-08-24T17:58:38.448Z</time>
			</trkpt>
			<trkpt lat="38.6714" lon="23.55213">
				<ele>387.91</ele>
				<time>2026-08-24T17:58:40.649Z</time>
			</trkpt>
			<trkpt lat="38.67213" lon="23.55124">
				<ele>377.27</ele>
				<time>2026-08-24T17:58:50.131Z</time>
			</trkpt>
			<trkpt lat="38.67223" lon="23.55115">
				<ele>376.91</ele>
				<time>2026-08-24T17:58:51.281Z</time>
			</trkpt>
			<trkpt lat="38.67234" lon="23.55108">
				<ele>377.5</ele>
				<time>2026-08-24T17:58:52.437Z</time>
			</trkpt>
			<trkpt lat="38.67296" lon="23.55076">
				<ele>374.1</ele>
				<time>2026-08-24T17:58:58.727Z</time>
			</trkpt>
			<trkpt lat="38.67304" lon="23.55071">
				<ele>373.56</ele>
				<time>2026-08-24T17:58:59.565Z</time>
			</trkpt>
			<trkpt lat="38.67312" lon="23.55057">
				<ele>373.2</ele>
				<time>2026-08-24T17:59:00.839Z</time>
			</trkpt>
			<trkpt lat="38.67314" lon="23.55047">
				<ele>373.12</ele>
				<time>2026-08-24T17:59:01.598Z</time>
			</trkpt>
			<trkpt lat="38.67315" lon="23.55032">
				<ele>373.21</ele>
				<time>2026-08-24T17:59:02.704Z</time>
			</trkpt>
			<trkpt lat="38.67311" lon="23.55007">
				<ele>372.6</ele>
				<time>2026-08-24T17:59:04.579Z</time>
			</trkpt>
			<trkpt lat="38.67307" lon="23.54996">
				<ele>371.98</ele>
				<time>2026-08-24T17:59:05.471Z</time>
			</trkpt>
			<trkpt lat="38.67295" lon="23.54977">
				<ele>370.45</ele>
				<time>2026-08-24T17:59:07.266Z</time>
			</trkpt>
			<trkpt lat="38.67284" lon="23.54968">
				<ele>371.01</ele>
				<time>2026-08-24T17:59:08.495Z</time>
			</trkpt>
			<trkpt lat="38.6727" lon="23.54964">
				<ele>371.13</ele>
				<time>2026-08-24T17:59:09.845Z</time>
			</trkpt>
			<trkpt lat="38.67222" lon="23.5496">
				<ele>366.6</ele>
				<time>2026-08-24T17:59:14.373Z</time>
			</trkpt>
			<trkpt lat="38.67206" lon="23.54956">
				<ele>365.82</ele>
				<time>2026-08-24T17:59:15.907Z</time>
			</trkpt>
			<trkpt lat="38.67175" lon="23.54936">
				<ele>363.77</ele>
				<time>2026-08-24T17:59:19.175Z</time>
			</trkpt>
			<trkpt lat="38.67156" lon="23.54928">
				<ele>363.56</ele>
				<time>2026-08-24T17:59:21.057Z</time>
			</trkpt>
			<trkpt lat="38.67138" lon="23.54926">
				<ele>364.68</ele>
				<time>2026-08-24T17:59:22.758Z</time>
			</trkpt>
			<trkpt lat="38.67115" lon="23.54929">
				<ele>365.45</ele>
				<time>2026-08-24T17:59:24.935Z</time>
			</trkpt>
			<trkpt lat="38.67092" lon="23.54942">
				<ele>362.57</ele>
				<time>2026-08-24T17:59:27.302Z</time>
			</trkpt>
			<trkpt lat="38.6705" lon="23.54977">
				<ele>360.76</ele>
				<time>2026-08-24T17:59:32.020Z</time>
			</trkpt>
			<trkpt lat="38.67042" lon="23.54978">
				<ele>361.35</ele>
				<time>2026-08-24T17:59:32.777Z</time>
			</trkpt>
			<trkpt lat="38.67031" lon="23.54973">
				<ele>362.49</ele>
				<time>2026-08-24T17:59:33.876Z</time>
			</trkpt>
			<trkpt lat="38.67026" lon="23.54966">
				<ele>363.86</ele>
				<time>2026-08-24T17:59:34.573Z</time>
			</trkpt>
			<trkpt lat="38.67023" lon="23.54956">
				<ele>365.88</ele>
				<time>2026-08-24T17:59:35.361Z</time>
			</trkpt>
			<trkpt lat="38.67024" lon="23.54941">
				<ele>366.13</ele>
				<time>2026-08-24T17:59:36.468Z</time>
			</trkpt>
			<trkpt lat="38.67035" lon="23.54909">
				<ele>364.56</ele>
				<time>2026-08-24T17:59:39.038Z</time>
			</trkpt>
			<trkpt lat="38.6705" lon="23.54875">
				<ele>363.35</ele>
				<time>2026-08-24T17:59:41.910Z</time>
			</trkpt>
			<trkpt lat="38.67067" lon="23.54847">
				<ele>364.09</ele>
				<time>2026-08-24T17:59:44.518Z</time>
			</trkpt>
			<trkpt lat="38.67077" lon="23.54823">
				<ele>363.56</ele>
				<time>2026-08-24T17:59:46.518Z</time>
			</trkpt>
			<trkpt lat="38.67102" lon="23.54746">
				<ele>362.78</ele>
				<time>2026-08-24T17:59:52.651Z</time>
			</trkpt>
			<trkpt lat="38.67112" lon="23.54733">
				<ele>360.56</ele>
				<time>2026-08-24T17:59:53.993Z</time>
			</trkpt>
			<trkpt lat="38.67145" lon="23.54711">
				<ele>352.3</ele>
				<time>2026-08-24T17:59:57.498Z</time>
			</trkpt>
			<trkpt lat="38.67153" lon="23.54701">
				<ele>350.82</ele>
				<time>2026-08-24T17:59:58.551Z</time>
			</trkpt>
			<trkpt lat="38.67167" lon="23.54674">
				<ele>351.88</ele>
				<time>2026-08-24T18:00:00.935Z</time>
			</trkpt>
			<trkpt lat="38.67175" lon="23.54644">
				<ele>359.67</ele>
				<time>2026-08-24T18:00:03.267Z</time>
			</trkpt>
			<trkpt lat="38.67177" lon="23.54638">
				<ele>361.01</ele>
				<time>2026-08-24T18:00:03.747Z</time>
			</trkpt>
			<trkpt lat="38.67185" lon="23.54629">
				<ele>361.81</ele>
				<time>2026-08-24T18:00:04.751Z</time>
			</trkpt>
			<trkpt lat="38.672" lon="23.54625">
				<ele>360.77</ele>
				<time>2026-08-24T18:00:06.194Z</time>
			</trkpt>
			<trkpt lat="38.67215" lon="23.54627">
				<ele>358.52</ele>
				<time>2026-08-24T18:00:07.615Z</time>
			</trkpt>
			<trkpt lat="38.67258" lon="23.5465">
				<ele>350.81</ele>
				<time>2026-08-24T18:00:12.007Z</time>
			</trkpt>
			<trkpt lat="38.67286" lon="23.54662">
				<ele>346.46</ele>
				<time>2026-08-24T18:00:14.789Z</time>
			</trkpt>
			<trkpt lat="38.67311" lon="23.54668">
				<ele>343.48</ele>
				<time>2026-08-24T18:00:17.187Z</time>
			</trkpt>
			<trkpt lat="38.67323" lon="23.54671">
				<ele>343.02</ele>
				<time>2026-08-24T18:00:18.339Z</time>
			</trkpt>
			<trkpt lat="38.67342" lon="23.54671">
				<ele>342.26</ele>
				<time>2026-08-24T18:00:20.130Z</time>
			</trkpt>
			<trkpt lat="38.67363" lon="23.54668">
				<ele>341.06</ele>
				<time>2026-08-24T18:00:22.122Z</time>
			</trkpt>
			<trkpt lat="38.67381" lon="23.54661">
				<ele>340.16</ele>
				<time>2026-08-24T18:00:23.895Z</time>
			</trkpt>
			<trkpt lat="38.67407" lon="23.5464">
				<ele>341.56</ele>
				<time>2026-08-24T18:00:26.793Z</time>
			</trkpt>
			<trkpt lat="38.6742" lon="23.54624">
				<ele>343.76</ele>
				<time>2026-08-24T18:00:28.492Z</time>
			</trkpt>
			<trkpt lat="38.67426" lon="23.54618">
				<ele>344.62</ele>
				<time>2026-08-24T18:00:29.210Z</time>
			</trkpt>
			<trkpt lat="38.67491" lon="23.54596">
				<ele>338.16</ele>
				<time>2026-08-24T18:00:35.549Z</time>
			</trkpt>
			<trkpt lat="38.67504" lon="23.54587">
				<ele>337.01</ele>
				<time>2026-08-24T18:00:36.942Z</time>
			</trkpt>
			<trkpt lat="38.67537" lon="23.54553">
				<ele>335.96</ele>
				<time>2026-08-24T18:00:40.936Z</time>
			</trkpt>
			<trkpt lat="38.67556" lon="23.54538">
				<ele>334.33</ele>
				<time>2026-08-24T18:00:43.041Z</time>
			</trkpt>
			<trkpt lat="38.67569" lon="23.5453">
				<ele>333.1</ele>
				<time>2026-08-24T18:00:44.401Z</time>
			</trkpt>
			<trkpt lat="38.67603" lon="23.54517">
				<ele>328.5</ele>
				<time>2026-08-24T18:00:47.748Z</time>
			</trkpt>
			<trkpt lat="38.67621" lon="23.54508">
				<ele>325.66</ele>
				<time>2026-08-24T18:00:49.571Z</time>
			</trkpt>
			<trkpt lat="38.67641" lon="23.54493">
				<ele>322.7</ele>
				<time>2026-08-24T18:00:51.757Z</time>
			</trkpt>
			<trkpt lat="38.67655" lon="23.54476">
				<ele>321.19</ele>
				<time>2026-08-24T18:00:53.577Z</time>
			</trkpt>
			<trkpt lat="38.67675" lon="23.54437">
				<ele>324.1</ele>
				<time>2026-08-24T18:00:57.014Z</time>
			</trkpt>
			<trkpt lat="38.67682" lon="23.54429">
				<ele>323.85</ele>
				<time>2026-08-24T18:00:57.899Z</time>
			</trkpt>
			<trkpt lat="38.6772" lon="23.54392">
				<ele>317.76</ele>
				<time>2026-08-24T18:01:02.403Z</time>
			</trkpt>
			<trkpt lat="38.67737" lon="23.54381">
				<ele>316.47</ele>
				<time>2026-08-24T18:01:04.200Z</time>
			</trkpt>
			<trkpt lat="38.67756" lon="23.54372">
				<ele>314.37</ele>
				<time>2026-08-24T18:01:06.112Z</time>
			</trkpt>
			<trkpt lat="38.67771" lon="23.54359">
				<ele>313.85</ele>
				<time>2026-08-24T18:01:07.821Z</time>
			</trkpt>
			<trkpt lat="38.67778" lon="23.54348">
				<ele>314.37</ele>
				<time>2026-08-24T18:01:08.867Z</time>
			</trkpt>
			<trkpt lat="38.67801" lon="23.54299">
				<ele>310.8</ele>
				<time>2026-08-24T18:01:13.080Z</time>
			</trkpt>
			<trkpt lat="38.67807" lon="23.5429">
				<ele>308.24</ele>
				<time>2026-08-24T18:01:13.952Z</time>
			</trkpt>
			<trkpt lat="38.67815" lon="23.54283">
				<ele>307.31</ele>
				<time>2026-08-24T18:01:14.866Z</time>
			</trkpt>
			<trkpt lat="38.67823" lon="23.54279">
				<ele>306.62</ele>
				<time>2026-08-24T18:01:15.677Z</time>
			</trkpt>
			<trkpt lat="38.67833" lon="23.54278">
				<ele>305.98</ele>
				<time>2026-08-24T18:01:16.624Z</time>
			</trkpt>
			<trkpt lat="38.67879" lon="23.54288">
				<ele>304.75</ele>
				<time>2026-08-24T18:01:21.029Z</time>
			</trkpt>
			<trkpt lat="38.67905" lon="23.54288">
				<ele>300.81</ele>
				<time>2026-08-24T18:01:23.484Z</time>
			</trkpt>
			<trkpt lat="38.68029" lon="23.5425">
				<ele>284.32</ele>
				<time>2026-08-24T18:01:35.525Z</time>
			</trkpt>
			<trkpt lat="38.6804" lon="23.54242">
				<ele>283.1</ele>
				<time>2026-08-24T18:01:36.720Z</time>
			</trkpt>
			<trkpt lat="38.68048" lon="23.5423">
				<ele>284.17</ele>
				<time>2026-08-24T18:01:37.884Z</time>
			</trkpt>
			<trkpt lat="38.68051" lon="23.54214">
				<ele>285.5</ele>
				<time>2026-08-24T18:01:39.097Z</time>
			</trkpt>
			<trkpt lat="38.6805" lon="23.54204">
				<ele>285.54</ele>
				<time>2026-08-24T18:01:39.841Z</time>
			</trkpt>
			<trkpt lat="38.68046" lon="23.54193">
				<ele>286.1</ele>
				<time>2026-08-24T18:01:40.736Z</time>
			</trkpt>
			<trkpt lat="38.68036" lon="23.54178">
				<ele>287.54</ele>
				<time>2026-08-24T18:01:42.191Z</time>
			</trkpt>
			<trkpt lat="38.68027" lon="23.5417">
				<ele>289.28</ele>
				<time>2026-08-24T18:01:43.226Z</time>
			</trkpt>
			<trkpt lat="38.68015" lon="23.54163">
				<ele>287.79</ele>
				<time>2026-08-24T18:01:44.471Z</time>
			</trkpt>
			<trkpt lat="38.67995" lon="23.54161">
				<ele>286.69</ele>
				<time>2026-08-24T18:01:46.367Z</time>
			</trkpt>
			<trkpt lat="38.67956" lon="23.54169">
				<ele>289.59</ele>
				<time>2026-08-24T18:01:50.099Z</time>
			</trkpt>
			<trkpt lat="38.67942" lon="23.54169">
				<ele>288.71</ele>
				<time>2026-08-24T18:01:51.422Z</time>
			</trkpt>
			<trkpt lat="38.67933" lon="23.54165">
				<ele>287.72</ele>
				<time>2026-08-24T18:01:52.323Z</time>
			</trkpt>
			<trkpt lat="38.67893" lon="23.54137">
				<ele>279.79</ele>
				<time>2026-08-24T18:01:56.631Z</time>
			</trkpt>
			<trkpt lat="38.67885" lon="23.54134">
				<ele>278.9</ele>
				<time>2026-08-24T18:01:57.419Z</time>
			</trkpt>
			<trkpt lat="38.67823" lon="23.54135">
				<ele>284.48</ele>
				<time>2026-08-24T18:02:03.281Z</time>
			</trkpt>
			<trkpt lat="38.67807" lon="23.54132">
				<ele>286.25</ele>
				<time>2026-08-24T18:02:04.810Z</time>
			</trkpt>
			<trkpt lat="38.67719" lon="23.54079">
				<ele>273.62</ele>
				<time>2026-08-24T18:02:14.006Z</time>
			</trkpt>
			<trkpt lat="38.67694" lon="23.54069">
				<ele>269.52</ele>
				<time>2026-08-24T18:02:16.483Z</time>
			</trkpt>
			<trkpt lat="38.67674" lon="23.54066">
				<ele>265.33</ele>
				<time>2026-08-24T18:02:18.388Z</time>
			</trkpt>
			<trkpt lat="38.67645" lon="23.5407">
				<ele>266.67</ele>
				<time>2026-08-24T18:02:21.147Z</time>
			</trkpt>
			<trkpt lat="38.67625" lon="23.54068">
				<ele>269</ele>
				<time>2026-08-24T18:02:23.045Z</time>
			</trkpt>
			<trkpt lat="38.67615" lon="23.54065">
				<ele>269.15</ele>
				<time>2026-08-24T18:02:24.017Z</time>
			</trkpt>
			<trkpt lat="38.67599" lon="23.54055">
				<ele>268.06</ele>
				<time>2026-08-24T18:02:25.701Z</time>
			</trkpt>
			<trkpt lat="38.67579" lon="23.54038">
				<ele>266.71</ele>
				<time>2026-08-24T18:02:27.973Z</time>
			</trkpt>
			<trkpt lat="38.67554" lon="23.5401">
				<ele>263.47</ele>
				<time>2026-08-24T18:02:31.116Z</time>
			</trkpt>
			<trkpt lat="38.67545" lon="23.53993">
				<ele>260.96</ele>
				<time>2026-08-24T18:02:32.633Z</time>
			</trkpt>
			<trkpt lat="38.67542" lon="23.53971">
				<ele>256.73</ele>
				<time>2026-08-24T18:02:34.284Z</time>
			</trkpt>
			<trkpt lat="38.67544" lon="23.53946">
				<ele>254.97</ele>
				<time>2026-08-24T18:02:36.141Z</time>
			</trkpt>
			<trkpt lat="38.67549" lon="23.53934">
				<ele>256.54</ele>
				<time>2026-08-24T18:02:37.146Z</time>
			</trkpt>
			<trkpt lat="38.67557" lon="23.53925">
				<ele>258.73</ele>
				<time>2026-08-24T18:02:38.154Z</time>
			</trkpt>
			<trkpt lat="38.67561" lon="23.53923">
				<ele>259.07</ele>
				<time>2026-08-24T18:02:38.560Z</time>
			</trkpt>
			<trkpt lat="38.6757" lon="23.53922">
				<ele>259.16</ele>
				<time>2026-08-24T18:02:39.416Z</time>
			</trkpt>
			<trkpt lat="38.67581" lon="23.53925">
				<ele>258.7</ele>
				<time>2026-08-24T18:02:40.480Z</time>
			</trkpt>
			<trkpt lat="38.6762" lon="23.53945">
				<ele>253.55</ele>
				<time>2026-08-24T18:02:44.458Z</time>
			</trkpt>
			<trkpt lat="38.67636" lon="23.53951">
				<ele>252.3</ele>
				<time>2026-08-24T18:02:46.037Z</time>
			</trkpt>
			<trkpt lat="38.67654" lon="23.53955">
				<ele>252.07</ele>
				<time>2026-08-24T18:02:47.767Z</time>
			</trkpt>
			<trkpt lat="38.67673" lon="23.53954">
				<ele>252.44</ele>
				<time>2026-08-24T18:02:49.568Z</time>
			</trkpt>
			<trkpt lat="38.67733" lon="23.53944">
				<ele>250.53</ele>
				<time>2026-08-24T18:02:55.299Z</time>
			</trkpt>
			<trkpt lat="38.67765" lon="23.53945">
				<ele>252.57</ele>
				<time>2026-08-24T18:02:58.332Z</time>
			</trkpt>
			<trkpt lat="38.67778" lon="23.5395">
				<ele>252.36</ele>
				<time>2026-08-24T18:02:59.618Z</time>
			</trkpt>
			<trkpt lat="38.67819" lon="23.5398">
				<ele>245.17</ele>
				<time>2026-08-24T18:03:04.092Z</time>
			</trkpt>
			<trkpt lat="38.67838" lon="23.53988">
				<ele>243.48</ele>
				<time>2026-08-24T18:03:05.987Z</time>
			</trkpt>
			<trkpt lat="38.67855" lon="23.53992">
				<ele>241.98</ele>
				<time>2026-08-24T18:03:07.625Z</time>
			</trkpt>
			<trkpt lat="38.67895" lon="23.53987">
				<ele>238.57</ele>
				<time>2026-08-24T18:03:11.435Z</time>
			</trkpt>
			<trkpt lat="38.67986" lon="23.53986">
				<ele>233.44</ele>
				<time>2026-08-24T18:03:20.063Z</time>
			</trkpt>
			<trkpt lat="38.68078" lon="23.53968">
				<ele>229.12</ele>
				<time>2026-08-24T18:03:28.890Z</time>
			</trkpt>
			<trkpt lat="38.68088" lon="23.53969">
				<ele>227.61</ele>
				<time>2026-08-24T18:03:29.842Z</time>
			</trkpt>
			<trkpt lat="38.68096" lon="23.53974">
				<ele>226</ele>
				<time>2026-08-24T18:03:30.686Z</time>
			</trkpt>
			<trkpt lat="38.68122" lon="23.53995">
				<ele>223.75</ele>
				<time>2026-08-24T18:03:33.602Z</time>
			</trkpt>
			<trkpt lat="38.68144" lon="23.54008">
				<ele>223.48</ele>
				<time>2026-08-24T18:03:35.901Z</time>
			</trkpt>
			<trkpt lat="38.68163" lon="23.54015">
				<ele>225.67</ele>
				<time>2026-08-24T18:03:37.778Z</time>
			</trkpt>
			<trkpt lat="38.68189" lon="23.54017">
				<ele>226.52</ele>
				<time>2026-08-24T18:03:40.250Z</time>
			</trkpt>
			<trkpt lat="38.6821" lon="23.54014">
				<ele>224.04</ele>
				<time>2026-08-24T18:03:42.255Z</time>
			</trkpt>
			<trkpt lat="38.68292" lon="23.53991">
				<ele>216.58</ele>
				<time>2026-08-24T18:03:50.225Z</time>
			</trkpt>
			<trkpt lat="38.68308" lon="23.53982">
				<ele>217.7</ele>
				<time>2026-08-24T18:03:51.884Z</time>
			</trkpt>
			<trkpt lat="38.68326" lon="23.5396">
				<ele>220.96</ele>
				<time>2026-08-24T18:03:54.247Z</time>
			</trkpt>
			<trkpt lat="38.68476" lon="23.53729">
				<ele>212.21</ele>
				<time>2026-08-24T18:04:16.534Z</time>
			</trkpt>
			<trkpt lat="38.68491" lon="23.537">
				<ele>212.39</ele>
				<time>2026-08-24T18:04:19.116Z</time>
			</trkpt>
			<trkpt lat="38.68511" lon="23.53654">
				<ele>212.04</ele>
				<time>2026-08-24T18:04:23.025Z</time>
			</trkpt>
			<trkpt lat="38.68526" lon="23.53623">
				<ele>212.17</ele>
				<time>2026-08-24T18:04:25.733Z</time>
			</trkpt>
			<trkpt lat="38.68571" lon="23.53562">
				<ele>209.72</ele>
				<time>2026-08-24T18:04:31.965Z</time>
			</trkpt>
			<trkpt lat="38.68597" lon="23.53515">
				<ele>202.59</ele>
				<time>2026-08-24T18:04:36.244Z</time>
			</trkpt>
			<trkpt lat="38.68609" lon="23.53502">
				<ele>201.4</ele>
				<time>2026-08-24T18:04:37.739Z</time>
			</trkpt>
			<trkpt lat="38.68639" lon="23.53477">
				<ele>206.55</ele>
				<time>2026-08-24T18:04:41.146Z</time>
			</trkpt>
			<trkpt lat="38.68662" lon="23.5345">
				<ele>205.51</ele>
				<time>2026-08-24T18:04:44.116Z</time>
			</trkpt>
			<trkpt lat="38.68669" lon="23.53437">
				<ele>203.52</ele>
				<time>2026-08-24T18:04:45.289Z</time>
			</trkpt>
			<trkpt lat="38.68677" lon="23.53403">
				<ele>198.57</ele>
				<time>2026-08-24T18:04:47.928Z</time>
			</trkpt>
			<trkpt lat="38.68684" lon="23.5339">
				<ele>197.08</ele>
				<time>2026-08-24T18:04:49.102Z</time>
			</trkpt>
			<trkpt lat="38.68691" lon="23.5338">
				<ele>196.84</ele>
				<time>2026-08-24T18:04:50.101Z</time>
			</trkpt>
			<trkpt lat="38.68713" lon="23.53362">
				<ele>204.25</ele>
				<time>2026-08-24T18:04:52.587Z</time>
			</trkpt>
			<trkpt lat="38.6872" lon="23.53354">
				<ele>205.19</ele>
				<time>2026-08-24T18:04:53.480Z</time>
			</trkpt>
			<trkpt lat="38.68726" lon="23.53338">
				<ele>204.05</ele>
				<time>2026-08-24T18:04:54.800Z</time>
			</trkpt>
			<trkpt lat="38.6873" lon="23.53303">
				<ele>196</ele>
				<time>2026-08-24T18:04:57.430Z</time>
			</trkpt>
			<trkpt lat="38.68732" lon="23.5329">
				<ele>193.86</ele>
				<time>2026-08-24T18:04:58.416Z</time>
			</trkpt>
			<trkpt lat="38.6874" lon="23.53269">
				<ele>190.73</ele>
				<time>2026-08-24T18:05:00.154Z</time>
			</trkpt>
			<trkpt lat="38.68746" lon="23.53259">
				<ele>188.92</ele>
				<time>2026-08-24T18:05:01.092Z</time>
			</trkpt>
			<trkpt lat="38.6877" lon="23.53231">
				<ele>184.82</ele>
				<time>2026-08-24T18:05:04.185Z</time>
			</trkpt>
			<trkpt lat="38.68816" lon="23.53187">
				<ele>183.94</ele>
				<time>2026-08-24T18:05:09.657Z</time>
			</trkpt>
			<trkpt lat="38.68847" lon="23.53153">
				<ele>187.36</ele>
				<time>2026-08-24T18:05:13.547Z</time>
			</trkpt>
			<trkpt lat="38.68858" lon="23.53148">
				<ele>188.27</ele>
				<time>2026-08-24T18:05:14.660Z</time>
			</trkpt>
			<trkpt lat="38.68913" lon="23.53132">
				<ele>179.29</ele>
				<time>2026-08-24T18:05:20.039Z</time>
			</trkpt>
			<trkpt lat="38.6893" lon="23.53123">
				<ele>177.65</ele>
				<time>2026-08-24T18:05:21.794Z</time>
			</trkpt>
			<trkpt lat="38.68976" lon="23.53089">
				<ele>179.32</ele>
				<time>2026-08-24T18:05:26.860Z</time>
			</trkpt>
			<trkpt lat="38.69003" lon="23.53073">
				<ele>179.43</ele>
				<time>2026-08-24T18:05:29.699Z</time>
			</trkpt>
			<trkpt lat="38.69034" lon="23.53067">
				<ele>177.34</ele>
				<time>2026-08-24T18:05:32.691Z</time>
			</trkpt>
			<trkpt lat="38.69107" lon="23.53068">
				<ele>169.45</ele>
				<time>2026-08-24T18:05:39.661Z</time>
			</trkpt>
			<trkpt lat="38.6912" lon="23.53066">
				<ele>169.1</ele>
				<time>2026-08-24T18:05:40.911Z</time>
			</trkpt>
			<trkpt lat="38.69149" lon="23.53057">
				<ele>166.26</ele>
				<time>2026-08-24T18:05:43.761Z</time>
			</trkpt>
			<trkpt lat="38.69182" lon="23.53042">
				<ele>161.16</ele>
				<time>2026-08-24T18:05:47.106Z</time>
			</trkpt>
			<trkpt lat="38.69211" lon="23.53026">
				<ele>153.72</ele>
				<time>2026-08-24T18:05:50.122Z</time>
			</trkpt>
			<trkpt lat="38.69223" lon="23.53017">
				<ele>150.9</ele>
				<time>2026-08-24T18:05:51.451Z</time>
			</trkpt>
			<trkpt lat="38.69285" lon="23.52959">
				<ele>146.72</ele>
				<time>2026-08-24T18:05:58.787Z</time>
			</trkpt>
			<trkpt lat="38.69294" lon="23.52946">
				<ele>146.21</ele>
				<time>2026-08-24T18:06:00.084Z</time>
			</trkpt>
			<trkpt lat="38.69299" lon="23.52929">
				<ele>146.93</ele>
				<time>2026-08-24T18:06:01.439Z</time>
			</trkpt>
			<trkpt lat="38.69297" lon="23.52846">
				<ele>156.77</ele>
				<time>2026-08-24T18:06:07.637Z</time>
			</trkpt>
			<trkpt lat="38.69301" lon="23.52817">
				<ele>161.24</ele>
				<time>2026-08-24T18:06:09.836Z</time>
			</trkpt>
			<trkpt lat="38.69323" lon="23.52759">
				<ele>160.94</ele>
				<time>2026-08-24T18:06:14.651Z</time>
			</trkpt>
			<trkpt lat="38.69338" lon="23.52729">
				<ele>161.96</ele>
				<time>2026-08-24T18:06:17.311Z</time>
			</trkpt>
			<trkpt lat="38.69364" lon="23.5269">
				<ele>159.66</ele>
				<time>2026-08-24T18:06:21.143Z</time>
			</trkpt>
			<trkpt lat="38.69378" lon="23.52672">
				<ele>158.01</ele>
				<time>2026-08-24T18:06:23.041Z</time>
			</trkpt>
			<trkpt lat="38.69468" lon="23.52584">
				<ele>141.13</ele>
				<time>2026-08-24T18:06:33.883Z</time>
			</trkpt>
			<trkpt lat="38.69497" lon="23.52558">
				<ele>128.64</ele>
				<time>2026-08-24T18:06:37.274Z</time>
			</trkpt>
			<trkpt lat="38.69509" lon="23.52544">
				<ele>132.01</ele>
				<time>2026-08-24T18:06:38.829Z</time>
			</trkpt>
			<trkpt lat="38.69553" lon="23.52476">
				<ele>137.3</ele>
				<time>2026-08-24T18:06:45.436Z</time>
			</trkpt>
			<trkpt lat="38.69589" lon="23.52432">
				<ele>146.48</ele>
				<time>2026-08-24T18:06:50.206Z</time>
			</trkpt>
			<trkpt lat="38.696" lon="23.52424">
				<ele>143.9</ele>
				<time>2026-08-24T18:06:51.419Z</time>
			</trkpt>
			<trkpt lat="38.69625" lon="23.52412">
				<ele>138.03</ele>
				<time>2026-08-24T18:06:53.979Z</time>
			</trkpt>
			<trkpt lat="38.69643" lon="23.52408">
				<ele>134.6</ele>
				<time>2026-08-24T18:06:55.731Z</time>
			</trkpt>
			<trkpt lat="38.69706" lon="23.52403">
				<ele>143.84</ele>
				<time>2026-08-24T18:07:01.787Z</time>
			</trkpt>
			<trkpt lat="38.69733" lon="23.52402">
				<ele>142.88</ele>
				<time>2026-08-24T18:07:04.379Z</time>
			</trkpt>
			<trkpt lat="38.69775" lon="23.52405">
				<ele>136.1</ele>
				<time>2026-08-24T18:07:08.417Z</time>
			</trkpt>
			<trkpt lat="38.6979" lon="23.52403">
				<ele>131.13</ele>
				<time>2026-08-24T18:07:09.865Z</time>
			</trkpt>
			<trkpt lat="38.69801" lon="23.52398">
				<ele>126.39</ele>
				<time>2026-08-24T18:07:10.985Z</time>
			</trkpt>
			<trkpt lat="38.69842" lon="23.52371">
				<ele>120.87</ele>
				<time>2026-08-24T18:07:15.412Z</time>
			</trkpt>
			<trkpt lat="38.69852" lon="23.5236">
				<ele>121.43</ele>
				<time>2026-08-24T18:07:16.678Z</time>
			</trkpt>
			<trkpt lat="38.69858" lon="23.5235">
				<ele>122.3</ele>
				<time>2026-08-24T18:07:17.624Z</time>
			</trkpt>
			<trkpt lat="38.69862" lon="23.52336">
				<ele>123.01</ele>
				<time>2026-08-24T18:07:18.741Z</time>
			</trkpt>
			<trkpt lat="38.69864" lon="23.523">
				<ele>125.89</ele>
				<time>2026-08-24T18:07:21.447Z</time>
			</trkpt>
			<trkpt lat="38.69865" lon="23.52288">
				<ele>128.42</ele>
				<time>2026-08-24T18:07:22.352Z</time>
			</trkpt>
			<trkpt lat="38.69869" lon="23.52273">
				<ele>130.36</ele>
				<time>2026-08-24T18:07:23.541Z</time>
			</trkpt>
			<trkpt lat="38.69934" lon="23.52119">
				<ele>121.96</ele>
				<time>2026-08-24T18:07:36.677Z</time>
			</trkpt>
			<trkpt lat="38.69953" lon="23.51984">
				<ele>116.79</ele>
				<time>2026-08-24T18:07:46.977Z</time>
			</trkpt>
			<trkpt lat="38.69959" lon="23.5196">
				<ele>116.04</ele>
				<time>2026-08-24T18:07:48.870Z</time>
			</trkpt>
			<trkpt lat="38.70028" lon="23.51813">
				<ele>105.38</ele>
				<time>2026-08-24T18:08:01.762Z</time>
			</trkpt>
			<trkpt lat="38.70031" lon="23.51803">
				<ele>105.63</ele>
				<time>2026-08-24T18:08:02.568Z</time>
			</trkpt>
			<trkpt lat="38.70033" lon="23.51785">
				<ele>106.11</ele>
				<time>2026-08-24T18:08:03.935Z</time>
			</trkpt>
			<trkpt lat="38.70029" lon="23.51768">
				<ele>107.15</ele>
				<time>2026-08-24T18:08:05.270Z</time>
			</trkpt>
			<trkpt lat="38.70024" lon="23.51757">
				<ele>108.58</ele>
				<time>2026-08-24T18:08:06.228Z</time>
			</trkpt>
			<trkpt lat="38.69987" lon="23.5171">
				<ele>112.79</ele>
				<time>2026-08-24T18:08:11.250Z</time>
			</trkpt>
			<trkpt lat="38.69982" lon="23.517">
				<ele>112.41</ele>
				<time>2026-08-24T18:08:12.143Z</time>
			</trkpt>
			<trkpt lat="38.69979" lon="23.51686">
				<ele>111.06</ele>
				<time>2026-08-24T18:08:13.236Z</time>
			</trkpt>
			<trkpt lat="38.69977" lon="23.51663">
				<ele>107.97</ele>
				<time>2026-08-24T18:08:14.977Z</time>
			</trkpt>
			<trkpt lat="38.69978" lon="23.51651">
				<ele>107.87</ele>
				<time>2026-08-24T18:08:15.886Z</time>
			</trkpt>
			<trkpt lat="38.69984" lon="23.51634">
				<ele>107.7</ele>
				<time>2026-08-24T18:08:17.290Z</time>
			</trkpt>
			<trkpt lat="38.69994" lon="23.51621">
				<ele>108.18</ele>
				<time>2026-08-24T18:08:18.664Z</time>
			</trkpt>
			<trkpt lat="38.70002" lon="23.51616">
				<ele>108.66</ele>
				<time>2026-08-24T18:08:19.523Z</time>
			</trkpt>
			<trkpt lat="38.70016" lon="23.51611">
				<ele>109.59</ele>
				<time>2026-08-24T18:08:20.925Z</time>
			</trkpt>
			<trkpt lat="38.70043" lon="23.51609">
				<ele>113.04</ele>
				<time>2026-08-24T18:08:23.534Z</time>
			</trkpt>
			<trkpt lat="38.70053" lon="23.51611">
				<ele>113.58</ele>
				<time>2026-08-24T18:08:24.511Z</time>
			</trkpt>
			<trkpt lat="38.70125" lon="23.51641">
				<ele>113.3</ele>
				<time>2026-08-24T18:08:31.818Z</time>
			</trkpt>
			<trkpt lat="38.70136" lon="23.51644">
				<ele>112.93</ele>
				<time>2026-08-24T18:08:32.904Z</time>
			</trkpt>
			<trkpt lat="38.70148" lon="23.51646">
				<ele>113.68</ele>
				<time>2026-08-24T18:08:34.073Z</time>
			</trkpt>
			<trkpt lat="38.70192" lon="23.51642">
				<ele>117.53</ele>
				<time>2026-08-24T18:08:38.333Z</time>
			</trkpt>
			<trkpt lat="38.70212" lon="23.51647">
				<ele>117.43</ele>
				<time>2026-08-24T18:08:40.301Z</time>
			</trkpt>
			<trkpt lat="38.70225" lon="23.51654">
				<ele>116.43</ele>
				<time>2026-08-24T18:08:41.663Z</time>
			</trkpt>
			<trkpt lat="38.70256" lon="23.51681">
				<ele>112.3</ele>
				<time>2026-08-24T18:08:45.285Z</time>
			</trkpt>
			<trkpt lat="38.70267" lon="23.51688">
				<ele>111.29</ele>
				<time>2026-08-24T18:08:46.472Z</time>
			</trkpt>
			<trkpt lat="38.70342" lon="23.51709">
				<ele>105.77</ele>
				<time>2026-08-24T18:08:53.894Z</time>
			</trkpt>
			<trkpt lat="38.70361" lon="23.51717">
				<ele>102.37</ele>
				<time>2026-08-24T18:08:55.828Z</time>
			</trkpt>
			<trkpt lat="38.70418" lon="23.51749">
				<ele>104.08</ele>
				<time>2026-08-24T18:09:01.848Z</time>
			</trkpt>
			<trkpt lat="38.70455" lon="23.51762">
				<ele>103.76</ele>
				<time>2026-08-24T18:09:05.561Z</time>
			</trkpt>
			<trkpt lat="38.70596" lon="23.51792">
				<ele>106.83</ele>
				<time>2026-08-24T18:09:19.402Z</time>
			</trkpt>
			<trkpt lat="38.70619" lon="23.51791">
				<ele>105.93</ele>
				<time>2026-08-24T18:09:21.632Z</time>
			</trkpt>
			<trkpt lat="38.7065" lon="23.51785">
				<ele>103.3</ele>
				<time>2026-08-24T18:09:24.671Z</time>
			</trkpt>
			<trkpt lat="38.70742" lon="23.51771">
				<ele>97.12</ele>
				<time>2026-08-24T18:09:33.654Z</time>
			</trkpt>
			<trkpt lat="38.70771" lon="23.51756">
				<ele>97.96</ele>
				<time>2026-08-24T18:09:36.687Z</time>
			</trkpt>
			<trkpt lat="38.70796" lon="23.51736">
				<ele>98.23</ele>
				<time>2026-08-24T18:09:39.547Z</time>
			</trkpt>
			<trkpt lat="38.70873" lon="23.51666">
				<ele>101.04</ele>
				<time>2026-08-24T18:09:48.711Z</time>
			</trkpt>
			<trkpt lat="38.70893" lon="23.51643">
				<ele>106.11</ele>
				<time>2026-08-24T18:09:51.321Z</time>
			</trkpt>
			<trkpt lat="38.70904" lon="23.51634">
				<ele>107.47</ele>
				<time>2026-08-24T18:09:52.589Z</time>
			</trkpt>
			<trkpt lat="38.70927" lon="23.51622">
				<ele>108.06</ele>
				<time>2026-08-24T18:09:55.001Z</time>
			</trkpt>
			<trkpt lat="38.71002" lon="23.5159">
				<ele>110.69</ele>
				<time>2026-08-24T18:10:02.683Z</time>
			</trkpt>
			<trkpt lat="38.71025" lon="23.51587">
				<ele>108</ele>
				<time>2026-08-24T18:10:04.931Z</time>
			</trkpt>
			<trkpt lat="38.71151" lon="23.51587">
				<ele>97.19</ele>
				<time>2026-08-24T18:10:17.188Z</time>
			</trkpt>
			<trkpt lat="38.71167" lon="23.51585">
				<ele>96.44</ele>
				<time>2026-08-24T18:10:18.753Z</time>
			</trkpt>
			<trkpt lat="38.71244" lon="23.51562">
				<ele>94.84</ele>
				<time>2026-08-24T18:10:26.452Z</time>
			</trkpt>
			<trkpt lat="38.71271" lon="23.51557">
				<ele>91.05</ele>
				<time>2026-08-24T18:10:29.109Z</time>
			</trkpt>
			<trkpt lat="38.71279" lon="23.51557">
				<ele>89.75</ele>
				<time>2026-08-24T18:10:29.889Z</time>
			</trkpt>
			<trkpt lat="38.71288" lon="23.51561">
				<ele>89.01</ele>
				<time>2026-08-24T18:10:30.817Z</time>
			</trkpt>
			<trkpt lat="38.7135" lon="23.51602">
				<ele>82.56</ele>
				<time>2026-08-24T18:10:37.617Z</time>
			</trkpt>
			<trkpt lat="38.71365" lon="23.5161">
				<ele>82.22</ele>
				<time>2026-08-24T18:10:39.201Z</time>
			</trkpt>
			<trkpt lat="38.71384" lon="23.51617">
				<ele>82.6</ele>
				<time>2026-08-24T18:10:41.128Z</time>
			</trkpt>
			<trkpt lat="38.71422" lon="23.51628">
				<ele>80.48</ele>
				<time>2026-08-24T18:10:44.928Z</time>
			</trkpt>
			<trkpt lat="38.71547" lon="23.51655">
				<ele>78.22</ele>
				<time>2026-08-24T18:10:57.300Z</time>
			</trkpt>
			<trkpt lat="38.71715" lon="23.51696">
				<ele>74.97</ele>
				<time>2026-08-24T18:11:14.012Z</time>
			</trkpt>
			<trkpt lat="38.71811" lon="23.51716">
				<ele>74.95</ele>
				<time>2026-08-24T18:11:23.527Z</time>
			</trkpt>
			<trkpt lat="38.71841" lon="23.51718">
				<ele>74.87</ele>
				<time>2026-08-24T18:11:26.467Z</time>
			</trkpt>
			<trkpt lat="38.71853" lon="23.51718">
				<ele>74.87</ele>
				<time>2026-08-24T18:11:27.642Z</time>
			</trkpt>
			<trkpt lat="38.71881" lon="23.51714">
				<ele>76.2</ele>
				<time>2026-08-24T18:11:30.401Z</time>
			</trkpt>
			<trkpt lat="38.71894" lon="23.5171">
				<ele>77.01</ele>
				<time>2026-08-24T18:11:31.710Z</time>
			</trkpt>
			<trkpt lat="38.71926" lon="23.51696">
				<ele>78.76</ele>
				<time>2026-08-24T18:11:35.022Z</time>
			</trkpt>
			<trkpt lat="38.71966" lon="23.51662">
				<ele>76.46</ele>
				<time>2026-08-24T18:11:39.725Z</time>
			</trkpt>
			<trkpt lat="38.71978" lon="23.51648">
				<ele>75.02</ele>
				<time>2026-08-24T18:11:41.316Z</time>
			</trkpt>
			<trkpt lat="38.72035" lon="23.51566">
				<ele>74.72</ele>
				<time>2026-08-24T18:11:49.718Z</time>
			</trkpt>
			<trkpt lat="38.72045" lon="23.51549">
				<ele>75.24</ele>
				<time>2026-08-24T18:11:51.348Z</time>
			</trkpt>
			<trkpt lat="38.72064" lon="23.51502">
				<ele>75.38</ele>
				<time>2026-08-24T18:11:55.400Z</time>
			</trkpt>
			<trkpt lat="38.72082" lon="23.51455">
				<ele>73.83</ele>
				<time>2026-08-24T18:11:59.410Z</time>
			</trkpt>
			<trkpt lat="38.72091" lon="23.51427">
				<ele>71.93</ele>
				<time>2026-08-24T18:12:01.730Z</time>
			</trkpt>
			<trkpt lat="38.72098" lon="23.51396">
				<ele>69.71</ele>
				<time>2026-08-24T18:12:04.203Z</time>
			</trkpt>
			<trkpt lat="38.72114" lon="23.51289">
				<ele>71.58</ele>
				<time>2026-08-24T18:12:12.555Z</time>
			</trkpt>
			<trkpt lat="38.7213" lon="23.51216">
				<ele>71.08</ele>
				<time>2026-08-24T18:12:18.371Z</time>
			</trkpt>
			<trkpt lat="38.72157" lon="23.51115">
				<ele>68.83</ele>
				<time>2026-08-24T18:12:26.566Z</time>
			</trkpt>
			<trkpt lat="38.72168" lon="23.51086">
				<ele>69.13</ele>
				<time>2026-08-24T18:12:29.042Z</time>
			</trkpt>
			<trkpt lat="38.72179" lon="23.51064">
				<ele>70.29</ele>
				<time>2026-08-24T18:12:31.049Z</time>
			</trkpt>
			<trkpt lat="38.72204" lon="23.51024">
				<ele>70.94</ele>
				<time>2026-08-24T18:12:34.987Z</time>
			</trkpt>
			<trkpt lat="38.72221" lon="23.50992">
				<ele>70.02</ele>
				<time>2026-08-24T18:12:37.962Z</time>
			</trkpt>
			<trkpt lat="38.72245" lon="23.50933">
				<ele>70.05</ele>
				<time>2026-08-24T18:12:43.078Z</time>
			</trkpt>
			<trkpt lat="38.72262" lon="23.50899">
				<ele>69.55</ele>
				<time>2026-08-24T18:12:46.184Z</time>
			</trkpt>
			<trkpt lat="38.72326" lon="23.50804">
				<ele>70</ele>
				<time>2026-08-24T18:12:55.843Z</time>
			</trkpt>
			<trkpt lat="38.72438" lon="23.50675">
				<ele>69.55</ele>
				<time>2026-08-24T18:13:10.713Z</time>
			</trkpt>
			<trkpt lat="38.72454" lon="23.50652">
				<ele>68.31</ele>
				<time>2026-08-24T18:13:13.089Z</time>
			</trkpt>
			<trkpt lat="38.72465" lon="23.50628">
				<ele>67.05</ele>
				<time>2026-08-24T18:13:15.236Z</time>
			</trkpt>
			<trkpt lat="38.72481" lon="23.50581">
				<ele>65.33</ele>
				<time>2026-08-24T18:13:19.192Z</time>
			</trkpt>
			<trkpt lat="38.72493" lon="23.50556">
				<ele>64.44</ele>
				<time>2026-08-24T18:13:21.457Z</time>
			</trkpt>
			<trkpt lat="38.72503" lon="23.50541">
				<ele>64.27</ele>
				<time>2026-08-24T18:13:22.980Z</time>
			</trkpt>
			<trkpt lat="38.72533" lon="23.50504">
				<ele>64.51</ele>
				<time>2026-08-24T18:13:27.100Z</time>
			</trkpt>
			<trkpt lat="38.72637" lon="23.50392">
				<ele>67.88</ele>
				<time>2026-08-24T18:13:40.553Z</time>
			</trkpt>
			<trkpt lat="38.72655" lon="23.50376">
				<ele>66.97</ele>
				<time>2026-08-24T18:13:42.724Z</time>
			</trkpt>
			<trkpt lat="38.72675" lon="23.50363">
				<ele>65.62</ele>
				<time>2026-08-24T18:13:44.947Z</time>
			</trkpt>
			<trkpt lat="38.72782" lon="23.50311">
				<ele>66.78</ele>
				<time>2026-08-24T18:13:56.299Z</time>
			</trkpt>
			<trkpt lat="38.72858" lon="23.50261">
				<ele>63.37</ele>
				<time>2026-08-24T18:14:04.781Z</time>
			</trkpt>
			<trkpt lat="38.72885" lon="23.5024">
				<ele>61.88</ele>
				<time>2026-08-24T18:14:07.919Z</time>
			</trkpt>
			<trkpt lat="38.72903" lon="23.50223">
				<ele>61.83</ele>
				<time>2026-08-24T18:14:10.141Z</time>
			</trkpt>
			<trkpt lat="38.72915" lon="23.5021">
				<ele>62.38</ele>
				<time>2026-08-24T18:14:11.703Z</time>
			</trkpt>
			<trkpt lat="38.72924" lon="23.50195">
				<ele>63.3</ele>
				<time>2026-08-24T18:14:13.170Z</time>
			</trkpt>
			<trkpt lat="38.72982" lon="23.50088">
				<ele>62.05</ele>
				<time>2026-08-24T18:14:23.281Z</time>
			</trkpt>
			<trkpt lat="38.73101" lon="23.49906">
				<ele>57.62</ele>
				<time>2026-08-24T18:14:41.734Z</time>
			</trkpt>
			<trkpt lat="38.73229" lon="23.4972">
				<ele>59.05</ele>
				<time>2026-08-24T18:15:01.045Z</time>
			</trkpt>
			<trkpt lat="38.73318" lon="23.496">
				<ele>60</ele>
				<time>2026-08-24T18:15:13.957Z</time>
			</trkpt>
			<trkpt lat="38.73402" lon="23.49451">
				<ele>61.41</ele>
				<time>2026-08-24T18:15:28.313Z</time>
			</trkpt>
			<trkpt lat="38.7345" lon="23.49359">
				<ele>62.08</ele>
				<time>2026-08-24T18:15:36.967Z</time>
			</trkpt>
			<trkpt lat="38.73496" lon="23.49265">
				<ele>62.06</ele>
				<time>2026-08-24T18:15:45.650Z</time>
			</trkpt>
			<trkpt lat="38.73655" lon="23.49261">
				<ele>57.76</ele>
				<time>2026-08-24T18:16:01.615Z</time>
			</trkpt>
			<trkpt lat="38.73777" lon="23.49265">
				<ele>55.86</ele>
				<time>2026-08-24T18:16:13.631Z</time>
			</trkpt>
			<trkpt lat="38.73854" lon="23.49257">
				<ele>56.68</ele>
				<time>2026-08-24T18:16:21.072Z</time>
			</trkpt>
			<trkpt lat="38.73867" lon="23.49253">
				<ele>56.66</ele>
				<time>2026-08-24T18:16:22.347Z</time>
			</trkpt>
			<trkpt lat="38.73895" lon="23.49238">
				<ele>55.44</ele>
				<time>2026-08-24T18:16:25.230Z</time>
			</trkpt>
			<trkpt lat="38.73932" lon="23.49209">
				<ele>55.37</ele>
				<time>2026-08-24T18:16:29.319Z</time>
			</trkpt>
			<trkpt lat="38.74014" lon="23.49148">
				<ele>54.16</ele>
				<time>2026-08-24T18:16:38.142Z</time>
			</trkpt>
			<trkpt lat="38.74032" lon="23.49128">
				<ele>53.63</ele>
				<time>2026-08-24T18:16:40.335Z</time>
			</trkpt>
			<trkpt lat="38.74073" lon="23.49078">
				<ele>51.65</ele>
				<time>2026-08-24T18:16:45.510Z</time>
			</trkpt>
			<trkpt lat="38.74115" lon="23.49034">
				<ele>51.38</ele>
				<time>2026-08-24T18:16:50.425Z</time>
			</trkpt>
			<trkpt lat="38.74147" lon="23.49012">
				<ele>51.61</ele>
				<time>2026-08-24T18:16:53.693Z</time>
			</trkpt>
			<trkpt lat="38.74218" lon="23.4897">
				<ele>49.25</ele>
				<time>2026-08-24T18:17:00.672Z</time>
			</trkpt>
			<trkpt lat="38.74267" lon="23.48944">
				<ele>48.01</ele>
				<time>2026-08-24T18:17:05.365Z</time>
			</trkpt>
			<trkpt lat="38.74305" lon="23.48928">
				<ele>47.84</ele>
				<time>2026-08-24T18:17:08.884Z</time>
			</trkpt>
			<trkpt lat="38.7434" lon="23.48919">
				<ele>48.47</ele>
				<time>2026-08-24T18:17:12.012Z</time>
			</trkpt>
			<trkpt lat="38.74429" lon="23.48909">
				<ele>49.92</ele>
				<time>2026-08-24T18:17:19.790Z</time>
			</trkpt>
			<trkpt lat="38.74465" lon="23.48901">
				<ele>50.66</ele>
				<time>2026-08-24T18:17:22.953Z</time>
			</trkpt>
			<trkpt lat="38.74508" lon="23.48885">
				<ele>52.06</ele>
				<time>2026-08-24T18:17:26.817Z</time>
			</trkpt>
			<trkpt lat="38.74545" lon="23.48875">
				<ele>52.19</ele>
				<time>2026-08-24T18:17:30.070Z</time>
			</trkpt>
			<trkpt lat="38.74592" lon="23.48877">
				<ele>49.61</ele>
				<time>2026-08-24T18:17:34.106Z</time>
			</trkpt>
			<trkpt lat="38.7467" lon="23.48887">
				<ele>47.07</ele>
				<time>2026-08-24T18:17:40.813Z</time>
			</trkpt>
			<trkpt lat="38.74689" lon="23.48887">
				<ele>47.77</ele>
				<time>2026-08-24T18:17:42.435Z</time>
			</trkpt>
			<trkpt lat="38.74719" lon="23.48881">
				<ele>47.74</ele>
				<time>2026-08-24T18:17:45.026Z</time>
			</trkpt>
			<trkpt lat="38.74771" lon="23.4886">
				<ele>48.72</ele>
				<time>2026-08-24T18:17:49.674Z</time>
			</trkpt>
			<trkpt lat="38.74822" lon="23.4883">
				<ele>48.4</ele>
				<time>2026-08-24T18:17:54.455Z</time>
			</trkpt>
			<trkpt lat="38.74892" lon="23.48783">
				<ele>53.2</ele>
				<time>2026-08-24T18:18:01.188Z</time>
			</trkpt>
			<trkpt lat="38.74936" lon="23.48757">
				<ele>48.21</ele>
				<time>2026-08-24T18:18:05.321Z</time>
			</trkpt>
			<trkpt lat="38.74953" lon="23.48737">
				<ele>47.18</ele>
				<time>2026-08-24T18:18:07.291Z</time>
			</trkpt>
			<trkpt lat="38.74962" lon="23.48719">
				<ele>47.2</ele>
				<time>2026-08-24T18:18:08.715Z</time>
			</trkpt>
			<trkpt lat="38.74974" lon="23.48672">
				<ele>48.64</ele>
				<time>2026-08-24T18:18:12.014Z</time>
			</trkpt>
			<trkpt lat="38.74984" lon="23.48644">
				<ele>50.24</ele>
				<time>2026-08-24T18:18:14.071Z</time>
			</trkpt>
			<trkpt lat="38.75045" lon="23.4855">
				<ele>49.27</ele>
				<time>2026-08-24T18:18:22.268Z</time>
			</trkpt>
			<trkpt lat="38.75095" lon="23.48486">
				<ele>47.49</ele>
				<time>2026-08-24T18:18:28.375Z</time>
			</trkpt>
			<trkpt lat="38.75109" lon="23.48463">
				<ele>48.44</ele>
				<time>2026-08-24T18:18:30.349Z</time>
			</trkpt>
			<trkpt lat="38.75124" lon="23.48426">
				<ele>48.29</ele>
				<time>2026-08-24T18:18:33.178Z</time>
			</trkpt>
			<trkpt lat="38.75142" lon="23.4837">
				<ele>47.22</ele>
				<time>2026-08-24T18:18:37.304Z</time>
			</trkpt>
			<trkpt lat="38.75146" lon="23.48361">
				<ele>46.71</ele>
				<time>2026-08-24T18:18:38.012Z</time>
			</trkpt>
			<trkpt lat="38.75157" lon="23.48346">
				<ele>46.15</ele>
				<time>2026-08-24T18:18:39.420Z</time>
			</trkpt>
			<trkpt lat="38.7518" lon="23.48326">
				<ele>46.11</ele>
				<time>2026-08-24T18:18:41.864Z</time>
			</trkpt>
			<trkpt lat="38.75216" lon="23.48307">
				<ele>46.8</ele>
				<time>2026-08-24T18:18:45.301Z</time>
			</trkpt>
			<trkpt lat="38.75235" lon="23.48303">
				<ele>47.93</ele>
				<time>2026-08-24T18:18:47.007Z</time>
			</trkpt>
			<trkpt lat="38.75244" lon="23.48302">
				<ele>48.59</ele>
				<time>2026-08-24T18:18:47.809Z</time>
			</trkpt>
			<trkpt lat="38.75253" lon="23.48305">
				<ele>49.4</ele>
				<time>2026-08-24T18:18:48.635Z</time>
			</trkpt>
			<trkpt lat="38.75292" lon="23.48335">
				<ele>49.52</ele>
				<time>2026-08-24T18:18:52.692Z</time>
			</trkpt>
			<trkpt lat="38.75308" lon="23.48344">
				<ele>49.04</ele>
				<time>2026-08-24T18:18:54.257Z</time>
			</trkpt>
			<trkpt lat="38.7534" lon="23.48355">
				<ele>46.13</ele>
				<time>2026-08-24T18:18:57.236Z</time>
			</trkpt>
			<trkpt lat="38.75392" lon="23.48375">
				<ele>44.99</ele>
				<time>2026-08-24T18:19:02.151Z</time>
			</trkpt>
			<trkpt lat="38.75413" lon="23.4838">
				<ele>45.13</ele>
				<time>2026-08-24T18:19:04.096Z</time>
			</trkpt>
			<trkpt lat="38.75431" lon="23.48377">
				<ele>44.48</ele>
				<time>2026-08-24T18:19:05.755Z</time>
			</trkpt>
			<trkpt lat="38.75439" lon="23.48374">
				<ele>44.02</ele>
				<time>2026-08-24T18:19:06.518Z</time>
			</trkpt>
			<trkpt lat="38.7556" lon="23.483">
				<ele>46.83</ele>
				<time>2026-08-24T18:19:18.950Z</time>
			</trkpt>
			<trkpt lat="38.75576" lon="23.48294">
				<ele>47</ele>
				<time>2026-08-24T18:19:20.518Z</time>
			</trkpt>
			<trkpt lat="38.75679" lon="23.4827">
				<ele>44.57</ele>
				<time>2026-08-24T18:19:30.484Z</time>
			</trkpt>
			<trkpt lat="38.7573" lon="23.48253">
				<ele>44.34</ele>
				<time>2026-08-24T18:19:35.583Z</time>
			</trkpt>
			<trkpt lat="38.75749" lon="23.48245">
				<ele>43.65</ele>
				<time>2026-08-24T18:19:37.534Z</time>
			</trkpt>
			<trkpt lat="38.7576" lon="23.48238">
				<ele>43.94</ele>
				<time>2026-08-24T18:19:38.736Z</time>
			</trkpt>
			<trkpt lat="38.75931" lon="23.4811">
				<ele>42.94</ele>
				<time>2026-08-24T18:19:58.599Z</time>
			</trkpt>
			<trkpt lat="38.75955" lon="23.48088">
				<ele>42.1</ele>
				<time>2026-08-24T18:20:01.641Z</time>
			</trkpt>
			<trkpt lat="38.7597" lon="23.48074">
				<ele>42.84</ele>
				<time>2026-08-24T18:20:03.566Z</time>
			</trkpt>
			<trkpt lat="38.75986" lon="23.48055">
				<ele>43.5</ele>
				<time>2026-08-24T18:20:05.840Z</time>
			</trkpt>
			<trkpt lat="38.76083" lon="23.47928">
				<ele>41.41</ele>
				<time>2026-08-24T18:20:20.604Z</time>
			</trkpt>
			<trkpt lat="38.76097" lon="23.47915">
				<ele>42.49</ele>
				<time>2026-08-24T18:20:22.484Z</time>
			</trkpt>
			<trkpt lat="38.76114" lon="23.47906">
				<ele>43.25</ele>
				<time>2026-08-24T18:20:24.494Z</time>
			</trkpt>
			<trkpt lat="38.76132" lon="23.479">
				<ele>42.82</ele>
				<time>2026-08-24T18:20:26.537Z</time>
			</trkpt>
			<trkpt lat="38.76148" lon="23.47897">
				<ele>41.9</ele>
				<time>2026-08-24T18:20:28.322Z</time>
			</trkpt>
			<trkpt lat="38.76188" lon="23.47897">
				<ele>41.94</ele>
				<time>2026-08-24T18:20:32.772Z</time>
			</trkpt>
			<trkpt lat="38.762" lon="23.47893">
				<ele>42.54</ele>
				<time>2026-08-24T18:20:34.162Z</time>
			</trkpt>
			<trkpt lat="38.76217" lon="23.4788">
				<ele>43.63</ele>
				<time>2026-08-24T18:20:36.390Z</time>
			</trkpt>
			<trkpt lat="38.76226" lon="23.47869">
				<ele>44.15</ele>
				<time>2026-08-24T18:20:37.797Z</time>
			</trkpt>
			<trkpt lat="38.76232" lon="23.47858">
				<ele>44.25</ele>
				<time>2026-08-24T18:20:38.984Z</time>
			</trkpt>
			<trkpt lat="38.76244" lon="23.47827">
				<ele>44.63</ele>
				<time>2026-08-24T18:20:42.064Z</time>
			</trkpt>
			<trkpt lat="38.76256" lon="23.47806">
				<ele>46.22</ele>
				<time>2026-08-24T18:20:44.396Z</time>
			</trkpt>
			<trkpt lat="38.76265" lon="23.47799">
				<ele>46.99</ele>
				<time>2026-08-24T18:20:45.610Z</time>
			</trkpt>
			<trkpt lat="38.76276" lon="23.47794">
				<ele>47.74</ele>
				<time>2026-08-24T18:20:46.961Z</time>
			</trkpt>
			<trkpt lat="38.76338" lon="23.4778">
				<ele>45.36</ele>
				<time>2026-08-24T18:20:54.330Z</time>
			</trkpt>
			<trkpt lat="38.76373" lon="23.4777">
				<ele>43.84</ele>
				<time>2026-08-24T18:20:58.590Z</time>
			</trkpt>
			<trkpt lat="38.76422" lon="23.47763">
				<ele>38.85</ele>
				<time>2026-08-24T18:21:04.521Z</time>
			</trkpt>
			<trkpt lat="38.76501" lon="23.47765">
				<ele>42.22</ele>
				<time>2026-08-24T18:21:14.215Z</time>
			</trkpt>
			<trkpt lat="38.76514" lon="23.47768">
				<ele>42.16</ele>
				<time>2026-08-24T18:21:15.859Z</time>
			</trkpt>
			<trkpt lat="38.76527" lon="23.47774">
				<ele>42.55</ele>
				<time>2026-08-24T18:21:17.585Z</time>
			</trkpt>
			<trkpt lat="38.76586" lon="23.47818">
				<ele>41.09</ele>
				<time>2026-08-24T18:21:26.222Z</time>
			</trkpt>
			<trkpt lat="38.76598" lon="23.47823">
				<ele>42</ele>
				<time>2026-08-24T18:21:27.840Z</time>
			</trkpt>
			<trkpt lat="38.76629" lon="23.47825">
				<ele>44.47</ele>
				<time>2026-08-24T18:21:31.845Z</time>
			</trkpt>
			<trkpt lat="38.76644" lon="23.47821">
				<ele>44.93</ele>
				<time>2026-08-24T18:21:33.836Z</time>
			</trkpt>
			<trkpt lat="38.76659" lon="23.47813">
				<ele>43.78</ele>
				<time>2026-08-24T18:21:35.959Z</time>
			</trkpt>
			<trkpt lat="38.76673" lon="23.47799">
				<ele>42.22</ele>
				<time>2026-08-24T18:21:38.290Z</time>
			</trkpt>
			<trkpt lat="38.76711" lon="23.47738">
				<ele>39.79</ele>
				<time>2026-08-24T18:21:46.387Z</time>
			</trkpt>
			<trkpt lat="38.76736" lon="23.477">
				<ele>39.75</ele>
				<time>2026-08-24T18:21:51.625Z</time>
			</trkpt>
			<trkpt lat="38.7677" lon="23.47666">
				<ele>39.44</ele>
				<time>2026-08-24T18:21:57.528Z</time>
			</trkpt>
			<trkpt lat="38.76786" lon="23.47652">
				<ele>39.88</ele>
				<time>2026-08-24T18:22:00.207Z</time>
			</trkpt>
			<trkpt lat="38.76805" lon="23.47639">
				<ele>41.99</ele>
				<time>2026-08-24T18:22:03.205Z</time>
			</trkpt>
			<trkpt lat="38.76825" lon="23.4763">
				<ele>40.24</ele>
				<time>2026-08-24T18:22:06.176Z</time>
			</trkpt>
			<trkpt lat="38.7686" lon="23.47621">
				<ele>36.39</ele>
				<time>2026-08-24T18:22:11.227Z</time>
			</trkpt>
			<trkpt lat="38.76879" lon="23.47618">
				<ele>35.6</ele>
				<time>2026-08-24T18:22:13.959Z</time>
			</trkpt>
			<trkpt lat="38.76894" lon="23.47617">
				<ele>35.29</ele>
				<time>2026-08-24T18:22:16.116Z</time>
			</trkpt>
			<trkpt lat="38.76907" lon="23.47621">
				<ele>35.59</ele>
				<time>2026-08-24T18:22:18.044Z</time>
			</trkpt>
			<trkpt lat="38.7692" lon="23.47628">
				<ele>36.25</ele>
				<time>2026-08-24T18:22:20.086Z</time>
			</trkpt>
			<trkpt lat="38.76964" lon="23.47663">
				<ele>38.74</ele>
				<time>2026-08-24T18:22:27.668Z</time>
			</trkpt>
			<trkpt lat="38.7698" lon="23.47673">
				<ele>39.75</ele>
				<time>2026-08-24T18:22:30.304Z</time>
			</trkpt>
			<trkpt lat="38.76999" lon="23.47681">
				<ele>41.05</ele>
				<time>2026-08-24T18:22:33.284Z</time>
			</trkpt>
			<trkpt lat="38.7701" lon="23.47683">
				<ele>40.86</ele>
				<time>2026-08-24T18:22:34.949Z</time>
			</trkpt>
			<trkpt lat="38.77018" lon="23.47682">
				<ele>40.49</ele>
				<time>2026-08-24T18:22:36.157Z</time>
			</trkpt>
			<trkpt lat="38.77033" lon="23.47677">
				<ele>39.33</ele>
				<time>2026-08-24T18:22:38.495Z</time>
			</trkpt>
			<trkpt lat="38.77039" lon="23.477">
				<ele>39.51</ele>
				<time>2026-08-24T18:22:41.363Z</time>
			</trkpt>
			<trkpt lat="38.7704" lon="23.47714">
				<ele>39.6</ele>
				<time>2026-08-24T18:22:43.034Z</time>
			</trkpt>
			<trkpt lat="38.77039" lon="23.47728">
				<ele>39.54</ele>
				<time>2026-08-24T18:22:44.712Z</time>
			</trkpt>
			<trkpt lat="38.77029" lon="23.47764">
				<ele>38.39</ele>
				<time>2026-08-24T18:22:49.302Z</time>
			</trkpt>
			<trkpt lat="38.77023" lon="23.47775">
				<ele>38.68</ele>
				<time>2026-08-24T18:22:50.925Z</time>
			</trkpt>
			<trkpt lat="38.77017" lon="23.47782">
				<ele>39.37</ele>
				<time>2026-08-24T18:22:52.186Z</time>
			</trkpt>
			<trkpt lat="38.77002" lon="23.47795">
				<ele>41.59</ele>
				<time>2026-08-24T18:22:55.015Z</time>
			</trkpt>
			<trkpt lat="38.7693" lon="23.4783">
				<ele>40.55</ele>
				<time>2026-08-24T18:23:07.565Z</time>
			</trkpt>
			<trkpt lat="38.76924" lon="23.47835">
				<ele>40.72</ele>
				<time>2026-08-24T18:23:08.814Z</time>
			</trkpt>
			<trkpt lat="38.7692" lon="23.47841">
				<ele>40.85</ele>
				<time>2026-08-24T18:23:09.899Z</time>
			</trkpt>
			<trkpt lat="38.76917" lon="23.47851">
				<ele>40.95</ele>
				<time>2026-08-24T18:23:11.390Z</time>
			</trkpt>
			<trkpt lat="38.76918" lon="23.47876">
				<ele>41.4</ele>
				<time>2026-08-24T18:23:14.949Z</time>
			</trkpt>
			<trkpt lat="38.7693" lon="23.47919">
				<ele>39.52</ele>
				<time>2026-08-24T18:23:21.709Z</time>
			</trkpt>
			<trkpt lat="38.76928" lon="23.47937">
				<ele>39.67</ele>
				<time>2026-08-24T18:23:24.493Z</time>
			</trkpt>
			<trkpt lat="38.76923" lon="23.47952">
				<ele>40</ele>
				<time>2026-08-24T18:23:27.035Z</time>
			</trkpt>
			<trkpt lat="38.76885" lon="23.48042">
				<ele>46.29</ele>
				<time>2026-08-24T18:23:43.877Z</time>
			</trkpt>
			<trkpt lat="38.76857" lon="23.48118">
				<ele>47.51</ele>
				<time>2026-08-24T18:23:58.770Z</time>
			</trkpt>
			<trkpt lat="38.76831" lon="23.48172">
				<ele>48.43</ele>
				<time>2026-08-24T18:24:10.579Z</time>
			</trkpt>
			<trkpt lat="38.76829" lon="23.48187">
				<ele>48.28</ele>
				<time>2026-08-24T18:24:13.476Z</time>
			</trkpt>
			<trkpt lat="38.76829" lon="23.48195">
				<ele>47.89</ele>
				<time>2026-08-24T18:24:15.010Z</time>
			</trkpt>
			<trkpt lat="38.76832" lon="23.48204">
				<ele>47.44</ele>
				<time>2026-08-24T18:24:16.894Z</time>
			</trkpt>
			<trkpt lat="38.76877" lon="23.48277">
				<ele>48.38</ele>
				<time>2026-08-24T18:24:35.279Z</time>
			</trkpt>
			<trkpt lat="38.76883" lon="23.48288">
				<ele>48.65</ele>
				<time>2026-08-24T18:24:37.996Z</time>
			</trkpt>
			<trkpt lat="38.76888" lon="23.48308">
				<ele>48.99</ele>
				<time>2026-08-24T18:24:42.276Z</time>
			</trkpt>
			<trkpt lat="38.76887" lon="23.48334">
				<ele>49.17</ele>
				<time>2026-08-24T18:24:47.629Z</time>
			</trkpt>
			<trkpt lat="38.76884" lon="23.48342">
				<ele>49.18</ele>
				<time>2026-08-24T18:24:49.467Z</time>
			</trkpt>
			<trkpt lat="38.7688" lon="23.4835">
				<ele>49.44</ele>
				<time>2026-08-24T18:24:51.440Z</time>
			</trkpt>
			<trkpt lat="38.76866" lon="23.48366">
				<ele>51.09</ele>
				<time>2026-08-24T18:24:56.462Z</time>
			</trkpt>
			<trkpt lat="38.76852" lon="23.48385">
				<ele>52.92</ele>
				<time>2026-08-24T18:25:01.965Z</time>
			</trkpt>
			<trkpt lat="38.76849" lon="23.48396">
				<ele>53.69</ele>
				<time>2026-08-24T18:25:04.432Z</time>
			</trkpt>
			<trkpt lat="38.76847" lon="23.48411">
				<ele>54.42</ele>
				<time>2026-08-24T18:25:07.666Z</time>
			</trkpt>
			<trkpt lat="38.76848" lon="23.4843">
				<ele>55.6</ele>
				<time>2026-08-24T18:25:11.732Z</time>
			</trkpt>
			<trkpt lat="38.76851" lon="23.48445">
				<ele>56.76</ele>
				<time>2026-08-24T18:25:15.053Z</time>
			</trkpt>
			<trkpt lat="38.76862" lon="23.48483">
				<ele>59.86</ele>
				<time>2026-08-24T18:25:23.801Z</time>
			</trkpt>
			<trkpt lat="38.76869" lon="23.48541">
				<ele>63.58</ele>
				<time>2026-08-24T18:25:36.595Z</time>
			</trkpt>
			<trkpt lat="38.76872" lon="23.48556">
				<ele>63.23</ele>
				<time>2026-08-24T18:25:39.991Z</time>
			</trkpt>
			<trkpt lat="38.76877" lon="23.48574">
				<ele>63.63</ele>
				<time>2026-08-24T18:25:44.193Z</time>
			</trkpt>
			<trkpt lat="38.76883" lon="23.48588">
				<ele>63.7</ele>
				<time>2026-08-24T18:25:47.713Z</time>
			</trkpt>
			<trkpt lat="38.76909" lon="23.48645">
				<ele>68.11</ele>
				<time>2026-08-24T18:26:02.324Z</time>
			</trkpt>
			<trkpt lat="38.7691" lon="23.48655">
				<ele>69.65</ele>
				<time>2026-08-24T18:26:04.561Z</time>
			</trkpt>
			<trkpt lat="38.7691" lon="23.48665">
				<ele>71.4</ele>
				<time>2026-08-24T18:26:06.781Z</time>
			</trkpt>
			<trkpt lat="38.76902" lon="23.48693">
				<ele>74.99</ele>
				<time>2026-08-24T18:26:13.405Z</time>
			</trkpt>
			<trkpt lat="38.76901" lon="23.48715">
				<ele>76.76</ele>
				<time>2026-08-24T18:26:18.304Z</time>
			</trkpt>
			<trkpt lat="38.76904" lon="23.48741">
				<ele>78.85</ele>
				<time>2026-08-24T18:26:24.146Z</time>
			</trkpt>
			<trkpt lat="38.76907" lon="23.48751">
				<ele>79.56</ele>
				<time>2026-08-24T18:26:26.526Z</time>
			</trkpt>
			<trkpt lat="38.7692" lon="23.48777">
				<ele>81.14</ele>
				<time>2026-08-24T18:26:33.385Z</time>
			</trkpt>
			<trkpt lat="38.76925" lon="23.48802">
				<ele>85.5</ele>
				<time>2026-08-24T18:26:39.107Z</time>
			</trkpt>
			<trkpt lat="38.76923" lon="23.48808">
				<ele>86.5</ele>
				<time>2026-08-24T18:26:40.553Z</time>
			</trkpt>
			<trkpt lat="38.7692" lon="23.4881">
				<ele>86.88</ele>
				<time>2026-08-24T18:26:41.513Z</time>
			</trkpt>
			<trkpt lat="38.76911" lon="23.48812">
				<ele>87.72</ele>
				<time>2026-08-24T18:26:44.104Z</time>
			</trkpt>
			<trkpt lat="38.76905" lon="23.4881">
				<ele>87.81</ele>
				<time>2026-08-24T18:26:45.862Z</time>
			</trkpt>
			<trkpt lat="38.76896" lon="23.48801">
				<ele>86.93</ele>
				<time>2026-08-24T18:26:49.093Z</time>
			</trkpt>
			<trkpt lat="38.76881" lon="23.4877">
				<ele>84.95</ele>
				<time>2026-08-24T18:26:57.124Z</time>
			</trkpt>
			<trkpt lat="38.76857" lon="23.48737">
				<ele>85.76</ele>
				<time>2026-08-24T18:27:07.000Z</time>
			</trkpt>
			<trkpt lat="38.76847" lon="23.48726">
				<ele>86.91</ele>
				<time>2026-08-24T18:27:10.678Z</time>
			</trkpt>
			<trkpt lat="38.76805" lon="23.4869">
				<ele>90.44</ele>
				<time>2026-08-24T18:27:24.662Z</time>
			</trkpt>
			<trkpt lat="38.7679" lon="23.48673">
				<ele>92.06</ele>
				<time>2026-08-24T18:27:30.144Z</time>
			</trkpt>
			<trkpt lat="38.76718" lon="23.48578">
				<ele>100.55</ele>
				<time>2026-08-24T18:27:57.757Z</time>
			</trkpt>
			<trkpt lat="38.76709" lon="23.48572">
				<ele>101.55</ele>
				<time>2026-08-24T18:28:00.397Z</time>
			</trkpt>
			<trkpt lat="38.76704" lon="23.48573">
				<ele>101.99</ele>
				<time>2026-08-24T18:28:01.710Z</time>
			</trkpt>
			<trkpt lat="38.76699" lon="23.48577">
				<ele>102.44</ele>
				<time>2026-08-24T18:28:03.233Z</time>
			</trkpt>
			<trkpt lat="38.76696" lon="23.48583">
				<ele>102.77</ele>
				<time>2026-08-24T18:28:04.665Z</time>
			</trkpt>
			<trkpt lat="38.76695" lon="23.48591">
				<ele>103.45</ele>
				<time>2026-08-24T18:28:06.288Z</time>
			</trkpt>
			<trkpt lat="38.76696" lon="23.48602">
				<ele>104.05</ele>
				<time>2026-08-24T18:28:08.496Z</time>
			</trkpt>
			<trkpt lat="38.76699" lon="23.48613">
				<ele>104.19</ele>
				<time>2026-08-24T18:28:10.808Z</time>
			</trkpt>
			<trkpt lat="38.76709" lon="23.48639">
				<ele>103.46</ele>
				<time>2026-08-24T18:28:16.503Z</time>
			</trkpt>
			<trkpt lat="38.7672" lon="23.48663">
				<ele>104.82</ele>
				<time>2026-08-24T18:28:21.894Z</time>
			</trkpt>
			<trkpt lat="38.76742" lon="23.48705">
				<ele>106.03</ele>
				<time>2026-08-24T18:28:31.485Z</time>
			</trkpt>
			<trkpt lat="38.76762" lon="23.48731">
				<ele>107.29</ele>
				<time>2026-08-24T18:28:38.145Z</time>
			</trkpt>
			<trkpt lat="38.76773" lon="23.48751">
				<ele>109.98</ele>
				<time>2026-08-24T18:28:42.488Z</time>
			</trkpt>
			<trkpt lat="38.76793" lon="23.48837">
				<ele>116.63</ele>
				<time>2026-08-24T18:28:57.492Z</time>
			</trkpt>
			<trkpt lat="38.76796" lon="23.48862">
				<ele>119.14</ele>
				<time>2026-08-24T18:29:01.644Z</time>
			</trkpt>
			<trkpt lat="38.76794" lon="23.48883">
				<ele>121.66</ele>
				<time>2026-08-24T18:29:05.157Z</time>
			</trkpt>
			<trkpt lat="38.76774" lon="23.4894">
				<ele>126.83</ele>
				<time>2026-08-24T18:29:16.045Z</time>
			</trkpt>
			<trkpt lat="38.76773" lon="23.48957">
				<ele>128.13</ele>
				<time>2026-08-24T18:29:19.214Z</time>
			</trkpt>
			<trkpt lat="38.76775" lon="23.48976">
				<ele>129.18</ele>
				<time>2026-08-24T18:29:22.916Z</time>
			</trkpt>
			<trkpt lat="38.7678" lon="23.48995">
				<ele>130.21</ele>
				<time>2026-08-24T18:29:26.965Z</time>
			</trkpt>
			<trkpt lat="38.76785" lon="23.49002">
				<ele>130.52</ele>
				<time>2026-08-24T18:29:28.952Z</time>
			</trkpt>
			<trkpt lat="38.76793" lon="23.49005">
				<ele>130.14</ele>
				<time>2026-08-24T18:29:31.247Z</time>
			</trkpt>
			<trkpt lat="38.76801" lon="23.49004">
				<ele>129.05</ele>
				<time>2026-08-24T18:29:33.523Z</time>
			</trkpt>
			<trkpt lat="38.76808" lon="23.48999">
				<ele>127.97</ele>
				<time>2026-08-24T18:29:35.855Z</time>
			</trkpt>
			<trkpt lat="38.76818" lon="23.4898">
				<ele>126.59</ele>
				<time>2026-08-24T18:29:41.278Z</time>
			</trkpt>
			<trkpt lat="38.76828" lon="23.48973">
				<ele>126.12</ele>
				<time>2026-08-24T18:29:44.890Z</time>
			</trkpt>
			<trkpt lat="38.76835" lon="23.48973">
				<ele>125.99</ele>
				<time>2026-08-24T18:29:47.167Z</time>
			</trkpt>
			<trkpt lat="38.76843" lon="23.48978">
				<ele>125.86</ele>
				<time>2026-08-24T18:29:50.124Z</time>
			</trkpt>
			<trkpt lat="38.76854" lon="23.48991">
				<ele>126.88</ele>
				<time>2026-08-24T18:29:55.249Z</time>
			</trkpt>
			<trkpt lat="38.76859" lon="23.49">
				<ele>128.18</ele>
				<time>2026-08-24T18:29:58.286Z</time>
			</trkpt>
			<trkpt lat="38.76876" lon="23.49073">
				<ele>141.24</ele>
				<time>2026-08-24T18:30:20.806Z</time>
			</trkpt>
			<trkpt lat="38.76891" lon="23.49108">
				<ele>141.9</ele>
				<time>2026-08-24T18:30:33.618Z</time>
			</trkpt>
			<trkpt lat="38.76901" lon="23.49125">
				<ele>143.88</ele>
				<time>2026-08-24T18:30:40.702Z</time>
			</trkpt>
			<trkpt lat="38.76912" lon="23.4914">
				<ele>145.41</ele>
				<time>2026-08-24T18:30:47.709Z</time>
			</trkpt>
			<trkpt lat="38.76927" lon="23.49155">
				<ele>149.04</ele>
				<time>2026-08-24T18:30:56.196Z</time>
			</trkpt>
			<trkpt lat="38.76959" lon="23.49177">
				<ele>153.87</ele>
				<time>2026-08-24T18:31:12.909Z</time>
			</trkpt>
			<trkpt lat="38.76982" lon="23.49181">
				<ele>156.64</ele>
				<time>2026-08-24T18:31:23.907Z</time>
			</trkpt>
			<trkpt lat="38.76994" lon="23.49178">
				<ele>157.8</ele>
				<time>2026-08-24T18:31:29.789Z</time>
			</trkpt>
			<trkpt lat="38.77024" lon="23.49168">
				<ele>158.95</ele>
				<time>2026-08-24T18:31:44.941Z</time>
			</trkpt>
			<trkpt lat="38.77052" lon="23.49149">
				<ele>163.07</ele>
				<time>2026-08-24T18:32:00.731Z</time>
			</trkpt>
			<trkpt lat="38.77071" lon="23.4914">
				<ele>164.47</ele>
				<time>2026-08-24T18:32:10.959Z</time>
			</trkpt>
			<trkpt lat="38.77089" lon="23.49133">
				<ele>166.65</ele>
				<time>2026-08-24T18:32:20.531Z</time>
			</trkpt>
			<trkpt lat="38.77098" lon="23.49132">
				<ele>168.1</ele>
				<time>2026-08-24T18:32:25.149Z</time>
			</trkpt>
			<trkpt lat="38.77105" lon="23.49134">
				<ele>169.46</ele>
				<time>2026-08-24T18:32:28.824Z</time>
			</trkpt>
			<trkpt lat="38.77111" lon="23.49141">
				<ele>171.19</ele>
				<time>2026-08-24T18:32:32.988Z</time>
			</trkpt>
			<trkpt lat="38.77115" lon="23.4915">
				<ele>172.27</ele>
				<time>2026-08-24T18:32:37.141Z</time>
			</trkpt>
			<trkpt lat="38.77135" lon="23.49222">
				<ele>176.98</ele>
				<time>2026-08-24T18:33:07.904Z</time>
			</trkpt>
			<trkpt lat="38.77171" lon="23.49311">
				<ele>178.07</ele>
				<time>2026-08-24T18:33:48.026Z</time>
			</trkpt>
			<trkpt lat="38.7717" lon="23.49277">
				<ele>180.93</ele>
				<time>2026-08-24T18:34:01.424Z</time>
			</trkpt>
			<trkpt lat="38.77167" lon="23.49265">
				<ele>181.69</ele>
				<time>2026-08-24T18:34:06.344Z</time>
			</trkpt>
			<trkpt lat="38.77161" lon="23.4925">
				<ele>181.64</ele>
				<time>2026-08-24T18:34:12.885Z</time>
			</trkpt>
			<trkpt lat="38.77149" lon="23.49213">
				<ele>180.44</ele>
				<time>2026-08-24T18:34:28.219Z</time>
			</trkpt>
			<trkpt lat="38.77141" lon="23.49186">
				<ele>178.33</ele>
				<time>2026-08-24T18:34:39.057Z</time>
			</trkpt>
			<trkpt lat="38.77132" lon="23.49126">
				<ele>173.86</ele>
				<time>2026-08-24T18:35:01.301Z</time>
			</trkpt>
			<trkpt lat="38.77131" lon="23.49106">
				<ele>172.07</ele>
				<time>2026-08-24T18:35:08.494Z</time>
			</trkpt>
			<trkpt lat="38.77133" lon="23.49084">
				<ele>171.6</ele>
				<time>2026-08-24T18:35:16.444Z</time>
			</trkpt>
			<trkpt lat="38.77141" lon="23.49052">
				<ele>168.15</ele>
				<time>2026-08-24T18:35:28.505Z</time>
			</trkpt>
			<trkpt lat="38.77148" lon="23.49041">
				<ele>164.76</ele>
				<time>2026-08-24T18:35:33.601Z</time>
			</trkpt>
			<trkpt lat="38.77155" lon="23.49034">
				<ele>162.19</ele>
				<time>2026-08-24T18:35:37.687Z</time>
			</trkpt>
			<trkpt lat="38.77168" lon="23.49029">
				<ele>159.98</ele>
				<time>2026-08-24T18:35:43.935Z</time>
			</trkpt>
			<trkpt lat="38.77176" lon="23.49029">
				<ele>161.15</ele>
				<time>2026-08-24T18:35:47.617Z</time>
			</trkpt>
			<trkpt lat="38.77195" lon="23.49034">
				<ele>166.12</ele>
				<time>2026-08-24T18:35:56.546Z</time>
			</trkpt>
			<trkpt lat="38.77211" lon="23.49043">
				<ele>172.6</ele>
				<time>2026-08-24T18:36:04.589Z</time>
			</trkpt>
			<trkpt lat="38.7722" lon="23.49051">
				<ele>178.93</ele>
				<time>2026-08-24T18:36:09.630Z</time>
			</trkpt>
			<trkpt lat="38.77228" lon="23.49062">
				<ele>181.79</ele>
				<time>2026-08-24T18:36:15.029Z</time>
			</trkpt>
			<trkpt lat="38.77243" lon="23.49086">
				<ele>186.2</ele>
				<time>2026-08-24T18:36:26.068Z</time>
			</trkpt>
			<trkpt lat="38.77251" lon="23.49098">
				<ele>187.55</ele>
				<time>2026-08-24T18:36:31.735Z</time>
			</trkpt>
			<trkpt lat="38.77262" lon="23.4911">
				<ele>188.09</ele>
				<time>2026-08-24T18:36:38.383Z</time>
			</trkpt>
			<trkpt lat="38.77295" lon="23.49134">
				<ele>186.92</ele>
				<time>2026-08-24T18:36:55.846Z</time>
			</trkpt>
			<trkpt lat="38.77311" lon="23.49143">
				<ele>184.86</ele>
				<time>2026-08-24T18:37:03.889Z</time>
			</trkpt>
			<trkpt lat="38.77373" lon="23.49167">
				<ele>183.6</ele>
				<time>2026-08-24T18:37:33.702Z</time>
			</trkpt>
			<trkpt lat="38.77379" lon="23.49168">
				<ele>184.53</ele>
				<time>2026-08-24T18:37:36.487Z</time>
			</trkpt>
			<trkpt lat="38.77398" lon="23.49164">
				<ele>185.67</ele>
				<time>2026-08-24T18:37:45.351Z</time>
			</trkpt>
			<trkpt lat="38.77408" lon="23.49159">
				<ele>185.84</ele>
				<time>2026-08-24T18:37:50.292Z</time>
			</trkpt>
		</trkseg>
	</trk>
</gpx>